robot_id,ground_truth_m,sample_idx,time_sec,measured_dist_m,error_m,rssi_dbm,exchange_id
Robot 1,1.0,0,0.0,0.08,-0.92,-64.6,16
Robot 1,1.0,1,0.5,0.07,-0.9299999999999999,-64.4,26
Robot 1,1.0,2,1.0,0.1,-0.9,-64.5,35
Robot 1,1.0,3,1.5,0.1,-0.9,-65.2,44
Robot 1,1.0,4,2.0,0.12,-0.88,-65.0,54
Robot 1,1.0,5,2.5,0.13,-0.87,-64.1,63
Robot 1,1.0,6,3.0,0.16,-0.84,-64.2,73
Robot 1,1.0,7,3.5,0.16,-0.84,-63.5,82
Robot 1,1.0,8,4.0,0.16,-0.84,-65.2,92
Robot 1,1.0,9,4.5,0.18,-0.8200000000000001,-64.1,101
Robot 1,1.0,10,5.0,0.19,-0.81,-63.9,110
Robot 1,1.0,11,5.5,0.2,-0.8,-64.3,120
Robot 1,1.0,12,6.0,0.22,-0.78,-63.5,129
Robot 1,1.0,13,6.5,0.22,-0.78,-64.4,139
Robot 1,1.0,14,7.0,0.23,-0.77,-63.8,148
Robot 1,1.0,15,7.5,0.23,-0.77,-64.7,158
Robot 1,1.0,16,8.0,0.25,-0.75,-65.6,167
Robot 1,1.0,17,8.5,0.25,-0.75,-64.8,177
Robot 1,1.0,18,9.0,0.25,-0.75,-65.4,186
Robot 1,1.0,19,9.5,0.27,-0.73,-63.8,195
Robot 1,1.0,20,10.0,0.27,-0.73,-63.6,203
Robot 1,1.0,21,10.5,0.28,-0.72,-65.2,213
Robot 1,1.0,22,11.0,0.29,-0.71,-63.9,222
Robot 1,1.0,23,11.5,0.29,-0.71,-63.9,232
Robot 1,1.0,24,12.0,0.31,-0.69,-63.9,241
Robot 1,1.0,25,12.5,0.32,-0.6799999999999999,-64.6,250
Robot 1,1.0,26,13.0,0.34,-0.6599999999999999,-64.1,260
Robot 1,1.0,27,13.5,0.32,-0.6799999999999999,-63.4,269
Robot 1,1.0,28,14.0,0.35,-0.65,-63.8,279
Robot 1,1.0,29,14.5,0.35,-0.65,-63.1,288
Robot 1,1.0,30,15.0,0.37,-0.63,-63.8,298
Robot 1,1.0,31,15.5,0.37,-0.63,-63.8,307
Robot 1,1.0,32,16.0,0.36,-0.64,-63.5,316
Robot 1,1.0,33,16.5,0.38,-0.62,-63.9,326
Robot 1,1.0,34,17.0,0.4,-0.6,-63.0,335
Robot 1,1.0,35,17.5,0.39,-0.61,-63.9,345
Robot 1,1.0,36,18.0,0.4,-0.6,-64.0,354
Robot 1,1.0,37,18.5,0.41,-0.5900000000000001,-65.2,364
Robot 1,1.0,38,19.0,0.42,-0.5800000000000001,-63.7,373
Robot 1,1.0,39,19.5,0.42,-0.5800000000000001,-63.8,383
Robot 1,1.0,40,20.0,0.42,-0.5800000000000001,-64.0,392
Robot 1,1.0,41,20.5,0.43,-0.5700000000000001,-63.5,401
Robot 1,1.0,42,21.0,0.44,-0.56,-64.7,411
Robot 1,1.0,43,21.5,0.46,-0.54,-63.5,420
Robot 1,1.0,44,22.0,0.45,-0.55,-63.9,430
Robot 1,1.0,45,22.5,0.47,-0.53,-65.4,439
Robot 1,1.0,46,23.0,0.48,-0.52,-65.8,449
Robot 1,1.0,47,23.5,0.48,-0.52,-64.2,458
Robot 1,1.0,48,24.0,0.48,-0.52,-64.6,467
Robot 1,1.0,49,24.5,0.49,-0.51,-63.8,477
Robot 1,1.0,50,25.0,0.5,-0.5,-63.2,486
Robot 1,1.0,51,25.5,0.5,-0.5,-63.9,496
Robot 1,1.0,52,26.0,0.53,-0.47,-63.2,505
Robot 1,1.0,53,26.5,0.52,-0.48,-63.9,515
Robot 1,1.0,54,27.0,0.54,-0.45999999999999996,-65.4,524
Robot 1,1.0,55,27.5,0.55,-0.44999999999999996,-64.1,533
Robot 1,1.0,56,28.0,0.55,-0.44999999999999996,-65.2,543
Robot 1,1.0,57,28.5,0.56,-0.43999999999999995,-64.1,552
Robot 1,1.0,58,29.0,0.55,-0.44999999999999996,-64.0,562
Robot 1,1.0,59,29.5,0.54,-0.45999999999999996,-64.6,571
Robot 1,1.0,60,30.0,0.53,-0.47,-64.1,581
Robot 1,1.0,61,30.5,0.53,-0.47,-64.0,590
Robot 1,1.0,62,31.0,0.51,-0.49,-64.3,600
Robot 1,1.0,63,31.5,0.51,-0.49,-63.9,609
Robot 1,1.0,64,32.0,0.51,-0.49,-64.5,618
Robot 1,1.0,65,32.5,0.48,-0.52,-63.9,628
Robot 1,1.0,66,33.0,0.46,-0.54,-63.0,637
Robot 1,1.0,67,33.5,0.45,-0.55,-64.0,647
Robot 1,1.0,68,34.0,0.45,-0.55,-63.8,656
Robot 1,1.0,69,34.5,0.45,-0.55,-64.1,666
Robot 1,1.0,70,35.0,0.44,-0.56,-64.0,675
Robot 1,1.0,71,35.5,0.44,-0.56,-65.1,684
Robot 1,1.0,72,36.0,0.45,-0.55,-63.8,694
Robot 1,1.0,73,36.5,0.44,-0.56,-63.4,703
Robot 1,1.0,74,37.0,0.45,-0.55,-63.9,713
Robot 1,1.0,75,37.5,0.44,-0.56,-63.5,722
Robot 1,1.0,76,38.0,0.45,-0.55,-64.3,732
Robot 1,1.0,77,38.5,0.46,-0.54,-63.7,741
Robot 1,1.0,78,39.0,0.45,-0.55,-63.7,750
Robot 1,1.0,79,39.5,0.46,-0.54,-64.0,760
Robot 1,1.0,80,40.0,0.45,-0.55,-65.0,769
Robot 1,1.0,81,40.5,0.47,-0.53,-63.9,779
Robot 1,1.0,82,41.0,0.49,-0.51,-63.2,788
Robot 1,1.0,83,41.5,0.5,-0.5,-64.0,798
Robot 1,1.0,84,42.0,0.5,-0.5,-64.2,807
Robot 1,1.0,85,42.5,0.5,-0.5,-64.0,816
Robot 1,1.0,86,43.0,0.49,-0.51,-64.7,826
Robot 1,1.0,87,43.5,0.49,-0.51,-63.5,835
Robot 1,1.0,88,44.0,0.5,-0.5,-64.5,845
Robot 1,1.0,89,44.5,0.52,-0.48,-64.0,854
Robot 1,1.0,90,45.0,0.5,-0.5,-65.1,864
Robot 1,1.0,91,45.5,0.52,-0.48,-63.2,873
Robot 1,1.0,92,46.0,0.5,-0.5,-64.2,883
Robot 1,1.0,93,46.5,0.51,-0.49,-63.4,892
Robot 1,1.0,94,47.0,0.54,-0.45999999999999996,-64.3,901
Robot 1,1.0,95,47.5,0.53,-0.47,-63.6,911
Robot 1,1.0,96,48.0,0.51,-0.49,-63.2,920
Robot 1,1.0,97,48.5,0.53,-0.47,-63.7,930
Robot 1,1.0,98,49.0,0.52,-0.48,-63.1,939
Robot 1,1.0,99,49.5,0.53,-0.47,-64.5,949
Robot 1,1.0,100,50.0,0.54,-0.45999999999999996,-63.7,958
Robot 1,1.0,101,50.5,0.56,-0.43999999999999995,-63.4,967
Robot 1,1.0,102,51.0,0.54,-0.45999999999999996,-63.4,977
Robot 1,1.0,103,51.5,0.54,-0.45999999999999996,-63.5,986
Robot 1,1.0,104,52.0,0.54,-0.45999999999999996,-62.9,996
Robot 1,1.0,105,52.5,0.52,-0.48,-63.8,1005
Robot 1,1.0,106,53.0,0.56,-0.43999999999999995,-63.7,1015
Robot 1,1.0,107,53.5,0.56,-0.43999999999999995,-63.4,1024
Robot 1,1.0,108,54.0,0.56,-0.43999999999999995,-63.4,1033
Robot 1,1.0,109,54.5,0.57,-0.43000000000000005,-63.5,1043
Robot 1,1.0,110,55.0,0.56,-0.43999999999999995,-63.9,1052
Robot 1,1.0,111,55.5,0.58,-0.42000000000000004,-63.4,1062
Robot 1,1.0,112,56.0,0.57,-0.43000000000000005,-64.5,1071
Robot 1,1.0,113,56.5,0.57,-0.43000000000000005,-64.0,1081
Robot 1,1.0,114,57.0,0.58,-0.42000000000000004,-62.9,1090
Robot 1,1.0,115,57.5,0.58,-0.42000000000000004,-62.9,1100
Robot 1,1.0,116,58.0,0.58,-0.42000000000000004,-63.3,1109
Robot 1,1.0,117,58.5,0.59,-0.41000000000000003,-98.8,1118
Robot 1,1.0,118,59.0,0.59,-0.41000000000000003,-63.6,1128
Robot 1,1.0,119,59.5,0.58,-0.42000000000000004,-63.2,1137
Robot 1,1.0,120,60.0,0.6,-0.4,-64.5,1147
Robot 1,1.0,121,60.5,0.6,-0.4,-63.3,1156
Robot 1,1.0,122,61.0,0.6,-0.4,-63.4,1166
Robot 1,1.0,123,61.5,0.59,-0.41000000000000003,-63.6,1175
Robot 1,1.0,124,62.0,0.61,-0.39,-64.2,1184
Robot 1,1.0,125,62.5,0.61,-0.39,-63.6,1194
Robot 1,1.0,126,63.0,0.61,-0.39,-63.7,1203
Robot 1,1.0,127,63.5,0.61,-0.39,-63.8,1213
Robot 1,1.0,128,64.0,0.64,-0.36,-63.1,1222
Robot 1,1.0,129,64.5,0.63,-0.37,-63.1,1232
Robot 1,1.0,130,65.0,0.65,-0.35,-63.2,1241
Robot 1,1.0,131,65.5,0.63,-0.37,-63.2,1250
Robot 1,1.0,132,66.0,0.62,-0.38,-63.2,1260
Robot 1,1.0,133,66.5,0.63,-0.37,-64.0,1269
Robot 1,1.0,134,67.0,0.64,-0.36,-63.6,1279
Robot 1,1.0,135,67.5,0.64,-0.36,-64.3,1288
Robot 1,1.0,136,68.0,0.63,-0.37,-63.8,1298
Robot 1,1.0,137,68.5,0.65,-0.35,-63.9,1307
Robot 1,1.0,138,69.0,0.64,-0.36,-63.4,1316
Robot 1,1.0,139,69.5,0.65,-0.35,-63.7,1326
Robot 1,1.0,140,70.0,0.64,-0.36,-63.4,1335
Robot 1,1.0,141,70.5,0.66,-0.33999999999999997,-63.5,1345
Robot 1,1.0,142,71.0,0.65,-0.35,-64.1,1354
Robot 1,1.0,143,71.5,0.63,-0.37,-63.4,1364
Robot 1,1.0,144,72.0,0.66,-0.33999999999999997,-63.0,1373
Robot 1,1.0,145,72.5,0.66,-0.33999999999999997,-64.8,1383
Robot 1,1.0,146,73.0,0.67,-0.32999999999999996,-63.8,1392
Robot 1,1.0,147,73.5,0.65,-0.35,-63.5,1401
Robot 1,1.0,148,74.0,0.67,-0.32999999999999996,-63.6,1411
Robot 1,1.0,149,74.5,0.65,-0.35,-64.0,1420
Robot 1,1.0,150,75.0,0.67,-0.32999999999999996,-64.0,1430
Robot 1,1.0,151,75.5,0.65,-0.35,-63.7,1439
Robot 1,1.0,152,76.0,0.65,-0.35,-62.7,1449
Robot 1,1.0,153,76.5,0.66,-0.33999999999999997,-63.6,1458
Robot 1,1.0,154,77.0,0.68,-0.31999999999999995,-63.4,1467
Robot 1,1.0,155,77.5,0.67,-0.32999999999999996,-63.5,1477
Robot 1,1.0,156,78.0,0.66,-0.33999999999999997,-62.9,1486
Robot 1,1.0,157,78.5,0.68,-0.31999999999999995,-63.5,1496
Robot 1,1.0,158,79.0,0.68,-0.31999999999999995,-63.9,1505
Robot 1,1.0,159,79.5,0.65,-0.35,-63.9,1515
Robot 1,1.0,160,80.0,0.67,-0.32999999999999996,-62.8,1524
Robot 1,1.0,161,80.5,0.68,-0.31999999999999995,-63.1,1533
Robot 1,1.0,162,81.0,0.68,-0.31999999999999995,-64.7,1543
Robot 1,1.0,163,81.5,0.68,-0.31999999999999995,-67.7,1552
Robot 1,1.0,164,82.0,0.69,-0.31000000000000005,-62.9,1562
Robot 1,1.0,165,82.5,0.69,-0.31000000000000005,-63.0,1571
Robot 1,1.0,166,83.0,0.7,-0.30000000000000004,-63.9,1581
Robot 1,1.0,167,83.5,0.69,-0.31000000000000005,-62.8,1590
Robot 1,1.0,168,84.0,0.69,-0.31000000000000005,-63.7,1600
Robot 1,1.0,169,84.5,0.7,-0.30000000000000004,-64.2,1609
Robot 1,1.0,170,85.0,0.69,-0.31000000000000005,-62.9,1618
Robot 1,1.0,171,85.5,0.69,-0.31000000000000005,-63.4,1628
Robot 1,1.0,172,86.0,0.68,-0.31999999999999995,-62.8,1637
Robot 1,1.0,173,86.5,0.71,-0.29000000000000004,-63.9,1647
Robot 1,1.0,174,87.0,0.71,-0.29000000000000004,-63.6,1656
Robot 1,1.0,175,87.5,0.71,-0.29000000000000004,-62.7,1666
Robot 1,1.0,176,88.0,0.72,-0.28,-63.5,1675
Robot 1,1.0,177,88.5,0.72,-0.28,-63.2,1684
Robot 1,1.0,178,89.0,0.72,-0.28,-62.7,1694
Robot 1,1.0,179,89.5,0.7,-0.30000000000000004,-63.9,1703
Robot 1,1.0,180,90.0,0.72,-0.28,-63.4,1713
Robot 1,1.0,181,90.5,0.7,-0.30000000000000004,-63.0,1722
Robot 1,1.0,182,91.0,0.72,-0.28,-62.7,1732
Robot 1,1.0,183,91.5,0.73,-0.27,-63.3,1741
Robot 1,1.0,184,92.0,0.73,-0.27,-62.6,1750
Robot 1,1.0,185,92.5,0.72,-0.28,-62.8,1760
Robot 1,1.0,186,93.0,0.73,-0.27,-63.3,1769
Robot 1,1.0,187,93.5,0.72,-0.28,-63.7,1779
Robot 1,1.0,188,94.0,0.72,-0.28,-63.0,1788
Robot 1,1.0,189,94.5,0.73,-0.27,-63.2,1798
Robot 1,1.0,190,95.0,0.73,-0.27,-63.5,1807
Robot 1,1.0,191,95.5,0.72,-0.28,-63.2,1816
Robot 1,1.0,192,96.0,0.73,-0.27,-63.6,1826
Robot 1,1.0,193,96.5,0.74,-0.26,-62.9,1834
Robot 1,1.0,194,97.0,0.73,-0.27,-63.6,1843
Robot 1,1.0,195,97.5,0.73,-0.27,-64.0,1853
Robot 1,1.0,196,98.0,0.73,-0.27,-62.1,1862
Robot 1,1.0,197,98.5,0.75,-0.25,-62.9,1872
Robot 1,1.0,198,99.0,0.74,-0.26,-64.0,1881
Robot 1,1.0,199,99.5,0.75,-0.25,-64.1,1890
Robot 1,1.0,200,100.0,0.75,-0.25,-63.6,1900
Robot 1,1.0,201,100.5,0.75,-0.25,-63.7,1909
Robot 1,1.0,202,101.0,0.74,-0.26,-64.7,1919
Robot 1,1.0,203,101.5,0.74,-0.26,-62.7,1928
Robot 1,1.0,204,102.0,0.76,-0.24,-63.6,1938
Robot 1,1.0,205,102.5,0.74,-0.26,-62.1,1947
Robot 1,1.0,206,103.0,0.75,-0.25,-64.8,1956
Robot 1,1.0,207,103.5,0.76,-0.24,-62.4,1966
Robot 1,1.0,208,104.0,0.76,-0.24,-62.4,1975
Robot 1,1.0,209,104.5,0.76,-0.24,-63.3,1985
Robot 1,1.0,210,105.0,0.76,-0.24,-63.1,1994
Robot 1,1.0,211,105.5,0.75,-0.25,-62.9,2004
Robot 1,1.0,212,106.0,0.76,-0.24,-62.7,2013
Robot 1,1.0,213,106.5,0.77,-0.22999999999999998,-63.2,2023
Robot 1,1.0,214,107.0,0.74,-0.26,-62.5,2032
Robot 1,1.0,215,107.5,0.79,-0.20999999999999996,-62.9,2041
Robot 1,1.0,216,108.0,0.78,-0.21999999999999997,-63.7,2051
Robot 1,1.0,217,108.5,0.75,-0.25,-62.7,2060
Robot 1,1.0,218,109.0,0.77,-0.22999999999999998,-63.3,2070
Robot 1,1.0,219,109.5,0.77,-0.22999999999999998,-64.1,2079
Robot 1,1.0,220,110.0,0.76,-0.24,-63.7,2089
Robot 1,1.0,221,110.5,0.78,-0.21999999999999997,-64.2,2098
Robot 1,1.0,222,111.0,0.78,-0.21999999999999997,-64.4,2107
Robot 1,1.0,223,111.5,0.78,-0.21999999999999997,-63.4,2117
Robot 1,1.0,224,112.0,0.8,-0.19999999999999996,-62.8,2126
Robot 1,1.0,225,112.5,0.78,-0.21999999999999997,-62.4,2136
Robot 1,1.0,226,113.0,0.78,-0.21999999999999997,-63.9,2145
Robot 1,1.0,227,113.5,0.77,-0.22999999999999998,-63.2,2155
Robot 1,1.0,228,114.0,0.78,-0.21999999999999997,-63.1,2164
Robot 1,1.0,229,114.5,0.78,-0.21999999999999997,-63.4,2173
Robot 1,1.0,230,115.0,0.77,-0.22999999999999998,-63.5,2183
Robot 1,1.0,231,115.5,0.77,-0.22999999999999998,-64.0,2192
Robot 1,1.0,232,116.0,0.79,-0.20999999999999996,-63.5,2202
Robot 1,1.0,233,116.5,0.79,-0.20999999999999996,-62.9,2211
Robot 1,1.0,234,117.0,0.79,-0.20999999999999996,-63.1,2221
Robot 1,1.0,235,117.5,0.78,-0.21999999999999997,-63.1,2230
Robot 1,1.0,236,118.0,0.78,-0.21999999999999997,-62.9,2239
Robot 1,1.0,237,118.5,0.79,-0.20999999999999996,-63.2,2249
Robot 1,1.0,238,119.0,0.78,-0.21999999999999997,-63.3,2258
Robot 1,1.0,239,119.5,0.77,-0.22999999999999998,-63.3,2268
Robot 1,1.0,240,120.0,0.79,-0.20999999999999996,-63.4,2277
Robot 1,1.0,241,120.5,0.79,-0.20999999999999996,-64.5,2287
Robot 1,1.0,242,121.0,0.8,-0.19999999999999996,-62.6,2296
Robot 1,1.0,243,121.5,0.8,-0.19999999999999996,-64.7,2306
Robot 1,1.0,244,122.0,0.81,-0.18999999999999995,-63.4,2315
Robot 1,1.0,245,122.5,0.82,-0.18000000000000005,-63.4,2324
Robot 1,1.0,246,123.0,0.82,-0.18000000000000005,-62.1,2334
Robot 1,1.0,247,123.5,0.79,-0.20999999999999996,-62.2,2343
Robot 1,1.0,248,124.0,0.81,-0.18999999999999995,-63.6,2353
Robot 1,1.0,249,124.5,0.8,-0.19999999999999996,-62.3,2362
Robot 1,1.0,250,125.0,0.8,-0.19999999999999996,-62.4,2372
Robot 1,1.0,251,125.5,0.82,-0.18000000000000005,-62.1,2381
Robot 1,1.0,252,126.0,0.84,-0.16000000000000003,-63.1,2390
Robot 1,1.0,253,126.5,0.81,-0.18999999999999995,-63.2,2400
Robot 1,1.0,254,127.0,0.82,-0.18000000000000005,-63.3,2409
Robot 1,1.0,255,127.5,0.83,-0.17000000000000004,-63.5,2419
Robot 1,1.0,256,128.0,0.82,-0.18000000000000005,-62.9,2428
Robot 1,1.0,257,128.5,0.81,-0.18999999999999995,-63.2,2438
Robot 1,1.0,258,129.0,0.81,-0.18999999999999995,-62.1,2447
Robot 1,1.0,259,129.5,0.82,-0.18000000000000005,-62.8,2456
Robot 1,1.0,260,130.0,0.82,-0.18000000000000005,-64.0,2466
Robot 1,1.0,261,130.5,0.83,-0.17000000000000004,-62.6,2475
Robot 2,1.0,0,0.0,0.1,-0.9,-64.6,73
Robot 2,1.0,1,0.5,0.13,-0.87,-65.7,83
Robot 2,1.0,2,1.0,0.16,-0.84,-65.0,92
Robot 2,1.0,3,1.5,0.16,-0.84,-63.8,102
Robot 2,1.0,4,2.0,0.16,-0.84,-64.1,111
Robot 2,1.0,5,2.5,0.15,-0.85,-63.9,121
Robot 2,1.0,6,3.0,0.19,-0.81,-64.3,130
Robot 2,1.0,7,3.5,0.19,-0.81,-63.9,139
Robot 2,1.0,8,4.0,0.22,-0.78,-65.6,149
Robot 2,1.0,9,4.5,0.22,-0.78,-65.0,158
Robot 2,1.0,10,5.0,0.23,-0.77,-67.9,168
Robot 2,1.0,11,5.5,0.23,-0.77,-64.5,177
Robot 2,1.0,12,6.0,0.23,-0.77,-64.1,187
Robot 2,1.0,13,6.5,0.25,-0.75,-64.0,196
Robot 2,1.0,14,7.0,0.25,-0.75,-63.6,205
Robot 2,1.0,15,7.5,0.27,-0.73,-64.4,215
Robot 2,1.0,16,8.0,0.27,-0.73,-64.2,224
Robot 2,1.0,17,8.5,0.28,-0.72,-64.0,233
Robot 2,1.0,18,9.0,0.29,-0.71,-63.7,243
Robot 2,1.0,19,9.5,0.29,-0.71,-64.1,252
Robot 2,1.0,20,10.0,0.29,-0.71,-63.4,262
Robot 2,1.0,21,10.5,0.32,-0.6799999999999999,-64.1,271
Robot 2,1.0,22,11.0,0.32,-0.6799999999999999,-65.2,280
Robot 2,1.0,23,11.5,0.32,-0.6799999999999999,-63.8,290
Robot 2,1.0,24,12.0,0.34,-0.6599999999999999,-64.0,299
Robot 2,1.0,25,12.5,0.35,-0.65,-63.4,309
Robot 2,1.0,26,13.0,0.36,-0.64,-65.1,318
Robot 2,1.0,27,13.5,0.37,-0.63,-62.9,328
Robot 2,1.0,28,14.0,0.38,-0.62,-63.9,337
Robot 2,1.0,29,14.5,0.36,-0.64,-63.8,346
Robot 2,1.0,30,15.0,0.4,-0.6,-63.7,356
Robot 2,1.0,31,15.5,0.39,-0.61,-65.6,365
Robot 2,1.0,32,16.0,0.4,-0.6,-63.3,375
Robot 2,1.0,33,16.5,0.42,-0.5800000000000001,-63.2,384
Robot 2,1.0,34,17.0,0.41,-0.5900000000000001,-63.5,394
Robot 2,1.0,35,17.5,0.42,-0.5800000000000001,-63.8,403
Robot 2,1.0,36,18.0,0.42,-0.5800000000000001,-63.1,412
Robot 2,1.0,37,18.5,0.43,-0.5700000000000001,-64.2,422
Robot 2,1.0,38,19.0,0.44,-0.56,-65.0,431
Robot 2,1.0,39,19.5,0.46,-0.54,-63.9,441
Robot 2,1.0,40,20.0,0.45,-0.55,-64.1,450
Robot 2,1.0,41,20.5,0.45,-0.55,-63.1,460
Robot 2,1.0,42,21.0,0.47,-0.53,-63.9,469
Robot 2,1.0,43,21.5,0.48,-0.52,-65.0,479
Robot 2,1.0,44,22.0,0.48,-0.52,-63.9,488
Robot 2,1.0,45,22.5,0.5,-0.5,-63.9,497
Robot 2,1.0,46,23.0,0.5,-0.5,-64.2,507
Robot 2,1.0,47,23.5,0.5,-0.5,-64.4,516
Robot 2,1.0,48,24.0,0.53,-0.47,-63.0,526
Robot 2,1.0,49,24.5,0.52,-0.48,-64.8,535
Robot 2,1.0,50,25.0,0.52,-0.48,-63.3,545
Robot 2,1.0,51,25.5,0.54,-0.45999999999999996,-63.9,554
Robot 2,1.0,52,26.0,0.54,-0.45999999999999996,-63.9,563
Robot 2,1.0,53,26.5,0.56,-0.43999999999999995,-63.8,573
Robot 2,1.0,54,27.0,0.56,-0.43999999999999995,-65.5,582
Robot 2,1.0,55,27.5,0.54,-0.45999999999999996,-63.3,592
Robot 2,1.0,56,28.0,0.55,-0.44999999999999996,-63.8,601
Robot 2,1.0,57,28.5,0.53,-0.47,-64.1,611
Robot 2,1.0,58,29.0,0.54,-0.45999999999999996,-64.0,620
Robot 2,1.0,59,29.5,0.51,-0.49,-63.0,629
Robot 2,1.0,60,30.0,0.51,-0.49,-64.0,639
Robot 2,1.0,61,30.5,0.48,-0.52,-64.0,648
Robot 2,1.0,62,31.0,0.46,-0.54,-64.6,658
Robot 2,1.0,63,31.5,0.46,-0.54,-64.3,667
Robot 2,1.0,64,32.0,0.45,-0.55,-64.3,677
Robot 2,1.0,65,32.5,0.45,-0.55,-65.5,686
Robot 2,1.0,66,33.0,0.45,-0.55,-63.1,696
Robot 2,1.0,67,33.5,0.44,-0.56,-64.1,705
Robot 2,1.0,68,34.0,0.44,-0.56,-64.4,714
Robot 2,1.0,69,34.5,0.44,-0.56,-64.2,724
Robot 2,1.0,70,35.0,0.42,-0.5800000000000001,-64.3,733
Robot 2,1.0,71,35.5,0.44,-0.56,-64.5,743
Robot 2,1.0,72,36.0,0.45,-0.55,-64.3,752
Robot 2,1.0,73,36.5,0.45,-0.55,-65.0,762
Robot 2,1.0,74,37.0,0.44,-0.56,-64.3,771
Robot 2,1.0,75,37.5,0.47,-0.53,-65.1,780
Robot 2,1.0,76,38.0,0.45,-0.55,-65.6,790
Robot 2,1.0,77,38.5,0.48,-0.52,-63.8,799
Robot 2,1.0,78,39.0,0.49,-0.51,-63.9,809
Robot 2,1.0,79,39.5,0.49,-0.51,-65.4,818
Robot 2,1.0,80,40.0,0.48,-0.52,-63.8,828
Robot 2,1.0,81,40.5,0.5,-0.5,-64.3,837
Robot 2,1.0,82,41.0,0.5,-0.5,-64.1,846
Robot 2,1.0,83,41.5,0.5,-0.5,-63.9,856
Robot 2,1.0,84,42.0,0.5,-0.5,-64.1,865
Robot 2,1.0,85,42.5,0.52,-0.48,-63.5,875
Robot 2,1.0,86,43.0,0.49,-0.51,-63.4,884
Robot 2,1.0,87,43.5,0.5,-0.5,-63.5,894
Robot 2,1.0,88,44.0,0.5,-0.5,-63.8,903
Robot 2,1.0,89,44.5,0.5,-0.5,-63.1,912
Robot 2,1.0,90,45.0,0.51,-0.49,-64.2,922
Robot 2,1.0,91,45.5,0.51,-0.49,-64.9,931
Robot 2,1.0,92,46.0,0.51,-0.49,-63.3,941
Robot 2,1.0,93,46.5,0.54,-0.45999999999999996,-63.5,950
Robot 2,1.0,94,47.0,0.52,-0.48,-63.1,960
Robot 2,1.0,95,47.5,0.53,-0.47,-64.0,969
Robot 2,1.0,96,48.0,0.54,-0.45999999999999996,-63.1,979
Robot 2,1.0,97,48.5,0.53,-0.47,-63.5,988
Robot 2,1.0,98,49.0,0.55,-0.44999999999999996,-63.6,997
Robot 2,1.0,99,49.5,0.54,-0.45999999999999996,-64.8,1007
Robot 2,1.0,100,50.0,0.54,-0.45999999999999996,-62.9,1016
Robot 2,1.0,101,50.5,0.52,-0.48,-62.6,1026
Robot 2,1.0,102,51.0,0.55,-0.44999999999999996,-62.6,1035
Robot 2,1.0,103,51.5,0.56,-0.43999999999999995,-63.3,1045
Robot 2,1.0,104,52.0,0.56,-0.43999999999999995,-64.6,1054
Robot 2,1.0,105,52.5,0.56,-0.43999999999999995,-63.2,1063
Robot 2,1.0,106,53.0,0.56,-0.43999999999999995,-63.1,1073
Robot 2,1.0,107,53.5,0.55,-0.44999999999999996,-63.3,1082
Robot 2,1.0,108,54.0,0.57,-0.43000000000000005,-64.4,1092
Robot 2,1.0,109,54.5,0.57,-0.43000000000000005,-62.8,1101
Robot 2,1.0,110,55.0,0.57,-0.43000000000000005,-63.5,1111
Robot 2,1.0,111,55.5,0.58,-0.42000000000000004,-62.7,1120
Robot 2,1.0,112,56.0,0.58,-0.42000000000000004,-63.4,1129
Robot 2,1.0,113,56.5,0.59,-0.41000000000000003,-63.3,1139
Robot 2,1.0,114,57.0,0.6,-0.4,-63.4,1148
Robot 2,1.0,115,57.5,0.58,-0.42000000000000004,-62.5,1158
Robot 2,1.0,116,58.0,0.59,-0.41000000000000003,-62.9,1167
Robot 2,1.0,117,58.5,0.6,-0.4,-63.9,1177
Robot 2,1.0,118,59.0,0.61,-0.39,-63.5,1186
Robot 2,1.0,119,59.5,0.59,-0.41000000000000003,-62.9,1196
Robot 2,1.0,120,60.0,0.61,-0.39,-63.8,1205
Robot 2,1.0,121,60.5,0.62,-0.38,-64.0,1214
Robot 2,1.0,122,61.0,0.61,-0.39,-62.7,1224
Robot 2,1.0,123,61.5,0.62,-0.38,-63.8,1233
Robot 2,1.0,124,62.0,0.64,-0.36,-64.1,1243
Robot 2,1.0,125,62.5,0.63,-0.37,-63.8,1252
Robot 2,1.0,126,63.0,0.63,-0.37,-64.3,1262
Robot 2,1.0,127,63.5,0.62,-0.38,-62.9,1271
Robot 2,1.0,128,64.0,0.63,-0.37,-63.6,1280
Robot 2,1.0,129,64.5,0.63,-0.37,-64.0,1290
Robot 2,1.0,130,65.0,0.63,-0.37,-63.6,1299
Robot 2,1.0,131,65.5,0.64,-0.36,-64.2,1309
Robot 2,1.0,132,66.0,0.65,-0.35,-63.3,1318
Robot 2,1.0,133,66.5,0.63,-0.37,-63.6,1328
Robot 2,1.0,134,67.0,0.65,-0.35,-63.0,1337
Robot 2,1.0,135,67.5,0.64,-0.36,-63.1,1346
Robot 2,1.0,136,68.0,0.64,-0.36,-63.0,1356
Robot 2,1.0,137,68.5,0.64,-0.36,-64.1,1365
Robot 2,1.0,138,69.0,0.65,-0.35,-64.4,1375
Robot 2,1.0,139,69.5,0.65,-0.35,-62.7,1384
Robot 2,1.0,140,70.0,0.64,-0.36,-63.4,1394
Robot 2,1.0,141,70.5,0.65,-0.35,-63.5,1403
Robot 2,1.0,142,71.0,0.66,-0.33999999999999997,-63.2,1413
Robot 2,1.0,143,71.5,0.65,-0.35,-64.1,1422
Robot 2,1.0,144,72.0,0.64,-0.36,-64.1,1431
Robot 2,1.0,145,72.5,0.65,-0.35,-63.6,1441
Robot 2,1.0,146,73.0,0.67,-0.32999999999999996,-63.3,1450
Robot 2,1.0,147,73.5,0.65,-0.35,-63.5,1460
Robot 2,1.0,148,74.0,0.67,-0.32999999999999996,-62.6,1469
Robot 2,1.0,149,74.5,0.65,-0.35,-63.7,1479
Robot 2,1.0,150,75.0,0.68,-0.31999999999999995,-64.0,1488
Robot 2,1.0,151,75.5,0.65,-0.35,-63.0,1497
Robot 2,1.0,152,76.0,0.66,-0.33999999999999997,-63.2,1507
Robot 2,1.0,153,76.5,0.69,-0.31000000000000005,-64.0,1516
Robot 2,1.0,154,77.0,0.68,-0.31999999999999995,-63.9,1526
Robot 2,1.0,155,77.5,0.69,-0.31000000000000005,-62.9,1535
Robot 2,1.0,156,78.0,0.66,-0.33999999999999997,-64.1,1545
Robot 2,1.0,157,78.5,0.68,-0.31999999999999995,-63.7,1554
Robot 2,1.0,158,79.0,0.68,-0.31999999999999995,-63.0,1563
Robot 2,1.0,159,79.5,0.67,-0.32999999999999996,-63.8,1573
Robot 2,1.0,160,80.0,0.68,-0.31999999999999995,-63.3,1582
Robot 2,1.0,161,80.5,0.69,-0.31000000000000005,-63.5,1592
Robot 2,1.0,162,81.0,0.69,-0.31000000000000005,-64.3,1601
Robot 2,1.0,163,81.5,0.69,-0.31000000000000005,-64.1,1611
Robot 2,1.0,164,82.0,0.7,-0.30000000000000004,-64.7,1620
Robot 2,1.0,165,82.5,0.69,-0.31000000000000005,-63.2,1630
Robot 2,1.0,166,83.0,0.71,-0.29000000000000004,-63.2,1639
Robot 2,1.0,167,83.5,0.72,-0.28,-63.9,1648
Robot 2,1.0,168,84.0,0.68,-0.31999999999999995,-64.2,1658
Robot 2,1.0,169,84.5,0.7,-0.30000000000000004,-63.7,1667
Robot 2,1.0,170,85.0,0.71,-0.29000000000000004,-63.3,1677
Robot 2,1.0,171,85.5,0.72,-0.28,-62.8,1686
Robot 2,1.0,172,86.0,0.71,-0.29000000000000004,-63.3,1696
Robot 2,1.0,173,86.5,0.72,-0.28,-64.6,1705
Robot 2,1.0,174,87.0,0.72,-0.28,-63.8,1714
Robot 2,1.0,175,87.5,0.7,-0.30000000000000004,-63.7,1724
Robot 2,1.0,176,88.0,0.72,-0.28,-63.4,1733
Robot 2,1.0,177,88.5,0.7,-0.30000000000000004,-63.5,1743
Robot 2,1.0,178,89.0,0.74,-0.26,-63.0,1752
Robot 2,1.0,179,89.5,0.72,-0.28,-63.3,1762
Robot 2,1.0,180,90.0,0.72,-0.28,-63.7,1771
Robot 2,1.0,181,90.5,0.73,-0.27,-63.2,1780
Robot 2,1.0,182,91.0,0.73,-0.27,-63.0,1790
Robot 2,1.0,183,91.5,0.71,-0.29000000000000004,-63.1,1799
Robot 2,1.0,184,92.0,0.72,-0.28,-63.2,1809
Robot 2,1.0,185,92.5,0.74,-0.26,-62.7,1818
Robot 2,1.0,186,93.0,0.73,-0.27,-64.3,1828
Robot 2,1.0,187,93.5,0.72,-0.28,-64.0,1837
Robot 2,1.0,188,94.0,0.72,-0.28,-64.0,1846
Robot 2,1.0,189,94.5,0.74,-0.26,-62.7,1855
Robot 2,1.0,190,95.0,0.73,-0.27,-64.6,1865
Robot 2,1.0,191,95.5,0.73,-0.27,-63.3,1874
Robot 2,1.0,192,96.0,0.73,-0.27,-63.2,1884
Robot 2,1.0,193,96.5,0.74,-0.26,-63.2,1893
Robot 2,1.0,194,97.0,0.75,-0.25,-62.8,1903
Robot 2,1.0,195,97.5,0.75,-0.25,-62.5,1912
Robot 2,1.0,196,98.0,0.75,-0.25,-63.2,1921
Robot 2,1.0,197,98.5,0.75,-0.25,-62.5,1931
Robot 2,1.0,198,99.0,0.77,-0.22999999999999998,-63.2,1940
Robot 2,1.0,199,99.5,0.74,-0.26,-62.9,1950
Robot 2,1.0,200,100.0,0.76,-0.24,-63.7,1959
Robot 2,1.0,201,100.5,0.76,-0.24,-63.4,1969
Robot 2,1.0,202,101.0,0.76,-0.24,-63.5,1978
Robot 2,1.0,203,101.5,0.75,-0.25,-62.4,1987
Robot 2,1.0,204,102.0,0.76,-0.24,-62.7,1997
Robot 2,1.0,205,102.5,0.76,-0.24,-63.9,2006
Robot 2,1.0,206,103.0,0.76,-0.24,-63.8,2016
Robot 2,1.0,207,103.5,0.75,-0.25,-62.7,2025
Robot 2,1.0,208,104.0,0.77,-0.22999999999999998,-63.6,2035
Robot 2,1.0,209,104.5,0.77,-0.22999999999999998,-63.5,2044
Robot 2,1.0,210,105.0,0.77,-0.22999999999999998,-62.6,2054
Robot 2,1.0,211,105.5,0.78,-0.21999999999999997,-62.7,2063
Robot 2,1.0,212,106.0,0.76,-0.24,-63.5,2072
Robot 2,1.0,213,106.5,0.75,-0.25,-63.3,2082
Robot 2,1.0,214,107.0,0.78,-0.21999999999999997,-63.3,2091
Robot 2,1.0,215,107.5,0.77,-0.22999999999999998,-63.3,2101
Robot 2,1.0,216,108.0,0.77,-0.22999999999999998,-63.6,2110
Robot 2,1.0,217,108.5,0.76,-0.24,-63.2,2120
Robot 2,1.0,218,109.0,0.78,-0.21999999999999997,-62.9,2129
Robot 2,1.0,219,109.5,0.78,-0.21999999999999997,-62.8,2138
Robot 2,1.0,220,110.0,0.8,-0.19999999999999996,-63.5,2148
Robot 2,1.0,221,110.5,0.78,-0.21999999999999997,-63.3,2157
Robot 2,1.0,222,111.0,0.78,-0.21999999999999997,-63.1,2167
Robot 2,1.0,223,111.5,0.78,-0.21999999999999997,-63.1,2176
Robot 2,1.0,224,112.0,0.77,-0.22999999999999998,-62.4,2186
Robot 2,1.0,225,112.5,0.78,-0.21999999999999997,-62.6,2195
Robot 2,1.0,226,113.0,0.78,-0.21999999999999997,-63.0,2204
Robot 2,1.0,227,113.5,0.77,-0.22999999999999998,-63.3,2214
Robot 2,1.0,228,114.0,0.78,-0.21999999999999997,-63.4,2223
Robot 2,1.0,229,114.5,0.79,-0.20999999999999996,-62.5,2233
Robot 2,1.0,230,115.0,0.78,-0.21999999999999997,-63.9,2242
Robot 2,1.0,231,115.5,0.79,-0.20999999999999996,-63.0,2252
Robot 2,1.0,232,116.0,0.78,-0.21999999999999997,-63.8,2261
Robot 2,1.0,233,116.5,0.78,-0.21999999999999997,-62.4,2271
Robot 2,1.0,234,117.0,0.78,-0.21999999999999997,-63.7,2280
Robot 2,1.0,235,117.5,0.78,-0.21999999999999997,-63.5,2289
Robot 2,1.0,236,118.0,0.79,-0.20999999999999996,-63.5,2299
Robot 2,1.0,237,118.5,0.78,-0.21999999999999997,-62.9,2308
Robot 2,1.0,238,119.0,0.8,-0.19999999999999996,-62.9,2318
Robot 2,1.0,239,119.5,0.8,-0.19999999999999996,-62.5,2327
Robot 2,1.0,240,120.0,0.8,-0.19999999999999996,-63.5,2337
Robot 2,1.0,241,120.5,0.81,-0.18999999999999995,-63.1,2346
Robot 2,1.0,242,121.0,0.8,-0.19999999999999996,-63.7,2355
Robot 2,1.0,243,121.5,0.79,-0.20999999999999996,-62.6,2365
Robot 2,1.0,244,122.0,0.8,-0.19999999999999996,-63.1,2374
Robot 2,1.0,245,122.5,0.8,-0.19999999999999996,-62.8,2384
Robot 2,1.0,246,123.0,0.8,-0.19999999999999996,-62.1,2393
Robot 2,1.0,247,123.5,0.8,-0.19999999999999996,-61.9,2403
Robot 2,1.0,248,124.0,0.82,-0.18000000000000005,-63.4,2412
Robot 2,1.0,249,124.5,0.84,-0.16000000000000003,-63.1,2421
Robot 2,1.0,250,125.0,0.82,-0.18000000000000005,-63.6,2431
Robot 2,1.0,251,125.5,0.82,-0.18000000000000005,-63.6,2440
Robot 2,1.0,252,126.0,0.82,-0.18000000000000005,-62.8,2450
Robot 2,1.0,253,126.5,0.82,-0.18000000000000005,-63.4,2459
Robot 2,1.0,254,127.0,0.81,-0.18999999999999995,-62.4,2469
Robot 2,1.0,255,127.5,0.82,-0.18000000000000005,-63.6,2478
Robot 1,2.0,0,0.0,1.6,-0.3999999999999999,-66.2,152
Robot 1,2.0,1,0.5,1.6,-0.3999999999999999,-64.7,162
Robot 1,2.0,2,1.0,1.63,-0.3700000000000001,-64.9,171
Robot 1,2.0,3,1.5,1.65,-0.3500000000000001,-64.7,181
Robot 1,2.0,4,2.0,1.67,-0.33000000000000007,-66.0,190
Robot 1,2.0,5,2.5,1.68,-0.32000000000000006,-65.1,200
Robot 1,2.0,6,3.0,1.68,-0.32000000000000006,-64.4,209
Robot 1,2.0,7,3.5,1.64,-0.3600000000000001,-64.7,218
Robot 1,2.0,8,4.0,1.64,-0.3600000000000001,-65.4,228
Robot 1,2.0,9,4.5,1.62,-0.3799999999999999,-65.1,237
Robot 1,2.0,10,5.0,1.59,-0.4099999999999999,-64.4,247
Robot 1,2.0,11,5.5,1.58,-0.41999999999999993,-64.3,256
Robot 1,2.0,12,6.0,1.56,-0.43999999999999995,-65.4,266
Robot 1,2.0,13,6.5,1.56,-0.43999999999999995,-64.5,275
Robot 1,2.0,14,7.0,1.55,-0.44999999999999996,-64.4,284
Robot 1,2.0,15,7.5,1.55,-0.44999999999999996,-65.3,294
Robot 1,2.0,16,8.0,1.56,-0.43999999999999995,-66.0,303
Robot 1,2.0,17,8.5,1.54,-0.45999999999999996,-65.8,313
Robot 1,2.0,18,9.0,1.56,-0.43999999999999995,-64.1,322
Robot 1,2.0,19,9.5,1.56,-0.43999999999999995,-65.7,332
Robot 1,2.0,20,10.0,1.56,-0.43999999999999995,-65.5,341
Robot 1,2.0,21,10.5,1.58,-0.41999999999999993,-65.2,350
Robot 1,2.0,22,11.0,1.58,-0.41999999999999993,-65.5,360
Robot 1,2.0,23,11.5,1.58,-0.41999999999999993,-66.3,369
Robot 1,2.0,24,12.0,1.58,-0.41999999999999993,-64.9,379
Robot 1,2.0,25,12.5,1.58,-0.41999999999999993,-64.7,388
Robot 1,2.0,26,13.0,1.58,-0.41999999999999993,-64.5,398
Robot 1,2.0,27,13.5,1.59,-0.4099999999999999,-65.2,407
Robot 1,2.0,28,14.0,1.6,-0.3999999999999999,-64.4,416
Robot 1,2.0,29,14.5,1.6,-0.3999999999999999,-65.1,426
Robot 1,2.0,30,15.0,1.61,-0.3899999999999999,-64.9,435
Robot 1,2.0,31,15.5,1.61,-0.3899999999999999,-64.5,445
Robot 1,2.0,32,16.0,1.62,-0.3799999999999999,-65.1,454
Robot 1,2.0,33,16.5,1.62,-0.3799999999999999,-64.8,464
Robot 1,2.0,34,17.0,1.61,-0.3899999999999999,-66.0,473
Robot 1,2.0,35,17.5,1.62,-0.3799999999999999,-66.4,483
Robot 1,2.0,36,18.0,1.62,-0.3799999999999999,-65.8,492
Robot 1,2.0,37,18.5,1.64,-0.3600000000000001,-65.3,501
Robot 1,2.0,38,19.0,1.64,-0.3600000000000001,-66.0,511
Robot 1,2.0,39,19.5,1.62,-0.3799999999999999,-65.4,520
Robot 1,2.0,40,20.0,1.64,-0.3600000000000001,-65.2,530
Robot 1,2.0,41,20.5,1.63,-0.3700000000000001,-64.9,539
Robot 1,2.0,42,21.0,1.64,-0.3600000000000001,-65.1,549
Robot 1,2.0,43,21.5,1.64,-0.3600000000000001,-65.0,558
Robot 1,2.0,44,22.0,1.66,-0.3400000000000001,-64.6,567
Robot 1,2.0,45,22.5,1.66,-0.3400000000000001,-66.5,577
Robot 1,2.0,46,23.0,1.66,-0.3400000000000001,-67.5,586
Robot 1,2.0,47,23.5,1.66,-0.3400000000000001,-65.6,596
Robot 1,2.0,48,24.0,1.66,-0.3400000000000001,-66.7,605
Robot 1,2.0,49,24.5,1.68,-0.32000000000000006,-65.8,615
Robot 1,2.0,50,25.0,1.68,-0.32000000000000006,-66.3,624
Robot 1,2.0,51,25.5,1.67,-0.33000000000000007,-65.3,633
Robot 1,2.0,52,26.0,1.67,-0.33000000000000007,-65.9,643
Robot 1,2.0,53,26.5,1.69,-0.31000000000000005,-66.5,652
Robot 1,2.0,54,27.0,1.69,-0.31000000000000005,-64.9,662
Robot 1,2.0,55,27.5,1.72,-0.28,-65.8,671
Robot 1,2.0,56,28.0,1.7,-0.30000000000000004,-66.0,681
Robot 1,2.0,57,28.5,1.7,-0.30000000000000004,-65.2,690
Robot 1,2.0,58,29.0,1.71,-0.29000000000000004,-65.8,700
Robot 1,2.0,59,29.5,1.71,-0.29000000000000004,-66.6,709
Robot 1,2.0,60,30.0,1.74,-0.26,-67.0,718
Robot 1,2.0,61,30.5,1.74,-0.26,-67.8,728
Robot 1,2.0,62,31.0,1.76,-0.24,-67.4,737
Robot 1,2.0,63,31.5,1.72,-0.28,-65.1,747
Robot 1,2.0,64,32.0,1.71,-0.29000000000000004,-65.7,756
Robot 1,2.0,65,32.5,1.72,-0.28,-65.9,766
Robot 1,2.0,66,33.0,1.72,-0.28,-64.7,775
Robot 1,2.0,67,33.5,1.71,-0.29000000000000004,-64.3,784
Robot 1,2.0,68,34.0,1.71,-0.29000000000000004,-64.8,794
Robot 1,2.0,69,34.5,1.73,-0.27,-64.9,803
Robot 1,2.0,70,35.0,1.73,-0.27,-64.3,813
Robot 1,2.0,71,35.5,1.73,-0.27,-64.9,822
Robot 1,2.0,72,36.0,1.73,-0.27,-65.4,832
Robot 1,2.0,73,36.5,1.73,-0.27,-64.0,841
Robot 1,2.0,74,37.0,1.74,-0.26,-63.9,850
Robot 1,2.0,75,37.5,1.74,-0.26,-65.2,860
Robot 1,2.0,76,38.0,1.77,-0.22999999999999998,-65.1,869
Robot 1,2.0,77,38.5,1.77,-0.22999999999999998,-65.2,879
Robot 1,2.0,78,39.0,1.77,-0.22999999999999998,-65.2,888
Robot 1,2.0,79,39.5,1.77,-0.22999999999999998,-64.2,898
Robot 1,2.0,80,40.0,1.77,-0.22999999999999998,-64.4,907
Robot 1,2.0,81,40.5,1.76,-0.24,-64.7,916
Robot 1,2.0,82,41.0,1.76,-0.24,-65.3,926
Robot 1,2.0,83,41.5,1.77,-0.22999999999999998,-64.6,935
Robot 1,2.0,84,42.0,1.77,-0.22999999999999998,-65.4,945
Robot 1,2.0,85,42.5,1.77,-0.22999999999999998,-65.3,954
Robot 1,2.0,86,43.0,1.77,-0.22999999999999998,-64.8,964
Robot 1,2.0,87,43.5,1.78,-0.21999999999999997,-64.5,973
Robot 1,2.0,88,44.0,1.78,-0.21999999999999997,-64.2,983
Robot 1,2.0,89,44.5,1.78,-0.21999999999999997,-64.7,992
Robot 1,2.0,90,45.0,1.78,-0.21999999999999997,-64.9,1001
Robot 1,2.0,91,45.5,1.78,-0.21999999999999997,-65.3,1011
Robot 1,2.0,92,46.0,1.78,-0.21999999999999997,-64.3,1020
Robot 1,2.0,93,46.5,1.78,-0.21999999999999997,-65.1,1030
Robot 1,2.0,94,47.0,1.79,-0.20999999999999996,-65.3,1039
Robot 1,2.0,95,47.5,1.79,-0.20999999999999996,-64.6,1049
Robot 1,2.0,96,48.0,1.79,-0.20999999999999996,-66.0,1058
Robot 1,2.0,97,48.5,1.79,-0.20999999999999996,-64.0,1067
Robot 1,2.0,98,49.0,1.79,-0.20999999999999996,-64.9,1077
Robot 1,2.0,99,49.5,1.79,-0.20999999999999996,-65.3,1086
Robot 1,2.0,100,50.0,1.79,-0.20999999999999996,-64.7,1096
Robot 1,2.0,101,50.5,1.8,-0.19999999999999996,-65.1,1105
Robot 1,2.0,102,51.0,1.79,-0.20999999999999996,-64.4,1115
Robot 1,2.0,103,51.5,1.8,-0.19999999999999996,-64.2,1124
Robot 1,2.0,104,52.0,1.81,-0.18999999999999995,-64.9,1133
Robot 1,2.0,105,52.5,1.81,-0.18999999999999995,-66.8,1143
Robot 1,2.0,106,53.0,1.81,-0.18999999999999995,-70.8,1152
Robot 1,2.0,107,53.5,1.81,-0.18999999999999995,-64.2,1162
Robot 1,2.0,108,54.0,1.83,-0.16999999999999993,-65.0,1171
Robot 1,2.0,109,54.5,1.82,-0.17999999999999994,-65.1,1181
Robot 1,2.0,110,55.0,1.82,-0.17999999999999994,-65.9,1190
Robot 1,2.0,111,55.5,1.82,-0.17999999999999994,-64.7,1200
Robot 1,2.0,112,56.0,1.82,-0.17999999999999994,-65.6,1209
Robot 1,2.0,113,56.5,1.83,-0.16999999999999993,-65.0,1218
Robot 1,2.0,114,57.0,1.83,-0.16999999999999993,-65.2,1228
Robot 1,2.0,115,57.5,1.82,-0.17999999999999994,-70.4,1237
Robot 1,2.0,116,58.0,1.82,-0.17999999999999994,-66.2,1247
Robot 1,2.0,117,58.5,1.83,-0.16999999999999993,-64.7,1256
Robot 1,2.0,118,59.0,1.83,-0.16999999999999993,-64.6,1266
Robot 1,2.0,119,59.5,1.83,-0.16999999999999993,-66.2,1275
Robot 1,2.0,120,60.0,1.83,-0.16999999999999993,-64.7,1284
Robot 1,2.0,121,60.5,1.83,-0.16999999999999993,-65.8,1294
Robot 1,2.0,122,61.0,1.85,-0.1499999999999999,-66.2,1303
Robot 1,2.0,123,61.5,1.85,-0.1499999999999999,-64.5,1313
Robot 1,2.0,124,62.0,1.83,-0.16999999999999993,-71.7,1322
Robot 1,2.0,125,62.5,1.85,-0.1499999999999999,-64.8,1332
Robot 1,2.0,126,63.0,1.84,-0.15999999999999992,-65.1,1341
Robot 1,2.0,127,63.5,1.84,-0.15999999999999992,-64.6,1350
Robot 1,2.0,128,64.0,1.84,-0.15999999999999992,-65.6,1360
Robot 1,2.0,129,64.5,1.84,-0.15999999999999992,-65.3,1369
Robot 1,2.0,130,65.0,1.84,-0.15999999999999992,-66.5,1379
Robot 1,2.0,131,65.5,1.84,-0.15999999999999992,-65.2,1388
Robot 1,2.0,132,66.0,1.84,-0.15999999999999992,-64.7,1398
Robot 1,2.0,133,66.5,1.84,-0.15999999999999992,-64.6,1407
Robot 1,2.0,134,67.0,1.87,-0.1299999999999999,-65.1,1416
Robot 1,2.0,135,67.5,1.87,-0.1299999999999999,-64.8,1426
Robot 1,2.0,136,68.0,1.86,-0.1399999999999999,-65.1,1435
Robot 1,2.0,137,68.5,1.86,-0.1399999999999999,-65.0,1445
Robot 1,2.0,138,69.0,1.86,-0.1399999999999999,-66.8,1454
Robot 1,2.0,139,69.5,1.86,-0.1399999999999999,-64.8,1464
Robot 1,2.0,140,70.0,1.85,-0.1499999999999999,-64.3,1473
Robot 1,2.0,141,70.5,1.86,-0.1399999999999999,-64.4,1483
Robot 1,2.0,142,71.0,1.86,-0.1399999999999999,-65.2,1492
Robot 1,2.0,143,71.5,1.87,-0.1299999999999999,-64.4,1501
Robot 1,2.0,144,72.0,1.87,-0.1299999999999999,-64.2,1511
Robot 1,2.0,145,72.5,1.86,-0.1399999999999999,-64.3,1520
Robot 1,2.0,146,73.0,1.86,-0.1399999999999999,-66.6,1530
Robot 1,2.0,147,73.5,1.87,-0.1299999999999999,-65.2,1539
Robot 1,2.0,148,74.0,1.87,-0.1299999999999999,-64.7,1549
Robot 1,2.0,149,74.5,1.87,-0.1299999999999999,-65.0,1558
Robot 1,2.0,150,75.0,1.87,-0.1299999999999999,-64.8,1567
Robot 1,2.0,151,75.5,1.87,-0.1299999999999999,-64.9,1577
Robot 1,2.0,152,76.0,1.89,-0.1100000000000001,-64.3,1586
Robot 1,2.0,153,76.5,1.89,-0.1100000000000001,-65.5,1596
Robot 1,2.0,154,77.0,1.87,-0.1299999999999999,-66.4,1605
Robot 1,2.0,155,77.5,1.87,-0.1299999999999999,-64.2,1615
Robot 1,2.0,156,78.0,1.87,-0.1299999999999999,-65.3,1624
Robot 1,2.0,157,78.5,1.88,-0.1200000000000001,-64.7,1633
Robot 1,2.0,158,79.0,1.88,-0.1200000000000001,-65.7,1643
Robot 1,2.0,159,79.5,1.89,-0.1100000000000001,-64.5,1652
Robot 1,2.0,160,80.0,1.89,-0.1100000000000001,-65.5,1662
Robot 1,2.0,161,80.5,1.88,-0.1200000000000001,-65.7,1671
Robot 1,2.0,162,81.0,1.88,-0.1200000000000001,-64.7,1681
Robot 1,2.0,163,81.5,1.89,-0.1100000000000001,-65.4,1690
Robot 1,2.0,164,82.0,1.89,-0.1100000000000001,-64.6,1700
Robot 1,2.0,165,82.5,1.89,-0.1100000000000001,-64.4,1709
Robot 1,2.0,166,83.0,1.89,-0.1100000000000001,-64.8,1718
Robot 1,2.0,167,83.5,1.89,-0.1100000000000001,-66.1,1728
Robot 1,2.0,168,84.0,1.9,-0.10000000000000009,-66.4,1737
Robot 1,2.0,169,84.5,1.9,-0.10000000000000009,-65.7,1747
Robot 1,2.0,170,85.0,1.89,-0.1100000000000001,-65.3,1756
Robot 1,2.0,171,85.5,1.89,-0.1100000000000001,-64.2,1766
Robot 1,2.0,172,86.0,1.89,-0.1100000000000001,-64.6,1775
Robot 1,2.0,173,86.5,1.89,-0.1100000000000001,-66.6,1784
Robot 1,2.0,174,87.0,1.89,-0.1100000000000001,-64.6,1794
Robot 1,2.0,175,87.5,1.91,-0.09000000000000008,-65.0,1803
Robot 1,2.0,176,88.0,1.91,-0.09000000000000008,-64.9,1813
Robot 1,2.0,177,88.5,1.9,-0.10000000000000009,-64.2,1822
Robot 1,2.0,178,89.0,1.91,-0.09000000000000008,-64.3,1832
Robot 1,2.0,179,89.5,1.91,-0.09000000000000008,-64.4,1841
Robot 1,2.0,180,90.0,1.92,-0.08000000000000007,-64.7,1850
Robot 1,2.0,181,90.5,1.92,-0.08000000000000007,-65.2,1860
Robot 1,2.0,182,91.0,1.92,-0.08000000000000007,-64.3,1869
Robot 1,2.0,183,91.5,1.92,-0.08000000000000007,-64.3,1879
Robot 1,2.0,184,92.0,1.92,-0.08000000000000007,-66.5,1888
Robot 1,2.0,185,92.5,1.92,-0.08000000000000007,-66.4,1898
Robot 1,2.0,186,93.0,1.92,-0.08000000000000007,-66.1,1907
Robot 1,2.0,187,93.5,1.92,-0.08000000000000007,-66.2,1916
Robot 1,2.0,188,94.0,1.92,-0.08000000000000007,-64.2,1926
Robot 1,2.0,189,94.5,1.92,-0.08000000000000007,-66.0,1935
Robot 1,2.0,190,95.0,1.92,-0.08000000000000007,-66.2,1945
Robot 1,2.0,191,95.5,1.92,-0.08000000000000007,-64.0,1954
Robot 1,2.0,192,96.0,1.92,-0.08000000000000007,-64.6,1964
Robot 1,2.0,193,96.5,1.92,-0.08000000000000007,-65.1,1973
Robot 1,2.0,194,97.0,1.92,-0.08000000000000007,-64.4,1983
Robot 1,2.0,195,97.5,1.92,-0.08000000000000007,-64.6,1992
Robot 1,2.0,196,98.0,1.93,-0.07000000000000006,-65.2,2001
Robot 1,2.0,197,98.5,1.93,-0.07000000000000006,-65.9,2011
Robot 1,2.0,198,99.0,1.93,-0.07000000000000006,-64.6,2020
Robot 1,2.0,199,99.5,1.93,-0.07000000000000006,-65.0,2030
Robot 1,2.0,200,100.0,1.92,-0.08000000000000007,-65.3,2039
Robot 1,2.0,201,100.5,1.93,-0.07000000000000006,-64.3,2049
Robot 1,2.0,202,101.0,1.93,-0.07000000000000006,-64.7,2058
Robot 1,2.0,203,101.5,1.94,-0.06000000000000005,-64.4,2067
Robot 1,2.0,204,102.0,1.94,-0.06000000000000005,-64.4,2077
Robot 1,2.0,205,102.5,1.93,-0.07000000000000006,-64.8,2086
Robot 1,2.0,206,103.0,1.93,-0.07000000000000006,-65.0,2096
Robot 1,2.0,207,103.5,1.94,-0.06000000000000005,-66.4,2105
Robot 1,2.0,208,104.0,1.93,-0.07000000000000006,-64.7,2115
Robot 1,2.0,209,104.5,1.93,-0.07000000000000006,-64.9,2124
Robot 1,2.0,210,105.0,1.94,-0.06000000000000005,-64.9,2133
Robot 1,2.0,211,105.5,1.94,-0.06000000000000005,-64.6,2143
Robot 1,2.0,212,106.0,1.92,-0.08000000000000007,-65.4,2152
Robot 1,2.0,213,106.5,1.92,-0.08000000000000007,-64.7,2162
Robot 1,2.0,214,107.0,1.94,-0.06000000000000005,-64.9,2171
Robot 1,2.0,215,107.5,1.94,-0.06000000000000005,-64.6,2181
Robot 1,2.0,216,108.0,1.94,-0.06000000000000005,-65.0,2190
Robot 1,2.0,217,108.5,1.93,-0.07000000000000006,-64.6,2200
Robot 1,2.0,218,109.0,1.94,-0.06000000000000005,-64.8,2209
Robot 1,2.0,219,109.5,1.95,-0.050000000000000044,-64.5,2218
Robot 1,2.0,220,110.0,1.95,-0.050000000000000044,-64.6,2228
Robot 1,2.0,221,110.5,1.94,-0.06000000000000005,-65.8,2237
Robot 1,2.0,222,111.0,1.94,-0.06000000000000005,-65.3,2247
Robot 1,2.0,223,111.5,1.94,-0.06000000000000005,-65.7,2256
Robot 1,2.0,224,112.0,1.96,-0.040000000000000036,-67.1,2266
Robot 1,2.0,225,112.5,1.96,-0.040000000000000036,-65.6,2275
Robot 1,2.0,226,113.0,1.94,-0.06000000000000005,-65.4,2284
Robot 1,2.0,227,113.5,1.94,-0.06000000000000005,-66.0,2294
Robot 1,2.0,228,114.0,1.96,-0.040000000000000036,-66.0,2303
Robot 1,2.0,229,114.5,1.96,-0.040000000000000036,-65.4,2313
Robot 1,2.0,230,115.0,1.97,-0.030000000000000027,-65.0,2322
Robot 1,2.0,231,115.5,1.94,-0.06000000000000005,-65.1,2332
Robot 1,2.0,232,116.0,1.94,-0.06000000000000005,-64.7,2341
Robot 1,2.0,233,116.5,1.97,-0.030000000000000027,-64.7,2350
Robot 1,2.0,234,117.0,1.97,-0.030000000000000027,-65.6,2360
Robot 1,2.0,235,117.5,1.95,-0.050000000000000044,-65.7,2369
Robot 1,2.0,236,118.0,1.95,-0.050000000000000044,-66.2,2379
Robot 1,2.0,237,118.5,1.96,-0.040000000000000036,-65.5,2388
Robot 1,2.0,238,119.0,1.95,-0.050000000000000044,-64.8,2398
Robot 1,2.0,239,119.5,1.96,-0.040000000000000036,-65.7,2407
Robot 1,2.0,240,120.0,1.96,-0.040000000000000036,-65.5,2416
Robot 1,2.0,241,120.5,1.96,-0.040000000000000036,-65.9,2426
Robot 1,2.0,242,121.0,1.97,-0.030000000000000027,-65.9,2435
Robot 1,2.0,243,121.5,1.97,-0.030000000000000027,-65.2,2445
Robot 1,2.0,244,122.0,1.97,-0.030000000000000027,-64.9,2454
Robot 1,2.0,245,122.5,1.97,-0.030000000000000027,-65.3,2464
Robot 1,2.0,246,123.0,1.95,-0.050000000000000044,-64.8,2473
Robot 1,2.0,247,123.5,1.95,-0.050000000000000044,-65.0,2483
Robot 1,2.0,248,124.0,1.95,-0.050000000000000044,-64.7,2492
Robot 1,2.0,249,124.5,1.98,-0.020000000000000018,-66.4,2501
Robot 1,2.0,250,125.0,1.98,-0.020000000000000018,-65.1,2511
Robot 1,2.0,251,125.5,1.97,-0.030000000000000027,-64.9,2520
Robot 1,2.0,252,126.0,1.97,-0.030000000000000027,-65.0,2530
Robot 1,2.0,253,126.5,1.95,-0.050000000000000044,-64.9,2539
Robot 1,2.0,254,127.0,1.96,-0.040000000000000036,-66.9,2549
Robot 1,2.0,255,127.5,1.96,-0.040000000000000036,-65.0,2558
Robot 1,2.0,256,128.0,1.97,-0.030000000000000027,-64.7,2567
Robot 1,2.0,257,128.5,1.97,-0.030000000000000027,-64.7,2577
Robot 1,2.0,258,129.0,1.96,-0.040000000000000036,-66.5,2586
Robot 1,2.0,259,129.5,1.96,-0.040000000000000036,-67.1,2596
Robot 1,2.0,260,130.0,1.98,-0.020000000000000018,-65.4,2605
Robot 1,2.0,261,130.5,1.97,-0.030000000000000027,-64.6,2615
Robot 1,2.0,262,131.0,1.97,-0.030000000000000027,-66.9,2624
Robot 1,2.0,263,131.5,1.97,-0.030000000000000027,-64.4,2633
Robot 1,2.0,264,132.0,1.97,-0.030000000000000027,-65.4,2643
Robot 1,2.0,265,132.5,1.96,-0.040000000000000036,-64.6,2652
Robot 1,2.0,266,133.0,1.96,-0.040000000000000036,-64.0,2662
Robot 1,2.0,267,133.5,1.98,-0.020000000000000018,-66.2,2671
Robot 1,2.0,268,134.0,1.98,-0.020000000000000018,-64.9,2681
Robot 1,2.0,269,134.5,1.96,-0.040000000000000036,-64.3,2690
Robot 1,2.0,270,135.0,1.96,-0.040000000000000036,-65.1,2700
Robot 1,2.0,271,135.5,1.96,-0.040000000000000036,-66.0,2709
Robot 1,2.0,272,136.0,1.98,-0.020000000000000018,-65.0,2718
Robot 1,2.0,273,136.5,1.98,-0.020000000000000018,-65.6,2728
Robot 1,2.0,274,137.0,1.99,-0.010000000000000009,-65.3,2737
Robot 1,2.0,275,137.5,1.99,-0.010000000000000009,-66.3,2747
Robot 1,2.0,276,138.0,1.97,-0.030000000000000027,-64.5,2756
Robot 1,2.0,277,138.5,1.98,-0.020000000000000018,-65.1,2766
Robot 1,2.0,278,139.0,1.98,-0.020000000000000018,-71.8,2775
Robot 1,2.0,279,139.5,1.98,-0.020000000000000018,-64.8,2784
Robot 1,2.0,280,140.0,1.98,-0.020000000000000018,-65.4,2794
Robot 1,2.0,281,140.5,1.98,-0.020000000000000018,-64.8,2803
Robot 1,2.0,282,141.0,1.98,-0.020000000000000018,-64.8,2813
Robot 1,2.0,283,141.5,1.97,-0.030000000000000027,-65.8,2822
Robot 1,2.0,284,142.0,1.99,-0.010000000000000009,-64.9,2832
Robot 1,2.0,285,142.5,1.99,-0.010000000000000009,-64.1,2841
Robot 1,2.0,286,143.0,1.97,-0.030000000000000027,-64.9,2850
Robot 1,2.0,287,143.5,1.97,-0.030000000000000027,-71.8,2860
Robot 1,2.0,288,144.0,1.97,-0.030000000000000027,-64.8,2869
Robot 1,2.0,289,144.5,1.97,-0.030000000000000027,-64.9,2879
Robot 1,2.0,290,145.0,1.98,-0.020000000000000018,-65.0,2888
Robot 1,2.0,291,145.5,1.98,-0.020000000000000018,-64.3,2898
Robot 1,2.0,292,146.0,1.98,-0.020000000000000018,-66.8,2907
Robot 1,2.0,293,146.5,1.99,-0.010000000000000009,-64.8,2916
Robot 1,2.0,294,147.0,1.99,-0.010000000000000009,-65.1,2926
Robot 1,2.0,295,147.5,1.99,-0.010000000000000009,-64.4,2935
Robot 1,2.0,296,148.0,1.99,-0.010000000000000009,-64.5,2945
Robot 1,2.0,297,148.5,1.98,-0.020000000000000018,-64.7,2954
Robot 1,2.0,298,149.0,1.98,-0.020000000000000018,-67.0,2964
Robot 1,2.0,299,149.5,1.98,-0.020000000000000018,-65.0,2973
Robot 1,2.0,300,150.0,1.99,-0.010000000000000009,-64.9,2983
Robot 1,2.0,301,150.5,1.99,-0.010000000000000009,-64.3,2992
Robot 1,2.0,302,151.0,1.99,-0.010000000000000009,-65.5,3001
Robot 1,2.0,303,151.5,1.99,-0.010000000000000009,-64.7,3011
Robot 1,2.0,304,152.0,1.98,-0.020000000000000018,-64.8,3020
Robot 1,2.0,305,152.5,1.98,-0.020000000000000018,-65.8,3030
Robot 1,2.0,306,153.0,2.01,0.009999999999999787,-65.1,3039
Robot 1,2.0,307,153.5,2.01,0.009999999999999787,-64.9,3049
Robot 1,2.0,308,154.0,2.01,0.009999999999999787,-65.0,3058
Robot 1,2.0,309,154.5,2.0,0.0,-64.2,3067
Robot 1,2.0,310,155.0,2.0,0.0,-64.5,3077
Robot 1,2.0,311,155.5,2.0,0.0,-64.4,3086
Robot 1,2.0,312,156.0,2.0,0.0,-65.0,3096
Robot 1,2.0,313,156.5,1.98,-0.020000000000000018,-66.6,3105
Robot 1,2.0,314,157.0,1.99,-0.010000000000000009,-65.3,3115
Robot 1,2.0,315,157.5,1.99,-0.010000000000000009,-66.8,3124
Robot 1,2.0,316,158.0,2.01,0.009999999999999787,-66.4,3133
Robot 1,2.0,317,158.5,2.01,0.009999999999999787,-64.6,3143
Robot 1,2.0,318,159.0,2.0,0.0,-66.5,3152
Robot 1,2.0,319,159.5,2.0,0.0,-66.2,3162
Robot 1,2.0,320,160.0,1.99,-0.010000000000000009,-64.7,3171
Robot 1,2.0,321,160.5,1.99,-0.010000000000000009,-65.0,3181
Robot 1,2.0,322,161.0,1.99,-0.010000000000000009,-64.3,3190
Robot 1,2.0,323,161.5,2.01,0.009999999999999787,-66.5,3200
Robot 1,2.0,324,162.0,2.01,0.009999999999999787,-65.0,3209
Robot 1,2.0,325,162.5,2.0,0.0,-65.0,3218
Robot 1,2.0,326,163.0,2.0,0.0,-64.6,3228
Robot 1,2.0,327,163.5,1.99,-0.010000000000000009,-65.6,3237
Robot 1,2.0,328,164.0,1.99,-0.010000000000000009,-66.0,3247
Robot 1,2.0,329,164.5,2.0,0.0,-65.1,3256
Robot 1,2.0,330,165.0,2.01,0.009999999999999787,-65.4,3266
Robot 1,2.0,331,165.5,2.01,0.009999999999999787,-64.9,3275
Robot 1,2.0,332,166.0,2.01,0.009999999999999787,-66.2,3284
Robot 1,2.0,333,166.5,2.01,0.009999999999999787,-65.0,3294
Robot 1,2.0,334,167.0,2.0,0.0,-64.9,3303
Robot 1,2.0,335,167.5,2.0,0.0,-65.5,3313
Robot 1,2.0,336,168.0,2.02,0.020000000000000018,-64.8,3322
Robot 1,2.0,337,168.5,2.0,0.0,-64.8,3332
Robot 1,2.0,338,169.0,2.0,0.0,-66.1,3341
Robot 1,2.0,339,169.5,2.02,0.020000000000000018,-64.9,3350
Robot 1,2.0,340,170.0,2.02,0.020000000000000018,-64.5,3360
Robot 1,2.0,341,170.5,2.0,0.0,-66.0,3369
Robot 1,2.0,342,171.0,2.0,0.0,-64.8,3379
Robot 1,2.0,343,171.5,2.0,0.0,-64.6,3388
Robot 1,2.0,344,172.0,2.0,0.0,-64.4,3398
Robot 1,2.0,345,172.5,2.0,0.0,-66.0,3407
Robot 1,2.0,346,173.0,2.01,0.009999999999999787,-64.7,3416
Robot 1,2.0,347,173.5,2.01,0.009999999999999787,-64.3,3426
Robot 1,2.0,348,174.0,2.01,0.009999999999999787,-65.3,3435
Robot 1,2.0,349,174.5,2.01,0.009999999999999787,-65.4,3445
Robot 1,2.0,350,175.0,2.02,0.020000000000000018,-66.2,3454
Robot 1,2.0,351,175.5,2.02,0.020000000000000018,-65.3,3464
Robot 1,2.0,352,176.0,2.01,0.009999999999999787,-65.4,3473
Robot 1,2.0,353,176.5,1.99,-0.010000000000000009,-64.6,3483
Robot 1,2.0,354,177.0,1.99,-0.010000000000000009,-64.9,3492
Robot 1,2.0,355,177.5,2.01,0.009999999999999787,-65.2,3501
Robot 1,2.0,356,178.0,2.01,0.009999999999999787,-65.9,3511
Robot 1,2.0,357,178.5,2.02,0.020000000000000018,-65.7,3520
Robot 1,2.0,358,179.0,2.02,0.020000000000000018,-65.4,3530
Robot 1,2.0,359,179.5,2.01,0.009999999999999787,-64.7,3539
Robot 1,2.0,360,180.0,2.02,0.020000000000000018,-64.9,3549
Robot 1,2.0,361,180.5,2.02,0.020000000000000018,-65.4,3558
Robot 1,2.0,362,181.0,2.03,0.029999999999999805,-66.3,3567
Robot 1,2.0,363,181.5,2.03,0.029999999999999805,-64.6,3577
Robot 1,2.0,364,182.0,2.01,0.009999999999999787,-65.5,3586
Robot 1,2.0,365,182.5,2.01,0.009999999999999787,-66.5,3596
Robot 1,2.0,366,183.0,2.03,0.029999999999999805,-65.0,3605
Robot 1,2.0,367,183.5,2.03,0.029999999999999805,-66.1,3615
Robot 1,2.0,368,184.0,2.02,0.020000000000000018,-64.6,3624
Robot 1,2.0,369,184.5,2.03,0.029999999999999805,-64.5,3633
Robot 1,2.0,370,185.0,2.02,0.020000000000000018,-66.7,3643
Robot 1,2.0,371,185.5,2.03,0.029999999999999805,-65.4,3652
Robot 1,2.0,372,186.0,2.03,0.029999999999999805,-66.0,3662
Robot 1,2.0,373,186.5,2.02,0.020000000000000018,-65.4,3671
Robot 1,2.0,374,187.0,2.02,0.020000000000000018,-65.9,3681
Robot 1,2.0,375,187.5,2.02,0.020000000000000018,-65.4,3690
Robot 1,2.0,376,188.0,2.02,0.020000000000000018,-65.0,3700
Robot 1,2.0,377,188.5,2.02,0.020000000000000018,-64.9,3709
Robot 1,2.0,378,189.0,2.04,0.040000000000000036,-64.6,3718
Robot 1,2.0,379,189.5,2.04,0.040000000000000036,-64.9,3728
Robot 1,2.0,380,190.0,2.02,0.020000000000000018,-64.4,3737
Robot 1,2.0,381,190.5,2.02,0.020000000000000018,-65.0,3747
Robot 1,2.0,382,191.0,2.03,0.029999999999999805,-64.8,3756
Robot 1,2.0,383,191.5,2.03,0.029999999999999805,-64.4,3766
Robot 1,2.0,384,192.0,2.03,0.029999999999999805,-64.6,3775
Robot 1,2.0,385,192.5,2.02,0.020000000000000018,-64.3,3784
Robot 1,2.0,386,193.0,2.02,0.020000000000000018,-65.0,3794
Robot 1,2.0,387,193.5,2.03,0.029999999999999805,-65.7,3803
Robot 1,2.0,388,194.0,2.03,0.029999999999999805,-65.9,3813
Robot 1,2.0,389,194.5,2.04,0.040000000000000036,-65.2,3822
Robot 1,2.0,390,195.0,2.04,0.040000000000000036,-65.7,3832
Robot 1,2.0,391,195.5,2.03,0.029999999999999805,-64.8,3841
Robot 1,2.0,392,196.0,2.03,0.029999999999999805,-65.4,3850
Robot 1,2.0,393,196.5,2.03,0.029999999999999805,-65.2,3860
Robot 1,2.0,394,197.0,2.04,0.040000000000000036,-65.7,3869
Robot 1,2.0,395,197.5,2.04,0.040000000000000036,-65.3,3879
Robot 1,2.0,396,198.0,2.05,0.04999999999999982,-65.2,3888
Robot 1,2.0,397,198.5,2.05,0.04999999999999982,-65.1,3898
Robot 1,2.0,398,199.0,2.03,0.029999999999999805,-65.6,3907
Robot 1,2.0,399,199.5,2.04,0.040000000000000036,-66.5,3916
Robot 1,2.0,400,200.0,2.04,0.040000000000000036,-65.4,3926
Robot 1,2.0,401,200.5,2.03,0.029999999999999805,-65.2,3935
Robot 1,2.0,402,201.0,2.03,0.029999999999999805,-65.2,3945
Robot 1,2.0,403,201.5,2.04,0.040000000000000036,-64.9,3954
Robot 1,2.0,404,202.0,2.04,0.040000000000000036,-64.8,3964
Robot 1,2.0,405,202.5,2.02,0.020000000000000018,-65.6,3973
Robot 1,2.0,406,203.0,2.04,0.040000000000000036,-65.9,3983
Robot 1,2.0,407,203.5,2.04,0.040000000000000036,-65.6,3992
Robot 1,2.0,408,204.0,2.02,0.020000000000000018,-65.4,4001
Robot 1,2.0,409,204.5,2.02,0.020000000000000018,-64.7,4011
Robot 1,2.0,410,205.0,2.03,0.029999999999999805,-65.0,4020
Robot 1,2.0,411,205.5,2.03,0.029999999999999805,-67.1,4030
Robot 1,2.0,412,206.0,2.04,0.040000000000000036,-66.8,4039
Robot 1,2.0,413,206.5,2.03,0.029999999999999805,-65.3,4049
Robot 1,2.0,414,207.0,2.03,0.029999999999999805,-65.2,4058
Robot 1,2.0,415,207.5,2.01,0.009999999999999787,-65.0,4067
Robot 1,2.0,416,208.0,2.01,0.009999999999999787,-66.5,4077
Robot 1,2.0,417,208.5,2.04,0.040000000000000036,-65.6,4086
Robot 1,2.0,418,209.0,2.04,0.040000000000000036,-66.2,4096
Robot 2,2.0,0,0.0,1.53,-0.47,-66.1,89
Robot 2,2.0,1,0.5,1.53,-0.47,-65.6,98
Robot 2,2.0,2,1.0,1.54,-0.45999999999999996,-65.4,108
Robot 2,2.0,3,1.5,1.57,-0.42999999999999994,-64.7,117
Robot 2,2.0,4,2.0,1.57,-0.42999999999999994,-66.4,127
Robot 2,2.0,5,2.5,1.59,-0.4099999999999999,-65.0,136
Robot 2,2.0,6,3.0,1.59,-0.4099999999999999,-66.4,145
Robot 2,2.0,7,3.5,1.6,-0.3999999999999999,-71.5,155
Robot 2,2.0,8,4.0,1.63,-0.3700000000000001,-64.2,164
Robot 2,2.0,9,4.5,1.63,-0.3700000000000001,-64.9,174
Robot 2,2.0,10,5.0,1.67,-0.33000000000000007,-65.5,183
Robot 2,2.0,11,5.5,1.67,-0.33000000000000007,-65.2,193
Robot 2,2.0,12,6.0,1.68,-0.32000000000000006,-64.9,202
Robot 2,2.0,13,6.5,1.68,-0.32000000000000006,-65.0,212
Robot 2,2.0,14,7.0,1.64,-0.3600000000000001,-63.9,221
Robot 2,2.0,15,7.5,1.64,-0.3600000000000001,-64.8,230
Robot 2,2.0,16,8.0,1.62,-0.3799999999999999,-72.8,240
Robot 2,2.0,17,8.5,1.58,-0.41999999999999993,-64.9,249
Robot 2,2.0,18,9.0,1.58,-0.41999999999999993,-65.5,259
Robot 2,2.0,19,9.5,1.56,-0.43999999999999995,-65.1,268
Robot 2,2.0,20,10.0,1.56,-0.43999999999999995,-65.2,278
Robot 2,2.0,21,10.5,1.55,-0.44999999999999996,-64.6,287
Robot 2,2.0,22,11.0,1.55,-0.44999999999999996,-65.6,296
Robot 2,2.0,23,11.5,1.56,-0.43999999999999995,-66.6,306
Robot 2,2.0,24,12.0,1.55,-0.44999999999999996,-64.4,315
Robot 2,2.0,25,12.5,1.56,-0.43999999999999995,-64.1,325
Robot 2,2.0,26,13.0,1.56,-0.43999999999999995,-63.8,334
Robot 2,2.0,27,13.5,1.56,-0.43999999999999995,-64.9,344
Robot 2,2.0,28,14.0,1.58,-0.41999999999999993,-64.5,353
Robot 2,2.0,29,14.5,1.58,-0.41999999999999993,-64.9,362
Robot 2,2.0,30,15.0,1.58,-0.41999999999999993,-65.0,372
Robot 2,2.0,31,15.5,1.58,-0.41999999999999993,-66.5,381
Robot 2,2.0,32,16.0,1.58,-0.41999999999999993,-64.7,391
Robot 2,2.0,33,16.5,1.59,-0.4099999999999999,-64.1,400
Robot 2,2.0,34,17.0,1.59,-0.4099999999999999,-64.9,410
Robot 2,2.0,35,17.5,1.6,-0.3999999999999999,-65.2,419
Robot 2,2.0,36,18.0,1.6,-0.3999999999999999,-65.2,429
Robot 2,2.0,37,18.5,1.61,-0.3899999999999999,-64.9,438
Robot 2,2.0,38,19.0,1.62,-0.3799999999999999,-64.9,447
Robot 2,2.0,39,19.5,1.62,-0.3799999999999999,-64.7,457
Robot 2,2.0,40,20.0,1.61,-0.3899999999999999,-64.5,466
Robot 2,2.0,41,20.5,1.61,-0.3899999999999999,-64.5,476
Robot 2,2.0,42,21.0,1.62,-0.3799999999999999,-65.3,485
Robot 2,2.0,43,21.5,1.62,-0.3799999999999999,-66.3,495
Robot 2,2.0,44,22.0,1.64,-0.3600000000000001,-65.5,504
Robot 2,2.0,45,22.5,1.64,-0.3600000000000001,-64.9,513
Robot 2,2.0,46,23.0,1.62,-0.3799999999999999,-66.3,523
Robot 2,2.0,47,23.5,1.63,-0.3700000000000001,-65.0,532
Robot 2,2.0,48,24.0,1.63,-0.3700000000000001,-64.7,542
Robot 2,2.0,49,24.5,1.64,-0.3600000000000001,-66.3,551
Robot 2,2.0,50,25.0,1.64,-0.3600000000000001,-65.0,561
Robot 2,2.0,51,25.5,1.66,-0.3400000000000001,-64.6,570
Robot 2,2.0,52,26.0,1.66,-0.3400000000000001,-65.4,579
Robot 2,2.0,53,26.5,1.66,-0.3400000000000001,-65.8,589
Robot 2,2.0,54,27.0,1.66,-0.3400000000000001,-64.4,598
Robot 2,2.0,55,27.5,1.66,-0.3400000000000001,-66.2,608
Robot 2,2.0,56,28.0,1.68,-0.32000000000000006,-65.3,617
Robot 2,2.0,57,28.5,1.68,-0.32000000000000006,-65.8,627
Robot 2,2.0,58,29.0,1.67,-0.33000000000000007,-65.4,636
Robot 2,2.0,59,29.5,1.67,-0.33000000000000007,-66.3,646
Robot 2,2.0,60,30.0,1.69,-0.31000000000000005,-64.9,655
Robot 2,2.0,61,30.5,1.72,-0.28,-64.4,664
Robot 2,2.0,62,31.0,1.72,-0.28,-65.4,674
Robot 2,2.0,63,31.5,1.7,-0.30000000000000004,-66.0,683
Robot 2,2.0,64,32.0,1.7,-0.30000000000000004,-64.9,693
Robot 2,2.0,65,32.5,1.71,-0.29000000000000004,-64.8,702
Robot 2,2.0,66,33.0,1.71,-0.29000000000000004,-68.0,712
Robot 2,2.0,67,33.5,1.74,-0.26,-68.6,721
Robot 2,2.0,68,34.0,1.74,-0.26,-66.7,730
Robot 2,2.0,69,34.5,1.76,-0.24,-68.5,740
Robot 2,2.0,70,35.0,1.71,-0.29000000000000004,-66.9,749
Robot 2,2.0,71,35.5,1.71,-0.29000000000000004,-66.4,759
Robot 2,2.0,72,36.0,1.72,-0.28,-65.6,768
Robot 2,2.0,73,36.5,1.72,-0.28,-65.1,778
Robot 2,2.0,74,37.0,1.71,-0.29000000000000004,-65.2,787
Robot 2,2.0,75,37.5,1.71,-0.29000000000000004,-64.3,796
Robot 2,2.0,76,38.0,1.73,-0.27,-65.5,806
Robot 2,2.0,77,38.5,1.72,-0.28,-64.4,815
Robot 2,2.0,78,39.0,1.73,-0.27,-64.8,825
Robot 2,2.0,79,39.5,1.73,-0.27,-64.0,834
Robot 2,2.0,80,40.0,1.73,-0.27,-65.3,844
Robot 2,2.0,81,40.5,1.74,-0.26,-64.7,853
Robot 2,2.0,82,41.0,1.74,-0.26,-64.9,863
Robot 2,2.0,83,41.5,1.77,-0.22999999999999998,-65.0,872
Robot 2,2.0,84,42.0,1.75,-0.25,-64.9,881
Robot 2,2.0,85,42.5,1.77,-0.22999999999999998,-65.6,891
Robot 2,2.0,86,43.0,1.77,-0.22999999999999998,-64.7,900
Robot 2,2.0,87,43.5,1.77,-0.22999999999999998,-64.7,910
Robot 2,2.0,88,44.0,1.76,-0.24,-64.9,919
Robot 2,2.0,89,44.5,1.76,-0.24,-65.2,929
Robot 2,2.0,90,45.0,1.77,-0.22999999999999998,-64.9,938
Robot 2,2.0,91,45.5,1.77,-0.22999999999999998,-66.1,947
Robot 2,2.0,92,46.0,1.77,-0.22999999999999998,-64.6,957
Robot 2,2.0,93,46.5,1.78,-0.21999999999999997,-64.3,966
Robot 2,2.0,94,47.0,1.78,-0.21999999999999997,-64.7,976
Robot 2,2.0,95,47.5,1.78,-0.21999999999999997,-64.8,985
Robot 2,2.0,96,48.0,1.78,-0.21999999999999997,-65.0,995
Robot 2,2.0,97,48.5,1.78,-0.21999999999999997,-65.1,1004
Robot 2,2.0,98,49.0,1.78,-0.21999999999999997,-64.9,1013
Robot 2,2.0,99,49.5,1.78,-0.21999999999999997,-64.0,1023
Robot 2,2.0,100,50.0,1.79,-0.20999999999999996,-64.9,1032
Robot 2,2.0,101,50.5,1.79,-0.20999999999999996,-64.9,1042
Robot 2,2.0,102,51.0,1.79,-0.20999999999999996,-64.3,1051
Robot 2,2.0,103,51.5,1.79,-0.20999999999999996,-65.5,1061
Robot 2,2.0,104,52.0,1.79,-0.20999999999999996,-64.0,1070
Robot 2,2.0,105,52.5,1.79,-0.20999999999999996,-64.6,1079
Robot 2,2.0,106,53.0,1.79,-0.20999999999999996,-64.8,1089
Robot 2,2.0,107,53.5,1.81,-0.18999999999999995,-64.8,1098
Robot 2,2.0,108,54.0,1.8,-0.19999999999999996,-64.8,1108
Robot 2,2.0,109,54.5,1.8,-0.19999999999999996,-64.9,1117
Robot 2,2.0,110,55.0,1.8,-0.19999999999999996,-65.0,1127
Robot 2,2.0,111,55.5,1.81,-0.18999999999999995,-65.6,1136
Robot 2,2.0,112,56.0,1.81,-0.18999999999999995,-66.4,1146
Robot 2,2.0,113,56.5,1.81,-0.18999999999999995,-65.3,1155
Robot 2,2.0,114,57.0,1.82,-0.17999999999999994,-64.7,1164
Robot 2,2.0,115,57.5,1.83,-0.16999999999999993,-65.3,1174
Robot 2,2.0,116,58.0,1.82,-0.17999999999999994,-64.6,1183
Robot 2,2.0,117,58.5,1.82,-0.17999999999999994,-65.7,1193
Robot 2,2.0,118,59.0,1.82,-0.17999999999999994,-64.4,1202
Robot 2,2.0,119,59.5,1.82,-0.17999999999999994,-66.0,1212
Robot 2,2.0,120,60.0,1.83,-0.16999999999999993,-64.2,1221
Robot 2,2.0,121,60.5,1.83,-0.16999999999999993,-64.6,1230
Robot 2,2.0,122,61.0,1.82,-0.17999999999999994,-64.2,1240
Robot 2,2.0,123,61.5,1.82,-0.17999999999999994,-64.6,1249
Robot 2,2.0,124,62.0,1.83,-0.16999999999999993,-65.9,1259
Robot 2,2.0,125,62.5,1.83,-0.16999999999999993,-64.9,1268
Robot 2,2.0,126,63.0,1.83,-0.16999999999999993,-65.0,1278
Robot 2,2.0,127,63.5,1.83,-0.16999999999999993,-65.3,1287
Robot 2,2.0,128,64.0,1.83,-0.16999999999999993,-64.7,1296
Robot 2,2.0,129,64.5,1.85,-0.1499999999999999,-64.4,1306
Robot 2,2.0,130,65.0,1.83,-0.16999999999999993,-64.6,1315
Robot 2,2.0,131,65.5,1.83,-0.16999999999999993,-65.3,1325
Robot 2,2.0,132,66.0,1.84,-0.15999999999999992,-64.7,1334
Robot 2,2.0,133,66.5,1.84,-0.15999999999999992,-64.6,1344
Robot 2,2.0,134,67.0,1.84,-0.15999999999999992,-64.5,1353
Robot 2,2.0,135,67.5,1.84,-0.15999999999999992,-66.1,1363
Robot 2,2.0,136,68.0,1.84,-0.15999999999999992,-66.3,1372
Robot 2,2.0,137,68.5,1.84,-0.15999999999999992,-67.4,1381
Robot 2,2.0,138,69.0,1.84,-0.15999999999999992,-65.0,1391
Robot 2,2.0,139,69.5,1.84,-0.15999999999999992,-65.1,1400
Robot 2,2.0,140,70.0,1.84,-0.15999999999999992,-66.1,1410
Robot 2,2.0,141,70.5,1.87,-0.1299999999999999,-65.3,1419
Robot 2,2.0,142,71.0,1.87,-0.1299999999999999,-65.5,1429
Robot 2,2.0,143,71.5,1.86,-0.1399999999999999,-66.7,1438
Robot 2,2.0,144,72.0,1.86,-0.1399999999999999,-64.6,1447
Robot 2,2.0,145,72.5,1.86,-0.1399999999999999,-66.0,1457
Robot 2,2.0,146,73.0,1.85,-0.1499999999999999,-64.9,1466
Robot 2,2.0,147,73.5,1.85,-0.1499999999999999,-65.2,1476
Robot 2,2.0,148,74.0,1.86,-0.1399999999999999,-64.7,1485
Robot 2,2.0,149,74.5,1.86,-0.1399999999999999,-64.8,1495
Robot 2,2.0,150,75.0,1.87,-0.1299999999999999,-64.6,1504
Robot 2,2.0,151,75.5,1.87,-0.1299999999999999,-64.8,1513
Robot 2,2.0,152,76.0,1.86,-0.1399999999999999,-66.3,1523
Robot 2,2.0,153,76.5,1.88,-0.1200000000000001,-66.5,1532
Robot 2,2.0,154,77.0,1.87,-0.1299999999999999,-64.9,1542
Robot 2,2.0,155,77.5,1.87,-0.1299999999999999,-64.5,1551
Robot 2,2.0,156,78.0,1.87,-0.1299999999999999,-65.8,1561
Robot 2,2.0,157,78.5,1.87,-0.1299999999999999,-64.7,1570
Robot 2,2.0,158,79.0,1.87,-0.1299999999999999,-66.6,1580
Robot 2,2.0,159,79.5,1.89,-0.1100000000000001,-64.6,1589
Robot 2,2.0,160,80.0,1.87,-0.1299999999999999,-64.2,1598
Robot 2,2.0,161,80.5,1.87,-0.1299999999999999,-66.3,1608
Robot 2,2.0,162,81.0,1.87,-0.1299999999999999,-65.7,1617
Robot 2,2.0,163,81.5,1.87,-0.1299999999999999,-64.4,1627
Robot 2,2.0,164,82.0,1.88,-0.1200000000000001,-65.4,1636
Robot 2,2.0,165,82.5,1.88,-0.1200000000000001,-65.4,1646
Robot 2,2.0,166,83.0,1.89,-0.1100000000000001,-66.0,1655
Robot 2,2.0,167,83.5,1.89,-0.1100000000000001,-64.7,1664
Robot 2,2.0,168,84.0,1.88,-0.1200000000000001,-64.4,1674
Robot 2,2.0,169,84.5,1.89,-0.1100000000000001,-64.4,1683
Robot 2,2.0,170,85.0,1.89,-0.1100000000000001,-70.7,1693
Robot 2,2.0,171,85.5,1.89,-0.1100000000000001,-65.1,1702
Robot 2,2.0,172,86.0,1.89,-0.1100000000000001,-65.6,1712
Robot 2,2.0,173,86.5,1.89,-0.1100000000000001,-64.9,1721
Robot 2,2.0,174,87.0,1.89,-0.1100000000000001,-64.0,1730
Robot 2,2.0,175,87.5,1.9,-0.10000000000000009,-65.5,1740
Robot 2,2.0,176,88.0,1.89,-0.1100000000000001,-66.7,1749
Robot 2,2.0,177,88.5,1.89,-0.1100000000000001,-64.9,1759
Robot 2,2.0,178,89.0,1.89,-0.1100000000000001,-64.2,1768
Robot 2,2.0,179,89.5,1.89,-0.1100000000000001,-71.3,1778
Robot 2,2.0,180,90.0,1.89,-0.1100000000000001,-64.2,1787
Robot 2,2.0,181,90.5,1.89,-0.1100000000000001,-65.8,1797
Robot 2,2.0,182,91.0,1.91,-0.09000000000000008,-64.4,1806
Robot 2,2.0,183,91.5,1.9,-0.10000000000000009,-64.1,1815
Robot 2,2.0,184,92.0,1.9,-0.10000000000000009,-64.7,1825
Robot 2,2.0,185,92.5,1.91,-0.09000000000000008,-65.2,1834
Robot 2,2.0,186,93.0,1.91,-0.09000000000000008,-65.3,1844
Robot 2,2.0,187,93.5,1.92,-0.08000000000000007,-66.4,1853
Robot 2,2.0,188,94.0,1.92,-0.08000000000000007,-64.9,1863
Robot 2,2.0,189,94.5,1.92,-0.08000000000000007,-65.9,1872
Robot 2,2.0,190,95.0,1.92,-0.08000000000000007,-65.2,1881
Robot 2,2.0,191,95.5,1.92,-0.08000000000000007,-66.4,1891
Robot 2,2.0,192,96.0,1.92,-0.08000000000000007,-65.7,1900
Robot 2,2.0,193,96.5,1.92,-0.08000000000000007,-65.7,1910
Robot 2,2.0,194,97.0,1.92,-0.08000000000000007,-64.5,1919
Robot 2,2.0,195,97.5,1.92,-0.08000000000000007,-64.0,1929
Robot 2,2.0,196,98.0,1.92,-0.08000000000000007,-65.5,1938
Robot 2,2.0,197,98.5,1.92,-0.08000000000000007,-64.4,1947
Robot 2,2.0,198,99.0,1.92,-0.08000000000000007,-64.3,1957
Robot 2,2.0,199,99.5,1.92,-0.08000000000000007,-64.2,1966
Robot 2,2.0,200,100.0,1.92,-0.08000000000000007,-64.7,1976
Robot 2,2.0,201,100.5,1.92,-0.08000000000000007,-65.8,1985
Robot 2,2.0,202,101.0,1.92,-0.08000000000000007,-65.6,1995
Robot 2,2.0,203,101.5,1.93,-0.07000000000000006,-64.3,2004
Robot 2,2.0,204,102.0,1.93,-0.07000000000000006,-64.1,2013
Robot 2,2.0,205,102.5,1.93,-0.07000000000000006,-64.3,2023
Robot 2,2.0,206,103.0,1.92,-0.08000000000000007,-64.4,2032
Robot 2,2.0,207,103.5,1.92,-0.08000000000000007,-65.2,2042
Robot 2,2.0,208,104.0,1.93,-0.07000000000000006,-64.3,2051
Robot 2,2.0,209,104.5,1.93,-0.07000000000000006,-65.1,2061
Robot 2,2.0,210,105.0,1.94,-0.06000000000000005,-64.7,2070
Robot 2,2.0,211,105.5,1.94,-0.06000000000000005,-65.7,2080
Robot 2,2.0,212,106.0,1.93,-0.07000000000000006,-66.2,2089
Robot 2,2.0,213,106.5,1.93,-0.07000000000000006,-64.5,2098
Robot 2,2.0,214,107.0,1.94,-0.06000000000000005,-65.3,2108
Robot 2,2.0,215,107.5,1.93,-0.07000000000000006,-64.9,2117
Robot 2,2.0,216,108.0,1.93,-0.07000000000000006,-66.4,2127
Robot 2,2.0,217,108.5,1.94,-0.06000000000000005,-66.1,2136
Robot 2,2.0,218,109.0,1.94,-0.06000000000000005,-64.7,2146
Robot 2,2.0,219,109.5,1.92,-0.08000000000000007,-66.1,2155
Robot 2,2.0,220,110.0,1.92,-0.08000000000000007,-64.5,2164
Robot 2,2.0,221,110.5,1.94,-0.06000000000000005,-64.9,2174
Robot 2,2.0,222,111.0,1.94,-0.06000000000000005,-64.6,2183
Robot 2,2.0,223,111.5,1.94,-0.06000000000000005,-66.2,2193
Robot 2,2.0,224,112.0,1.93,-0.07000000000000006,-64.3,2202
Robot 2,2.0,225,112.5,1.94,-0.06000000000000005,-64.9,2212
Robot 2,2.0,226,113.0,1.95,-0.050000000000000044,-65.1,2221
Robot 2,2.0,227,113.5,1.95,-0.050000000000000044,-65.2,2230
Robot 2,2.0,228,114.0,1.94,-0.06000000000000005,-64.7,2240
Robot 2,2.0,229,114.5,1.94,-0.06000000000000005,-65.1,2249
Robot 2,2.0,230,115.0,1.94,-0.06000000000000005,-66.9,2259
Robot 2,2.0,231,115.5,1.96,-0.040000000000000036,-64.8,2268
Robot 2,2.0,232,116.0,1.96,-0.040000000000000036,-65.1,2278
Robot 2,2.0,233,116.5,1.94,-0.06000000000000005,-64.9,2287
Robot 2,2.0,234,117.0,1.94,-0.06000000000000005,-66.4,2297
Robot 2,2.0,235,117.5,1.96,-0.040000000000000036,-65.6,2306
Robot 2,2.0,236,118.0,1.96,-0.040000000000000036,-65.7,2315
Robot 2,2.0,237,118.5,1.97,-0.030000000000000027,-64.8,2325
Robot 2,2.0,238,119.0,1.94,-0.06000000000000005,-64.5,2334
Robot 2,2.0,239,119.5,1.94,-0.06000000000000005,-64.7,2344
Robot 2,2.0,240,120.0,1.97,-0.030000000000000027,-66.6,2353
Robot 2,2.0,241,120.5,1.97,-0.030000000000000027,-65.0,2363
Robot 2,2.0,242,121.0,1.95,-0.050000000000000044,-64.7,2372
Robot 2,2.0,243,121.5,1.95,-0.050000000000000044,-65.2,2381
Robot 2,2.0,244,122.0,1.96,-0.040000000000000036,-64.5,2391
Robot 2,2.0,245,122.5,1.96,-0.040000000000000036,-64.9,2400
Robot 2,2.0,246,123.0,1.96,-0.040000000000000036,-65.0,2410
Robot 2,2.0,247,123.5,1.96,-0.040000000000000036,-66.9,2419
Robot 2,2.0,248,124.0,1.96,-0.040000000000000036,-65.2,2429
Robot 2,2.0,249,124.5,1.97,-0.030000000000000027,-64.8,2438
Robot 2,2.0,250,125.0,1.97,-0.030000000000000027,-65.1,2447
Robot 2,2.0,251,125.5,1.97,-0.030000000000000027,-65.4,2457
Robot 2,2.0,252,126.0,1.95,-0.050000000000000044,-64.8,2466
Robot 2,2.0,253,126.5,1.95,-0.050000000000000044,-64.7,2476
Robot 2,2.0,254,127.0,1.95,-0.050000000000000044,-64.8,2485
Robot 2,2.0,255,127.5,1.95,-0.050000000000000044,-64.9,2495
Robot 2,2.0,256,128.0,1.98,-0.020000000000000018,-66.5,2504
Robot 2,2.0,257,128.5,1.98,-0.020000000000000018,-65.1,2514
Robot 2,2.0,258,129.0,1.97,-0.030000000000000027,-66.4,2523
Robot 2,2.0,259,129.5,1.96,-0.040000000000000036,-64.8,2532
Robot 2,2.0,260,130.0,1.95,-0.050000000000000044,-66.1,2542
Robot 2,2.0,261,130.5,1.96,-0.040000000000000036,-66.8,2551
Robot 2,2.0,262,131.0,1.96,-0.040000000000000036,-64.9,2561
Robot 2,2.0,263,131.5,1.97,-0.030000000000000027,-66.3,2570
Robot 2,2.0,264,132.0,1.97,-0.030000000000000027,-66.1,2580
Robot 2,2.0,265,132.5,1.96,-0.040000000000000036,-64.6,2589
Robot 2,2.0,266,133.0,1.98,-0.020000000000000018,-67.0,2598
Robot 2,2.0,267,133.5,1.98,-0.020000000000000018,-67.3,2608
Robot 2,2.0,268,134.0,1.97,-0.030000000000000027,-65.3,2617
Robot 2,2.0,269,134.5,1.97,-0.030000000000000027,-64.9,2627
Robot 2,2.0,270,135.0,1.97,-0.030000000000000027,-64.6,2636
Robot 2,2.0,271,135.5,1.97,-0.030000000000000027,-65.1,2646
Robot 2,2.0,272,136.0,1.96,-0.040000000000000036,-65.4,2655
Robot 2,2.0,273,136.5,1.96,-0.040000000000000036,-64.4,2664
Robot 2,2.0,274,137.0,1.98,-0.020000000000000018,-66.0,2674
Robot 2,2.0,275,137.5,1.96,-0.040000000000000036,-64.6,2683
Robot 2,2.0,276,138.0,1.96,-0.040000000000000036,-65.0,2693
Robot 2,2.0,277,138.5,1.96,-0.040000000000000036,-64.4,2702
Robot 2,2.0,278,139.0,1.96,-0.040000000000000036,-64.6,2712
Robot 2,2.0,279,139.5,1.98,-0.020000000000000018,-65.2,2721
Robot 2,2.0,280,140.0,1.98,-0.020000000000000018,-64.7,2731
Robot 2,2.0,281,140.5,1.99,-0.010000000000000009,-65.0,2740
Robot 2,2.0,282,141.0,1.97,-0.030000000000000027,-64.7,2749
Robot 2,2.0,283,141.5,1.97,-0.030000000000000027,-64.6,2759
Robot 2,2.0,284,142.0,1.98,-0.020000000000000018,-66.2,2768
Robot 2,2.0,285,142.5,1.98,-0.020000000000000018,-65.1,2778
Robot 2,2.0,286,143.0,1.98,-0.020000000000000018,-64.5,2787
Robot 2,2.0,287,143.5,1.98,-0.020000000000000018,-64.4,2797
Robot 2,2.0,288,144.0,1.98,-0.020000000000000018,-65.4,2806
Robot 2,2.0,289,144.5,1.97,-0.030000000000000027,-65.8,2815
Robot 2,2.0,290,145.0,1.97,-0.030000000000000027,-65.2,2825
Robot 2,2.0,291,145.5,1.99,-0.010000000000000009,-66.0,2834
Robot 2,2.0,292,146.0,1.97,-0.030000000000000027,-64.5,2844
Robot 2,2.0,293,146.5,1.97,-0.030000000000000027,-65.3,2853
Robot 2,2.0,294,147.0,1.97,-0.030000000000000027,-66.6,2863
Robot 2,2.0,295,147.5,1.97,-0.030000000000000027,-67.1,2872
Robot 2,2.0,296,148.0,1.97,-0.030000000000000027,-64.6,2881
Robot 2,2.0,297,148.5,1.98,-0.020000000000000018,-64.8,2891
Robot 2,2.0,298,149.0,1.98,-0.020000000000000018,-64.8,2900
Robot 2,2.0,299,149.5,1.98,-0.020000000000000018,-66.4,2910
Robot 2,2.0,300,150.0,1.99,-0.010000000000000009,-65.3,2919
Robot 2,2.0,301,150.5,1.99,-0.010000000000000009,-64.7,2929
Robot 2,2.0,302,151.0,1.99,-0.010000000000000009,-66.3,2938
Robot 2,2.0,303,151.5,1.99,-0.010000000000000009,-64.6,2947
Robot 2,2.0,304,152.0,1.98,-0.020000000000000018,-65.0,2957
Robot 2,2.0,305,152.5,1.98,-0.020000000000000018,-64.8,2966
Robot 2,2.0,306,153.0,1.98,-0.020000000000000018,-64.8,2976
Robot 2,2.0,307,153.5,1.99,-0.010000000000000009,-64.6,2985
Robot 2,2.0,308,154.0,1.99,-0.010000000000000009,-64.7,2995
Robot 2,2.0,309,154.5,1.99,-0.010000000000000009,-66.0,3004
Robot 2,2.0,310,155.0,1.99,-0.010000000000000009,-65.3,3014
Robot 2,2.0,311,155.5,1.98,-0.020000000000000018,-64.9,3023
Robot 2,2.0,312,156.0,2.0,0.0,-65.6,3032
Robot 2,2.0,313,156.5,2.01,0.009999999999999787,-64.4,3042
Robot 2,2.0,314,157.0,2.01,0.009999999999999787,-64.3,3051
Robot 2,2.0,315,157.5,2.01,0.009999999999999787,-65.2,3061
Robot 2,2.0,316,158.0,2.0,0.0,-65.1,3070
Robot 2,2.0,317,158.5,2.0,0.0,-66.1,3080
Robot 2,2.0,318,159.0,2.0,0.0,-64.3,3089
Robot 2,2.0,319,159.5,2.0,0.0,-64.5,3098
Robot 2,2.0,320,160.0,1.98,-0.020000000000000018,-65.4,3108
Robot 2,2.0,321,160.5,1.99,-0.010000000000000009,-64.9,3117
Robot 2,2.0,322,161.0,1.99,-0.010000000000000009,-64.3,3127
Robot 2,2.0,323,161.5,2.01,0.009999999999999787,-64.5,3136
Robot 2,2.0,324,162.0,2.01,0.009999999999999787,-64.8,3146
Robot 2,2.0,325,162.5,2.0,0.0,-64.7,3155
Robot 2,2.0,326,163.0,2.0,0.0,-64.7,3164
Robot 2,2.0,327,163.5,1.99,-0.010000000000000009,-64.9,3174
Robot 2,2.0,328,164.0,1.99,-0.010000000000000009,-64.8,3183
Robot 2,2.0,329,164.5,1.99,-0.010000000000000009,-64.9,3193
Robot 2,2.0,330,165.0,2.01,0.009999999999999787,-70.8,3202
Robot 2,2.0,331,165.5,2.01,0.009999999999999787,-66.5,3212
Robot 2,2.0,332,166.0,2.0,0.0,-64.7,3221
Robot 2,2.0,333,166.5,2.0,0.0,-64.7,3231
Robot 2,2.0,334,167.0,1.99,-0.010000000000000009,-64.8,3240
Robot 2,2.0,335,167.5,2.0,0.0,-65.5,3249
Robot 2,2.0,336,168.0,2.0,0.0,-65.4,3259
Robot 2,2.0,337,168.5,2.01,0.009999999999999787,-65.5,3268
Robot 2,2.0,338,169.0,2.01,0.009999999999999787,-64.4,3278
Robot 2,2.0,339,169.5,2.01,0.009999999999999787,-65.8,3287
Robot 2,2.0,340,170.0,2.01,0.009999999999999787,-64.7,3297
Robot 2,2.0,341,170.5,2.0,0.0,-66.3,3306
Robot 2,2.0,342,171.0,2.0,0.0,-64.5,3315
Robot 2,2.0,343,171.5,2.02,0.020000000000000018,-65.8,3325
Robot 2,2.0,344,172.0,2.0,0.0,-64.8,3334
Robot 2,2.0,345,172.5,2.0,0.0,-65.3,3344
Robot 2,2.0,346,173.0,2.02,0.020000000000000018,-65.4,3353
Robot 2,2.0,347,173.5,2.02,0.020000000000000018,-64.8,3363
Robot 2,2.0,348,174.0,2.0,0.0,-64.4,3372
Robot 2,2.0,349,174.5,2.0,0.0,-64.6,3381
Robot 2,2.0,350,175.0,2.0,0.0,-64.3,3391
Robot 2,2.0,351,175.5,2.0,0.0,-66.1,3400
Robot 2,2.0,352,176.0,2.0,0.0,-65.3,3410
Robot 2,2.0,353,176.5,2.01,0.009999999999999787,-65.0,3419
Robot 2,2.0,354,177.0,2.01,0.009999999999999787,-64.0,3429
Robot 2,2.0,355,177.5,2.01,0.009999999999999787,-64.3,3438
Robot 2,2.0,356,178.0,2.01,0.009999999999999787,-65.8,3448
Robot 2,2.0,357,178.5,2.02,0.020000000000000018,-66.0,3457
Robot 2,2.0,358,179.0,2.01,0.009999999999999787,-64.6,3466
Robot 2,2.0,359,179.5,2.01,0.009999999999999787,-64.5,3476
Robot 2,2.0,360,180.0,1.99,-0.010000000000000009,-66.1,3485
Robot 2,2.0,361,180.5,1.99,-0.010000000000000009,-65.0,3495
Robot 2,2.0,362,181.0,2.01,0.009999999999999787,-64.6,3504
Robot 2,2.0,363,181.5,2.01,0.009999999999999787,-66.0,3514
Robot 2,2.0,364,182.0,2.02,0.020000000000000018,-64.5,3523
Robot 2,2.0,365,182.5,2.01,0.009999999999999787,-65.7,3532
Robot 2,2.0,366,183.0,2.01,0.009999999999999787,-66.3,3542
Robot 2,2.0,367,183.5,2.02,0.020000000000000018,-65.7,3551
Robot 2,2.0,368,184.0,2.02,0.020000000000000018,-64.8,3561
Robot 2,2.0,369,184.5,2.03,0.029999999999999805,-64.7,3570
Robot 2,2.0,370,185.0,2.03,0.029999999999999805,-64.6,3580
Robot 2,2.0,371,185.5,2.01,0.009999999999999787,-65.2,3589
Robot 2,2.0,372,186.0,2.01,0.009999999999999787,-65.4,3598
Robot 2,2.0,373,186.5,2.03,0.029999999999999805,-65.7,3608
Robot 2,2.0,374,187.0,2.02,0.020000000000000018,-64.8,3617
Robot 2,2.0,375,187.5,2.02,0.020000000000000018,-66.1,3627
Robot 2,2.0,376,188.0,2.03,0.029999999999999805,-64.7,3636
Robot 2,2.0,377,188.5,2.02,0.020000000000000018,-65.5,3646
Robot 2,2.0,378,189.0,2.03,0.029999999999999805,-66.2,3655
Robot 2,2.0,379,189.5,2.03,0.029999999999999805,-66.6,3665
Robot 2,2.0,380,190.0,2.02,0.020000000000000018,-65.4,3674
Robot 2,2.0,381,190.5,2.02,0.020000000000000018,-64.6,3683
Robot 2,2.0,382,191.0,2.02,0.020000000000000018,-65.0,3693
Robot 2,2.0,383,191.5,2.02,0.020000000000000018,-64.6,3702
Robot 2,2.0,384,192.0,2.02,0.020000000000000018,-65.6,3712
Robot 2,2.0,385,192.5,2.04,0.040000000000000036,-64.8,3721
Robot 2,2.0,386,193.0,2.04,0.040000000000000036,-64.7,3731
Robot 2,2.0,387,193.5,2.02,0.020000000000000018,-64.7,3740
Robot 2,2.0,388,194.0,2.03,0.029999999999999805,-65.7,3749
Robot 2,2.0,389,194.5,2.03,0.029999999999999805,-65.6,3759
Robot 2,2.0,390,195.0,2.03,0.029999999999999805,-64.6,3768
Robot 2,2.0,391,195.5,2.03,0.029999999999999805,-64.7,3778
Robot 2,2.0,392,196.0,2.02,0.020000000000000018,-65.9,3787
Robot 2,2.0,393,196.5,2.02,0.020000000000000018,-65.1,3797
Robot 2,2.0,394,197.0,2.03,0.029999999999999805,-65.8,3806
Robot 2,2.0,395,197.5,2.03,0.029999999999999805,-65.5,3815
Robot 2,2.0,396,198.0,2.04,0.040000000000000036,-65.0,3825
Robot 2,2.0,397,198.5,2.03,0.029999999999999805,-65.1,3834
Robot 2,2.0,398,199.0,2.03,0.029999999999999805,-66.8,3844
Robot 2,2.0,399,199.5,2.03,0.029999999999999805,-65.7,3853
Robot 2,2.0,400,200.0,2.03,0.029999999999999805,-65.8,3863
Robot 2,2.0,401,200.5,2.04,0.040000000000000036,-65.6,3872
Robot 2,2.0,402,201.0,2.04,0.040000000000000036,-65.5,3881
Robot 2,2.0,403,201.5,2.05,0.04999999999999982,-67.3,3891
Robot 2,2.0,404,202.0,2.03,0.029999999999999805,-65.2,3900
Robot 2,2.0,405,202.5,2.03,0.029999999999999805,-65.7,3910
Robot 2,2.0,406,203.0,2.04,0.040000000000000036,-65.1,3919
Robot 2,2.0,407,203.5,2.04,0.040000000000000036,-65.6,3929
Robot 2,2.0,408,204.0,2.03,0.029999999999999805,-65.6,3938
Robot 2,2.0,409,204.5,2.03,0.029999999999999805,-65.5,3948
Robot 2,2.0,410,205.0,2.04,0.040000000000000036,-65.9,3957
Robot 2,2.0,411,205.5,2.02,0.020000000000000018,-65.2,3966
Robot 2,2.0,412,206.0,2.02,0.020000000000000018,-66.3,3976
Robot 2,2.0,413,206.5,2.04,0.040000000000000036,-66.9,3985
Robot 2,2.0,414,207.0,2.04,0.040000000000000036,-66.0,3995
Robot 2,2.0,415,207.5,2.02,0.020000000000000018,-66.6,4004
Robot 2,2.0,416,208.0,2.02,0.020000000000000018,-65.4,4014
Robot 2,2.0,417,208.5,2.03,0.029999999999999805,-64.8,4023
Robot 2,2.0,418,209.0,2.03,0.029999999999999805,-65.3,4032
Robot 2,2.0,419,209.5,2.04,0.040000000000000036,-65.3,4042
Robot 2,2.0,420,210.0,2.03,0.029999999999999805,-65.0,4051
Robot 2,2.0,421,210.5,2.03,0.029999999999999805,-64.7,4061
Robot 2,2.0,422,211.0,2.01,0.009999999999999787,-64.6,4070
Robot 2,2.0,423,211.5,2.01,0.009999999999999787,-65.4,4080
Robot 2,2.0,424,212.0,2.04,0.040000000000000036,-65.2,4089
Robot 2,2.0,425,212.5,2.04,0.040000000000000036,-67.3,4098
Robot 2,2.0,426,213.0,2.04,0.040000000000000036,-65.6,4108
Robot 2,2.0,427,213.5,2.05,0.04999999999999982,-67.7,4117
Robot 1,3.0,0,0.0,2.42,-0.5800000000000001,-71.5,30
Robot 1,3.0,1,0.5,2.43,-0.5699999999999998,-69.4,39
Robot 1,3.0,2,1.0,2.44,-0.56,-70.2,49
Robot 1,3.0,3,1.5,2.47,-0.5299999999999998,-71.5,58
Robot 1,3.0,4,2.0,2.46,-0.54,-69.9,67
Robot 1,3.0,5,2.5,2.5,-0.5,-71.4,77
Robot 1,3.0,6,3.0,2.49,-0.5099999999999998,-72.8,86
Robot 1,3.0,7,3.5,2.52,-0.48,-71.9,96
Robot 1,3.0,8,4.0,2.52,-0.48,-72.2,105
Robot 1,3.0,9,4.5,2.57,-0.43000000000000016,-68.4,115
Robot 1,3.0,10,5.0,2.55,-0.4500000000000002,-69.1,124
Robot 1,3.0,11,5.5,2.55,-0.4500000000000002,-70.2,133
Robot 1,3.0,12,6.0,2.57,-0.43000000000000016,-71.1,143
Robot 1,3.0,13,6.5,2.59,-0.41000000000000014,-71.9,152
Robot 1,3.0,14,7.0,2.57,-0.43000000000000016,-68.5,162
Robot 1,3.0,15,7.5,2.6,-0.3999999999999999,-70.8,171
Robot 1,3.0,16,8.0,2.62,-0.3799999999999999,-70.9,181
Robot 1,3.0,17,8.5,2.64,-0.3599999999999999,-71.5,190
Robot 1,3.0,18,9.0,2.63,-0.3700000000000001,-72.8,200
Robot 1,3.0,19,9.5,2.68,-0.31999999999999984,-75.2,209
Robot 1,3.0,20,10.0,2.67,-0.33000000000000007,-72.2,218
Robot 1,3.0,21,10.5,2.67,-0.33000000000000007,-70.7,228
Robot 1,3.0,22,11.0,2.67,-0.33000000000000007,-71.9,237
Robot 1,3.0,23,11.5,2.68,-0.31999999999999984,-73.9,247
Robot 1,3.0,24,12.0,2.71,-0.29000000000000004,-72.1,256
Robot 1,3.0,25,12.5,2.69,-0.31000000000000005,-73.7,266
Robot 1,3.0,26,13.0,2.67,-0.33000000000000007,-71.9,275
Robot 1,3.0,27,13.5,2.66,-0.33999999999999986,-71.4,284
Robot 1,3.0,28,14.0,2.64,-0.3599999999999999,-71.0,294
Robot 1,3.0,29,14.5,2.64,-0.3599999999999999,-72.4,303
Robot 1,3.0,30,15.0,2.63,-0.3700000000000001,-72.9,313
Robot 1,3.0,31,15.5,2.62,-0.3799999999999999,-71.5,322
Robot 1,3.0,32,16.0,2.59,-0.41000000000000014,-71.2,332
Robot 1,3.0,33,16.5,2.59,-0.41000000000000014,-70.9,341
Robot 1,3.0,34,17.0,2.58,-0.41999999999999993,-71.0,350
Robot 1,3.0,35,17.5,2.58,-0.41999999999999993,-71.4,360
Robot 1,3.0,36,18.0,2.55,-0.4500000000000002,-72.5,369
Robot 1,3.0,37,18.5,2.58,-0.41999999999999993,-71.3,379
Robot 1,3.0,38,19.0,2.57,-0.43000000000000016,-72.5,388
Robot 1,3.0,39,19.5,2.58,-0.41999999999999993,-71.7,398
Robot 1,3.0,40,20.0,2.56,-0.43999999999999995,-70.8,407
Robot 1,3.0,41,20.5,2.59,-0.41000000000000014,-71.9,416
Robot 1,3.0,42,21.0,2.58,-0.41999999999999993,-71.6,426
Robot 1,3.0,43,21.5,2.58,-0.41999999999999993,-72.7,435
Robot 1,3.0,44,22.0,2.61,-0.3900000000000001,-71.2,445
Robot 1,3.0,45,22.5,2.6,-0.3999999999999999,-72.5,454
Robot 1,3.0,46,23.0,2.6,-0.3999999999999999,-71.1,464
Robot 1,3.0,47,23.5,2.6,-0.3999999999999999,-70.5,473
Robot 1,3.0,48,24.0,2.62,-0.3799999999999999,-71.5,483
Robot 1,3.0,49,24.5,2.61,-0.3900000000000001,-72.2,492
Robot 1,3.0,50,25.0,2.62,-0.3799999999999999,-71.6,501
Robot 1,3.0,51,25.5,2.62,-0.3799999999999999,-70.6,511
Robot 1,3.0,52,26.0,2.62,-0.3799999999999999,-72.2,520
Robot 1,3.0,53,26.5,2.64,-0.3599999999999999,-71.0,530
Robot 1,3.0,54,27.0,2.63,-0.3700000000000001,-72.5,539
Robot 1,3.0,55,27.5,2.63,-0.3700000000000001,-70.9,549
Robot 1,3.0,56,28.0,2.66,-0.33999999999999986,-70.6,558
Robot 1,3.0,57,28.5,2.66,-0.33999999999999986,-71.2,567
Robot 1,3.0,58,29.0,2.68,-0.31999999999999984,-71.3,577
Robot 1,3.0,59,29.5,2.66,-0.33999999999999986,-72.2,586
Robot 1,3.0,60,30.0,2.66,-0.33999999999999986,-72.2,596
Robot 1,3.0,61,30.5,2.67,-0.33000000000000007,-71.0,605
Robot 1,3.0,62,31.0,2.66,-0.33999999999999986,-71.4,615
Robot 1,3.0,63,31.5,2.7,-0.2999999999999998,-71.2,624
Robot 1,3.0,64,32.0,2.69,-0.31000000000000005,-71.7,633
Robot 1,3.0,65,32.5,2.69,-0.31000000000000005,-70.6,643
Robot 1,3.0,66,33.0,2.68,-0.31999999999999984,-72.2,652
Robot 1,3.0,67,33.5,2.68,-0.31999999999999984,-71.4,662
Robot 1,3.0,68,34.0,2.7,-0.2999999999999998,-73.0,671
Robot 1,3.0,69,34.5,2.7,-0.2999999999999998,-71.7,681
Robot 1,3.0,70,35.0,2.7,-0.2999999999999998,-71.2,690
Robot 1,3.0,71,35.5,2.71,-0.29000000000000004,-71.2,700
Robot 1,3.0,72,36.0,2.71,-0.29000000000000004,-70.3,709
Robot 1,3.0,73,36.5,2.73,-0.27,-72.4,718
Robot 1,3.0,74,37.0,2.72,-0.2799999999999998,-72.4,728
Robot 1,3.0,75,37.5,2.75,-0.25,-72.8,737
Robot 1,3.0,76,38.0,2.74,-0.2599999999999998,-73.0,747
Robot 1,3.0,77,38.5,2.73,-0.27,-72.3,756
Robot 1,3.0,78,39.0,2.74,-0.2599999999999998,-73.2,766
Robot 1,3.0,79,39.5,2.75,-0.25,-71.7,775
Robot 1,3.0,80,40.0,2.75,-0.25,-72.6,784
Robot 1,3.0,81,40.5,2.75,-0.25,-72.0,794
Robot 1,3.0,82,41.0,2.76,-0.2400000000000002,-72.2,803
Robot 1,3.0,83,41.5,2.76,-0.2400000000000002,-72.9,813
Robot 1,3.0,84,42.0,2.76,-0.2400000000000002,-72.2,822
Robot 1,3.0,85,42.5,2.76,-0.2400000000000002,-72.2,830
Robot 1,3.0,86,43.0,2.76,-0.2400000000000002,-72.7,839
Robot 1,3.0,87,43.5,2.77,-0.22999999999999998,-72.6,849
Robot 1,3.0,88,44.0,2.76,-0.2400000000000002,-74.0,858
Robot 1,3.0,89,44.5,2.78,-0.2200000000000002,-71.9,868
Robot 1,3.0,90,45.0,2.76,-0.2400000000000002,-72.6,877
Robot 1,3.0,91,45.5,2.8,-0.20000000000000018,-72.4,887
Robot 1,3.0,92,46.0,2.79,-0.20999999999999996,-73.3,896
Robot 1,3.0,93,46.5,2.78,-0.2200000000000002,-72.0,906
Robot 1,3.0,94,47.0,2.79,-0.20999999999999996,-71.5,915
Robot 1,3.0,95,47.5,2.81,-0.18999999999999995,-71.8,924
Robot 1,3.0,96,48.0,2.79,-0.20999999999999996,-71.9,934
Robot 1,3.0,97,48.5,2.8,-0.20000000000000018,-72.3,943
Robot 1,3.0,98,49.0,2.79,-0.20999999999999996,-71.4,953
Robot 1,3.0,99,49.5,2.79,-0.20999999999999996,-72.2,962
Robot 1,3.0,100,50.0,2.81,-0.18999999999999995,-73.3,972
Robot 1,3.0,101,50.5,2.81,-0.18999999999999995,-72.3,981
Robot 1,3.0,102,51.0,2.81,-0.18999999999999995,-72.9,990
Robot 1,3.0,103,51.5,2.8,-0.20000000000000018,-74.3,1000
Robot 1,3.0,104,52.0,2.81,-0.18999999999999995,-81.9,1009
Robot 1,3.0,105,52.5,2.82,-0.18000000000000016,-72.7,1019
Robot 1,3.0,106,53.0,2.82,-0.18000000000000016,-74.5,1028
Robot 1,3.0,107,53.5,2.84,-0.16000000000000014,-73.2,1038
Robot 1,3.0,108,54.0,2.85,-0.1499999999999999,-72.4,1047
Robot 1,3.0,109,54.5,2.83,-0.16999999999999993,-73.8,1056
Robot 1,3.0,110,55.0,2.84,-0.16000000000000014,-71.3,1066
Robot 1,3.0,111,55.5,2.85,-0.1499999999999999,-72.2,1075
Robot 1,3.0,112,56.0,2.84,-0.16000000000000014,-71.4,1085
Robot 1,3.0,113,56.5,2.85,-0.1499999999999999,-74.4,1094
Robot 1,3.0,114,57.0,2.85,-0.1499999999999999,-71.4,1104
Robot 1,3.0,115,57.5,2.86,-0.14000000000000012,-73.1,1113
Robot 1,3.0,116,58.0,2.86,-0.14000000000000012,-73.7,1123
Robot 1,3.0,117,58.5,2.86,-0.14000000000000012,-72.9,1132
Robot 1,3.0,118,59.0,2.84,-0.16000000000000014,-72.4,1141
Robot 1,3.0,119,59.5,2.86,-0.14000000000000012,-71.7,1151
Robot 1,3.0,120,60.0,2.87,-0.1299999999999999,-73.2,1160
Robot 1,3.0,121,60.5,2.86,-0.14000000000000012,-72.0,1170
Robot 1,3.0,122,61.0,2.86,-0.14000000000000012,-71.2,1179
Robot 1,3.0,123,61.5,2.88,-0.1200000000000001,-72.0,1189
Robot 1,3.0,124,62.0,2.85,-0.1499999999999999,-70.9,1198
Robot 1,3.0,125,62.5,2.85,-0.1499999999999999,-70.7,1207
Robot 1,3.0,126,63.0,2.87,-0.1299999999999999,-71.6,1217
Robot 1,3.0,127,63.5,2.87,-0.1299999999999999,-72.1,1226
Robot 1,3.0,128,64.0,2.88,-0.1200000000000001,-73.6,1236
Robot 1,3.0,129,64.5,2.89,-0.10999999999999988,-73.2,1245
Robot 1,3.0,130,65.0,2.86,-0.14000000000000012,-73.5,1255
Robot 1,3.0,131,65.5,2.88,-0.1200000000000001,-71.8,1264
Robot 1,3.0,132,66.0,2.88,-0.1200000000000001,-72.9,1273
Robot 1,3.0,133,66.5,2.9,-0.10000000000000009,-72.1,1283
Robot 1,3.0,134,67.0,2.89,-0.10999999999999988,-72.9,1292
Robot 1,3.0,135,67.5,2.88,-0.1200000000000001,-72.4,1302
Robot 1,3.0,136,68.0,2.88,-0.1200000000000001,-72.8,1311
Robot 1,3.0,137,68.5,2.91,-0.08999999999999986,-71.9,1321
Robot 1,3.0,138,69.0,2.91,-0.08999999999999986,-73.2,1330
Robot 1,3.0,139,69.5,2.91,-0.08999999999999986,-71.8,1339
Robot 1,3.0,140,70.0,2.92,-0.08000000000000007,-72.9,1349
Robot 1,3.0,141,70.5,2.93,-0.06999999999999984,-72.7,1358
Robot 1,3.0,142,71.0,2.9,-0.10000000000000009,-72.2,1368
Robot 1,3.0,143,71.5,2.92,-0.08000000000000007,-73.7,1377
Robot 1,3.0,144,72.0,2.91,-0.08999999999999986,-72.2,1387
Robot 1,3.0,145,72.5,2.91,-0.08999999999999986,-74.4,1396
Robot 1,3.0,146,73.0,2.92,-0.08000000000000007,-71.5,1406
Robot 1,3.0,147,73.5,2.92,-0.08000000000000007,-72.7,1415
Robot 1,3.0,148,74.0,2.91,-0.08999999999999986,-72.6,1424
Robot 1,3.0,149,74.5,2.94,-0.06000000000000005,-73.4,1434
Robot 1,3.0,150,75.0,2.94,-0.06000000000000005,-72.5,1443
Robot 1,3.0,151,75.5,2.93,-0.06999999999999984,-72.0,1453
Robot 1,3.0,152,76.0,2.92,-0.08000000000000007,-72.4,1462
Robot 1,3.0,153,76.5,2.92,-0.08000000000000007,-71.5,1472
Robot 1,3.0,154,77.0,2.93,-0.06999999999999984,-71.8,1481
Robot 1,3.0,155,77.5,2.94,-0.06000000000000005,-72.4,1490
Robot 1,3.0,156,78.0,2.93,-0.06999999999999984,-72.4,1500
Robot 1,3.0,157,78.5,2.93,-0.06999999999999984,-73.8,1509
Robot 1,3.0,158,79.0,2.93,-0.06999999999999984,-72.0,1519
Robot 1,3.0,159,79.5,2.92,-0.08000000000000007,-73.8,1528
Robot 1,3.0,160,80.0,2.94,-0.06000000000000005,-73.2,1538
Robot 1,3.0,161,80.5,2.95,-0.04999999999999982,-71.9,1547
Robot 1,3.0,162,81.0,2.96,-0.040000000000000036,-73.2,1556
Robot 1,3.0,163,81.5,2.95,-0.04999999999999982,-71.8,1566
Robot 1,3.0,164,82.0,2.94,-0.06000000000000005,-72.7,1575
Robot 1,3.0,165,82.5,2.93,-0.06999999999999984,-72.1,1585
Robot 1,3.0,166,83.0,2.93,-0.06999999999999984,-73.2,1594
Robot 1,3.0,167,83.5,2.94,-0.06000000000000005,-71.9,1604
Robot 1,3.0,168,84.0,2.95,-0.04999999999999982,-71.9,1613
Robot 1,3.0,169,84.5,2.94,-0.06000000000000005,-71.9,1623
Robot 1,3.0,170,85.0,2.94,-0.06000000000000005,-71.9,1632
Robot 1,3.0,171,85.5,2.96,-0.040000000000000036,-72.6,1641
Robot 1,3.0,172,86.0,2.96,-0.040000000000000036,-73.6,1651
Robot 1,3.0,173,86.5,2.95,-0.04999999999999982,-73.5,1660
Robot 1,3.0,174,87.0,2.95,-0.04999999999999982,-71.4,1670
Robot 1,3.0,175,87.5,2.95,-0.04999999999999982,-72.8,1679
Robot 1,3.0,176,88.0,2.96,-0.040000000000000036,-71.9,1689
Robot 1,3.0,177,88.5,2.95,-0.04999999999999982,-71.8,1698
Robot 1,3.0,178,89.0,2.97,-0.029999999999999805,-72.7,1707
Robot 1,3.0,179,89.5,2.98,-0.020000000000000018,-73.4,1717
Robot 1,3.0,180,90.0,2.97,-0.029999999999999805,-72.8,1726
Robot 1,3.0,181,90.5,2.97,-0.029999999999999805,-72.4,1736
Robot 1,3.0,182,91.0,2.97,-0.029999999999999805,-73.8,1745
Robot 1,3.0,183,91.5,2.95,-0.04999999999999982,-73.0,1755
Robot 1,3.0,184,92.0,2.96,-0.040000000000000036,-73.3,1764
Robot 1,3.0,185,92.5,2.98,-0.020000000000000018,-72.9,1773
Robot 1,3.0,186,93.0,2.96,-0.040000000000000036,-72.2,1783
Robot 1,3.0,187,93.5,2.96,-0.040000000000000036,-72.6,1792
Robot 1,3.0,188,94.0,2.99,-0.009999999999999787,-73.0,1802
Robot 1,3.0,189,94.5,2.98,-0.020000000000000018,-74.0,1811
Robot 1,3.0,190,95.0,2.97,-0.029999999999999805,-72.0,1821
Robot 1,3.0,191,95.5,2.97,-0.029999999999999805,-72.0,1830
Robot 1,3.0,192,96.0,2.99,-0.009999999999999787,-71.8,1839
Robot 1,3.0,193,96.5,2.99,-0.009999999999999787,-71.2,1849
Robot 1,3.0,194,97.0,2.98,-0.020000000000000018,-73.9,1858
Robot 1,3.0,195,97.5,2.98,-0.020000000000000018,-71.7,1868
Robot 1,3.0,196,98.0,2.99,-0.009999999999999787,-74.0,1877
Robot 1,3.0,197,98.5,2.98,-0.020000000000000018,-73.5,1887
Robot 1,3.0,198,99.0,2.99,-0.009999999999999787,-71.8,1896
Robot 1,3.0,199,99.5,2.99,-0.009999999999999787,-71.1,1906
Robot 1,3.0,200,100.0,2.99,-0.009999999999999787,-70.8,1915
Robot 1,3.0,201,100.5,2.99,-0.009999999999999787,-72.7,1924
Robot 1,3.0,202,101.0,3.01,0.009999999999999787,-71.5,1934
Robot 1,3.0,203,101.5,3.0,0.0,-71.5,1943
Robot 1,3.0,204,102.0,3.0,0.0,-72.1,1953
Robot 1,3.0,205,102.5,3.0,0.0,-72.5,1962
Robot 1,3.0,206,103.0,2.99,-0.009999999999999787,-69.8,1972
Robot 1,3.0,207,103.5,2.98,-0.020000000000000018,-71.6,1981
Robot 1,3.0,208,104.0,3.02,0.020000000000000018,-75.8,1990
Robot 1,3.0,209,104.5,3.01,0.009999999999999787,-73.6,2000
Robot 1,3.0,210,105.0,3.03,0.029999999999999805,-73.4,2009
Robot 1,3.0,211,105.5,2.99,-0.009999999999999787,-70.5,2019
Robot 1,3.0,212,106.0,3.0,0.0,-73.4,2028
Robot 1,3.0,213,106.5,3.02,0.020000000000000018,-73.1,2038
Robot 1,3.0,214,107.0,3.02,0.020000000000000018,-71.6,2047
Robot 1,3.0,215,107.5,3.01,0.009999999999999787,-71.9,2056
Robot 1,3.0,216,108.0,3.0,0.0,-71.6,2066
Robot 1,3.0,217,108.5,3.03,0.029999999999999805,-74.1,2075
Robot 1,3.0,218,109.0,3.04,0.040000000000000036,-73.4,2085
Robot 1,3.0,219,109.5,3.03,0.029999999999999805,-73.9,2094
Robot 1,3.0,220,110.0,3.01,0.009999999999999787,-71.7,2104
Robot 1,3.0,221,110.5,3.02,0.020000000000000018,-73.2,2113
Robot 1,3.0,222,111.0,3.02,0.020000000000000018,-71.3,2123
Robot 1,3.0,223,111.5,3.02,0.020000000000000018,-71.7,2130
Robot 1,3.0,224,112.0,3.04,0.040000000000000036,-71.9,2140
Robot 1,3.0,225,112.5,3.02,0.020000000000000018,-72.5,2149
Robot 1,3.0,226,113.0,3.03,0.029999999999999805,-71.7,2159
Robot 1,3.0,227,113.5,3.02,0.020000000000000018,-72.6,2168
Robot 1,3.0,228,114.0,3.02,0.020000000000000018,-72.6,2178
Robot 1,3.0,229,114.5,3.03,0.029999999999999805,-70.6,2187
Robot 1,3.0,230,115.0,3.03,0.029999999999999805,-70.8,2196
Robot 1,3.0,231,115.5,3.03,0.029999999999999805,-69.7,2206
Robot 1,3.0,232,116.0,3.02,0.020000000000000018,-73.4,2215
Robot 1,3.0,233,116.5,3.01,0.009999999999999787,-71.4,2225
Robot 1,3.0,234,117.0,3.01,0.009999999999999787,-72.9,2234
Robot 1,3.0,235,117.5,3.02,0.020000000000000018,-71.0,2244
Robot 1,3.0,236,118.0,3.02,0.020000000000000018,-70.2,2253
Robot 1,3.0,237,118.5,3.03,0.029999999999999805,-71.3,2262
Robot 1,3.0,238,119.0,3.03,0.029999999999999805,-70.0,2272
Robot 1,3.0,239,119.5,3.02,0.020000000000000018,-73.6,2281
Robot 1,3.0,240,120.0,3.02,0.020000000000000018,-73.5,2289
Robot 1,3.0,241,120.5,3.04,0.040000000000000036,-71.1,2299
Robot 1,3.0,242,121.0,3.05,0.04999999999999982,-72.2,2308
Robot 1,3.0,243,121.5,3.05,0.04999999999999982,-70.9,2318
Robot 1,3.0,244,122.0,3.03,0.029999999999999805,-70.3,2327
Robot 1,3.0,245,122.5,3.05,0.04999999999999982,-72.0,2336
Robot 1,3.0,246,123.0,3.04,0.040000000000000036,-71.1,2346
Robot 1,3.0,247,123.5,3.05,0.04999999999999982,-71.9,2355
Robot 1,3.0,248,124.0,3.06,0.06000000000000005,-72.2,2365
Robot 1,3.0,249,124.5,3.06,0.06000000000000005,-72.9,2374
Robot 1,3.0,250,125.0,3.05,0.04999999999999982,-72.1,2384
Robot 1,3.0,251,125.5,3.07,0.06999999999999984,-71.2,2393
Robot 1,3.0,252,126.0,3.06,0.06000000000000005,-72.0,2402
Robot 1,3.0,253,126.5,3.05,0.04999999999999982,-72.5,2412
Robot 1,3.0,254,127.0,3.04,0.040000000000000036,-72.3,2421
Robot 1,3.0,255,127.5,3.04,0.040000000000000036,-72.4,2431
Robot 1,3.0,256,128.0,3.05,0.04999999999999982,-72.0,2440
Robot 1,3.0,257,128.5,3.07,0.06999999999999984,-71.5,2450
Robot 1,3.0,258,129.0,3.07,0.06999999999999984,-72.8,2459
Robot 1,3.0,259,129.5,3.05,0.04999999999999982,-71.5,2469
Robot 1,3.0,260,130.0,3.06,0.06000000000000005,-71.1,2478
Robot 1,3.0,261,130.5,3.06,0.06000000000000005,-72.2,2487
Robot 1,3.0,262,131.0,3.08,0.08000000000000007,-71.4,2497
Robot 1,3.0,263,131.5,3.05,0.04999999999999982,-72.4,2506
Robot 1,3.0,264,132.0,3.06,0.06000000000000005,-70.9,2516
Robot 1,3.0,265,132.5,3.07,0.06999999999999984,-71.6,2525
Robot 1,3.0,266,133.0,3.07,0.06999999999999984,-72.2,2535
Robot 1,3.0,267,133.5,3.09,0.08999999999999986,-71.0,2544
Robot 1,3.0,268,134.0,3.07,0.06999999999999984,-72.0,2553
Robot 1,3.0,269,134.5,3.08,0.08000000000000007,-71.9,2563
Robot 1,3.0,270,135.0,3.06,0.06000000000000005,-71.5,2572
Robot 1,3.0,271,135.5,3.09,0.08999999999999986,-71.4,2582
Robot 1,3.0,272,136.0,3.09,0.08999999999999986,-70.9,2591
Robot 1,3.0,273,136.5,3.05,0.04999999999999982,-69.3,2601
Robot 1,3.0,274,137.0,3.06,0.06000000000000005,-70.8,2610
Robot 1,3.0,275,137.5,3.08,0.08000000000000007,-69.9,2619
Robot 1,3.0,276,138.0,3.08,0.08000000000000007,-70.2,2629
Robot 1,3.0,277,138.5,3.05,0.04999999999999982,-70.1,2638
Robot 1,3.0,278,139.0,3.07,0.06999999999999984,-70.3,2648
Robot 1,3.0,279,139.5,3.07,0.06999999999999984,-71.8,2657
Robot 1,3.0,280,140.0,3.09,0.08999999999999986,-70.5,2667
Robot 1,3.0,281,140.5,3.09,0.08999999999999986,-70.4,2676
Robot 1,3.0,282,141.0,3.06,0.06000000000000005,-69.3,2685
Robot 1,3.0,283,141.5,3.08,0.08000000000000007,-74.6,2695
Robot 1,3.0,284,142.0,3.08,0.08000000000000007,-70.8,2704
Robot 1,3.0,285,142.5,3.09,0.08999999999999986,-72.2,2714
Robot 1,3.0,286,143.0,3.09,0.08999999999999986,-72.9,2723
Robot 1,3.0,287,143.5,3.08,0.08000000000000007,-73.6,2733
Robot 1,3.0,288,144.0,3.09,0.08999999999999986,-73.5,2742
Robot 1,3.0,289,144.5,3.11,0.10999999999999988,-73.8,2752
Robot 1,3.0,290,145.0,3.09,0.08999999999999986,-72.5,2761
Robot 1,3.0,291,145.5,3.1,0.10000000000000009,-73.6,2770
Robot 1,3.0,292,146.0,3.1,0.10000000000000009,-73.0,2780
Robot 1,3.0,293,146.5,3.12,0.1200000000000001,-72.4,2789
Robot 1,3.0,294,147.0,3.08,0.08000000000000007,-70.6,2799
Robot 1,3.0,295,147.5,3.08,0.08000000000000007,-71.4,2808
Robot 1,3.0,296,148.0,3.07,0.06999999999999984,-70.3,2818
Robot 1,3.0,297,148.5,3.08,0.08000000000000007,-70.2,2827
Robot 1,3.0,298,149.0,3.08,0.08000000000000007,-71.0,2836
Robot 1,3.0,299,149.5,3.07,0.06999999999999984,-70.6,2846
Robot 1,3.0,300,150.0,3.07,0.06999999999999984,-70.8,2855
Robot 1,3.0,301,150.5,3.09,0.08999999999999986,-70.6,2865
Robot 1,3.0,302,151.0,3.08,0.08000000000000007,-71.0,2874
Robot 1,3.0,303,151.5,3.1,0.10000000000000009,-71.2,2884
Robot 1,3.0,304,152.0,3.1,0.10000000000000009,-71.4,2893
Robot 1,3.0,305,152.5,3.09,0.08999999999999986,-69.9,2902
Robot 1,3.0,306,153.0,3.1,0.10000000000000009,-71.2,2910
Robot 1,3.0,307,153.5,3.09,0.08999999999999986,-69.8,2920
Robot 1,3.0,308,154.0,3.09,0.08999999999999986,-71.1,2929
Robot 1,3.0,309,154.5,3.1,0.10000000000000009,-71.4,2939
Robot 1,3.0,310,155.0,3.1,0.10000000000000009,-70.9,2948
Robot 1,3.0,311,155.5,3.1,0.10000000000000009,-70.6,2958
Robot 1,3.0,312,156.0,3.1,0.10000000000000009,-70.7,2967
Robot 1,3.0,313,156.5,3.1,0.10000000000000009,-69.5,2976
Robot 1,3.0,314,157.0,3.11,0.10999999999999988,-70.3,2986
Robot 1,3.0,315,157.5,3.1,0.10000000000000009,-72.6,2995
Robot 1,3.0,316,158.0,3.1,0.10000000000000009,-70.3,3005
Robot 1,3.0,317,158.5,3.1,0.10000000000000009,-71.4,3014
Robot 1,3.0,318,159.0,3.1,0.10000000000000009,-71.3,3024
Robot 1,3.0,319,159.5,3.1,0.10000000000000009,-71.6,3033
Robot 1,3.0,320,160.0,3.11,0.10999999999999988,-71.0,3042
Robot 1,3.0,321,160.5,3.13,0.1299999999999999,-73.2,3052
Robot 1,3.0,322,161.0,3.12,0.1200000000000001,-72.4,3061
Robot 1,3.0,323,161.5,3.1,0.10000000000000009,-72.3,3071
Robot 1,3.0,324,162.0,3.13,0.1299999999999999,-72.4,3080
Robot 1,3.0,325,162.5,3.1,0.10000000000000009,-69.8,3090
Robot 1,3.0,326,163.0,3.1,0.10000000000000009,-70.1,3099
Robot 1,3.0,327,163.5,3.12,0.1200000000000001,-71.9,3108
Robot 1,3.0,328,164.0,3.13,0.1299999999999999,-70.7,3118
Robot 1,3.0,329,164.5,3.13,0.1299999999999999,-72.2,3127
Robot 1,3.0,330,165.0,3.14,0.14000000000000012,-72.5,3137
Robot 1,3.0,331,165.5,3.11,0.10999999999999988,-71.8,3146
Robot 1,3.0,332,166.0,3.14,0.14000000000000012,-73.5,3156
Robot 1,3.0,333,166.5,3.14,0.14000000000000012,-70.8,3165
Robot 1,3.0,334,167.0,3.13,0.1299999999999999,-72.9,3175
Robot 1,3.0,335,167.5,3.11,0.10999999999999988,-71.6,3184
Robot 1,3.0,336,168.0,3.12,0.1200000000000001,-71.0,3193
Robot 1,3.0,337,168.5,3.11,0.10999999999999988,-70.4,3203
Robot 1,3.0,338,169.0,3.12,0.1200000000000001,-70.4,3212
Robot 1,3.0,339,169.5,3.12,0.1200000000000001,-70.2,3222
Robot 1,3.0,340,170.0,3.12,0.1200000000000001,-70.6,3231
Robot 1,3.0,341,170.5,3.12,0.1200000000000001,-70.9,3241
Robot 1,3.0,342,171.0,3.13,0.1299999999999999,-71.8,3250
Robot 1,3.0,343,171.5,3.12,0.1200000000000001,-71.5,3259
Robot 1,3.0,344,172.0,3.12,0.1200000000000001,-72.3,3269
Robot 1,3.0,345,172.5,3.14,0.14000000000000012,-71.6,3278
Robot 1,3.0,346,173.0,3.13,0.1299999999999999,-73.7,3288
Robot 1,3.0,347,173.5,3.13,0.1299999999999999,-73.2,3297
Robot 1,3.0,348,174.0,3.13,0.1299999999999999,-71.9,3307
Robot 2,3.0,0,0.0,2.37,-0.6299999999999999,-68.8,10
Robot 2,3.0,1,0.5,2.39,-0.6099999999999999,-67.2,20
Robot 2,3.0,2,1.0,2.42,-0.5800000000000001,-70.1,29
Robot 2,3.0,3,1.5,2.45,-0.5499999999999998,-69.1,38
Robot 2,3.0,4,2.0,2.44,-0.56,-70.1,48
Robot 2,3.0,5,2.5,2.46,-0.54,-69.8,57
Robot 2,3.0,6,3.0,2.46,-0.54,-69.9,67
Robot 2,3.0,7,3.5,2.48,-0.52,-70.7,76
Robot 2,3.0,8,4.0,2.49,-0.5099999999999998,-72.8,86
Robot 2,3.0,9,4.5,2.52,-0.48,-73.2,95
Robot 2,3.0,10,5.0,2.52,-0.48,-72.2,105
Robot 2,3.0,11,5.5,2.57,-0.43000000000000016,-67.7,114
Robot 2,3.0,12,6.0,2.53,-0.4700000000000002,-69.8,123
Robot 2,3.0,13,6.5,2.55,-0.4500000000000002,-70.2,133
Robot 2,3.0,14,7.0,2.57,-0.43000000000000016,-71.5,142
Robot 2,3.0,15,7.5,2.59,-0.41000000000000014,-71.9,152
Robot 2,3.0,16,8.0,2.57,-0.43000000000000016,-68.4,161
Robot 2,3.0,17,8.5,2.6,-0.3999999999999999,-70.8,171
Robot 2,3.0,18,9.0,2.62,-0.3799999999999999,-70.1,180
Robot 2,3.0,19,9.5,2.61,-0.3900000000000001,-71.2,189
Robot 2,3.0,20,10.0,2.63,-0.3700000000000001,-70.8,199
Robot 2,3.0,21,10.5,2.65,-0.3500000000000001,-73.0,208
Robot 2,3.0,22,11.0,2.67,-0.33000000000000007,-72.2,218
Robot 2,3.0,23,11.5,2.67,-0.33000000000000007,-71.1,227
Robot 2,3.0,24,12.0,2.67,-0.33000000000000007,-71.9,237
Robot 2,3.0,25,12.5,2.68,-0.31999999999999984,-73.9,246
Robot 2,3.0,26,13.0,2.7,-0.2999999999999998,-72.0,255
Robot 2,3.0,27,13.5,2.69,-0.31000000000000005,-72.6,265
Robot 2,3.0,28,14.0,2.66,-0.33999999999999986,-71.6,274
Robot 2,3.0,29,14.5,2.66,-0.33999999999999986,-71.4,284
Robot 2,3.0,30,15.0,2.64,-0.3599999999999999,-71.2,293
Robot 2,3.0,31,15.5,2.64,-0.3599999999999999,-72.4,303
Robot 2,3.0,32,16.0,2.63,-0.3700000000000001,-72.5,312
Robot 2,3.0,33,16.5,2.62,-0.3799999999999999,-71.5,322
Robot 2,3.0,34,17.0,2.59,-0.41000000000000014,-71.3,331
Robot 2,3.0,35,17.5,2.59,-0.41000000000000014,-70.9,340
Robot 2,3.0,36,18.0,2.58,-0.41999999999999993,-71.0,350
Robot 2,3.0,37,18.5,2.58,-0.41999999999999993,-71.0,359
Robot 2,3.0,38,19.0,2.55,-0.4500000000000002,-72.5,369
Robot 2,3.0,39,19.5,2.58,-0.41999999999999993,-70.9,378
Robot 2,3.0,40,20.0,2.57,-0.43000000000000016,-72.5,388
Robot 2,3.0,41,20.5,2.58,-0.41999999999999993,-71.1,397
Robot 2,3.0,42,21.0,2.57,-0.43000000000000016,-70.7,406
Robot 2,3.0,43,21.5,2.59,-0.41000000000000014,-71.9,416
Robot 2,3.0,44,22.0,2.58,-0.41999999999999993,-71.8,425
Robot 2,3.0,45,22.5,2.58,-0.41999999999999993,-72.7,435
Robot 2,3.0,46,23.0,2.61,-0.3900000000000001,-71.1,444
Robot 2,3.0,47,23.5,2.6,-0.3999999999999999,-72.5,454
Robot 2,3.0,48,24.0,2.61,-0.3900000000000001,-71.2,463
Robot 2,3.0,49,24.5,2.61,-0.3900000000000001,-71.9,472
Robot 2,3.0,50,25.0,2.62,-0.3799999999999999,-71.3,482
Robot 2,3.0,51,25.5,2.61,-0.3900000000000001,-71.2,491
Robot 2,3.0,52,26.0,2.62,-0.3799999999999999,-71.6,501
Robot 2,3.0,53,26.5,2.63,-0.3700000000000001,-71.2,510
Robot 2,3.0,54,27.0,2.62,-0.3799999999999999,-72.2,520
Robot 2,3.0,55,27.5,2.64,-0.3599999999999999,-71.5,529
Robot 2,3.0,56,28.0,2.63,-0.3700000000000001,-72.5,538
Robot 2,3.0,57,28.5,2.63,-0.3700000000000001,-71.2,548
Robot 2,3.0,58,29.0,2.66,-0.33999999999999986,-71.5,557
Robot 2,3.0,59,29.5,2.66,-0.33999999999999986,-71.2,567
Robot 2,3.0,60,30.0,2.68,-0.31999999999999984,-71.8,576
Robot 2,3.0,61,30.5,2.66,-0.33999999999999986,-72.2,586
Robot 2,3.0,62,31.0,2.66,-0.33999999999999986,-71.8,595
Robot 2,3.0,63,31.5,2.67,-0.33000000000000007,-71.0,605
Robot 2,3.0,64,32.0,2.66,-0.33999999999999986,-71.1,614
Robot 2,3.0,65,32.5,2.69,-0.31000000000000005,-71.9,623
Robot 2,3.0,66,33.0,2.69,-0.31000000000000005,-71.7,633
Robot 2,3.0,67,33.5,2.68,-0.31999999999999984,-70.8,642
Robot 2,3.0,68,34.0,2.68,-0.31999999999999984,-72.2,652
Robot 2,3.0,69,34.5,2.68,-0.31999999999999984,-71.1,661
Robot 2,3.0,70,35.0,2.7,-0.2999999999999998,-73.0,671
Robot 2,3.0,71,35.5,2.69,-0.31000000000000005,-71.3,680
Robot 2,3.0,72,36.0,2.71,-0.29000000000000004,-70.8,689
Robot 2,3.0,73,36.5,2.71,-0.29000000000000004,-70.7,699
Robot 2,3.0,74,37.0,2.72,-0.2799999999999998,-71.0,708
Robot 2,3.0,75,37.5,2.73,-0.27,-72.4,718
Robot 2,3.0,76,38.0,2.73,-0.27,-71.4,727
Robot 2,3.0,77,38.5,2.75,-0.25,-72.8,737
Robot 2,3.0,78,39.0,2.73,-0.27,-71.8,746
Robot 2,3.0,79,39.5,2.74,-0.2599999999999998,-72.6,755
Robot 2,3.0,80,40.0,2.74,-0.2599999999999998,-72.8,765
Robot 2,3.0,81,40.5,2.74,-0.2599999999999998,-72.9,774
Robot 2,3.0,82,41.0,2.75,-0.25,-72.6,784
Robot 2,3.0,83,41.5,2.75,-0.25,-71.4,793
Robot 2,3.0,84,42.0,2.76,-0.2400000000000002,-72.2,803
Robot 2,3.0,85,42.5,2.76,-0.2400000000000002,-71.7,812
Robot 2,3.0,86,43.0,2.76,-0.2400000000000002,-72.2,822
Robot 2,3.0,87,43.5,2.76,-0.2400000000000002,-72.3,829
Robot 2,3.0,88,44.0,2.76,-0.2400000000000002,-72.7,839
Robot 2,3.0,89,44.5,2.76,-0.2400000000000002,-71.5,848
Robot 2,3.0,90,45.0,2.76,-0.2400000000000002,-74.0,858
Robot 2,3.0,91,45.5,2.78,-0.2200000000000002,-73.4,867
Robot 2,3.0,92,46.0,2.76,-0.2400000000000002,-72.6,877
Robot 2,3.0,93,46.5,2.8,-0.20000000000000018,-73.7,886
Robot 2,3.0,94,47.0,2.79,-0.20999999999999996,-80.4,895
Robot 2,3.0,95,47.5,2.78,-0.2200000000000002,-72.2,905
Robot 2,3.0,96,48.0,2.78,-0.2200000000000002,-71.9,914
Robot 2,3.0,97,48.5,2.81,-0.18999999999999995,-71.8,924
Robot 2,3.0,98,49.0,2.79,-0.20999999999999996,-71.6,933
Robot 2,3.0,99,49.5,2.8,-0.20000000000000018,-72.3,943
Robot 2,3.0,100,50.0,2.8,-0.20000000000000018,-72.6,952
Robot 2,3.0,101,50.5,2.79,-0.20999999999999996,-72.2,962
Robot 2,3.0,102,51.0,2.81,-0.18999999999999995,-71.6,971
Robot 2,3.0,103,51.5,2.81,-0.18999999999999995,-72.8,980
Robot 2,3.0,104,52.0,2.81,-0.18999999999999995,-72.9,990
Robot 2,3.0,105,52.5,2.8,-0.20000000000000018,-72.6,999
Robot 2,3.0,106,53.0,2.81,-0.18999999999999995,-81.9,1009
Robot 2,3.0,107,53.5,2.83,-0.16999999999999993,-73.4,1018
Robot 2,3.0,108,54.0,2.82,-0.18000000000000016,-74.5,1028
Robot 2,3.0,109,54.5,2.84,-0.16000000000000014,-73.4,1037
Robot 2,3.0,110,55.0,2.85,-0.1499999999999999,-73.0,1046
Robot 2,3.0,111,55.5,2.83,-0.16999999999999993,-73.8,1056
Robot 2,3.0,112,56.0,2.84,-0.16000000000000014,-72.0,1065
Robot 2,3.0,113,56.5,2.85,-0.1499999999999999,-72.2,1075
Robot 2,3.0,114,57.0,2.84,-0.16000000000000014,-71.0,1084
Robot 2,3.0,115,57.5,2.85,-0.1499999999999999,-74.4,1094
Robot 2,3.0,116,58.0,2.85,-0.1499999999999999,-70.8,1103
Robot 2,3.0,117,58.5,2.85,-0.1499999999999999,-72.5,1112
Robot 2,3.0,118,59.0,2.84,-0.16000000000000014,-71.8,1122
Robot 2,3.0,119,59.5,2.86,-0.14000000000000012,-71.9,1131
Robot 2,3.0,120,60.0,2.84,-0.16000000000000014,-72.4,1141
Robot 2,3.0,121,60.5,2.85,-0.1499999999999999,-71.5,1150
Robot 2,3.0,122,61.0,2.87,-0.1299999999999999,-73.2,1160
Robot 2,3.0,123,61.5,2.87,-0.1299999999999999,-72.4,1169
Robot 2,3.0,124,62.0,2.86,-0.14000000000000012,-71.2,1178
Robot 2,3.0,125,62.5,2.88,-0.1200000000000001,-74.1,1188
Robot 2,3.0,126,63.0,2.86,-0.14000000000000012,-70.9,1197
Robot 2,3.0,127,63.5,2.85,-0.1499999999999999,-70.7,1207
Robot 2,3.0,128,64.0,2.87,-0.1299999999999999,-73.2,1216
Robot 2,3.0,129,64.5,2.87,-0.1299999999999999,-72.1,1226
Robot 2,3.0,130,65.0,2.86,-0.14000000000000012,-72.0,1235
Robot 2,3.0,131,65.5,2.89,-0.10999999999999988,-73.2,1245
Robot 2,3.0,132,66.0,2.86,-0.14000000000000012,-73.2,1254
Robot 2,3.0,133,66.5,2.88,-0.1200000000000001,-71.3,1263
Robot 2,3.0,134,67.0,2.88,-0.1200000000000001,-72.9,1273
Robot 2,3.0,135,67.5,2.89,-0.10999999999999988,-72.8,1282
Robot 2,3.0,136,68.0,2.89,-0.10999999999999988,-72.9,1292
Robot 2,3.0,137,68.5,2.9,-0.10000000000000009,-71.9,1301
Robot 2,3.0,138,69.0,2.88,-0.1200000000000001,-72.8,1311
Robot 2,3.0,139,69.5,2.91,-0.08999999999999986,-71.5,1320
Robot 2,3.0,140,70.0,2.91,-0.08999999999999986,-72.3,1329
Robot 2,3.0,141,70.5,2.91,-0.08999999999999986,-71.8,1339
Robot 2,3.0,142,71.0,2.92,-0.08000000000000007,-73.2,1348
Robot 2,3.0,143,71.5,2.93,-0.06999999999999984,-72.7,1358
Robot 2,3.0,144,72.0,2.9,-0.10000000000000009,-71.4,1367
Robot 2,3.0,145,72.5,2.92,-0.08000000000000007,-73.7,1377
Robot 2,3.0,146,73.0,2.92,-0.08000000000000007,-72.8,1386
Robot 2,3.0,147,73.5,2.91,-0.08999999999999986,-74.4,1395
Robot 2,3.0,148,74.0,2.91,-0.08999999999999986,-72.2,1405
Robot 2,3.0,149,74.5,2.93,-0.06999999999999984,-71.7,1414
Robot 2,3.0,150,75.0,2.91,-0.08999999999999986,-72.6,1424
Robot 2,3.0,151,75.5,2.92,-0.08000000000000007,-73.6,1433
Robot 2,3.0,152,76.0,2.94,-0.06000000000000005,-72.5,1443
Robot 2,3.0,153,76.5,2.93,-0.06999999999999984,-72.4,1452
Robot 2,3.0,154,77.0,2.92,-0.08000000000000007,-72.4,1462
Robot 2,3.0,155,77.5,2.92,-0.08000000000000007,-72.6,1471
Robot 2,3.0,156,78.0,2.93,-0.06999999999999984,-72.4,1480
Robot 2,3.0,157,78.5,2.94,-0.06000000000000005,-72.4,1490
Robot 2,3.0,158,79.0,2.93,-0.06999999999999984,-71.8,1499
Robot 2,3.0,159,79.5,2.93,-0.06999999999999984,-73.8,1509
Robot 2,3.0,160,80.0,2.94,-0.06000000000000005,-72.6,1518
Robot 2,3.0,161,80.5,2.92,-0.08000000000000007,-73.8,1528
Robot 2,3.0,162,81.0,2.94,-0.06000000000000005,-72.8,1537
Robot 2,3.0,163,81.5,2.94,-0.06000000000000005,-72.8,1546
Robot 2,3.0,164,82.0,2.96,-0.040000000000000036,-73.2,1556
Robot 2,3.0,165,82.5,2.96,-0.040000000000000036,-72.3,1565
Robot 2,3.0,166,83.0,2.94,-0.06000000000000005,-72.7,1575
Robot 2,3.0,167,83.5,2.93,-0.06999999999999984,-71.8,1584
Robot 2,3.0,168,84.0,2.93,-0.06999999999999984,-73.2,1594
Robot 2,3.0,169,84.5,2.94,-0.06000000000000005,-71.9,1603
Robot 2,3.0,170,85.0,2.95,-0.04999999999999982,-72.3,1612
Robot 2,3.0,171,85.5,2.94,-0.06000000000000005,-71.3,1622
Robot 2,3.0,172,86.0,2.95,-0.04999999999999982,-72.9,1631
Robot 2,3.0,173,86.5,2.96,-0.040000000000000036,-72.6,1641
Robot 2,3.0,174,87.0,2.97,-0.029999999999999805,-73.2,1650
Robot 2,3.0,175,87.5,2.95,-0.04999999999999982,-73.5,1660
Robot 2,3.0,176,88.0,2.95,-0.04999999999999982,-72.9,1669
Robot 2,3.0,177,88.5,2.95,-0.04999999999999982,-72.8,1679
Robot 2,3.0,178,89.0,2.97,-0.029999999999999805,-72.1,1688
Robot 2,3.0,179,89.5,2.95,-0.04999999999999982,-71.8,1697
Robot 2,3.0,180,90.0,2.97,-0.029999999999999805,-72.7,1707
Robot 2,3.0,181,90.5,2.96,-0.040000000000000036,-72.4,1716
Robot 2,3.0,182,91.0,2.97,-0.029999999999999805,-72.8,1726
Robot 2,3.0,183,91.5,2.98,-0.020000000000000018,-72.2,1735
Robot 2,3.0,184,92.0,2.97,-0.029999999999999805,-73.8,1745
Robot 2,3.0,185,92.5,2.95,-0.04999999999999982,-72.6,1754
Robot 2,3.0,186,93.0,2.97,-0.029999999999999805,-72.9,1763
Robot 2,3.0,187,93.5,2.98,-0.020000000000000018,-72.9,1773
Robot 2,3.0,188,94.0,2.97,-0.029999999999999805,-72.6,1782
Robot 2,3.0,189,94.5,2.96,-0.040000000000000036,-72.6,1792
Robot 2,3.0,190,95.0,2.96,-0.040000000000000036,-71.9,1801
Robot 2,3.0,191,95.5,2.98,-0.020000000000000018,-74.0,1811
Robot 2,3.0,192,96.0,2.98,-0.020000000000000018,-72.6,1820
Robot 2,3.0,193,96.5,2.99,-0.009999999999999787,-74.2,1829
Robot 2,3.0,194,97.0,2.99,-0.009999999999999787,-71.8,1839
Robot 2,3.0,195,97.5,2.99,-0.009999999999999787,-71.3,1848
Robot 2,3.0,196,98.0,2.98,-0.020000000000000018,-73.9,1858
Robot 2,3.0,197,98.5,2.98,-0.020000000000000018,-72.2,1867
Robot 2,3.0,198,99.0,2.99,-0.009999999999999787,-74.0,1877
Robot 2,3.0,199,99.5,2.98,-0.020000000000000018,-72.5,1886
Robot 2,3.0,200,100.0,2.99,-0.009999999999999787,-71.8,1896
Robot 2,3.0,201,100.5,2.99,-0.009999999999999787,-71.4,1905
Robot 2,3.0,202,101.0,3.0,0.0,-72.2,1914
Robot 2,3.0,203,101.5,2.99,-0.009999999999999787,-72.7,1924
Robot 2,3.0,204,102.0,3.01,0.009999999999999787,-71.3,1933
Robot 2,3.0,205,102.5,3.0,0.0,-71.5,1943
Robot 2,3.0,206,103.0,3.0,0.0,-74.7,1952
Robot 2,3.0,207,103.5,3.0,0.0,-72.5,1962
Robot 2,3.0,208,104.0,2.99,-0.009999999999999787,-70.8,1971
Robot 2,3.0,209,104.5,2.98,-0.020000000000000018,-71.6,1980
Robot 2,3.0,210,105.0,3.02,0.020000000000000018,-75.8,1990
Robot 2,3.0,211,105.5,3.02,0.020000000000000018,-74.0,1999
Robot 2,3.0,212,106.0,3.03,0.029999999999999805,-73.4,2009
Robot 2,3.0,213,106.5,2.98,-0.020000000000000018,-71.9,2018
Robot 2,3.0,214,107.0,3.0,0.0,-73.4,2028
Robot 2,3.0,215,107.5,3.02,0.020000000000000018,-73.6,2037
Robot 2,3.0,216,108.0,3.02,0.020000000000000018,-73.9,2046
Robot 2,3.0,217,108.5,3.01,0.009999999999999787,-71.9,2056
Robot 2,3.0,218,109.0,3.0,0.0,-71.5,2065
Robot 2,3.0,219,109.5,3.03,0.029999999999999805,-74.1,2075
Robot 2,3.0,220,110.0,3.03,0.029999999999999805,-73.0,2084
Robot 2,3.0,221,110.5,3.03,0.029999999999999805,-73.9,2094
Robot 2,3.0,222,111.0,3.0,0.0,-71.8,2103
Robot 2,3.0,223,111.5,3.02,0.020000000000000018,-73.2,2113
Robot 2,3.0,224,112.0,3.02,0.020000000000000018,-71.7,2122
Robot 2,3.0,225,112.5,3.02,0.020000000000000018,-71.7,2131
Robot 2,3.0,226,113.0,3.03,0.029999999999999805,-72.6,2140
Robot 2,3.0,227,113.5,3.02,0.020000000000000018,-72.5,2150
Robot 2,3.0,228,114.0,3.03,0.029999999999999805,-71.8,2159
Robot 2,3.0,229,114.5,3.02,0.020000000000000018,-72.6,2169
Robot 2,3.0,230,115.0,3.02,0.020000000000000018,-72.0,2178
Robot 2,3.0,231,115.5,3.02,0.020000000000000018,-72.2,2187
Robot 2,3.0,232,116.0,3.03,0.029999999999999805,-70.8,2197
Robot 2,3.0,233,116.5,3.03,0.029999999999999805,-70.2,2206
Robot 2,3.0,234,117.0,3.02,0.020000000000000018,-73.4,2216
Robot 2,3.0,235,117.5,3.01,0.009999999999999787,-70.7,2225
Robot 2,3.0,236,118.0,3.01,0.009999999999999787,-72.9,2235
Robot 2,3.0,237,118.5,3.02,0.020000000000000018,-70.6,2244
Robot 2,3.0,238,119.0,3.04,0.040000000000000036,-71.7,2253
Robot 2,3.0,239,119.5,3.03,0.029999999999999805,-71.3,2263
Robot 2,3.0,240,120.0,3.03,0.029999999999999805,-69.9,2272
Robot 2,3.0,241,120.5,3.02,0.020000000000000018,-73.6,2282
Robot 2,3.0,242,121.0,3.02,0.020000000000000018,-73.5,2290
Robot 2,3.0,243,121.5,3.03,0.029999999999999805,-71.0,2299
Robot 2,3.0,244,122.0,3.05,0.04999999999999982,-72.2,2309
Robot 2,3.0,245,122.5,3.05,0.04999999999999982,-71.1,2318
Robot 2,3.0,246,123.0,3.06,0.06000000000000005,-73.1,2327
Robot 2,3.0,247,123.5,3.05,0.04999999999999982,-72.0,2337
Robot 2,3.0,248,124.0,3.04,0.040000000000000036,-71.6,2346
Robot 2,3.0,249,124.5,3.05,0.04999999999999982,-71.9,2356
Robot 2,3.0,250,125.0,3.06,0.06000000000000005,-72.4,2365
Robot 2,3.0,251,125.5,3.06,0.06000000000000005,-72.9,2375
Robot 2,3.0,252,126.0,3.05,0.04999999999999982,-72.1,2384
Robot 2,3.0,253,126.5,3.06,0.06000000000000005,-72.5,2393
Robot 2,3.0,254,127.0,3.06,0.06000000000000005,-72.0,2403
Robot 2,3.0,255,127.5,3.06,0.06000000000000005,-71.1,2412
Robot 2,3.0,256,128.0,3.04,0.040000000000000036,-72.3,2422
Robot 2,3.0,257,128.5,3.04,0.040000000000000036,-70.8,2431
Robot 2,3.0,258,129.0,3.05,0.04999999999999982,-72.0,2441
Robot 2,3.0,259,129.5,3.08,0.08000000000000007,-72.5,2450
Robot 2,3.0,260,130.0,3.07,0.06999999999999984,-72.8,2460
Robot 2,3.0,261,130.5,3.05,0.04999999999999982,-76.4,2469
Robot 2,3.0,262,131.0,3.06,0.06000000000000005,-71.2,2478
Robot 2,3.0,263,131.5,3.06,0.06000000000000005,-72.2,2488
Robot 2,3.0,264,132.0,3.08,0.08000000000000007,-72.7,2497
Robot 2,3.0,265,132.5,3.05,0.04999999999999982,-72.4,2507
Robot 2,3.0,266,133.0,3.06,0.06000000000000005,-70.7,2516
Robot 2,3.0,267,133.5,3.07,0.06999999999999984,-71.6,2526
Robot 2,3.0,268,134.0,3.07,0.06999999999999984,-71.4,2535
Robot 2,3.0,269,134.5,3.08,0.08000000000000007,-71.7,2544
Robot 2,3.0,270,135.0,3.07,0.06999999999999984,-72.0,2554
Robot 2,3.0,271,135.5,3.09,0.08999999999999986,-71.7,2563
Robot 2,3.0,272,136.0,3.06,0.06000000000000005,-71.5,2573
Robot 2,3.0,273,136.5,3.09,0.08999999999999986,-70.5,2582
Robot 2,3.0,274,137.0,3.09,0.08999999999999986,-70.9,2592
Robot 2,3.0,275,137.5,3.06,0.06000000000000005,-70.2,2601
Robot 2,3.0,276,138.0,3.05,0.04999999999999982,-70.4,2610
Robot 2,3.0,277,138.5,3.08,0.08000000000000007,-69.9,2620
Robot 2,3.0,278,139.0,3.08,0.08000000000000007,-70.5,2629
Robot 2,3.0,279,139.5,3.05,0.04999999999999982,-70.1,2639
Robot 2,3.0,280,140.0,3.07,0.06999999999999984,-70.5,2648
Robot 2,3.0,281,140.5,3.07,0.06999999999999984,-71.8,2658
Robot 2,3.0,282,141.0,3.09,0.08999999999999986,-69.1,2667
Robot 2,3.0,283,141.5,3.09,0.08999999999999986,-70.4,2677
Robot 2,3.0,284,142.0,3.06,0.06000000000000005,-69.3,2686
Robot 2,3.0,285,142.5,3.08,0.08000000000000007,-74.1,2695
Robot 2,3.0,286,143.0,3.08,0.08000000000000007,-70.8,2705
Robot 2,3.0,287,143.5,3.09,0.08999999999999986,-74.7,2714
Robot 2,3.0,288,144.0,3.09,0.08999999999999986,-72.9,2724
Robot 2,3.0,289,144.5,3.09,0.08999999999999986,-73.7,2733
Robot 2,3.0,290,145.0,3.09,0.08999999999999986,-73.5,2743
Robot 2,3.0,291,145.5,3.11,0.10999999999999988,-74.1,2752
Robot 2,3.0,292,146.0,3.09,0.08999999999999986,-73.0,2761
Robot 2,3.0,293,146.5,3.1,0.10000000000000009,-73.6,2771
Robot 2,3.0,294,147.0,3.1,0.10000000000000009,-72.8,2780
Robot 2,3.0,295,147.5,3.12,0.1200000000000001,-72.4,2790
Robot 2,3.0,296,148.0,3.08,0.08000000000000007,-69.7,2799
Robot 2,3.0,297,148.5,3.08,0.08000000000000007,-71.4,2809
Robot 2,3.0,298,149.0,3.08,0.08000000000000007,-69.8,2818
Robot 2,3.0,299,149.5,3.08,0.08000000000000007,-71.0,2827
Robot 2,3.0,300,150.0,3.08,0.08000000000000007,-71.0,2837
Robot 2,3.0,301,150.5,3.07,0.06999999999999984,-69.8,2846
Robot 2,3.0,302,151.0,3.07,0.06999999999999984,-70.8,2856
Robot 2,3.0,303,151.5,3.09,0.08999999999999986,-69.5,2865
Robot 2,3.0,304,152.0,3.08,0.08000000000000007,-71.0,2875
Robot 2,3.0,305,152.5,3.1,0.10000000000000009,-70.7,2884
Robot 2,3.0,306,153.0,3.1,0.10000000000000009,-71.4,2893
Robot 2,3.0,307,153.5,3.09,0.08999999999999986,-69.9,2903
Robot 2,3.0,308,154.0,3.1,0.10000000000000009,-71.2,2911
Robot 2,3.0,309,154.5,3.09,0.08999999999999986,-71.1,2920
Robot 2,3.0,310,155.0,3.09,0.08999999999999986,-71.1,2930
Robot 2,3.0,311,155.5,3.1,0.10000000000000009,-71.5,2939
Robot 2,3.0,312,156.0,3.1,0.10000000000000009,-70.9,2949
Robot 2,3.0,313,156.5,3.1,0.10000000000000009,-70.3,2958
Robot 2,3.0,314,157.0,3.1,0.10000000000000009,-71.4,2967
Robot 2,3.0,315,157.5,3.1,0.10000000000000009,-69.5,2977
Robot 2,3.0,316,158.0,3.11,0.10999999999999988,-69.8,2986
Robot 2,3.0,317,158.5,3.1,0.10000000000000009,-72.6,2996
Robot 2,3.0,318,159.0,3.11,0.10999999999999988,-71.0,3005
Robot 2,3.0,319,159.5,3.1,0.10000000000000009,-71.4,3015
Robot 2,3.0,320,160.0,3.1,0.10000000000000009,-70.9,3024
Robot 2,3.0,321,160.5,3.1,0.10000000000000009,-70.9,3033
Robot 2,3.0,322,161.0,3.11,0.10999999999999988,-71.0,3043
Robot 2,3.0,323,161.5,3.13,0.1299999999999999,-74.3,3052
Robot 2,3.0,324,162.0,3.12,0.1200000000000001,-72.4,3062
Robot 2,3.0,325,162.5,3.1,0.10000000000000009,-72.0,3071
Robot 2,3.0,326,163.0,3.13,0.1299999999999999,-72.4,3081
Robot 2,3.0,327,163.5,3.11,0.10999999999999988,-71.0,3090
Robot 2,3.0,328,164.0,3.1,0.10000000000000009,-70.1,3100
Robot 2,3.0,329,164.5,3.12,0.1200000000000001,-71.9,3109
Robot 2,3.0,330,165.0,3.13,0.1299999999999999,-71.6,3118
Robot 2,3.0,331,165.5,3.13,0.1299999999999999,-72.2,3128
Robot 2,3.0,332,166.0,3.15,0.1499999999999999,-73.4,3137
Robot 2,3.0,333,166.5,3.11,0.10999999999999988,-71.8,3147
Robot 2,3.0,334,167.0,3.13,0.1299999999999999,-73.3,3156
Robot 2,3.0,335,167.5,3.14,0.14000000000000012,-70.8,3166
Robot 2,3.0,336,168.0,3.12,0.1200000000000001,-73.3,3175
Robot 2,3.0,337,168.5,3.11,0.10999999999999988,-71.8,3184
Robot 2,3.0,338,169.0,3.12,0.1200000000000001,-71.0,3194
Robot 2,3.0,339,169.5,3.12,0.1200000000000001,-70.6,3203
Robot 2,3.0,340,170.0,3.12,0.1200000000000001,-70.4,3213
Robot 2,3.0,341,170.5,3.12,0.1200000000000001,-70.4,3222
Robot 2,3.0,342,171.0,3.12,0.1200000000000001,-70.6,3232
Robot 2,3.0,343,171.5,3.12,0.1200000000000001,-72.2,3241
Robot 2,3.0,344,172.0,3.12,0.1200000000000001,-70.3,3250
Robot 2,3.0,345,172.5,3.12,0.1200000000000001,-71.5,3260
Robot 2,3.0,346,173.0,3.12,0.1200000000000001,-72.5,3269
Robot 2,3.0,347,173.5,3.14,0.14000000000000012,-71.6,3279
Robot 2,3.0,348,174.0,3.12,0.1200000000000001,-73.7,3288
Robot 2,3.0,349,174.5,3.13,0.1299999999999999,-73.2,3298
Robot 2,3.0,350,175.0,3.12,0.1200000000000001,-72.3,3307
Robot 2,3.0,351,175.5,3.13,0.1299999999999999,-72.8,3317
Robot 2,3.0,352,176.0,3.13,0.1299999999999999,-72.0,3326
Robot 1,4.0,0,0.0,3.72,-0.2799999999999998,-76.3,30
Robot 1,4.0,1,0.5,3.74,-0.2599999999999998,-77.0,39
Robot 1,4.0,2,1.0,3.77,-0.22999999999999998,-74.1,49
Robot 1,4.0,3,1.5,3.76,-0.2400000000000002,-82.4,58
Robot 1,4.0,4,2.0,3.82,-0.18000000000000016,-78.1,67
Robot 1,4.0,5,2.5,3.82,-0.18000000000000016,-77.3,77
Robot 1,4.0,6,3.0,3.81,-0.18999999999999995,-74.7,86
Robot 1,4.0,7,3.5,3.81,-0.18999999999999995,-74.5,96
Robot 1,4.0,8,4.0,3.81,-0.18999999999999995,-73.9,105
Robot 1,4.0,9,4.5,3.81,-0.18999999999999995,-75.7,115
Robot 1,4.0,10,5.0,3.88,-0.1200000000000001,-76.6,124
Robot 1,4.0,11,5.5,3.88,-0.1200000000000001,-75.3,133
Robot 1,4.0,12,6.0,3.88,-0.1200000000000001,-74.6,143
Robot 1,4.0,13,6.5,3.91,-0.08999999999999986,-76.4,152
Robot 1,4.0,14,7.0,3.91,-0.08999999999999986,-75.8,162
Robot 1,4.0,15,7.5,3.91,-0.08999999999999986,-73.0,171
Robot 1,4.0,16,8.0,3.91,-0.08999999999999986,-74.0,181
Robot 1,4.0,17,8.5,3.95,-0.04999999999999982,-76.2,190
Robot 1,4.0,18,9.0,4.0,0.0,-75.3,200
Robot 1,4.0,19,9.5,4.0,0.0,-74.3,209
Robot 1,4.0,20,10.0,3.99,-0.009999999999999787,-73.7,218
Robot 1,4.0,21,10.5,3.99,-0.009999999999999787,-74.1,228
Robot 1,4.0,22,11.0,4.01,0.009999999999999787,-73.1,237
Robot 1,4.0,23,11.5,4.01,0.009999999999999787,-73.7,247
Robot 1,4.0,24,12.0,3.98,-0.020000000000000018,-71.0,256
Robot 1,4.0,25,12.5,4.0,0.0,-70.8,266
Robot 1,4.0,26,13.0,4.0,0.0,-71.9,275
Robot 1,4.0,27,13.5,3.96,-0.040000000000000036,-71.0,284
Robot 1,4.0,28,14.0,3.96,-0.040000000000000036,-72.4,294
Robot 1,4.0,29,14.5,3.94,-0.06000000000000005,-73.7,303
Robot 1,4.0,30,15.0,3.94,-0.06000000000000005,-71.5,313
Robot 1,4.0,31,15.5,3.88,-0.1200000000000001,-72.1,322
Robot 1,4.0,32,16.0,3.86,-0.14000000000000012,-72.1,332
Robot 1,4.0,33,16.5,3.86,-0.14000000000000012,-73.7,341
Robot 1,4.0,34,17.0,3.87,-0.1299999999999999,-71.3,350
Robot 1,4.0,35,17.5,3.87,-0.1299999999999999,-72.9,360
Robot 1,4.0,36,18.0,3.89,-0.10999999999999988,-76.1,369
Robot 1,4.0,37,18.5,3.89,-0.10999999999999988,-75.3,379
Robot 1,4.0,38,19.0,3.89,-0.10999999999999988,-73.7,388
Robot 1,4.0,39,19.5,3.89,-0.10999999999999988,-76.1,398
Robot 1,4.0,40,20.0,3.92,-0.08000000000000007,-76.6,407
Robot 1,4.0,41,20.5,3.91,-0.08999999999999986,-72.3,416
Robot 1,4.0,42,21.0,3.91,-0.08999999999999986,-73.2,426
Robot 1,4.0,43,21.5,3.93,-0.06999999999999984,-75.3,435
Robot 1,4.0,44,22.0,3.93,-0.06999999999999984,-75.1,445
Robot 1,4.0,45,22.5,3.94,-0.06000000000000005,-75.9,454
Robot 1,4.0,46,23.0,3.94,-0.06000000000000005,-78.0,464
Robot 1,4.0,47,23.5,3.98,-0.020000000000000018,-75.1,473
Robot 1,4.0,48,24.0,3.95,-0.04999999999999982,-73.8,483
Robot 1,4.0,49,24.5,3.95,-0.04999999999999982,-74.6,492
Robot 1,4.0,50,25.0,3.95,-0.04999999999999982,-74.8,501
Robot 1,4.0,51,25.5,3.95,-0.04999999999999982,-74.5,511
Robot 1,4.0,52,26.0,3.96,-0.040000000000000036,-73.5,520
Robot 1,4.0,53,26.5,3.96,-0.040000000000000036,-74.0,530
Robot 1,4.0,54,27.0,3.97,-0.029999999999999805,-72.7,539
Robot 1,4.0,55,27.5,3.95,-0.04999999999999982,-73.7,549
Robot 1,4.0,56,28.0,3.95,-0.04999999999999982,-76.2,558
Robot 1,4.0,57,28.5,4.01,0.009999999999999787,-75.2,567
Robot 1,4.0,58,29.0,4.01,0.009999999999999787,-76.2,577
Robot 1,4.0,59,29.5,4.02,0.019999999999999574,-74.2,586
Robot 1,4.0,60,30.0,4.02,0.019999999999999574,-77.9,596
Robot 1,4.0,61,30.5,4.04,0.040000000000000036,-77.7,605
Robot 1,4.0,62,31.0,4.04,0.040000000000000036,-75.8,615
Robot 1,4.0,63,31.5,4.04,0.040000000000000036,-76.7,624
Robot 1,4.0,64,32.0,4.04,0.040000000000000036,-77.0,633
Robot 1,4.0,65,32.5,4.04,0.040000000000000036,-75.6,643
Robot 1,4.0,66,33.0,4.05,0.04999999999999982,-74.8,652
Robot 1,4.0,67,33.5,4.05,0.04999999999999982,-72.3,662
Robot 1,4.0,68,34.0,4.01,0.009999999999999787,-73.9,671
Robot 1,4.0,69,34.5,4.01,0.009999999999999787,-75.1,681
Robot 1,4.0,70,35.0,4.06,0.05999999999999961,-74.3,690
Robot 1,4.0,71,35.5,4.03,0.03000000000000025,-73.8,700
Robot 1,4.0,72,36.0,4.03,0.03000000000000025,-73.6,709
Robot 1,4.0,73,36.5,4.06,0.05999999999999961,-73.4,718
Robot 1,4.0,74,37.0,4.06,0.05999999999999961,-75.2,728
Robot 1,4.0,75,37.5,4.06,0.05999999999999961,-76.2,737
Robot 1,4.0,76,38.0,4.06,0.05999999999999961,-76.1,747
Robot 1,4.0,77,38.5,4.08,0.08000000000000007,-76.0,756
Robot 1,4.0,78,39.0,4.08,0.08000000000000007,-75.4,766
Robot 1,4.0,79,39.5,4.08,0.08000000000000007,-74.6,775
Robot 1,4.0,80,40.0,4.08,0.08000000000000007,-74.9,784
Robot 1,4.0,81,40.5,4.08,0.08000000000000007,-80.9,794
Robot 1,4.0,82,41.0,4.08,0.08000000000000007,-80.9,803
Robot 1,4.0,83,41.5,4.08,0.08000000000000007,-75.8,813
Robot 1,4.0,84,42.0,4.08,0.08000000000000007,-76.5,822
Robot 1,4.0,85,42.5,4.08,0.08000000000000007,-73.8,832
Robot 1,4.0,86,43.0,4.09,0.08999999999999986,-77.3,841
Robot 1,4.0,87,43.5,4.1,0.09999999999999964,-74.8,850
Robot 1,4.0,88,44.0,4.1,0.09999999999999964,-76.8,860
Robot 1,4.0,89,44.5,4.12,0.1200000000000001,-75.5,869
Robot 1,4.0,90,45.0,4.12,0.1200000000000001,-73.1,879
Robot 1,4.0,91,45.5,4.11,0.11000000000000032,-73.6,888
Robot 1,4.0,92,46.0,4.11,0.11000000000000032,-74.1,898
Robot 1,4.0,93,46.5,4.12,0.1200000000000001,-73.1,907
Robot 1,4.0,94,47.0,4.12,0.1200000000000001,-73.7,916
Robot 1,4.0,95,47.5,4.12,0.1200000000000001,-73.8,926
Robot 1,4.0,96,48.0,4.12,0.1200000000000001,-73.4,935
Robot 1,4.0,97,48.5,4.12,0.1200000000000001,-75.2,945
Robot 1,4.0,98,49.0,4.15,0.15000000000000036,-80.5,954
Robot 1,4.0,99,49.5,4.15,0.15000000000000036,-79.2,964
Robot 1,4.0,100,50.0,4.21,0.20999999999999996,-78.1,973
Robot 1,4.0,101,50.5,4.13,0.1299999999999999,-75.2,983
Robot 1,4.0,102,51.0,4.13,0.1299999999999999,-75.5,992
Robot 1,4.0,103,51.5,4.13,0.1299999999999999,-73.2,1001
Robot 1,4.0,104,52.0,4.13,0.1299999999999999,-75.2,1011
Robot 1,4.0,105,52.5,4.2,0.20000000000000018,-75.9,1020
Robot 1,4.0,106,53.0,4.12,0.1200000000000001,-76.3,1030
Robot 1,4.0,107,53.5,4.18,0.17999999999999972,-83.1,1039
Robot 1,4.0,108,54.0,4.18,0.17999999999999972,-81.1,1049
Robot 1,4.0,109,54.5,4.21,0.20999999999999996,-80.2,1058
Robot 1,4.0,110,55.0,4.21,0.20999999999999996,-76.1,1067
Robot 1,4.0,111,55.5,4.21,0.20999999999999996,-80.4,1077
Robot 1,4.0,112,56.0,4.21,0.20999999999999996,-72.7,1085
Robot 1,4.0,113,56.5,4.13,0.1299999999999999,-74.0,1094
Robot 1,4.0,114,57.0,4.13,0.1299999999999999,-76.5,1104
Robot 1,4.0,115,57.5,4.19,0.1900000000000004,-74.0,1113
Robot 1,4.0,116,58.0,4.19,0.1900000000000004,-72.2,1123
Robot 1,4.0,117,58.5,4.19,0.1900000000000004,-73.9,1132
Robot 1,4.0,118,59.0,4.14,0.13999999999999968,-74.8,1141
Robot 1,4.0,119,59.5,4.14,0.13999999999999968,-75.2,1151
Robot 1,4.0,120,60.0,4.16,0.16000000000000014,-72.4,1160
Robot 1,4.0,121,60.5,4.16,0.16000000000000014,-74.6,1170
Robot 1,4.0,122,61.0,4.16,0.16000000000000014,-73.9,1179
Robot 1,4.0,123,61.5,4.15,0.15000000000000036,-73.9,1189
Robot 1,4.0,124,62.0,4.15,0.15000000000000036,-75.3,1198
Robot 1,4.0,125,62.5,4.18,0.17999999999999972,-72.6,1207
Robot 1,4.0,126,63.0,4.18,0.17999999999999972,-74.1,1217
Robot 1,4.0,127,63.5,4.18,0.17999999999999972,-77.3,1226
Robot 1,4.0,128,64.0,4.18,0.17999999999999972,-75.3,1236
Robot 1,4.0,129,64.5,4.21,0.20999999999999996,-75.8,1245
Robot 1,4.0,130,65.0,4.21,0.20999999999999996,-74.7,1255
Robot 1,4.0,131,65.5,4.21,0.20999999999999996,-76.6,1264
Robot 1,4.0,132,66.0,4.21,0.20999999999999996,-77.8,1273
Robot 1,4.0,133,66.5,4.21,0.20999999999999996,-78.1,1283
Robot 1,4.0,134,67.0,4.22,0.21999999999999975,-77.4,1292
Robot 1,4.0,135,67.5,4.22,0.21999999999999975,-78.3,1302
Robot 1,4.0,136,68.0,4.24,0.2400000000000002,-78.2,1311
Robot 1,4.0,137,68.5,4.24,0.2400000000000002,-79.7,1321
Robot 1,4.0,138,69.0,4.24,0.2400000000000002,-81.5,1330
Robot 1,4.0,139,69.5,4.28,0.28000000000000025,-79.7,1339
Robot 1,4.0,140,70.0,4.28,0.28000000000000025,-78.9,1349
Robot 1,4.0,141,70.5,4.27,0.2699999999999996,-79.5,1358
Robot 1,4.0,142,71.0,4.27,0.2699999999999996,-79.1,1368
Robot 1,4.0,143,71.5,4.27,0.2699999999999996,-79.9,1377
Robot 1,4.0,144,72.0,4.29,0.29000000000000004,-81.3,1387
Robot 1,4.0,145,72.5,4.29,0.29000000000000004,-78.0,1396
Robot 1,4.0,146,73.0,4.31,0.3099999999999996,-80.3,1406
Robot 1,4.0,147,73.5,4.31,0.3099999999999996,-78.9,1415
Robot 1,4.0,148,74.0,4.31,0.3099999999999996,-77.6,1424
Robot 1,4.0,149,74.5,4.31,0.3099999999999996,-78.1,1434
Robot 1,4.0,150,75.0,4.22,0.21999999999999975,-73.8,1443
Robot 1,4.0,151,75.5,4.22,0.21999999999999975,-80.0,1453
Robot 1,4.0,152,76.0,4.27,0.2699999999999996,-80.2,1462
Robot 1,4.0,153,76.5,4.25,0.25,-79.3,1472
Robot 1,4.0,154,77.0,4.25,0.25,-73.7,1481
Robot 1,4.0,155,77.5,4.25,0.25,-76.5,1490
Robot 1,4.0,156,78.0,4.25,0.25,-78.3,1500
Robot 1,4.0,157,78.5,4.29,0.29000000000000004,-75.8,1509
Robot 1,4.0,158,79.0,4.29,0.29000000000000004,-78.3,1519
Robot 1,4.0,159,79.5,4.29,0.29000000000000004,-81.5,1528
Robot 1,4.0,160,80.0,4.32,0.3200000000000003,-77.2,1538
Robot 1,4.0,161,80.5,4.33,0.33000000000000007,-79.3,1547
Robot 1,4.0,162,81.0,4.3,0.2999999999999998,-79.0,1556
Robot 1,4.0,163,81.5,4.3,0.2999999999999998,-79.7,1566
Robot 1,4.0,164,82.0,4.3,0.2999999999999998,-80.6,1575
Robot 1,4.0,165,82.5,4.3,0.2999999999999998,-81.9,1585
Robot 1,4.0,166,83.0,4.3,0.2999999999999998,-81.2,1594
Robot 1,4.0,167,83.5,4.3,0.2999999999999998,-79.0,1604
Robot 1,4.0,168,84.0,4.34,0.33999999999999986,-78.7,1613
Robot 1,4.0,169,84.5,4.34,0.33999999999999986,-75.8,1623
Robot 1,4.0,170,85.0,4.34,0.33999999999999986,-78.4,1632
Robot 1,4.0,171,85.5,4.34,0.33999999999999986,-78.2,1641
Robot 1,4.0,172,86.0,4.3,0.2999999999999998,-77.6,1651
Robot 1,4.0,173,86.5,4.32,0.3200000000000003,-78.4,1660
Robot 1,4.0,174,87.0,4.32,0.3200000000000003,-74.7,1670
Robot 1,4.0,175,87.5,4.32,0.3200000000000003,-78.3,1679
Robot 1,4.0,176,88.0,4.32,0.3200000000000003,-77.2,1689
Robot 1,4.0,177,88.5,4.32,0.3200000000000003,-77.1,1698
Robot 1,4.0,178,89.0,4.33,0.33000000000000007,-82.6,1707
Robot 1,4.0,179,89.5,4.33,0.33000000000000007,-78.8,1717
Robot 1,4.0,180,90.0,4.33,0.33000000000000007,-88.1,1726
Robot 1,4.0,181,90.5,4.33,0.33000000000000007,-77.0,1736
Robot 1,4.0,182,91.0,4.33,0.33000000000000007,-77.4,1745
Robot 1,4.0,183,91.5,4.33,0.33000000000000007,-78.9,1755
Robot 1,4.0,184,92.0,4.33,0.33000000000000007,-75.7,1764
Robot 1,4.0,185,92.5,4.31,0.3099999999999996,-77.2,1773
Robot 1,4.0,186,93.0,4.31,0.3099999999999996,-77.3,1783
Robot 1,4.0,187,93.5,4.31,0.3099999999999996,-77.9,1792
Robot 1,4.0,188,94.0,4.31,0.3099999999999996,-78.6,1802
Robot 1,4.0,189,94.5,4.32,0.3200000000000003,-77.4,1811
Robot 1,4.0,190,95.0,4.32,0.3200000000000003,-75.7,1821
Robot 1,4.0,191,95.5,4.35,0.34999999999999964,-76.6,1830
Robot 1,4.0,192,96.0,4.35,0.34999999999999964,-77.3,1839
Robot 1,4.0,193,96.5,4.31,0.3099999999999996,-78.0,1849
Robot 1,4.0,194,97.0,4.34,0.33999999999999986,-77.2,1858
Robot 1,4.0,195,97.5,4.32,0.3200000000000003,-76.9,1868
Robot 1,4.0,196,98.0,4.32,0.3200000000000003,-77.4,1877
Robot 1,4.0,197,98.5,4.33,0.33000000000000007,-77.4,1887
Robot 1,4.0,198,99.0,4.33,0.33000000000000007,-79.0,1896
Robot 1,4.0,199,99.5,4.33,0.33000000000000007,-81.1,1906
Robot 1,4.0,200,100.0,4.4,0.40000000000000036,-77.4,1915
Robot 1,4.0,201,100.5,4.4,0.40000000000000036,-78.6,1924
Robot 1,4.0,202,101.0,4.37,0.3700000000000001,-88.6,1934
Robot 1,4.0,203,101.5,4.37,0.3700000000000001,-78.0,1943
Robot 1,4.0,204,102.0,4.35,0.34999999999999964,-78.9,1953
Robot 1,4.0,205,102.5,4.35,0.34999999999999964,-77.9,1962
Robot 1,4.0,206,103.0,4.37,0.3700000000000001,-79.0,1972
Robot 1,4.0,207,103.5,4.37,0.3700000000000001,-79.6,1981
Robot 1,4.0,208,104.0,4.37,0.3700000000000001,-78.7,1990
Robot 1,4.0,209,104.5,4.37,0.3700000000000001,-78.1,2000
Robot 1,4.0,210,105.0,4.37,0.3700000000000001,-77.6,2009
Robot 1,4.0,211,105.5,4.37,0.3700000000000001,-88.5,2019
Robot 1,4.0,212,106.0,4.37,0.3700000000000001,-79.0,2028
Robot 1,4.0,213,106.5,4.37,0.3700000000000001,-79.0,2038
Robot 1,4.0,214,107.0,4.35,0.34999999999999964,-77.8,2047
Robot 1,4.0,215,107.5,4.35,0.34999999999999964,-78.7,2056
Robot 1,4.0,216,108.0,4.35,0.34999999999999964,-77.3,2066
Robot 1,4.0,217,108.5,4.38,0.3799999999999999,-79.6,2075
Robot 1,4.0,218,109.0,4.38,0.3799999999999999,-79.2,2085
Robot 1,4.0,219,109.5,4.37,0.3700000000000001,-78.3,2094
Robot 1,4.0,220,110.0,4.37,0.3700000000000001,-88.2,2104
Robot 1,4.0,221,110.5,4.35,0.34999999999999964,-77.5,2113
Robot 1,4.0,222,111.0,4.35,0.34999999999999964,-79.9,2123
Robot 1,4.0,223,111.5,4.36,0.3600000000000003,-78.7,2132
Robot 1,4.0,224,112.0,4.36,0.3600000000000003,-78.3,2141
Robot 1,4.0,225,112.5,4.4,0.40000000000000036,-80.4,2151
Robot 1,4.0,226,113.0,4.4,0.40000000000000036,-75.9,2160
Robot 1,4.0,227,113.5,4.4,0.40000000000000036,-78.2,2170
Robot 1,4.0,228,114.0,4.4,0.40000000000000036,-79.5,2179
Robot 1,4.0,229,114.5,4.4,0.40000000000000036,-88.0,2189
Robot 1,4.0,230,115.0,4.4,0.40000000000000036,-74.6,2198
Robot 1,4.0,231,115.5,4.4,0.40000000000000036,-78.6,2207
Robot 1,4.0,232,116.0,4.37,0.3700000000000001,-79.4,2217
Robot 1,4.0,233,116.5,4.37,0.3700000000000001,-80.2,2226
Robot 1,4.0,234,117.0,4.37,0.3700000000000001,-81.5,2236
Robot 1,4.0,235,117.5,4.37,0.3700000000000001,-81.4,2245
Robot 1,4.0,236,118.0,4.42,0.41999999999999993,-79.9,2255
Robot 1,4.0,237,118.5,4.42,0.41999999999999993,-78.6,2264
Robot 1,4.0,238,119.0,4.35,0.34999999999999964,-75.8,2273
Robot 1,4.0,239,119.5,4.35,0.34999999999999964,-76.7,2283
Robot 1,4.0,240,120.0,4.37,0.3700000000000001,-74.6,2292
Robot 1,4.0,241,120.5,4.37,0.3700000000000001,-77.0,2302
Robot 1,4.0,242,121.0,4.35,0.34999999999999964,-77.9,2311
Robot 1,4.0,243,121.5,4.37,0.3700000000000001,-78.2,2321
Robot 1,4.0,244,122.0,4.4,0.40000000000000036,-78.8,2330
Robot 1,4.0,245,122.5,4.41,0.41000000000000014,-76.4,2339
Robot 1,4.0,246,123.0,4.41,0.41000000000000014,-77.0,2349
Robot 1,4.0,247,123.5,4.4,0.40000000000000036,-79.3,2358
Robot 1,4.0,248,124.0,4.41,0.41000000000000014,-79.8,2368
Robot 1,4.0,249,124.5,4.4,0.40000000000000036,-78.3,2377
Robot 1,4.0,250,125.0,4.4,0.40000000000000036,-79.3,2387
Robot 1,4.0,251,125.5,4.38,0.3799999999999999,-77.0,2396
Robot 1,4.0,252,126.0,4.38,0.3799999999999999,-80.5,2406
Robot 1,4.0,253,126.5,4.43,0.4299999999999997,-78.4,2415
Robot 1,4.0,254,127.0,4.43,0.4299999999999997,-82.1,2424
Robot 1,4.0,255,127.5,4.44,0.4400000000000004,-80.6,2434
Robot 1,4.0,256,128.0,4.41,0.41000000000000014,-79.8,2443
Robot 1,4.0,257,128.5,4.43,0.4299999999999997,-79.9,2453
Robot 1,4.0,258,129.0,4.43,0.4299999999999997,-80.1,2462
Robot 1,4.0,259,129.5,4.44,0.4400000000000004,-80.4,2472
Robot 1,4.0,260,130.0,4.45,0.4500000000000002,-82.5,2481
Robot 1,4.0,261,130.5,4.43,0.4299999999999997,-81.2,2490
Robot 1,4.0,262,131.0,4.43,0.4299999999999997,-79.7,2500
Robot 1,4.0,263,131.5,4.44,0.4400000000000004,-81.7,2509
Robot 1,4.0,264,132.0,4.44,0.4400000000000004,-79.6,2519
Robot 1,4.0,265,132.5,4.44,0.4400000000000004,-79.6,2528
Robot 1,4.0,266,133.0,4.42,0.41999999999999993,-79.3,2538
Robot 1,4.0,267,133.5,4.45,0.4500000000000002,-79.5,2547
Robot 1,4.0,268,134.0,4.43,0.4299999999999997,-78.0,2556
Robot 1,4.0,269,134.5,4.42,0.41999999999999993,-80.0,2566
Robot 1,4.0,270,135.0,4.43,0.4299999999999997,-80.0,2575
Robot 1,4.0,271,135.5,4.46,0.45999999999999996,-80.5,2585
Robot 1,4.0,272,136.0,4.45,0.4500000000000002,-79.5,2594
Robot 1,4.0,273,136.5,4.45,0.4500000000000002,-79.4,2604
Robot 1,4.0,274,137.0,4.44,0.4400000000000004,-80.8,2613
Robot 1,4.0,275,137.5,4.44,0.4400000000000004,-79.3,2623
Robot 1,4.0,276,138.0,4.43,0.4299999999999997,-79.3,2632
Robot 1,4.0,277,138.5,4.43,0.4299999999999997,-79.3,2641
Robot 1,4.0,278,139.0,4.46,0.45999999999999996,-79.2,2651
Robot 1,4.0,279,139.5,4.43,0.4299999999999997,-78.8,2660
Robot 1,4.0,280,140.0,4.44,0.4400000000000004,-79.7,2670
Robot 1,4.0,281,140.5,4.43,0.4299999999999997,-78.1,2679
Robot 1,4.0,282,141.0,4.43,0.4299999999999997,-78.1,2689
Robot 1,4.0,283,141.5,4.44,0.4400000000000004,-78.2,2698
Robot 1,4.0,284,142.0,4.41,0.41000000000000014,-78.9,2707
Robot 1,4.0,285,142.5,4.43,0.4299999999999997,-78.5,2717
Robot 1,4.0,286,143.0,4.42,0.41999999999999993,-79.1,2726
Robot 1,4.0,287,143.5,4.45,0.4500000000000002,-79.3,2736
Robot 1,4.0,288,144.0,4.45,0.4500000000000002,-79.8,2745
Robot 1,4.0,289,144.5,4.45,0.4500000000000002,-78.0,2755
Robot 1,4.0,290,145.0,4.47,0.46999999999999975,-79.1,2764
Robot 1,4.0,291,145.5,4.42,0.41999999999999993,-79.4,2773
Robot 1,4.0,292,146.0,4.45,0.4500000000000002,-78.9,2783
Robot 1,4.0,293,146.5,4.45,0.4500000000000002,-78.7,2792
Robot 1,4.0,294,147.0,4.44,0.4400000000000004,-79.5,2802
Robot 1,4.0,295,147.5,4.43,0.4299999999999997,-78.7,2811
Robot 1,4.0,296,148.0,4.45,0.4500000000000002,-79.2,2821
Robot 1,4.0,297,148.5,4.44,0.4400000000000004,-78.1,2830
Robot 1,4.0,298,149.0,4.47,0.46999999999999975,-78.7,2839
Robot 1,4.0,299,149.5,4.47,0.46999999999999975,-80.0,2849
Robot 1,4.0,300,150.0,4.41,0.41000000000000014,-74.2,2858
Robot 1,4.0,301,150.5,4.44,0.4400000000000004,-81.8,2868
Robot 1,4.0,302,151.0,4.49,0.4900000000000002,-79.3,2877
Robot 1,4.0,303,151.5,4.44,0.4400000000000004,-79.5,2887
Robot 1,4.0,304,152.0,4.43,0.4299999999999997,-76.9,2896
Robot 1,4.0,305,152.5,4.47,0.46999999999999975,-80.4,2906
Robot 1,4.0,306,153.0,4.45,0.4500000000000002,-80.0,2915
Robot 1,4.0,307,153.5,4.47,0.46999999999999975,-80.9,2924
Robot 1,4.0,308,154.0,4.47,0.46999999999999975,-80.3,2934
Robot 1,4.0,309,154.5,4.47,0.46999999999999975,-79.3,2943
Robot 1,4.0,310,155.0,4.47,0.46999999999999975,-80.1,2953
Robot 1,4.0,311,155.5,4.47,0.46999999999999975,-80.4,2962
Robot 1,4.0,312,156.0,4.49,0.4900000000000002,-80.9,2972
Robot 1,4.0,313,156.5,4.46,0.45999999999999996,-80.3,2981
Robot 1,4.0,314,157.0,4.49,0.4900000000000002,-78.9,2990
Robot 1,4.0,315,157.5,4.46,0.45999999999999996,-80.3,3000
Robot 1,4.0,316,158.0,4.47,0.46999999999999975,-80.7,3009
Robot 1,4.0,317,158.5,4.47,0.46999999999999975,-79.8,3019
Robot 1,4.0,318,159.0,4.5,0.5,-80.5,3028
Robot 1,4.0,319,159.5,4.47,0.46999999999999975,-80.4,3038
Robot 1,4.0,320,160.0,4.47,0.46999999999999975,-81.0,3047
Robot 1,4.0,321,160.5,4.47,0.46999999999999975,-79.8,3056
Robot 1,4.0,322,161.0,4.47,0.46999999999999975,-81.2,3066
Robot 1,4.0,323,161.5,4.49,0.4900000000000002,-80.8,3075
Robot 1,4.0,324,162.0,4.48,0.4800000000000004,-81.2,3085
Robot 1,4.0,325,162.5,4.47,0.46999999999999975,-80.4,3094
Robot 1,4.0,326,163.0,4.47,0.46999999999999975,-80.6,3104
Robot 1,4.0,327,163.5,4.49,0.4900000000000002,-81.4,3113
Robot 1,4.0,328,164.0,4.48,0.4800000000000004,-81.4,3123
Robot 1,4.0,329,164.5,4.46,0.45999999999999996,-80.7,3132
Robot 1,4.0,330,165.0,4.49,0.4900000000000002,-82.3,3141
Robot 1,4.0,331,165.5,4.47,0.46999999999999975,-80.8,3151
Robot 1,4.0,332,166.0,4.47,0.46999999999999975,-80.6,3160
Robot 1,4.0,333,166.5,4.47,0.46999999999999975,-80.0,3170
Robot 1,4.0,334,167.0,4.49,0.4900000000000002,-80.7,3179
Robot 1,4.0,335,167.5,4.49,0.4900000000000002,-80.6,3189
Robot 1,4.0,336,168.0,4.48,0.4800000000000004,-80.8,3198
Robot 1,4.0,337,168.5,4.46,0.45999999999999996,-80.4,3207
Robot 1,4.0,338,169.0,4.49,0.4900000000000002,-80.0,3217
Robot 1,4.0,339,169.5,4.47,0.46999999999999975,-80.7,3226
Robot 1,4.0,340,170.0,4.5,0.5,-79.2,3236
Robot 1,4.0,341,170.5,4.5,0.5,-80.1,3245
Robot 1,4.0,342,171.0,4.5,0.5,-81.1,3255
Robot 1,4.0,343,171.5,4.49,0.4900000000000002,-82.0,3264
Robot 1,4.0,344,172.0,4.5,0.5,-80.3,3273
Robot 1,4.0,345,172.5,4.5,0.5,-82.5,3283
Robot 1,4.0,346,173.0,4.51,0.5099999999999998,-80.1,3292
Robot 1,4.0,347,173.5,4.48,0.4800000000000004,-80.1,3302
Robot 1,4.0,348,174.0,4.52,0.5199999999999996,-81.2,3311
Robot 1,4.0,349,174.5,4.49,0.4900000000000002,-80.3,3321
Robot 1,4.0,350,175.0,4.5,0.5,-80.3,3330
Robot 1,4.0,351,175.5,4.49,0.4900000000000002,-80.1,3339
Robot 1,4.0,352,176.0,4.47,0.46999999999999975,-80.0,3349
Robot 1,4.0,353,176.5,4.49,0.4900000000000002,-79.7,3358
Robot 1,4.0,354,177.0,4.5,0.5,-80.2,3368
Robot 1,4.0,355,177.5,4.49,0.4900000000000002,-81.9,3377
Robot 1,4.0,356,178.0,4.5,0.5,-80.4,3387
Robot 1,4.0,357,178.5,4.48,0.4800000000000004,-81.8,3396
Robot 1,4.0,358,179.0,4.5,0.5,-80.1,3406
Robot 1,4.0,359,179.5,4.49,0.4900000000000002,-79.9,3415
Robot 1,4.0,360,180.0,4.51,0.5099999999999998,-79.8,3424
Robot 1,4.0,361,180.5,4.53,0.5300000000000002,-81.7,3434
Robot 1,4.0,362,181.0,4.51,0.5099999999999998,-81.4,3443
Robot 1,4.0,363,181.5,4.49,0.4900000000000002,-80.4,3453
Robot 1,4.0,364,182.0,4.49,0.4900000000000002,-79.8,3462
Robot 1,4.0,365,182.5,4.51,0.5099999999999998,-81.7,3472
Robot 1,4.0,366,183.0,4.48,0.4800000000000004,-78.4,3481
Robot 1,4.0,367,183.5,4.46,0.45999999999999996,-77.3,3490
Robot 1,4.0,368,184.0,4.48,0.4800000000000004,-79.0,3500
Robot 1,4.0,369,184.5,4.48,0.4800000000000004,-77.7,3509
Robot 1,4.0,370,185.0,4.47,0.46999999999999975,-78.9,3519
Robot 1,4.0,371,185.5,4.48,0.4800000000000004,-78.8,3528
Robot 1,4.0,372,186.0,4.48,0.4800000000000004,-80.9,3538
Robot 1,4.0,373,186.5,4.5,0.5,-80.3,3547
Robot 1,4.0,374,187.0,4.54,0.54,-82.5,3556
Robot 1,4.0,375,187.5,4.55,0.5499999999999998,-82.7,3566
Robot 1,4.0,376,188.0,4.53,0.5300000000000002,-82.6,3575
Robot 1,4.0,377,188.5,4.52,0.5199999999999996,-83.4,3585
Robot 1,4.0,378,189.0,4.53,0.5300000000000002,-83.0,3594
Robot 1,4.0,379,189.5,4.57,0.5700000000000003,-83.3,3604
Robot 1,4.0,380,190.0,4.55,0.5499999999999998,-82.9,3613
Robot 1,4.0,381,190.5,4.54,0.54,-84.0,3623
Robot 1,4.0,382,191.0,4.56,0.5599999999999996,-83.5,3632
Robot 1,4.0,383,191.5,4.54,0.54,-82.4,3641
Robot 1,4.0,384,192.0,4.54,0.54,-82.0,3651
Robot 1,4.0,385,192.5,4.56,0.5599999999999996,-81.9,3660
Robot 1,4.0,386,193.0,4.56,0.5599999999999996,-83.4,3670
Robot 1,4.0,387,193.5,4.57,0.5700000000000003,-83.1,3679
Robot 1,4.0,388,194.0,4.53,0.5300000000000002,-82.7,3689
Robot 1,4.0,389,194.5,4.53,0.5300000000000002,-83.0,3698
Robot 1,4.0,390,195.0,4.53,0.5300000000000002,-82.1,3707
Robot 1,4.0,391,195.5,4.56,0.5599999999999996,-82.5,3717
Robot 2,4.0,0,0.0,3.72,-0.2799999999999998,-77.7,18
Robot 2,4.0,1,0.5,3.72,-0.2799999999999998,-77.2,28
Robot 2,4.0,2,1.0,3.74,-0.2599999999999998,-76.8,37
Robot 2,4.0,3,1.5,3.74,-0.2599999999999998,-75.6,47
Robot 2,4.0,4,2.0,3.76,-0.2400000000000002,-76.3,56
Robot 2,4.0,5,2.5,3.76,-0.2400000000000002,-77.4,65
Robot 2,4.0,6,3.0,3.82,-0.18000000000000016,-75.0,75
Robot 2,4.0,7,3.5,3.81,-0.18999999999999995,-75.3,84
Robot 2,4.0,8,4.0,3.81,-0.18999999999999995,-76.8,94
Robot 2,4.0,9,4.5,3.81,-0.18999999999999995,-73.8,103
Robot 2,4.0,10,5.0,3.81,-0.18999999999999995,-76.0,113
Robot 2,4.0,11,5.5,3.88,-0.1200000000000001,-77.3,122
Robot 2,4.0,12,6.0,3.88,-0.1200000000000001,-73.7,131
Robot 2,4.0,13,6.5,3.88,-0.1200000000000001,-74.3,141
Robot 2,4.0,14,7.0,3.91,-0.08999999999999986,-71.0,150
Robot 2,4.0,15,7.5,3.91,-0.08999999999999986,-78.3,160
Robot 2,4.0,16,8.0,3.91,-0.08999999999999986,-73.3,169
Robot 2,4.0,17,8.5,3.91,-0.08999999999999986,-74.6,179
Robot 2,4.0,18,9.0,3.95,-0.04999999999999982,-76.3,188
Robot 2,4.0,19,9.5,3.95,-0.04999999999999982,-76.8,198
Robot 2,4.0,20,10.0,4.0,0.0,-74.5,207
Robot 2,4.0,21,10.5,3.99,-0.009999999999999787,-72.6,216
Robot 2,4.0,22,11.0,3.99,-0.009999999999999787,-74.8,226
Robot 2,4.0,23,11.5,4.01,0.009999999999999787,-73.4,235
Robot 2,4.0,24,12.0,4.01,0.009999999999999787,-72.9,245
Robot 2,4.0,25,12.5,3.98,-0.020000000000000018,-72.6,254
Robot 2,4.0,26,13.0,3.98,-0.020000000000000018,-71.4,264
Robot 2,4.0,27,13.5,4.0,0.0,-71.6,273
Robot 2,4.0,28,14.0,3.96,-0.040000000000000036,-71.5,282
Robot 2,4.0,29,14.5,3.96,-0.040000000000000036,-72.1,292
Robot 2,4.0,30,15.0,3.94,-0.06000000000000005,-74.0,301
Robot 2,4.0,31,15.5,3.94,-0.06000000000000005,-71.8,311
Robot 2,4.0,32,16.0,3.88,-0.1200000000000001,-72.2,320
Robot 2,4.0,33,16.5,3.88,-0.1200000000000001,-72.7,330
Robot 2,4.0,34,17.0,3.86,-0.14000000000000012,-73.7,339
Robot 2,4.0,35,17.5,3.86,-0.14000000000000012,-72.6,348
Robot 2,4.0,36,18.0,3.87,-0.1299999999999999,-72.4,358
Robot 2,4.0,37,18.5,3.89,-0.10999999999999988,-75.5,367
Robot 2,4.0,38,19.0,3.89,-0.10999999999999988,-76.1,377
Robot 2,4.0,39,19.5,3.89,-0.10999999999999988,-76.2,386
Robot 2,4.0,40,20.0,3.89,-0.10999999999999988,-74.9,396
Robot 2,4.0,41,20.5,3.92,-0.08000000000000007,-75.3,405
Robot 2,4.0,42,21.0,3.92,-0.08000000000000007,-75.8,415
Robot 2,4.0,43,21.5,3.91,-0.08999999999999986,-75.4,424
Robot 2,4.0,44,22.0,3.93,-0.06999999999999984,-75.1,433
Robot 2,4.0,45,22.5,3.93,-0.06999999999999984,-74.9,443
Robot 2,4.0,46,23.0,3.94,-0.06000000000000005,-77.7,452
Robot 2,4.0,47,23.5,3.94,-0.06000000000000005,-78.0,462
Robot 2,4.0,48,24.0,3.98,-0.020000000000000018,-74.0,471
Robot 2,4.0,49,24.5,3.98,-0.020000000000000018,-74.7,481
Robot 2,4.0,50,25.0,3.95,-0.04999999999999982,-75.1,490
Robot 2,4.0,51,25.5,3.95,-0.04999999999999982,-74.8,499
Robot 2,4.0,52,26.0,3.95,-0.04999999999999982,-74.7,509
Robot 2,4.0,53,26.5,3.96,-0.040000000000000036,-76.0,518
Robot 2,4.0,54,27.0,3.96,-0.040000000000000036,-75.8,528
Robot 2,4.0,55,27.5,3.97,-0.029999999999999805,-75.7,537
Robot 2,4.0,56,28.0,3.97,-0.029999999999999805,-74.0,547
Robot 2,4.0,57,28.5,3.95,-0.04999999999999982,-76.0,556
Robot 2,4.0,58,29.0,3.95,-0.04999999999999982,-76.4,565
Robot 2,4.0,59,29.5,4.01,0.009999999999999787,-76.4,575
Robot 2,4.0,60,30.0,4.02,0.019999999999999574,-76.7,584
Robot 2,4.0,61,30.5,4.02,0.019999999999999574,-77.8,594
Robot 2,4.0,62,31.0,4.04,0.040000000000000036,-74.4,603
Robot 2,4.0,63,31.5,4.04,0.040000000000000036,-75.6,613
Robot 2,4.0,64,32.0,4.04,0.040000000000000036,-76.4,622
Robot 2,4.0,65,32.5,4.04,0.040000000000000036,-75.5,631
Robot 2,4.0,66,33.0,4.04,0.040000000000000036,-75.3,641
Robot 2,4.0,67,33.5,4.05,0.04999999999999982,-75.6,650
Robot 2,4.0,68,34.0,4.05,0.04999999999999982,-73.1,660
Robot 2,4.0,69,34.5,4.01,0.009999999999999787,-73.8,669
Robot 2,4.0,70,35.0,4.01,0.009999999999999787,-74.0,679
Robot 2,4.0,71,35.5,4.06,0.05999999999999961,-74.5,688
Robot 2,4.0,72,36.0,4.06,0.05999999999999961,-73.7,698
Robot 2,4.0,73,36.5,4.03,0.03000000000000025,-74.2,707
Robot 2,4.0,74,37.0,4.06,0.05999999999999961,-73.4,716
Robot 2,4.0,75,37.5,4.06,0.05999999999999961,-73.6,726
Robot 2,4.0,76,38.0,4.06,0.05999999999999961,-74.5,735
Robot 2,4.0,77,38.5,4.06,0.05999999999999961,-76.0,745
Robot 2,4.0,78,39.0,4.08,0.08000000000000007,-75.6,754
Robot 2,4.0,79,39.5,4.08,0.08000000000000007,-77.2,764
Robot 2,4.0,80,40.0,4.08,0.08000000000000007,-74.7,773
Robot 2,4.0,81,40.5,4.08,0.08000000000000007,-85.1,782
Robot 2,4.0,82,41.0,4.08,0.08000000000000007,-80.2,792
Robot 2,4.0,83,41.5,4.08,0.08000000000000007,-78.4,801
Robot 2,4.0,84,42.0,4.08,0.08000000000000007,-72.9,811
Robot 2,4.0,85,42.5,4.08,0.08000000000000007,-75.5,820
Robot 2,4.0,86,43.0,4.08,0.08000000000000007,-74.3,830
Robot 2,4.0,87,43.5,4.09,0.08999999999999986,-76.3,839
Robot 2,4.0,88,44.0,4.09,0.08999999999999986,-78.7,848
Robot 2,4.0,89,44.5,4.1,0.09999999999999964,-76.3,858
Robot 2,4.0,90,45.0,4.12,0.1200000000000001,-74.7,867
Robot 2,4.0,91,45.5,4.12,0.1200000000000001,-74.1,877
Robot 2,4.0,92,46.0,4.11,0.11000000000000032,-73.7,886
Robot 2,4.0,93,46.5,4.11,0.11000000000000032,-84.4,896
Robot 2,4.0,94,47.0,4.12,0.1200000000000001,-73.4,905
Robot 2,4.0,95,47.5,4.12,0.1200000000000001,-74.4,915
Robot 2,4.0,96,48.0,4.12,0.1200000000000001,-74.1,924
Robot 2,4.0,97,48.5,4.12,0.1200000000000001,-72.8,933
Robot 2,4.0,98,49.0,4.12,0.1200000000000001,-74.8,943
Robot 2,4.0,99,49.5,4.15,0.15000000000000036,-79.0,952
Robot 2,4.0,100,50.0,4.15,0.15000000000000036,-79.4,962
Robot 2,4.0,101,50.5,4.21,0.20999999999999996,-77.2,971
Robot 2,4.0,102,51.0,4.21,0.20999999999999996,-81.6,981
Robot 2,4.0,103,51.5,4.13,0.1299999999999999,-71.8,990
Robot 2,4.0,104,52.0,4.13,0.1299999999999999,-72.0,999
Robot 2,4.0,105,52.5,4.13,0.1299999999999999,-74.0,1009
Robot 2,4.0,106,53.0,4.2,0.20000000000000018,-79.6,1018
Robot 2,4.0,107,53.5,4.12,0.1200000000000001,-74.7,1028
Robot 2,4.0,108,54.0,4.18,0.17999999999999972,-79.4,1037
Robot 2,4.0,109,54.5,4.18,0.17999999999999972,-82.0,1047
Robot 2,4.0,110,55.0,4.21,0.20999999999999996,-79.8,1056
Robot 2,4.0,111,55.5,4.21,0.20999999999999996,-76.1,1065
Robot 2,4.0,112,56.0,4.21,0.20999999999999996,-79.6,1075
Robot 2,4.0,113,56.5,4.21,0.20999999999999996,-74.2,1083
Robot 2,4.0,114,57.0,4.13,0.1299999999999999,-72.3,1092
Robot 2,4.0,115,57.5,4.13,0.1299999999999999,-75.1,1102
Robot 2,4.0,116,58.0,4.19,0.1900000000000004,-74.0,1111
Robot 2,4.0,117,58.5,4.19,0.1900000000000004,-74.7,1121
Robot 2,4.0,118,59.0,4.19,0.1900000000000004,-71.0,1130
Robot 2,4.0,119,59.5,4.14,0.13999999999999968,-74.0,1139
Robot 2,4.0,120,60.0,4.14,0.13999999999999968,-73.5,1149
Robot 2,4.0,121,60.5,4.16,0.16000000000000014,-75.9,1158
Robot 2,4.0,122,61.0,4.16,0.16000000000000014,-74.4,1168
Robot 2,4.0,123,61.5,4.16,0.16000000000000014,-74.8,1177
Robot 2,4.0,124,62.0,4.16,0.16000000000000014,-73.4,1187
Robot 2,4.0,125,62.5,4.15,0.15000000000000036,-75.9,1196
Robot 2,4.0,126,63.0,4.15,0.15000000000000036,-73.9,1205
Robot 2,4.0,127,63.5,4.18,0.17999999999999972,-74.3,1215
Robot 2,4.0,128,64.0,4.18,0.17999999999999972,-76.7,1224
Robot 2,4.0,129,64.5,4.18,0.17999999999999972,-75.6,1234
Robot 2,4.0,130,65.0,4.21,0.20999999999999996,-75.3,1243
Robot 2,4.0,131,65.5,4.21,0.20999999999999996,-75.0,1253
Robot 2,4.0,132,66.0,4.21,0.20999999999999996,-74.7,1262
Robot 2,4.0,133,66.5,4.21,0.20999999999999996,-77.0,1272
Robot 2,4.0,134,67.0,4.21,0.20999999999999996,-77.1,1281
Robot 2,4.0,135,67.5,4.22,0.21999999999999975,-77.2,1290
Robot 2,4.0,136,68.0,4.22,0.21999999999999975,-78.5,1300
Robot 2,4.0,137,68.5,4.24,0.2400000000000002,-76.2,1309
Robot 2,4.0,138,69.0,4.24,0.2400000000000002,-81.1,1319
Robot 2,4.0,139,69.5,4.24,0.2400000000000002,-80.2,1328
Robot 2,4.0,140,70.0,4.24,0.2400000000000002,-79.1,1338
Robot 2,4.0,141,70.5,4.28,0.28000000000000025,-80.5,1347
Robot 2,4.0,142,71.0,4.27,0.2699999999999996,-79.6,1356
Robot 2,4.0,143,71.5,4.27,0.2699999999999996,-79.1,1366
Robot 2,4.0,144,72.0,4.27,0.2699999999999996,-79.1,1375
Robot 2,4.0,145,72.5,4.27,0.2699999999999996,-79.2,1385
Robot 2,4.0,146,73.0,4.29,0.29000000000000004,-78.6,1394
Robot 2,4.0,147,73.5,4.29,0.29000000000000004,-81.2,1404
Robot 2,4.0,148,74.0,4.31,0.3099999999999996,-77.7,1413
Robot 2,4.0,149,74.5,4.31,0.3099999999999996,-79.2,1422
Robot 2,4.0,150,75.0,4.31,0.3099999999999996,-80.8,1432
Robot 2,4.0,151,75.5,4.31,0.3099999999999996,-73.8,1441
Robot 2,4.0,152,76.0,4.22,0.21999999999999975,-73.2,1451
Robot 2,4.0,153,76.5,4.27,0.2699999999999996,-80.7,1460
Robot 2,4.0,154,77.0,4.25,0.25,-79.0,1470
Robot 2,4.0,155,77.5,4.25,0.25,-76.9,1479
Robot 2,4.0,156,78.0,4.25,0.25,-76.5,1488
Robot 2,4.0,157,78.5,4.25,0.25,-76.4,1498
Robot 2,4.0,158,79.0,4.29,0.29000000000000004,-78.8,1507
Robot 2,4.0,159,79.5,4.29,0.29000000000000004,-78.5,1517
Robot 2,4.0,160,80.0,4.29,0.29000000000000004,-80.0,1526
Robot 2,4.0,161,80.5,4.32,0.3200000000000003,-79.1,1536
Robot 2,4.0,162,81.0,4.32,0.3200000000000003,-80.2,1545
Robot 2,4.0,163,81.5,4.33,0.33000000000000007,-77.6,1555
Robot 2,4.0,164,82.0,4.3,0.2999999999999998,-81.2,1564
Robot 2,4.0,165,82.5,4.3,0.2999999999999998,-78.8,1573
Robot 2,4.0,166,83.0,4.3,0.2999999999999998,-79.6,1583
Robot 2,4.0,167,83.5,4.3,0.2999999999999998,-88.4,1592
Robot 2,4.0,168,84.0,4.3,0.2999999999999998,-79.7,1602
Robot 2,4.0,169,84.5,4.34,0.33999999999999986,-79.8,1611
Robot 2,4.0,170,85.0,4.34,0.33999999999999986,-88.9,1621
Robot 2,4.0,171,85.5,4.34,0.33999999999999986,-76.8,1630
Robot 2,4.0,172,86.0,4.34,0.33999999999999986,-77.5,1639
Robot 2,4.0,173,86.5,4.3,0.2999999999999998,-77.4,1649
Robot 2,4.0,174,87.0,4.32,0.3200000000000003,-78.9,1658
Robot 2,4.0,175,87.5,4.32,0.3200000000000003,-76.6,1668
Robot 2,4.0,176,88.0,4.32,0.3200000000000003,-86.5,1677
Robot 2,4.0,177,88.5,4.32,0.3200000000000003,-78.1,1687
Robot 2,4.0,178,89.0,4.32,0.3200000000000003,-76.4,1696
Robot 2,4.0,179,89.5,4.32,0.3200000000000003,-78.9,1705
Robot 2,4.0,180,90.0,4.33,0.33000000000000007,-77.2,1715
Robot 2,4.0,181,90.5,4.34,0.33999999999999986,-78.5,1724
Robot 2,4.0,182,91.0,4.33,0.33000000000000007,-79.6,1734
Robot 2,4.0,183,91.5,4.33,0.33000000000000007,-78.2,1743
Robot 2,4.0,184,92.0,4.33,0.33000000000000007,-78.7,1753
Robot 2,4.0,185,92.5,4.33,0.33000000000000007,-76.1,1762
Robot 2,4.0,186,93.0,4.31,0.3099999999999996,-77.2,1772
Robot 2,4.0,187,93.5,4.31,0.3099999999999996,-77.0,1781
Robot 2,4.0,188,94.0,4.31,0.3099999999999996,-76.9,1790
Robot 2,4.0,189,94.5,4.31,0.3099999999999996,-78.3,1800
Robot 2,4.0,190,95.0,4.32,0.3200000000000003,-75.4,1809
Robot 2,4.0,191,95.5,4.32,0.3200000000000003,-75.1,1819
Robot 2,4.0,192,96.0,4.32,0.3200000000000003,-78.2,1828
Robot 2,4.0,193,96.5,4.35,0.34999999999999964,-76.0,1838
Robot 2,4.0,194,97.0,4.31,0.3099999999999996,-77.6,1847
Robot 2,4.0,195,97.5,4.34,0.33999999999999986,-77.2,1856
Robot 2,4.0,196,98.0,4.34,0.33999999999999986,-77.0,1866
Robot 2,4.0,197,98.5,4.32,0.3200000000000003,-78.2,1875
Robot 2,4.0,198,99.0,4.32,0.3200000000000003,-77.6,1885
Robot 2,4.0,199,99.5,4.33,0.33000000000000007,-80.0,1894
Robot 2,4.0,200,100.0,4.33,0.33000000000000007,-81.6,1904
Robot 2,4.0,201,100.5,4.4,0.40000000000000036,-76.2,1913
Robot 2,4.0,202,101.0,4.4,0.40000000000000036,-78.4,1922
Robot 2,4.0,203,101.5,4.37,0.3700000000000001,-79.2,1932
Robot 2,4.0,204,102.0,4.37,0.3700000000000001,-77.2,1941
Robot 2,4.0,205,102.5,4.35,0.34999999999999964,-76.7,1951
Robot 2,4.0,206,103.0,4.35,0.34999999999999964,-78.1,1960
Robot 2,4.0,207,103.5,4.35,0.34999999999999964,-79.2,1970
Robot 2,4.0,208,104.0,4.37,0.3700000000000001,-79.7,1979
Robot 2,4.0,209,104.5,4.37,0.3700000000000001,-78.7,1989
Robot 2,4.0,210,105.0,4.37,0.3700000000000001,-78.4,1998
Robot 2,4.0,211,105.5,4.37,0.3700000000000001,-77.8,2007
Robot 2,4.0,212,106.0,4.37,0.3700000000000001,-78.9,2017
Robot 2,4.0,213,106.5,4.37,0.3700000000000001,-79.3,2026
Robot 2,4.0,214,107.0,4.37,0.3700000000000001,-78.9,2036
Robot 2,4.0,215,107.5,4.37,0.3700000000000001,-77.9,2045
Robot 2,4.0,216,108.0,4.35,0.34999999999999964,-78.0,2055
Robot 2,4.0,217,108.5,4.35,0.34999999999999964,-78.7,2064
Robot 2,4.0,218,109.0,4.38,0.3799999999999999,-78.5,2073
Robot 2,4.0,219,109.5,4.38,0.3799999999999999,-77.9,2083
Robot 2,4.0,220,110.0,4.37,0.3700000000000001,-76.7,2092
Robot 2,4.0,221,110.5,4.37,0.3700000000000001,-76.9,2102
Robot 2,4.0,222,111.0,4.35,0.34999999999999964,-80.5,2111
Robot 2,4.0,223,111.5,4.35,0.34999999999999964,-79.1,2121
Robot 2,4.0,224,112.0,4.37,0.3700000000000001,-77.3,2130
Robot 2,4.0,225,112.5,4.36,0.3600000000000003,-79.3,2139
Robot 2,4.0,226,113.0,4.36,0.3600000000000003,-80.5,2149
Robot 2,4.0,227,113.5,4.4,0.40000000000000036,-77.5,2158
Robot 2,4.0,228,114.0,4.4,0.40000000000000036,-78.8,2168
Robot 2,4.0,229,114.5,4.4,0.40000000000000036,-77.4,2177
Robot 2,4.0,230,115.0,4.4,0.40000000000000036,-79.2,2187
Robot 2,4.0,231,115.5,4.4,0.40000000000000036,-75.1,2196
Robot 2,4.0,232,116.0,4.4,0.40000000000000036,-78.6,2206
Robot 2,4.0,233,116.5,4.37,0.3700000000000001,-77.7,2215
Robot 2,4.0,234,117.0,4.37,0.3700000000000001,-80.3,2224
Robot 2,4.0,235,117.5,4.37,0.3700000000000001,-79.6,2234
Robot 2,4.0,236,118.0,4.37,0.3700000000000001,-79.9,2243
Robot 2,4.0,237,118.5,4.42,0.41999999999999993,-81.7,2253
Robot 2,4.0,238,119.0,4.42,0.41999999999999993,-78.2,2262
Robot 2,4.0,239,119.5,4.42,0.41999999999999993,-76.6,2272
Robot 2,4.0,240,120.0,4.35,0.34999999999999964,-75.9,2281
Robot 2,4.0,241,120.5,4.37,0.3700000000000001,-76.3,2290
Robot 2,4.0,242,121.0,4.37,0.3700000000000001,-76.4,2300
Robot 2,4.0,243,121.5,4.37,0.3700000000000001,-76.7,2309
Robot 2,4.0,244,122.0,4.37,0.3700000000000001,-79.3,2319
Robot 2,4.0,245,122.5,4.4,0.40000000000000036,-79.1,2328
Robot 2,4.0,246,123.0,4.41,0.41000000000000014,-78.4,2338
Robot 2,4.0,247,123.5,4.41,0.41000000000000014,-78.9,2347
Robot 2,4.0,248,124.0,4.4,0.40000000000000036,-78.0,2356
Robot 2,4.0,249,124.5,4.4,0.40000000000000036,-78.4,2366
Robot 2,4.0,250,125.0,4.4,0.40000000000000036,-77.6,2375
Robot 2,4.0,251,125.5,4.4,0.40000000000000036,-78.6,2385
Robot 2,4.0,252,126.0,4.38,0.3799999999999999,-77.8,2394
Robot 2,4.0,253,126.5,4.38,0.3799999999999999,-78.8,2404
Robot 2,4.0,254,127.0,4.38,0.3799999999999999,-78.5,2413
Robot 2,4.0,255,127.5,4.43,0.4299999999999997,-80.1,2422
Robot 2,4.0,256,128.0,4.43,0.4299999999999997,-78.7,2432
Robot 2,4.0,257,128.5,4.41,0.41000000000000014,-80.2,2441
Robot 2,4.0,258,129.0,4.44,0.4400000000000004,-80.2,2451
Robot 2,4.0,259,129.5,4.41,0.41000000000000014,-78.6,2460
Robot 2,4.0,260,130.0,4.45,0.4500000000000002,-79.6,2470
Robot 2,4.0,261,130.5,4.43,0.4299999999999997,-79.0,2479
Robot 2,4.0,262,131.0,4.43,0.4299999999999997,-78.0,2489
Robot 2,4.0,263,131.5,4.42,0.41999999999999993,-79.8,2498
Robot 2,4.0,264,132.0,4.43,0.4299999999999997,-80.5,2507
Robot 2,4.0,265,132.5,4.44,0.4400000000000004,-79.0,2517
Robot 2,4.0,266,133.0,4.44,0.4400000000000004,-78.6,2526
Robot 2,4.0,267,133.5,4.44,0.4400000000000004,-80.0,2536
Robot 2,4.0,268,134.0,4.44,0.4400000000000004,-78.5,2545
Robot 2,4.0,269,134.5,4.43,0.4299999999999997,-80.1,2555
Robot 2,4.0,270,135.0,4.44,0.4400000000000004,-77.2,2564
Robot 2,4.0,271,135.5,4.45,0.4500000000000002,-79.8,2573
Robot 2,4.0,272,136.0,4.45,0.4500000000000002,-79.6,2583
Robot 2,4.0,273,136.5,4.43,0.4299999999999997,-79.1,2592
Robot 2,4.0,274,137.0,4.44,0.4400000000000004,-79.6,2602
Robot 2,4.0,275,137.5,4.44,0.4400000000000004,-78.8,2611
Robot 2,4.0,276,138.0,4.44,0.4400000000000004,-78.6,2621
Robot 2,4.0,277,138.5,4.44,0.4400000000000004,-78.8,2630
Robot 2,4.0,278,139.0,4.43,0.4299999999999997,-79.9,2639
Robot 2,4.0,279,139.5,4.46,0.45999999999999996,-79.2,2649
Robot 2,4.0,280,140.0,4.42,0.41999999999999993,-78.3,2658
Robot 2,4.0,281,140.5,4.42,0.41999999999999993,-80.4,2668
Robot 2,4.0,282,141.0,4.45,0.4500000000000002,-78.4,2677
Robot 2,4.0,283,141.5,4.42,0.41999999999999993,-79.4,2687
Robot 2,4.0,284,142.0,4.44,0.4400000000000004,-78.8,2696
Robot 2,4.0,285,142.5,4.44,0.4400000000000004,-78.3,2706
Robot 2,4.0,286,143.0,4.42,0.41999999999999993,-78.8,2715
Robot 2,4.0,287,143.5,4.42,0.41999999999999993,-78.4,2724
Robot 2,4.0,288,144.0,4.43,0.4299999999999997,-76.8,2734
Robot 2,4.0,289,144.5,4.43,0.4299999999999997,-77.4,2743
Robot 2,4.0,290,145.0,4.43,0.4299999999999997,-79.5,2753
Robot 2,4.0,291,145.5,4.45,0.4500000000000002,-78.9,2762
Robot 2,4.0,292,146.0,4.41,0.41000000000000014,-79.6,2772
Robot 2,4.0,293,146.5,4.45,0.4500000000000002,-79.9,2781
Robot 2,4.0,294,147.0,4.45,0.4500000000000002,-79.7,2790
Robot 2,4.0,295,147.5,4.44,0.4400000000000004,-79.1,2800
Robot 2,4.0,296,148.0,4.46,0.45999999999999996,-79.7,2809
Robot 2,4.0,297,148.5,4.45,0.4500000000000002,-78.9,2819
Robot 2,4.0,298,149.0,4.44,0.4400000000000004,-79.2,2828
Robot 2,4.0,299,149.5,4.47,0.46999999999999975,-78.8,2838
Robot 2,4.0,300,150.0,4.44,0.4400000000000004,-81.1,2847
Robot 2,4.0,301,150.5,4.41,0.41000000000000014,-74.2,2856
Robot 2,4.0,302,151.0,4.44,0.4400000000000004,-81.0,2866
Robot 2,4.0,303,151.5,4.49,0.4900000000000002,-83.6,2875
Robot 2,4.0,304,152.0,4.44,0.4400000000000004,-79.9,2885
Robot 2,4.0,305,152.5,4.45,0.4500000000000002,-75.8,2894
Robot 2,4.0,306,153.0,4.46,0.45999999999999996,-79.7,2904
Robot 2,4.0,307,153.5,4.46,0.45999999999999996,-80.2,2913
Robot 2,4.0,308,154.0,4.47,0.46999999999999975,-79.4,2923
Robot 2,4.0,309,154.5,4.48,0.4800000000000004,-79.8,2932
Robot 2,4.0,310,155.0,4.47,0.46999999999999975,-80.7,2941
Robot 2,4.0,311,155.5,4.46,0.45999999999999996,-80.4,2951
Robot 2,4.0,312,156.0,4.47,0.46999999999999975,-80.4,2960
Robot 2,4.0,313,156.5,4.49,0.4900000000000002,-81.0,2970
Robot 2,4.0,314,157.0,4.51,0.5099999999999998,-81.4,2979
Robot 2,4.0,315,157.5,4.48,0.4800000000000004,-79.9,2989
Robot 2,4.0,316,158.0,4.48,0.4800000000000004,-80.0,2998
Robot 2,4.0,317,158.5,4.47,0.46999999999999975,-80.0,3007
Robot 2,4.0,318,159.0,4.47,0.46999999999999975,-81.2,3017
Robot 2,4.0,319,159.5,4.47,0.46999999999999975,-81.1,3026
Robot 2,4.0,320,160.0,4.49,0.4900000000000002,-80.0,3036
Robot 2,4.0,321,160.5,4.48,0.4800000000000004,-80.9,3045
Robot 2,4.0,322,161.0,4.47,0.46999999999999975,-79.9,3055
Robot 2,4.0,323,161.5,4.47,0.46999999999999975,-79.8,3064
Robot 2,4.0,324,162.0,4.47,0.46999999999999975,-81.2,3073
Robot 2,4.0,325,162.5,4.48,0.4800000000000004,-79.6,3083
Robot 2,4.0,326,163.0,4.48,0.4800000000000004,-80.4,3092
Robot 2,4.0,327,163.5,4.47,0.46999999999999975,-78.5,3102
Robot 2,4.0,328,164.0,4.49,0.4900000000000002,-81.1,3111
Robot 2,4.0,329,164.5,4.51,0.5099999999999998,-79.9,3121
Robot 2,4.0,330,165.0,4.48,0.4800000000000004,-80.5,3130
Robot 2,4.0,331,165.5,4.47,0.46999999999999975,-78.7,3140
Robot 2,4.0,332,166.0,4.5,0.5,-80.6,3149
Robot 2,4.0,333,166.5,4.49,0.4900000000000002,-79.9,3158
Robot 2,4.0,334,167.0,4.48,0.4800000000000004,-79.1,3168
Robot 2,4.0,335,167.5,4.48,0.4800000000000004,-78.6,3177
Robot 2,4.0,336,168.0,4.49,0.4900000000000002,-79.7,3187
Robot 2,4.0,337,168.5,4.48,0.4800000000000004,-79.4,3196
Robot 2,4.0,338,169.0,4.47,0.46999999999999975,-79.6,3206
Robot 2,4.0,339,169.5,4.49,0.4900000000000002,-84.7,3215
Robot 2,4.0,340,170.0,4.48,0.4800000000000004,-80.0,3224
Robot 2,4.0,341,170.5,4.49,0.4900000000000002,-78.7,3234
Robot 2,4.0,342,171.0,4.48,0.4800000000000004,-79.4,3243
Robot 2,4.0,343,171.5,4.49,0.4900000000000002,-80.3,3253
Robot 2,4.0,344,172.0,4.49,0.4900000000000002,-80.0,3262
Robot 2,4.0,345,172.5,4.5,0.5,-80.7,3272
Robot 2,4.0,346,173.0,4.5,0.5,-80.6,3281
Robot 2,4.0,347,173.5,4.51,0.5099999999999998,-78.6,3290
Robot 2,4.0,348,174.0,4.48,0.4800000000000004,-88.2,3300
Robot 2,4.0,349,174.5,4.49,0.4900000000000002,-81.3,3309
Robot 2,4.0,350,175.0,4.5,0.5,-80.1,3319
Robot 2,4.0,351,175.5,4.49,0.4900000000000002,-81.3,3328
Robot 2,4.0,352,176.0,4.49,0.4900000000000002,-80.9,3338
Robot 2,4.0,353,176.5,4.47,0.46999999999999975,-79.4,3347
Robot 2,4.0,354,177.0,4.49,0.4900000000000002,-79.4,3356
Robot 2,4.0,355,177.5,4.48,0.4800000000000004,-77.8,3366
Robot 2,4.0,356,178.0,4.51,0.5099999999999998,-80.2,3375
Robot 2,4.0,357,178.5,4.48,0.4800000000000004,-84.2,3385
Robot 2,4.0,358,179.0,4.5,0.5,-79.4,3394
Robot 2,4.0,359,179.5,4.5,0.5,-80.1,3404
Robot 2,4.0,360,180.0,4.49,0.4900000000000002,-80.1,3413
Robot 2,4.0,361,180.5,4.51,0.5099999999999998,-81.4,3423
Robot 2,4.0,362,181.0,4.5,0.5,-80.0,3432
Robot 2,4.0,363,181.5,4.49,0.4900000000000002,-88.1,3441
Robot 2,4.0,364,182.0,4.48,0.4800000000000004,-79.6,3451
Robot 2,4.0,365,182.5,4.49,0.4900000000000002,-78.3,3460
Robot 2,4.0,366,183.0,4.51,0.5099999999999998,-79.2,3470
Robot 2,4.0,367,183.5,4.49,0.4900000000000002,-81.1,3479
Robot 2,4.0,368,184.0,4.46,0.45999999999999996,-76.8,3489
Robot 2,4.0,369,184.5,4.48,0.4800000000000004,-77.1,3498
Robot 2,4.0,370,185.0,4.46,0.45999999999999996,-78.1,3507
Robot 2,4.0,371,185.5,4.48,0.4800000000000004,-78.6,3517
Robot 2,4.0,372,186.0,4.46,0.45999999999999996,-77.9,3526
Robot 2,4.0,373,186.5,4.48,0.4800000000000004,-79.3,3536
Robot 2,4.0,374,187.0,4.5,0.5,-82.3,3545
Robot 2,4.0,375,187.5,4.54,0.54,-81.9,3555
Robot 2,4.0,376,188.0,4.53,0.5300000000000002,-83.9,3564
Robot 2,4.0,377,188.5,4.53,0.5300000000000002,-82.4,3573
Robot 2,4.0,378,189.0,4.52,0.5199999999999996,-82.5,3583
Robot 2,4.0,379,189.5,4.52,0.5199999999999996,-84.7,3592
Robot 2,4.0,380,190.0,4.57,0.5700000000000003,-82.2,3602
Robot 2,4.0,381,190.5,4.55,0.5499999999999998,-82.7,3611
Robot 2,4.0,382,191.0,4.54,0.54,-82.7,3621
Robot 2,4.0,383,191.5,4.56,0.5599999999999996,-82.0,3630
Robot 2,4.0,384,192.0,4.53,0.5300000000000002,-82.5,3640
Robot 2,4.0,385,192.5,4.54,0.54,-82.3,3649
Robot 2,4.0,386,193.0,4.57,0.5700000000000003,-83.7,3658
Robot 2,4.0,387,193.5,4.56,0.5599999999999996,-83.0,3668
Robot 2,4.0,388,194.0,4.57,0.5700000000000003,-83.8,3677
Robot 2,4.0,389,194.5,4.53,0.5300000000000002,-82.5,3687
Robot 2,4.0,390,195.0,4.56,0.5599999999999996,-82.5,3696
Robot 2,4.0,391,195.5,4.53,0.5300000000000002,-82.1,3706
Robot 2,4.0,392,196.0,4.55,0.5499999999999998,-83.2,3715
Robot 2,4.0,393,196.5,4.53,0.5300000000000002,-82.6,3724
Robot 2,4.0,394,197.0,4.54,0.54,-82.4,3734
Robot 1,5.0,0,0.0,5.1,0.09999999999999964,-77.6,20
Robot 1,5.0,1,0.5,5.09,0.08999999999999986,-79.3,30
Robot 1,5.0,2,1.0,5.06,0.05999999999999961,-78.4,39
Robot 1,5.0,3,1.5,5.0,0.0,-76.8,49
Robot 1,5.0,4,2.0,5.0,0.0,-77.8,58
Robot 1,5.0,5,2.5,5.02,0.019999999999999574,-76.9,67
Robot 1,5.0,6,3.0,5.09,0.08999999999999986,-77.8,77
Robot 1,5.0,7,3.5,5.12,0.1200000000000001,-79.3,86
Robot 1,5.0,8,4.0,5.15,0.15000000000000036,-82.2,96
Robot 1,5.0,9,4.5,5.19,0.1900000000000004,-83.6,105
Robot 1,5.0,10,5.0,5.18,0.17999999999999972,-82.2,115
Robot 1,5.0,11,5.5,5.2,0.20000000000000018,-86.1,124
Robot 1,5.0,12,6.0,5.22,0.21999999999999975,-82.9,133
Robot 1,5.0,13,6.5,5.23,0.23000000000000043,-82.9,143
Robot 1,5.0,14,7.0,5.2,0.20000000000000018,-83.1,152
Robot 1,5.0,15,7.5,5.25,0.25,-85.4,162
Robot 1,5.0,16,8.0,5.25,0.25,-83.0,171
Robot 1,5.0,17,8.5,5.25,0.25,-83.4,181
Robot 1,5.0,18,9.0,5.25,0.25,-83.7,190
Robot 1,5.0,19,9.5,5.26,0.2599999999999998,-83.0,200
Robot 1,5.0,20,10.0,5.23,0.23000000000000043,-81.7,209
Robot 1,5.0,21,10.5,5.22,0.21999999999999975,-82.0,218
Robot 1,5.0,22,11.0,5.25,0.25,-81.8,228
Robot 1,5.0,23,11.5,5.23,0.23000000000000043,-80.6,236
Robot 1,5.0,24,12.0,5.26,0.2599999999999998,-83.1,245
Robot 1,5.0,25,12.5,5.25,0.25,-81.7,255
Robot 1,5.0,26,13.0,5.27,0.2699999999999996,-81.1,264
Robot 1,5.0,27,13.5,5.24,0.2400000000000002,-80.1,273
Robot 1,5.0,28,14.0,5.24,0.2400000000000002,-81.7,283
Robot 1,5.0,29,14.5,5.26,0.2599999999999998,-81.2,292
Robot 1,5.0,30,15.0,5.26,0.2599999999999998,-81.4,302
Robot 1,5.0,31,15.5,5.27,0.2699999999999996,-80.9,311
Robot 1,5.0,32,16.0,5.28,0.28000000000000025,-81.0,321
Robot 1,5.0,33,16.5,5.26,0.2599999999999998,-80.3,330
Robot 1,5.0,34,17.0,5.27,0.2699999999999996,-80.3,339
Robot 1,5.0,35,17.5,5.29,0.29000000000000004,-81.6,349
Robot 1,5.0,36,18.0,5.3,0.2999999999999998,-80.7,358
Robot 1,5.0,37,18.5,5.3,0.2999999999999998,-81.1,368
Robot 1,5.0,38,19.0,5.28,0.28000000000000025,-80.7,377
Robot 1,5.0,39,19.5,5.3,0.2999999999999998,-81.0,387
Robot 1,5.0,40,20.0,5.33,0.33000000000000007,-82.1,396
Robot 1,5.0,41,20.5,5.35,0.34999999999999964,-82.9,406
Robot 1,5.0,42,21.0,5.33,0.33000000000000007,-80.8,415
Robot 1,5.0,43,21.5,5.33,0.33000000000000007,-81.6,424
Robot 1,5.0,44,22.0,5.33,0.33000000000000007,-80.7,434
Robot 1,5.0,45,22.5,5.33,0.33000000000000007,-82.0,443
Robot 1,5.0,46,23.0,5.33,0.33000000000000007,-81.1,453
Robot 1,5.0,47,23.5,5.38,0.3799999999999999,-81.9,462
Robot 1,5.0,48,24.0,5.33,0.33000000000000007,-81.6,472
Robot 1,5.0,49,24.5,5.34,0.33999999999999986,-81.6,481
Robot 1,5.0,50,25.0,5.34,0.33999999999999986,-81.4,490
Robot 1,5.0,51,25.5,5.36,0.3600000000000003,-82.0,500
Robot 1,5.0,52,26.0,5.34,0.33999999999999986,-80.5,509
Robot 1,5.0,53,26.5,5.36,0.3600000000000003,-82.9,519
Robot 1,5.0,54,27.0,5.37,0.3700000000000001,-84.9,528
Robot 1,5.0,55,27.5,5.37,0.3700000000000001,-83.5,538
Robot 1,5.0,56,28.0,5.4,0.40000000000000036,-82.7,547
Robot 1,5.0,57,28.5,5.37,0.3700000000000001,-84.6,556
Robot 1,5.0,58,29.0,5.41,0.41000000000000014,-84.1,566
Robot 1,5.0,59,29.5,5.4,0.40000000000000036,-83.9,575
Robot 1,5.0,60,30.0,5.41,0.41000000000000014,-84.3,585
Robot 1,5.0,61,30.5,5.4,0.40000000000000036,-83.3,594
Robot 1,5.0,62,31.0,5.37,0.3700000000000001,-82.0,604
Robot 1,5.0,63,31.5,5.32,0.3200000000000003,-82.6,613
Robot 1,5.0,64,32.0,5.32,0.3200000000000003,-77.1,623
Robot 1,5.0,65,32.5,5.31,0.3099999999999996,-79.7,632
Robot 1,5.0,66,33.0,5.29,0.29000000000000004,-77.7,641
Robot 1,5.0,67,33.5,5.31,0.3099999999999996,-79.6,651
Robot 1,5.0,68,34.0,5.3,0.2999999999999998,-79.4,660
Robot 1,5.0,69,34.5,5.33,0.33000000000000007,-80.9,670
Robot 1,5.0,70,35.0,5.32,0.3200000000000003,-79.6,679
Robot 1,5.0,71,35.5,5.33,0.33000000000000007,-79.3,689
Robot 1,5.0,72,36.0,5.31,0.3099999999999996,-80.1,698
Robot 1,5.0,73,36.5,5.33,0.33000000000000007,-79.6,707
Robot 1,5.0,74,37.0,5.33,0.33000000000000007,-79.4,717
Robot 1,5.0,75,37.5,5.33,0.33000000000000007,-80.0,726
Robot 1,5.0,76,38.0,5.34,0.33999999999999986,-79.4,736
Robot 1,5.0,77,38.5,5.32,0.3200000000000003,-80.7,745
Robot 1,5.0,78,39.0,5.31,0.3099999999999996,-79.3,755
Robot 1,5.0,79,39.5,5.32,0.3200000000000003,-80.1,764
Robot 1,5.0,80,40.0,5.32,0.3200000000000003,-79.5,773
Robot 1,5.0,81,40.5,5.32,0.3200000000000003,-79.3,783
Robot 1,5.0,82,41.0,5.32,0.3200000000000003,-79.0,792
Robot 1,5.0,83,41.5,5.34,0.33999999999999986,-79.1,802
Robot 1,5.0,84,42.0,5.33,0.33000000000000007,-80.4,811
Robot 1,5.0,85,42.5,5.35,0.34999999999999964,-79.8,821
Robot 1,5.0,86,43.0,5.34,0.33999999999999986,-79.7,830
Robot 1,5.0,87,43.5,5.34,0.33999999999999986,-79.4,839
Robot 1,5.0,88,44.0,5.35,0.34999999999999964,-79.3,849
Robot 1,5.0,89,44.5,5.35,0.34999999999999964,-78.7,858
Robot 1,5.0,90,45.0,5.34,0.33999999999999986,-80.7,868
Robot 1,5.0,91,45.5,5.36,0.3600000000000003,-81.1,877
Robot 1,5.0,92,46.0,5.36,0.3600000000000003,-80.7,887
Robot 1,5.0,93,46.5,5.36,0.3600000000000003,-80.0,896
Robot 1,5.0,94,47.0,5.38,0.3799999999999999,-79.2,906
Robot 1,5.0,95,47.5,5.36,0.3600000000000003,-79.0,915
Robot 1,5.0,96,48.0,5.34,0.33999999999999986,-78.1,924
Robot 1,5.0,97,48.5,5.38,0.3799999999999999,-79.3,934
Robot 1,5.0,98,49.0,5.37,0.3700000000000001,-79.6,943
Robot 1,5.0,99,49.5,5.36,0.3600000000000003,-79.5,953
Robot 1,5.0,100,50.0,5.38,0.3799999999999999,-80.4,962
Robot 1,5.0,101,50.5,5.36,0.3600000000000003,-79.6,972
Robot 1,5.0,102,51.0,5.37,0.3700000000000001,-80.9,981
Robot 1,5.0,103,51.5,5.35,0.34999999999999964,-79.3,990
Robot 1,5.0,104,52.0,5.38,0.3799999999999999,-79.2,1000
Robot 1,5.0,105,52.5,5.38,0.3799999999999999,-80.1,1009
Robot 1,5.0,106,53.0,5.38,0.3799999999999999,-79.0,1019
Robot 1,5.0,107,53.5,5.38,0.3799999999999999,-79.8,1028
Robot 1,5.0,108,54.0,5.38,0.3799999999999999,-79.3,1038
Robot 1,5.0,109,54.5,5.35,0.34999999999999964,-80.8,1047
Robot 1,5.0,110,55.0,5.37,0.3700000000000001,-78.6,1056
Robot 1,5.0,111,55.5,5.38,0.3799999999999999,-79.0,1066
Robot 1,5.0,112,56.0,5.37,0.3700000000000001,-79.1,1075
Robot 1,5.0,113,56.5,5.37,0.3700000000000001,-78.8,1085
Robot 1,5.0,114,57.0,5.4,0.40000000000000036,-80.4,1094
Robot 1,5.0,115,57.5,5.39,0.3899999999999997,-79.8,1104
Robot 1,5.0,116,58.0,5.4,0.40000000000000036,-80.2,1113
Robot 1,5.0,117,58.5,5.36,0.3600000000000003,-79.8,1123
Robot 1,5.0,118,59.0,5.41,0.41000000000000014,-79.5,1132
Robot 1,5.0,119,59.5,5.37,0.3700000000000001,-77.1,1141
Robot 1,5.0,120,60.0,5.39,0.3899999999999997,-79.3,1151
Robot 1,5.0,121,60.5,5.39,0.3899999999999997,-80.4,1160
Robot 1,5.0,122,61.0,5.38,0.3799999999999999,-79.4,1170
Robot 1,5.0,123,61.5,5.37,0.3700000000000001,-78.7,1179
Robot 1,5.0,124,62.0,5.38,0.3799999999999999,-80.0,1189
Robot 1,5.0,125,62.5,5.39,0.3899999999999997,-78.8,1198
Robot 1,5.0,126,63.0,5.38,0.3799999999999999,-79.8,1207
Robot 1,5.0,127,63.5,5.38,0.3799999999999999,-79.7,1217
Robot 1,5.0,128,64.0,5.38,0.3799999999999999,-79.7,1226
Robot 1,5.0,129,64.5,5.39,0.3899999999999997,-79.0,1236
Robot 1,5.0,130,65.0,5.4,0.40000000000000036,-79.0,1245
Robot 1,5.0,131,65.5,5.39,0.3899999999999997,-79.7,1255
Robot 1,5.0,132,66.0,5.39,0.3899999999999997,-79.2,1264
Robot 1,5.0,133,66.5,5.38,0.3799999999999999,-79.6,1273
Robot 1,5.0,134,67.0,5.38,0.3799999999999999,-79.9,1283
Robot 1,5.0,135,67.5,5.41,0.41000000000000014,-79.2,1292
Robot 1,5.0,136,68.0,5.39,0.3899999999999997,-80.7,1302
Robot 1,5.0,137,68.5,5.4,0.40000000000000036,-79.4,1311
Robot 1,5.0,138,69.0,5.39,0.3899999999999997,-79.4,1321
Robot 1,5.0,139,69.5,5.41,0.41000000000000014,-80.4,1330
Robot 1,5.0,140,70.0,5.42,0.41999999999999993,-79.6,1339
Robot 1,5.0,141,70.5,5.4,0.40000000000000036,-80.8,1349
Robot 1,5.0,142,71.0,5.4,0.40000000000000036,-78.6,1358
Robot 1,5.0,143,71.5,5.4,0.40000000000000036,-79.0,1368
Robot 1,5.0,144,72.0,5.4,0.40000000000000036,-79.0,1377
Robot 1,5.0,145,72.5,5.45,0.4500000000000002,-80.0,1387
Robot 1,5.0,146,73.0,5.4,0.40000000000000036,-80.0,1396
Robot 1,5.0,147,73.5,5.39,0.3899999999999997,-78.8,1406
Robot 1,5.0,148,74.0,5.42,0.41999999999999993,-78.9,1415
Robot 1,5.0,149,74.5,5.42,0.41999999999999993,-78.0,1424
Robot 1,5.0,150,75.0,5.42,0.41999999999999993,-79.1,1434
Robot 1,5.0,151,75.5,5.42,0.41999999999999993,-80.6,1443
Robot 1,5.0,152,76.0,5.41,0.41000000000000014,-80.6,1453
Robot 1,5.0,153,76.5,5.4,0.40000000000000036,-79.3,1462
Robot 1,5.0,154,77.0,5.42,0.41999999999999993,-80.0,1472
Robot 1,5.0,155,77.5,5.42,0.41999999999999993,-79.7,1481
Robot 1,5.0,156,78.0,5.42,0.41999999999999993,-79.0,1490
Robot 1,5.0,157,78.5,5.41,0.41000000000000014,-80.7,1500
Robot 1,5.0,158,79.0,5.41,0.41000000000000014,-78.7,1509
Robot 1,5.0,159,79.5,5.43,0.4299999999999997,-79.4,1519
Robot 1,5.0,160,80.0,5.42,0.41999999999999993,-80.9,1528
Robot 1,5.0,161,80.5,5.44,0.4400000000000004,-78.9,1538
Robot 1,5.0,162,81.0,5.44,0.4400000000000004,-80.0,1547
Robot 1,5.0,163,81.5,5.43,0.4299999999999997,-80.3,1556
Robot 1,5.0,164,82.0,5.4,0.40000000000000036,-80.0,1566
Robot 1,5.0,165,82.5,5.42,0.41999999999999993,-78.5,1575
Robot 1,5.0,166,83.0,5.45,0.4500000000000002,-79.9,1585
Robot 1,5.0,167,83.5,5.46,0.45999999999999996,-81.0,1594
Robot 1,5.0,168,84.0,5.46,0.45999999999999996,-78.7,1604
Robot 1,5.0,169,84.5,5.41,0.41000000000000014,-77.0,1613
Robot 1,5.0,170,85.0,5.41,0.41000000000000014,-78.8,1623
Robot 1,5.0,171,85.5,5.4,0.40000000000000036,-79.4,1632
Robot 1,5.0,172,86.0,5.44,0.4400000000000004,-78.5,1641
Robot 1,5.0,173,86.5,5.39,0.3899999999999997,-78.5,1651
Robot 1,5.0,174,87.0,5.4,0.40000000000000036,-78.8,1660
Robot 1,5.0,175,87.5,5.4,0.40000000000000036,-78.9,1670
Robot 1,5.0,176,88.0,5.42,0.41999999999999993,-78.1,1679
Robot 1,5.0,177,88.5,5.42,0.41999999999999993,-78.9,1689
Robot 1,5.0,178,89.0,5.4,0.40000000000000036,-78.7,1698
Robot 1,5.0,179,89.5,5.42,0.41999999999999993,-78.9,1707
Robot 1,5.0,180,90.0,5.41,0.41000000000000014,-79.2,1717
Robot 1,5.0,181,90.5,5.39,0.3899999999999997,-78.3,1726
Robot 1,5.0,182,91.0,5.41,0.41000000000000014,-78.8,1736
Robot 1,5.0,183,91.5,5.42,0.41999999999999993,-78.4,1745
Robot 1,5.0,184,92.0,5.41,0.41000000000000014,-78.6,1755
Robot 1,5.0,185,92.5,5.41,0.41000000000000014,-78.7,1764
Robot 1,5.0,186,93.0,5.42,0.41999999999999993,-78.0,1773
Robot 1,5.0,187,93.5,5.41,0.41000000000000014,-78.1,1783
Robot 1,5.0,188,94.0,5.43,0.4299999999999997,-78.3,1792
Robot 1,5.0,189,94.5,5.43,0.4299999999999997,-78.8,1802
Robot 1,5.0,190,95.0,5.41,0.41000000000000014,-77.9,1811
Robot 1,5.0,191,95.5,5.42,0.41999999999999993,-79.1,1821
Robot 1,5.0,192,96.0,5.44,0.4400000000000004,-78.1,1830
Robot 1,5.0,193,96.5,5.43,0.4299999999999997,-77.7,1839
Robot 1,5.0,194,97.0,5.42,0.41999999999999993,-77.8,1849
Robot 1,5.0,195,97.5,5.4,0.40000000000000036,-76.6,1858
Robot 1,5.0,196,98.0,5.42,0.41999999999999993,-78.5,1868
Robot 1,5.0,197,98.5,5.42,0.41999999999999993,-77.8,1877
Robot 1,5.0,198,99.0,5.43,0.4299999999999997,-78.5,1887
Robot 1,5.0,199,99.5,5.42,0.41999999999999993,-78.2,1896
Robot 1,5.0,200,100.0,5.42,0.41999999999999993,-78.1,1906
Robot 1,5.0,201,100.5,5.44,0.4400000000000004,-78.3,1915
Robot 1,5.0,202,101.0,5.41,0.41000000000000014,-78.9,1924
Robot 1,5.0,203,101.5,5.43,0.4299999999999997,-77.9,1934
Robot 1,5.0,204,102.0,5.41,0.41000000000000014,-78.4,1943
Robot 1,5.0,205,102.5,5.45,0.4500000000000002,-78.2,1953
Robot 1,5.0,206,103.0,5.43,0.4299999999999997,-78.6,1962
Robot 1,5.0,207,103.5,5.43,0.4299999999999997,-78.5,1972
Robot 1,5.0,208,104.0,5.44,0.4400000000000004,-79.2,1981
Robot 1,5.0,209,104.5,5.45,0.4500000000000002,-79.1,1990
Robot 1,5.0,210,105.0,5.44,0.4400000000000004,-79.0,2000
Robot 1,5.0,211,105.5,5.48,0.4800000000000004,-79.1,2009
Robot 1,5.0,212,106.0,5.41,0.41000000000000014,-79.1,2019
Robot 1,5.0,213,106.5,5.43,0.4299999999999997,-79.0,2028
Robot 1,5.0,214,107.0,5.46,0.45999999999999996,-78.5,2038
Robot 1,5.0,215,107.5,5.44,0.4400000000000004,-78.4,2047
Robot 1,5.0,216,108.0,5.44,0.4400000000000004,-79.3,2056
Robot 1,5.0,217,108.5,5.44,0.4400000000000004,-79.2,2066
Robot 1,5.0,218,109.0,5.44,0.4400000000000004,-77.4,2075
Robot 1,5.0,219,109.5,5.45,0.4500000000000002,-78.5,2085
Robot 1,5.0,220,110.0,5.46,0.45999999999999996,-79.6,2094
Robot 1,5.0,221,110.5,5.46,0.45999999999999996,-79.1,2104
Robot 1,5.0,222,111.0,5.43,0.4299999999999997,-78.7,2113
Robot 1,5.0,223,111.5,5.43,0.4299999999999997,-79.4,2123
Robot 1,5.0,224,112.0,5.45,0.4500000000000002,-79.0,2132
Robot 1,5.0,225,112.5,5.46,0.45999999999999996,-77.9,2141
Robot 1,5.0,226,113.0,5.46,0.45999999999999996,-78.7,2151
Robot 1,5.0,227,113.5,5.44,0.4400000000000004,-79.1,2160
Robot 1,5.0,228,114.0,5.46,0.45999999999999996,-79.7,2170
Robot 1,5.0,229,114.5,5.43,0.4299999999999997,-78.6,2179
Robot 1,5.0,230,115.0,5.47,0.46999999999999975,-78.9,2189
Robot 1,5.0,231,115.5,5.45,0.4500000000000002,-78.3,2198
Robot 1,5.0,232,116.0,5.46,0.45999999999999996,-78.5,2207
Robot 1,5.0,233,116.5,5.45,0.4500000000000002,-79.2,2217
Robot 1,5.0,234,117.0,5.46,0.45999999999999996,-78.4,2226
Robot 1,5.0,235,117.5,5.47,0.46999999999999975,-79.2,2236
Robot 1,5.0,236,118.0,5.6,0.5999999999999996,-83.7,2245
Robot 1,5.0,237,118.5,5.59,0.5899999999999999,-83.3,2255
Robot 1,5.0,238,119.0,5.59,0.5899999999999999,-83.2,2264
Robot 1,5.0,239,119.5,5.58,0.5800000000000001,-82.4,2273
Robot 1,5.0,240,120.0,5.56,0.5599999999999996,-84.2,2283
Robot 1,5.0,241,120.5,5.62,0.6200000000000001,-83.3,2292
Robot 1,5.0,242,121.0,5.58,0.5800000000000001,-83.6,2302
Robot 1,5.0,243,121.5,5.59,0.5899999999999999,-83.3,2311
Robot 1,5.0,244,122.0,5.59,0.5899999999999999,-83.2,2321
Robot 1,5.0,245,122.5,5.6,0.5999999999999996,-84.2,2330
Robot 1,5.0,246,123.0,5.59,0.5899999999999999,-82.3,2339
Robot 1,5.0,247,123.5,5.59,0.5899999999999999,-81.7,2349
Robot 1,5.0,248,124.0,5.59,0.5899999999999999,-80.4,2358
Robot 1,5.0,249,124.5,5.57,0.5700000000000003,-82.4,2368
Robot 1,5.0,250,125.0,5.59,0.5899999999999999,-83.7,2377
Robot 1,5.0,251,125.5,5.59,0.5899999999999999,-82.7,2387
Robot 1,5.0,252,126.0,5.62,0.6200000000000001,-83.9,2396
Robot 1,5.0,253,126.5,5.59,0.5899999999999999,-80.4,2406
Robot 1,5.0,254,127.0,5.59,0.5899999999999999,-83.2,2415
Robot 1,5.0,255,127.5,5.58,0.5800000000000001,-82.4,2424
Robot 1,5.0,256,128.0,5.63,0.6299999999999999,-84.3,2434
Robot 1,5.0,257,128.5,5.6,0.5999999999999996,-84.4,2443
Robot 1,5.0,258,129.0,5.59,0.5899999999999999,-80.8,2453
Robot 1,5.0,259,129.5,5.59,0.5899999999999999,-82.0,2462
Robot 1,5.0,260,130.0,5.62,0.6200000000000001,-84.1,2472
Robot 1,5.0,261,130.5,5.61,0.6100000000000003,-82.4,2481
Robot 1,5.0,262,131.0,5.62,0.6200000000000001,-83.7,2490
Robot 1,5.0,263,131.5,5.6,0.5999999999999996,-81.9,2500
Robot 1,5.0,264,132.0,5.59,0.5899999999999999,-80.8,2509
Robot 1,5.0,265,132.5,5.59,0.5899999999999999,-81.4,2519
Robot 1,5.0,266,133.0,5.61,0.6100000000000003,-82.2,2528
Robot 1,5.0,267,133.5,5.6,0.5999999999999996,-83.3,2538
Robot 1,5.0,268,134.0,5.6,0.5999999999999996,-81.9,2547
Robot 1,5.0,269,134.5,5.61,0.6100000000000003,-84.1,2556
Robot 1,5.0,270,135.0,5.59,0.5899999999999999,-82.5,2566
Robot 1,5.0,271,135.5,5.59,0.5899999999999999,-79.4,2575
Robot 1,5.0,272,136.0,5.6,0.5999999999999996,-82.7,2585
Robot 1,5.0,273,136.5,5.6,0.5999999999999996,-82.4,2594
Robot 1,5.0,274,137.0,5.62,0.6200000000000001,-82.0,2604
Robot 1,5.0,275,137.5,5.6,0.5999999999999996,-81.7,2613
Robot 1,5.0,276,138.0,5.6,0.5999999999999996,-82.4,2623
Robot 1,5.0,277,138.5,5.63,0.6299999999999999,-83.1,2632
Robot 1,5.0,278,139.0,5.6,0.5999999999999996,-83.2,2641
Robot 1,5.0,279,139.5,5.64,0.6399999999999997,-83.2,2651
Robot 1,5.0,280,140.0,5.62,0.6200000000000001,-84.0,2660
Robot 1,5.0,281,140.5,5.64,0.6399999999999997,-83.6,2670
Robot 1,5.0,282,141.0,5.63,0.6299999999999999,-84.6,2679
Robot 1,5.0,283,141.5,5.63,0.6299999999999999,-85.8,2689
Robot 1,5.0,284,142.0,5.65,0.6500000000000004,-84.3,2698
Robot 1,5.0,285,142.5,5.65,0.6500000000000004,-84.9,2707
Robot 1,5.0,286,143.0,5.63,0.6299999999999999,-86.2,2717
Robot 1,5.0,287,143.5,5.65,0.6500000000000004,-84.2,2726
Robot 1,5.0,288,144.0,5.63,0.6299999999999999,-84.2,2736
Robot 1,5.0,289,144.5,5.64,0.6399999999999997,-84.7,2745
Robot 1,5.0,290,145.0,5.63,0.6299999999999999,-84.0,2755
Robot 1,5.0,291,145.5,5.64,0.6399999999999997,-84.5,2764
Robot 1,5.0,292,146.0,5.65,0.6500000000000004,-83.2,2773
Robot 1,5.0,293,146.5,5.66,0.6600000000000001,-83.7,2783
Robot 1,5.0,294,147.0,5.63,0.6299999999999999,-82.8,2792
Robot 1,5.0,295,147.5,5.64,0.6399999999999997,-84.0,2802
Robot 1,5.0,296,148.0,5.65,0.6500000000000004,-85.0,2811
Robot 1,5.0,297,148.5,5.64,0.6399999999999997,-84.8,2821
Robot 1,5.0,298,149.0,5.64,0.6399999999999997,-84.1,2830
Robot 1,5.0,299,149.5,5.65,0.6500000000000004,-83.6,2839
Robot 1,5.0,300,150.0,5.65,0.6500000000000004,-82.9,2849
Robot 1,5.0,301,150.5,5.65,0.6500000000000004,-83.1,2858
Robot 1,5.0,302,151.0,5.63,0.6299999999999999,-84.2,2868
Robot 1,5.0,303,151.5,5.64,0.6399999999999997,-86.2,2877
Robot 1,5.0,304,152.0,5.65,0.6500000000000004,-86.1,2887
Robot 1,5.0,305,152.5,5.64,0.6399999999999997,-83.7,2896
Robot 1,5.0,306,153.0,5.64,0.6399999999999997,-84.5,2906
Robot 1,5.0,307,153.5,5.65,0.6500000000000004,-84.8,2915
Robot 1,5.0,308,154.0,5.64,0.6399999999999997,-84.9,2924
Robot 1,5.0,309,154.5,5.64,0.6399999999999997,-84.6,2934
Robot 1,5.0,310,155.0,5.66,0.6600000000000001,-84.2,2943
Robot 1,5.0,311,155.5,5.65,0.6500000000000004,-84.6,2953
Robot 1,5.0,312,156.0,5.64,0.6399999999999997,-84.9,2962
Robot 1,5.0,313,156.5,5.64,0.6399999999999997,-83.7,2972
Robot 1,5.0,314,157.0,5.65,0.6500000000000004,-84.0,2981
Robot 1,5.0,315,157.5,5.66,0.6600000000000001,-85.6,2990
Robot 1,5.0,316,158.0,5.65,0.6500000000000004,-85.9,3000
Robot 1,5.0,317,158.5,5.68,0.6799999999999997,-82.7,3009
Robot 1,5.0,318,159.0,5.66,0.6600000000000001,-83.8,3019
Robot 1,5.0,319,159.5,5.66,0.6600000000000001,-83.5,3028
Robot 1,5.0,320,160.0,5.65,0.6500000000000004,-83.9,3038
Robot 1,5.0,321,160.5,5.66,0.6600000000000001,-83.5,3047
Robot 1,5.0,322,161.0,5.66,0.6600000000000001,-86.3,3056
Robot 1,5.0,323,161.5,5.65,0.6500000000000004,-85.0,3066
Robot 1,5.0,324,162.0,5.64,0.6399999999999997,-84.0,3075
Robot 1,5.0,325,162.5,5.66,0.6600000000000001,-84.7,3085
Robot 1,5.0,326,163.0,5.66,0.6600000000000001,-84.6,3094
Robot 1,5.0,327,163.5,5.63,0.6299999999999999,-83.6,3104
Robot 1,5.0,328,164.0,5.64,0.6399999999999997,-83.4,3113
Robot 1,5.0,329,164.5,5.64,0.6399999999999997,-84.1,3123
Robot 1,5.0,330,165.0,5.65,0.6500000000000004,-84.1,3132
Robot 1,5.0,331,165.5,5.66,0.6600000000000001,-83.4,3141
Robot 1,5.0,332,166.0,5.63,0.6299999999999999,-83.3,3151
Robot 1,5.0,333,166.5,5.66,0.6600000000000001,-85.3,3160
Robot 1,5.0,334,167.0,5.65,0.6500000000000004,-84.6,3170
Robot 1,5.0,335,167.5,5.66,0.6600000000000001,-84.3,3179
Robot 1,5.0,336,168.0,5.65,0.6500000000000004,-84.1,3189
Robot 1,5.0,337,168.5,5.68,0.6799999999999997,-84.9,3198
Robot 1,5.0,338,169.0,5.68,0.6799999999999997,-84.4,3207
Robot 1,5.0,339,169.5,5.64,0.6399999999999997,-84.3,3217
Robot 1,5.0,340,170.0,5.66,0.6600000000000001,-84.0,3226
Robot 1,5.0,341,170.5,5.64,0.6399999999999997,-84.1,3236
Robot 1,5.0,342,171.0,5.65,0.6500000000000004,-84.0,3245
Robot 1,5.0,343,171.5,5.65,0.6500000000000004,-84.4,3255
Robot 1,5.0,344,172.0,5.65,0.6500000000000004,-83.2,3264
Robot 1,5.0,345,172.5,5.65,0.6500000000000004,-83.0,3273
Robot 1,5.0,346,173.0,5.64,0.6399999999999997,-82.5,3283
Robot 1,5.0,347,173.5,5.64,0.6399999999999997,-82.7,3292
Robot 1,5.0,348,174.0,5.64,0.6399999999999997,-84.8,3302
Robot 1,5.0,349,174.5,5.65,0.6500000000000004,-85.4,3311
Robot 1,5.0,350,175.0,5.66,0.6600000000000001,-84.9,3321
Robot 1,5.0,351,175.5,5.66,0.6600000000000001,-84.0,3330
Robot 1,5.0,352,176.0,5.68,0.6799999999999997,-83.3,3339
Robot 1,5.0,353,176.5,5.66,0.6600000000000001,-85.2,3349
Robot 1,5.0,354,177.0,5.66,0.6600000000000001,-83.5,3358
Robot 1,5.0,355,177.5,5.65,0.6500000000000004,-84.4,3368
Robot 1,5.0,356,178.0,5.66,0.6600000000000001,-84.1,3377
Robot 1,5.0,357,178.5,5.64,0.6399999999999997,-83.8,3387
Robot 1,5.0,358,179.0,5.64,0.6399999999999997,-84.1,3396
Robot 1,5.0,359,179.5,5.67,0.6699999999999999,-84.3,3406
Robot 1,5.0,360,180.0,5.66,0.6600000000000001,-84.3,3415
Robot 1,5.0,361,180.5,5.68,0.6799999999999997,-83.5,3424
Robot 1,5.0,362,181.0,5.67,0.6699999999999999,-84.5,3434
Robot 1,5.0,363,181.5,5.67,0.6699999999999999,-82.8,3443
Robot 1,5.0,364,182.0,5.66,0.6600000000000001,-83.1,3453
Robot 1,5.0,365,182.5,5.66,0.6600000000000001,-83.8,3462
Robot 1,5.0,366,183.0,5.66,0.6600000000000001,-82.9,3472
Robot 1,5.0,367,183.5,5.66,0.6600000000000001,-84.8,3481
Robot 1,5.0,368,184.0,5.66,0.6600000000000001,-84.0,3490
Robot 1,5.0,369,184.5,5.65,0.6500000000000004,-84.0,3500
Robot 1,5.0,370,185.0,5.61,0.6100000000000003,-80.4,3509
Robot 1,5.0,371,185.5,5.64,0.6399999999999997,-83.2,3519
Robot 1,5.0,372,186.0,5.65,0.6500000000000004,-82.5,3528
Robot 1,5.0,373,186.5,5.66,0.6600000000000001,-81.9,3538
Robot 1,5.0,374,187.0,5.66,0.6600000000000001,-82.4,3547
Robot 1,5.0,375,187.5,5.62,0.6200000000000001,-81.7,3556
Robot 1,5.0,376,188.0,5.63,0.6299999999999999,-82.2,3566
Robot 1,5.0,377,188.5,5.66,0.6600000000000001,-82.7,3575
Robot 1,5.0,378,189.0,5.62,0.6200000000000001,-84.0,3585
Robot 1,5.0,379,189.5,5.64,0.6399999999999997,-82.9,3594
Robot 1,5.0,380,190.0,5.63,0.6299999999999999,-82.0,3604
Robot 1,5.0,381,190.5,5.64,0.6399999999999997,-83.9,3613
Robot 1,5.0,382,191.0,5.63,0.6299999999999999,-81.5,3623
Robot 1,5.0,383,191.5,5.63,0.6299999999999999,-82.9,3632
Robot 1,5.0,384,192.0,5.63,0.6299999999999999,-81.9,3641
Robot 1,5.0,385,192.5,5.63,0.6299999999999999,-82.2,3651
Robot 1,5.0,386,193.0,5.63,0.6299999999999999,-83.2,3660
Robot 1,5.0,387,193.5,5.65,0.6500000000000004,-82.5,3670
Robot 1,5.0,388,194.0,5.64,0.6399999999999997,-83.8,3679
Robot 1,5.0,389,194.5,5.65,0.6500000000000004,-82.1,3689
Robot 1,5.0,390,195.0,5.62,0.6200000000000001,-82.0,3698
Robot 1,5.0,391,195.5,5.63,0.6299999999999999,-82.2,3707
Robot 1,5.0,392,196.0,5.62,0.6200000000000001,-81.5,3717
Robot 1,5.0,393,196.5,5.63,0.6299999999999999,-81.8,3726
Robot 1,5.0,394,197.0,5.64,0.6399999999999997,-81.6,3736
Robot 1,5.0,395,197.5,5.65,0.6500000000000004,-83.5,3745
Robot 1,5.0,396,198.0,5.66,0.6600000000000001,-82.8,3755
Robot 1,5.0,397,198.5,5.65,0.6500000000000004,-83.8,3764
Robot 1,5.0,398,199.0,5.66,0.6600000000000001,-83.3,3773
Robot 1,5.0,399,199.5,5.68,0.6799999999999997,-84.9,3783
Robot 1,5.0,400,200.0,5.68,0.6799999999999997,-85.2,3792
Robot 1,5.0,401,200.5,5.66,0.6600000000000001,-84.4,3802
Robot 1,5.0,402,201.0,5.66,0.6600000000000001,-84.0,3811
Robot 1,5.0,403,201.5,5.65,0.6500000000000004,-83.2,3821
Robot 1,5.0,404,202.0,5.65,0.6500000000000004,-82.4,3830
Robot 1,5.0,405,202.5,5.65,0.6500000000000004,-84.5,3839
Robot 1,5.0,406,203.0,5.66,0.6600000000000001,-85.3,3849
Robot 1,5.0,407,203.5,5.65,0.6500000000000004,-82.3,3858
Robot 1,5.0,408,204.0,5.66,0.6600000000000001,-84.0,3868
Robot 1,5.0,409,204.5,5.66,0.6600000000000001,-84.0,3877
Robot 1,5.0,410,205.0,5.65,0.6500000000000004,-84.4,3887
Robot 1,5.0,411,205.5,5.67,0.6699999999999999,-85.2,3896
Robot 1,5.0,412,206.0,5.66,0.6600000000000001,-84.6,3906
Robot 1,5.0,413,206.5,5.67,0.6699999999999999,-84.2,3915
Robot 1,5.0,414,207.0,5.66,0.6600000000000001,-83.3,3924
Robot 1,5.0,415,207.5,5.66,0.6600000000000001,-84.0,3934
Robot 1,5.0,416,208.0,5.68,0.6799999999999997,-81.2,3943
Robot 1,5.0,417,208.5,5.65,0.6500000000000004,-83.6,3953
Robot 1,5.0,418,209.0,5.65,0.6500000000000004,-82.8,3962
Robot 1,5.0,419,209.5,5.67,0.6699999999999999,-84.5,3972
Robot 1,5.0,420,210.0,5.66,0.6600000000000001,-84.0,3981
Robot 1,5.0,421,210.5,5.67,0.6699999999999999,-84.9,3990
Robot 1,5.0,422,211.0,5.66,0.6600000000000001,-84.4,4000
Robot 1,5.0,423,211.5,5.64,0.6399999999999997,-84.4,4009
Robot 1,5.0,424,212.0,5.66,0.6600000000000001,-85.2,4019
Robot 1,5.0,425,212.5,5.65,0.6500000000000004,-84.4,4028
Robot 1,5.0,426,213.0,5.66,0.6600000000000001,-84.3,4038
Robot 1,5.0,427,213.5,5.68,0.6799999999999997,-85.1,4047
Robot 1,5.0,428,214.0,5.65,0.6500000000000004,-83.9,4056
Robot 1,5.0,429,214.5,5.66,0.6600000000000001,-84.7,4066
Robot 1,5.0,430,215.0,5.68,0.6799999999999997,-82.5,4075
Robot 1,5.0,431,215.5,5.66,0.6600000000000001,-82.9,4085
Robot 1,5.0,432,216.0,5.66,0.6600000000000001,-83.6,4094
Robot 1,5.0,433,216.5,5.66,0.6600000000000001,-83.0,4104
Robot 1,5.0,434,217.0,5.66,0.6600000000000001,-83.1,4113
Robot 1,5.0,435,217.5,5.63,0.6299999999999999,-82.3,4123
Robot 1,5.0,436,218.0,5.67,0.6699999999999999,-83.5,4132
Robot 1,5.0,437,218.5,5.67,0.6699999999999999,-83.9,4141
Robot 1,5.0,438,219.0,5.66,0.6600000000000001,-84.0,4151
Robot 1,5.0,439,219.5,5.66,0.6600000000000001,-84.7,4160
Robot 1,5.0,440,220.0,5.67,0.6699999999999999,-83.8,4170
Robot 1,5.0,441,220.5,5.68,0.6799999999999997,-86.9,4179
Robot 1,5.0,442,221.0,5.71,0.71,-86.0,4189
Robot 1,5.0,443,221.5,5.68,0.6799999999999997,-84.4,4198
Robot 1,5.0,444,222.0,5.68,0.6799999999999997,-83.8,4207
Robot 1,5.0,445,222.5,5.69,0.6900000000000004,-84.0,4217
Robot 1,5.0,446,223.0,5.68,0.6799999999999997,-84.0,4226
Robot 1,5.0,447,223.5,5.68,0.6799999999999997,-85.1,4236
Robot 1,5.0,448,224.0,5.7,0.7000000000000002,-85.4,4245
Robot 1,5.0,449,224.5,5.67,0.6699999999999999,-84.7,4255
Robot 1,5.0,450,225.0,5.7,0.7000000000000002,-85.9,4264
Robot 1,5.0,451,225.5,5.68,0.6799999999999997,-85.1,4273
Robot 1,5.0,452,226.0,5.65,0.6500000000000004,-82.6,4283
Robot 1,5.0,453,226.5,5.63,0.6299999999999999,-83.0,4292
Robot 1,5.0,454,227.0,5.65,0.6500000000000004,-82.5,4302
Robot 1,5.0,455,227.5,5.62,0.6200000000000001,-82.5,4311
Robot 1,5.0,456,228.0,5.62,0.6200000000000001,-82.6,4321
Robot 1,5.0,457,228.5,5.6,0.5999999999999996,-83.1,4330
Robot 2,5.0,0,0.0,5.0,0.0,-77.8,58
Robot 2,5.0,1,0.5,5.02,0.019999999999999574,-76.9,67
Robot 2,5.0,2,1.0,5.09,0.08999999999999986,-77.8,77
Robot 2,5.0,3,1.5,5.12,0.1200000000000001,-79.3,86
Robot 2,5.0,4,2.0,5.15,0.15000000000000036,-82.2,96
Robot 2,5.0,5,2.5,5.19,0.1900000000000004,-83.6,105
Robot 2,5.0,6,3.0,5.18,0.17999999999999972,-82.2,115
Robot 2,5.0,7,3.5,5.2,0.20000000000000018,-86.1,124
Robot 2,5.0,8,4.0,5.22,0.21999999999999975,-82.9,134
Robot 2,5.0,9,4.5,5.23,0.23000000000000043,-82.7,143
Robot 2,5.0,10,5.0,5.2,0.20000000000000018,-85.3,152
Robot 2,5.0,11,5.5,5.23,0.23000000000000043,-83.8,162
Robot 2,5.0,12,6.0,5.25,0.25,-83.0,171
Robot 2,5.0,13,6.5,5.25,0.25,-83.4,181
Robot 2,5.0,14,7.0,5.25,0.25,-83.7,190
Robot 2,5.0,15,7.5,5.26,0.2599999999999998,-83.0,200
Robot 2,5.0,16,8.0,5.23,0.23000000000000043,-81.7,209
Robot 2,5.0,17,8.5,5.22,0.21999999999999975,-82.0,218
Robot 2,5.0,18,9.0,5.25,0.25,-81.8,228
Robot 2,5.0,19,9.5,5.23,0.23000000000000043,-80.6,236
Robot 2,5.0,20,10.0,5.26,0.2599999999999998,-83.1,245
Robot 2,5.0,21,10.5,5.25,0.25,-81.7,255
Robot 2,5.0,22,11.0,5.27,0.2699999999999996,-81.1,264
Robot 2,5.0,23,11.5,5.24,0.2400000000000002,-81.6,273
Robot 2,5.0,24,12.0,5.24,0.2400000000000002,-81.7,283
Robot 2,5.0,25,12.5,5.26,0.2599999999999998,-81.2,292
Robot 2,5.0,26,13.0,5.24,0.2400000000000002,-81.3,302
Robot 2,5.0,27,13.5,5.27,0.2699999999999996,-80.9,311
Robot 2,5.0,28,14.0,5.28,0.28000000000000025,-81.0,321
Robot 2,5.0,29,14.5,5.26,0.2599999999999998,-80.3,330
Robot 2,5.0,30,15.0,5.27,0.2699999999999996,-80.3,340
Robot 2,5.0,31,15.5,5.29,0.29000000000000004,-81.6,349
Robot 2,5.0,32,16.0,5.3,0.2999999999999998,-80.7,358
Robot 2,5.0,33,16.5,5.3,0.2999999999999998,-81.1,368
Robot 2,5.0,34,17.0,5.28,0.28000000000000025,-80.7,377
Robot 2,5.0,35,17.5,5.3,0.2999999999999998,-81.0,387
Robot 2,5.0,36,18.0,5.33,0.33000000000000007,-82.1,396
Robot 2,5.0,37,18.5,5.35,0.34999999999999964,-82.9,406
Robot 2,5.0,38,19.0,5.33,0.33000000000000007,-81.9,415
Robot 2,5.0,39,19.5,5.33,0.33000000000000007,-81.6,424
Robot 2,5.0,40,20.0,5.33,0.33000000000000007,-80.7,434
Robot 2,5.0,41,20.5,5.33,0.33000000000000007,-82.0,443
Robot 2,5.0,42,21.0,5.33,0.33000000000000007,-81.1,453
Robot 2,5.0,43,21.5,5.38,0.3799999999999999,-83.5,462
Robot 2,5.0,44,22.0,5.33,0.33000000000000007,-81.6,472
Robot 2,5.0,45,22.5,5.34,0.33999999999999986,-81.6,481
Robot 2,5.0,46,23.0,5.34,0.33999999999999986,-81.2,490
Robot 2,5.0,47,23.5,5.36,0.3600000000000003,-82.0,500
Robot 2,5.0,48,24.0,5.34,0.33999999999999986,-80.5,509
Robot 2,5.0,49,24.5,5.36,0.3600000000000003,-82.9,519
Robot 2,5.0,50,25.0,5.37,0.3700000000000001,-84.9,528
Robot 2,5.0,51,25.5,5.37,0.3700000000000001,-83.5,538
Robot 2,5.0,52,26.0,5.4,0.40000000000000036,-82.7,547
Robot 2,5.0,53,26.5,5.37,0.3700000000000001,-84.6,557
Robot 2,5.0,54,27.0,5.41,0.41000000000000014,-84.1,566
Robot 2,5.0,55,27.5,5.4,0.40000000000000036,-83.9,575
Robot 2,5.0,56,28.0,5.41,0.41000000000000014,-84.3,585
Robot 2,5.0,57,28.5,5.4,0.40000000000000036,-83.3,594
Robot 2,5.0,58,29.0,5.37,0.3700000000000001,-82.0,604
Robot 2,5.0,59,29.5,5.32,0.3200000000000003,-82.6,613
Robot 2,5.0,60,30.0,5.32,0.3200000000000003,-77.1,623
Robot 2,5.0,61,30.5,5.31,0.3099999999999996,-79.7,632
Robot 2,5.0,62,31.0,5.29,0.29000000000000004,-77.7,641
Robot 2,5.0,63,31.5,5.31,0.3099999999999996,-79.6,651
Robot 2,5.0,64,32.0,5.3,0.2999999999999998,-79.4,660
Robot 2,5.0,65,32.5,5.33,0.33000000000000007,-80.9,670
Robot 2,5.0,66,33.0,5.32,0.3200000000000003,-79.6,679
Robot 2,5.0,67,33.5,5.33,0.33000000000000007,-79.3,689
Robot 2,5.0,68,34.0,5.31,0.3099999999999996,-80.1,698
Robot 2,5.0,69,34.5,5.33,0.33000000000000007,-79.6,707
Robot 2,5.0,70,35.0,5.33,0.33000000000000007,-79.4,717
Robot 2,5.0,71,35.5,5.33,0.33000000000000007,-80.0,726
Robot 2,5.0,72,36.0,5.34,0.33999999999999986,-79.4,736
Robot 2,5.0,73,36.5,5.32,0.3200000000000003,-80.7,745
Robot 2,5.0,74,37.0,5.31,0.3099999999999996,-79.3,755
Robot 2,5.0,75,37.5,5.32,0.3200000000000003,-80.1,764
Robot 2,5.0,76,38.0,5.32,0.3200000000000003,-78.9,774
Robot 2,5.0,77,38.5,5.32,0.3200000000000003,-79.3,783
Robot 2,5.0,78,39.0,5.32,0.3200000000000003,-79.0,792
Robot 2,5.0,79,39.5,5.34,0.33999999999999986,-79.1,802
Robot 2,5.0,80,40.0,5.33,0.33000000000000007,-80.4,811
Robot 2,5.0,81,40.5,5.35,0.34999999999999964,-79.8,821
Robot 2,5.0,82,41.0,5.34,0.33999999999999986,-79.7,830
Robot 2,5.0,83,41.5,5.34,0.33999999999999986,-79.4,840
Robot 2,5.0,84,42.0,5.35,0.34999999999999964,-79.3,849
Robot 2,5.0,85,42.5,5.33,0.33000000000000007,-78.7,858
Robot 2,5.0,86,43.0,5.34,0.33999999999999986,-80.7,868
Robot 2,5.0,87,43.5,5.36,0.3600000000000003,-81.1,877
Robot 2,5.0,88,44.0,5.36,0.3600000000000003,-80.7,887
Robot 2,5.0,89,44.5,5.36,0.3600000000000003,-80.0,896
Robot 2,5.0,90,45.0,5.38,0.3799999999999999,-79.2,906
Robot 2,5.0,91,45.5,5.36,0.3600000000000003,-79.0,915
Robot 2,5.0,92,46.0,5.34,0.33999999999999986,-78.1,924
Robot 2,5.0,93,46.5,5.38,0.3799999999999999,-79.3,934
Robot 2,5.0,94,47.0,5.37,0.3700000000000001,-79.6,943
Robot 2,5.0,95,47.5,5.36,0.3600000000000003,-79.5,953
Robot 2,5.0,96,48.0,5.38,0.3799999999999999,-80.4,962
Robot 2,5.0,97,48.5,5.36,0.3600000000000003,-79.6,972
Robot 2,5.0,98,49.0,5.37,0.3700000000000001,-80.9,981
Robot 2,5.0,99,49.5,5.35,0.34999999999999964,-77.4,991
Robot 2,5.0,100,50.0,5.38,0.3799999999999999,-79.2,1000
Robot 2,5.0,101,50.5,5.38,0.3799999999999999,-80.1,1009
Robot 2,5.0,102,51.0,5.38,0.3799999999999999,-78.4,1019
Robot 2,5.0,103,51.5,5.38,0.3799999999999999,-79.8,1028
Robot 2,5.0,104,52.0,5.38,0.3799999999999999,-79.3,1038
Robot 2,5.0,105,52.5,5.35,0.34999999999999964,-80.8,1047
Robot 2,5.0,106,53.0,5.37,0.3700000000000001,-78.6,1057
Robot 2,5.0,107,53.5,5.38,0.3799999999999999,-79.0,1066
Robot 2,5.0,108,54.0,5.37,0.3700000000000001,-79.1,1075
Robot 2,5.0,109,54.5,5.37,0.3700000000000001,-78.8,1085
Robot 2,5.0,110,55.0,5.4,0.40000000000000036,-80.4,1094
Robot 2,5.0,111,55.5,5.39,0.3899999999999997,-79.8,1104
Robot 2,5.0,112,56.0,5.4,0.40000000000000036,-80.2,1113
Robot 2,5.0,113,56.5,5.36,0.3600000000000003,-79.8,1123
Robot 2,5.0,114,57.0,5.41,0.41000000000000014,-79.5,1132
Robot 2,5.0,115,57.5,5.37,0.3700000000000001,-77.1,1141
Robot 2,5.0,116,58.0,5.39,0.3899999999999997,-79.3,1151
Robot 2,5.0,117,58.5,5.39,0.3899999999999997,-80.4,1160
Robot 2,5.0,118,59.0,5.38,0.3799999999999999,-79.4,1170
Robot 2,5.0,119,59.5,5.37,0.3700000000000001,-78.7,1179
Robot 2,5.0,120,60.0,5.38,0.3799999999999999,-80.0,1189
Robot 2,5.0,121,60.5,5.39,0.3899999999999997,-78.8,1198
Robot 2,5.0,122,61.0,5.38,0.3799999999999999,-79.1,1207
Robot 2,5.0,123,61.5,5.38,0.3799999999999999,-79.7,1217
Robot 2,5.0,124,62.0,5.38,0.3799999999999999,-79.7,1226
Robot 2,5.0,125,62.5,5.39,0.3899999999999997,-79.0,1236
Robot 2,5.0,126,63.0,5.4,0.40000000000000036,-79.0,1245
Robot 2,5.0,127,63.5,5.39,0.3899999999999997,-79.7,1255
Robot 2,5.0,128,64.0,5.39,0.3899999999999997,-79.2,1264
Robot 2,5.0,129,64.5,5.38,0.3799999999999999,-79.4,1274
Robot 2,5.0,130,65.0,5.38,0.3799999999999999,-79.9,1283
Robot 2,5.0,131,65.5,5.41,0.41000000000000014,-79.2,1292
Robot 2,5.0,132,66.0,5.39,0.3899999999999997,-80.7,1302
Robot 2,5.0,133,66.5,5.4,0.40000000000000036,-79.4,1311
Robot 2,5.0,134,67.0,5.39,0.3899999999999997,-79.4,1321
Robot 2,5.0,135,67.5,5.41,0.41000000000000014,-80.4,1330
Robot 2,5.0,136,68.0,5.42,0.41999999999999993,-79.6,1340
Robot 2,5.0,137,68.5,5.4,0.40000000000000036,-80.8,1349
Robot 2,5.0,138,69.0,5.4,0.40000000000000036,-78.6,1358
Robot 2,5.0,139,69.5,5.4,0.40000000000000036,-79.0,1368
Robot 2,5.0,140,70.0,5.4,0.40000000000000036,-79.0,1377
Robot 2,5.0,141,70.5,5.45,0.4500000000000002,-80.0,1387
Robot 2,5.0,142,71.0,5.4,0.40000000000000036,-80.0,1396
Robot 2,5.0,143,71.5,5.39,0.3899999999999997,-78.8,1406
Robot 2,5.0,144,72.0,5.42,0.41999999999999993,-78.9,1415
Robot 2,5.0,145,72.5,5.42,0.41999999999999993,-78.1,1424
Robot 2,5.0,146,73.0,5.42,0.41999999999999993,-79.1,1434
Robot 2,5.0,147,73.5,5.42,0.41999999999999993,-80.6,1443
Robot 2,5.0,148,74.0,5.41,0.41000000000000014,-80.6,1453
Robot 2,5.0,149,74.5,5.4,0.40000000000000036,-79.3,1462
Robot 2,5.0,150,75.0,5.42,0.41999999999999993,-80.0,1472
Robot 2,5.0,151,75.5,5.42,0.41999999999999993,-79.7,1481
Robot 2,5.0,152,76.0,5.42,0.41999999999999993,-78.9,1491
Robot 2,5.0,153,76.5,5.41,0.41000000000000014,-80.7,1500
Robot 2,5.0,154,77.0,5.41,0.41000000000000014,-78.7,1509
Robot 2,5.0,155,77.5,5.43,0.4299999999999997,-79.4,1519
Robot 2,5.0,156,78.0,5.42,0.41999999999999993,-80.9,1528
Robot 2,5.0,157,78.5,5.44,0.4400000000000004,-78.9,1538
Robot 2,5.0,158,79.0,5.44,0.4400000000000004,-80.0,1547
Robot 2,5.0,159,79.5,5.43,0.4299999999999997,-80.3,1557
Robot 2,5.0,160,80.0,5.4,0.40000000000000036,-80.0,1566
Robot 2,5.0,161,80.5,5.42,0.41999999999999993,-78.5,1575
Robot 2,5.0,162,81.0,5.45,0.4500000000000002,-79.9,1585
Robot 2,5.0,163,81.5,5.46,0.45999999999999996,-81.0,1594
Robot 2,5.0,164,82.0,5.46,0.45999999999999996,-78.7,1604
Robot 2,5.0,165,82.5,5.41,0.41000000000000014,-77.0,1613
Robot 2,5.0,166,83.0,5.41,0.41000000000000014,-78.8,1623
Robot 2,5.0,167,83.5,5.4,0.40000000000000036,-79.4,1632
Robot 2,5.0,168,84.0,5.44,0.4400000000000004,-78.5,1641
Robot 2,5.0,169,84.5,5.39,0.3899999999999997,-78.5,1651
Robot 2,5.0,170,85.0,5.4,0.40000000000000036,-78.8,1660
Robot 2,5.0,171,85.5,5.4,0.40000000000000036,-78.9,1670
Robot 2,5.0,172,86.0,5.42,0.41999999999999993,-78.1,1679
Robot 2,5.0,173,86.5,5.42,0.41999999999999993,-78.9,1689
Robot 2,5.0,174,87.0,5.4,0.40000000000000036,-78.7,1698
Robot 2,5.0,175,87.5,5.42,0.41999999999999993,-78.4,1708
Robot 2,5.0,176,88.0,5.41,0.41000000000000014,-79.2,1717
Robot 2,5.0,177,88.5,5.39,0.3899999999999997,-78.3,1726
Robot 2,5.0,178,89.0,5.41,0.41000000000000014,-78.8,1736
Robot 2,5.0,179,89.5,5.42,0.41999999999999993,-78.4,1745
Robot 2,5.0,180,90.0,5.41,0.41000000000000014,-78.6,1755
Robot 2,5.0,181,90.5,5.41,0.41000000000000014,-78.7,1764
Robot 2,5.0,182,91.0,5.42,0.41999999999999993,-76.7,1774
Robot 2,5.0,183,91.5,5.41,0.41000000000000014,-78.1,1783
Robot 2,5.0,184,92.0,5.44,0.4400000000000004,-77.6,1792
Robot 2,5.0,185,92.5,5.43,0.4299999999999997,-78.8,1802
Robot 2,5.0,186,93.0,5.41,0.41000000000000014,-77.9,1811
Robot 2,5.0,187,93.5,5.42,0.41999999999999993,-79.1,1821
Robot 2,5.0,188,94.0,5.44,0.4400000000000004,-78.1,1830
Robot 2,5.0,189,94.5,5.43,0.4299999999999997,-77.7,1840
Robot 2,5.0,190,95.0,5.42,0.41999999999999993,-77.8,1849
Robot 2,5.0,191,95.5,5.4,0.40000000000000036,-76.6,1858
Robot 2,5.0,192,96.0,5.42,0.41999999999999993,-78.5,1868
Robot 2,5.0,193,96.5,5.42,0.41999999999999993,-77.8,1877
Robot 2,5.0,194,97.0,5.43,0.4299999999999997,-78.5,1887
Robot 2,5.0,195,97.5,5.42,0.41999999999999993,-78.2,1896
Robot 2,5.0,196,98.0,5.42,0.41999999999999993,-78.1,1906
Robot 2,5.0,197,98.5,5.44,0.4400000000000004,-78.3,1915
Robot 2,5.0,198,99.0,5.41,0.41000000000000014,-78.2,1925
Robot 2,5.0,199,99.5,5.43,0.4299999999999997,-77.9,1934
Robot 2,5.0,200,100.0,5.41,0.41000000000000014,-78.4,1943
Robot 2,5.0,201,100.5,5.45,0.4500000000000002,-78.2,1953
Robot 2,5.0,202,101.0,5.43,0.4299999999999997,-78.6,1962
Robot 2,5.0,203,101.5,5.43,0.4299999999999997,-78.5,1972
Robot 2,5.0,204,102.0,5.44,0.4400000000000004,-79.2,1981
Robot 2,5.0,205,102.5,5.45,0.4500000000000002,-77.5,1991
Robot 2,5.0,206,103.0,5.44,0.4400000000000004,-79.0,2000
Robot 2,5.0,207,103.5,5.48,0.4800000000000004,-79.1,2009
Robot 2,5.0,208,104.0,5.41,0.41000000000000014,-79.1,2019
Robot 2,5.0,209,104.5,5.43,0.4299999999999997,-79.0,2028
Robot 2,5.0,210,105.0,5.46,0.45999999999999996,-78.5,2038
Robot 2,5.0,211,105.5,5.44,0.4400000000000004,-78.4,2047
Robot 2,5.0,212,106.0,5.44,0.4400000000000004,-79.3,2057
Robot 2,5.0,213,106.5,5.44,0.4400000000000004,-79.2,2066
Robot 2,5.0,214,107.0,5.44,0.4400000000000004,-77.4,2075
Robot 2,5.0,215,107.5,5.45,0.4500000000000002,-78.5,2085
Robot 2,5.0,216,108.0,5.46,0.45999999999999996,-79.6,2094
Robot 2,5.0,217,108.5,5.46,0.45999999999999996,-79.1,2104
Robot 2,5.0,218,109.0,5.43,0.4299999999999997,-78.7,2113
Robot 2,5.0,219,109.5,5.43,0.4299999999999997,-79.4,2123
Robot 2,5.0,220,110.0,5.45,0.4500000000000002,-79.0,2132
Robot 2,5.0,221,110.5,5.46,0.45999999999999996,-78.2,2141
Robot 2,5.0,222,111.0,5.46,0.45999999999999996,-78.7,2151
Robot 2,5.0,223,111.5,5.44,0.4400000000000004,-79.1,2160
Robot 2,5.0,224,112.0,5.46,0.45999999999999996,-79.7,2170
Robot 2,5.0,225,112.5,5.43,0.4299999999999997,-78.6,2179
Robot 2,5.0,226,113.0,5.47,0.46999999999999975,-78.9,2189
Robot 2,5.0,227,113.5,5.45,0.4500000000000002,-78.3,2198
Robot 2,5.0,228,114.0,5.46,0.45999999999999996,-77.7,2208
Robot 2,5.0,229,114.5,5.45,0.4500000000000002,-79.2,2217
Robot 2,5.0,230,115.0,5.46,0.45999999999999996,-78.4,2226
Robot 2,5.0,231,115.5,5.47,0.46999999999999975,-79.2,2236
Robot 2,5.0,232,116.0,5.6,0.5999999999999996,-83.7,2245
Robot 2,5.0,233,116.5,5.59,0.5899999999999999,-83.3,2255
Robot 2,5.0,234,117.0,5.59,0.5899999999999999,-83.2,2264
Robot 2,5.0,235,117.5,5.58,0.5800000000000001,-82.4,2274
Robot 2,5.0,236,118.0,5.56,0.5599999999999996,-84.2,2283
Robot 2,5.0,237,118.5,5.62,0.6200000000000001,-83.3,2292
Robot 2,5.0,238,119.0,5.58,0.5800000000000001,-83.6,2302
Robot 2,5.0,239,119.5,5.59,0.5899999999999999,-83.3,2311
Robot 2,5.0,240,120.0,5.59,0.5899999999999999,-83.2,2321
Robot 2,5.0,241,120.5,5.6,0.5999999999999996,-84.2,2330
Robot 2,5.0,242,121.0,5.59,0.5899999999999999,-82.3,2340
Robot 2,5.0,243,121.5,5.59,0.5899999999999999,-81.7,2349
Robot 2,5.0,244,122.0,5.59,0.5899999999999999,-82.7,2358
Robot 2,5.0,245,122.5,5.57,0.5700000000000003,-82.4,2368
Robot 2,5.0,246,123.0,5.59,0.5899999999999999,-83.7,2377
Robot 2,5.0,247,123.5,5.59,0.5899999999999999,-82.7,2387
Robot 2,5.0,248,124.0,5.62,0.6200000000000001,-83.9,2396
Robot 2,5.0,249,124.5,5.59,0.5899999999999999,-80.4,2406
Robot 2,5.0,250,125.0,5.59,0.5899999999999999,-83.2,2415
Robot 2,5.0,251,125.5,5.58,0.5800000000000001,-82.4,2425
Robot 2,5.0,252,126.0,5.63,0.6299999999999999,-84.3,2434
Robot 2,5.0,253,126.5,5.6,0.5999999999999996,-84.4,2443
Robot 2,5.0,254,127.0,5.59,0.5899999999999999,-80.8,2453
Robot 2,5.0,255,127.5,5.59,0.5899999999999999,-82.0,2462
Robot 2,5.0,256,128.0,5.62,0.6200000000000001,-84.1,2472
Robot 2,5.0,257,128.5,5.61,0.6100000000000003,-82.4,2481
Robot 2,5.0,258,129.0,5.62,0.6200000000000001,-81.1,2491
Robot 2,5.0,259,129.5,5.6,0.5999999999999996,-81.9,2500
Robot 2,5.0,260,130.0,5.59,0.5899999999999999,-80.8,2509
Robot 2,5.0,261,130.5,5.59,0.5899999999999999,-81.4,2519
Robot 2,5.0,262,131.0,5.61,0.6100000000000003,-82.2,2528
Robot 2,5.0,263,131.5,5.6,0.5999999999999996,-83.3,2538
Robot 2,5.0,264,132.0,5.6,0.5999999999999996,-81.9,2547
Robot 2,5.0,265,132.5,5.61,0.6100000000000003,-84.1,2557
Robot 2,5.0,266,133.0,5.59,0.5899999999999999,-82.5,2566
Robot 2,5.0,267,133.5,5.59,0.5899999999999999,-79.4,2575
Robot 2,5.0,268,134.0,5.6,0.5999999999999996,-82.7,2585
Robot 2,5.0,269,134.5,5.6,0.5999999999999996,-82.4,2594
Robot 2,5.0,270,135.0,5.62,0.6200000000000001,-82.0,2604
Robot 2,5.0,271,135.5,5.6,0.5999999999999996,-81.7,2613
Robot 2,5.0,272,136.0,5.6,0.5999999999999996,-82.4,2623
Robot 2,5.0,273,136.5,5.63,0.6299999999999999,-83.1,2632
Robot 2,5.0,274,137.0,5.6,0.5999999999999996,-82.2,2642
Robot 2,5.0,275,137.5,5.64,0.6399999999999997,-83.2,2651
Robot 2,5.0,276,138.0,5.62,0.6200000000000001,-84.0,2660
Robot 2,5.0,277,138.5,5.64,0.6399999999999997,-83.6,2670
Robot 2,5.0,278,139.0,5.63,0.6299999999999999,-84.6,2679
Robot 2,5.0,279,139.5,5.63,0.6299999999999999,-85.8,2689
Robot 2,5.0,280,140.0,5.65,0.6500000000000004,-84.3,2698
Robot 2,5.0,281,140.5,5.65,0.6500000000000004,-83.7,2708
Robot 2,5.0,282,141.0,5.63,0.6299999999999999,-86.2,2717
Robot 2,5.0,283,141.5,5.65,0.6500000000000004,-84.2,2726
Robot 2,5.0,284,142.0,5.63,0.6299999999999999,-84.2,2736
Robot 2,5.0,285,142.5,5.64,0.6399999999999997,-84.7,2745
Robot 2,5.0,286,143.0,5.63,0.6299999999999999,-84.0,2755
Robot 2,5.0,287,143.5,5.64,0.6399999999999997,-84.5,2764
Robot 2,5.0,288,144.0,5.65,0.6500000000000004,-83.2,2774
Robot 2,5.0,289,144.5,5.66,0.6600000000000001,-83.7,2783
Robot 2,5.0,290,145.0,5.63,0.6299999999999999,-82.8,2792
Robot 2,5.0,291,145.5,5.64,0.6399999999999997,-84.0,2802
Robot 2,5.0,292,146.0,5.65,0.6500000000000004,-85.0,2811
Robot 2,5.0,293,146.5,5.64,0.6399999999999997,-84.8,2821
Robot 2,5.0,294,147.0,5.64,0.6399999999999997,-84.1,2830
Robot 2,5.0,295,147.5,5.65,0.6500000000000004,-83.6,2840
Robot 2,5.0,296,148.0,5.65,0.6500000000000004,-82.9,2849
Robot 2,5.0,297,148.5,5.65,0.6500000000000004,-83.4,2859
Robot 2,5.0,298,149.0,5.63,0.6299999999999999,-84.2,2868
Robot 2,5.0,299,149.5,5.64,0.6399999999999997,-86.2,2877
Robot 2,5.0,300,150.0,5.65,0.6500000000000004,-86.1,2887
Robot 2,5.0,301,150.5,5.64,0.6399999999999997,-83.7,2896
Robot 2,5.0,302,151.0,5.64,0.6399999999999997,-84.5,2906
Robot 2,5.0,303,151.5,5.65,0.6500000000000004,-84.8,2915
Robot 2,5.0,304,152.0,5.64,0.6399999999999997,-84.7,2925
Robot 2,5.0,305,152.5,5.64,0.6399999999999997,-84.6,2934
Robot 2,5.0,306,153.0,5.66,0.6600000000000001,-84.2,2943
Robot 2,5.0,307,153.5,5.65,0.6500000000000004,-84.6,2953
Robot 2,5.0,308,154.0,5.64,0.6399999999999997,-84.9,2962
Robot 2,5.0,309,154.5,5.64,0.6399999999999997,-83.7,2972
Robot 2,5.0,310,155.0,5.65,0.6500000000000004,-84.0,2981
Robot 2,5.0,311,155.5,5.66,0.6600000000000001,-82.2,2991
Robot 2,5.0,312,156.0,5.65,0.6500000000000004,-85.9,3000
Robot 2,5.0,313,156.5,5.68,0.6799999999999997,-82.7,3009
Robot 2,5.0,314,157.0,5.66,0.6600000000000001,-83.8,3019
Robot 2,5.0,315,157.5,5.66,0.6600000000000001,-83.5,3028
Robot 2,5.0,316,158.0,5.65,0.6500000000000004,-83.9,3038
Robot 2,5.0,317,158.5,5.66,0.6600000000000001,-83.5,3047
Robot 2,5.0,318,159.0,5.66,0.6600000000000001,-86.3,3057
Robot 2,5.0,319,159.5,5.65,0.6500000000000004,-85.0,3066
Robot 2,5.0,320,160.0,5.64,0.6399999999999997,-84.3,3075
Robot 2,5.0,321,160.5,5.66,0.6600000000000001,-84.7,3085
Robot 2,5.0,322,161.0,5.66,0.6600000000000001,-84.6,3094
Robot 2,5.0,323,161.5,5.63,0.6299999999999999,-83.6,3104
Robot 2,5.0,324,162.0,5.64,0.6399999999999997,-83.4,3113
Robot 2,5.0,325,162.5,5.64,0.6399999999999997,-84.1,3123
Robot 2,5.0,326,163.0,5.65,0.6500000000000004,-84.1,3132
Robot 2,5.0,327,163.5,5.66,0.6600000000000001,-84.3,3142
Robot 2,5.0,328,164.0,5.63,0.6299999999999999,-83.3,3151
Robot 2,5.0,329,164.5,5.66,0.6600000000000001,-85.3,3160
Robot 2,5.0,330,165.0,5.65,0.6500000000000004,-84.6,3170
Robot 2,5.0,331,165.5,5.66,0.6600000000000001,-84.3,3179
Robot 2,5.0,332,166.0,5.65,0.6500000000000004,-84.1,3189
Robot 2,5.0,333,166.5,5.68,0.6799999999999997,-84.9,3198
Robot 2,5.0,334,167.0,5.68,0.6799999999999997,-83.1,3208
Robot 2,5.0,335,167.5,5.64,0.6399999999999997,-84.3,3217
Robot 2,5.0,336,168.0,5.66,0.6600000000000001,-84.0,3226
Robot 2,5.0,337,168.5,5.64,0.6399999999999997,-84.1,3236
Robot 2,5.0,338,169.0,5.65,0.6500000000000004,-84.0,3245
Robot 2,5.0,339,169.5,5.65,0.6500000000000004,-84.4,3255
Robot 2,5.0,340,170.0,5.65,0.6500000000000004,-83.2,3264
Robot 2,5.0,341,170.5,5.65,0.6500000000000004,-81.3,3274
Robot 2,5.0,342,171.0,5.64,0.6399999999999997,-82.5,3283
Robot 2,5.0,343,171.5,5.64,0.6399999999999997,-82.6,3292
Robot 2,5.0,344,172.0,5.64,0.6399999999999997,-84.8,3302
Robot 2,5.0,345,172.5,5.65,0.6500000000000004,-85.4,3311
Robot 2,5.0,346,173.0,5.66,0.6600000000000001,-84.9,3321
Robot 2,5.0,347,173.5,5.66,0.6600000000000001,-84.0,3330
Robot 2,5.0,348,174.0,5.68,0.6799999999999997,-83.3,3340
Robot 2,5.0,349,174.5,5.66,0.6600000000000001,-85.2,3349
Robot 2,5.0,350,175.0,5.66,0.6600000000000001,-85.0,3359
Robot 2,5.0,351,175.5,5.65,0.6500000000000004,-84.4,3368
Robot 2,5.0,352,176.0,5.66,0.6600000000000001,-84.1,3377
Robot 2,5.0,353,176.5,5.64,0.6399999999999997,-83.8,3387
Robot 2,5.0,354,177.0,5.64,0.6399999999999997,-84.1,3396
Robot 2,5.0,355,177.5,5.67,0.6699999999999999,-84.3,3406
Robot 2,5.0,356,178.0,5.66,0.6600000000000001,-84.3,3415
Robot 2,5.0,357,178.5,5.68,0.6799999999999997,-82.8,3425
Robot 2,5.0,358,179.0,5.67,0.6699999999999999,-84.5,3434
Robot 2,5.0,359,179.5,5.67,0.6699999999999999,-82.8,3443
Robot 2,5.0,360,180.0,5.66,0.6600000000000001,-83.1,3453
Robot 2,5.0,361,180.5,5.66,0.6600000000000001,-83.8,3462
Robot 2,5.0,362,181.0,5.66,0.6600000000000001,-82.9,3472
Robot 2,5.0,363,181.5,5.66,0.6600000000000001,-84.8,3481
Robot 2,5.0,364,182.0,5.66,0.6600000000000001,-85.4,3491
Robot 2,5.0,365,182.5,5.65,0.6500000000000004,-84.0,3500
Robot 2,5.0,366,183.0,5.61,0.6100000000000003,-80.4,3509
Robot 2,5.0,367,183.5,5.64,0.6399999999999997,-83.2,3519
Robot 2,5.0,368,184.0,5.65,0.6500000000000004,-82.5,3528
Robot 2,5.0,369,184.5,5.66,0.6600000000000001,-81.9,3538
Robot 2,5.0,370,185.0,5.66,0.6600000000000001,-82.4,3547
Robot 2,5.0,371,185.5,5.62,0.6200000000000001,-81.7,3557
Robot 2,5.0,372,186.0,5.63,0.6299999999999999,-82.2,3566
Robot 2,5.0,373,186.5,5.66,0.6600000000000001,-82.4,3576
Robot 2,5.0,374,187.0,5.62,0.6200000000000001,-84.0,3585
Robot 2,5.0,375,187.5,5.64,0.6399999999999997,-82.9,3594
Robot 2,5.0,376,188.0,5.63,0.6299999999999999,-82.0,3604
Robot 2,5.0,377,188.5,5.64,0.6399999999999997,-83.9,3613
Robot 2,5.0,378,189.0,5.63,0.6299999999999999,-81.5,3623
Robot 2,5.0,379,189.5,5.63,0.6299999999999999,-82.9,3632
Robot 2,5.0,380,190.0,5.63,0.6299999999999999,-83.6,3642
Robot 2,5.0,381,190.5,5.63,0.6299999999999999,-82.2,3651
Robot 2,5.0,382,191.0,5.63,0.6299999999999999,-83.2,3660
Robot 2,5.0,383,191.5,5.65,0.6500000000000004,-82.5,3670
Robot 2,5.0,384,192.0,5.64,0.6399999999999997,-83.8,3679
Robot 2,5.0,385,192.5,5.65,0.6500000000000004,-82.1,3689
Robot 2,5.0,386,193.0,5.62,0.6200000000000001,-82.0,3698
Robot 2,5.0,387,193.5,5.63,0.6299999999999999,-81.1,3708
Robot 2,5.0,388,194.0,5.62,0.6200000000000001,-81.5,3717
Robot 2,5.0,389,194.5,5.63,0.6299999999999999,-81.8,3726
Robot 2,5.0,390,195.0,5.64,0.6399999999999997,-81.6,3736
Robot 2,5.0,391,195.5,5.65,0.6500000000000004,-83.5,3745
Robot 2,5.0,392,196.0,5.66,0.6600000000000001,-82.8,3755
Robot 2,5.0,393,196.5,5.65,0.6500000000000004,-83.8,3764
Robot 2,5.0,394,197.0,5.66,0.6600000000000001,-81.8,3774
Robot 2,5.0,395,197.5,5.68,0.6799999999999997,-84.9,3783
Robot 2,5.0,396,198.0,5.68,0.6799999999999997,-83.7,3793
Robot 2,5.0,397,198.5,5.66,0.6600000000000001,-84.4,3802
Robot 2,5.0,398,199.0,5.66,0.6600000000000001,-84.0,3811
Robot 2,5.0,399,199.5,5.65,0.6500000000000004,-83.2,3821
Robot 2,5.0,400,200.0,5.65,0.6500000000000004,-82.4,3830
Robot 2,5.0,401,200.5,5.65,0.6500000000000004,-84.5,3840
Robot 2,5.0,402,201.0,5.66,0.6600000000000001,-85.3,3849
Robot 2,5.0,403,201.5,5.65,0.6500000000000004,-81.7,3859
Robot 2,5.0,404,202.0,5.66,0.6600000000000001,-84.0,3868
Robot 2,5.0,405,202.5,5.66,0.6600000000000001,-84.0,3877
Robot 2,5.0,406,203.0,5.65,0.6500000000000004,-84.4,3887
Robot 2,5.0,407,203.5,5.67,0.6699999999999999,-85.2,3896
Robot 2,5.0,408,204.0,5.66,0.6600000000000001,-84.6,3906
Robot 2,5.0,409,204.5,5.67,0.6699999999999999,-84.2,3915
Robot 2,5.0,410,205.0,5.66,0.6600000000000001,-82.5,3925
Robot 2,5.0,411,205.5,5.66,0.6600000000000001,-84.0,3934
Robot 2,5.0,412,206.0,5.68,0.6799999999999997,-81.2,3943
Robot 2,5.0,413,206.5,5.65,0.6500000000000004,-83.6,3953
Robot 2,5.0,414,207.0,5.65,0.6500000000000004,-82.8,3962
Robot 2,5.0,415,207.5,5.67,0.6699999999999999,-84.5,3972
Robot 2,5.0,416,208.0,5.66,0.6600000000000001,-84.0,3981
Robot 2,5.0,417,208.5,5.67,0.6699999999999999,-83.3,3991
Robot 2,5.0,418,209.0,5.66,0.6600000000000001,-84.4,4000
Robot 2,5.0,419,209.5,5.64,0.6399999999999997,-82.1,4009
Robot 2,5.0,420,210.0,5.66,0.6600000000000001,-85.2,4019
Robot 2,5.0,421,210.5,5.65,0.6500000000000004,-84.4,4028
Robot 2,5.0,422,211.0,5.66,0.6600000000000001,-84.3,4038
Robot 2,5.0,423,211.5,5.68,0.6799999999999997,-85.1,4047
Robot 2,5.0,424,212.0,5.65,0.6500000000000004,-83.9,4057
Robot 2,5.0,425,212.5,5.66,0.6600000000000001,-84.7,4066
Robot 2,5.0,426,213.0,5.68,0.6799999999999997,-84.0,4076
Robot 2,5.0,427,213.5,5.66,0.6600000000000001,-82.9,4085
Robot 2,5.0,428,214.0,5.66,0.6600000000000001,-83.6,4094
Robot 2,5.0,429,214.5,5.66,0.6600000000000001,-83.0,4104
Robot 2,5.0,430,215.0,5.66,0.6600000000000001,-83.1,4113
Robot 2,5.0,431,215.5,5.63,0.6299999999999999,-82.3,4123
Robot 2,5.0,432,216.0,5.67,0.6699999999999999,-83.5,4132
Robot 2,5.0,433,216.5,5.67,0.6699999999999999,-83.0,4142
Robot 2,5.0,434,217.0,5.66,0.6600000000000001,-84.0,4151
Robot 2,5.0,435,217.5,5.66,0.6600000000000001,-84.7,4160
Robot 2,5.0,436,218.0,5.68,0.6799999999999997,-83.2,4170
Robot 2,5.0,437,218.5,5.68,0.6799999999999997,-86.9,4179
Robot 2,5.0,438,219.0,5.71,0.71,-86.0,4189
Robot 2,5.0,439,219.5,5.68,0.6799999999999997,-84.4,4198
Robot 2,5.0,440,220.0,5.68,0.6799999999999997,-83.6,4208
Robot 2,5.0,441,220.5,5.69,0.6900000000000004,-84.0,4217
Robot 2,5.0,442,221.0,5.68,0.6799999999999997,-84.2,4226
Robot 2,5.0,443,221.5,5.68,0.6799999999999997,-85.1,4236
Robot 2,5.0,444,222.0,5.7,0.7000000000000002,-85.4,4245
Robot 2,5.0,445,222.5,5.67,0.6699999999999999,-84.7,4255
Robot 2,5.0,446,223.0,5.7,0.7000000000000002,-85.9,4264
Robot 2,5.0,447,223.5,5.68,0.6799999999999997,-85.1,4274
Robot 2,5.0,448,224.0,5.65,0.6500000000000004,-82.6,4283
Robot 2,5.0,449,224.5,5.63,0.6299999999999999,-80.6,4293
Robot 2,5.0,450,225.0,5.65,0.6500000000000004,-82.5,4302
Robot 2,5.0,451,225.5,5.62,0.6200000000000001,-82.5,4311
