timestamp_us,elapsed_ms,phase,target_rpm_l,target_rpm_r,meas_rpm_l,meas_rpm_r,pwm_duty_l,pwm_duty_r,steps_l,steps_r,vbus_v,current_ma,gyro_z_dps,yaw_deg,enc_l_valid,enc_r_valid,ina_valid
1299736,0,0,0.00,0.00,0.00,0.00,0.000,0.000,0,0,7.76,2.8,-0.183,0.000,1,1,1
1309744,10,0,0.00,0.00,0.00,0.00,0.000,0.000,0,0,7.76,2.5,-0.122,0.000,1,1,1
1319744,20,0,0.00,0.00,0.00,0.44,0.000,0.000,0,1,7.76,2.5,0.000,0.000,1,1,1
1329746,30,0,0.00,0.00,0.00,-0.13,0.000,0.000,0,0,7.76,2.5,-0.122,0.000,1,1,1
1339758,40,0,0.00,0.00,0.00,-0.09,0.000,0.000,0,0,7.76,2.5,-0.122,0.000,1,1,1
1349769,50,0,0.00,0.00,0.00,-0.06,0.000,0.000,0,0,7.76,2.5,-0.061,0.000,1,1,1
1359773,60,0,0.00,0.00,0.00,-0.05,0.000,0.000,0,0,7.76,2.5,-0.122,0.000,1,1,1
1369782,70,0,0.00,0.00,0.00,-0.03,0.000,0.000,0,0,7.76,2.5,-0.061,0.000,1,1,1
1379784,80,0,0.00,0.00,0.00,-0.02,0.000,0.000,0,0,7.76,2.5,-0.061,0.000,1,1,1
1389789,90,0,0.00,0.00,0.00,-0.02,0.000,0.000,0,0,7.76,2.5,-0.061,0.000,1,1,1
1399789,100,0,0.00,0.00,0.00,-0.01,0.000,0.000,0,0,7.76,2.5,0.000,0.000,1,1,1
1409797,110,0,0.00,0.00,0.00,-0.01,0.000,0.000,0,0,7.76,2.5,-0.122,0.000,1,1,1
1419797,120,0,0.00,0.00,0.00,-0.01,0.000,0.000,0,0,7.76,2.8,-0.122,0.000,1,1,1
1429804,130,0,0.00,0.00,0.00,-0.00,0.000,0.000,0,0,7.76,2.5,-0.061,0.000,1,1,1
1439819,140,0,0.00,0.00,0.00,-0.00,0.000,0.000,0,0,7.76,2.5,-0.061,0.000,1,1,1
1449822,150,0,0.00,0.00,0.00,-0.00,0.000,0.000,0,0,7.76,2.5,0.000,0.000,1,1,1
1459827,160,0,0.00,0.00,0.00,-0.00,0.000,0.000,0,0,7.76,2.5,-0.122,0.000,1,1,1
1469834,170,0,0.00,0.00,0.00,-0.00,0.000,0.000,0,0,7.76,2.5,-0.122,0.000,1,1,1
1479835,180,0,0.00,0.00,0.00,0.44,0.000,0.000,0,1,7.76,2.5,-0.122,0.000,1,1,1
1489837,190,0,0.00,0.00,0.00,-0.13,0.000,0.000,0,0,7.76,2.5,0.000,0.000,1,1,1
1499841,200,0,0.00,0.00,0.00,-0.09,0.000,0.000,0,0,7.76,2.5,0.000,0.000,1,1,1
1509842,210,0,0.00,0.00,0.00,-0.06,0.000,0.000,0,0,7.76,2.5,-0.061,0.000,1,1,1
1519849,220,0,0.00,0.00,0.00,-0.05,0.000,0.000,0,0,7.76,2.8,-0.061,0.000,1,1,1
1529858,230,0,0.00,0.00,0.00,-0.03,0.000,0.000,0,0,7.76,2.5,-0.061,0.000,1,1,1
1539867,240,0,0.00,0.00,0.00,-0.02,0.000,0.000,0,0,7.76,2.5,-0.061,0.000,1,1,1
1549873,250,0,0.00,0.00,0.00,0.42,0.000,0.000,0,1,7.76,2.5,-0.061,0.000,1,1,1
1559875,260,0,0.00,0.00,0.00,-0.14,0.000,0.000,0,0,7.76,2.5,-0.122,0.000,1,1,1
1569882,270,0,0.00,0.00,0.00,-0.10,0.000,0.000,0,0,7.76,2.8,-0.122,0.000,1,1,1
1579888,280,0,0.00,0.00,0.00,-0.07,0.000,0.000,0,0,7.76,2.5,0.000,0.000,1,1,1
1589888,290,0,0.00,0.00,0.00,0.39,0.000,0.000,0,1,7.76,2.5,-0.061,0.000,1,1,1
1599888,300,0,0.00,0.00,0.00,-0.17,0.000,0.000,0,0,7.76,2.5,0.000,0.000,1,1,1
1609897,310,0,0.00,0.00,0.00,-0.12,0.000,0.000,0,0,7.76,2.5,-0.061,0.000,1,1,1
1619903,320,0,0.00,0.00,0.00,0.36,0.000,0.000,0,1,7.76,2.5,-0.122,0.000,1,1,1
1629913,330,0,0.00,0.00,0.00,-0.19,0.000,0.000,0,0,7.76,2.5,0.000,0.000,1,1,1
1639913,340,0,0.00,0.00,0.00,0.31,0.000,0.000,0,1,7.76,2.5,-0.061,0.000,1,1,1
1649918,350,0,0.00,0.00,0.00,-0.22,0.000,0.000,0,0,7.76,2.5,0.000,0.000,1,1,1
1659918,360,0,0.00,0.00,0.00,-0.16,0.000,0.000,0,0,7.76,2.5,-0.061,0.000,1,1,1
1669921,370,0,0.00,0.00,0.00,0.33,0.000,0.000,0,1,7.76,2.5,-0.061,0.000,1,1,1
1679933,380,0,0.00,0.00,0.00,0.23,0.000,0.000,0,1,7.76,2.5,0.000,0.000,1,1,1
1689936,390,0,0.00,0.00,0.00,0.16,0.000,0.000,0,1,7.76,2.2,-0.061,0.000,1,1,1
1699941,400,0,0.00,0.00,0.00,-0.33,0.000,0.000,0,0,7.76,2.5,-0.061,0.000,1,1,1
1709943,410,0,0.00,0.00,0.00,-0.23,0.000,0.000,0,0,7.76,2.5,-0.122,0.000,1,1,1
1719951,420,0,0.00,0.00,0.00,0.28,0.000,0.000,0,1,7.76,2.5,-0.122,0.000,1,1,1
1729951,430,0,0.00,0.00,0.00,0.20,0.000,0.000,0,1,7.76,2.5,0.000,0.000,1,1,1
1739962,440,0,0.00,0.00,0.00,0.14,0.000,0.000,0,1,7.76,2.5,-0.061,0.000,1,1,1
1749973,450,0,0.00,0.00,0.00,0.10,0.000,0.000,0,1,7.76,2.5,-0.122,0.000,1,1,1
1759979,460,0,0.00,0.00,0.00,0.07,0.000,0.000,0,1,7.76,2.5,-0.061,0.000,1,1,1
1769988,470,0,0.00,0.00,0.00,-0.39,0.000,0.000,0,0,7.76,2.5,-0.122,0.000,1,1,1
1779994,480,0,0.00,0.00,0.00,-0.27,0.000,0.000,0,0,7.76,2.5,-0.122,0.000,1,1,1
1790001,491,0,0.00,0.00,0.00,-0.19,0.000,0.000,0,0,7.76,2.5,-0.061,0.000,1,1,1
1800016,501,0,0.00,0.00,0.00,-0.13,0.000,0.000,0,0,7.75,2.5,-0.122,0.000,1,1,1
1810019,511,0,0.00,0.00,0.00,0.35,0.000,0.000,0,1,7.76,2.5,-0.061,0.000,1,1,1
1820032,521,0,0.00,0.00,0.00,0.24,0.000,0.000,0,1,7.76,2.2,-0.061,0.000,1,1,1
1830034,531,0,0.00,0.00,0.00,0.17,0.000,0.000,0,1,7.76,2.5,-0.122,0.000,1,1,1
1840034,541,0,0.00,0.00,0.00,0.12,0.000,0.000,0,1,7.76,2.5,-0.061,0.000,1,1,1
1850042,551,0,0.00,0.00,0.00,-0.36,0.000,0.000,0,0,7.76,2.8,-0.061,0.000,1,1,1
1860049,561,0,0.00,0.00,0.00,0.19,0.000,0.000,0,1,7.76,2.5,0.000,0.000,1,1,1
1870055,571,0,0.00,0.00,0.00,0.13,0.000,0.000,0,1,7.76,2.5,-0.061,0.000,1,1,1
1880064,581,0,0.00,0.00,0.00,-0.35,0.000,0.000,0,0,7.76,2.5,-0.061,0.000,1,1,1
1890064,591,0,0.00,0.00,0.00,0.20,0.000,0.000,0,1,7.76,2.5,-0.061,0.000,1,1,1
1900077,601,0,0.00,0.00,0.00,-0.30,0.000,0.000,0,0,7.76,2.5,-0.122,0.000,1,1,1
1910092,611,0,0.00,0.00,0.00,0.23,0.000,0.000,0,1,7.76,2.5,0.000,0.000,1,1,1
1920103,621,0,0.00,0.00,0.00,0.16,0.000,0.000,0,1,7.76,2.5,-0.122,0.000,1,1,1
1930117,631,0,0.00,0.00,0.00,0.11,0.000,0.000,0,1,7.76,2.5,-0.122,0.000,1,1,1
1940117,641,0,0.00,0.00,0.00,-0.36,0.000,0.000,0,0,7.76,2.5,-0.061,0.000,1,1,1
1950119,651,0,0.00,0.00,0.00,0.19,0.000,0.000,0,1,7.76,2.5,-0.122,0.000,1,1,1
1960120,661,0,0.00,0.00,0.00,0.13,0.000,0.000,0,1,7.76,2.5,0.000,0.000,1,1,1
1970120,671,0,0.00,0.00,0.00,0.09,0.000,0.000,0,1,7.76,2.5,-0.122,0.000,1,1,1
1980128,681,0,0.00,0.00,0.00,0.06,0.000,0.000,0,1,7.76,2.5,-0.122,0.000,1,1,1
1990128,691,0,0.00,0.00,0.00,0.04,0.000,0.000,0,1,7.76,2.5,-0.122,0.000,1,1,1
2000128,701,0,0.00,0.00,0.00,-0.41,0.000,0.000,0,0,7.76,2.5,-0.061,0.000,1,1,1
2010128,711,0,0.00,0.00,0.00,0.15,0.000,0.000,0,1,7.76,2.5,-0.122,0.000,1,1,1
2020128,721,0,0.00,0.00,0.00,0.11,0.000,0.000,0,1,7.76,2.8,-0.122,0.000,1,1,1
2030139,731,0,0.00,0.00,0.00,0.08,0.000,0.000,0,1,7.76,2.5,-0.122,0.000,1,1,1
2040141,741,0,0.00,0.00,0.00,0.05,0.000,0.000,0,1,7.76,2.5,-0.122,0.000,1,1,1
2050143,751,0,0.00,0.00,0.00,0.04,0.000,0.000,0,1,7.76,2.5,-0.122,0.000,1,1,1
2060156,761,0,0.00,0.00,0.00,0.03,0.000,0.000,0,1,7.76,2.5,-0.122,0.000,1,1,1
2070156,771,0,0.00,0.00,0.00,-0.42,0.000,0.000,0,0,7.76,2.5,-0.061,0.000,1,1,1
2080165,781,0,0.00,0.00,0.00,0.14,0.000,0.000,0,1,7.76,2.5,-0.061,0.000,1,1,1
2090173,791,0,0.00,0.00,0.00,0.10,0.000,0.000,0,1,7.76,2.5,0.000,0.000,1,1,1
2100185,801,0,0.00,0.00,0.00,0.07,0.000,0.000,0,1,7.76,2.5,-0.061,0.000,1,1,1
2110193,811,0,0.00,0.00,0.00,-0.39,0.000,0.000,0,0,7.76,2.5,-0.122,0.000,1,1,1
2120193,821,0,0.00,0.00,0.00,0.17,0.000,0.000,0,1,7.76,2.5,-0.122,0.000,1,1,1
2130195,831,0,0.00,0.00,0.00,0.12,0.000,0.000,0,1,7.76,2.5,-0.122,0.000,1,1,1
2140203,841,0,0.00,0.00,0.00,0.08,0.000,0.000,0,1,7.76,2.5,-0.061,0.000,1,1,1
2150216,851,0,0.00,0.00,0.00,0.06,0.000,0.000,0,1,7.76,2.5,-0.122,0.000,1,1,1
2160225,861,0,0.00,0.00,0.00,-0.40,0.000,0.000,0,0,7.76,2.5,-0.122,0.000,1,1,1
2170237,871,0,0.00,0.00,0.00,0.16,0.000,0.000,0,1,7.76,2.5,-0.122,0.000,1,1,1
2180249,881,0,0.00,0.00,0.00,0.11,0.000,0.000,0,1,7.76,2.5,-0.061,0.000,1,1,1
2190249,891,0,0.00,0.00,0.00,0.08,0.000,0.000,0,1,7.76,2.5,-0.122,0.000,1,1,1
2200262,901,0,0.00,0.00,0.00,0.05,0.000,0.000,0,1,7.76,2.5,-0.122,0.000,1,1,1
2210262,911,0,0.00,0.00,0.00,0.04,0.000,0.000,0,1,7.76,2.5,-0.061,0.000,1,1,1
2220271,921,0,0.00,0.00,0.00,0.03,0.000,0.000,0,1,7.76,2.5,-0.122,0.000,1,1,1
2230284,931,0,0.00,0.00,0.00,0.02,0.000,0.000,0,1,7.76,2.5,0.000,0.000,1,1,1
2240292,941,0,0.00,0.00,0.00,0.01,0.000,0.000,0,1,7.76,2.5,-0.122,0.000,1,1,1
2250299,951,0,0.00,0.00,0.00,0.01,0.000,0.000,0,1,7.76,2.5,-0.061,0.000,1,1,1
2260310,961,0,0.00,0.00,0.00,0.01,0.000,0.000,0,1,7.76,2.5,-0.061,0.000,1,1,1
2270323,971,0,0.00,0.00,0.00,0.00,0.000,0.000,0,1,7.76,2.5,-0.122,0.000,1,1,1
2280329,981,0,0.00,0.00,0.00,0.00,0.000,0.000,0,1,7.76,2.5,-0.122,0.000,1,1,1
2290338,991,0,0.00,0.00,0.00,-0.44,0.000,0.000,0,0,7.76,2.5,-0.061,0.000,1,1,1
2300345,1001,0,0.00,0.00,0.00,0.13,0.000,0.000,0,1,7.75,2.5,-0.061,0.000,1,1,1
2310347,1011,0,0.00,0.00,0.00,0.09,0.000,0.000,0,1,7.75,2.5,-0.061,0.000,1,1,1
2320360,1021,0,0.00,0.00,0.00,0.07,0.000,0.000,0,1,7.76,2.5,-0.061,0.000,1,1,1
2330360,1031,0,0.00,0.00,0.00,0.05,0.000,0.000,0,1,7.76,2.5,-0.122,0.000,1,1,1
2340370,1041,0,0.00,0.00,0.00,0.03,0.000,0.000,0,1,7.76,2.5,0.000,0.000,1,1,1
2350375,1051,0,0.00,0.00,0.00,0.02,0.000,0.000,0,1,7.76,2.5,-0.061,0.000,1,1,1
2360382,1061,0,0.00,0.00,0.00,0.02,0.000,0.000,0,1,7.76,2.5,-0.122,0.000,1,1,1
2370389,1071,0,0.00,0.00,0.00,0.01,0.000,0.000,0,1,7.76,2.5,-0.061,0.000,1,1,1
2380390,1081,0,0.00,0.00,0.00,0.01,0.000,0.000,0,1,7.76,2.5,-0.122,0.000,1,1,1
2390398,1091,0,0.00,0.00,0.00,0.01,0.000,0.000,0,1,7.75,2.5,-0.122,0.000,1,1,1
2400412,1101,0,0.00,0.00,0.00,0.00,0.000,0.000,0,1,7.76,2.5,-0.061,0.000,1,1,1
2410416,1111,0,0.00,0.00,0.00,0.00,0.000,0.000,0,1,7.76,2.5,-0.061,0.000,1,1,1
2420422,1121,0,0.00,0.00,0.00,0.00,0.000,0.000,0,1,7.76,2.5,-0.061,0.000,1,1,1
2430422,1131,0,0.00,0.00,0.00,0.00,0.000,0.000,0,1,7.76,2.5,-0.061,0.000,1,1,1
2440431,1141,0,0.00,0.00,0.00,0.00,0.000,0.000,0,1,7.76,2.5,-0.061,0.000,1,1,1
2450444,1151,0,0.00,0.00,0.00,0.00,0.000,0.000,0,1,7.76,2.5,-0.122,0.000,1,1,1
2460451,1161,0,0.00,0.00,0.00,0.00,0.000,0.000,0,1,7.76,2.5,-0.122,0.000,1,1,1
2470453,1171,0,0.00,0.00,0.00,0.00,0.000,0.000,0,1,7.76,2.5,-0.122,0.000,1,1,1
2480459,1181,0,0.00,0.00,0.00,0.00,0.000,0.000,0,1,7.76,2.5,-0.061,0.000,1,1,1
2490466,1191,0,0.00,0.00,0.00,0.00,0.000,0.000,0,1,7.76,2.5,-0.061,0.000,1,1,1
2500474,1201,0,0.00,0.00,0.00,0.00,0.000,0.000,0,1,7.76,2.5,-0.061,0.000,1,1,1
2510480,1211,0,0.00,0.00,0.00,0.00,0.000,0.000,0,1,7.76,2.5,-0.122,0.000,1,1,1
2520488,1221,0,0.00,0.00,0.00,0.00,0.000,0.000,0,1,7.76,2.2,-0.061,0.000,1,1,1
2530489,1231,0,0.00,0.00,0.00,0.00,0.000,0.000,0,1,7.76,2.5,-0.061,0.000,1,1,1
2540498,1241,0,0.00,0.00,0.00,0.00,0.000,0.000,0,1,7.76,2.5,-0.061,0.000,1,1,1
2550505,1251,0,0.00,0.00,0.00,0.00,0.000,0.000,0,1,7.76,2.2,-0.122,0.000,1,1,1
2560514,1261,0,0.00,0.00,0.00,0.00,0.000,0.000,0,1,7.75,2.5,-0.122,0.000,1,1,1
2570526,1271,0,0.00,0.00,0.00,0.00,0.000,0.000,0,1,7.76,2.5,-0.122,0.000,1,1,1
2580529,1281,0,0.00,0.00,0.00,0.00,0.000,0.000,0,1,7.76,2.5,-0.061,0.000,1,1,1
2590541,1291,0,0.00,0.00,0.00,0.00,0.000,0.000,0,1,7.76,2.5,0.000,0.000,1,1,1
2600542,1301,0,0.00,0.00,0.00,0.00,0.000,0.000,0,1,7.76,2.5,-0.061,0.000,1,1,1
2610549,1311,0,0.00,0.00,0.00,0.00,0.000,0.000,0,1,7.76,2.5,-0.061,0.000,1,1,1
2620552,1321,0,0.00,0.00,0.00,0.00,0.000,0.000,0,1,7.76,2.5,-0.061,0.000,1,1,1
2630564,1331,0,0.00,0.00,0.00,0.00,0.000,0.000,0,1,7.76,2.5,-0.061,0.000,1,1,1
2640574,1341,0,0.00,0.00,0.00,0.00,0.000,0.000,0,1,7.76,2.5,-0.061,0.000,1,1,1
2650586,1351,0,0.00,0.00,0.00,0.00,0.000,0.000,0,1,7.76,2.5,0.000,0.000,1,1,1
2660589,1361,0,0.00,0.00,0.00,0.00,0.000,0.000,0,1,7.76,2.5,-0.061,0.000,1,1,1
2670606,1371,0,0.00,0.00,0.00,0.00,0.000,0.000,0,1,7.76,2.5,-0.122,0.000,1,1,1
2680615,1381,0,0.00,0.00,0.00,0.00,0.000,0.000,0,1,7.76,2.5,-0.061,0.000,1,1,1
2690615,1391,0,0.00,0.00,0.00,0.00,0.000,0.000,0,1,7.76,2.5,0.000,0.000,1,1,1
2700625,1401,0,0.00,0.00,0.00,0.00,0.000,0.000,0,1,7.76,2.5,-0.061,0.000,1,1,1
2710637,1411,0,0.00,0.00,0.00,0.00,0.000,0.000,0,1,7.76,2.5,-0.122,0.000,1,1,1
2720640,1421,0,0.00,0.00,0.00,0.00,0.000,0.000,0,1,7.76,2.5,-0.122,0.000,1,1,1
2730645,1431,0,0.00,0.00,0.00,0.00,0.000,0.000,0,1,7.76,2.5,-0.122,0.000,1,1,1
2740645,1441,0,0.00,0.00,0.00,0.00,0.000,0.000,0,1,7.76,2.5,-0.183,0.000,1,1,1
2750653,1451,0,0.00,0.00,0.00,0.00,0.000,0.000,0,1,7.76,2.5,-0.061,0.000,1,1,1
2760663,1461,0,0.00,0.00,0.00,0.00,0.000,0.000,0,1,7.76,2.5,-0.061,0.000,1,1,1
2770670,1471,0,0.00,0.00,0.00,0.00,0.000,0.000,0,1,7.76,2.5,-0.061,0.000,1,1,1
2780670,1481,0,0.00,0.00,0.00,0.00,0.000,0.000,0,1,7.76,2.5,-0.061,0.000,1,1,1
2790678,1491,0,0.00,0.00,0.00,0.00,0.000,0.000,0,1,7.76,2.5,0.061,0.000,1,1,1
2800686,1501,0,0.00,0.00,0.00,0.00,0.000,0.000,0,1,7.75,2.5,-0.122,0.000,1,1,1
2810698,1511,0,0.00,0.00,0.00,0.00,0.000,0.000,0,1,7.76,2.5,-0.061,0.000,1,1,1
2820706,1521,0,0.00,0.00,0.00,0.00,0.000,0.000,0,1,7.76,2.5,-0.061,0.000,1,1,1
2830706,1531,0,0.00,0.00,0.00,0.00,0.000,0.000,0,1,7.76,2.5,0.000,0.000,1,1,1
2840712,1541,0,0.00,0.00,0.00,0.00,0.000,0.000,0,1,7.76,2.8,-0.061,0.000,1,1,1
2850713,1551,0,0.00,0.00,0.00,0.00,0.000,0.000,0,1,7.76,2.5,-0.122,0.000,1,1,1
2860713,1561,0,0.00,0.00,0.00,0.00,0.000,0.000,0,1,7.76,2.5,-0.122,0.000,1,1,1
2870720,1571,0,0.00,0.00,0.00,0.00,0.000,0.000,0,1,7.75,2.5,0.000,0.000,1,1,1
2880721,1581,0,0.00,0.00,0.00,0.00,0.000,0.000,0,1,7.76,2.5,-0.061,0.000,1,1,1
2890735,1591,0,0.00,0.00,0.00,0.00,0.000,0.000,0,1,7.76,2.5,-0.122,0.000,1,1,1
2900746,1601,0,0.00,0.00,0.00,0.00,0.000,0.000,0,1,7.76,2.5,-0.122,0.000,1,1,1
2910759,1611,0,0.00,0.00,0.00,0.00,0.000,0.000,0,1,7.76,2.5,-0.061,0.000,1,1,1
2920767,1621,0,0.00,0.00,0.00,0.00,0.000,0.000,0,1,7.76,2.5,0.000,0.000,1,1,1
2930773,1631,0,0.00,0.00,0.00,0.00,0.000,0.000,0,1,7.76,2.5,-0.061,0.000,1,1,1
2940784,1641,0,0.00,0.00,0.00,0.00,0.000,0.000,0,1,7.76,2.5,-0.061,0.000,1,1,1
2950789,1651,0,0.00,0.00,0.00,0.00,0.000,0.000,0,1,7.76,2.5,-0.061,0.000,1,1,1
2960791,1661,0,0.00,0.00,0.00,0.00,0.000,0.000,0,1,7.76,2.5,-0.122,0.000,1,1,1
2970791,1671,0,0.00,0.00,0.00,0.00,0.000,0.000,0,1,7.76,2.5,-0.183,0.000,1,1,1
2980804,1681,0,0.00,0.00,0.00,0.00,0.000,0.000,0,1,7.75,2.5,-0.061,0.000,1,1,1
2990806,1691,0,0.00,0.00,0.00,0.00,0.000,0.000,0,1,7.76,2.2,-0.061,0.000,1,1,1
3000819,1701,0,0.00,0.00,0.00,0.00,0.000,0.000,0,1,7.76,2.5,-0.122,0.000,1,1,1
3010827,1711,0,0.00,0.00,0.00,0.00,0.000,0.000,0,1,7.76,2.5,-0.122,0.000,1,1,1
3020834,1721,0,0.00,0.00,0.00,0.00,0.000,0.000,0,1,7.76,2.5,-0.061,0.000,1,1,1
3030834,1731,0,0.00,0.00,0.00,0.00,0.000,0.000,0,1,7.76,2.5,0.000,0.000,1,1,1
3040837,1741,0,0.00,0.00,0.00,0.00,0.000,0.000,0,1,7.76,2.5,-0.122,0.000,1,1,1
3050837,1751,0,0.00,0.00,0.00,0.00,0.000,0.000,0,1,7.76,2.5,-0.061,0.000,1,1,1
3060842,1761,0,0.00,0.00,0.00,0.00,0.000,0.000,0,1,7.76,2.5,0.000,0.000,1,1,1
3070842,1771,0,0.00,0.00,0.00,0.00,0.000,0.000,0,1,7.76,2.5,-0.122,0.000,1,1,1
3080852,1781,0,0.00,0.00,0.00,0.00,0.000,0.000,0,1,7.76,2.5,-0.061,0.000,1,1,1
3090852,1791,0,0.00,0.00,0.00,0.00,0.000,0.000,0,1,7.76,2.5,-0.061,0.000,1,1,1
3100858,1801,0,0.00,0.00,0.00,0.00,0.000,0.000,0,1,7.76,2.5,0.000,0.000,1,1,1
3110867,1811,0,0.00,0.00,0.00,0.00,0.000,0.000,0,1,7.76,2.5,-0.122,0.000,1,1,1
3120880,1821,0,0.00,0.00,0.00,0.00,0.000,0.000,0,1,7.76,2.5,0.000,0.000,1,1,1
3130880,1831,0,0.00,0.00,0.00,0.00,0.000,0.000,0,1,7.76,2.5,0.061,0.000,1,1,1
3140888,1841,0,0.00,0.00,0.00,0.00,0.000,0.000,0,1,7.76,2.5,-0.061,0.000,1,1,1
3150895,1851,0,0.00,0.00,0.00,0.00,0.000,0.000,0,1,7.76,2.5,-0.122,0.000,1,1,1
3160897,1861,0,0.00,0.00,0.00,0.00,0.000,0.000,0,1,7.76,2.5,-0.122,0.000,1,1,1
3170910,1871,0,0.00,0.00,0.00,0.00,0.000,0.000,0,1,7.76,2.5,-0.122,0.000,1,1,1
3180921,1881,0,0.00,0.00,0.00,0.00,0.000,0.000,0,1,7.76,2.5,-0.122,0.000,1,1,1
3190928,1891,0,0.00,0.00,0.00,0.00,0.000,0.000,0,1,7.76,2.5,-0.061,0.000,1,1,1
3200940,1901,0,0.00,0.00,0.00,0.00,0.000,0.000,0,1,7.76,2.5,-0.061,0.000,1,1,1
3210943,1911,0,0.00,0.00,0.00,0.00,0.000,0.000,0,1,7.76,2.5,-0.061,0.000,1,1,1
3220955,1921,0,0.00,0.00,0.00,0.00,0.000,0.000,0,1,7.76,2.2,-0.122,0.000,1,1,1
3230956,1931,0,0.00,0.00,0.00,0.00,0.000,0.000,0,1,7.76,2.5,-0.122,0.000,1,1,1
3240970,1941,0,0.00,0.00,0.00,0.00,0.000,0.000,0,1,7.76,2.5,-0.122,0.000,1,1,1
3250973,1951,0,0.00,0.00,0.00,0.00,0.000,0.000,0,1,7.76,2.5,-0.061,0.000,1,1,1
3260981,1961,0,0.00,0.00,0.00,0.00,0.000,0.000,0,1,7.76,2.5,-0.122,0.000,1,1,1
3270986,1971,0,0.00,0.00,0.00,0.00,0.000,0.000,0,1,7.76,2.5,-0.122,0.000,1,1,1
3280986,1981,0,0.00,0.00,0.00,0.00,0.000,0.000,0,1,7.76,2.5,-0.061,0.000,1,1,1
3290994,1991,0,0.00,0.00,0.00,0.00,0.000,0.000,0,1,7.76,2.5,-0.061,0.000,1,1,1
3300999,2002,0,0.00,0.00,0.00,0.00,0.000,0.000,0,1,7.75,2.8,-0.061,0.000,1,1,1
3311001,2012,0,0.00,0.00,0.00,0.00,0.000,0.000,0,1,7.76,2.5,-0.061,0.000,1,1,1
3321004,2022,0,0.00,0.00,0.00,0.00,0.000,0.000,0,1,7.76,2.5,-0.061,0.000,1,1,1
3331004,2032,0,0.00,0.00,0.00,0.00,0.000,0.000,0,1,7.76,2.5,-0.061,0.000,1,1,1
3341009,2042,0,0.00,0.00,0.00,0.00,0.000,0.000,0,1,7.76,2.5,-0.183,0.000,1,1,1
3351009,2052,0,0.00,0.00,0.00,0.00,0.000,0.000,0,1,7.76,2.8,-0.061,0.000,1,1,1
3361019,2062,0,0.00,0.00,0.00,0.00,0.000,0.000,0,1,7.76,2.5,0.000,0.000,1,1,1
3371024,2072,0,0.00,0.00,0.00,0.00,0.000,0.000,0,1,7.76,2.5,-0.061,0.000,1,1,1
3381032,2082,0,0.00,0.00,0.00,0.00,0.000,0.000,0,1,7.76,2.2,-0.122,0.000,1,1,1
3391034,2092,0,0.00,0.00,0.00,0.00,0.000,0.000,0,1,7.76,2.5,-0.122,0.000,1,1,1
3401034,2102,0,0.00,0.00,0.00,0.00,0.000,0.000,0,1,7.76,2.5,-0.061,0.000,1,1,1
3411047,2112,0,0.00,0.00,0.00,0.00,0.000,0.000,0,1,7.76,2.5,-0.122,0.000,1,1,1
3421057,2122,0,0.00,0.00,0.00,0.00,0.000,0.000,0,1,7.76,2.5,-0.061,0.000,1,1,1
3431064,2132,0,0.00,0.00,0.00,0.00,0.000,0.000,0,1,7.76,2.5,-0.061,0.000,1,1,1
3441070,2142,0,0.00,0.00,0.00,0.00,0.000,0.000,0,1,7.76,2.5,-0.061,0.000,1,1,1
3451079,2152,0,0.00,0.00,0.00,0.00,0.000,0.000,0,1,7.76,2.5,-0.061,0.000,1,1,1
3461092,2162,0,0.00,0.00,0.00,0.00,0.000,0.000,0,1,7.76,2.5,-0.122,0.000,1,1,1
3471095,2172,0,0.00,0.00,0.00,0.00,0.000,0.000,0,1,7.76,2.8,-0.122,0.000,1,1,1
3481095,2182,0,0.00,0.00,0.00,0.00,0.000,0.000,0,1,7.76,2.5,-0.183,0.000,1,1,1
3491104,2192,0,0.00,0.00,0.00,0.00,0.000,0.000,0,1,7.76,2.5,-0.183,0.000,1,1,1
3501110,2202,0,0.00,0.00,0.00,0.00,0.000,0.000,0,1,7.76,2.2,0.000,0.000,1,1,1
3511117,2212,0,0.00,0.00,0.00,0.00,0.000,0.000,0,1,7.76,2.5,-0.122,0.000,1,1,1
3521120,2222,0,0.00,0.00,0.00,0.00,0.000,0.000,0,1,7.76,2.5,-0.061,0.000,1,1,1
3531128,2232,0,0.00,0.00,0.00,0.00,0.000,0.000,0,1,7.76,2.5,-0.061,0.000,1,1,1
3541141,2242,0,0.00,0.00,0.00,0.00,0.000,0.000,0,1,7.76,2.5,-0.061,0.000,1,1,1
3551147,2252,0,0.00,0.00,0.00,0.00,0.000,0.000,0,1,7.76,2.5,-0.122,0.000,1,1,1
3561156,2262,0,0.00,0.00,0.00,0.00,0.000,0.000,0,1,7.76,2.5,-0.061,0.000,1,1,1
3571158,2272,0,0.00,0.00,0.00,0.00,0.000,0.000,0,1,7.76,2.5,0.000,0.000,1,1,1
3581162,2282,0,0.00,0.00,0.00,0.00,0.000,0.000,0,1,7.76,2.5,-0.061,0.000,1,1,1
3591165,2292,0,0.00,0.00,0.00,0.00,0.000,0.000,0,1,7.76,2.5,0.000,0.000,1,1,1
3601173,2302,0,0.00,0.00,0.00,0.00,0.000,0.000,0,1,7.76,2.5,0.000,0.000,1,1,1
3611178,2312,0,0.00,0.00,0.00,0.00,0.000,0.000,0,1,7.76,2.5,-0.122,0.000,1,1,1
3621188,2322,0,0.00,0.00,0.00,0.00,0.000,0.000,0,1,7.76,2.5,-0.183,0.000,1,1,1
3631193,2332,0,0.00,0.00,0.00,0.00,0.000,0.000,0,1,7.76,2.5,-0.061,0.000,1,1,1
3641203,2342,0,0.00,0.00,0.00,0.00,0.000,0.000,0,1,7.76,2.5,-0.061,0.000,1,1,1
3651215,2352,0,0.00,0.00,0.00,0.00,0.000,0.000,0,1,7.76,2.5,-0.061,0.000,1,1,1
3661225,2362,0,0.00,0.00,0.00,0.00,0.000,0.000,0,1,7.76,2.5,-0.122,0.000,1,1,1
3671234,2372,0,0.00,0.00,0.00,0.00,0.000,0.000,0,1,7.76,2.5,-0.061,0.000,1,1,1
3681238,2382,0,0.00,0.00,0.00,0.00,0.000,0.000,0,1,7.76,2.5,0.000,0.000,1,1,1
3691249,2392,0,0.00,0.00,0.00,0.00,0.000,0.000,0,1,7.76,2.5,-0.061,0.000,1,1,1
3701262,2402,0,0.00,0.00,0.00,0.00,0.000,0.000,0,1,7.76,2.5,-0.061,0.000,1,1,1
3711269,2412,0,0.00,0.00,0.00,0.00,0.000,0.000,0,1,7.76,2.5,-0.122,0.000,1,1,1
3721276,2422,0,0.00,0.00,0.00,0.00,0.000,0.000,0,1,7.76,2.5,-0.122,0.000,1,1,1
3731276,2432,0,0.00,0.00,0.00,0.00,0.000,0.000,0,1,7.76,2.8,0.000,0.000,1,1,1
3741284,2442,0,0.00,0.00,0.00,0.00,0.000,0.000,0,1,7.76,2.5,-0.122,0.000,1,1,1
3751295,2452,0,0.00,0.00,0.00,0.00,0.000,0.000,0,1,7.76,2.5,-0.122,0.000,1,1,1
3761307,2462,0,0.00,0.00,0.00,0.00,0.000,0.000,0,1,7.76,2.2,-0.061,0.000,1,1,1
3771310,2472,0,0.00,0.00,0.00,0.00,0.000,0.000,0,1,7.76,2.5,-0.122,0.000,1,1,1
3781310,2482,0,0.00,0.00,0.00,0.00,0.000,0.000,0,1,7.76,2.5,-0.122,0.000,1,1,1
3791310,2492,0,0.00,0.00,0.00,0.00,0.000,0.000,0,1,7.76,2.5,-0.122,0.000,1,1,1
3801319,2502,0,0.00,0.00,0.00,0.00,0.000,0.000,0,1,7.75,2.5,-0.122,0.000,1,1,1
3811321,2512,0,0.00,0.00,0.00,0.00,0.000,0.000,0,1,7.76,2.5,-0.122,0.000,1,1,1
3821329,2522,0,0.00,0.00,0.00,0.00,0.000,0.000,0,1,7.76,2.5,-0.061,0.000,1,1,1
3831338,2532,0,0.00,0.00,0.00,0.00,0.000,0.000,0,1,7.75,2.5,-0.122,0.000,1,1,1
3841338,2542,0,0.00,0.00,0.00,0.00,0.000,0.000,0,1,7.76,2.8,-0.061,0.000,1,1,1
3851347,2552,0,0.00,0.00,0.00,0.00,0.000,0.000,0,1,7.76,2.5,-0.061,0.000,1,1,1
3861347,2562,0,0.00,0.00,0.00,0.00,0.000,0.000,0,1,7.76,2.5,-0.122,0.000,1,1,1
3871347,2572,0,0.00,0.00,0.00,0.00,0.000,0.000,0,1,7.76,2.5,-0.122,0.000,1,1,1
3881360,2582,0,0.00,0.00,0.00,0.00,0.000,0.000,0,1,7.76,2.5,-0.061,0.000,1,1,1
3891368,2592,0,0.00,0.00,0.00,0.00,0.000,0.000,0,1,7.76,2.5,-0.122,0.000,1,1,1
3901370,2602,0,0.00,0.00,0.00,0.00,0.000,0.000,0,1,7.76,2.5,-0.061,0.000,1,1,1
3911377,2612,0,0.00,0.00,0.00,0.00,0.000,0.000,0,1,7.76,2.5,-0.122,0.000,1,1,1
3921383,2622,0,0.00,0.00,0.00,0.00,0.000,0.000,0,1,7.76,2.5,-0.061,0.000,1,1,1
3931393,2632,0,0.00,0.00,0.00,0.00,0.000,0.000,0,1,7.76,2.2,-0.122,0.000,1,1,1
3941398,2642,0,0.00,0.00,0.00,0.00,0.000,0.000,0,1,7.76,2.2,-0.061,0.000,1,1,1
3951401,2652,0,0.00,0.00,0.00,0.00,0.000,0.000,0,1,7.76,2.5,-0.061,0.000,1,1,1
3961404,2662,0,0.00,0.00,0.00,0.00,0.000,0.000,0,1,7.76,2.5,-0.122,0.000,1,1,1
3971416,2672,0,0.00,0.00,0.00,0.00,0.000,0.000,0,1,7.76,2.5,-0.061,0.000,1,1,1
3981422,2682,0,0.00,0.00,0.00,0.00,0.000,0.000,0,1,7.76,2.5,-0.061,0.000,1,1,1
3991431,2692,0,0.00,0.00,0.00,0.00,0.000,0.000,0,1,7.76,2.5,-0.122,0.000,1,1,1
4001435,2702,0,0.00,0.00,0.00,0.00,0.000,0.000,0,1,7.76,2.5,-0.122,0.000,1,1,1
4011438,2712,0,0.00,0.00,0.00,0.00,0.000,0.000,0,1,7.76,2.5,-0.183,0.000,1,1,1
4021438,2722,0,0.00,0.00,0.00,0.00,0.000,0.000,0,1,7.76,2.5,-0.061,0.000,1,1,1
4031450,2732,0,0.00,0.00,0.00,0.00,0.000,0.000,0,1,7.76,2.5,-0.122,0.000,1,1,1
4041450,2742,0,0.00,0.00,0.00,0.00,0.000,0.000,0,1,7.76,2.5,-0.122,0.000,1,1,1
4051453,2752,0,0.00,0.00,0.00,0.00,0.000,0.000,0,1,7.76,2.5,-0.122,0.000,1,1,1
4061453,2762,0,0.00,0.00,0.00,0.00,0.000,0.000,0,1,7.76,2.5,-0.061,0.000,1,1,1
4071461,2772,0,0.00,0.00,0.00,0.00,0.000,0.000,0,1,7.76,2.5,-0.122,0.000,1,1,1
4081474,2782,0,0.00,0.00,0.00,0.00,0.000,0.000,0,1,7.76,2.5,-0.061,0.000,1,1,1
4091483,2792,0,0.00,0.00,0.00,0.00,0.000,0.000,0,1,7.76,2.2,-0.061,0.000,1,1,1
4101483,2802,0,0.00,0.00,0.00,0.00,0.000,0.000,0,1,7.76,2.5,-0.061,0.000,1,1,1
4111488,2812,0,0.00,0.00,0.00,0.00,0.000,0.000,0,1,7.76,2.2,-0.122,0.000,1,1,1
4121489,2822,0,0.00,0.00,0.00,0.00,0.000,0.000,0,1,7.76,2.5,-0.061,0.000,1,1,1
4131496,2832,0,0.00,0.00,0.00,0.00,0.000,0.000,0,1,7.76,2.5,-0.061,0.000,1,1,1
4141510,2842,0,0.00,0.00,0.00,0.00,0.000,0.000,0,1,7.76,2.5,-0.061,0.000,1,1,1
4151522,2852,0,0.00,0.00,0.00,0.00,0.000,0.000,0,1,7.76,2.2,-0.122,0.000,1,1,1
4161535,2862,0,0.00,0.00,0.00,0.00,0.000,0.000,0,1,7.76,2.5,-0.122,0.000,1,1,1
4171535,2872,0,0.00,0.00,0.00,0.00,0.000,0.000,0,1,7.76,2.5,-0.061,0.000,1,1,1
4181542,2882,0,0.00,0.00,0.00,0.00,0.000,0.000,0,1,7.76,2.5,-0.061,0.000,1,1,1
4191550,2892,0,0.00,0.00,0.00,0.00,0.000,0.000,0,1,7.76,2.5,-0.183,0.000,1,1,1
4201557,2902,0,0.00,0.00,0.00,0.00,0.000,0.000,0,1,7.76,2.5,-0.122,0.000,1,1,1
4211571,2912,0,0.00,0.00,0.00,0.00,0.000,0.000,0,1,7.76,2.5,-0.183,0.000,1,1,1
4221572,2922,0,0.00,0.00,0.00,0.00,0.000,0.000,0,1,7.76,2.5,-0.122,0.000,1,1,1
4231572,2932,0,0.00,0.00,0.00,0.00,0.000,0.000,0,1,7.76,2.5,0.000,0.000,1,1,1
4241580,2942,0,0.00,0.00,0.00,0.00,0.000,0.000,0,1,7.76,2.5,-0.122,0.000,1,1,1
4251580,2952,0,0.00,0.00,0.00,0.00,0.000,0.000,0,1,7.76,2.2,-0.061,0.000,1,1,1
4261583,2962,0,0.00,0.00,0.00,0.00,0.000,0.000,0,1,7.76,2.5,-0.061,0.000,1,1,1
4271583,2972,0,0.00,0.00,0.00,0.00,0.000,0.000,0,1,7.76,2.5,-0.122,0.000,1,1,1
4281587,2982,0,0.00,0.00,0.00,0.00,0.000,0.000,0,1,7.76,2.5,-0.122,0.000,1,1,1
4291594,2992,0,0.00,0.00,0.00,0.00,0.000,0.000,0,1,7.76,2.5,-0.061,0.000,1,1,1
4301611,3002,1,0.00,0.00,0.00,0.00,0.000,0.000,0,1,7.75,2.5,-0.061,0.000,1,1,1
4311624,3012,1,-35.00,35.00,0.00,0.00,-0.678,0.675,0,1,7.76,2.8,-0.061,0.000,1,1,1
4321630,3022,1,-35.00,35.00,0.00,0.00,-0.702,0.699,0,1,7.44,511.8,-0.122,-0.000,1,1,1
4331633,3032,1,-35.00,35.00,-0.88,0.00,-0.701,0.701,-2,1,7.41,558.2,0.305,0.004,1,1,1
4341637,3042,1,-35.00,35.00,-2.37,-0.44,-0.694,0.701,-6,0,7.44,532.0,1.829,0.023,1,1,1
4351648,3052,1,-35.00,35.00,-4.30,0.13,-0.687,0.700,-12,1,7.45,508.5,5.244,0.076,1,1,1
4361655,3062,1,-35.00,35.00,-6.52,3.61,-0.678,0.687,-20,9,7.47,488.5,13.415,0.211,1,1,1
4371668,3072,1,-35.00,35.00,-8.96,6.48,-0.670,0.678,-30,18,7.48,454.5,28.963,0.501,1,1,1
4381670,3082,1,-35.00,35.00,-11.55,9.37,-0.661,0.668,-42,29,7.50,428.2,40.854,0.911,1,1,1
4391683,3092,1,-35.00,35.00,-13.36,11.39,-0.653,0.661,-54,40,7.52,399.5,48.780,1.399,1,1,1
4401685,3102,1,-35.00,35.00,-15.50,13.69,-0.647,0.654,-68,53,7.52,386.5,55.244,1.953,1,1,1
4411691,3112,1,-35.00,35.00,-16.56,15.73,-0.642,0.647,-81,67,7.53,368.2,60.122,2.555,1,1,1
4421693,3122,1,-35.00,35.00,-18.19,17.17,-0.637,0.642,-96,81,7.54,354.0,63.537,3.191,1,1,1
4431698,3132,1,-35.00,35.00,-19.76,18.61,-0.631,0.637,-112,96,7.55,343.0,65.732,3.849,1,1,1
4441706,3142,1,-35.00,35.00,-21.30,19.62,-0.626,0.634,-129,111,7.56,334.8,67.500,4.525,1,1,1
4451720,3152,1,-35.00,35.00,-23.26,20.32,-0.620,0.633,-148,126,7.55,327.8,69.085,5.216,1,1,1
4461721,3162,1,-35.00,35.00,-24.19,20.82,-0.616,0.631,-166,141,7.56,322.2,73.049,5.948,1,1,1
4471728,3172,1,-35.00,35.00,-25.29,21.60,-0.612,0.628,-185,157,7.57,317.2,77.073,6.719,1,1,1
4481731,3182,1,-35.00,35.00,-25.61,22.59,-0.610,0.626,-203,174,7.57,311.5,78.659,7.507,1,1,1
4491744,3192,1,-35.00,35.00,-25.84,23.73,-0.610,0.622,-221,192,7.57,307.2,78.598,8.293,1,1,1
4501750,3202,1,-35.00,35.00,-26.88,24.08,-0.606,0.621,-241,209,7.57,303.5,77.134,9.066,1,1,1
4511761,3212,1,-35.00,35.00,-28.04,24.33,-0.602,0.621,-262,226,7.57,301.2,78.049,9.847,1,1,1
4521769,3222,1,-35.00,35.00,-28.42,24.50,-0.600,0.621,-282,243,7.57,297.2,80.610,10.654,1,1,1
4531782,3232,1,-35.00,35.00,-29.56,25.06,-0.596,0.619,-304,261,7.58,294.5,83.110,11.486,1,1,1
4541784,3242,1,-35.00,35.00,-30.36,25.45,-0.594,0.620,-326,279,7.57,290.8,84.634,12.333,1,1,1
4551797,3252,1,-35.00,35.00,-31.80,26.17,-0.588,0.618,-350,298,7.58,290.0,85.915,13.193,1,1,1
4561799,3262,1,-35.00,35.00,-30.17,27.11,-0.593,0.614,-368,318,7.58,285.2,87.927,14.073,1,1,1
4571804,3272,1,-35.00,35.00,-29.91,28.20,-0.594,0.612,-388,339,7.57,284.5,85.854,14.932,1,1,1
4581819,3282,1,-35.00,35.00,-29.72,28.53,-0.594,0.610,-408,359,7.58,284.2,82.317,15.756,1,1,1
4591827,3292,1,-35.00,35.00,-30.48,28.76,-0.592,0.610,-430,379,7.58,283.5,83.537,16.592,1,1,1
4601835,3302,1,-35.00,35.00,-31.00,28.92,-0.589,0.609,-452,399,7.59,280.8,86.646,17.460,1,1,1
4611837,3312,1,-35.00,35.00,-31.37,29.03,-0.588,0.609,-474,419,7.58,280.2,88.354,18.344,1,1,1
4621837,3322,1,-35.00,35.00,-32.07,28.67,-0.585,0.610,-497,438,7.59,278.8,88.780,19.233,1,1,1
4631837,3332,1,-35.00,35.00,-31.67,29.30,-0.586,0.608,-518,459,7.59,278.5,90.427,20.138,1,1,1
4641842,3342,1,-35.00,35.00,-32.28,29.74,-0.584,0.608,-541,480,7.59,277.5,91.768,21.056,1,1,1
4651852,3352,1,-35.00,35.00,-34.02,29.61,-0.577,0.608,-567,500,7.60,276.5,93.049,21.988,1,1,1
4661860,3362,1,-35.00,35.00,-33.92,30.39,-0.578,0.607,-590,522,7.59,273.5,95.122,22.940,1,1,1
4671873,3372,1,-35.00,35.00,-32.10,30.94,-0.584,0.604,-609,544,7.60,273.0,94.817,23.889,1,1,1
4681882,3382,1,-35.00,35.00,-31.70,31.33,-0.586,0.603,-630,566,7.59,273.8,90.915,24.798,1,1,1
4691888,3392,1,-35.00,35.00,-31.85,32.04,-0.585,0.601,-652,589,7.59,275.8,88.902,25.688,1,1,1
4701895,3402,1,-35.00,35.00,-31.97,32.09,-0.585,0.601,-674,611,7.59,273.0,90.427,26.593,1,1,1
4711897,3412,1,-35.00,35.00,-32.92,32.13,-0.582,0.602,-698,633,7.58,273.0,94.146,27.536,1,1,1
4721910,3422,1,-35.00,35.00,-33.15,32.16,-0.581,0.602,-721,655,7.58,271.8,97.866,28.515,1,1,1
4731921,3432,1,-35.00,35.00,-32.88,33.06,-0.582,0.598,-743,679,7.59,271.0,101.585,29.532,1,1,1
4741925,3442,1,-35.00,35.00,-33.12,33.25,-0.581,0.598,-766,702,7.59,270.5,98.354,30.516,1,1,1
4751932,3452,1,-35.00,35.00,-35.05,32.50,-0.574,0.600,-793,723,7.59,268.8,95.915,31.476,1,1,1
4761943,3462,1,-35.00,35.00,-33.32,31.98,-0.580,0.602,-813,744,7.59,268.8,93.720,32.414,1,1,1
4771943,3472,1,-35.00,35.00,-32.99,32.49,-0.581,0.600,-835,767,7.59,268.5,89.695,33.312,1,1,1
4781955,3482,1,-35.00,35.00,-32.76,32.85,-0.581,0.599,-857,790,7.59,269.2,88.110,34.194,1,1,1
4791964,3492,1,-35.00,35.00,-33.04,33.54,-0.581,0.596,-880,814,7.60,269.2,90.915,35.104,1,1,1
4801967,3502,1,-35.00,35.00,-33.24,34.03,-0.581,0.595,-903,838,7.59,268.2,94.085,36.045,1,1,1
4811979,3512,1,-35.00,35.00,-33.37,34.81,-0.580,0.592,-926,863,7.60,268.8,97.134,37.018,1,1,1
4821981,3522,1,-35.00,35.00,-33.47,34.91,-0.580,0.591,-949,887,7.60,265.5,98.598,38.004,1,1,1
4831982,3532,1,-35.00,35.00,-33.98,34.98,-0.579,0.592,-973,911,7.59,264.8,97.195,38.977,1,1,1
4841997,3542,1,-35.00,35.00,-34.33,34.16,-0.577,0.594,-997,933,7.59,265.8,94.939,39.927,1,1,1
4852001,3553,1,-35.00,35.00,-35.46,33.58,-0.572,0.596,-1023,955,7.60,264.0,94.329,40.871,1,1,1
4862001,3563,1,-35.00,35.00,-36.25,33.17,-0.570,0.598,-1049,977,7.60,263.8,93.841,41.811,1,1,1
4872001,3573,1,-35.00,35.00,-34.16,32.89,-0.577,0.599,-1069,999,7.59,263.2,94.695,42.758,1,1,1
4882004,3583,1,-35.00,35.00,-33.14,34.01,-0.581,0.595,-1090,1024,7.59,266.8,95.488,43.714,1,1,1
4892004,3593,1,-35.00,35.00,-32.87,34.35,-0.582,0.594,-1112,1048,7.59,266.8,93.841,44.653,1,1,1
4902012,3603,1,-35.00,35.00,-33.99,35.03,-0.578,0.592,-1137,1073,7.59,267.0,95.366,45.608,1,1,1
4912017,3613,1,-35.00,35.00,-34.34,35.07,-0.577,0.591,-1161,1097,7.60,265.5,98.963,46.598,1,1,1
4922024,3623,1,-35.00,35.00,-34.59,35.97,-0.576,0.588,-1185,1123,7.60,262.8,100.183,47.601,1,1,1
4932024,3633,1,-35.00,35.00,-34.76,35.73,-0.576,0.589,-1209,1147,7.59,261.8,98.110,48.583,1,1,1
4942038,3643,1,-35.00,35.00,-34.88,35.12,-0.575,0.590,-1233,1170,7.60,260.5,95.976,49.543,1,1,1
4952049,3653,1,-35.00,35.00,-36.28,33.37,-0.570,0.597,-1260,1190,7.60,263.2,95.671,50.501,1,1,1
4962057,3663,1,-35.00,35.00,-35.06,33.47,-0.573,0.597,-1282,1213,7.60,261.8,93.354,51.435,1,1,1
4972064,3673,1,-35.00,35.00,-34.65,33.10,-0.575,0.598,-1305,1235,7.60,262.8,88.598,52.322,1,1,1
4982070,3683,1,-35.00,35.00,-34.36,33.27,-0.576,0.598,-1328,1258,7.60,263.8,85.183,53.175,1,1,1
4992072,3693,1,-35.00,35.00,-34.16,34.28,-0.577,0.594,-1351,1283,7.60,265.5,86.890,54.044,1,1,1
5002084,3703,1,-35.00,35.00,-34.46,34.54,-0.576,0.594,-1375,1307,7.59,265.2,92.256,54.968,1,1,1
5012095,3713,1,-35.00,35.00,-35.11,34.29,-0.573,0.594,-1400,1330,7.60,264.5,98.354,55.952,1,1,1
5022109,3723,1,-35.00,35.00,-34.68,34.55,-0.575,0.593,-1423,1354,7.60,262.5,102.256,56.975,1,1,1
5032112,3733,1,-35.00,35.00,-35.26,34.73,-0.573,0.594,-1448,1378,7.59,264.8,103.598,58.012,1,1,1
5042124,3743,1,-35.00,35.00,-36.11,34.86,-0.570,0.593,-1474,1402,7.60,262.0,102.744,59.040,1,1,1
5052128,3753,1,-35.00,35.00,-36.70,34.51,-0.567,0.595,-1500,1425,7.60,259.0,99.268,60.034,1,1,1
5062132,3763,1,-35.00,35.00,-34.92,33.82,-0.573,0.596,-1521,1447,7.60,260.2,95.000,60.985,1,1,1
5072134,3773,1,-35.00,35.00,-34.11,33.78,-0.576,0.597,-1543,1470,7.59,261.0,88.232,61.868,1,1,1
5082139,3783,1,-35.00,35.00,-33.99,33.76,-0.576,0.597,-1566,1493,7.60,262.5,84.024,62.709,1,1,1
5092143,3793,1,-35.00,35.00,-34.78,33.74,-0.574,0.597,-1591,1516,7.59,262.8,85.610,63.566,1,1,1
5102147,3803,1,-35.00,35.00,-34.89,33.72,-0.574,0.598,-1615,1539,7.59,263.8,91.280,64.479,1,1,1
5112147,3813,1,-35.00,35.00,-34.97,34.15,-0.573,0.596,-1639,1563,7.60,264.8,97.073,65.451,1,1,1
5122154,3823,1,-35.00,35.00,-35.47,35.33,-0.572,0.592,-1664,1589,7.60,263.0,99.451,66.446,1,1,1
5132158,3833,1,-35.00,35.00,-35.37,34.84,-0.571,0.594,-1688,1612,7.60,259.5,95.732,67.404,1,1,1
5142158,3843,1,-35.00,35.00,-35.75,34.06,-0.570,0.596,-1713,1634,7.60,260.8,90.244,68.308,1,1,1
5152165,3853,1,-35.00,35.00,-35.13,33.51,-0.571,0.598,-1736,1656,7.60,262.2,87.439,69.183,1,1,1
5162178,3863,1,-35.00,35.00,-34.70,33.56,-0.573,0.598,-1759,1679,7.60,262.5,86.768,70.051,1,1,1
5172178,3873,1,-35.00,35.00,-34.84,33.60,-0.573,0.599,-1783,1702,7.59,263.8,87.500,70.927,1,1,1
5182192,3883,1,-35.00,35.00,-34.93,34.07,-0.572,0.597,-1807,1726,7.60,265.0,91.768,71.846,1,1,1
5192192,3893,1,-35.00,35.00,-35.00,33.95,-0.573,0.598,-1831,1749,7.59,264.0,96.037,72.807,1,1,1
5202193,3903,1,-35.00,35.00,-35.05,33.88,-0.571,0.598,-1855,1772,7.60,265.5,99.390,73.802,1,1,1
5212201,3913,1,-35.00,35.00,-35.52,33.82,-0.570,0.599,-1880,1795,7.59,261.8,101.951,74.822,1,1,1
5222207,3923,1,-35.00,35.00,-36.73,35.10,-0.565,0.594,-1907,1821,7.60,262.8,101.402,75.837,1,1,1
5232219,3933,1,-35.00,35.00,-37.14,35.12,-0.565,0.596,-1933,1845,7.58,258.5,97.683,76.814,1,1,1
5242223,3943,1,-35.00,35.00,-36.98,34.69,-0.563,0.596,-1958,1868,7.60,258.8,93.049,77.746,1,1,1
5252232,3953,1,-35.00,35.00,-35.12,34.39,-0.569,0.597,-1979,1891,7.60,257.0,90.061,78.647,1,1,1
5262232,3963,1,-35.00,35.00,-34.25,34.62,-0.572,0.596,-2001,1915,7.60,260.5,90.122,79.549,1,1,1
5272232,3973,1,-35.00,35.00,-34.08,35.22,-0.573,0.594,-2024,1940,7.60,262.8,89.146,80.441,1,1,1
5282234,3983,1,-35.00,35.00,-35.28,35.20,-0.569,0.594,-2050,1964,7.60,262.0,90.366,81.346,1,1,1
5292241,3993,1,-35.00,35.00,-35.68,35.19,-0.567,0.594,-2075,1988,7.60,259.8,94.451,82.291,1,1,1
5302244,4003,1,-35.00,35.00,-35.53,36.94,-0.570,0.589,-2099,2016,7.58,259.5,97.561,83.268,1,1,1
5312256,4013,1,-35.00,35.00,-36.29,35.96,-0.566,0.591,-2125,2039,7.59,258.0,96.951,84.238,1,1,1
5322268,4023,1,-35.00,35.00,-37.71,35.72,-0.559,0.592,-2153,2063,7.60,257.8,94.390,85.183,1,1,1
5332279,4033,1,-35.00,35.00,-37.82,35.55,-0.558,0.592,-2179,2087,7.61,254.5,90.122,86.085,1,1,1
5342291,4043,1,-35.00,35.00,-35.70,35.87,-0.565,0.591,-2200,2112,7.60,253.8,87.927,86.965,1,1,1
5352298,4053,1,-35.00,35.00,-34.66,35.66,-0.569,0.591,-2222,2136,7.59,256.5,87.378,87.839,1,1,1
5362310,4063,1,-35.00,35.00,-34.37,36.39,-0.570,0.588,-2245,2162,7.60,258.2,86.585,88.706,1,1,1
5372313,4073,1,-35.00,35.00,-35.48,36.90,-0.567,0.587,-2271,2188,7.59,257.2,90.427,89.611,1,1,1
5382323,4083,1,-35.00,35.00,-35.83,36.37,-0.565,0.587,-2296,2212,7.60,256.8,96.280,90.575,1,1,1
5392325,4093,1,-35.00,35.00,-36.50,36.89,-0.563,0.586,-2322,2238,7.60,256.5,101.098,91.586,1,1,1
5402329,4103,1,-35.00,35.00,-36.98,36.81,-0.560,0.585,-2348,2263,7.61,254.0,102.195,92.609,1,1,1
5412331,4113,1,-35.00,35.00,-37.75,36.75,-0.557,0.585,-2375,2288,7.60,252.5,98.110,93.591,1,1,1
5422332,4123,1,-35.00,35.00,-37.85,36.71,-0.556,0.585,-2401,2313,7.61,251.3,91.890,94.511,1,1,1
5432338,4133,1,-35.00,35.00,-35.72,36.69,-0.563,0.585,-2422,2338,7.59,252.0,88.049,95.392,1,1,1
5442340,4143,1,-35.00,35.00,-34.24,36.23,-0.568,0.585,-2443,2362,7.60,254.8,86.341,96.256,1,1,1
5452340,4153,1,-35.00,35.00,-33.63,37.66,-0.571,0.579,-2465,2390,7.60,258.0,84.817,97.105,1,1,1
5462344,4163,1,-35.00,35.00,-34.09,37.79,-0.570,0.578,-2489,2416,7.60,255.8,86.524,97.971,1,1,1
5472353,4173,1,-35.00,35.00,-34.85,37.88,-0.569,0.577,-2514,2442,7.59,255.2,90.183,98.874,1,1,1
5482362,4183,1,-35.00,35.00,-35.38,37.50,-0.566,0.577,-2539,2467,7.61,254.0,93.232,99.807,1,1,1
5492375,4193,1,-35.00,35.00,-35.75,37.68,-0.565,0.575,-2564,2493,7.60,253.0,93.659,100.745,1,1,1
5502383,4203,1,-35.00,35.00,-36.45,37.36,-0.563,0.576,-2590,2518,7.60,253.8,92.866,101.674,1,1,1
5512385,4213,1,-35.00,35.00,-37.38,37.14,-0.559,0.576,-2617,2543,7.61,252.0,90.427,102.579,1,1,1
5522397,4223,1,-35.00,35.00,-37.15,36.54,-0.559,0.578,-2642,2567,7.61,250.3,86.463,103.445,1,1,1
5532407,4233,1,-35.00,35.00,-35.24,36.57,-0.565,0.577,-2663,2592,7.61,250.0,85.610,104.301,1,1,1
5542413,4243,1,-35.00,35.00,-33.45,36.58,-0.571,0.575,-2683,2617,7.61,253.5,88.049,105.183,1,1,1
5552420,4253,1,-35.00,35.00,-33.53,37.47,-0.573,0.573,-2706,2644,7.59,256.0,88.232,106.066,1,1,1
5562422,4263,1,-35.00,35.00,-34.01,37.66,-0.571,0.570,-2730,2670,7.61,254.0,89.207,106.959,1,1,1
5572427,4273,1,-35.00,35.00,-34.36,38.23,-0.571,0.568,-2754,2697,7.61,252.8,94.085,107.900,1,1,1
5582435,4283,1,-35.00,35.00,-35.04,39.06,-0.569,0.565,-2779,2725,7.61,253.3,98.841,108.890,1,1,1
5592444,4293,1,-35.00,35.00,-35.07,39.21,-0.569,0.563,-2803,2752,7.61,251.0,99.573,109.886,1,1,1
5602446,4303,1,-35.00,35.00,-35.54,38.87,-0.568,0.565,-2828,2778,7.60,249.8,97.256,110.860,1,1,1
5612451,4313,1,-35.00,35.00,-35.42,38.20,-0.569,0.567,-2852,2803,7.61,248.8,96.098,111.821,1,1,1
5622459,4323,1,-35.00,35.00,-36.22,34.21,-0.565,0.580,-2878,2820,7.61,250.8,92.561,112.748,1,1,1
5632468,4333,1,-35.00,35.00,-35.02,33.61,-0.570,0.584,-2900,2842,7.59,254.2,88.049,113.629,1,1,1
5642481,4343,1,-35.00,35.00,-34.18,34.08,-0.571,0.581,-2922,2866,7.60,257.5,84.146,114.471,1,1,1
5652488,4353,1,-35.00,35.00,-34.04,35.72,-0.573,0.576,-2945,2893,7.60,258.0,82.988,115.302,1,1,1
5662499,4363,1,-35.00,35.00,-34.37,36.43,-0.572,0.573,-2969,2919,7.60,255.2,89.207,116.195,1,1,1
5672507,4373,1,-35.00,35.00,-34.61,37.37,-0.572,0.569,-2993,2946,7.60,253.8,95.793,117.154,1,1,1
5682513,4383,1,-35.00,35.00,-34.77,38.02,-0.572,0.566,-3017,2973,7.61,253.0,99.329,118.148,1,1,1
5692513,4393,1,-35.00,35.00,-35.33,38.04,-0.571,0.567,-3042,2999,7.60,252.8,100.793,119.157,1,1,1
5702522,4403,1,-35.00,35.00,-36.15,38.05,-0.568,0.567,-3068,3025,7.60,252.0,100.732,120.165,1,1,1
5712535,4413,1,-35.00,35.00,-36.73,34.99,-0.564,0.576,-3094,3044,7.61,249.0,100.061,121.166,1,1,1
5722537,4423,1,-35.00,35.00,-35.38,32.84,-0.568,0.584,-3116,3063,7.60,251.8,95.122,122.118,1,1,1
5732548,4433,1,-35.00,35.00,-34.44,32.66,-0.572,0.586,-3138,3085,7.59,255.2,87.866,122.998,1,1,1
5742559,4443,1,-35.00,35.00,-33.77,33.41,-0.573,0.583,-3160,3109,7.60,259.5,79.695,123.795,1,1,1
5752572,4453,1,-35.00,35.00,-33.75,34.37,-0.575,0.580,-3183,3134,7.60,258.5,80.122,124.597,1,1,1
5762574,4463,1,-35.00,35.00,-34.17,35.05,-0.574,0.578,-3207,3159,7.60,256.8,85.854,125.457,1,1,1
5772583,4473,1,-35.00,35.00,-34.47,34.64,-0.572,0.579,-3231,3182,7.60,258.0,91.463,126.372,1,1,1
5782583,4483,1,-35.00,35.00,-34.67,34.79,-0.572,0.579,-3255,3206,7.60,257.2,98.963,127.363,1,1,1
5792589,4493,1,-35.00,35.00,-34.82,34.46,-0.572,0.581,-3279,3229,7.59,256.8,97.866,128.342,1,1,1
5802607,4503,1,-35.00,35.00,-34.92,34.23,-0.572,0.582,-3303,3252,7.59,257.8,94.878,129.292,1,1,1
5812618,4513,1,-35.00,35.00,-34.99,33.63,-0.571,0.584,-3327,3274,7.60,258.5,92.378,130.216,1,1,1
5822624,4523,1,-35.00,35.00,-34.60,33.21,-0.571,0.585,-3350,3296,7.60,259.2,91.463,131.132,1,1,1
5832630,4533,1,-35.00,35.00,-34.33,33.35,-0.573,0.586,-3373,3319,7.60,259.0,89.512,132.028,1,1,1
5842640,4543,1,-35.00,35.00,-33.70,33.46,-0.575,0.585,-3395,3342,7.61,260.0,87.378,132.902,1,1,1
5852640,4553,1,-35.00,35.00,-33.26,33.97,-0.577,0.584,-3417,3366,7.59,260.8,90.915,133.812,1,1,1
5862645,4563,1,-35.00,35.00,-33.83,33.88,-0.575,0.584,-3441,3389,7.60,262.8,95.793,134.771,1,1,1
5872648,4573,1,-35.00,35.00,-33.79,33.83,-0.576,0.585,-3464,3412,7.60,261.8,99.573,135.767,1,1,1
5882652,4583,1,-35.00,35.00,-34.20,33.79,-0.575,0.585,-3488,3435,7.60,261.5,101.159,136.780,1,1,1
5892655,4593,1,-35.00,35.00,-34.48,35.08,-0.574,0.582,-3512,3461,7.60,262.0,100.244,137.783,1,1,1
5902668,4603,1,-35.00,35.00,-34.69,33.34,-0.574,0.588,-3536,3481,7.59,259.0,98.171,138.766,1,1,1
5912668,4613,1,-35.00,35.00,-35.27,32.57,-0.571,0.591,-3561,3502,7.60,262.0,93.720,139.704,1,1,1
5922678,4623,1,-35.00,35.00,-34.35,32.90,-0.574,0.590,-3583,3525,7.60,261.5,89.878,140.603,1,1,1
5932685,4633,1,-35.00,35.00,-33.28,33.14,-0.578,0.590,-3604,3548,7.60,263.0,87.500,141.479,1,1,1
5942685,4643,1,-35.00,35.00,-32.96,33.75,-0.580,0.589,-3626,3572,7.59,265.0,90.671,142.387,1,1,1
5952698,4653,1,-35.00,35.00,-33.62,34.17,-0.578,0.587,-3650,3596,7.60,264.5,96.951,143.357,1,1,1
5962712,4663,1,-35.00,35.00,-34.08,34.03,-0.577,0.588,-3674,3619,7.60,263.2,101.829,144.376,1,1,1
5972715,4673,1,-35.00,35.00,-33.96,33.93,-0.578,0.589,-3697,3642,7.59,262.8,102.317,145.400,1,1,1
5982728,4683,1,-35.00,35.00,-34.32,33.42,-0.576,0.591,-3721,3664,7.60,263.8,100.671,146.407,1,1,1
5992728,4693,1,-35.00,35.00,-34.13,32.62,-0.577,0.594,-3744,3685,7.59,262.8,99.939,147.408,1,1,1
6002731,4703,1,-35.00,35.00,-35.32,32.50,-0.573,0.597,-3770,3707,7.59,265.2,97.317,148.382,1,1,1
6012736,4713,1,-35.00,35.00,-35.27,32.86,-0.572,0.595,-3794,3730,7.61,262.8,93.841,149.321,1,1,1
6022744,4723,1,-35.00,35.00,-34.36,33.11,-0.575,0.595,-3816,3753,7.60,262.5,92.134,150.243,1,1,1
6032758,4733,1,-35.00,35.00,-33.72,34.16,-0.579,0.592,-3838,3778,7.59,264.2,91.951,151.163,1,1,1
6042767,4743,1,-35.00,35.00,-34.15,34.02,-0.577,0.593,-3862,3801,7.60,265.8,96.159,152.126,1,1,1
6052769,4753,1,-35.00,35.00,-34.45,33.92,-0.577,0.594,-3886,3824,7.59,266.8,100.671,153.133,1,1,1
6062776,4763,1,-35.00,35.00,-34.66,33.85,-0.575,0.594,-3910,3847,7.60,263.8,103.110,154.165,1,1,1
6072789,4773,1,-35.00,35.00,-35.25,33.36,-0.573,0.596,-3935,3869,7.60,263.8,102.988,155.196,1,1,1
6082789,4783,1,-35.00,35.00,-34.78,33.02,-0.574,0.598,-3958,3891,7.60,264.0,101.402,156.211,1,1,1
6092791,4793,1,-35.00,35.00,-34.46,32.78,-0.575,0.599,-3981,3913,7.60,265.5,97.988,157.191,1,1,1
6102804,4803,1,-35.00,35.00,-34.23,33.50,-0.577,0.597,-4004,3937,7.59,267.0,90.061,158.093,1,1,1
6112815,4813,1,-35.00,35.00,-34.07,33.12,-0.577,0.598,-4027,3959,7.59,266.5,85.244,158.946,1,1,1
6122819,4823,1,-35.00,35.00,-34.39,33.29,-0.576,0.597,-4051,3982,7.60,267.5,89.878,159.846,1,1,1
6132819,4833,1,-35.00,35.00,-34.62,32.97,-0.576,0.599,-4075,4004,7.59,268.5,98.354,160.830,1,1,1
6142822,4843,1,-35.00,35.00,-34.34,33.19,-0.576,0.598,-4098,4027,7.60,268.5,102.500,161.856,1,1,1
6152827,4853,1,-35.00,35.00,-34.15,32.90,-0.577,0.599,-4121,4049,7.59,266.8,102.195,162.879,1,1,1
6162827,4863,1,-35.00,35.00,-34.01,33.14,-0.577,0.599,-4144,4072,7.59,267.2,100.793,163.887,1,1,1
6172830,4873,1,-35.00,35.00,-33.91,32.42,-0.577,0.601,-4167,4093,7.60,267.2,99.329,164.881,1,1,1
6182835,4883,1,-35.00,35.00,-33.41,32.36,-0.579,0.602,-4189,4115,7.59,267.8,98.963,165.872,1,1,1
6192835,4893,1,-35.00,35.00,-33.93,32.76,-0.577,0.601,-4213,4138,7.59,269.5,99.451,166.867,1,1,1
6202837,4903,1,-35.00,35.00,-34.30,33.48,-0.575,0.598,-4237,4162,7.60,267.8,99.451,167.863,1,1,1
6212837,4913,1,-35.00,35.00,-34.12,33.54,-0.577,0.598,-4260,4185,7.59,266.5,101.280,168.876,1,1,1
6222845,4923,1,-35.00,35.00,-34.43,34.03,-0.575,0.597,-4284,4209,7.59,267.8,105.915,169.936,1,1,1
6232852,4933,1,-35.00,35.00,-34.21,34.37,-0.577,0.596,-4307,4233,7.59,265.0,109.207,171.029,1,1,1
6242860,4943,1,-35.00,35.00,-33.61,35.04,-0.578,0.593,-4329,4258,7.59,265.8,108.171,172.111,1,1,1
6252873,4953,1,-35.00,35.00,-33.64,35.96,-0.579,0.589,-4352,4284,7.59,265.8,104.878,173.161,1,1,1
6262873,4963,1,-35.00,35.00,-34.09,35.72,-0.577,0.589,-4376,4308,7.60,264.2,102.500,174.187,1,1,1
6272873,4973,1,-35.00,35.00,-34.41,35.99,-0.576,0.588,-4400,4333,7.61,262.5,104.756,175.235,1,1,1
6282886,4983,1,-35.00,35.00,-34.64,34.42,-0.575,0.593,-4424,4354,7.60,261.0,107.134,176.307,1,1,1
6292897,4993,1,-35.00,35.00,-36.99,32.88,-0.565,0.599,-4453,4374,7.61,264.0,105.122,177.359,1,1,1
6302906,5003,1,-35.00,35.00,-34.68,33.13,-0.574,0.600,-4473,4397,7.59,261.2,97.500,178.335,1,1,1
6312913,5013,1,-35.00,35.00,-33.94,33.30,-0.577,0.599,-4495,4420,7.59,264.5,88.720,179.223,1,1,1
6322913,5023,1,-35.00,35.00,-33.87,34.29,-0.577,0.595,-4518,4445,7.60,266.0,88.720,180.111,1,1,1
6332921,5033,1,-35.00,35.00,-34.26,34.99,-0.575,0.592,-4542,4470,7.61,264.8,95.122,181.063,1,1,1
6342921,5043,1,-35.00,35.00,-34.53,35.48,-0.575,0.591,-4566,4495,7.60,262.2,102.012,182.084,1,1,1
6352933,5053,1,-35.00,35.00,-35.15,36.26,-0.573,0.588,-4591,4521,7.60,262.8,105.122,183.136,1,1,1
6362940,5063,1,-35.00,35.00,-34.72,36.37,-0.575,0.587,-4614,4546,7.60,260.8,104.024,184.177,1,1,1
6372941,5073,1,-35.00,35.00,-34.85,34.69,-0.574,0.592,-4638,4567,7.60,261.2,103.354,185.212,1,1,1
6382949,5083,1,-35.00,35.00,-35.82,33.51,-0.570,0.598,-4664,4588,7.60,261.2,100.488,186.217,1,1,1
6392964,5093,1,-35.00,35.00,-35.62,34.00,-0.571,0.596,-4688,4612,7.60,261.5,95.366,187.172,1,1,1
6402966,5103,1,-35.00,35.00,-34.16,34.35,-0.576,0.595,-4709,4636,7.59,261.8,92.317,188.096,1,1,1
6412979,5113,1,-35.00,35.00,-33.58,35.47,-0.578,0.591,-4731,4662,7.60,264.8,92.805,189.025,1,1,1
6422982,5123,1,-35.00,35.00,-34.05,36.69,-0.577,0.586,-4755,4689,7.60,264.0,96.463,189.990,1,1,1
6432986,5133,1,-35.00,35.00,-33.95,37.11,-0.578,0.583,-4778,4715,7.60,262.5,101.098,191.002,1,1,1
6442994,5143,1,-35.00,35.00,-34.31,36.96,-0.578,0.584,-4802,4740,7.59,260.8,105.305,192.056,1,1,1
6453004,5154,1,-35.00,35.00,-34.12,38.18,-0.578,0.578,-4825,4768,7.60,262.8,106.098,193.118,1,1,1
6463009,5164,1,-35.00,35.00,-34.43,38.59,-0.578,0.576,-4849,4795,7.60,259.0,105.183,194.170,1,1,1
6473019,5174,1,-35.00,35.00,-34.65,35.36,-0.577,0.586,-4873,4814,7.60,256.5,104.512,195.216,1,1,1
6483027,5184,1,-35.00,35.00,-36.12,33.98,-0.571,0.591,-4900,4835,7.60,262.8,101.098,196.228,1,1,1
6493031,5194,1,-35.00,35.00,-34.51,33.90,-0.577,0.592,-4921,4858,7.59,260.2,94.878,197.177,1,1,1
6503031,5204,1,-35.00,35.00,-33.39,34.71,-0.580,0.589,-4942,4883,7.60,264.8,89.146,198.070,1,1,1
6513031,5214,1,-35.00,35.00,-33.04,35.72,-0.582,0.585,-4964,4909,7.60,264.0,90.671,198.977,1,1,1
6523034,5224,1,-35.00,35.00,-33.23,35.99,-0.582,0.584,-4987,4934,7.60,264.0,94.451,199.923,1,1,1
6533038,5234,1,-35.00,35.00,-33.81,37.06,-0.580,0.579,-5011,4961,7.60,263.8,98.293,200.906,1,1,1
6543049,5244,1,-35.00,35.00,-34.21,37.37,-0.580,0.578,-5035,4987,7.60,259.5,100.183,201.909,1,1,1
6553053,5254,1,-35.00,35.00,-34.50,36.70,-0.578,0.579,-5059,5011,7.60,258.0,97.927,202.889,1,1,1
6563055,5264,1,-35.00,35.00,-34.26,35.80,-0.579,0.581,-5082,5034,7.60,258.2,96.037,203.850,1,1,1
6573064,5274,1,-35.00,35.00,-34.97,35.17,-0.577,0.584,-5107,5057,7.60,260.5,95.732,204.808,1,1,1
6583072,5284,1,-35.00,35.00,-36.34,34.29,-0.573,0.589,-5134,5079,7.58,260.2,95.427,205.763,1,1,1
6593085,5294,1,-35.00,35.00,-35.11,33.67,-0.576,0.590,-5156,5101,7.59,261.0,96.280,206.727,1,1,1
6603085,5304,1,-35.00,35.00,-33.80,34.55,-0.580,0.587,-5177,5126,7.60,263.8,99.329,207.721,1,1,1
6613085,5314,1,-35.00,35.00,-33.33,35.61,-0.582,0.582,-5199,5152,7.60,263.2,98.720,208.709,1,1,1
6623088,5324,1,-35.00,35.00,-33.88,36.79,-0.581,0.578,-5223,5179,7.60,260.5,100.244,209.712,1,1,1
6633088,5334,1,-35.00,35.00,-34.26,38.06,-0.580,0.573,-5247,5207,7.60,260.5,101.585,210.729,1,1,1
6643095,5344,1,-35.00,35.00,-34.97,37.63,-0.578,0.573,-5272,5232,7.61,258.2,99.817,211.728,1,1,1
6653100,5354,1,-35.00,35.00,-35.03,36.89,-0.578,0.575,-5296,5256,7.60,258.2,95.854,212.687,1,1,1
6663104,5364,1,-35.00,35.00,-35.06,35.49,-0.577,0.579,-5320,5278,7.60,257.8,92.317,213.611,1,1,1
6673116,5374,1,-35.00,35.00,-35.09,33.19,-0.578,0.589,-5344,5297,7.59,257.0,89.451,214.507,1,1,1
6683128,5384,1,-35.00,35.00,-35.55,32.46,-0.575,0.591,-5369,5318,7.60,263.0,87.683,215.384,1,1,1
6693131,5394,1,-35.00,35.00,-34.99,32.39,-0.576,0.592,-5392,5340,7.60,261.8,86.037,216.246,1,1,1
6703141,5404,1,-35.00,35.00,-34.60,33.22,-0.578,0.590,-5415,5364,7.60,264.0,84.024,217.087,1,1,1
6713141,5414,1,-35.00,35.00,-31.25,34.24,-0.590,0.586,-5431,5389,7.59,262.8,87.378,217.961,1,1,1
6723141,5424,1,-35.00,35.00,-35.50,34.08,-0.575,0.588,-5462,5412,7.60,267.2,92.256,218.885,1,1,1
6733147,5434,1,-35.00,35.00,-35.40,34.40,-0.576,0.588,-5486,5436,7.59,262.0,96.524,219.851,1,1,1
6743150,5444,1,-35.00,35.00,-35.32,35.51,-0.576,0.583,-5510,5462,7.60,261.8,99.939,220.851,1,1,1
6753163,5454,1,-35.00,35.00,-35.27,34.96,-0.576,0.585,-5534,5485,7.60,259.2,99.329,221.845,1,1,1
6763165,5464,1,-35.00,35.00,-35.68,33.70,-0.575,0.591,-5559,5506,7.59,261.8,95.549,222.801,1,1,1
6773178,5474,1,-35.00,35.00,-37.28,33.26,-0.569,0.594,-5587,5528,7.58,263.2,93.171,223.734,1,1,1
6783178,5484,1,-35.00,35.00,-35.32,32.95,-0.573,0.594,-5608,5550,7.60,260.0,92.744,224.662,1,1,1
6793185,5494,1,-35.00,35.00,-33.96,33.61,-0.579,0.592,-5629,5574,7.59,263.2,92.012,225.583,1,1,1
6803186,5504,1,-35.00,35.00,-33.88,34.07,-0.579,0.591,-5652,5598,7.59,265.0,89.024,226.474,1,1,1
6813193,5514,1,-35.00,35.00,-34.26,33.52,-0.578,0.593,-5676,5620,7.60,265.2,89.268,227.367,1,1,1
6823203,5524,1,-35.00,35.00,-34.53,34.01,-0.577,0.592,-5700,5644,7.60,265.8,90.122,228.269,1,1,1
6833210,5534,1,-35.00,35.00,-34.72,33.92,-0.577,0.593,-5724,5667,7.59,264.8,91.646,229.187,1,1,1
6843222,5544,1,-35.00,35.00,-35.29,33.85,-0.574,0.593,-5749,5690,7.60,265.5,90.671,230.094,1,1,1
6853232,5554,1,-35.00,35.00,-35.69,33.80,-0.573,0.594,-5774,5713,7.59,263.8,88.841,230.983,1,1,1
6863238,5564,1,-35.00,35.00,-36.41,33.77,-0.570,0.594,-5800,5736,7.60,262.8,88.354,231.868,1,1,1
6873238,5574,1,-35.00,35.00,-34.71,33.31,-0.575,0.596,-5821,5758,7.60,260.5,89.085,232.759,1,1,1
6883238,5584,1,-35.00,35.00,-33.97,33.42,-0.578,0.596,-5843,5781,7.60,265.2,90.854,233.669,1,1,1
6893249,5594,1,-35.00,35.00,-33.88,33.94,-0.578,0.594,-5866,5805,7.60,266.8,90.427,234.574,1,1,1
6903253,5604,1,-35.00,35.00,-34.27,33.43,-0.577,0.596,-5890,5827,7.60,265.5,91.280,235.488,1,1,1
6913256,5614,1,-35.00,35.00,-34.97,33.51,-0.575,0.596,-5915,5850,7.60,266.8,94.451,236.433,1,1,1
6923264,5624,1,-35.00,35.00,-35.03,33.56,-0.575,0.597,-5939,5873,7.59,265.8,96.098,237.395,1,1,1
6933264,5634,1,-35.00,35.00,-35.07,33.60,-0.574,0.596,-5963,5896,7.60,265.0,95.732,238.353,1,1,1
6943271,5644,1,-35.00,35.00,-35.97,34.07,-0.571,0.596,-5989,5920,7.59,264.5,94.268,239.296,1,1,1
6953271,5654,1,-35.00,35.00,-37.05,33.95,-0.567,0.596,-6016,5943,7.60,263.5,92.744,240.225,1,1,1
6963277,5664,1,-35.00,35.00,-37.36,34.32,-0.564,0.595,-6042,5967,7.60,260.5,91.646,241.142,1,1,1
6973279,5674,1,-35.00,35.00,-36.70,34.57,-0.567,0.595,-6066,5991,7.59,258.2,91.768,242.060,1,1,1
6983292,5684,1,-35.00,35.00,-34.04,34.74,-0.576,0.594,-6085,6015,7.59,259.0,93.537,242.996,1,1,1
6993298,5694,1,-35.00,35.00,-33.49,35.31,-0.577,0.591,-6107,6040,7.60,263.5,93.598,243.933,1,1,1
7003307,5704,1,-35.00,35.00,-33.99,34.82,-0.576,0.593,-6131,6063,7.59,264.5,89.878,244.833,1,1,1
7013310,5714,1,-35.00,35.00,-34.78,34.92,-0.574,0.593,-6156,6087,7.60,263.8,90.183,245.735,1,1,1
7023310,5724,1,-35.00,35.00,-35.33,34.99,-0.572,0.592,-6181,6111,7.60,262.8,91.707,246.653,1,1,1
7033323,5734,1,-35.00,35.00,-35.72,35.04,-0.571,0.593,-6206,6135,7.59,262.2,91.524,247.569,1,1,1
7043329,5744,1,-35.00,35.00,-37.31,35.52,-0.564,0.591,-6234,6160,7.60,262.8,90.305,248.473,1,1,1
7053329,5754,1,-35.00,35.00,-38.42,35.41,-0.560,0.592,-6262,6184,7.60,258.8,89.512,249.369,1,1,1
7063329,5764,1,-35.00,35.00,-36.56,35.77,-0.566,0.591,-6284,6209,7.59,257.5,91.402,250.284,1,1,1
7073332,5774,1,-35.00,35.00,-34.82,35.59,-0.571,0.590,-6305,6233,7.60,258.2,95.244,251.237,1,1,1
7083344,5784,1,-35.00,35.00,-34.04,36.34,-0.574,0.587,-6327,6259,7.60,261.8,94.634,252.184,1,1,1
7093347,5794,1,-35.00,35.00,-34.38,36.42,-0.573,0.586,-6351,6284,7.60,260.8,90.732,253.093,1,1,1
7103359,5804,1,-35.00,35.00,-35.49,36.04,-0.571,0.588,-6377,6308,7.59,261.5,91.829,254.012,1,1,1
7113370,5814,1,-35.00,35.00,-35.83,35.78,-0.569,0.588,-6402,6332,7.60,260.0,95.671,254.969,1,1,1
7123377,5824,1,-35.00,35.00,-36.07,36.47,-0.568,0.586,-6427,6358,7.59,258.2,97.622,255.946,1,1,1
7133385,5834,1,-35.00,35.00,-37.11,36.51,-0.564,0.585,-6454,6383,7.60,256.8,96.463,256.912,1,1,1
7143385,5844,1,-35.00,35.00,-37.84,36.11,-0.561,0.587,-6481,6407,7.59,254.5,93.110,257.844,1,1,1
7153385,5854,1,-35.00,35.00,-37.04,36.26,-0.563,0.586,-6505,6432,7.59,255.5,89.207,258.736,1,1,1
7163392,5864,1,-35.00,35.00,-34.72,36.37,-0.570,0.585,-6525,6457,7.60,255.8,88.902,259.626,1,1,1
7173401,5874,1,-35.00,35.00,-33.97,36.88,-0.574,0.582,-6547,6483,7.59,258.8,90.427,260.531,1,1,1
7183405,5884,1,-35.00,35.00,-34.32,37.24,-0.573,0.580,-6571,6509,7.59,258.2,89.146,261.424,1,1,1
7193413,5894,1,-35.00,35.00,-34.57,37.50,-0.572,0.578,-6595,6535,7.60,258.0,90.061,262.325,1,1,1
7203420,5904,1,-35.00,35.00,-35.19,37.23,-0.570,0.578,-6620,6560,7.60,257.5,92.256,263.248,1,1,1
7213429,5914,1,-35.00,35.00,-35.62,37.05,-0.569,0.579,-6645,6585,7.60,255.8,93.110,264.180,1,1,1
7223442,5924,1,-35.00,35.00,-35.92,37.36,-0.568,0.577,-6670,6611,7.59,256.5,93.171,265.113,1,1,1
7233444,5934,1,-35.00,35.00,-37.01,36.70,-0.564,0.579,-6697,6635,7.60,256.2,93.415,266.048,1,1,1
7243451,5944,1,-35.00,35.00,-38.21,36.68,-0.558,0.578,-6725,6660,7.61,254.8,90.915,266.958,1,1,1
7253465,5954,1,-35.00,35.00,-37.73,36.66,-0.559,0.578,-6750,6685,7.61,250.8,88.537,267.844,1,1,1
7263476,5964,1,-35.00,35.00,-36.08,36.65,-0.565,0.577,-6772,6710,7.60,251.5,90.854,268.753,1,1,1
7273489,5974,1,-35.00,35.00,-33.17,36.64,-0.574,0.576,-6790,6735,7.61,254.8,93.963,269.694,1,1,1
7283495,5984,1,-35.00,35.00,-32.45,37.07,-0.579,0.574,-6811,6761,7.60,256.2,91.951,270.614,1,1,1
7293498,5994,1,-35.00,35.00,-33.70,37.82,-0.575,0.570,-6836,6788,7.61,257.0,90.122,271.516,1,1,1
7303511,6004,1,-35.00,35.00,-34.14,39.22,-0.576,0.565,-6860,6817,7.59,254.8,94.085,272.458,1,1,1
7313513,6014,1,-35.00,35.00,-34.88,39.32,-0.573,0.562,-6885,6844,7.60,255.0,94.451,273.403,1,1,1
7323522,6024,1,-35.00,35.00,-35.40,38.95,-0.571,0.563,-6910,6870,7.60,252.3,95.305,274.357,1,1,1
7333526,6034,1,-35.00,35.00,-35.33,38.25,-0.571,0.565,-6934,6895,7.61,250.5,94.207,275.300,1,1,1
7343529,6044,1,-35.00,35.00,-36.16,34.25,-0.568,0.579,-6960,6912,7.60,251.0,90.671,276.207,1,1,1
7353542,6054,1,-35.00,35.00,-37.17,32.76,-0.563,0.584,-6987,6932,7.61,256.5,85.061,277.059,1,1,1
7363552,6064,1,-35.00,35.00,-35.25,33.48,-0.569,0.582,-7008,6956,7.60,254.8,81.402,277.874,1,1,1
7373565,6074,1,-35.00,35.00,-33.90,35.30,-0.575,0.577,-7029,6983,7.59,256.2,84.329,278.718,1,1,1
7383565,6084,1,-35.00,35.00,-33.40,36.14,-0.577,0.573,-7051,7009,7.60,257.0,90.732,279.626,1,1,1
7393571,6094,1,-35.00,35.00,-34.37,37.16,-0.574,0.568,-7076,7036,7.61,257.8,93.963,280.566,1,1,1
7403571,6104,1,-35.00,35.00,-35.04,37.88,-0.573,0.566,-7101,7063,7.60,254.0,95.549,281.523,1,1,1
7413574,6114,1,-35.00,35.00,-35.08,37.06,-0.572,0.568,-7125,7087,7.61,252.3,96.890,282.492,1,1,1
7423587,6124,1,-35.00,35.00,-35.54,36.05,-0.571,0.572,-7150,7110,7.60,253.8,97.744,283.471,1,1,1
7433587,6134,1,-35.00,35.00,-36.74,34.02,-0.566,0.580,-7177,7130,7.60,254.5,95.061,284.422,1,1,1
7443587,6144,1,-35.00,35.00,-38.46,32.17,-0.559,0.587,-7206,7149,7.60,256.2,89.146,285.314,1,1,1
7453598,6154,1,-35.00,35.00,-34.84,32.18,-0.570,0.587,-7224,7171,7.60,256.0,85.732,286.172,1,1,1
7463615,6164,1,-35.00,35.00,-33.17,33.52,-0.577,0.583,-7244,7196,7.59,259.2,83.659,287.010,1,1,1
7473622,6174,1,-35.00,35.00,-32.89,34.89,-0.577,0.577,-7266,7222,7.61,262.8,84.024,287.851,1,1,1
7483630,6184,1,-35.00,35.00,-33.57,34.97,-0.577,0.578,-7290,7246,7.60,260.0,88.049,288.732,1,1,1
7493637,6194,1,-35.00,35.00,-34.05,35.02,-0.575,0.578,-7314,7270,7.60,259.5,94.085,289.674,1,1,1
7503637,6204,1,-35.00,35.00,-34.38,34.18,-0.574,0.581,-7338,7292,7.60,260.8,97.195,290.646,1,1,1
7513648,6214,1,-35.00,35.00,-35.05,34.04,-0.571,0.582,-7363,7315,7.60,260.2,97.134,291.619,1,1,1
7523660,6224,1,-35.00,35.00,-35.52,33.93,-0.570,0.583,-7388,7338,7.60,259.0,95.671,292.576,1,1,1
7533668,6234,1,-35.00,35.00,-35.85,33.42,-0.567,0.584,-7413,7360,7.61,259.0,94.390,293.521,1,1,1
7543668,6244,1,-35.00,35.00,-35.64,33.06,-0.568,0.587,-7437,7382,7.60,259.5,93.720,294.459,1,1,1
7553678,6254,1,-35.00,35.00,-34.18,32.81,-0.573,0.588,-7458,7404,7.60,260.0,92.805,295.388,1,1,1
7563685,6264,1,-35.00,35.00,-33.15,33.08,-0.578,0.588,-7479,7427,7.59,261.5,87.683,296.265,1,1,1
7573693,6274,1,-35.00,35.00,-32.88,33.26,-0.579,0.587,-7501,7450,7.60,264.2,84.817,297.114,1,1,1
7583698,6284,1,-35.00,35.00,-33.12,33.39,-0.579,0.588,-7524,7473,7.59,263.2,88.049,297.996,1,1,1
7593712,6294,1,-35.00,35.00,-33.73,33.04,-0.577,0.590,-7548,7495,7.59,265.8,92.988,298.926,1,1,1
7603716,6304,1,-35.00,35.00,-33.72,33.24,-0.577,0.589,-7571,7518,7.60,266.0,97.439,299.901,1,1,1
7613724,6314,1,-35.00,35.00,-34.15,33.37,-0.576,0.589,-7595,7541,7.60,265.2,99.207,300.894,1,1,1
7623731,6324,1,-35.00,35.00,-34.45,33.03,-0.575,0.591,-7619,7563,7.60,263.5,97.317,301.868,1,1,1
7633744,6334,1,-35.00,35.00,-35.10,32.79,-0.572,0.593,-7644,7585,7.60,265.2,93.537,302.805,1,1,1
7643751,6344,1,-35.00,35.00,-35.12,32.18,-0.572,0.596,-7668,7606,7.59,265.0,91.159,303.717,1,1,1
7653758,6354,1,-35.00,35.00,-33.81,32.63,-0.576,0.595,-7689,7629,7.59,265.0,91.098,304.629,1,1,1
7663761,6364,1,-35.00,35.00,-32.90,33.39,-0.579,0.592,-7710,7653,7.61,266.0,90.122,305.531,1,1,1
7673761,6374,1,-35.00,35.00,-32.70,33.92,-0.582,0.591,-7732,7677,7.59,267.2,92.317,306.455,1,1,1
7683774,6384,1,-35.00,35.00,-33.43,33.41,-0.579,0.593,-7756,7699,7.60,267.2,97.561,307.431,1,1,1
7693774,6394,1,-35.00,35.00,-33.95,33.06,-0.578,0.595,-7780,7721,7.60,267.2,103.354,308.465,1,1,1
7703788,6404,1,-35.00,35.00,-34.31,33.25,-0.577,0.595,-7804,7744,7.59,267.8,105.061,309.517,1,1,1
7713797,6414,1,-35.00,35.00,-34.57,33.38,-0.576,0.596,-7828,7767,7.59,265.2,104.329,310.561,1,1,1
7723806,6424,1,-35.00,35.00,-36.06,33.03,-0.570,0.597,-7855,7789,7.60,265.2,103.415,311.596,1,1,1
7733819,6434,1,-35.00,35.00,-36.67,32.79,-0.569,0.601,-7881,7811,7.58,263.8,100.122,312.598,1,1,1
7743830,6444,1,-35.00,35.00,-35.34,32.62,-0.571,0.600,-7903,7833,7.60,266.2,97.866,313.577,1,1,1
7753835,6454,1,-35.00,35.00,-33.52,32.94,-0.577,0.598,-7923,7856,7.60,265.0,93.659,314.515,1,1,1
7763842,6464,1,-35.00,35.00,-32.70,33.17,-0.581,0.597,-7944,7879,7.59,266.2,89.329,315.409,1,1,1
7773850,6474,1,-35.00,35.00,-32.99,32.89,-0.581,0.599,-7967,7901,7.59,267.5,88.841,316.298,1,1,1
7783850,6484,1,-35.00,35.00,-34.08,32.25,-0.578,0.601,-7992,7922,7.59,270.0,92.439,317.223,1,1,1
7793860,6494,1,-35.00,35.00,-34.40,32.24,-0.575,0.601,-8016,7944,7.60,269.2,97.561,318.200,1,1,1
7803862,6504,1,-35.00,35.00,-35.07,31.36,-0.573,0.605,-8041,7964,7.59,266.2,100.671,319.207,1,1,1
7813875,6514,1,-35.00,35.00,-34.66,32.06,-0.574,0.602,-8064,7987,7.59,270.0,100.793,320.216,1,1,1
7823882,6524,1,-35.00,35.00,-33.49,32.99,-0.578,0.599,-8085,8011,7.59,268.0,95.915,321.176,1,1,1
7833882,6534,1,-35.00,35.00,-33.99,33.20,-0.576,0.599,-8109,8034,7.59,269.0,88.049,322.057,1,1,1
7843895,6544,1,-35.00,35.00,-33.90,32.91,-0.577,0.600,-8132,8056,7.59,268.5,85.915,322.917,1,1,1
7853906,6554,1,-35.00,35.00,-34.28,32.26,-0.576,0.603,-8156,8077,7.58,269.5,87.805,323.796,1,1,1
7863913,6564,1,-35.00,35.00,-33.66,32.25,-0.577,0.602,-8178,8099,7.59,271.5,91.037,324.707,1,1,1
7873918,6574,1,-35.00,35.00,-33.67,32.68,-0.577,0.601,-8201,8122,7.60,271.8,95.000,325.658,1,1,1
7883926,6584,1,-35.00,35.00,-34.12,32.55,-0.575,0.601,-8225,8144,7.60,269.8,99.268,326.652,1,1,1
7893936,6594,1,-35.00,35.00,-33.55,32.45,-0.577,0.602,-8247,8166,7.59,269.5,101.951,327.672,1,1,1
7903936,6604,1,-35.00,35.00,-33.15,32.38,-0.578,0.602,-8269,8188,7.60,271.5,102.805,328.701,1,1,1
7913940,6614,1,-35.00,35.00,-32.87,32.34,-0.579,0.602,-8291,8210,7.60,270.2,103.476,329.736,1,1,1
7923943,6624,1,-35.00,35.00,-33.12,32.74,-0.578,0.601,-8314,8233,7.60,271.0,102.622,330.763,1,1,1
7933943,6634,1,-35.00,35.00,-33.73,32.59,-0.576,0.602,-8338,8255,7.59,268.8,100.610,331.770,1,1,1
7943948,6644,1,-35.00,35.00,-34.16,32.04,-0.575,0.605,-8362,8276,7.59,270.5,99.268,332.764,1,1,1
7953958,6654,1,-35.00,35.00,-34.02,32.54,-0.575,0.602,-8385,8299,7.60,270.8,101.585,333.780,1,1,1
7963966,6664,1,-35.00,35.00,-33.92,32.88,-0.576,0.602,-8408,8322,7.59,268.2,104.634,334.828,1,1,1
7973973,6674,1,-35.00,35.00,-33.41,33.56,-0.577,0.599,-8430,8346,7.59,268.2,104.756,335.876,1,1,1
7983986,6684,1,-35.00,35.00,-33.50,34.04,-0.577,0.598,-8453,8370,7.59,268.2,102.012,336.897,1,1,1
7993988,6694,1,-35.00,35.00,-33.55,34.38,-0.577,0.597,-8476,8394,7.59,267.2,99.024,337.888,1,1,1
8003997,6704,1,-35.00,35.00,-33.60,33.73,-0.577,0.598,-8499,8416,7.59,266.5,100.244,338.891,1,1,1
8013997,6714,1,-35.00,35.00,-34.06,33.28,-0.574,0.600,-8523,8438,7.60,267.0,103.110,339.923,1,1,1
8024008,6725,1,-35.00,35.00,-36.15,32.52,-0.567,0.603,-8551,8459,7.60,266.0,103.902,340.963,1,1,1
8034012,6735,1,-35.00,35.00,-34.97,32.87,-0.571,0.602,-8573,8482,7.59,264.0,100.732,341.971,1,1,1
8044024,6745,1,-35.00,35.00,-34.15,34.00,-0.574,0.598,-8595,8507,7.59,265.2,95.915,342.931,1,1,1
8054032,6755,1,-35.00,35.00,-33.57,34.35,-0.576,0.597,-8617,8531,7.60,265.5,93.415,343.866,1,1,1
8064042,6765,1,-35.00,35.00,-33.61,34.59,-0.576,0.596,-8640,8555,7.59,266.0,93.110,344.798,1,1,1
8074047,6775,1,-35.00,35.00,-33.63,34.76,-0.577,0.596,-8663,8579,7.59,266.0,94.207,345.741,1,1,1
8084047,6785,1,-35.00,35.00,-34.53,34.44,-0.573,0.596,-8688,8602,7.60,264.5,98.476,346.726,1,1,1
8094053,6795,1,-35.00,35.00,-34.72,34.21,-0.572,0.597,-8712,8625,7.60,264.5,101.402,347.741,1,1,1
8104055,6805,1,-35.00,35.00,-34.41,34.06,-0.574,0.598,-8735,8648,7.59,265.0,102.805,348.770,1,1,1
8114057,6815,1,-35.00,35.00,-34.63,33.95,-0.572,0.598,-8759,8671,7.60,265.0,103.537,349.806,1,1,1
8124062,6825,1,-35.00,35.00,-36.11,34.31,-0.567,0.598,-8786,8695,7.60,263.2,101.463,350.822,1,1,1
8134062,6835,1,-35.00,35.00,-34.07,34.56,-0.574,0.596,-8806,8719,7.60,263.8,99.817,351.821,1,1,1
8144070,6845,1,-35.00,35.00,-33.51,35.18,-0.577,0.594,-8828,8744,7.59,265.0,96.524,352.787,1,1,1
8154079,6855,1,-35.00,35.00,-33.13,35.61,-0.578,0.592,-8850,8769,7.59,264.0,94.939,353.737,1,1,1
8164079,6865,1,-35.00,35.00,-33.30,35.92,-0.578,0.591,-8873,8794,7.59,265.0,97.317,354.711,1,1,1
8174084,6875,1,-35.00,35.00,-33.42,35.69,-0.578,0.591,-8896,8818,7.60,265.0,101.220,355.724,1,1,1
8184085,6885,1,-35.00,35.00,-33.94,35.53,-0.576,0.592,-8920,8842,7.59,265.8,105.427,356.779,1,1,1
8194095,6895,1,-35.00,35.00,-34.30,35.86,-0.575,0.590,-8944,8867,7.59,264.5,108.049,357.860,1,1,1
8204095,6905,1,-35.00,35.00,-35.88,36.09,-0.569,0.589,-8971,8892,7.60,262.2,109.390,358.955,1,1,1
8214100,6915,1,-35.00,35.00,-36.54,34.93,-0.567,0.593,-8997,8914,7.60,259.8,107.012,360.026,1,1,1
8224110,6925,1,-35.00,35.00,-34.81,34.12,-0.573,0.597,-9018,8936,7.59,261.5,100.915,361.036,1,1,1
8234117,6935,1,-35.00,35.00,-32.71,34.87,-0.580,0.593,-9037,8961,7.59,263.8,93.110,361.968,1,1,1
8244117,6945,1,-35.00,35.00,-31.69,34.95,-0.584,0.592,-9057,8985,7.59,266.8,87.317,362.842,1,1,1
8254119,6955,1,-35.00,35.00,-31.41,35.89,-0.586,0.589,-9078,9011,7.59,268.8,84.268,363.685,1,1,1
8264125,6965,1,-35.00,35.00,-32.97,36.11,-0.581,0.587,-9103,9036,7.59,267.8,86.402,364.550,1,1,1
8274135,6975,1,-35.00,35.00,-33.19,36.26,-0.581,0.586,-9126,9061,7.59,265.0,92.866,365.479,1,1,1
8284141,6985,1,-35.00,35.00,-33.78,35.93,-0.579,0.587,-9150,9085,7.59,263.8,97.134,366.452,1,1,1
8294147,6995,1,-35.00,35.00,-33.75,35.70,-0.578,0.587,-9173,9109,7.60,264.8,98.720,367.440,1,1,1
8304150,7005,1,-35.00,35.00,-34.17,35.54,-0.578,0.588,-9197,9133,7.59,263.5,99.146,368.432,1,1,1
8314150,7015,1,-35.00,35.00,-35.79,34.98,-0.572,0.590,-9224,9156,7.59,263.5,98.902,369.422,1,1,1
8324150,7025,1,-35.00,35.00,-35.60,34.16,-0.572,0.593,-9248,9178,7.60,261.2,98.598,370.409,1,1,1
8334163,7035,1,-35.00,35.00,-33.71,34.46,-0.578,0.591,-9268,9202,7.60,262.8,98.110,371.390,1,1,1
8344165,7045,1,-35.00,35.00,-32.82,34.67,-0.582,0.591,-9289,9226,7.59,265.8,96.280,372.354,1,1,1
8354178,7055,1,-35.00,35.00,-32.64,35.69,-0.583,0.587,-9311,9252,7.59,266.5,94.146,373.296,1,1,1
8364178,7065,1,-35.00,35.00,-34.28,35.53,-0.577,0.587,-9337,9276,7.60,265.0,95.976,374.257,1,1,1
8374178,7075,1,-35.00,35.00,-34.54,36.30,-0.577,0.584,-9361,9302,7.60,263.2,100.244,375.260,1,1,1
8384186,7085,1,-35.00,35.00,-34.29,36.39,-0.578,0.583,-9384,9327,7.60,261.5,101.463,376.276,1,1,1
8394192,7095,1,-35.00,35.00,-34.11,35.58,-0.578,0.585,-9407,9350,7.61,261.2,98.841,377.265,1,1,1
8404201,7105,1,-35.00,35.00,-34.86,34.58,-0.576,0.589,-9432,9372,7.60,261.8,96.829,378.234,1,1,1
8414208,7115,1,-35.00,35.00,-35.83,33.87,-0.573,0.593,-9458,9394,7.59,262.5,96.890,379.204,1,1,1
8424210,7125,1,-35.00,35.00,-34.75,33.82,-0.575,0.592,-9480,9417,7.61,261.0,95.244,380.157,1,1,1
8434222,7135,1,-35.00,35.00,-33.99,33.34,-0.578,0.594,-9502,9439,7.60,263.0,91.463,381.072,1,1,1
8444222,7145,1,-35.00,35.00,-33.46,33.89,-0.580,0.593,-9524,9463,7.60,267.8,86.829,381.941,1,1,1
8454225,7155,1,-35.00,35.00,-33.53,34.71,-0.580,0.590,-9547,9488,7.60,266.0,87.195,382.814,1,1,1
8464234,7165,1,-35.00,35.00,-34.02,34.40,-0.579,0.592,-9571,9511,7.59,263.8,91.829,383.733,1,1,1
8474245,7175,1,-35.00,35.00,-34.36,34.63,-0.577,0.591,-9595,9535,7.60,265.0,98.780,384.722,1,1,1
8484256,7185,1,-35.00,35.00,-34.60,34.35,-0.577,0.592,-9619,9558,7.60,264.8,103.110,385.754,1,1,1
8494262,7195,1,-35.00,35.00,-35.21,34.59,-0.575,0.592,-9644,9582,7.59,264.0,104.695,386.802,1,1,1
8504268,7205,1,-35.00,35.00,-37.39,34.76,-0.567,0.592,-9673,9606,7.59,263.5,104.451,387.847,1,1,1
8514279,7215,1,-35.00,35.00,-37.60,34.00,-0.564,0.594,-9699,9628,7.60,258.0,102.256,388.870,1,1,1
8524286,7225,1,-35.00,35.00,-35.55,33.47,-0.571,0.596,-9720,9650,7.60,259.5,100.000,389.871,1,1,1
8534286,7235,1,-35.00,35.00,-33.23,33.53,-0.579,0.596,-9739,9673,7.59,263.0,92.988,390.802,1,1,1
8544294,7245,1,-35.00,35.00,-32.05,33.58,-0.584,0.596,-9759,9696,7.59,266.8,84.390,391.647,1,1,1
8554295,7255,1,-35.00,35.00,-32.98,33.61,-0.581,0.595,-9783,9719,7.60,269.5,82.683,392.474,1,1,1
8564298,7265,1,-35.00,35.00,-33.64,33.64,-0.579,0.596,-9807,9742,7.60,268.8,86.341,393.338,1,1,1
8574299,7275,1,-35.00,35.00,-34.09,33.65,-0.577,0.596,-9831,9765,7.60,267.0,92.256,394.262,1,1,1
8584301,7285,1,-35.00,35.00,-34.85,34.54,-0.575,0.593,-9856,9790,7.60,265.2,96.646,395.229,1,1,1
8594307,7295,1,-35.00,35.00,-34.94,34.29,-0.575,0.595,-9880,9813,7.59,262.0,96.768,396.198,1,1,1
8604313,7305,1,-35.00,35.00,-35.45,33.67,-0.572,0.596,-9905,9835,7.60,264.0,92.317,397.122,1,1,1
8614316,7315,1,-35.00,35.00,-34.48,33.68,-0.575,0.596,-9927,9858,7.61,264.0,89.268,398.015,1,1,1
8624316,7325,1,-35.00,35.00,-33.80,33.68,-0.578,0.596,-9949,9881,7.60,264.0,90.000,398.916,1,1,1
8634316,7335,1,-35.00,35.00,-33.77,33.68,-0.578,0.596,-9972,9904,7.59,265.8,88.841,399.805,1,1,1
8644329,7345,1,-35.00,35.00,-34.19,33.25,-0.577,0.598,-9996,9926,7.59,267.0,89.085,400.697,1,1,1
8654340,7355,1,-35.00,35.00,-34.48,33.38,-0.575,0.597,-10020,9949,7.60,268.2,92.500,401.623,1,1,1
8664344,7365,1,-35.00,35.00,-34.68,33.03,-0.574,0.598,-10044,9971,7.60,266.5,96.463,402.588,1,1,1
8674355,7375,1,-35.00,35.00,-35.26,33.67,-0.573,0.597,-10069,9995,7.59,267.0,99.146,403.580,1,1,1
8684367,7385,1,-35.00,35.00,-36.11,34.56,-0.570,0.595,-10095,10020,7.59,264.0,100.305,404.584,1,1,1
8694375,7395,1,-35.00,35.00,-36.26,34.74,-0.568,0.594,-10120,10044,7.61,262.2,98.720,405.572,1,1,1
8704386,7405,1,-35.00,35.00,-36.81,33.98,-0.565,0.596,-10146,10066,7.60,259.8,94.146,406.514,1,1,1
8714401,7415,1,-35.00,35.00,-35.00,33.90,-0.571,0.597,-10167,10089,7.60,261.8,89.939,407.415,1,1,1
8724408,7425,1,-35.00,35.00,-33.73,34.27,-0.576,0.595,-10188,10113,7.60,263.2,89.695,408.312,1,1,1
8734417,7435,1,-35.00,35.00,-34.15,34.54,-0.576,0.595,-10212,10137,7.59,265.2,88.659,409.200,1,1,1
8744423,7445,1,-35.00,35.00,-34.46,34.72,-0.574,0.593,-10236,10161,7.60,265.2,87.805,410.079,1,1,1
8754427,7455,1,-35.00,35.00,-35.10,35.29,-0.573,0.592,-10261,10186,7.59,263.8,91.463,410.994,1,1,1
8764438,7465,1,-35.00,35.00,-35.56,34.81,-0.570,0.594,-10286,10209,7.60,263.2,95.122,411.946,1,1,1
8774450,7475,1,-35.00,35.00,-35.88,35.79,-0.570,0.591,-10311,10235,7.59,263.2,95.793,412.905,1,1,1
8784450,7485,1,-35.00,35.00,-36.10,35.16,-0.568,0.592,-10336,10258,7.60,260.5,93.476,413.840,1,1,1
8794459,7495,1,-35.00,35.00,-36.70,34.72,-0.566,0.595,-10362,10281,7.60,259.5,90.488,414.746,1,1,1
8804465,7505,1,-35.00,35.00,-35.79,34.85,-0.569,0.595,-10385,10305,7.59,260.2,87.256,415.619,1,1,1
8814466,7515,1,-35.00,35.00,-34.72,35.38,-0.572,0.592,-10407,10330,7.60,262.5,87.927,416.500,1,1,1
8824480,7525,1,-35.00,35.00,-34.85,35.75,-0.572,0.590,-10431,10355,7.60,262.0,88.780,417.388,1,1,1
8834483,7535,1,-35.00,35.00,-34.94,36.01,-0.571,0.589,-10455,10380,7.61,261.0,95.122,418.340,1,1,1
8844495,7545,1,-35.00,35.00,-35.45,35.76,-0.570,0.590,-10480,10404,7.60,261.8,98.232,419.323,1,1,1
8854507,7555,1,-35.00,35.00,-35.80,35.14,-0.568,0.592,-10505,10427,7.60,259.8,99.817,420.322,1,1,1
8864513,7565,1,-35.00,35.00,-36.49,35.58,-0.566,0.591,-10531,10452,7.60,259.8,99.146,421.315,1,1,1
8874513,7575,1,-35.00,35.00,-36.97,36.33,-0.563,0.587,-10557,10478,7.61,259.5,96.159,422.277,1,1,1
8884520,7585,1,-35.00,35.00,-36.86,35.98,-0.563,0.589,-10582,10502,7.61,256.8,91.524,423.193,1,1,1
8894529,7595,1,-35.00,35.00,-35.91,35.73,-0.566,0.589,-10605,10526,7.60,256.8,89.024,424.084,1,1,1
8904529,7605,1,-35.00,35.00,-34.37,36.00,-0.572,0.588,-10626,10551,7.60,256.8,86.707,424.952,1,1,1
8914542,7615,1,-35.00,35.00,-34.16,36.63,-0.573,0.585,-10649,10577,7.60,261.5,83.354,425.786,1,1,1
8924544,7625,1,-35.00,35.00,-34.02,36.62,-0.574,0.585,-10672,10602,7.60,261.2,84.878,426.636,1,1,1
8934550,7635,1,-35.00,35.00,-34.36,37.06,-0.574,0.583,-10696,10628,7.59,261.8,89.756,427.534,1,1,1
8944559,7645,1,-35.00,35.00,-35.04,36.93,-0.572,0.582,-10721,10653,7.60,258.2,92.744,428.463,1,1,1
8954567,7655,1,-35.00,35.00,-35.07,36.84,-0.571,0.582,-10745,10678,7.61,258.8,92.866,429.392,1,1,1
8964580,7665,1,-35.00,35.00,-35.54,37.21,-0.570,0.580,-10770,10704,7.60,258.0,92.805,430.321,1,1,1
8974587,7675,1,-35.00,35.00,-35.42,36.60,-0.570,0.581,-10794,10728,7.60,256.5,91.159,431.233,1,1,1
8984606,7685,1,-35.00,35.00,-35.34,36.60,-0.570,0.581,-10818,10753,7.60,257.0,87.683,432.111,1,1,1
8994606,7695,1,-35.00,35.00,-35.29,36.17,-0.570,0.582,-10842,10777,7.61,257.8,86.524,432.977,1,1,1
9004609,7705,1,-35.00,35.00,-34.37,36.30,-0.574,0.581,-10864,10802,7.59,257.2,88.049,433.858,1,1,1
9014609,7715,1,-35.00,35.00,-34.17,36.84,-0.575,0.578,-10887,10828,7.60,259.0,87.622,434.735,1,1,1
9024622,7725,1,-35.00,35.00,-34.02,37.21,-0.576,0.576,-10910,10854,7.60,257.8,91.402,435.650,1,1,1
9034633,7735,1,-35.00,35.00,-34.36,37.47,-0.575,0.574,-10934,10880,7.60,258.2,97.439,436.625,1,1,1
9044640,7745,1,-35.00,35.00,-34.60,38.10,-0.575,0.571,-10958,10907,7.61,257.0,100.671,437.633,1,1,1
9054653,7755,1,-35.00,35.00,-34.77,38.53,-0.576,0.569,-10982,10934,7.60,254.8,100.427,438.638,1,1,1
9064653,7765,1,-35.00,35.00,-35.32,37.96,-0.573,0.569,-11007,10959,7.61,254.2,98.902,439.628,1,1,1
9074660,7775,1,-35.00,35.00,-36.15,38.44,-0.571,0.567,-11033,10986,7.60,254.0,96.463,440.593,1,1,1
9084668,7785,1,-35.00,35.00,-35.85,35.26,-0.571,0.577,-11057,11005,7.60,252.5,91.402,441.508,1,1,1
9094676,7795,1,-35.00,35.00,-36.52,33.91,-0.568,0.582,-11083,11026,7.60,255.5,87.256,442.381,1,1,1
9104683,7805,1,-35.00,35.00,-34.36,34.28,-0.575,0.581,-11103,11050,7.60,256.0,84.146,443.224,1,1,1
9114691,7815,1,-35.00,35.00,-33.28,35.42,-0.579,0.576,-11124,11076,7.61,258.5,83.902,444.063,1,1,1
9124700,7825,1,-35.00,35.00,-32.96,36.22,-0.582,0.574,-11146,11102,7.60,258.8,88.415,444.948,1,1,1
9134704,7835,1,-35.00,35.00,-33.62,36.78,-0.580,0.571,-11170,11128,7.60,259.2,92.866,445.878,1,1,1
9144706,7845,1,-35.00,35.00,-34.52,38.05,-0.579,0.566,-11195,11156,7.59,258.8,95.915,446.838,1,1,1
9154716,7855,1,-35.00,35.00,-34.71,38.06,-0.578,0.566,-11219,11182,7.60,257.8,97.439,447.813,1,1,1
9164728,7865,1,-35.00,35.00,-35.28,37.19,-0.576,0.568,-11244,11206,7.60,256.2,98.110,448.795,1,1,1
9174731,7875,1,-35.00,35.00,-35.69,36.58,-0.574,0.570,-11269,11230,7.61,255.8,96.280,449.759,1,1,1
9184731,7885,1,-35.00,35.00,-36.84,33.96,-0.569,0.579,-11296,11249,7.60,255.2,90.183,450.661,1,1,1
9194744,7895,1,-35.00,35.00,-34.58,32.12,-0.576,0.585,-11316,11268,7.61,257.5,82.500,451.487,1,1,1
9204744,7905,1,-35.00,35.00,-33.87,33.03,-0.580,0.584,-11338,11292,7.59,261.8,74.512,452.233,1,1,1
9214746,7915,1,-35.00,35.00,-33.38,34.11,-0.581,0.580,-11360,11317,7.60,262.0,74.756,452.981,1,1,1
9224757,7925,1,-35.00,35.00,-33.91,34.42,-0.581,0.580,-11384,11341,7.59,262.0,81.646,453.799,1,1,1
9234759,7935,1,-35.00,35.00,-33.85,34.20,-0.580,0.580,-11407,11364,7.61,261.5,88.902,454.688,1,1,1
9244769,7945,1,-35.00,35.00,-34.24,34.05,-0.579,0.581,-11431,11387,7.60,261.8,96.768,455.657,1,1,1
9254780,7955,1,-35.00,35.00,-34.95,34.38,-0.577,0.580,-11456,11411,7.60,260.8,103.049,456.688,1,1,1
9264782,7965,1,-35.00,35.00,-36.33,35.05,-0.572,0.578,-11483,11436,7.60,260.8,104.451,457.734,1,1,1
9274791,7975,1,-35.00,35.00,-36.42,34.21,-0.571,0.581,-11508,11458,7.60,258.2,101.951,458.754,1,1,1
9284795,7985,1,-35.00,35.00,-36.48,33.61,-0.570,0.584,-11533,11480,7.61,257.5,97.744,459.732,1,1,1
9294797,7995,1,-35.00,35.00,-34.33,32.76,-0.577,0.587,-11553,11501,7.60,258.8,93.902,460.672,1,1,1
9304800,8005,1,-35.00,35.00,-32.38,33.04,-0.585,0.587,-11572,11524,7.59,263.5,86.646,461.539,1,1,1
9314812,8015,1,-35.00,35.00,-31.89,33.23,-0.587,0.586,-11593,11547,7.60,265.2,82.256,462.363,1,1,1
9324815,8025,1,-35.00,35.00,-32.43,33.37,-0.585,0.586,-11616,11570,7.60,265.8,85.305,463.216,1,1,1
9334822,8035,1,-35.00,35.00,-32.81,33.03,-0.584,0.588,-11639,11592,7.60,264.5,92.073,464.138,1,1,1
9344826,8045,1,-35.00,35.00,-33.51,33.23,-0.582,0.588,-11663,11615,7.59,268.0,99.207,465.131,1,1,1
9354834,8055,1,-35.00,35.00,-34.01,33.81,-0.580,0.586,-11687,11639,7.59,265.5,102.073,466.152,1,1,1
9364845,8065,1,-35.00,35.00,-34.35,33.77,-0.580,0.587,-11711,11662,7.59,263.0,100.793,467.161,1,1,1
9374852,8075,1,-35.00,35.00,-35.03,32.87,-0.577,0.591,-11736,11683,7.59,262.8,96.951,468.132,1,1,1
9384852,8085,1,-35.00,35.00,-35.51,32.24,-0.574,0.594,-11761,11704,7.59,264.0,92.134,469.054,1,1,1
9394860,8095,1,-35.00,35.00,-33.65,32.67,-0.580,0.593,-11781,11727,7.60,264.2,89.878,469.953,1,1,1
9404873,8105,1,-35.00,35.00,-32.78,32.98,-0.584,0.593,-11802,11750,7.59,266.5,87.317,470.827,1,1,1
9414875,8115,1,-35.00,35.00,-33.05,33.19,-0.583,0.592,-11825,11773,7.59,269.5,89.756,471.726,1,1,1
9424875,8125,1,-35.00,35.00,-33.24,33.34,-0.582,0.592,-11848,11796,7.59,267.8,95.183,472.678,1,1,1
9434875,8135,1,-35.00,35.00,-34.26,33.01,-0.579,0.594,-11873,11818,7.59,266.8,99.939,473.678,1,1,1
9444888,8145,1,-35.00,35.00,-34.09,32.77,-0.579,0.595,-11896,11840,7.60,266.0,100.976,474.689,1,1,1
9454888,8155,1,-35.00,35.00,-34.41,33.05,-0.577,0.595,-11920,11863,7.60,267.2,100.366,475.694,1,1,1
9464897,8165,1,-35.00,35.00,-34.63,33.24,-0.578,0.596,-11944,11886,7.59,266.2,99.268,476.687,1,1,1
9474906,8175,1,-35.00,35.00,-35.23,32.50,-0.575,0.599,-11969,11907,7.59,266.2,96.585,477.654,1,1,1
9484906,8185,1,-35.00,35.00,-34.33,32.86,-0.577,0.597,-11991,11930,7.60,265.8,94.390,478.598,1,1,1
9494906,8195,1,-35.00,35.00,-33.70,33.55,-0.580,0.595,-12013,11954,7.59,267.0,92.683,479.526,1,1,1
9504918,8205,1,-35.00,35.00,-33.26,33.59,-0.581,0.595,-12035,11977,7.60,268.2,91.341,480.440,1,1,1
9514925,8215,1,-35.00,35.00,-33.83,33.18,-0.579,0.597,-12059,11999,7.59,267.5,93.780,481.379,1,1,1
9524928,8225,1,-35.00,35.00,-34.23,32.89,-0.577,0.597,-12083,12021,7.60,266.2,97.988,482.360,1,1,1
9534928,8235,1,-35.00,35.00,-34.94,32.69,-0.575,0.599,-12108,12043,7.59,267.0,101.402,483.374,1,1,1
9544928,8245,1,-35.00,35.00,-35.01,32.11,-0.574,0.601,-12132,12064,7.60,267.8,102.622,484.401,1,1,1
9554928,8255,1,-35.00,35.00,-34.17,33.03,-0.577,0.598,-12154,12088,7.59,266.8,101.098,485.413,1,1,1
9564941,8265,1,-35.00,35.00,-33.59,33.23,-0.579,0.597,-12176,12111,7.59,267.0,96.280,486.377,1,1,1
9574941,8275,1,-35.00,35.00,-33.62,33.37,-0.579,0.597,-12199,12134,7.59,267.5,88.110,487.259,1,1,1
9584941,8285,1,-35.00,35.00,-33.64,33.02,-0.579,0.598,-12222,12156,7.59,268.5,84.939,488.109,1,1,1
9594948,8295,1,-35.00,35.00,-33.66,32.35,-0.579,0.601,-12245,12177,7.59,268.2,87.195,488.982,1,1,1
9604958,8305,1,-35.00,35.00,-33.23,32.75,-0.580,0.599,-12267,12200,7.59,270.5,91.463,489.897,1,1,1
9614958,8315,1,-35.00,35.00,-33.37,32.59,-0.580,0.600,-12290,12222,7.59,269.8,96.646,490.864,1,1,1
9624966,8325,1,-35.00,35.00,-33.46,32.92,-0.580,0.599,-12313,12245,7.59,271.8,101.768,491.883,1,1,1
9634973,8335,1,-35.00,35.00,-33.09,33.15,-0.580,0.597,-12335,12268,7.60,270.8,104.146,492.925,1,1,1
9644979,8345,1,-35.00,35.00,-32.83,32.87,-0.581,0.598,-12357,12290,7.60,268.8,102.927,493.955,1,1,1
9654986,8355,1,-35.00,35.00,-32.65,33.12,-0.582,0.598,-12379,12313,7.60,270.2,101.280,494.969,1,1,1
9664993,8365,1,-35.00,35.00,-32.52,32.41,-0.582,0.600,-12401,12334,7.59,270.5,100.122,495.971,1,1,1
9675001,8376,1,-35.00,35.00,-32.87,32.36,-0.581,0.600,-12424,12356,7.59,272.8,97.683,496.949,1,1,1
9685012,8386,1,-35.00,35.00,-33.12,32.32,-0.580,0.600,-12447,12378,7.60,271.2,95.671,497.906,1,1,1
9695024,8396,1,-35.00,35.00,-33.73,32.29,-0.577,0.600,-12471,12400,7.61,269.2,98.780,498.895,1,1,1
9705027,8406,1,-35.00,35.00,-33.28,33.15,-0.580,0.598,-12493,12424,7.59,270.8,103.293,499.928,1,1,1
9715027,8416,1,-35.00,35.00,-32.96,33.75,-0.581,0.596,-12515,12448,7.59,268.8,105.427,500.983,1,1,1
9725027,8426,1,-35.00,35.00,-32.74,34.61,-0.582,0.593,-12537,12473,7.59,268.0,103.841,502.023,1,1,1
9735032,8436,1,-35.00,35.00,-33.03,35.22,-0.581,0.590,-12560,12498,7.61,268.5,101.402,503.038,1,1,1
9745034,8446,1,-35.00,35.00,-33.67,35.20,-0.580,0.591,-12584,12522,7.59,265.5,101.463,504.053,1,1,1
9755034,8456,1,-35.00,35.00,-33.67,34.31,-0.579,0.593,-12607,12544,7.60,264.2,104.268,505.096,1,1,1
9765039,8466,1,-35.00,35.00,-35.44,32.80,-0.572,0.599,-12634,12564,7.60,265.5,105.122,506.148,1,1,1
9775053,8476,1,-35.00,35.00,-35.35,32.63,-0.572,0.600,-12658,12586,7.60,264.8,100.366,507.153,1,1,1
9785053,8486,1,-35.00,35.00,-33.54,32.95,-0.579,0.598,-12678,12609,7.60,265.8,92.988,508.084,1,1,1
9795055,8496,1,-35.00,35.00,-33.14,34.05,-0.580,0.595,-12700,12634,7.59,266.5,87.927,508.964,1,1,1
9805064,8506,1,-35.00,35.00,-33.31,34.38,-0.581,0.595,-12723,12658,7.58,265.0,91.159,509.876,1,1,1
9815068,8516,1,-35.00,35.00,-33.42,35.05,-0.580,0.591,-12746,12683,7.59,268.5,95.671,510.834,1,1,1
9825079,8526,1,-35.00,35.00,-33.94,35.08,-0.578,0.591,-12770,12707,7.60,266.8,98.293,511.817,1,1,1
9835088,8536,1,-35.00,35.00,-34.31,34.67,-0.578,0.593,-12794,12730,7.59,263.5,99.573,512.814,1,1,1
9845095,8546,1,-35.00,35.00,-34.12,33.93,-0.577,0.595,-12817,12752,7.60,264.8,99.146,513.806,1,1,1
9855110,8556,1,-35.00,35.00,-34.43,33.86,-0.576,0.595,-12841,12775,7.61,265.2,98.354,514.791,1,1,1
9865112,8566,1,-35.00,35.00,-35.53,33.81,-0.573,0.596,-12867,12798,7.59,263.2,96.463,515.756,1,1,1
9875116,8576,1,-35.00,35.00,-34.10,34.65,-0.578,0.593,-12888,12823,7.59,262.5,96.768,516.724,1,1,1
9885124,8586,1,-35.00,35.00,-33.54,35.24,-0.580,0.590,-12910,12848,7.60,265.0,98.110,517.706,1,1,1
9895132,8596,1,-35.00,35.00,-33.14,36.10,-0.581,0.587,-12932,12874,7.60,265.2,97.195,518.679,1,1,1
9905139,8606,1,-35.00,35.00,-33.31,36.25,-0.581,0.586,-12955,12899,7.60,263.8,97.927,519.659,1,1,1
9915150,8616,1,-35.00,35.00,-33.86,36.80,-0.580,0.583,-12979,12925,7.60,263.2,100.122,520.661,1,1,1
9925150,8626,1,-35.00,35.00,-34.25,36.75,-0.578,0.583,-13003,12950,7.60,261.2,101.463,521.677,1,1,1
9935158,8636,1,-35.00,35.00,-34.08,37.59,-0.580,0.579,-13026,12977,7.60,260.5,100.732,522.685,1,1,1
9945171,8646,1,-35.00,35.00,-33.53,35.98,-0.581,0.583,-13048,12999,7.61,260.0,98.841,523.674,1,1,1
9955185,8656,1,-35.00,35.00,-34.89,33.98,-0.576,0.591,-13074,13019,7.60,262.2,97.500,524.650,1,1,1
9965186,8666,1,-35.00,35.00,-34.53,33.89,-0.578,0.592,-13097,13042,7.60,262.0,94.878,525.599,1,1,1
9975188,8676,1,-35.00,35.00,-33.40,33.83,-0.581,0.592,-13118,13065,7.60,264.5,91.159,526.512,1,1,1
9985188,8686,1,-35.00,35.00,-33.05,35.11,-0.584,0.588,-13140,13091,7.59,266.5,89.329,527.406,1,1,1
9995195,8696,1,-35.00,35.00,-33.24,36.00,-0.584,0.585,-13163,13117,7.59,264.5,93.537,528.342,1,1,1
10005200,8706,1,-35.00,35.00,-33.38,37.07,-0.583,0.579,-13186,13144,7.60,264.8,100.427,529.347,1,1,1
10015201,8716,1,-35.00,35.00,-33.47,38.25,-0.583,0.574,-13209,13172,7.60,262.2,103.780,530.386,1,1,1
10025210,8726,1,-35.00,35.00,-33.54,38.20,-0.583,0.573,-13232,13198,7.60,259.8,100.732,531.394,1,1,1
10035210,8736,1,-35.00,35.00,-33.58,37.29,-0.584,0.575,-13255,13222,7.60,258.8,96.159,532.356,1,1,1
10045223,8746,1,-35.00,35.00,-34.06,35.33,-0.582,0.582,-13279,13243,7.60,260.5,94.512,533.302,1,1,1
10055226,8756,1,-35.00,35.00,-34.83,33.08,-0.579,0.590,-13304,13262,7.60,261.5,93.841,534.242,1,1,1
10065237,8766,1,-35.00,35.00,-36.24,32.82,-0.573,0.592,-13331,13284,7.60,263.8,92.744,535.170,1,1,1
10075240,8776,1,-35.00,35.00,-34.16,33.08,-0.580,0.591,-13351,13307,7.60,262.2,92.256,536.093,1,1,1
10085253,8786,1,-35.00,35.00,-33.14,34.15,-0.584,0.587,-13372,13332,7.60,265.5,96.341,537.057,1,1,1
10095262,8796,1,-35.00,35.00,-32.87,35.33,-0.585,0.583,-13394,13358,7.60,267.0,98.171,538.040,1,1,1
10105262,8806,1,-35.00,35.00,-33.55,37.03,-0.584,0.578,-13418,13386,7.59,264.8,99.878,539.039,1,1,1
10115269,8816,1,-35.00,35.00,-33.59,37.79,-0.585,0.574,-13441,13413,7.60,262.5,102.622,540.067,1,1,1
10125276,8826,1,-35.00,35.00,-34.06,37.00,-0.583,0.576,-13465,13437,7.59,261.0,102.927,541.097,1,1,1
10135284,8836,1,-35.00,35.00,-34.39,36.01,-0.581,0.578,-13489,13460,7.61,261.0,98.659,542.084,1,1,1
10145284,8846,1,-35.00,35.00,-34.62,33.99,-0.580,0.584,-13513,13480,7.61,259.8,93.780,543.023,1,1,1
10155286,8856,1,-35.00,35.00,-35.66,31.71,-0.576,0.594,-13539,13498,7.60,262.0,90.000,543.923,1,1,1
10165292,8866,1,-35.00,35.00,-35.07,31.86,-0.577,0.594,-13562,13520,7.60,265.2,87.561,544.800,1,1,1
10175299,8876,1,-35.00,35.00,-34.22,32.41,-0.581,0.593,-13584,13543,7.60,265.8,85.000,545.651,1,1,1
10185307,8886,1,-35.00,35.00,-33.62,33.67,-0.583,0.590,-13606,13568,7.59,266.8,82.683,546.478,1,1,1
10195310,8896,1,-35.00,35.00,-31.00,34.12,-0.592,0.587,-13623,13592,7.60,266.8,85.854,547.338,1,1,1
10205314,8906,1,-35.00,35.00,-34.89,34.43,-0.579,0.588,-13653,13616,7.59,269.2,90.305,548.242,1,1,1
10215316,8916,1,-35.00,35.00,-34.97,33.77,-0.579,0.590,-13677,13638,7.60,264.2,94.512,549.187,1,1,1
10225325,8926,1,-35.00,35.00,-34.58,35.06,-0.581,0.586,-13700,13664,7.59,263.5,97.073,550.159,1,1,1
10235329,8936,1,-35.00,35.00,-34.32,34.21,-0.581,0.589,-13723,13686,7.59,263.5,96.220,551.122,1,1,1
10245338,8946,1,-35.00,35.00,-35.45,33.18,-0.577,0.593,-13749,13707,7.60,266.0,93.171,552.055,1,1,1
10255344,8956,1,-35.00,35.00,-36.24,33.33,-0.574,0.593,-13775,13730,7.60,264.2,91.402,552.969,1,1,1
10265353,8966,1,-35.00,35.00,-34.16,33.00,-0.580,0.594,-13795,13752,7.60,262.0,91.707,553.887,1,1,1
10275367,8976,1,-35.00,35.00,-33.14,33.21,-0.584,0.594,-13816,13775,7.59,267.5,91.280,554.801,1,1,1
10285377,8986,1,-35.00,35.00,-33.30,33.35,-0.584,0.594,-13839,13798,7.59,268.0,88.049,555.682,1,1,1
10295390,8996,1,-35.00,35.00,-33.86,33.45,-0.581,0.593,-13863,13821,7.60,267.8,87.500,556.558,1,1,1
10305392,9006,1,-35.00,35.00,-33.81,33.53,-0.582,0.593,-13886,13844,7.59,266.5,89.085,557.450,1,1,1
10315404,9016,1,-35.00,35.00,-34.21,34.01,-0.580,0.591,-13910,13868,7.60,267.8,92.744,558.378,1,1,1
10325413,9026,1,-35.00,35.00,-34.50,33.92,-0.579,0.591,-13934,13891,7.60,265.5,92.866,559.307,1,1,1
10335413,9036,1,-35.00,35.00,-35.13,33.41,-0.577,0.594,-13959,13913,7.60,264.5,90.549,560.214,1,1,1
10345423,9046,1,-35.00,35.00,-36.02,33.06,-0.574,0.595,-13985,13935,7.60,264.8,88.598,561.100,1,1,1
10355423,9056,1,-35.00,35.00,-34.44,33.25,-0.579,0.595,-14006,13958,7.59,263.0,88.171,561.983,1,1,1
10365438,9066,1,-35.00,35.00,-33.34,33.38,-0.583,0.594,-14027,13981,7.59,266.8,90.061,562.884,1,1,1
10375438,9076,1,-35.00,35.00,-33.00,33.47,-0.584,0.594,-14049,14004,7.59,268.5,88.476,563.770,1,1,1
10385444,9086,1,-35.00,35.00,-33.21,33.10,-0.583,0.595,-14072,14026,7.60,269.8,90.000,564.671,1,1,1
10395451,9096,1,-35.00,35.00,-33.79,32.84,-0.581,0.595,-14096,14048,7.60,268.5,92.561,565.597,1,1,1
10405451,9106,1,-35.00,35.00,-34.20,32.65,-0.580,0.597,-14120,14070,7.59,270.0,92.927,566.527,1,1,1
10415459,9116,1,-35.00,35.00,-34.05,33.40,-0.580,0.594,-14143,14094,7.59,268.2,91.890,567.447,1,1,1
10425459,9126,1,-35.00,35.00,-34.38,33.93,-0.580,0.593,-14167,14118,7.59,268.0,91.463,568.362,1,1,1
10435468,9136,1,-35.00,35.00,-35.93,33.86,-0.574,0.593,-14194,14141,7.59,267.8,91.402,569.277,1,1,1
10445468,9146,1,-35.00,35.00,-36.58,34.25,-0.571,0.592,-14220,14165,7.60,263.0,91.220,570.190,1,1,1
10455481,9156,1,-35.00,35.00,-36.15,34.08,-0.572,0.593,-14244,14188,7.60,260.0,91.890,571.110,1,1,1
10465483,9166,1,-35.00,35.00,-33.66,34.40,-0.580,0.591,-14263,14212,7.60,260.8,93.049,572.041,1,1,1
10475492,9176,1,-35.00,35.00,-32.79,34.63,-0.583,0.590,-14284,14236,7.60,265.8,91.098,572.953,1,1,1
10485495,9186,1,-35.00,35.00,-33.50,33.47,-0.582,0.594,-14308,14257,7.59,265.0,88.659,573.840,1,1,1
10495507,9196,1,-35.00,35.00,-34.44,35.29,-0.579,0.589,-14333,14284,7.59,266.5,90.183,574.743,1,1,1
10505507,9206,1,-35.00,35.00,-35.09,35.25,-0.577,0.589,-14358,14308,7.59,263.2,88.659,575.630,1,1,1
10515507,9216,1,-35.00,35.00,-35.11,34.78,-0.576,0.590,-14382,14331,7.60,263.0,86.646,576.498,1,1,1
10525511,9226,1,-35.00,35.00,-35.12,34.46,-0.576,0.591,-14406,14354,7.60,263.5,84.878,577.347,1,1,1
10535513,9236,1,-35.00,35.00,-36.01,34.67,-0.573,0.591,-14432,14378,7.59,263.2,85.488,578.203,1,1,1
10545522,9246,1,-35.00,35.00,-36.63,34.81,-0.571,0.591,-14458,14402,7.60,261.8,88.780,579.092,1,1,1
10555522,9256,1,-35.00,35.00,-34.87,35.36,-0.576,0.589,-14479,14427,7.60,260.0,93.110,580.024,1,1,1
10565526,9266,1,-35.00,35.00,-34.08,35.30,-0.579,0.588,-14501,14451,7.61,263.2,93.232,580.957,1,1,1
10575535,9276,1,-35.00,35.00,-34.40,36.13,-0.579,0.585,-14525,14477,7.60,264.2,94.085,581.898,1,1,1
10585544,9286,1,-35.00,35.00,-34.63,36.28,-0.579,0.585,-14549,14502,7.59,262.5,97.134,582.870,1,1,1
10595549,9296,1,-35.00,35.00,-35.23,35.50,-0.576,0.587,-14574,14525,7.60,263.0,96.829,583.840,1,1,1
10605557,9306,1,-35.00,35.00,-35.64,35.84,-0.575,0.586,-14599,14550,7.59,263.0,94.756,584.788,1,1,1
10615565,9316,1,-35.00,35.00,-35.94,35.63,-0.573,0.586,-14624,14574,7.60,262.2,92.927,585.718,1,1,1
10625574,9326,1,-35.00,35.00,-37.02,35.49,-0.569,0.587,-14651,14598,7.60,260.5,91.280,586.632,1,1,1
10635574,9336,1,-35.00,35.00,-38.22,35.83,-0.564,0.586,-14679,14623,7.60,258.8,90.183,587.534,1,1,1
10645587,9346,1,-35.00,35.00,-35.98,35.63,-0.571,0.586,-14700,14647,7.60,257.0,91.341,588.449,1,1,1
10655598,9356,1,-35.00,35.00,-33.54,36.37,-0.580,0.583,-14719,14673,7.60,259.8,91.890,589.368,1,1,1
10665607,9366,1,-35.00,35.00,-33.14,36.88,-0.582,0.580,-14741,14699,7.60,262.2,88.476,590.254,1,1,1
10675615,9376,1,-35.00,35.00,-33.75,37.24,-0.581,0.578,-14765,14725,7.59,261.8,88.415,591.139,1,1,1
10685624,9386,1,-35.00,35.00,-34.17,37.50,-0.580,0.576,-14789,14751,7.60,262.0,90.671,592.046,1,1,1
10695637,9396,1,-35.00,35.00,-34.47,36.79,-0.579,0.578,-14813,14775,7.60,259.2,89.451,592.942,1,1,1
10705645,9406,1,-35.00,35.00,-35.11,36.74,-0.577,0.578,-14838,14800,7.60,259.2,86.951,593.812,1,1,1
10715645,9416,1,-35.00,35.00,-35.57,35.83,-0.576,0.581,-14863,14823,7.60,258.8,86.159,594.674,1,1,1
10725653,9426,1,-35.00,35.00,-36.32,35.63,-0.572,0.581,-14889,14847,7.61,258.5,86.037,595.536,1,1,1
10735663,9436,1,-35.00,35.00,-36.41,35.92,-0.572,0.580,-14914,14872,7.60,257.5,87.012,596.406,1,1,1
10745667,9446,1,-35.00,35.00,-35.60,36.13,-0.575,0.579,-14937,14897,7.60,258.2,90.976,597.317,1,1,1
10755670,9456,1,-35.00,35.00,-33.71,36.28,-0.581,0.577,-14957,14922,7.60,258.2,94.146,598.259,1,1,1
10765683,9466,1,-35.00,35.00,-33.26,36.82,-0.584,0.575,-14979,14948,7.59,260.2,92.805,599.188,1,1,1
10775685,9476,1,-35.00,35.00,-33.83,37.20,-0.584,0.573,-15003,14974,7.59,259.8,95.305,600.142,1,1,1
10785698,9486,1,-35.00,35.00,-34.23,37.91,-0.582,0.569,-15027,15001,7.60,261.2,99.512,601.138,1,1,1
10795712,9496,1,-35.00,35.00,-34.95,38.40,-0.580,0.566,-15052,15028,7.60,259.2,99.573,602.134,1,1,1
10805719,9506,1,-35.00,35.00,-34.57,39.62,-0.583,0.561,-15075,15057,7.59,256.2,98.293,603.118,1,1,1
10815721,9516,1,-35.00,35.00,-35.62,39.60,-0.579,0.559,-15101,15084,7.60,256.2,96.829,604.087,1,1,1
10825728,9526,1,-35.00,35.00,-37.24,35.63,-0.572,0.572,-15129,15102,7.61,252.5,95.366,605.042,1,1,1
10835728,9536,1,-35.00,35.00,-37.93,32.41,-0.567,0.584,-15156,15119,7.61,253.5,91.159,605.954,1,1,1
10845731,9546,1,-35.00,35.00,-37.10,32.36,-0.569,0.586,-15180,15141,7.60,257.2,86.159,606.817,1,1,1
10855731,9556,1,-35.00,35.00,-34.76,34.08,-0.578,0.580,-15200,15167,7.60,259.8,85.183,607.669,1,1,1
10865744,9566,1,-35.00,35.00,-32.68,34.84,-0.586,0.578,-15219,15192,7.59,259.2,88.293,608.553,1,1,1
10875746,9576,1,-35.00,35.00,-32.11,36.25,-0.588,0.571,-15240,15219,7.61,263.0,88.049,609.434,1,1,1
10885746,9586,1,-35.00,35.00,-33.90,36.80,-0.584,0.569,-15266,15245,7.60,261.5,88.963,610.325,1,1,1
10895746,9596,1,-35.00,35.00,-34.72,36.75,-0.581,0.569,-15291,15270,7.60,259.8,91.768,611.243,1,1,1
10905754,9606,1,-35.00,35.00,-34.85,36.27,-0.581,0.570,-15315,15294,7.60,258.5,93.049,612.174,1,1,1
10915759,9616,1,-35.00,35.00,-35.38,35.06,-0.578,0.574,-15340,15316,7.61,256.5,93.415,613.109,1,1,1
10925767,9626,1,-35.00,35.00,-36.19,33.77,-0.576,0.580,-15366,15337,7.59,257.0,90.366,614.014,1,1,1
10935767,9636,1,-35.00,35.00,-37.20,32.87,-0.571,0.584,-15393,15358,7.60,257.0,86.037,614.875,1,1,1
10945767,9646,1,-35.00,35.00,-34.83,33.11,-0.578,0.582,-15413,15381,7.61,259.2,83.415,615.710,1,1,1
10955776,9656,1,-35.00,35.00,-34.05,34.17,-0.581,0.579,-15435,15406,7.60,260.8,81.463,616.525,1,1,1
10965789,9666,1,-35.00,35.00,-33.94,34.90,-0.582,0.577,-15458,15431,7.60,260.8,82.256,617.349,1,1,1
10975803,9676,1,-35.00,35.00,-34.31,34.54,-0.581,0.578,-15482,15454,7.60,259.8,85.610,618.206,1,1,1
10985815,9686,1,-35.00,35.00,-34.56,34.28,-0.581,0.579,-15506,15477,7.60,261.2,91.463,619.121,1,1,1
10995827,9696,1,-35.00,35.00,-34.74,34.11,-0.581,0.581,-15530,15500,7.59,262.2,96.768,620.090,1,1,1
11005827,9706,1,-35.00,35.00,-35.30,33.98,-0.578,0.582,-15555,15523,7.59,262.2,98.963,621.080,1,1,1
11015835,9716,1,-35.00,35.00,-35.70,33.89,-0.576,0.582,-15580,15546,7.60,261.8,98.598,622.067,1,1,1
11025849,9726,1,-35.00,35.00,-35.98,33.39,-0.575,0.585,-15605,15568,7.59,261.2,96.341,623.031,1,1,1
11035860,9736,1,-35.00,35.00,-35.73,33.04,-0.574,0.586,-15629,15590,7.61,262.5,94.085,623.973,1,1,1
11045865,9746,1,-35.00,35.00,-34.68,33.24,-0.579,0.586,-15651,15613,7.60,261.5,92.561,624.899,1,1,1
11055879,9756,1,-35.00,35.00,-33.94,32.93,-0.581,0.588,-15673,15635,7.59,263.0,89.390,625.794,1,1,1
11065879,9766,1,-35.00,35.00,-33.43,33.60,-0.582,0.585,-15695,15659,7.61,266.0,87.195,626.667,1,1,1
11075888,9776,1,-35.00,35.00,-33.95,33.63,-0.581,0.585,-15719,15682,7.60,264.5,88.232,627.550,1,1,1
11085897,9786,1,-35.00,35.00,-34.31,33.65,-0.580,0.586,-15743,15705,7.60,263.8,91.159,628.462,1,1,1
11095902,9796,1,-35.00,35.00,-34.56,33.22,-0.580,0.588,-15767,15727,7.60,263.0,94.085,629.404,1,1,1
11105913,9806,1,-35.00,35.00,-34.74,32.92,-0.579,0.590,-15791,15749,7.60,264.2,94.939,630.354,1,1,1
11115913,9816,1,-35.00,35.00,-34.87,32.27,-0.578,0.593,-15815,15770,7.60,265.2,94.024,631.295,1,1,1
11125921,9826,1,-35.00,35.00,-35.83,31.82,-0.574,0.595,-15841,15791,7.61,265.2,92.683,632.223,1,1,1
11135933,9836,1,-35.00,35.00,-35.63,31.94,-0.574,0.597,-15865,15813,7.60,263.5,92.317,633.147,1,1,1
11145947,9846,1,-35.00,35.00,-34.17,32.91,-0.579,0.594,-15886,15837,7.60,265.5,92.927,634.077,1,1,1
11155958,9856,1,-35.00,35.00,-33.59,34.46,-0.582,0.589,-15908,15863,7.60,267.2,92.622,635.004,1,1,1
11165970,9866,1,-35.00,35.00,-33.62,34.23,-0.582,0.590,-15931,15886,7.60,265.0,94.085,635.945,1,1,1
11175973,9876,1,-35.00,35.00,-34.08,34.07,-0.580,0.590,-15955,15909,7.60,266.8,97.195,636.918,1,1,1
11185982,9886,1,-35.00,35.00,-34.40,33.52,-0.579,0.592,-15979,15931,7.60,265.5,100.427,637.923,1,1,1
11195982,9896,1,-35.00,35.00,-34.63,32.69,-0.578,0.596,-16003,15952,7.60,264.5,100.976,638.934,1,1,1
11205986,9906,1,-35.00,35.00,-35.23,32.55,-0.576,0.598,-16028,15974,7.59,266.0,100.976,639.944,1,1,1
11215999,9917,1,-35.00,35.00,-36.52,32.89,-0.571,0.597,-16055,15997,7.59,267.0,100.305,640.948,1,1,1
11226004,9927,1,-35.00,35.00,-36.11,32.69,-0.571,0.598,-16079,16019,7.60,264.2,98.049,641.930,1,1,1
11236008,9937,1,-35.00,35.00,-34.51,33.43,-0.577,0.596,-16100,16043,7.59,264.2,97.622,642.907,1,1,1
11246012,9947,1,-35.00,35.00,-33.38,33.51,-0.581,0.595,-16121,16066,7.59,265.5,94.268,643.850,1,1,1
11256023,9957,1,-35.00,35.00,-33.04,33.56,-0.583,0.595,-16143,16089,7.59,267.8,92.500,644.776,1,1,1
11266032,9967,1,-35.00,35.00,-34.11,33.16,-0.579,0.596,-16168,16111,7.59,268.2,93.902,645.716,1,1,1
11276034,9977,1,-35.00,35.00,-34.43,32.44,-0.577,0.598,-16192,16132,7.60,267.5,97.012,646.687,1,1,1
11286042,9987,1,-35.00,35.00,-35.08,31.94,-0.575,0.601,-16217,16153,7.59,268.5,99.756,647.685,1,1,1
11296047,9997,1,-35.00,35.00,-35.11,32.02,-0.574,0.601,-16241,16175,7.60,267.5,100.305,648.689,1,1,1
11306047,10007,1,-35.00,35.00,-33.80,32.96,-0.579,0.598,-16262,16199,7.59,266.8,99.634,649.686,1,1,1
11316047,10017,1,-35.00,35.00,-33.77,33.62,-0.579,0.596,-16285,16223,7.59,268.8,93.232,650.619,1,1,1
11326049,10027,1,-35.00,35.00,-33.75,33.20,-0.580,0.598,-16308,16245,7.59,267.0,86.220,651.482,1,1,1
11336061,10037,1,-35.00,35.00,-34.17,32.91,-0.577,0.598,-16332,16267,7.60,270.5,86.829,652.351,1,1,1
11346064,10047,1,-35.00,35.00,-34.03,32.71,-0.578,0.599,-16355,16289,7.59,269.5,89.939,653.251,1,1,1
11356076,10057,1,-35.00,35.00,-33.49,32.56,-0.579,0.599,-16377,16311,7.59,270.2,93.598,654.188,1,1,1
11366079,10067,1,-35.00,35.00,-33.55,32.46,-0.579,0.600,-16400,16333,7.59,270.0,98.232,655.171,1,1,1
11376088,10077,1,-35.00,35.00,-33.15,32.39,-0.581,0.600,-16422,16355,7.59,271.0,103.720,656.209,1,1,1
11386088,10087,1,-35.00,35.00,-33.31,32.78,-0.580,0.600,-16445,16378,7.59,272.5,106.037,657.270,1,1,1
11396092,10097,1,-35.00,35.00,-32.99,33.49,-0.581,0.596,-16467,16402,7.59,270.8,105.549,658.327,1,1,1
11406092,10107,1,-35.00,35.00,-32.76,32.23,-0.581,0.600,-16489,16422,7.60,269.2,104.939,659.377,1,1,1
11416092,10117,1,-35.00,35.00,-33.48,32.23,-0.579,0.601,-16513,16444,7.59,270.2,102.988,660.408,1,1,1
11426092,10127,1,-35.00,35.00,-33.54,31.79,-0.579,0.603,-16536,16465,7.59,270.2,97.500,661.383,1,1,1
11436100,10137,1,-35.00,35.00,-33.59,31.92,-0.579,0.603,-16559,16487,7.59,271.0,96.341,662.348,1,1,1
11446112,10147,1,-35.00,35.00,-34.06,32.45,-0.577,0.601,-16583,16510,7.59,270.2,99.573,663.344,1,1,1
11456113,10157,1,-35.00,35.00,-33.07,33.26,-0.580,0.598,-16604,16534,7.60,269.0,103.476,664.380,1,1,1
11466117,10167,1,-35.00,35.00,-32.82,33.83,-0.581,0.596,-16626,16558,7.60,269.8,104.634,665.427,1,1,1
11476119,10177,1,-35.00,35.00,-33.08,34.67,-0.581,0.593,-16649,16583,7.59,268.0,102.439,666.452,1,1,1
11486128,10187,1,-35.00,35.00,-33.70,34.81,-0.579,0.593,-16673,16607,7.59,266.5,100.427,667.457,1,1,1
11496128,10197,1,-35.00,35.00,-33.70,34.04,-0.578,0.595,-16696,16629,7.60,266.8,101.098,668.469,1,1,1
11506132,10207,1,-35.00,35.00,-35.01,32.62,-0.574,0.600,-16722,16649,7.59,266.2,103.415,669.504,1,1,1
11516147,10217,1,-35.00,35.00,-36.82,32.50,-0.567,0.602,-16750,16671,7.59,266.2,100.732,670.512,1,1,1
11526147,10227,1,-35.00,35.00,-34.12,32.86,-0.575,0.599,-16769,16694,7.60,263.0,94.024,671.453,1,1,1
11536154,10237,1,-35.00,35.00,-33.55,33.55,-0.578,0.598,-16791,16718,7.59,268.5,90.854,672.362,1,1,1
11546156,10247,1,-35.00,35.00,-33.15,34.47,-0.580,0.594,-16813,16743,7.59,267.5,90.976,673.273,1,1,1
11556163,10257,1,-35.00,35.00,-33.75,34.68,-0.578,0.593,-16837,16767,7.60,265.2,95.000,674.224,1,1,1
11566165,10267,1,-35.00,35.00,-33.74,34.82,-0.579,0.594,-16860,16791,7.59,264.2,98.659,675.211,1,1,1
11576178,10277,1,-35.00,35.00,-34.60,34.92,-0.576,0.593,-16885,16815,7.59,266.0,101.768,676.230,1,1,1
11586188,10287,1,-35.00,35.00,-34.77,33.67,-0.574,0.597,-16909,16836,7.60,263.8,102.500,677.256,1,1,1
11596201,10297,1,-35.00,35.00,-34.88,33.68,-0.574,0.597,-16933,16859,7.59,263.8,102.256,678.279,1,1,1
11606204,10307,1,-35.00,35.00,-35.84,34.12,-0.571,0.597,-16959,16883,7.59,265.2,100.427,679.284,1,1,1
11616219,10317,1,-35.00,35.00,-36.08,34.43,-0.569,0.595,-16984,16907,7.60,263.5,99.390,680.279,1,1,1
11626225,10327,1,-35.00,35.00,-33.60,34.65,-0.577,0.593,-17003,16931,7.60,261.0,100.976,681.289,1,1,1
11636225,10337,1,-35.00,35.00,-32.75,35.24,-0.582,0.592,-17024,16956,7.59,264.8,100.610,682.296,1,1,1
11646234,10347,1,-35.00,35.00,-32.59,36.09,-0.582,0.588,-17046,16982,7.60,266.2,97.805,683.275,1,1,1
11656238,10357,1,-35.00,35.00,-33.80,36.25,-0.579,0.588,-17071,17007,7.59,264.2,96.829,684.244,1,1,1
11666238,10367,1,-35.00,35.00,-34.21,35.92,-0.577,0.587,-17095,17031,7.60,264.0,98.720,685.232,1,1,1
11676241,10377,1,-35.00,35.00,-34.05,35.69,-0.577,0.588,-17118,17055,7.60,261.2,100.549,686.238,1,1,1
11686253,10387,1,-35.00,35.00,-33.94,35.53,-0.579,0.589,-17141,17079,7.59,262.5,99.573,687.235,1,1,1
11696262,10397,1,-35.00,35.00,-34.31,34.54,-0.578,0.592,-17165,17101,7.59,264.0,96.646,688.202,1,1,1
11706271,10407,1,-35.00,35.00,-35.44,34.29,-0.572,0.593,-17191,17124,7.61,265.2,94.878,689.152,1,1,1
11716284,10417,1,-35.00,35.00,-33.60,34.99,-0.579,0.590,-17211,17149,7.60,263.0,94.817,690.101,1,1,1
11726284,10427,1,-35.00,35.00,-33.19,35.04,-0.581,0.590,-17233,17173,7.59,264.8,95.854,691.060,1,1,1
11736292,10437,1,-35.00,35.00,-33.34,35.95,-0.581,0.587,-17256,17199,7.59,265.8,95.122,692.012,1,1,1
11746301,10447,1,-35.00,35.00,-33.00,36.15,-0.583,0.585,-17278,17224,7.59,264.8,95.732,692.970,1,1,1
11756314,10457,1,-35.00,35.00,-33.65,36.73,-0.581,0.583,-17302,17250,7.59,262.8,98.110,693.952,1,1,1
11766325,10467,1,-35.00,35.00,-34.10,36.26,-0.579,0.584,-17326,17274,7.60,262.8,100.000,694.953,1,1,1
11776336,10477,1,-35.00,35.00,-33.98,35.93,-0.579,0.584,-17349,17298,7.60,263.0,98.293,695.937,1,1,1
11786347,10487,1,-35.00,35.00,-33.89,35.26,-0.580,0.586,-17372,17321,7.60,261.5,95.732,696.895,1,1,1
11796359,10497,1,-35.00,35.00,-34.71,35.23,-0.578,0.587,-17397,17345,7.59,264.0,95.366,697.849,1,1,1
11806362,10507,1,-35.00,35.00,-36.16,34.33,-0.572,0.590,-17424,17367,7.60,263.5,96.768,698.818,1,1,1
11816368,10517,1,-35.00,35.00,-35.42,34.14,-0.574,0.591,-17447,17390,7.60,261.5,98.354,699.802,1,1,1
11826370,10527,1,-35.00,35.00,-33.58,34.88,-0.581,0.588,-17467,17415,7.59,264.2,100.732,700.810,1,1,1
11836375,10537,1,-35.00,35.00,-32.74,35.84,-0.585,0.585,-17488,17441,7.59,264.8,100.732,701.818,1,1,1
11846377,10547,1,-35.00,35.00,-32.58,36.08,-0.585,0.582,-17510,17466,7.60,264.5,97.500,702.794,1,1,1
11856383,10557,1,-35.00,35.00,-33.80,36.24,-0.582,0.582,-17535,17491,7.59,263.2,98.232,703.777,1,1,1
11866383,10567,1,-35.00,35.00,-33.76,36.79,-0.582,0.579,-17558,17517,7.60,262.2,100.671,704.785,1,1,1
11876392,10577,1,-35.00,35.00,-34.18,35.42,-0.581,0.584,-17582,17539,7.60,261.0,100.061,705.786,1,1,1
11886398,10587,1,-35.00,35.00,-34.47,34.46,-0.579,0.587,-17606,17561,7.59,262.2,96.829,706.755,1,1,1
11896401,10597,1,-35.00,35.00,-35.56,33.35,-0.575,0.591,-17632,17582,7.60,263.5,97.195,707.728,1,1,1
11906408,10607,1,-35.00,35.00,-36.76,33.02,-0.571,0.594,-17659,17604,7.59,262.5,96.280,708.692,1,1,1
11916413,10617,1,-35.00,35.00,-35.84,33.22,-0.573,0.594,-17682,17627,7.59,262.0,94.939,709.642,1,1,1
11926427,10627,1,-35.00,35.00,-33.87,33.80,-0.580,0.592,-17702,17651,7.59,264.2,90.183,710.545,1,1,1
11936435,10637,1,-35.00,35.00,-31.18,34.65,-0.590,0.589,-17719,17676,7.59,265.5,87.805,711.424,1,1,1
11946444,10647,1,-35.00,35.00,-33.25,34.36,-0.583,0.589,-17745,17699,7.60,268.2,89.451,712.319,1,1,1
11956444,10657,1,-35.00,35.00,-33.82,34.16,-0.582,0.591,-17769,17722,7.59,265.5,94.085,713.261,1,1,1
11966444,10667,1,-35.00,35.00,-34.22,34.02,-0.580,0.591,-17793,17745,7.60,266.5,99.573,714.257,1,1,1
11976451,10677,1,-35.00,35.00,-34.94,34.36,-0.577,0.590,-17818,17769,7.60,268.0,103.049,715.288,1,1,1
11986459,10687,1,-35.00,35.00,-36.33,34.16,-0.572,0.592,-17845,17792,7.60,265.0,102.683,716.316,1,1,1
11996468,10697,1,-35.00,35.00,-39.05,33.58,-0.561,0.595,-17876,17814,7.60,262.0,102.195,717.339,1,1,1
12006481,10707,1,-35.00,35.00,-37.44,33.61,-0.565,0.595,-17899,17837,7.60,260.2,102.134,718.361,1,1,1
12016483,10717,1,-35.00,35.00,-35.88,33.20,-0.570,0.596,-17921,17859,7.60,261.0,96.341,719.325,1,1,1
12026496,10727,1,-35.00,35.00,-33.90,33.35,-0.576,0.595,-17941,17882,7.61,263.2,90.305,720.229,1,1,1
12036496,10737,1,-35.00,35.00,-31.20,33.89,-0.587,0.593,-17958,17906,7.60,264.0,84.695,721.077,1,1,1
12046507,10747,1,-35.00,35.00,-31.07,33.39,-0.589,0.595,-17979,17928,7.59,268.2,81.098,721.889,1,1,1
12056520,10757,1,-35.00,35.00,-33.18,33.48,-0.581,0.594,-18005,17951,7.60,270.5,83.659,722.726,1,1,1
12066529,10767,1,-35.00,35.00,-33.33,33.98,-0.582,0.593,-18028,17975,7.60,267.0,87.683,723.604,1,1,1
12076535,10777,1,-35.00,35.00,-33.88,33.90,-0.580,0.593,-18052,17998,7.60,266.8,87.500,724.479,1,1,1
12086542,10787,1,-35.00,35.00,-34.26,33.39,-0.578,0.595,-18076,18020,7.60,266.2,85.854,725.339,1,1,1
12096552,10797,1,-35.00,35.00,-34.97,33.48,-0.576,0.595,-18101,18043,7.60,266.2,87.744,726.217,1,1,1
12106556,10807,1,-35.00,35.00,-33.71,33.11,-0.581,0.597,-18122,18065,7.59,263.8,91.098,727.129,1,1,1
12116565,10817,1,-35.00,35.00,-33.70,33.28,-0.580,0.595,-18145,18088,7.60,267.5,91.829,728.048,1,1,1
12126572,10827,1,-35.00,35.00,-34.14,33.40,-0.579,0.596,-18169,18111,7.59,268.5,93.415,728.983,1,1,1
12136575,10837,1,-35.00,35.00,-34.44,33.49,-0.579,0.596,-18193,18134,7.58,265.2,96.037,729.944,1,1,1
12146583,10847,1,-35.00,35.00,-34.66,32.67,-0.576,0.598,-18217,18155,7.59,266.5,97.866,730.924,1,1,1
12156596,10857,1,-35.00,35.00,-34.81,32.54,-0.576,0.599,-18241,18177,7.59,267.2,99.512,731.919,1,1,1
12166609,10867,1,-35.00,35.00,-34.91,33.76,-0.576,0.596,-18265,18202,7.59,267.8,100.854,732.929,1,1,1
12176622,10877,1,-35.00,35.00,-36.30,34.62,-0.570,0.593,-18292,18227,7.60,265.8,99.329,733.923,1,1,1
12186622,10887,1,-35.00,35.00,-36.40,34.34,-0.570,0.594,-18317,18250,7.60,260.5,94.817,734.872,1,1,1
12196630,10897,1,-35.00,35.00,-37.34,33.71,-0.565,0.597,-18344,18272,7.60,261.5,90.854,735.781,1,1,1
12206640,10907,1,-35.00,35.00,-34.49,33.70,-0.575,0.596,-18363,18295,7.60,261.0,90.427,736.686,1,1,1
12216650,10917,1,-35.00,35.00,-32.93,34.14,-0.580,0.594,-18383,18319,7.60,263.8,89.085,737.578,1,1,1
12226653,10927,1,-35.00,35.00,-32.72,34.00,-0.582,0.594,-18405,18342,7.60,266.2,86.951,738.448,1,1,1
12236655,10937,1,-35.00,35.00,-34.33,34.35,-0.577,0.594,-18431,18366,7.60,269.2,89.085,739.340,1,1,1
12246655,10947,1,-35.00,35.00,-35.02,34.59,-0.574,0.593,-18456,18390,7.60,265.5,92.622,740.267,1,1,1
12256667,10957,1,-35.00,35.00,-35.06,34.76,-0.574,0.592,-18480,18414,7.60,263.0,93.841,741.206,1,1,1
12266668,10967,1,-35.00,35.00,-35.53,35.32,-0.573,0.591,-18505,18439,7.60,262.8,92.378,742.131,1,1,1
12276676,10977,1,-35.00,35.00,-36.30,34.39,-0.569,0.594,-18531,18461,7.61,261.8,89.695,743.029,1,1,1
12286683,10987,1,-35.00,35.00,-36.83,34.18,-0.567,0.595,-18557,18484,7.60,261.2,88.232,743.912,1,1,1
12296683,10997,1,-35.00,35.00,-35.01,34.47,-0.574,0.595,-18578,18508,7.59,261.0,90.549,744.818,1,1,1
12306683,11007,1,-35.00,35.00,-34.18,35.12,-0.577,0.593,-18600,18533,7.58,263.8,90.732,745.726,1,1,1
12316693,11017,1,-35.00,35.00,-34.47,35.57,-0.576,0.590,-18624,18558,7.59,267.2,90.915,746.636,1,1,1
12326693,11027,1,-35.00,35.00,-34.24,35.45,-0.577,0.590,-18647,18582,7.59,263.5,95.488,747.592,1,1,1
12336700,11037,1,-35.00,35.00,-35.39,35.36,-0.573,0.590,-18673,18606,7.60,264.8,99.634,748.589,1,1,1
12346706,11047,1,-35.00,35.00,-35.76,34.86,-0.572,0.593,-18698,18629,7.59,262.2,102.256,749.612,1,1,1
12356716,11057,1,-35.00,35.00,-36.46,35.39,-0.569,0.591,-18724,18654,7.60,262.2,101.524,750.628,1,1,1
12366731,11067,1,-35.00,35.00,-36.95,35.76,-0.566,0.590,-18750,18679,7.60,260.2,96.280,751.592,1,1,1
12376736,11077,1,-35.00,35.00,-36.85,36.02,-0.566,0.589,-18775,18704,7.60,258.0,93.720,752.530,1,1,1
12386743,11087,1,-35.00,35.00,-35.90,35.76,-0.569,0.589,-18798,18728,7.60,257.8,91.159,753.442,1,1,1
12396743,11097,1,-35.00,35.00,-33.92,36.02,-0.576,0.588,-18818,18753,7.59,259.5,88.232,754.325,1,1,1
12406751,11107,1,-35.00,35.00,-33.85,36.20,-0.576,0.586,-18841,18778,7.60,263.0,82.683,755.153,1,1,1
12416759,11117,1,-35.00,35.00,-34.24,36.76,-0.576,0.583,-18865,18804,7.60,261.5,83.110,755.985,1,1,1
12426761,11127,1,-35.00,35.00,-34.08,36.72,-0.576,0.582,-18888,18829,7.61,259.5,86.890,756.855,1,1,1
12436767,11137,1,-35.00,35.00,-34.84,36.25,-0.574,0.584,-18913,18853,7.61,260.8,91.037,757.766,1,1,1
12446774,11147,1,-35.00,35.00,-35.37,36.36,-0.572,0.583,-18938,18878,7.61,262.2,93.841,758.705,1,1,1
12456774,11157,1,-35.00,35.00,-35.75,36.88,-0.572,0.581,-18963,18904,7.60,259.2,95.915,759.665,1,1,1
12466774,11167,1,-35.00,35.00,-36.01,36.36,-0.570,0.582,-18988,18928,7.60,258.0,95.244,760.618,1,1,1
12476776,11177,1,-35.00,35.00,-36.19,36.00,-0.569,0.583,-19013,18952,7.61,258.0,91.524,761.534,1,1,1
12486776,11187,1,-35.00,35.00,-35.88,36.19,-0.571,0.583,-19037,18977,7.60,257.0,89.085,762.426,1,1,1
12496788,11197,1,-35.00,35.00,-33.91,35.88,-0.577,0.582,-19057,19001,7.61,258.2,88.049,763.307,1,1,1
12506792,11207,1,-35.00,35.00,-33.40,36.54,-0.580,0.580,-19079,19027,7.60,260.5,86.280,764.171,1,1,1
12516804,11217,1,-35.00,35.00,-33.49,37.00,-0.581,0.578,-19102,19053,7.59,260.5,88.720,765.059,1,1,1
12526811,11227,1,-35.00,35.00,-33.99,37.33,-0.579,0.575,-19126,19079,7.60,261.5,93.720,765.997,1,1,1
12536819,11237,1,-35.00,35.00,-34.34,37.56,-0.579,0.574,-19150,19105,7.60,258.5,98.902,766.987,1,1,1
12546830,11247,1,-35.00,35.00,-35.02,37.28,-0.577,0.574,-19175,19130,7.60,259.2,101.646,768.004,1,1,1
12556835,11257,1,-35.00,35.00,-35.94,36.64,-0.573,0.576,-19201,19154,7.60,257.0,100.427,769.009,1,1,1
12566837,11267,1,-35.00,35.00,-37.46,35.76,-0.567,0.579,-19229,19177,7.61,255.5,98.963,769.999,1,1,1
12576850,11277,1,-35.00,35.00,-37.65,34.70,-0.565,0.583,-19255,19199,7.60,254.2,95.671,770.957,1,1,1
12586852,11287,1,-35.00,35.00,-38.22,34.40,-0.562,0.585,-19282,19222,7.60,255.8,93.110,771.889,1,1,1
12596865,11297,1,-35.00,35.00,-35.54,35.06,-0.571,0.582,-19302,19247,7.60,254.5,93.720,772.827,1,1,1
12606873,11307,1,-35.00,35.00,-31.91,35.97,-0.584,0.578,-19318,19273,7.60,257.2,93.537,773.763,1,1,1
12616879,11317,1,-35.00,35.00,-31.57,37.04,-0.587,0.573,-19339,19300,7.60,262.0,93.476,774.699,1,1,1
12626882,11327,1,-35.00,35.00,-33.08,38.24,-0.583,0.568,-19364,19328,7.61,262.2,93.780,775.637,1,1,1
12636895,11337,1,-35.00,35.00,-33.71,39.51,-0.582,0.562,-19388,19357,7.61,256.8,95.610,776.594,1,1,1
12646906,11347,1,-35.00,35.00,-34.58,39.52,-0.580,0.561,-19413,19384,7.60,255.0,96.463,777.560,1,1,1
12656913,11357,1,-35.00,35.00,-34.75,38.21,-0.579,0.563,-19437,19408,7.61,253.3,96.707,778.527,1,1,1
12666926,11367,1,-35.00,35.00,-35.31,34.66,-0.576,0.575,-19462,19426,7.61,253.8,95.793,779.486,1,1,1
12676926,11377,1,-35.00,35.00,-37.90,31.73,-0.566,0.587,-19492,19443,7.60,257.2,90.610,780.393,1,1,1
12686933,11387,1,-35.00,35.00,-34.88,31.00,-0.576,0.590,-19511,19463,7.60,258.2,82.622,781.220,1,1,1
12696941,11397,1,-35.00,35.00,-34.09,32.69,-0.579,0.586,-19533,19488,7.59,264.2,77.317,781.994,1,1,1
12706943,11407,1,-35.00,35.00,-33.97,34.31,-0.580,0.580,-19556,19514,7.60,263.5,78.841,782.783,1,1,1
12716954,11417,1,-35.00,35.00,-33.88,34.12,-0.581,0.581,-19579,19537,7.60,260.0,82.378,783.608,1,1,1
12726966,11427,1,-35.00,35.00,-34.27,34.43,-0.579,0.580,-19603,19561,7.61,262.2,87.134,784.480,1,1,1
12736979,11437,1,-35.00,35.00,-34.97,34.21,-0.577,0.581,-19628,19584,7.61,260.8,94.207,785.423,1,1,1
12746988,11447,1,-35.00,35.00,-35.03,34.05,-0.577,0.582,-19652,19607,7.60,261.0,98.841,786.412,1,1,1
12756988,11457,1,-35.00,35.00,-35.51,34.39,-0.576,0.582,-19677,19631,7.59,262.0,99.329,787.406,1,1,1
12766997,11467,1,-35.00,35.00,-35.40,34.18,-0.575,0.582,-19701,19654,7.60,260.2,97.378,788.381,1,1,1
12777004,11478,1,-35.00,35.00,-35.33,33.59,-0.576,0.586,-19725,19676,7.59,260.0,95.244,789.334,1,1,1
12787012,11488,1,-35.00,35.00,-34.40,33.18,-0.578,0.587,-19747,19698,7.59,262.5,93.171,790.267,1,1,1
12797017,11498,1,-35.00,35.00,-34.19,32.90,-0.579,0.589,-19770,19720,7.59,263.2,88.293,791.150,1,1,1
12807029,11508,1,-35.00,35.00,-33.16,33.57,-0.584,0.587,-19791,19744,7.59,263.5,84.512,791.996,1,1,1
12817042,11518,1,-35.00,35.00,-33.76,33.61,-0.581,0.587,-19815,19767,7.60,265.2,87.622,792.873,1,1,1
12827042,11528,1,-35.00,35.00,-34.18,33.63,-0.579,0.587,-19839,19790,7.60,264.8,92.439,793.798,1,1,1
12837055,11538,1,-35.00,35.00,-34.03,33.65,-0.580,0.587,-19862,19813,7.60,263.5,97.561,794.775,1,1,1
12847064,11548,1,-35.00,35.00,-34.37,34.54,-0.579,0.585,-19886,19838,7.60,264.0,99.207,795.768,1,1,1
12857068,11558,1,-35.00,35.00,-34.61,33.41,-0.578,0.589,-19910,19859,7.59,262.8,97.256,796.741,1,1,1
12867070,11568,1,-35.00,35.00,-35.21,32.61,-0.576,0.593,-19935,19880,7.60,264.5,94.024,797.682,1,1,1
12877079,11578,1,-35.00,35.00,-35.19,32.50,-0.575,0.593,-19959,19902,7.60,264.8,91.220,798.595,1,1,1
12887092,11588,1,-35.00,35.00,-33.86,32.86,-0.580,0.593,-19980,19925,7.60,263.5,90.610,799.502,1,1,1
12897100,11598,1,-35.00,35.00,-33.37,33.55,-0.582,0.591,-20002,19949,7.59,266.5,89.939,800.402,1,1,1
12907116,11608,1,-35.00,35.00,-33.47,34.03,-0.581,0.589,-20025,19973,7.61,266.8,92.378,801.327,1,1,1
12917119,11618,1,-35.00,35.00,-33.54,33.93,-0.581,0.590,-20048,19996,7.60,266.8,97.012,802.298,1,1,1
12927132,11628,1,-35.00,35.00,-34.02,33.42,-0.579,0.593,-20072,20018,7.59,265.8,101.220,803.311,1,1,1
12937132,11638,1,-35.00,35.00,-34.36,33.06,-0.578,0.594,-20096,20040,7.60,267.2,103.354,804.345,1,1,1
12947132,11648,1,-35.00,35.00,-34.60,33.25,-0.578,0.595,-20120,20063,7.59,266.2,102.500,805.371,1,1,1
12957132,11658,1,-35.00,35.00,-35.65,33.38,-0.574,0.595,-20146,20086,7.59,266.0,101.280,806.385,1,1,1
12967139,11668,1,-35.00,35.00,-35.94,33.04,-0.572,0.597,-20171,20108,7.60,264.0,98.354,807.369,1,1,1
12977150,11678,1,-35.00,35.00,-34.39,33.23,-0.577,0.596,-20192,20131,7.60,264.0,95.793,808.328,1,1,1
12987162,11688,1,-35.00,35.00,-33.30,33.37,-0.581,0.596,-20213,20154,7.60,266.5,92.988,809.258,1,1,1
12997162,11698,1,-35.00,35.00,-32.98,33.47,-0.582,0.595,-20235,20177,7.60,267.5,89.634,810.156,1,1,1
13007163,11708,1,-35.00,35.00,-33.63,33.09,-0.580,0.597,-20259,20199,7.60,268.5,91.402,811.070,1,1,1
13017178,11718,1,-35.00,35.00,-34.53,32.83,-0.576,0.598,-20284,20221,7.60,267.0,96.159,812.033,1,1,1
13027178,11728,1,-35.00,35.00,-34.72,32.65,-0.575,0.598,-20308,20243,7.60,266.8,100.854,813.042,1,1,1
13037180,11738,1,-35.00,35.00,-34.85,32.52,-0.575,0.599,-20332,20265,7.60,265.8,102.500,814.068,1,1,1
13047180,11748,1,-35.00,35.00,-33.62,33.31,-0.579,0.596,-20353,20289,7.60,265.2,100.122,815.070,1,1,1
13057192,11758,1,-35.00,35.00,-33.20,33.43,-0.581,0.596,-20375,20312,7.59,267.5,93.902,816.010,1,1,1
13067201,11768,1,-35.00,35.00,-33.79,33.07,-0.579,0.598,-20399,20334,7.59,268.8,84.939,816.860,1,1,1
13077210,11778,1,-35.00,35.00,-33.76,32.81,-0.579,0.599,-20422,20356,7.59,267.8,84.146,817.702,1,1,1
13087222,11788,1,-35.00,35.00,-33.30,33.08,-0.580,0.598,-20444,20379,7.59,268.8,87.256,818.576,1,1,1
13097234,11798,1,-35.00,35.00,-33.42,32.38,-0.580,0.600,-20467,20400,7.59,268.8,90.793,819.484,1,1,1
13107245,11808,1,-35.00,35.00,-33.50,32.34,-0.579,0.601,-20490,20422,7.59,271.2,97.012,820.455,1,1,1
13117256,11818,1,-35.00,35.00,-33.12,33.18,-0.581,0.598,-20512,20446,7.59,269.8,103.354,821.490,1,1,1
13127262,11828,1,-35.00,35.00,-32.85,32.90,-0.581,0.598,-20534,20468,7.59,270.2,106.646,822.557,1,1,1
13137262,11838,1,-35.00,35.00,-32.22,33.57,-0.584,0.596,-20555,20492,7.59,271.5,105.915,823.617,1,1,1
13147269,11848,1,-35.00,35.00,-32.22,33.17,-0.584,0.598,-20577,20514,7.58,270.5,103.841,824.656,1,1,1
13157269,11858,1,-35.00,35.00,-32.66,32.45,-0.582,0.599,-20600,20535,7.59,271.2,102.378,825.681,1,1,1
13167269,11868,1,-35.00,35.00,-33.41,31.50,-0.579,0.603,-20624,20555,7.59,270.8,98.902,826.671,1,1,1
13177269,11878,1,-35.00,35.00,-33.06,32.16,-0.580,0.600,-20646,20578,7.60,272.2,95.427,827.626,1,1,1
13187277,11888,1,-35.00,35.00,-33.69,32.62,-0.578,0.600,-20670,20601,7.59,270.8,97.012,828.597,1,1,1
13197277,11898,1,-35.00,35.00,-32.81,33.38,-0.581,0.597,-20691,20625,7.60,269.5,101.463,829.612,1,1,1
13207284,11908,1,-35.00,35.00,-33.07,33.91,-0.580,0.595,-20714,20649,7.60,269.8,105.122,830.664,1,1,1
13217291,11918,1,-35.00,35.00,-32.82,34.73,-0.582,0.592,-20736,20674,7.60,268.2,104.695,831.712,1,1,1
13227299,11928,1,-35.00,35.00,-33.08,35.73,-0.581,0.588,-20759,20700,7.60,265.8,102.866,832.741,1,1,1
13237307,11938,1,-35.00,35.00,-33.26,35.56,-0.581,0.588,-20782,20724,7.60,264.8,102.622,833.768,1,1,1
13247316,11948,1,-35.00,35.00,-33.83,33.24,-0.578,0.596,-20806,20743,7.60,264.5,105.305,834.822,1,1,1
13257323,11958,1,-35.00,35.00,-37.31,32.06,-0.567,0.603,-20837,20763,7.59,266.5,107.012,835.893,1,1,1
13267325,11968,1,-35.00,35.00,-35.34,32.55,-0.572,0.600,-20858,20786,7.60,264.2,101.524,836.909,1,1,1
13277338,11978,1,-35.00,35.00,-33.53,32.89,-0.579,0.599,-20878,20809,7.59,265.0,94.329,837.853,1,1,1
13287347,11988,1,-35.00,35.00,-32.70,34.01,-0.582,0.595,-20899,20834,7.60,266.5,90.488,838.759,1,1,1
13297347,11998,1,-35.00,35.00,-32.56,34.79,-0.583,0.592,-20921,20859,7.59,267.8,92.805,839.688,1,1,1
13307362,12008,1,-35.00,35.00,-33.34,35.78,-0.581,0.589,-20945,20885,7.59,266.5,95.549,840.644,1,1,1
13317362,12018,1,-35.00,35.00,-33.88,36.03,-0.579,0.587,-20969,20910,7.59,264.2,98.415,841.629,1,1,1
13327375,12028,1,-35.00,35.00,-34.26,35.77,-0.578,0.588,-20993,20934,7.60,263.0,99.390,842.624,1,1,1
13337377,12038,1,-35.00,35.00,-34.09,33.83,-0.578,0.594,-21016,20954,7.60,263.8,99.878,843.623,1,1,1
13347377,12048,1,-35.00,35.00,-34.85,32.91,-0.575,0.598,-21041,20975,7.60,266.2,99.085,844.615,1,1,1
13357382,12058,1,-35.00,35.00,-35.82,33.58,-0.572,0.597,-21067,20999,7.59,265.5,94.817,845.564,1,1,1
13367392,12068,1,-35.00,35.00,-33.86,34.05,-0.578,0.594,-21087,21023,7.60,264.2,92.500,846.490,1,1,1
13377405,12078,1,-35.00,35.00,-33.37,35.26,-0.580,0.590,-21109,21049,7.60,266.2,94.207,847.433,1,1,1
13387405,12088,1,-35.00,35.00,-32.59,36.11,-0.583,0.586,-21130,21075,7.60,264.8,95.610,848.389,1,1,1
13397405,12098,1,-35.00,35.00,-32.92,36.70,-0.583,0.584,-21153,21101,7.60,264.2,102.500,849.415,1,1,1
13407407,12108,1,-35.00,35.00,-33.59,37.12,-0.581,0.582,-21177,21127,7.60,264.5,105.671,850.473,1,1,1
13417413,12118,1,-35.00,35.00,-33.62,37.41,-0.582,0.580,-21200,21153,7.59,262.8,105.732,851.531,1,1,1
13427427,12128,1,-35.00,35.00,-34.08,37.61,-0.580,0.578,-21224,21179,7.60,261.0,102.683,852.559,1,1,1
13437438,12138,1,-35.00,35.00,-34.40,34.68,-0.579,0.588,-21248,21198,7.60,259.8,99.756,853.557,1,1,1
13447451,12148,1,-35.00,35.00,-36.39,33.94,-0.571,0.591,-21276,21220,7.60,264.0,95.244,854.510,1,1,1
13457451,12158,1,-35.00,35.00,-33.82,33.43,-0.580,0.593,-21295,21242,7.60,261.0,90.610,855.417,1,1,1
13467465,12168,1,-35.00,35.00,-32.46,33.95,-0.585,0.591,-21315,21266,7.60,266.0,88.354,856.301,1,1,1
13477476,12178,1,-35.00,35.00,-32.39,35.19,-0.586,0.587,-21337,21292,7.59,267.0,91.220,857.214,1,1,1
13487476,12188,1,-35.00,35.00,-32.78,36.50,-0.585,0.582,-21360,21319,7.60,266.0,97.195,858.187,1,1,1
13497476,12198,1,-35.00,35.00,-32.62,37.41,-0.586,0.578,-21382,21346,7.60,263.8,101.463,859.203,1,1,1
13507480,12208,1,-35.00,35.00,-32.94,38.49,-0.586,0.573,-21405,21374,7.59,262.8,99.451,860.198,1,1,1
13517489,12218,1,-35.00,35.00,-33.60,37.93,-0.584,0.573,-21429,21399,7.60,262.0,95.427,861.153,1,1,1
13527489,12228,1,-35.00,35.00,-33.19,36.66,-0.585,0.576,-21451,21422,7.61,260.8,94.146,862.095,1,1,1
13537495,12238,1,-35.00,35.00,-33.78,34.45,-0.583,0.584,-21475,21442,7.60,261.2,94.634,863.042,1,1,1
13547495,12248,1,-35.00,35.00,-35.07,32.90,-0.578,0.590,-21501,21462,7.60,262.2,93.415,863.977,1,1,1
13557498,12258,1,-35.00,35.00,-35.98,32.70,-0.575,0.592,-21527,21484,7.60,264.8,92.317,864.901,1,1,1
13567511,12268,1,-35.00,35.00,-33.97,33.88,-0.581,0.587,-21547,21509,7.61,262.8,95.305,865.855,1,1,1
13577513,12278,1,-35.00,35.00,-33.01,35.14,-0.585,0.583,-21568,21535,7.60,263.0,95.793,866.814,1,1,1
13587520,12288,1,-35.00,35.00,-32.33,36.02,-0.589,0.580,-21589,21561,7.59,263.2,95.549,867.770,1,1,1
13597529,12298,1,-35.00,35.00,-33.62,36.64,-0.584,0.577,-21614,21587,7.60,265.2,98.110,868.752,1,1,1
13607535,12308,1,-35.00,35.00,-33.64,37.08,-0.585,0.575,-21637,21613,7.59,261.8,99.390,869.747,1,1,1
13617535,12318,1,-35.00,35.00,-34.10,36.94,-0.584,0.575,-21661,21638,7.59,262.2,97.256,870.720,1,1,1
13627544,12328,1,-35.00,35.00,-33.97,35.53,-0.584,0.579,-21684,21660,7.60,260.2,95.305,871.674,1,1,1
13637544,12338,1,-35.00,35.00,-33.89,34.10,-0.584,0.584,-21707,21681,7.60,261.0,93.232,872.607,1,1,1
13647552,12348,1,-35.00,35.00,-35.59,32.66,-0.577,0.589,-21734,21701,7.61,262.8,90.610,873.514,1,1,1
13657559,12358,1,-35.00,35.00,-34.58,32.53,-0.581,0.591,-21756,21723,7.60,262.0,88.537,874.400,1,1,1
13667571,12368,1,-35.00,35.00,-33.87,33.32,-0.583,0.589,-21778,21747,7.59,265.2,87.195,875.273,1,1,1
13677574,12378,1,-35.00,35.00,-33.38,34.31,-0.585,0.585,-21800,21772,7.60,266.2,87.195,876.146,1,1,1
13687586,12388,1,-35.00,35.00,-29.96,34.56,-0.597,0.583,-21815,21796,7.60,264.0,90.793,877.055,1,1,1
13697595,12398,1,-35.00,35.00,-35.03,34.74,-0.580,0.584,-21847,21820,7.59,271.0,94.695,878.002,1,1,1
13707610,12408,1,-35.00,35.00,-35.07,34.43,-0.580,0.585,-21871,21843,7.60,261.8,97.805,878.981,1,1,1
13717622,12418,1,-35.00,35.00,-34.66,35.52,-0.582,0.582,-21894,21869,7.59,263.8,96.463,879.947,1,1,1
13727633,12428,1,-35.00,35.00,-34.37,34.10,-0.583,0.587,-21917,21890,7.59,263.0,92.744,880.875,1,1,1
13737645,12438,1,-35.00,35.00,-34.60,33.10,-0.581,0.590,-21941,21911,7.59,264.8,91.280,881.789,1,1,1
13747648,12448,1,-35.00,35.00,-36.53,32.83,-0.575,0.593,-21969,21933,7.59,264.8,92.195,882.711,1,1,1
13757648,12458,1,-35.00,35.00,-34.36,33.53,-0.582,0.590,-21989,21957,7.59,264.0,92.988,883.642,1,1,1
13767655,12468,1,-35.00,35.00,-33.28,33.58,-0.586,0.591,-22010,21980,7.59,265.2,90.854,884.551,1,1,1
13777659,12478,1,-35.00,35.00,-33.84,34.05,-0.584,0.590,-22034,22004,7.59,267.5,89.817,885.450,1,1,1
13787660,12488,1,-35.00,35.00,-33.80,33.50,-0.584,0.591,-22057,22026,7.59,265.8,91.341,886.365,1,1,1
13797660,12498,1,-35.00,35.00,-34.20,34.00,-0.583,0.590,-22081,22050,7.59,266.8,92.683,887.292,1,1,1
13807666,12508,1,-35.00,35.00,-34.05,33.91,-0.583,0.590,-22104,22073,7.59,265.5,90.732,888.200,1,1,1
13817667,12518,1,-35.00,35.00,-34.38,33.84,-0.582,0.590,-22128,22096,7.59,265.2,86.524,889.066,1,1,1
13827676,12528,1,-35.00,35.00,-34.61,33.80,-0.581,0.591,-22152,22119,7.60,264.8,85.122,889.918,1,1,1
13837678,12538,1,-35.00,35.00,-35.22,33.33,-0.579,0.593,-22177,22141,7.59,265.5,87.317,890.792,1,1,1
13847691,12548,1,-35.00,35.00,-34.76,33.00,-0.580,0.594,-22200,22163,7.60,265.8,90.183,891.695,1,1,1
13857694,12558,1,-35.00,35.00,-33.56,33.64,-0.584,0.592,-22221,22187,7.59,266.0,92.439,892.620,1,1,1
13867704,12568,1,-35.00,35.00,-33.60,33.66,-0.584,0.591,-22244,22210,7.59,267.5,91.829,893.539,1,1,1
13877708,12578,1,-35.00,35.00,-34.07,33.67,-0.582,0.592,-22268,22233,7.59,267.8,92.927,894.469,1,1,1
13887713,12588,1,-35.00,35.00,-34.39,33.24,-0.580,0.592,-22292,22255,7.60,266.8,95.305,895.423,1,1,1
13897721,12598,1,-35.00,35.00,-34.62,33.37,-0.580,0.592,-22316,22278,7.60,266.5,94.573,896.370,1,1,1
13907728,12608,1,-35.00,35.00,-34.34,33.91,-0.581,0.591,-22339,22302,7.60,266.5,92.744,897.298,1,1,1
13917728,12618,1,-35.00,35.00,-34.59,34.28,-0.580,0.589,-22363,22326,7.60,266.8,92.439,898.223,1,1,1
13927731,12628,1,-35.00,35.00,-35.64,34.54,-0.577,0.589,-22389,22350,7.59,265.5,92.927,899.153,1,1,1
13937744,12638,1,-35.00,35.00,-36.81,34.29,-0.572,0.590,-22416,22373,7.60,263.0,93.049,900.084,1,1,1
13947751,12648,1,-35.00,35.00,-36.31,34.11,-0.572,0.590,-22440,22396,7.61,260.5,93.780,901.023,1,1,1
13957754,12658,1,-35.00,35.00,-33.77,34.42,-0.582,0.590,-22459,22420,7.60,261.5,95.061,901.974,1,1,1
13967767,12668,1,-35.00,35.00,-33.31,34.64,-0.584,0.589,-22481,22444,7.59,264.0,93.293,902.908,1,1,1
13977769,12678,1,-35.00,35.00,-33.86,35.24,-0.583,0.587,-22505,22469,7.59,265.5,91.098,903.820,1,1,1
13987782,12688,1,-35.00,35.00,-34.69,35.21,-0.579,0.586,-22530,22493,7.60,264.2,92.317,904.744,1,1,1
13997782,12698,1,-35.00,35.00,-35.27,36.07,-0.579,0.584,-22555,22519,7.59,263.0,91.768,905.663,1,1,1
14007788,12708,1,-35.00,35.00,-35.24,35.36,-0.578,0.586,-22579,22542,7.60,261.0,90.732,906.571,1,1,1
14017788,12718,1,-35.00,35.00,-36.09,34.42,-0.575,0.589,-22605,22564,7.60,262.5,89.512,907.467,1,1,1
14027800,12728,1,-35.00,35.00,-37.13,34.64,-0.571,0.590,-22632,22588,7.59,262.2,86.768,908.335,1,1,1
14037803,12738,1,-35.00,35.00,-36.10,34.80,-0.573,0.588,-22655,22612,7.60,260.0,87.744,909.213,1,1,1
14047804,12748,1,-35.00,35.00,-34.06,35.34,-0.580,0.586,-22675,22637,7.60,261.8,92.256,910.137,1,1,1
14057807,12758,1,-35.00,35.00,-33.95,35.73,-0.582,0.585,-22698,22662,7.59,261.8,92.195,911.060,1,1,1
14067819,12768,1,-35.00,35.00,-34.31,35.99,-0.581,0.584,-22722,22687,7.59,263.2,93.476,911.995,1,1,1
14077827,12778,1,-35.00,35.00,-35.00,36.18,-0.579,0.583,-22747,22712,7.59,262.8,96.220,912.958,1,1,1
14087827,12788,1,-35.00,35.00,-35.49,35.44,-0.578,0.586,-22772,22735,7.59,260.5,95.793,913.917,1,1,1
14097837,12798,1,-35.00,35.00,-35.39,35.79,-0.577,0.583,-22796,22760,7.60,262.8,94.146,914.859,1,1,1
14107850,12808,1,-35.00,35.00,-35.76,35.60,-0.576,0.584,-22821,22784,7.59,260.8,92.317,915.783,1,1,1
14117864,12818,1,-35.00,35.00,-37.34,35.47,-0.571,0.586,-22849,22808,7.58,260.2,90.793,916.692,1,1,1
14127873,12828,1,-35.00,35.00,-37.12,35.81,-0.570,0.584,-22874,22833,7.60,257.8,90.610,917.599,1,1,1
14137886,12838,1,-35.00,35.00,-34.77,36.50,-0.578,0.581,-22894,22859,7.59,258.8,93.354,918.533,1,1,1
14147895,12848,1,-35.00,35.00,-33.57,36.53,-0.583,0.579,-22915,22884,7.60,260.5,94.085,919.475,1,1,1
14157895,12858,1,-35.00,35.00,-33.61,37.00,-0.583,0.577,-22938,22910,7.59,260.2,90.793,920.383,1,1,1
14167903,12868,1,-35.00,35.00,-34.07,38.20,-0.583,0.572,-22962,22938,7.59,261.2,91.646,921.301,1,1,1
14177906,12878,1,-35.00,35.00,-34.40,37.73,-0.582,0.573,-22986,22963,7.59,260.2,93.110,922.233,1,1,1
14187913,12888,1,-35.00,35.00,-34.62,38.28,-0.582,0.570,-23010,22990,7.60,260.8,92.317,923.157,1,1,1
14197913,12898,1,-35.00,35.00,-35.22,36.90,-0.579,0.573,-23035,23013,7.61,258.5,91.524,924.073,1,1,1
14207913,12908,1,-35.00,35.00,-36.08,34.62,-0.576,0.581,-23061,23033,7.60,257.8,91.280,924.986,1,1,1
14217917,12918,1,-35.00,35.00,-37.56,34.34,-0.571,0.584,-23089,23056,7.59,260.0,88.354,925.871,1,1,1
14227921,12928,1,-35.00,35.00,-37.28,34.59,-0.570,0.583,-23114,23080,7.60,259.5,85.183,926.723,1,1,1
14237925,12938,1,-35.00,35.00,-35.32,35.64,-0.576,0.578,-23135,23106,7.60,257.8,87.988,927.604,1,1,1
14247925,12948,1,-35.00,35.00,-33.08,36.37,-0.585,0.575,-23154,23132,7.60,258.0,92.134,928.526,1,1,1
14257928,12958,1,-35.00,35.00,-32.82,36.89,-0.587,0.572,-23176,23158,7.60,262.0,91.951,929.447,1,1,1
14267933,12968,1,-35.00,35.00,-33.52,38.12,-0.585,0.567,-23200,23186,7.61,261.2,93.902,930.386,1,1,1
14277940,12978,1,-35.00,35.00,-34.01,39.87,-0.585,0.560,-23224,23216,7.60,257.8,96.951,931.357,1,1,1
14287943,12988,1,-35.00,35.00,-34.79,39.77,-0.583,0.559,-23249,23243,7.60,256.0,96.463,932.322,1,1,1
14297956,12998,1,-35.00,35.00,-34.90,40.15,-0.583,0.556,-23273,23271,7.60,255.5,95.244,933.275,1,1,1
14307971,13008,1,-35.00,35.00,-34.98,36.45,-0.584,0.568,-23297,23290,7.59,252.8,93.659,934.213,1,1,1
14317982,13018,1,-35.00,35.00,-36.35,32.11,-0.577,0.583,-23324,23305,7.60,258.5,90.427,935.118,1,1,1
14327988,13028,1,-35.00,35.00,-36.43,31.27,-0.575,0.587,-23349,23325,7.60,259.5,85.549,935.974,1,1,1
14338001,13039,1,-35.00,35.00,-35.61,32.87,-0.578,0.582,-23372,23350,7.60,261.5,80.488,936.780,1,1,1
14348004,13049,1,-35.00,35.00,-34.16,34.00,-0.584,0.580,-23393,23375,7.59,261.0,83.232,937.613,1,1,1
14358012,13059,1,-35.00,35.00,-33.58,34.78,-0.585,0.576,-23415,23400,7.60,263.0,88.354,938.497,1,1,1
14368019,13069,1,-35.00,35.00,-34.05,36.21,-0.585,0.571,-23439,23427,7.59,263.2,90.305,939.401,1,1,1
14378019,13079,1,-35.00,35.00,-34.38,37.22,-0.584,0.567,-23463,23454,7.60,259.8,92.439,940.326,1,1,1
14388032,13089,1,-35.00,35.00,-35.49,37.04,-0.580,0.567,-23489,23479,7.60,258.8,92.744,941.255,1,1,1
14398034,13099,1,-35.00,35.00,-35.39,36.47,-0.580,0.568,-23513,23503,7.61,256.2,92.866,942.184,1,1,1
14408034,13109,1,-35.00,35.00,-35.32,33.44,-0.580,0.579,-23537,23521,7.60,256.0,92.500,943.110,1,1,1
14418042,13119,1,-35.00,35.00,-36.59,32.20,-0.574,0.583,-23564,23541,7.61,261.0,89.390,944.005,1,1,1
14428046,13129,1,-35.00,35.00,-35.28,31.77,-0.579,0.587,-23586,23562,7.60,260.5,84.573,944.851,1,1,1
14438047,13139,1,-35.00,35.00,-34.80,32.78,-0.580,0.584,-23609,23586,7.60,263.5,82.622,945.678,1,1,1
14448047,13149,1,-35.00,35.00,-34.47,33.93,-0.582,0.580,-23632,23611,7.60,262.5,83.598,946.515,1,1,1
14458047,13159,1,-35.00,35.00,-34.24,34.74,-0.583,0.578,-23655,23636,7.60,262.8,86.524,947.381,1,1,1
14468055,13169,1,-35.00,35.00,-34.51,34.43,-0.582,0.579,-23679,23659,7.59,262.8,90.244,948.284,1,1,1
14478064,13179,1,-35.00,35.00,-34.71,34.21,-0.581,0.580,-23703,23682,7.60,261.0,94.573,949.231,1,1,1
14488077,13189,1,-35.00,35.00,-34.84,33.61,-0.581,0.583,-23727,23704,7.60,261.5,97.073,950.202,1,1,1
14498077,13199,1,-35.00,35.00,-34.94,33.64,-0.580,0.583,-23751,23727,7.60,263.0,97.683,951.180,1,1,1
14508077,13209,1,-35.00,35.00,-35.88,33.21,-0.576,0.585,-23777,23749,7.60,262.0,97.683,952.158,1,1,1
14518079,13219,1,-35.00,35.00,-35.66,32.92,-0.577,0.587,-23801,23771,7.60,261.2,96.280,953.121,1,1,1
14528079,13229,1,-35.00,35.00,-35.07,32.71,-0.579,0.588,-23824,23793,7.59,262.5,94.573,954.068,1,1,1
14538088,13239,1,-35.00,35.00,-33.78,32.56,-0.582,0.589,-23845,23815,7.60,263.5,92.561,954.994,1,1,1
14548088,13249,1,-35.00,35.00,-33.31,33.34,-0.585,0.587,-23867,23839,7.60,264.5,88.537,955.880,1,1,1
14558100,13259,1,-35.00,35.00,-32.99,33.45,-0.587,0.587,-23889,23862,7.59,265.8,87.744,956.759,1,1,1
14568100,13269,1,-35.00,35.00,-33.64,33.52,-0.584,0.587,-23913,23885,7.60,266.8,91.829,957.678,1,1,1
14578110,13279,1,-35.00,35.00,-34.09,33.57,-0.583,0.587,-23937,23908,7.60,264.8,96.768,958.646,1,1,1
14588116,13289,1,-35.00,35.00,-33.97,34.05,-0.584,0.586,-23960,23932,7.59,263.8,99.451,959.642,1,1,1
14598117,13299,1,-35.00,35.00,-34.77,33.06,-0.581,0.590,-23985,23953,7.59,263.8,98.598,960.628,1,1,1
14608120,13309,1,-35.00,35.00,-35.76,32.37,-0.576,0.594,-24011,23974,7.60,265.8,96.463,961.594,1,1,1
14618134,13319,1,-35.00,35.00,-36.02,31.89,-0.575,0.597,-24036,23995,7.60,264.5,93.171,962.526,1,1,1
14628141,13329,1,-35.00,35.00,-34.44,31.99,-0.580,0.597,-24057,24017,7.59,266.0,91.524,963.442,1,1,1
14638147,13339,1,-35.00,35.00,-33.34,33.38,-0.584,0.592,-24078,24042,7.59,268.0,92.622,964.369,1,1,1
14648158,13349,1,-35.00,35.00,-33.00,33.91,-0.586,0.590,-24100,24066,7.59,268.0,91.829,965.289,1,1,1
14658171,13359,1,-35.00,35.00,-33.21,33.85,-0.585,0.591,-24123,24089,7.59,269.0,93.415,966.223,1,1,1
14668180,13369,1,-35.00,35.00,-33.79,33.36,-0.583,0.592,-24147,24111,7.60,268.2,97.622,967.201,1,1,1
14678186,13379,1,-35.00,35.00,-34.20,32.58,-0.581,0.595,-24171,24132,7.60,267.5,100.061,968.202,1,1,1
14688192,13389,1,-35.00,35.00,-34.49,32.47,-0.581,0.596,-24195,24154,7.59,268.8,99.634,969.199,1,1,1
14698200,13399,1,-35.00,35.00,-34.69,32.84,-0.580,0.595,-24219,24177,7.59,268.8,98.659,970.186,1,1,1
14708201,13409,1,-35.00,35.00,-36.15,32.22,-0.574,0.598,-24246,24198,7.60,267.0,97.012,971.157,1,1,1
14718210,13419,1,-35.00,35.00,-35.85,32.66,-0.575,0.597,-24270,24221,7.59,264.0,95.122,972.109,1,1,1
14728216,13429,1,-35.00,35.00,-34.32,33.41,-0.579,0.593,-24291,24245,7.60,265.8,96.098,973.071,1,1,1
14738222,13439,1,-35.00,35.00,-33.26,33.93,-0.583,0.591,-24312,24269,7.60,265.5,95.610,974.028,1,1,1
14748232,13449,1,-35.00,35.00,-33.39,33.86,-0.583,0.592,-24335,24292,7.59,265.0,93.902,974.968,1,1,1
14758234,13459,1,-35.00,35.00,-33.92,32.93,-0.581,0.595,-24359,24313,7.59,266.5,94.817,975.917,1,1,1
14768245,13469,1,-35.00,35.00,-34.73,32.28,-0.578,0.597,-24384,24334,7.60,267.5,97.866,976.896,1,1,1
14778253,13479,1,-35.00,35.00,-35.30,31.82,-0.575,0.599,-24409,24355,7.60,267.2,100.488,977.902,1,1,1
14788253,13489,1,-35.00,35.00,-35.25,32.38,-0.576,0.598,-24433,24378,7.59,267.5,100.915,978.912,1,1,1
14798256,13499,1,-35.00,35.00,-33.91,33.22,-0.580,0.595,-24454,24402,7.59,266.0,100.488,979.918,1,1,1
14808256,13509,1,-35.00,35.00,-33.40,32.92,-0.583,0.597,-24476,24424,7.58,267.2,95.671,980.875,1,1,1
14818262,13519,1,-35.00,35.00,-33.93,33.15,-0.581,0.596,-24500,24447,7.59,271.5,87.988,981.756,1,1,1
14828269,13529,1,-35.00,35.00,-33.86,32.87,-0.580,0.596,-24523,24469,7.60,268.8,86.829,982.625,1,1,1
14838277,13539,1,-35.00,35.00,-34.25,32.68,-0.579,0.598,-24547,24491,7.59,268.2,89.146,983.517,1,1,1
14848277,13549,1,-35.00,35.00,-33.64,32.98,-0.580,0.596,-24569,24514,7.59,268.8,91.707,984.435,1,1,1
14858279,13559,1,-35.00,35.00,-33.66,32.76,-0.580,0.597,-24592,24536,7.60,269.8,95.549,985.391,1,1,1
14868292,13569,1,-35.00,35.00,-33.67,32.60,-0.580,0.598,-24615,24558,7.59,270.5,100.183,986.394,1,1,1
14878294,13579,1,-35.00,35.00,-33.23,32.49,-0.582,0.599,-24637,24580,7.59,268.5,102.744,987.422,1,1,1
14888307,13589,1,-35.00,35.00,-32.93,32.85,-0.582,0.597,-24659,24603,7.60,271.0,103.232,988.455,1,1,1
14898307,13599,1,-35.00,35.00,-33.16,32.66,-0.582,0.598,-24682,24625,7.59,270.2,102.744,989.484,1,1,1
14908307,13609,1,-35.00,35.00,-33.32,32.09,-0.581,0.599,-24705,24646,7.60,270.0,100.610,990.491,1,1,1
14918317,13619,1,-35.00,35.00,-33.43,32.57,-0.580,0.598,-24728,24669,7.60,269.8,97.683,991.468,1,1,1
14928321,13629,1,-35.00,35.00,-33.51,32.47,-0.580,0.598,-24751,24691,7.60,268.5,102.134,992.490,1,1,1
14938331,13639,1,-35.00,35.00,-33.56,33.27,-0.580,0.596,-24774,24715,7.59,269.5,104.756,993.539,1,1,1
14948344,13649,1,-35.00,35.00,-33.16,33.84,-0.581,0.594,-24796,24739,7.60,268.5,105.915,994.599,1,1,1
14958353,13659,1,-35.00,35.00,-33.32,34.23,-0.581,0.592,-24819,24763,7.60,265.5,104.268,995.642,1,1,1
14968353,13669,1,-35.00,35.00,-33.43,34.95,-0.581,0.590,-24842,24788,7.59,266.2,102.561,996.669,1,1,1
14978360,13679,1,-35.00,35.00,-33.95,35.45,-0.580,0.589,-24866,24813,7.59,264.0,103.354,997.703,1,1,1
14988360,13689,1,-35.00,35.00,-33.87,33.61,-0.580,0.595,-24889,24833,7.60,263.8,105.366,998.758,1,1,1
14998368,13699,1,-35.00,35.00,-35.58,32.75,-0.574,0.598,-24916,24854,7.59,267.5,102.256,999.781,1,1,1
15008377,13709,1,-35.00,35.00,-36.77,32.59,-0.568,0.599,-24943,24876,7.60,263.5,96.402,1000.746,1,1,1
15018383,13719,1,-35.00,35.00,-34.09,32.92,-0.578,0.598,-24962,24899,7.59,262.0,94.085,1001.687,1,1,1
15028385,13729,1,-35.00,35.00,-33.53,33.59,-0.581,0.596,-24984,24923,7.59,266.0,92.988,1002.618,1,1,1
15038393,13739,1,-35.00,35.00,-33.14,34.94,-0.582,0.591,-25006,24949,7.59,267.2,95.244,1003.571,1,1,1
15048401,13749,1,-35.00,35.00,-33.30,35.45,-0.581,0.588,-25029,24974,7.60,265.8,99.512,1004.567,1,1,1
15058407,13759,1,-35.00,35.00,-33.86,35.80,-0.580,0.587,-25053,24999,7.60,263.8,102.500,1005.593,1,1,1
15068413,13769,1,-35.00,35.00,-34.69,35.61,-0.577,0.588,-25078,25023,7.60,262.8,102.622,1006.620,1,1,1
15078422,13779,1,-35.00,35.00,-34.83,33.71,-0.576,0.595,-25102,25043,7.60,261.2,101.829,1007.639,1,1,1
15088435,13789,1,-35.00,35.00,-34.93,33.27,-0.576,0.596,-25126,25065,7.60,265.2,97.683,1008.617,1,1,1
15098435,13799,1,-35.00,35.00,-36.31,33.39,-0.571,0.597,-25153,25088,7.59,265.2,94.451,1009.562,1,1,1
15108435,13809,1,-35.00,35.00,-35.53,33.92,-0.572,0.594,-25176,25112,7.60,263.5,96.646,1010.529,1,1,1
15118444,13819,1,-35.00,35.00,-33.22,34.73,-0.581,0.591,-25195,25137,7.60,264.0,99.512,1011.525,1,1,1
15128451,13829,1,-35.00,35.00,-32.48,35.74,-0.585,0.588,-25216,25163,7.59,266.0,97.500,1012.501,1,1,1
15138461,13839,1,-35.00,35.00,-32.84,36.44,-0.584,0.585,-25239,25189,7.59,264.8,97.927,1013.481,1,1,1
15148474,13849,1,-35.00,35.00,-33.54,36.50,-0.581,0.584,-25263,25214,7.60,264.2,101.829,1014.500,1,1,1
15158480,13859,1,-35.00,35.00,-34.02,36.53,-0.580,0.583,-25287,25239,7.59,263.0,104.512,1015.546,1,1,1
15168492,13869,1,-35.00,35.00,-33.92,37.00,-0.581,0.580,-25310,25265,7.60,262.8,103.659,1016.584,1,1,1
15178503,13879,1,-35.00,35.00,-34.29,34.69,-0.580,0.589,-25334,25285,7.59,260.0,101.037,1017.595,1,1,1
15188510,13889,1,-35.00,35.00,-36.31,33.51,-0.572,0.593,-25362,25306,7.60,263.2,97.317,1018.569,1,1,1
15198520,13899,1,-35.00,35.00,-36.40,33.56,-0.571,0.594,-25387,25329,7.59,263.5,94.695,1019.517,1,1,1
15208526,13909,1,-35.00,35.00,-32.95,34.04,-0.583,0.592,-25404,25353,7.59,261.2,95.244,1020.470,1,1,1
15218536,13919,1,-35.00,35.00,-31.86,34.82,-0.588,0.590,-25424,25378,7.59,266.5,94.268,1021.413,1,1,1
15228537,13929,1,-35.00,35.00,-32.41,35.80,-0.587,0.586,-25447,25404,7.59,267.2,94.817,1022.362,1,1,1
15238550,13939,1,-35.00,35.00,-32.35,36.92,-0.587,0.581,-25469,25431,7.60,265.8,97.622,1023.339,1,1,1
15248552,13949,1,-35.00,35.00,-33.19,37.71,-0.585,0.577,-25493,25458,7.60,264.8,98.598,1024.326,1,1,1
15258559,13959,1,-35.00,35.00,-33.34,36.94,-0.585,0.579,-25516,25482,7.59,261.8,94.878,1025.276,1,1,1
15268567,13969,1,-35.00,35.00,-33.45,35.53,-0.584,0.583,-25539,25504,7.60,262.2,92.256,1026.199,1,1,1
15278572,13979,1,-35.00,35.00,-33.96,34.54,-0.583,0.587,-25563,25526,7.59,262.5,91.890,1027.119,1,1,1
15288572,13989,1,-35.00,35.00,-34.76,33.84,-0.580,0.589,-25588,25548,7.59,263.0,91.890,1028.038,1,1,1
15298583,13999,1,-35.00,35.00,-35.76,33.80,-0.575,0.590,-25614,25571,7.60,264.2,92.988,1028.969,1,1,1
15308588,14009,1,-35.00,35.00,-35.14,33.77,-0.578,0.591,-25637,25594,7.59,262.8,96.768,1029.938,1,1,1
15318607,14019,1,-35.00,35.00,-33.39,34.18,-0.584,0.590,-25657,25618,7.59,265.8,98.476,1030.923,1,1,1
15328615,14029,1,-35.00,35.00,-32.60,35.35,-0.587,0.585,-25678,25644,7.59,266.2,97.744,1031.901,1,1,1
15338622,14039,1,-35.00,35.00,-32.93,36.17,-0.586,0.581,-25701,25670,7.60,265.8,99.756,1032.900,1,1,1
15348630,14049,1,-35.00,35.00,-34.03,37.19,-0.583,0.577,-25726,25697,7.60,264.8,102.988,1033.931,1,1,1
15358637,14059,1,-35.00,35.00,-33.93,37.02,-0.583,0.576,-25749,25722,7.61,263.0,102.012,1034.951,1,1,1
15368645,14069,1,-35.00,35.00,-34.30,36.02,-0.582,0.579,-25773,25745,7.60,260.8,99.634,1035.949,1,1,1
15378655,14079,1,-35.00,35.00,-34.56,33.56,-0.580,0.588,-25797,25764,7.60,260.5,98.232,1036.932,1,1,1
15388668,14089,1,-35.00,35.00,-36.05,32.72,-0.575,0.592,-25824,25785,7.60,264.0,96.037,1037.893,1,1,1
15398682,14099,1,-35.00,35.00,-37.98,32.13,-0.567,0.596,-25853,25806,7.60,264.5,92.988,1038.824,1,1,1
15408694,14109,1,-35.00,35.00,-35.82,32.60,-0.574,0.595,-25874,25829,7.59,262.8,92.561,1039.750,1,1,1
15418698,14119,1,-35.00,35.00,-33.42,33.81,-0.582,0.591,-25893,25854,7.60,263.8,89.756,1040.648,1,1,1
15428706,14129,1,-35.00,35.00,-31.30,34.65,-0.590,0.587,-25911,25879,7.60,266.2,88.110,1041.530,1,1,1
15438706,14139,1,-35.00,35.00,-32.46,34.36,-0.587,0.588,-25935,25902,7.60,268.8,86.707,1042.398,1,1,1
15448706,14149,1,-35.00,35.00,-33.71,34.16,-0.583,0.590,-25960,25925,7.60,266.0,88.902,1043.288,1,1,1
15458716,14159,1,-35.00,35.00,-34.14,34.46,-0.581,0.588,-25984,25949,7.60,266.2,92.439,1044.213,1,1,1
15468728,14169,1,-35.00,35.00,-34.01,34.23,-0.582,0.589,-26007,25972,7.60,264.5,92.378,1045.138,1,1,1
15478728,14179,1,-35.00,35.00,-34.79,33.63,-0.579,0.592,-26032,25994,7.60,265.5,90.549,1046.044,1,1,1
15488736,14189,1,-35.00,35.00,-36.22,33.21,-0.574,0.594,-26059,26016,7.60,265.2,92.622,1046.971,1,1,1
15498744,14199,1,-35.00,35.00,-35.46,33.35,-0.576,0.593,-26082,26039,7.60,263.2,95.976,1047.932,1,1,1
15508746,14209,1,-35.00,35.00,-34.05,33.45,-0.581,0.592,-26103,26062,7.60,263.5,96.402,1048.896,1,1,1
15518759,14219,1,-35.00,35.00,-33.50,33.97,-0.582,0.590,-26125,26086,7.61,265.8,91.707,1049.814,1,1,1
15528769,14229,1,-35.00,35.00,-33.12,33.44,-0.584,0.592,-26147,26108,7.60,265.0,89.085,1050.706,1,1,1
15538776,14239,1,-35.00,35.00,-34.17,33.08,-0.581,0.594,-26172,26130,7.60,266.8,90.671,1051.614,1,1,1
15548789,14249,1,-35.00,35.00,-34.47,33.70,-0.580,0.592,-26196,26154,7.60,267.5,94.451,1052.559,1,1,1
15558791,14259,1,-35.00,35.00,-34.67,33.70,-0.579,0.592,-26220,26177,7.60,265.5,95.366,1053.513,1,1,1
15568804,14269,1,-35.00,35.00,-35.26,33.70,-0.577,0.593,-26245,26200,7.59,263.5,92.866,1054.443,1,1,1
15578815,14279,1,-35.00,35.00,-36.99,33.26,-0.570,0.595,-26273,26222,7.60,265.5,91.037,1055.354,1,1,1
15588822,14289,1,-35.00,35.00,-36.88,32.95,-0.569,0.596,-26298,26244,7.60,263.2,91.829,1056.273,1,1,1
15598822,14299,1,-35.00,35.00,-33.72,33.17,-0.580,0.595,-26316,26267,7.60,261.8,93.354,1057.207,1,1,1
15608822,14309,1,-35.00,35.00,-32.83,33.33,-0.584,0.594,-26337,26290,7.60,266.2,91.037,1058.118,1,1,1
15618827,14319,1,-35.00,35.00,-33.09,33.44,-0.584,0.594,-26360,26313,7.59,267.5,86.951,1058.989,1,1,1
15628837,14329,1,-35.00,35.00,-33.27,33.07,-0.583,0.595,-26383,26335,7.60,269.2,87.927,1059.869,1,1,1
15638837,14339,1,-35.00,35.00,-34.28,32.38,-0.579,0.598,-26408,26356,7.59,269.2,92.378,1060.793,1,1,1
15648837,14349,1,-35.00,35.00,-34.54,33.21,-0.578,0.595,-26432,26380,7.60,267.5,96.463,1061.759,1,1,1
15658842,14359,1,-35.00,35.00,-34.73,33.80,-0.578,0.593,-26456,26404,7.60,266.5,98.110,1062.741,1,1,1
15668845,14369,1,-35.00,35.00,-36.17,34.20,-0.573,0.593,-26483,26428,7.59,265.2,96.768,1063.709,1,1,1
15678852,14379,1,-35.00,35.00,-37.19,34.05,-0.568,0.593,-26510,26451,7.60,262.0,94.451,1064.655,1,1,1
15688856,14389,1,-35.00,35.00,-37.46,33.50,-0.566,0.595,-26536,26473,7.60,259.5,93.354,1065.589,1,1,1
15698867,14399,1,-35.00,35.00,-35.45,34.00,-0.572,0.594,-26557,26497,7.60,260.2,93.902,1066.529,1,1,1
15708871,14409,1,-35.00,35.00,-33.60,34.35,-0.578,0.592,-26577,26521,7.61,262.8,93.476,1067.464,1,1,1
15718871,14419,1,-35.00,35.00,-32.75,34.59,-0.583,0.592,-26598,26545,7.59,263.8,89.756,1068.363,1,1,1
15728879,14429,1,-35.00,35.00,-33.47,34.32,-0.581,0.593,-26622,26568,7.59,266.0,88.293,1069.246,1,1,1
15738882,14439,1,-35.00,35.00,-34.42,34.13,-0.578,0.593,-26647,26591,7.59,266.2,90.244,1070.150,1,1,1
15748888,14449,1,-35.00,35.00,-35.08,34.88,-0.576,0.591,-26672,26616,7.59,265.0,92.500,1071.075,1,1,1
15758898,14459,1,-35.00,35.00,-35.54,34.96,-0.574,0.591,-26697,26640,7.59,262.5,92.256,1071.999,1,1,1
15768910,14469,1,-35.00,35.00,-36.74,34.58,-0.569,0.592,-26724,26663,7.60,260.8,90.122,1072.901,1,1,1
15778913,14479,1,-35.00,35.00,-37.59,34.75,-0.566,0.592,-26751,26687,7.60,259.5,88.780,1073.789,1,1,1
15788921,14489,1,-35.00,35.00,-35.10,34.87,-0.573,0.591,-26771,26711,7.61,258.8,92.134,1074.712,1,1,1
15798921,14499,1,-35.00,35.00,-34.24,35.40,-0.577,0.590,-26793,26736,7.59,261.8,93.841,1075.651,1,1,1
15808925,14509,1,-35.00,35.00,-34.07,35.77,-0.579,0.588,-26816,26761,7.59,263.0,90.671,1076.558,1,1,1
15818933,14519,1,-35.00,35.00,-33.96,35.58,-0.579,0.588,-26839,26785,7.60,263.2,92.683,1077.486,1,1,1
15828943,14529,1,-35.00,35.00,-35.20,35.02,-0.575,0.590,-26865,26808,7.59,263.2,97.317,1078.460,1,1,1
15838943,14539,1,-35.00,35.00,-35.62,35.06,-0.573,0.590,-26890,26832,7.60,264.0,101.159,1079.472,1,1,1
15848948,14549,1,-35.00,35.00,-36.36,35.97,-0.570,0.587,-26916,26858,7.60,262.5,102.256,1080.496,1,1,1
15858956,14559,1,-35.00,35.00,-39.52,35.72,-0.558,0.588,-26948,26882,7.60,259.8,100.915,1081.506,1,1,1
15868958,14569,1,-35.00,35.00,-39.97,35.99,-0.555,0.588,-26976,26907,7.60,255.5,97.195,1082.478,1,1,1
15878971,14579,1,-35.00,35.00,-38.08,35.74,-0.560,0.588,-26999,26931,7.60,253.8,95.061,1083.430,1,1,1
15888979,14589,1,-35.00,35.00,-35.45,36.01,-0.569,0.587,-27019,26956,7.60,256.0,92.805,1084.359,1,1,1
15898988,14599,1,-35.00,35.00,-31.84,36.63,-0.582,0.583,-27035,26982,7.60,259.8,89.146,1085.251,1,1,1
15909001,14610,1,-35.00,35.00,-30.64,36.63,-0.588,0.582,-27054,27007,7.59,263.0,85.488,1086.107,1,1,1
15919001,14620,1,-35.00,35.00,-32.43,36.63,-0.584,0.582,-27079,27032,7.59,265.0,83.780,1086.945,1,1,1
15929004,14630,1,-35.00,35.00,-33.25,37.06,-0.582,0.580,-27103,27058,7.59,262.8,87.378,1087.820,1,1,1
15939012,14640,1,-35.00,35.00,-34.26,37.37,-0.578,0.577,-27128,27084,7.61,261.8,88.841,1088.709,1,1,1
15949017,14650,1,-35.00,35.00,-34.97,36.27,-0.577,0.581,-27153,27107,7.59,260.0,87.378,1089.584,1,1,1
15959024,14660,1,-35.00,35.00,-35.47,35.49,-0.574,0.583,-27178,27130,7.60,259.2,86.463,1090.449,1,1,1
15969034,14670,1,-35.00,35.00,-35.81,35.39,-0.572,0.583,-27203,27154,7.61,259.8,85.183,1091.302,1,1,1
15979034,14680,1,-35.00,35.00,-35.62,35.76,-0.574,0.582,-27227,27179,7.60,259.8,86.402,1092.167,1,1,1
15989042,14690,1,-35.00,35.00,-33.72,36.46,-0.581,0.579,-27247,27205,7.60,259.2,91.159,1093.079,1,1,1
15999055,14700,1,-35.00,35.00,-33.71,36.51,-0.581,0.577,-27270,27230,7.61,260.0,91.951,1094.000,1,1,1
16009061,14710,1,-35.00,35.00,-33.71,36.98,-0.582,0.576,-27293,27256,7.59,260.8,91.951,1094.920,1,1,1
16019072,14720,1,-35.00,35.00,-34.14,37.31,-0.581,0.574,-27317,27282,7.59,261.8,96.646,1095.887,1,1,1
16029072,14730,1,-35.00,35.00,-34.88,37.54,-0.579,0.572,-27342,27308,7.60,259.5,99.939,1096.887,1,1,1
16039072,14740,1,-35.00,35.00,-34.97,35.95,-0.578,0.577,-27366,27330,7.60,257.5,99.695,1097.885,1,1,1
16049072,14750,1,-35.00,35.00,-36.34,35.27,-0.573,0.579,-27393,27353,7.60,258.8,98.659,1098.873,1,1,1
16059077,14760,1,-35.00,35.00,-37.30,35.24,-0.569,0.580,-27420,27377,7.60,257.5,96.951,1099.843,1,1,1
16069085,14770,1,-35.00,35.00,-37.98,34.33,-0.567,0.585,-27447,27399,7.59,256.5,93.598,1100.780,1,1,1
16079092,14780,1,-35.00,35.00,-37.57,34.58,-0.566,0.583,-27472,27423,7.60,256.2,91.402,1101.694,1,1,1
16089104,14790,1,-35.00,35.00,-34.65,35.19,-0.576,0.581,-27491,27448,7.60,256.5,93.293,1102.628,1,1,1
16099117,14800,1,-35.00,35.00,-31.73,36.06,-0.587,0.576,-27508,27474,7.60,259.5,93.902,1103.568,1,1,1
16109125,14810,1,-35.00,35.00,-31.88,36.67,-0.588,0.574,-27530,27500,7.59,262.2,92.317,1104.492,1,1,1
16119132,14820,1,-35.00,35.00,-33.30,37.53,-0.585,0.570,-27555,27527,7.60,261.8,92.439,1105.417,1,1,1
16129143,14830,1,-35.00,35.00,-34.30,38.14,-0.582,0.567,-27580,27554,7.60,259.8,94.634,1106.364,1,1,1
16139156,14840,1,-35.00,35.00,-34.99,37.68,-0.579,0.567,-27605,27579,7.61,258.5,95.976,1107.325,1,1,1
16149165,14850,1,-35.00,35.00,-35.04,36.49,-0.579,0.570,-27629,27602,7.61,256.5,96.585,1108.292,1,1,1
16159178,14860,1,-35.00,35.00,-37.27,33.01,-0.570,0.583,-27658,27619,7.61,256.5,96.159,1109.254,1,1,1
16169185,14870,1,-35.00,35.00,-37.52,31.90,-0.568,0.589,-27684,27639,7.60,258.2,93.415,1110.189,1,1,1
16179186,14880,1,-35.00,35.00,-34.61,32.43,-0.578,0.587,-27703,27662,7.60,260.2,86.646,1111.056,1,1,1
16189186,14890,1,-35.00,35.00,-33.90,33.69,-0.581,0.583,-27725,27687,7.60,262.8,83.171,1111.889,1,1,1
16199195,14900,1,-35.00,35.00,-33.83,34.57,-0.581,0.580,-27748,27712,7.60,262.2,83.841,1112.728,1,1,1
16209200,14910,1,-35.00,35.00,-33.79,34.75,-0.581,0.579,-27771,27736,7.61,261.5,85.732,1113.586,1,1,1
16219203,14920,1,-35.00,35.00,-34.64,34.43,-0.580,0.582,-27796,27759,7.59,260.5,90.488,1114.492,1,1,1
16229207,14930,1,-35.00,35.00,-35.23,34.21,-0.576,0.582,-27821,27782,7.61,261.0,96.829,1115.461,1,1,1
16239208,14940,1,-35.00,35.00,-35.65,33.61,-0.575,0.585,-27846,27804,7.60,260.2,99.512,1116.457,1,1,1
16249222,14950,1,-35.00,35.00,-36.38,34.08,-0.572,0.584,-27872,27828,7.60,262.2,98.841,1117.446,1,1,1
16259222,14960,1,-35.00,35.00,-36.01,33.52,-0.573,0.586,-27896,27850,7.60,259.8,97.012,1118.417,1,1,1
16269223,14970,1,-35.00,35.00,-35.76,33.13,-0.573,0.589,-27920,27872,7.59,259.8,95.366,1119.371,1,1,1
16279223,14980,1,-35.00,35.00,-34.26,33.30,-0.578,0.588,-27941,27895,7.59,262.0,94.451,1120.317,1,1,1
16289225,14990,1,-35.00,35.00,-33.21,33.42,-0.582,0.587,-27962,27918,7.60,264.2,90.732,1121.225,1,1,1
16299234,15000,1,-35.00,35.00,-32.91,33.50,-0.584,0.588,-27984,27941,7.59,263.2,85.793,1122.084,1,1,1
16309238,15010,1,-35.00,35.00,-33.59,33.56,-0.582,0.589,-28008,27964,7.59,264.8,87.378,1122.958,1,1,1
16319247,15020,1,-35.00,35.00,-34.06,33.60,-0.580,0.588,-28032,27987,7.60,265.8,91.220,1123.871,1,1,1
16329247,15030,1,-35.00,35.00,-34.39,33.63,-0.580,0.590,-28056,28010,7.59,265.5,95.549,1124.828,1,1,1
16339256,15040,1,-35.00,35.00,-34.62,34.08,-0.579,0.588,-28080,28034,7.60,264.8,99.268,1125.821,1,1,1
16349262,15050,1,-35.00,35.00,-34.78,33.53,-0.578,0.590,-28104,28056,7.60,262.2,99.451,1126.816,1,1,1
16359262,15060,1,-35.00,35.00,-36.21,32.70,-0.572,0.594,-28131,28077,7.60,265.0,96.524,1127.782,1,1,1
16369271,15070,1,-35.00,35.00,-35.02,33.00,-0.576,0.594,-28153,28100,7.60,264.8,93.293,1128.716,1,1,1
16379283,15080,1,-35.00,35.00,-33.74,33.20,-0.581,0.593,-28174,28123,7.60,265.8,93.415,1129.651,1,1,1
16389291,15090,1,-35.00,35.00,-33.29,33.79,-0.582,0.591,-28196,28147,7.60,267.8,91.951,1130.571,1,1,1
16399298,15100,1,-35.00,35.00,-33.85,34.20,-0.581,0.591,-28220,28171,7.59,266.8,92.500,1131.497,1,1,1
16409307,15110,1,-35.00,35.00,-33.80,34.05,-0.580,0.591,-28243,28194,7.60,267.2,95.610,1132.454,1,1,1
16419307,15120,1,-35.00,35.00,-34.21,33.50,-0.579,0.593,-28267,28216,7.60,266.2,99.817,1133.453,1,1,1
16429316,15130,1,-35.00,35.00,-34.93,33.12,-0.577,0.595,-28292,28238,7.60,266.8,103.415,1134.488,1,1,1
16439316,15140,1,-35.00,35.00,-35.44,33.29,-0.574,0.595,-28317,28261,7.60,265.0,103.841,1135.527,1,1,1
16449316,15150,1,-35.00,35.00,-36.23,33.41,-0.571,0.595,-28343,28284,7.60,265.5,99.695,1136.525,1,1,1
16459317,15160,1,-35.00,35.00,-35.91,33.49,-0.571,0.594,-28367,28307,7.61,262.5,97.012,1137.496,1,1,1
16469331,15170,1,-35.00,35.00,-34.37,33.55,-0.577,0.595,-28388,28330,7.59,263.2,93.963,1138.436,1,1,1
16479344,15180,1,-35.00,35.00,-33.72,33.60,-0.580,0.595,-28410,28353,7.60,266.0,90.549,1139.343,1,1,1
16489347,15190,1,-35.00,35.00,-33.27,33.18,-0.582,0.597,-28432,28375,7.59,266.8,91.585,1140.259,1,1,1
16499360,15200,1,-35.00,35.00,-34.28,33.34,-0.578,0.596,-28457,28398,7.60,268.0,94.878,1141.209,1,1,1
16509368,15210,1,-35.00,35.00,-34.54,32.56,-0.577,0.599,-28481,28419,7.59,266.5,98.780,1142.198,1,1,1
16519370,15220,1,-35.00,35.00,-35.17,32.46,-0.575,0.600,-28506,28441,7.59,267.8,100.854,1143.207,1,1,1
16529374,15230,1,-35.00,35.00,-35.16,32.83,-0.574,0.598,-28530,28464,7.60,266.2,100.061,1144.208,1,1,1
16539385,15240,1,-35.00,35.00,-33.84,33.53,-0.578,0.596,-28551,28488,7.60,263.8,95.793,1145.167,1,1,1
16549397,15250,1,-35.00,35.00,-33.80,33.58,-0.578,0.595,-28574,28511,7.60,265.5,87.927,1146.047,1,1,1
16559408,15260,1,-35.00,35.00,-34.20,33.17,-0.577,0.597,-28598,28533,7.60,266.5,86.463,1146.913,1,1,1
16569408,15270,1,-35.00,35.00,-34.05,33.33,-0.578,0.597,-28621,28556,7.59,267.2,89.390,1147.807,1,1,1
16579422,15280,1,-35.00,35.00,-33.94,33.00,-0.578,0.598,-28644,28578,7.59,266.8,93.476,1148.743,1,1,1
16589422,15290,1,-35.00,35.00,-33.43,33.21,-0.580,0.598,-28666,28601,7.59,270.0,97.805,1149.722,1,1,1
16599422,15300,1,-35.00,35.00,-33.51,32.91,-0.579,0.598,-28689,28623,7.60,269.5,102.073,1150.743,1,1,1
16609423,15310,1,-35.00,35.00,-33.56,33.15,-0.579,0.598,-28712,28646,7.59,270.2,104.634,1151.790,1,1,1
16619438,15320,1,-35.00,35.00,-33.16,32.87,-0.580,0.598,-28734,28668,7.60,268.5,105.671,1152.848,1,1,1
16629442,15330,1,-35.00,35.00,-32.88,33.12,-0.581,0.597,-28756,28691,7.60,268.0,105.305,1153.902,1,1,1
16639444,15340,1,-35.00,35.00,-33.12,33.29,-0.581,0.597,-28779,28714,7.59,270.8,103.476,1154.937,1,1,1
16649444,15350,1,-35.00,35.00,-33.29,32.97,-0.580,0.598,-28802,28736,7.59,269.5,99.573,1155.934,1,1,1
16659446,15360,1,-35.00,35.00,-33.41,32.31,-0.579,0.600,-28825,28757,7.60,268.0,96.768,1156.902,1,1,1
16669459,15370,1,-35.00,35.00,-33.50,32.72,-0.579,0.599,-28848,28780,7.59,268.0,99.024,1157.893,1,1,1
16679468,15380,1,-35.00,35.00,-33.56,33.45,-0.579,0.597,-28871,28804,7.59,269.0,103.354,1158.928,1,1,1
16689476,15390,1,-35.00,35.00,-33.16,33.96,-0.581,0.595,-28893,28828,7.59,266.8,106.037,1159.989,1,1,1
16699481,15400,1,-35.00,35.00,-32.88,34.76,-0.581,0.592,-28915,28853,7.60,267.2,105.000,1161.040,1,1,1
16709489,15410,1,-35.00,35.00,-33.56,35.32,-0.580,0.590,-28939,28878,7.60,265.0,103.110,1162.072,1,1,1
16719498,15420,1,-35.00,35.00,-33.60,35.71,-0.581,0.589,-28962,28903,7.58,264.2,103.780,1163.110,1,1,1
16729504,15430,1,-35.00,35.00,-34.07,34.66,-0.579,0.593,-28986,28925,7.59,263.5,106.220,1164.173,1,1,1
16739511,15440,1,-35.00,35.00,-35.71,33.49,-0.572,0.597,-29013,28946,7.59,264.2,105.122,1165.225,1,1,1
16749513,15450,1,-35.00,35.00,-36.86,33.11,-0.568,0.598,-29040,28968,7.60,262.8,98.354,1166.209,1,1,1
16759514,15460,1,-35.00,35.00,-34.15,33.29,-0.576,0.597,-29059,28991,7.60,262.0,92.866,1167.139,1,1,1
16769522,15470,1,-35.00,35.00,-33.14,34.29,-0.581,0.594,-29080,29016,7.59,264.2,89.939,1168.039,1,1,1
16779526,15480,1,-35.00,35.00,-33.30,34.99,-0.580,0.591,-29103,29041,7.60,265.8,92.317,1168.963,1,1,1
16789535,15490,1,-35.00,35.00,-33.42,35.04,-0.580,0.591,-29126,29065,7.59,265.8,96.098,1169.925,1,1,1
16799535,15500,1,-35.00,35.00,-33.94,35.51,-0.579,0.589,-29150,29090,7.60,265.2,100.244,1170.928,1,1,1
16809544,15510,1,-35.00,35.00,-34.74,35.85,-0.577,0.588,-29175,29115,7.59,263.8,101.890,1171.948,1,1,1
16819549,15520,1,-35.00,35.00,-34.43,34.32,-0.577,0.593,-29198,29136,7.59,261.0,101.402,1172.963,1,1,1
16829552,15530,1,-35.00,35.00,-34.65,34.13,-0.577,0.594,-29222,29159,7.59,265.0,98.659,1173.950,1,1,1
16839552,15540,1,-35.00,35.00,-36.12,34.00,-0.571,0.595,-29249,29182,7.60,265.0,97.256,1174.923,1,1,1
16849559,15550,1,-35.00,35.00,-34.95,34.79,-0.575,0.592,-29271,29207,7.60,263.2,99.024,1175.915,1,1,1
16859559,15560,1,-35.00,35.00,-33.69,35.78,-0.580,0.588,-29292,29233,7.60,263.2,100.915,1176.925,1,1,1
16869572,15570,1,-35.00,35.00,-32.81,36.47,-0.583,0.585,-29313,29259,7.60,263.2,98.963,1177.915,1,1,1
16879586,15580,1,-35.00,35.00,-33.08,36.51,-0.582,0.584,-29336,29284,7.60,264.2,98.902,1178.905,1,1,1
16889587,15590,1,-35.00,35.00,-33.26,36.55,-0.582,0.583,-29359,29309,7.60,262.8,101.951,1179.925,1,1,1
16899589,15600,1,-35.00,35.00,-33.83,36.13,-0.580,0.584,-29383,29333,7.60,262.0,104.634,1180.972,1,1,1
16909594,15610,1,-35.00,35.00,-34.23,36.72,-0.579,0.582,-29407,29359,7.60,262.2,104.390,1182.017,1,1,1
16919594,15620,1,-35.00,35.00,-34.07,35.37,-0.580,0.586,-29430,29381,7.60,260.8,101.707,1183.035,1,1,1
16929594,15630,1,-35.00,35.00,-36.15,34.87,-0.572,0.588,-29458,29404,7.60,262.5,98.720,1184.023,1,1,1
16939607,15640,1,-35.00,35.00,-35.85,34.51,-0.573,0.589,-29482,29427,7.60,260.0,97.378,1184.998,1,1,1
16949607,15650,1,-35.00,35.00,-33.01,34.71,-0.583,0.588,-29500,29451,7.60,262.5,97.805,1185.976,1,1,1
16959609,15660,1,-35.00,35.00,-31.89,35.72,-0.587,0.584,-29520,29477,7.60,265.2,94.695,1186.924,1,1,1
16969609,15670,1,-35.00,35.00,-32.43,36.87,-0.586,0.579,-29543,29504,7.60,264.2,94.573,1187.871,1,1,1
16979621,15680,1,-35.00,35.00,-32.37,37.23,-0.587,0.577,-29565,29530,7.60,262.8,97.195,1188.844,1,1,1
16989633,15690,1,-35.00,35.00,-33.21,37.93,-0.585,0.574,-29589,29557,7.60,262.2,98.659,1189.831,1,1,1
16999633,15700,1,-35.00,35.00,-33.79,36.66,-0.583,0.577,-29613,29580,7.60,260.2,95.244,1190.784,1,1,1
17009637,15710,1,-35.00,35.00,-33.32,35.33,-0.584,0.581,-29635,29602,7.61,260.5,92.073,1191.706,1,1,1
17019645,15720,1,-35.00,35.00,-33.43,34.84,-0.585,0.584,-29658,29625,7.59,261.0,91.707,1192.624,1,1,1
17029655,15730,1,-35.00,35.00,-34.83,34.93,-0.580,0.583,-29684,29649,7.60,263.5,93.537,1193.560,1,1,1
17039663,15740,1,-35.00,35.00,-35.81,34.12,-0.576,0.586,-29710,29671,7.60,261.2,96.098,1194.521,1,1,1
17049676,15750,1,-35.00,35.00,-34.73,34.43,-0.579,0.585,-29732,29695,7.61,261.8,97.683,1195.499,1,1,1
17059683,15760,1,-35.00,35.00,-33.10,35.09,-0.585,0.582,-29752,29720,7.60,262.0,98.354,1196.484,1,1,1
17069691,15770,1,-35.00,35.00,-32.40,35.99,-0.587,0.578,-29773,29746,7.61,263.2,97.561,1197.460,1,1,1
17079700,15780,1,-35.00,35.00,-33.23,37.06,-0.586,0.574,-29797,29773,7.60,265.2,99.085,1198.452,1,1,1
17089700,15790,1,-35.00,35.00,-33.37,37.80,-0.587,0.571,-29820,29800,7.59,261.8,101.463,1199.467,1,1,1
17099706,15800,1,-35.00,35.00,-33.46,37.01,-0.586,0.572,-29843,29824,7.60,261.0,101.159,1200.480,1,1,1
17109716,15810,1,-35.00,35.00,-33.97,36.01,-0.584,0.576,-29867,29847,7.60,262.0,99.756,1201.478,1,1,1
17119728,15820,1,-35.00,35.00,-34.33,34.00,-0.583,0.583,-29891,29867,7.60,261.2,97.927,1202.458,1,1,1
17129735,15830,1,-35.00,35.00,-36.33,32.59,-0.575,0.588,-29919,29887,7.60,261.0,95.854,1203.417,1,1,1
17139736,15840,1,-35.00,35.00,-37.30,32.48,-0.571,0.590,-29946,29909,7.60,261.2,93.049,1204.349,1,1,1
17149744,15850,1,-35.00,35.00,-35.34,32.84,-0.577,0.589,-29967,29932,7.60,260.0,91.951,1205.269,1,1,1
17159751,15860,1,-35.00,35.00,-33.09,33.98,-0.585,0.585,-29986,29957,7.60,263.2,89.634,1206.166,1,1,1
17169751,15870,1,-35.00,35.00,-31.95,34.77,-0.590,0.582,-30006,29982,7.60,263.5,89.573,1207.063,1,1,1
17179761,15880,1,-35.00,35.00,-32.91,34.45,-0.587,0.584,-30030,30005,7.59,266.5,88.659,1207.950,1,1,1
17189761,15890,1,-35.00,35.00,-33.58,34.22,-0.586,0.585,-30054,30028,7.59,265.8,89.390,1208.845,1,1,1
17199767,15900,1,-35.00,35.00,-33.62,34.50,-0.585,0.584,-30077,30052,7.60,264.5,90.976,1209.755,1,1,1
17209776,15910,1,-35.00,35.00,-33.64,33.82,-0.585,0.586,-30100,30074,7.60,263.0,88.841,1210.645,1,1,1
17219787,15920,1,-35.00,35.00,-34.53,33.34,-0.582,0.589,-30125,30096,7.59,264.0,87.439,1211.520,1,1,1
17229791,15930,1,-35.00,35.00,-35.60,33.01,-0.577,0.590,-30151,30118,7.60,265.8,90.915,1212.430,1,1,1
17239797,15940,1,-35.00,35.00,-35.03,33.21,-0.579,0.591,-30174,30141,7.59,263.0,95.793,1213.388,1,1,1
17249806,15950,1,-35.00,35.00,-33.75,33.80,-0.584,0.589,-30195,30165,7.59,263.8,96.951,1214.359,1,1,1
17259819,15960,1,-35.00,35.00,-33.29,33.76,-0.585,0.588,-30217,30188,7.60,265.5,92.439,1215.284,1,1,1
17269827,15970,1,-35.00,35.00,-33.41,33.30,-0.585,0.591,-30240,30210,7.59,264.5,89.451,1216.179,1,1,1
17279827,15980,1,-35.00,35.00,-33.93,33.42,-0.584,0.592,-30264,30233,7.59,266.5,89.756,1217.078,1,1,1
17289827,15990,1,-35.00,35.00,-34.30,33.50,-0.582,0.591,-30288,30256,7.60,266.8,91.707,1217.995,1,1,1
17299830,16000,1,-35.00,35.00,-34.12,33.56,-0.582,0.591,-30311,30279,7.59,265.8,91.220,1218.908,1,1,1
17309841,16010,1,-35.00,35.00,-34.87,33.60,-0.580,0.591,-30336,30302,7.60,266.0,89.695,1219.806,1,1,1
17319845,16020,1,-35.00,35.00,-36.27,33.19,-0.574,0.593,-30363,30324,7.60,265.8,90.488,1220.712,1,1,1
17329858,16030,1,-35.00,35.00,-35.50,32.90,-0.576,0.594,-30386,30346,7.60,262.5,92.073,1221.633,1,1,1
17339867,16040,1,-35.00,35.00,-33.20,33.58,-0.585,0.592,-30405,30370,7.59,265.5,93.049,1222.564,1,1,1
17349867,16050,1,-35.00,35.00,-32.91,33.61,-0.585,0.591,-30427,30393,7.60,267.2,90.549,1223.471,1,1,1
17359873,16060,1,-35.00,35.00,-33.58,33.20,-0.583,0.593,-30451,30415,7.60,267.2,87.744,1224.349,1,1,1
17369880,16070,1,-35.00,35.00,-33.61,33.34,-0.583,0.592,-30474,30438,7.59,267.5,89.573,1225.245,1,1,1
17379891,16080,1,-35.00,35.00,-34.08,33.01,-0.582,0.594,-30498,30460,7.59,269.8,92.073,1226.167,1,1,1
17389897,16090,1,-35.00,35.00,-34.40,33.65,-0.581,0.592,-30522,30484,7.59,267.8,91.524,1227.083,1,1,1
17399903,16100,1,-35.00,35.00,-34.63,34.10,-0.579,0.590,-30546,30508,7.60,266.5,90.000,1227.984,1,1,1
17409903,16110,1,-35.00,35.00,-35.23,34.42,-0.578,0.590,-30571,30532,7.60,263.2,89.451,1228.879,1,1,1
17419903,16120,1,-35.00,35.00,-35.20,34.64,-0.577,0.588,-30595,30556,7.61,265.2,89.634,1229.776,1,1,1
17429906,16130,1,-35.00,35.00,-35.19,34.36,-0.578,0.590,-30619,30579,7.60,263.8,90.671,1230.684,1,1,1
17439913,16140,1,-35.00,35.00,-34.74,34.60,-0.580,0.590,-30642,30603,7.59,263.2,91.829,1231.603,1,1,1
17449913,16150,1,-35.00,35.00,-33.99,34.32,-0.581,0.589,-30664,30626,7.60,264.5,92.927,1232.533,1,1,1
17459925,16160,1,-35.00,35.00,-34.34,30.62,-0.579,0.602,-30688,30641,7.60,264.8,92.805,1233.462,1,1,1
17469933,16170,1,-35.00,35.00,-35.02,35.94,-0.579,0.585,-30713,30674,7.59,269.2,93.476,1234.397,1,1,1
17479936,16180,1,-35.00,35.00,-35.06,36.58,-0.578,0.581,-30737,30700,7.61,262.0,94.207,1235.340,1,1,1
17489948,16190,1,-35.00,35.00,-35.53,36.15,-0.577,0.583,-30762,30724,7.60,260.2,91.707,1236.258,1,1,1
17499948,16200,1,-35.00,35.00,-35.42,35.85,-0.578,0.584,-30786,30748,7.59,261.0,90.366,1237.162,1,1,1
17509958,16210,1,-35.00,35.00,-37.10,35.21,-0.570,0.586,-30814,30771,7.61,259.2,89.817,1238.061,1,1,1
17519958,16220,1,-35.00,35.00,-36.95,35.19,-0.571,0.587,-30839,30795,7.59,258.2,89.390,1238.956,1,1,1
17529966,16230,1,-35.00,35.00,-34.66,35.62,-0.579,0.585,-30859,30820,7.59,259.5,92.012,1239.877,1,1,1
17539973,16240,1,-35.00,35.00,-34.37,35.92,-0.580,0.583,-30882,30845,7.60,261.8,95.305,1240.831,1,1,1
17549973,16250,1,-35.00,35.00,-34.60,36.57,-0.579,0.580,-30906,30871,7.60,261.5,94.146,1241.773,1,1,1
17559985,16260,1,-35.00,35.00,-34.77,37.46,-0.580,0.577,-30930,30898,7.59,259.0,94.817,1242.722,1,1,1
17569997,16270,1,-35.00,35.00,-35.76,36.77,-0.576,0.578,-30956,30922,7.60,259.2,95.671,1243.679,1,1,1
17580009,16281,1,-35.00,35.00,-36.02,37.61,-0.575,0.575,-30981,30949,7.60,256.5,94.329,1244.623,1,1,1
17590017,16291,1,-35.00,35.00,-35.76,35.99,-0.575,0.580,-31005,30971,7.60,257.0,91.098,1245.535,1,1,1
17600024,16301,1,-35.00,35.00,-36.02,35.30,-0.574,0.582,-31030,30994,7.60,257.8,88.110,1246.417,1,1,1
17610034,16311,1,-35.00,35.00,-35.76,35.26,-0.574,0.582,-31054,31018,7.60,259.0,85.244,1247.270,1,1,1
17620039,16321,1,-35.00,35.00,-35.58,35.23,-0.576,0.583,-31078,31042,7.59,259.8,84.207,1248.113,1,1,1
17630049,16331,1,-35.00,35.00,-35.01,36.52,-0.577,0.577,-31101,31069,7.60,259.2,87.805,1248.992,1,1,1
17640062,16341,1,-35.00,35.00,-35.06,36.55,-0.577,0.576,-31125,31094,7.61,258.8,91.890,1249.912,1,1,1
17650062,16351,1,-35.00,35.00,-35.09,37.45,-0.578,0.573,-31149,31121,7.59,258.0,94.207,1250.855,1,1,1
17660062,16361,1,-35.00,35.00,-35.11,37.20,-0.578,0.573,-31173,31146,7.60,258.5,95.854,1251.814,1,1,1
17670062,16371,1,-35.00,35.00,-35.12,37.03,-0.578,0.573,-31197,31171,7.60,256.2,94.390,1252.759,1,1,1
17680062,16381,1,-35.00,35.00,-35.57,37.35,-0.577,0.572,-31222,31197,7.60,256.0,92.927,1253.689,1,1,1
17690073,16391,1,-35.00,35.00,-35.89,35.37,-0.574,0.577,-31247,31218,7.61,257.2,91.159,1254.601,1,1,1
17700085,16401,1,-35.00,35.00,-36.99,35.31,-0.570,0.578,-31274,31242,7.61,256.0,89.268,1255.495,1,1,1
17710095,16411,1,-35.00,35.00,-36.88,35.26,-0.571,0.579,-31299,31266,7.59,255.0,86.890,1256.364,1,1,1
17720101,16421,1,-35.00,35.00,-35.92,35.67,-0.575,0.578,-31322,31291,7.58,254.0,87.866,1257.244,1,1,1
17730110,16431,1,-35.00,35.00,-33.93,36.39,-0.580,0.573,-31342,31317,7.61,257.0,91.768,1258.162,1,1,1
17740117,16441,1,-35.00,35.00,-33.42,36.90,-0.583,0.571,-31364,31343,7.60,258.5,93.415,1259.097,1,1,1
17750119,16451,1,-35.00,35.00,-33.94,37.26,-0.582,0.569,-31388,31369,7.59,258.2,93.659,1260.035,1,1,1
17760119,16461,1,-35.00,35.00,-34.75,38.38,-0.579,0.564,-31413,31397,7.61,257.8,97.561,1261.011,1,1,1
17770120,16471,1,-35.00,35.00,-34.43,40.05,-0.582,0.557,-31436,31427,7.60,255.2,100.549,1262.017,1,1,1
17780128,16481,1,-35.00,35.00,-34.65,39.02,-0.581,0.558,-31460,31452,7.61,253.5,99.817,1263.016,1,1,1
17790132,16491,1,-35.00,35.00,-35.68,38.74,-0.578,0.559,-31486,31478,7.60,254.0,99.390,1264.011,1,1,1
17800132,16501,1,-35.00,35.00,-36.84,34.15,-0.573,0.575,-31513,31494,7.60,252.3,97.744,1264.990,1,1,1
17810143,16511,1,-35.00,35.00,-37.65,31.82,-0.568,0.584,-31540,31512,7.60,253.8,93.659,1265.927,1,1,1
17820147,16521,1,-35.00,35.00,-36.90,32.38,-0.570,0.583,-31564,31535,7.60,257.8,88.293,1266.811,1,1,1
17830150,16531,1,-35.00,35.00,-34.18,33.65,-0.579,0.579,-31583,31560,7.60,258.5,84.024,1267.652,1,1,1
17840154,16541,1,-35.00,35.00,-33.16,35.86,-0.584,0.571,-31604,31588,7.60,258.2,87.683,1268.529,1,1,1
17850156,16551,1,-35.00,35.00,-32.88,36.97,-0.586,0.566,-31626,31615,7.60,259.5,92.317,1269.453,1,1,1
17860165,16561,1,-35.00,35.00,-34.00,38.62,-0.583,0.559,-31651,31644,7.61,259.0,93.232,1270.386,1,1,1
17870173,16571,1,-35.00,35.00,-34.79,38.46,-0.581,0.560,-31676,31670,7.60,255.2,92.988,1271.317,1,1,1
17880180,16581,1,-35.00,35.00,-35.34,38.35,-0.579,0.560,-31701,31696,7.60,254.2,94.634,1272.264,1,1,1
17890180,16591,1,-35.00,35.00,-35.28,35.19,-0.578,0.569,-31725,31715,7.61,252.5,96.280,1273.228,1,1,1
17900188,16601,1,-35.00,35.00,-36.12,31.67,-0.575,0.583,-31751,31731,7.60,257.2,93.902,1274.168,1,1,1
17910201,16611,1,-35.00,35.00,-35.83,30.52,-0.574,0.588,-31775,31750,7.61,260.0,88.963,1275.058,1,1,1
17920207,16621,1,-35.00,35.00,-34.75,32.35,-0.578,0.583,-31797,31775,7.60,262.8,83.476,1275.894,1,1,1
17930210,16631,1,-35.00,35.00,-33.99,34.07,-0.581,0.578,-31819,31801,7.60,262.2,82.134,1276.716,1,1,1
17940216,16641,1,-35.00,35.00,-34.34,34.40,-0.581,0.577,-31843,31825,7.60,260.2,84.512,1277.562,1,1,1
17950219,16651,1,-35.00,35.00,-34.15,34.18,-0.581,0.577,-31866,31848,7.61,261.0,87.256,1278.435,1,1,1
17960226,16661,1,-35.00,35.00,-34.45,34.04,-0.580,0.578,-31890,31871,7.61,260.5,91.890,1279.355,1,1,1
17970234,16671,1,-35.00,35.00,-34.66,33.93,-0.579,0.579,-31914,31894,7.61,261.0,96.646,1280.322,1,1,1
17980247,16681,1,-35.00,35.00,-35.25,33.86,-0.577,0.580,-31939,31917,7.60,259.2,98.476,1281.308,1,1,1
17990253,16691,1,-35.00,35.00,-35.66,33.37,-0.576,0.583,-31964,31939,7.59,258.2,97.195,1282.281,1,1,1
18000253,16701,1,-35.00,35.00,-35.95,33.03,-0.574,0.584,-31989,31961,7.60,261.8,95.000,1283.231,1,1,1
18010253,16711,1,-35.00,35.00,-35.27,32.79,-0.576,0.586,-32012,31983,7.60,261.8,93.659,1284.169,1,1,1
18020261,16721,1,-35.00,35.00,-33.48,33.06,-0.583,0.585,-32032,32006,7.59,261.0,90.732,1285.077,1,1,1
18030269,16731,1,-35.00,35.00,-33.10,33.25,-0.585,0.585,-32054,32029,7.59,264.5,87.439,1285.952,1,1,1
18040271,16741,1,-35.00,35.00,-32.84,33.38,-0.585,0.584,-32076,32052,7.60,264.5,89.695,1286.850,1,1,1
18050283,16751,1,-35.00,35.00,-33.54,33.47,-0.583,0.584,-32100,32075,7.60,265.8,93.476,1287.785,1,1,1
18060292,16761,1,-35.00,35.00,-33.58,33.10,-0.584,0.587,-32123,32097,7.60,264.0,96.768,1288.754,1,1,1
18070299,16771,1,-35.00,35.00,-33.61,33.72,-0.584,0.585,-32146,32121,7.60,264.5,97.805,1289.733,1,1,1
18080307,16781,1,-35.00,35.00,-34.52,32.83,-0.581,0.588,-32171,32142,7.60,265.0,95.976,1290.693,1,1,1
18090313,16791,1,-35.00,35.00,-35.15,32.21,-0.579,0.592,-32196,32163,7.59,266.8,93.476,1291.629,1,1,1
18100313,16801,1,-35.00,35.00,-35.59,32.21,-0.576,0.593,-32221,32185,7.60,265.8,91.707,1292.547,1,1,1
18110325,16811,1,-35.00,35.00,-34.58,32.66,-0.580,0.592,-32243,32208,7.60,264.2,92.744,1293.475,1,1,1
18120329,16821,1,-35.00,35.00,-33.44,33.41,-0.584,0.590,-32264,32232,7.60,267.0,93.902,1294.415,1,1,1
18130331,16831,1,-35.00,35.00,-33.07,33.93,-0.586,0.588,-32286,32256,7.60,267.0,94.024,1295.356,1,1,1
18140331,16841,1,-35.00,35.00,-33.26,33.86,-0.585,0.589,-32309,32279,7.60,266.0,96.829,1296.325,1,1,1
18150338,16851,1,-35.00,35.00,-33.83,33.37,-0.583,0.591,-32333,32301,7.60,265.8,99.390,1297.320,1,1,1
18160344,16861,1,-35.00,35.00,-33.79,33.03,-0.583,0.592,-32356,32323,7.60,267.5,99.268,1298.313,1,1,1
18170344,16871,1,-35.00,35.00,-34.20,32.79,-0.582,0.594,-32380,32345,7.59,267.2,98.171,1299.296,1,1,1
18180353,16881,1,-35.00,35.00,-34.49,32.62,-0.581,0.595,-32404,32367,7.59,267.0,97.256,1300.269,1,1,1
18190359,16891,1,-35.00,35.00,-35.13,32.50,-0.579,0.596,-32429,32389,7.59,267.5,95.366,1301.224,1,1,1
18200360,16901,1,-35.00,35.00,-35.57,32.42,-0.576,0.596,-32454,32411,7.59,266.5,95.000,1302.174,1,1,1
18210367,16911,1,-35.00,35.00,-34.13,33.24,-0.582,0.594,-32475,32435,7.59,264.8,95.305,1303.128,1,1,1
18220370,16921,1,-35.00,35.00,-33.56,33.81,-0.584,0.592,-32497,32459,7.59,266.2,94.512,1304.074,1,1,1
18230370,16931,1,-35.00,35.00,-33.60,33.78,-0.583,0.591,-32520,32482,7.60,268.2,95.366,1305.029,1,1,1
18240375,16941,1,-35.00,35.00,-34.07,33.31,-0.581,0.593,-32544,32504,7.60,266.8,97.927,1306.009,1,1,1
18250385,16951,1,-35.00,35.00,-34.39,32.55,-0.580,0.596,-32568,32525,7.59,266.5,99.695,1307.007,1,1,1
18260389,16961,1,-35.00,35.00,-34.62,32.01,-0.579,0.598,-32592,32546,7.60,267.0,99.756,1308.005,1,1,1
18270393,16971,1,-35.00,35.00,-34.78,32.08,-0.578,0.598,-32616,32568,7.59,267.8,98.902,1308.995,1,1,1
18280407,16981,1,-35.00,35.00,-34.02,33.00,-0.580,0.595,-32638,32592,7.60,267.8,96.585,1309.962,1,1,1
18290419,16991,1,-35.00,35.00,-33.48,33.21,-0.583,0.595,-32660,32615,7.59,267.8,89.878,1310.861,1,1,1
18300431,17001,1,-35.00,35.00,-33.98,33.35,-0.581,0.594,-32684,32638,7.59,269.0,87.927,1311.741,1,1,1
18310435,17011,1,-35.00,35.00,-33.46,33.45,-0.583,0.594,-32706,32661,7.59,268.0,91.768,1312.660,1,1,1
18320435,17021,1,-35.00,35.00,-33.53,33.09,-0.582,0.595,-32729,32683,7.59,270.8,96.280,1313.623,1,1,1
18330438,17031,1,-35.00,35.00,-33.58,32.83,-0.582,0.596,-32752,32705,7.59,269.5,99.268,1314.617,1,1,1
18340450,17041,1,-35.00,35.00,-33.61,32.65,-0.582,0.597,-32775,32727,7.59,270.2,100.732,1315.625,1,1,1
18350451,17051,1,-35.00,35.00,-33.20,32.52,-0.583,0.597,-32797,32749,7.59,271.0,100.183,1316.628,1,1,1
18360451,17061,1,-35.00,35.00,-32.90,32.43,-0.583,0.597,-32819,32771,7.60,272.2,99.695,1317.625,1,1,1
18370453,17071,1,-35.00,35.00,-32.70,32.81,-0.584,0.596,-32841,32794,7.60,271.5,100.000,1318.626,1,1,1
18380453,17081,1,-35.00,35.00,-32.56,32.64,-0.585,0.597,-32863,32816,7.59,270.5,99.390,1319.621,1,1,1
18390466,17091,1,-35.00,35.00,-33.34,32.07,-0.581,0.598,-32887,32837,7.61,271.8,96.951,1320.591,1,1,1
18400466,17101,1,-35.00,35.00,-33.00,32.12,-0.583,0.598,-32909,32859,7.59,270.2,97.866,1321.571,1,1,1
18410468,17111,1,-35.00,35.00,-33.21,33.03,-0.583,0.596,-32932,32883,7.59,270.8,101.463,1322.586,1,1,1
18420481,17121,1,-35.00,35.00,-33.35,33.23,-0.582,0.595,-32955,32906,7.60,269.8,104.573,1323.633,1,1,1
18430492,17131,1,-35.00,35.00,-33.02,33.81,-0.583,0.592,-32977,32930,7.60,269.5,106.159,1324.695,1,1,1
18440499,17141,1,-35.00,35.00,-33.22,34.21,-0.583,0.591,-33000,32954,7.60,268.5,106.098,1325.757,1,1,1
18450510,17151,1,-35.00,35.00,-33.36,34.50,-0.583,0.590,-33023,32978,7.60,265.5,103.232,1326.790,1,1,1
18460511,17161,1,-35.00,35.00,-33.46,34.69,-0.582,0.589,-33046,33002,7.60,265.8,101.585,1327.807,1,1,1
18470522,17171,1,-35.00,35.00,-33.53,33.51,-0.582,0.593,-33069,33023,7.59,264.0,102.012,1328.828,1,1,1
18480529,17181,1,-35.00,35.00,-34.46,32.69,-0.579,0.597,-33094,33044,7.59,267.5,101.829,1329.847,1,1,1
18490542,17191,1,-35.00,35.00,-36.42,32.55,-0.572,0.598,-33122,33066,7.60,266.2,97.683,1330.824,1,1,1
18500550,17201,1,-35.00,35.00,-34.73,33.33,-0.577,0.595,-33143,33090,7.60,264.0,95.732,1331.783,1,1,1
18510557,17211,1,-35.00,35.00,-33.54,34.32,-0.582,0.592,-33164,33115,7.59,266.5,97.134,1332.755,1,1,1
18520567,17221,1,-35.00,35.00,-33.14,35.01,-0.583,0.588,-33186,33140,7.60,267.2,96.768,1333.723,1,1,1
18530571,17231,1,-35.00,35.00,-33.31,35.93,-0.583,0.585,-33209,33166,7.60,265.0,99.512,1334.719,1,1,1
18540583,17241,1,-35.00,35.00,-33.86,36.58,-0.582,0.583,-33233,33192,7.59,263.2,102.866,1335.749,1,1,1
18550586,17251,1,-35.00,35.00,-34.25,36.15,-0.580,0.583,-33257,33216,7.60,262.8,104.268,1336.792,1,1,1
18560586,17261,1,-35.00,35.00,-34.52,34.10,-0.579,0.590,-33281,33236,7.60,262.0,104.268,1337.836,1,1,1
18570589,17271,1,-35.00,35.00,-35.15,32.66,-0.577,0.597,-33306,33256,7.59,265.0,100.610,1338.843,1,1,1
18580606,17281,1,-35.00,35.00,-35.59,32.97,-0.575,0.596,-33331,33279,7.60,266.0,94.756,1339.791,1,1,1
18590617,17291,1,-35.00,35.00,-36.78,34.06,-0.570,0.593,-33358,33304,7.60,265.5,93.476,1340.726,1,1,1
18600630,17301,1,-35.00,35.00,-34.97,34.39,-0.577,0.592,-33379,33328,7.59,262.2,97.683,1341.704,1,1,1
18610637,17311,1,-35.00,35.00,-32.83,35.06,-0.584,0.588,-33398,33353,7.60,263.5,97.988,1342.685,1,1,1
18620644,17321,1,-35.00,35.00,-32.65,35.53,-0.585,0.587,-33420,33378,7.59,265.0,94.634,1343.632,1,1,1
18630645,17331,1,-35.00,35.00,-32.96,36.30,-0.585,0.583,-33443,33404,7.60,264.5,96.585,1344.599,1,1,1
18640655,17341,1,-35.00,35.00,-33.62,37.27,-0.583,0.579,-33467,33431,7.60,263.2,100.244,1345.602,1,1,1
18650655,17351,1,-35.00,35.00,-33.64,37.96,-0.583,0.575,-33490,33458,7.61,262.2,101.402,1346.617,1,1,1
18660660,17361,1,-35.00,35.00,-34.10,34.92,-0.581,0.585,-33514,33477,7.60,261.0,100.000,1347.618,1,1,1
18670663,17371,1,-35.00,35.00,-35.73,33.67,-0.576,0.591,-33541,33498,7.60,262.2,96.951,1348.588,1,1,1
18680670,17381,1,-35.00,35.00,-36.44,33.24,-0.572,0.593,-33567,33520,7.60,263.0,91.768,1349.506,1,1,1
18690678,17391,1,-35.00,35.00,-33.86,33.37,-0.581,0.592,-33586,33543,7.60,261.2,90.366,1350.411,1,1,1
18700683,17401,1,-35.00,35.00,-32.93,34.79,-0.585,0.588,-33607,33569,7.59,267.5,91.768,1351.329,1,1,1
18710685,17411,1,-35.00,35.00,-32.72,35.78,-0.587,0.585,-33629,33595,7.59,265.8,92.500,1352.255,1,1,1
18720685,17421,1,-35.00,35.00,-33.45,36.91,-0.585,0.580,-33653,33622,7.59,264.2,95.610,1353.212,1,1,1
18730693,17431,1,-35.00,35.00,-33.08,37.70,-0.587,0.576,-33675,33649,7.59,262.2,98.354,1354.196,1,1,1
18740700,17441,1,-35.00,35.00,-34.14,36.94,-0.583,0.578,-33700,33673,7.60,263.8,96.646,1355.164,1,1,1
18750709,17451,1,-35.00,35.00,-34.01,35.96,-0.583,0.580,-33723,33696,7.60,262.5,93.963,1356.104,1,1,1
18760709,17461,1,-35.00,35.00,-33.47,34.40,-0.585,0.586,-33745,33717,7.60,260.8,93.537,1357.040,1,1,1
18770713,17471,1,-35.00,35.00,-34.42,33.31,-0.582,0.590,-33770,33738,7.60,263.0,93.537,1357.976,1,1,1
18780713,17481,1,-35.00,35.00,-35.52,33.43,-0.578,0.591,-33796,33761,7.59,265.2,92.805,1358.905,1,1,1
18790721,17491,1,-35.00,35.00,-35.85,33.50,-0.576,0.591,-33821,33784,7.60,264.2,95.854,1359.865,1,1,1
18800728,17501,1,-35.00,35.00,-33.88,34.44,-0.583,0.587,-33841,33809,7.60,264.2,99.573,1360.861,1,1,1
18810737,17511,1,-35.00,35.00,-32.95,35.09,-0.587,0.586,-33862,33834,7.59,264.0,99.451,1361.857,1,1,1
18820751,17521,1,-35.00,35.00,-32.73,35.99,-0.588,0.581,-33884,33860,7.59,265.5,98.720,1362.845,1,1,1
18830765,17531,1,-35.00,35.00,-33.46,37.06,-0.586,0.577,-33908,33887,7.59,265.5,100.366,1363.849,1,1,1
18840776,17541,1,-35.00,35.00,-33.97,36.93,-0.584,0.576,-33932,33912,7.60,262.8,100.183,1364.852,1,1,1
18850782,17551,1,-35.00,35.00,-34.32,35.52,-0.584,0.582,-33956,33934,7.59,262.0,99.024,1365.843,1,1,1
18860784,17561,1,-35.00,35.00,-34.57,33.65,-0.582,0.588,-33980,33954,7.60,263.0,98.049,1366.824,1,1,1
18870797,17571,1,-35.00,35.00,-35.63,32.78,-0.577,0.591,-34006,33975,7.61,264.8,96.646,1367.792,1,1,1
18880806,17581,1,-35.00,35.00,-38.12,32.18,-0.568,0.595,-34036,33996,7.60,264.2,94.146,1368.734,1,1,1
18890819,17591,1,-35.00,35.00,-35.91,32.63,-0.575,0.595,-34057,34019,7.59,261.5,93.537,1369.670,1,1,1
18900827,17601,1,-35.00,35.00,-33.49,33.83,-0.583,0.590,-34076,34044,7.60,265.0,93.354,1370.604,1,1,1
18910841,17611,1,-35.00,35.00,-32.23,34.23,-0.589,0.588,-34096,34068,7.60,266.2,89.878,1371.504,1,1,1
18920842,17621,1,-35.00,35.00,-32.23,34.51,-0.589,0.587,-34118,34092,7.60,267.2,87.683,1372.381,1,1,1
18930845,17631,1,-35.00,35.00,-33.11,33.82,-0.586,0.590,-34142,34114,7.60,266.2,87.927,1373.262,1,1,1
18940852,17641,1,-35.00,35.00,-34.16,34.22,-0.583,0.589,-34167,34138,7.59,268.2,91.707,1374.179,1,1,1
18950852,17651,1,-35.00,35.00,-34.02,34.06,-0.585,0.591,-34190,34161,7.58,265.5,94.146,1375.122,1,1,1
18960852,17661,1,-35.00,35.00,-34.80,33.51,-0.580,0.591,-34215,34183,7.60,267.8,93.171,1376.054,1,1,1
18970856,17671,1,-35.00,35.00,-36.23,33.13,-0.575,0.594,-34242,34205,7.59,265.5,93.537,1376.990,1,1,1
18980865,17681,1,-35.00,35.00,-36.78,33.30,-0.573,0.594,-34268,34228,7.59,264.8,96.280,1377.954,1,1,1
18990879,17691,1,-35.00,35.00,-34.10,33.41,-0.582,0.593,-34287,34251,7.59,262.5,97.866,1378.933,1,1,1
19000888,17701,1,-35.00,35.00,-33.10,33.50,-0.585,0.591,-34308,34274,7.60,264.5,94.085,1379.875,1,1,1
19010898,17711,1,-35.00,35.00,-32.84,33.56,-0.586,0.592,-34330,34297,7.59,267.0,87.927,1380.755,1,1,1
19020913,17721,1,-35.00,35.00,-33.97,33.16,-0.583,0.593,-34355,34319,7.59,268.2,85.854,1381.615,1,1,1
19030913,17731,1,-35.00,35.00,-33.89,33.32,-0.583,0.593,-34378,34342,7.58,268.5,88.171,1382.497,1,1,1
19040913,17741,1,-35.00,35.00,-33.83,33.43,-0.583,0.592,-34401,34365,7.59,268.2,90.976,1383.408,1,1,1
19050917,17751,1,-35.00,35.00,-34.67,33.51,-0.580,0.592,-34426,34388,7.60,266.0,90.793,1384.316,1,1,1
19060918,17761,1,-35.00,35.00,-36.57,33.56,-0.572,0.592,-34454,34411,7.61,266.5,91.159,1385.229,1,1,1
19070918,17771,1,-35.00,35.00,-37.03,33.16,-0.570,0.594,-34480,34433,7.60,263.0,93.232,1386.162,1,1,1
19080918,17781,1,-35.00,35.00,-34.71,33.32,-0.578,0.594,-34500,34456,7.59,263.0,95.244,1387.115,1,1,1
19090925,17791,1,-35.00,35.00,-33.08,33.43,-0.583,0.592,-34520,34479,7.60,266.0,95.793,1388.074,1,1,1
19100928,17801,1,-35.00,35.00,-32.39,33.07,-0.586,0.594,-34541,34501,7.60,267.8,90.793,1388.983,1,1,1
19110941,17811,1,-35.00,35.00,-32.78,33.26,-0.585,0.593,-34564,34524,7.60,269.2,86.951,1389.853,1,1,1
19120941,17821,1,-35.00,35.00,-33.93,32.51,-0.581,0.596,-34589,34545,7.60,268.2,89.268,1390.746,1,1,1
19130941,17831,1,-35.00,35.00,-34.30,33.30,-0.579,0.593,-34613,34569,7.61,268.8,93.049,1391.678,1,1,1
19140943,17841,1,-35.00,35.00,-34.56,33.42,-0.579,0.593,-34637,34592,7.60,266.5,94.817,1392.627,1,1,1
19150948,17851,1,-35.00,35.00,-35.18,33.94,-0.577,0.591,-34662,34616,7.60,265.8,94.451,1393.572,1,1,1
19160956,17861,1,-35.00,35.00,-36.93,34.31,-0.570,0.591,-34690,34640,7.60,263.8,94.329,1394.516,1,1,1
19170964,17871,1,-35.00,35.00,-37.28,34.12,-0.568,0.592,-34716,34663,7.60,260.5,95.244,1395.469,1,1,1
19180973,17881,1,-35.00,35.00,-37.08,33.99,-0.568,0.593,-34741,34686,7.60,260.2,97.073,1396.441,1,1,1
19190973,17891,1,-35.00,35.00,-33.87,34.34,-0.579,0.591,-34759,34710,7.60,260.8,97.378,1397.415,1,1,1
19200986,17901,1,-35.00,35.00,-32.49,34.15,-0.585,0.592,-34779,34733,7.59,264.0,95.427,1398.370,1,1,1
19210988,17911,1,-35.00,35.00,-32.85,34.89,-0.584,0.589,-34802,34758,7.60,267.2,92.256,1399.294,1,1,1
19220999,17922,1,-35.00,35.00,-33.98,34.97,-0.582,0.590,-34827,34782,7.58,264.8,89.939,1400.194,1,1,1
19231004,17932,1,-35.00,35.00,-34.78,35.46,-0.579,0.587,-34852,34807,7.59,264.8,87.683,1401.072,1,1,1
19241004,17942,1,-35.00,35.00,-34.89,34.49,-0.578,0.591,-34876,34829,7.60,262.5,87.073,1401.943,1,1,1
19251016,17952,1,-35.00,35.00,-35.85,34.25,-0.575,0.592,-34902,34852,7.59,264.0,86.707,1402.811,1,1,1
19261019,17962,1,-35.00,35.00,-36.96,34.52,-0.570,0.591,-34929,34876,7.59,261.5,85.915,1403.671,1,1,1
19271019,17972,1,-35.00,35.00,-35.98,34.71,-0.573,0.591,-34952,34900,7.59,260.0,87.805,1404.550,1,1,1
19281019,17982,1,-35.00,35.00,-34.85,35.29,-0.577,0.588,-34974,34925,7.59,260.5,92.805,1405.479,1,1,1
19291032,17992,1,-35.00,35.00,-34.07,35.69,-0.580,0.587,-34996,34950,7.60,263.5,93.293,1406.413,1,1,1
19301032,18002,1,-35.00,35.00,-34.39,35.53,-0.580,0.588,-35020,34974,7.58,263.0,91.890,1407.332,1,1,1
19311040,18012,1,-35.00,35.00,-35.50,35.42,-0.575,0.588,-35046,34998,7.59,263.0,93.780,1408.271,1,1,1
19321046,18022,1,-35.00,35.00,-35.84,35.34,-0.573,0.587,-35071,35022,7.60,262.5,95.671,1409.228,1,1,1
19331046,18032,1,-35.00,35.00,-36.07,35.72,-0.573,0.587,-35096,35047,7.59,262.2,95.366,1410.183,1,1,1
19341046,18042,1,-35.00,35.00,-35.80,35.55,-0.574,0.587,-35120,35071,7.59,261.5,92.134,1411.105,1,1,1
19351049,18052,1,-35.00,35.00,-36.48,35.43,-0.570,0.587,-35146,35095,7.60,260.5,88.720,1411.993,1,1,1
19361055,18062,1,-35.00,35.00,-36.09,35.79,-0.572,0.586,-35170,35120,7.60,258.5,86.585,1412.860,1,1,1
19371061,18072,1,-35.00,35.00,-34.93,36.04,-0.575,0.584,-35192,35145,7.60,260.0,88.780,1413.748,1,1,1
19381070,18082,1,-35.00,35.00,-34.56,36.65,-0.577,0.582,-35215,35171,7.60,260.2,91.220,1414.661,1,1,1
19391077,18092,1,-35.00,35.00,-34.74,36.64,-0.576,0.581,-35239,35196,7.61,259.8,89.146,1415.554,1,1,1
19401079,18102,1,-35.00,35.00,-34.42,36.64,-0.577,0.579,-35262,35221,7.61,259.8,89.756,1416.452,1,1,1
19411079,18112,1,-35.00,35.00,-35.08,36.19,-0.576,0.581,-35287,35245,7.60,259.8,90.793,1417.361,1,1,1
19421092,18122,1,-35.00,35.00,-35.54,36.32,-0.575,0.581,-35312,35270,7.60,260.2,91.159,1418.273,1,1,1
19431100,18132,1,-35.00,35.00,-35.87,36.41,-0.574,0.581,-35337,35295,7.59,259.0,91.951,1419.193,1,1,1
19441110,18142,1,-35.00,35.00,-36.53,36.03,-0.570,0.581,-35363,35319,7.61,258.8,92.439,1420.119,1,1,1
19451124,18152,1,-35.00,35.00,-37.00,35.77,-0.568,0.582,-35389,35343,7.60,256.8,90.854,1421.028,1,1,1
19461125,18162,1,-35.00,35.00,-36.89,35.59,-0.568,0.582,-35414,35367,7.60,256.2,88.476,1421.913,1,1,1
19471128,18172,1,-35.00,35.00,-34.17,36.34,-0.578,0.579,-35433,35393,7.60,255.5,89.390,1422.808,1,1,1
19481141,18182,1,-35.00,35.00,-33.15,36.42,-0.582,0.578,-35454,35418,7.59,258.5,90.671,1423.716,1,1,1
19491154,18192,1,-35.00,35.00,-33.31,36.92,-0.582,0.576,-35477,35444,7.60,262.0,89.146,1424.608,1,1,1
19501162,18202,1,-35.00,35.00,-34.30,36.83,-0.579,0.575,-35502,35469,7.61,261.5,91.280,1425.521,1,1,1
19511163,18212,1,-35.00,35.00,-34.56,37.65,-0.579,0.571,-35526,35496,7.61,258.8,98.232,1426.505,1,1,1
19521178,18222,1,-35.00,35.00,-34.74,37.34,-0.579,0.572,-35550,35521,7.60,258.2,97.866,1427.484,1,1,1
19531178,18232,1,-35.00,35.00,-35.30,35.81,-0.576,0.576,-35575,35543,7.61,258.2,97.378,1428.459,1,1,1
19541188,18242,1,-35.00,35.00,-36.14,35.61,-0.573,0.577,-35601,35567,7.60,256.5,95.854,1429.418,1,1,1
19551195,18252,1,-35.00,35.00,-37.16,34.16,-0.570,0.584,-35628,35588,7.59,256.2,91.280,1430.332,1,1,1
19561201,18262,1,-35.00,35.00,-37.88,34.90,-0.566,0.581,-35655,35613,7.60,258.5,90.793,1431.240,1,1,1
19571210,18272,1,-35.00,35.00,-36.18,35.41,-0.571,0.579,-35677,35638,7.60,256.5,92.195,1432.163,1,1,1
19581210,18282,1,-35.00,35.00,-33.24,35.78,-0.581,0.577,-35695,35663,7.60,256.8,90.000,1433.064,1,1,1
19591210,18292,1,-35.00,35.00,-32.06,36.03,-0.587,0.576,-35715,35688,7.59,260.8,88.049,1433.945,1,1,1
19601210,18302,1,-35.00,35.00,-32.55,36.65,-0.586,0.572,-35738,35714,7.60,263.2,89.817,1434.844,1,1,1
19611219,18312,1,-35.00,35.00,-34.21,37.08,-0.582,0.571,-35764,35740,7.59,261.2,94.512,1435.790,1,1,1
19621232,18322,1,-35.00,35.00,-34.49,36.50,-0.580,0.571,-35788,35764,7.60,258.2,95.915,1436.750,1,1,1
19631245,18332,1,-35.00,35.00,-35.13,35.66,-0.578,0.574,-35813,35787,7.60,257.2,96.646,1437.717,1,1,1
19641247,18342,1,-35.00,35.00,-36.46,34.19,-0.573,0.580,-35840,35808,7.60,257.8,95.732,1438.675,1,1,1
19651247,18352,1,-35.00,35.00,-37.82,33.16,-0.567,0.584,-35868,35829,7.60,257.0,92.805,1439.604,1,1,1
19661253,18362,1,-35.00,35.00,-35.27,33.32,-0.575,0.583,-35888,35852,7.61,256.0,92.439,1440.529,1,1,1
19671256,18372,1,-35.00,35.00,-33.91,34.31,-0.580,0.581,-35909,35877,7.60,260.5,88.720,1441.417,1,1,1
19681269,18382,1,-35.00,35.00,-32.97,34.56,-0.584,0.579,-35930,35901,7.60,260.0,86.037,1442.279,1,1,1
19691283,18392,1,-35.00,35.00,-33.63,34.74,-0.582,0.578,-35954,35925,7.61,261.8,87.622,1443.156,1,1,1
19701294,18402,1,-35.00,35.00,-33.65,34.43,-0.583,0.581,-35977,35948,7.59,261.2,93.659,1444.093,1,1,1
19711301,18412,1,-35.00,35.00,-34.54,34.21,-0.580,0.582,-36002,35971,7.60,263.5,96.585,1445.060,1,1,1
19721314,18422,1,-35.00,35.00,-35.16,33.61,-0.578,0.585,-36027,35993,7.59,261.5,96.280,1446.023,1,1,1
19731321,18432,1,-35.00,35.00,-35.60,33.64,-0.576,0.585,-36052,36016,7.60,261.5,95.854,1446.983,1,1,1
19741325,18442,1,-35.00,35.00,-35.91,33.21,-0.575,0.587,-36077,36038,7.59,260.0,94.512,1447.929,1,1,1
19751329,18452,1,-35.00,35.00,-35.68,32.48,-0.575,0.590,-36101,36059,7.59,263.2,93.232,1448.862,1,1,1
19761340,18462,1,-35.00,35.00,-34.21,32.84,-0.579,0.589,-36122,36082,7.60,264.0,92.683,1449.789,1,1,1
19771353,18472,1,-35.00,35.00,-33.61,33.10,-0.582,0.589,-36144,36105,7.59,264.0,88.293,1450.673,1,1,1
19781355,18482,1,-35.00,35.00,-33.20,33.28,-0.584,0.589,-36166,36128,7.59,265.5,86.768,1451.542,1,1,1
19791362,18492,1,-35.00,35.00,-33.34,33.40,-0.583,0.588,-36189,36151,7.60,266.8,90.427,1452.447,1,1,1
19801368,18502,1,-35.00,35.00,-33.89,33.05,-0.582,0.590,-36213,36173,7.60,266.5,94.939,1453.397,1,1,1
19811375,18512,1,-35.00,35.00,-33.83,33.24,-0.583,0.591,-36236,36196,7.59,267.5,98.659,1454.384,1,1,1
19821377,18522,1,-35.00,35.00,-34.23,33.82,-0.581,0.589,-36260,36220,7.59,267.0,99.268,1455.378,1,1,1
19831377,18532,1,-35.00,35.00,-34.95,32.90,-0.578,0.593,-36285,36241,7.59,266.2,96.585,1456.345,1,1,1
19841390,18542,1,-35.00,35.00,-35.45,32.70,-0.576,0.594,-36310,36263,7.60,265.2,93.354,1457.279,1,1,1
19851390,18552,1,-35.00,35.00,-35.36,32.12,-0.575,0.597,-36334,36284,7.60,264.2,91.524,1458.195,1,1,1
19861401,18562,1,-35.00,35.00,-33.98,32.59,-0.581,0.597,-36355,36307,7.59,266.5,91.402,1459.110,1,1,1
19871407,18572,1,-35.00,35.00,-33.02,33.36,-0.584,0.594,-36376,36331,7.59,271.5,89.817,1460.009,1,1,1
19881416,18582,1,-35.00,35.00,-33.22,33.46,-0.583,0.594,-36399,36354,7.59,269.5,91.768,1460.927,1,1,1
19891420,18592,1,-35.00,35.00,-33.80,33.53,-0.582,0.594,-36423,36377,7.59,268.8,95.915,1461.887,1,1,1
19901431,18602,1,-35.00,35.00,-34.21,33.14,-0.580,0.595,-36447,36399,7.59,268.5,100.183,1462.890,1,1,1
19911438,18612,1,-35.00,35.00,-34.05,32.43,-0.580,0.597,-36470,36420,7.59,268.2,101.768,1463.908,1,1,1
19921444,18622,1,-35.00,35.00,-34.82,33.24,-0.578,0.595,-36495,36444,7.59,268.2,101.768,1464.927,1,1,1
19931451,18632,1,-35.00,35.00,-35.36,32.94,-0.576,0.597,-36520,36466,7.59,266.2,99.695,1465.924,1,1,1
19941451,18642,1,-35.00,35.00,-36.62,32.73,-0.570,0.598,-36547,36488,7.59,266.0,95.793,1466.883,1,1,1
19951461,18652,1,-35.00,35.00,-34.42,33.02,-0.577,0.596,-36567,36511,7.60,264.0,95.122,1467.835,1,1,1
19961466,18662,1,-35.00,35.00,-33.76,32.78,-0.580,0.597,-36589,36533,7.60,266.0,92.866,1468.765,1,1,1
19971476,18672,1,-35.00,35.00,-33.30,33.05,-0.582,0.596,-36611,36556,7.59,267.0,93.415,1469.700,1,1,1
19981489,18682,1,-35.00,35.00,-33.42,33.24,-0.582,0.596,-36634,36579,7.59,269.8,93.110,1470.631,1,1,1
19991496,18692,1,-35.00,35.00,-33.94,32.94,-0.580,0.597,-36658,36601,7.59,269.0,92.561,1471.558,1,1,1
20001496,18702,1,-35.00,35.00,-34.74,31.85,-0.576,0.600,-36683,36621,7.60,267.2,96.402,1472.523,1,1,1
20011496,18712,1,-35.00,35.00,-35.31,31.52,-0.574,0.602,-36708,36642,7.60,268.2,98.963,1473.513,1,1,1
20021504,18722,1,-35.00,35.00,-34.38,32.17,-0.577,0.601,-36730,36665,7.59,267.5,99.512,1474.509,1,1,1
20031514,18732,1,-35.00,35.00,-33.74,33.51,-0.578,0.595,-36752,36690,7.61,269.0,94.634,1475.456,1,1,1
20041522,18742,1,-35.00,35.00,-33.72,33.12,-0.579,0.597,-36775,36712,7.59,268.0,87.317,1476.330,1,1,1
20051535,18752,1,-35.00,35.00,-33.71,33.29,-0.579,0.596,-36798,36735,7.60,269.2,86.707,1477.198,1,1,1
20061537,18762,1,-35.00,35.00,-33.71,32.97,-0.578,0.597,-36821,36757,7.60,267.8,89.512,1478.094,1,1,1
20071544,18772,1,-35.00,35.00,-33.26,32.75,-0.581,0.599,-36843,36779,7.59,268.5,92.317,1479.018,1,1,1
20081544,18782,1,-35.00,35.00,-33.39,32.59,-0.580,0.599,-36866,36801,7.59,271.5,96.341,1479.982,1,1,1
20091552,18792,1,-35.00,35.00,-33.48,32.48,-0.579,0.599,-36889,36823,7.61,270.8,99.939,1480.983,1,1,1
20101565,18802,1,-35.00,35.00,-33.10,32.41,-0.580,0.600,-36911,36845,7.60,269.8,101.707,1482.000,1,1,1
20111572,18812,1,-35.00,35.00,-32.84,32.35,-0.582,0.601,-36933,36867,7.59,270.8,103.476,1483.036,1,1,1
20121575,18822,1,-35.00,35.00,-32.66,32.75,-0.582,0.599,-36955,36890,7.59,271.2,104.756,1484.084,1,1,1
20131586,18832,1,-35.00,35.00,-32.97,33.04,-0.581,0.598,-36978,36913,7.59,270.2,103.963,1485.125,1,1,1
20141595,18842,1,-35.00,35.00,-33.18,32.35,-0.580,0.600,-37001,36934,7.59,269.8,100.061,1486.126,1,1,1
20151609,18852,1,-35.00,35.00,-33.34,32.32,-0.580,0.601,-37024,36956,7.59,270.5,97.317,1487.100,1,1,1
20161614,18862,1,-35.00,35.00,-33.44,32.73,-0.580,0.599,-37047,36979,7.59,268.8,98.598,1488.087,1,1,1
20171615,18872,1,-35.00,35.00,-33.52,33.02,-0.579,0.598,-37070,37002,7.59,268.5,101.646,1489.104,1,1,1
20181615,18882,1,-35.00,35.00,-33.13,33.66,-0.580,0.596,-37092,37026,7.60,267.2,103.963,1490.145,1,1,1
20191615,18892,1,-35.00,35.00,-33.30,34.11,-0.579,0.594,-37115,37050,7.60,267.0,103.354,1491.179,1,1,1
20201615,18902,1,-35.00,35.00,-33.42,34.42,-0.580,0.594,-37138,37074,7.59,264.5,102.195,1492.202,1,1,1
20211625,18912,1,-35.00,35.00,-33.50,34.64,-0.580,0.593,-37161,37098,7.59,265.5,102.500,1493.228,1,1,1
20221637,18922,1,-35.00,35.00,-34.44,33.48,-0.576,0.597,-37186,37119,7.59,264.8,104.878,1494.277,1,1,1
20231637,18932,1,-35.00,35.00,-36.41,33.10,-0.569,0.599,-37214,37141,7.60,265.5,105.000,1495.328,1,1,1
20241637,18942,1,-35.00,35.00,-36.03,32.84,-0.570,0.600,-37238,37163,7.60,263.8,99.573,1496.324,1,1,1
20251645,18952,1,-35.00,35.00,-34.01,33.53,-0.577,0.597,-37258,37187,7.60,264.2,95.793,1497.283,1,1,1
20261648,18962,1,-35.00,35.00,-33.04,34.90,-0.580,0.592,-37279,37213,7.60,265.2,93.171,1498.216,1,1,1
20271648,18972,1,-35.00,35.00,-32.79,34.98,-0.582,0.592,-37301,37237,7.59,265.2,93.110,1499.148,1,1,1
20281660,18982,1,-35.00,35.00,-33.50,35.03,-0.579,0.591,-37325,37261,7.60,265.0,93.841,1500.087,1,1,1
20291670,18992,1,-35.00,35.00,-34.00,35.07,-0.579,0.592,-37349,37285,7.59,264.0,96.890,1501.057,1,1,1
20301683,19002,1,-35.00,35.00,-34.35,34.66,-0.577,0.593,-37373,37308,7.59,265.8,99.573,1502.053,1,1,1
20311691,19012,1,-35.00,35.00,-34.15,33.93,-0.577,0.595,-37396,37330,7.59,263.5,99.634,1503.050,1,1,1
20321700,19022,1,-35.00,35.00,-34.89,33.86,-0.574,0.595,-37421,37353,7.60,264.5,98.354,1504.035,1,1,1
20331713,19032,1,-35.00,35.00,-36.73,34.25,-0.568,0.595,-37449,37377,7.60,264.2,98.293,1505.018,1,1,1
20341713,19042,1,-35.00,35.00,-34.50,34.96,-0.575,0.591,-37469,37402,7.61,261.8,99.878,1506.018,1,1,1
20351721,19052,1,-35.00,35.00,-32.94,35.46,-0.581,0.590,-37489,37427,7.60,264.0,100.061,1507.020,1,1,1
20361724,19062,1,-35.00,35.00,-32.72,36.25,-0.583,0.587,-37511,37453,7.59,266.0,97.134,1507.992,1,1,1
20371724,19072,1,-35.00,35.00,-33.01,36.36,-0.582,0.586,-37534,37478,7.59,264.8,97.317,1508.966,1,1,1
20381724,19082,1,-35.00,35.00,-33.66,36.00,-0.580,0.586,-37558,37502,7.61,264.0,100.061,1509.967,1,1,1
20391736,19092,1,-35.00,35.00,-34.11,36.18,-0.579,0.586,-37582,37527,7.59,262.2,101.890,1510.987,1,1,1
20401744,19102,1,-35.00,35.00,-33.98,36.76,-0.580,0.583,-37605,37553,7.60,262.0,101.707,1512.005,1,1,1
20411758,19112,1,-35.00,35.00,-33.90,35.40,-0.580,0.587,-37628,37575,7.59,261.0,98.841,1512.994,1,1,1
20421761,19122,1,-35.00,35.00,-35.59,34.89,-0.574,0.589,-37655,37598,7.60,262.8,96.829,1513.963,1,1,1
20431773,19132,1,-35.00,35.00,-34.58,34.53,-0.577,0.590,-37677,37621,7.60,262.2,94.878,1514.913,1,1,1
20441782,19142,1,-35.00,35.00,-33.00,34.72,-0.583,0.590,-37697,37645,7.59,263.5,94.512,1515.859,1,1,1
20451789,19152,1,-35.00,35.00,-32.33,35.73,-0.586,0.585,-37718,37671,7.60,265.8,93.171,1516.791,1,1,1
20461797,19162,1,-35.00,35.00,-32.74,36.87,-0.585,0.581,-37741,37698,7.59,263.8,94.634,1517.738,1,1,1
20471804,19172,1,-35.00,35.00,-33.02,38.12,-0.585,0.576,-37764,37726,7.59,262.8,98.537,1518.724,1,1,1
20481815,19182,1,-35.00,35.00,-33.22,37.67,-0.584,0.576,-37787,37751,7.60,261.5,99.390,1519.719,1,1,1
20491819,19192,1,-35.00,35.00,-33.80,36.47,-0.583,0.579,-37811,37774,7.59,261.5,96.037,1520.680,1,1,1
20501822,19202,1,-35.00,35.00,-33.33,35.64,-0.585,0.582,-37833,37797,7.59,261.8,93.963,1521.621,1,1,1
20511830,19212,1,-35.00,35.00,-33.88,35.06,-0.582,0.583,-37857,37820,7.59,264.8,93.171,1522.553,1,1,1
20521830,19222,1,-35.00,35.00,-35.14,34.65,-0.578,0.585,-37883,37843,7.59,262.0,93.841,1523.493,1,1,1
20531842,19232,1,-35.00,35.00,-36.02,34.36,-0.575,0.586,-37909,37866,7.60,261.0,95.061,1524.444,1,1,1
20541850,19242,1,-35.00,35.00,-34.01,34.60,-0.581,0.584,-37929,37890,7.61,260.8,95.061,1525.395,1,1,1
20551852,19252,1,-35.00,35.00,-33.03,35.21,-0.585,0.582,-37950,37915,7.60,262.0,94.268,1526.339,1,1,1
20561865,19262,1,-35.00,35.00,-32.35,36.07,-0.588,0.580,-37971,37941,7.59,263.8,94.329,1527.283,1,1,1
20571867,19272,1,-35.00,35.00,-33.19,37.11,-0.586,0.575,-37995,37968,7.60,266.0,97.012,1528.254,1,1,1
20581875,19282,1,-35.00,35.00,-33.34,37.84,-0.586,0.571,-38018,37995,7.60,263.2,100.122,1529.256,1,1,1
20591882,19292,1,-35.00,35.00,-33.45,37.48,-0.586,0.571,-38041,38020,7.60,260.5,99.695,1530.254,1,1,1
20601882,19302,1,-35.00,35.00,-33.96,36.78,-0.584,0.573,-38065,38044,7.60,260.8,97.500,1531.230,1,1,1
20611888,19312,1,-35.00,35.00,-34.32,33.66,-0.582,0.583,-38089,38062,7.60,261.0,94.817,1532.179,1,1,1
20621888,19322,1,-35.00,35.00,-36.33,31.91,-0.575,0.592,-38117,38081,7.59,262.8,93.049,1533.110,1,1,1
20631897,19332,1,-35.00,35.00,-36.86,32.00,-0.571,0.592,-38143,38103,7.61,261.2,92.317,1534.034,1,1,1
20641902,19342,1,-35.00,35.00,-35.47,32.95,-0.577,0.590,-38165,38127,7.59,262.0,91.098,1534.946,1,1,1
20651910,19352,1,-35.00,35.00,-33.18,34.05,-0.585,0.586,-38184,38152,7.59,264.2,90.488,1535.851,1,1,1
20661910,19362,1,-35.00,35.00,-29.82,34.82,-0.597,0.582,-38199,38177,7.59,263.8,90.122,1536.753,1,1,1
20671913,19372,1,-35.00,35.00,-33.61,34.48,-0.585,0.584,-38228,38200,7.60,268.8,87.988,1537.634,1,1,1
20681913,19382,1,-35.00,35.00,-34.08,33.81,-0.583,0.587,-38252,38222,7.59,262.5,88.354,1538.518,1,1,1
20691926,19392,1,-35.00,35.00,-33.96,34.65,-0.583,0.584,-38275,38247,7.60,264.2,91.585,1539.435,1,1,1
20701933,19402,1,-35.00,35.00,-34.32,33.48,-0.581,0.588,-38299,38268,7.61,261.2,91.585,1540.352,1,1,1
20711936,19412,1,-35.00,35.00,-35.01,33.11,-0.580,0.591,-38324,38290,7.59,263.0,89.756,1541.250,1,1,1
20721949,19422,1,-35.00,35.00,-36.37,33.28,-0.575,0.591,-38351,38313,7.59,265.5,92.317,1542.174,1,1,1
20731958,19432,1,-35.00,35.00,-34.69,33.40,-0.579,0.590,-38372,38336,7.60,263.0,96.098,1543.136,1,1,1
20741962,19442,1,-35.00,35.00,-33.51,33.49,-0.585,0.591,-38393,38359,7.59,263.0,96.707,1544.104,1,1,1
20751970,19452,1,-35.00,35.00,-33.13,33.55,-0.586,0.591,-38415,38382,7.59,265.8,91.585,1545.020,1,1,1
20761970,19462,1,-35.00,35.00,-33.30,33.15,-0.584,0.592,-38438,38404,7.60,268.0,88.354,1545.905,1,1,1
20771973,19472,1,-35.00,35.00,-33.85,33.32,-0.583,0.592,-38462,38427,7.60,267.2,88.780,1546.793,1,1,1
20781986,19482,1,-35.00,35.00,-34.24,33.87,-0.582,0.591,-38486,38451,7.59,266.8,92.134,1547.715,1,1,1
20791993,19492,1,-35.00,35.00,-34.52,33.81,-0.580,0.590,-38510,38474,7.60,266.2,93.232,1548.648,1,1,1
20801994,19502,1,-35.00,35.00,-35.59,33.34,-0.576,0.593,-38536,38496,7.60,265.2,91.768,1549.567,1,1,1
20812000,19513,1,-35.00,35.00,-36.78,33.44,-0.573,0.594,-38563,38519,7.58,264.2,91.220,1550.480,1,1,1
20822004,19523,1,-35.00,35.00,-35.41,33.08,-0.576,0.594,-38585,38541,7.60,263.8,92.134,1551.402,1,1,1
20832009,19533,1,-35.00,35.00,-32.70,33.70,-0.586,0.592,-38603,38565,7.60,264.5,93.963,1552.342,1,1,1
20842017,19543,1,-35.00,35.00,-32.56,33.70,-0.587,0.592,-38625,38588,7.59,267.8,92.927,1553.272,1,1,1
20852019,19553,1,-35.00,35.00,-32.46,33.70,-0.587,0.592,-38647,38611,7.59,268.5,88.902,1554.162,1,1,1
20862024,19563,1,-35.00,35.00,-33.71,33.26,-0.582,0.593,-38672,38633,7.60,267.2,88.902,1555.052,1,1,1
20872034,19573,1,-35.00,35.00,-33.70,32.95,-0.583,0.594,-38695,38655,7.59,266.0,92.073,1555.974,1,1,1
20882047,19583,1,-35.00,35.00,-34.14,33.61,-0.581,0.592,-38719,38679,7.60,268.0,93.537,1556.910,1,1,1
20892053,19593,1,-35.00,35.00,-34.44,34.07,-0.581,0.591,-38743,38703,7.59,266.0,93.232,1557.843,1,1,1
20902055,19603,1,-35.00,35.00,-36.42,34.40,-0.573,0.590,-38771,38727,7.60,264.0,93.537,1558.779,1,1,1
20912064,19613,1,-35.00,35.00,-37.36,34.63,-0.570,0.590,-38798,38751,7.59,260.8,95.366,1559.734,1,1,1
20922070,19623,1,-35.00,35.00,-37.57,34.35,-0.567,0.591,-38824,38774,7.60,259.5,97.134,1560.706,1,1,1
20932070,19633,1,-35.00,35.00,-35.09,34.59,-0.576,0.590,-38844,38798,7.59,259.0,97.622,1561.683,1,1,1
20942079,19643,1,-35.00,35.00,-32.47,34.32,-0.585,0.591,-38862,38821,7.59,261.8,96.280,1562.646,1,1,1
20952079,19653,1,-35.00,35.00,-31.96,34.57,-0.588,0.589,-38883,38845,7.59,266.0,92.073,1563.568,1,1,1
20962092,19663,1,-35.00,35.00,-32.92,35.19,-0.586,0.587,-38907,38870,7.59,266.8,88.659,1564.455,1,1,1
20972099,19673,1,-35.00,35.00,-34.03,36.06,-0.582,0.584,-38932,38896,7.59,264.5,86.951,1565.326,1,1,1
20982113,19683,1,-35.00,35.00,-34.37,35.35,-0.581,0.586,-38956,38919,7.60,262.0,86.037,1566.187,1,1,1
20992128,19693,1,-35.00,35.00,-35.48,34.41,-0.576,0.589,-38982,38941,7.61,262.5,87.378,1567.062,1,1,1
21002128,19703,1,-35.00,35.00,-36.26,34.63,-0.575,0.590,-39008,38965,7.59,263.2,87.744,1567.940,1,1,1
21012135,19713,1,-35.00,35.00,-36.37,34.79,-0.573,0.589,-39033,38989,7.60,262.5,87.927,1568.820,1,1,1
21022143,19723,1,-35.00,35.00,-34.69,35.34,-0.578,0.586,-39054,39014,7.60,262.0,91.341,1569.734,1,1,1
21032143,19733,1,-35.00,35.00,-33.95,36.16,-0.582,0.584,-39076,39040,7.59,261.5,96.585,1570.701,1,1,1
21042150,19743,1,-35.00,35.00,-34.31,36.74,-0.581,0.580,-39100,39066,7.60,262.8,96.280,1571.665,1,1,1
21052150,19753,1,-35.00,35.00,-34.13,37.58,-0.582,0.577,-39123,39093,7.60,260.8,97.195,1572.637,1,1,1
21062150,19763,1,-35.00,35.00,-34.87,36.86,-0.580,0.578,-39148,39117,7.61,261.0,95.915,1573.597,1,1,1
21072158,19773,1,-35.00,35.00,-35.40,37.66,-0.579,0.576,-39173,39144,7.59,259.2,93.232,1574.530,1,1,1
21082171,19783,1,-35.00,35.00,-35.77,35.59,-0.576,0.582,-39198,39165,7.61,258.0,91.098,1575.442,1,1,1
21092177,19793,1,-35.00,35.00,-36.46,35.02,-0.574,0.584,-39224,39188,7.60,261.0,88.476,1576.328,1,1,1
21102188,19803,1,-35.00,35.00,-36.95,34.62,-0.571,0.586,-39250,39211,7.60,259.2,85.610,1577.185,1,1,1
21112193,19813,1,-35.00,35.00,-35.53,35.22,-0.576,0.584,-39272,39236,7.60,259.2,88.476,1578.070,1,1,1
21122195,19823,1,-35.00,35.00,-34.10,36.08,-0.581,0.580,-39293,39262,7.60,260.2,91.341,1578.984,1,1,1
21132201,19833,1,-35.00,35.00,-33.98,37.12,-0.583,0.576,-39316,39289,7.59,262.0,91.524,1579.901,1,1,1
21142211,19843,1,-35.00,35.00,-34.33,37.85,-0.582,0.572,-39340,39316,7.60,261.0,92.683,1580.828,1,1,1
21152223,19853,1,-35.00,35.00,-34.58,37.92,-0.581,0.571,-39364,39342,7.61,259.0,92.500,1581.754,1,1,1
21162234,19863,1,-35.00,35.00,-34.75,37.97,-0.581,0.569,-39388,39368,7.61,259.0,91.585,1582.671,1,1,1
21172238,19873,1,-35.00,35.00,-35.31,38.44,-0.580,0.567,-39413,39395,7.60,257.5,90.732,1583.579,1,1,1
21182238,19883,1,-35.00,35.00,-35.71,35.26,-0.577,0.577,-39438,39414,7.61,255.2,89.695,1584.476,1,1,1
21192245,19893,1,-35.00,35.00,-36.86,34.79,-0.573,0.580,-39465,39437,7.60,257.8,86.524,1585.342,1,1,1
21202253,19903,1,-35.00,35.00,-36.79,34.90,-0.573,0.580,-39490,39461,7.60,258.5,84.024,1586.183,1,1,1
21212264,19913,1,-35.00,35.00,-35.86,35.86,-0.576,0.577,-39513,39487,7.59,257.2,87.195,1587.056,1,1,1
21222275,19923,1,-35.00,35.00,-33.89,36.09,-0.584,0.575,-39533,39512,7.59,255.8,90.549,1587.963,1,1,1
21232286,19933,1,-35.00,35.00,-33.83,36.69,-0.583,0.571,-39556,39538,7.61,260.8,90.976,1588.873,1,1,1
21242286,19943,1,-35.00,35.00,-33.79,37.11,-0.585,0.570,-39579,39564,7.60,259.2,94.878,1589.823,1,1,1
21252286,19953,1,-35.00,35.00,-34.64,39.60,-0.583,0.560,-39604,39595,7.60,257.8,97.744,1590.801,1,1,1
21262295,19963,1,-35.00,35.00,-34.79,40.02,-0.583,0.557,-39628,39623,7.60,254.8,96.951,1591.771,1,1,1
21272298,19973,1,-35.00,35.00,-35.34,40.32,-0.582,0.554,-39653,39651,7.60,253.0,95.549,1592.728,1,1,1
21282301,19983,1,-35.00,35.00,-35.29,38.33,-0.582,0.560,-39677,39674,7.60,251.0,93.293,1593.661,1,1,1
21292313,19993,1,-35.00,35.00,-36.13,33.42,-0.578,0.577,-39703,39689,7.60,254.5,89.695,1594.559,1,1,1
21302316,20003,1,-35.00,35.00,-36.27,31.31,-0.576,0.585,-39728,39707,7.60,257.5,85.427,1595.414,1,1,1
21312321,20013,1,-35.00,35.00,-35.94,32.46,-0.577,0.582,-39752,39731,7.59,260.2,80.488,1596.220,1,1,1
21322323,20023,1,-35.00,35.00,-34.39,34.15,-0.582,0.577,-39773,39757,7.60,259.2,83.780,1597.058,1,1,1
21332325,20033,1,-35.00,35.00,-34.62,34.89,-0.581,0.574,-39797,39782,7.60,259.5,87.866,1597.938,1,1,1
21342338,20043,1,-35.00,35.00,-34.34,35.85,-0.583,0.570,-39820,39808,7.60,259.0,90.122,1598.840,1,1,1
21352344,20053,1,-35.00,35.00,-35.02,36.52,-0.581,0.568,-39845,39834,7.60,260.5,92.134,1599.762,1,1,1
21362344,20063,1,-35.00,35.00,-35.50,36.55,-0.580,0.568,-39870,39859,7.59,256.8,92.378,1600.687,1,1,1
21372347,20073,1,-35.00,35.00,-35.40,36.13,-0.579,0.568,-39894,39883,7.60,256.0,91.768,1601.605,1,1,1
21382353,20083,1,-35.00,35.00,-35.33,34.52,-0.579,0.573,-39918,39904,7.60,256.0,91.098,1602.517,1,1,1
21392367,20093,1,-35.00,35.00,-36.15,32.95,-0.575,0.579,-39944,39924,7.61,257.5,87.927,1603.397,1,1,1
21402368,20103,1,-35.00,35.00,-35.85,32.30,-0.576,0.583,-39968,39945,7.60,258.0,85.061,1604.248,1,1,1
21412375,20113,1,-35.00,35.00,-34.77,33.15,-0.580,0.581,-39990,39969,7.59,260.5,84.634,1605.095,1,1,1
21422382,20123,1,-35.00,35.00,-34.44,34.63,-0.582,0.577,-40013,39995,7.59,259.8,85.671,1605.953,1,1,1
21432382,20133,1,-35.00,35.00,-34.66,34.79,-0.581,0.576,-40037,40019,7.60,259.5,89.146,1606.845,1,1,1
21442390,20143,1,-35.00,35.00,-34.81,34.90,-0.581,0.576,-40061,40043,7.59,259.0,92.439,1607.771,1,1,1
21452390,20153,1,-35.00,35.00,-34.91,34.54,-0.581,0.577,-40085,40066,7.59,259.2,94.817,1608.719,1,1,1
21462390,20163,1,-35.00,35.00,-34.99,33.84,-0.579,0.579,-40109,40088,7.60,259.8,95.610,1609.676,1,1,1
21472397,20173,1,-35.00,35.00,-35.48,33.80,-0.577,0.580,-40134,40111,7.60,260.8,95.488,1610.632,1,1,1
21482397,20183,1,-35.00,35.00,-35.38,33.33,-0.578,0.583,-40158,40133,7.59,259.5,94.878,1611.582,1,1,1
21492397,20193,1,-35.00,35.00,-35.31,32.56,-0.577,0.586,-40182,40154,7.59,261.8,93.659,1612.519,1,1,1
21502398,20203,1,-35.00,35.00,-35.27,32.46,-0.577,0.587,-40206,40176,7.59,262.2,93.171,1613.452,1,1,1
21512407,20213,1,-35.00,35.00,-33.91,33.27,-0.582,0.584,-40227,40200,7.59,264.2,92.500,1614.377,1,1,1
21522420,20223,1,-35.00,35.00,-33.85,33.39,-0.582,0.584,-40250,40223,7.61,263.2,90.732,1615.285,1,1,1
21532429,20233,1,-35.00,35.00,-33.80,33.92,-0.583,0.583,-40273,40247,7.60,263.0,92.683,1616.213,1,1,1
21542435,20243,1,-35.00,35.00,-33.77,33.85,-0.583,0.583,-40296,40270,7.60,263.2,95.305,1617.167,1,1,1
21552442,20253,1,-35.00,35.00,-34.18,33.37,-0.581,0.585,-40320,40292,7.61,263.2,97.012,1618.138,1,1,1
21562444,20263,1,-35.00,35.00,-34.48,33.90,-0.581,0.584,-40344,40316,7.60,263.8,98.415,1619.123,1,1,1
21572446,20273,1,-35.00,35.00,-34.68,32.96,-0.580,0.588,-40368,40337,7.60,262.5,97.134,1620.095,1,1,1
21582451,20283,1,-35.00,35.00,-35.26,32.30,-0.578,0.591,-40393,40358,7.60,264.0,95.000,1621.046,1,1,1
21592459,20293,1,-35.00,35.00,-36.11,31.84,-0.574,0.594,-40419,40379,7.60,265.2,93.171,1621.978,1,1,1
21602466,20303,1,-35.00,35.00,-34.51,32.39,-0.580,0.593,-40440,40402,7.59,263.2,93.293,1622.912,1,1,1
21612466,20313,1,-35.00,35.00,-33.38,33.66,-0.584,0.589,-40461,40427,7.60,266.0,94.207,1623.855,1,1,1
21622474,20323,1,-35.00,35.00,-33.04,34.55,-0.586,0.586,-40483,40452,7.60,266.8,93.902,1624.795,1,1,1
21632483,20333,1,-35.00,35.00,-33.67,34.29,-0.584,0.587,-40507,40475,7.59,265.2,97.134,1625.767,1,1,1
21642483,20343,1,-35.00,35.00,-33.68,34.11,-0.583,0.587,-40530,40498,7.60,264.8,100.671,1626.774,1,1,1
21652489,20353,1,-35.00,35.00,-34.12,33.55,-0.582,0.590,-40554,40520,7.60,263.0,101.463,1627.790,1,1,1
21662498,20363,1,-35.00,35.00,-33.99,33.15,-0.582,0.592,-40577,40542,7.60,265.8,100.610,1628.797,1,1,1
21672507,20373,1,-35.00,35.00,-34.34,33.31,-0.581,0.592,-40601,40565,7.60,265.5,100.061,1629.798,1,1,1
21682507,20383,1,-35.00,35.00,-35.90,32.55,-0.576,0.596,-40628,40586,7.59,266.0,98.110,1630.780,1,1,1
21692507,20393,1,-35.00,35.00,-35.68,32.89,-0.576,0.595,-40652,40609,7.59,263.5,98.232,1631.763,1,1,1
21702520,20403,1,-35.00,35.00,-34.64,33.13,-0.579,0.594,-40674,40632,7.59,265.8,98.049,1632.745,1,1,1
21712520,20413,1,-35.00,35.00,-33.48,33.74,-0.583,0.592,-40695,40656,7.60,266.8,94.939,1633.695,1,1,1
21722533,20423,1,-35.00,35.00,-33.10,33.72,-0.585,0.592,-40717,40679,7.59,265.0,94.024,1634.636,1,1,1
21732534,20433,1,-35.00,35.00,-34.16,33.28,-0.581,0.593,-40742,40701,7.60,267.2,95.305,1635.590,1,1,1
21742542,20443,1,-35.00,35.00,-34.46,32.52,-0.579,0.596,-40766,40722,7.60,266.8,97.134,1636.562,1,1,1
21752542,20453,1,-35.00,35.00,-35.11,31.55,-0.577,0.600,-40791,40742,7.59,266.2,97.622,1637.539,1,1,1
21762549,20463,1,-35.00,35.00,-34.68,32.20,-0.578,0.598,-40814,40765,7.60,266.2,97.256,1638.512,1,1,1
21772557,20473,1,-35.00,35.00,-33.51,33.52,-0.582,0.593,-40835,40790,7.60,267.5,94.756,1639.461,1,1,1
21782567,20483,1,-35.00,35.00,-33.56,34.01,-0.582,0.591,-40858,40814,7.60,267.0,88.354,1640.345,1,1,1
21792572,20493,1,-35.00,35.00,-34.04,33.04,-0.581,0.596,-40882,40835,7.59,266.5,86.646,1641.213,1,1,1
21802583,20503,1,-35.00,35.00,-33.94,33.23,-0.581,0.594,-40905,40858,7.60,268.0,89.817,1642.111,1,1,1
21812584,20513,1,-35.00,35.00,-33.42,33.37,-0.583,0.594,-40927,40881,7.59,268.0,93.110,1643.043,1,1,1
21822587,20523,1,-35.00,35.00,-33.06,33.03,-0.584,0.595,-40949,40903,7.59,268.5,96.646,1644.011,1,1,1
21832595,20533,1,-35.00,35.00,-32.81,32.79,-0.584,0.596,-40971,40925,7.59,271.0,101.646,1645.028,1,1,1
21842613,20543,1,-35.00,35.00,-33.08,32.62,-0.584,0.597,-40994,40947,7.59,270.2,105.976,1646.089,1,1,1
21852618,20553,1,-35.00,35.00,-33.26,32.94,-0.583,0.596,-41017,40970,7.59,270.5,107.927,1647.169,1,1,1
21862618,20563,1,-35.00,35.00,-32.51,33.17,-0.585,0.594,-41038,40993,7.60,270.2,107.927,1648.249,1,1,1
21872622,20573,1,-35.00,35.00,-32.87,32.88,-0.584,0.595,-41061,41015,7.60,269.2,105.671,1649.306,1,1,1
21882624,20583,1,-35.00,35.00,-33.11,32.25,-0.583,0.598,-41084,41036,7.59,268.0,99.817,1650.305,1,1,1
21892624,20593,1,-35.00,35.00,-32.85,32.68,-0.584,0.596,-41106,41059,7.60,270.0,97.439,1651.280,1,1,1
21902630,20603,1,-35.00,35.00,-32.66,32.98,-0.585,0.595,-41128,41082,7.60,269.0,98.171,1652.263,1,1,1
21912637,20613,1,-35.00,35.00,-32.53,33.20,-0.586,0.595,-41150,41105,7.59,269.0,100.122,1653.265,1,1,1
21922645,20623,1,-35.00,35.00,-32.44,33.78,-0.586,0.592,-41172,41129,7.59,269.0,102.195,1654.288,1,1,1
21932655,20633,1,-35.00,35.00,-32.82,33.76,-0.585,0.592,-41195,41152,7.60,268.2,102.988,1655.318,1,1,1
21942659,20643,1,-35.00,35.00,-33.08,34.18,-0.585,0.592,-41218,41176,7.58,267.5,101.829,1656.337,1,1,1
21952660,20653,1,-35.00,35.00,-33.70,34.03,-0.582,0.592,-41242,41199,7.59,267.5,101.159,1657.350,1,1,1
21962668,20663,1,-35.00,35.00,-34.14,33.49,-0.580,0.593,-41266,41221,7.60,263.8,101.463,1658.365,1,1,1
21972682,20673,1,-35.00,35.00,-34.88,33.55,-0.578,0.593,-41291,41244,7.60,265.2,101.951,1659.386,1,1,1
21982682,20683,1,-35.00,35.00,-36.28,33.59,-0.573,0.594,-41318,41267,7.60,266.2,100.488,1660.391,1,1,1
21992693,20693,1,-35.00,35.00,-34.19,34.06,-0.579,0.591,-41338,41291,7.61,263.0,100.549,1661.398,1,1,1
22002700,20703,1,-35.00,35.00,-33.16,34.83,-0.584,0.589,-41359,41316,7.59,263.2,100.427,1662.403,1,1,1
22012706,20713,1,-35.00,35.00,-33.32,35.81,-0.584,0.586,-41382,41342,7.59,264.5,97.988,1663.384,1,1,1
22022712,20723,1,-35.00,35.00,-33.43,36.05,-0.584,0.584,-41405,41367,7.59,263.2,98.476,1664.369,1,1,1
22032713,20733,1,-35.00,35.00,-33.95,36.66,-0.582,0.581,-41429,41393,7.60,262.5,100.854,1665.379,1,1,1
22042721,20743,1,-35.00,35.00,-34.31,35.77,-0.582,0.585,-41453,41416,7.59,260.8,102.012,1666.399,1,1,1
22052724,20753,1,-35.00,35.00,-34.56,33.39,-0.580,0.593,-41477,41435,7.59,263.2,101.037,1667.411,1,1,1
22062735,20763,1,-35.00,35.00,-34.74,33.04,-0.579,0.594,-41501,41457,7.60,265.8,96.402,1668.375,1,1,1
22072743,20773,1,-35.00,35.00,-34.87,33.24,-0.578,0.594,-41525,41480,7.60,266.2,91.159,1669.288,1,1,1
22082750,20783,1,-35.00,35.00,-34.95,33.81,-0.579,0.593,-41549,41504,7.59,265.2,91.341,1670.202,1,1,1
22092751,20793,1,-35.00,35.00,-33.70,34.65,-0.582,0.589,-41570,41529,7.60,265.8,96.646,1671.169,1,1,1
22102751,20803,1,-35.00,35.00,-33.26,35.68,-0.584,0.585,-41592,41555,7.60,265.5,98.963,1672.160,1,1,1
22112751,20813,1,-35.00,35.00,-33.39,35.97,-0.584,0.584,-41615,41580,7.60,264.2,98.476,1673.145,1,1,1
22122751,20823,1,-35.00,35.00,-33.92,37.04,-0.583,0.579,-41639,41607,7.60,262.8,101.280,1674.159,1,1,1
22132761,20833,1,-35.00,35.00,-33.85,37.79,-0.584,0.576,-41662,41634,7.59,261.8,103.415,1675.194,1,1,1
22142774,20843,1,-35.00,35.00,-33.80,37.44,-0.584,0.576,-41685,41659,7.60,260.8,102.988,1676.225,1,1,1
22152788,20853,1,-35.00,35.00,-34.21,34.12,-0.581,0.587,-41709,41677,7.61,260.2,100.061,1677.226,1,1,1
22162791,20863,1,-35.00,35.00,-35.37,32.67,-0.577,0.593,-41735,41697,7.60,264.0,96.341,1678.190,1,1,1
22172797,20873,1,-35.00,35.00,-36.19,32.98,-0.575,0.594,-41761,41720,7.59,265.5,92.744,1679.119,1,1,1
22182804,20883,1,-35.00,35.00,-33.24,33.63,-0.585,0.591,-41779,41744,7.60,263.0,92.622,1680.046,1,1,1
22192806,20893,1,-35.00,35.00,-32.50,34.97,-0.587,0.586,-41800,41770,7.60,267.2,95.183,1680.998,1,1,1
22202811,20903,1,-35.00,35.00,-32.86,35.90,-0.587,0.582,-41823,41796,7.60,266.0,96.220,1681.961,1,1,1
22212825,20913,1,-35.00,35.00,-33.11,37.88,-0.587,0.575,-41846,41825,7.59,265.0,98.963,1682.952,1,1,1
22222837,20923,1,-35.00,35.00,-33.28,37.94,-0.587,0.573,-41869,41851,7.60,262.0,100.549,1683.958,1,1,1
22232850,20933,1,-35.00,35.00,-33.40,37.10,-0.587,0.576,-41892,41875,7.59,260.5,97.988,1684.939,1,1,1
22242852,20943,1,-35.00,35.00,-33.93,36.08,-0.584,0.577,-41916,41898,7.61,262.0,94.329,1685.883,1,1,1
22252865,20953,1,-35.00,35.00,-33.86,33.61,-0.584,0.586,-41939,41917,7.60,260.8,93.476,1686.818,1,1,1
22262867,20963,1,-35.00,35.00,-34.69,32.75,-0.581,0.590,-41964,41938,7.60,262.0,93.232,1687.751,1,1,1
22272871,20973,1,-35.00,35.00,-35.71,32.59,-0.578,0.592,-41990,41960,7.60,265.0,90.244,1688.655,1,1,1
22282873,20983,1,-35.00,35.00,-35.54,33.36,-0.578,0.590,-42014,41984,7.60,265.0,90.244,1689.558,1,1,1
22292873,20993,1,-35.00,35.00,-33.67,33.90,-0.584,0.588,-42034,42008,7.60,265.0,93.354,1690.492,1,1,1
22302882,21003,1,-35.00,35.00,-32.80,34.72,-0.588,0.585,-42055,42033,7.59,265.8,95.183,1691.445,1,1,1
22312889,21013,1,-35.00,35.00,-33.06,36.61,-0.588,0.579,-42078,42061,7.59,266.2,95.610,1692.402,1,1,1
22322894,21023,1,-35.00,35.00,-33.25,37.49,-0.587,0.574,-42101,42088,7.60,265.8,98.659,1693.389,1,1,1
22332903,21033,1,-35.00,35.00,-33.82,36.79,-0.587,0.577,-42125,42112,7.59,264.0,100.061,1694.391,1,1,1
22342903,21043,1,-35.00,35.00,-34.22,35.42,-0.584,0.580,-42149,42134,7.60,263.8,99.573,1695.387,1,1,1
22352903,21053,1,-35.00,35.00,-34.50,33.58,-0.583,0.587,-42173,42154,7.60,261.8,95.976,1696.348,1,1,1
22362903,21063,1,-35.00,35.00,-35.58,31.86,-0.579,0.594,-42199,42173,7.60,264.5,92.683,1697.275,1,1,1
22372906,21073,1,-35.00,35.00,-37.65,31.53,-0.571,0.597,-42228,42194,7.60,266.0,90.244,1698.179,1,1,1
22382913,21083,1,-35.00,35.00,-35.58,32.62,-0.577,0.593,-42249,42218,7.60,263.2,88.902,1699.068,1,1,1
22392913,21093,1,-35.00,35.00,-33.26,33.38,-0.585,0.591,-42268,42242,7.60,264.0,91.220,1699.981,1,1,1
22402913,21103,1,-35.00,35.00,-32.51,34.35,-0.589,0.587,-42289,42267,7.59,267.2,90.488,1700.887,1,1,1
22412913,21113,1,-35.00,35.00,-32.86,34.15,-0.588,0.588,-42312,42290,7.60,266.2,88.841,1701.776,1,1,1
22422913,21123,1,-35.00,35.00,-33.55,34.01,-0.586,0.588,-42336,42313,7.59,264.8,89.878,1702.676,1,1,1
22432921,21133,1,-35.00,35.00,-34.03,34.80,-0.584,0.586,-42360,42338,7.60,266.0,92.256,1703.599,1,1,1
22442925,21143,1,-35.00,35.00,-33.93,33.59,-0.584,0.590,-42383,42359,7.60,264.0,91.951,1704.520,1,1,1
22452933,21153,1,-35.00,35.00,-35.18,32.74,-0.580,0.593,-42409,42380,7.60,266.0,90.122,1705.422,1,1,1
22462933,21163,1,-35.00,35.00,-36.49,33.02,-0.575,0.593,-42436,42403,7.59,265.2,90.427,1706.327,1,1,1
22472933,21173,1,-35.00,35.00,-36.09,33.22,-0.576,0.593,-42460,42426,7.59,263.8,94.268,1707.270,1,1,1
22482936,21183,1,-35.00,35.00,-34.05,33.80,-0.583,0.591,-42480,42450,7.59,264.2,97.256,1708.243,1,1,1
22492943,21193,1,-35.00,35.00,-33.06,33.33,-0.586,0.592,-42501,42472,7.59,265.5,95.122,1709.195,1,1,1
22502956,21203,1,-35.00,35.00,-33.25,33.44,-0.585,0.591,-42524,42495,7.60,267.2,88.232,1710.079,1,1,1
22512962,21213,1,-35.00,35.00,-33.82,33.51,-0.583,0.591,-42548,42518,7.60,266.8,84.939,1710.929,1,1,1
22522971,21223,1,-35.00,35.00,-33.78,33.57,-0.584,0.591,-42571,42541,7.59,266.2,86.220,1711.792,1,1,1
22532971,21233,1,-35.00,35.00,-34.20,33.60,-0.583,0.592,-42595,42564,7.59,266.8,87.256,1712.665,1,1,1
22542981,21243,1,-35.00,35.00,-34.92,33.19,-0.579,0.592,-42620,42586,7.60,265.8,86.585,1713.532,1,1,1
22552988,21253,1,-35.00,35.00,-35.43,33.34,-0.577,0.592,-42645,42609,7.60,265.0,87.927,1714.412,1,1,1
22563001,21264,1,-35.00,35.00,-35.35,33.01,-0.578,0.594,-42669,42631,7.59,265.5,90.366,1715.317,1,1,1
22573009,21274,1,-35.00,35.00,-33.97,33.65,-0.582,0.591,-42690,42655,7.60,265.5,92.256,1716.240,1,1,1
22583023,21284,1,-35.00,35.00,-33.45,33.66,-0.584,0.591,-42712,42678,7.59,266.5,89.878,1717.139,1,1,1
22593027,21294,1,-35.00,35.00,-33.52,32.79,-0.584,0.594,-42735,42699,7.59,267.8,86.402,1718.004,1,1,1
22603034,21304,1,-35.00,35.00,-33.57,32.62,-0.583,0.594,-42758,42721,7.60,269.0,90.854,1718.914,1,1,1
22613047,21314,1,-35.00,35.00,-34.49,32.94,-0.580,0.594,-42783,42744,7.60,268.2,94.573,1719.860,1,1,1
22623055,21324,1,-35.00,35.00,-34.69,33.61,-0.580,0.592,-42807,42768,7.59,266.8,95.305,1720.814,1,1,1
22633055,21334,1,-35.00,35.00,-34.83,34.07,-0.579,0.591,-42831,42792,7.59,266.2,94.085,1721.756,1,1,1
22643061,21344,1,-35.00,35.00,-35.81,33.96,-0.576,0.592,-42857,42815,7.59,266.5,92.439,1722.681,1,1,1
22653061,21354,1,-35.00,35.00,-36.93,33.88,-0.571,0.592,-42884,42838,7.60,264.8,91.280,1723.594,1,1,1
22663064,21364,1,-35.00,35.00,-36.40,33.82,-0.572,0.593,-42908,42861,7.59,261.2,91.951,1724.515,1,1,1
22673072,21374,1,-35.00,35.00,-36.03,34.22,-0.573,0.591,-42932,42885,7.60,263.0,93.476,1725.450,1,1,1
22683077,21384,1,-35.00,35.00,-33.13,34.06,-0.583,0.591,-42950,42908,7.60,262.2,94.024,1726.391,1,1,1
22693085,21394,1,-35.00,35.00,-32.86,33.07,-0.585,0.594,-42972,42929,7.59,265.2,90.732,1727.299,1,1,1
22703088,21404,1,-35.00,35.00,-33.11,35.02,-0.584,0.587,-42995,42956,7.60,268.8,89.573,1728.196,1,1,1
22713092,21414,1,-35.00,35.00,-34.60,35.50,-0.580,0.586,-43021,42981,7.60,266.2,88.963,1729.086,1,1,1
22723108,21424,1,-35.00,35.00,-34.77,34.96,-0.579,0.588,-43045,43004,7.60,263.0,89.451,1729.982,1,1,1
22733112,21434,1,-35.00,35.00,-35.32,34.58,-0.577,0.590,-43070,43027,7.59,262.5,90.305,1730.885,1,1,1
22743125,21444,1,-35.00,35.00,-37.91,34.31,-0.567,0.591,-43100,43050,7.60,263.0,91.037,1731.797,1,1,1
22753128,21454,1,-35.00,35.00,-38.84,34.56,-0.563,0.591,-43128,43074,7.59,260.0,93.841,1732.736,1,1,1
22763128,21464,1,-35.00,35.00,-37.30,35.18,-0.567,0.589,-43151,43099,7.60,257.8,99.512,1733.732,1,1,1
22773132,21474,1,-35.00,35.00,-34.02,35.17,-0.578,0.588,-43169,43123,7.60,258.5,99.512,1734.728,1,1,1
22783143,21484,1,-35.00,35.00,-32.60,35.61,-0.584,0.586,-43189,43148,7.60,264.8,93.841,1735.667,1,1,1
22793150,21494,1,-35.00,35.00,-32.49,36.79,-0.585,0.581,-43211,43175,7.60,264.0,90.732,1736.575,1,1,1
22803158,21504,1,-35.00,35.00,-34.17,36.30,-0.581,0.583,-43237,43199,7.59,264.0,90.915,1737.485,1,1,1
22813162,21514,1,-35.00,35.00,-34.90,35.08,-0.579,0.588,-43262,43221,7.58,261.5,92.988,1738.416,1,1,1
22823171,21524,1,-35.00,35.00,-34.98,35.54,-0.578,0.585,-43286,43246,7.60,263.2,92.622,1739.343,1,1,1
22833173,21534,1,-35.00,35.00,-35.91,34.99,-0.574,0.587,-43312,43269,7.61,262.8,89.756,1740.241,1,1,1
22843177,21544,1,-35.00,35.00,-37.88,35.04,-0.567,0.588,-43341,43293,7.60,261.0,88.476,1741.126,1,1,1
22853186,21554,1,-35.00,35.00,-37.06,35.51,-0.569,0.586,-43365,43318,7.61,258.5,90.610,1742.033,1,1,1
22863200,21564,1,-35.00,35.00,-34.73,35.85,-0.576,0.583,-43385,43343,7.61,257.5,92.988,1742.964,1,1,1
22873210,21574,1,-35.00,35.00,-33.54,36.08,-0.581,0.582,-43406,43368,7.60,260.0,90.244,1743.867,1,1,1
22883210,21584,1,-35.00,35.00,-33.15,36.68,-0.584,0.580,-43428,43394,7.59,261.2,88.902,1744.757,1,1,1
22893211,21594,1,-35.00,35.00,-33.75,37.54,-0.582,0.576,-43452,43421,7.60,262.8,90.305,1745.661,1,1,1
22903219,21604,1,-35.00,35.00,-34.61,36.83,-0.579,0.577,-43477,43445,7.61,260.8,90.549,1746.567,1,1,1
22913222,21614,1,-35.00,35.00,-35.21,36.32,-0.578,0.579,-43502,43469,7.60,259.5,89.817,1747.466,1,1,1
22923234,21624,1,-35.00,35.00,-35.20,35.97,-0.578,0.580,-43526,43493,7.60,258.2,87.866,1748.346,1,1,1
22933247,21634,1,-35.00,35.00,-36.06,35.29,-0.575,0.582,-43552,43516,7.60,258.8,85.793,1749.204,1,1,1
22943253,21644,1,-35.00,35.00,-36.23,34.81,-0.573,0.584,-43577,43539,7.60,259.2,85.366,1750.059,1,1,1
22953262,21654,1,-35.00,35.00,-35.91,35.35,-0.575,0.583,-43601,43564,7.59,259.5,88.780,1750.948,1,1,1
22963271,21664,1,-35.00,35.00,-34.80,36.17,-0.578,0.579,-43623,43590,7.60,258.5,92.073,1751.869,1,1,1
22973271,21674,1,-35.00,35.00,-34.03,36.31,-0.582,0.578,-43645,43615,7.60,257.8,92.561,1752.795,1,1,1
22983277,21684,1,-35.00,35.00,-33.93,36.84,-0.583,0.576,-43668,43641,7.59,260.0,93.049,1753.727,1,1,1
22993277,21694,1,-35.00,35.00,-33.86,37.65,-0.584,0.572,-43691,43668,7.59,260.2,95.793,1754.685,1,1,1
23003284,21704,1,-35.00,35.00,-34.25,38.66,-0.584,0.568,-43715,43696,7.59,259.2,97.378,1755.660,1,1,1
23013284,21714,1,-35.00,35.00,-34.96,37.61,-0.581,0.570,-43740,43720,7.60,257.2,97.256,1756.633,1,1,1
23023292,21724,1,-35.00,35.00,-35.46,38.19,-0.580,0.567,-43765,43747,7.59,258.2,97.317,1757.607,1,1,1
23033299,21734,1,-35.00,35.00,-36.25,34.65,-0.576,0.579,-43791,43765,7.60,257.2,94.817,1758.556,1,1,1
23043299,21744,1,-35.00,35.00,-37.68,33.04,-0.569,0.585,-43819,43785,7.60,257.8,90.915,1759.466,1,1,1
23053301,21754,1,-35.00,35.00,-37.80,32.80,-0.568,0.587,-43845,43807,7.60,258.0,86.890,1760.336,1,1,1
23063310,21764,1,-35.00,35.00,-36.57,34.38,-0.572,0.582,-43868,43833,7.60,258.5,88.537,1761.222,1,1,1
23073317,21774,1,-35.00,35.00,-33.51,35.05,-0.582,0.578,-43886,43858,7.61,258.0,92.927,1762.152,1,1,1
23083323,21784,1,-35.00,35.00,-32.24,35.96,-0.588,0.576,-43906,43884,7.59,260.0,93.598,1763.089,1,1,1
23093325,21794,1,-35.00,35.00,-33.56,38.36,-0.585,0.566,-43931,43914,7.60,263.2,93.902,1764.029,1,1,1
23103338,21804,1,-35.00,35.00,-34.04,39.60,-0.584,0.561,-43955,43943,7.60,258.0,94.024,1764.970,1,1,1
23113338,21814,1,-35.00,35.00,-34.81,39.14,-0.582,0.561,-43980,43969,7.60,255.2,94.817,1765.919,1,1,1
23123351,21824,1,-35.00,35.00,-34.92,37.07,-0.581,0.567,-44004,43991,7.60,253.3,95.000,1766.870,1,1,1
23133362,21834,1,-35.00,35.00,-35.87,32.98,-0.577,0.582,-44030,44007,7.59,256.5,92.195,1767.792,1,1,1
23143362,21844,1,-35.00,35.00,-36.53,30.56,-0.572,0.590,-44056,44024,7.61,260.8,87.134,1768.665,1,1,1
23153367,21854,1,-35.00,35.00,-35.24,30.62,-0.577,0.592,-44078,44045,7.59,261.8,80.732,1769.473,1,1,1
23163377,21864,1,-35.00,35.00,-34.78,32.42,-0.579,0.587,-44101,44070,7.60,265.5,78.780,1770.261,1,1,1
23173390,21874,1,-35.00,35.00,-34.01,33.68,-0.581,0.583,-44123,44095,7.60,263.2,80.244,1771.065,1,1,1
23183392,21884,1,-35.00,35.00,-33.48,33.68,-0.584,0.583,-44145,44118,7.60,263.8,81.768,1771.883,1,1,1
23193397,21894,1,-35.00,35.00,-34.42,33.69,-0.581,0.584,-44170,44141,7.60,263.2,87.927,1772.763,1,1,1
23203398,21904,1,-35.00,35.00,-35.08,33.69,-0.579,0.585,-44195,44164,7.59,263.2,98.232,1773.746,1,1,1
23213398,21914,1,-35.00,35.00,-35.10,33.69,-0.579,0.585,-44219,44187,7.59,265.0,104.817,1774.795,1,1,1
23223401,21924,1,-35.00,35.00,-36.44,34.13,-0.574,0.585,-44246,44211,7.59,265.0,106.402,1775.860,1,1,1
23233405,21934,1,-35.00,35.00,-37.37,33.56,-0.569,0.587,-44273,44233,7.60,261.5,104.146,1776.902,1,1,1
23243413,21944,1,-35.00,35.00,-37.15,32.72,-0.569,0.591,-44298,44254,7.59,258.8,101.463,1777.918,1,1,1
23253413,21954,1,-35.00,35.00,-35.23,33.01,-0.575,0.591,-44319,44277,7.59,260.8,96.890,1778.888,1,1,1
23263416,21964,1,-35.00,35.00,-33.01,32.34,-0.583,0.593,-44338,44298,7.59,264.2,88.476,1779.773,1,1,1
23273422,21974,1,-35.00,35.00,-31.90,33.18,-0.587,0.590,-44358,44322,7.60,268.2,82.622,1780.600,1,1,1
23283422,21984,1,-35.00,35.00,-32.00,33.33,-0.588,0.590,-44380,44345,7.59,267.2,82.500,1781.426,1,1,1
23293429,21994,1,-35.00,35.00,-32.94,33.00,-0.586,0.593,-44404,44367,7.58,268.0,87.012,1782.297,1,1,1
23303442,22004,1,-35.00,35.00,-33.61,33.21,-0.583,0.591,-44428,44390,7.60,269.8,93.537,1783.233,1,1,1
23313451,22014,1,-35.00,35.00,-33.63,33.35,-0.584,0.593,-44451,44413,7.58,268.5,97.012,1784.204,1,1,1
23323459,22024,1,-35.00,35.00,-34.09,32.58,-0.581,0.595,-44475,44434,7.59,268.8,96.524,1785.170,1,1,1
23333466,22034,1,-35.00,35.00,-34.85,32.03,-0.578,0.597,-44500,44455,7.60,267.5,93.841,1786.109,1,1,1
23343480,22044,1,-35.00,35.00,-35.38,32.09,-0.577,0.599,-44525,44477,7.59,268.0,91.768,1787.028,1,1,1
23353481,22054,1,-35.00,35.00,-34.43,32.57,-0.579,0.596,-44547,44500,7.59,267.8,92.866,1787.957,1,1,1
23363483,22064,1,-35.00,35.00,-33.33,33.79,-0.583,0.592,-44568,44525,7.60,268.5,94.024,1788.898,1,1,1
23373483,22074,1,-35.00,35.00,-33.00,34.20,-0.584,0.591,-44590,44549,7.60,268.8,94.878,1789.848,1,1,1
23383496,22084,1,-35.00,35.00,-33.21,34.05,-0.584,0.591,-44613,44572,7.60,268.2,97.378,1790.823,1,1,1
23393498,22094,1,-35.00,35.00,-33.79,33.06,-0.582,0.595,-44637,44593,7.59,268.0,101.280,1791.836,1,1,1
23403504,22104,1,-35.00,35.00,-34.20,32.81,-0.580,0.596,-44661,44615,7.59,268.8,104.512,1792.882,1,1,1
23413511,22114,1,-35.00,35.00,-34.93,33.07,-0.577,0.595,-44686,44638,7.60,269.2,106.402,1793.947,1,1,1
23423511,22124,1,-35.00,35.00,-36.31,33.70,-0.573,0.594,-44713,44662,7.59,266.0,108.232,1795.030,1,1,1
23433520,22134,1,-35.00,35.00,-36.85,32.82,-0.570,0.597,-44739,44683,7.60,262.5,106.951,1796.100,1,1,1
23443520,22144,1,-35.00,35.00,-35.02,33.08,-0.576,0.596,-44760,44706,7.59,262.0,102.927,1797.130,1,1,1
23453529,22154,1,-35.00,35.00,-33.30,33.26,-0.582,0.595,-44780,44729,7.60,267.2,96.037,1798.092,1,1,1
23463542,22164,1,-35.00,35.00,-32.10,33.39,-0.587,0.595,-44800,44752,7.59,267.8,88.780,1798.980,1,1,1
23473550,22174,1,-35.00,35.00,-32.14,33.04,-0.586,0.595,-44822,44774,7.59,270.5,85.610,1799.837,1,1,1
23483559,22184,1,-35.00,35.00,-33.48,32.36,-0.582,0.598,-44847,44795,7.59,269.8,87.927,1800.717,1,1,1
23493559,22194,1,-35.00,35.00,-33.99,31.88,-0.580,0.600,-44871,44816,7.59,270.8,93.476,1801.653,1,1,1
23503572,22204,1,-35.00,35.00,-34.34,31.54,-0.579,0.602,-44895,44837,7.58,267.8,97.927,1802.633,1,1,1
23513574,22214,1,-35.00,35.00,-34.58,32.63,-0.578,0.598,-44919,44861,7.59,269.8,101.159,1803.645,1,1,1
23523586,22224,1,-35.00,35.00,-33.44,33.83,-0.582,0.594,-44940,44886,7.59,267.5,101.463,1804.661,1,1,1
23533587,22234,1,-35.00,35.00,-33.51,32.91,-0.581,0.598,-44963,44907,7.59,268.0,93.841,1805.600,1,1,1
23543598,22244,1,-35.00,35.00,-33.57,33.14,-0.581,0.597,-44986,44930,7.59,269.5,88.293,1806.484,1,1,1
23553607,22254,1,-35.00,35.00,-33.60,32.87,-0.581,0.598,-45009,44952,7.59,268.8,88.537,1807.370,1,1,1
23563607,22264,1,-35.00,35.00,-33.19,32.68,-0.583,0.599,-45031,44974,7.58,269.2,90.305,1808.274,1,1,1
23573618,22274,1,-35.00,35.00,-33.34,32.54,-0.582,0.599,-45054,44996,7.58,273.2,93.659,1809.211,1,1,1
23583624,22284,1,-35.00,35.00,-33.01,32.45,-0.582,0.598,-45076,45018,7.60,270.5,98.049,1810.193,1,1,1
23593624,22294,1,-35.00,35.00,-32.77,32.38,-0.583,0.599,-45098,45040,7.59,271.0,100.061,1811.194,1,1,1
23603637,22304,1,-35.00,35.00,-33.05,32.33,-0.582,0.600,-45121,45062,7.59,272.0,100.732,1812.202,1,1,1
23613637,22314,1,-35.00,35.00,-32.80,33.18,-0.582,0.596,-45143,45086,7.60,271.8,103.049,1813.234,1,1,1
23623645,22324,1,-35.00,35.00,-32.63,32.89,-0.584,0.598,-45165,45108,7.59,271.2,104.085,1814.275,1,1,1
23633645,22334,1,-35.00,35.00,-33.39,32.69,-0.581,0.598,-45189,45130,7.60,270.5,102.988,1815.306,1,1,1
23643653,22344,1,-35.00,35.00,-33.04,32.55,-0.581,0.598,-45211,45152,7.60,269.5,100.000,1816.307,1,1,1
23653667,22354,1,-35.00,35.00,-33.67,32.90,-0.580,0.597,-45235,45175,7.59,269.8,100.183,1817.309,1,1,1
23663676,22364,1,-35.00,35.00,-33.24,33.13,-0.582,0.597,-45257,45198,7.59,268.0,101.646,1818.327,1,1,1
23673689,22374,1,-35.00,35.00,-33.38,33.30,-0.581,0.597,-45280,45221,7.59,269.2,103.963,1819.367,1,1,1
23683700,22384,1,-35.00,35.00,-33.03,33.86,-0.582,0.594,-45302,45245,7.59,268.2,103.537,1820.403,1,1,1
23693713,22394,1,-35.00,35.00,-33.23,34.69,-0.582,0.591,-45325,45270,7.60,267.8,101.646,1821.421,1,1,1
23703713,22404,1,-35.00,35.00,-33.37,34.83,-0.582,0.591,-45348,45294,7.59,264.5,100.915,1822.431,1,1,1
23713713,22414,1,-35.00,35.00,-34.34,33.61,-0.578,0.595,-45373,45315,7.59,263.8,102.805,1823.459,1,1,1
23723715,22424,1,-35.00,35.00,-36.35,33.19,-0.571,0.597,-45401,45337,7.59,265.5,104.756,1824.508,1,1,1
23733728,22434,1,-35.00,35.00,-35.99,32.90,-0.571,0.598,-45425,45359,7.60,263.2,101.585,1825.524,1,1,1
23743731,22444,1,-35.00,35.00,-34.42,33.58,-0.576,0.595,-45446,45383,7.60,263.8,98.049,1826.506,1,1,1
23753736,22454,1,-35.00,35.00,-33.32,34.49,-0.580,0.592,-45467,45408,7.60,264.5,95.427,1827.461,1,1,1
23763746,22464,1,-35.00,35.00,-32.99,35.13,-0.582,0.590,-45489,45433,7.59,265.8,95.122,1828.413,1,1,1
23773754,22474,1,-35.00,35.00,-33.64,35.14,-0.580,0.590,-45513,45457,7.60,265.8,95.854,1829.372,1,1,1
23783758,22484,1,-35.00,35.00,-34.10,35.14,-0.579,0.590,-45537,45481,7.59,263.5,100.488,1830.378,1,1,1
23793767,22494,1,-35.00,35.00,-34.41,34.71,-0.578,0.591,-45561,45504,7.60,263.0,100.122,1831.380,1,1,1
23803769,22504,1,-35.00,35.00,-34.64,33.96,-0.577,0.594,-45585,45526,7.59,263.8,100.488,1832.386,1,1,1
23813774,22514,1,-35.00,35.00,-35.23,33.44,-0.575,0.597,-45610,45548,7.59,264.2,99.268,1833.379,1,1,1
23823776,22524,1,-35.00,35.00,-36.53,33.96,-0.569,0.594,-45637,45572,7.60,265.0,95.732,1834.337,1,1,1
23833788,22534,1,-35.00,35.00,-34.80,34.32,-0.576,0.594,-45658,45596,7.59,261.5,97.805,1835.316,1,1,1
23843799,22544,1,-35.00,35.00,-33.59,35.45,-0.580,0.589,-45679,45622,7.60,263.2,99.634,1836.313,1,1,1
23853804,22554,1,-35.00,35.00,-32.74,35.80,-0.584,0.588,-45700,45647,7.59,265.5,97.195,1837.286,1,1,1
23863804,22564,1,-35.00,35.00,-33.03,36.05,-0.583,0.586,-45723,45672,7.60,264.5,95.854,1838.246,1,1,1
23873819,22574,1,-35.00,35.00,-33.66,35.78,-0.581,0.586,-45747,45696,7.60,262.8,98.171,1839.228,1,1,1
23883819,22584,1,-35.00,35.00,-34.11,35.59,-0.579,0.587,-45771,45720,7.60,263.5,101.341,1840.242,1,1,1
23893822,22594,1,-35.00,35.00,-34.43,35.90,-0.579,0.586,-45795,45745,7.60,264.2,103.110,1841.274,1,1,1
23903822,22604,1,-35.00,35.00,-34.21,35.24,-0.579,0.587,-45818,45768,7.60,261.5,101.890,1842.294,1,1,1
23913835,22614,1,-35.00,35.00,-36.69,34.33,-0.570,0.591,-45847,45790,7.60,262.5,98.841,1843.283,1,1,1
23923837,22624,1,-35.00,35.00,-34.91,34.58,-0.576,0.590,-45868,45814,7.59,261.0,96.463,1844.249,1,1,1
23933842,22634,1,-35.00,35.00,-33.23,34.75,-0.582,0.589,-45888,45838,7.60,262.5,97.561,1845.225,1,1,1
23943850,22644,1,-35.00,35.00,-32.49,35.75,-0.585,0.585,-45909,45864,7.60,263.8,95.915,1846.185,1,1,1
23953858,22654,1,-35.00,35.00,-32.85,36.01,-0.585,0.584,-45932,45889,7.59,263.8,93.659,1847.122,1,1,1
23963860,22664,1,-35.00,35.00,-32.66,36.64,-0.586,0.581,-45954,45915,7.59,263.2,94.634,1848.070,1,1,1
23973867,22674,1,-35.00,35.00,-33.41,36.63,-0.583,0.580,-45978,45940,7.61,263.5,97.073,1849.041,1,1,1
23983879,22684,1,-35.00,35.00,-33.93,35.75,-0.582,0.584,-46002,45963,7.59,260.5,97.073,1850.013,1,1,1
23993888,22694,1,-35.00,35.00,-33.86,35.13,-0.582,0.585,-46025,45986,7.59,261.8,94.512,1850.959,1,1,1
24003888,22704,1,-35.00,35.00,-33.81,34.70,-0.582,0.587,-46048,46009,7.59,263.2,93.720,1851.897,1,1,1
24013898,22714,1,-35.00,35.00,-35.09,34.40,-0.578,0.588,-46074,46032,7.59,261.8,96.280,1852.860,1,1,1
24023910,22724,1,-35.00,35.00,-36.43,34.19,-0.574,0.590,-46101,46055,7.59,262.0,99.146,1853.853,1,1,1
24033910,22734,1,-35.00,35.00,-34.29,34.48,-0.580,0.588,-46121,46079,7.60,262.8,100.061,1854.854,1,1,1
24043918,22744,1,-35.00,35.00,-33.23,35.12,-0.584,0.585,-46142,46104,7.60,263.2,100.732,1855.862,1,1,1
24053925,22754,1,-35.00,35.00,-32.49,35.57,-0.587,0.583,-46163,46129,7.60,264.2,98.293,1856.846,1,1,1
24063925,22764,1,-35.00,35.00,-33.29,36.33,-0.585,0.581,-46187,46155,7.59,264.5,96.159,1857.808,1,1,1
24073928,22774,1,-35.00,35.00,-33.41,36.85,-0.585,0.578,-46210,46181,7.59,262.5,98.293,1858.792,1,1,1
24083928,22784,1,-35.00,35.00,-34.37,36.34,-0.582,0.579,-46235,46205,7.60,261.2,99.756,1859.791,1,1,1
24093932,22794,1,-35.00,35.00,-34.17,35.11,-0.582,0.583,-46258,46227,7.60,259.2,98.476,1860.776,1,1,1
24103936,22804,1,-35.00,35.00,-34.47,33.80,-0.581,0.588,-46282,46248,7.60,261.5,96.768,1861.745,1,1,1
24113949,22814,1,-35.00,35.00,-37.75,33.33,-0.569,0.591,-46313,46270,7.60,264.2,93.963,1862.685,1,1,1
24123958,22824,1,-35.00,35.00,-36.09,33.00,-0.574,0.593,-46335,46292,7.60,259.8,93.049,1863.616,1,1,1
24133964,22834,1,-35.00,35.00,-34.49,33.65,-0.579,0.590,-46356,46316,7.60,262.2,91.463,1864.532,1,1,1
24143973,22844,1,-35.00,35.00,-32.93,34.10,-0.585,0.589,-46376,46340,7.60,264.5,88.232,1865.415,1,1,1
24153973,22854,1,-35.00,35.00,-29.65,34.42,-0.597,0.587,-46391,46364,7.59,266.0,87.378,1866.290,1,1,1
24163973,22864,1,-35.00,35.00,-34.38,34.64,-0.582,0.587,-46422,46388,7.59,272.0,89.573,1867.186,1,1,1
24173986,22874,1,-35.00,35.00,-34.61,34.35,-0.580,0.588,-46446,46411,7.60,262.2,93.659,1868.123,1,1,1
24184001,22885,1,-35.00,35.00,-34.33,34.59,-0.582,0.588,-46469,46435,7.59,263.0,95.000,1869.074,1,1,1
24194004,22895,1,-35.00,35.00,-34.58,34.32,-0.580,0.588,-46493,46458,7.60,263.8,92.439,1869.999,1,1,1
24204016,22905,1,-35.00,35.00,-35.63,33.26,-0.577,0.593,-46519,46479,7.59,262.5,91.951,1870.920,1,1,1
24214024,22915,1,-35.00,35.00,-36.81,33.39,-0.572,0.594,-46546,46502,7.59,263.8,94.512,1871.866,1,1,1
24224030,22925,1,-35.00,35.00,-34.55,33.92,-0.580,0.592,-46566,46526,7.59,261.5,95.366,1872.820,1,1,1
24234032,22935,1,-35.00,35.00,-33.86,33.85,-0.582,0.591,-46588,46549,7.59,264.5,90.793,1873.729,1,1,1
24244046,22945,1,-35.00,35.00,-33.37,33.36,-0.584,0.593,-46610,46571,7.60,265.2,87.317,1874.603,1,1,1
24254057,22955,1,-35.00,35.00,-33.90,33.46,-0.582,0.593,-46634,46594,7.59,265.2,88.598,1875.490,1,1,1
24264070,22965,1,-35.00,35.00,-34.28,33.97,-0.581,0.591,-46658,46618,7.59,266.5,92.317,1876.414,1,1,1
24274076,22975,1,-35.00,35.00,-34.10,33.89,-0.582,0.592,-46681,46641,7.59,266.0,93.598,1877.350,1,1,1
24284085,22985,1,-35.00,35.00,-34.86,34.27,-0.579,0.591,-46706,46665,7.59,265.5,90.915,1878.260,1,1,1
24294092,22995,1,-35.00,35.00,-35.39,33.66,-0.577,0.593,-46731,46687,7.60,263.8,89.268,1879.154,1,1,1
24304104,23005,1,-35.00,35.00,-35.76,33.67,-0.575,0.593,-46756,46710,7.59,263.5,89.085,1880.045,1,1,1
24314113,23015,1,-35.00,35.00,-35.14,33.23,-0.578,0.595,-46779,46732,7.58,262.8,90.732,1880.953,1,1,1
24324117,23025,1,-35.00,35.00,-33.39,33.81,-0.583,0.592,-46799,46756,7.60,265.5,91.707,1881.871,1,1,1
24334124,23035,1,-35.00,35.00,-33.04,33.77,-0.584,0.592,-46821,46779,7.60,266.2,90.122,1882.773,1,1,1
24344128,23045,1,-35.00,35.00,-34.11,33.75,-0.581,0.592,-46846,46802,7.60,266.2,91.220,1883.686,1,1,1
24354128,23055,1,-35.00,35.00,-33.99,33.73,-0.582,0.593,-46869,46825,7.59,266.8,92.744,1884.615,1,1,1
24364132,23065,1,-35.00,35.00,-34.34,33.28,-0.579,0.594,-46893,46847,7.60,265.8,91.463,1885.530,1,1,1
24374134,23075,1,-35.00,35.00,-34.58,33.40,-0.579,0.594,-46917,46870,7.60,266.2,89.695,1886.428,1,1,1
24384141,23085,1,-35.00,35.00,-35.63,33.93,-0.575,0.593,-46943,46894,7.59,265.8,90.732,1887.336,1,1,1
24394141,23095,1,-35.00,35.00,-37.25,34.74,-0.570,0.591,-46971,46919,7.59,264.5,93.537,1888.272,1,1,1
24404150,23105,1,-35.00,35.00,-37.06,34.86,-0.569,0.590,-46996,46943,7.60,259.5,96.341,1889.236,1,1,1
24414154,23115,1,-35.00,35.00,-36.49,34.95,-0.571,0.590,-47020,46967,7.59,258.5,97.744,1890.214,1,1,1
24424156,23125,1,-35.00,35.00,-33.89,35.01,-0.579,0.589,-47039,46991,7.60,259.8,96.402,1891.179,1,1,1
24434158,23135,1,-35.00,35.00,-32.51,34.18,-0.584,0.591,-47059,47013,7.60,264.8,90.976,1892.090,1,1,1
24444171,23145,1,-35.00,35.00,-32.87,34.91,-0.584,0.589,-47082,47038,7.60,265.8,86.220,1892.953,1,1,1
24454185,23155,1,-35.00,35.00,-33.99,34.98,-0.580,0.588,-47107,47062,7.61,265.0,84.573,1893.799,1,1,1
24464196,23165,1,-35.00,35.00,-35.22,34.60,-0.576,0.590,-47133,47085,7.60,263.5,83.902,1894.639,1,1,1
24474208,23175,1,-35.00,35.00,-35.20,34.76,-0.577,0.590,-47157,47109,7.60,263.0,84.573,1895.486,1,1,1
24484222,23185,1,-35.00,35.00,-35.63,35.32,-0.575,0.588,-47182,47134,7.60,262.8,86.585,1896.352,1,1,1
24494234,23195,1,-35.00,35.00,-36.36,35.27,-0.572,0.588,-47208,47158,7.60,260.5,89.756,1897.251,1,1,1
24504247,23205,1,-35.00,35.00,-36.00,35.24,-0.573,0.589,-47232,47182,7.59,260.0,93.049,1898.182,1,1,1
24514247,23215,1,-35.00,35.00,-34.87,35.65,-0.577,0.586,-47254,47207,7.60,260.8,95.793,1899.141,1,1,1
24524253,23225,1,-35.00,35.00,-34.08,35.94,-0.580,0.585,-47276,47232,7.60,260.5,94.756,1900.089,1,1,1
24534253,23235,1,-35.00,35.00,-34.84,37.03,-0.578,0.581,-47301,47259,7.60,262.5,96.402,1901.054,1,1,1
24544256,23245,1,-35.00,35.00,-34.93,36.90,-0.578,0.580,-47325,47284,7.60,260.2,99.573,1902.051,1,1,1
24554260,23255,1,-35.00,35.00,-35.44,35.94,-0.576,0.583,-47350,47307,7.60,258.2,100.000,1903.051,1,1,1
24564271,23265,1,-35.00,35.00,-35.79,36.14,-0.575,0.583,-47375,47332,7.59,259.0,97.805,1904.030,1,1,1
24574283,23275,1,-35.00,35.00,-36.04,35.85,-0.573,0.583,-47400,47356,7.60,259.8,94.329,1904.974,1,1,1
24584294,23285,1,-35.00,35.00,-37.97,35.64,-0.566,0.584,-47429,47380,7.60,258.2,91.646,1905.892,1,1,1
24594294,23295,1,-35.00,35.00,-37.57,35.93,-0.566,0.583,-47454,47405,7.61,255.0,91.707,1906.809,1,1,1
24604301,23305,1,-35.00,35.00,-35.53,36.14,-0.574,0.583,-47475,47430,7.59,254.2,95.061,1907.761,1,1,1
24614301,23315,1,-35.00,35.00,-33.22,37.16,-0.582,0.577,-47494,47457,7.60,258.8,94.390,1908.706,1,1,1
24624307,23325,1,-35.00,35.00,-32.92,37.44,-0.584,0.575,-47516,47483,7.60,260.5,90.854,1909.615,1,1,1
24634316,23335,1,-35.00,35.00,-33.59,38.07,-0.583,0.573,-47540,47510,7.59,259.8,90.488,1910.521,1,1,1
24644329,23345,1,-35.00,35.00,-34.50,38.08,-0.580,0.571,-47565,47536,7.60,258.0,91.098,1911.432,1,1,1
24654329,23355,1,-35.00,35.00,-34.70,37.64,-0.580,0.571,-47589,47561,7.60,257.2,90.671,1912.340,1,1,1
24664329,23365,1,-35.00,35.00,-35.27,37.33,-0.578,0.572,-47614,47586,7.60,257.0,89.573,1913.236,1,1,1
24674329,23375,1,-35.00,35.00,-35.68,35.36,-0.576,0.578,-47639,47607,7.60,256.2,88.537,1914.122,1,1,1
24684331,23385,1,-35.00,35.00,-36.40,34.86,-0.573,0.580,-47665,47630,7.61,258.0,86.037,1914.984,1,1,1
24694331,23395,1,-35.00,35.00,-36.03,35.39,-0.575,0.579,-47689,47655,7.59,257.8,85.183,1915.836,1,1,1
24704338,23405,1,-35.00,35.00,-34.89,35.76,-0.579,0.577,-47711,47680,7.59,258.8,89.024,1916.727,1,1,1
24714340,23415,1,-35.00,35.00,-33.65,36.46,-0.583,0.573,-47732,47706,7.60,258.0,92.500,1917.653,1,1,1
24724340,23425,1,-35.00,35.00,-33.66,36.95,-0.585,0.573,-47755,47732,7.58,258.5,93.110,1918.585,1,1,1
24734344,23435,1,-35.00,35.00,-33.67,37.73,-0.584,0.568,-47778,47759,7.60,261.0,96.524,1919.551,1,1,1
24744344,23445,1,-35.00,35.00,-34.56,39.15,-0.583,0.562,-47803,47788,7.60,257.8,99.756,1920.550,1,1,1
24754344,23455,1,-35.00,35.00,-34.74,39.27,-0.582,0.560,-47827,47815,7.60,254.8,99.695,1921.547,1,1,1
24764353,23465,1,-35.00,35.00,-34.86,40.23,-0.583,0.555,-47851,47844,7.60,252.8,98.780,1922.536,1,1,1
24774360,23475,1,-35.00,35.00,-35.83,36.95,-0.579,0.565,-47877,47864,7.60,252.3,97.012,1923.507,1,1,1
24784368,23485,1,-35.00,35.00,-38.26,32.90,-0.569,0.581,-47907,47880,7.59,254.8,93.780,1924.446,1,1,1
24794377,23495,1,-35.00,35.00,-38.21,31.38,-0.568,0.587,-47933,47899,7.59,256.0,88.659,1925.333,1,1,1
24804382,23505,1,-35.00,35.00,-36.85,32.51,-0.571,0.584,-47956,47923,7.60,258.8,84.512,1926.179,1,1,1
24814386,23515,1,-35.00,35.00,-33.71,34.62,-0.583,0.577,-47974,47950,7.58,259.2,87.927,1927.059,1,1,1
24824398,23525,1,-35.00,35.00,-31.95,35.66,-0.589,0.572,-47993,47976,7.60,260.8,94.207,1928.002,1,1,1
24834401,23535,1,-35.00,35.00,-32.03,38.59,-0.591,0.561,-48015,48007,7.60,260.8,95.305,1928.956,1,1,1
24844413,23545,1,-35.00,35.00,-33.41,40.19,-0.588,0.555,-48040,48037,7.59,259.0,93.902,1929.896,1,1,1
24854419,23555,1,-35.00,35.00,-34.37,39.56,-0.585,0.556,-48065,48063,7.60,256.0,95.305,1930.849,1,1,1
24864423,23565,1,-35.00,35.00,-34.61,38.24,-0.585,0.560,-48089,48087,7.59,253.5,95.854,1931.809,1,1,1
24874431,23575,1,-35.00,35.00,-35.21,35.12,-0.581,0.570,-48114,48106,7.61,255.5,92.073,1932.730,1,1,1
24884444,23585,1,-35.00,35.00,-36.07,30.30,-0.577,0.587,-48140,48119,7.60,257.0,87.073,1933.602,1,1,1
24894451,23595,1,-35.00,35.00,-35.80,29.12,-0.577,0.594,-48164,48137,7.60,263.5,82.012,1934.423,1,1,1
24904459,23605,1,-35.00,35.00,-34.73,31.37,-0.581,0.588,-48186,48162,7.59,265.8,76.463,1935.188,1,1,1
24914473,23615,1,-35.00,35.00,-33.98,33.38,-0.584,0.581,-48208,48188,7.60,265.8,77.439,1935.964,1,1,1
24924474,23625,1,-35.00,35.00,-33.89,33.48,-0.584,0.581,-48231,48211,7.60,261.8,81.829,1936.783,1,1,1
24934480,23635,1,-35.00,35.00,-34.27,33.54,-0.583,0.581,-48255,48234,7.60,264.2,86.159,1937.645,1,1,1
24944480,23645,1,-35.00,35.00,-34.54,33.59,-0.583,0.583,-48279,48257,7.59,263.5,93.537,1938.581,1,1,1
24954492,23655,1,-35.00,35.00,-34.72,33.62,-0.582,0.583,-48303,48280,7.59,263.2,98.415,1939.566,1,1,1
24964496,23665,1,-35.00,35.00,-35.73,33.64,-0.578,0.583,-48329,48303,7.60,262.2,99.573,1940.563,1,1,1
24974507,23675,1,-35.00,35.00,-35.56,33.22,-0.578,0.585,-48353,48325,7.60,262.8,98.902,1941.553,1,1,1
24984518,23685,1,-35.00,35.00,-35.88,32.92,-0.577,0.587,-48378,48347,7.59,262.2,95.976,1942.513,1,1,1
24994526,23695,1,-35.00,35.00,-34.78,32.71,-0.580,0.588,-48400,48369,7.60,262.2,93.476,1943.449,1,1,1
25004537,23705,1,-35.00,35.00,-33.58,33.01,-0.585,0.588,-48421,48392,7.59,264.5,91.220,1944.362,1,1,1
25014550,23715,1,-35.00,35.00,-33.17,33.21,-0.586,0.587,-48443,48415,7.59,266.0,86.707,1945.230,1,1,1
25024564,23725,1,-35.00,35.00,-32.89,33.36,-0.586,0.586,-48465,48438,7.61,266.0,86.646,1946.097,1,1,1
25034571,23735,1,-35.00,35.00,-33.57,33.46,-0.585,0.588,-48489,48461,7.59,264.5,90.671,1947.004,1,1,1
25044571,23745,1,-35.00,35.00,-34.04,32.65,-0.582,0.590,-48513,48482,7.60,266.2,94.634,1947.952,1,1,1
25054580,23755,1,-35.00,35.00,-33.94,33.40,-0.583,0.589,-48536,48506,7.60,265.5,97.439,1948.927,1,1,1
25064583,23765,1,-35.00,35.00,-34.30,33.05,-0.582,0.591,-48560,48528,7.59,265.2,96.951,1949.897,1,1,1
25074586,23775,1,-35.00,35.00,-35.00,32.36,-0.579,0.594,-48585,48549,7.59,265.8,95.000,1950.848,1,1,1
25084598,23785,1,-35.00,35.00,-35.49,32.32,-0.577,0.595,-48610,48571,7.59,266.5,92.439,1951.773,1,1,1
25094609,23795,1,-35.00,35.00,-34.07,32.29,-0.582,0.596,-48631,48593,7.60,265.2,91.402,1952.688,1,1,1
25104609,23805,1,-35.00,35.00,-33.52,33.59,-0.584,0.592,-48653,48618,7.59,267.0,92.378,1953.612,1,1,1
25114622,23815,1,-35.00,35.00,-33.13,34.06,-0.586,0.590,-48675,48642,7.59,267.8,92.561,1954.539,1,1,1
25124625,23825,1,-35.00,35.00,-33.74,34.39,-0.583,0.589,-48699,48666,7.60,267.8,95.000,1955.490,1,1,1
25134640,23835,1,-35.00,35.00,-33.72,33.74,-0.583,0.591,-48722,48688,7.60,267.0,98.598,1956.476,1,1,1
25144640,23845,1,-35.00,35.00,-34.15,33.73,-0.582,0.591,-48746,48711,7.60,267.5,99.756,1957.475,1,1,1
25154653,23855,1,-35.00,35.00,-34.45,32.84,-0.580,0.594,-48770,48732,7.60,266.0,98.780,1958.464,1,1,1
25164663,23865,1,-35.00,35.00,-34.23,32.65,-0.580,0.594,-48793,48754,7.60,265.8,98.415,1959.448,1,1,1
25174670,23875,1,-35.00,35.00,-35.38,32.53,-0.578,0.597,-48819,48776,7.59,267.5,96.037,1960.410,1,1,1
25184678,23885,1,-35.00,35.00,-35.32,32.44,-0.576,0.596,-48843,48798,7.60,266.5,93.110,1961.342,1,1,1
25194685,23895,1,-35.00,35.00,-33.95,33.25,-0.581,0.593,-48864,48822,7.60,265.0,93.598,1962.278,1,1,1
25204691,23905,1,-35.00,35.00,-33.43,33.82,-0.584,0.592,-48886,48846,7.59,268.0,94.268,1963.222,1,1,1
25214700,23915,1,-35.00,35.00,-33.51,34.22,-0.583,0.590,-48909,48870,7.60,267.5,95.061,1964.173,1,1,1
25224709,23925,1,-35.00,35.00,-34.44,33.62,-0.580,0.593,-48934,48892,7.59,265.2,97.927,1965.153,1,1,1
25234712,23935,1,-35.00,35.00,-34.66,33.20,-0.579,0.594,-48958,48914,7.59,266.2,100.061,1966.155,1,1,1
25244715,23945,1,-35.00,35.00,-34.81,32.03,-0.579,0.599,-48982,48934,7.58,265.8,99.878,1967.154,1,1,1
25254715,23955,1,-35.00,35.00,-34.91,32.09,-0.577,0.598,-49006,48956,7.60,266.8,98.598,1968.141,1,1,1
25264721,23965,1,-35.00,35.00,-33.67,33.01,-0.582,0.595,-49027,48980,7.59,266.0,96.707,1969.109,1,1,1
25274724,23975,1,-35.00,35.00,-33.23,33.21,-0.584,0.595,-49049,49003,7.59,268.0,90.732,1970.017,1,1,1
25284736,23985,1,-35.00,35.00,-33.81,33.36,-0.581,0.594,-49073,49026,7.60,269.0,85.732,1970.875,1,1,1
25294743,23995,1,-35.00,35.00,-33.78,33.46,-0.581,0.594,-49096,49049,7.59,267.2,88.232,1971.759,1,1,1
25304751,24005,1,-35.00,35.00,-33.75,33.09,-0.582,0.596,-49119,49071,7.59,268.0,92.561,1972.685,1,1,1
25314755,24015,1,-35.00,35.00,-33.29,32.83,-0.584,0.597,-49141,49093,7.58,268.8,96.098,1973.647,1,1,1
25324761,24025,1,-35.00,35.00,-33.41,32.65,-0.582,0.597,-49164,49115,7.59,270.2,99.207,1974.640,1,1,1
25334769,24035,1,-35.00,35.00,-33.50,32.96,-0.583,0.596,-49187,49138,7.59,268.8,100.671,1975.647,1,1,1
25344774,24045,1,-35.00,35.00,-33.12,32.74,-0.583,0.597,-49209,49160,7.59,269.2,100.549,1976.654,1,1,1
25354776,24055,1,-35.00,35.00,-32.85,32.59,-0.584,0.597,-49231,49182,7.59,271.5,100.427,1977.659,1,1,1
25364776,24065,1,-35.00,35.00,-32.66,32.48,-0.585,0.598,-49253,49204,7.59,271.5,100.000,1978.660,1,1,1
25374788,24075,1,-35.00,35.00,-32.97,32.40,-0.584,0.598,-49276,49226,7.58,270.5,99.207,1979.652,1,1,1
25384788,24085,1,-35.00,35.00,-33.19,32.79,-0.583,0.596,-49299,49249,7.59,270.5,98.171,1980.635,1,1,1
25394797,24095,1,-35.00,35.00,-33.34,33.06,-0.582,0.596,-49322,49272,7.59,269.5,100.793,1981.644,1,1,1
25404804,24105,1,-35.00,35.00,-33.00,33.25,-0.584,0.595,-49344,49295,7.59,267.8,103.841,1982.683,1,1,1
25414804,24115,1,-35.00,35.00,-32.77,34.26,-0.584,0.591,-49366,49320,7.59,268.2,106.098,1983.745,1,1,1
25424811,24125,1,-35.00,35.00,-33.05,34.09,-0.584,0.592,-49389,49343,7.59,266.5,106.280,1984.808,1,1,1
25434815,24135,1,-35.00,35.00,-33.24,34.85,-0.584,0.589,-49412,49368,7.59,267.8,103.415,1985.843,1,1,1
25444815,24145,1,-35.00,35.00,-33.38,34.94,-0.583,0.588,-49435,49392,7.60,265.5,100.976,1986.854,1,1,1
25454815,24155,1,-35.00,35.00,-33.91,33.25,-0.581,0.594,-49459,49412,7.59,264.0,100.976,1987.865,1,1,1
25464822,24165,1,-35.00,35.00,-34.72,32.94,-0.578,0.596,-49484,49434,7.59,266.5,102.256,1988.888,1,1,1
25474822,24175,1,-35.00,35.00,-36.17,32.73,-0.572,0.597,-49511,49456,7.60,265.8,98.841,1989.877,1,1,1
25484835,24185,1,-35.00,35.00,-34.11,33.46,-0.579,0.594,-49531,49480,7.61,264.2,95.183,1990.830,1,1,1
25494849,24195,1,-35.00,35.00,-33.54,34.41,-0.581,0.591,-49553,49505,7.60,265.8,95.061,1991.781,1,1,1
25504850,24205,1,-35.00,35.00,-33.59,35.07,-0.582,0.588,-49576,49530,7.60,265.8,95.610,1992.738,1,1,1
25514852,24215,1,-35.00,35.00,-33.62,35.97,-0.582,0.585,-49599,49556,7.60,265.5,98.720,1993.726,1,1,1
25524852,24225,1,-35.00,35.00,-34.08,36.61,-0.581,0.582,-49623,49582,7.60,263.5,102.988,1994.757,1,1,1
25534852,24235,1,-35.00,35.00,-34.40,36.17,-0.580,0.583,-49647,49606,7.60,260.5,104.573,1995.803,1,1,1
25544865,24245,1,-35.00,35.00,-34.63,34.11,-0.578,0.590,-49671,49626,7.60,261.5,103.841,1996.842,1,1,1
25554875,24255,1,-35.00,35.00,-35.23,33.11,-0.577,0.595,-49696,49647,7.59,264.2,101.098,1997.854,1,1,1
25564879,24265,1,-35.00,35.00,-35.65,33.28,-0.576,0.596,-49721,49670,7.58,263.0,95.610,1998.811,1,1,1
25574880,24275,1,-35.00,35.00,-35.50,33.40,-0.575,0.594,-49745,49693,7.60,264.2,91.890,1999.731,1,1,1
25584888,24285,1,-35.00,35.00,-33.64,34.81,-0.583,0.590,-49765,49719,7.59,264.5,94.329,2000.675,1,1,1
25594888,24295,1,-35.00,35.00,-32.78,35.35,-0.585,0.587,-49786,49744,7.60,265.8,98.171,2001.657,1,1,1
25604888,24305,1,-35.00,35.00,-33.49,36.17,-0.584,0.585,-49810,49770,7.59,263.8,97.500,2002.633,1,1,1
25614894,24315,1,-35.00,35.00,-33.55,37.19,-0.584,0.580,-49833,49797,7.60,262.8,99.146,2003.626,1,1,1
25624895,24325,1,-35.00,35.00,-34.03,37.90,-0.583,0.577,-49857,49824,7.59,262.0,103.963,2004.666,1,1,1
25634897,24335,1,-35.00,35.00,-33.93,37.51,-0.582,0.576,-49880,49849,7.61,260.8,102.012,2005.687,1,1,1
25644903,24345,1,-35.00,35.00,-34.30,34.61,-0.581,0.586,-49904,49868,7.60,260.2,98.415,2006.672,1,1,1
25654910,24355,1,-35.00,35.00,-36.31,33.02,-0.573,0.592,-49932,49888,7.60,263.5,93.841,2007.611,1,1,1
25664910,24365,1,-35.00,35.00,-35.53,32.78,-0.576,0.594,-49955,49910,7.60,261.0,89.451,2008.506,1,1,1
25674913,24375,1,-35.00,35.00,-33.22,33.49,-0.584,0.592,-49974,49934,7.60,263.8,89.756,2009.405,1,1,1
25684913,24385,1,-35.00,35.00,-32.04,34.87,-0.589,0.587,-49994,49960,7.59,266.5,91.341,2010.319,1,1,1
25694926,24395,1,-35.00,35.00,-32.54,35.83,-0.587,0.583,-50017,49986,7.60,265.8,94.878,2011.268,1,1,1
25704933,24405,1,-35.00,35.00,-32.88,36.95,-0.587,0.578,-50040,50013,7.60,265.2,98.415,2012.253,1,1,1
25714947,24415,1,-35.00,35.00,-33.13,37.73,-0.587,0.576,-50063,50040,7.59,264.5,98.354,2013.238,1,1,1
25724948,24425,1,-35.00,35.00,-33.30,36.52,-0.586,0.578,-50086,50063,7.60,263.2,96.463,2014.203,1,1,1
25734951,24435,1,-35.00,35.00,-33.41,35.23,-0.586,0.582,-50109,50085,7.60,263.0,96.402,2015.168,1,1,1
25744964,24445,1,-35.00,35.00,-33.94,33.89,-0.584,0.587,-50133,50106,7.59,263.0,95.854,2016.127,1,1,1
25754970,24455,1,-35.00,35.00,-35.18,33.83,-0.580,0.588,-50159,50129,7.59,264.8,94.024,2017.068,1,1,1
25764971,24465,1,-35.00,35.00,-36.49,33.35,-0.574,0.590,-50186,50151,7.60,262.8,93.415,2018.003,1,1,1
25774982,24475,1,-35.00,35.00,-34.77,33.89,-0.579,0.588,-50207,50175,7.61,262.5,94.207,2018.946,1,1,1
25784994,24485,1,-35.00,35.00,-32.69,34.71,-0.588,0.586,-50226,50200,7.59,264.2,95.427,2019.901,1,1,1
25794994,24495,1,-35.00,35.00,-32.11,35.28,-0.590,0.583,-50247,50225,7.60,265.0,95.793,2020.860,1,1,1
25805004,24506,1,-35.00,35.00,-32.59,37.00,-0.590,0.577,-50270,50253,7.59,266.8,97.744,2021.838,1,1,1
25815004,24516,1,-35.00,35.00,-32.92,37.77,-0.590,0.574,-50293,50280,7.58,261.8,98.049,2022.820,1,1,1
25825017,24526,1,-35.00,35.00,-33.59,36.54,-0.587,0.577,-50317,50303,7.59,263.2,95.488,2023.775,1,1,1
25835024,24536,1,-35.00,35.00,-34.06,35.69,-0.585,0.579,-50341,50326,7.59,262.2,91.890,2024.695,1,1,1
25845024,24546,1,-35.00,35.00,-33.95,33.33,-0.585,0.587,-50364,50345,7.60,260.8,88.415,2025.580,1,1,1
25855024,24556,1,-35.00,35.00,-34.75,31.68,-0.582,0.594,-50389,50364,7.59,264.2,86.524,2026.446,1,1,1
25865024,24566,1,-35.00,35.00,-36.63,31.85,-0.574,0.595,-50417,50386,7.60,265.8,86.951,2027.317,1,1,1
25875027,24576,1,-35.00,35.00,-33.99,32.84,-0.583,0.592,-50436,50410,7.60,263.0,89.329,2028.211,1,1,1
25885034,24586,1,-35.00,35.00,-33.46,33.53,-0.586,0.591,-50458,50434,7.59,265.2,90.061,2029.112,1,1,1
25895046,24596,1,-35.00,35.00,-33.09,34.46,-0.587,0.587,-50480,50459,7.60,267.5,89.939,2030.012,1,1,1
25905049,24606,1,-35.00,35.00,-33.27,34.23,-0.586,0.587,-50503,50482,7.60,265.5,92.073,2030.934,1,1,1
25915062,24616,1,-35.00,35.00,-33.84,34.07,-0.585,0.588,-50527,50505,7.60,262.0,94.939,2031.884,1,1,1
25925064,24626,1,-35.00,35.00,-34.23,34.83,-0.584,0.586,-50551,50530,7.59,264.8,94.146,2032.826,1,1,1
25935070,24636,1,-35.00,35.00,-34.07,33.61,-0.584,0.589,-50574,50551,7.60,264.2,91.037,2033.737,1,1,1
25945077,24646,1,-35.00,35.00,-34.40,33.20,-0.583,0.591,-50598,50573,7.59,265.8,89.329,2034.631,1,1,1
25955079,24656,1,-35.00,35.00,-35.50,32.91,-0.580,0.594,-50624,50595,7.58,265.2,90.915,2035.541,1,1,1
25965084,24666,1,-35.00,35.00,-35.40,33.14,-0.578,0.592,-50648,50618,7.60,266.5,93.415,2036.476,1,1,1
25975085,24676,1,-35.00,35.00,-33.57,33.31,-0.585,0.591,-50668,50641,7.60,264.2,93.780,2037.415,1,1,1
25985095,24686,1,-35.00,35.00,-33.17,33.86,-0.587,0.589,-50690,50665,7.59,266.0,90.305,2038.318,1,1,1
25995103,24696,1,-35.00,35.00,-33.32,33.37,-0.586,0.591,-50713,50687,7.59,265.0,88.476,2039.204,1,1,1
26005117,24706,1,-35.00,35.00,-33.87,33.47,-0.584,0.591,-50737,50710,7.59,267.8,89.329,2040.098,1,1,1
26015125,24716,1,-35.00,35.00,-34.26,33.53,-0.583,0.591,-50761,50733,7.59,267.2,89.268,2040.992,1,1,1
26025125,24726,1,-35.00,35.00,-34.53,33.58,-0.582,0.591,-50785,50756,7.60,265.0,86.585,2041.858,1,1,1
26035125,24736,1,-35.00,35.00,-34.72,33.17,-0.581,0.592,-50809,50778,7.59,265.0,85.976,2042.719,1,1,1
26045132,24746,1,-35.00,35.00,-35.29,33.33,-0.579,0.592,-50834,50801,7.59,266.2,87.622,2043.596,1,1,1
26055141,24756,1,-35.00,35.00,-34.81,33.00,-0.580,0.593,-50857,50823,7.59,265.8,89.573,2044.492,1,1,1
26065147,24766,1,-35.00,35.00,-34.47,33.65,-0.581,0.591,-50880,50847,7.60,266.8,90.732,2045.401,1,1,1
26075154,24776,1,-35.00,35.00,-33.36,33.66,-0.585,0.591,-50901,50870,7.60,264.5,91.220,2046.313,1,1,1
26085158,24786,1,-35.00,35.00,-33.46,32.79,-0.585,0.595,-50924,50891,7.58,265.8,89.817,2047.212,1,1,1
26095169,24796,1,-35.00,35.00,-33.97,33.06,-0.583,0.593,-50948,50914,7.59,269.0,90.305,2048.116,1,1,1
26105171,24806,1,-35.00,35.00,-33.89,33.25,-0.583,0.593,-50971,50937,7.59,266.8,92.622,2049.043,1,1,1
26115180,24816,1,-35.00,35.00,-34.71,33.38,-0.580,0.592,-50996,50960,7.60,266.2,92.134,2049.965,1,1,1
26125193,24826,1,-35.00,35.00,-34.84,33.48,-0.580,0.592,-51020,50983,7.59,266.0,90.671,2050.873,1,1,1
26135203,24836,1,-35.00,35.00,-35.81,33.98,-0.576,0.591,-51046,51007,7.59,265.8,90.122,2051.775,1,1,1
26145216,24846,1,-35.00,35.00,-36.06,34.33,-0.575,0.590,-51071,51031,7.59,262.2,90.549,2052.681,1,1,1
26155226,24856,1,-35.00,35.00,-35.79,33.70,-0.575,0.592,-51095,51053,7.60,261.0,91.768,2053.600,1,1,1
26165238,24866,1,-35.00,35.00,-34.72,34.14,-0.579,0.591,-51117,51077,7.59,262.8,92.439,2054.525,1,1,1
26175247,24876,1,-35.00,35.00,-33.53,34.44,-0.583,0.589,-51138,51101,7.59,264.8,91.707,2055.443,1,1,1
26185249,24886,1,-35.00,35.00,-34.02,32.90,-0.581,0.595,-51162,51121,7.59,264.0,89.634,2056.340,1,1,1
26195260,24896,1,-35.00,35.00,-34.80,35.33,-0.580,0.587,-51187,51149,7.59,265.2,86.890,2057.210,1,1,1
26205269,24906,1,-35.00,35.00,-34.91,35.28,-0.579,0.586,-51211,51173,7.60,261.0,85.244,2058.063,1,1,1
26215277,24916,1,-35.00,35.00,-35.42,34.80,-0.577,0.589,-51236,51196,7.59,261.8,83.780,2058.902,1,1,1
26225291,24926,1,-35.00,35.00,-35.78,34.91,-0.576,0.589,-51261,51220,7.59,262.8,84.329,2059.746,1,1,1
26235299,24936,1,-35.00,35.00,-36.03,34.98,-0.574,0.588,-51286,51244,7.60,261.5,86.585,2060.612,1,1,1
26245307,24946,1,-35.00,35.00,-36.21,35.04,-0.573,0.588,-51311,51268,7.60,260.5,89.878,2061.512,1,1,1
26255313,24956,1,-35.00,35.00,-35.89,35.51,-0.574,0.587,-51335,51293,7.60,261.2,93.598,2062.449,1,1,1
26265313,24966,1,-35.00,35.00,-35.23,35.40,-0.576,0.586,-51358,51317,7.60,260.8,94.939,2063.399,1,1,1
26275323,24976,1,-35.00,35.00,-34.77,36.21,-0.578,0.583,-51381,51343,7.60,261.2,92.683,2064.327,1,1,1
26285329,24986,1,-35.00,35.00,-34.89,35.89,-0.578,0.584,-51405,51367,7.59,260.8,92.439,2065.252,1,1,1
26295338,24996,1,-35.00,35.00,-35.41,35.23,-0.576,0.586,-51430,51390,7.60,261.5,92.988,2066.183,1,1,1
26305347,25006,1,-35.00,35.00,-35.77,35.65,-0.575,0.585,-51455,51415,7.59,261.8,92.622,2067.110,1,1,1
26315360,25016,1,-35.00,35.00,-36.03,35.50,-0.574,0.586,-51480,51439,7.59,259.8,91.951,2068.030,1,1,1
26325360,25026,1,-35.00,35.00,-36.64,35.40,-0.571,0.585,-51506,51463,7.60,260.0,90.793,2068.939,1,1,1
26335360,25036,1,-35.00,35.00,-37.52,35.76,-0.567,0.584,-51533,51488,7.60,259.8,89.939,2069.839,1,1,1
26345370,25046,1,-35.00,35.00,-37.25,35.58,-0.567,0.585,-51558,51512,7.60,256.2,91.220,2070.752,1,1,1
26355375,25056,1,-35.00,35.00,-34.42,36.33,-0.577,0.581,-51577,51538,7.61,256.8,93.598,2071.689,1,1,1
26365389,25066,1,-35.00,35.00,-33.76,36.86,-0.580,0.579,-51599,51564,7.60,259.5,92.073,2072.610,1,1,1
26375390,25076,1,-35.00,35.00,-33.74,36.79,-0.581,0.579,-51622,51589,7.60,259.2,89.024,2073.501,1,1,1
26385398,25086,1,-35.00,35.00,-34.17,37.18,-0.580,0.576,-51646,51615,7.60,260.2,89.695,2074.399,1,1,1
26395407,25096,1,-35.00,35.00,-34.46,36.13,-0.579,0.579,-51670,51638,7.60,258.5,90.610,2075.306,1,1,1
26405413,25106,1,-35.00,35.00,-35.11,36.28,-0.577,0.578,-51695,51663,7.60,259.2,90.061,2076.208,1,1,1
26415420,25116,1,-35.00,35.00,-35.56,35.94,-0.575,0.579,-51720,51687,7.61,258.0,89.268,2077.101,1,1,1
26425422,25126,1,-35.00,35.00,-37.20,35.27,-0.569,0.582,-51748,51710,7.60,256.5,90.000,2078.002,1,1,1
26435429,25136,1,-35.00,35.00,-38.34,35.67,-0.564,0.581,-51776,51735,7.60,256.2,90.976,2078.913,1,1,1
26445429,25146,1,-35.00,35.00,-37.83,35.52,-0.565,0.582,-51801,51759,7.60,254.2,94.390,2079.857,1,1,1
26455438,25156,1,-35.00,35.00,-35.27,36.29,-0.573,0.578,-51821,51785,7.60,254.2,97.622,2080.834,1,1,1
26465438,25166,1,-35.00,35.00,-32.16,36.83,-0.585,0.575,-51838,51811,7.60,255.8,96.524,2081.801,1,1,1
26475438,25176,1,-35.00,35.00,-31.74,37.21,-0.588,0.573,-51859,51837,7.59,260.5,92.744,2082.729,1,1,1
26485446,25186,1,-35.00,35.00,-32.76,38.35,-0.586,0.568,-51883,51865,7.60,261.5,91.585,2083.646,1,1,1
26495450,25196,1,-35.00,35.00,-33.92,38.71,-0.584,0.566,-51908,51892,7.59,257.2,92.927,2084.576,1,1,1
26505451,25206,1,-35.00,35.00,-34.29,37.20,-0.582,0.569,-51932,51915,7.60,256.2,93.841,2085.515,1,1,1
26515459,25216,1,-35.00,35.00,-34.99,38.35,-0.580,0.564,-51957,51943,7.60,258.0,94.146,2086.457,1,1,1
26525466,25226,1,-35.00,35.00,-35.48,34.31,-0.578,0.578,-51982,51960,7.60,254.8,92.195,2087.380,1,1,1
26535466,25236,1,-35.00,35.00,-37.14,32.37,-0.571,0.587,-52010,51979,7.59,258.8,89.634,2088.277,1,1,1
26545480,25246,1,-35.00,35.00,-36.55,33.21,-0.572,0.584,-52034,52003,7.60,258.8,85.183,2089.130,1,1,1
26555483,25256,1,-35.00,35.00,-35.25,34.67,-0.576,0.579,-52056,52029,7.60,258.2,85.732,2089.988,1,1,1
26565483,25266,1,-35.00,35.00,-33.02,35.26,-0.585,0.577,-52075,52054,7.59,259.2,90.976,2090.899,1,1,1
26575483,25276,1,-35.00,35.00,-32.79,36.10,-0.586,0.572,-52097,52080,7.61,262.5,92.317,2091.823,1,1,1
26585496,25286,1,-35.00,35.00,-33.50,38.02,-0.585,0.566,-52121,52109,7.60,261.8,92.378,2092.747,1,1,1
26595498,25296,1,-35.00,35.00,-34.43,38.48,-0.584,0.564,-52146,52136,7.59,258.0,93.293,2093.681,1,1,1
26605511,25306,1,-35.00,35.00,-34.65,37.92,-0.583,0.564,-52170,52161,7.60,256.2,94.451,2094.626,1,1,1
26615514,25316,1,-35.00,35.00,-34.80,36.21,-0.582,0.569,-52194,52183,7.61,254.8,95.366,2095.581,1,1,1
26625526,25326,1,-35.00,35.00,-36.23,32.38,-0.576,0.583,-52221,52199,7.60,255.8,93.476,2096.517,1,1,1
26635526,25336,1,-35.00,35.00,-37.22,31.45,-0.572,0.588,-52248,52219,7.59,260.2,88.293,2097.400,1,1,1
26645533,25346,1,-35.00,35.00,-35.29,32.13,-0.577,0.586,-52269,52242,7.60,259.8,82.683,2098.228,1,1,1
26655544,25356,1,-35.00,35.00,-33.93,33.03,-0.583,0.584,-52290,52266,7.59,261.5,82.378,2099.053,1,1,1
26665544,25366,1,-35.00,35.00,-33.42,34.11,-0.584,0.580,-52312,52291,7.60,261.5,83.049,2099.884,1,1,1
26675544,25376,1,-35.00,35.00,-33.50,34.42,-0.585,0.579,-52335,52315,7.59,263.0,84.390,2100.729,1,1,1
26685552,25386,1,-35.00,35.00,-34.00,34.20,-0.584,0.580,-52359,52338,7.59,263.5,89.085,2101.620,1,1,1
26695556,25396,1,-35.00,35.00,-34.34,33.61,-0.582,0.582,-52383,52360,7.60,262.2,95.976,2102.581,1,1,1
26705556,25406,1,-35.00,35.00,-35.03,33.64,-0.580,0.583,-52408,52383,7.60,262.0,99.573,2103.577,1,1,1
26715565,25416,1,-35.00,35.00,-36.38,33.65,-0.575,0.584,-52435,52406,7.59,262.8,100.305,2104.581,1,1,1
26725573,25426,1,-35.00,35.00,-36.89,32.78,-0.573,0.588,-52461,52427,7.59,261.8,99.878,2105.581,1,1,1
26735583,25436,1,-35.00,35.00,-36.37,32.62,-0.573,0.589,-52485,52449,7.60,261.5,98.537,2106.567,1,1,1
26745595,25446,1,-35.00,35.00,-35.57,32.94,-0.576,0.589,-52508,52472,7.59,261.5,97.195,2107.540,1,1,1
26755607,25456,1,-35.00,35.00,-33.25,32.73,-0.584,0.590,-52527,52494,7.59,263.2,92.805,2108.469,1,1,1
26765614,25466,1,-35.00,35.00,-32.06,33.02,-0.589,0.589,-52547,52517,7.59,267.0,86.829,2109.338,1,1,1
26775624,25476,1,-35.00,35.00,-32.11,33.22,-0.589,0.589,-52569,52540,7.59,266.8,84.146,2110.180,1,1,1
26785624,25486,1,-35.00,35.00,-33.03,33.36,-0.586,0.589,-52593,52563,7.59,267.5,86.829,2111.049,1,1,1
26795637,25496,1,-35.00,35.00,-33.22,33.02,-0.586,0.591,-52616,52585,7.59,266.8,91.951,2111.969,1,1,1
26805645,25506,1,-35.00,35.00,-33.80,32.78,-0.584,0.592,-52640,52607,7.59,269.2,95.732,2112.927,1,1,1
26815653,25516,1,-35.00,35.00,-34.65,32.62,-0.580,0.594,-52665,52629,7.59,266.8,95.244,2113.881,1,1,1
26825663,25526,1,-35.00,35.00,-35.24,32.06,-0.579,0.597,-52690,52650,7.59,267.0,92.500,2114.807,1,1,1
26835670,25536,1,-35.00,35.00,-35.22,32.11,-0.578,0.597,-52714,52672,7.59,268.0,90.976,2115.717,1,1,1
26845682,25546,1,-35.00,35.00,-34.32,32.58,-0.580,0.595,-52736,52695,7.60,267.0,92.500,2116.643,1,1,1
26855685,25556,1,-35.00,35.00,-33.69,33.36,-0.583,0.593,-52758,52719,7.60,267.8,94.878,2117.593,1,1,1
26865698,25566,1,-35.00,35.00,-33.25,33.90,-0.584,0.590,-52780,52743,7.61,268.2,94.390,2118.538,1,1,1
26875698,25576,1,-35.00,35.00,-33.82,33.83,-0.583,0.592,-52804,52766,7.58,267.8,94.878,2119.487,1,1,1
26885712,25586,1,-35.00,35.00,-34.22,32.91,-0.581,0.595,-52828,52787,7.59,265.5,96.463,2120.453,1,1,1
26895715,25596,1,-35.00,35.00,-34.50,32.27,-0.579,0.597,-52852,52808,7.60,267.2,97.622,2121.430,1,1,1
26905715,25606,1,-35.00,35.00,-34.70,32.26,-0.578,0.597,-52876,52830,7.60,268.2,97.744,2122.408,1,1,1
26915716,25616,1,-35.00,35.00,-34.84,32.69,-0.578,0.596,-52900,52853,7.59,267.0,98.415,2123.393,1,1,1
26925724,25626,1,-35.00,35.00,-36.25,32.11,-0.572,0.598,-52927,52874,7.61,265.5,97.622,2124.370,1,1,1
26935735,25636,1,-35.00,35.00,-35.48,33.02,-0.575,0.596,-52950,52898,7.59,264.2,96.646,2125.337,1,1,1
26945744,25646,1,-35.00,35.00,-34.07,33.66,-0.580,0.594,-52971,52922,7.59,265.5,97.500,2126.313,1,1,1
26955758,25656,1,-35.00,35.00,-33.51,33.67,-0.582,0.594,-52993,52945,7.59,266.8,95.854,2127.272,1,1,1
26965769,25666,1,-35.00,35.00,-33.13,33.68,-0.583,0.593,-53015,52968,7.60,265.8,94.024,2128.213,1,1,1
26975782,25676,1,-35.00,35.00,-34.62,32.80,-0.578,0.596,-53041,52989,7.59,267.0,94.329,2129.157,1,1,1
26985788,25686,1,-35.00,35.00,-34.78,32.19,-0.577,0.599,-53065,53010,7.59,267.5,97.683,2130.135,1,1,1
26995788,25696,1,-35.00,35.00,-34.89,31.76,-0.576,0.600,-53089,53031,7.60,265.2,100.854,2131.144,1,1,1
27005791,25706,1,-35.00,35.00,-34.97,32.34,-0.576,0.599,-53113,53054,7.59,266.2,101.951,2132.165,1,1,1
27015803,25716,1,-35.00,35.00,-33.71,33.19,-0.581,0.596,-53134,53078,7.59,267.0,102.256,2133.188,1,1,1
27025804,25726,1,-35.00,35.00,-33.70,32.90,-0.580,0.597,-53157,53100,7.60,267.8,96.037,2134.149,1,1,1
27035806,25736,1,-35.00,35.00,-34.14,32.70,-0.578,0.598,-53181,53122,7.59,268.2,89.634,2135.046,1,1,1
27045815,25746,1,-35.00,35.00,-34.00,32.56,-0.579,0.599,-53204,53144,7.59,266.5,88.780,2135.935,1,1,1
27055819,25756,1,-35.00,35.00,-33.91,32.46,-0.579,0.599,-53227,53166,7.59,269.0,90.122,2136.837,1,1,1
27065822,25766,1,-35.00,35.00,-33.84,32.39,-0.579,0.599,-53250,53188,7.60,270.5,92.012,2137.758,1,1,1
27075827,25776,1,-35.00,35.00,-33.80,32.34,-0.580,0.600,-53273,53210,7.58,269.8,94.939,2138.708,1,1,1
27085827,25786,1,-35.00,35.00,-33.33,32.31,-0.580,0.599,-53295,53232,7.60,270.2,97.500,2139.684,1,1,1
27095830,25796,1,-35.00,35.00,-33.00,32.28,-0.581,0.599,-53317,53254,7.60,270.8,100.122,2140.686,1,1,1
27105835,25806,1,-35.00,35.00,-32.77,32.70,-0.582,0.598,-53339,53277,7.60,268.8,101.098,2141.698,1,1,1
27115842,25816,1,-35.00,35.00,-33.04,32.56,-0.581,0.599,-53362,53299,7.59,269.2,102.622,2142.725,1,1,1
27125845,25826,1,-35.00,35.00,-33.24,32.02,-0.580,0.601,-53385,53320,7.59,269.0,102.317,2143.749,1,1,1
27135850,25836,1,-35.00,35.00,-33.37,32.52,-0.580,0.599,-53408,53343,7.59,268.8,99.329,2144.743,1,1,1
27145850,25846,1,-35.00,35.00,-33.91,32.43,-0.577,0.599,-53432,53365,7.60,269.2,100.244,2145.746,1,1,1
27155852,25856,1,-35.00,35.00,-33.40,33.25,-0.579,0.597,-53454,53389,7.60,267.5,103.537,2146.782,1,1,1
27165864,25866,1,-35.00,35.00,-33.05,33.38,-0.582,0.598,-53476,53412,7.58,265.2,103.841,2147.822,1,1,1
27175867,25876,1,-35.00,35.00,-33.24,33.91,-0.580,0.594,-53499,53436,7.60,269.8,101.829,2148.841,1,1,1
27185867,25886,1,-35.00,35.00,-33.38,33.85,-0.580,0.595,-53522,53459,7.59,267.2,100.366,2149.845,1,1,1
27195873,25896,1,-35.00,35.00,-33.47,34.24,-0.580,0.594,-53545,53483,7.60,266.0,101.220,2150.858,1,1,1
27205879,25906,1,-35.00,35.00,-33.98,32.76,-0.578,0.599,-53569,53503,7.59,264.0,103.659,2151.895,1,1,1
27215880,25916,1,-35.00,35.00,-35.65,32.60,-0.572,0.600,-53596,53525,7.60,266.8,102.317,2152.919,1,1,1
27225880,25926,1,-35.00,35.00,-35.50,32.93,-0.572,0.599,-53620,53548,7.60,263.8,98.780,2153.908,1,1,1
27235882,25936,1,-35.00,35.00,-34.08,33.60,-0.577,0.597,-53641,53572,7.60,264.0,96.646,2154.875,1,1,1
27245888,25946,1,-35.00,35.00,-33.52,34.94,-0.579,0.592,-53663,53598,7.60,266.0,95.793,2155.834,1,1,1
27255888,25956,1,-35.00,35.00,-33.13,35.01,-0.580,0.591,-53685,53622,7.60,264.8,97.073,2156.805,1,1,1
27265888,25966,1,-35.00,35.00,-33.30,35.05,-0.580,0.591,-53708,53646,7.60,266.0,98.780,2157.794,1,1,1
27275888,25976,1,-35.00,35.00,-34.30,34.20,-0.577,0.594,-53733,53668,7.60,265.8,102.439,2158.819,1,1,1
27285897,25986,1,-35.00,35.00,-34.99,34.05,-0.574,0.595,-53758,53691,7.60,263.8,105.610,2159.876,1,1,1
27295902,25996,1,-35.00,35.00,-35.04,33.94,-0.574,0.596,-53782,53714,7.59,265.0,106.463,2160.941,1,1,1
27305913,26006,1,-35.00,35.00,-35.96,33.87,-0.571,0.596,-53808,53737,7.59,264.5,104.085,2161.983,1,1,1
27315923,26016,1,-35.00,35.00,-37.47,34.25,-0.565,0.596,-53836,53761,7.59,263.0,103.049,2163.014,1,1,1
27325936,26026,1,-35.00,35.00,-35.02,34.52,-0.573,0.594,-53856,53785,7.60,260.2,102.622,2164.041,1,1,1
27335940,26036,1,-35.00,35.00,-32.42,35.15,-0.582,0.591,-53874,53810,7.60,263.8,97.927,2165.021,1,1,1
27345948,26046,1,-35.00,35.00,-31.93,36.03,-0.584,0.587,-53895,53836,7.60,266.5,92.866,2165.951,1,1,1
27355956,26056,1,-35.00,35.00,-32.02,35.77,-0.585,0.588,-53917,53860,7.60,264.8,92.195,2166.874,1,1,1
27365964,26066,1,-35.00,35.00,-33.40,35.59,-0.580,0.588,-53942,53884,7.60,263.2,94.268,2167.817,1,1,1
27375973,26076,1,-35.00,35.00,-33.49,35.02,-0.580,0.590,-53965,53907,7.60,264.2,96.707,2168.785,1,1,1
27385977,26086,1,-35.00,35.00,-33.99,35.50,-0.579,0.589,-53989,53932,7.59,265.2,97.500,2169.761,1,1,1
27395985,26096,1,-35.00,35.00,-33.90,35.40,-0.580,0.588,-54012,53956,7.59,263.2,97.012,2170.732,1,1,1
27405988,26106,1,-35.00,35.00,-34.72,34.88,-0.576,0.590,-54037,53979,7.60,262.2,95.427,2171.687,1,1,1
27415988,26116,1,-35.00,35.00,-33.97,34.53,-0.579,0.591,-54059,54002,7.60,263.2,95.183,2172.639,1,1,1
27425994,26126,1,-35.00,35.00,-33.45,34.72,-0.581,0.591,-54081,54026,7.59,264.2,94.390,2173.584,1,1,1
27436001,26137,1,-35.00,35.00,-32.64,35.29,-0.584,0.588,-54102,54051,7.59,265.0,93.780,2174.523,1,1,1
27446001,26147,1,-35.00,35.00,-33.40,36.13,-0.582,0.585,-54126,54077,7.59,266.2,96.646,2175.490,1,1,1
27456001,26157,1,-35.00,35.00,-33.04,36.28,-0.584,0.584,-54148,54102,7.59,262.8,100.793,2176.499,1,1,1
27466009,26167,1,-35.00,35.00,-33.24,36.82,-0.584,0.581,-54171,54128,7.59,262.8,102.683,2177.527,1,1,1
27476009,26177,1,-35.00,35.00,-33.81,36.76,-0.582,0.581,-54195,54153,7.59,262.2,100.732,2178.535,1,1,1
27486017,26187,1,-35.00,35.00,-33.78,35.40,-0.582,0.585,-54218,54175,7.59,261.8,97.561,2179.511,1,1,1
27496017,26197,1,-35.00,35.00,-34.19,34.89,-0.580,0.587,-54242,54198,7.60,262.5,95.732,2180.469,1,1,1
27506024,26207,1,-35.00,35.00,-35.80,34.53,-0.575,0.589,-54269,54221,7.59,262.5,94.695,2181.417,1,1,1
27516031,26217,1,-35.00,35.00,-36.49,34.28,-0.571,0.589,-54295,54244,7.60,260.5,94.268,2182.360,1,1,1
27526034,26227,1,-35.00,35.00,-33.45,34.10,-0.582,0.590,-54313,54267,7.60,259.2,95.305,2183.314,1,1,1
27536042,26237,1,-35.00,35.00,-33.08,34.86,-0.583,0.587,-54335,54292,7.60,265.8,94.695,2184.262,1,1,1
27546046,26247,1,-35.00,35.00,-32.39,35.83,-0.587,0.584,-54356,54318,7.59,264.8,94.817,2185.211,1,1,1
27556047,26257,1,-35.00,35.00,-33.22,36.50,-0.585,0.581,-54380,54344,7.60,264.0,97.073,2186.182,1,1,1
27566055,26267,1,-35.00,35.00,-32.92,36.54,-0.585,0.579,-54402,54369,7.60,261.0,99.024,2187.173,1,1,1
27576062,26277,1,-35.00,35.00,-33.59,35.68,-0.583,0.582,-54426,54392,7.60,262.2,99.024,2188.164,1,1,1
27586070,26287,1,-35.00,35.00,-34.50,34.21,-0.580,0.587,-54451,54413,7.60,262.5,98.963,2189.155,1,1,1
27596079,26297,1,-35.00,35.00,-36.02,34.05,-0.574,0.588,-54478,54436,7.60,262.0,99.817,2190.154,1,1,1
27606085,26307,1,-35.00,35.00,-38.39,33.51,-0.565,0.591,-54508,54458,7.60,262.2,101.159,2191.166,1,1,1
27616092,26317,1,-35.00,35.00,-36.98,33.12,-0.569,0.594,-54531,54480,7.60,259.8,99.451,2192.162,1,1,1
27626092,26327,1,-35.00,35.00,-35.12,33.73,-0.575,0.591,-54552,54504,7.60,260.2,96.159,2193.124,1,1,1
27636092,26337,1,-35.00,35.00,-32.49,34.16,-0.585,0.590,-54570,54528,7.60,262.0,89.451,2194.019,1,1,1
27646095,26347,1,-35.00,35.00,-28.46,34.46,-0.600,0.587,-54583,54552,7.59,266.0,85.549,2194.875,1,1,1
27656095,26357,1,-35.00,35.00,-33.10,34.23,-0.585,0.589,-54613,54575,7.60,271.8,83.293,2195.709,1,1,1
27666100,26367,1,-35.00,35.00,-33.72,34.07,-0.582,0.590,-54637,54598,7.60,263.2,86.768,2196.578,1,1,1
27676116,26377,1,-35.00,35.00,-33.71,34.39,-0.583,0.590,-54660,54622,7.59,264.2,91.585,2197.494,1,1,1
27686117,26387,1,-35.00,35.00,-34.14,34.18,-0.582,0.591,-54684,54645,7.59,265.0,93.598,2198.431,1,1,1
27696125,26397,1,-35.00,35.00,-35.33,33.60,-0.577,0.593,-54710,54667,7.59,265.0,93.171,2199.364,1,1,1
27706134,26407,1,-35.00,35.00,-36.15,33.62,-0.574,0.593,-54736,54690,7.59,263.0,94.024,2200.305,1,1,1
27716147,26417,1,-35.00,35.00,-34.54,33.64,-0.579,0.592,-54757,54713,7.60,261.8,94.878,2201.255,1,1,1
27726147,26427,1,-35.00,35.00,-33.84,33.66,-0.583,0.593,-54779,54736,7.58,264.8,92.073,2202.176,1,1,1
27736156,26437,1,-35.00,35.00,-33.36,33.67,-0.584,0.593,-54801,54759,7.59,266.5,88.354,2203.061,1,1,1
27746165,26447,1,-35.00,35.00,-33.90,33.24,-0.581,0.594,-54825,54781,7.59,266.5,88.232,2203.944,1,1,1
27756178,26457,1,-35.00,35.00,-34.28,33.37,-0.580,0.594,-54849,54804,7.59,264.5,91.341,2204.858,1,1,1
27766178,26467,1,-35.00,35.00,-34.54,33.91,-0.579,0.592,-54873,54828,7.60,266.5,94.756,2205.806,1,1,1
27776188,26477,1,-35.00,35.00,-34.72,34.28,-0.579,0.591,-54897,54852,7.60,264.2,93.902,2206.746,1,1,1
27786195,26487,1,-35.00,35.00,-35.29,33.67,-0.576,0.593,-54922,54874,7.60,263.0,90.793,2207.655,1,1,1
27796207,26497,1,-35.00,35.00,-35.69,33.23,-0.575,0.595,-54947,54896,7.59,263.8,88.293,2208.539,1,1,1
27806219,26507,1,-35.00,35.00,-35.09,33.37,-0.576,0.595,-54970,54919,7.60,264.0,88.780,2209.427,1,1,1
27816223,26517,1,-35.00,35.00,-33.79,33.47,-0.581,0.594,-54991,54942,7.59,263.2,90.488,2210.333,1,1,1
27826223,26527,1,-35.00,35.00,-33.32,33.97,-0.583,0.592,-55013,54966,7.59,267.8,89.146,2211.226,1,1,1
27836234,26537,1,-35.00,35.00,-33.87,33.45,-0.581,0.594,-55037,54988,7.60,266.5,89.695,2212.123,1,1,1
27846247,26547,1,-35.00,35.00,-34.26,32.64,-0.579,0.597,-55061,55009,7.60,267.0,92.195,2213.046,1,1,1
27856249,26557,1,-35.00,35.00,-34.53,32.96,-0.578,0.596,-55085,55032,7.59,268.2,96.585,2214.013,1,1,1
27866256,26567,1,-35.00,35.00,-34.72,34.06,-0.577,0.592,-55109,55057,7.60,267.0,100.183,2215.015,1,1,1
27876268,26577,1,-35.00,35.00,-35.73,34.39,-0.574,0.592,-55135,55081,7.60,264.5,99.878,2216.015,1,1,1
27886269,26587,1,-35.00,35.00,-37.31,34.18,-0.567,0.593,-55163,55104,7.60,262.8,96.829,2216.984,1,1,1
27896277,26597,1,-35.00,35.00,-37.55,34.47,-0.567,0.593,-55189,55128,7.59,259.5,93.110,2217.916,1,1,1
27906283,26607,1,-35.00,35.00,-36.83,34.24,-0.568,0.593,-55213,55151,7.60,258.8,91.402,2218.831,1,1,1
27916292,26617,1,-35.00,35.00,-34.13,34.51,-0.576,0.591,-55232,55175,7.61,260.8,92.073,2219.752,1,1,1
27926292,26627,1,-35.00,35.00,-32.24,34.71,-0.584,0.591,-55251,55199,7.59,263.2,91.585,2220.669,1,1,1
27936301,26637,1,-35.00,35.00,-32.68,32.20,-0.583,0.599,-55274,55217,7.60,265.5,89.024,2221.560,1,1,1
27946301,26647,1,-35.00,35.00,-34.30,35.73,-0.579,0.588,-55300,55247,7.59,267.8,87.500,2222.436,1,1,1
27956306,26657,1,-35.00,35.00,-35.00,35.56,-0.576,0.588,-55325,55271,7.60,263.2,88.293,2223.320,1,1,1
27966313,26667,1,-35.00,35.00,-35.04,35.00,-0.576,0.590,-55349,55294,7.59,261.0,88.902,2224.209,1,1,1
27976316,26677,1,-35.00,35.00,-35.52,35.04,-0.574,0.590,-55374,55318,7.60,263.5,87.927,2225.090,1,1,1
27986325,26687,1,-35.00,35.00,-36.73,35.52,-0.570,0.589,-55401,55343,7.59,261.0,88.293,2225.973,1,1,1
27996331,26697,1,-35.00,35.00,-36.70,35.41,-0.570,0.589,-55426,55367,7.59,258.5,91.037,2226.885,1,1,1
28006340,26707,1,-35.00,35.00,-34.48,35.77,-0.577,0.587,-55446,55392,7.60,259.0,93.476,2227.820,1,1,1
28016340,26717,1,-35.00,35.00,-34.24,36.03,-0.578,0.585,-55469,55417,7.60,260.8,92.622,2228.747,1,1,1
28026347,26727,1,-35.00,35.00,-34.52,36.21,-0.578,0.585,-55493,55442,7.60,261.2,90.366,2229.652,1,1,1
28036353,26737,1,-35.00,35.00,-34.71,35.89,-0.577,0.585,-55517,55466,7.60,261.2,91.951,2230.572,1,1,1
28046355,26747,1,-35.00,35.00,-35.72,35.23,-0.573,0.588,-55543,55489,7.60,262.0,94.756,2231.521,1,1,1
28056368,26757,1,-35.00,35.00,-35.55,36.09,-0.574,0.584,-55567,55515,7.60,260.5,95.732,2232.479,1,1,1
28066368,26767,1,-35.00,35.00,-36.31,36.25,-0.572,0.584,-55593,55540,7.59,258.0,94.756,2233.427,1,1,1
28076377,26777,1,-35.00,35.00,-36.84,35.92,-0.568,0.584,-55619,55564,7.61,258.2,92.073,2234.349,1,1,1
28086389,26787,1,-35.00,35.00,-36.78,36.13,-0.569,0.584,-55644,55589,7.60,258.2,89.878,2235.248,1,1,1
28096389,26797,1,-35.00,35.00,-34.97,36.28,-0.574,0.582,-55665,55614,7.60,257.5,90.671,2236.156,1,1,1
28106398,26807,1,-35.00,35.00,-34.15,36.82,-0.577,0.579,-55687,55640,7.61,257.8,90.610,2237.063,1,1,1
28116398,26817,1,-35.00,35.00,-34.01,37.20,-0.578,0.577,-55710,55666,7.61,258.0,86.463,2237.928,1,1,1
28126404,26827,1,-35.00,35.00,-34.35,37.03,-0.578,0.577,-55734,55691,7.60,259.2,86.829,2238.797,1,1,1
28136405,26837,1,-35.00,35.00,-34.60,36.90,-0.578,0.577,-55758,55716,7.60,258.0,88.415,2239.682,1,1,1
28146407,26847,1,-35.00,35.00,-35.20,36.38,-0.576,0.579,-55783,55740,7.60,256.2,89.146,2240.575,1,1,1
28156413,26857,1,-35.00,35.00,-35.63,36.89,-0.574,0.576,-55808,55766,7.61,257.0,89.695,2241.472,1,1,1
28166416,26867,1,-35.00,35.00,-35.49,36.37,-0.574,0.577,-55832,55790,7.61,256.0,90.061,2242.374,1,1,1
28176422,26877,1,-35.00,35.00,-36.71,36.01,-0.570,0.578,-55859,55814,7.61,256.0,88.963,2243.264,1,1,1
28186429,26887,1,-35.00,35.00,-36.24,36.19,-0.571,0.578,-55883,55839,7.60,255.0,87.622,2244.141,1,1,1
28196435,26897,1,-35.00,35.00,-35.04,36.32,-0.575,0.577,-55905,55864,7.60,256.5,89.939,2245.041,1,1,1
28206446,26907,1,-35.00,35.00,-33.75,36.85,-0.580,0.574,-55926,55890,7.60,255.8,91.951,2245.962,1,1,1
28216459,26917,1,-35.00,35.00,-33.74,36.78,-0.581,0.574,-55949,55915,7.60,256.5,90.061,2246.863,1,1,1
28226462,26927,1,-35.00,35.00,-33.72,37.61,-0.583,0.571,-55972,55942,7.59,258.5,90.549,2247.769,1,1,1
28236466,26937,1,-35.00,35.00,-34.59,38.63,-0.580,0.565,-55997,55970,7.61,258.5,95.427,2248.724,1,1,1
28246480,26947,1,-35.00,35.00,-34.76,40.67,-0.580,0.557,-56021,56001,7.60,253.8,97.988,2249.705,1,1,1
28256480,26957,1,-35.00,35.00,-35.32,40.77,-0.580,0.555,-56046,56029,7.59,252.8,95.793,2250.664,1,1,1
28266488,26967,1,-35.00,35.00,-35.71,39.09,-0.578,0.560,-56071,56053,7.60,250.0,95.305,2251.618,1,1,1
28276489,26977,1,-35.00,35.00,-36.86,33.95,-0.572,0.577,-56098,56068,7.60,252.3,93.598,2252.554,1,1,1
28286492,26987,1,-35.00,35.00,-37.23,31.68,-0.569,0.586,-56124,56086,7.60,254.5,88.232,2253.438,1,1,1
28296496,26997,1,-35.00,35.00,-36.61,32.72,-0.571,0.583,-56148,56110,7.60,257.2,82.744,2254.266,1,1,1
28306504,27007,1,-35.00,35.00,-33.97,34.33,-0.580,0.578,-56167,56136,7.60,257.8,80.793,2255.075,1,1,1
28316505,27017,1,-35.00,35.00,-33.01,35.02,-0.585,0.576,-56188,56161,7.59,258.8,83.720,2255.913,1,1,1
28326507,27027,1,-35.00,35.00,-33.22,35.94,-0.584,0.571,-56211,56187,7.60,261.5,84.817,2256.761,1,1,1
28336511,27037,1,-35.00,35.00,-33.80,37.02,-0.583,0.568,-56235,56214,7.60,259.5,87.134,2257.634,1,1,1
28346522,27047,1,-35.00,35.00,-34.64,37.34,-0.580,0.565,-56260,56240,7.61,257.5,89.695,2258.531,1,1,1
28356526,27057,1,-35.00,35.00,-34.80,36.69,-0.580,0.567,-56284,56264,7.60,255.5,90.305,2259.435,1,1,1
28366535,27067,1,-35.00,35.00,-35.34,34.03,-0.578,0.576,-56309,56283,7.60,255.2,90.976,2260.346,1,1,1
28376541,27077,1,-35.00,35.00,-35.73,32.61,-0.575,0.582,-56334,56303,7.61,258.5,90.122,2261.248,1,1,1
28386544,27087,1,-35.00,35.00,-36.00,32.49,-0.573,0.583,-56359,56325,7.61,259.0,86.890,2262.117,1,1,1
28396556,27097,1,-35.00,35.00,-34.43,33.29,-0.580,0.581,-56380,56349,7.59,259.5,85.427,2262.972,1,1,1
28406565,27107,1,-35.00,35.00,-33.77,34.73,-0.583,0.577,-56402,56375,7.59,261.5,85.854,2263.832,1,1,1
28416571,27117,1,-35.00,35.00,-33.74,34.42,-0.584,0.578,-56425,56398,7.59,259.8,88.232,2264.715,1,1,1
28426580,27127,1,-35.00,35.00,-34.17,35.08,-0.581,0.575,-56449,56423,7.61,262.2,92.134,2265.637,1,1,1
28436594,27137,1,-35.00,35.00,-34.46,34.22,-0.581,0.578,-56473,56445,7.60,260.8,97.195,2266.610,1,1,1
28446595,27147,1,-35.00,35.00,-34.67,34.06,-0.580,0.579,-56497,56468,7.60,261.0,99.817,2267.609,1,1,1
28456606,27157,1,-35.00,35.00,-35.70,33.51,-0.577,0.582,-56523,56490,7.59,260.0,99.024,2268.600,1,1,1
28466607,27167,1,-35.00,35.00,-36.85,33.13,-0.572,0.584,-56550,56512,7.60,260.8,97.500,2269.575,1,1,1
28476615,27177,1,-35.00,35.00,-36.78,32.86,-0.571,0.586,-56575,56534,7.59,259.8,96.220,2270.538,1,1,1
28486622,27187,1,-35.00,35.00,-35.42,32.67,-0.575,0.587,-56597,56556,7.60,259.5,95.366,2271.493,1,1,1
28496637,27197,1,-35.00,35.00,-33.14,32.97,-0.583,0.586,-56616,56579,7.60,261.5,94.634,2272.440,1,1,1
28506637,27207,1,-35.00,35.00,-31.99,32.75,-0.588,0.587,-56636,56601,7.59,264.0,89.512,2273.336,1,1,1
28516637,27217,1,-35.00,35.00,-32.06,33.03,-0.589,0.587,-56658,56624,7.59,266.5,84.695,2274.184,1,1,1
28526648,27227,1,-35.00,35.00,-32.99,33.23,-0.586,0.587,-56682,56647,7.59,267.5,85.732,2275.042,1,1,1
28536655,27237,1,-35.00,35.00,-33.20,32.93,-0.585,0.588,-56705,56669,7.59,265.5,89.390,2275.937,1,1,1
28546663,27247,1,-35.00,35.00,-33.79,32.72,-0.583,0.590,-56729,56691,7.59,266.2,93.902,2276.877,1,1,1
28556676,27257,1,-35.00,35.00,-34.20,33.01,-0.581,0.590,-56753,56714,7.59,266.2,95.793,2277.835,1,1,1
28566676,27267,1,-35.00,35.00,-34.49,32.34,-0.580,0.593,-56777,56735,7.60,265.0,94.634,2278.783,1,1,1
28576689,27277,1,-35.00,35.00,-34.69,31.86,-0.579,0.596,-56801,56756,7.59,266.0,92.317,2279.707,1,1,1
28586691,27287,1,-35.00,35.00,-34.39,32.41,-0.579,0.594,-56824,56779,7.60,268.5,91.341,2280.621,1,1,1
28596698,27297,1,-35.00,35.00,-33.74,33.24,-0.582,0.592,-56846,56803,7.59,268.0,92.805,2281.550,1,1,1
28606700,27307,1,-35.00,35.00,-32.85,33.81,-0.585,0.590,-56867,56827,7.59,266.2,93.049,2282.481,1,1,1
28616706,27317,1,-35.00,35.00,-33.10,34.21,-0.585,0.589,-56890,56851,7.59,266.8,94.146,2283.424,1,1,1
28626706,27327,1,-35.00,35.00,-33.28,33.62,-0.584,0.591,-56913,56873,7.60,266.8,97.866,2284.403,1,1,1
28636706,27337,1,-35.00,35.00,-33.84,33.20,-0.581,0.593,-56937,56895,7.60,266.8,103.171,2285.436,1,1,1
28646706,27347,1,-35.00,35.00,-34.67,33.35,-0.579,0.594,-56962,56918,7.59,266.5,106.463,2286.501,1,1,1
28656713,27357,1,-35.00,35.00,-34.82,33.45,-0.578,0.593,-56986,56941,7.59,266.5,106.707,2287.569,1,1,1
28666716,27367,1,-35.00,35.00,-36.24,33.08,-0.572,0.595,-57013,56963,7.60,266.5,105.488,2288.625,1,1,1
28676720,27377,1,-35.00,35.00,-35.91,32.83,-0.574,0.597,-57037,56985,7.59,263.2,101.098,2289.636,1,1,1
28686724,27387,1,-35.00,35.00,-33.49,33.09,-0.581,0.595,-57056,57008,7.60,264.2,93.841,2290.576,1,1,1
28696731,27397,1,-35.00,35.00,-32.23,33.27,-0.586,0.594,-57076,57031,7.60,267.8,87.988,2291.456,1,1,1
28706736,27407,1,-35.00,35.00,-32.67,32.96,-0.586,0.596,-57099,57053,7.58,268.8,86.463,2292.322,1,1,1
28716739,27417,1,-35.00,35.00,-33.42,32.74,-0.582,0.596,-57123,57075,7.60,268.5,89.329,2293.216,1,1,1
28726745,27427,1,-35.00,35.00,-33.94,32.58,-0.581,0.597,-57147,57097,7.59,267.2,93.659,2294.153,1,1,1
28736751,27437,1,-35.00,35.00,-34.30,31.60,-0.578,0.600,-57171,57117,7.60,268.2,96.220,2295.116,1,1,1
28746761,27447,1,-35.00,35.00,-34.12,31.35,-0.579,0.602,-57194,57138,7.59,267.0,96.829,2296.085,1,1,1
28756774,27457,1,-35.00,35.00,-33.55,32.93,-0.581,0.597,-57216,57163,7.59,267.8,95.122,2297.037,1,1,1
28766776,27467,1,-35.00,35.00,-33.15,34.04,-0.582,0.592,-57238,57188,7.60,268.5,88.659,2297.925,1,1,1
28776776,27477,1,-35.00,35.00,-33.32,33.49,-0.582,0.594,-57261,57210,7.59,267.8,86.037,2298.786,1,1,1
28786782,27487,1,-35.00,35.00,-33.43,33.11,-0.581,0.595,-57284,57232,7.60,267.8,87.683,2299.664,1,1,1
28796784,27497,1,-35.00,35.00,-33.07,33.29,-0.584,0.596,-57306,57255,7.58,267.0,90.305,2300.567,1,1,1
28806788,27507,1,-35.00,35.00,-33.25,32.97,-0.582,0.596,-57329,57277,7.59,270.0,95.061,2301.519,1,1,1
28816793,27517,1,-35.00,35.00,-32.95,32.75,-0.583,0.597,-57351,57299,7.59,270.5,101.220,2302.532,1,1,1
28826800,27527,1,-35.00,35.00,-32.73,33.03,-0.584,0.596,-57373,57322,7.59,269.8,105.488,2303.587,1,1,1
28836806,27537,1,-35.00,35.00,-32.58,33.67,-0.585,0.594,-57395,57346,7.59,269.8,105.610,2304.644,1,1,1
28846812,27547,1,-35.00,35.00,-32.03,34.11,-0.587,0.592,-57416,57370,7.59,269.5,103.902,2305.684,1,1,1
28856812,27557,1,-35.00,35.00,-32.09,32.67,-0.586,0.596,-57438,57390,7.60,268.0,102.683,2306.712,1,1,1
28866819,27567,1,-35.00,35.00,-32.57,32.54,-0.585,0.597,-57461,57412,7.59,271.2,98.598,2307.698,1,1,1
28876830,27577,1,-35.00,35.00,-33.35,32.00,-0.582,0.599,-57485,57433,7.60,270.5,95.915,2308.658,1,1,1
28886835,27587,1,-35.00,35.00,-33.01,32.07,-0.583,0.598,-57507,57455,7.60,269.2,97.378,2309.633,1,1,1
28896845,27597,1,-35.00,35.00,-33.22,33.00,-0.582,0.596,-57530,57479,7.59,270.2,100.671,2310.641,1,1,1
28906858,27607,1,-35.00,35.00,-32.48,33.64,-0.585,0.593,-57551,57503,7.60,267.8,103.415,2311.676,1,1,1
28916867,27617,1,-35.00,35.00,-32.40,34.10,-0.585,0.592,-57573,57527,7.60,267.2,104.024,2312.717,1,1,1
28926880,27627,1,-35.00,35.00,-32.79,34.85,-0.585,0.589,-57596,57552,7.59,267.8,102.500,2313.742,1,1,1
28936888,27637,1,-35.00,35.00,-33.06,35.38,-0.584,0.587,-57619,57577,7.60,266.2,102.195,2314.765,1,1,1
28946895,27647,1,-35.00,35.00,-33.69,34.44,-0.581,0.590,-57643,57599,7.60,263.0,104.085,2315.807,1,1,1
28956897,27657,1,-35.00,35.00,-34.13,33.33,-0.580,0.594,-57667,57620,7.59,263.5,104.329,2316.851,1,1,1
28966910,27667,1,-35.00,35.00,-36.20,32.56,-0.573,0.598,-57695,57641,7.59,265.8,98.902,2317.841,1,1,1
28976910,27677,1,-35.00,35.00,-34.57,32.90,-0.577,0.595,-57716,57664,7.61,263.2,94.207,2318.784,1,1,1
28986913,27687,1,-35.00,35.00,-33.42,34.02,-0.582,0.592,-57737,57689,7.59,264.8,92.805,2319.713,1,1,1
28996913,27697,1,-35.00,35.00,-32.63,35.24,-0.585,0.588,-57758,57715,7.59,265.2,93.476,2320.648,1,1,1
29006913,27707,1,-35.00,35.00,-33.38,35.21,-0.583,0.587,-57782,57739,7.60,265.2,96.707,2321.616,1,1,1
29016918,27717,1,-35.00,35.00,-33.92,36.08,-0.583,0.585,-57806,57765,7.58,263.5,98.780,2322.604,1,1,1
29026918,27727,1,-35.00,35.00,-34.29,36.24,-0.581,0.584,-57830,57790,7.59,262.2,99.939,2323.605,1,1,1
29036925,27737,1,-35.00,35.00,-34.55,34.16,-0.579,0.591,-57854,57810,7.60,261.2,99.634,2324.602,1,1,1
29046936,27747,1,-35.00,35.00,-34.29,33.58,-0.580,0.593,-57877,57832,7.59,262.8,97.012,2325.573,1,1,1
29056941,27757,1,-35.00,35.00,-34.99,33.61,-0.577,0.593,-57902,57855,7.60,266.0,93.171,2326.505,1,1,1
29066951,27767,1,-35.00,35.00,-35.04,34.07,-0.577,0.592,-57926,57879,7.60,263.5,93.780,2327.444,1,1,1
29076955,27777,1,-35.00,35.00,-34.20,34.84,-0.580,0.589,-57948,57904,7.60,263.5,97.378,2328.419,1,1,1
29086958,27787,1,-35.00,35.00,-33.17,35.81,-0.584,0.585,-57969,57930,7.60,263.5,98.171,2329.401,1,1,1
29096958,27797,1,-35.00,35.00,-33.32,36.06,-0.584,0.584,-57992,57955,7.60,264.2,97.927,2330.381,1,1,1
29106964,27807,1,-35.00,35.00,-33.43,36.66,-0.584,0.581,-58015,57981,7.60,261.2,100.915,2331.391,1,1,1
29116973,27817,1,-35.00,35.00,-33.95,37.53,-0.583,0.578,-58039,58008,7.59,262.0,103.537,2332.427,1,1,1
29126973,27827,1,-35.00,35.00,-33.87,38.14,-0.584,0.574,-58062,58035,7.60,261.2,102.866,2333.457,1,1,1
29136979,27837,1,-35.00,35.00,-33.82,36.36,-0.584,0.579,-58085,58057,7.60,260.5,100.793,2334.466,1,1,1
29146988,27847,1,-35.00,35.00,-34.22,33.80,-0.581,0.588,-58109,58076,7.60,261.2,97.927,2335.446,1,1,1
29156994,27857,1,-35.00,35.00,-35.82,33.33,-0.576,0.591,-58136,58098,7.59,264.0,94.146,2336.388,1,1,1
29166994,27867,1,-35.00,35.00,-33.86,33.44,-0.582,0.590,-58156,58121,7.60,264.0,92.500,2337.314,1,1,1
29177001,27878,1,-35.00,35.00,-33.37,34.39,-0.585,0.588,-58178,58146,7.59,266.2,93.598,2338.250,1,1,1
29187001,27888,1,-35.00,35.00,-33.03,35.50,-0.586,0.583,-58200,58172,7.60,265.0,95.915,2339.210,1,1,1
29197001,27898,1,-35.00,35.00,-33.23,37.16,-0.586,0.577,-58223,58200,7.60,263.2,100.549,2340.217,1,1,1
29207001,27908,1,-35.00,35.00,-33.37,38.75,-0.587,0.570,-58246,58229,7.59,262.2,103.293,2341.250,1,1,1
29217004,27918,1,-35.00,35.00,-33.46,38.55,-0.587,0.569,-58269,58255,7.60,259.0,99.939,2342.251,1,1,1
29227004,27928,1,-35.00,35.00,-33.53,37.09,-0.586,0.573,-58292,58278,7.61,257.5,95.793,2343.209,1,1,1
29237012,27938,1,-35.00,35.00,-34.02,35.19,-0.585,0.579,-58316,58299,7.60,260.2,93.902,2344.149,1,1,1
29247016,27948,1,-35.00,35.00,-34.36,32.55,-0.583,0.589,-58340,58317,7.60,262.5,92.683,2345.077,1,1,1
29257024,27958,1,-35.00,35.00,-35.04,32.45,-0.581,0.591,-58365,58339,7.59,265.0,91.220,2345.990,1,1,1
29267024,27968,1,-35.00,35.00,-35.95,32.82,-0.577,0.590,-58391,58362,7.60,265.2,92.988,2346.921,1,1,1
29277034,27978,1,-35.00,35.00,-33.96,33.96,-0.584,0.586,-58411,58387,7.60,264.0,96.280,2347.885,1,1,1
29287042,27988,1,-35.00,35.00,-33.00,34.76,-0.588,0.584,-58432,58412,7.59,264.5,96.951,2348.855,1,1,1
29297046,27998,1,-35.00,35.00,-33.21,35.76,-0.587,0.580,-58455,58438,7.60,265.5,96.951,2349.825,1,1,1
29307046,28008,1,-35.00,35.00,-33.79,36.90,-0.586,0.575,-58479,58465,7.60,261.8,100.000,2350.826,1,1,1
29317055,28018,1,-35.00,35.00,-34.20,37.25,-0.585,0.573,-58503,58491,7.60,260.8,100.122,2351.828,1,1,1
29327055,28028,1,-35.00,35.00,-34.49,36.62,-0.584,0.575,-58527,58515,7.60,258.8,97.988,2352.808,1,1,1
29337062,28038,1,-35.00,35.00,-34.25,34.87,-0.585,0.580,-58550,58536,7.60,258.8,95.061,2353.760,1,1,1
29347062,28048,1,-35.00,35.00,-34.52,32.32,-0.583,0.590,-58574,58554,7.60,261.8,91.829,2354.679,1,1,1
29357062,28058,1,-35.00,35.00,-36.03,31.41,-0.577,0.595,-58601,58574,7.59,264.8,89.329,2355.573,1,1,1
29367073,28068,1,-35.00,35.00,-34.89,32.09,-0.581,0.593,-58623,58597,7.60,265.5,87.378,2356.448,1,1,1
29377085,28078,1,-35.00,35.00,-34.09,33.01,-0.584,0.591,-58645,58621,7.59,265.2,87.073,2357.319,1,1,1
29387095,28088,1,-35.00,35.00,-33.53,34.10,-0.586,0.587,-58667,58646,7.60,266.5,88.354,2358.203,1,1,1
29397109,28098,1,-35.00,35.00,-34.02,33.97,-0.583,0.587,-58691,58669,7.61,265.0,91.159,2359.116,1,1,1
29407117,28108,1,-35.00,35.00,-33.92,33.89,-0.584,0.588,-58714,58692,7.60,265.2,94.878,2360.065,1,1,1
29417125,28118,1,-35.00,35.00,-34.73,34.71,-0.582,0.586,-58739,58717,7.60,265.0,97.744,2361.044,1,1,1
29427134,28128,1,-35.00,35.00,-34.42,33.96,-0.582,0.588,-58762,58739,7.61,262.5,96.037,2362.005,1,1,1
29437134,28138,1,-35.00,35.00,-34.64,33.44,-0.582,0.590,-58786,58761,7.60,264.2,92.927,2362.935,1,1,1
29447135,28148,1,-35.00,35.00,-34.79,33.08,-0.581,0.592,-58810,58783,7.59,265.5,92.378,2363.860,1,1,1
29457143,28158,1,-35.00,35.00,-36.22,32.82,-0.576,0.593,-58837,58805,7.60,265.5,94.756,2364.808,1,1,1
29467147,28168,1,-35.00,35.00,-34.58,33.08,-0.581,0.592,-58858,58828,7.60,262.2,96.098,2365.770,1,1,1
29477150,28178,1,-35.00,35.00,-33.44,33.27,-0.585,0.591,-58879,58851,7.60,266.2,92.500,2366.696,1,1,1
29487150,28188,1,-35.00,35.00,-33.07,33.39,-0.587,0.591,-58901,58874,7.59,266.5,88.659,2367.583,1,1,1
29497154,28198,1,-35.00,35.00,-33.70,33.48,-0.584,0.591,-58925,58897,7.60,267.2,87.927,2368.463,1,1,1
29507162,28208,1,-35.00,35.00,-34.14,33.55,-0.583,0.591,-58949,58920,7.60,265.8,90.366,2369.368,1,1,1
29517165,28218,1,-35.00,35.00,-34.44,33.59,-0.582,0.591,-58973,58943,7.60,266.8,90.732,2370.276,1,1,1
29527178,28228,1,-35.00,35.00,-34.66,33.62,-0.581,0.591,-58997,58966,7.60,263.2,88.293,2371.160,1,1,1
29537186,28238,1,-35.00,35.00,-35.69,33.20,-0.577,0.593,-59023,58988,7.60,263.2,87.195,2372.032,1,1,1
29547186,28248,1,-35.00,35.00,-34.65,33.35,-0.581,0.592,-59045,59011,7.59,264.5,87.744,2372.911,1,1,1
29557195,28258,1,-35.00,35.00,-34.36,33.45,-0.581,0.592,-59068,59034,7.59,264.8,89.329,2373.805,1,1,1
29567195,28268,1,-35.00,35.00,-33.28,33.52,-0.585,0.591,-59089,59057,7.60,263.8,90.915,2374.715,1,1,1
29577201,28278,1,-35.00,35.00,-33.40,33.13,-0.584,0.592,-59112,59079,7.60,266.2,90.732,2375.623,1,1,1
29587207,28288,1,-35.00,35.00,-33.93,32.86,-0.583,0.594,-59136,59101,7.59,266.8,91.098,2376.535,1,1,1
29597208,28298,1,-35.00,35.00,-34.30,33.11,-0.582,0.593,-59160,59124,7.59,267.0,93.598,2377.471,1,1,1
29607219,28308,1,-35.00,35.00,-34.56,33.29,-0.581,0.593,-59184,59147,7.59,266.5,93.476,2378.407,1,1,1
29617223,28318,1,-35.00,35.00,-34.74,33.85,-0.580,0.592,-59208,59171,7.59,265.5,91.402,2379.322,1,1,1
29627223,28328,1,-35.00,35.00,-35.30,33.80,-0.578,0.591,-59233,59194,7.60,264.2,89.390,2380.217,1,1,1
29637226,28338,1,-35.00,35.00,-35.70,33.77,-0.576,0.592,-59258,59217,7.59,263.8,88.110,2381.098,1,1,1
29647237,28348,1,-35.00,35.00,-35.10,34.18,-0.578,0.590,-59281,59241,7.60,263.5,88.232,2381.981,1,1,1
29657247,28358,1,-35.00,35.00,-34.23,34.48,-0.581,0.589,-59303,59265,7.60,262.8,90.122,2382.884,1,1,1
29667260,28368,1,-35.00,35.00,-34.07,34.68,-0.582,0.589,-59326,59289,7.59,262.5,91.707,2383.802,1,1,1
29677269,28378,1,-35.00,35.00,-34.40,34.38,-0.581,0.590,-59350,59312,7.60,263.0,92.561,2384.728,1,1,1
29687269,28388,1,-35.00,35.00,-34.62,34.62,-0.580,0.589,-59374,59336,7.60,264.2,91.646,2385.645,1,1,1
29697277,28398,1,-35.00,35.00,-35.22,34.78,-0.578,0.589,-59399,59360,7.59,264.0,89.207,2386.538,1,1,1
29707284,28408,1,-35.00,35.00,-35.20,34.89,-0.578,0.588,-59423,59384,7.60,262.2,85.976,2387.399,1,1,1
29717295,28418,1,-35.00,35.00,-35.63,34.53,-0.577,0.590,-59448,59407,7.59,261.2,84.817,2388.248,1,1,1
29727310,28428,1,-35.00,35.00,-35.93,35.16,-0.575,0.588,-59473,59432,7.60,261.5,85.671,2389.105,1,1,1
29737316,28438,1,-35.00,35.00,-35.70,34.72,-0.576,0.590,-59497,59455,7.59,259.8,86.707,2389.973,1,1,1
29747323,28448,1,-35.00,35.00,-35.53,34.85,-0.576,0.589,-59521,59479,7.59,263.2,88.354,2390.857,1,1,1
29757323,28458,1,-35.00,35.00,-34.98,35.82,-0.578,0.585,-59544,59505,7.60,262.5,92.378,2391.782,1,1,1
29767332,28468,1,-35.00,35.00,-35.03,35.62,-0.578,0.586,-59568,59529,7.60,260.2,95.305,2392.736,1,1,1
29777336,28478,1,-35.00,35.00,-35.07,35.92,-0.578,0.584,-59592,59554,7.60,261.2,94.634,2393.683,1,1,1
29787344,28488,1,-35.00,35.00,-35.10,35.25,-0.577,0.586,-59616,59577,7.60,260.8,93.841,2394.622,1,1,1
29797347,28498,1,-35.00,35.00,-35.55,35.66,-0.576,0.585,-59641,59602,7.59,262.2,93.293,2395.556,1,1,1
29807347,28508,1,-35.00,35.00,-35.87,35.51,-0.575,0.586,-59666,59626,7.59,259.5,92.683,2396.484,1,1,1
29817347,28518,1,-35.00,35.00,-36.10,35.84,-0.574,0.585,-59691,59651,7.59,260.5,91.098,2397.396,1,1,1
29827360,28528,1,-35.00,35.00,-36.25,36.08,-0.573,0.584,-59716,59676,7.59,260.0,88.293,2398.279,1,1,1
29837362,28538,1,-35.00,35.00,-35.49,35.80,-0.576,0.584,-59739,59700,7.59,258.0,86.707,2399.147,1,1,1
29847368,28548,1,-35.00,35.00,-34.95,36.49,-0.577,0.581,-59762,59726,7.60,259.2,88.354,2400.031,1,1,1
29857375,28558,1,-35.00,35.00,-34.57,36.97,-0.579,0.579,-59785,59752,7.59,259.0,90.366,2400.936,1,1,1
29867389,28568,1,-35.00,35.00,-34.75,36.86,-0.579,0.579,-59809,59777,7.59,258.8,90.122,2401.838,1,1,1
29877392,28578,1,-35.00,35.00,-34.43,37.23,-0.580,0.576,-59832,59803,7.60,257.2,90.244,2402.741,1,1,1
29887405,28588,1,-35.00,35.00,-35.09,36.61,-0.578,0.578,-59857,59827,7.59,258.5,89.939,2403.642,1,1,1
29897416,28598,1,-35.00,35.00,-35.11,37.05,-0.578,0.575,-59881,59853,7.60,257.0,88.415,2404.527,1,1,1
29907420,28608,1,-35.00,35.00,-35.56,36.04,-0.576,0.578,-59906,59876,7.61,257.2,87.012,2405.397,1,1,1
29917423,28618,1,-35.00,35.00,-35.88,35.78,-0.575,0.580,-59931,59900,7.59,256.5,86.524,2406.263,1,1,1
29927427,28628,1,-35.00,35.00,-35.66,35.59,-0.575,0.579,-59955,59924,7.60,257.5,85.488,2407.119,1,1,1
29937438,28638,1,-35.00,35.00,-35.07,35.90,-0.578,0.579,-59978,59949,7.59,257.8,85.732,2407.977,1,1,1
29947451,28648,1,-35.00,35.00,-35.10,37.00,-0.577,0.573,-60002,59976,7.61,258.2,90.000,2408.878,1,1,1
29957453,28658,1,-35.00,35.00,-34.24,36.88,-0.581,0.573,-60024,60001,7.60,256.8,93.659,2409.816,1,1,1
29967461,28668,1,-35.00,35.00,-34.51,37.24,-0.581,0.571,-60048,60027,7.60,257.8,95.488,2410.771,1,1,1
29977468,28678,1,-35.00,35.00,-34.27,37.94,-0.581,0.567,-60071,60054,7.61,258.0,95.732,2411.729,1,1,1
29987473,28688,1,-35.00,35.00,-34.53,38.42,-0.582,0.565,-60095,60081,7.60,256.8,95.488,2412.685,1,1,1
29997480,28698,1,-35.00,35.00,-35.16,38.32,-0.580,0.564,-60120,60107,7.60,255.0,93.963,2413.625,1,1,1
30007492,28708,1,-35.00,35.00,-35.60,39.57,-0.579,0.559,-60145,60136,7.60,254.0,93.963,2414.566,1,1,1
30017505,28718,1,-35.00,35.00,-35.47,35.61,-0.579,0.571,-60169,60154,7.60,252.8,92.805,2415.495,1,1,1
30027513,28728,1,-35.00,35.00,-36.69,32.84,-0.573,0.582,-60196,60172,7.60,255.5,89.939,2416.395,1,1,1
30037522,28738,1,-35.00,35.00,-35.79,32.65,-0.575,0.582,-60219,60194,7.61,256.8,84.695,2417.242,1,1,1
30047522,28748,1,-35.00,35.00,-34.72,34.28,-0.579,0.578,-60241,60220,7.60,257.2,80.915,2418.052,1,1,1
30057522,28758,1,-35.00,35.00,-34.41,34.98,-0.580,0.575,-60264,60245,7.61,258.0,83.841,2418.892,1,1,1
30067526,28768,1,-35.00,35.00,-33.76,35.91,-0.584,0.572,-60286,60271,7.60,259.0,88.232,2419.775,1,1,1
30077537,28778,1,-35.00,35.00,-34.18,37.45,-0.584,0.566,-60310,60299,7.60,258.5,89.695,2420.672,1,1,1
30087550,28788,1,-35.00,35.00,-34.91,38.08,-0.581,0.563,-60335,60326,7.60,257.2,91.585,2421.589,1,1,1
30097550,28798,1,-35.00,35.00,-34.98,37.20,-0.581,0.565,-60359,60350,7.60,253.3,92.317,2422.513,1,1,1
30107559,28808,1,-35.00,35.00,-35.48,36.15,-0.579,0.568,-60384,60373,7.60,254.5,93.598,2423.450,1,1,1
30117567,28818,1,-35.00,35.00,-36.26,33.21,-0.575,0.579,-60410,60391,7.60,253.8,93.110,2424.382,1,1,1
30127580,28828,1,-35.00,35.00,-38.56,32.04,-0.566,0.584,-60440,60411,7.61,257.8,89.268,2425.275,1,1,1
30137589,28838,1,-35.00,35.00,-36.22,32.10,-0.573,0.584,-60461,60433,7.61,255.5,82.927,2426.105,1,1,1
30147590,28848,1,-35.00,35.00,-34.15,33.45,-0.580,0.580,-60481,60458,7.60,257.5,78.963,2426.896,1,1,1
30157607,28858,1,-35.00,35.00,-33.57,34.40,-0.583,0.578,-60503,60483,7.59,258.8,78.963,2427.687,1,1,1
30167609,28868,1,-35.00,35.00,-33.61,34.63,-0.583,0.577,-60526,60507,7.60,262.0,80.183,2428.489,1,1,1
30177615,28878,1,-35.00,35.00,-34.07,33.91,-0.582,0.580,-60550,60529,7.59,261.5,83.171,2429.322,1,1,1
30187624,28888,1,-35.00,35.00,-34.84,33.84,-0.579,0.580,-60575,60552,7.60,262.0,88.780,2430.210,1,1,1
30197633,28898,1,-35.00,35.00,-34.93,33.36,-0.578,0.582,-60599,60574,7.60,260.5,92.927,2431.141,1,1,1
30207633,28908,1,-35.00,35.00,-35.00,33.02,-0.578,0.584,-60623,60596,7.60,261.5,94.817,2432.090,1,1,1
30217640,28918,1,-35.00,35.00,-35.05,32.78,-0.578,0.586,-60647,60618,7.59,263.0,95.610,2433.046,1,1,1
30227648,28928,1,-35.00,35.00,-35.52,32.61,-0.576,0.587,-60672,60640,7.60,263.0,93.780,2433.985,1,1,1
30237655,28938,1,-35.00,35.00,-34.53,32.50,-0.579,0.589,-60694,60662,7.59,262.5,92.012,2434.906,1,1,1
30247668,28948,1,-35.00,35.00,-33.84,32.86,-0.581,0.587,-60716,60685,7.60,265.8,88.659,2435.793,1,1,1
30257678,28958,1,-35.00,35.00,-33.36,33.11,-0.584,0.588,-60738,60708,7.59,263.5,87.683,2436.671,1,1,1
30267691,28968,1,-35.00,35.00,-33.02,33.72,-0.585,0.585,-60760,60732,7.60,265.8,91.707,2437.589,1,1,1
30277693,28978,1,-35.00,35.00,-33.66,33.27,-0.584,0.588,-60784,60754,7.59,264.5,95.915,2438.549,1,1,1
30287706,28988,1,-35.00,35.00,-33.67,33.40,-0.584,0.588,-60807,60777,7.59,266.5,99.390,2439.544,1,1,1
30297713,28998,1,-35.00,35.00,-34.11,34.37,-0.583,0.585,-60831,60802,7.60,266.2,99.268,2440.537,1,1,1
30307715,29008,1,-35.00,35.00,-34.87,32.84,-0.580,0.591,-60856,60822,7.59,263.8,96.951,2441.507,1,1,1
30317724,29018,1,-35.00,35.00,-36.27,32.22,-0.575,0.595,-60883,60843,7.58,265.0,93.963,2442.448,1,1,1
30327724,29028,1,-35.00,35.00,-35.94,31.78,-0.575,0.597,-60907,60864,7.59,264.8,92.683,2443.375,1,1,1
30337728,29038,1,-35.00,35.00,-33.95,32.36,-0.582,0.595,-60927,60887,7.59,265.8,93.354,2444.310,1,1,1
30347731,29048,1,-35.00,35.00,-32.55,32.76,-0.587,0.594,-60947,60910,7.59,269.0,91.220,2445.223,1,1,1
30357736,29058,1,-35.00,35.00,-32.45,33.92,-0.587,0.591,-60969,60935,7.59,270.0,90.366,2446.127,1,1,1
30367736,29068,1,-35.00,35.00,-33.26,33.41,-0.585,0.593,-60993,60957,7.59,268.5,92.378,2447.052,1,1,1
30377743,29078,1,-35.00,35.00,-33.39,33.05,-0.584,0.593,-61016,60979,7.60,268.2,96.220,2448.015,1,1,1
30387744,29088,1,-35.00,35.00,-33.92,32.37,-0.582,0.596,-61040,61000,7.59,266.8,97.134,2448.987,1,1,1
30397746,29098,1,-35.00,35.00,-34.29,32.32,-0.581,0.597,-61064,61022,7.59,267.8,97.256,2449.960,1,1,1
30407746,29108,1,-35.00,35.00,-34.55,32.30,-0.580,0.597,-61088,61044,7.59,268.8,97.256,2450.934,1,1,1
30417751,29118,1,-35.00,35.00,-35.61,32.27,-0.576,0.598,-61114,61066,7.59,267.8,95.915,2451.894,1,1,1
30427751,29128,1,-35.00,35.00,-35.04,32.70,-0.577,0.596,-61137,61089,7.59,266.0,96.220,2452.857,1,1,1
30437761,29138,1,-35.00,35.00,-34.19,33.44,-0.581,0.594,-61159,61113,7.59,267.5,95.915,2453.817,1,1,1
30447761,29148,1,-35.00,35.00,-33.16,33.95,-0.584,0.592,-61180,61137,7.59,267.5,93.537,2454.753,1,1,1
30457774,29158,1,-35.00,35.00,-33.32,33.43,-0.582,0.593,-61203,61159,7.61,267.5,93.659,2455.690,1,1,1
30467780,29168,1,-35.00,35.00,-33.87,33.07,-0.581,0.595,-61227,61181,7.59,266.0,96.646,2456.658,1,1,1
30477791,29178,1,-35.00,35.00,-34.70,32.38,-0.578,0.597,-61252,61202,7.60,268.8,100.244,2457.661,1,1,1
30487791,29188,1,-35.00,35.00,-35.27,31.89,-0.575,0.599,-61277,61223,7.60,267.5,101.585,2458.677,1,1,1
30497791,29198,1,-35.00,35.00,-34.80,32.43,-0.577,0.597,-61300,61246,7.60,266.0,100.366,2459.682,1,1,1
30507804,29208,1,-35.00,35.00,-33.59,33.25,-0.582,0.595,-61321,61270,7.59,265.2,95.244,2460.635,1,1,1
30517807,29218,1,-35.00,35.00,-33.18,33.38,-0.582,0.594,-61343,61293,7.60,266.5,86.646,2461.502,1,1,1
30527822,29228,1,-35.00,35.00,-33.77,33.04,-0.580,0.596,-61367,61315,7.60,269.5,84.878,2462.352,1,1,1
30537835,29238,1,-35.00,35.00,-33.75,32.79,-0.580,0.597,-61390,61337,7.60,268.5,86.768,2463.220,1,1,1
30547842,29248,1,-35.00,35.00,-33.73,32.62,-0.580,0.597,-61413,61359,7.60,268.5,89.634,2464.118,1,1,1
30557842,29258,1,-35.00,35.00,-33.28,32.50,-0.582,0.598,-61435,61381,7.60,268.5,93.902,2465.058,1,1,1
30567852,29268,1,-35.00,35.00,-33.40,32.42,-0.581,0.598,-61458,61403,7.59,269.8,98.049,2466.039,1,1,1
30577860,29278,1,-35.00,35.00,-33.05,32.36,-0.582,0.598,-61480,61425,7.59,268.5,99.695,2467.037,1,1,1
30587867,29288,1,-35.00,35.00,-32.80,32.32,-0.583,0.598,-61502,61447,7.59,270.2,102.134,2468.059,1,1,1
30597867,29298,1,-35.00,35.00,-32.63,33.17,-0.584,0.596,-61524,61471,7.59,271.0,104.268,2469.102,1,1,1
30607875,29308,1,-35.00,35.00,-32.51,32.89,-0.584,0.596,-61546,61493,7.60,268.8,103.780,2470.141,1,1,1
30617883,29318,1,-35.00,35.00,-33.30,32.25,-0.581,0.599,-61570,61514,7.60,269.2,99.939,2471.141,1,1,1
30627897,29328,1,-35.00,35.00,-32.98,32.24,-0.583,0.599,-61592,61536,7.59,267.8,98.720,2472.129,1,1,1
30637902,29338,1,-35.00,35.00,-33.19,32.68,-0.581,0.597,-61615,61559,7.60,268.2,99.939,2473.129,1,1,1
30647906,29348,1,-35.00,35.00,-33.34,32.98,-0.581,0.597,-61638,61582,7.59,268.0,101.890,2474.149,1,1,1
30657918,29358,1,-35.00,35.00,-33.01,33.63,-0.583,0.595,-61660,61606,7.58,266.2,103.537,2475.185,1,1,1
30667928,29368,1,-35.00,35.00,-33.21,33.65,-0.582,0.594,-61683,61629,7.59,268.2,103.415,2476.220,1,1,1
30677936,29378,1,-35.00,35.00,-33.36,34.10,-0.581,0.592,-61706,61653,7.61,266.5,102.317,2477.244,1,1,1
30687948,29388,1,-35.00,35.00,-33.46,34.42,-0.581,0.592,-61729,61677,7.60,263.8,101.890,2478.264,1,1,1
30697948,29398,1,-35.00,35.00,-34.41,32.88,-0.577,0.596,-61754,61697,7.60,264.5,102.317,2479.288,1,1,1
30707956,29408,1,-35.00,35.00,-35.07,32.69,-0.575,0.598,-61779,61719,7.59,265.0,102.195,2480.311,1,1,1
30717956,29418,1,-35.00,35.00,-36.85,32.99,-0.569,0.598,-61807,61742,7.60,265.2,98.963,2481.301,1,1,1
30727962,29428,1,-35.00,35.00,-34.59,33.64,-0.576,0.595,-61827,61766,7.59,261.8,98.293,2482.285,1,1,1
30737973,29438,1,-35.00,35.00,-33.44,34.53,-0.581,0.592,-61848,61791,7.59,264.8,97.561,2483.261,1,1,1
30747986,29448,1,-35.00,35.00,-33.08,35.16,-0.582,0.590,-61870,61816,7.59,265.8,96.707,2484.229,1,1,1
30757994,29458,1,-35.00,35.00,-33.70,35.16,-0.580,0.590,-61894,61840,7.60,266.0,98.659,2485.216,1,1,1
30768004,29469,1,-35.00,35.00,-34.14,35.60,-0.579,0.587,-61918,61865,7.60,264.8,100.976,2486.227,1,1,1
30778012,29479,1,-35.00,35.00,-34.44,35.03,-0.578,0.590,-61942,61888,7.60,262.5,101.585,2487.243,1,1,1
30788016,29489,1,-35.00,35.00,-34.66,33.31,-0.577,0.596,-61966,61908,7.59,263.8,100.305,2488.247,1,1,1
30798019,29499,1,-35.00,35.00,-34.81,33.42,-0.576,0.596,-61990,61931,7.60,264.0,96.585,2489.214,1,1,1
30808024,29509,1,-35.00,35.00,-35.79,33.50,-0.573,0.596,-62016,61954,7.60,265.5,94.329,2490.158,1,1,1
30818027,29519,1,-35.00,35.00,-35.16,34.00,-0.576,0.595,-62039,61978,7.59,261.5,96.402,2491.123,1,1,1
30828031,29529,1,-35.00,35.00,-33.40,34.79,-0.581,0.591,-62059,62003,7.59,264.2,99.146,2492.115,1,1,1
30838039,29539,1,-35.00,35.00,-33.05,35.34,-0.582,0.589,-62081,62028,7.60,264.2,96.890,2493.084,1,1,1
30848039,29549,1,-35.00,35.00,-33.24,35.72,-0.583,0.588,-62104,62053,7.59,264.0,96.646,2494.052,1,1,1
30858039,29559,1,-35.00,35.00,-33.82,35.99,-0.581,0.586,-62128,62078,7.59,262.5,100.732,2495.060,1,1,1
30868049,29569,1,-35.00,35.00,-34.22,36.18,-0.580,0.585,-62152,62103,7.59,263.2,103.537,2496.096,1,1,1
30878062,29579,1,-35.00,35.00,-34.50,36.75,-0.578,0.582,-62176,62129,7.60,262.8,102.988,2497.127,1,1,1
30888070,29589,1,-35.00,35.00,-34.26,34.52,-0.579,0.590,-62199,62149,7.60,260.0,99.634,2498.124,1,1,1
30898076,29599,1,-35.00,35.00,-35.41,33.83,-0.575,0.593,-62225,62171,7.60,263.0,96.098,2499.085,1,1,1
30908076,29609,1,-35.00,35.00,-35.33,33.79,-0.575,0.593,-62249,62194,7.60,263.5,94.085,2500.027,1,1,1
30918084,29619,1,-35.00,35.00,-33.08,34.20,-0.583,0.591,-62268,62218,7.60,263.2,95.549,2500.983,1,1,1
30928095,29629,1,-35.00,35.00,-32.82,34.93,-0.584,0.589,-62290,62243,7.59,266.0,94.817,2501.932,1,1,1
30938110,29639,1,-35.00,35.00,-33.08,35.87,-0.583,0.585,-62313,62269,7.60,266.2,96.037,2502.894,1,1,1
30948119,29649,1,-35.00,35.00,-33.27,36.54,-0.583,0.582,-62336,62295,7.60,261.5,98.720,2503.882,1,1,1
30958125,29659,1,-35.00,35.00,-32.95,37.44,-0.585,0.578,-62358,62322,7.60,261.8,100.793,2504.890,1,1,1
30968128,29669,1,-35.00,35.00,-34.05,36.32,-0.581,0.582,-62383,62345,7.60,262.5,97.622,2505.867,1,1,1
30978134,29679,1,-35.00,35.00,-33.95,35.09,-0.582,0.585,-62406,62367,7.60,259.0,93.537,2506.804,1,1,1
30988134,29689,1,-35.00,35.00,-33.87,33.79,-0.581,0.589,-62429,62388,7.61,263.2,92.134,2507.726,1,1,1
30998139,29699,1,-35.00,35.00,-34.26,33.76,-0.580,0.590,-62453,62411,7.60,265.0,91.890,2508.646,1,1,1
31008143,29709,1,-35.00,35.00,-36.28,33.74,-0.573,0.592,-62481,62434,7.60,265.0,94.024,2509.587,1,1,1
31018143,29719,1,-35.00,35.00,-35.07,33.73,-0.577,0.592,-62503,62457,7.60,262.2,96.768,2510.555,1,1,1
31028147,29729,1,-35.00,35.00,-33.34,34.59,-0.583,0.588,-62523,62482,7.60,265.0,97.866,2511.535,1,1,1
31038147,29739,1,-35.00,35.00,-32.56,35.20,-0.587,0.587,-62544,62507,7.59,267.0,95.549,2512.491,1,1,1
31048147,29749,1,-35.00,35.00,-32.90,35.63,-0.585,0.584,-62567,62532,7.60,264.8,95.000,2513.442,1,1,1
31058150,29759,1,-35.00,35.00,-34.02,35.93,-0.582,0.583,-62592,62557,7.60,263.0,97.683,2514.419,1,1,1
31068154,29769,1,-35.00,35.00,-33.92,35.26,-0.582,0.585,-62615,62580,7.60,261.5,99.268,2515.413,1,1,1
31078158,29779,1,-35.00,35.00,-33.85,34.35,-0.583,0.589,-62638,62602,7.59,262.5,97.866,2516.392,1,1,1
31088158,29789,1,-35.00,35.00,-34.68,34.15,-0.580,0.589,-62663,62625,7.60,264.2,96.402,2517.357,1,1,1
31098158,29799,1,-35.00,35.00,-35.26,33.13,-0.578,0.594,-62688,62646,7.59,263.0,96.585,2518.324,1,1,1
31108165,29809,1,-35.00,35.00,-36.55,33.30,-0.573,0.594,-62715,62669,7.59,264.8,97.073,2519.295,1,1,1
31118178,29819,1,-35.00,35.00,-34.37,33.42,-0.579,0.593,-62735,62692,7.60,262.5,96.890,2520.265,1,1,1
31128180,29829,1,-35.00,35.00,-33.29,33.94,-0.583,0.591,-62756,62716,7.60,264.5,91.707,2521.183,1,1,1
31138193,29839,1,-35.00,35.00,-31.65,34.30,-0.589,0.589,-62775,62740,7.60,266.8,87.622,2522.060,1,1,1
31148193,29849,1,-35.00,35.00,-33.58,34.12,-0.583,0.590,-62801,62763,7.60,265.5,88.720,2522.948,1,1,1
31158195,29859,1,-35.00,35.00,-34.05,33.55,-0.582,0.593,-62825,62785,7.59,264.2,92.256,2523.871,1,1,1
31168208,29869,1,-35.00,35.00,-34.39,33.59,-0.580,0.592,-62849,62808,7.59,264.8,96.280,2524.835,1,1,1
31178208,29879,1,-35.00,35.00,-34.62,34.50,-0.580,0.590,-62873,62833,7.59,266.0,98.720,2525.823,1,1,1
31188210,29889,1,-35.00,35.00,-34.78,33.82,-0.579,0.592,-62897,62855,7.60,264.0,98.049,2526.804,1,1,1
31198210,29899,1,-35.00,35.00,-37.09,33.34,-0.570,0.594,-62926,62877,7.60,264.2,95.671,2527.761,1,1,1
31208216,29909,1,-35.00,35.00,-34.75,33.01,-0.578,0.595,-62946,62899,7.60,260.2,95.000,2528.712,1,1,1
31218216,29919,1,-35.00,35.00,-33.55,33.21,-0.582,0.594,-62967,62922,7.59,265.0,93.354,2529.647,1,1,1
31228216,29929,1,-35.00,35.00,-33.16,33.36,-0.584,0.594,-62989,62945,7.59,267.0,86.829,2530.516,1,1,1
31238222,29939,1,-35.00,35.00,-33.32,33.02,-0.584,0.596,-63012,62967,7.58,266.5,84.756,2531.364,1,1,1
31248230,29949,1,-35.00,35.00,-33.87,33.22,-0.582,0.595,-63036,62990,7.59,267.0,86.951,2532.235,1,1,1
31258230,29959,1,-35.00,35.00,-34.25,33.80,-0.580,0.592,-63060,63014,7.60,267.2,91.707,2533.153,1,1,1
31268238,29969,1,-35.00,35.00,-34.53,33.77,-0.579,0.593,-63084,63037,7.59,265.8,94.634,2534.100,1,1,1
31278249,29979,1,-35.00,35.00,-35.15,34.18,-0.577,0.591,-63109,63061,7.60,264.8,92.256,2535.023,1,1,1
31288253,29989,1,-35.00,35.00,-35.59,33.16,-0.575,0.595,-63134,63082,7.60,263.2,88.476,2535.909,1,1,1
31298260,29999,1,-35.00,35.00,-35.02,32.88,-0.577,0.597,-63157,63104,7.59,263.5,86.646,2536.776,1,1,1
31308271,30009,1,-35.00,35.00,-33.74,33.12,-0.581,0.596,-63178,63127,7.59,265.0,88.110,2537.658,1,1,1
31318279,30019,1,-35.00,35.00,-33.29,33.29,-0.583,0.595,-63200,63150,7.59,265.2,88.659,2538.545,1,1,1
31328284,30029,1,-35.00,35.00,-33.85,32.97,-0.581,0.597,-63224,63172,7.59,266.8,88.293,2539.429,1,1,1
31338284,30039,1,-35.00,35.00,-33.80,33.19,-0.581,0.596,-63247,63195,7.59,268.5,91.768,2540.347,1,1,1
31348291,30049,1,-35.00,35.00,-34.21,33.34,-0.579,0.595,-63271,63218,7.59,268.8,96.341,2541.312,1,1,1
31358292,30059,1,-35.00,35.00,-34.49,33.45,-0.579,0.596,-63295,63241,7.58,265.8,97.866,2542.291,1,1,1
31368295,30069,1,-35.00,35.00,-35.13,33.96,-0.576,0.594,-63320,63265,7.59,266.0,96.524,2543.257,1,1,1
31378301,30079,1,-35.00,35.00,-37.34,33.88,-0.568,0.594,-63349,63288,7.60,264.5,94.268,2544.201,1,1,1
31388307,30089,1,-35.00,35.00,-37.56,33.82,-0.567,0.596,-63375,63311,7.59,260.8,91.037,2545.112,1,1,1
31398314,30099,1,-35.00,35.00,-37.72,33.78,-0.565,0.596,-63401,63334,7.59,260.2,89.817,2546.011,1,1,1
31408314,30109,1,-35.00,35.00,-34.75,34.19,-0.574,0.593,-63420,63358,7.60,260.0,91.890,2546.930,1,1,1
31418325,30119,1,-35.00,35.00,-32.68,34.48,-0.582,0.592,-63439,63382,7.59,260.5,94.695,2547.878,1,1,1
31428331,30129,1,-35.00,35.00,-32.10,34.25,-0.585,0.593,-63460,63405,7.59,265.2,92.622,2548.805,1,1,1
31438340,30139,1,-35.00,35.00,-33.90,34.96,-0.579,0.590,-63486,63430,7.60,265.8,89.512,2549.701,1,1,1
31448344,30149,1,-35.00,35.00,-33.84,35.02,-0.580,0.590,-63509,63454,7.59,263.2,88.780,2550.590,1,1,1
31458351,30159,1,-35.00,35.00,-34.67,34.62,-0.577,0.592,-63534,63477,7.59,264.0,91.951,2551.510,1,1,1
31468362,30169,1,-35.00,35.00,-35.26,34.78,-0.575,0.591,-63559,63501,7.60,263.0,89.878,2552.410,1,1,1
31478370,30179,1,-35.00,35.00,-36.98,34.89,-0.569,0.592,-63587,63525,7.60,261.2,88.902,2553.300,1,1,1
31488377,30189,1,-35.00,35.00,-37.75,34.97,-0.565,0.592,-63614,63549,7.60,259.5,89.329,2554.194,1,1,1
31498390,30199,1,-35.00,35.00,-35.22,35.03,-0.574,0.591,-63634,63573,7.59,258.5,91.768,2555.112,1,1,1
31508390,30209,1,-35.00,35.00,-33.88,35.51,-0.578,0.589,-63655,63598,7.60,262.2,93.598,2556.049,1,1,1
31518390,30219,1,-35.00,35.00,-34.26,35.84,-0.577,0.587,-63679,63623,7.60,263.5,91.463,2556.965,1,1,1
31528392,30229,1,-35.00,35.00,-34.09,36.07,-0.579,0.586,-63702,63648,7.60,261.5,90.793,2557.873,1,1,1
31538404,30239,1,-35.00,35.00,-35.29,35.80,-0.574,0.587,-63728,63672,7.60,262.2,92.744,2558.802,1,1,1
31548405,30249,1,-35.00,35.00,-35.69,35.17,-0.573,0.589,-63753,63695,7.60,261.2,95.183,2559.754,1,1,1
31558405,30259,1,-35.00,35.00,-36.41,36.04,-0.570,0.586,-63779,63721,7.60,261.5,95.976,2560.715,1,1,1
31568414,30269,1,-35.00,35.00,-36.91,35.78,-0.567,0.587,-63805,63745,7.61,258.8,95.000,2561.666,1,1,1
31578420,30279,1,-35.00,35.00,-36.82,35.59,-0.568,0.588,-63830,63769,7.60,258.0,91.159,2562.578,1,1,1
31588431,30289,1,-35.00,35.00,-35.45,36.34,-0.572,0.584,-63852,63795,7.60,257.8,89.207,2563.471,1,1,1
31598435,30299,1,-35.00,35.00,-34.04,36.42,-0.577,0.584,-63873,63820,7.60,257.0,90.854,2564.380,1,1,1
31608444,30309,1,-35.00,35.00,-33.94,36.92,-0.578,0.581,-63896,63846,7.60,260.8,88.537,2565.266,1,1,1
31618450,30319,1,-35.00,35.00,-34.30,36.83,-0.578,0.581,-63920,63871,7.60,259.5,85.976,2566.127,1,1,1
31628450,30329,1,-35.00,35.00,-34.56,36.77,-0.577,0.580,-63944,63896,7.61,258.0,87.439,2567.002,1,1,1
31638459,30339,1,-35.00,35.00,-35.18,35.85,-0.575,0.583,-63969,63919,7.60,258.5,89.024,2567.893,1,1,1
31648466,30349,1,-35.00,35.00,-35.61,36.52,-0.573,0.580,-63994,63945,7.60,259.5,90.732,2568.802,1,1,1
31658473,30359,1,-35.00,35.00,-35.91,36.99,-0.573,0.579,-64019,63971,7.59,256.8,93.049,2569.733,1,1,1
31668481,30369,1,-35.00,35.00,-36.57,36.44,-0.570,0.580,-64045,63995,7.60,256.8,93.415,2570.668,1,1,1
31678489,30379,1,-35.00,35.00,-36.58,36.49,-0.569,0.579,-64070,64020,7.60,254.5,90.610,2571.575,1,1,1
31688492,30389,1,-35.00,35.00,-35.71,36.09,-0.572,0.580,-64093,64044,7.60,255.0,88.659,2572.462,1,1,1
31698492,30399,1,-35.00,35.00,-33.79,36.69,-0.579,0.577,-64113,64070,7.60,254.8,89.268,2573.356,1,1,1
31708495,30409,1,-35.00,35.00,-33.76,36.67,-0.580,0.576,-64136,64095,7.60,256.8,88.354,2574.240,1,1,1
31718498,30419,1,-35.00,35.00,-33.74,37.09,-0.581,0.575,-64159,64121,7.59,258.2,85.671,2575.098,1,1,1
31728498,30429,1,-35.00,35.00,-34.60,37.39,-0.579,0.573,-64184,64147,7.59,258.0,88.476,2575.983,1,1,1
31738510,30439,1,-35.00,35.00,-34.77,37.16,-0.578,0.573,-64208,64172,7.59,257.8,92.439,2576.908,1,1,1
31748522,30449,1,-35.00,35.00,-35.33,36.56,-0.576,0.574,-64233,64196,7.60,256.8,94.146,2577.851,1,1,1
31758526,30459,1,-35.00,35.00,-35.27,37.02,-0.576,0.572,-64257,64222,7.60,256.2,94.024,2578.792,1,1,1
31768526,30469,1,-35.00,35.00,-35.68,36.46,-0.575,0.573,-64282,64246,7.60,256.0,91.707,2579.710,1,1,1
31778535,30479,1,-35.00,35.00,-36.40,35.63,-0.572,0.576,-64308,64269,7.60,255.0,88.232,2580.593,1,1,1
31788542,30489,1,-35.00,35.00,-36.47,35.49,-0.571,0.576,-64333,64293,7.61,254.0,86.220,2581.456,1,1,1
31798550,30499,1,-35.00,35.00,-34.32,35.39,-0.578,0.576,-64353,64317,7.60,253.0,85.305,2582.310,1,1,1
31808556,30509,1,-35.00,35.00,-33.69,36.20,-0.581,0.573,-64375,64343,7.60,258.2,85.732,2583.168,1,1,1
31818565,30519,1,-35.00,35.00,-33.69,37.20,-0.583,0.569,-64398,64370,7.59,257.8,88.354,2584.052,1,1,1
31828574,30529,1,-35.00,35.00,-34.13,37.47,-0.581,0.567,-64422,64396,7.60,257.8,89.939,2584.952,1,1,1
31838583,30539,1,-35.00,35.00,-35.32,36.77,-0.578,0.569,-64448,64420,7.59,253.5,91.402,2585.867,1,1,1
31848589,30549,1,-35.00,35.00,-35.27,35.85,-0.577,0.571,-64472,64443,7.61,254.8,92.195,2586.790,1,1,1
31858590,30559,1,-35.00,35.00,-35.67,35.20,-0.575,0.574,-64497,64466,7.60,253.8,91.280,2587.704,1,1,1
31868596,30569,1,-35.00,35.00,-35.96,34.75,-0.574,0.575,-64522,64489,7.60,254.8,88.598,2588.590,1,1,1
31878615,30579,1,-35.00,35.00,-37.48,33.99,-0.568,0.579,-64550,64511,7.60,255.0,85.488,2589.446,1,1,1
31888622,30589,1,-35.00,35.00,-35.02,33.90,-0.576,0.579,-64570,64534,7.60,254.0,82.256,2590.270,1,1,1
31898624,30599,1,-35.00,35.00,-33.74,34.72,-0.582,0.577,-64591,64559,7.59,257.2,79.451,2591.065,1,1,1
31908637,30609,1,-35.00,35.00,-33.73,34.85,-0.582,0.576,-64614,64583,7.59,259.5,82.744,2591.893,1,1,1
31918637,30619,1,-35.00,35.00,-34.16,34.94,-0.580,0.575,-64638,64607,7.60,260.2,89.146,2592.786,1,1,1
31928644,30629,1,-35.00,35.00,-34.46,34.57,-0.580,0.577,-64662,64630,7.59,259.0,95.305,2593.740,1,1,1
31938655,30639,1,-35.00,35.00,-35.11,34.74,-0.577,0.576,-64687,64654,7.60,259.8,98.841,2594.729,1,1,1
31948667,30649,1,-35.00,35.00,-35.12,34.43,-0.577,0.577,-64711,64677,7.60,257.5,98.841,2595.718,1,1,1
31958667,30659,1,-35.00,35.00,-35.57,34.21,-0.576,0.579,-64736,64700,7.59,256.5,96.524,2596.684,1,1,1
31968667,30669,1,-35.00,35.00,-35.01,33.17,-0.576,0.583,-64759,64721,7.60,259.0,93.476,2597.620,1,1,1
31978676,30679,1,-35.00,35.00,-35.05,32.89,-0.576,0.584,-64783,64743,7.60,260.2,91.280,2598.533,1,1,1
31988683,30689,1,-35.00,35.00,-34.20,33.13,-0.579,0.585,-64805,64766,7.59,261.0,88.659,2599.421,1,1,1
31998683,30699,1,-35.00,35.00,-33.61,32.86,-0.581,0.586,-64827,64788,7.60,263.5,85.000,2600.271,1,1,1
32008685,30709,1,-35.00,35.00,-33.20,33.11,-0.583,0.585,-64849,64811,7.59,263.8,86.098,2601.133,1,1,1
32018691,30719,1,-35.00,35.00,-33.34,33.72,-0.583,0.584,-64872,64835,7.59,262.8,91.829,2602.052,1,1,1
32028697,30729,1,-35.00,35.00,-33.89,33.27,-0.581,0.585,-64896,64857,7.60,261.8,97.012,2603.023,1,1,1
32038698,30739,1,-35.00,35.00,-33.83,33.84,-0.582,0.583,-64919,64881,7.60,263.5,99.573,2604.020,1,1,1
32048700,30749,1,-35.00,35.00,-34.67,33.36,-0.580,0.587,-64944,64903,7.59,261.2,98.902,2605.010,1,1,1
32058709,30759,1,-35.00,35.00,-34.81,32.58,-0.579,0.590,-64968,64924,7.59,261.0,95.793,2605.969,1,1,1
32068713,30769,1,-35.00,35.00,-35.36,32.47,-0.576,0.591,-64993,64946,7.60,264.2,91.463,2606.884,1,1,1
32078713,30779,1,-35.00,35.00,-34.86,32.40,-0.578,0.592,-65016,64968,7.59,265.5,90.366,2607.789,1,1,1
32088715,30789,1,-35.00,35.00,-33.63,32.79,-0.582,0.592,-65037,64991,7.59,266.0,90.488,2608.694,1,1,1
32098720,30799,1,-35.00,35.00,-33.21,33.50,-0.584,0.589,-65059,65015,7.59,265.5,89.817,2609.593,1,1,1
32108721,30809,1,-35.00,35.00,-33.35,33.56,-0.583,0.590,-65082,65038,7.59,265.2,92.378,2610.518,1,1,1
32118728,30819,1,-35.00,35.00,-33.45,33.16,-0.582,0.591,-65105,65060,7.60,265.8,96.585,2611.484,1,1,1
32128728,30829,1,-35.00,35.00,-33.96,32.44,-0.580,0.594,-65129,65081,7.60,266.5,99.146,2612.477,1,1,1
32138731,30839,1,-35.00,35.00,-34.32,32.37,-0.579,0.596,-65153,65103,7.59,265.2,98.598,2613.463,1,1,1
32148744,30849,1,-35.00,35.00,-34.57,32.33,-0.577,0.596,-65177,65125,7.61,265.8,98.963,2614.454,1,1,1
32158751,30859,1,-35.00,35.00,-35.19,32.74,-0.576,0.596,-65202,65148,7.60,265.8,97.927,2615.434,1,1,1
32168751,30869,1,-35.00,35.00,-36.06,32.59,-0.572,0.598,-65228,65170,7.60,263.8,95.976,2616.394,1,1,1
32178751,30879,1,-35.00,35.00,-34.47,32.92,-0.578,0.597,-65249,65193,7.59,263.5,95.610,2617.351,1,1,1
32188761,30889,1,-35.00,35.00,-33.36,33.59,-0.581,0.594,-65270,65217,7.60,266.2,93.110,2618.283,1,1,1
32198774,30899,1,-35.00,35.00,-33.46,33.62,-0.581,0.594,-65293,65240,7.60,266.8,92.378,2619.208,1,1,1
32208782,30909,1,-35.00,35.00,-33.97,33.20,-0.580,0.596,-65317,65262,7.59,268.0,94.634,2620.155,1,1,1
32218788,30919,1,-35.00,35.00,-34.76,32.47,-0.577,0.599,-65342,65283,7.59,266.2,98.110,2621.137,1,1,1
32228791,30929,1,-35.00,35.00,-34.88,32.40,-0.576,0.599,-65366,65305,7.59,266.5,99.573,2622.133,1,1,1
32238791,30939,1,-35.00,35.00,-34.96,31.91,-0.575,0.601,-65390,65326,7.59,268.0,98.415,2623.118,1,1,1
32248797,30949,1,-35.00,35.00,-33.70,32.88,-0.579,0.597,-65411,65350,7.60,267.0,95.793,2624.077,1,1,1
32258797,30959,1,-35.00,35.00,-33.26,33.12,-0.580,0.596,-65433,65373,7.60,266.5,88.049,2624.958,1,1,1
32268807,30969,1,-35.00,35.00,-33.39,32.85,-0.581,0.598,-65456,65395,7.59,267.0,83.354,2625.792,1,1,1
32278822,30979,1,-35.00,35.00,-33.92,33.11,-0.579,0.597,-65480,65418,7.59,269.2,86.341,2626.657,1,1,1
32288822,30989,1,-35.00,35.00,-33.41,32.84,-0.580,0.597,-65502,65440,7.60,267.0,89.573,2627.553,1,1,1
32298827,30999,1,-35.00,35.00,-33.06,32.66,-0.582,0.599,-65524,65462,7.59,268.5,93.841,2628.492,1,1,1
32308837,31009,1,-35.00,35.00,-33.25,32.53,-0.581,0.599,-65547,65484,7.59,271.0,100.183,2629.495,1,1,1
32318837,31019,1,-35.00,35.00,-33.38,32.88,-0.581,0.599,-65570,65507,7.58,267.0,105.488,2630.551,1,1,1
32328845,31029,1,-35.00,35.00,-32.59,33.12,-0.584,0.598,-65591,65530,7.58,269.8,106.585,2631.617,1,1,1
32338852,31039,1,-35.00,35.00,-32.48,33.73,-0.584,0.596,-65613,65554,7.58,269.8,104.878,2632.667,1,1,1
32348852,31049,1,-35.00,35.00,-32.41,32.84,-0.584,0.598,-65635,65575,7.59,270.2,103.780,2633.706,1,1,1
32358860,31059,1,-35.00,35.00,-32.79,32.22,-0.582,0.600,-65658,65596,7.59,272.0,101.220,2634.719,1,1,1
32368873,31069,1,-35.00,35.00,-33.06,31.78,-0.581,0.602,-65681,65617,7.59,268.8,95.732,2635.677,1,1,1
32378873,31079,1,-35.00,35.00,-33.25,31.91,-0.581,0.601,-65704,65639,7.59,269.2,95.732,2636.635,1,1,1
32388887,31089,1,-35.00,35.00,-33.38,32.45,-0.580,0.600,-65727,65662,7.59,269.8,99.329,2637.629,1,1,1
32398895,31099,1,-35.00,35.00,-32.60,33.26,-0.583,0.597,-65748,65686,7.59,269.2,103.293,2638.662,1,1,1
32408897,31109,1,-35.00,35.00,-32.49,33.83,-0.584,0.596,-65770,65710,7.58,268.8,105.122,2639.714,1,1,1
32418903,31119,1,-35.00,35.00,-32.85,35.11,-0.583,0.590,-65793,65736,7.59,268.2,102.866,2640.744,1,1,1
32428903,31129,1,-35.00,35.00,-33.10,35.56,-0.582,0.588,-65816,65761,7.60,266.8,101.341,2641.758,1,1,1
32438913,31139,1,-35.00,35.00,-33.28,35.00,-0.581,0.590,-65839,65784,7.60,264.0,103.110,2642.790,1,1,1
32448926,31149,1,-35.00,35.00,-34.28,33.29,-0.578,0.597,-65864,65804,7.59,264.2,106.524,2643.856,1,1,1
32458928,31159,1,-35.00,35.00,-36.30,32.53,-0.571,0.600,-65892,65825,7.59,265.2,104.268,2644.900,1,1,1
32468936,31169,1,-35.00,35.00,-34.64,32.88,-0.575,0.598,-65913,65848,7.60,265.0,97.683,2645.877,1,1,1
32478947,31179,1,-35.00,35.00,-33.48,33.12,-0.579,0.597,-65934,65871,7.60,265.8,94.024,2646.818,1,1,1
32488958,31189,1,-35.00,35.00,-33.10,34.61,-0.582,0.593,-65956,65897,7.59,265.5,93.171,2647.751,1,1,1
32498958,31199,1,-35.00,35.00,-32.84,35.21,-0.583,0.590,-65978,65922,7.59,265.8,95.854,2648.710,1,1,1
32508971,31209,1,-35.00,35.00,-33.53,36.08,-0.581,0.587,-66002,65948,7.59,265.8,99.146,2649.702,1,1,1
32518973,31219,1,-35.00,35.00,-34.02,36.68,-0.580,0.584,-66026,65974,7.59,264.5,101.646,2650.720,1,1,1
32528986,31229,1,-35.00,35.00,-33.92,35.78,-0.580,0.587,-66049,65997,7.59,261.5,101.890,2651.740,1,1,1
32538997,31239,1,-35.00,35.00,-34.29,33.40,-0.578,0.595,-66073,66016,7.60,262.2,101.402,2652.754,1,1,1
32549001,31250,1,-35.00,35.00,-34.99,33.05,-0.576,0.597,-66098,66038,7.59,265.5,97.317,2653.728,1,1,1
32559009,31260,1,-35.00,35.00,-35.92,33.68,-0.573,0.596,-66124,66062,7.59,266.5,93.049,2654.660,1,1,1
32569019,31270,1,-35.00,35.00,-33.93,34.12,-0.579,0.593,-66144,66086,7.59,262.5,94.451,2655.605,1,1,1
32579024,31280,1,-35.00,35.00,-32.98,35.31,-0.583,0.589,-66165,66112,7.60,265.0,97.378,2656.580,1,1,1
32589024,31290,1,-35.00,35.00,-32.75,36.14,-0.584,0.586,-66187,66138,7.59,263.8,97.073,2657.551,1,1,1
32599038,31300,1,-35.00,35.00,-33.04,36.73,-0.583,0.582,-66210,66164,7.61,263.8,98.780,2658.540,1,1,1
32609047,31310,1,-35.00,35.00,-33.23,37.57,-0.583,0.579,-66233,66191,7.60,262.0,101.707,2659.557,1,1,1
32619055,31320,1,-35.00,35.00,-33.81,37.73,-0.581,0.577,-66257,66217,7.61,260.2,103.110,2660.589,1,1,1
32629055,31330,1,-35.00,35.00,-33.77,37.40,-0.582,0.577,-66280,66242,7.61,259.0,101.768,2661.608,1,1,1
32639057,31340,1,-35.00,35.00,-34.19,34.09,-0.580,0.589,-66304,66260,7.60,259.5,98.963,2662.598,1,1,1
32649064,31350,1,-35.00,35.00,-36.24,32.65,-0.573,0.595,-66332,66280,7.59,264.0,95.488,2663.554,1,1,1
32659077,31360,1,-35.00,35.00,-33.72,32.96,-0.582,0.594,-66351,66303,7.59,263.2,91.280,2664.468,1,1,1
32669092,31370,1,-35.00,35.00,-32.83,34.06,-0.584,0.590,-66372,66328,7.60,268.0,89.329,2665.362,1,1,1
32679100,31380,1,-35.00,35.00,-32.21,35.27,-0.588,0.586,-66393,66354,7.59,266.5,89.146,2666.254,1,1,1
32689110,31390,1,-35.00,35.00,-32.65,36.11,-0.586,0.582,-66416,66380,7.60,265.8,93.963,2667.194,1,1,1
32699117,31400,1,-35.00,35.00,-32.97,37.58,-0.586,0.577,-66439,66408,7.59,263.5,99.024,2668.185,1,1,1
32709117,31410,1,-35.00,35.00,-33.18,38.17,-0.586,0.574,-66462,66435,7.59,263.5,100.427,2669.190,1,1,1
32719126,31420,1,-35.00,35.00,-33.34,37.27,-0.586,0.576,-66485,66459,7.59,260.5,96.463,2670.156,1,1,1
32729141,31430,1,-35.00,35.00,-33.44,35.76,-0.585,0.580,-66508,66481,7.60,262.8,94.085,2671.097,1,1,1
32739154,31440,1,-35.00,35.00,-33.96,33.82,-0.583,0.586,-66532,66501,7.60,262.5,94.146,2672.040,1,1,1
32749154,31450,1,-35.00,35.00,-35.20,32.90,-0.579,0.591,-66558,66522,7.59,263.5,93.598,2672.977,1,1,1
32759162,31460,1,-35.00,35.00,-36.50,32.70,-0.573,0.592,-66585,66544,7.60,265.0,92.500,2673.902,1,1,1
32769163,31470,1,-35.00,35.00,-33.46,33.88,-0.584,0.588,-66603,66569,7.60,261.5,95.000,2674.853,1,1,1
32779178,31480,1,-35.00,35.00,-32.65,35.14,-0.587,0.584,-66624,66595,7.59,265.0,96.707,2675.821,1,1,1
32789178,31490,1,-35.00,35.00,-32.08,35.58,-0.589,0.581,-66645,66620,7.60,264.5,95.610,2676.778,1,1,1
32799192,31500,1,-35.00,35.00,-33.01,36.77,-0.588,0.578,-66669,66647,7.59,264.8,95.122,2677.730,1,1,1
32809193,31510,1,-35.00,35.00,-33.65,37.17,-0.586,0.576,-66693,66673,7.59,262.0,95.976,2678.690,1,1,1
32819195,31520,1,-35.00,35.00,-33.66,36.56,-0.586,0.577,-66716,66697,7.59,260.8,94.878,2679.640,1,1,1
32829195,31530,1,-35.00,35.00,-33.67,34.82,-0.585,0.582,-66739,66718,7.59,261.2,92.317,2680.564,1,1,1
32839208,31540,1,-35.00,35.00,-34.12,33.17,-0.584,0.588,-66763,66738,7.59,260.5,90.122,2681.466,1,1,1
32849219,31550,1,-35.00,35.00,-35.31,32.00,-0.580,0.594,-66789,66758,7.58,261.8,87.988,2682.347,1,1,1
32859222,31560,1,-35.00,35.00,-34.82,32.07,-0.580,0.594,-66812,66780,7.60,265.8,86.829,2683.216,1,1,1
32869226,31570,1,-35.00,35.00,-34.04,33.44,-0.583,0.590,-66834,66805,7.59,264.5,86.768,2684.084,1,1,1
32879232,31580,1,-35.00,35.00,-33.50,33.95,-0.585,0.589,-66856,66829,7.59,263.2,86.829,2684.954,1,1,1
32889238,31590,1,-35.00,35.00,-30.04,34.31,-0.597,0.586,-66871,66853,7.60,265.2,89.329,2685.848,1,1,1
32899238,31600,1,-35.00,35.00,-34.65,34.13,-0.582,0.588,-66902,66876,7.59,271.2,92.317,2686.772,1,1,1
32909238,31610,1,-35.00,35.00,-34.80,34.44,-0.581,0.587,-66926,66900,7.59,265.2,96.159,2687.734,1,1,1
32919238,31620,1,-35.00,35.00,-34.47,34.65,-0.583,0.587,-66949,66924,7.59,261.8,98.171,2688.717,1,1,1
32929253,31630,1,-35.00,35.00,-34.24,33.92,-0.583,0.589,-66972,66946,7.59,263.8,96.585,2689.683,1,1,1
32939253,31640,1,-35.00,35.00,-34.95,33.41,-0.581,0.591,-66997,66968,7.59,264.5,93.537,2690.619,1,1,1
32949264,31650,1,-35.00,35.00,-36.77,32.62,-0.573,0.594,-67025,66989,7.60,263.2,92.988,2691.550,1,1,1
32959271,31660,1,-35.00,35.00,-34.09,33.38,-0.582,0.591,-67044,67013,7.60,262.8,93.720,2692.488,1,1,1
32969277,31670,1,-35.00,35.00,-33.09,33.47,-0.586,0.591,-67065,67036,7.59,265.5,93.049,2693.419,1,1,1
32979284,31680,1,-35.00,35.00,-32.83,33.54,-0.587,0.590,-67087,67059,7.60,267.0,88.963,2694.310,1,1,1
32989284,31690,1,-35.00,35.00,-33.53,33.58,-0.585,0.591,-67111,67082,7.59,267.0,87.134,2695.182,1,1,1
32999284,31700,1,-35.00,35.00,-33.58,33.62,-0.585,0.591,-67134,67105,7.59,265.8,88.049,2696.063,1,1,1
33009286,31710,1,-35.00,35.00,-34.05,34.08,-0.583,0.589,-67158,67129,7.59,266.8,90.610,2696.970,1,1,1
33019286,31720,1,-35.00,35.00,-34.38,33.96,-0.582,0.589,-67182,67152,7.60,264.5,90.122,2697.872,1,1,1
33029291,31730,1,-35.00,35.00,-34.61,33.44,-0.581,0.592,-67206,67174,7.59,264.0,88.110,2698.754,1,1,1
33039301,31740,1,-35.00,35.00,-35.22,33.08,-0.579,0.593,-67231,67196,7.59,264.8,87.988,2699.635,1,1,1
33049301,31750,1,-35.00,35.00,-34.32,33.26,-0.581,0.592,-67253,67219,7.60,264.5,89.085,2700.526,1,1,1
33059307,31760,1,-35.00,35.00,-33.69,33.39,-0.584,0.592,-67275,67242,7.59,265.2,90.854,2701.436,1,1,1
33069314,31770,1,-35.00,35.00,-33.69,33.48,-0.584,0.592,-67298,67265,7.59,267.2,90.976,2702.346,1,1,1
33079314,31780,1,-35.00,35.00,-33.69,33.54,-0.584,0.591,-67321,67288,7.60,266.0,90.488,2703.252,1,1,1
33089323,31790,1,-35.00,35.00,-34.13,33.15,-0.582,0.593,-67345,67310,7.59,266.8,92.256,2704.176,1,1,1
33099325,31800,1,-35.00,35.00,-34.44,33.31,-0.581,0.593,-67369,67333,7.59,268.0,92.866,2705.105,1,1,1
33109338,31810,1,-35.00,35.00,-34.21,33.86,-0.582,0.591,-67392,67357,7.59,265.2,91.341,2706.019,1,1,1
33119338,31820,1,-35.00,35.00,-34.50,33.81,-0.581,0.591,-67416,67380,7.59,265.0,90.122,2706.921,1,1,1
33129344,31830,1,-35.00,35.00,-35.57,34.22,-0.577,0.590,-67442,67404,7.59,265.8,91.098,2707.833,1,1,1
33139353,31840,1,-35.00,35.00,-36.33,34.06,-0.574,0.591,-67468,67427,7.59,262.0,92.378,2708.758,1,1,1
33149362,31850,1,-35.00,35.00,-35.98,34.39,-0.575,0.590,-67492,67451,7.60,260.5,93.354,2709.692,1,1,1
33159375,31860,1,-35.00,35.00,-33.97,35.06,-0.582,0.587,-67512,67476,7.59,260.8,94.756,2710.641,1,1,1
33169377,31870,1,-35.00,35.00,-33.45,34.21,-0.584,0.590,-67534,67498,7.59,263.5,94.939,2711.591,1,1,1
33179383,31880,1,-35.00,35.00,-33.52,34.93,-0.584,0.587,-67557,67523,7.60,264.8,92.195,2712.514,1,1,1
33189385,31890,1,-35.00,35.00,-34.45,35.44,-0.581,0.585,-67582,67548,7.60,263.8,92.134,2713.436,1,1,1
33199385,31900,1,-35.00,35.00,-35.10,35.79,-0.579,0.585,-67607,67573,7.59,261.8,92.500,2714.362,1,1,1
33209385,31910,1,-35.00,35.00,-35.56,35.16,-0.576,0.585,-67632,67596,7.61,262.2,90.671,2715.269,1,1,1
33219392,31920,1,-35.00,35.00,-35.88,34.72,-0.575,0.588,-67657,67619,7.60,260.2,89.573,2716.166,1,1,1
33229401,31930,1,-35.00,35.00,-36.98,34.41,-0.572,0.591,-67684,67642,7.58,259.5,88.354,2717.050,1,1,1
33239404,31940,1,-35.00,35.00,-37.31,34.64,-0.569,0.589,-67710,67666,7.60,261.0,88.354,2717.934,1,1,1
33249416,31950,1,-35.00,35.00,-34.47,35.23,-0.578,0.586,-67729,67691,7.61,258.2,92.561,2718.861,1,1,1
33259416,31960,1,-35.00,35.00,-33.80,36.09,-0.583,0.584,-67751,67717,7.59,262.8,95.000,2719.812,1,1,1
33269416,31970,1,-35.00,35.00,-34.20,36.25,-0.581,0.583,-67775,67742,7.59,263.0,92.439,2720.737,1,1,1
33279416,31980,1,-35.00,35.00,-34.49,36.36,-0.580,0.581,-67799,67767,7.60,259.8,93.476,2721.672,1,1,1
33289420,31990,1,-35.00,35.00,-35.13,35.56,-0.578,0.584,-67824,67790,7.60,260.0,95.244,2722.626,1,1,1
33299420,32000,1,-35.00,35.00,-35.58,35.88,-0.577,0.583,-67849,67815,7.60,261.5,93.293,2723.560,1,1,1
33309422,32010,1,-35.00,35.00,-35.89,35.66,-0.575,0.584,-67874,67839,7.60,259.8,91.463,2724.475,1,1,1
33319429,32020,1,-35.00,35.00,-36.55,35.51,-0.573,0.585,-67900,67863,7.59,258.5,90.427,2725.380,1,1,1
33329438,32030,1,-35.00,35.00,-37.45,35.84,-0.569,0.584,-67927,67888,7.59,258.5,91.829,2726.299,1,1,1
33339451,32040,1,-35.00,35.00,-35.88,36.08,-0.574,0.581,-67949,67913,7.61,256.0,94.939,2727.250,1,1,1
33349465,32050,1,-35.00,35.00,-33.91,36.68,-0.582,0.579,-67969,67939,7.59,256.5,92.988,2728.180,1,1,1
33359476,32060,1,-35.00,35.00,-33.84,37.10,-0.582,0.576,-67992,67965,7.60,260.5,90.610,2729.087,1,1,1
33369480,32070,1,-35.00,35.00,-34.24,38.28,-0.582,0.572,-68016,67993,7.59,260.0,90.915,2729.997,1,1,1
33379492,32080,1,-35.00,35.00,-34.51,37.78,-0.582,0.573,-68040,68018,7.59,257.0,90.305,2730.901,1,1,1
33389496,32090,1,-35.00,35.00,-35.14,37.87,-0.579,0.571,-68065,68044,7.60,257.0,89.451,2731.796,1,1,1
33399499,32100,1,-35.00,35.00,-35.15,36.62,-0.579,0.575,-68089,68067,7.60,257.2,88.598,2732.683,1,1,1
33409507,32110,1,-35.00,35.00,-35.59,34.86,-0.577,0.581,-68114,68088,7.59,257.2,87.683,2733.561,1,1,1
33419511,32120,1,-35.00,35.00,-36.34,34.51,-0.574,0.582,-68140,68111,7.60,258.5,84.634,2734.408,1,1,1
33429522,32130,1,-35.00,35.00,-35.98,35.14,-0.575,0.580,-68164,68136,7.60,257.8,85.183,2735.260,1,1,1
33439529,32140,1,-35.00,35.00,-35.30,36.03,-0.577,0.576,-68187,68162,7.60,256.5,90.183,2736.163,1,1,1
33449535,32150,1,-35.00,35.00,-34.38,36.64,-0.580,0.573,-68209,68188,7.61,257.0,93.963,2737.103,1,1,1
33459544,32160,1,-35.00,35.00,-34.17,37.08,-0.582,0.571,-68232,68214,7.61,256.8,95.061,2738.055,1,1,1
33469550,32170,1,-35.00,35.00,-34.03,37.82,-0.583,0.568,-68255,68241,7.60,257.2,95.793,2739.013,1,1,1
33479559,32180,1,-35.00,35.00,-34.80,39.22,-0.582,0.562,-68280,68270,7.59,257.5,95.000,2739.964,1,1,1
33489559,32190,1,-35.00,35.00,-34.91,38.44,-0.581,0.563,-68304,68295,7.60,254.8,94.573,2740.911,1,1,1
33499571,32200,1,-35.00,35.00,-35.42,40.09,-0.580,0.556,-68329,68325,7.61,252.8,94.878,2741.861,1,1,1
33509572,32210,1,-35.00,35.00,-35.34,36.85,-0.580,0.566,-68353,68345,7.61,251.3,92.012,2742.781,1,1,1
33519586,32220,1,-35.00,35.00,-36.17,32.39,-0.576,0.582,-68379,68360,7.60,255.2,88.354,2743.666,1,1,1
33529595,32230,1,-35.00,35.00,-35.86,31.90,-0.576,0.585,-68403,68381,7.60,259.8,82.439,2744.491,1,1,1
33539609,32240,1,-35.00,35.00,-35.21,33.32,-0.579,0.581,-68426,68406,7.60,261.8,79.817,2745.290,1,1,1
33549621,32250,1,-35.00,35.00,-34.76,34.31,-0.580,0.577,-68449,68431,7.60,257.8,85.488,2746.146,1,1,1
33559624,32260,1,-35.00,35.00,-34.44,35.44,-0.581,0.573,-68472,68457,7.61,259.8,89.634,2747.043,1,1,1
33569630,32270,1,-35.00,35.00,-34.21,36.67,-0.583,0.569,-68495,68484,7.60,258.2,92.012,2747.964,1,1,1
33579630,32280,1,-35.00,35.00,-34.50,37.54,-0.582,0.565,-68519,68511,7.61,258.0,93.110,2748.896,1,1,1
33589633,32290,1,-35.00,35.00,-35.13,37.70,-0.581,0.564,-68544,68537,7.59,254.8,93.598,2749.833,1,1,1
33599640,32300,1,-35.00,35.00,-35.58,36.50,-0.579,0.567,-68569,68560,7.60,255.2,94.207,2750.775,1,1,1
33609653,32310,1,-35.00,35.00,-35.89,33.90,-0.577,0.576,-68594,68579,7.60,254.2,91.707,2751.693,1,1,1
33619667,32320,1,-35.00,35.00,-36.11,32.08,-0.575,0.583,-68619,68598,7.60,255.8,85.732,2752.552,1,1,1
33629668,32330,1,-35.00,35.00,-36.70,32.12,-0.572,0.584,-68645,68620,7.60,258.8,80.915,2753.362,1,1,1
33639668,32340,1,-35.00,35.00,-34.92,32.59,-0.578,0.584,-68666,68643,7.60,259.2,81.037,2754.173,1,1,1
33649682,32350,1,-35.00,35.00,-34.55,33.80,-0.580,0.580,-68689,68668,7.59,260.8,82.744,2755.001,1,1,1
33659683,32360,1,-35.00,35.00,-34.29,34.65,-0.581,0.577,-68712,68693,7.59,259.5,86.098,2755.863,1,1,1
33669691,32370,1,-35.00,35.00,-34.55,34.36,-0.580,0.578,-68736,68716,7.60,258.8,88.476,2756.749,1,1,1
33679693,32380,1,-35.00,35.00,-34.73,34.16,-0.579,0.579,-68760,68739,7.60,259.0,90.244,2757.652,1,1,1
33689700,32390,1,-35.00,35.00,-34.86,33.58,-0.579,0.582,-68784,68761,7.59,260.2,91.220,2758.565,1,1,1
33699706,32400,1,-35.00,35.00,-34.95,33.17,-0.579,0.584,-68808,68783,7.60,260.8,91.768,2759.483,1,1,1
33709715,32410,1,-35.00,35.00,-34.57,32.89,-0.579,0.585,-68831,68805,7.60,261.0,92.378,2760.408,1,1,1
33719721,32420,1,-35.00,35.00,-34.75,32.69,-0.579,0.587,-68855,68827,7.59,262.5,92.317,2761.332,1,1,1
33729735,32430,1,-35.00,35.00,-34.87,32.55,-0.579,0.589,-68879,68849,7.59,262.5,92.256,2762.255,1,1,1
33739746,32440,1,-35.00,35.00,-34.52,32.89,-0.579,0.587,-68902,68872,7.61,262.5,91.829,2763.175,1,1,1
33749759,32450,1,-35.00,35.00,-34.27,33.13,-0.580,0.587,-68925,68895,7.59,263.8,90.854,2764.084,1,1,1
33759773,32460,1,-35.00,35.00,-33.22,33.74,-0.585,0.586,-68946,68919,7.59,264.5,90.549,2764.990,1,1,1
33769782,32470,1,-35.00,35.00,-33.36,33.73,-0.584,0.585,-68969,68942,7.60,263.8,92.622,2765.917,1,1,1
33779782,32480,1,-35.00,35.00,-33.90,33.72,-0.583,0.586,-68993,68965,7.59,262.5,94.573,2766.864,1,1,1
33789788,32490,1,-35.00,35.00,-33.84,34.59,-0.584,0.584,-69016,68990,7.59,262.5,95.915,2767.824,1,1,1
33799788,32500,1,-35.00,35.00,-34.23,33.00,-0.582,0.590,-69040,69010,7.59,263.0,94.390,2768.769,1,1,1
33809797,32510,1,-35.00,35.00,-34.95,32.33,-0.580,0.593,-69065,69031,7.59,264.5,91.768,2769.687,1,1,1
33819797,32520,1,-35.00,35.00,-35.01,31.86,-0.579,0.596,-69089,69052,7.59,264.5,89.268,2770.581,1,1,1
33829804,32530,1,-35.00,35.00,-35.05,31.97,-0.578,0.596,-69113,69074,7.59,266.8,90.122,2771.483,1,1,1
33839806,32540,1,-35.00,35.00,-33.77,32.93,-0.583,0.594,-69134,69098,7.59,265.0,92.195,2772.406,1,1,1
33849812,32550,1,-35.00,35.00,-33.30,33.59,-0.585,0.592,-69156,69122,7.59,268.0,92.012,2773.326,1,1,1
33859819,32560,1,-35.00,35.00,-33.42,33.62,-0.585,0.592,-69179,69145,7.59,266.5,93.476,2774.262,1,1,1
33869822,32570,1,-35.00,35.00,-33.50,33.20,-0.583,0.592,-69202,69167,7.60,265.8,95.427,2775.217,1,1,1
33879830,32580,1,-35.00,35.00,-34.00,32.47,-0.582,0.596,-69226,69188,7.59,266.8,96.585,2776.184,1,1,1
33889830,32590,1,-35.00,35.00,-34.35,32.40,-0.581,0.596,-69250,69210,7.59,267.5,97.317,2777.157,1,1,1
33899830,32600,1,-35.00,35.00,-34.59,32.35,-0.580,0.597,-69274,69232,7.59,267.8,97.683,2778.135,1,1,1
33909830,32610,1,-35.00,35.00,-36.08,31.87,-0.575,0.600,-69301,69253,7.58,266.0,96.829,2779.104,1,1,1
33919837,32620,1,-35.00,35.00,-35.80,32.42,-0.574,0.597,-69325,69276,7.60,266.2,97.073,2780.075,1,1,1
33929837,32630,1,-35.00,35.00,-34.29,32.80,-0.580,0.596,-69346,69299,7.59,264.2,97.073,2781.047,1,1,1
33939850,32640,1,-35.00,35.00,-33.23,33.95,-0.584,0.592,-69367,69324,7.59,265.8,93.415,2781.982,1,1,1
33949852,32650,1,-35.00,35.00,-33.37,33.87,-0.583,0.592,-69390,69347,7.60,266.0,91.707,2782.900,1,1,1
33959858,32660,1,-35.00,35.00,-33.91,33.38,-0.581,0.594,-69414,69369,7.60,266.5,91.768,2783.818,1,1,1
33969867,32670,1,-35.00,35.00,-34.72,32.59,-0.578,0.596,-69439,69390,7.60,266.8,94.207,2784.761,1,1,1
33979880,32680,1,-35.00,35.00,-34.85,31.16,-0.577,0.601,-69463,69409,7.60,265.5,95.549,2785.718,1,1,1
33989882,32690,1,-35.00,35.00,-34.50,31.48,-0.578,0.601,-69486,69431,7.60,267.8,95.671,2786.675,1,1,1
33999886,32700,1,-35.00,35.00,-33.82,33.02,-0.580,0.596,-69508,69456,7.59,267.8,95.488,2787.631,1,1,1
34009895,32710,1,-35.00,35.00,-33.34,33.66,-0.582,0.594,-69530,69480,7.59,267.2,89.390,2788.525,1,1,1
34019906,32720,1,-35.00,35.00,-33.89,33.67,-0.580,0.594,-69554,69503,7.60,268.5,86.829,2789.395,1,1,1
34029906,32730,1,-35.00,35.00,-33.39,33.24,-0.582,0.595,-69576,69525,7.60,267.5,89.878,2790.294,1,1,1
34039913,32740,1,-35.00,35.00,-33.48,32.93,-0.581,0.595,-69599,69547,7.60,268.5,92.866,2791.224,1,1,1
34049918,32750,1,-35.00,35.00,-33.10,32.72,-0.583,0.597,-69621,69569,7.59,268.5,96.707,2792.191,1,1,1
34059918,32760,1,-35.00,35.00,-33.28,32.57,-0.582,0.597,-69644,69591,7.59,269.5,101.707,2793.209,1,1,1
34069926,32770,1,-35.00,35.00,-32.96,32.47,-0.583,0.598,-69666,69613,7.59,270.8,104.024,2794.250,1,1,1
34079933,32780,1,-35.00,35.00,-32.74,31.96,-0.584,0.600,-69688,69634,7.58,269.8,104.268,2795.294,1,1,1
34089936,32790,1,-35.00,35.00,-32.59,32.92,-0.585,0.597,-69710,69658,7.59,272.0,105.000,2796.344,1,1,1
34099948,32800,1,-35.00,35.00,-32.48,32.27,-0.584,0.598,-69732,69679,7.59,270.8,104.939,2797.395,1,1,1
34109948,32810,1,-35.00,35.00,-32.84,32.26,-0.583,0.598,-69755,69701,7.59,271.5,100.793,2798.404,1,1,1
34119956,32820,1,-35.00,35.00,-32.66,32.25,-0.583,0.598,-69777,69723,7.60,271.5,96.890,2799.373,1,1,1
34129958,32830,1,-35.00,35.00,-32.97,32.68,-0.584,0.598,-69800,69746,7.58,270.0,97.927,2800.353,1,1,1
34139958,32840,1,-35.00,35.00,-33.19,32.54,-0.582,0.598,-69823,69768,7.59,270.2,100.427,2801.358,1,1,1
34149966,32850,1,-35.00,35.00,-32.90,33.33,-0.583,0.595,-69845,69792,7.60,269.0,102.439,2802.384,1,1,1
34159971,32860,1,-35.00,35.00,-33.14,33.44,-0.582,0.595,-69868,69815,7.60,269.0,103.476,2803.419,1,1,1
34169973,32870,1,-35.00,35.00,-33.30,33.95,-0.582,0.593,-69891,69839,7.60,266.8,102.683,2804.447,1,1,1
34179986,32880,1,-35.00,35.00,-33.42,34.75,-0.582,0.590,-69914,69864,7.60,266.8,101.890,2805.467,1,1,1
34189994,32890,1,-35.00,35.00,-33.94,33.56,-0.580,0.595,-69938,69885,7.59,265.5,102.012,2806.488,1,1,1
34200004,32901,1,-35.00,35.00,-34.74,33.16,-0.577,0.596,-69963,69907,7.59,265.8,103.232,2807.521,1,1,1
34210012,32911,1,-35.00,35.00,-37.07,32.88,-0.568,0.598,-69992,69929,7.60,263.8,101.280,2808.534,1,1,1
34220016,32921,1,-35.00,35.00,-34.73,33.56,-0.576,0.595,-70012,69953,7.60,262.0,98.902,2809.524,1,1,1
34230027,32931,1,-35.00,35.00,-33.98,34.48,-0.580,0.593,-70034,69978,7.58,263.5,98.902,2810.514,1,1,1
34240034,32941,1,-35.00,35.00,-33.02,35.12,-0.582,0.589,-70055,70003,7.60,263.2,97.012,2811.485,1,1,1
34250047,32951,1,-35.00,35.00,-33.22,35.57,-0.582,0.588,-70078,70028,7.60,262.5,96.951,2812.455,1,1,1
34260057,32961,1,-35.00,35.00,-33.80,35.89,-0.581,0.586,-70102,70053,7.59,264.0,99.329,2813.449,1,1,1
34270061,32971,1,-35.00,35.00,-34.65,35.67,-0.578,0.587,-70127,70077,7.60,262.0,101.159,2814.462,1,1,1
34280062,32981,1,-35.00,35.00,-34.80,33.76,-0.577,0.593,-70151,70097,7.60,261.5,101.159,2815.474,1,1,1
34290064,32991,1,-35.00,35.00,-34.91,32.86,-0.576,0.597,-70175,70118,7.59,262.2,99.207,2816.467,1,1,1
34300077,33001,1,-35.00,35.00,-35.86,33.55,-0.573,0.595,-70201,70142,7.59,265.2,94.756,2817.416,1,1,1
34310084,33011,1,-35.00,35.00,-36.09,34.03,-0.572,0.594,-70226,70166,7.59,263.2,94.207,2818.358,1,1,1
34320089,33021,1,-35.00,35.00,-34.05,34.81,-0.579,0.591,-70246,70191,7.59,260.5,98.232,2819.342,1,1,1
34330100,33031,1,-35.00,35.00,-33.06,35.79,-0.583,0.587,-70267,70217,7.59,262.5,100.610,2820.348,1,1,1
34340112,33041,1,-35.00,35.00,-32.81,36.04,-0.584,0.586,-70289,70242,7.59,262.5,98.354,2821.333,1,1,1
34350112,33051,1,-35.00,35.00,-33.08,36.21,-0.584,0.585,-70312,70267,7.59,262.0,99.268,2822.326,1,1,1
34360124,33061,1,-35.00,35.00,-33.70,36.34,-0.583,0.584,-70336,70292,7.59,260.2,102.622,2823.353,1,1,1
34370128,33071,1,-35.00,35.00,-34.14,36.42,-0.581,0.583,-70360,70317,7.60,261.8,104.634,2824.400,1,1,1
34380141,33081,1,-35.00,35.00,-34.44,34.72,-0.579,0.588,-70384,70338,7.60,261.2,103.293,2825.434,1,1,1
34390150,33091,1,-35.00,35.00,-36.41,33.97,-0.573,0.592,-70412,70360,7.59,261.2,100.183,2826.437,1,1,1
34400156,33101,1,-35.00,35.00,-37.79,33.89,-0.566,0.593,-70440,70383,7.60,262.0,96.707,2827.405,1,1,1
34410156,33111,1,-35.00,35.00,-34.37,33.83,-0.578,0.593,-70458,70406,7.59,260.0,97.012,2828.375,1,1,1
34420158,33121,1,-35.00,35.00,-31.97,35.11,-0.587,0.588,-70476,70432,7.59,265.2,97.561,2829.352,1,1,1
34430158,33131,1,-35.00,35.00,-31.61,36.00,-0.589,0.584,-70497,70458,7.60,266.0,94.024,2830.293,1,1,1
34440162,33141,1,-35.00,35.00,-32.23,36.63,-0.588,0.581,-70520,70484,7.59,265.2,92.866,2831.222,1,1,1
34450162,33151,1,-35.00,35.00,-33.11,37.06,-0.586,0.580,-70544,70510,7.59,263.8,94.939,2832.173,1,1,1
34460171,33161,1,-35.00,35.00,-33.28,36.49,-0.584,0.580,-70567,70534,7.61,263.8,95.366,2833.127,1,1,1
34470173,33171,1,-35.00,35.00,-33.85,35.21,-0.582,0.584,-70591,70556,7.60,263.0,92.866,2834.057,1,1,1
34480180,33181,1,-35.00,35.00,-33.36,34.32,-0.585,0.588,-70613,70578,7.59,262.0,91.098,2834.969,1,1,1
34490180,33191,1,-35.00,35.00,-34.34,34.13,-0.581,0.589,-70638,70601,7.59,265.8,90.915,2835.878,1,1,1
34500180,33201,1,-35.00,35.00,-35.90,34.00,-0.575,0.590,-70665,70624,7.60,265.0,94.207,2836.821,1,1,1
34510193,33211,1,-35.00,35.00,-35.68,33.91,-0.576,0.590,-70689,70647,7.59,261.8,98.476,2837.807,1,1,1
34520204,33221,1,-35.00,35.00,-33.76,34.72,-0.583,0.587,-70709,70672,7.60,263.8,100.244,2838.810,1,1,1
34530207,33231,1,-35.00,35.00,-32.86,35.29,-0.586,0.585,-70730,70697,7.60,264.0,99.390,2839.805,1,1,1
34540216,33241,1,-35.00,35.00,-32.67,35.69,-0.588,0.583,-70752,70722,7.59,264.5,97.195,2840.777,1,1,1
34550222,33251,1,-35.00,35.00,-33.42,37.29,-0.587,0.578,-70776,70750,7.58,263.5,98.354,2841.762,1,1,1
34560223,33261,1,-35.00,35.00,-33.50,36.65,-0.586,0.579,-70799,70774,7.59,262.8,99.634,2842.759,1,1,1
34570225,33271,1,-35.00,35.00,-34.00,35.32,-0.584,0.583,-70823,70796,7.60,262.8,97.805,2843.738,1,1,1
34580238,33281,1,-35.00,35.00,-34.34,33.51,-0.582,0.589,-70847,70816,7.59,261.5,96.524,2844.704,1,1,1
34590249,33291,1,-35.00,35.00,-35.03,33.13,-0.580,0.591,-70872,70838,7.59,264.0,96.220,2845.667,1,1,1
34600253,33301,1,-35.00,35.00,-38.14,32.42,-0.567,0.595,-70903,70859,7.60,264.5,95.061,2846.618,1,1,1
34610256,33311,1,-35.00,35.00,-35.93,32.80,-0.574,0.594,-70924,70882,7.60,259.8,94.939,2847.568,1,1,1
34620268,33321,1,-35.00,35.00,-33.94,33.51,-0.581,0.592,-70944,70906,7.60,262.8,96.098,2848.530,1,1,1
34630268,33331,1,-35.00,35.00,-32.55,34.44,-0.587,0.589,-70964,70931,7.59,264.2,93.354,2849.464,1,1,1
34640271,33341,1,-35.00,35.00,-32.45,34.66,-0.588,0.588,-70986,70955,7.59,265.2,90.793,2850.373,1,1,1
34650277,33351,1,-35.00,35.00,-33.70,34.37,-0.584,0.590,-71011,70978,7.59,265.5,89.207,2851.266,1,1,1
34660286,33361,1,-35.00,35.00,-33.70,34.16,-0.584,0.589,-71034,71001,7.60,266.2,90.793,2852.174,1,1,1
34670298,33371,1,-35.00,35.00,-33.70,34.02,-0.584,0.591,-71057,71024,7.59,265.5,93.110,2853.106,1,1,1
34680307,33381,1,-35.00,35.00,-34.57,33.48,-0.581,0.592,-71082,71046,7.59,265.2,92.439,2854.031,1,1,1
34690313,33391,1,-35.00,35.00,-35.63,33.11,-0.576,0.593,-71108,71068,7.60,267.0,92.012,2854.952,1,1,1
34700325,33401,1,-35.00,35.00,-36.36,33.28,-0.574,0.594,-71134,71091,7.59,264.5,95.732,2855.910,1,1,1
34710325,33411,1,-35.00,35.00,-34.68,33.84,-0.579,0.591,-71155,71115,7.60,263.8,99.085,2856.902,1,1,1
34720338,33421,1,-35.00,35.00,-33.51,33.80,-0.583,0.591,-71176,71138,7.60,263.2,97.500,2857.878,1,1,1
34730338,33431,1,-35.00,35.00,-33.12,33.77,-0.585,0.591,-71198,71161,7.60,265.5,90.793,2858.787,1,1,1
34740344,33441,1,-35.00,35.00,-33.73,33.30,-0.583,0.593,-71222,71183,7.59,266.8,87.683,2859.664,1,1,1
34750355,33451,1,-35.00,35.00,-34.16,33.86,-0.581,0.591,-71246,71207,7.60,267.8,89.207,2860.557,1,1,1
34760355,33461,1,-35.00,35.00,-34.46,33.81,-0.580,0.591,-71270,71230,7.60,264.8,93.049,2861.489,1,1,1
34770368,33471,1,-35.00,35.00,-35.11,33.77,-0.577,0.591,-71295,71253,7.60,265.2,93.963,2862.429,1,1,1
34780377,33481,1,-35.00,35.00,-36.88,33.31,-0.571,0.594,-71323,71275,7.60,263.2,91.707,2863.347,1,1,1
34790377,33491,1,-35.00,35.00,-36.80,33.42,-0.570,0.594,-71348,71298,7.60,262.0,90.732,2864.255,1,1,1
34800383,33501,1,-35.00,35.00,-33.67,33.50,-0.581,0.593,-71366,71321,7.59,262.2,91.646,2865.172,1,1,1
34810383,33511,1,-35.00,35.00,-33.24,33.56,-0.584,0.594,-71388,71344,7.59,265.5,92.256,2866.096,1,1,1
34820391,33521,1,-35.00,35.00,-32.93,33.60,-0.585,0.593,-71410,71367,7.59,266.8,87.805,2866.975,1,1,1
34830401,33531,1,-35.00,35.00,-33.60,33.19,-0.583,0.595,-71434,71389,7.59,266.0,90.488,2867.880,1,1,1
34840405,33541,1,-35.00,35.00,-34.07,32.90,-0.581,0.596,-71458,71411,7.59,268.2,94.451,2868.826,1,1,1
34850405,33551,1,-35.00,35.00,-34.39,33.14,-0.579,0.595,-71482,71434,7.60,267.5,96.707,2869.793,1,1,1
34860407,33561,1,-35.00,35.00,-34.62,33.74,-0.579,0.594,-71506,71458,7.59,265.8,97.500,2870.769,1,1,1
34870414,33571,1,-35.00,35.00,-36.10,34.17,-0.574,0.593,-71533,71482,7.59,264.2,96.890,2871.739,1,1,1
34880422,33581,1,-35.00,35.00,-37.58,34.02,-0.568,0.594,-71561,71505,7.59,262.5,95.244,2872.692,1,1,1
34890423,33591,1,-35.00,35.00,-38.17,33.92,-0.564,0.594,-71588,71528,7.60,261.0,95.427,2873.647,1,1,1
34900431,33601,1,-35.00,35.00,-36.83,33.85,-0.568,0.595,-71611,71551,7.59,258.2,96.280,2874.611,1,1,1
34910435,33611,1,-35.00,35.00,-34.13,34.25,-0.577,0.592,-71630,71575,7.60,258.2,94.512,2875.557,1,1,1
34920435,33621,1,-35.00,35.00,-32.24,34.52,-0.584,0.591,-71649,71599,7.60,263.5,90.793,2876.466,1,1,1
34930435,33631,1,-35.00,35.00,-32.67,34.71,-0.584,0.590,-71672,71623,7.59,265.2,88.537,2877.352,1,1,1
34940444,33641,1,-35.00,35.00,-34.30,34.40,-0.579,0.592,-71698,71646,7.59,264.8,89.451,2878.247,1,1,1
34950446,33651,1,-35.00,35.00,-34.56,35.07,-0.578,0.590,-71722,71671,7.59,264.0,90.976,2879.158,1,1,1
34960450,33661,1,-35.00,35.00,-34.74,35.10,-0.577,0.589,-71746,71695,7.60,263.5,90.305,2880.062,1,1,1
34970459,33671,1,-35.00,35.00,-36.62,34.67,-0.571,0.592,-71774,71718,7.59,262.2,88.963,2880.952,1,1,1
34980461,33681,1,-35.00,35.00,-37.50,35.26,-0.567,0.589,-71801,71743,7.60,259.2,89.512,2881.848,1,1,1
34990465,33691,1,-35.00,35.00,-35.48,34.79,-0.573,0.591,-71822,71766,7.60,258.0,91.707,2882.766,1,1,1
35000466,33701,1,-35.00,35.00,-34.50,35.34,-0.577,0.589,-71844,71791,7.59,261.5,90.122,2883.668,1,1,1
35010476,33711,1,-35.00,35.00,-33.82,35.72,-0.580,0.587,-71866,71816,7.59,262.2,88.902,2884.558,1,1,1
35020481,33721,1,-35.00,35.00,-34.22,35.55,-0.578,0.587,-71890,71840,7.60,263.2,91.463,2885.474,1,1,1
35030492,33731,1,-35.00,35.00,-35.38,35.43,-0.575,0.588,-71916,71864,7.59,261.2,94.146,2886.416,1,1,1
35040495,33741,1,-35.00,35.00,-35.75,35.35,-0.573,0.588,-71941,71888,7.59,261.2,95.793,2887.375,1,1,1
35050496,33751,1,-35.00,35.00,-36.01,36.17,-0.573,0.586,-71966,71914,7.59,260.2,96.098,2888.336,1,1,1
35060498,33761,1,-35.00,35.00,-36.20,35.43,-0.572,0.588,-71991,71937,7.59,258.8,94.329,2889.281,1,1,1
35070503,33771,1,-35.00,35.00,-37.20,35.79,-0.567,0.587,-72018,71962,7.60,260.2,91.098,2890.192,1,1,1
35080503,33781,1,-35.00,35.00,-36.15,36.04,-0.570,0.585,-72041,71987,7.61,256.8,91.098,2891.104,1,1,1
35090503,33791,1,-35.00,35.00,-34.53,36.21,-0.576,0.584,-72062,72012,7.59,256.8,91.037,2892.015,1,1,1
35100507,33801,1,-35.00,35.00,-34.28,36.33,-0.578,0.584,-72085,72037,7.59,258.0,87.683,2892.893,1,1,1
35110520,33811,1,-35.00,35.00,-34.10,36.42,-0.578,0.582,-72108,72062,7.60,260.5,88.293,2893.777,1,1,1
35120520,33821,1,-35.00,35.00,-34.42,36.48,-0.578,0.582,-72132,72087,7.59,260.2,90.976,2894.688,1,1,1
35130526,33831,1,-35.00,35.00,-35.08,36.08,-0.576,0.583,-72157,72111,7.59,260.2,92.927,2895.618,1,1,1
35140529,33841,1,-35.00,35.00,-35.54,36.24,-0.574,0.582,-72182,72136,7.59,259.0,93.415,2896.553,1,1,1
35150535,33851,1,-35.00,35.00,-35.87,36.80,-0.573,0.580,-72207,72162,7.59,258.8,93.659,2897.490,1,1,1
35160537,33861,1,-35.00,35.00,-36.97,36.30,-0.568,0.581,-72234,72186,7.60,258.5,91.524,2898.406,1,1,1
35170542,33871,1,-35.00,35.00,-37.31,35.52,-0.567,0.584,-72260,72209,7.60,255.5,88.110,2899.288,1,1,1
35180544,33881,1,-35.00,35.00,-36.66,35.85,-0.568,0.582,-72284,72234,7.60,255.0,89.268,2900.182,1,1,1
35190552,33891,1,-35.00,35.00,-33.57,36.08,-0.579,0.581,-72302,72259,7.59,256.5,91.341,2901.096,1,1,1
35200564,33901,1,-35.00,35.00,-32.73,36.68,-0.582,0.577,-72323,72285,7.60,260.5,89.268,2901.990,1,1,1
35210565,33911,1,-35.00,35.00,-33.46,37.10,-0.581,0.575,-72347,72311,7.60,261.0,91.159,2902.902,1,1,1
35220571,33921,1,-35.00,35.00,-34.41,37.40,-0.579,0.574,-72372,72337,7.59,257.8,95.427,2903.857,1,1,1
35230574,33931,1,-35.00,35.00,-34.63,38.04,-0.579,0.570,-72396,72364,7.60,257.8,98.476,2904.843,1,1,1
35240580,33941,1,-35.00,35.00,-34.79,38.50,-0.579,0.568,-72420,72391,7.59,257.0,98.780,2905.831,1,1,1
35250586,33951,1,-35.00,35.00,-35.78,39.25,-0.576,0.564,-72446,72419,7.60,256.0,97.256,2906.804,1,1,1
35260595,33961,1,-35.00,35.00,-36.47,36.70,-0.572,0.572,-72472,72440,7.60,251.8,95.122,2907.757,1,1,1
35270613,33971,1,-35.00,35.00,-37.83,33.16,-0.565,0.584,-72500,72457,7.61,253.5,90.976,2908.667,1,1,1
35280615,33981,1,-35.00,35.00,-37.03,32.88,-0.568,0.587,-72524,72479,7.59,254.8,86.524,2909.533,1,1,1
35290618,33991,1,-35.00,35.00,-35.15,34.00,-0.574,0.583,-72545,72504,7.60,256.5,85.366,2910.388,1,1,1
35300622,34001,1,-35.00,35.00,-32.95,35.67,-0.582,0.576,-72564,72531,7.60,258.5,89.878,2911.287,1,1,1
35310629,34011,1,-35.00,35.00,-32.74,35.95,-0.584,0.575,-72586,72556,7.60,258.0,88.537,2912.174,1,1,1
35320642,34021,1,-35.00,35.00,-33.90,36.15,-0.581,0.574,-72611,72581,7.59,258.2,87.439,2913.049,1,1,1
35330653,34031,1,-35.00,35.00,-34.72,36.73,-0.578,0.572,-72636,72607,7.60,257.5,92.256,2913.972,1,1,1
35340660,34041,1,-35.00,35.00,-34.85,37.14,-0.578,0.570,-72660,72633,7.60,255.5,94.207,2914.915,1,1,1
35350670,34051,1,-35.00,35.00,-35.38,35.23,-0.576,0.576,-72685,72654,7.60,255.0,92.927,2915.845,1,1,1
35360682,34061,1,-35.00,35.00,-36.19,34.33,-0.573,0.579,-72711,72676,7.60,255.5,90.000,2916.746,1,1,1
35370691,34071,1,-35.00,35.00,-36.76,33.26,-0.570,0.584,-72737,72697,7.59,255.8,84.207,2917.589,1,1,1
35380700,34081,1,-35.00,35.00,-34.52,33.39,-0.576,0.582,-72757,72720,7.61,257.5,80.793,2918.398,1,1,1
35390713,34091,1,-35.00,35.00,-33.83,34.36,-0.580,0.580,-72779,72745,7.60,259.5,79.390,2919.192,1,1,1
35400721,34101,1,-35.00,35.00,-33.79,35.04,-0.581,0.578,-72802,72770,7.59,258.5,81.646,2920.010,1,1,1
35410721,34111,1,-35.00,35.00,-34.20,35.07,-0.579,0.577,-72826,72794,7.60,258.8,86.585,2920.876,1,1,1
35420731,34121,1,-35.00,35.00,-34.49,34.66,-0.579,0.579,-72850,72817,7.59,258.5,92.378,2921.801,1,1,1
35430731,34131,1,-35.00,35.00,-34.69,34.37,-0.578,0.580,-72874,72840,7.60,259.2,96.646,2922.768,1,1,1
35440744,34141,1,-35.00,35.00,-35.27,34.17,-0.575,0.581,-72899,72863,7.61,260.2,97.988,2923.749,1,1,1
35450746,34151,1,-35.00,35.00,-35.67,34.02,-0.574,0.582,-72924,72886,7.61,258.8,97.134,2924.721,1,1,1
35460759,34161,1,-35.00,35.00,-35.52,33.48,-0.574,0.585,-72948,72908,7.60,258.0,95.671,2925.679,1,1,1
35470767,34171,1,-35.00,35.00,-35.41,33.11,-0.574,0.587,-72972,72930,7.60,260.0,93.720,2926.617,1,1,1
35480774,34181,1,-35.00,35.00,-34.02,32.84,-0.579,0.588,-72993,72952,7.59,261.5,91.402,2927.531,1,1,1
35490788,34191,1,-35.00,35.00,-33.48,32.66,-0.581,0.589,-73015,72974,7.60,263.8,87.012,2928.402,1,1,1
35500800,34201,1,-35.00,35.00,-33.10,33.41,-0.583,0.587,-73037,72998,7.59,264.5,85.610,2929.259,1,1,1
35510806,34211,1,-35.00,35.00,-33.28,33.49,-0.583,0.587,-73060,73021,7.59,263.8,90.000,2930.160,1,1,1
35520815,34221,1,-35.00,35.00,-33.84,33.99,-0.582,0.586,-73084,73045,7.59,264.2,95.305,2931.114,1,1,1
35530822,34231,1,-35.00,35.00,-34.24,34.34,-0.581,0.585,-73108,73069,7.59,261.8,98.902,2932.104,1,1,1
35540822,34241,1,-35.00,35.00,-34.51,34.15,-0.580,0.586,-73132,73092,7.59,262.8,98.720,2933.092,1,1,1
35550830,34251,1,-35.00,35.00,-35.15,33.13,-0.577,0.590,-73157,73113,7.59,261.0,96.159,2934.054,1,1,1
35560842,34261,1,-35.00,35.00,-35.59,32.42,-0.575,0.594,-73182,73134,7.59,263.2,92.805,2934.983,1,1,1
35570850,34271,1,-35.00,35.00,-35.46,32.36,-0.575,0.594,-73206,73156,7.60,262.5,89.817,2935.882,1,1,1
35580852,34281,1,-35.00,35.00,-33.61,32.32,-0.582,0.596,-73226,73178,7.59,263.2,89.268,2936.776,1,1,1
35590865,34291,1,-35.00,35.00,-33.19,33.17,-0.583,0.593,-73248,73202,7.59,268.2,88.415,2937.661,1,1,1
35600867,34301,1,-35.00,35.00,-33.34,33.77,-0.583,0.591,-73271,73226,7.59,267.2,91.037,2938.572,1,1,1
35610873,34311,1,-35.00,35.00,-33.45,33.74,-0.583,0.591,-73294,73249,7.59,265.2,94.939,2939.522,1,1,1
35620873,34321,1,-35.00,35.00,-34.40,32.85,-0.579,0.595,-73319,73270,7.60,266.5,98.720,2940.510,1,1,1
35630882,34331,1,-35.00,35.00,-34.19,33.10,-0.580,0.595,-73342,73293,7.60,267.0,100.122,2941.512,1,1,1
35640895,34341,1,-35.00,35.00,-34.92,32.84,-0.578,0.597,-73367,73315,7.58,266.2,100.183,2942.515,1,1,1
35650897,34351,1,-35.00,35.00,-35.87,33.10,-0.574,0.596,-73393,73338,7.59,266.0,97.683,2943.492,1,1,1
35660903,34361,1,-35.00,35.00,-36.09,32.83,-0.572,0.597,-73418,73360,7.60,264.5,94.390,2944.437,1,1,1
35670903,34371,1,-35.00,35.00,-34.49,33.09,-0.577,0.596,-73439,73383,7.59,264.0,94.756,2945.385,1,1,1
35680910,34381,1,-35.00,35.00,-33.37,33.71,-0.581,0.593,-73460,73407,7.60,264.8,93.841,2946.325,1,1,1
35690921,34391,1,-35.00,35.00,-33.47,33.71,-0.581,0.594,-73483,73430,7.59,266.8,93.049,2947.256,1,1,1
35700932,34401,1,-35.00,35.00,-33.98,33.70,-0.580,0.594,-73507,73453,7.59,266.5,95.183,2948.209,1,1,1
35710943,34411,1,-35.00,35.00,-34.77,32.82,-0.578,0.598,-73532,73474,7.58,268.2,98.598,2949.196,1,1,1
35720949,34421,1,-35.00,35.00,-35.32,32.20,-0.574,0.600,-73557,73495,7.59,266.8,101.159,2950.208,1,1,1
35730962,34431,1,-35.00,35.00,-35.27,32.21,-0.575,0.601,-73581,73517,7.59,265.0,100.549,2951.214,1,1,1
35740971,34441,1,-35.00,35.00,-33.48,33.09,-0.580,0.597,-73601,73541,7.60,266.8,98.110,2952.196,1,1,1
35750982,34451,1,-35.00,35.00,-33.54,33.27,-0.580,0.596,-73624,73564,7.60,266.2,91.037,2953.107,1,1,1
35760986,34461,1,-35.00,35.00,-34.03,32.96,-0.578,0.597,-73648,73586,7.60,266.2,84.573,2953.954,1,1,1
35770994,34471,1,-35.00,35.00,-33.93,33.18,-0.578,0.597,-73671,73609,7.60,265.2,85.915,2954.814,1,1,1
35781001,34482,1,-35.00,35.00,-33.86,32.89,-0.579,0.598,-73694,73631,7.59,266.8,88.963,2955.704,1,1,1
35791001,34492,1,-35.00,35.00,-33.37,32.69,-0.580,0.598,-73716,73653,7.59,268.8,93.049,2956.635,1,1,1
35801009,34502,1,-35.00,35.00,-33.46,32.99,-0.580,0.598,-73739,73676,7.59,268.8,99.512,2957.631,1,1,1
35811009,34512,1,-35.00,35.00,-33.53,32.76,-0.580,0.599,-73762,73698,7.59,268.8,105.244,2958.685,1,1,1
35821014,34522,1,-35.00,35.00,-32.70,33.48,-0.583,0.596,-73783,73722,7.59,267.8,107.134,2959.757,1,1,1
35831024,34532,1,-35.00,35.00,-32.56,33.98,-0.583,0.594,-73805,73746,7.59,268.8,105.915,2960.817,1,1,1
35841024,34542,1,-35.00,35.00,-32.46,32.58,-0.584,0.599,-73827,73766,7.59,268.0,104.268,2961.860,1,1,1
35851032,34552,1,-35.00,35.00,-33.27,32.47,-0.581,0.599,-73851,73788,7.59,270.5,102.927,2962.890,1,1,1
35861046,34562,1,-35.00,35.00,-33.40,31.96,-0.580,0.601,-73874,73809,7.59,268.0,98.232,2963.874,1,1,1
35871055,34572,1,-35.00,35.00,-33.92,32.48,-0.578,0.600,-73898,73832,7.59,269.8,97.317,2964.847,1,1,1
35881062,34582,1,-35.00,35.00,-33.85,32.84,-0.578,0.598,-73921,73855,7.60,267.5,100.427,2965.853,1,1,1
35891070,34592,1,-35.00,35.00,-33.37,33.54,-0.580,0.597,-73943,73879,7.59,266.8,104.329,2966.897,1,1,1
35901077,34602,1,-35.00,35.00,-33.02,34.46,-0.581,0.593,-73965,73904,7.60,266.8,106.220,2967.960,1,1,1
35911079,34612,1,-35.00,35.00,-32.78,35.11,-0.583,0.591,-73987,73929,7.59,265.5,103.841,2968.999,1,1,1
35921087,34622,1,-35.00,35.00,-33.06,35.56,-0.583,0.589,-74010,73954,7.59,265.5,101.524,2970.015,1,1,1
35931088,34632,1,-35.00,35.00,-33.69,35.00,-0.580,0.590,-74034,73977,7.59,263.8,101.463,2971.031,1,1,1
35941095,34642,1,-35.00,35.00,-35.01,33.29,-0.575,0.597,-74060,73997,7.60,264.0,104.390,2972.075,1,1,1
35951110,34652,1,-35.00,35.00,-37.25,32.53,-0.566,0.600,-74089,74018,7.60,265.2,102.988,2973.106,1,1,1
35961110,34662,1,-35.00,35.00,-34.42,33.32,-0.576,0.597,-74108,74042,7.59,262.0,96.280,2974.070,1,1,1
35971117,34672,1,-35.00,35.00,-33.76,34.31,-0.579,0.594,-74130,74067,7.59,266.5,93.415,2975.005,1,1,1
35981125,34682,1,-35.00,35.00,-32.86,35.44,-0.582,0.589,-74151,74093,7.60,266.0,93.293,2975.938,1,1,1
35991139,34692,1,-35.00,35.00,-33.11,35.80,-0.582,0.588,-74174,74118,7.59,263.8,96.341,2976.903,1,1,1
36001147,34702,1,-35.00,35.00,-33.73,36.48,-0.580,0.585,-74198,74144,7.60,262.2,99.878,2977.902,1,1,1
36011150,34712,1,-35.00,35.00,-34.59,36.52,-0.578,0.584,-74223,74169,7.60,260.2,102.317,2978.926,1,1,1
36021150,34722,1,-35.00,35.00,-34.32,34.80,-0.578,0.590,-74246,74190,7.60,260.0,102.256,2979.949,1,1,1
36031156,34732,1,-35.00,35.00,-34.57,33.59,-0.577,0.594,-74270,74211,7.60,262.5,101.585,2980.966,1,1,1
36041169,34742,1,-35.00,35.00,-35.63,33.62,-0.574,0.596,-74296,74234,7.58,263.2,97.683,2981.944,1,1,1
36051173,34752,1,-35.00,35.00,-35.93,34.52,-0.572,0.593,-74321,74259,7.59,263.0,94.939,2982.894,1,1,1
36061180,34762,1,-35.00,35.00,-33.94,34.71,-0.579,0.591,-74341,74283,7.60,261.5,97.012,2983.865,1,1,1
36071188,34772,1,-35.00,35.00,-32.54,35.72,-0.584,0.587,-74361,74309,7.60,263.2,100.183,2984.867,1,1,1
36081193,34782,1,-35.00,35.00,-32.89,36.43,-0.583,0.584,-74384,74335,7.60,264.0,98.476,2985.853,1,1,1
36091201,34792,1,-35.00,35.00,-33.13,36.93,-0.583,0.582,-74407,74361,7.60,261.2,98.537,2986.839,1,1,1
36101210,34802,1,-35.00,35.00,-33.74,37.28,-0.582,0.580,-74431,74387,7.60,261.8,100.671,2987.847,1,1,1
36111210,34812,1,-35.00,35.00,-33.72,37.52,-0.582,0.578,-74454,74413,7.60,260.5,102.988,2988.877,1,1,1
36121216,34822,1,-35.00,35.00,-33.71,35.93,-0.582,0.583,-74477,74435,7.60,259.0,101.768,2989.896,1,1,1
36131225,34832,1,-35.00,35.00,-34.59,33.94,-0.578,0.590,-74502,74455,7.60,261.8,98.902,2990.886,1,1,1
36141234,34842,1,-35.00,35.00,-36.51,33.87,-0.572,0.592,-74530,74478,7.59,264.5,96.463,2991.851,1,1,1
36151247,34852,1,-35.00,35.00,-33.91,34.25,-0.581,0.590,-74549,74502,7.59,262.2,94.207,2992.794,1,1,1
36161253,34862,1,-35.00,35.00,-32.53,34.96,-0.586,0.587,-74569,74527,7.59,264.0,95.061,2993.745,1,1,1
36171256,34872,1,-35.00,35.00,-32.44,36.34,-0.587,0.581,-74591,74554,7.60,265.0,93.659,2994.683,1,1,1
36181269,34882,1,-35.00,35.00,-32.81,36.86,-0.586,0.579,-74614,74580,7.60,264.2,95.549,2995.639,1,1,1
36191279,34892,1,-35.00,35.00,-33.08,38.11,-0.586,0.573,-74637,74608,7.60,263.2,99.390,2996.634,1,1,1
36201286,34902,1,-35.00,35.00,-33.70,37.22,-0.584,0.576,-74661,74632,7.60,260.2,100.366,2997.638,1,1,1
36211298,34912,1,-35.00,35.00,-33.26,36.16,-0.586,0.579,-74683,74655,7.59,260.8,97.561,2998.615,1,1,1
36221310,34922,1,-35.00,35.00,-33.83,34.98,-0.584,0.583,-74707,74677,7.59,262.5,95.488,2999.570,1,1,1
36231323,34932,1,-35.00,35.00,-34.23,34.16,-0.581,0.585,-74731,74699,7.61,262.0,95.183,3000.523,1,1,1
36241329,34942,1,-35.00,35.00,-35.82,33.58,-0.577,0.589,-74758,74721,7.59,262.2,94.329,3001.467,1,1,1
36251329,34952,1,-35.00,35.00,-36.06,33.61,-0.575,0.589,-74783,74744,7.59,262.5,94.756,3002.415,1,1,1
36261338,34962,1,-35.00,35.00,-33.15,34.51,-0.586,0.585,-74801,74769,7.59,260.5,98.902,3003.405,1,1,1
36271344,34972,1,-35.00,35.00,-32.44,35.59,-0.588,0.581,-74822,74795,7.59,263.2,101.463,3004.420,1,1,1
36281344,34982,1,-35.00,35.00,-32.37,36.78,-0.589,0.576,-74844,74822,7.60,263.2,99.512,3005.416,1,1,1
36291355,34992,1,-35.00,35.00,-33.21,37.61,-0.587,0.572,-74868,74849,7.60,263.5,99.085,3006.408,1,1,1
36301360,35002,1,-35.00,35.00,-33.79,36.87,-0.586,0.575,-74892,74873,7.59,260.0,100.305,3007.412,1,1,1
36311374,35012,1,-35.00,35.00,-33.76,35.92,-0.586,0.577,-74915,74896,7.59,258.5,98.841,3008.401,1,1,1
36321377,35022,1,-35.00,35.00,-34.18,33.49,-0.584,0.586,-74939,74915,7.59,261.0,96.098,3009.363,1,1,1
36331377,35032,1,-35.00,35.00,-35.35,32.67,-0.579,0.589,-74965,74936,7.60,263.0,95.244,3010.316,1,1,1
36341377,35042,1,-35.00,35.00,-37.93,32.10,-0.569,0.593,-74995,74957,7.59,261.8,93.537,3011.252,1,1,1
36351390,35052,1,-35.00,35.00,-35.78,32.58,-0.576,0.592,-75016,74980,7.59,260.2,94.756,3012.201,1,1,1
36361401,35062,1,-35.00,35.00,-33.40,33.79,-0.584,0.587,-75035,75005,7.60,263.8,92.012,3013.122,1,1,1
36371405,35072,1,-35.00,35.00,-32.17,34.64,-0.590,0.585,-75055,75030,7.59,262.8,90.915,3014.032,1,1,1
36381413,35082,1,-35.00,35.00,-32.18,34.79,-0.590,0.584,-75077,75054,7.59,265.8,89.207,3014.925,1,1,1
36391422,35092,1,-35.00,35.00,-33.08,34.46,-0.587,0.585,-75101,75077,7.59,266.0,89.634,3015.822,1,1,1
36401435,35102,1,-35.00,35.00,-33.70,34.23,-0.585,0.586,-75125,75100,7.59,264.2,90.976,3016.732,1,1,1
36411446,35112,1,-35.00,35.00,-34.14,33.63,-0.583,0.589,-75149,75122,7.59,264.2,89.756,3017.631,1,1,1
36421459,35122,1,-35.00,35.00,-34.00,33.21,-0.583,0.590,-75172,75144,7.59,263.2,88.537,3018.517,1,1,1
36431465,35132,1,-35.00,35.00,-35.23,32.91,-0.580,0.593,-75198,75166,7.59,264.8,91.707,3019.435,1,1,1
36441468,35142,1,-35.00,35.00,-35.65,33.15,-0.577,0.592,-75223,75189,7.60,265.8,96.402,3020.400,1,1,1
36451481,35152,1,-35.00,35.00,-33.74,33.75,-0.584,0.590,-75243,75213,7.59,262.5,97.195,3021.373,1,1,1
36461492,35162,1,-35.00,35.00,-33.29,33.73,-0.586,0.590,-75265,75236,7.59,264.8,92.134,3022.295,1,1,1
36471495,35172,1,-35.00,35.00,-33.41,33.72,-0.586,0.591,-75288,75259,7.59,266.8,89.634,3023.192,1,1,1
36481498,35182,1,-35.00,35.00,-33.93,33.27,-0.583,0.592,-75312,75281,7.59,266.5,90.000,3024.093,1,1,1
36491504,35192,1,-35.00,35.00,-33.86,33.84,-0.584,0.590,-75335,75305,7.59,265.8,91.220,3025.006,1,1,1
36501511,35202,1,-35.00,35.00,-34.25,33.79,-0.582,0.590,-75359,75328,7.59,263.8,89.756,3025.904,1,1,1
36511511,35212,1,-35.00,35.00,-34.52,33.76,-0.582,0.591,-75383,75351,7.59,264.0,88.476,3026.790,1,1,1
36521520,35222,1,-35.00,35.00,-35.59,33.74,-0.577,0.591,-75409,75374,7.60,264.2,90.061,3027.691,1,1,1
36531526,35232,1,-35.00,35.00,-35.46,33.29,-0.577,0.593,-75433,75396,7.59,263.0,91.159,3028.604,1,1,1
36541533,35242,1,-35.00,35.00,-34.05,33.41,-0.582,0.592,-75454,75419,7.60,263.5,91.159,3029.516,1,1,1
36551544,35252,1,-35.00,35.00,-33.50,33.49,-0.584,0.591,-75476,75442,7.60,265.5,89.390,3030.411,1,1,1
36561552,35262,1,-35.00,35.00,-33.12,33.55,-0.586,0.592,-75498,75465,7.59,265.2,87.927,3031.291,1,1,1
36571565,35272,1,-35.00,35.00,-33.73,33.15,-0.583,0.593,-75522,75487,7.60,265.8,90.366,3032.195,1,1,1
36581574,35282,1,-35.00,35.00,-34.16,32.88,-0.582,0.594,-75546,75509,7.59,266.2,93.963,3033.136,1,1,1
36591579,35292,1,-35.00,35.00,-34.46,34.00,-0.581,0.590,-75570,75534,7.60,266.5,95.427,3034.091,1,1,1
36601580,35302,1,-35.00,35.00,-34.67,34.35,-0.581,0.590,-75594,75558,7.59,264.5,95.122,3035.043,1,1,1
36611589,35312,1,-35.00,35.00,-35.25,34.15,-0.579,0.591,-75619,75581,7.59,264.0,93.780,3035.982,1,1,1
36621606,35322,1,-35.00,35.00,-36.10,34.45,-0.575,0.590,-75645,75605,7.60,264.5,92.073,3036.903,1,1,1
36631609,35332,1,-35.00,35.00,-36.26,34.22,-0.574,0.591,-75670,75628,7.59,262.5,91.341,3037.818,1,1,1
36641622,35342,1,-35.00,35.00,-35.49,34.50,-0.576,0.589,-75693,75652,7.60,262.0,91.829,3038.737,1,1,1
36651633,35352,1,-35.00,35.00,-33.19,34.70,-0.584,0.588,-75712,75676,7.60,262.0,92.439,3039.662,1,1,1
36661640,35362,1,-35.00,35.00,-33.34,33.52,-0.585,0.593,-75735,75697,7.59,263.5,90.549,3040.568,1,1,1
36671652,35372,1,-35.00,35.00,-33.89,35.33,-0.583,0.587,-75759,75724,7.59,266.5,90.976,3041.479,1,1,1
36681655,35382,1,-35.00,35.00,-34.71,36.59,-0.580,0.582,-75784,75751,7.60,263.5,91.890,3042.399,1,1,1
36691660,35392,1,-35.00,35.00,-35.28,36.16,-0.578,0.583,-75809,75775,7.60,258.8,89.695,3043.296,1,1,1
36701663,35402,1,-35.00,35.00,-35.24,35.42,-0.578,0.585,-75833,75798,7.60,259.0,87.988,3044.177,1,1,1
36711670,35412,1,-35.00,35.00,-35.66,34.90,-0.576,0.586,-75858,75821,7.60,261.2,85.854,3045.036,1,1,1
36721678,35422,1,-35.00,35.00,-36.39,34.54,-0.574,0.589,-75884,75844,7.60,261.8,85.244,3045.890,1,1,1
36731685,35432,1,-35.00,35.00,-35.58,35.16,-0.577,0.587,-75907,75869,7.59,260.8,89.695,3046.787,1,1,1
36741693,35442,1,-35.00,35.00,-34.57,36.04,-0.580,0.583,-75929,75895,7.60,261.2,93.659,3047.725,1,1,1
36751706,35452,1,-35.00,35.00,-34.75,36.21,-0.580,0.582,-75953,75920,7.60,261.2,93.598,3048.662,1,1,1
36761706,35462,1,-35.00,35.00,-34.87,36.34,-0.580,0.582,-75977,75945,7.59,260.5,95.366,3049.616,1,1,1
36771713,35472,1,-35.00,35.00,-35.40,35.98,-0.577,0.582,-76002,75969,7.60,259.2,96.402,3050.581,1,1,1
36781713,35482,1,-35.00,35.00,-35.32,36.17,-0.578,0.581,-76026,75994,7.60,259.5,95.244,3051.534,1,1,1
36791720,35492,1,-35.00,35.00,-35.71,35.87,-0.576,0.582,-76051,76018,7.60,259.2,93.171,3052.467,1,1,1
36801724,35502,1,-35.00,35.00,-36.42,35.65,-0.573,0.582,-76077,76042,7.60,258.5,91.768,3053.385,1,1,1
36811736,35512,1,-35.00,35.00,-37.36,35.94,-0.570,0.581,-76104,76067,7.60,257.2,90.488,3054.291,1,1,1
36821746,35522,1,-35.00,35.00,-36.70,36.15,-0.572,0.581,-76128,76092,7.59,254.5,92.073,3055.213,1,1,1
36831751,35532,1,-35.00,35.00,-34.04,37.17,-0.582,0.577,-76147,76119,7.59,256.2,94.756,3056.161,1,1,1
36841761,35542,1,-35.00,35.00,-33.94,37.00,-0.581,0.575,-76170,76144,7.60,258.2,92.988,3057.092,1,1,1
36851773,35552,1,-35.00,35.00,-33.86,37.33,-0.583,0.574,-76193,76170,7.60,258.2,91.646,3058.009,1,1,1
36861782,35562,1,-35.00,35.00,-34.25,38.43,-0.582,0.568,-76217,76198,7.60,259.0,92.988,3058.940,1,1,1
36871788,35572,1,-35.00,35.00,-34.96,38.33,-0.581,0.569,-76242,76224,7.59,255.8,92.561,3059.866,1,1,1
36881791,35582,1,-35.00,35.00,-35.46,38.70,-0.579,0.566,-76267,76251,7.60,256.2,91.159,3060.779,1,1,1
36891797,35592,1,-35.00,35.00,-35.37,36.32,-0.579,0.573,-76291,76272,7.60,254.0,89.573,3061.675,1,1,1
36901797,35602,1,-35.00,35.00,-36.18,35.09,-0.576,0.577,-76317,76294,7.60,257.5,88.841,3062.564,1,1,1
36911804,35612,1,-35.00,35.00,-36.75,34.67,-0.573,0.579,-76343,76317,7.60,255.2,85.488,3063.420,1,1,1
36921807,35622,1,-35.00,35.00,-35.84,35.26,-0.576,0.577,-76366,76342,7.60,255.0,84.695,3064.268,1,1,1
36931812,35632,1,-35.00,35.00,-34.31,36.10,-0.581,0.573,-76387,76368,7.61,256.8,88.963,3065.158,1,1,1
36941812,35642,1,-35.00,35.00,-34.13,36.70,-0.582,0.571,-76410,76394,7.60,258.0,92.256,3066.082,1,1,1
36951815,35652,1,-35.00,35.00,-34.00,37.12,-0.583,0.568,-76433,76420,7.60,257.2,94.695,3067.029,1,1,1
36961815,35662,1,-35.00,35.00,-34.34,38.72,-0.583,0.562,-76457,76449,7.60,257.2,99.085,3068.021,1,1,1
36971822,35672,1,-35.00,35.00,-35.03,40.29,-0.582,0.555,-76482,76479,7.60,253.8,99.817,3069.020,1,1,1
36981830,35682,1,-35.00,35.00,-35.07,40.51,-0.583,0.553,-76506,76507,7.60,251.3,98.415,3070.005,1,1,1
36991837,35692,1,-35.00,35.00,-35.53,39.34,-0.581,0.556,-76531,76532,7.60,251.5,97.988,3070.986,1,1,1
37001845,35702,1,-35.00,35.00,-36.30,34.13,-0.577,0.574,-76557,76547,7.60,250.0,94.390,3071.930,1,1,1
37011858,35712,1,-35.00,35.00,-37.27,31.36,-0.572,0.585,-76584,76564,7.60,255.0,90.061,3072.832,1,1,1
37021871,35722,1,-35.00,35.00,-37.08,32.06,-0.572,0.583,-76609,76587,7.60,258.8,84.390,3073.677,1,1,1
37031879,35732,1,-35.00,35.00,-35.18,34.31,-0.578,0.576,-76630,76614,7.60,256.0,83.537,3074.513,1,1,1
37041879,35742,1,-35.00,35.00,-33.42,35.00,-0.585,0.573,-76650,76639,7.60,257.5,88.232,3075.396,1,1,1
37051882,35752,1,-35.00,35.00,-33.06,35.93,-0.587,0.570,-76672,76665,7.59,260.0,88.841,3076.285,1,1,1
37061895,35762,1,-35.00,35.00,-34.13,37.01,-0.584,0.565,-76697,76692,7.60,259.0,91.402,3077.200,1,1,1
37071906,35772,1,-35.00,35.00,-34.88,37.78,-0.582,0.562,-76722,76719,7.60,255.2,94.817,3078.149,1,1,1
37081917,35782,1,-35.00,35.00,-34.96,37.43,-0.582,0.562,-76746,76744,7.60,253.8,96.341,3079.113,1,1,1
37091918,35792,1,-35.00,35.00,-35.46,35.43,-0.580,0.569,-76771,76765,7.60,253.8,96.768,3080.081,1,1,1
37101921,35802,1,-35.00,35.00,-36.69,32.27,-0.574,0.581,-76798,76782,7.60,253.8,94.329,3081.025,1,1,1
37111933,35812,1,-35.00,35.00,-37.11,31.82,-0.572,0.584,-76824,76803,7.60,258.5,89.085,3081.917,1,1,1
37121933,35822,1,-35.00,35.00,-35.20,32.82,-0.578,0.580,-76845,76827,7.60,258.2,85.610,3082.774,1,1,1
37131943,35832,1,-35.00,35.00,-33.87,33.96,-0.583,0.577,-76866,76852,7.60,258.2,85.610,3083.631,1,1,1
37141948,35842,1,-35.00,35.00,-33.82,34.76,-0.584,0.575,-76889,76877,7.59,260.5,85.976,3084.491,1,1,1
37151951,35852,1,-35.00,35.00,-34.22,34.44,-0.582,0.575,-76913,76900,7.60,261.8,88.293,3085.375,1,1,1
37161958,35862,1,-35.00,35.00,-34.50,34.21,-0.581,0.576,-76937,76923,7.60,261.2,91.951,3086.296,1,1,1
37171964,35872,1,-35.00,35.00,-34.70,33.62,-0.580,0.579,-76961,76945,7.60,259.5,93.780,3087.234,1,1,1
37181971,35882,1,-35.00,35.00,-34.83,33.64,-0.580,0.579,-76985,76968,7.60,260.2,93.841,3088.174,1,1,1
37191986,35892,1,-35.00,35.00,-35.37,32.78,-0.578,0.584,-77010,76989,7.59,260.0,94.878,3089.123,1,1,1
37201986,35902,1,-35.00,35.00,-35.75,32.61,-0.576,0.585,-77035,77011,7.59,261.8,95.854,3090.083,1,1,1
37211986,35912,1,-35.00,35.00,-35.57,32.50,-0.576,0.585,-77059,77033,7.60,261.5,95.732,3091.041,1,1,1
37221997,35922,1,-35.00,35.00,-35.01,32.85,-0.578,0.586,-77082,77056,7.59,261.0,94.512,3091.987,1,1,1
37232007,35933,1,-35.00,35.00,-34.17,33.11,-0.581,0.586,-77104,77079,7.59,263.0,90.549,3092.893,1,1,1
37242017,35943,1,-35.00,35.00,-33.59,33.28,-0.583,0.585,-77126,77102,7.60,263.0,86.585,3093.760,1,1,1
37252031,35953,1,-35.00,35.00,-33.18,33.40,-0.585,0.585,-77148,77125,7.59,263.0,87.256,3094.633,1,1,1
37262034,35963,1,-35.00,35.00,-33.77,33.49,-0.583,0.584,-77172,77148,7.60,263.5,90.244,3095.536,1,1,1
37272038,35973,1,-35.00,35.00,-34.19,33.55,-0.582,0.585,-77196,77171,7.60,260.8,93.415,3096.471,1,1,1
37282042,35983,1,-35.00,35.00,-34.48,33.15,-0.581,0.587,-77220,77193,7.60,261.5,94.756,3097.420,1,1,1
37292055,35993,1,-35.00,35.00,-34.68,32.44,-0.580,0.590,-77244,77214,7.60,264.0,93.537,3098.356,1,1,1
37302055,36003,1,-35.00,35.00,-35.26,31.93,-0.578,0.594,-77269,77235,7.59,262.8,91.707,3099.274,1,1,1
37312055,36013,1,-35.00,35.00,-35.23,32.02,-0.577,0.594,-77293,77257,7.59,265.8,91.159,3100.186,1,1,1
37322061,36023,1,-35.00,35.00,-33.89,32.96,-0.583,0.592,-77314,77281,7.59,264.0,92.744,3101.115,1,1,1
37332064,36033,1,-35.00,35.00,-33.39,33.62,-0.585,0.590,-77336,77305,7.59,267.0,93.354,3102.049,1,1,1
37342064,36043,1,-35.00,35.00,-33.04,33.64,-0.586,0.590,-77358,77328,7.59,266.8,92.805,3102.978,1,1,1
37352064,36053,1,-35.00,35.00,-33.68,33.66,-0.585,0.591,-77382,77351,7.58,264.2,94.390,3103.923,1,1,1
37362070,36063,1,-35.00,35.00,-34.12,32.79,-0.583,0.594,-77406,77372,7.59,266.8,95.366,3104.877,1,1,1
37372076,36073,1,-35.00,35.00,-34.43,32.18,-0.581,0.596,-77430,77393,7.60,267.2,96.768,3105.846,1,1,1
37382085,36083,1,-35.00,35.00,-34.65,32.63,-0.580,0.595,-77454,77416,7.59,266.8,96.768,3106.814,1,1,1
37392095,36093,1,-35.00,35.00,-35.24,32.07,-0.578,0.598,-77479,77437,7.59,267.2,96.341,3107.778,1,1,1
37402110,36103,1,-35.00,35.00,-35.65,32.56,-0.575,0.596,-77504,77460,7.60,267.0,94.512,3108.724,1,1,1
37412117,36113,1,-35.00,35.00,-34.63,33.34,-0.579,0.593,-77526,77484,7.59,265.8,94.756,3109.673,1,1,1
37422131,36123,1,-35.00,35.00,-34.35,33.44,-0.581,0.594,-77549,77507,7.59,266.0,95.732,3110.631,1,1,1
37432143,36133,1,-35.00,35.00,-33.71,33.52,-0.582,0.593,-77571,77530,7.59,266.0,94.634,3111.578,1,1,1
37442156,36143,1,-35.00,35.00,-33.70,33.57,-0.582,0.592,-77594,77553,7.60,264.8,93.659,3112.516,1,1,1
37452170,36153,1,-35.00,35.00,-34.58,32.73,-0.580,0.596,-77619,77574,7.59,266.2,93.841,3113.455,1,1,1
37462180,36163,1,-35.00,35.00,-34.75,31.70,-0.579,0.600,-77643,77594,7.59,266.0,95.061,3114.406,1,1,1
37472193,36173,1,-35.00,35.00,-35.31,31.42,-0.576,0.601,-77668,77615,7.60,266.8,95.488,3115.362,1,1,1
37482195,36183,1,-35.00,35.00,-34.39,32.54,-0.579,0.597,-77690,77639,7.59,265.2,95.488,3116.317,1,1,1
37492195,36193,1,-35.00,35.00,-33.74,33.32,-0.581,0.594,-77712,77663,7.60,265.5,94.573,3117.264,1,1,1
37502201,36203,1,-35.00,35.00,-33.72,33.43,-0.581,0.594,-77735,77686,7.60,266.5,89.085,3118.156,1,1,1
37512208,36213,1,-35.00,35.00,-33.71,33.07,-0.581,0.596,-77758,77708,7.59,266.0,87.866,3119.035,1,1,1
37522222,36223,1,-35.00,35.00,-34.15,32.82,-0.580,0.597,-77782,77730,7.59,266.8,89.695,3119.933,1,1,1
37532225,36233,1,-35.00,35.00,-34.01,32.64,-0.580,0.597,-77805,77752,7.59,268.5,92.256,3120.856,1,1,1
37542234,36243,1,-35.00,35.00,-33.48,32.52,-0.581,0.597,-77827,77774,7.59,267.5,95.854,3121.815,1,1,1
37552238,36253,1,-35.00,35.00,-33.54,32.43,-0.581,0.598,-77850,77796,7.59,270.2,99.817,3122.814,1,1,1
37562249,36263,1,-35.00,35.00,-33.15,32.37,-0.582,0.598,-77872,77818,7.59,268.2,102.012,3123.835,1,1,1
37572249,36273,1,-35.00,35.00,-32.87,32.77,-0.583,0.597,-77894,77841,7.59,270.8,102.012,3124.856,1,1,1
37582256,36283,1,-35.00,35.00,-32.68,32.60,-0.584,0.598,-77916,77863,7.59,270.0,101.585,3125.873,1,1,1
37592256,36293,1,-35.00,35.00,-32.98,32.05,-0.583,0.600,-77939,77884,7.59,270.0,100.000,3126.874,1,1,1
37602269,36303,1,-35.00,35.00,-33.19,32.10,-0.582,0.600,-77962,77906,7.59,270.5,96.585,3127.840,1,1,1
37612271,36313,1,-35.00,35.00,-32.90,32.58,-0.583,0.598,-77984,77929,7.59,269.2,97.134,3128.812,1,1,1
37622279,36323,1,-35.00,35.00,-33.14,32.91,-0.582,0.597,-78007,77952,7.59,271.0,100.488,3129.818,1,1,1
37632291,36333,1,-35.00,35.00,-33.31,33.15,-0.582,0.596,-78030,77975,7.59,268.8,103.415,3130.853,1,1,1
37642299,36343,1,-35.00,35.00,-32.98,33.75,-0.583,0.594,-78052,77999,7.59,267.0,105.183,3131.906,1,1,1
37652307,36353,1,-35.00,35.00,-33.19,34.61,-0.582,0.591,-78075,78024,7.60,267.8,104.817,3132.955,1,1,1
37662321,36363,1,-35.00,35.00,-33.34,34.77,-0.583,0.591,-78098,78048,7.59,266.0,102.683,3133.982,1,1,1
37672332,36373,1,-35.00,35.00,-33.45,34.45,-0.582,0.591,-78121,78071,7.60,265.5,102.256,3135.006,1,1,1
37682340,36383,1,-35.00,35.00,-34.84,32.90,-0.577,0.597,-78147,78091,7.60,263.8,103.902,3136.045,1,1,1
37692344,36393,1,-35.00,35.00,-37.13,32.70,-0.568,0.598,-78176,78113,7.60,265.5,104.207,3137.088,1,1,1
37702344,36403,1,-35.00,35.00,-35.66,33.00,-0.572,0.597,-78198,78136,7.60,262.8,97.866,3138.068,1,1,1
37712347,36413,1,-35.00,35.00,-33.31,33.65,-0.581,0.595,-78217,78160,7.59,263.8,94.146,3139.010,1,1,1
37722347,36423,1,-35.00,35.00,-32.55,34.54,-0.584,0.592,-78238,78185,7.59,266.5,92.744,3139.938,1,1,1
37732347,36433,1,-35.00,35.00,-32.89,35.16,-0.585,0.591,-78261,78210,7.58,267.2,92.500,3140.864,1,1,1
37742352,36443,1,-35.00,35.00,-33.57,35.60,-0.581,0.587,-78285,78235,7.60,264.8,94.878,3141.814,1,1,1
37752362,36453,1,-35.00,35.00,-34.05,35.47,-0.580,0.587,-78309,78259,7.60,262.2,98.232,3142.797,1,1,1
37762368,36463,1,-35.00,35.00,-34.38,34.06,-0.578,0.593,-78333,78280,7.60,261.8,100.732,3143.805,1,1,1
37772368,36473,1,-35.00,35.00,-34.17,33.51,-0.579,0.594,-78356,78302,7.60,265.5,102.134,3144.827,1,1,1
37782377,36483,1,-35.00,35.00,-35.35,33.56,-0.575,0.595,-78382,78325,7.60,265.2,99.512,3145.823,1,1,1
37792385,36493,1,-35.00,35.00,-36.17,34.04,-0.572,0.594,-78408,78349,7.59,262.2,97.927,3146.803,1,1,1
37802390,36503,1,-35.00,35.00,-34.55,34.38,-0.577,0.592,-78429,78373,7.60,261.2,100.915,3147.813,1,1,1
37812390,36513,1,-35.00,35.00,-32.97,35.49,-0.583,0.588,-78449,78399,7.60,263.8,102.988,3148.844,1,1,1
37822399,36523,1,-35.00,35.00,-32.31,36.27,-0.588,0.586,-78470,78425,7.57,262.2,99.451,3149.839,1,1,1
37832413,36533,1,-35.00,35.00,-32.72,36.37,-0.585,0.584,-78493,78450,7.60,263.8,95.671,3150.797,1,1,1
37842413,36543,1,-35.00,35.00,-33.45,36.45,-0.583,0.583,-78517,78475,7.59,263.0,96.402,3151.762,1,1,1
37852413,36553,1,-35.00,35.00,-33.52,36.94,-0.583,0.580,-78540,78501,7.60,260.5,99.878,3152.761,1,1,1
37862423,36563,1,-35.00,35.00,-33.57,36.40,-0.584,0.582,-78563,78525,7.59,261.0,97.927,3153.741,1,1,1
37872435,36573,1,-35.00,35.00,-34.05,33.83,-0.581,0.590,-78587,78544,7.60,261.8,95.976,3154.702,1,1,1
37882435,36583,1,-35.00,35.00,-35.70,33.35,-0.575,0.593,-78614,78566,7.60,264.5,93.841,3155.641,1,1,1
37892444,36593,1,-35.00,35.00,-34.66,33.89,-0.579,0.592,-78636,78590,7.59,261.5,95.061,3156.592,1,1,1
37902458,36603,1,-35.00,35.00,-33.05,34.27,-0.584,0.589,-78656,78614,7.60,263.2,95.915,3157.552,1,1,1
37912468,36613,1,-35.00,35.00,-32.36,35.86,-0.587,0.583,-78677,78641,7.60,265.0,94.573,3158.499,1,1,1
37922481,36623,1,-35.00,35.00,-32.76,36.52,-0.586,0.581,-78700,78667,7.59,263.8,97.500,3159.475,1,1,1
37932492,36633,1,-35.00,35.00,-33.04,37.43,-0.587,0.577,-78723,78694,7.59,263.0,101.037,3160.486,1,1,1
37942504,36643,1,-35.00,35.00,-33.24,37.19,-0.586,0.577,-78746,78719,7.60,262.2,99.512,3161.482,1,1,1
37952513,36653,1,-35.00,35.00,-33.81,36.14,-0.584,0.580,-78770,78742,7.59,262.0,96.768,3162.450,1,1,1
37962522,36663,1,-35.00,35.00,-33.78,34.53,-0.584,0.585,-78793,78763,7.60,262.0,95.488,3163.406,1,1,1
37972522,36673,1,-35.00,35.00,-34.19,33.84,-0.582,0.588,-78817,78785,7.60,262.2,94.878,3164.355,1,1,1
37982529,36683,1,-35.00,35.00,-35.80,33.79,-0.577,0.589,-78844,78808,7.59,263.0,94.939,3165.306,1,1,1
37992535,36693,1,-35.00,35.00,-36.92,33.32,-0.572,0.592,-78871,78830,7.59,261.2,96.768,3166.274,1,1,1
38002542,36703,1,-35.00,35.00,-34.20,33.87,-0.581,0.590,-78890,78854,7.59,260.5,97.622,3167.251,1,1,1
38012544,36713,1,-35.00,35.00,-32.29,34.70,-0.588,0.586,-78909,78879,7.60,263.2,96.768,3168.220,1,1,1
38022550,36723,1,-35.00,35.00,-31.83,35.71,-0.591,0.583,-78930,78905,7.59,263.8,95.793,3169.178,1,1,1
38032556,36733,1,-35.00,35.00,-32.83,37.30,-0.589,0.577,-78954,78933,7.58,266.2,97.134,3170.151,1,1,1
38042559,36743,1,-35.00,35.00,-33.09,37.10,-0.588,0.576,-78977,78958,7.59,264.2,98.110,3171.133,1,1,1
38052571,36753,1,-35.00,35.00,-33.71,36.52,-0.586,0.577,-79001,78982,7.60,261.5,97.622,3172.110,1,1,1
38062580,36763,1,-35.00,35.00,-34.14,34.79,-0.584,0.583,-79025,79003,7.59,260.5,97.073,3173.081,1,1,1
38072580,36773,1,-35.00,35.00,-34.45,33.14,-0.582,0.589,-79049,79023,7.60,262.5,95.671,3174.039,1,1,1
38082580,36783,1,-35.00,35.00,-37.74,32.43,-0.570,0.593,-79080,79044,7.60,263.8,92.561,3174.965,1,1,1
38092580,36793,1,-35.00,35.00,-36.96,32.37,-0.572,0.595,-79104,79066,7.59,261.2,91.463,3175.881,1,1,1
38102589,36803,1,-35.00,35.00,-34.66,33.20,-0.579,0.591,-79124,79090,7.60,262.0,91.951,3176.801,1,1,1
38112606,36813,1,-35.00,35.00,-32.61,33.79,-0.588,0.590,-79143,79114,7.59,263.5,89.939,3177.701,1,1,1
38122609,36823,1,-35.00,35.00,-29.86,34.64,-0.598,0.586,-79159,79139,7.59,267.2,88.537,3178.587,1,1,1
38132609,36833,1,-35.00,35.00,-33.65,34.35,-0.585,0.587,-79188,79162,7.60,271.0,88.780,3179.476,1,1,1
38142609,36843,1,-35.00,35.00,-34.10,34.16,-0.583,0.588,-79212,79185,7.60,264.5,91.951,3180.396,1,1,1
38152622,36853,1,-35.00,35.00,-33.98,34.46,-0.584,0.588,-79235,79209,7.59,265.0,93.780,3181.335,1,1,1
38162622,36863,1,-35.00,35.00,-34.33,33.79,-0.583,0.590,-79259,79231,7.59,265.5,92.256,3182.259,1,1,1
38172622,36873,1,-35.00,35.00,-35.46,32.88,-0.578,0.593,-79285,79252,7.60,263.8,93.232,3183.192,1,1,1
38182622,36883,1,-35.00,35.00,-38.00,33.12,-0.569,0.594,-79315,79275,7.59,264.8,97.988,3184.172,1,1,1
38192637,36893,1,-35.00,35.00,-35.83,33.29,-0.576,0.593,-79336,79298,7.59,261.2,101.341,3185.187,1,1,1
38202648,36903,1,-35.00,35.00,-33.87,33.41,-0.582,0.592,-79356,79321,7.60,263.8,97.500,3186.162,1,1,1
38212660,36913,1,-35.00,35.00,-32.94,33.50,-0.585,0.591,-79377,79344,7.60,265.8,89.817,3187.061,1,1,1
38222660,36923,1,-35.00,35.00,-32.29,33.55,-0.588,0.591,-79398,79367,7.60,265.5,85.122,3187.913,1,1,1
38232665,36933,1,-35.00,35.00,-33.59,33.16,-0.584,0.593,-79423,79389,7.59,267.2,85.427,3188.768,1,1,1
38242668,36943,1,-35.00,35.00,-34.06,33.76,-0.583,0.591,-79447,79413,7.59,268.5,88.598,3189.655,1,1,1
38252670,36953,1,-35.00,35.00,-34.39,33.74,-0.581,0.591,-79471,79436,7.60,265.8,89.451,3190.550,1,1,1
38262683,36963,1,-35.00,35.00,-35.06,33.28,-0.578,0.592,-79496,79458,7.60,264.5,89.756,3191.449,1,1,1
38272697,36973,1,-35.00,35.00,-36.41,33.41,-0.574,0.593,-79523,79481,7.60,265.0,91.524,3192.365,1,1,1
38282709,36983,1,-35.00,35.00,-35.59,33.05,-0.576,0.594,-79546,79503,7.60,262.5,93.720,3193.303,1,1,1
38292715,36993,1,-35.00,35.00,-33.26,33.68,-0.584,0.591,-79565,79527,7.60,263.2,94.939,3194.253,1,1,1
38302724,37003,1,-35.00,35.00,-32.95,33.25,-0.585,0.593,-79587,79549,7.60,266.8,91.341,3195.167,1,1,1
38312728,37013,1,-35.00,35.00,-33.61,33.38,-0.583,0.593,-79611,79572,7.59,267.2,89.329,3196.061,1,1,1
38322736,37023,1,-35.00,35.00,-34.08,33.03,-0.581,0.594,-79635,79594,7.59,264.8,90.976,3196.972,1,1,1
38332736,37033,1,-35.00,35.00,-34.40,32.79,-0.580,0.596,-79659,79616,7.59,267.0,93.476,3197.907,1,1,1
38342746,37043,1,-35.00,35.00,-34.63,33.50,-0.579,0.593,-79683,79640,7.59,266.2,93.780,3198.846,1,1,1
38352751,37053,1,-35.00,35.00,-34.79,34.00,-0.579,0.592,-79707,79664,7.59,264.8,92.622,3199.773,1,1,1
38362765,37063,1,-35.00,35.00,-36.22,34.35,-0.574,0.591,-79734,79688,7.60,263.0,92.256,3200.697,1,1,1
38372776,37073,1,-35.00,35.00,-36.34,34.15,-0.573,0.592,-79759,79711,7.59,260.8,92.256,3201.620,1,1,1
38382782,37083,1,-35.00,35.00,-36.42,34.01,-0.572,0.592,-79784,79734,7.60,261.0,93.293,3202.554,1,1,1
38392791,37093,1,-35.00,35.00,-34.28,34.36,-0.579,0.591,-79804,79758,7.59,261.5,94.085,3203.495,1,1,1
38402804,37103,1,-35.00,35.00,-33.67,34.16,-0.581,0.591,-79826,79781,7.60,264.8,93.293,3204.429,1,1,1
38412804,37113,1,-35.00,35.00,-33.67,34.46,-0.582,0.590,-79849,79805,7.59,265.0,91.829,3205.348,1,1,1
38422815,37123,1,-35.00,35.00,-35.00,35.11,-0.577,0.588,-79875,79830,7.60,263.5,93.049,3206.280,1,1,1
38432819,37133,1,-35.00,35.00,-35.48,36.00,-0.576,0.585,-79900,79856,7.60,262.5,92.256,3207.203,1,1,1
38442827,37143,1,-35.00,35.00,-35.39,34.87,-0.576,0.589,-79924,79878,7.60,260.0,90.610,3208.110,1,1,1
38452835,37153,1,-35.00,35.00,-35.76,34.51,-0.574,0.590,-79949,79901,7.60,262.5,89.207,3209.003,1,1,1
38462842,37163,1,-35.00,35.00,-37.33,34.27,-0.568,0.592,-79977,79924,7.60,262.5,87.988,3209.884,1,1,1
38472852,37173,1,-35.00,35.00,-37.56,34.53,-0.567,0.591,-80003,79948,7.60,259.5,90.122,3210.786,1,1,1
38482864,37183,1,-35.00,35.00,-35.08,35.16,-0.574,0.588,-80023,79973,7.61,258.2,95.793,3211.744,1,1,1
38492867,37193,1,-35.00,35.00,-33.79,35.60,-0.580,0.587,-80044,79998,7.60,259.8,95.793,3212.703,1,1,1
38502873,37203,1,-35.00,35.00,-33.76,36.34,-0.580,0.584,-80067,80024,7.60,262.5,93.720,3213.641,1,1,1
38512882,37213,1,-35.00,35.00,-34.62,36.43,-0.578,0.583,-80092,80049,7.60,260.8,95.366,3214.596,1,1,1
38522891,37223,1,-35.00,35.00,-35.66,35.61,-0.574,0.586,-80118,80072,7.60,258.0,96.220,3215.559,1,1,1
38532903,37233,1,-35.00,35.00,-35.95,35.47,-0.573,0.586,-80143,80096,7.60,259.0,95.854,3216.518,1,1,1
38542913,37243,1,-35.00,35.00,-36.15,35.38,-0.572,0.587,-80168,80120,7.59,260.2,92.927,3217.448,1,1,1
38552925,37253,1,-35.00,35.00,-36.73,35.75,-0.569,0.585,-80194,80145,7.60,259.8,89.268,3218.342,1,1,1
38562926,37263,1,-35.00,35.00,-37.14,35.57,-0.567,0.586,-80220,80169,7.60,256.2,87.988,3219.222,1,1,1
38572933,37273,1,-35.00,35.00,-35.22,36.33,-0.574,0.583,-80241,80195,7.59,255.5,91.707,3220.140,1,1,1
38582940,37283,1,-35.00,35.00,-34.32,36.41,-0.577,0.581,-80263,80220,7.60,258.5,93.720,3221.078,1,1,1
38592951,37293,1,-35.00,35.00,-34.13,36.92,-0.579,0.580,-80286,80246,7.59,258.8,90.549,3221.984,1,1,1
38602958,37303,1,-35.00,35.00,-34.44,37.71,-0.578,0.576,-80310,80273,7.60,257.5,91.280,3222.898,1,1,1
38612964,37313,1,-35.00,35.00,-34.66,37.38,-0.577,0.576,-80334,80298,7.60,256.2,92.439,3223.823,1,1,1
38622964,37323,1,-35.00,35.00,-35.25,36.27,-0.575,0.579,-80359,80321,7.61,256.2,91.402,3224.738,1,1,1
38632966,37333,1,-35.00,35.00,-35.66,36.38,-0.574,0.578,-80384,80346,7.60,256.5,90.366,3225.643,1,1,1
38642970,37343,1,-35.00,35.00,-35.95,35.57,-0.572,0.581,-80409,80369,7.61,255.8,88.902,3226.532,1,1,1
38652979,37353,1,-35.00,35.00,-36.59,35.45,-0.571,0.582,-80435,80393,7.59,256.2,87.439,3227.408,1,1,1
38662982,37363,1,-35.00,35.00,-36.60,35.80,-0.570,0.581,-80460,80418,7.59,256.8,87.195,3228.281,1,1,1
38672988,37373,1,-35.00,35.00,-35.29,36.05,-0.575,0.580,-80482,80443,7.59,257.2,90.488,3229.186,1,1,1
38683001,37384,1,-35.00,35.00,-33.93,36.22,-0.579,0.577,-80503,80468,7.60,258.0,92.073,3230.108,1,1,1
38693001,37394,1,-35.00,35.00,-33.42,36.78,-0.582,0.575,-80525,80494,7.60,257.5,91.159,3231.020,1,1,1
38703004,37404,1,-35.00,35.00,-33.94,36.73,-0.580,0.574,-80549,80519,7.60,261.0,94.695,3231.968,1,1,1
38713009,37414,1,-35.00,35.00,-34.30,38.02,-0.581,0.570,-80573,80547,7.59,257.5,100.305,3232.972,1,1,1
38723017,37424,1,-35.00,35.00,-34.56,38.04,-0.580,0.568,-80597,80573,7.60,257.0,102.988,3234.003,1,1,1
38733019,37434,1,-35.00,35.00,-35.18,36.29,-0.577,0.573,-80622,80595,7.60,256.2,102.500,3235.029,1,1,1
38743019,37444,1,-35.00,35.00,-36.05,35.95,-0.574,0.575,-80648,80619,7.60,257.5,101.890,3236.048,1,1,1
38753027,37454,1,-35.00,35.00,-38.86,33.96,-0.564,0.583,-80679,80639,7.59,254.5,99.756,3237.047,1,1,1
38763039,37464,1,-35.00,35.00,-39.51,33.44,-0.559,0.585,-80707,80661,7.61,255.2,95.366,3238.001,1,1,1
38773042,37474,1,-35.00,35.00,-37.76,34.83,-0.564,0.580,-80730,80687,7.60,254.0,95.061,3238.953,1,1,1
38783047,37484,1,-35.00,35.00,-34.78,35.81,-0.574,0.576,-80749,80713,7.60,254.2,96.402,3239.917,1,1,1
38793061,37494,1,-35.00,35.00,-31.38,36.05,-0.586,0.574,-80765,80738,7.60,255.5,94.878,3240.867,1,1,1
38803064,37504,1,-35.00,35.00,-30.75,37.54,-0.591,0.568,-80785,80766,7.59,260.2,92.073,3241.789,1,1,1
38813064,37514,1,-35.00,35.00,-32.51,38.14,-0.586,0.565,-80810,80793,7.60,261.0,89.451,3242.684,1,1,1
38823077,37524,1,-35.00,35.00,-33.75,38.13,-0.584,0.565,-80835,80819,7.59,256.0,90.427,3243.589,1,1,1
38833079,37534,1,-35.00,35.00,-34.17,37.24,-0.583,0.567,-80859,80843,7.59,255.8,91.890,3244.509,1,1,1
38843084,37544,1,-35.00,35.00,-34.90,33.97,-0.579,0.577,-80884,80861,7.60,254.5,92.195,3245.432,1,1,1
38853095,37554,1,-35.00,35.00,-35.42,32.13,-0.577,0.585,-80909,80880,7.59,258.2,89.512,3246.328,1,1,1
38863109,37564,1,-35.00,35.00,-35.78,31.72,-0.574,0.587,-80934,80901,7.60,261.2,84.695,3247.175,1,1,1
38873110,37574,1,-35.00,35.00,-34.71,33.63,-0.579,0.581,-80956,80927,7.60,261.2,82.988,3248.006,1,1,1
38883116,37584,1,-35.00,35.00,-34.41,34.53,-0.580,0.579,-80979,80952,7.59,259.0,82.378,3248.831,1,1,1
38893128,37594,1,-35.00,35.00,-33.75,34.28,-0.582,0.579,-81001,80975,7.60,260.5,82.500,3249.656,1,1,1
38903128,37604,1,-35.00,35.00,-34.17,34.10,-0.581,0.580,-81025,80998,7.60,261.2,85.549,3250.513,1,1,1
38913134,37614,1,-35.00,35.00,-34.91,33.98,-0.578,0.581,-81050,81021,7.60,260.5,92.317,3251.437,1,1,1
38923147,37624,1,-35.00,35.00,-34.98,34.33,-0.578,0.580,-81074,81045,7.60,259.8,97.866,3252.416,1,1,1
38933150,37634,1,-35.00,35.00,-35.91,34.14,-0.575,0.581,-81100,81068,7.60,258.8,100.366,3253.421,1,1,1
38943150,37644,1,-35.00,35.00,-36.13,34.01,-0.574,0.582,-81125,81091,7.60,258.2,99.756,3254.419,1,1,1
38953158,37654,1,-35.00,35.00,-35.83,33.03,-0.574,0.586,-81149,81112,7.60,258.5,97.073,3255.390,1,1,1
38963165,37664,1,-35.00,35.00,-35.19,32.79,-0.575,0.587,-81172,81134,7.60,259.8,94.329,3256.334,1,1,1
38973165,37674,1,-35.00,35.00,-33.86,33.06,-0.580,0.586,-81193,81157,7.61,261.8,91.768,3257.253,1,1,1
38983165,37684,1,-35.00,35.00,-32.93,32.81,-0.584,0.589,-81214,81179,7.59,262.8,86.646,3258.120,1,1,1
38993173,37694,1,-35.00,35.00,-32.72,33.51,-0.586,0.586,-81236,81203,7.59,264.2,85.732,3258.978,1,1,1
39003186,37704,1,-35.00,35.00,-33.45,33.13,-0.584,0.589,-81260,81225,7.59,263.5,89.756,3259.877,1,1,1
39013186,37714,1,-35.00,35.00,-33.96,32.86,-0.582,0.590,-81284,81247,7.59,266.2,93.476,3260.812,1,1,1
39023188,37724,1,-35.00,35.00,-34.32,33.11,-0.581,0.590,-81308,81270,7.59,265.8,97.744,3261.791,1,1,1
39033188,37734,1,-35.00,35.00,-35.01,33.28,-0.578,0.590,-81333,81293,7.60,263.2,100.122,3262.792,1,1,1
39043188,37744,1,-35.00,35.00,-35.49,32.97,-0.576,0.592,-81358,81315,7.59,264.0,98.476,3263.778,1,1,1
39053195,37754,1,-35.00,35.00,-35.83,32.30,-0.574,0.595,-81383,81336,7.60,263.8,94.085,3264.720,1,1,1
39063208,37764,1,-35.00,35.00,-34.31,32.28,-0.580,0.596,-81404,81358,7.59,263.2,91.951,3265.640,1,1,1
39073208,37774,1,-35.00,35.00,-33.25,33.14,-0.584,0.594,-81425,81382,7.58,266.0,91.341,3266.554,1,1,1
39083222,37784,1,-35.00,35.00,-33.38,33.75,-0.583,0.591,-81448,81406,7.60,267.5,90.366,3267.459,1,1,1
39093223,37794,1,-35.00,35.00,-33.47,33.73,-0.583,0.592,-81471,81429,7.59,266.0,93.049,3268.390,1,1,1
39103223,37804,1,-35.00,35.00,-33.98,33.28,-0.582,0.594,-81495,81451,7.59,265.8,96.829,3269.359,1,1,1
39113238,37814,1,-35.00,35.00,-34.33,32.96,-0.579,0.594,-81519,81473,7.60,266.2,100.366,3270.364,1,1,1
39123238,37824,1,-35.00,35.00,-34.58,32.74,-0.580,0.597,-81543,81495,7.58,265.5,102.134,3271.386,1,1,1
39133241,37834,1,-35.00,35.00,-35.19,33.03,-0.577,0.596,-81568,81518,7.59,267.5,104.817,3272.435,1,1,1
39143247,37844,1,-35.00,35.00,-36.50,32.79,-0.572,0.597,-81595,81540,7.59,265.2,102.134,3273.457,1,1,1
39153249,37854,1,-35.00,35.00,-35.22,33.06,-0.575,0.596,-81617,81563,7.60,263.0,98.902,3274.447,1,1,1
39163262,37864,1,-35.00,35.00,-34.32,33.69,-0.578,0.594,-81639,81587,7.60,263.8,96.951,3275.417,1,1,1
39173271,37874,1,-35.00,35.00,-33.69,33.25,-0.581,0.595,-81661,81609,7.59,265.8,92.500,3276.343,1,1,1
39183277,37884,1,-35.00,35.00,-33.25,33.38,-0.582,0.595,-81683,81632,7.59,266.5,91.098,3277.255,1,1,1
39193284,37894,1,-35.00,35.00,-34.26,33.04,-0.579,0.596,-81708,81654,7.59,267.5,92.866,3278.184,1,1,1
39203292,37904,1,-35.00,35.00,-34.97,32.79,-0.576,0.597,-81733,81676,7.59,266.8,96.707,3279.152,1,1,1
39213301,37914,1,-35.00,35.00,-35.47,32.18,-0.574,0.600,-81758,81697,7.59,266.2,100.366,3280.156,1,1,1
39223313,37924,1,-35.00,35.00,-34.93,32.64,-0.576,0.599,-81781,81720,7.59,263.8,101.524,3281.173,1,1,1
39233323,37934,1,-35.00,35.00,-33.68,33.83,-0.580,0.594,-81802,81745,7.60,265.8,99.634,3282.170,1,1,1
39243331,37944,1,-35.00,35.00,-33.68,33.35,-0.581,0.596,-81825,81767,7.59,266.2,92.561,3283.096,1,1,1
39253336,37954,1,-35.00,35.00,-33.69,33.01,-0.580,0.597,-81848,81789,7.59,269.8,85.854,3283.956,1,1,1
39263338,37964,1,-35.00,35.00,-34.13,32.78,-0.578,0.598,-81872,81811,7.60,267.0,86.341,3284.820,1,1,1
39273347,37974,1,-35.00,35.00,-34.00,32.61,-0.579,0.599,-81895,81833,7.59,267.2,89.512,3285.716,1,1,1
39283360,37984,1,-35.00,35.00,-33.47,32.94,-0.580,0.597,-81917,81856,7.60,268.2,93.293,3286.650,1,1,1
39293367,37994,1,-35.00,35.00,-33.53,32.72,-0.580,0.598,-81940,81878,7.59,268.8,98.537,3287.636,1,1,1
39303370,38004,1,-35.00,35.00,-33.14,33.01,-0.581,0.597,-81962,81901,7.59,267.5,102.317,3288.660,1,1,1
39313377,38014,1,-35.00,35.00,-33.31,32.78,-0.580,0.598,-81985,81923,7.59,268.0,104.024,3289.701,1,1,1
39323383,38024,1,-35.00,35.00,-32.98,33.49,-0.584,0.597,-82007,81947,7.57,267.2,105.671,3290.758,1,1,1
39333390,38034,1,-35.00,35.00,-32.76,33.11,-0.582,0.597,-82029,81969,7.59,268.5,105.610,3291.815,1,1,1
39343401,38044,1,-35.00,35.00,-33.48,32.85,-0.580,0.598,-82053,81991,7.59,269.8,102.256,3292.839,1,1,1
39353405,38054,1,-35.00,35.00,-33.54,32.22,-0.580,0.601,-82076,82012,7.59,267.5,97.317,3293.812,1,1,1
39363405,38064,1,-35.00,35.00,-33.59,32.66,-0.579,0.598,-82099,82035,7.60,268.8,99.634,3294.810,1,1,1
39373405,38074,1,-35.00,35.00,-33.18,33.41,-0.580,0.596,-82121,82059,7.60,268.0,103.293,3295.843,1,1,1
39383407,38084,1,-35.00,35.00,-32.89,33.93,-0.582,0.594,-82143,82083,7.60,267.0,105.488,3296.899,1,1,1
39393416,38094,1,-35.00,35.00,-33.13,34.30,-0.581,0.593,-82166,82107,7.60,266.5,104.268,3297.942,1,1,1
39403429,38104,1,-35.00,35.00,-33.30,35.00,-0.581,0.591,-82189,82132,7.59,266.2,102.988,3298.973,1,1,1
39413431,38114,1,-35.00,35.00,-33.86,35.48,-0.580,0.589,-82213,82157,7.59,263.8,104.390,3300.018,1,1,1
39423438,38124,1,-35.00,35.00,-34.25,34.07,-0.579,0.594,-82237,82178,7.59,262.8,107.134,3301.090,1,1,1
39433438,38134,1,-35.00,35.00,-36.28,33.08,-0.571,0.598,-82265,82199,7.59,264.5,104.268,3302.134,1,1,1
39443444,38144,1,-35.00,35.00,-36.82,33.26,-0.568,0.598,-82291,82222,7.59,262.8,98.476,3303.119,1,1,1
39453446,38154,1,-35.00,35.00,-34.56,33.83,-0.576,0.596,-82311,82246,7.59,261.0,95.793,3304.078,1,1,1
39463453,38164,1,-35.00,35.00,-32.98,34.67,-0.581,0.592,-82331,82271,7.60,263.2,95.122,3305.030,1,1,1
39473453,38174,1,-35.00,35.00,-32.76,35.69,-0.583,0.588,-82353,82297,7.59,264.8,95.610,3305.987,1,1,1
39483465,38184,1,-35.00,35.00,-33.48,35.53,-0.581,0.589,-82377,82321,7.59,264.0,97.134,3306.959,1,1,1
39493466,38194,1,-35.00,35.00,-33.98,35.86,-0.579,0.587,-82401,82346,7.60,262.5,100.549,3307.965,1,1,1
39503474,38204,1,-35.00,35.00,-34.77,35.65,-0.577,0.588,-82426,82370,7.59,260.5,102.378,3308.990,1,1,1
39513474,38214,1,-35.00,35.00,-34.45,34.18,-0.577,0.593,-82449,82391,7.60,260.5,101.220,3310.003,1,1,1
39523481,38224,1,-35.00,35.00,-35.10,33.60,-0.575,0.595,-82474,82413,7.59,264.8,97.134,3310.975,1,1,1
39533489,38234,1,-35.00,35.00,-36.87,34.06,-0.569,0.595,-82502,82437,7.59,262.2,96.524,3311.941,1,1,1
39543492,38244,1,-35.00,35.00,-35.04,34.83,-0.575,0.592,-82523,82462,7.59,260.2,100.000,3312.942,1,1,1
39553503,38254,1,-35.00,35.00,-33.32,35.37,-0.581,0.589,-82543,82487,7.59,261.5,101.037,3313.953,1,1,1
39563511,38264,1,-35.00,35.00,-32.99,36.18,-0.583,0.586,-82565,82513,7.59,264.5,98.415,3314.938,1,1,1
39573522,38274,1,-35.00,35.00,-32.76,37.19,-0.584,0.582,-82587,82540,7.59,263.5,99.207,3315.931,1,1,1
39583529,38284,1,-35.00,35.00,-33.92,37.02,-0.582,0.582,-82612,82565,7.59,261.2,101.890,3316.951,1,1,1
39593529,38294,1,-35.00,35.00,-33.85,37.34,-0.582,0.580,-82635,82591,7.59,261.0,103.659,3317.988,1,1,1
39603537,38304,1,-35.00,35.00,-34.24,37.13,-0.580,0.579,-82659,82616,7.60,260.5,102.012,3319.009,1,1,1
39613544,38314,1,-35.00,35.00,-34.52,34.34,-0.579,0.588,-82683,82635,7.60,258.8,98.841,3319.998,1,1,1
39623544,38324,1,-35.00,35.00,-36.47,33.70,-0.572,0.592,-82711,82657,7.59,262.0,94.695,3320.946,1,1,1
39633544,38334,1,-35.00,35.00,-35.19,34.14,-0.575,0.590,-82733,82681,7.60,261.0,93.232,3321.879,1,1,1
39643556,38344,1,-35.00,35.00,-32.99,34.44,-0.583,0.589,-82752,82705,7.60,262.5,94.268,3322.823,1,1,1
39653565,38354,1,-35.00,35.00,-32.32,35.54,-0.587,0.585,-82773,82731,7.59,265.0,94.146,3323.765,1,1,1
39663565,38364,1,-35.00,35.00,-32.73,36.30,-0.586,0.582,-82796,82757,7.59,263.2,96.341,3324.729,1,1,1
39673579,38374,1,-35.00,35.00,-33.02,37.28,-0.585,0.577,-82819,82784,7.60,263.8,99.878,3325.729,1,1,1
39683589,38384,1,-35.00,35.00,-33.22,37.96,-0.585,0.574,-82842,82811,7.59,262.0,100.793,3326.738,1,1,1
39693607,38394,1,-35.00,35.00,-33.80,37.12,-0.583,0.576,-82866,82835,7.60,260.5,97.988,3327.718,1,1,1
39703615,38404,1,-35.00,35.00,-33.77,35.65,-0.583,0.580,-82889,82857,7.60,259.5,95.610,3328.675,1,1,1
39713621,38414,1,-35.00,35.00,-34.18,34.18,-0.582,0.586,-82913,82878,7.59,261.2,94.573,3329.622,1,1,1
39723633,38424,1,-35.00,35.00,-35.79,33.60,-0.576,0.589,-82940,82900,7.59,263.8,93.293,3330.555,1,1,1
39733644,38434,1,-35.00,35.00,-36.04,33.19,-0.574,0.590,-82965,82922,7.60,262.2,95.244,3331.509,1,1,1
39743653,38444,1,-35.00,35.00,-34.02,34.22,-0.581,0.587,-82985,82947,7.60,261.5,99.695,3332.507,1,1,1
39753655,38454,1,-35.00,35.00,-32.60,35.38,-0.587,0.582,-83005,82973,7.60,262.8,100.671,3333.514,1,1,1
39763668,38464,1,-35.00,35.00,-32.49,36.19,-0.588,0.579,-83027,82999,7.59,261.8,99.085,3334.506,1,1,1
39773676,38474,1,-35.00,35.00,-33.29,37.20,-0.586,0.576,-83051,83026,7.59,261.8,100.366,3335.510,1,1,1
39783683,38484,1,-35.00,35.00,-33.41,37.46,-0.587,0.574,-83074,83052,7.59,261.8,101.829,3336.529,1,1,1
39793685,38494,1,-35.00,35.00,-33.93,36.33,-0.585,0.577,-83098,83075,7.59,262.0,100.000,3337.530,1,1,1
39803693,38504,1,-35.00,35.00,-34.30,35.10,-0.583,0.581,-83122,83097,7.60,260.0,97.195,3338.503,1,1,1
39813698,38514,1,-35.00,35.00,-34.56,32.92,-0.581,0.588,-83146,83116,7.59,260.5,95.244,3339.456,1,1,1
39823698,38524,1,-35.00,35.00,-36.49,32.71,-0.575,0.591,-83174,83138,7.59,263.2,92.378,3340.381,1,1,1
39833700,38534,1,-35.00,35.00,-36.09,32.57,-0.575,0.592,-83198,83160,7.60,261.8,90.366,3341.285,1,1,1
39843706,38544,1,-35.00,35.00,-34.05,33.34,-0.582,0.590,-83218,83184,7.59,261.8,90.671,3342.193,1,1,1
39853713,38554,1,-35.00,35.00,-33.07,33.89,-0.586,0.588,-83239,83208,7.59,264.5,88.780,3343.081,1,1,1
39863724,38564,1,-35.00,35.00,-30.18,34.27,-0.595,0.585,-83255,83232,7.61,265.8,89.939,3343.981,1,1,1
39873728,38574,1,-35.00,35.00,-34.75,34.53,-0.581,0.586,-83286,83256,7.60,268.2,92.866,3344.911,1,1,1
39883736,38584,1,-35.00,35.00,-34.87,34.28,-0.580,0.587,-83310,83279,7.60,262.8,95.671,3345.868,1,1,1
39893744,38594,1,-35.00,35.00,-34.52,34.98,-0.582,0.585,-83333,83304,7.59,262.5,94.512,3346.814,1,1,1
39903751,38604,1,-35.00,35.00,-34.27,34.16,-0.582,0.587,-83356,83326,7.60,261.5,90.305,3347.718,1,1,1
39913754,38614,1,-35.00,35.00,-35.41,33.14,-0.579,0.592,-83382,83347,7.59,263.5,88.841,3348.607,1,1,1
39923758,38624,1,-35.00,35.00,-36.22,33.30,-0.575,0.592,-83408,83370,7.59,264.0,92.317,3349.531,1,1,1
39933758,38634,1,-35.00,35.00,-34.58,33.86,-0.580,0.590,-83429,83394,7.60,261.2,95.244,3350.485,1,1,1
39943761,38644,1,-35.00,35.00,-33.87,33.81,-0.583,0.591,-83451,83417,7.59,264.0,94.207,3351.428,1,1,1
39953774,38654,1,-35.00,35.00,-33.38,33.77,-0.585,0.591,-83473,83440,7.59,266.0,91.707,3352.346,1,1,1
39963782,38664,1,-35.00,35.00,-33.91,33.31,-0.582,0.592,-83497,83462,7.60,266.2,90.122,3353.248,1,1,1
39973782,38674,1,-35.00,35.00,-33.85,33.86,-0.583,0.591,-83520,83486,7.59,264.5,91.524,3354.164,1,1,1
39983789,38684,1,-35.00,35.00,-34.24,33.81,-0.582,0.591,-83544,83509,7.59,265.5,92.622,3355.091,1,1,1
39993797,38694,1,-35.00,35.00,-34.51,33.78,-0.582,0.592,-83568,83532,7.58,265.2,91.463,3356.006,1,1,1
40003806,38704,1,-35.00,35.00,-36.03,33.75,-0.576,0.592,-83595,83555,7.59,263.8,91.646,3356.924,1,1,1
40013819,38714,1,-35.00,35.00,-37.08,33.29,-0.571,0.594,-83622,83577,7.59,261.8,93.110,3357.855,1,1,1
40023819,38724,1,-35.00,35.00,-35.63,33.41,-0.575,0.593,-83644,83600,7.60,260.5,95.061,3358.807,1,1,1
40033822,38734,1,-35.00,35.00,-32.85,33.50,-0.585,0.593,-83662,83623,7.59,263.2,95.366,3359.761,1,1,1
40043826,38744,1,-35.00,35.00,-32.22,33.55,-0.588,0.592,-83683,83646,7.59,267.0,90.610,3360.668,1,1,1
40053835,38754,1,-35.00,35.00,-33.10,33.60,-0.585,0.592,-83707,83669,7.60,267.2,87.988,3361.549,1,1,1
40063837,38764,1,-35.00,35.00,-33.72,33.19,-0.582,0.593,-83731,83691,7.60,266.2,90.061,3362.450,1,1,1
40073850,38774,1,-35.00,35.00,-33.71,33.34,-0.583,0.594,-83754,83714,7.59,267.0,92.134,3363.373,1,1,1
40083858,38784,1,-35.00,35.00,-34.14,33.44,-0.582,0.593,-83778,83737,7.59,266.8,91.890,3364.292,1,1,1
40093867,38794,1,-35.00,35.00,-34.89,34.40,-0.578,0.590,-83803,83762,7.60,265.5,91.524,3365.208,1,1,1
40103880,38804,1,-35.00,35.00,-35.85,34.62,-0.576,0.590,-83829,83786,7.59,263.2,92.500,3366.134,1,1,1
40113888,38814,1,-35.00,35.00,-36.08,34.78,-0.575,0.590,-83854,83810,7.59,262.5,92.927,3367.064,1,1,1
40123888,38824,1,-35.00,35.00,-35.80,34.46,-0.575,0.590,-83878,83833,7.60,261.2,94.207,3368.007,1,1,1
40133895,38834,1,-35.00,35.00,-33.85,35.11,-0.582,0.588,-83898,83858,7.59,260.0,95.854,3368.966,1,1,1
40143903,38844,1,-35.00,35.00,-33.36,34.68,-0.584,0.589,-83920,83881,7.59,263.8,94.207,3369.909,1,1,1
40153906,38854,1,-35.00,35.00,-33.46,34.82,-0.583,0.588,-83943,83905,7.60,264.5,90.610,3370.816,1,1,1
40163906,38864,1,-35.00,35.00,-34.41,35.36,-0.580,0.586,-83968,83930,7.60,264.2,91.707,3371.734,1,1,1
40173910,38874,1,-35.00,35.00,-35.07,35.74,-0.579,0.586,-83993,83955,7.59,261.5,91.037,3372.645,1,1,1
40183910,38884,1,-35.00,35.00,-35.10,35.57,-0.577,0.585,-84017,83979,7.61,261.5,89.390,3373.540,1,1,1
40193910,38894,1,-35.00,35.00,-35.55,35.00,-0.577,0.587,-84042,84002,7.60,261.2,88.171,3374.423,1,1,1
40203910,38904,1,-35.00,35.00,-37.19,35.05,-0.571,0.588,-84070,84026,7.59,260.5,88.354,3375.307,1,1,1
40213910,38914,1,-35.00,35.00,-36.58,35.08,-0.572,0.588,-84094,84050,7.60,260.0,90.549,3376.213,1,1,1
40223913,38924,1,-35.00,35.00,-34.40,35.98,-0.580,0.584,-84114,84076,7.60,260.0,95.305,3377.167,1,1,1
40233924,38934,1,-35.00,35.00,-33.75,36.17,-0.583,0.583,-84136,84101,7.59,260.8,96.037,3378.128,1,1,1
40243933,38944,1,-35.00,35.00,-34.17,36.31,-0.582,0.582,-84160,84126,7.59,260.8,94.268,3379.072,1,1,1
40253943,38954,1,-35.00,35.00,-34.47,36.40,-0.581,0.581,-84184,84151,7.60,261.2,96.037,3380.033,1,1,1
40263956,38964,1,-35.00,35.00,-35.11,36.03,-0.578,0.582,-84209,84175,7.60,259.5,96.890,3381.003,1,1,1
40273958,38974,1,-35.00,35.00,-35.56,36.65,-0.577,0.579,-84234,84201,7.60,258.0,95.610,3381.959,1,1,1
40283966,38984,1,-35.00,35.00,-36.32,35.76,-0.574,0.583,-84260,84224,7.60,257.5,92.988,3382.890,1,1,1
40293973,38994,1,-35.00,35.00,-37.29,35.58,-0.570,0.583,-84287,84248,7.60,257.5,90.549,3383.796,1,1,1
40303973,39004,1,-35.00,35.00,-37.53,35.89,-0.569,0.582,-84313,84273,7.60,258.8,89.207,3384.689,1,1,1
40313979,39014,1,-35.00,35.00,-35.06,36.55,-0.577,0.579,-84333,84299,7.60,256.0,91.341,3385.604,1,1,1
40323988,39024,1,-35.00,35.00,-33.77,37.01,-0.583,0.577,-84354,84325,7.59,258.0,93.902,3386.543,1,1,1
40333997,39034,1,-35.00,35.00,-33.31,37.33,-0.585,0.574,-84376,84351,7.59,260.0,91.220,3387.457,1,1,1
40344004,39045,1,-35.00,35.00,-34.30,38.00,-0.582,0.571,-84401,84378,7.60,260.0,90.366,3388.361,1,1,1
40354009,39055,1,-35.00,35.00,-34.56,37.59,-0.581,0.571,-84425,84403,7.60,258.5,90.793,3389.270,1,1,1
40364016,39065,1,-35.00,35.00,-34.74,36.42,-0.581,0.575,-84449,84426,7.60,258.2,90.854,3390.179,1,1,1
40374017,39075,1,-35.00,35.00,-35.30,37.36,-0.579,0.570,-84474,84453,7.61,259.0,90.000,3391.080,1,1,1
40384023,39085,1,-35.00,35.00,-35.70,35.82,-0.577,0.576,-84499,84475,7.60,256.5,89.329,3391.974,1,1,1
40394031,39095,1,-35.00,35.00,-36.85,35.62,-0.573,0.577,-84526,84499,7.60,255.5,88.902,3392.864,1,1,1
40404034,39105,1,-35.00,35.00,-36.78,35.92,-0.573,0.576,-84551,84524,7.60,255.5,88.354,3393.748,1,1,1
40414034,39115,1,-35.00,35.00,-34.98,36.57,-0.578,0.572,-84572,84550,7.61,255.8,90.976,3394.659,1,1,1
40424046,39125,1,-35.00,35.00,-33.71,37.02,-0.584,0.570,-84593,84576,7.60,257.0,93.293,3395.593,1,1,1
40434055,39135,1,-35.00,35.00,-33.71,37.34,-0.584,0.568,-84616,84602,7.60,256.5,92.683,3396.521,1,1,1
40444057,39145,1,-35.00,35.00,-33.70,37.57,-0.585,0.566,-84639,84628,7.60,257.0,93.902,3397.460,1,1,1
40454062,39155,1,-35.00,35.00,-34.58,39.48,-0.584,0.559,-84664,84658,7.60,256.8,96.159,3398.423,1,1,1
40464070,39165,1,-35.00,35.00,-34.75,39.06,-0.583,0.558,-84688,84684,7.60,254.0,95.915,3399.383,1,1,1
40474079,39175,1,-35.00,35.00,-35.31,40.53,-0.583,0.553,-84713,84714,7.60,253.0,95.549,3400.339,1,1,1
40484092,39185,1,-35.00,35.00,-35.27,37.16,-0.582,0.563,-84737,84734,7.60,250.5,95.183,3401.292,1,1,1
40494100,39195,1,-35.00,35.00,-36.99,33.04,-0.574,0.578,-84765,84750,7.60,253.3,93.293,3402.226,1,1,1
40504109,39205,1,-35.00,35.00,-36.88,31.92,-0.574,0.583,-84790,84770,7.60,255.8,89.024,3403.117,1,1,1
40514117,39215,1,-35.00,35.00,-35.48,33.77,-0.579,0.578,-84812,84796,7.59,257.8,83.354,3403.951,1,1,1
40524132,39225,1,-35.00,35.00,-33.63,34.62,-0.585,0.574,-84832,84821,7.60,258.2,84.573,3404.797,1,1,1
40534147,39235,1,-35.00,35.00,-33.65,35.22,-0.586,0.572,-84855,84846,7.60,260.0,89.268,3405.691,1,1,1
40544156,39245,1,-35.00,35.00,-34.10,36.96,-0.585,0.566,-84879,84874,7.59,259.2,90.061,3406.592,1,1,1
40554165,39255,1,-35.00,35.00,-34.42,37.74,-0.584,0.562,-84903,84901,7.60,255.5,91.585,3407.509,1,1,1
40564165,39265,1,-35.00,35.00,-35.52,37.40,-0.581,0.563,-84929,84926,7.60,254.5,92.561,3408.436,1,1,1
40574178,39275,1,-35.00,35.00,-35.41,36.29,-0.581,0.566,-84953,84949,7.60,254.8,93.049,3409.367,1,1,1
40584186,39285,1,-35.00,35.00,-35.33,33.31,-0.581,0.576,-84977,84967,7.60,255.2,92.988,3410.298,1,1,1
40594186,39295,1,-35.00,35.00,-36.16,31.67,-0.576,0.583,-85003,84986,7.60,258.8,89.939,3411.198,1,1,1
40604195,39305,1,-35.00,35.00,-35.42,32.28,-0.579,0.582,-85026,85009,7.59,259.2,85.671,3412.055,1,1,1
40614208,39315,1,-35.00,35.00,-34.90,33.58,-0.581,0.578,-85049,85034,7.60,261.2,84.146,3412.897,1,1,1
40624208,39325,1,-35.00,35.00,-34.54,34.05,-0.581,0.576,-85072,85058,7.61,260.2,85.732,3413.756,1,1,1
40634210,39335,1,-35.00,35.00,-34.28,34.82,-0.584,0.575,-85095,85083,7.59,260.0,87.317,3414.630,1,1,1
40644210,39345,1,-35.00,35.00,-34.55,34.48,-0.582,0.575,-85119,85106,7.60,261.0,89.024,3415.521,1,1,1
40654210,39355,1,-35.00,35.00,-34.73,33.81,-0.581,0.578,-85143,85128,7.60,260.8,91.707,3416.439,1,1,1
40664216,39365,1,-35.00,35.00,-34.86,33.77,-0.581,0.578,-85167,85151,7.60,259.2,93.049,3417.370,1,1,1
40674216,39375,1,-35.00,35.00,-35.39,32.87,-0.579,0.583,-85192,85172,7.60,261.0,93.415,3418.305,1,1,1
40684216,39385,1,-35.00,35.00,-35.32,33.12,-0.578,0.582,-85216,85195,7.60,262.0,94.634,3419.252,1,1,1
40694216,39395,1,-35.00,35.00,-35.27,32.41,-0.578,0.585,-85240,85216,7.61,261.0,94.939,3420.203,1,1,1
40704225,39405,1,-35.00,35.00,-34.80,32.79,-0.581,0.586,-85263,85239,7.59,262.2,93.598,3421.139,1,1,1
40714237,39415,1,-35.00,35.00,-34.02,33.06,-0.583,0.585,-85285,85262,7.60,263.5,92.256,3422.063,1,1,1
40724245,39425,1,-35.00,35.00,-33.92,33.25,-0.583,0.585,-85308,85285,7.60,264.5,90.122,3422.965,1,1,1
40734256,39435,1,-35.00,35.00,-33.42,33.82,-0.586,0.584,-85330,85309,7.59,262.8,89.207,3423.858,1,1,1
40744256,39445,1,-35.00,35.00,-33.94,33.78,-0.584,0.583,-85354,85332,7.60,262.5,92.134,3424.780,1,1,1
40754264,39455,1,-35.00,35.00,-34.30,32.88,-0.582,0.587,-85378,85353,7.60,262.2,94.512,3425.726,1,1,1
40764268,39465,1,-35.00,35.00,-34.12,33.56,-0.584,0.585,-85401,85377,7.59,264.2,96.098,3426.688,1,1,1
40774277,39475,1,-35.00,35.00,-34.43,32.28,-0.581,0.589,-85425,85397,7.61,262.8,95.427,3427.643,1,1,1
40784279,39485,1,-35.00,35.00,-35.09,31.83,-0.580,0.593,-85450,85418,7.59,265.8,93.720,3428.581,1,1,1
40794284,39495,1,-35.00,35.00,-35.55,31.95,-0.578,0.595,-85475,85440,7.59,266.0,92.317,3429.505,1,1,1
40804292,39505,1,-35.00,35.00,-34.11,32.47,-0.583,0.593,-85496,85463,7.59,266.0,92.073,3430.426,1,1,1
40814299,39515,1,-35.00,35.00,-33.55,33.72,-0.585,0.589,-85518,85488,7.59,268.0,93.902,3431.366,1,1,1
40824305,39525,1,-35.00,35.00,-33.59,34.15,-0.585,0.588,-85541,85512,7.59,265.2,94.207,3432.309,1,1,1
40834316,39535,1,-35.00,35.00,-34.06,34.01,-0.583,0.589,-85565,85535,7.60,265.2,95.183,3433.262,1,1,1
40844329,39545,1,-35.00,35.00,-33.95,33.48,-0.583,0.591,-85588,85557,7.60,265.5,97.500,3434.238,1,1,1
40854340,39555,1,-35.00,35.00,-33.87,32.66,-0.583,0.594,-85611,85578,7.60,266.5,98.598,3435.224,1,1,1
40864344,39565,1,-35.00,35.00,-34.26,32.53,-0.582,0.595,-85635,85600,7.59,268.0,97.988,3436.205,1,1,1
40874344,39575,1,-35.00,35.00,-34.97,32.44,-0.579,0.595,-85660,85622,7.60,267.0,97.378,3437.180,1,1,1
40884353,39585,1,-35.00,35.00,-35.90,31.94,-0.575,0.598,-85686,85643,7.60,265.0,97.439,3438.155,1,1,1
40894353,39595,1,-35.00,35.00,-35.24,32.46,-0.577,0.596,-85709,85666,7.59,265.2,96.829,3439.124,1,1,1
40904359,39605,1,-35.00,35.00,-33.90,33.71,-0.582,0.591,-85730,85691,7.60,264.8,95.854,3440.083,1,1,1
40914370,39615,1,-35.00,35.00,-33.40,33.70,-0.584,0.592,-85752,85714,7.59,263.0,93.963,3441.023,1,1,1
40924383,39625,1,-35.00,35.00,-33.48,33.70,-0.583,0.591,-85775,85737,7.60,266.8,95.183,3441.976,1,1,1
40934389,39635,1,-35.00,35.00,-34.43,33.26,-0.580,0.593,-85800,85759,7.60,264.5,98.476,3442.962,1,1,1
40944401,39645,1,-35.00,35.00,-34.64,32.51,-0.579,0.596,-85824,85780,7.59,264.8,100.244,3443.965,1,1,1
40954405,39655,1,-35.00,35.00,-34.80,31.99,-0.578,0.598,-85848,85801,7.59,266.5,100.000,3444.966,1,1,1
40964407,39665,1,-35.00,35.00,-34.47,32.06,-0.579,0.598,-85871,85823,7.59,266.5,98.780,3445.954,1,1,1
40974407,39675,1,-35.00,35.00,-33.35,33.43,-0.583,0.594,-85892,85848,7.59,266.0,93.963,3446.895,1,1,1
40984407,39685,1,-35.00,35.00,-33.46,33.51,-0.583,0.594,-85915,85871,7.59,266.0,87.927,3447.775,1,1,1
40994408,39695,1,-35.00,35.00,-33.97,33.12,-0.580,0.594,-85939,85893,7.60,267.8,87.378,3448.649,1,1,1
41004420,39705,1,-35.00,35.00,-33.88,32.85,-0.581,0.595,-85962,85915,7.60,266.2,89.817,3449.548,1,1,1
41014429,39715,1,-35.00,35.00,-33.83,32.67,-0.581,0.596,-85985,85937,7.59,267.5,91.890,3450.468,1,1,1
41024431,39725,1,-35.00,35.00,-33.35,32.53,-0.583,0.597,-86007,85959,7.59,269.8,95.427,3451.423,1,1,1
41034435,39735,1,-35.00,35.00,-33.01,32.44,-0.584,0.597,-86029,85981,7.59,270.2,98.841,3452.412,1,1,1
41044438,39745,1,-35.00,35.00,-33.21,32.38,-0.583,0.597,-86052,86003,7.59,271.5,101.098,3453.424,1,1,1
41054451,39755,1,-35.00,35.00,-32.92,32.33,-0.584,0.598,-86074,86025,7.59,270.5,102.256,3454.447,1,1,1
41064458,39765,1,-35.00,35.00,-32.71,32.74,-0.585,0.596,-86096,86048,7.59,271.0,102.744,3455.476,1,1,1
41074459,39775,1,-35.00,35.00,-32.57,33.03,-0.586,0.596,-86118,86071,7.59,270.5,100.671,3456.483,1,1,1
41084459,39785,1,-35.00,35.00,-32.90,32.35,-0.584,0.597,-86141,86092,7.59,271.2,97.805,3457.462,1,1,1
41094466,39795,1,-35.00,35.00,-32.70,32.75,-0.585,0.597,-86163,86115,7.59,270.8,98.841,3458.451,1,1,1
41104466,39805,1,-35.00,35.00,-33.00,33.03,-0.584,0.595,-86186,86138,7.59,270.2,101.341,3459.465,1,1,1
41114468,39815,1,-35.00,35.00,-32.77,33.23,-0.584,0.594,-86208,86161,7.60,270.2,103.415,3460.500,1,1,1
41124481,39825,1,-35.00,35.00,-32.60,33.81,-0.585,0.592,-86230,86185,7.60,269.2,104.878,3461.550,1,1,1
41134483,39835,1,-35.00,35.00,-32.93,34.21,-0.585,0.591,-86253,86209,7.59,267.5,104.390,3462.594,1,1,1
41144489,39845,1,-35.00,35.00,-33.60,34.50,-0.582,0.590,-86277,86233,7.60,266.0,102.683,3463.622,1,1,1
41154492,39855,1,-35.00,35.00,-33.63,34.69,-0.582,0.589,-86300,86257,7.60,265.8,102.256,3464.646,1,1,1
41164495,39865,1,-35.00,35.00,-34.09,33.51,-0.581,0.594,-86324,86278,7.59,265.0,102.500,3465.671,1,1,1
41174503,39875,1,-35.00,35.00,-36.16,33.13,-0.573,0.595,-86352,86300,7.60,264.2,100.122,3466.673,1,1,1
41184511,39885,1,-35.00,35.00,-36.30,33.30,-0.572,0.595,-86377,86323,7.60,261.0,95.488,3467.629,1,1,1
41194513,39895,1,-35.00,35.00,-34.20,33.42,-0.580,0.595,-86397,86346,7.58,263.2,95.427,3468.584,1,1,1
41204513,39905,1,-35.00,35.00,-32.73,34.82,-0.585,0.589,-86417,86372,7.59,266.5,95.610,3469.541,1,1,1
41214520,39915,1,-35.00,35.00,-33.02,35.36,-0.584,0.587,-86440,86397,7.59,263.2,95.427,3470.496,1,1,1
41224529,39925,1,-35.00,35.00,-33.22,36.18,-0.583,0.583,-86463,86423,7.60,263.5,98.293,3471.479,1,1,1
41234542,39935,1,-35.00,35.00,-33.80,36.31,-0.583,0.584,-86487,86448,7.59,261.2,100.671,3472.487,1,1,1
41244544,39945,1,-35.00,35.00,-34.21,35.52,-0.581,0.586,-86511,86471,7.59,262.2,100.793,3473.496,1,1,1
41254544,39955,1,-35.00,35.00,-34.49,33.66,-0.580,0.592,-86535,86491,7.59,262.8,99.207,3474.489,1,1,1
41264552,39965,1,-35.00,35.00,-35.13,33.23,-0.577,0.594,-86560,86513,7.59,265.5,94.512,3475.435,1,1,1
41274552,39975,1,-35.00,35.00,-35.58,33.81,-0.575,0.592,-86585,86537,7.60,264.5,92.500,3476.361,1,1,1
41284557,39985,1,-35.00,35.00,-35.01,33.77,-0.578,0.593,-86608,86560,7.59,264.2,95.000,3477.312,1,1,1
41294559,39995,1,-35.00,35.00,-33.30,35.07,-0.585,0.589,-86628,86586,7.58,263.8,98.780,3478.300,1,1,1
41304572,40005,1,-35.00,35.00,-32.54,35.97,-0.586,0.584,-86649,86612,7.60,264.8,97.683,3479.278,1,1,1
41314575,40015,1,-35.00,35.00,-33.32,36.61,-0.584,0.582,-86673,86638,7.60,264.0,97.317,3480.251,1,1,1
41324585,40025,1,-35.00,35.00,-33.43,37.05,-0.586,0.581,-86696,86664,7.58,261.5,100.122,3481.253,1,1,1
41334589,40035,1,-35.00,35.00,-33.95,37.80,-0.583,0.576,-86720,86691,7.60,261.0,101.829,3482.272,1,1,1
41344590,40045,1,-35.00,35.00,-33.87,37.01,-0.584,0.578,-86743,86715,7.59,259.5,100.427,3483.278,1,1,1
41354607,40055,1,-35.00,35.00,-34.26,33.82,-0.581,0.588,-86767,86733,7.60,261.5,97.561,3484.254,1,1,1
41364621,40065,1,-35.00,35.00,-35.85,33.34,-0.576,0.591,-86794,86755,7.60,261.8,93.537,3485.190,1,1,1
41374629,40075,1,-35.00,35.00,-36.08,33.44,-0.574,0.591,-86819,86778,7.60,261.5,90.488,3486.096,1,1,1
41384640,40085,1,-35.00,35.00,-33.16,34.40,-0.585,0.588,-86837,86803,7.59,262.0,92.805,3487.025,1,1,1
41394652,40095,1,-35.00,35.00,-32.44,35.06,-0.588,0.585,-86858,86828,7.60,264.8,92.988,3487.956,1,1,1
41404663,40105,1,-35.00,35.00,-32.38,35.97,-0.589,0.582,-86880,86854,7.59,265.2,93.293,3488.889,1,1,1
41414676,40115,1,-35.00,35.00,-32.77,37.48,-0.589,0.577,-86903,86882,7.58,262.8,96.463,3489.855,1,1,1
41424676,40125,1,-35.00,35.00,-33.05,37.23,-0.588,0.576,-86926,86907,7.59,262.2,97.439,3490.830,1,1,1
41434689,40135,1,-35.00,35.00,-33.68,36.17,-0.585,0.578,-86950,86930,7.60,261.8,94.695,3491.778,1,1,1
41444697,40145,1,-35.00,35.00,-33.68,34.98,-0.585,0.582,-86973,86952,7.60,259.8,92.866,3492.707,1,1,1
41454700,40155,1,-35.00,35.00,-33.69,34.16,-0.585,0.585,-86996,86974,7.59,262.0,92.378,3493.632,1,1,1
41464700,40165,1,-35.00,35.00,-34.13,34.02,-0.584,0.586,-87020,86997,7.60,262.2,92.805,3494.561,1,1,1
41474706,40175,1,-35.00,35.00,-35.31,33.48,-0.580,0.589,-87046,87019,7.59,263.8,94.939,3495.511,1,1,1
41484706,40185,1,-35.00,35.00,-35.27,33.54,-0.579,0.589,-87070,87042,7.60,264.0,96.768,3496.479,1,1,1
41494709,40195,1,-35.00,35.00,-33.48,34.47,-0.587,0.586,-87090,87067,7.59,262.8,97.927,3497.459,1,1,1
41504715,40205,1,-35.00,35.00,-32.66,35.55,-0.589,0.582,-87111,87093,7.59,264.5,98.293,3498.443,1,1,1
41514728,40215,1,-35.00,35.00,-32.97,36.75,-0.588,0.577,-87134,87120,7.60,264.0,99.512,3499.439,1,1,1
41524736,40225,1,-35.00,35.00,-33.63,37.15,-0.586,0.574,-87158,87146,7.60,262.2,99.878,3500.438,1,1,1
41534744,40235,1,-35.00,35.00,-34.09,36.55,-0.586,0.576,-87182,87170,7.59,261.0,98.476,3501.424,1,1,1
41544758,40245,1,-35.00,35.00,-33.97,35.69,-0.585,0.578,-87205,87193,7.60,260.8,96.524,3502.390,1,1,1
41554767,40255,1,-35.00,35.00,-34.32,33.34,-0.585,0.587,-87229,87212,7.59,261.5,93.171,3503.323,1,1,1
41564776,40265,1,-35.00,35.00,-34.57,31.68,-0.583,0.593,-87253,87231,7.60,263.2,90.183,3504.225,1,1,1
41574776,40275,1,-35.00,35.00,-36.51,31.85,-0.576,0.595,-87281,87253,7.59,265.5,88.598,3505.112,1,1,1
41584784,40285,1,-35.00,35.00,-34.34,32.40,-0.582,0.593,-87301,87276,7.60,263.0,89.695,3506.010,1,1,1
41594789,40295,1,-35.00,35.00,-33.71,33.67,-0.585,0.589,-87323,87301,7.60,267.0,91.646,3506.927,1,1,1
41604789,40305,1,-35.00,35.00,-33.26,34.11,-0.587,0.588,-87345,87325,7.59,265.2,90.549,3507.833,1,1,1
41614797,40315,1,-35.00,35.00,-33.39,33.99,-0.586,0.588,-87368,87348,7.60,265.2,91.220,3508.746,1,1,1
41624797,40325,1,-35.00,35.00,-33.92,33.90,-0.585,0.588,-87392,87371,7.60,266.2,93.354,3509.680,1,1,1
41634804,40335,1,-35.00,35.00,-33.85,34.28,-0.586,0.588,-87415,87395,7.59,264.8,93.720,3510.618,1,1,1
41644819,40345,1,-35.00,35.00,-34.24,33.66,-0.584,0.589,-87439,87417,7.59,264.5,90.427,3511.523,1,1,1
41654830,40355,1,-35.00,35.00,-34.52,32.79,-0.582,0.592,-87463,87438,7.60,264.5,88.476,3512.409,1,1,1
41664841,40365,1,-35.00,35.00,-35.59,33.06,-0.579,0.592,-87489,87461,7.59,266.0,91.585,3513.326,1,1,1
41674842,40375,1,-35.00,35.00,-35.90,33.25,-0.578,0.592,-87514,87484,7.59,263.5,95.122,3514.278,1,1,1
41684850,40385,1,-35.00,35.00,-33.92,33.38,-0.584,0.591,-87534,87507,7.60,264.8,95.732,3515.236,1,1,1
41694860,40395,1,-35.00,35.00,-32.97,33.48,-0.587,0.590,-87555,87530,7.60,265.0,92.012,3516.157,1,1,1
41704867,40405,1,-35.00,35.00,-33.19,33.54,-0.587,0.591,-87578,87553,7.59,266.0,88.171,3517.039,1,1,1
41714879,40415,1,-35.00,35.00,-33.78,33.59,-0.585,0.590,-87602,87576,7.59,266.8,88.110,3517.921,1,1,1
41724886,40425,1,-35.00,35.00,-34.19,33.62,-0.583,0.590,-87626,87599,7.60,266.2,90.061,3518.823,1,1,1
41734897,40435,1,-35.00,35.00,-34.04,33.64,-0.585,0.591,-87649,87622,7.58,264.8,90.732,3519.731,1,1,1
41744897,40445,1,-35.00,35.00,-35.25,33.22,-0.580,0.593,-87675,87644,7.59,267.8,90.671,3520.638,1,1,1
41754910,40455,1,-35.00,35.00,-37.42,32.92,-0.571,0.594,-87704,87666,7.60,265.5,92.317,3521.562,1,1,1
41764913,40465,1,-35.00,35.00,-36.74,33.15,-0.572,0.593,-87728,87689,7.60,261.8,94.024,3522.503,1,1,1
41774918,40475,1,-35.00,35.00,-34.51,33.31,-0.580,0.593,-87748,87712,7.59,261.0,95.854,3523.463,1,1,1
41784926,40485,1,-35.00,35.00,-32.51,33.43,-0.586,0.591,-87767,87735,7.61,265.0,94.573,3524.409,1,1,1
41794933,40495,1,-35.00,35.00,-31.98,33.07,-0.589,0.593,-87788,87757,7.59,266.5,88.963,3525.300,1,1,1
41804936,40505,1,-35.00,35.00,-32.93,33.25,-0.586,0.592,-87812,87780,7.59,268.2,86.341,3526.164,1,1,1
41814948,40515,1,-35.00,35.00,-33.60,32.51,-0.584,0.595,-87836,87801,7.59,268.2,88.537,3527.050,1,1,1
41824950,40525,1,-35.00,35.00,-34.07,33.30,-0.583,0.594,-87860,87825,7.58,269.2,90.976,3527.961,1,1,1
41834955,40535,1,-35.00,35.00,-34.39,33.86,-0.581,0.591,-87884,87849,7.60,266.5,91.890,3528.880,1,1,1
41844958,40545,1,-35.00,35.00,-35.50,33.81,-0.577,0.591,-87910,87872,7.60,265.0,92.195,3529.803,1,1,1
41854966,40555,1,-35.00,35.00,-36.72,34.21,-0.572,0.590,-87937,87896,7.60,264.5,93.049,3530.735,1,1,1
41864973,40565,1,-35.00,35.00,-36.69,34.06,-0.573,0.593,-87962,87919,7.58,260.8,94.817,3531.684,1,1,1
41874985,40575,1,-35.00,35.00,-36.23,34.39,-0.573,0.590,-87986,87943,7.60,260.8,96.341,3532.648,1,1,1
41884988,40585,1,-35.00,35.00,-33.27,34.18,-0.583,0.590,-88004,87966,7.59,260.0,95.671,3533.605,1,1,1
41895001,40596,1,-35.00,35.00,-32.96,32.27,-0.584,0.596,-88026,87985,7.60,265.0,92.988,3534.536,1,1,1
41905004,40606,1,-35.00,35.00,-33.18,35.78,-0.586,0.585,-88049,88015,7.59,267.0,89.390,3535.431,1,1,1
41915017,40616,1,-35.00,35.00,-34.21,35.59,-0.582,0.585,-88074,88039,7.59,262.8,88.537,3536.317,1,1,1
41925017,40626,1,-35.00,35.00,-34.93,35.02,-0.579,0.587,-88099,88062,7.59,261.2,88.476,3537.202,1,1,1
41935019,40636,1,-35.00,35.00,-35.00,35.06,-0.579,0.587,-88123,88086,7.60,262.2,89.573,3538.099,1,1,1
41945032,40646,1,-35.00,35.00,-36.80,34.65,-0.572,0.588,-88151,88109,7.60,261.0,91.037,3539.010,1,1,1
41955039,40656,1,-35.00,35.00,-38.51,35.24,-0.566,0.588,-88180,88134,7.60,258.2,93.049,3539.941,1,1,1
41965039,40666,1,-35.00,35.00,-37.50,35.22,-0.568,0.588,-88204,88158,7.59,256.8,96.890,3540.911,1,1,1
41975049,40676,1,-35.00,35.00,-34.16,35.64,-0.580,0.586,-88222,88183,7.59,258.8,100.000,3541.912,1,1,1
41985049,40686,1,-35.00,35.00,-32.70,35.93,-0.586,0.584,-88242,88208,7.59,259.5,97.256,3542.885,1,1,1
41995049,40696,1,-35.00,35.00,-33.44,36.58,-0.584,0.581,-88266,88234,7.59,262.8,92.622,3543.812,1,1,1
42005057,40706,1,-35.00,35.00,-34.39,36.59,-0.581,0.581,-88291,88259,7.59,260.8,90.488,3544.718,1,1,1
42015070,40716,1,-35.00,35.00,-35.06,36.16,-0.579,0.582,-88316,88283,7.59,259.5,91.951,3545.638,1,1,1
42025079,40726,1,-35.00,35.00,-35.53,35.86,-0.577,0.583,-88341,88307,7.59,260.2,93.171,3546.571,1,1,1
42035079,40736,1,-35.00,35.00,-36.30,34.77,-0.574,0.586,-88367,88329,7.60,259.2,91.707,3547.489,1,1,1
42045079,40746,1,-35.00,35.00,-37.71,34.89,-0.568,0.586,-88395,88353,7.60,259.5,88.720,3548.377,1,1,1
42055079,40756,1,-35.00,35.00,-36.95,34.97,-0.569,0.586,-88419,88377,7.61,257.0,88.171,3549.260,1,1,1
42065079,40766,1,-35.00,35.00,-34.65,36.34,-0.578,0.580,-88439,88404,7.60,258.2,92.683,3550.187,1,1,1
42075085,40776,1,-35.00,35.00,-33.92,36.87,-0.581,0.578,-88461,88430,7.60,258.8,94.939,3551.137,1,1,1
42085085,40786,1,-35.00,35.00,-33.85,36.79,-0.582,0.578,-88484,88455,7.60,258.8,91.159,3552.050,1,1,1
42095085,40796,1,-35.00,35.00,-34.24,38.06,-0.581,0.572,-88508,88483,7.61,261.2,90.671,3552.957,1,1,1
42105092,40806,1,-35.00,35.00,-34.52,37.63,-0.581,0.573,-88532,88508,7.60,257.8,90.366,3553.862,1,1,1
42115099,40816,1,-35.00,35.00,-35.15,36.45,-0.579,0.577,-88557,88531,7.59,256.2,90.366,3554.766,1,1,1
42125100,40826,1,-35.00,35.00,-35.59,35.18,-0.577,0.581,-88582,88553,7.60,258.2,90.000,3555.667,1,1,1
42135104,40836,1,-35.00,35.00,-36.34,34.73,-0.574,0.583,-88608,88576,7.59,260.0,88.415,3556.552,1,1,1
42145112,40846,1,-35.00,35.00,-36.86,34.42,-0.571,0.584,-88634,88599,7.60,259.2,85.915,3557.412,1,1,1
42155124,40856,1,-35.00,35.00,-36.35,35.08,-0.573,0.582,-88658,88624,7.60,257.2,84.756,3558.260,1,1,1
42165134,40866,1,-35.00,35.00,-34.67,35.98,-0.579,0.578,-88679,88650,7.60,258.0,87.561,3559.137,1,1,1
42175135,40876,1,-35.00,35.00,-33.94,36.17,-0.582,0.577,-88701,88675,7.59,258.5,89.634,3560.034,1,1,1
42185141,40886,2,-35.00,35.00,-33.87,36.75,-0.583,0.575,-88724,88701,7.59,259.0,90.183,3560.937,1,1,1
42195150,40896,2,0.00,0.00,-33.81,38.03,0.000,0.000,-88747,88729,7.74,3.7,92.866,3561.866,1,1,1
42205162,40906,2,0.00,0.00,-32.90,38.48,0.000,0.000,-88768,88756,7.74,3.7,95.793,3562.825,1,1,1
42215173,40916,2,0.00,0.00,-31.38,37.05,0.000,0.000,-88787,88779,7.74,3.7,95.061,3563.776,1,1,1
42225173,40926,2,0.00,0.00,-30.75,32.96,0.000,0.000,-88807,88795,7.74,3.5,93.293,3564.710,1,1,1
42235180,40936,2,0.00,0.00,-30.76,28.35,0.000,0.000,-88828,88807,7.72,3.5,87.256,3565.583,1,1,1
42245180,40946,2,0.00,0.00,-28.56,24.24,0.000,0.000,-88844,88817,7.74,3.5,75.122,3566.335,1,1,1
42255188,40956,2,0.00,0.00,-23.51,20.48,0.000,0.000,-88852,88825,7.74,3.5,63.780,3566.974,1,1,1
42265200,40966,2,0.00,0.00,-19.53,16.97,0.000,0.000,-88859,88831,7.74,3.5,51.951,3567.494,1,1,1
42275204,40976,2,0.00,0.00,-16.31,14.08,0.000,0.000,-88865,88836,7.74,3.5,39.512,3567.890,1,1,1
42285215,40986,2,0.00,0.00,-13.61,11.61,0.000,0.000,-88870,88840,7.74,3.5,27.988,3568.171,1,1,1
42295219,40996,2,0.00,0.00,-10.85,9.01,0.000,0.000,-88873,88842,7.74,3.5,18.049,3568.353,1,1,1
42305232,41006,2,0.00,0.00,-8.03,6.31,0.000,0.000,-88874,88842,7.74,3.5,9.024,3568.444,1,1,1
42315237,41016,2,0.00,0.00,-6.06,3.97,0.000,0.000,-88875,88841,7.74,3.5,1.098,3568.455,1,1,1
42325245,41026,2,0.00,0.00,-4.24,2.78,0.000,0.000,-88875,88841,7.73,3.5,-3.171,3568.424,1,1,1
42335253,41036,2,0.00,0.00,-2.97,1.95,0.000,0.000,-88875,88841,7.74,3.2,-3.354,3568.392,1,1,1
42345260,41046,2,0.00,0.00,-2.08,1.80,0.000,0.000,-88875,88842,7.74,3.5,0.122,3568.394,1,1,1
42355271,41056,2,0.00,0.00,-1.46,1.26,0.000,0.000,-88875,88842,7.74,3.2,2.927,3568.424,1,1,1
42365284,41066,2,0.00,0.00,-1.02,0.88,0.000,0.000,-88875,88842,7.74,3.2,1.463,3568.439,1,1,1
42375295,41076,2,0.00,0.00,-0.71,0.18,0.000,0.000,-88875,88841,7.74,3.5,-1.159,3568.428,1,1,1
42385310,41086,2,0.00,0.00,-0.50,0.56,0.000,0.000,-88875,88842,7.74,3.5,-1.524,3568.414,1,1,1
42395310,41096,2,0.00,0.00,-0.35,0.40,0.000,0.000,-88875,88842,7.74,3.2,0.122,3568.416,1,1,1
42405310,41106,2,0.00,0.00,-0.24,0.28,0.000,0.000,-88875,88842,7.74,3.2,1.098,3568.427,1,1,1
42415316,41116,2,0.00,0.00,-0.17,0.19,0.000,0.000,-88875,88842,7.74,3.5,-0.671,3568.422,1,1,1
42425321,41126,2,0.00,0.00,-0.12,0.14,0.000,0.000,-88875,88842,7.74,3.2,-0.488,3568.417,1,1,1
42435323,41136,2,0.00,0.00,-0.08,0.09,0.000,0.000,-88875,88842,7.74,3.5,0.366,3568.422,1,1,1
42445331,41146,2,0.00,0.00,-0.06,0.07,0.000,0.000,-88875,88842,7.74,3.5,0.366,3568.426,1,1,1
42455340,41156,2,0.00,0.00,-0.04,0.05,0.000,0.000,-88875,88842,7.74,3.2,-0.244,3568.425,1,1,1
42465344,41166,2,0.00,0.00,-0.03,0.03,0.000,0.000,-88875,88842,7.74,3.2,-0.305,3568.422,1,1,1
42475353,41176,2,0.00,0.00,-0.02,0.02,0.000,0.000,-88875,88842,7.74,3.2,-0.061,3568.423,1,1,1
42485355,41186,2,0.00,0.00,-0.01,0.02,0.000,0.000,-88875,88842,7.74,3.2,0.183,3568.425,1,1,1
42495368,41196,2,0.00,0.00,-0.01,0.01,0.000,0.000,-88875,88842,7.74,3.2,-0.061,3568.426,1,1,1
42505375,41206,2,0.00,0.00,-0.01,0.01,0.000,0.000,-88875,88842,7.74,3.2,-0.244,3568.424,1,1,1
42515389,41216,2,0.00,0.00,-0.00,0.01,0.000,0.000,-88875,88842,7.74,3.5,-0.061,3568.424,1,1,1
42525393,41226,2,0.00,0.00,-0.00,0.00,0.000,0.000,-88875,88842,7.74,3.2,0.061,3568.426,1,1,1
42535407,41236,2,0.00,0.00,-0.00,0.00,0.000,0.000,-88875,88842,7.74,3.2,-0.061,3568.426,1,1,1
42545416,41246,2,0.00,0.00,-0.00,0.00,0.000,0.000,-88875,88842,7.74,3.5,-0.183,3568.425,1,1,1
42555422,41256,2,0.00,0.00,-0.00,0.00,0.000,0.000,-88875,88842,7.74,3.2,-0.122,3568.424,1,1,1
42565435,41266,2,0.00,0.00,-0.00,0.00,0.000,0.000,-88875,88842,7.74,3.2,0.000,3568.425,1,1,1
42575438,41276,2,0.00,0.00,-0.00,0.00,0.000,0.000,-88875,88842,7.74,3.0,-0.061,3568.425,1,1,1
42585450,41286,2,0.00,0.00,-0.00,0.00,0.000,0.000,-88875,88842,7.74,3.2,-0.122,3568.425,1,1,1
42595453,41296,2,0.00,0.00,-0.00,0.00,0.000,0.000,-88875,88842,7.74,3.2,-0.061,3568.425,1,1,1
42605465,41306,2,0.00,0.00,-0.44,0.00,0.000,0.000,-88876,88842,7.74,3.0,-0.061,3568.425,1,1,1
42615466,41316,2,0.00,0.00,0.13,0.00,0.000,0.000,-88875,88842,7.74,3.2,-0.061,3568.426,1,1,1
42625468,41326,2,0.00,0.00,-0.35,0.00,0.000,0.000,-88876,88842,7.74,3.2,-0.061,3568.426,1,1,1
42635474,41336,2,0.00,0.00,0.20,0.00,0.000,0.000,-88875,88842,7.74,3.2,0.000,3568.427,1,1,1
42645476,41346,2,0.00,0.00,0.14,0.00,0.000,0.000,-88875,88842,7.74,3.2,-0.061,3568.427,1,1,1
42655480,41356,2,0.00,0.00,-0.34,0.00,0.000,0.000,-88876,88842,7.74,3.0,-0.122,3568.426,1,1,1
42665480,41366,2,0.00,0.00,-0.24,0.00,0.000,0.000,-88876,88842,7.74,3.2,-0.061,3568.427,1,1,1
42675483,41376,2,0.00,0.00,0.27,0.00,0.000,0.000,-88875,88842,7.74,3.2,-0.122,3568.426,1,1,1
42685488,41386,2,0.00,0.00,0.19,0.00,0.000,0.000,-88875,88842,7.74,3.2,-0.183,3568.425,1,1,1
42695489,41396,2,0.00,0.00,0.13,0.00,0.000,0.000,-88875,88842,7.74,3.2,-0.122,3568.425,1,1,1
42705495,41406,2,0.00,0.00,0.09,0.00,0.000,0.000,-88875,88842,7.74,3.0,0.000,3568.425,1,1,1
42715499,41416,2,0.00,0.00,0.07,0.00,0.000,0.000,-88875,88842,7.74,3.2,0.000,3568.426,1,1,1
42725505,41426,2,0.00,0.00,-0.39,0.00,0.000,0.000,-88876,88842,7.74,3.2,-0.122,3568.426,1,1,1
42735518,41436,2,0.00,0.00,0.16,0.00,0.000,0.000,-88875,88842,7.74,3.2,-0.061,3568.426,1,1,1
42745520,41446,2,0.00,0.00,0.11,0.00,0.000,0.000,-88875,88842,7.74,3.0,-0.061,3568.426,1,1,1
42755526,41456,2,0.00,0.00,-0.36,0.00,0.000,0.000,-88876,88842,7.74,3.2,-0.061,3568.426,1,1,1
42765526,41466,2,0.00,0.00,0.19,0.00,0.000,0.000,-88875,88842,7.73,3.2,-0.061,3568.427,1,1,1
42775529,41476,2,0.00,0.00,-0.31,0.00,0.000,0.000,-88876,88842,7.74,3.0,-0.122,3568.426,1,1,1
42785533,41486,2,0.00,0.00,-0.22,0.00,0.000,0.000,-88876,88842,7.74,3.2,-0.061,3568.426,1,1,1
42795537,41496,2,0.00,0.00,-0.15,0.00,0.000,0.000,-88876,88842,7.74,3.0,-0.061,3568.427,1,1,1
42805544,41506,2,0.00,0.00,0.33,0.00,0.000,0.000,-88875,88842,7.74,3.2,0.000,3568.427,1,1,1
42815557,41516,2,0.00,0.00,0.23,0.00,0.000,0.000,-88875,88842,7.74,3.2,-0.061,3568.427,1,1,1
42825557,41526,2,0.00,0.00,0.16,0.00,0.000,0.000,-88875,88842,7.73,3.2,-0.061,3568.428,1,1,1
42835565,41536,2,0.00,0.00,0.11,0.00,0.000,0.000,-88875,88842,7.74,3.2,-0.183,3568.427,1,1,1
42845574,41546,2,0.00,0.00,-0.36,0.00,0.000,0.000,-88876,88842,7.74,3.2,-0.183,3568.426,1,1,1
42855586,41556,2,0.00,0.00,-0.25,0.00,0.000,0.000,-88876,88842,7.74,3.0,-0.061,3568.426,1,1,1
42865587,41566,2,0.00,0.00,-0.18,0.00,0.000,0.000,-88876,88842,7.74,3.0,-0.061,3568.426,1,1,1
42875596,41576,2,0.00,0.00,-0.12,0.00,0.000,0.000,-88876,88842,7.74,3.0,-0.122,3568.426,1,1,1
42885609,41586,2,0.00,0.00,0.35,0.00,0.000,0.000,-88875,88842,7.74,3.0,-0.061,3568.426,1,1,1
42895618,41596,2,0.00,0.00,0.25,0.00,0.000,0.000,-88875,88842,7.74,3.2,-0.061,3568.426,1,1,1
42905624,41606,2,0.00,0.00,-0.27,0.00,0.000,0.000,-88876,88842,7.74,3.2,-0.122,3568.426,1,1,1
42915624,41616,2,0.00,0.00,0.25,0.00,0.000,0.000,-88875,88842,7.74,3.0,-0.061,3568.426,1,1,1
42925637,41626,2,0.00,0.00,0.18,0.00,0.000,0.000,-88875,88842,7.74,3.0,-0.061,3568.426,1,1,1
42935645,41636,2,0.00,0.00,-0.32,0.00,0.000,0.000,-88876,88842,7.74,3.2,-0.061,3568.427,1,1,1
42945648,41646,2,0.00,0.00,0.22,0.00,0.000,0.000,-88875,88842,7.74,3.2,-0.061,3568.427,1,1,1
42955660,41656,2,0.00,0.00,-0.29,0.00,0.000,0.000,-88876,88842,7.74,3.2,-0.061,3568.427,1,1,1
42965663,41666,2,0.00,0.00,-0.20,0.00,0.000,0.000,-88876,88842,7.74,3.0,-0.061,3568.427,1,1,1
42975676,41676,2,0.00,0.00,-0.14,0.00,0.000,0.000,-88876,88842,7.74,3.0,-0.061,3568.427,1,1,1
42985676,41686,2,0.00,0.00,-0.10,0.00,0.000,0.000,-88876,88842,7.74,3.0,-0.061,3568.428,1,1,1
42995683,41696,2,0.00,0.00,0.37,0.00,0.000,0.000,-88875,88842,7.74,3.0,-0.061,3568.428,1,1,1
43005685,41706,2,0.00,0.00,-0.18,0.00,0.000,0.000,-88876,88842,7.74,3.0,-0.061,3568.428,1,1,1
43015685,41716,2,0.00,0.00,-0.13,0.00,0.000,0.000,-88876,88842,7.74,3.0,-0.061,3568.428,1,1,1
43025693,41726,2,0.00,0.00,0.35,0.00,0.000,0.000,-88875,88842,7.74,3.0,-0.061,3568.429,1,1,1
43035693,41736,2,0.00,0.00,-0.19,0.00,0.000,0.000,-88876,88842,7.74,3.0,-0.122,3568.428,1,1,1
43045698,41746,2,0.00,0.00,-0.14,0.00,0.000,0.000,-88876,88842,7.74,3.0,-0.061,3568.428,1,1,1
43055706,41756,2,0.00,0.00,-0.09,0.00,0.000,0.000,-88876,88842,7.74,3.0,-0.061,3568.429,1,1,1
43065713,41766,2,0.00,0.00,-0.07,0.00,0.000,0.000,-88876,88842,7.74,3.0,0.000,3568.429,1,1,1
43075713,41776,2,0.00,0.00,-0.05,0.00,0.000,0.000,-88876,88842,7.74,3.0,-0.061,3568.430,1,1,1
43085721,41786,2,0.00,0.00,-0.03,0.00,0.000,0.000,-88876,88842,7.74,3.0,-0.061,3568.430,1,1,1
43095731,41796,2,0.00,0.00,0.42,0.00,0.000,0.000,-88875,88842,7.74,3.0,-0.061,3568.430,1,1,1
43105743,41806,2,0.00,0.00,-0.15,0.00,0.000,0.000,-88876,88842,7.74,3.0,-0.061,3568.430,1,1,1
43115746,41816,2,0.00,0.00,-0.10,0.00,0.000,0.000,-88876,88842,7.74,3.0,-0.061,3568.431,1,1,1
43125751,41826,2,0.00,0.00,-0.07,0.00,0.000,0.000,-88876,88842,7.74,3.0,-0.122,3568.430,1,1,1
43135754,41836,2,0.00,0.00,-0.05,0.00,0.000,0.000,-88876,88842,7.74,3.0,-0.183,3568.429,1,1,1
43145761,41846,2,0.00,0.00,0.40,0.00,0.000,0.000,-88875,88842,7.74,3.0,-0.122,3568.429,1,1,1
43155767,41856,2,0.00,0.00,-0.16,0.00,0.000,0.000,-88876,88842,7.74,3.0,-0.061,3568.429,1,1,1
43165773,41866,2,0.00,0.00,-0.11,0.00,0.000,0.000,-88876,88842,7.74,3.0,-0.061,3568.429,1,1,1
43175776,41876,2,0.00,0.00,-0.08,0.00,0.000,0.000,-88876,88842,7.74,3.0,-0.183,3568.428,1,1,1
43185782,41886,2,0.00,0.00,-0.05,0.00,0.000,0.000,-88876,88842,7.74,2.8,-0.183,3568.427,1,1,1
43195784,41896,2,0.00,0.00,-0.04,0.00,0.000,0.000,-88876,88842,7.74,3.2,-0.122,3568.427,1,1,1
43205791,41906,2,0.00,0.00,-0.03,0.00,0.000,0.000,-88876,88842,7.74,3.0,-0.061,3568.427,1,1,1
43215803,41916,2,0.00,0.00,-0.02,0.00,0.000,0.000,-88876,88842,7.74,3.0,-0.061,3568.427,1,1,1
43225803,41926,2,0.00,0.00,-0.01,0.00,0.000,0.000,-88876,88842,7.74,3.2,-0.183,3568.426,1,1,1
43235812,41936,2,0.00,0.00,-0.01,0.00,0.000,0.000,-88876,88842,7.74,3.0,-0.183,3568.425,1,1,1
43245819,41946,2,0.00,0.00,-0.01,0.00,0.000,0.000,-88876,88842,7.74,3.0,-0.061,3568.426,1,1,1
43255819,41956,2,0.00,0.00,-0.00,0.00,0.000,0.000,-88876,88842,7.74,3.0,0.000,3568.426,1,1,1
43265834,41966,2,0.00,0.00,-0.00,0.00,0.000,0.000,-88876,88842,7.73,3.0,-0.061,3568.427,1,1,1
43275837,41976,2,0.00,0.00,-0.00,0.00,0.000,0.000,-88876,88842,7.74,3.0,-0.061,3568.427,1,1,1
43285837,41986,2,0.00,0.00,-0.00,0.00,0.000,0.000,-88876,88842,7.74,3.0,-0.061,3568.427,1,1,1
43295837,41996,2,0.00,0.00,-0.00,0.00,0.000,0.000,-88876,88842,7.74,3.0,-0.122,3568.427,1,1,1
43305842,42006,2,0.00,0.00,-0.00,0.00,0.000,0.000,-88876,88842,7.74,3.0,-0.183,3568.426,1,1,1
43315850,42016,2,0.00,0.00,-0.00,0.00,0.000,0.000,-88876,88842,7.74,3.0,-0.122,3568.425,1,1,1
43325850,42026,2,0.00,0.00,-0.00,0.00,0.000,0.000,-88876,88842,7.73,3.2,-0.122,3568.425,1,1,1
43335852,42036,2,0.00,0.00,-0.00,0.00,0.000,0.000,-88876,88842,7.74,3.0,-0.122,3568.424,1,1,1
43345858,42046,2,0.00,0.00,-0.00,0.00,0.000,0.000,-88876,88842,7.74,2.8,-0.183,3568.423,1,1,1
43355858,42056,2,0.00,0.00,-0.00,0.00,0.000,0.000,-88876,88842,7.74,3.0,-0.061,3568.423,1,1,1
43365865,42066,2,0.00,0.00,-0.00,0.00,0.000,0.000,-88876,88842,7.74,3.0,0.000,3568.424,1,1,1
43375879,42076,2,0.00,0.00,-0.00,0.00,0.000,0.000,-88876,88842,7.74,3.0,-0.061,3568.424,1,1,1
43385888,42086,2,0.00,0.00,-0.00,0.00,0.000,0.000,-88876,88842,7.74,3.0,0.000,3568.425,1,1,1
43395888,42096,2,0.00,0.00,-0.00,0.00,0.000,0.000,-88876,88842,7.74,3.0,0.000,3568.426,1,1,1
43405895,42106,2,0.00,0.00,-0.00,0.00,0.000,0.000,-88876,88842,7.74,3.0,0.000,3568.427,1,1,1
43415895,42116,2,0.00,0.00,-0.00,0.00,0.000,0.000,-88876,88842,7.74,3.0,-0.061,3568.427,1,1,1
43425895,42126,2,0.00,0.00,-0.00,0.00,0.000,0.000,-88876,88842,7.74,3.0,-0.122,3568.426,1,1,1
43435897,42136,2,0.00,0.00,0.44,0.00,0.000,0.000,-88875,88842,7.74,3.0,-0.122,3568.426,1,1,1
43445897,42146,2,0.00,0.00,-0.13,0.00,0.000,0.000,-88876,88842,7.74,3.0,-0.061,3568.426,1,1,1
43455910,42156,2,0.00,0.00,-0.09,0.00,0.000,0.000,-88876,88842,7.74,3.0,0.000,3568.427,1,1,1
43465918,42166,2,0.00,0.00,-0.06,0.00,0.000,0.000,-88876,88842,7.74,3.0,0.000,3568.427,1,1,1
43475928,42176,2,0.00,0.00,0.39,0.00,0.000,0.000,-88875,88842,7.75,3.0,-0.061,3568.428,1,1,1
43485933,42186,2,0.00,0.00,-0.16,0.00,0.000,0.000,-88876,88842,7.74,3.0,-0.061,3568.428,1,1,1
43495933,42196,2,0.00,0.00,-0.11,0.00,0.000,0.000,-88876,88842,7.74,3.0,-0.122,3568.427,1,1,1
43505943,42206,2,0.00,0.00,-0.08,0.00,0.000,0.000,-88876,88842,7.74,3.0,0.000,3568.428,1,1,1
43515951,42216,2,0.00,0.00,-0.06,0.00,0.000,0.000,-88876,88842,7.74,3.0,0.000,3568.429,1,1,1
43525951,42226,2,0.00,0.00,-0.04,0.00,0.000,0.000,-88876,88842,7.74,2.8,-0.122,3568.428,1,1,1
43535958,42236,2,0.00,0.00,-0.03,0.00,0.000,0.000,-88876,88842,7.74,2.8,0.000,3568.429,1,1,1
43545958,42246,2,0.00,0.00,-0.02,0.00,0.000,0.000,-88876,88842,7.74,3.0,-0.061,3568.429,1,1,1
43555971,42256,2,0.00,0.00,-0.01,0.00,0.000,0.000,-88876,88842,7.74,3.0,-0.122,3568.429,1,1,1
43565982,42266,2,0.00,0.00,-0.01,0.00,0.000,0.000,-88876,88842,7.74,3.0,-0.061,3568.429,1,1,1
43575994,42276,2,0.00,0.00,0.43,0.00,0.000,0.000,-88875,88842,7.74,3.0,0.000,3568.430,1,1,1
43586001,42287,2,0.00,0.00,-0.14,0.00,0.000,0.000,-88876,88842,7.74,3.0,-0.122,3568.429,1,1,1
43596001,42297,2,0.00,0.00,0.34,0.00,0.000,0.000,-88875,88842,7.74,3.0,-0.061,3568.430,1,1,1
43606009,42307,2,0.00,0.00,-0.20,0.00,0.000,0.000,-88876,88842,7.74,2.8,-0.061,3568.430,1,1,1
43616017,42317,2,0.00,0.00,-0.14,0.00,0.000,0.000,-88876,88842,7.74,3.0,-0.122,3568.429,1,1,1
43626017,42327,2,0.00,0.00,-0.10,0.00,0.000,0.000,-88876,88842,7.74,3.0,-0.061,3568.430,1,1,1
43636024,42337,2,0.00,0.00,-0.07,0.00,0.000,0.000,-88876,88842,7.74,3.0,-0.061,3568.430,1,1,1
43646027,42347,2,0.00,0.00,-0.05,0.00,0.000,0.000,-88876,88842,7.74,3.0,-0.061,3568.430,1,1,1
43656039,42357,2,0.00,0.00,-0.03,0.00,0.000,0.000,-88876,88842,7.74,2.8,-0.061,3568.430,1,1,1
43666049,42367,2,0.00,0.00,0.42,0.00,0.000,0.000,-88875,88842,7.74,3.0,-0.122,3568.430,1,1,1
43676049,42377,2,0.00,0.00,-0.15,0.00,0.000,0.000,-88876,88842,7.74,2.8,-0.122,3568.429,1,1,1
43686062,42387,2,0.00,0.00,-0.10,0.00,0.000,0.000,-88876,88842,7.74,3.0,-0.122,3568.429,1,1,1
43696072,42397,2,0.00,0.00,-0.07,0.00,0.000,0.000,-88876,88842,7.74,3.0,-0.122,3568.428,1,1,1
43706076,42407,2,0.00,0.00,0.39,0.00,0.000,0.000,-88875,88842,7.74,3.0,0.000,3568.429,1,1,1
43716079,42417,2,0.00,0.00,-0.17,0.00,0.000,0.000,-88876,88842,7.74,3.0,-0.061,3568.429,1,1,1
43726092,42427,2,0.00,0.00,-0.12,0.00,0.000,0.000,-88876,88842,7.74,3.0,-0.122,3568.429,1,1,1
43736100,42437,2,0.00,0.00,-0.08,0.00,0.000,0.000,-88876,88842,7.74,2.8,-0.122,3568.428,1,1,1
43746112,42447,2,0.00,0.00,-0.06,0.00,0.000,0.000,-88876,88842,7.75,3.0,-0.061,3568.429,1,1,1
43756119,42457,2,0.00,0.00,-0.04,0.00,0.000,0.000,-88876,88842,7.74,2.8,-0.061,3568.429,1,1,1
43766132,42467,2,0.00,0.00,-0.03,0.00,0.000,0.000,-88876,88842,7.73,2.8,-0.122,3568.428,1,1,1
43776135,42477,2,0.00,0.00,-0.02,0.00,0.000,0.000,-88876,88842,7.74,2.8,-0.061,3568.429,1,1,1
43786139,42487,2,0.00,0.00,-0.01,0.00,0.000,0.000,-88876,88842,7.74,2.8,-0.183,3568.428,1,1,1
43796141,42497,2,0.00,0.00,-0.01,0.00,0.000,0.000,-88876,88842,7.74,3.0,-0.244,3568.426,1,1,1
43806143,42507,2,0.00,0.00,-0.01,0.00,0.000,0.000,-88876,88842,7.75,3.0,-0.061,3568.426,1,1,1
43816150,42517,2,0.00,0.00,-0.00,0.00,0.000,0.000,-88876,88842,7.74,2.8,-0.122,3568.426,1,1,1
43826150,42527,2,0.00,0.00,-0.00,0.00,0.000,0.000,-88876,88842,7.73,3.0,-0.061,3568.426,1,1,1
43836158,42537,2,0.00,0.00,-0.00,0.00,0.000,0.000,-88876,88842,7.74,3.0,-0.122,3568.426,1,1,1
43846158,42547,2,0.00,0.00,-0.00,0.00,0.000,0.000,-88876,88842,7.74,3.0,-0.183,3568.425,1,1,1
43856165,42557,2,0.00,0.00,-0.00,0.00,0.000,0.000,-88876,88842,7.74,3.0,-0.061,3568.425,1,1,1
43866169,42567,2,0.00,0.00,-0.00,0.00,0.000,0.000,-88876,88842,7.74,3.0,-0.061,3568.425,1,1,1
43876173,42577,2,0.00,0.00,0.44,0.00,0.000,0.000,-88875,88842,7.74,3.0,-0.061,3568.425,1,1,1
43886173,42587,2,0.00,0.00,0.31,0.00,0.000,0.000,-88875,88842,7.74,2.8,-0.061,3568.426,1,1,1
43896186,42597,2,0.00,0.00,-0.22,0.00,0.000,0.000,-88876,88842,7.74,2.8,-0.061,3568.426,1,1,1
43906193,42607,2,0.00,0.00,-0.16,0.00,0.000,0.000,-88876,88842,7.74,2.8,-0.061,3568.426,1,1,1
43916193,42617,2,0.00,0.00,-0.11,0.00,0.000,0.000,-88876,88842,7.74,2.8,-0.061,3568.426,1,1,1
43926201,42627,2,0.00,0.00,-0.08,0.00,0.000,0.000,-88876,88842,7.74,2.8,-0.061,3568.427,1,1,1
43936208,42637,2,0.00,0.00,-0.05,0.00,0.000,0.000,-88876,88842,7.74,2.8,-0.061,3568.427,1,1,1
43946208,42647,2,0.00,0.00,0.40,0.00,0.000,0.000,-88875,88842,7.74,3.0,-0.122,3568.426,1,1,1
43956216,42657,2,0.00,0.00,-0.16,0.00,0.000,0.000,-88876,88842,7.74,2.8,-0.061,3568.427,1,1,1
43966216,42667,2,0.00,0.00,-0.11,0.00,0.000,0.000,-88876,88842,7.74,3.0,0.000,3568.427,1,1,1
43976230,42677,2,0.00,0.00,-0.08,0.00,0.000,0.000,-88876,88842,7.74,2.8,-0.122,3568.427,1,1,1
43986240,42687,2,0.00,0.00,-0.05,0.00,0.000,0.000,-88876,88842,7.74,3.0,-0.061,3568.427,1,1,1
43996247,42697,2,0.00,0.00,-0.04,0.00,0.000,0.000,-88876,88842,7.74,3.0,0.000,3568.428,1,1,1
44006256,42707,2,0.00,0.00,-0.03,0.00,0.000,0.000,-88876,88842,7.74,2.8,0.000,3568.428,1,1,1
44016269,42717,2,0.00,0.00,-0.02,0.00,0.000,0.000,-88876,88842,7.75,3.0,-0.122,3568.428,1,1,1
44026277,42727,2,0.00,0.00,-0.01,0.00,0.000,0.000,-88876,88842,7.74,2.8,-0.061,3568.428,1,1,1
44036284,42737,2,0.00,0.00,-0.01,0.00,0.000,0.000,-88876,88842,7.75,2.8,-0.061,3568.428,1,1,1
44046298,42747,2,0.00,0.00,-0.01,0.00,0.000,0.000,-88876,88842,7.74,2.8,-0.061,3568.429,1,1,1
44056301,42757,2,0.00,0.00,0.43,0.00,0.000,0.000,-88875,88842,7.74,2.8,-0.061,3568.429,1,1,1
44066310,42767,2,0.00,0.00,-0.13,0.00,0.000,0.000,-88876,88842,7.74,3.0,-0.122,3568.428,1,1,1
44076323,42777,2,0.00,0.00,-0.09,0.00,0.000,0.000,-88876,88842,7.74,3.0,-0.061,3568.429,1,1,1
44086329,42787,2,0.00,0.00,-0.07,0.00,0.000,0.000,-88876,88842,7.74,3.0,-0.061,3568.429,1,1,1
44096331,42797,2,0.00,0.00,-0.05,0.00,0.000,0.000,-88876,88842,7.74,2.8,-0.122,3568.428,1,1,1
44106344,42807,2,0.00,0.00,-0.03,0.00,0.000,0.000,-88876,88842,7.74,2.8,-0.061,3568.429,1,1,1
44116353,42817,2,0.00,0.00,-0.02,0.00,0.000,0.000,-88876,88842,7.74,2.8,-0.061,3568.429,1,1,1
44126353,42827,2,0.00,0.00,-0.02,0.00,0.000,0.000,-88876,88842,7.74,2.8,-0.061,3568.429,1,1,1
44136359,42837,2,0.00,0.00,0.43,0.00,0.000,0.000,-88875,88842,7.74,2.8,0.000,3568.430,1,1,1
44146362,42847,2,0.00,0.00,-0.14,0.00,0.000,0.000,-88876,88842,7.74,2.8,-0.061,3568.430,1,1,1
44156375,42857,2,0.00,0.00,-0.10,0.00,0.000,0.000,-88876,88842,7.74,2.8,-0.061,3568.430,1,1,1
44166389,42867,2,0.00,0.00,-0.07,0.00,0.000,0.000,-88876,88842,7.74,3.0,-0.061,3568.431,1,1,1
44176389,42877,2,0.00,0.00,-0.05,0.00,0.000,0.000,-88876,88842,7.74,2.8,-0.061,3568.431,1,1,1
44186392,42887,2,0.00,0.00,-0.03,0.00,0.000,0.000,-88876,88842,7.74,2.5,-0.122,3568.430,1,1,1
44196404,42897,2,0.00,0.00,-0.02,0.00,0.000,0.000,-88876,88842,7.74,3.0,-0.122,3568.430,1,1,1
44206407,42907,2,0.00,0.00,-0.02,0.00,0.000,0.000,-88876,88842,7.74,2.8,-0.061,3568.430,1,1,1
44216416,42917,2,0.00,0.00,0.43,0.00,0.000,0.000,-88875,88842,7.74,3.0,-0.061,3568.430,1,1,1
44226429,42927,2,0.00,0.00,-0.14,0.00,0.000,0.000,-88876,88842,7.74,2.8,-0.061,3568.431,1,1,1
44236435,42937,2,0.00,0.00,-0.10,0.00,0.000,0.000,-88876,88842,7.74,2.5,0.000,3568.431,1,1,1
44246446,42947,2,0.00,0.00,-0.07,0.00,0.000,0.000,-88876,88842,7.74,2.8,-0.061,3568.432,1,1,1
44256451,42957,2,0.00,0.00,-0.05,0.00,0.000,0.000,-88876,88842,7.74,3.0,-0.061,3568.432,1,1,1
44266462,42967,2,0.00,0.00,-0.03,0.00,0.000,0.000,-88876,88842,7.73,3.0,-0.061,3568.432,1,1,1
44276468,42977,2,0.00,0.00,-0.02,0.00,0.000,0.000,-88876,88842,7.74,2.8,-0.061,3568.432,1,1,1
44286468,42987,2,0.00,0.00,-0.02,0.00,0.000,0.000,-88876,88842,7.74,2.8,0.000,3568.433,1,1,1
44296474,42997,2,0.00,0.00,-0.01,0.00,0.000,0.000,-88876,88842,7.74,2.8,0.000,3568.434,1,1,1
44306483,43007,2,0.00,0.00,-0.01,0.00,0.000,0.000,-88876,88842,7.73,2.8,-0.061,3568.434,1,1,1
44316483,43017,2,0.00,0.00,-0.01,0.00,0.000,0.000,-88876,88842,7.74,3.0,-0.122,3568.434,1,1,1
44326489,43027,2,0.00,0.00,-0.00,0.00,0.000,0.000,-88876,88842,7.73,2.8,-0.061,3568.434,1,1,1
44336492,43037,2,0.00,0.00,-0.00,0.00,0.000,0.000,-88876,88842,7.74,3.0,-0.061,3568.434,1,1,1
44346498,43047,2,0.00,0.00,-0.00,0.00,0.000,0.000,-88876,88842,7.74,3.0,-0.061,3568.434,1,1,1
44356504,43057,2,0.00,0.00,-0.00,0.00,0.000,0.000,-88876,88842,7.74,2.5,-0.122,3568.434,1,1,1
44366507,43067,2,0.00,0.00,0.44,0.00,0.000,0.000,-88875,88842,7.74,2.8,-0.061,3568.434,1,1,1
44376514,43077,2,0.00,0.00,-0.13,0.00,0.000,0.000,-88876,88842,7.74,3.0,-0.122,3568.434,1,1,1
44386518,43087,2,0.00,0.00,-0.09,0.00,0.000,0.000,-88876,88842,7.74,2.8,-0.061,3568.434,1,1,1
44396522,43097,2,0.00,0.00,-0.06,0.00,0.000,0.000,-88876,88842,7.74,2.8,-0.061,3568.434,1,1,1
44406529,43107,2,0.00,0.00,-0.05,0.00,0.000,0.000,-88876,88842,7.74,2.8,-0.061,3568.434,1,1,1
44416535,43117,2,0.00,0.00,-0.03,0.00,0.000,0.000,-88876,88842,7.74,2.8,-0.122,3568.434,1,1,1
44426544,43127,2,0.00,0.00,-0.02,0.00,0.000,0.000,-88876,88842,7.74,2.8,-0.183,3568.433,1,1,1
44436550,43137,2,0.00,0.00,-0.02,0.00,0.000,0.000,-88876,88842,7.74,2.5,-0.061,3568.433,1,1,1
44446552,43147,2,0.00,0.00,-0.01,0.00,0.000,0.000,-88876,88842,7.74,2.8,0.000,3568.434,1,1,1
44456557,43157,2,0.00,0.00,-0.01,0.00,0.000,0.000,-88876,88842,7.74,2.8,-0.061,3568.434,1,1,1
44466565,43167,2,0.00,0.00,-0.01,0.00,0.000,0.000,-88876,88842,7.74,2.8,-0.061,3568.434,1,1,1
44476574,43177,2,0.00,0.00,-0.00,0.00,0.000,0.000,-88876,88842,7.74,2.8,-0.061,3568.435,1,1,1
44486587,43187,2,0.00,0.00,-0.00,0.00,0.000,0.000,-88876,88842,7.74,2.8,-0.061,3568.435,1,1,1
44496589,43197,2,0.00,0.00,-0.00,0.00,0.000,0.000,-88876,88842,7.74,3.0,-0.061,3568.435,1,1,1
44506595,43207,2,0.00,0.00,-0.00,0.00,0.000,0.000,-88876,88842,7.74,3.0,-0.061,3568.435,1,1,1
44516598,43217,2,0.00,0.00,-0.00,0.00,0.000,0.000,-88876,88842,7.74,2.8,-0.061,3568.436,1,1,1
44526613,43227,2,0.00,0.00,-0.00,0.00,0.000,0.000,-88876,88842,7.74,3.0,-0.122,3568.435,1,1,1
44536617,43237,2,0.00,0.00,-0.00,0.00,0.000,0.000,-88876,88842,7.74,3.0,-0.061,3568.435,1,1,1
44546617,43247,2,0.00,0.00,-0.00,0.00,0.000,0.000,-88876,88842,7.74,3.0,-0.061,3568.436,1,1,1
44556625,43257,2,0.00,0.00,0.44,0.00,0.000,0.000,-88875,88842,7.74,2.8,-0.061,3568.436,1,1,1
44566640,43267,2,0.00,0.00,-0.13,0.00,0.000,0.000,-88876,88842,7.74,3.0,-0.061,3568.436,1,1,1
44576640,43277,2,0.00,0.00,0.35,0.00,0.000,0.000,-88875,88842,7.74,2.8,0.000,3568.437,1,1,1
44586653,43287,2,0.00,0.00,-0.20,0.00,0.000,0.000,-88876,88842,7.74,3.0,0.000,3568.438,1,1,1
44596660,43297,2,0.00,0.00,0.30,0.00,0.000,0.000,-88875,88842,7.74,2.8,-0.122,3568.437,1,1,1
44606663,43307,2,0.00,0.00,-0.23,0.00,0.000,0.000,-88876,88842,7.74,2.8,-0.061,3568.437,1,1,1
44616668,43317,2,0.00,0.00,-0.16,0.00,0.000,0.000,-88876,88842,7.74,2.8,-0.122,3568.437,1,1,1
44626676,43327,2,0.00,0.00,-0.11,0.00,0.000,0.000,-88876,88842,7.74,2.8,-0.061,3568.437,1,1,1
44636676,43337,2,0.00,0.00,-0.08,0.00,0.000,0.000,-88876,88842,7.74,3.0,-0.061,3568.437,1,1,1
44646685,43347,2,0.00,0.00,-0.05,0.00,0.000,0.000,-88876,88842,7.74,2.8,-0.061,3568.438,1,1,1
44656685,43357,2,0.00,0.00,-0.04,0.00,0.000,0.000,-88876,88842,7.74,2.8,-0.061,3568.438,1,1,1
44666697,43367,2,0.00,0.00,-0.03,0.00,0.000,0.000,-88876,88842,7.74,2.8,-0.122,3568.437,1,1,1
44676709,43377,2,0.00,0.00,-0.02,0.00,0.000,0.000,-88876,88842,7.74,2.8,-0.061,3568.438,1,1,1
44686724,43387,2,0.00,0.00,-0.01,0.00,0.000,0.000,-88876,88842,7.74,2.8,-0.122,3568.437,1,1,1
44696731,43397,2,0.00,0.00,0.43,0.00,0.000,0.000,-88875,88842,7.74,2.8,-0.122,3568.437,1,1,1
44706731,43407,2,0.00,0.00,-0.14,0.00,0.000,0.000,-88876,88842,7.74,2.8,-0.122,3568.436,1,1,1
44716736,43417,2,0.00,0.00,-0.10,0.00,0.000,0.000,-88876,88842,7.74,2.8,-0.122,3568.436,1,1,1
44726736,43427,2,0.00,0.00,-0.07,0.00,0.000,0.000,-88876,88842,7.74,2.8,-0.122,3568.435,1,1,1
44736743,43437,2,0.00,0.00,-0.05,0.00,0.000,0.000,-88876,88842,7.74,2.8,-0.122,3568.435,1,1,1
44746744,43447,2,0.00,0.00,-0.03,0.00,0.000,0.000,-88876,88842,7.74,2.8,-0.061,3568.435,1,1,1
44756754,43457,2,0.00,0.00,-0.02,0.00,0.000,0.000,-88876,88842,7.74,3.0,-0.061,3568.435,1,1,1
44766759,43467,2,0.00,0.00,-0.02,0.00,0.000,0.000,-88876,88842,7.73,3.0,-0.061,3568.435,1,1,1
44776759,43477,2,0.00,0.00,-0.01,0.00,0.000,0.000,-88876,88842,7.74,2.8,-0.061,3568.436,1,1,1
44786773,43487,2,0.00,0.00,-0.01,0.00,0.000,0.000,-88876,88842,7.74,2.8,0.000,3568.436,1,1,1
44796782,43497,2,0.00,0.00,-0.01,0.00,0.000,0.000,-88876,88842,7.74,2.8,-0.061,3568.437,1,1,1
44806782,43507,2,0.00,0.00,-0.00,0.00,0.000,0.000,-88876,88842,7.74,2.8,0.000,3568.437,1,1,1
44816782,43517,2,0.00,0.00,-0.00,0.00,0.000,0.000,-88876,88842,7.74,3.0,0.000,3568.438,1,1,1
44826791,43527,2,0.00,0.00,-0.00,0.00,0.000,0.000,-88876,88842,7.73,2.8,0.000,3568.439,1,1,1
44836804,43537,2,0.00,0.00,-0.00,0.00,0.000,0.000,-88876,88842,7.74,2.8,0.000,3568.439,1,1,1
44846811,43547,2,0.00,0.00,-0.00,0.00,0.000,0.000,-88876,88842,7.74,2.8,-0.061,3568.440,1,1,1
44856819,43557,2,0.00,0.00,-0.00,0.00,0.000,0.000,-88876,88842,7.74,2.8,-0.122,3568.439,1,1,1
44866819,43567,2,0.00,0.00,-0.00,0.00,0.000,0.000,-88876,88842,7.74,3.0,-0.061,3568.439,1,1,1
44876822,43577,2,0.00,0.00,-0.00,0.00,0.000,0.000,-88876,88842,7.74,2.8,-0.061,3568.440,1,1,1
44886835,43587,2,0.00,0.00,-0.00,0.00,0.000,0.000,-88876,88842,7.74,2.8,-0.122,3568.439,1,1,1
44896837,43597,2,0.00,0.00,-0.00,0.00,0.000,0.000,-88876,88842,7.74,2.8,-0.061,3568.439,1,1,1
44906849,43607,2,0.00,0.00,-0.00,0.00,0.000,0.000,-88876,88842,7.74,2.8,-0.061,3568.440,1,1,1
44916852,43617,2,0.00,0.00,-0.00,0.00,0.000,0.000,-88876,88842,7.74,2.8,0.000,3568.440,1,1,1
44926852,43627,2,0.00,0.00,-0.00,0.00,0.000,0.000,-88876,88842,7.75,3.0,-0.061,3568.441,1,1,1
44936864,43637,2,0.00,0.00,-0.00,0.00,0.000,0.000,-88876,88842,7.74,2.8,-0.061,3568.441,1,1,1
44946867,43647,2,0.00,0.00,-0.00,0.00,0.000,0.000,-88876,88842,7.74,2.8,-0.122,3568.440,1,1,1
44956873,43657,2,0.00,0.00,-0.00,0.00,0.000,0.000,-88876,88842,7.74,2.8,-0.122,3568.440,1,1,1
44966882,43667,2,0.00,0.00,-0.00,0.00,0.000,0.000,-88876,88842,7.74,2.8,-0.061,3568.440,1,1,1
44976895,43677,2,0.00,0.00,-0.00,0.00,0.000,0.000,-88876,88842,7.74,2.8,-0.061,3568.440,1,1,1
44986903,43687,2,0.00,0.00,-0.00,0.00,0.000,0.000,-88876,88842,7.75,2.8,-0.122,3568.440,1,1,1
44996910,43697,2,0.00,0.00,-0.00,0.00,0.000,0.000,-88876,88842,7.74,2.8,-0.061,3568.440,1,1,1
45006921,43707,2,0.00,0.00,-0.00,0.00,0.000,0.000,-88876,88842,7.74,2.8,-0.061,3568.440,1,1,1
45016926,43717,2,0.00,0.00,-0.00,0.00,0.000,0.000,-88876,88842,7.74,2.8,-0.061,3568.441,1,1,1
45026936,43727,2,0.00,0.00,-0.00,0.00,0.000,0.000,-88876,88842,7.74,2.8,-0.061,3568.441,1,1,1
45036948,43737,2,0.00,0.00,0.44,0.00,0.000,0.000,-88875,88842,7.74,2.8,-0.122,3568.440,1,1,1
45046958,43747,2,0.00,0.00,-0.13,0.00,0.000,0.000,-88876,88842,7.74,2.8,-0.061,3568.441,1,1,1
45056958,43757,2,0.00,0.00,-0.09,0.00,0.000,0.000,-88876,88842,7.74,3.0,-0.183,3568.440,1,1,1
45066971,43767,2,0.00,0.00,-0.06,0.00,0.000,0.000,-88876,88842,7.74,2.8,-0.061,3568.440,1,1,1
45076971,43777,2,0.00,0.00,-0.05,0.00,0.000,0.000,-88876,88842,7.74,2.8,0.000,3568.441,1,1,1
45086986,43787,2,0.00,0.00,-0.03,0.00,0.000,0.000,-88876,88842,7.74,2.8,-0.061,3568.441,1,1,1
45096988,43797,2,0.00,0.00,-0.02,0.00,0.000,0.000,-88876,88842,7.74,3.0,-0.061,3568.441,1,1,1
45107001,43808,2,0.00,0.00,0.42,0.00,0.000,0.000,-88875,88842,7.74,2.8,-0.061,3568.441,1,1,1
45117004,43818,2,0.00,0.00,-0.14,0.00,0.000,0.000,-88876,88842,7.74,2.5,-0.122,3568.441,1,1,1
45127012,43828,2,0.00,0.00,-0.10,0.00,0.000,0.000,-88876,88842,7.74,2.8,-0.061,3568.441,1,1,1
45137019,43838,2,0.00,0.00,-0.07,0.00,0.000,0.000,-88876,88842,7.74,2.8,-0.061,3568.441,1,1,1
45147031,43848,2,0.00,0.00,-0.05,0.00,0.000,0.000,-88876,88842,7.74,2.8,-0.122,3568.441,1,1,1
45157032,43858,2,0.00,0.00,-0.03,0.00,0.000,0.000,-88876,88842,7.75,2.8,-0.061,3568.441,1,1,1
45167042,43868,2,0.00,0.00,-0.02,0.00,0.000,0.000,-88876,88842,7.74,2.8,-0.122,3568.441,1,1,1
45177042,43878,2,0.00,0.00,-0.02,0.00,0.000,0.000,-88876,88842,7.74,2.8,-0.061,3568.441,1,1,1
45187055,43888,3,0.00,0.00,-0.01,0.00,0.000,0.000,-88876,88842,7.74,2.8,0.000,3568.442,1,1,1
45197057,43898,3,35.00,-35.00,-0.01,0.00,0.681,-0.705,-88876,88842,7.74,2.8,-0.061,3568.442,1,1,1
45207070,43908,3,35.00,-35.00,-0.01,-0.44,0.706,-0.728,-88876,88841,7.44,566.5,-0.183,3568.441,1,1,1
45217070,43918,3,35.00,-35.00,-0.00,-0.75,0.708,-0.728,-88876,88840,7.42,608.0,-0.183,3568.440,1,1,1
45227079,43928,3,35.00,-35.00,1.32,-0.96,0.703,-0.727,-88873,88839,7.43,586.2,-0.549,3568.435,1,1,1
45237079,43938,3,35.00,-35.00,3.56,-1.11,0.693,-0.726,-88867,88838,7.45,562.5,-2.012,3568.416,1,1,1
45247079,43948,3,35.00,-35.00,6.01,-4.29,0.685,-0.715,-88859,88830,7.47,531.0,-5.610,3568.361,1,1,1
45257092,43958,3,35.00,-35.00,9.04,-8.72,0.675,-0.700,-88848,88817,7.48,494.8,-13.841,3568.223,1,1,1
45267092,43968,3,35.00,-35.00,12.04,-12.70,0.665,-0.687,-88835,88802,7.49,455.8,-29.817,3567.926,1,1,1
45277095,43978,3,35.00,-35.00,14.14,-15.92,0.657,-0.675,-88822,88786,7.52,425.7,-43.659,3567.490,1,1,1
45287095,43988,3,35.00,-35.00,16.05,-18.17,0.651,-0.667,-88808,88770,7.53,401.5,-52.378,3566.967,1,1,1
45297103,43998,3,35.00,-35.00,17.83,-20.19,0.645,-0.659,-88793,88753,7.54,378.8,-58.598,3566.382,1,1,1
45307110,44008,3,35.00,-35.00,19.07,-22.48,0.642,-0.652,-88778,88734,7.54,366.8,-62.073,3565.762,1,1,1
45317110,44018,3,35.00,-35.00,19.94,-23.65,0.639,-0.647,-88763,88716,7.55,357.2,-64.939,3565.113,1,1,1
45327113,44028,3,35.00,-35.00,21.43,-25.34,0.635,-0.642,-88746,88696,7.55,347.0,-68.598,3564.428,1,1,1
45337125,44038,3,35.00,-35.00,22.47,-26.53,0.631,-0.637,-88729,88676,7.57,337.8,-73.720,3563.692,1,1,1
45347139,44048,3,35.00,-35.00,24.52,-27.80,0.625,-0.632,-88709,88655,7.57,331.2,-79.207,3562.901,1,1,1
45357143,44058,3,35.00,-35.00,25.95,-29.13,0.621,-0.628,-88689,88633,7.57,321.8,-84.573,3562.056,1,1,1
45367147,44068,3,35.00,-35.00,26.52,-30.50,0.620,-0.623,-88670,88610,7.57,314.2,-88.049,3561.176,1,1,1
45377147,44078,3,35.00,-35.00,26.47,-33.65,0.620,-0.611,-88652,88582,7.58,310.2,-87.134,3560.305,1,1,1
45387147,44088,3,35.00,-35.00,26.88,-34.54,0.621,-0.608,-88633,88557,7.58,302.0,-81.646,3559.490,1,1,1
45397147,44098,3,35.00,-35.00,27.60,-32.97,0.618,-0.612,-88613,88537,7.58,300.2,-76.585,3558.725,1,1,1
45407156,44108,3,35.00,-35.00,28.99,-30.55,0.613,-0.621,-88591,88520,7.58,299.5,-74.817,3557.977,1,1,1
45417158,44118,3,35.00,-35.00,29.52,-29.29,0.611,-0.625,-88570,88502,7.58,300.2,-73.598,3557.242,1,1,1
45427163,44128,3,35.00,-35.00,29.89,-30.17,0.610,-0.622,-88549,88480,7.59,302.2,-73.720,3556.506,1,1,1
45437177,44138,3,35.00,-35.00,30.59,-32.11,0.608,-0.615,-88527,88455,7.59,299.2,-74.695,3555.760,1,1,1
45447186,44148,3,35.00,-35.00,30.64,-32.58,0.608,-0.614,-88506,88432,7.59,294.2,-79.207,3554.969,1,1,1
45457193,44158,3,35.00,-35.00,31.56,-32.92,0.606,-0.613,-88483,88409,7.58,292.2,-82.805,3554.141,1,1,1
45467201,44168,3,35.00,-35.00,32.20,-33.59,0.604,-0.610,-88460,88385,7.59,292.0,-83.293,3553.309,1,1,1
45477215,44178,3,35.00,-35.00,31.77,-34.06,0.605,-0.608,-88439,88361,7.59,286.8,-83.049,3552.480,1,1,1
45487225,44188,3,35.00,-35.00,31.47,-34.83,0.607,-0.606,-88418,88336,7.59,287.2,-81.341,3551.667,1,1,1
45497238,44198,3,35.00,-35.00,31.69,-34.93,0.606,-0.605,-88396,88312,7.59,286.5,-79.817,3550.870,1,1,1
45507240,44208,3,35.00,-35.00,31.85,-34.56,0.606,-0.605,-88374,88289,7.59,286.5,-80.549,3550.065,1,1,1
45517247,44218,3,35.00,-35.00,32.84,-33.86,0.603,-0.609,-88350,88267,7.58,285.5,-82.195,3549.244,1,1,1
45527256,44228,3,35.00,-35.00,33.10,-33.81,0.603,-0.609,-88327,88244,7.58,287.5,-86.159,3548.383,1,1,1
45537269,44238,3,35.00,-35.00,33.72,-34.21,0.600,-0.607,-88303,88220,7.59,287.8,-91.037,3547.474,1,1,1
45547277,44248,3,35.00,-35.00,34.15,-34.50,0.599,-0.606,-88279,88196,7.59,285.0,-93.780,3546.537,1,1,1
45557286,44258,3,35.00,-35.00,33.57,-34.69,0.601,-0.606,-88257,88172,7.58,283.5,-94.390,3545.594,1,1,1
45567292,44268,3,35.00,-35.00,33.61,-34.83,0.601,-0.605,-88234,88148,7.59,283.5,-95.305,3544.641,1,1,1
45577301,44278,3,35.00,-35.00,34.95,-35.37,0.597,-0.603,-88208,88123,7.59,282.8,-95.488,3543.687,1,1,1
45587314,44288,3,35.00,-35.00,33.69,-35.74,0.602,-0.602,-88187,88098,7.58,280.0,-91.829,3542.770,1,1,1
45597325,44298,3,35.00,-35.00,32.81,-36.01,0.605,-0.601,-88166,88073,7.58,280.2,-86.280,3541.908,1,1,1
45607325,44308,3,35.00,-35.00,33.08,-35.31,0.604,-0.602,-88143,88050,7.59,280.5,-79.695,3541.112,1,1,1
45617338,44318,3,35.00,-35.00,33.70,-33.95,0.601,-0.607,-88119,88029,7.59,279.5,-78.049,3540.332,1,1,1
45627338,44328,3,35.00,-35.00,34.14,-33.43,0.600,-0.609,-88095,88007,7.59,282.8,-81.768,3539.515,1,1,1
45637338,44338,3,35.00,-35.00,34.44,-32.63,0.598,-0.612,-88071,87986,7.59,282.5,-88.293,3538.633,1,1,1
45647347,44348,3,35.00,-35.00,34.66,-34.27,0.598,-0.607,-88047,87960,7.59,283.0,-94.146,3537.692,1,1,1
45657347,44358,3,35.00,-35.00,35.69,-34.53,0.594,-0.606,-88021,87936,7.59,281.2,-95.366,3536.739,1,1,1
45667360,44368,3,35.00,-35.00,35.97,-34.28,0.592,-0.606,-87996,87913,7.60,278.0,-94.329,3535.797,1,1,1
45677362,44378,3,35.00,-35.00,34.40,-34.98,0.598,-0.604,-87975,87888,7.59,278.2,-92.256,3534.875,1,1,1
45687370,44388,3,35.00,-35.00,33.31,-35.47,0.602,-0.602,-87954,87863,7.59,278.8,-88.415,3533.992,1,1,1
45697374,44398,3,35.00,-35.00,32.99,-34.94,0.604,-0.603,-87932,87840,7.59,279.8,-81.707,3533.176,1,1,1
45707385,44408,3,35.00,-35.00,33.20,-34.57,0.603,-0.605,-87909,87817,7.59,282.0,-78.902,3532.387,1,1,1
45717389,44418,3,35.00,-35.00,33.79,-33.86,0.601,-0.607,-87885,87795,7.59,282.5,-82.439,3531.564,1,1,1
45727401,44428,3,35.00,-35.00,34.64,-33.37,0.598,-0.609,-87860,87773,7.59,282.8,-88.598,3530.679,1,1,1
45737413,44438,3,35.00,-35.00,34.79,-33.47,0.597,-0.609,-87836,87750,7.59,281.5,-94.207,3529.738,1,1,1
45747419,44448,3,35.00,-35.00,34.46,-33.54,0.598,-0.609,-87813,87727,7.59,281.8,-96.829,3528.770,1,1,1
45757427,44458,3,35.00,-35.00,35.11,-33.58,0.596,-0.609,-87788,87704,7.58,283.2,-96.829,3527.802,1,1,1
45767431,44468,3,35.00,-35.00,34.68,-34.05,0.597,-0.607,-87765,87680,7.59,281.5,-98.476,3526.819,1,1,1
45777431,44478,3,35.00,-35.00,34.83,-34.38,0.597,-0.606,-87741,87656,7.59,281.8,-98.598,3525.833,1,1,1
45787442,44488,3,35.00,-35.00,34.49,-35.06,0.599,-0.604,-87718,87631,7.59,280.2,-94.878,3524.885,1,1,1
45797450,44498,3,35.00,-35.00,34.25,-35.53,0.600,-0.602,-87695,87606,7.59,278.2,-88.293,3524.003,1,1,1
45807461,44508,3,35.00,-35.00,34.08,-34.54,0.599,-0.605,-87672,87584,7.59,278.2,-83.476,3523.169,1,1,1
45817466,44518,3,35.00,-35.00,34.40,-33.84,0.598,-0.607,-87648,87562,7.59,280.8,-82.927,3522.341,1,1,1
45827472,44528,3,35.00,-35.00,34.63,-33.80,0.598,-0.608,-87624,87539,7.59,280.5,-87.134,3521.470,1,1,1
45837483,44538,3,35.00,-35.00,35.23,-34.21,0.595,-0.606,-87599,87515,7.60,280.5,-94.756,3520.524,1,1,1
45847484,44548,3,35.00,-35.00,35.65,-34.05,0.594,-0.608,-87574,87492,7.59,277.2,-100.671,3519.518,1,1,1
45857492,44558,3,35.00,-35.00,36.38,-33.94,0.591,-0.608,-87548,87469,7.59,278.5,-102.195,3518.497,1,1,1
45867504,44568,3,35.00,-35.00,37.33,-34.75,0.586,-0.606,-87521,87444,7.60,277.0,-101.524,3517.482,1,1,1
45877518,44578,3,35.00,-35.00,36.24,-35.75,0.591,-0.603,-87498,87418,7.59,272.2,-101.280,3516.470,1,1,1
45887526,44588,3,35.00,-35.00,34.16,-36.45,0.598,-0.599,-87478,87392,7.59,272.8,-99.512,3515.476,1,1,1
45897526,44598,3,35.00,-35.00,34.02,-36.06,0.599,-0.600,-87455,87368,7.59,274.0,-93.415,3514.542,1,1,1
45907526,44608,3,35.00,-35.00,34.80,-34.91,0.596,-0.604,-87430,87346,7.59,274.5,-87.317,3513.670,1,1,1
45917537,44618,3,35.00,-35.00,34.47,-34.55,0.597,-0.605,-87407,87323,7.60,275.0,-89.878,3512.772,1,1,1
45927542,44628,3,35.00,-35.00,34.67,-35.17,0.596,-0.603,-87383,87298,7.59,279.0,-96.951,3511.803,1,1,1
45937550,44638,3,35.00,-35.00,35.70,-35.60,0.593,-0.602,-87357,87273,7.59,277.8,-103.232,3510.772,1,1,1
45947557,44648,3,35.00,-35.00,35.97,-35.91,0.592,-0.600,-87332,87248,7.59,273.8,-106.890,3509.704,1,1,1
45957559,44658,3,35.00,-35.00,37.05,-36.12,0.587,-0.599,-87305,87223,7.60,272.8,-107.012,3508.635,1,1,1
45967565,44668,3,35.00,-35.00,36.48,-36.27,0.589,-0.599,-87281,87198,7.59,270.2,-105.854,3507.577,1,1,1
45977565,44678,3,35.00,-35.00,35.20,-36.82,0.594,-0.596,-87259,87172,7.59,270.8,-103.049,3506.547,1,1,1
45987565,44688,3,35.00,-35.00,34.31,-36.76,0.598,-0.596,-87237,87147,7.59,271.2,-95.488,3505.593,1,1,1
45997572,44698,3,35.00,-35.00,35.44,-36.28,0.593,-0.597,-87211,87123,7.60,273.8,-91.220,3504.682,1,1,1
46007586,44708,3,35.00,-35.00,35.36,-36.82,0.595,-0.595,-87187,87097,7.58,270.8,-94.207,3503.740,1,1,1
46017598,44718,3,35.00,-35.00,35.30,-36.76,0.594,-0.594,-87163,87072,7.59,271.5,-101.037,3502.731,1,1,1
46027607,44728,3,35.00,-35.00,35.25,-36.28,0.594,-0.595,-87139,87048,7.59,271.8,-108.293,3501.649,1,1,1
46037609,44738,3,35.00,-35.00,36.54,-35.94,0.590,-0.597,-87112,87024,7.59,269.2,-111.159,3500.538,1,1,1
46047622,44748,3,35.00,-35.00,36.57,-36.59,0.589,-0.594,-87087,86998,7.59,269.2,-110.488,3499.434,1,1,1
46057637,44758,3,35.00,-35.00,37.02,-37.04,0.587,-0.592,-87061,86972,7.60,268.5,-108.537,3498.350,1,1,1
46067645,44768,3,35.00,-35.00,35.58,-36.91,0.592,-0.591,-87039,86947,7.59,265.8,-100.793,3497.343,1,1,1
46077655,44778,3,35.00,-35.00,35.02,-36.38,0.593,-0.592,-87016,86923,7.60,266.8,-92.012,3496.423,1,1,1
46087660,44788,3,35.00,-35.00,35.06,-35.58,0.593,-0.595,-86992,86900,7.60,269.8,-84.756,3495.576,1,1,1
46097670,44798,3,35.00,-35.00,35.53,-36.33,0.592,-0.592,-86967,86874,7.60,270.2,-85.305,3494.724,1,1,1
46107676,44808,3,35.00,-35.00,35.42,-36.42,0.593,-0.592,-86943,86849,7.59,268.8,-93.049,3493.794,1,1,1
46117685,44818,3,35.00,-35.00,35.34,-36.48,0.593,-0.591,-86919,86824,7.59,268.5,-100.061,3492.795,1,1,1
46127698,44828,3,35.00,-35.00,36.16,-36.08,0.590,-0.593,-86893,86800,7.59,269.8,-103.293,3491.762,1,1,1
46137713,44838,3,35.00,-35.00,36.30,-36.24,0.590,-0.592,-86868,86775,7.58,270.2,-105.671,3490.707,1,1,1
46147715,44848,3,35.00,-35.00,36.84,-36.36,0.586,-0.590,-86842,86750,7.60,270.0,-107.683,3489.631,1,1,1
46157715,44858,3,35.00,-35.00,37.65,-36.88,0.583,-0.588,-86815,86724,7.60,265.5,-109.329,3488.538,1,1,1
46167728,44868,3,35.00,-35.00,36.46,-36.80,0.586,-0.588,-86792,86699,7.60,262.8,-107.073,3487.468,1,1,1
46177728,44878,3,35.00,-35.00,34.75,-35.43,0.591,-0.591,-86771,86677,7.61,263.2,-98.659,3486.482,1,1,1
46187736,44888,3,35.00,-35.00,34.43,-34.91,0.593,-0.593,-86748,86654,7.60,269.2,-88.902,3485.594,1,1,1
46197746,44898,3,35.00,-35.00,34.21,-34.98,0.594,-0.593,-86725,86630,7.59,271.5,-86.951,3484.726,1,1,1
46207746,44908,3,35.00,-35.00,35.37,-35.47,0.591,-0.592,-86699,86605,7.59,272.8,-94.878,3483.778,1,1,1
46217751,44918,3,35.00,-35.00,35.75,-35.38,0.589,-0.593,-86674,86581,7.59,271.0,-102.317,3482.755,1,1,1
46227765,44928,3,35.00,-35.00,36.45,-34.87,0.587,-0.595,-86648,86558,7.59,269.5,-104.817,3481.708,1,1,1
46237773,44938,3,35.00,-35.00,36.50,-34.96,0.585,-0.594,-86623,86534,7.60,269.8,-105.366,3480.655,1,1,1
46247774,44948,3,35.00,-35.00,36.98,-35.02,0.583,-0.594,-86597,86510,7.60,269.2,-106.098,3479.595,1,1,1
46257774,44958,3,35.00,-35.00,35.11,-35.50,0.590,-0.593,-86576,86485,7.59,267.5,-103.963,3478.556,1,1,1
46267776,44968,3,35.00,-35.00,34.69,-34.52,0.590,-0.595,-86553,86463,7.60,269.5,-101.585,3477.541,1,1,1
46277776,44978,3,35.00,-35.00,34.83,-34.27,0.590,-0.596,-86529,86440,7.60,269.8,-98.841,3476.553,1,1,1
46287788,44988,3,35.00,-35.00,35.37,-34.10,0.589,-0.598,-86504,86417,7.59,271.2,-95.915,3475.595,1,1,1
46297800,44998,3,35.00,-35.00,35.74,-33.54,0.587,-0.600,-86479,86395,7.59,272.5,-96.646,3474.630,1,1,1
46307806,45008,3,35.00,-35.00,35.57,-33.58,0.587,-0.600,-86455,86372,7.59,271.8,-98.963,3473.641,1,1,1
46317812,45018,3,35.00,-35.00,35.88,-34.49,0.586,-0.598,-86430,86347,7.59,272.2,-101.890,3472.623,1,1,1
46327825,45028,3,35.00,-35.00,36.10,-34.25,0.585,-0.600,-86405,86324,7.58,269.8,-104.512,3471.578,1,1,1
46337837,45038,3,35.00,-35.00,35.82,-34.52,0.585,-0.598,-86381,86300,7.60,270.2,-106.829,3470.511,1,1,1
46347837,45048,3,35.00,-35.00,35.62,-34.71,0.586,-0.598,-86357,86276,7.59,268.8,-106.890,3469.443,1,1,1
46357841,45058,3,35.00,-35.00,34.60,-34.41,0.588,-0.598,-86335,86253,7.60,270.0,-103.537,3468.408,1,1,1
46367845,45068,3,35.00,-35.00,34.77,-33.75,0.587,-0.601,-86311,86231,7.60,270.0,-99.329,3467.416,1,1,1
46377845,45078,3,35.00,-35.00,35.32,-32.86,0.586,-0.606,-86286,86210,7.59,271.2,-95.427,3466.462,1,1,1
46387858,45088,3,35.00,-35.00,35.71,-33.11,0.584,-0.606,-86261,86187,7.59,273.5,-94.756,3465.516,1,1,1
46397867,45098,3,35.00,-35.00,34.67,-33.72,0.588,-0.603,-86239,86163,7.59,273.5,-96.280,3464.554,1,1,1
46407871,45108,3,35.00,-35.00,34.37,-33.71,0.588,-0.603,-86216,86140,7.60,274.8,-98.902,3463.565,1,1,1
46417880,45118,3,35.00,-35.00,35.05,-34.15,0.586,-0.603,-86191,86116,7.59,275.0,-101.890,3462.547,1,1,1
46427882,45128,3,35.00,-35.00,34.64,-34.01,0.587,-0.603,-86168,86093,7.59,273.0,-105.427,3461.494,1,1,1
46437882,45138,3,35.00,-35.00,33.92,-34.35,0.591,-0.603,-86146,86069,7.58,274.0,-107.683,3460.418,1,1,1
46447894,45148,3,35.00,-35.00,33.41,-33.72,0.592,-0.605,-86124,86047,7.59,277.0,-108.049,3459.338,1,1,1
46457906,45158,3,35.00,-35.00,33.05,-33.71,0.595,-0.605,-86102,86024,7.59,278.8,-107.317,3458.266,1,1,1
46467906,45168,3,35.00,-35.00,33.69,-33.70,0.592,-0.605,-86078,86001,7.59,278.8,-102.927,3457.238,1,1,1
46477910,45178,3,35.00,-35.00,33.69,-33.26,0.593,-0.607,-86055,85979,7.59,276.2,-97.805,3456.260,1,1,1
46487918,45188,3,35.00,-35.00,34.13,-33.39,0.591,-0.607,-86031,85956,7.59,278.5,-96.707,3455.294,1,1,1
46497925,45198,3,35.00,-35.00,34.00,-33.92,0.593,-0.607,-86008,85932,7.58,277.8,-100.244,3454.292,1,1,1
46507928,45208,3,35.00,-35.00,34.34,-33.85,0.592,-0.607,-85984,85909,7.58,277.5,-104.939,3453.244,1,1,1
46517928,45218,3,35.00,-35.00,34.59,-34.24,0.590,-0.605,-85960,85885,7.59,277.5,-106.890,3452.176,1,1,1
46527928,45228,3,35.00,-35.00,35.64,-34.52,0.587,-0.605,-85934,85861,7.59,274.8,-107.927,3451.097,1,1,1
46537941,45238,3,35.00,-35.00,37.25,-34.71,0.581,-0.606,-85906,85837,7.59,273.2,-109.878,3449.999,1,1,1
46547951,45248,3,35.00,-35.00,36.18,-34.40,0.584,-0.607,-85883,85814,7.59,270.2,-109.146,3448.909,1,1,1
46557964,45258,3,35.00,-35.00,33.68,-34.63,0.592,-0.605,-85864,85790,7.59,272.8,-104.512,3447.864,1,1,1
46567971,45268,3,35.00,-35.00,33.24,-34.79,0.595,-0.605,-85842,85766,7.59,275.0,-97.744,3446.888,1,1,1
46577979,45278,3,35.00,-35.00,33.82,-34.02,0.593,-0.608,-85818,85744,7.59,275.8,-92.317,3445.965,1,1,1
46587982,45288,3,35.00,-35.00,34.22,-33.92,0.592,-0.608,-85794,85721,7.59,277.0,-93.902,3445.027,1,1,1
46597982,45298,3,35.00,-35.00,34.94,-34.29,0.590,-0.608,-85769,85697,7.58,276.8,-99.573,3444.032,1,1,1
46607985,45308,3,35.00,-35.00,35.44,-34.55,0.587,-0.606,-85744,85673,7.60,275.2,-105.122,3442.982,1,1,1
46617994,45318,3,35.00,-35.00,35.80,-35.61,0.586,-0.603,-85719,85647,7.59,274.5,-107.988,3441.903,1,1,1
46627997,45328,3,35.00,-35.00,35.60,-35.91,0.586,-0.601,-85695,85622,7.60,271.8,-108.841,3440.815,1,1,1
46638001,45339,3,35.00,-35.00,33.71,-36.57,0.594,-0.598,-85675,85596,7.59,270.2,-106.585,3439.750,1,1,1
46648004,45349,3,35.00,-35.00,33.27,-36.14,0.595,-0.598,-85653,85572,7.60,273.8,-103.293,3438.718,1,1,1
46658017,45359,3,35.00,-35.00,33.39,-35.85,0.596,-0.600,-85630,85548,7.59,274.5,-96.524,3437.754,1,1,1
46668024,45369,3,35.00,-35.00,33.92,-35.20,0.595,-0.602,-85606,85525,7.59,274.5,-91.707,3436.837,1,1,1
46678034,45379,3,35.00,-35.00,34.29,-35.63,0.593,-0.600,-85582,85500,7.60,275.5,-92.195,3435.916,1,1,1
46688034,45389,3,35.00,-35.00,34.11,-35.49,0.594,-0.600,-85559,85476,7.59,276.0,-96.768,3434.949,1,1,1
46698034,45399,3,35.00,-35.00,34.43,-36.27,0.595,-0.598,-85535,85450,7.58,275.8,-102.134,3433.929,1,1,1
46708039,45409,3,35.00,-35.00,34.64,-36.37,0.593,-0.596,-85511,85425,7.60,273.0,-105.305,3432.877,1,1,1
46718049,45419,3,35.00,-35.00,35.24,-36.45,0.592,-0.596,-85486,85400,7.60,271.8,-106.768,3431.810,1,1,1
46728057,45429,3,35.00,-35.00,34.77,-36.94,0.595,-0.595,-85463,85374,7.58,271.2,-107.317,3430.738,1,1,1
46738064,45439,3,35.00,-35.00,33.57,-36.84,0.598,-0.592,-85442,85349,7.60,270.2,-103.780,3429.700,1,1,1
46748068,45449,3,35.00,-35.00,33.61,-36.34,0.599,-0.594,-85419,85325,7.59,272.2,-95.061,3428.751,1,1,1
46758077,45459,3,35.00,-35.00,33.63,-35.98,0.598,-0.594,-85396,85301,7.60,272.5,-87.988,3427.872,1,1,1
46768077,45469,3,35.00,-35.00,34.09,-35.73,0.598,-0.595,-85372,85277,7.59,273.2,-89.695,3426.975,1,1,1
46778084,45479,3,35.00,-35.00,34.41,-36.44,0.598,-0.592,-85348,85251,7.59,272.8,-95.793,3426.018,1,1,1
46788084,45489,3,35.00,-35.00,34.19,-36.06,0.599,-0.593,-85325,85227,7.59,272.0,-102.500,3424.994,1,1,1
46798095,45499,3,35.00,-35.00,35.36,-36.66,0.595,-0.591,-85299,85201,7.59,275.0,-105.488,3423.940,1,1,1
46808104,45509,3,35.00,-35.00,36.62,-36.65,0.591,-0.591,-85272,85176,7.59,270.2,-107.012,3422.871,1,1,1
46818112,45519,3,35.00,-35.00,36.18,-36.64,0.592,-0.590,-85248,85151,7.59,267.0,-105.183,3421.820,1,1,1
46828124,45529,3,35.00,-35.00,34.99,-37.08,0.596,-0.588,-85226,85125,7.59,267.2,-100.427,3420.816,1,1,1
46838128,45539,3,35.00,-35.00,33.72,-36.50,0.600,-0.588,-85205,85101,7.60,270.0,-93.232,3419.885,1,1,1
46848132,45549,3,35.00,-35.00,34.15,-36.10,0.599,-0.589,-85181,85077,7.59,269.8,-86.524,3419.021,1,1,1
46858143,45559,3,35.00,-35.00,34.45,-36.25,0.599,-0.589,-85157,85052,7.59,272.0,-84.268,3418.179,1,1,1
46868154,45569,3,35.00,-35.00,34.67,-35.92,0.598,-0.589,-85133,85028,7.59,273.0,-89.085,3417.289,1,1,1
46878165,45579,3,35.00,-35.00,34.37,-36.13,0.599,-0.588,-85110,85003,7.60,271.5,-97.012,3416.319,1,1,1
46888178,45589,3,35.00,-35.00,35.05,-37.16,0.598,-0.584,-85085,84976,7.59,271.2,-103.110,3415.289,1,1,1
46898185,45599,3,35.00,-35.00,35.96,-38.32,0.595,-0.579,-85059,84948,7.60,270.0,-107.256,3414.217,1,1,1
46908186,45609,3,35.00,-35.00,38.35,-36.49,0.586,-0.586,-85029,84926,7.60,266.2,-108.598,3413.132,1,1,1
46918193,45619,3,35.00,-35.00,38.71,-35.65,0.583,-0.588,-85002,84903,7.60,264.2,-106.524,3412.068,1,1,1
46928200,45629,3,35.00,-35.00,37.21,-35.50,0.587,-0.589,-84979,84879,7.60,263.5,-97.134,3411.097,1,1,1
46938210,45639,3,35.00,-35.00,34.83,-36.28,0.595,-0.585,-84959,84853,7.60,266.0,-89.268,3410.205,1,1,1
46948216,45649,3,35.00,-35.00,34.05,-36.38,0.599,-0.585,-84937,84828,7.59,269.8,-86.707,3409.339,1,1,1
46958216,45659,3,35.00,-35.00,34.38,-36.45,0.598,-0.583,-84913,84803,7.59,269.5,-84.817,3408.492,1,1,1
46968225,45669,3,35.00,-35.00,35.05,-36.50,0.595,-0.583,-84888,84778,7.59,269.2,-85.915,3407.633,1,1,1
46978234,45679,3,35.00,-35.00,35.96,-36.54,0.592,-0.583,-84862,84753,7.60,267.8,-95.183,3406.682,1,1,1
46988237,45689,3,35.00,-35.00,36.60,-37.00,0.590,-0.581,-84836,84727,7.60,266.5,-96.402,3405.719,1,1,1
46998238,45699,3,35.00,-35.00,36.17,-36.45,0.591,-0.583,-84812,84703,7.60,264.8,-94.085,3404.779,1,1,1
47008238,45709,3,35.00,-35.00,35.86,-35.62,0.592,-0.586,-84788,84680,7.60,266.2,-85.488,3403.925,1,1,1
47018249,45719,3,35.00,-35.00,35.65,-34.60,0.592,-0.589,-84764,84658,7.60,267.0,-80.976,3403.116,1,1,1
47028262,45729,3,35.00,-35.00,35.50,-35.21,0.593,-0.588,-84740,84633,7.59,269.2,-84.085,3402.276,1,1,1
47038271,45739,3,35.00,-35.00,36.28,-36.07,0.590,-0.585,-84714,84607,7.59,270.2,-90.488,3401.372,1,1,1
47048277,45749,3,35.00,-35.00,35.94,-35.80,0.590,-0.586,-84690,84583,7.59,267.5,-96.280,3400.410,1,1,1
47058277,45759,3,35.00,-35.00,36.15,-36.04,0.590,-0.586,-84665,84558,7.59,267.8,-100.122,3399.410,1,1,1
47068286,45769,3,35.00,-35.00,35.85,-36.22,0.590,-0.584,-84641,84533,7.59,267.8,-102.988,3398.381,1,1,1
47078292,45779,3,35.00,-35.00,36.52,-36.34,0.588,-0.584,-84615,84508,7.60,268.0,-103.232,3397.349,1,1,1
47088301,45789,3,35.00,-35.00,38.31,-36.42,0.581,-0.584,-84586,84483,7.60,267.0,-100.366,3396.346,1,1,1
47098314,45799,3,35.00,-35.00,37.80,-36.04,0.582,-0.586,-84561,84459,7.59,263.2,-95.793,3395.389,1,1,1
47108328,45809,3,35.00,-35.00,37.01,-35.34,0.584,-0.588,-84537,84436,7.59,264.2,-87.927,3394.511,1,1,1
47118338,45819,3,35.00,-35.00,34.69,-34.40,0.591,-0.591,-84517,84414,7.59,264.2,-78.659,3393.725,1,1,1
47128344,45829,3,35.00,-35.00,34.83,-34.19,0.590,-0.592,-84493,84391,7.59,269.2,-72.988,3392.996,1,1,1
47138351,45839,3,35.00,-35.00,35.37,-35.36,0.589,-0.588,-84468,84365,7.59,270.0,-77.744,3392.219,1,1,1
47148355,45849,3,35.00,-35.00,35.75,-35.30,0.586,-0.587,-84443,84341,7.61,268.5,-88.780,3391.333,1,1,1
47158362,45859,3,35.00,-35.00,35.57,-35.26,0.587,-0.588,-84419,84317,7.60,267.0,-95.366,3390.380,1,1,1
47168375,45869,3,35.00,-35.00,36.32,-35.23,0.585,-0.588,-84393,84293,7.60,268.0,-98.476,3389.396,1,1,1
47178375,45879,3,35.00,-35.00,38.17,-35.64,0.576,-0.586,-84364,84268,7.61,267.5,-99.207,3388.405,1,1,1
47188377,45889,3,35.00,-35.00,40.34,-35.06,0.568,-0.590,-84333,84245,7.61,262.5,-96.524,3387.440,1,1,1
47198385,45899,3,35.00,-35.00,38.79,-35.53,0.573,-0.589,-84309,84220,7.60,260.0,-94.634,3386.495,1,1,1
47208398,45909,3,35.00,-35.00,37.26,-34.98,0.577,-0.590,-84286,84197,7.60,260.8,-89.817,3385.597,1,1,1
47218405,45919,3,35.00,-35.00,34.43,-34.59,0.586,-0.591,-84267,84174,7.60,264.0,-82.866,3384.769,1,1,1
47228405,45929,3,35.00,-35.00,32.45,-33.88,0.594,-0.593,-84248,84152,7.60,267.8,-74.634,3384.024,1,1,1
47238419,45939,3,35.00,-35.00,33.70,-34.26,0.591,-0.593,-84223,84128,7.59,272.5,-71.098,3383.313,1,1,1
47248422,45949,3,35.00,-35.00,34.14,-34.53,0.589,-0.592,-84199,84104,7.60,271.5,-77.683,3382.537,1,1,1
47258423,45959,3,35.00,-35.00,35.32,-34.28,0.585,-0.593,-84173,84081,7.60,271.2,-87.317,3381.665,1,1,1
47268429,45969,3,35.00,-35.00,35.71,-34.54,0.584,-0.593,-84148,84057,7.59,269.8,-93.415,3380.732,1,1,1
47278435,45979,3,35.00,-35.00,35.55,-34.73,0.584,-0.592,-84124,84033,7.59,267.8,-98.110,3379.751,1,1,1
47288438,45989,3,35.00,-35.00,37.19,-34.86,0.578,-0.593,-84096,84009,7.59,268.8,-99.146,3378.761,1,1,1
47298451,45999,3,35.00,-35.00,36.14,-34.95,0.581,-0.592,-84073,83985,7.60,266.2,-95.671,3377.805,1,1,1
47308451,46009,3,35.00,-35.00,34.09,-35.89,0.588,-0.588,-84053,83959,7.60,266.0,-89.146,3376.914,1,1,1
47318451,46019,3,35.00,-35.00,33.97,-34.35,0.588,-0.593,-84030,83938,7.59,265.5,-80.427,3376.111,1,1,1
47328457,46029,3,35.00,-35.00,33.88,-32.83,0.589,-0.600,-84007,83918,7.58,269.0,-76.402,3375.348,1,1,1
47338461,46039,3,35.00,-35.00,34.27,-32.65,0.587,-0.601,-83983,83896,7.59,274.5,-78.902,3374.559,1,1,1
47348461,46049,3,35.00,-35.00,34.53,-32.52,0.587,-0.602,-83959,83874,7.59,274.5,-85.793,3373.702,1,1,1
47358474,46059,3,35.00,-35.00,35.16,-33.31,0.585,-0.600,-83934,83850,7.59,274.2,-94.024,3372.763,1,1,1
47368476,46069,3,35.00,-35.00,37.36,-33.43,0.576,-0.601,-83905,83827,7.60,271.5,-97.561,3371.788,1,1,1
47378481,46079,3,35.00,-35.00,36.26,-33.51,0.579,-0.601,-83882,83804,7.60,268.8,-96.037,3370.828,1,1,1
47388495,46089,3,35.00,-35.00,35.05,-34.44,0.584,-0.599,-83860,83779,7.58,270.0,-93.293,3369.896,1,1,1
47398496,46099,3,35.00,-35.00,33.32,-34.66,0.589,-0.597,-83840,83755,7.59,269.5,-87.744,3369.020,1,1,1
47408496,46109,3,35.00,-35.00,32.55,-33.93,0.592,-0.599,-83819,83733,7.59,272.2,-79.329,3368.227,1,1,1
47418496,46119,3,35.00,-35.00,32.90,-32.98,0.592,-0.604,-83796,83712,7.58,275.2,-74.512,3367.483,1,1,1
47428505,46129,3,35.00,-35.00,33.57,-32.75,0.590,-0.605,-83772,83690,7.59,277.8,-76.890,3366.715,1,1,1
47438520,46139,3,35.00,-35.00,33.61,-33.03,0.590,-0.604,-83749,83667,7.59,275.8,-84.085,3365.875,1,1,1
47448526,46149,3,35.00,-35.00,34.07,-32.79,0.589,-0.606,-83725,83645,7.58,276.0,-91.707,3364.958,1,1,1
47458526,46159,3,35.00,-35.00,34.40,-33.06,0.588,-0.605,-83701,83622,7.59,277.8,-96.402,3363.995,1,1,1
47468529,46169,3,35.00,-35.00,34.63,-32.81,0.587,-0.607,-83677,83600,7.59,276.5,-98.415,3363.012,1,1,1
47478542,46179,3,35.00,-35.00,35.22,-33.08,0.585,-0.608,-83652,83577,7.59,275.8,-98.293,3362.030,1,1,1
47488542,46189,3,35.00,-35.00,35.64,-33.70,0.583,-0.606,-83627,83553,7.59,275.0,-96.524,3361.065,1,1,1
47498556,46199,3,35.00,-35.00,33.74,-34.58,0.589,-0.602,-83607,83528,7.60,273.5,-93.232,3360.134,1,1,1
47508564,46209,3,35.00,-35.00,32.85,-34.31,0.594,-0.603,-83586,83505,7.59,274.5,-86.890,3359.266,1,1,1
47518571,46219,3,35.00,-35.00,32.66,-33.69,0.595,-0.605,-83564,83483,7.59,276.2,-80.427,3358.462,1,1,1
47528580,46229,3,35.00,-35.00,33.41,-33.25,0.592,-0.607,-83540,83461,7.60,278.0,-79.207,3357.671,1,1,1
47538580,46239,3,35.00,-35.00,33.49,-33.38,0.593,-0.608,-83517,83438,7.59,277.5,-84.207,3356.830,1,1,1
47548586,46249,3,35.00,-35.00,34.43,-33.47,0.590,-0.608,-83492,83415,7.59,278.8,-92.500,3355.906,1,1,1
47558589,46259,3,35.00,-35.00,34.65,-33.54,0.589,-0.608,-83468,83392,7.59,275.5,-98.476,3354.922,1,1,1
47568606,46269,3,35.00,-35.00,36.12,-34.02,0.583,-0.607,-83441,83368,7.59,277.0,-100.488,3353.917,1,1,1
47578607,46279,3,35.00,-35.00,36.71,-34.36,0.582,-0.607,-83415,83344,7.59,274.5,-99.573,3352.923,1,1,1
47588615,46289,3,35.00,-35.00,34.93,-35.04,0.587,-0.605,-83394,83319,7.59,272.8,-98.354,3351.940,1,1,1
47598624,46299,3,35.00,-35.00,33.24,-35.52,0.594,-0.602,-83374,83294,7.59,274.0,-95.122,3350.990,1,1,1
47608630,46309,3,35.00,-35.00,32.93,-34.97,0.595,-0.604,-83352,83271,7.59,275.5,-88.841,3350.102,1,1,1
47618630,46319,3,35.00,-35.00,33.60,-34.59,0.593,-0.605,-83328,83248,7.59,278.0,-84.451,3349.258,1,1,1
47628637,46329,3,35.00,-35.00,33.63,-34.76,0.594,-0.604,-83305,83224,7.59,277.2,-88.659,3348.372,1,1,1
47638645,46339,3,35.00,-35.00,33.65,-34.88,0.594,-0.604,-83282,83200,7.59,278.2,-94.573,3347.427,1,1,1
47648653,46349,3,35.00,-35.00,34.54,-35.84,0.592,-0.601,-83257,83174,7.59,278.0,-101.220,3346.416,1,1,1
47658653,46359,3,35.00,-35.00,35.16,-36.07,0.589,-0.599,-83232,83149,7.60,275.5,-106.463,3345.352,1,1,1
47668663,46369,3,35.00,-35.00,36.04,-36.24,0.587,-0.599,-83206,83124,7.59,273.8,-107.317,3344.280,1,1,1
47678671,46379,3,35.00,-35.00,35.78,-35.91,0.587,-0.599,-83182,83100,7.59,271.8,-104.634,3343.235,1,1,1
47688685,46389,3,35.00,-35.00,34.27,-36.13,0.592,-0.597,-83161,83075,7.60,271.5,-98.232,3342.253,1,1,1
47698685,46399,3,35.00,-35.00,33.66,-35.83,0.595,-0.599,-83139,83051,7.59,272.5,-90.915,3341.345,1,1,1
47708691,46409,3,35.00,-35.00,34.55,-35.63,0.592,-0.599,-83114,83027,7.59,274.0,-88.354,3340.462,1,1,1
47718698,46419,3,35.00,-35.00,34.73,-36.37,0.591,-0.595,-83090,83001,7.60,273.8,-92.866,3339.534,1,1,1
47728707,46429,3,35.00,-35.00,34.86,-36.88,0.592,-0.594,-83066,82975,7.59,272.5,-101.280,3338.522,1,1,1
47738721,46439,3,35.00,-35.00,34.51,-35.93,0.594,-0.597,-83043,82952,7.59,272.0,-107.683,3337.446,1,1,1
47748731,46449,3,35.00,-35.00,35.14,-35.69,0.591,-0.597,-83018,82928,7.60,274.0,-109.390,3336.353,1,1,1
47758736,46459,3,35.00,-35.00,35.15,-35.53,0.591,-0.597,-82994,82904,7.59,270.2,-109.268,3335.261,1,1,1
47768736,46469,3,35.00,-35.00,35.59,-36.74,0.590,-0.593,-82969,82877,7.59,272.8,-109.268,3334.170,1,1,1
47778744,46479,3,35.00,-35.00,34.58,-37.58,0.593,-0.589,-82947,82850,7.60,269.5,-106.463,3333.106,1,1,1
47788746,46489,3,35.00,-35.00,34.31,-37.29,0.595,-0.589,-82924,82825,7.60,267.5,-98.171,3332.125,1,1,1
47798751,46499,3,35.00,-35.00,34.13,-35.33,0.596,-0.596,-82901,82804,7.59,268.8,-90.732,3331.219,1,1,1
47808758,46509,3,35.00,-35.00,34.88,-34.84,0.593,-0.597,-82876,82781,7.59,271.8,-88.659,3330.333,1,1,1
47818761,46519,3,35.00,-35.00,34.96,-35.81,0.593,-0.594,-82852,82755,7.59,274.0,-90.915,3329.424,1,1,1
47828768,46529,3,35.00,-35.00,35.46,-36.06,0.592,-0.593,-82827,82730,7.59,271.0,-96.951,3328.456,1,1,1
47838782,46539,3,35.00,-35.00,35.81,-35.79,0.589,-0.593,-82802,82706,7.60,269.8,-102.500,3327.431,1,1,1
47848791,46549,3,35.00,-35.00,35.61,-36.04,0.590,-0.592,-82778,82681,7.60,268.8,-103.841,3326.394,1,1,1
47858797,46559,3,35.00,-35.00,35.91,-35.77,0.589,-0.593,-82753,82657,7.60,267.5,-104.024,3325.354,1,1,1
47868797,46569,3,35.00,-35.00,36.13,-36.03,0.588,-0.591,-82728,82632,7.60,268.5,-105.061,3324.304,1,1,1
47878804,46579,3,35.00,-35.00,35.40,-36.21,0.591,-0.591,-82705,82607,7.59,266.8,-106.524,3323.240,1,1,1
47888804,46589,3,35.00,-35.00,34.01,-35.45,0.595,-0.592,-82684,82584,7.60,268.0,-102.500,3322.216,1,1,1
47898819,46599,3,35.00,-35.00,34.35,-34.92,0.595,-0.594,-82660,82561,7.59,271.5,-92.927,3321.287,1,1,1
47908827,46609,3,35.00,-35.00,34.59,-34.99,0.594,-0.594,-82636,82537,7.60,271.5,-89.146,3320.397,1,1,1
47918830,46619,3,35.00,-35.00,35.20,-35.48,0.591,-0.592,-82611,82512,7.60,271.5,-95.488,3319.443,1,1,1
47928837,46629,3,35.00,-35.00,35.63,-35.38,0.591,-0.594,-82586,82488,7.59,270.0,-103.476,3318.409,1,1,1
47938837,46639,3,35.00,-35.00,35.93,-34.88,0.589,-0.595,-82561,82465,7.59,271.5,-106.951,3317.340,1,1,1
47948837,46649,3,35.00,-35.00,36.57,-34.52,0.586,-0.597,-82535,82442,7.59,270.0,-106.951,3316.271,1,1,1
47958850,46659,3,35.00,-35.00,37.03,-35.15,0.584,-0.595,-82509,82417,7.59,269.0,-107.805,3315.194,1,1,1
47968858,46669,3,35.00,-35.00,34.71,-35.59,0.592,-0.592,-82489,82392,7.60,268.8,-107.805,3314.117,1,1,1
47978868,46679,3,35.00,-35.00,33.96,-35.46,0.595,-0.593,-82467,82368,7.59,269.8,-104.451,3313.073,1,1,1
47988873,46689,3,35.00,-35.00,34.32,-34.93,0.594,-0.594,-82443,82345,7.59,270.2,-100.793,3312.066,1,1,1
47998882,46699,3,35.00,-35.00,35.01,-33.68,0.591,-0.599,-82418,82324,7.59,270.8,-96.707,3311.100,1,1,1
48008888,46709,3,35.00,-35.00,35.05,-33.24,0.591,-0.601,-82394,82302,7.59,273.2,-96.280,3310.138,1,1,1
48018895,46719,3,35.00,-35.00,35.52,-33.82,0.589,-0.600,-82369,82278,7.59,274.8,-97.012,3309.169,1,1,1
48028895,46729,3,35.00,-35.00,35.41,-34.22,0.590,-0.599,-82345,82254,7.59,271.2,-98.720,3308.183,1,1,1
48038897,46739,3,35.00,-35.00,35.78,-34.06,0.588,-0.600,-82320,82231,7.59,274.0,-100.976,3307.174,1,1,1
48048897,46749,3,35.00,-35.00,35.59,-34.39,0.589,-0.600,-82296,82207,7.58,273.0,-102.927,3306.145,1,1,1
48058910,46759,3,35.00,-35.00,35.90,-35.06,0.587,-0.597,-82271,82182,7.59,271.8,-104.939,3305.096,1,1,1
48068913,46769,3,35.00,-35.00,34.36,-34.21,0.592,-0.599,-82250,82160,7.59,269.0,-104.390,3304.053,1,1,1
48078913,46779,3,35.00,-35.00,34.16,-34.05,0.593,-0.600,-82227,82137,7.59,274.5,-100.610,3303.048,1,1,1
48088913,46789,3,35.00,-35.00,34.90,-33.51,0.590,-0.603,-82202,82115,7.59,276.0,-96.280,3302.086,1,1,1
48098926,46799,3,35.00,-35.00,35.85,-33.56,0.586,-0.603,-82176,82092,7.60,275.2,-96.280,3301.124,1,1,1
48108940,46809,3,35.00,-35.00,35.21,-33.60,0.588,-0.603,-82153,82069,7.60,273.2,-99.146,3300.133,1,1,1
48118948,46819,3,35.00,-35.00,34.31,-34.07,0.592,-0.602,-82131,82045,7.59,274.8,-101.707,3299.117,1,1,1
48128949,46829,3,35.00,-35.00,34.56,-33.95,0.590,-0.602,-82107,82022,7.59,277.0,-102.744,3298.090,1,1,1
48138956,46839,3,35.00,-35.00,34.30,-34.75,0.592,-0.600,-82084,81997,7.59,275.2,-104.573,3297.045,1,1,1
48148964,46849,3,35.00,-35.00,34.12,-34.44,0.593,-0.602,-82061,81974,7.59,274.8,-107.500,3295.971,1,1,1
48158970,46859,3,35.00,-35.00,33.99,-34.21,0.593,-0.602,-82038,81951,7.59,277.5,-108.902,3294.883,1,1,1
48168979,46869,3,35.00,-35.00,33.02,-34.06,0.597,-0.602,-82017,81928,7.60,276.8,-108.537,3293.799,1,1,1
48178985,46879,3,35.00,-35.00,33.22,-33.95,0.597,-0.603,-81994,81905,7.59,278.2,-104.817,3292.751,1,1,1
48188997,46889,3,35.00,-35.00,33.36,-33.43,0.597,-0.605,-81971,81883,7.59,279.0,-98.780,3291.764,1,1,1
48199004,46900,3,35.00,-35.00,33.90,-33.51,0.595,-0.606,-81947,81860,7.59,281.0,-96.707,3290.798,1,1,1
48209009,46910,3,35.00,-35.00,33.84,-34.00,0.596,-0.604,-81924,81836,7.59,280.8,-99.329,3289.805,1,1,1
48219016,46920,3,35.00,-35.00,34.23,-33.91,0.594,-0.605,-81900,81813,7.59,278.2,-103.354,3288.773,1,1,1
48229020,46930,3,35.00,-35.00,34.51,-34.28,0.594,-0.604,-81876,81789,7.59,278.0,-106.220,3287.711,1,1,1
48239032,46940,3,35.00,-35.00,35.14,-34.98,0.592,-0.602,-81851,81764,7.59,277.2,-108.110,3286.631,1,1,1
48249034,46950,3,35.00,-35.00,37.34,-35.04,0.584,-0.602,-81822,81740,7.60,274.2,-110.366,3285.528,1,1,1
48259038,46960,3,35.00,-35.00,37.57,-34.63,0.582,-0.604,-81796,81717,7.59,270.0,-110.854,3284.421,1,1,1
48269038,46970,3,35.00,-35.00,35.96,-35.23,0.587,-0.601,-81774,81692,7.60,271.0,-108.415,3283.337,1,1,1
48279049,46980,3,35.00,-35.00,33.09,-34.77,0.597,-0.602,-81756,81669,7.60,270.5,-100.732,3282.331,1,1,1
48289062,46990,3,35.00,-35.00,33.27,-34.01,0.597,-0.605,-81733,81647,7.59,276.0,-92.744,3281.404,1,1,1
48299076,47000,3,35.00,-35.00,33.39,-34.35,0.598,-0.605,-81710,81623,7.59,278.0,-88.476,3280.520,1,1,1
48309079,47010,3,35.00,-35.00,34.36,-34.15,0.594,-0.605,-81685,81600,7.59,279.0,-90.915,3279.612,1,1,1
48319085,47020,3,35.00,-35.00,34.60,-35.33,0.594,-0.602,-81661,81574,7.59,277.8,-97.683,3278.636,1,1,1
48329092,47030,3,35.00,-35.00,35.65,-35.72,0.591,-0.601,-81635,81549,7.59,273.8,-101.402,3277.623,1,1,1
48339100,47040,3,35.00,-35.00,35.94,-35.99,0.590,-0.599,-81610,81524,7.59,273.0,-104.329,3276.580,1,1,1
48349100,47050,3,35.00,-35.00,34.83,-36.18,0.592,-0.597,-81588,81499,7.60,271.5,-105.671,3275.524,1,1,1
48359109,47060,3,35.00,-35.00,33.17,-36.75,0.599,-0.594,-81568,81473,7.60,270.8,-103.049,3274.494,1,1,1
48369117,47070,3,35.00,-35.00,33.76,-36.27,0.598,-0.596,-81544,81449,7.59,272.8,-96.585,3273.529,1,1,1
48379117,47080,3,35.00,-35.00,33.74,-35.06,0.598,-0.599,-81521,81427,7.60,274.2,-90.549,3272.625,1,1,1
48389125,47090,3,35.00,-35.00,34.17,-35.53,0.597,-0.598,-81497,81402,7.59,274.2,-91.951,3271.706,1,1,1
48399131,47100,3,35.00,-35.00,34.46,-35.42,0.597,-0.599,-81473,81378,7.58,276.0,-97.317,3270.733,1,1,1
48409131,47110,3,35.00,-35.00,34.23,-36.22,0.598,-0.596,-81450,81352,7.59,275.5,-103.780,3269.696,1,1,1
48419131,47120,3,35.00,-35.00,34.51,-36.34,0.597,-0.594,-81426,81327,7.59,273.5,-107.317,3268.624,1,1,1
48429139,47130,3,35.00,-35.00,35.14,-37.30,0.596,-0.591,-81401,81300,7.58,273.5,-103.598,3267.589,1,1,1
48439150,47140,3,35.00,-35.00,34.71,-36.66,0.597,-0.592,-81378,81276,7.59,272.0,-106.280,3266.527,1,1,1
48449158,47150,3,35.00,-35.00,33.96,-37.09,0.601,-0.590,-81356,81250,7.59,271.2,-106.524,3265.462,1,1,1
48459162,47160,3,35.00,-35.00,33.44,-36.51,0.602,-0.590,-81334,81226,7.60,271.0,-97.988,3264.483,1,1,1
48469169,47170,3,35.00,-35.00,33.52,-36.10,0.603,-0.591,-81311,81202,7.59,273.2,-90.183,3263.582,1,1,1
48479177,47180,3,35.00,-35.00,34.01,-36.26,0.602,-0.591,-81287,81177,7.58,275.0,-90.915,3262.674,1,1,1
48489177,47190,3,35.00,-35.00,33.91,-35.93,0.603,-0.591,-81264,81153,7.59,275.0,-95.915,3261.716,1,1,1
48499178,47200,3,35.00,-35.00,34.29,-36.14,0.602,-0.590,-81240,81128,7.59,274.8,-102.195,3260.694,1,1,1
48509180,47210,3,35.00,-35.00,34.99,-36.28,0.600,-0.589,-81215,81103,7.59,274.0,-106.890,3259.626,1,1,1
48519193,47220,3,35.00,-35.00,36.80,-36.82,0.594,-0.588,-81187,81077,7.58,272.2,-104.756,3258.580,1,1,1
48529201,47230,3,35.00,-35.00,36.74,-37.20,0.593,-0.585,-81162,81051,7.59,268.0,-101.463,3257.566,1,1,1
48539210,47240,3,35.00,-35.00,34.95,-37.03,0.599,-0.584,-81141,81026,7.60,267.0,-95.366,3256.613,1,1,1
48549210,47250,3,35.00,-35.00,34.13,-36.47,0.603,-0.586,-81119,81002,7.58,267.5,-88.049,3255.733,1,1,1
48559210,47260,3,35.00,-35.00,33.56,-36.95,0.604,-0.583,-81097,80976,7.60,271.2,-84.146,3254.893,1,1,1
48569210,47270,3,35.00,-35.00,34.48,-36.41,0.602,-0.584,-81072,80952,7.59,272.2,-86.524,3254.028,1,1,1
48579219,47280,3,35.00,-35.00,34.68,-36.92,0.602,-0.582,-81048,80926,7.59,271.5,-93.720,3253.092,1,1,1
48589232,47290,3,35.00,-35.00,34.82,-36.39,0.601,-0.583,-81024,80902,7.59,271.5,-98.720,3252.105,1,1,1
48599234,47300,3,35.00,-35.00,34.92,-36.90,0.602,-0.582,-81000,80876,7.59,271.5,-102.439,3251.082,1,1,1
48609247,47310,3,35.00,-35.00,35.87,-36.81,0.598,-0.581,-80974,80851,7.59,270.5,-102.988,3250.053,1,1,1
48619249,47320,3,35.00,-35.00,37.42,-36.32,0.592,-0.582,-80946,80827,7.60,267.8,-101.646,3249.037,1,1,1
48629249,47330,3,35.00,-35.00,39.37,-35.97,0.584,-0.584,-80916,80803,7.60,265.5,-97.378,3248.064,1,1,1
48639260,47340,3,35.00,-35.00,37.67,-36.60,0.589,-0.582,-80893,80777,7.60,262.0,-94.390,3247.121,1,1,1
48649262,47350,3,35.00,-35.00,34.72,-37.05,0.598,-0.579,-80874,80751,7.60,264.0,-93.171,3246.190,1,1,1
48659262,47360,3,35.00,-35.00,34.41,-37.36,0.600,-0.578,-80851,80725,7.60,267.5,-89.817,3245.293,1,1,1
48669269,47370,3,35.00,-35.00,34.63,-36.70,0.600,-0.580,-80827,80701,7.60,268.2,-89.207,3244.401,1,1,1
48679276,47380,3,35.00,-35.00,35.23,-36.68,0.598,-0.580,-80802,80676,7.60,269.2,-94.085,3243.461,1,1,1
48689286,47390,3,35.00,-35.00,36.09,-36.66,0.595,-0.580,-80776,80651,7.60,267.5,-98.780,3242.474,1,1,1
48699292,47400,3,35.00,-35.00,36.69,-37.53,0.594,-0.578,-80750,80624,7.59,265.5,-101.463,3241.460,1,1,1
48709306,47410,3,35.00,-35.00,36.67,-36.82,0.592,-0.579,-80725,80600,7.60,265.2,-100.000,3240.461,1,1,1
48719317,47420,3,35.00,-35.00,36.21,-36.32,0.593,-0.581,-80701,80576,7.61,265.0,-92.073,3239.541,1,1,1
48729329,47430,3,35.00,-35.00,35.90,-35.97,0.595,-0.583,-80677,80552,7.59,264.0,-85.122,3238.691,1,1,1
48739329,47440,3,35.00,-35.00,36.11,-35.73,0.593,-0.583,-80652,80528,7.60,268.2,-84.817,3237.844,1,1,1
48749331,47450,3,35.00,-35.00,36.27,-36.43,0.593,-0.581,-80627,80502,7.60,267.0,-88.415,3236.960,1,1,1
48759331,47460,3,35.00,-35.00,36.37,-36.49,0.593,-0.582,-80602,80477,7.59,267.0,-95.549,3236.006,1,1,1
48769340,47470,3,35.00,-35.00,36.45,-36.53,0.592,-0.581,-80577,80452,7.59,267.2,-102.134,3234.985,1,1,1
48779347,47480,3,35.00,-35.00,36.50,-37.00,0.591,-0.579,-80552,80426,7.60,267.2,-105.366,3233.932,1,1,1
48789353,47490,3,35.00,-35.00,36.98,-36.88,0.589,-0.580,-80526,80401,7.60,264.5,-105.183,3232.881,1,1,1
48799353,47500,3,35.00,-35.00,37.75,-36.80,0.586,-0.581,-80499,80376,7.59,264.2,-101.280,3231.869,1,1,1
48809359,47510,3,35.00,-35.00,37.85,-36.31,0.584,-0.582,-80473,80352,7.60,263.5,-96.829,3230.902,1,1,1
48819360,47520,3,35.00,-35.00,36.60,-35.52,0.587,-0.584,-80450,80329,7.60,261.8,-90.427,3229.998,1,1,1
48829370,47530,3,35.00,-35.00,35.73,-35.41,0.591,-0.585,-80427,80305,7.59,263.8,-82.683,3229.172,1,1,1
48839383,47540,3,35.00,-35.00,35.56,-34.90,0.590,-0.586,-80403,80282,7.60,267.2,-79.939,3228.374,1,1,1
48849383,47550,3,35.00,-35.00,36.32,-35.85,0.587,-0.583,-80377,80256,7.60,267.5,-84.939,3227.525,1,1,1
48859392,47560,3,35.00,-35.00,36.41,-35.64,0.587,-0.584,-80352,80232,7.59,266.0,-93.963,3226.586,1,1,1
48869398,47570,3,35.00,-35.00,36.03,-36.38,0.588,-0.581,-80328,80206,7.61,265.8,-99.634,3225.591,1,1,1
48879407,47580,3,35.00,-35.00,36.65,-36.01,0.585,-0.583,-80302,80182,7.60,265.0,-102.561,3224.566,1,1,1
48889419,47590,3,35.00,-35.00,37.52,-36.19,0.582,-0.583,-80275,80157,7.59,264.0,-101.341,3223.553,1,1,1
48899429,47600,3,35.00,-35.00,40.33,-35.44,0.571,-0.586,-80243,80134,7.60,262.0,-97.439,3222.580,1,1,1
48909429,47610,3,35.00,-35.00,39.65,-35.36,0.573,-0.587,-80217,80110,7.60,259.2,-94.451,3221.636,1,1,1
48919429,47620,3,35.00,-35.00,38.30,-35.30,0.577,-0.588,-80193,80086,7.59,258.8,-89.634,3220.740,1,1,1
48929435,47630,3,35.00,-35.00,35.60,-34.82,0.585,-0.588,-80173,80063,7.60,262.0,-84.329,3219.898,1,1,1
48939444,47640,3,35.00,-35.00,32.83,-34.48,0.595,-0.588,-80155,80040,7.60,264.8,-79.573,3219.103,1,1,1
48949451,47650,3,35.00,-35.00,34.41,-34.68,0.590,-0.589,-80129,80016,7.59,270.5,-79.268,3218.311,1,1,1
48959453,47660,3,35.00,-35.00,34.19,-34.82,0.591,-0.588,-80106,79992,7.60,267.5,-85.183,3217.460,1,1,1
48969459,47670,3,35.00,-35.00,35.80,-34.92,0.586,-0.588,-80079,79968,7.59,268.5,-94.146,3216.519,1,1,1
48979459,47680,3,35.00,-35.00,36.05,-35.43,0.584,-0.586,-80054,79943,7.60,267.0,-99.329,3215.527,1,1,1
48989461,47690,3,35.00,-35.00,36.22,-35.35,0.584,-0.587,-80029,79919,7.59,265.5,-101.890,3214.509,1,1,1
48999468,47700,3,35.00,-35.00,37.66,-35.29,0.579,-0.587,-80001,79895,7.60,263.2,-99.634,3213.513,1,1,1
49009481,47710,3,35.00,-35.00,36.47,-35.25,0.582,-0.587,-79978,79871,7.60,261.8,-91.951,3212.594,1,1,1
49019492,47720,3,35.00,-35.00,34.32,-34.78,0.590,-0.589,-79958,79848,7.59,263.5,-84.085,3211.754,1,1,1
49029505,47730,3,35.00,-35.00,34.57,-33.58,0.589,-0.593,-79934,79827,7.59,267.2,-76.037,3210.995,1,1,1
49039511,47740,3,35.00,-35.00,34.31,-33.17,0.589,-0.595,-79911,79805,7.60,269.2,-74.268,3210.253,1,1,1
49049514,47750,3,35.00,-35.00,35.44,-33.77,0.585,-0.593,-79885,79781,7.60,272.0,-82.744,3209.426,1,1,1
49059526,47760,3,35.00,-35.00,35.35,-33.74,0.585,-0.594,-79861,79758,7.60,269.0,-92.439,3208.503,1,1,1
49069526,47770,3,35.00,-35.00,36.17,-33.73,0.583,-0.595,-79835,79735,7.59,270.2,-95.915,3207.544,1,1,1
49079529,47780,3,35.00,-35.00,36.31,-34.16,0.582,-0.594,-79810,79711,7.59,268.0,-96.402,3206.581,1,1,1
49089533,47790,3,35.00,-35.00,35.08,-34.02,0.586,-0.595,-79788,79688,7.59,267.0,-94.207,3205.640,1,1,1
49099542,47800,3,35.00,-35.00,34.23,-34.80,0.589,-0.592,-79766,79663,7.60,270.5,-89.085,3204.750,1,1,1
49109552,47810,3,35.00,-35.00,33.63,-34.47,0.592,-0.593,-79744,79640,7.59,270.2,-82.866,3203.922,1,1,1
49119552,47820,3,35.00,-35.00,34.09,-33.35,0.590,-0.597,-79720,79619,7.59,272.0,-78.963,3203.133,1,1,1
49129565,47830,3,35.00,-35.00,34.41,-33.02,0.589,-0.599,-79696,79597,7.59,272.5,-81.585,3202.318,1,1,1
49139567,47840,3,35.00,-35.00,34.63,-32.78,0.588,-0.600,-79672,79575,7.59,273.5,-88.476,3201.434,1,1,1
49149580,47850,3,35.00,-35.00,34.35,-33.05,0.589,-0.600,-79649,79552,7.59,274.5,-93.659,3200.499,1,1,1
49159586,47860,3,35.00,-35.00,34.15,-32.81,0.589,-0.601,-79626,79530,7.60,273.8,-97.012,3199.529,1,1,1
49169587,47870,3,35.00,-35.00,34.45,-33.07,0.588,-0.601,-79602,79507,7.59,275.0,-99.024,3198.540,1,1,1
49179598,47880,3,35.00,-35.00,34.66,-33.26,0.588,-0.601,-79578,79484,7.59,275.0,-100.122,3197.539,1,1,1
49189607,47890,3,35.00,-35.00,35.69,-33.83,0.584,-0.600,-79552,79460,7.59,273.5,-99.207,3196.548,1,1,1
49199609,47900,3,35.00,-35.00,35.09,-34.23,0.586,-0.599,-79529,79436,7.59,270.0,-96.098,3195.588,1,1,1
49209621,47910,3,35.00,-35.00,33.79,-34.50,0.591,-0.598,-79508,79412,7.59,271.0,-90.427,3194.684,1,1,1
49219630,47920,3,35.00,-35.00,33.32,-33.82,0.592,-0.599,-79486,79390,7.61,272.8,-83.902,3193.846,1,1,1
49229638,47930,3,35.00,-35.00,33.43,-33.34,0.593,-0.603,-79463,79368,7.59,272.5,-78.598,3193.061,1,1,1
49239640,47940,3,35.00,-35.00,33.51,-33.89,0.593,-0.601,-79440,79344,7.59,275.8,-81.951,3192.242,1,1,1
49249640,47950,3,35.00,-35.00,34.00,-33.83,0.592,-0.602,-79416,79321,7.59,275.5,-92.500,3191.318,1,1,1
49259653,47960,3,35.00,-35.00,34.79,-33.79,0.589,-0.602,-79391,79298,7.59,275.8,-100.976,3190.309,1,1,1
49269655,47970,3,35.00,-35.00,35.78,-34.20,0.586,-0.602,-79365,79274,7.59,274.5,-103.659,3189.273,1,1,1
49279663,47980,3,35.00,-35.00,37.35,-34.49,0.579,-0.601,-79337,79250,7.60,270.8,-101.585,3188.258,1,1,1
49289670,47990,3,35.00,-35.00,37.57,-34.69,0.579,-0.602,-79311,79226,7.58,268.5,-100.305,3187.256,1,1,1
49299683,48000,3,35.00,-35.00,34.65,-35.71,0.588,-0.597,-79292,79200,7.59,268.5,-99.451,3186.262,1,1,1
49309691,48010,3,35.00,-35.00,32.60,-35.54,0.595,-0.596,-79273,79176,7.60,270.0,-95.549,3185.308,1,1,1
49319698,48020,3,35.00,-35.00,32.93,-34.99,0.595,-0.598,-79250,79153,7.60,272.5,-87.805,3184.431,1,1,1
49329713,48030,3,35.00,-35.00,33.60,-34.60,0.594,-0.600,-79226,79130,7.58,274.5,-85.488,3183.577,1,1,1
49339721,48040,3,35.00,-35.00,33.63,-34.77,0.593,-0.599,-79203,79106,7.59,274.5,-92.500,3182.653,1,1,1
49349721,48050,3,35.00,-35.00,34.52,-35.32,0.591,-0.597,-79178,79081,7.59,275.2,-101.646,3181.637,1,1,1
49359731,48060,3,35.00,-35.00,32.08,-35.27,0.600,-0.596,-79160,79057,7.59,271.0,-107.927,3180.559,1,1,1
49369735,48070,3,35.00,-35.00,37.83,-35.68,0.580,-0.597,-79125,79032,7.59,275.2,-108.963,3179.470,1,1,1
49379739,48080,3,35.00,-35.00,37.91,-35.96,0.579,-0.595,-79099,79007,7.60,266.0,-106.829,3178.402,1,1,1
49389744,48090,3,35.00,-35.00,36.64,-36.16,0.583,-0.594,-79076,78982,7.60,263.5,-105.366,3177.350,1,1,1
49399754,48100,3,35.00,-35.00,34.00,-36.30,0.592,-0.593,-79057,78957,7.59,266.0,-99.146,3176.359,1,1,1
49409759,48110,3,35.00,-35.00,33.47,-35.95,0.594,-0.593,-79035,78933,7.60,268.8,-93.232,3175.427,1,1,1
49419767,48120,3,35.00,-35.00,33.97,-36.15,0.593,-0.592,-79011,78908,7.59,270.8,-88.720,3174.541,1,1,1
49429774,48130,3,35.00,-35.00,34.33,-36.29,0.593,-0.592,-78987,78883,7.58,270.0,-91.159,3173.630,1,1,1
49439776,48140,3,35.00,-35.00,34.14,-35.95,0.593,-0.592,-78964,78859,7.59,270.0,-100.793,3172.623,1,1,1
49449784,48150,3,35.00,-35.00,34.88,-35.27,0.591,-0.594,-78939,78836,7.59,271.5,-109.390,3171.530,1,1,1
49459791,48160,3,35.00,-35.00,35.40,-35.68,0.589,-0.593,-78914,78811,7.59,269.5,-112.256,3170.408,1,1,1
49469803,48170,3,35.00,-35.00,35.33,-36.40,0.590,-0.590,-78890,78785,7.59,268.2,-112.561,3169.283,1,1,1
49479804,48180,3,35.00,-35.00,37.04,-36.47,0.584,-0.590,-78862,78760,7.59,267.5,-112.012,3168.164,1,1,1
49489806,48190,3,35.00,-35.00,34.71,-36.51,0.591,-0.588,-78842,78735,7.59,265.8,-103.110,3167.134,1,1,1
49499815,48200,3,35.00,-35.00,33.97,-35.23,0.593,-0.592,-78820,78713,7.60,266.5,-92.317,3166.211,1,1,1
49509822,48210,3,35.00,-35.00,34.32,-34.77,0.593,-0.594,-78796,78690,7.59,270.0,-84.756,3165.365,1,1,1
49519834,48220,3,35.00,-35.00,34.57,-35.76,0.592,-0.590,-78772,78664,7.60,271.0,-84.146,3164.524,1,1,1
49529837,48230,3,35.00,-35.00,34.75,-36.46,0.592,-0.587,-78748,78638,7.60,269.2,-91.037,3163.615,1,1,1
49539850,48240,3,35.00,-35.00,35.75,-35.63,0.589,-0.590,-78722,78615,7.59,269.8,-100.305,3162.612,1,1,1
49549858,48250,3,35.00,-35.00,36.01,-35.93,0.587,-0.589,-78697,78590,7.60,268.0,-106.037,3161.553,1,1,1
49559858,48260,3,35.00,-35.00,36.63,-35.26,0.585,-0.591,-78671,78567,7.60,267.0,-107.195,3160.482,1,1,1
49569867,48270,3,35.00,-35.00,37.51,-35.67,0.581,-0.590,-78644,78542,7.60,268.0,-107.988,3159.403,1,1,1
49579867,48280,3,35.00,-35.00,37.24,-36.39,0.581,-0.587,-78619,78516,7.60,264.5,-109.573,3158.308,1,1,1
49589867,48290,3,35.00,-35.00,34.86,-35.14,0.589,-0.591,-78599,78494,7.60,263.0,-108.049,3157.228,1,1,1
49599880,48300,3,35.00,-35.00,34.07,-34.71,0.591,-0.592,-78577,78471,7.60,267.5,-98.171,3156.247,1,1,1
49609880,48310,3,35.00,-35.00,33.96,-34.40,0.593,-0.594,-78554,78448,7.59,270.5,-88.598,3155.362,1,1,1
49619891,48320,3,35.00,-35.00,34.32,-35.07,0.591,-0.591,-78530,78423,7.60,271.5,-87.744,3154.485,1,1,1
49629898,48330,3,35.00,-35.00,35.01,-35.09,0.589,-0.591,-78505,78399,7.60,269.8,-95.122,3153.535,1,1,1
49639913,48340,3,35.00,-35.00,35.49,-34.67,0.588,-0.593,-78480,78376,7.59,267.8,-102.866,3152.507,1,1,1
49649918,48350,3,35.00,-35.00,35.83,-34.38,0.586,-0.595,-78455,78353,7.59,270.0,-106.037,3151.447,1,1,1
49659921,48360,3,35.00,-35.00,36.07,-34.61,0.585,-0.594,-78430,78329,7.60,270.0,-107.256,3150.375,1,1,1
49669926,48370,3,35.00,-35.00,36.23,-34.78,0.584,-0.594,-78405,78305,7.59,268.2,-109.146,3149.285,1,1,1
49679936,48380,3,35.00,-35.00,34.59,-35.33,0.590,-0.591,-78384,78280,7.59,267.8,-108.963,3148.196,1,1,1
49689943,48390,3,35.00,-35.00,34.76,-35.28,0.589,-0.591,-78360,78256,7.59,269.0,-105.183,3147.145,1,1,1
49699943,48400,3,35.00,-35.00,34.88,-33.92,0.588,-0.596,-78336,78235,7.60,267.8,-100.305,3146.143,1,1,1
49709943,48410,3,35.00,-35.00,35.40,-33.41,0.586,-0.599,-78311,78213,7.59,269.5,-95.854,3145.185,1,1,1
49719956,48420,3,35.00,-35.00,35.33,-33.50,0.587,-0.599,-78287,78190,7.59,270.2,-96.341,3144.222,1,1,1
49729959,48430,3,35.00,-35.00,35.72,-33.99,0.585,-0.598,-78262,78166,7.60,271.2,-99.573,3143.228,1,1,1
49739973,48440,3,35.00,-35.00,35.99,-33.90,0.583,-0.598,-78237,78143,7.60,268.8,-102.622,3142.202,1,1,1
49749986,48450,3,35.00,-35.00,35.74,-34.28,0.584,-0.598,-78213,78119,7.59,269.8,-103.720,3141.166,1,1,1
49759994,48460,3,35.00,-35.00,35.56,-34.54,0.585,-0.597,-78189,78095,7.59,268.8,-104.878,3140.118,1,1,1
49770004,48471,3,35.00,-35.00,35.00,-34.29,0.586,-0.598,-78166,78072,7.59,267.2,-106.646,3139.052,1,1,1
49780009,48481,3,35.00,-35.00,34.61,-33.67,0.587,-0.600,-78143,78050,7.59,269.8,-105.732,3137.996,1,1,1
49790019,48491,3,35.00,-35.00,35.21,-33.24,0.585,-0.602,-78118,78028,7.59,272.8,-100.305,3136.994,1,1,1
49800024,48501,3,35.00,-35.00,35.64,-32.93,0.583,-0.605,-78093,78006,7.59,273.0,-95.915,3136.035,1,1,1
49810034,48511,3,35.00,-35.00,35.49,-33.60,0.584,-0.604,-78069,77982,7.58,271.8,-96.037,3135.076,1,1,1
49820042,48521,3,35.00,-35.00,34.51,-33.63,0.586,-0.602,-78047,77959,7.60,272.2,-98.902,3134.088,1,1,1
49830046,48531,3,35.00,-35.00,34.27,-33.65,0.588,-0.604,-78024,77936,7.59,272.0,-102.317,3133.065,1,1,1
49840047,48541,3,35.00,-35.00,34.53,-34.10,0.587,-0.602,-78000,77912,7.59,275.0,-104.451,3132.021,1,1,1
49850055,48551,3,35.00,-35.00,34.28,-34.42,0.588,-0.601,-77977,77888,7.60,273.5,-107.500,3130.947,1,1,1
49860064,48561,3,35.00,-35.00,34.10,-34.20,0.588,-0.602,-77954,77865,7.60,272.8,-110.366,3129.844,1,1,1
49870077,48571,3,35.00,-35.00,33.54,-33.61,0.591,-0.604,-77932,77843,7.59,272.0,-110.793,3128.737,1,1,1
49880092,48581,3,35.00,-35.00,33.15,-33.63,0.593,-0.604,-77910,77820,7.59,276.0,-108.415,3127.654,1,1,1
49890092,48591,3,35.00,-35.00,33.31,-33.21,0.593,-0.606,-77887,77798,7.59,276.0,-101.768,3126.637,1,1,1
49900095,48601,3,35.00,-35.00,33.42,-32.92,0.593,-0.608,-77864,77776,7.58,276.5,-95.671,3125.681,1,1,1
49910100,48611,3,35.00,-35.00,33.94,-33.59,0.591,-0.606,-77840,77752,7.59,280.0,-95.183,3124.730,1,1,1
49920112,48621,3,35.00,-35.00,33.87,-33.62,0.591,-0.606,-77817,77729,7.59,278.2,-99.756,3123.734,1,1,1
49930124,48631,3,35.00,-35.00,34.25,-33.64,0.591,-0.607,-77793,77706,7.58,277.2,-105.488,3122.680,1,1,1
49940125,48641,3,35.00,-35.00,34.96,-34.10,0.589,-0.606,-77768,77682,7.58,277.2,-108.841,3121.592,1,1,1
49950132,48651,3,35.00,-35.00,35.46,-34.41,0.586,-0.605,-77743,77658,7.59,276.2,-111.890,3120.474,1,1,1
49960134,48661,3,35.00,-35.00,37.13,-34.64,0.580,-0.605,-77715,77634,7.59,273.5,-115.488,3119.320,1,1,1
49970147,48671,3,35.00,-35.00,36.98,-35.23,0.581,-0.604,-77690,77609,7.59,270.0,-116.524,3118.155,1,1,1
49980147,48681,3,35.00,-35.00,35.55,-35.65,0.584,-0.601,-77668,77584,7.60,270.0,-111.037,3117.046,1,1,1
49990156,48691,3,35.00,-35.00,33.67,-34.18,0.590,-0.605,-77648,77563,7.60,267.5,-101.524,3116.031,1,1,1
50000156,48701,3,35.00,-35.00,33.24,-33.60,0.592,-0.608,-77626,77541,7.60,274.5,-93.476,3115.097,1,1,1
50010156,48711,3,35.00,-35.00,33.82,-34.06,0.591,-0.607,-77602,77517,7.59,276.2,-87.927,3114.219,1,1,1
50020165,48721,3,35.00,-35.00,34.66,-34.39,0.588,-0.606,-77577,77493,7.59,274.8,-87.134,3113.348,1,1,1
50030177,48731,3,35.00,-35.00,35.25,-35.06,0.587,-0.604,-77552,77468,7.59,273.8,-97.195,3112.377,1,1,1
50040186,48741,3,35.00,-35.00,35.66,-35.97,0.586,-0.601,-77527,77442,7.59,272.2,-99.451,3111.384,1,1,1
50050193,48751,3,35.00,-35.00,35.07,-36.16,0.587,-0.599,-77504,77417,7.60,269.0,-100.000,3110.384,1,1,1
50060193,48761,3,35.00,-35.00,34.66,-35.86,0.589,-0.600,-77481,77393,7.59,270.2,-100.366,3109.381,1,1,1
50070195,48771,3,35.00,-35.00,33.93,-36.53,0.591,-0.596,-77459,77367,7.60,273.2,-97.927,3108.403,1,1,1
50080201,48781,3,35.00,-35.00,34.30,-35.68,0.590,-0.599,-77435,77344,7.60,271.2,-95.732,3107.446,1,1,1
50090208,48791,3,35.00,-35.00,34.55,-35.08,0.590,-0.601,-77411,77321,7.60,272.5,-98.354,3106.464,1,1,1
50100208,48801,3,35.00,-35.00,34.30,-35.98,0.591,-0.598,-77388,77295,7.59,272.8,-102.683,3105.438,1,1,1
50110208,48811,3,35.00,-35.00,34.99,-35.74,0.589,-0.599,-77363,77271,7.59,272.5,-107.073,3104.368,1,1,1
50120222,48821,3,35.00,-35.00,35.04,-36.44,0.590,-0.597,-77339,77245,7.59,271.5,-108.537,3103.283,1,1,1
50130234,48831,3,35.00,-35.00,35.96,-36.93,0.586,-0.594,-77313,77219,7.60,271.0,-108.476,3102.199,1,1,1
50140247,48841,3,35.00,-35.00,35.28,-37.28,0.589,-0.592,-77290,77193,7.59,266.8,-107.927,3101.121,1,1,1
50150253,48851,3,35.00,-35.00,34.36,-37.52,0.593,-0.591,-77268,77167,7.59,266.8,-102.805,3100.094,1,1,1
50160256,48861,3,35.00,-35.00,33.72,-36.81,0.595,-0.592,-77246,77143,7.59,268.5,-92.622,3099.168,1,1,1
50170256,48871,3,35.00,-35.00,33.71,-36.32,0.595,-0.592,-77223,77119,7.60,269.2,-87.500,3098.294,1,1,1
50180256,48881,3,35.00,-35.00,34.15,-36.41,0.595,-0.592,-77199,77094,7.59,271.0,-90.793,3097.387,1,1,1
50190268,48891,3,35.00,-35.00,34.01,-36.47,0.595,-0.591,-77176,77069,7.59,270.2,-97.500,3096.413,1,1,1
50200277,48901,3,35.00,-35.00,34.79,-36.08,0.593,-0.592,-77151,77045,7.60,270.0,-102.988,3095.384,1,1,1
50210279,48911,3,35.00,-35.00,34.90,-36.24,0.592,-0.591,-77127,77020,7.60,269.0,-105.122,3094.333,1,1,1
50220279,48921,3,35.00,-35.00,36.74,-36.79,0.586,-0.589,-77099,76994,7.59,268.2,-104.146,3093.292,1,1,1
50230291,48931,3,35.00,-35.00,37.14,-37.18,0.584,-0.587,-77073,76968,7.60,264.8,-101.220,3092.281,1,1,1
50240301,48941,3,35.00,-35.00,35.23,-37.45,0.591,-0.586,-77052,76942,7.59,261.8,-96.890,3091.313,1,1,1
50250310,48951,3,35.00,-35.00,33.89,-37.20,0.596,-0.585,-77031,76917,7.60,265.2,-89.939,3090.414,1,1,1
50260313,48961,3,35.00,-35.00,33.83,-36.59,0.596,-0.586,-77008,76893,7.60,269.2,-85.366,3089.562,1,1,1
50270316,48971,3,35.00,-35.00,34.23,-36.60,0.595,-0.585,-76984,76868,7.60,269.8,-85.793,3088.704,1,1,1
50280325,48981,3,35.00,-35.00,34.95,-36.61,0.594,-0.585,-76959,76843,7.59,269.5,-92.073,3087.784,1,1,1
50290325,48991,3,35.00,-35.00,34.57,-36.17,0.595,-0.586,-76936,76819,7.59,267.2,-98.598,3086.799,1,1,1
50300338,49001,3,35.00,-35.00,34.75,-36.75,0.595,-0.583,-76912,76793,7.60,270.0,-103.537,3085.765,1,1,1
50310340,49011,3,35.00,-35.00,35.31,-37.59,0.593,-0.580,-76887,76766,7.60,268.2,-105.549,3084.710,1,1,1
50320347,49021,3,35.00,-35.00,36.58,-36.86,0.588,-0.582,-76860,76742,7.60,263.8,-104.085,3083.670,1,1,1
50330355,49031,3,35.00,-35.00,39.23,-36.35,0.579,-0.584,-76829,76718,7.59,261.8,-100.793,3082.663,1,1,1
50340360,49041,3,35.00,-35.00,38.45,-35.55,0.579,-0.586,-76804,76695,7.60,261.2,-95.122,3081.712,1,1,1
50350362,49051,3,35.00,-35.00,35.26,-36.75,0.590,-0.581,-76785,76668,7.61,262.5,-92.683,3080.786,1,1,1
50360362,49061,3,35.00,-35.00,33.91,-36.71,0.595,-0.581,-76764,76643,7.60,262.2,-91.280,3079.874,1,1,1
50370374,49071,3,35.00,-35.00,34.72,-36.68,0.594,-0.582,-76739,76618,7.59,264.8,-89.024,3078.985,1,1,1
50380377,49081,3,35.00,-35.00,35.29,-37.10,0.592,-0.580,-76714,76592,7.59,266.5,-92.317,3078.062,1,1,1
50390383,49091,3,35.00,-35.00,35.25,-36.52,0.592,-0.582,-76690,76568,7.59,265.0,-97.073,3077.093,1,1,1
50400383,49101,3,35.00,-35.00,36.10,-36.99,0.589,-0.580,-76664,76542,7.59,264.8,-100.000,3076.093,1,1,1
50410392,49111,3,35.00,-35.00,36.70,-37.32,0.587,-0.579,-76638,76516,7.59,263.0,-101.890,3075.075,1,1,1
50420405,49121,3,35.00,-35.00,36.67,-36.67,0.586,-0.581,-76613,76492,7.59,261.5,-97.927,3074.097,1,1,1
50430412,49131,3,35.00,-35.00,36.22,-35.78,0.587,-0.584,-76589,76469,7.59,262.2,-87.744,3073.220,1,1,1
50440420,49141,3,35.00,-35.00,35.46,-35.15,0.589,-0.586,-76566,76446,7.59,263.2,-81.280,3072.408,1,1,1
50450420,49151,3,35.00,-35.00,35.81,-35.59,0.588,-0.585,-76541,76421,7.59,265.8,-81.341,3071.595,1,1,1
50460420,49161,3,35.00,-35.00,36.05,-35.90,0.587,-0.583,-76516,76396,7.60,266.8,-86.341,3070.733,1,1,1
50470420,49171,3,35.00,-35.00,36.22,-36.12,0.586,-0.583,-76491,76371,7.59,265.8,-90.854,3069.825,1,1,1
50480431,49181,3,35.00,-35.00,35.90,-36.27,0.586,-0.582,-76467,76346,7.60,264.5,-93.963,3068.886,1,1,1
50490431,49191,3,35.00,-35.00,36.12,-36.81,0.586,-0.581,-76442,76320,7.59,264.5,-97.378,3067.914,1,1,1
50500435,49201,3,35.00,-35.00,37.15,-36.32,0.582,-0.582,-76415,76296,7.60,264.2,-99.024,3066.924,1,1,1
50510446,49211,3,35.00,-35.00,37.43,-36.41,0.581,-0.582,-76389,76271,7.60,262.2,-98.902,3065.936,1,1,1
50520450,49221,3,35.00,-35.00,37.19,-35.59,0.582,-0.585,-76364,76248,7.60,261.5,-95.732,3064.979,1,1,1
50530451,49231,3,35.00,-35.00,35.70,-35.02,0.587,-0.587,-76342,76225,7.59,263.0,-87.195,3064.108,1,1,1
50540458,49241,3,35.00,-35.00,35.54,-34.62,0.586,-0.587,-76318,76202,7.60,265.2,-79.268,3063.316,1,1,1
50550461,49251,3,35.00,-35.00,35.42,-34.34,0.587,-0.589,-76294,76179,7.59,267.0,-78.049,3062.536,1,1,1
50560468,49261,3,35.00,-35.00,35.78,-35.47,0.586,-0.586,-76269,76153,7.59,268.0,-85.488,3061.682,1,1,1
50570481,49271,3,35.00,-35.00,36.03,-35.37,0.585,-0.586,-76244,76129,7.59,265.5,-93.720,3060.746,1,1,1
50580488,49281,3,35.00,-35.00,36.21,-35.75,0.584,-0.584,-76219,76104,7.60,265.0,-97.866,3059.768,1,1,1
50590488,49291,3,35.00,-35.00,36.77,-35.13,0.583,-0.587,-76193,76081,7.59,265.0,-99.207,3058.777,1,1,1
50600498,49301,3,35.00,-35.00,38.05,-35.14,0.577,-0.587,-76165,76057,7.60,265.8,-97.683,3057.801,1,1,1
50610507,49311,3,35.00,-35.00,39.38,-35.14,0.573,-0.588,-76136,76033,7.60,263.8,-94.085,3056.861,1,1,1
50620513,49321,3,35.00,-35.00,38.55,-34.71,0.575,-0.589,-76111,76010,7.60,262.2,-91.220,3055.950,1,1,1
50630514,49331,3,35.00,-35.00,35.77,-34.84,0.583,-0.588,-76091,75986,7.61,261.0,-86.890,3055.082,1,1,1
50640522,49341,3,35.00,-35.00,34.27,-34.06,0.589,-0.591,-76070,75964,7.60,264.8,-81.098,3054.271,1,1,1
50650526,49351,3,35.00,-35.00,33.66,-34.39,0.592,-0.590,-76048,75940,7.59,270.0,-76.280,3053.510,1,1,1
50660529,49361,3,35.00,-35.00,34.55,-34.18,0.589,-0.592,-76023,75917,7.59,270.2,-77.744,3052.733,1,1,1
50670535,49371,3,35.00,-35.00,35.61,-34.47,0.585,-0.591,-75997,75893,7.60,269.5,-85.122,3051.883,1,1,1
50680537,49381,3,35.00,-35.00,35.91,-34.24,0.584,-0.593,-75972,75870,7.59,266.8,-90.305,3050.980,1,1,1
50690542,49391,3,35.00,-35.00,36.56,-34.51,0.581,-0.591,-75946,75846,7.60,268.2,-94.512,3050.036,1,1,1
50700542,49401,3,35.00,-35.00,36.14,-34.27,0.582,-0.593,-75922,75823,7.60,267.2,-96.951,3049.067,1,1,1
50710544,49411,3,35.00,-35.00,36.73,-34.97,0.580,-0.591,-75896,75798,7.59,266.8,-96.890,3048.099,1,1,1
50720544,49421,3,35.00,-35.00,34.94,-34.59,0.586,-0.592,-75875,75775,7.59,263.2,-91.585,3047.184,1,1,1
50730559,49431,3,35.00,-35.00,34.56,-34.32,0.588,-0.594,-75852,75752,7.58,267.5,-84.207,3046.343,1,1,1
50740565,49441,3,35.00,-35.00,34.74,-33.25,0.586,-0.597,-75828,75731,7.60,269.5,-77.195,3045.572,1,1,1
50750574,49451,3,35.00,-35.00,34.87,-32.50,0.586,-0.601,-75804,75710,7.59,271.5,-77.439,3044.798,1,1,1
50760583,49461,3,35.00,-35.00,35.39,-33.30,0.584,-0.599,-75779,75686,7.59,273.5,-85.366,3043.945,1,1,1
50770587,49471,3,35.00,-35.00,35.76,-32.98,0.582,-0.600,-75754,75664,7.60,272.5,-93.780,3043.008,1,1,1
50780596,49481,3,35.00,-35.00,36.46,-33.19,0.579,-0.601,-75728,75641,7.60,271.0,-98.902,3042.020,1,1,1
50790598,49491,3,35.00,-35.00,37.39,-33.34,0.576,-0.601,-75701,75618,7.59,269.8,-98.537,3041.035,1,1,1
50800615,49501,3,35.00,-35.00,36.72,-33.89,0.578,-0.600,-75677,75594,7.60,268.0,-96.037,3040.076,1,1,1
50810622,49511,3,35.00,-35.00,34.49,-34.27,0.585,-0.598,-75657,75570,7.60,269.2,-91.951,3039.157,1,1,1
50820622,49521,3,35.00,-35.00,32.93,-34.09,0.592,-0.599,-75637,75547,7.59,271.2,-85.244,3038.305,1,1,1
50830636,49531,3,35.00,-35.00,32.72,-33.53,0.593,-0.602,-75615,75525,7.58,274.0,-76.890,3037.537,1,1,1
50840637,49541,3,35.00,-35.00,33.45,-32.70,0.591,-0.605,-75591,75504,7.58,275.5,-73.049,3036.808,1,1,1
50850637,49551,3,35.00,-35.00,33.52,-32.56,0.591,-0.606,-75568,75482,7.58,276.5,-77.622,3036.032,1,1,1
50860648,49561,3,35.00,-35.00,34.01,-32.46,0.589,-0.607,-75544,75460,7.59,278.5,-86.098,3035.172,1,1,1
50870653,49571,3,35.00,-35.00,34.36,-32.83,0.588,-0.606,-75520,75437,7.59,276.8,-92.866,3034.244,1,1,1
50880660,49581,3,35.00,-35.00,35.04,-32.65,0.586,-0.609,-75495,75415,7.58,276.2,-97.012,3033.275,1,1,1
50890674,49591,3,35.00,-35.00,35.51,-32.96,0.583,-0.608,-75470,75392,7.59,275.8,-99.207,3032.284,1,1,1
50900682,49601,3,35.00,-35.00,36.72,-33.62,0.579,-0.607,-75443,75368,7.59,274.0,-99.756,3031.287,1,1,1
50910685,49611,3,35.00,-35.00,35.81,-34.52,0.582,-0.604,-75420,75343,7.59,270.8,-98.537,3030.302,1,1,1
50920691,49621,3,35.00,-35.00,33.86,-34.71,0.589,-0.603,-75400,75319,7.59,272.8,-93.659,3029.367,1,1,1
50930691,49631,3,35.00,-35.00,32.93,-33.97,0.592,-0.605,-75379,75297,7.59,273.2,-85.732,3028.510,1,1,1
50940691,49641,3,35.00,-35.00,32.72,-33.44,0.594,-0.607,-75357,75275,7.59,275.2,-78.232,3027.729,1,1,1
50950693,49651,3,35.00,-35.00,33.45,-33.52,0.592,-0.608,-75333,75252,7.58,279.0,-77.012,3026.959,1,1,1
50960693,49661,3,35.00,-35.00,34.40,-33.57,0.588,-0.607,-75308,75229,7.60,279.2,-84.390,3026.116,1,1,1
50970700,49671,3,35.00,-35.00,34.63,-33.61,0.587,-0.608,-75284,75206,7.60,275.8,-93.415,3025.183,1,1,1
50980706,49681,3,35.00,-35.00,35.67,-33.63,0.584,-0.609,-75258,75183,7.59,276.2,-98.049,3024.203,1,1,1
50990706,49691,3,35.00,-35.00,37.71,-34.09,0.576,-0.608,-75229,75159,7.59,274.5,-99.573,3023.208,1,1,1
51000715,49701,3,35.00,-35.00,36.94,-34.85,0.578,-0.606,-75205,75134,7.60,270.8,-100.061,3022.209,1,1,1
51010715,49711,3,35.00,-35.00,34.21,-35.82,0.587,-0.602,-75186,75108,7.60,270.8,-98.537,3021.224,1,1,1
51020715,49721,3,35.00,-35.00,33.18,-35.18,0.591,-0.603,-75165,75085,7.59,271.0,-93.598,3020.289,1,1,1
51030716,49731,3,35.00,-35.00,33.33,-34.73,0.591,-0.605,-75142,75062,7.59,275.0,-86.707,3019.423,1,1,1
51040721,49741,3,35.00,-35.00,33.88,-34.42,0.590,-0.606,-75118,75039,7.59,275.2,-84.085,3018.583,1,1,1
51050728,49751,3,35.00,-35.00,34.26,-35.52,0.589,-0.602,-75094,75013,7.59,274.8,-90.549,3017.678,1,1,1
51060731,49761,3,35.00,-35.00,34.97,-35.41,0.586,-0.602,-75069,74989,7.60,274.2,-98.476,3016.694,1,1,1
51070731,49771,3,35.00,-35.00,35.46,-35.77,0.586,-0.602,-75044,74964,7.59,271.8,-103.354,3015.661,1,1,1
51080739,49781,3,35.00,-35.00,36.25,-36.03,0.582,-0.600,-75018,74939,7.60,272.2,-105.732,3014.605,1,1,1
51090744,49791,3,35.00,-35.00,35.92,-36.21,0.583,-0.600,-74994,74914,7.59,269.2,-105.488,3013.551,1,1,1
51100746,49801,3,35.00,-35.00,35.25,-36.33,0.585,-0.598,-74971,74889,7.60,268.8,-103.354,3012.518,1,1,1
51110751,49811,3,35.00,-35.00,33.91,-36.42,0.591,-0.597,-74950,74864,7.59,269.2,-97.500,3011.544,1,1,1
51120759,49821,3,35.00,-35.00,34.72,-36.04,0.588,-0.598,-74925,74840,7.59,272.2,-92.500,3010.620,1,1,1
51130761,49831,3,35.00,-35.00,34.85,-36.65,0.588,-0.596,-74901,74814,7.59,272.0,-91.707,3009.704,1,1,1
51140761,49841,3,35.00,-35.00,34.94,-36.64,0.587,-0.595,-74877,74789,7.60,270.2,-96.280,3008.742,1,1,1
51150761,49851,3,35.00,-35.00,34.57,-36.20,0.589,-0.596,-74854,74765,7.59,269.5,-103.841,3007.704,1,1,1
51160773,49861,3,35.00,-35.00,35.62,-35.45,0.585,-0.598,-74828,74742,7.60,271.2,-109.268,3006.613,1,1,1
51170782,49871,3,35.00,-35.00,36.36,-36.24,0.583,-0.597,-74802,74716,7.59,269.2,-110.000,3005.513,1,1,1
51180784,49881,3,35.00,-35.00,36.44,-36.79,0.582,-0.593,-74777,74690,7.60,267.8,-109.390,3004.420,1,1,1
51190797,49891,3,35.00,-35.00,35.18,-36.74,0.587,-0.593,-74755,74665,7.59,265.2,-107.622,3003.345,1,1,1
51200806,49901,3,35.00,-35.00,34.73,-36.70,0.589,-0.593,-74732,74640,7.59,267.8,-99.268,3002.353,1,1,1
51210819,49911,3,35.00,-35.00,34.42,-35.80,0.590,-0.595,-74709,74617,7.59,267.8,-90.244,3001.451,1,1,1
51220827,49921,3,35.00,-35.00,34.64,-35.61,0.589,-0.595,-74685,74593,7.60,269.8,-85.427,3000.598,1,1,1
51230840,49931,3,35.00,-35.00,35.23,-36.35,0.588,-0.594,-74660,74567,7.58,268.8,-88.476,2999.714,1,1,1
51240852,49941,3,35.00,-35.00,35.21,-36.43,0.587,-0.591,-74636,74542,7.60,270.0,-96.280,2998.752,1,1,1
51250864,49951,3,35.00,-35.00,35.63,-36.05,0.586,-0.593,-74611,74518,7.60,268.5,-101.768,2997.735,1,1,1
51260867,49961,3,35.00,-35.00,35.49,-36.22,0.586,-0.592,-74587,74493,7.60,267.8,-104.146,2996.694,1,1,1
51270873,49971,3,35.00,-35.00,35.83,-35.90,0.585,-0.593,-74562,74469,7.59,268.2,-105.793,2995.637,1,1,1
51280879,49981,3,35.00,-35.00,36.51,-36.56,0.582,-0.590,-74536,74443,7.60,268.0,-108.110,2994.557,1,1,1
51290891,49991,3,35.00,-35.00,35.66,-37.02,0.585,-0.587,-74513,74417,7.60,265.0,-111.037,2993.447,1,1,1
51300903,50001,3,35.00,-35.00,34.63,-36.02,0.588,-0.590,-74491,74394,7.61,262.8,-107.988,2992.368,1,1,1
51310913,50011,3,35.00,-35.00,34.79,-34.88,0.588,-0.594,-74467,74372,7.60,265.5,-97.500,2991.394,1,1,1
51320918,50021,3,35.00,-35.00,34.46,-34.52,0.589,-0.595,-74444,74349,7.60,269.8,-90.122,2990.494,1,1,1
51330920,50031,3,35.00,-35.00,34.67,-35.15,0.590,-0.595,-74420,74324,7.58,271.8,-91.402,2989.580,1,1,1
51340925,50041,3,35.00,-35.00,35.25,-35.15,0.586,-0.593,-74395,74300,7.60,270.5,-97.805,2988.603,1,1,1
51350926,50051,3,35.00,-35.00,36.10,-34.72,0.584,-0.596,-74369,74277,7.59,268.5,-103.598,2987.568,1,1,1
51360940,50061,3,35.00,-35.00,35.82,-34.85,0.584,-0.595,-74345,74253,7.59,269.0,-105.549,2986.513,1,1,1
51370947,50071,3,35.00,-35.00,36.50,-34.94,0.581,-0.595,-74319,74229,7.60,267.5,-107.439,2985.440,1,1,1
51380956,50081,3,35.00,-35.00,35.22,-35.88,0.586,-0.592,-74297,74203,7.59,265.2,-109.146,2984.349,1,1,1
51390966,50091,3,35.00,-35.00,34.32,-35.67,0.589,-0.592,-74275,74179,7.59,267.0,-106.890,2983.281,1,1,1
51400966,50101,3,35.00,-35.00,34.57,-35.51,0.588,-0.592,-74251,74155,7.59,268.8,-103.841,2982.243,1,1,1
51410970,50111,3,35.00,-35.00,35.19,-34.09,0.586,-0.597,-74226,74134,7.59,267.0,-100.732,2981.237,1,1,1
51420971,50121,3,35.00,-35.00,35.62,-33.09,0.585,-0.602,-74201,74113,7.58,268.8,-99.451,2980.243,1,1,1
51430982,50131,3,35.00,-35.00,35.92,-33.27,0.583,-0.602,-74176,74090,7.58,271.0,-100.183,2979.242,1,1,1
51440993,50141,3,35.00,-35.00,36.13,-33.84,0.582,-0.601,-74151,74066,7.58,271.5,-101.098,2978.232,1,1,1
51450994,50151,3,35.00,-35.00,36.28,-34.23,0.581,-0.600,-74126,74042,7.59,270.2,-102.805,2977.205,1,1,1
51461004,50162,3,35.00,-35.00,35.94,-34.51,0.581,-0.599,-74102,74018,7.59,268.0,-104.939,2976.156,1,1,1
51471017,50172,3,35.00,-35.00,35.27,-35.14,0.584,-0.597,-74079,73993,7.59,268.8,-106.768,2975.089,1,1,1
51481031,50182,3,35.00,-35.00,33.91,-34.71,0.589,-0.598,-74058,73970,7.58,269.0,-105.854,2974.031,1,1,1
51491034,50192,3,35.00,-35.00,33.85,-34.40,0.588,-0.599,-74035,73947,7.59,271.2,-101.463,2973.018,1,1,1
51501034,50202,3,35.00,-35.00,35.12,-33.31,0.584,-0.603,-74009,73926,7.59,271.5,-97.561,2972.043,1,1,1
51511038,50212,3,35.00,-35.00,35.57,-32.99,0.582,-0.605,-73984,73904,7.59,273.5,-96.707,2971.076,1,1,1
51521047,50222,3,35.00,-35.00,35.45,-33.64,0.583,-0.604,-73960,73880,7.59,272.8,-98.049,2970.097,1,1,1
51531049,50232,3,35.00,-35.00,34.48,-33.65,0.585,-0.603,-73938,73857,7.59,271.5,-99.207,2969.105,1,1,1
51541053,50242,3,35.00,-35.00,34.24,-33.66,0.586,-0.604,-73915,73834,7.59,272.8,-100.427,2968.102,1,1,1
51551064,50252,3,35.00,-35.00,34.08,-34.55,0.587,-0.601,-73892,73809,7.59,275.2,-101.768,2967.085,1,1,1
51561070,50262,3,35.00,-35.00,33.96,-34.73,0.589,-0.601,-73869,73785,7.58,274.0,-107.195,2966.014,1,1,1
51571070,50272,3,35.00,-35.00,33.88,-33.98,0.588,-0.603,-73846,73763,7.59,274.0,-108.232,2964.933,1,1,1
51581070,50282,3,35.00,-35.00,33.38,-33.89,0.590,-0.603,-73824,73740,7.60,273.5,-106.951,2963.864,1,1,1
51591076,50292,3,35.00,-35.00,33.04,-33.83,0.592,-0.604,-73802,73717,7.59,276.5,-101.159,2962.853,1,1,1
51601087,50302,3,35.00,-35.00,33.23,-33.35,0.593,-0.607,-73779,73695,7.58,277.8,-97.134,2961.883,1,1,1
51611095,50312,3,35.00,-35.00,33.81,-33.45,0.590,-0.606,-73755,73672,7.60,278.0,-97.805,2960.906,1,1,1
51621110,50322,3,35.00,-35.00,33.77,-33.96,0.591,-0.605,-73732,73648,7.59,275.2,-102.012,2959.886,1,1,1
51631113,50332,3,35.00,-35.00,33.75,-33.88,0.591,-0.605,-73709,73625,7.59,277.0,-106.402,2958.823,1,1,1
51641117,50342,3,35.00,-35.00,34.61,-34.26,0.588,-0.604,-73684,73601,7.59,276.2,-108.659,2957.737,1,1,1
51651119,50352,3,35.00,-35.00,35.21,-34.53,0.586,-0.603,-73659,73577,7.60,275.0,-110.671,2956.631,1,1,1
51661132,50362,3,35.00,-35.00,36.95,-34.72,0.581,-0.605,-73631,73553,7.58,273.5,-111.524,2955.517,1,1,1
51671143,50372,3,35.00,-35.00,37.29,-34.41,0.578,-0.605,-73605,73530,7.59,271.2,-108.110,2954.437,1,1,1
51681147,50382,3,35.00,-35.00,35.33,-34.63,0.584,-0.604,-73584,73506,7.59,269.0,-101.768,2953.420,1,1,1
51691156,50392,3,35.00,-35.00,33.08,-35.23,0.593,-0.602,-73565,73481,7.59,268.8,-94.329,2952.477,1,1,1
51701158,50402,3,35.00,-35.00,32.83,-33.89,0.595,-0.607,-73543,73460,7.58,275.0,-88.963,2951.588,1,1,1
51711162,50412,3,35.00,-35.00,33.09,-33.83,0.593,-0.606,-73520,73437,7.59,278.2,-90.549,2950.684,1,1,1
51721173,50422,3,35.00,-35.00,34.15,-34.23,0.591,-0.606,-73495,73413,7.58,277.8,-96.951,2949.715,1,1,1
51731184,50432,3,35.00,-35.00,34.89,-34.95,0.589,-0.604,-73470,73388,7.59,275.8,-102.500,2948.691,1,1,1
51741186,50442,3,35.00,-35.00,36.29,-35.45,0.584,-0.602,-73443,73363,7.59,273.5,-102.988,2947.662,1,1,1
51751192,50452,3,35.00,-35.00,35.95,-35.80,0.584,-0.601,-73419,73338,7.59,271.5,-101.768,2946.645,1,1,1
51761193,50462,3,35.00,-35.00,34.39,-36.05,0.590,-0.599,-73398,73313,7.59,269.8,-99.085,2945.655,1,1,1
51771203,50472,3,35.00,-35.00,32.86,-36.22,0.595,-0.598,-73378,73288,7.59,271.8,-95.244,2944.703,1,1,1
51781208,50482,3,35.00,-35.00,33.11,-36.34,0.595,-0.596,-73355,73263,7.60,273.0,-90.122,2943.803,1,1,1
51791216,50492,3,35.00,-35.00,33.29,-35.11,0.596,-0.601,-73332,73241,7.58,273.0,-90.000,2942.904,1,1,1
51801219,50502,3,35.00,-35.00,33.85,-35.56,0.594,-0.599,-73308,73216,7.59,275.0,-94.329,2941.961,1,1,1
51811232,50512,3,35.00,-35.00,34.24,-35.44,0.593,-0.599,-73284,73192,7.59,275.2,-100.061,2940.961,1,1,1
51821232,50522,3,35.00,-35.00,34.08,-35.79,0.594,-0.597,-73261,73167,7.59,273.5,-104.512,2939.917,1,1,1
51831240,50532,3,35.00,-35.00,34.84,-36.92,0.593,-0.594,-73236,73140,7.58,273.0,-105.915,2938.859,1,1,1
51841253,50542,3,35.00,-35.00,35.81,-36.83,0.590,-0.594,-73210,73115,7.58,269.8,-106.220,2937.797,1,1,1
51851262,50552,3,35.00,-35.00,35.18,-37.21,0.591,-0.591,-73187,73089,7.59,269.0,-104.512,2936.753,1,1,1
51861269,50562,3,35.00,-35.00,33.41,-37.03,0.597,-0.590,-73167,73064,7.59,267.5,-98.902,2935.765,1,1,1
51871276,50572,3,35.00,-35.00,33.06,-36.47,0.599,-0.591,-73145,73040,7.59,270.2,-89.817,2934.867,1,1,1
51881277,50582,3,35.00,-35.00,33.25,-35.64,0.600,-0.594,-73122,73017,7.58,271.5,-86.402,2934.004,1,1,1
51891284,50592,3,35.00,-35.00,33.38,-36.37,0.600,-0.591,-73099,72991,7.59,273.8,-91.098,2933.094,1,1,1
51901286,50602,3,35.00,-35.00,33.91,-36.01,0.598,-0.592,-73075,72967,7.59,274.5,-98.049,2932.114,1,1,1
51911294,50612,3,35.00,-35.00,34.29,-35.75,0.598,-0.593,-73051,72943,7.59,273.8,-102.256,2931.092,1,1,1
51921299,50622,3,35.00,-35.00,34.99,-36.45,0.596,-0.590,-73026,72917,7.59,273.8,-103.841,2930.055,1,1,1
51931299,50632,3,35.00,-35.00,36.80,-36.94,0.589,-0.588,-72998,72891,7.59,270.8,-102.073,2929.035,1,1,1
51941301,50642,3,35.00,-35.00,35.86,-36.85,0.592,-0.587,-72975,72866,7.60,266.2,-98.293,2928.052,1,1,1
51951313,50652,3,35.00,-35.00,34.33,-36.78,0.598,-0.587,-72954,72841,7.59,266.8,-92.622,2927.127,1,1,1
51961323,50662,3,35.00,-35.00,33.26,-36.73,0.602,-0.585,-72933,72816,7.60,269.2,-85.732,2926.271,1,1,1
51971325,50672,3,35.00,-35.00,33.83,-36.70,0.601,-0.585,-72909,72791,7.59,270.8,-83.841,2925.433,1,1,1
51981332,50682,3,35.00,-35.00,34.67,-36.68,0.598,-0.585,-72884,72766,7.59,271.5,-87.866,2924.555,1,1,1
51991344,50692,3,35.00,-35.00,34.37,-36.66,0.599,-0.584,-72861,72741,7.60,270.2,-95.061,2923.605,1,1,1
52001353,50702,3,35.00,-35.00,34.61,-35.77,0.598,-0.586,-72837,72718,7.60,269.0,-99.695,2922.609,1,1,1
52011360,50712,3,35.00,-35.00,34.33,-36.46,0.600,-0.584,-72814,72692,7.59,270.2,-103.354,2921.577,1,1,1
52021360,50722,3,35.00,-35.00,35.46,-37.39,0.596,-0.580,-72788,72665,7.60,272.5,-105.366,2920.524,1,1,1
52031370,50732,3,35.00,-35.00,37.13,-36.28,0.590,-0.584,-72760,72642,7.60,267.8,-104.024,2919.484,1,1,1
52041383,50742,3,35.00,-35.00,39.61,-35.94,0.580,-0.585,-72729,72618,7.60,265.0,-98.598,2918.499,1,1,1
52051385,50752,3,35.00,-35.00,38.27,-36.15,0.584,-0.584,-72705,72593,7.60,261.0,-92.500,2917.575,1,1,1
52061390,50762,3,35.00,-35.00,35.14,-36.29,0.594,-0.583,-72686,72568,7.60,261.0,-89.451,2916.681,1,1,1
52071401,50772,3,35.00,-35.00,33.83,-36.83,0.600,-0.581,-72665,72542,7.59,267.8,-88.110,2915.801,1,1,1
52081414,50782,3,35.00,-35.00,34.67,-36.77,0.596,-0.580,-72640,72517,7.61,269.8,-86.159,2914.940,1,1,1
52091429,50792,3,35.00,-35.00,34.81,-36.72,0.597,-0.581,-72616,72492,7.59,266.8,-89.634,2914.045,1,1,1
52101438,50802,3,35.00,-35.00,35.36,-36.25,0.595,-0.582,-72591,72468,7.59,268.8,-95.732,2913.088,1,1,1
52111438,50812,3,35.00,-35.00,35.74,-36.36,0.593,-0.581,-72566,72443,7.60,268.0,-99.512,2912.094,1,1,1
52121451,50822,3,35.00,-35.00,36.88,-36.88,0.590,-0.580,-72539,72417,7.59,265.0,-101.341,2911.081,1,1,1
52131459,50832,3,35.00,-35.00,36.36,-36.36,0.591,-0.582,-72515,72393,7.59,263.2,-98.232,2910.100,1,1,1
52141466,50842,3,35.00,-35.00,36.00,-35.56,0.591,-0.584,-72491,72370,7.59,265.0,-88.476,2909.216,1,1,1
52151468,50852,3,35.00,-35.00,35.31,-35.00,0.594,-0.587,-72468,72347,7.59,266.8,-81.220,2908.404,1,1,1
52161481,50862,3,35.00,-35.00,35.70,-35.93,0.592,-0.583,-72443,72321,7.59,267.0,-81.037,2907.595,1,1,1
52171495,50872,3,35.00,-35.00,35.98,-36.13,0.591,-0.582,-72418,72296,7.60,267.5,-83.963,2906.756,1,1,1
52181498,50882,3,35.00,-35.00,35.73,-35.84,0.591,-0.583,-72394,72272,7.60,266.8,-88.659,2905.870,1,1,1
52191504,50892,3,35.00,-35.00,36.00,-36.51,0.591,-0.582,-72369,72246,7.59,268.8,-95.000,2904.921,1,1,1
52201507,50902,3,35.00,-35.00,36.19,-36.55,0.590,-0.581,-72344,72221,7.59,266.2,-98.476,2903.937,1,1,1
52211514,50912,3,35.00,-35.00,36.76,-36.57,0.588,-0.581,-72318,72196,7.59,265.2,-99.207,2902.946,1,1,1
52221529,50922,3,35.00,-35.00,37.15,-36.15,0.586,-0.583,-72292,72172,7.59,265.5,-97.866,2901.968,1,1,1
52231542,50932,3,35.00,-35.00,36.56,-35.41,0.587,-0.585,-72268,72149,7.59,263.8,-94.024,2901.029,1,1,1
52241544,50942,3,35.00,-35.00,35.26,-34.89,0.590,-0.586,-72246,72126,7.61,265.2,-85.915,2900.170,1,1,1
52251550,50952,3,35.00,-35.00,35.23,-34.53,0.591,-0.588,-72222,72103,7.59,266.8,-79.146,2899.379,1,1,1
52261550,50962,3,35.00,-35.00,35.21,-35.16,0.590,-0.585,-72198,72078,7.60,269.2,-80.000,2898.580,1,1,1
52271550,50972,3,35.00,-35.00,36.07,-35.16,0.587,-0.586,-72172,72054,7.60,265.8,-87.256,2897.708,1,1,1
52281550,50982,3,35.00,-35.00,35.80,-35.16,0.588,-0.586,-72148,72030,7.60,266.0,-95.061,2896.759,1,1,1
52291557,50992,3,35.00,-35.00,36.04,-35.60,0.587,-0.585,-72123,72005,7.59,267.0,-99.268,2895.767,1,1,1
52301564,51002,3,35.00,-35.00,36.22,-35.46,0.586,-0.585,-72098,71981,7.60,266.0,-100.915,2894.759,1,1,1
52311567,51012,3,35.00,-35.00,38.10,-34.93,0.579,-0.587,-72069,71958,7.60,264.0,-98.171,2893.778,1,1,1
52321574,51022,3,35.00,-35.00,39.41,-35.00,0.574,-0.589,-72040,71934,7.59,262.2,-94.573,2892.833,1,1,1
52331583,51032,3,35.00,-35.00,38.13,-35.05,0.577,-0.588,-72016,71910,7.59,261.2,-92.317,2891.910,1,1,1
52341595,51042,3,35.00,-35.00,35.04,-34.64,0.587,-0.588,-71997,71887,7.60,262.5,-87.073,2891.041,1,1,1
52351613,51052,3,35.00,-35.00,33.76,-33.92,0.592,-0.591,-71976,71865,7.59,266.2,-80.305,2890.238,1,1,1
52361624,51062,3,35.00,-35.00,33.74,-34.29,0.592,-0.590,-71953,71841,7.60,269.0,-76.585,2889.473,1,1,1
52371637,51072,3,35.00,-35.00,34.16,-34.11,0.591,-0.591,-71929,71818,7.59,270.2,-78.537,2888.688,1,1,1
52381645,51082,3,35.00,-35.00,35.34,-34.42,0.588,-0.591,-71903,71794,7.59,269.5,-87.134,2887.818,1,1,1
52391653,51092,3,35.00,-35.00,35.29,-34.64,0.588,-0.591,-71879,71770,7.58,268.8,-94.390,2886.875,1,1,1
52401655,51102,3,35.00,-35.00,36.13,-34.36,0.584,-0.592,-71853,71747,7.59,268.8,-99.146,2885.884,1,1,1
52411660,51112,3,35.00,-35.00,36.27,-35.04,0.584,-0.590,-71828,71722,7.59,268.0,-101.341,2884.871,1,1,1
52421670,51122,3,35.00,-35.00,38.14,-34.63,0.577,-0.592,-71799,71699,7.59,266.8,-100.549,2883.867,1,1,1
52431682,51132,3,35.00,-35.00,36.80,-34.79,0.580,-0.591,-71776,71675,7.60,264.8,-95.610,2882.911,1,1,1
52441685,51142,3,35.00,-35.00,33.67,-34.90,0.592,-0.590,-71758,71651,7.59,265.0,-88.841,2882.024,1,1,1
52451685,51152,3,35.00,-35.00,33.24,-33.22,0.593,-0.596,-71736,71631,7.59,268.8,-79.817,2881.226,1,1,1
52461698,51162,3,35.00,-35.00,33.37,-32.92,0.592,-0.597,-71713,71609,7.60,273.2,-73.598,2880.491,1,1,1
52471712,51172,3,35.00,-35.00,34.79,-33.15,0.588,-0.598,-71687,71586,7.59,274.8,-77.134,2879.721,1,1,1
52481721,51182,3,35.00,-35.00,34.90,-33.31,0.588,-0.598,-71663,71563,7.59,272.8,-85.854,2878.863,1,1,1
52491731,51192,3,35.00,-35.00,34.98,-33.43,0.587,-0.598,-71639,71540,7.59,272.5,-91.037,2877.953,1,1,1
52501735,51202,3,35.00,-35.00,35.47,-33.51,0.586,-0.599,-71614,71517,7.59,273.0,-92.683,2877.027,1,1,1
52511746,51212,3,35.00,-35.00,34.50,-34.00,0.589,-0.597,-71592,71493,7.58,271.0,-91.585,2876.112,1,1,1
52521746,51222,3,35.00,-35.00,34.25,-34.35,0.589,-0.595,-71569,71469,7.60,274.0,-89.024,2875.223,1,1,1
52531746,51232,3,35.00,-35.00,34.09,-34.15,0.590,-0.596,-71546,71446,7.59,271.5,-84.878,2874.375,1,1,1
52541750,51242,3,35.00,-35.00,33.97,-33.13,0.591,-0.600,-71523,71425,7.59,272.8,-82.012,2873.556,1,1,1
52551758,51252,3,35.00,-35.00,34.32,-32.86,0.589,-0.602,-71499,71403,7.60,275.0,-83.354,2872.723,1,1,1
52561769,51262,3,35.00,-35.00,34.13,-32.67,0.590,-0.603,-71476,71381,7.59,275.8,-89.207,2871.832,1,1,1
52571769,51272,3,35.00,-35.00,34.44,-32.98,0.590,-0.604,-71452,71358,7.59,276.5,-94.085,2870.892,1,1,1
52581782,51282,3,35.00,-35.00,34.22,-32.75,0.590,-0.604,-71429,71336,7.60,275.2,-96.890,2869.924,1,1,1
52591791,51292,3,35.00,-35.00,34.50,-33.03,0.589,-0.604,-71405,71313,7.59,275.5,-97.622,2868.948,1,1,1
52601797,51302,3,35.00,-35.00,34.70,-33.23,0.589,-0.605,-71381,71290,7.59,275.2,-98.537,2867.964,1,1,1
52611804,51312,3,35.00,-35.00,35.27,-33.81,0.587,-0.603,-71356,71266,7.59,274.8,-98.659,2866.978,1,1,1
52621806,51322,3,35.00,-35.00,34.80,-34.21,0.589,-0.602,-71333,71242,7.59,272.8,-96.829,2866.010,1,1,1
52631812,51332,3,35.00,-35.00,34.03,-34.50,0.592,-0.601,-71311,71218,7.59,271.8,-91.768,2865.093,1,1,1
52641815,51342,3,35.00,-35.00,33.49,-33.38,0.593,-0.605,-71289,71197,7.59,274.8,-85.488,2864.239,1,1,1
52651819,51352,3,35.00,-35.00,33.99,-33.47,0.592,-0.605,-71265,71174,7.59,278.5,-79.268,2863.447,1,1,1
52661819,51362,3,35.00,-35.00,33.90,-33.54,0.592,-0.605,-71242,71151,7.59,277.0,-79.634,2862.652,1,1,1
52671819,51372,3,35.00,-35.00,34.28,-33.58,0.591,-0.606,-71218,71128,7.59,275.5,-86.829,2861.784,1,1,1
52681827,51382,3,35.00,-35.00,34.54,-33.62,0.590,-0.606,-71194,71105,7.59,276.5,-93.293,2860.852,1,1,1
52691835,51392,3,35.00,-35.00,35.60,-34.08,0.587,-0.605,-71168,71081,7.59,276.5,-97.256,2859.881,1,1,1
52701841,51402,3,35.00,-35.00,37.23,-34.40,0.581,-0.605,-71140,71057,7.59,274.0,-98.963,2858.892,1,1,1
52711845,51412,3,35.00,-35.00,36.17,-35.07,0.583,-0.602,-71117,71032,7.59,271.2,-98.415,2857.908,1,1,1
52721850,51422,3,35.00,-35.00,34.11,-35.53,0.591,-0.600,-71097,71007,7.59,270.2,-97.134,2856.938,1,1,1
52731860,51432,3,35.00,-35.00,33.54,-34.98,0.594,-0.603,-71075,70984,7.57,274.0,-92.927,2856.010,1,1,1
52741867,51442,3,35.00,-35.00,34.03,-35.03,0.592,-0.602,-71051,70960,7.58,275.2,-87.683,2855.134,1,1,1
52751867,51452,3,35.00,-35.00,33.93,-35.07,0.592,-0.601,-71028,70936,7.60,274.8,-89.085,2854.243,1,1,1
52761867,51462,3,35.00,-35.00,34.29,-35.10,0.591,-0.601,-71004,70912,7.59,275.2,-97.561,2853.269,1,1,1
52771879,51472,3,35.00,-35.00,34.99,-35.55,0.589,-0.599,-70979,70887,7.60,274.0,-106.037,2852.209,1,1,1
52781882,51482,3,35.00,-35.00,36.36,-36.31,0.585,-0.597,-70952,70861,7.60,271.5,-110.305,2851.107,1,1,1
52791882,51492,3,35.00,-35.00,37.32,-36.41,0.582,-0.597,-70925,70836,7.59,268.5,-110.000,2850.008,1,1,1
52801882,51502,3,35.00,-35.00,37.11,-36.47,0.581,-0.596,-70900,70811,7.60,267.0,-107.927,2848.929,1,1,1
52811890,51512,3,35.00,-35.00,35.20,-36.52,0.587,-0.595,-70879,70786,7.60,265.0,-104.634,2847.884,1,1,1
52821890,51522,3,35.00,-35.00,32.99,-36.11,0.596,-0.596,-70860,70762,7.58,266.5,-97.134,2846.913,1,1,1
52831903,51532,3,35.00,-35.00,33.64,-35.82,0.594,-0.597,-70836,70738,7.59,271.5,-90.671,2846.007,1,1,1
52841903,51542,3,35.00,-35.00,34.54,-36.50,0.591,-0.593,-70811,70712,7.60,272.2,-87.683,2845.131,1,1,1
52851906,51552,3,35.00,-35.00,34.72,-36.54,0.591,-0.593,-70787,70687,7.59,268.2,-91.951,2844.213,1,1,1
52861918,51562,3,35.00,-35.00,34.41,-36.12,0.592,-0.593,-70764,70663,7.59,268.8,-98.598,2843.228,1,1,1
52871921,51572,3,35.00,-35.00,35.08,-35.83,0.589,-0.594,-70739,70639,7.60,271.2,-101.951,2842.209,1,1,1
52881921,51582,3,35.00,-35.00,35.98,-36.07,0.588,-0.594,-70713,70614,7.59,269.8,-105.183,2841.158,1,1,1
52891928,51592,3,35.00,-35.00,35.29,-36.23,0.590,-0.593,-70690,70589,7.59,268.5,-108.537,2840.073,1,1,1
52901933,51602,3,35.00,-35.00,35.25,-37.23,0.590,-0.589,-70666,70562,7.59,267.2,-110.061,2838.973,1,1,1
52911947,51612,3,35.00,-35.00,34.78,-37.49,0.592,-0.587,-70643,70536,7.59,266.8,-103.841,2837.936,1,1,1
52921955,51622,3,35.00,-35.00,34.90,-35.91,0.591,-0.591,-70619,70514,7.60,267.2,-95.000,2836.987,1,1,1
52931958,51632,3,35.00,-35.00,34.97,-35.68,0.591,-0.592,-70595,70490,7.59,267.0,-91.707,2836.070,1,1,1
52941966,51642,3,35.00,-35.00,35.03,-36.40,0.591,-0.589,-70571,70464,7.59,268.2,-92.683,2835.144,1,1,1
52951979,51652,3,35.00,-35.00,35.51,-36.47,0.590,-0.589,-70546,70439,7.59,267.2,-97.195,2834.173,1,1,1
52961988,51662,3,35.00,-35.00,35.84,-36.08,0.588,-0.589,-70521,70415,7.60,266.5,-103.110,2833.143,1,1,1
52971988,51672,3,35.00,-35.00,36.07,-36.24,0.587,-0.589,-70496,70390,7.59,264.5,-105.366,2832.090,1,1,1
52982001,51683,3,35.00,-35.00,36.24,-35.91,0.586,-0.590,-70471,70366,7.59,265.0,-105.061,2831.040,1,1,1
52992001,51693,3,35.00,-35.00,36.35,-36.13,0.585,-0.588,-70446,70341,7.60,266.5,-105.488,2829.986,1,1,1
53002012,51703,3,35.00,-35.00,35.99,-36.71,0.586,-0.586,-70422,70315,7.60,264.8,-107.439,2828.913,1,1,1
53012024,51713,3,35.00,-35.00,35.30,-35.81,0.588,-0.588,-70399,70292,7.60,262.8,-106.098,2827.853,1,1,1
53022032,51723,3,35.00,-35.00,35.26,-35.17,0.588,-0.590,-70375,70269,7.60,264.0,-96.280,2826.891,1,1,1
53032032,51733,3,35.00,-35.00,35.23,-35.17,0.588,-0.590,-70351,70245,7.60,267.2,-90.732,2825.984,1,1,1
53042039,51743,3,35.00,-35.00,35.65,-35.60,0.587,-0.589,-70326,70220,7.60,268.0,-95.488,2825.030,1,1,1
53052039,51753,3,35.00,-35.00,35.94,-35.47,0.585,-0.589,-70301,70196,7.60,266.2,-103.780,2823.993,1,1,1
53062049,51763,3,35.00,-35.00,36.58,-35.38,0.583,-0.590,-70275,70172,7.60,266.0,-108.415,2822.910,1,1,1
53072049,51773,3,35.00,-35.00,37.03,-34.87,0.580,-0.592,-70249,70149,7.60,265.0,-108.659,2821.824,1,1,1
53082055,51783,3,35.00,-35.00,37.35,-35.40,0.579,-0.590,-70223,70124,7.60,265.2,-108.476,2820.740,1,1,1
53092064,51793,3,35.00,-35.00,35.37,-35.76,0.586,-0.589,-70202,70099,7.59,262.0,-105.732,2819.684,1,1,1
53102068,51803,3,35.00,-35.00,34.43,-35.14,0.589,-0.590,-70180,70076,7.59,265.2,-102.195,2818.663,1,1,1
53112079,51813,3,35.00,-35.00,34.65,-34.71,0.588,-0.592,-70156,70053,7.59,268.0,-97.500,2817.688,1,1,1
53122079,51823,3,35.00,-35.00,35.24,-33.96,0.586,-0.595,-70131,70031,7.59,267.0,-96.768,2816.722,1,1,1
53132092,51833,3,35.00,-35.00,35.65,-33.44,0.583,-0.597,-70106,70009,7.60,269.0,-100.732,2815.715,1,1,1
53142092,51843,3,35.00,-35.00,35.94,-34.40,0.583,-0.595,-70081,69984,7.59,268.0,-104.756,2814.668,1,1,1
53152100,51853,3,35.00,-35.00,36.59,-34.18,0.580,-0.596,-70055,69961,7.60,267.0,-107.012,2813.599,1,1,1
53162104,51863,3,35.00,-35.00,36.60,-34.48,0.579,-0.595,-70030,69937,7.60,265.5,-107.866,2812.521,1,1,1
53172112,51873,3,35.00,-35.00,36.60,-34.68,0.580,-0.595,-70005,69913,7.60,265.2,-109.573,2811.426,1,1,1
53182125,51883,3,35.00,-35.00,36.17,-34.82,0.581,-0.595,-69981,69889,7.59,264.2,-108.415,2810.343,1,1,1
53192134,51893,3,35.00,-35.00,34.11,-34.48,0.588,-0.595,-69961,69866,7.60,266.0,-103.110,2809.313,1,1,1
53202147,51903,3,35.00,-35.00,34.42,-33.81,0.587,-0.598,-69937,69844,7.59,269.2,-95.915,2808.354,1,1,1
53212150,51913,3,35.00,-35.00,35.08,-33.33,0.585,-0.601,-69912,69822,7.59,272.0,-94.573,2807.410,1,1,1
53222162,51923,3,35.00,-35.00,35.54,-33.00,0.582,-0.602,-69887,69800,7.60,270.2,-98.354,2806.427,1,1,1
53232173,51933,3,35.00,-35.00,35.43,-33.65,0.584,-0.601,-69863,69776,7.58,269.8,-103.110,2805.397,1,1,1
53242173,51943,3,35.00,-35.00,34.91,-33.66,0.585,-0.601,-69840,69753,7.59,271.2,-104.939,2804.348,1,1,1
53252185,51953,3,35.00,-35.00,34.98,-34.11,0.584,-0.600,-69816,69729,7.59,271.0,-105.976,2803.289,1,1,1
53262195,51963,3,35.00,-35.00,34.59,-34.86,0.586,-0.597,-69793,69704,7.59,270.2,-106.829,2802.222,1,1,1
53272208,51973,3,35.00,-35.00,34.32,-34.51,0.587,-0.598,-69770,69681,7.60,271.0,-107.195,2801.151,1,1,1
53282222,51983,3,35.00,-35.00,34.13,-33.83,0.587,-0.601,-69747,69659,7.60,270.5,-106.159,2800.090,1,1,1
53292225,51993,3,35.00,-35.00,33.56,-33.35,0.589,-0.603,-69725,69637,7.59,272.0,-104.024,2799.051,1,1,1
53302237,52003,3,35.00,-35.00,33.60,-33.45,0.590,-0.603,-69702,69614,7.59,275.0,-98.841,2798.063,1,1,1
53312247,52013,3,35.00,-35.00,33.63,-33.08,0.590,-0.605,-69679,69592,7.59,275.0,-96.341,2797.100,1,1,1
53322253,52023,3,35.00,-35.00,34.09,-33.27,0.589,-0.605,-69655,69569,7.59,274.8,-99.329,2796.108,1,1,1
53332253,52033,3,35.00,-35.00,33.97,-33.83,0.591,-0.604,-69632,69545,7.58,274.2,-105.244,2795.056,1,1,1
53342262,52043,3,35.00,-35.00,34.32,-33.79,0.589,-0.604,-69608,69522,7.59,275.8,-109.817,2793.959,1,1,1
53352264,52053,3,35.00,-35.00,35.01,-34.20,0.586,-0.603,-69583,69498,7.59,274.0,-111.829,2792.842,1,1,1
53362269,52063,3,35.00,-35.00,35.50,-34.49,0.585,-0.603,-69558,69474,7.58,273.2,-113.415,2791.708,1,1,1
53372277,52073,3,35.00,-35.00,36.71,-34.69,0.580,-0.603,-69531,69450,7.59,271.2,-114.878,2790.560,1,1,1
53382284,52083,3,35.00,-35.00,37.56,-34.39,0.576,-0.603,-69504,69427,7.60,269.2,-112.805,2789.433,1,1,1
53392298,52093,3,35.00,-35.00,35.08,-34.62,0.584,-0.603,-69484,69403,7.59,267.5,-104.512,2788.389,1,1,1
53402307,52103,3,35.00,-35.00,33.35,-34.34,0.590,-0.603,-69464,69380,7.59,269.8,-95.610,2787.433,1,1,1
53412310,52113,3,35.00,-35.00,33.45,-33.71,0.590,-0.605,-69441,69358,7.59,273.8,-90.366,2786.531,1,1,1
53422313,52123,3,35.00,-35.00,33.52,-34.14,0.590,-0.604,-69418,69334,7.59,274.2,-90.305,2785.628,1,1,1
53432317,52133,3,35.00,-35.00,34.01,-34.01,0.589,-0.605,-69394,69311,7.59,274.5,-95.488,2784.674,1,1,1
53442328,52143,3,35.00,-35.00,34.80,-34.35,0.586,-0.604,-69369,69287,7.59,274.5,-102.317,2783.652,1,1,1
53452338,52153,3,35.00,-35.00,35.78,-35.47,0.583,-0.601,-69343,69261,7.59,273.8,-107.988,2782.573,1,1,1
53462347,52163,3,35.00,-35.00,37.35,-35.82,0.578,-0.600,-69315,69236,7.59,270.0,-110.549,2781.468,1,1,1
53472347,52173,3,35.00,-35.00,35.38,-36.06,0.584,-0.598,-69294,69211,7.60,267.8,-108.110,2780.387,1,1,1
53482353,52183,3,35.00,-35.00,33.55,-36.67,0.591,-0.595,-69274,69185,7.59,268.0,-104.207,2779.346,1,1,1
53492367,52193,3,35.00,-35.00,33.15,-35.77,0.592,-0.597,-69252,69162,7.60,269.8,-94.756,2778.399,1,1,1
53502375,52203,3,35.00,-35.00,33.32,-34.71,0.592,-0.601,-69229,69140,7.60,271.5,-90.427,2777.496,1,1,1
53512383,52213,3,35.00,-35.00,33.87,-34.84,0.592,-0.602,-69205,69116,7.58,275.5,-93.902,2776.558,1,1,1
53522383,52223,3,35.00,-35.00,34.25,-35.38,0.591,-0.599,-69181,69091,7.59,273.8,-100.793,2775.551,1,1,1
53532385,52233,3,35.00,-35.00,34.96,-35.31,0.588,-0.599,-69156,69067,7.59,272.8,-106.341,2774.488,1,1,1
53542385,52243,3,35.00,-35.00,36.34,-36.58,0.584,-0.595,-69129,69040,7.59,272.5,-107.317,2773.416,1,1,1
53552392,52253,3,35.00,-35.00,36.86,-36.59,0.581,-0.595,-69103,69015,7.59,268.2,-105.854,2772.358,1,1,1
53562392,52263,3,35.00,-35.00,35.91,-37.48,0.585,-0.591,-69080,68988,7.59,265.5,-102.866,2771.330,1,1,1
53572404,52273,3,35.00,-35.00,33.05,-36.78,0.595,-0.592,-69062,68964,7.59,264.0,-97.073,2770.360,1,1,1
53582407,52283,3,35.00,-35.00,32.80,-36.30,0.596,-0.593,-69040,68940,7.59,270.2,-87.988,2769.481,1,1,1
53592420,52293,3,35.00,-35.00,33.07,-35.51,0.596,-0.595,-69017,68917,7.59,270.8,-83.476,2768.647,1,1,1
53602427,52303,3,35.00,-35.00,33.70,-35.85,0.594,-0.593,-68993,68892,7.60,272.5,-88.598,2767.762,1,1,1
53612429,52313,3,35.00,-35.00,34.13,-36.08,0.594,-0.592,-68969,68867,7.59,270.2,-97.256,2766.790,1,1,1
53622435,52323,3,35.00,-35.00,34.44,-35.80,0.593,-0.593,-68945,68843,7.59,271.5,-102.622,2765.765,1,1,1
53632444,52333,3,35.00,-35.00,35.97,-36.49,0.587,-0.590,-68918,68817,7.60,270.2,-103.415,2764.731,1,1,1
53642453,52343,3,35.00,-35.00,36.61,-36.97,0.586,-0.589,-68892,68791,7.59,266.5,-101.463,2763.718,1,1,1
53652453,52353,3,35.00,-35.00,34.85,-37.30,0.591,-0.586,-68871,68765,7.59,265.5,-98.232,2762.736,1,1,1
53662459,52363,3,35.00,-35.00,34.07,-36.66,0.594,-0.587,-68849,68741,7.60,267.0,-91.524,2761.822,1,1,1
53672466,52373,3,35.00,-35.00,33.95,-36.65,0.595,-0.587,-68826,68716,7.59,269.2,-84.573,2760.977,1,1,1
53682466,52383,3,35.00,-35.00,34.31,-36.64,0.594,-0.586,-68802,68691,7.59,268.2,-83.293,2760.145,1,1,1
53692468,52393,3,35.00,-35.00,34.57,-36.63,0.594,-0.585,-68778,68666,7.60,269.5,-88.780,2759.258,1,1,1
53702474,52403,3,35.00,-35.00,34.74,-36.63,0.594,-0.585,-68754,68641,7.59,268.0,-95.976,2758.299,1,1,1
53712476,52413,3,35.00,-35.00,34.43,-36.63,0.595,-0.584,-68731,68616,7.60,269.0,-100.244,2757.297,1,1,1
53722483,52423,3,35.00,-35.00,35.09,-36.63,0.593,-0.584,-68706,68591,7.60,267.5,-102.622,2756.271,1,1,1
53732496,52433,3,35.00,-35.00,35.99,-36.62,0.590,-0.584,-68680,68566,7.59,267.2,-100.183,2755.271,1,1,1
53742496,52443,3,35.00,-35.00,38.37,-36.18,0.581,-0.586,-68650,68542,7.59,265.0,-96.646,2754.305,1,1,1
53752498,52453,3,35.00,-35.00,37.41,-35.88,0.583,-0.586,-68626,68518,7.60,259.8,-92.805,2753.378,1,1,1
53762510,52463,3,35.00,-35.00,35.41,-36.54,0.589,-0.583,-68605,68492,7.60,262.2,-88.476,2752.494,1,1,1
53772520,52473,3,35.00,-35.00,34.46,-37.00,0.594,-0.581,-68583,68466,7.59,264.5,-87.012,2751.624,1,1,1
53782529,52483,3,35.00,-35.00,35.11,-36.89,0.592,-0.581,-68558,68441,7.59,266.5,-86.341,2750.762,1,1,1
53792535,52493,3,35.00,-35.00,35.12,-36.81,0.591,-0.581,-68534,68416,7.59,265.5,-89.329,2749.869,1,1,1
53802544,52503,3,35.00,-35.00,35.57,-36.31,0.590,-0.583,-68509,68392,7.59,265.2,-95.183,2748.918,1,1,1
53812552,52513,3,35.00,-35.00,36.33,-36.84,0.587,-0.581,-68483,68366,7.59,266.5,-98.902,2747.930,1,1,1
53822557,52523,3,35.00,-35.00,36.85,-37.22,0.585,-0.580,-68457,68340,7.60,262.2,-100.122,2746.929,1,1,1
53832569,52533,3,35.00,-35.00,37.22,-37.04,0.584,-0.581,-68431,68315,7.59,260.0,-97.683,2745.953,1,1,1
53842580,52543,3,35.00,-35.00,36.16,-36.03,0.586,-0.583,-68408,68292,7.60,261.2,-89.817,2745.056,1,1,1
53852580,52553,3,35.00,-35.00,35.42,-34.89,0.588,-0.587,-68385,68270,7.60,261.5,-80.244,2744.254,1,1,1
53862589,52563,3,35.00,-35.00,35.34,-34.97,0.588,-0.587,-68361,68246,7.59,264.8,-77.866,2743.477,1,1,1
53872595,52573,3,35.00,-35.00,36.17,-35.91,0.586,-0.585,-68335,68220,7.59,264.8,-83.232,2742.645,1,1,1
53882609,52583,3,35.00,-35.00,36.30,-36.12,0.584,-0.583,-68310,68195,7.60,264.8,-91.829,2741.728,1,1,1
53892622,52593,3,35.00,-35.00,36.40,-36.27,0.584,-0.583,-68285,68170,7.60,263.2,-98.171,2740.747,1,1,1
53902624,52603,3,35.00,-35.00,36.03,-36.38,0.585,-0.583,-68261,68145,7.60,263.0,-102.134,2739.726,1,1,1
53912637,52613,3,35.00,-35.00,37.08,-36.45,0.582,-0.583,-68234,68120,7.59,262.5,-104.756,2738.679,1,1,1
53922648,52623,3,35.00,-35.00,39.58,-36.94,0.574,-0.582,-68203,68094,7.59,262.2,-102.988,2737.650,1,1,1
53932648,52633,3,35.00,-35.00,38.69,-35.97,0.576,-0.585,-68178,68071,7.59,258.8,-98.171,2736.669,1,1,1
53942660,52643,3,35.00,-35.00,37.63,-35.28,0.579,-0.587,-68154,68048,7.59,260.8,-92.683,2735.743,1,1,1
53952668,52653,3,35.00,-35.00,34.69,-34.81,0.588,-0.588,-68135,68025,7.60,263.5,-83.902,2734.905,1,1,1
53962670,52663,3,35.00,-35.00,33.95,-34.03,0.591,-0.591,-68113,68003,7.59,266.0,-75.854,2734.147,1,1,1
53972683,52673,3,35.00,-35.00,34.31,-34.37,0.589,-0.590,-68089,67979,7.60,269.5,-73.293,2733.415,1,1,1
53982683,52683,3,35.00,-35.00,35.45,-35.92,0.587,-0.585,-68063,67952,7.59,269.0,-81.829,2732.598,1,1,1
53992691,52693,3,35.00,-35.00,35.36,-35.69,0.587,-0.586,-68039,67928,7.59,266.2,-93.293,2731.666,1,1,1
54002697,52703,3,35.00,-35.00,36.18,-35.53,0.583,-0.586,-68013,67904,7.60,268.0,-98.841,2730.678,1,1,1
54012698,52713,3,35.00,-35.00,36.75,-35.42,0.581,-0.586,-67987,67880,7.61,265.2,-100.305,2729.676,1,1,1
54022708,52723,3,35.00,-35.00,38.91,-35.34,0.574,-0.588,-67957,67856,7.60,264.0,-100.061,2728.676,1,1,1
54032721,52733,3,35.00,-35.00,39.98,-35.29,0.571,-0.589,-67928,67832,7.59,262.0,-97.439,2727.703,1,1,1
54042721,52743,3,35.00,-35.00,38.53,-34.81,0.575,-0.591,-67904,67809,7.59,259.5,-93.659,2726.767,1,1,1
54052724,52753,3,35.00,-35.00,35.76,-34.47,0.583,-0.591,-67884,67786,7.59,263.0,-88.963,2725.878,1,1,1
54062728,52763,3,35.00,-35.00,33.38,-34.24,0.592,-0.592,-67865,67763,7.59,265.8,-82.378,2725.055,1,1,1
54072731,52773,3,35.00,-35.00,33.48,-34.07,0.592,-0.593,-67842,67740,7.59,269.8,-76.098,2724.295,1,1,1
54082736,52783,3,35.00,-35.00,34.42,-34.40,0.590,-0.593,-67817,67716,7.58,271.2,-76.585,2723.530,1,1,1
54092744,52793,3,35.00,-35.00,35.52,-34.63,0.585,-0.591,-67791,67692,7.60,271.5,-84.268,2722.688,1,1,1
54102746,52803,3,35.00,-35.00,35.85,-34.35,0.583,-0.593,-67766,67669,7.60,268.5,-92.561,2721.763,1,1,1
54112751,52813,3,35.00,-35.00,36.08,-35.03,0.582,-0.590,-67741,67644,7.60,268.0,-99.268,2720.771,1,1,1
54122754,52823,3,35.00,-35.00,37.56,-35.07,0.578,-0.592,-67713,67620,7.59,266.5,-102.988,2719.742,1,1,1
54132758,52833,3,35.00,-35.00,37.28,-34.65,0.577,-0.592,-67688,67597,7.60,264.8,-101.341,2718.729,1,1,1
54142759,52843,3,35.00,-35.00,34.88,-35.24,0.585,-0.590,-67668,67572,7.60,265.0,-94.207,2717.788,1,1,1
54152773,52853,3,35.00,-35.00,34.97,-33.90,0.585,-0.595,-67644,67551,7.60,266.0,-85.915,2716.930,1,1,1
54162773,52863,3,35.00,-35.00,34.58,-33.40,0.586,-0.597,-67621,67529,7.60,269.5,-78.415,2716.146,1,1,1
54172774,52873,3,35.00,-35.00,35.19,-33.05,0.584,-0.600,-67596,67507,7.59,271.0,-76.402,2715.383,1,1,1
54182774,52883,3,35.00,-35.00,35.62,-33.24,0.582,-0.599,-67571,67484,7.59,271.2,-81.707,2714.567,1,1,1
54192784,52893,3,35.00,-35.00,35.92,-33.38,0.581,-0.600,-67546,67461,7.59,270.5,-88.476,2713.683,1,1,1
54202791,52903,3,35.00,-35.00,36.13,-33.03,0.579,-0.601,-67521,67439,7.60,270.5,-92.256,2712.761,1,1,1
54212791,52913,3,35.00,-35.00,35.84,-33.67,0.581,-0.600,-67497,67415,7.59,269.5,-93.598,2711.826,1,1,1
54222804,52923,3,35.00,-35.00,34.76,-34.55,0.584,-0.597,-67475,67390,7.59,269.5,-92.073,2710.906,1,1,1
54232804,52933,3,35.00,-35.00,34.44,-34.30,0.586,-0.598,-67452,67367,7.59,268.5,-88.598,2710.021,1,1,1
54242804,52943,3,35.00,-35.00,34.65,-33.67,0.585,-0.601,-67428,67345,7.59,271.2,-84.451,2709.177,1,1,1
54252804,52953,3,35.00,-35.00,34.80,-32.80,0.584,-0.604,-67404,67324,7.59,270.8,-82.500,2708.353,1,1,1
54262804,52963,3,35.00,-35.00,34.91,-33.07,0.584,-0.604,-67380,67301,7.59,272.0,-84.085,2707.513,1,1,1
54272806,52973,3,35.00,-35.00,34.98,-32.82,0.583,-0.606,-67356,67279,7.59,272.0,-86.890,2706.645,1,1,1
54282812,52983,3,35.00,-35.00,35.04,-33.08,0.582,-0.605,-67332,67256,7.60,273.2,-91.402,2705.731,1,1,1
54292822,52993,3,35.00,-35.00,35.07,-32.82,0.582,-0.607,-67308,67234,7.59,271.8,-94.390,2704.788,1,1,1
54302822,53003,3,35.00,-35.00,35.10,-33.08,0.583,-0.607,-67284,67211,7.58,271.8,-96.829,2703.821,1,1,1
54312822,53013,3,35.00,-35.00,35.55,-33.27,0.580,-0.607,-67259,67188,7.59,273.5,-99.146,2702.830,1,1,1
54322835,53023,3,35.00,-35.00,35.87,-33.83,0.579,-0.606,-67234,67164,7.59,271.8,-98.963,2701.841,1,1,1
54332848,53033,3,35.00,-35.00,33.90,-35.11,0.587,-0.602,-67214,67138,7.58,269.0,-95.854,2700.884,1,1,1
54342852,53043,3,35.00,-35.00,33.84,-34.24,0.586,-0.604,-67191,67116,7.59,270.2,-90.183,2699.982,1,1,1
54352864,53053,3,35.00,-35.00,33.79,-33.20,0.587,-0.608,-67168,67095,7.59,272.2,-84.085,2699.142,1,1,1
54362865,53063,3,35.00,-35.00,34.20,-33.35,0.586,-0.608,-67144,67072,7.59,275.8,-82.744,2698.316,1,1,1
54372873,53073,3,35.00,-35.00,34.93,-33.45,0.583,-0.609,-67119,67049,7.59,275.8,-86.890,2697.448,1,1,1
54382882,53083,3,35.00,-35.00,35.44,-33.52,0.581,-0.609,-67094,67026,7.59,272.5,-95.061,2696.498,1,1,1
54392888,53093,3,35.00,-35.00,35.79,-33.57,0.579,-0.609,-67069,67003,7.59,273.8,-99.695,2695.502,1,1,1
54402895,53103,3,35.00,-35.00,37.36,-34.05,0.573,-0.608,-67041,66979,7.60,272.8,-100.244,2694.500,1,1,1
54412897,53113,3,35.00,-35.00,36.26,-34.38,0.576,-0.607,-67018,66955,7.60,270.5,-98.720,2693.514,1,1,1
54422897,53123,3,35.00,-35.00,34.17,-35.93,0.584,-0.601,-66998,66928,7.60,270.5,-97.500,2692.540,1,1,1
54432898,53133,3,35.00,-35.00,34.03,-35.26,0.585,-0.603,-66975,66905,7.60,270.5,-95.061,2691.590,1,1,1
54442910,53143,3,35.00,-35.00,34.37,-34.79,0.584,-0.606,-66951,66882,7.59,271.8,-91.341,2690.677,1,1,1
54452913,53153,3,35.00,-35.00,34.60,-34.46,0.583,-0.607,-66927,66859,7.59,272.5,-89.268,2689.785,1,1,1
54462913,53163,3,35.00,-35.00,34.77,-34.67,0.583,-0.606,-66903,66835,7.59,272.0,-93.049,2688.856,1,1,1
54472921,53173,3,35.00,-35.00,34.88,-35.69,0.582,-0.602,-66879,66809,7.60,272.2,-97.805,2687.878,1,1,1
54482925,53183,3,35.00,-35.00,35.85,-35.53,0.580,-0.603,-66853,66785,7.59,271.0,-102.500,2686.854,1,1,1
54492925,53193,3,35.00,-35.00,36.52,-35.86,0.576,-0.602,-66827,66760,7.60,271.0,-105.915,2685.796,1,1,1
54502926,53203,3,35.00,-35.00,36.11,-36.09,0.578,-0.601,-66803,66735,7.60,266.2,-106.220,2684.735,1,1,1
54512936,53213,3,35.00,-35.00,35.38,-36.25,0.581,-0.600,-66780,66710,7.59,266.8,-103.841,2683.697,1,1,1
54522941,53223,3,35.00,-35.00,34.44,-36.36,0.584,-0.599,-66758,66685,7.59,267.0,-98.963,2682.708,1,1,1
54532949,53233,3,35.00,-35.00,34.65,-36.00,0.583,-0.599,-66734,66661,7.59,268.2,-92.622,2681.783,1,1,1
54542956,53243,3,35.00,-35.00,34.80,-36.19,0.582,-0.598,-66710,66636,7.60,268.0,-90.732,2680.876,1,1,1
54552964,53253,3,35.00,-35.00,34.91,-36.32,0.583,-0.598,-66686,66611,7.59,267.8,-95.183,2679.926,1,1,1
54562977,53263,3,35.00,-35.00,34.98,-36.85,0.583,-0.596,-66662,66585,7.59,269.0,-102.195,2678.904,1,1,1
54572988,53273,3,35.00,-35.00,35.47,-35.90,0.580,-0.598,-66637,66562,7.60,267.8,-107.500,2677.830,1,1,1
54582988,53283,3,35.00,-35.00,36.70,-35.68,0.577,-0.600,-66610,66538,7.59,267.0,-109.146,2676.740,1,1,1
54593001,53294,3,35.00,-35.00,35.80,-36.40,0.580,-0.596,-66587,66512,7.60,267.2,-108.110,2675.659,1,1,1
54603004,53304,3,35.00,-35.00,35.16,-36.91,0.582,-0.593,-66564,66486,7.60,265.0,-107.927,2674.581,1,1,1
54613009,53314,3,35.00,-35.00,34.28,-37.26,0.585,-0.591,-66542,66460,7.60,265.2,-95.366,2673.628,1,1,1
54623019,53324,3,35.00,-35.00,34.11,-36.19,0.586,-0.594,-66519,66437,7.60,266.2,-89.390,2672.735,1,1,1
54633032,53334,3,35.00,-35.00,34.86,-35.44,0.584,-0.597,-66494,66414,7.60,267.2,-89.390,2671.842,1,1,1
54643039,53344,3,35.00,-35.00,34.95,-36.23,0.584,-0.594,-66470,66388,7.59,268.2,-94.146,2670.901,1,1,1
54653053,53354,3,35.00,-35.00,35.01,-36.79,0.584,-0.592,-66446,66362,7.59,267.5,-100.244,2669.899,1,1,1
54663064,53364,3,35.00,-35.00,35.93,-36.74,0.580,-0.591,-66420,66337,7.60,266.2,-102.866,2668.872,1,1,1
54673064,53374,3,35.00,-35.00,36.14,-36.26,0.579,-0.592,-66395,66313,7.60,264.0,-101.951,2667.853,1,1,1
54683077,53384,3,35.00,-35.00,36.28,-36.37,0.580,-0.592,-66370,66288,7.59,264.8,-101.646,2666.837,1,1,1
54693092,53394,3,35.00,-35.00,36.82,-36.01,0.577,-0.593,-66344,66264,7.60,264.8,-102.683,2665.811,1,1,1
54703092,53404,3,35.00,-35.00,35.45,-36.63,0.582,-0.590,-66322,66238,7.60,263.2,-104.512,2664.767,1,1,1
54713100,53414,3,35.00,-35.00,34.48,-36.19,0.585,-0.590,-66300,66214,7.60,263.8,-100.732,2663.760,1,1,1
54723116,53424,3,35.00,-35.00,34.24,-35.44,0.587,-0.593,-66277,66191,7.59,265.5,-92.744,2662.833,1,1,1
54733117,53434,3,35.00,-35.00,34.52,-34.91,0.586,-0.596,-66253,66168,7.58,267.0,-92.073,2661.914,1,1,1
54743128,53444,3,35.00,-35.00,34.71,-35.43,0.585,-0.592,-66229,66143,7.60,269.2,-99.390,2660.920,1,1,1
54753141,53454,3,35.00,-35.00,35.28,-35.79,0.583,-0.591,-66204,66118,7.60,267.8,-106.037,2659.861,1,1,1
54763147,53464,3,35.00,-35.00,36.12,-35.60,0.581,-0.593,-66178,66094,7.59,265.0,-107.439,2658.787,1,1,1
54773156,53474,3,35.00,-35.00,36.71,-35.02,0.579,-0.595,-66152,66071,7.59,265.5,-106.524,2657.723,1,1,1
54783158,53484,3,35.00,-35.00,36.68,-35.06,0.578,-0.595,-66127,66047,7.59,265.5,-106.829,2656.656,1,1,1
54793169,53494,3,35.00,-35.00,34.91,-35.53,0.584,-0.592,-66106,66022,7.59,264.8,-105.732,2655.599,1,1,1
54803171,53504,3,35.00,-35.00,34.10,-35.86,0.587,-0.591,-66084,65997,7.59,266.0,-102.195,2654.578,1,1,1
54813180,53514,3,35.00,-35.00,33.98,-34.77,0.587,-0.594,-66061,65975,7.60,266.8,-99.756,2653.581,1,1,1
54823185,53524,3,35.00,-35.00,34.77,-34.45,0.584,-0.595,-66036,65952,7.60,268.5,-97.256,2652.609,1,1,1
54833199,53534,3,35.00,-35.00,35.33,-33.78,0.583,-0.599,-66011,65930,7.59,267.2,-98.354,2651.627,1,1,1
54843207,53544,3,35.00,-35.00,35.72,-34.19,0.581,-0.598,-65986,65906,7.59,270.0,-102.683,2650.601,1,1,1
54853207,53554,3,35.00,-35.00,36.43,-34.04,0.579,-0.599,-65960,65883,7.59,267.2,-105.610,2649.545,1,1,1
54863219,53564,3,35.00,-35.00,36.48,-34.38,0.578,-0.598,-65935,65859,7.59,268.2,-105.854,2648.488,1,1,1
54873219,53574,3,35.00,-35.00,36.53,-34.17,0.578,-0.599,-65910,65836,7.59,267.2,-106.098,2647.428,1,1,1
54883230,53584,3,35.00,-35.00,35.24,-34.47,0.581,-0.598,-65888,65812,7.60,266.8,-106.341,2646.365,1,1,1
54893232,53594,3,35.00,-35.00,33.89,-34.67,0.586,-0.597,-65867,65788,7.60,266.8,-103.171,2645.334,1,1,1
54903238,53604,3,35.00,-35.00,33.83,-33.94,0.587,-0.599,-65844,65766,7.60,270.2,-99.207,2644.343,1,1,1
54913238,53614,3,35.00,-35.00,34.67,-33.43,0.584,-0.602,-65819,65744,7.59,273.2,-95.488,2643.389,1,1,1
54923249,53624,3,35.00,-35.00,35.25,-33.07,0.582,-0.604,-65794,65722,7.59,271.5,-95.366,2642.436,1,1,1
54933256,53634,3,35.00,-35.00,35.23,-33.25,0.581,-0.604,-65770,65699,7.60,271.2,-96.829,2641.469,1,1,1
54943268,53644,3,35.00,-35.00,34.33,-33.82,0.584,-0.602,-65748,65675,7.60,272.2,-100.061,2640.469,1,1,1
54953279,53654,3,35.00,-35.00,34.14,-33.35,0.586,-0.605,-65725,65653,7.59,272.8,-103.293,2639.437,1,1,1
54963279,53664,3,35.00,-35.00,34.44,-34.33,0.585,-0.602,-65701,65628,7.59,274.2,-106.463,2638.373,1,1,1
54973279,53674,3,35.00,-35.00,34.22,-34.14,0.585,-0.601,-65678,65605,7.61,272.2,-108.598,2637.288,1,1,1
54983286,53684,3,35.00,-35.00,34.06,-34.00,0.586,-0.602,-65655,65582,7.60,271.8,-108.963,2636.199,1,1,1
54993298,53694,3,35.00,-35.00,33.51,-33.91,0.589,-0.604,-65633,65559,7.59,271.5,-107.683,2635.123,1,1,1
55003306,53704,3,35.00,-35.00,33.12,-33.40,0.590,-0.605,-65611,65537,7.59,274.2,-103.659,2634.087,1,1,1
55013307,53714,3,35.00,-35.00,33.29,-33.05,0.590,-0.607,-65588,65515,7.59,276.0,-97.805,2633.110,1,1,1
55023314,53724,3,35.00,-35.00,33.85,-32.80,0.588,-0.609,-65564,65493,7.59,276.5,-95.915,2632.151,1,1,1
55033314,53734,3,35.00,-35.00,33.80,-33.51,0.590,-0.607,-65541,65469,7.58,277.0,-98.902,2631.163,1,1,1
55043316,53744,3,35.00,-35.00,33.77,-33.56,0.589,-0.606,-65518,65446,7.60,277.0,-104.451,2630.119,1,1,1
55053323,53754,3,35.00,-35.00,34.63,-33.60,0.587,-0.608,-65493,65423,7.59,276.0,-108.659,2629.034,1,1,1
55063331,53764,3,35.00,-35.00,34.78,-34.07,0.586,-0.606,-65469,65399,7.59,277.2,-111.402,2627.920,1,1,1
55073344,53774,3,35.00,-35.00,35.78,-34.39,0.582,-0.606,-65443,65375,7.59,275.8,-114.207,2626.779,1,1,1
55083347,53784,3,35.00,-35.00,37.35,-35.06,0.577,-0.605,-65415,65350,7.58,271.2,-115.854,2625.621,1,1,1
55093355,53794,3,35.00,-35.00,35.81,-34.65,0.582,-0.606,-65393,65327,7.58,269.5,-110.732,2624.515,1,1,1
55103362,53804,3,35.00,-35.00,33.42,-35.68,0.590,-0.601,-65374,65301,7.59,272.0,-102.866,2623.487,1,1,1
55113362,53814,3,35.00,-35.00,33.50,-34.21,0.591,-0.607,-65351,65280,7.58,272.8,-94.451,2622.543,1,1,1
55123370,53824,3,35.00,-35.00,33.56,-33.61,0.590,-0.609,-65328,65258,7.59,275.2,-90.427,2621.640,1,1,1
55133370,53834,3,35.00,-35.00,34.04,-34.51,0.588,-0.605,-65304,65233,7.60,276.2,-91.951,2620.721,1,1,1
55143377,53844,3,35.00,-35.00,35.25,-33.83,0.584,-0.608,-65278,65211,7.59,274.8,-97.439,2619.748,1,1,1
55153389,53854,3,35.00,-35.00,36.54,-34.67,0.581,-0.607,-65251,65186,7.58,274.2,-103.049,2618.718,1,1,1
55163392,53864,3,35.00,-35.00,36.13,-35.69,0.582,-0.603,-65227,65160,7.59,270.8,-104.573,2617.673,1,1,1
55173405,53874,3,35.00,-35.00,34.96,-35.97,0.585,-0.601,-65205,65135,7.59,270.8,-103.171,2616.642,1,1,1
55183407,53884,3,35.00,-35.00,33.70,-36.17,0.590,-0.600,-65184,65110,7.59,270.0,-100.610,2615.636,1,1,1
55193413,53894,3,35.00,-35.00,33.26,-36.30,0.592,-0.598,-65162,65085,7.60,271.0,-96.280,2614.675,1,1,1
55203413,53904,3,35.00,-35.00,34.27,-35.52,0.588,-0.600,-65137,65062,7.60,272.0,-91.707,2613.758,1,1,1
55213422,53914,3,35.00,-35.00,34.09,-35.41,0.589,-0.600,-65114,65038,7.60,271.0,-93.110,2612.828,1,1,1
55223429,53924,3,35.00,-35.00,34.41,-35.77,0.589,-0.600,-65090,65013,7.59,272.5,-98.354,2611.845,1,1,1
55233438,53934,3,35.00,-35.00,35.07,-36.03,0.587,-0.599,-65065,64988,7.59,270.5,-104.512,2610.801,1,1,1
55243450,53944,3,35.00,-35.00,35.98,-36.21,0.584,-0.598,-65039,64963,7.60,269.2,-107.012,2609.732,1,1,1
55253450,53954,3,35.00,-35.00,36.61,-36.77,0.582,-0.596,-65013,64937,7.59,268.5,-105.793,2608.675,1,1,1
55263453,53964,3,35.00,-35.00,34.86,-37.16,0.588,-0.593,-64992,64911,7.60,265.2,-103.171,2607.644,1,1,1
55273459,53974,3,35.00,-35.00,33.19,-37.00,0.594,-0.593,-64972,64886,7.59,267.0,-99.634,2606.648,1,1,1
55283469,53984,3,35.00,-35.00,32.90,-36.89,0.596,-0.592,-64950,64861,7.59,268.5,-93.780,2605.711,1,1,1
55293474,53994,3,35.00,-35.00,33.58,-35.93,0.594,-0.595,-64926,64838,7.59,270.0,-85.854,2604.853,1,1,1
55303474,54004,3,35.00,-35.00,34.05,-36.14,0.593,-0.594,-64902,64813,7.59,270.2,-86.829,2603.986,1,1,1
55313481,54014,3,35.00,-35.00,33.94,-36.28,0.594,-0.593,-64879,64788,7.59,270.0,-93.598,2603.051,1,1,1
55323489,54024,3,35.00,-35.00,34.31,-35.94,0.593,-0.593,-64855,64764,7.59,271.2,-100.610,2602.045,1,1,1
55333498,54034,3,35.00,-35.00,35.88,-36.59,0.589,-0.592,-64828,64738,7.58,271.0,-104.024,2601.006,1,1,1
55343503,54044,3,35.00,-35.00,36.98,-36.60,0.584,-0.592,-64801,64713,7.58,266.0,-102.683,2599.980,1,1,1
55353507,54054,3,35.00,-35.00,35.55,-37.04,0.588,-0.588,-64779,64687,7.60,265.0,-100.183,2598.979,1,1,1
55363511,54064,3,35.00,-35.00,34.12,-37.36,0.594,-0.586,-64758,64661,7.59,263.8,-96.463,2598.015,1,1,1
55373522,54074,3,35.00,-35.00,33.55,-37.14,0.596,-0.586,-64736,64636,7.59,267.8,-90.244,2597.113,1,1,1
55383529,54084,3,35.00,-35.00,33.59,-36.54,0.597,-0.588,-64713,64612,7.59,267.8,-85.305,2596.261,1,1,1
55393535,54094,3,35.00,-35.00,34.50,-36.57,0.594,-0.587,-64688,64587,7.59,269.0,-86.220,2595.400,1,1,1
55403541,54104,3,35.00,-35.00,34.70,-36.58,0.593,-0.586,-64664,64562,7.60,267.5,-92.195,2594.479,1,1,1
55413550,54114,3,35.00,-35.00,34.40,-36.15,0.595,-0.588,-64641,64538,7.59,268.5,-99.085,2593.489,1,1,1
55423557,54124,3,35.00,-35.00,34.62,-36.73,0.595,-0.585,-64617,64512,7.59,269.2,-102.988,2592.459,1,1,1
55433571,54134,3,35.00,-35.00,35.66,-37.14,0.591,-0.583,-64591,64486,7.59,268.5,-103.720,2591.423,1,1,1
55443583,54144,3,35.00,-35.00,37.27,-36.98,0.585,-0.583,-64563,64461,7.59,265.5,-102.439,2590.399,1,1,1
55453589,54154,3,35.00,-35.00,38.39,-36.44,0.580,-0.585,-64535,64437,7.60,262.8,-98.476,2589.416,1,1,1
55463606,54164,3,35.00,-35.00,36.10,-36.05,0.587,-0.585,-64514,64413,7.61,259.5,-90.488,2588.511,1,1,1
55473609,54174,3,35.00,-35.00,34.06,-36.66,0.595,-0.583,-64494,64387,7.59,263.0,-83.963,2587.673,1,1,1
55483622,54184,3,35.00,-35.00,34.39,-36.65,0.594,-0.583,-64470,64362,7.60,268.0,-82.500,2586.848,1,1,1
55493633,54194,3,35.00,-35.00,35.06,-37.08,0.592,-0.581,-64445,64336,7.60,266.8,-85.122,2585.998,1,1,1
55503645,54204,3,35.00,-35.00,35.97,-36.94,0.589,-0.582,-64419,64311,7.59,265.8,-91.768,2585.081,1,1,1
55513648,54214,3,35.00,-35.00,35.72,-36.41,0.591,-0.585,-64395,64287,7.58,264.8,-95.183,2584.130,1,1,1
55523655,54224,3,35.00,-35.00,36.43,-36.91,0.588,-0.583,-64369,64261,7.59,267.2,-96.646,2583.165,1,1,1
55533659,54234,3,35.00,-35.00,36.49,-37.26,0.587,-0.581,-64344,64235,7.59,264.5,-96.280,2582.203,1,1,1
55543670,54244,3,35.00,-35.00,36.09,-36.63,0.588,-0.583,-64320,64211,7.59,261.0,-92.378,2581.280,1,1,1
55553676,54254,3,35.00,-35.00,35.37,-35.75,0.590,-0.586,-64297,64188,7.59,263.8,-83.537,2580.445,1,1,1
55563682,54264,3,35.00,-35.00,35.31,-35.13,0.590,-0.587,-64273,64165,7.60,266.2,-77.805,2579.668,1,1,1
55573685,54274,3,35.00,-35.00,35.70,-35.58,0.589,-0.587,-64248,64140,7.59,267.0,-80.183,2578.867,1,1,1
55583685,54284,3,35.00,-35.00,35.98,-35.89,0.587,-0.585,-64223,64115,7.59,266.2,-87.683,2577.991,1,1,1
55593691,54294,3,35.00,-35.00,35.73,-36.11,0.588,-0.584,-64199,64090,7.60,265.0,-95.305,2577.039,1,1,1
55603700,54304,3,35.00,-35.00,35.56,-36.26,0.589,-0.584,-64175,64065,7.59,266.0,-99.512,2576.044,1,1,1
55613712,54314,3,35.00,-35.00,36.32,-36.81,0.586,-0.582,-64149,64039,7.60,266.0,-101.402,2575.031,1,1,1
55623715,54324,3,35.00,-35.00,37.29,-36.31,0.582,-0.584,-64122,64015,7.60,263.2,-101.098,2574.021,1,1,1
55633721,54334,3,35.00,-35.00,37.53,-36.41,0.580,-0.584,-64096,63990,7.60,261.5,-97.500,2573.047,1,1,1
55643721,54344,3,35.00,-35.00,35.94,-36.47,0.586,-0.583,-64074,63965,7.59,261.5,-92.012,2572.127,1,1,1
55653721,54354,3,35.00,-35.00,34.82,-35.64,0.589,-0.586,-64052,63942,7.59,262.5,-84.390,2571.284,1,1,1
55663728,54364,3,35.00,-35.00,34.48,-35.05,0.589,-0.587,-64029,63919,7.61,265.2,-75.976,2570.525,1,1,1
55673728,54374,3,35.00,-35.00,35.13,-34.64,0.589,-0.590,-64004,63896,7.58,265.8,-71.037,2569.816,1,1,1
55683728,54384,3,35.00,-35.00,35.57,-35.24,0.587,-0.588,-63979,63871,7.59,269.0,-75.366,2569.063,1,1,1
55693728,54394,3,35.00,-35.00,35.89,-35.65,0.586,-0.586,-63954,63846,7.59,267.0,-83.963,2568.224,1,1,1
55703728,54404,3,35.00,-35.00,36.11,-35.50,0.584,-0.587,-63929,63822,7.59,266.0,-90.427,2567.321,1,1,1
55713736,54414,3,35.00,-35.00,36.70,-35.40,0.582,-0.587,-63903,63798,7.59,265.5,-94.024,2566.381,1,1,1
55723744,54424,3,35.00,-35.00,37.56,-35.33,0.578,-0.587,-63876,63774,7.60,265.2,-94.695,2565.435,1,1,1
55733754,54434,3,35.00,-35.00,37.28,-35.71,0.579,-0.587,-63851,63749,7.59,263.2,-92.073,2564.515,1,1,1
55743754,54444,3,35.00,-35.00,35.32,-35.55,0.586,-0.587,-63830,63725,7.59,262.5,-88.537,2563.631,1,1,1
55753761,54454,3,35.00,-35.00,34.39,-34.99,0.589,-0.588,-63808,63702,7.60,266.8,-82.134,2562.810,1,1,1
55763773,54464,3,35.00,-35.00,34.62,-34.60,0.588,-0.590,-63784,63679,7.60,266.8,-75.793,2562.053,1,1,1
55773776,54474,3,35.00,-35.00,35.22,-34.33,0.586,-0.591,-63759,63656,7.59,268.0,-73.049,2561.323,1,1,1
55783788,54484,3,35.00,-35.00,34.76,-34.58,0.588,-0.591,-63736,63632,7.59,267.5,-77.683,2560.547,1,1,1
55793800,54494,3,35.00,-35.00,35.76,-34.31,0.584,-0.592,-63710,63609,7.59,270.2,-86.220,2559.686,1,1,1
55803812,54504,3,35.00,-35.00,35.58,-34.13,0.584,-0.593,-63686,63586,7.59,268.2,-92.683,2558.760,1,1,1
55813812,54514,3,35.00,-35.00,35.89,-34.87,0.584,-0.591,-63661,63561,7.59,268.5,-97.622,2557.784,1,1,1
55823822,54524,3,35.00,-35.00,36.99,-34.96,0.579,-0.590,-63634,63537,7.60,266.5,-100.610,2556.779,1,1,1
55833822,54534,3,35.00,-35.00,37.32,-35.46,0.579,-0.590,-63608,63512,7.59,265.0,-100.183,2555.778,1,1,1
55843830,54544,3,35.00,-35.00,35.79,-35.81,0.584,-0.588,-63586,63487,7.59,265.5,-95.488,2554.824,1,1,1
55853834,54554,3,35.00,-35.00,33.40,-35.17,0.592,-0.589,-63567,63464,7.59,263.5,-87.683,2553.948,1,1,1
55863835,54564,3,35.00,-35.00,33.49,-32.97,0.590,-0.596,-63544,63445,7.61,268.2,-79.451,2553.154,1,1,1
55873842,54574,3,35.00,-35.00,33.99,-32.31,0.589,-0.600,-63520,63424,7.59,272.5,-72.866,2552.427,1,1,1
55883849,54584,3,35.00,-35.00,34.78,-28.77,0.585,-0.613,-63495,63410,7.60,273.2,-74.207,2551.685,1,1,1
55893860,54594,3,35.00,-35.00,34.89,-34.64,0.587,-0.595,-63471,63377,7.59,278.8,-81.280,2550.873,1,1,1
55903865,54604,3,35.00,-35.00,35.41,-33.92,0.585,-0.598,-63446,63355,7.59,270.8,-87.866,2549.995,1,1,1
55913873,54614,3,35.00,-35.00,35.33,-33.85,0.585,-0.598,-63422,63332,7.59,271.5,-90.793,2549.088,1,1,1
55923880,54624,3,35.00,-35.00,34.84,-34.24,0.586,-0.596,-63399,63308,7.60,270.2,-90.793,2548.181,1,1,1
55933888,54634,3,35.00,-35.00,34.06,-34.52,0.589,-0.596,-63377,63284,7.59,270.5,-89.390,2547.288,1,1,1
55943891,54644,3,35.00,-35.00,33.95,-34.27,0.590,-0.598,-63354,63261,7.59,271.8,-87.073,2546.418,1,1,1
55953897,54654,3,35.00,-35.00,33.87,-33.22,0.590,-0.601,-63331,63240,7.59,273.2,-83.841,2545.580,1,1,1
55963902,54664,3,35.00,-35.00,34.26,-32.92,0.588,-0.602,-63307,63218,7.59,274.2,-78.963,2544.792,1,1,1
55973913,54674,3,35.00,-35.00,34.09,-32.71,0.589,-0.604,-63284,63196,7.59,274.2,-82.622,2543.966,1,1,1
55983926,54684,3,35.00,-35.00,33.97,-32.57,0.590,-0.605,-63261,63174,7.59,276.2,-90.610,2543.061,1,1,1
55993926,54694,3,35.00,-35.00,33.89,-32.90,0.590,-0.605,-63238,63151,7.59,277.5,-93.780,2542.124,1,1,1
56003926,54704,3,35.00,-35.00,34.27,-32.70,0.589,-0.606,-63214,63129,7.59,277.0,-97.500,2541.150,1,1,1
56013933,54714,3,35.00,-35.00,34.53,-33.00,0.589,-0.607,-63190,63106,7.58,277.2,-99.634,2540.154,1,1,1
56023943,54724,3,35.00,-35.00,35.60,-33.65,0.585,-0.605,-63164,63082,7.59,276.8,-99.817,2539.157,1,1,1
56033949,54734,3,35.00,-35.00,35.47,-34.10,0.584,-0.603,-63140,63058,7.60,273.8,-98.476,2538.173,1,1,1
56043956,54744,3,35.00,-35.00,34.05,-34.42,0.590,-0.602,-63119,63034,7.59,271.5,-95.122,2537.222,1,1,1
56053964,54754,3,35.00,-35.00,33.07,-33.76,0.594,-0.605,-63098,63012,7.59,274.5,-89.268,2536.331,1,1,1
56063973,54764,3,35.00,-35.00,32.81,-32.86,0.594,-0.608,-63076,62991,7.59,277.5,-81.890,2535.512,1,1,1
56073986,54774,3,35.00,-35.00,33.52,-33.99,0.594,-0.606,-63052,62966,7.58,280.0,-79.512,2534.718,1,1,1
56083994,54784,3,35.00,-35.00,34.01,-33.46,0.592,-0.607,-63028,62944,7.59,277.5,-87.439,2533.844,1,1,1
56094004,54795,3,35.00,-35.00,34.35,-33.97,0.590,-0.606,-63004,62920,7.59,277.5,-96.707,2532.878,1,1,1
56104004,54805,3,35.00,-35.00,35.47,-33.89,0.586,-0.606,-62978,62897,7.59,277.2,-101.098,2531.868,1,1,1
56114016,54815,3,35.00,-35.00,37.14,-34.27,0.580,-0.606,-62950,62873,7.59,274.5,-102.378,2530.845,1,1,1
56124017,54825,3,35.00,-35.00,37.42,-34.53,0.578,-0.605,-62924,62849,7.60,269.5,-99.634,2529.849,1,1,1
56134024,54835,3,35.00,-35.00,35.42,-35.16,0.584,-0.602,-62903,62824,7.60,269.8,-96.707,2528.883,1,1,1
56144034,54845,3,35.00,-35.00,33.15,-35.16,0.593,-0.602,-62884,62800,7.60,270.8,-91.220,2527.972,1,1,1
56154034,54855,3,35.00,-35.00,33.31,-35.16,0.593,-0.602,-62861,62776,7.60,273.8,-85.427,2527.118,1,1,1
56164034,54865,3,35.00,-35.00,33.42,-34.72,0.593,-0.604,-62838,62753,7.59,273.5,-87.988,2526.239,1,1,1
56174047,54875,3,35.00,-35.00,33.94,-35.73,0.593,-0.600,-62814,62727,7.59,275.0,-96.037,2525.280,1,1,1
56184049,54885,3,35.00,-35.00,34.31,-35.56,0.592,-0.601,-62790,62703,7.59,274.2,-101.280,2524.268,1,1,1
56194062,54895,3,35.00,-35.00,35.00,-35.88,0.589,-0.599,-62765,62678,7.60,273.5,-103.171,2523.237,1,1,1
56204076,54905,3,35.00,-35.00,35.93,-36.10,0.586,-0.599,-62739,62653,7.59,270.5,-104.512,2522.192,1,1,1
56214079,54915,3,35.00,-35.00,36.14,-36.26,0.585,-0.597,-62714,62628,7.60,269.5,-104.329,2521.150,1,1,1
56224079,54925,3,35.00,-35.00,35.40,-36.37,0.588,-0.597,-62691,62603,7.59,266.8,-102.622,2520.124,1,1,1
56234079,54935,3,35.00,-35.00,34.45,-36.44,0.592,-0.596,-62669,62578,7.58,267.5,-97.195,2519.153,1,1,1
56244092,54945,3,35.00,-35.00,34.66,-36.06,0.591,-0.597,-62645,62554,7.58,270.8,-93.780,2518.216,1,1,1
56254104,54955,3,35.00,-35.00,35.25,-36.67,0.588,-0.594,-62620,62528,7.60,271.2,-94.024,2517.277,1,1,1
56264110,54965,3,35.00,-35.00,35.22,-37.09,0.590,-0.593,-62596,62502,7.58,269.0,-99.634,2516.281,1,1,1
56274113,54975,3,35.00,-35.00,35.20,-36.51,0.590,-0.594,-62572,62478,7.59,267.2,-104.390,2515.238,1,1,1
56284113,54985,3,35.00,-35.00,35.19,-35.67,0.588,-0.595,-62548,62455,7.61,268.2,-105.488,2514.184,1,1,1
56294116,54995,3,35.00,-35.00,36.06,-35.95,0.586,-0.595,-62522,62430,7.60,269.0,-106.098,2513.124,1,1,1
56304117,55005,3,35.00,-35.00,35.35,-36.59,0.588,-0.592,-62499,62404,7.60,267.8,-108.049,2512.044,1,1,1
56314131,55015,3,35.00,-35.00,35.73,-37.04,0.587,-0.590,-62474,62378,7.59,267.2,-106.402,2510.981,1,1,1
56324134,55025,3,35.00,-35.00,35.12,-37.79,0.589,-0.586,-62451,62351,7.60,264.5,-98.232,2510.000,1,1,1
56334147,55035,3,35.00,-35.00,34.69,-36.12,0.591,-0.592,-62428,62329,7.59,264.5,-92.866,2509.072,1,1,1
56344156,55045,3,35.00,-35.00,35.27,-35.83,0.589,-0.592,-62403,62305,7.60,268.2,-92.622,2508.146,1,1,1
56354165,55055,3,35.00,-35.00,35.67,-36.51,0.588,-0.590,-62378,62279,7.59,267.0,-95.793,2507.189,1,1,1
56364177,55065,3,35.00,-35.00,35.52,-36.54,0.589,-0.590,-62354,62254,7.59,266.2,-101.341,2506.177,1,1,1
56374185,55075,3,35.00,-35.00,35.85,-36.57,0.587,-0.589,-62329,62229,7.59,267.8,-105.732,2505.120,1,1,1
56384193,55085,3,35.00,-35.00,36.08,-36.58,0.586,-0.588,-62304,62204,7.59,265.8,-106.524,2504.056,1,1,1
56394201,55095,3,35.00,-35.00,36.24,-36.15,0.585,-0.589,-62279,62180,7.60,265.0,-106.768,2502.989,1,1,1
56404201,55105,3,35.00,-35.00,36.80,-36.29,0.583,-0.589,-62253,62155,7.59,266.2,-107.988,2501.910,1,1,1
56414210,55115,3,35.00,-35.00,36.30,-36.83,0.584,-0.586,-62229,62129,7.60,264.8,-108.780,2500.823,1,1,1
56424219,55125,3,35.00,-35.00,34.64,-35.89,0.589,-0.588,-62208,62106,7.60,262.2,-101.646,2499.807,1,1,1
56434226,55135,3,35.00,-35.00,35.24,-35.23,0.587,-0.591,-62183,62083,7.60,264.2,-91.890,2498.889,1,1,1
56444232,55145,3,35.00,-35.00,35.21,-35.21,0.588,-0.591,-62159,62059,7.59,267.0,-91.707,2497.973,1,1,1
56454234,55155,3,35.00,-35.00,35.19,-35.63,0.588,-0.589,-62135,62034,7.59,267.8,-98.780,2496.986,1,1,1
56464247,55165,3,35.00,-35.00,35.62,-35.49,0.587,-0.591,-62110,62010,7.58,266.0,-105.976,2495.927,1,1,1
56474247,55175,3,35.00,-35.00,36.36,-34.95,0.583,-0.592,-62084,61987,7.59,266.0,-108.049,2494.847,1,1,1
56484256,55185,3,35.00,-35.00,36.88,-35.01,0.581,-0.592,-62058,61963,7.59,266.8,-108.659,2493.762,1,1,1
56494256,55195,3,35.00,-35.00,37.24,-35.49,0.579,-0.591,-62032,61938,7.59,265.0,-110.183,2492.661,1,1,1
56504256,55205,3,35.00,-35.00,35.74,-35.83,0.584,-0.589,-62010,61913,7.59,261.5,-109.268,2491.569,1,1,1
56514269,55215,3,35.00,-35.00,34.68,-36.07,0.587,-0.588,-61988,61888,7.59,263.8,-105.488,2490.515,1,1,1
56524271,55225,3,35.00,-35.00,34.83,-35.80,0.587,-0.589,-61964,61864,7.59,264.5,-101.768,2489.498,1,1,1
56534283,55235,3,35.00,-35.00,34.92,-34.29,0.586,-0.593,-61940,61843,7.60,265.2,-97.744,2488.521,1,1,1
56544291,55245,3,35.00,-35.00,35.43,-33.23,0.584,-0.598,-61915,61822,7.59,266.8,-98.841,2487.534,1,1,1
56554294,55255,3,35.00,-35.00,35.79,-33.81,0.583,-0.596,-61890,61798,7.59,267.8,-101.220,2486.522,1,1,1
56564299,55265,3,35.00,-35.00,36.48,-33.77,0.579,-0.596,-61864,61775,7.60,267.2,-103.598,2485.487,1,1,1
56574301,55275,3,35.00,-35.00,36.96,-34.19,0.578,-0.596,-61838,61751,7.59,265.8,-104.939,2484.439,1,1,1
56584301,55285,3,35.00,-35.00,36.42,-34.48,0.580,-0.595,-61814,61727,7.59,264.5,-106.890,2483.371,1,1,1
56594313,55295,3,35.00,-35.00,35.60,-34.68,0.582,-0.595,-61791,61703,7.59,265.2,-106.951,2482.302,1,1,1
56604313,55305,3,35.00,-35.00,34.15,-34.38,0.587,-0.595,-61770,61680,7.59,266.8,-103.293,2481.270,1,1,1
56614316,55315,3,35.00,-35.00,34.45,-34.18,0.586,-0.597,-61746,61657,7.59,269.5,-99.085,2480.280,1,1,1
56624329,55325,3,35.00,-35.00,35.98,-33.15,0.581,-0.601,-61719,61636,7.59,268.2,-95.976,2479.321,1,1,1
56634329,55335,3,35.00,-35.00,35.73,-33.75,0.582,-0.600,-61695,61612,7.59,268.0,-97.256,2478.349,1,1,1
56644331,55345,3,35.00,-35.00,35.56,-33.73,0.582,-0.600,-61671,61589,7.59,268.8,-98.476,2477.365,1,1,1
56654331,55355,3,35.00,-35.00,34.56,-33.72,0.586,-0.601,-61649,61566,7.58,270.0,-99.634,2476.370,1,1,1
56664331,55365,3,35.00,-35.00,34.30,-33.71,0.586,-0.600,-61626,61543,7.60,272.8,-101.159,2475.359,1,1,1
56674338,55375,3,35.00,-35.00,34.56,-34.59,0.585,-0.598,-61602,61518,7.59,272.5,-104.146,2474.318,1,1,1
56684340,55385,3,35.00,-35.00,34.30,-34.32,0.586,-0.599,-61579,61495,7.60,271.2,-107.378,2473.245,1,1,1
56694344,55395,3,35.00,-35.00,34.12,-34.13,0.588,-0.601,-61556,61472,7.58,272.5,-107.927,2472.167,1,1,1
56704353,55405,3,35.00,-35.00,33.55,-33.56,0.589,-0.602,-61534,61450,7.59,273.0,-107.195,2471.096,1,1,1
56714362,55415,3,35.00,-35.00,33.59,-33.60,0.589,-0.602,-61511,61427,7.59,273.5,-102.500,2470.072,1,1,1
56724362,55425,3,35.00,-35.00,33.62,-33.19,0.589,-0.604,-61488,61405,7.59,273.8,-97.500,2469.097,1,1,1
56734375,55435,3,35.00,-35.00,33.64,-33.34,0.591,-0.605,-61465,61382,7.57,275.5,-97.622,2468.122,1,1,1
56744377,55445,3,35.00,-35.00,33.66,-33.88,0.590,-0.602,-61442,61358,7.59,276.0,-102.500,2467.098,1,1,1
56754390,55455,3,35.00,-35.00,34.11,-33.39,0.589,-0.605,-61418,61336,7.59,274.0,-108.171,2466.017,1,1,1
56764390,55465,3,35.00,-35.00,34.86,-33.92,0.587,-0.604,-61393,61312,7.59,275.0,-111.707,2464.901,1,1,1
56774397,55475,3,35.00,-35.00,35.39,-34.29,0.584,-0.602,-61368,61288,7.59,273.5,-114.146,2463.760,1,1,1
56784398,55485,3,35.00,-35.00,36.64,-34.99,0.580,-0.600,-61341,61263,7.60,271.5,-116.524,2462.596,1,1,1
56794401,55495,3,35.00,-35.00,37.51,-35.04,0.576,-0.601,-61314,61239,7.59,268.8,-116.341,2461.433,1,1,1
56804401,55505,3,35.00,-35.00,35.49,-35.07,0.583,-0.600,-61293,61215,7.59,266.2,-110.000,2460.334,1,1,1
56814405,55515,3,35.00,-35.00,33.63,-34.66,0.589,-0.601,-61273,61192,7.59,268.0,-100.061,2459.334,1,1,1
56824412,55525,3,35.00,-35.00,33.65,-33.49,0.589,-0.605,-61250,61171,7.59,270.2,-92.683,2458.408,1,1,1
56834420,55535,3,35.00,-35.00,34.10,-33.99,0.589,-0.605,-61226,61147,7.59,273.5,-89.451,2457.514,1,1,1
56844431,55545,3,35.00,-35.00,33.98,-33.90,0.589,-0.605,-61203,61124,7.59,272.5,-91.951,2456.596,1,1,1
56854438,55555,3,35.00,-35.00,35.65,-34.72,0.584,-0.604,-61176,61099,7.58,273.2,-98.354,2455.613,1,1,1
56864444,55565,3,35.00,-35.00,36.82,-35.73,0.579,-0.600,-61149,61073,7.59,270.2,-103.415,2454.580,1,1,1
56874444,55575,3,35.00,-35.00,36.32,-35.56,0.580,-0.600,-61125,61049,7.59,266.8,-105.244,2453.528,1,1,1
56884450,55585,3,35.00,-35.00,34.65,-36.32,0.586,-0.597,-61104,61023,7.59,268.0,-102.256,2452.506,1,1,1
56894453,55595,3,35.00,-35.00,33.49,-36.41,0.591,-0.596,-61083,60998,7.59,268.0,-99.512,2451.512,1,1,1
56904459,55605,3,35.00,-35.00,33.55,-36.03,0.591,-0.596,-61060,60974,7.59,269.5,-93.354,2450.579,1,1,1
56914461,55615,3,35.00,-35.00,34.03,-34.89,0.589,-0.599,-61036,60952,7.60,270.5,-91.037,2449.670,1,1,1
56924466,55625,3,35.00,-35.00,34.37,-35.41,0.589,-0.598,-61012,60927,7.59,271.8,-95.732,2448.713,1,1,1
56934466,55635,3,35.00,-35.00,34.60,-35.33,0.588,-0.599,-60988,60903,7.59,272.2,-103.049,2447.683,1,1,1
56944468,55645,3,35.00,-35.00,35.21,-35.72,0.586,-0.597,-60963,60878,7.59,270.0,-107.988,2446.604,1,1,1
56954476,55655,3,35.00,-35.00,36.95,-36.43,0.580,-0.594,-60935,60852,7.60,269.2,-108.720,2445.518,1,1,1
56964483,55665,3,35.00,-35.00,36.85,-36.93,0.580,-0.592,-60910,60826,7.59,264.0,-106.890,2444.450,1,1,1
56974483,55675,3,35.00,-35.00,35.46,-37.27,0.585,-0.591,-60888,60800,7.59,263.0,-103.720,2443.413,1,1,1
56984483,55685,3,35.00,-35.00,32.74,-36.64,0.595,-0.591,-60870,60776,7.59,263.8,-99.268,2442.421,1,1,1
56994496,55695,3,35.00,-35.00,33.02,-36.19,0.594,-0.592,-60847,60752,7.60,270.0,-90.732,2441.515,1,1,1
57004510,55705,3,35.00,-35.00,33.22,-35.44,0.594,-0.594,-60824,60729,7.59,269.0,-83.110,2440.685,1,1,1
57014511,55715,3,35.00,-35.00,33.36,-36.24,0.595,-0.591,-60801,60703,7.59,270.2,-87.012,2439.815,1,1,1
57024518,55725,3,35.00,-35.00,34.34,-35.91,0.591,-0.592,-60776,60679,7.60,269.2,-96.402,2438.852,1,1,1
57034529,55735,3,35.00,-35.00,34.15,-35.69,0.592,-0.592,-60753,60655,7.59,270.0,-103.963,2437.813,1,1,1
57044541,55745,3,35.00,-35.00,36.21,-36.41,0.586,-0.590,-60725,60629,7.59,270.0,-105.488,2436.759,1,1,1
57054550,55755,3,35.00,-35.00,37.21,-36.91,0.582,-0.588,-60698,60603,7.59,267.2,-104.207,2435.718,1,1,1
57064559,55765,3,35.00,-35.00,35.71,-36.82,0.587,-0.588,-60676,60578,7.59,262.8,-102.012,2434.699,1,1,1
57074564,55775,3,35.00,-35.00,34.23,-37.20,0.592,-0.584,-60655,60552,7.60,265.5,-97.378,2433.726,1,1,1
57084571,55785,3,35.00,-35.00,33.19,-36.59,0.596,-0.586,-60634,60528,7.59,266.2,-89.573,2432.831,1,1,1
57094571,55795,3,35.00,-35.00,33.34,-36.16,0.597,-0.587,-60611,60504,7.59,269.5,-83.293,2431.999,1,1,1
57104572,55805,3,35.00,-35.00,34.32,-36.30,0.594,-0.586,-60586,60479,7.59,269.8,-82.988,2431.170,1,1,1
57114572,55815,3,35.00,-35.00,34.13,-36.39,0.595,-0.585,-60563,60454,7.59,269.8,-89.268,2430.278,1,1,1
57124572,55825,3,35.00,-35.00,34.44,-36.02,0.594,-0.586,-60539,60430,7.59,268.5,-96.646,2429.312,1,1,1
57134572,55835,3,35.00,-35.00,34.66,-36.64,0.594,-0.584,-60515,60404,7.59,268.2,-101.402,2428.299,1,1,1
57144583,55845,3,35.00,-35.00,35.68,-36.64,0.590,-0.583,-60489,60379,7.59,267.5,-102.195,2427.278,1,1,1
57154595,55855,3,35.00,-35.00,38.60,-36.19,0.580,-0.586,-60458,60355,7.59,265.0,-99.878,2426.280,1,1,1
57164607,55865,3,35.00,-35.00,38.89,-35.88,0.577,-0.587,-60431,60331,7.59,262.0,-96.159,2425.319,1,1,1
57174607,55875,3,35.00,-35.00,36.45,-36.10,0.584,-0.585,-60410,60306,7.60,262.5,-91.098,2424.409,1,1,1
57184609,55885,3,35.00,-35.00,33.86,-36.26,0.594,-0.585,-60391,60281,7.59,263.0,-88.110,2423.529,1,1,1
57194618,55895,3,35.00,-35.00,33.81,-36.37,0.594,-0.583,-60368,60256,7.59,268.2,-87.012,2422.659,1,1,1
57204622,55905,3,35.00,-35.00,34.65,-36.44,0.592,-0.583,-60343,60231,7.59,269.2,-86.220,2421.798,1,1,1
57214630,55915,3,35.00,-35.00,35.24,-36.50,0.591,-0.584,-60318,60206,7.59,268.5,-91.890,2420.880,1,1,1
57224633,55925,3,35.00,-35.00,36.10,-36.09,0.587,-0.585,-60292,60182,7.59,267.5,-98.415,2419.896,1,1,1
57234638,55935,3,35.00,-35.00,36.69,-37.57,0.585,-0.580,-60266,60154,7.59,266.2,-103.110,2418.866,1,1,1
57244645,55945,3,35.00,-35.00,37.99,-37.73,0.581,-0.580,-60238,60128,7.59,262.8,-104.024,2417.826,1,1,1
57254648,55955,3,35.00,-35.00,35.82,-36.52,0.587,-0.583,-60217,60105,7.59,259.8,-97.439,2416.853,1,1,1
57264648,55965,3,35.00,-35.00,35.18,-35.23,0.588,-0.587,-60194,60083,7.59,262.2,-85.671,2415.997,1,1,1
57274648,55975,3,35.00,-35.00,35.17,-34.33,0.588,-0.590,-60170,60061,7.59,265.2,-77.195,2415.226,1,1,1
57284648,55985,3,35.00,-35.00,35.61,-35.02,0.587,-0.588,-60145,60036,7.59,268.2,-75.976,2414.467,1,1,1
57294653,55995,3,35.00,-35.00,35.91,-35.50,0.585,-0.586,-60120,60011,7.60,267.0,-83.171,2413.636,1,1,1
57304655,56005,3,35.00,-35.00,36.12,-35.83,0.585,-0.586,-60095,59986,7.59,266.0,-91.707,2412.719,1,1,1
57314668,56015,3,35.00,-35.00,35.83,-36.51,0.586,-0.584,-60071,59960,7.59,266.0,-96.707,2411.753,1,1,1
57324674,56025,3,35.00,-35.00,36.95,-36.10,0.581,-0.584,-60044,59936,7.60,265.8,-100.427,2410.750,1,1,1
57334682,56035,3,35.00,-35.00,39.05,-36.26,0.576,-0.586,-60014,59911,7.58,263.8,-100.976,2409.741,1,1,1
57344683,56045,3,35.00,-35.00,38.32,-36.37,0.576,-0.585,-59989,59886,7.59,261.5,-98.049,2408.761,1,1,1
57354685,56055,3,35.00,-35.00,36.93,-36.00,0.581,-0.586,-59966,59862,7.59,260.8,-94.024,2407.822,1,1,1
57364691,56065,3,35.00,-35.00,34.64,-35.31,0.589,-0.588,-59946,59839,7.58,261.5,-86.768,2406.955,1,1,1
57374698,56075,3,35.00,-35.00,34.36,-34.82,0.590,-0.590,-59923,59816,7.58,267.5,-78.232,2406.173,1,1,1
57384713,56085,3,35.00,-35.00,35.04,-34.92,0.587,-0.589,-59898,59792,7.59,267.8,-72.439,2405.449,1,1,1
57394715,56095,3,35.00,-35.00,35.51,-34.99,0.586,-0.590,-59873,59768,7.58,267.2,-76.280,2404.688,1,1,1
57404715,56105,3,35.00,-35.00,35.84,-35.48,0.584,-0.587,-59848,59743,7.59,268.8,-85.488,2403.833,1,1,1
57414715,56115,3,35.00,-35.00,36.52,-35.38,0.582,-0.588,-59822,59719,7.59,265.2,-92.439,2402.910,1,1,1
57424728,56125,3,35.00,-35.00,37.87,-35.32,0.577,-0.588,-59794,59695,7.60,265.5,-95.366,2401.957,1,1,1
57434739,56135,3,35.00,-35.00,39.25,-35.27,0.573,-0.590,-59765,59671,7.58,263.8,-94.451,2401.013,1,1,1
57444746,56145,3,35.00,-35.00,38.02,-35.67,0.576,-0.588,-59741,59646,7.59,263.5,-92.683,2400.087,1,1,1
57454758,56155,3,35.00,-35.00,36.72,-35.52,0.580,-0.588,-59718,59622,7.60,263.8,-92.073,2399.167,1,1,1
57464769,56165,3,35.00,-35.00,34.06,-35.41,0.590,-0.588,-59699,59598,7.59,264.0,-87.256,2398.296,1,1,1
57474776,56175,3,35.00,-35.00,34.39,-34.45,0.588,-0.592,-59675,59576,7.59,266.0,-80.366,2397.493,1,1,1
57484776,56185,3,35.00,-35.00,35.06,-34.23,0.586,-0.592,-59650,59553,7.60,268.0,-74.085,2396.753,1,1,1
57494788,56195,3,35.00,-35.00,35.53,-34.50,0.584,-0.592,-59625,59529,7.59,268.0,-75.793,2395.996,1,1,1
57504789,56205,3,35.00,-35.00,35.85,-34.70,0.583,-0.592,-59600,59505,7.59,266.8,-84.634,2395.150,1,1,1
57514791,56215,3,35.00,-35.00,36.52,-34.40,0.580,-0.593,-59574,59482,7.59,267.0,-93.415,2394.217,1,1,1
57524791,56225,3,35.00,-35.00,37.43,-34.63,0.577,-0.593,-59547,59458,7.59,267.8,-99.268,2393.225,1,1,1
57534791,56235,3,35.00,-35.00,40.26,-35.22,0.567,-0.592,-59515,59433,7.60,265.8,-101.768,2392.208,1,1,1
57544804,56245,3,35.00,-35.00,38.29,-35.20,0.574,-0.592,-59492,59409,7.59,260.8,-99.390,2391.215,1,1,1
57554804,56255,3,35.00,-35.00,34.72,-36.51,0.585,-0.586,-59474,59382,7.60,263.2,-95.976,2390.256,1,1,1
57564815,56265,3,35.00,-35.00,33.53,-35.22,0.590,-0.590,-59453,59360,7.59,264.8,-87.744,2389.379,1,1,1
57574827,56275,3,35.00,-35.00,34.02,-33.01,0.588,-0.598,-59429,59341,7.59,267.8,-78.415,2388.596,1,1,1
57584837,56285,3,35.00,-35.00,34.80,-32.77,0.585,-0.599,-59404,59319,7.60,270.8,-73.415,2387.863,1,1,1
57594850,56295,3,35.00,-35.00,35.35,-32.61,0.584,-0.602,-59379,59297,7.59,269.5,-75.976,2387.104,1,1,1
57604858,56305,3,35.00,-35.00,35.73,-33.37,0.581,-0.599,-59354,59273,7.60,271.5,-80.976,2386.295,1,1,1
57614858,56315,3,35.00,-35.00,36.44,-33.47,0.579,-0.600,-59328,59250,7.59,268.8,-85.671,2385.439,1,1,1
57624865,56325,3,35.00,-35.00,35.17,-33.54,0.583,-0.600,-59306,59227,7.59,270.5,-86.707,2384.573,1,1,1
57634873,56335,3,35.00,-35.00,34.73,-34.02,0.585,-0.599,-59283,59203,7.59,271.2,-85.732,2383.716,1,1,1
57644879,56345,3,35.00,-35.00,34.42,-33.92,0.586,-0.600,-59260,59180,7.59,272.8,-84.329,2382.874,1,1,1
57654891,56355,3,35.00,-35.00,34.64,-33.85,0.585,-0.600,-59236,59157,7.59,272.2,-83.720,2382.037,1,1,1
57664897,56365,3,35.00,-35.00,34.79,-33.37,0.584,-0.603,-59212,59135,7.59,271.0,-87.927,2381.159,1,1,1
57674910,56375,3,35.00,-35.00,34.90,-33.02,0.583,-0.604,-59188,59113,7.59,273.2,-90.915,2380.250,1,1,1
57684913,56385,3,35.00,-35.00,35.42,-32.78,0.581,-0.605,-59163,59091,7.60,274.5,-93.476,2379.316,1,1,1
57694921,56395,3,35.00,-35.00,35.34,-32.62,0.581,-0.607,-59139,59069,7.59,273.0,-94.634,2378.371,1,1,1
57704928,56405,3,35.00,-35.00,35.28,-32.94,0.580,-0.606,-59115,59046,7.60,272.2,-95.549,2377.416,1,1,1
57714928,56415,3,35.00,-35.00,34.81,-32.73,0.583,-0.609,-59092,59024,7.59,271.2,-97.012,2376.447,1,1,1
57724933,56425,3,35.00,-35.00,35.35,-33.02,0.581,-0.609,-59067,59001,7.58,274.5,-97.256,2375.475,1,1,1
57734944,56435,3,35.00,-35.00,34.85,-34.10,0.582,-0.605,-59044,58976,7.59,272.5,-93.902,2374.537,1,1,1
57744958,56445,3,35.00,-35.00,34.07,-34.41,0.585,-0.604,-59022,58952,7.59,271.2,-89.390,2373.644,1,1,1
57754964,56455,3,35.00,-35.00,33.95,-34.20,0.586,-0.605,-58999,58929,7.59,271.2,-83.902,2372.806,1,1,1
57764970,56465,3,35.00,-35.00,34.31,-33.61,0.585,-0.607,-58975,58907,7.59,273.2,-83.415,2371.973,1,1,1
57774970,56475,3,35.00,-35.00,34.57,-33.19,0.583,-0.609,-58951,58885,7.59,275.0,-86.829,2371.105,1,1,1
57784973,56485,3,35.00,-35.00,35.18,-33.78,0.581,-0.608,-58926,58861,7.59,273.5,-91.037,2370.196,1,1,1
57794973,56495,3,35.00,-35.00,35.61,-33.32,0.579,-0.610,-58901,58839,7.59,272.2,-95.122,2369.245,1,1,1
57804979,56505,3,35.00,-35.00,36.36,-33.43,0.576,-0.610,-58875,58816,7.59,273.8,-97.378,2368.272,1,1,1
57814993,56515,3,35.00,-35.00,36.87,-33.51,0.575,-0.612,-58849,58793,7.58,272.8,-98.232,2367.291,1,1,1
57825004,56526,3,35.00,-35.00,35.92,-34.44,0.577,-0.608,-58826,58768,7.59,271.2,-98.049,2366.311,1,1,1
57835006,56536,3,35.00,-35.00,34.37,-35.10,0.584,-0.607,-58805,58743,7.57,270.5,-96.159,2365.350,1,1,1
57845009,56546,3,35.00,-35.00,33.73,-35.55,0.586,-0.604,-58783,58718,7.59,274.2,-93.415,2364.417,1,1,1
57855019,56556,3,35.00,-35.00,35.04,-35.43,0.581,-0.604,-58757,58694,7.59,273.2,-92.317,2363.495,1,1,1
57865024,56566,3,35.00,-35.00,34.63,-34.91,0.582,-0.605,-58734,58671,7.60,271.0,-93.598,2362.560,1,1,1
57875034,56576,3,35.00,-35.00,34.79,-34.55,0.582,-0.607,-58710,58648,7.59,271.8,-95.549,2361.605,1,1,1
57885047,56586,3,35.00,-35.00,35.34,-35.17,0.579,-0.604,-58685,58623,7.60,271.0,-99.390,2360.612,1,1,1
57895047,56596,3,35.00,-35.00,35.28,-35.16,0.580,-0.605,-58661,58599,7.59,270.8,-103.293,2359.580,1,1,1
57905053,56606,3,35.00,-35.00,36.12,-35.60,0.578,-0.604,-58635,58574,7.59,271.5,-104.817,2358.532,1,1,1
57915062,56616,3,35.00,-35.00,35.39,-36.35,0.580,-0.601,-58612,58548,7.59,267.8,-104.024,2357.493,1,1,1
57925076,56626,3,35.00,-35.00,34.88,-36.43,0.582,-0.600,-58589,58523,7.59,266.5,-99.634,2356.497,1,1,1
57935079,56636,3,35.00,-35.00,34.53,-36.49,0.583,-0.599,-58566,58498,7.59,268.2,-94.695,2355.551,1,1,1
57945085,56646,3,35.00,-35.00,35.15,-36.09,0.581,-0.600,-58541,58474,7.60,266.8,-92.500,2354.627,1,1,1
57955085,56656,3,35.00,-35.00,35.16,-35.81,0.581,-0.601,-58517,58450,7.59,265.5,-94.878,2353.679,1,1,1
57965092,56666,3,35.00,-35.00,35.16,-36.49,0.581,-0.598,-58493,58424,7.59,268.5,-101.524,2352.665,1,1,1
57975104,56676,3,35.00,-35.00,35.16,-36.53,0.581,-0.597,-58469,58399,7.59,266.2,-106.951,2351.596,1,1,1
57985110,56686,3,35.00,-35.00,35.16,-36.12,0.582,-0.598,-58445,58375,7.59,266.2,-109.268,2350.504,1,1,1
57995116,56696,3,35.00,-35.00,36.03,-35.83,0.578,-0.599,-58419,58351,7.59,267.0,-108.780,2349.417,1,1,1
58005117,56706,3,35.00,-35.00,34.89,-36.07,0.582,-0.597,-58397,58326,7.60,266.2,-108.049,2348.338,1,1,1
58015117,56716,3,35.00,-35.00,34.97,-36.67,0.583,-0.596,-58373,58300,7.59,266.0,-105.610,2347.282,1,1,1
58025119,56726,3,35.00,-35.00,34.59,-37.54,0.584,-0.591,-58350,58273,7.59,265.2,-99.695,2346.286,1,1,1
58035132,56736,3,35.00,-35.00,34.76,-36.82,0.584,-0.594,-58326,58249,7.59,263.5,-94.085,2345.346,1,1,1
58045132,56746,3,35.00,-35.00,35.32,-35.44,0.582,-0.598,-58301,58227,7.59,265.5,-92.805,2344.419,1,1,1
58055143,56756,3,35.00,-35.00,35.27,-35.80,0.582,-0.596,-58277,58202,7.59,266.0,-95.000,2343.470,1,1,1
58065150,56766,3,35.00,-35.00,35.67,-36.48,0.580,-0.593,-58252,58176,7.60,266.2,-99.024,2342.480,1,1,1
58075156,56776,3,35.00,-35.00,35.96,-36.52,0.580,-0.593,-58227,58151,7.59,263.2,-101.159,2341.470,1,1,1
58085158,56786,3,35.00,-35.00,35.72,-36.11,0.580,-0.593,-58203,58127,7.60,265.5,-100.488,2340.466,1,1,1
58095171,56796,3,35.00,-35.00,35.55,-36.27,0.581,-0.593,-58179,58102,7.59,265.0,-99.878,2339.468,1,1,1
58105171,56806,3,35.00,-35.00,35.87,-36.37,0.580,-0.592,-58154,58077,7.59,264.2,-100.427,2338.464,1,1,1
58115180,56816,3,35.00,-35.00,35.22,-36.45,0.582,-0.591,-58131,58052,7.60,263.0,-102.012,2337.445,1,1,1
58125193,56826,3,35.00,-35.00,34.76,-36.50,0.585,-0.592,-58108,58027,7.58,265.0,-99.817,2336.448,1,1,1
58135207,56836,3,35.00,-35.00,34.88,-34.78,0.584,-0.597,-58084,58006,7.58,265.8,-95.061,2335.498,1,1,1
58145216,56846,3,35.00,-35.00,34.96,-34.89,0.582,-0.595,-58060,57982,7.60,268.8,-92.866,2334.570,1,1,1
58155223,56856,3,35.00,-35.00,35.02,-35.41,0.583,-0.594,-58036,57957,7.59,267.2,-97.683,2333.594,1,1,1
58165226,56866,3,35.00,-35.00,35.50,-35.77,0.581,-0.592,-58011,57932,7.60,268.2,-104.146,2332.553,1,1,1
58175234,56876,3,35.00,-35.00,36.28,-35.15,0.579,-0.595,-57985,57909,7.59,266.8,-105.793,2331.496,1,1,1
58185241,56886,3,35.00,-35.00,36.38,-35.15,0.578,-0.595,-57960,57885,7.59,266.0,-105.244,2330.445,1,1,1
58195256,56896,3,35.00,-35.00,36.45,-34.71,0.578,-0.597,-57935,57862,7.59,265.0,-104.878,2329.397,1,1,1
58205269,56906,3,35.00,-35.00,35.18,-35.29,0.582,-0.594,-57913,57837,7.60,267.0,-104.146,2328.356,1,1,1
58215269,56916,3,35.00,-35.00,34.30,-35.69,0.586,-0.594,-57891,57812,7.58,266.5,-101.280,2327.344,1,1,1
58225283,56926,3,35.00,-35.00,34.12,-34.21,0.586,-0.599,-57868,57791,7.58,267.8,-99.268,2326.352,1,1,1
58235291,56936,3,35.00,-35.00,34.87,-34.05,0.584,-0.600,-57843,57768,7.58,274.0,-99.207,2325.361,1,1,1
58245301,56946,3,35.00,-35.00,35.39,-33.51,0.581,-0.602,-57818,57746,7.59,279.2,-99.451,2324.367,1,1,1
58255314,56956,3,35.00,-35.00,35.76,-33.56,0.580,-0.602,-57793,57723,7.59,271.5,-102.256,2323.345,1,1,1
58265323,56966,3,35.00,-35.00,36.46,-34.04,0.578,-0.602,-57767,57699,7.58,277.8,-105.976,2322.287,1,1,1
58275329,56976,3,35.00,-35.00,36.07,-33.94,0.578,-0.602,-57743,57676,7.59,268.5,-109.268,2321.195,1,1,1
58285329,56986,3,35.00,-35.00,35.79,-34.30,0.579,-0.601,-57719,57652,7.59,275.8,-111.098,2320.085,1,1,1
58295338,56996,3,35.00,-35.00,35.60,-35.00,0.580,-0.599,-57695,57627,7.59,268.0,-110.183,2318.984,1,1,1
58305338,57006,3,35.00,-35.00,33.71,-35.05,0.587,-0.598,-57675,57603,7.59,275.0,-105.976,2317.925,1,1,1
58315338,57016,3,35.00,-35.00,33.71,-34.20,0.587,-0.601,-57652,57581,7.58,271.2,-101.159,2316.914,1,1,1
58325338,57026,3,35.00,-35.00,34.58,-33.17,0.584,-0.605,-57627,57560,7.58,276.5,-97.744,2315.938,1,1,1
58335347,57036,3,35.00,-35.00,35.19,-32.45,0.582,-0.609,-57602,57539,7.58,279.0,-95.427,2314.984,1,1,1
58345359,57046,3,35.00,-35.00,35.18,-32.82,0.581,-0.608,-57578,57516,7.58,274.8,-96.402,2314.021,1,1,1
58355362,57056,3,35.00,-35.00,34.73,-33.52,0.583,-0.606,-57555,57492,7.59,281.8,-98.902,2313.033,1,1,1
58365370,57066,3,35.00,-35.00,34.42,-33.13,0.584,-0.608,-57532,57470,7.58,277.2,-99.512,2312.038,1,1,1
58375383,57076,3,35.00,-35.00,34.20,-34.18,0.585,-0.605,-57509,57445,7.58,282.5,-100.854,2311.031,1,1,1
58385392,57086,3,35.00,-35.00,34.05,-34.47,0.586,-0.604,-57486,57421,7.58,275.2,-102.561,2310.006,1,1,1
58395401,57096,3,35.00,-35.00,33.94,-33.80,0.586,-0.607,-57463,57399,7.59,283.2,-103.598,2308.970,1,1,1
58405405,57106,3,35.00,-35.00,33.43,-33.77,0.588,-0.607,-57441,57376,7.58,277.0,-104.329,2307.928,1,1,1
58415405,57116,3,35.00,-35.00,33.51,-33.30,0.588,-0.609,-57418,57354,7.58,282.0,-104.207,2306.887,1,1,1
58425407,57126,3,35.00,-35.00,33.56,-33.42,0.589,-0.609,-57395,57331,7.58,279.0,-100.000,2305.887,1,1,1
58435414,57136,3,35.00,-35.00,34.04,-33.06,0.587,-0.611,-57371,57309,7.58,283.2,-97.683,2304.911,1,1,1
58445420,57146,3,35.00,-35.00,33.94,-33.25,0.588,-0.611,-57348,57286,7.58,285.2,-99.512,2303.917,1,1,1
58455420,57156,3,35.00,-35.00,34.30,-33.38,0.587,-0.611,-57324,57263,7.58,282.2,-105.000,2302.868,1,1,1
58465429,57166,3,35.00,-35.00,34.56,-33.48,0.586,-0.611,-57300,57240,7.58,283.0,-110.366,2301.765,1,1,1
58475429,57176,3,35.00,-35.00,34.74,-33.98,0.585,-0.610,-57276,57216,7.58,279.8,-113.841,2300.627,1,1,1
58485438,57186,3,35.00,-35.00,35.74,-34.77,0.582,-0.608,-57250,57191,7.58,284.0,-116.402,2299.464,1,1,1
58495450,57196,3,35.00,-35.00,37.32,-34.89,0.576,-0.608,-57222,57167,7.58,274.0,-117.073,2298.294,1,1,1
58505459,57206,3,35.00,-35.00,36.23,-34.97,0.579,-0.607,-57199,57143,7.59,272.5,-112.805,2297.167,1,1,1
58515466,57216,3,35.00,-35.00,33.71,-35.02,0.588,-0.607,-57180,57119,7.58,270.0,-105.976,2296.108,1,1,1
58525468,57226,3,35.00,-35.00,33.71,-34.19,0.588,-0.610,-57157,57097,7.58,274.0,-97.744,2295.132,1,1,1
58535474,57236,3,35.00,-35.00,33.70,-33.60,0.588,-0.612,-57134,57075,7.58,281.5,-90.488,2294.228,1,1,1
58545488,57246,3,35.00,-35.00,33.70,-34.50,0.589,-0.609,-57111,57050,7.58,278.2,-89.878,2293.330,1,1,1
58555495,57256,3,35.00,-35.00,35.02,-34.26,0.585,-0.611,-57085,57027,7.58,285.2,-94.512,2292.385,1,1,1
58565498,57266,3,35.00,-35.00,35.94,-34.53,0.581,-0.610,-57059,57003,7.58,275.5,-100.793,2291.378,1,1,1
58575511,57276,3,35.00,-35.00,36.14,-35.16,0.580,-0.608,-57034,56978,7.58,276.0,-104.268,2290.336,1,1,1
58585522,57286,3,35.00,-35.00,35.41,-36.04,0.583,-0.605,-57011,56952,7.58,271.0,-103.780,2289.299,1,1,1
58595535,57296,3,35.00,-35.00,34.01,-36.21,0.587,-0.603,-56990,56927,7.59,274.5,-100.854,2288.291,1,1,1
58605541,57306,3,35.00,-35.00,33.48,-36.33,0.590,-0.602,-56968,56902,7.59,276.0,-98.476,2287.307,1,1,1
58615544,57316,3,35.00,-35.00,34.42,-35.54,0.587,-0.604,-56943,56879,7.59,275.5,-94.329,2286.365,1,1,1
58625556,57326,3,35.00,-35.00,34.64,-35.43,0.587,-0.605,-56919,56855,7.58,278.8,-93.902,2285.427,1,1,1
58635567,57336,3,35.00,-35.00,34.80,-35.34,0.586,-0.605,-56895,56831,7.58,273.0,-98.659,2284.441,1,1,1
58645579,57346,3,35.00,-35.00,34.90,-35.73,0.586,-0.604,-56871,56806,7.58,279.5,-105.122,2283.391,1,1,1
58655579,57356,3,35.00,-35.00,35.42,-36.00,0.584,-0.603,-56846,56781,7.58,275.8,-110.427,2282.287,1,1,1
58665587,57366,3,35.00,-35.00,36.22,-36.62,0.581,-0.600,-56820,56755,7.59,278.2,-111.402,2281.174,1,1,1
58675589,57376,3,35.00,-35.00,35.02,-37.06,0.585,-0.597,-56798,56729,7.59,266.5,-109.817,2280.076,1,1,1
58685607,57386,3,35.00,-35.00,34.18,-37.81,0.589,-0.594,-56776,56702,7.59,268.2,-106.159,2279.016,1,1,1
58695607,57396,3,35.00,-35.00,33.60,-37.01,0.591,-0.595,-56754,56678,7.59,268.2,-101.585,2278.000,1,1,1
58705609,57406,3,35.00,-35.00,34.06,-36.02,0.590,-0.598,-56730,56655,7.58,273.2,-93.110,2277.070,1,1,1
58715615,57416,3,35.00,-35.00,33.95,-35.32,0.591,-0.601,-56707,56632,7.58,273.5,-88.780,2276.183,1,1,1
58725615,57426,3,35.00,-35.00,34.31,-36.15,0.590,-0.597,-56683,56606,7.58,273.2,-91.646,2275.268,1,1,1
58735618,57436,3,35.00,-35.00,34.13,-36.29,0.592,-0.596,-56660,56581,7.58,275.2,-98.537,2274.283,1,1,1
58745622,57446,3,35.00,-35.00,35.75,-36.39,0.586,-0.596,-56633,56556,7.58,272.8,-104.024,2273.243,1,1,1
58755633,57456,3,35.00,-35.00,36.89,-36.90,0.582,-0.594,-56606,56530,7.59,275.5,-104.146,2272.203,1,1,1
58765640,57466,3,35.00,-35.00,35.49,-37.25,0.586,-0.591,-56584,56504,7.59,266.5,-102.317,2271.180,1,1,1
58775645,57476,3,35.00,-35.00,34.51,-37.06,0.590,-0.591,-56562,56479,7.59,273.0,-99.024,2270.191,1,1,1
58785652,57486,3,35.00,-35.00,33.83,-37.37,0.593,-0.589,-56540,56453,7.58,269.0,-92.683,2269.265,1,1,1
58795659,57496,3,35.00,-35.00,34.23,-36.71,0.592,-0.591,-56516,56429,7.58,272.2,-86.220,2268.403,1,1,1
58805663,57506,3,35.00,-35.00,34.51,-36.68,0.592,-0.591,-56492,56404,7.58,269.2,-84.878,2267.555,1,1,1
58815667,57516,3,35.00,-35.00,34.70,-37.10,0.591,-0.588,-56468,56378,7.58,271.5,-90.183,2266.654,1,1,1
58825670,57526,3,35.00,-35.00,34.40,-36.96,0.593,-0.588,-56445,56353,7.59,274.5,-97.317,2265.682,1,1,1
58835674,57536,3,35.00,-35.00,34.63,-37.30,0.593,-0.586,-56421,56327,7.58,269.0,-102.012,2264.663,1,1,1
58845676,57546,3,35.00,-35.00,35.66,-37.09,0.589,-0.586,-56395,56302,7.59,274.5,-103.902,2263.624,1,1,1
58855685,57556,3,35.00,-35.00,38.15,-36.95,0.580,-0.587,-56365,56277,7.59,265.0,-102.744,2262.598,1,1,1
58865698,57566,3,35.00,-35.00,38.13,-36.41,0.578,-0.588,-56339,56253,7.59,265.8,-98.598,2261.613,1,1,1
58875706,57576,3,35.00,-35.00,35.92,-36.48,0.585,-0.587,-56318,56228,7.59,266.8,-92.439,2260.689,1,1,1
58885713,57586,3,35.00,-35.00,34.37,-36.52,0.591,-0.586,-56297,56203,7.59,266.5,-85.732,2259.833,1,1,1
58895715,57596,3,35.00,-35.00,34.17,-36.99,0.592,-0.584,-56274,56177,7.59,276.2,-82.439,2259.009,1,1,1
58905715,57606,3,35.00,-35.00,34.90,-37.32,0.591,-0.584,-56249,56151,7.58,269.8,-83.659,2258.173,1,1,1
58915715,57616,3,35.00,-35.00,35.42,-37.11,0.589,-0.584,-56224,56126,7.59,273.5,-91.220,2257.262,1,1,1
58925720,57626,3,35.00,-35.00,36.22,-36.52,0.586,-0.586,-56198,56102,7.59,267.0,-97.927,2256.283,1,1,1
58935721,57636,3,35.00,-35.00,36.34,-36.99,0.585,-0.584,-56173,56076,7.59,273.2,-100.488,2255.279,1,1,1
58945728,57646,3,35.00,-35.00,36.42,-37.76,0.585,-0.582,-56148,56049,7.59,264.5,-99.878,2254.281,1,1,1
58955731,57656,3,35.00,-35.00,35.60,-36.98,0.587,-0.584,-56125,56025,7.59,270.8,-96.951,2253.312,1,1,1
58965731,57666,3,35.00,-35.00,35.03,-36.43,0.589,-0.585,-56102,56001,7.59,268.5,-90.183,2252.411,1,1,1
58975744,57676,3,35.00,-35.00,35.51,-35.17,0.587,-0.590,-56077,55979,7.59,268.8,-83.415,2251.578,1,1,1
58985746,57686,3,35.00,-35.00,35.84,-35.17,0.586,-0.590,-56052,55955,7.59,272.2,-82.927,2250.750,1,1,1
58995751,57696,3,35.00,-35.00,36.08,-36.48,0.585,-0.586,-56027,55928,7.58,271.8,-86.585,2249.885,1,1,1
59005751,57706,3,35.00,-35.00,35.80,-36.08,0.586,-0.587,-56003,55904,7.59,274.0,-93.354,2248.952,1,1,1
59015759,57716,3,35.00,-35.00,35.61,-36.25,0.586,-0.586,-55979,55879,7.59,267.5,-98.902,2247.964,1,1,1
59025761,57726,3,35.00,-35.00,36.35,-36.80,0.584,-0.584,-55953,55853,7.59,272.8,-100.854,2246.956,1,1,1
59035761,57736,3,35.00,-35.00,37.75,-36.74,0.578,-0.585,-55925,55828,7.59,264.8,-100.488,2245.952,1,1,1
59045769,57746,3,35.00,-35.00,36.53,-37.15,0.582,-0.583,-55902,55802,7.59,270.2,-98.354,2244.969,1,1,1
59055776,57756,3,35.00,-35.00,35.24,-37.43,0.586,-0.582,-55880,55776,7.59,264.2,-94.024,2244.030,1,1,1
59065788,57766,3,35.00,-35.00,34.78,-36.31,0.588,-0.585,-55857,55753,7.59,272.2,-86.646,2243.164,1,1,1
59075797,57776,3,35.00,-35.00,35.33,-34.64,0.586,-0.591,-55832,55732,7.59,270.2,-78.476,2242.380,1,1,1
59085797,57786,3,35.00,-35.00,35.72,-34.36,0.584,-0.593,-55807,55709,7.58,271.2,-74.146,2241.639,1,1,1
59095806,57796,3,35.00,-35.00,35.55,-35.04,0.585,-0.591,-55783,55684,7.58,276.8,-77.744,2240.863,1,1,1
59105806,57806,3,35.00,-35.00,35.87,-35.51,0.584,-0.589,-55758,55659,7.58,270.5,-85.305,2240.010,1,1,1
59115806,57816,3,35.00,-35.00,36.10,-35.41,0.583,-0.589,-55733,55635,7.58,271.2,-92.134,2239.090,1,1,1
59125819,57826,3,35.00,-35.00,37.57,-35.33,0.578,-0.590,-55705,55611,7.59,269.2,-96.585,2238.125,1,1,1
59135827,57836,3,35.00,-35.00,39.48,-35.72,0.571,-0.589,-55675,55586,7.59,269.5,-97.256,2237.153,1,1,1
59145830,57846,3,35.00,-35.00,37.31,-35.99,0.578,-0.588,-55653,55561,7.59,266.8,-95.305,2236.201,1,1,1
59155842,57856,3,35.00,-35.00,36.22,-36.18,0.582,-0.587,-55630,55536,7.59,264.5,-93.049,2235.271,1,1,1
59165842,57866,3,35.00,-35.00,33.71,-35.43,0.590,-0.589,-55611,55513,7.59,270.8,-86.768,2234.405,1,1,1
59175845,57876,3,35.00,-35.00,33.70,-34.47,0.591,-0.592,-55588,55491,7.58,271.5,-79.085,2233.615,1,1,1
59185858,57886,3,35.00,-35.00,34.58,-34.24,0.588,-0.593,-55563,55468,7.58,277.0,-71.159,2232.904,1,1,1
59195858,57896,3,35.00,-35.00,34.31,-34.51,0.589,-0.593,-55540,55444,7.58,271.2,-79.146,2232.113,1,1,1
59205864,57906,3,35.00,-35.00,35.88,-34.71,0.584,-0.592,-55513,55420,7.59,279.0,-88.720,2231.227,1,1,1
59215875,57916,3,35.00,-35.00,35.67,-34.40,0.584,-0.594,-55489,55397,7.58,270.8,-94.756,2230.280,1,1,1
59225888,57926,3,35.00,-35.00,35.95,-34.63,0.583,-0.593,-55464,55373,7.59,275.5,-98.659,2229.294,1,1,1
59235897,57936,3,35.00,-35.00,37.91,-35.23,0.576,-0.592,-55435,55348,7.59,269.0,-98.780,2228.307,1,1,1
59245903,57946,3,35.00,-35.00,36.64,-35.20,0.580,-0.592,-55412,55324,7.59,267.0,-95.061,2227.357,1,1,1
59255913,57956,3,35.00,-35.00,34.88,-36.07,0.586,-0.588,-55391,55298,7.59,269.2,-88.171,2226.476,1,1,1
59265918,57966,3,35.00,-35.00,33.64,-35.36,0.591,-0.590,-55370,55275,7.58,266.2,-79.329,2225.684,1,1,1
59275918,57976,3,35.00,-35.00,33.66,-33.54,0.590,-0.596,-55347,55255,7.59,277.5,-73.720,2224.948,1,1,1
59285926,57986,3,35.00,-35.00,33.67,-32.71,0.590,-0.600,-55324,55234,7.58,271.2,-76.890,2224.179,1,1,1
59295926,57996,3,35.00,-35.00,34.55,-29.92,0.586,-0.611,-55299,55218,7.59,281.8,-84.207,2223.338,1,1,1
59305933,58006,3,35.00,-35.00,35.17,-34.13,0.586,-0.598,-55274,55188,7.58,280.2,-92.317,2222.416,1,1,1
59315933,58016,3,35.00,-35.00,37.37,-34.00,0.577,-0.599,-55245,55165,7.59,279.5,-95.915,2221.458,1,1,1
59325936,58026,3,35.00,-35.00,37.58,-33.47,0.575,-0.602,-55219,55143,7.59,268.0,-96.220,2220.496,1,1,1
59335939,58036,3,35.00,-35.00,36.41,-34.41,0.579,-0.598,-55196,55118,7.59,272.2,-94.024,2219.557,1,1,1
59345948,58046,3,35.00,-35.00,34.28,-34.64,0.586,-0.597,-55176,55094,7.59,264.0,-86.829,2218.689,1,1,1
59355958,58056,3,35.00,-35.00,32.35,-34.35,0.593,-0.598,-55157,55071,7.58,272.2,-77.561,2217.914,1,1,1
59365966,58066,3,35.00,-35.00,32.75,-33.71,0.593,-0.600,-55134,55049,7.59,277.2,-71.768,2217.198,1,1,1
59375973,58076,3,35.00,-35.00,33.03,-33.27,0.593,-0.603,-55111,55027,7.58,276.2,-74.329,2216.455,1,1,1
59385986,58086,3,35.00,-35.00,33.67,-32.96,0.590,-0.604,-55087,55005,7.58,281.8,-81.341,2215.643,1,1,1
59395993,58096,3,35.00,-35.00,34.12,-32.74,0.589,-0.606,-55063,54983,7.58,277.5,-88.841,2214.755,1,1,1
59406001,58107,3,35.00,-35.00,34.43,-32.58,0.588,-0.607,-55039,54961,7.58,278.5,-94.451,2213.811,1,1,1
59416004,58117,3,35.00,-35.00,34.65,-32.92,0.587,-0.607,-55015,54938,7.58,280.8,-99.085,2212.821,1,1,1
59426017,58127,3,35.00,-35.00,35.68,-33.15,0.584,-0.607,-54989,54915,7.58,279.5,-101.829,2211.804,1,1,1
59436031,58137,3,35.00,-35.00,35.96,-33.75,0.582,-0.605,-54964,54891,7.59,279.8,-99.573,2210.809,1,1,1
59446042,58147,3,35.00,-35.00,35.28,-34.17,0.584,-0.604,-54941,54867,7.59,271.8,-92.805,2209.882,1,1,1
59456047,58157,3,35.00,-35.00,33.49,-34.47,0.591,-0.603,-54921,54843,7.58,277.2,-85.000,2209.032,1,1,1
59466055,58167,3,35.00,-35.00,33.55,-33.80,0.591,-0.605,-54898,54821,7.58,275.8,-77.744,2208.256,1,1,1
59476057,58177,3,35.00,-35.00,33.15,-33.32,0.593,-0.607,-54876,54799,7.58,282.0,-75.244,2207.504,1,1,1
59486062,58187,3,35.00,-35.00,33.75,-33.43,0.591,-0.608,-54852,54776,7.58,279.0,-80.244,2206.703,1,1,1
59496064,58197,3,35.00,-35.00,34.61,-33.51,0.588,-0.608,-54827,54753,7.58,280.2,-87.683,2205.827,1,1,1
59506064,58207,3,35.00,-35.00,34.78,-33.57,0.587,-0.608,-54803,54730,7.58,277.8,-92.866,2204.899,1,1,1
59516076,58217,3,35.00,-35.00,36.21,-33.60,0.582,-0.609,-54776,54707,7.58,280.2,-96.463,2203.935,1,1,1
59526077,58227,3,35.00,-35.00,36.77,-34.07,0.580,-0.608,-54750,54683,7.58,278.8,-97.317,2202.963,1,1,1
59536088,58237,3,35.00,-35.00,35.41,-34.83,0.584,-0.605,-54728,54658,7.58,274.8,-95.427,2202.009,1,1,1
59546099,58247,3,35.00,-35.00,33.57,-35.81,0.591,-0.601,-54708,54632,7.58,281.0,-90.610,2201.104,1,1,1
59556099,58257,3,35.00,-35.00,33.61,-35.61,0.591,-0.602,-54685,54608,7.58,273.2,-84.268,2200.262,1,1,1
59566100,58267,3,35.00,-35.00,34.07,-34.60,0.590,-0.605,-54661,54586,7.58,281.0,-83.354,2199.429,1,1,1
59576112,58277,3,35.00,-35.00,33.96,-34.33,0.591,-0.606,-54638,54563,7.58,277.2,-90.183,2198.528,1,1,1
59586117,58287,3,35.00,-35.00,34.76,-35.01,0.588,-0.604,-54613,54538,7.58,283.2,-99.817,2197.531,1,1,1
59596125,58297,3,35.00,-35.00,35.32,-35.06,0.586,-0.604,-54588,54514,7.58,275.0,-104.329,2196.489,1,1,1
59606125,58307,3,35.00,-35.00,36.15,-35.09,0.583,-0.604,-54562,54490,7.58,282.8,-104.329,2195.446,1,1,1
59616125,58317,3,35.00,-35.00,36.29,-35.55,0.582,-0.603,-54537,54465,7.58,272.8,-103.902,2194.408,1,1,1
59626134,58327,3,35.00,-35.00,35.95,-36.31,0.583,-0.600,-54513,54439,7.59,274.0,-103.720,2193.371,1,1,1
59636147,58337,3,35.00,-35.00,34.39,-36.40,0.589,-0.598,-54492,54414,7.59,274.5,-100.732,2192.365,1,1,1
59646147,58347,3,35.00,-35.00,33.30,-36.47,0.593,-0.597,-54471,54389,7.58,273.2,-93.537,2191.430,1,1,1
59656158,58357,3,35.00,-35.00,34.30,-36.07,0.590,-0.598,-54446,54365,7.58,278.2,-88.659,2190.544,1,1,1
59666171,58367,3,35.00,-35.00,34.56,-36.24,0.590,-0.597,-54422,54340,7.58,271.5,-90.793,2189.637,1,1,1
59676180,58377,3,35.00,-35.00,34.74,-36.35,0.589,-0.597,-54398,54315,7.58,274.8,-96.098,2188.677,1,1,1
59686188,58387,3,35.00,-35.00,34.42,-35.99,0.590,-0.597,-54375,54291,7.58,277.2,-99.939,2187.678,1,1,1
59696195,58397,3,35.00,-35.00,34.64,-35.74,0.590,-0.598,-54351,54267,7.58,275.8,-103.476,2186.645,1,1,1
59706208,58407,3,35.00,-35.00,35.68,-35.57,0.586,-0.599,-54325,54243,7.58,279.5,-105.732,2185.588,1,1,1
59716208,58417,3,35.00,-35.00,35.08,-35.88,0.588,-0.597,-54302,54218,7.58,272.2,-107.805,2184.511,1,1,1
59726219,58427,3,35.00,-35.00,35.54,-36.10,0.587,-0.596,-54277,54193,7.58,274.8,-104.817,2183.464,1,1,1
59736226,58437,3,35.00,-35.00,34.55,-37.58,0.591,-0.591,-54255,54165,7.58,269.5,-95.793,2182.507,1,1,1
59746237,58447,3,35.00,-35.00,34.73,-36.41,0.590,-0.593,-54231,54142,7.59,276.0,-93.963,2181.568,1,1,1
59756249,58457,3,35.00,-35.00,34.86,-35.60,0.590,-0.596,-54207,54119,7.58,270.8,-91.220,2180.656,1,1,1
59766249,58467,3,35.00,-35.00,34.51,-35.90,0.591,-0.595,-54184,54094,7.58,277.5,-92.012,2179.737,1,1,1
59776253,58477,3,35.00,-35.00,34.70,-36.56,0.591,-0.592,-54160,54068,7.58,275.5,-96.037,2178.778,1,1,1
59786253,58487,3,35.00,-35.00,35.28,-36.14,0.589,-0.593,-54135,54044,7.58,274.8,-101.402,2177.764,1,1,1
59796260,58497,3,35.00,-35.00,35.68,-36.28,0.588,-0.592,-54110,54019,7.58,275.5,-102.988,2176.735,1,1,1
59806271,58507,3,35.00,-35.00,35.96,-35.94,0.586,-0.593,-54085,53995,7.58,270.8,-103.293,2175.703,1,1,1
59816277,58517,3,35.00,-35.00,36.16,-36.15,0.585,-0.592,-54060,53970,7.59,277.0,-104.024,2174.664,1,1,1
59826277,58527,3,35.00,-35.00,35.86,-36.29,0.586,-0.591,-54036,53945,7.59,268.2,-105.366,2173.611,1,1,1
59836286,58537,3,35.00,-35.00,34.33,-35.51,0.592,-0.593,-54015,53922,7.58,267.2,-102.195,2172.590,1,1,1
59846299,58547,3,35.00,-35.00,34.58,-35.40,0.591,-0.593,-53991,53898,7.58,271.2,-93.780,2171.653,1,1,1
59856313,58557,3,35.00,-35.00,34.75,-35.33,0.590,-0.594,-53967,53874,7.58,279.8,-90.549,2170.748,1,1,1
59866323,58567,3,35.00,-35.00,34.87,-35.72,0.590,-0.592,-53943,53849,7.58,270.8,-96.341,2169.785,1,1,1
59876331,58577,3,35.00,-35.00,35.40,-35.55,0.589,-0.593,-53918,53825,7.58,276.8,-103.659,2168.749,1,1,1
59886344,58587,3,35.00,-35.00,35.76,-34.99,0.587,-0.595,-53893,53802,7.58,272.5,-106.829,2167.682,1,1,1
59896347,58597,3,35.00,-35.00,36.46,-35.48,0.584,-0.593,-53867,53777,7.59,273.0,-107.195,2166.611,1,1,1
59906355,58607,3,35.00,-35.00,36.95,-35.38,0.582,-0.594,-53841,53753,7.58,274.0,-107.683,2165.535,1,1,1
59916368,58617,3,35.00,-35.00,35.97,-35.75,0.585,-0.592,-53818,53728,7.59,267.0,-107.378,2164.462,1,1,1
59926377,58627,3,35.00,-35.00,33.97,-35.58,0.592,-0.592,-53798,53704,7.59,275.8,-104.329,2163.419,1,1,1
59936383,58637,3,35.00,-35.00,34.33,-35.01,0.591,-0.594,-53774,53681,7.58,268.5,-100.610,2162.414,1,1,1
59946392,58647,3,35.00,-35.00,35.45,-34.61,0.587,-0.595,-53748,53658,7.58,278.5,-96.037,2161.455,1,1,1
59956405,58657,3,35.00,-35.00,35.36,-33.90,0.587,-0.598,-53724,53636,7.58,274.0,-94.146,2160.514,1,1,1
59966420,58667,3,35.00,-35.00,34.86,-34.28,0.588,-0.597,-53701,53612,7.58,268.8,-95.122,2159.563,1,1,1
59976420,58677,3,35.00,-35.00,35.39,-34.98,0.587,-0.595,-53676,53587,7.59,273.2,-98.720,2158.577,1,1,1
59986420,58687,3,35.00,-35.00,36.20,-35.03,0.584,-0.595,-53650,53563,7.58,270.0,-102.378,2157.554,1,1,1
59996427,58697,3,35.00,-35.00,36.33,-34.63,0.583,-0.597,-53625,53540,7.58,272.8,-105.000,2156.505,1,1,1
60006429,58707,3,35.00,-35.00,36.41,-34.79,0.582,-0.596,-53600,53516,7.59,269.2,-106.707,2155.439,1,1,1
60016431,58717,3,35.00,-35.00,34.72,-34.46,0.587,-0.597,-53579,53493,7.59,273.2,-105.854,2154.381,1,1,1
60026438,58727,3,35.00,-35.00,34.41,-34.23,0.588,-0.598,-53556,53470,7.58,270.2,-101.829,2153.364,1,1,1
60036444,58737,3,35.00,-35.00,35.07,-33.63,0.586,-0.600,-53531,53448,7.59,275.0,-96.829,2152.396,1,1,1
60046444,58747,3,35.00,-35.00,35.10,-33.65,0.586,-0.601,-53507,53425,7.58,273.0,-96.402,2151.433,1,1,1
60056450,58757,3,35.00,-35.00,35.56,-34.10,0.584,-0.600,-53482,53401,7.58,272.2,-100.793,2150.426,1,1,1
60066451,58767,3,35.00,-35.00,35.00,-34.42,0.586,-0.599,-53459,53377,7.59,275.0,-104.817,2149.379,1,1,1
60076453,58777,3,35.00,-35.00,34.60,-33.76,0.587,-0.602,-53436,53355,7.58,274.2,-105.000,2148.330,1,1,1
60086453,58787,3,35.00,-35.00,34.33,-34.62,0.588,-0.599,-53413,53330,7.58,280.8,-105.061,2147.280,1,1,1
60096465,58797,3,35.00,-35.00,34.58,-34.78,0.588,-0.599,-53389,53306,7.58,270.5,-105.976,2146.221,1,1,1
60106474,58807,3,35.00,-35.00,33.87,-34.01,0.590,-0.601,-53367,53284,7.58,279.5,-106.280,2145.159,1,1,1
60116483,58817,3,35.00,-35.00,33.38,-33.92,0.592,-0.602,-53345,53261,7.58,277.0,-105.854,2144.101,1,1,1
60126496,58827,3,35.00,-35.00,33.47,-33.85,0.592,-0.602,-53322,53238,7.59,280.2,-103.354,2143.069,1,1,1
60136498,58837,3,35.00,-35.00,33.54,-33.36,0.592,-0.604,-53299,53216,7.58,276.8,-98.476,2142.085,1,1,1
60146503,58847,3,35.00,-35.00,34.02,-33.02,0.591,-0.606,-53275,53194,7.58,283.8,-97.378,2141.112,1,1,1
60156511,58857,3,35.00,-35.00,33.92,-34.10,0.592,-0.603,-53252,53169,7.58,278.5,-101.280,2140.100,1,1,1
60166526,58867,3,35.00,-35.00,34.29,-33.98,0.591,-0.603,-53228,53146,7.58,280.5,-107.134,2139.029,1,1,1
60176537,58877,3,35.00,-35.00,34.99,-33.89,0.588,-0.604,-53203,53123,7.58,280.5,-110.793,2137.922,1,1,1
60186537,58887,3,35.00,-35.00,35.04,-34.27,0.588,-0.603,-53179,53099,7.58,275.8,-112.744,2136.795,1,1,1
60196544,58897,3,35.00,-35.00,35.95,-34.98,0.584,-0.601,-53153,53074,7.59,279.2,-114.878,2135.647,1,1,1
60206544,58907,3,35.00,-35.00,37.47,-34.59,0.579,-0.603,-53125,53051,7.58,271.8,-115.549,2134.493,1,1,1
60216544,58917,3,35.00,-35.00,35.46,-34.76,0.585,-0.602,-53104,53027,7.59,274.8,-110.732,2133.386,1,1,1
60226544,58927,3,35.00,-35.00,33.61,-34.88,0.592,-0.601,-53084,53003,7.58,270.0,-101.890,2132.368,1,1,1
60236545,58937,3,35.00,-35.00,33.63,-34.08,0.592,-0.604,-53061,52981,7.58,280.0,-93.841,2131.431,1,1,1
60246556,58947,3,35.00,-35.00,34.09,-33.97,0.591,-0.605,-53037,52958,7.58,283.2,-89.878,2130.533,1,1,1
60256559,58957,3,35.00,-35.00,34.41,-34.32,0.590,-0.604,-53013,52934,7.58,277.0,-92.622,2129.607,1,1,1
60266572,58967,3,35.00,-35.00,35.51,-34.57,0.586,-0.604,-52987,52910,7.58,281.0,-98.841,2128.620,1,1,1
60276586,58977,3,35.00,-35.00,36.29,-35.19,0.583,-0.602,-52961,52885,7.58,273.0,-104.756,2127.573,1,1,1
60286596,58987,3,35.00,-35.00,36.83,-35.62,0.581,-0.600,-52935,52860,7.59,278.5,-107.683,2126.497,1,1,1
60296607,58997,3,35.00,-35.00,35.45,-36.36,0.586,-0.597,-52913,52834,7.59,266.5,-106.951,2125.429,1,1,1
60306617,59007,3,35.00,-35.00,33.60,-36.00,0.592,-0.598,-52893,52810,7.59,274.2,-104.146,2124.388,1,1,1
60316622,59017,3,35.00,-35.00,33.63,-36.18,0.593,-0.597,-52870,52785,7.58,276.0,-98.354,2123.405,1,1,1
60326633,59027,3,35.00,-35.00,34.09,-35.44,0.591,-0.599,-52846,52762,7.58,274.2,-90.610,2122.500,1,1,1
60336636,59037,3,35.00,-35.00,34.85,-35.35,0.590,-0.600,-52821,52738,7.57,277.2,-90.549,2121.595,1,1,1
60346648,59047,3,35.00,-35.00,34.50,-35.73,0.591,-0.598,-52798,52713,7.58,269.5,-95.183,2120.644,1,1,1
60356652,59057,3,35.00,-35.00,34.70,-35.56,0.590,-0.598,-52774,52689,7.58,279.0,-101.037,2119.635,1,1,1
60366655,59067,3,35.00,-35.00,36.15,-36.32,0.585,-0.595,-52747,52663,7.59,271.8,-105.793,2118.578,1,1,1
60376663,59077,3,35.00,-35.00,36.29,-36.85,0.585,-0.593,-52722,52637,7.58,271.5,-108.476,2117.494,1,1,1
60386671,59087,3,35.00,-35.00,35.07,-37.66,0.589,-0.589,-52700,52610,7.58,267.0,-107.927,2116.415,1,1,1
60396678,59097,3,35.00,-35.00,33.78,-37.35,0.594,-0.589,-52679,52585,7.59,272.8,-104.878,2115.367,1,1,1
60406685,59107,3,35.00,-35.00,33.75,-36.69,0.594,-0.590,-52656,52561,7.59,270.8,-97.622,2114.392,1,1,1
60416693,59117,3,35.00,-35.00,34.17,-35.79,0.593,-0.593,-52632,52538,7.58,273.5,-89.207,2113.501,1,1,1
60426706,59127,3,35.00,-35.00,34.47,-35.60,0.592,-0.594,-52608,52514,7.58,272.8,-88.963,2112.612,1,1,1
60436709,59137,3,35.00,-35.00,34.68,-36.35,0.592,-0.591,-52584,52488,7.58,272.5,-94.634,2111.666,1,1,1
60446721,59147,3,35.00,-35.00,34.38,-35.55,0.593,-0.593,-52561,52465,7.59,274.0,-101.585,2110.651,1,1,1
60456728,59157,3,35.00,-35.00,36.37,-36.75,0.587,-0.589,-52533,52438,7.58,269.8,-105.366,2109.598,1,1,1
60466728,59167,3,35.00,-35.00,37.32,-37.15,0.583,-0.587,-52506,52412,7.59,274.2,-105.549,2108.544,1,1,1
60476731,59177,3,35.00,-35.00,35.80,-36.99,0.588,-0.587,-52484,52387,7.59,261.8,-102.927,2107.515,1,1,1
60486739,59187,3,35.00,-35.00,34.29,-37.32,0.593,-0.584,-52463,52361,7.59,270.2,-98.354,2106.532,1,1,1
60496743,59197,3,35.00,-35.00,34.11,-37.11,0.594,-0.584,-52440,52336,7.59,267.2,-90.915,2105.624,1,1,1
60506751,59207,3,35.00,-35.00,33.98,-36.52,0.595,-0.586,-52417,52312,7.59,274.8,-85.244,2104.772,1,1,1
60516759,59217,3,35.00,-35.00,34.77,-36.55,0.593,-0.585,-52392,52287,7.58,268.8,-85.183,2103.921,1,1,1
60526765,59227,3,35.00,-35.00,34.89,-36.57,0.593,-0.585,-52368,52262,7.58,273.8,-90.854,2103.014,1,1,1
60536765,59237,3,35.00,-35.00,34.53,-36.15,0.594,-0.586,-52345,52238,7.58,274.2,-98.293,2102.031,1,1,1
60546769,59247,3,35.00,-35.00,35.16,-36.73,0.592,-0.584,-52320,52212,7.58,268.0,-102.805,2101.004,1,1,1
60556782,59257,3,35.00,-35.00,36.04,-37.14,0.589,-0.582,-52294,52186,7.59,273.8,-104.634,2099.959,1,1,1
60566791,59267,3,35.00,-35.00,39.73,-36.54,0.576,-0.586,-52261,52162,7.58,263.2,-102.744,2098.932,1,1,1
60576803,59277,3,35.00,-35.00,37.92,-36.13,0.580,-0.586,-52238,52138,7.59,265.5,-97.866,2097.954,1,1,1
60586807,59287,3,35.00,-35.00,35.33,-36.27,0.589,-0.585,-52218,52113,7.59,266.0,-90.793,2097.047,1,1,1
60596812,59297,3,35.00,-35.00,34.40,-36.82,0.592,-0.583,-52196,52087,7.59,270.8,-86.098,2096.187,1,1,1
60606822,59307,3,35.00,-35.00,34.63,-36.76,0.592,-0.583,-52172,52062,7.59,274.0,-84.024,2095.348,1,1,1
60616822,59317,3,35.00,-35.00,34.79,-37.16,0.592,-0.582,-52148,52036,7.59,268.2,-84.329,2094.505,1,1,1
60626822,59327,3,35.00,-35.00,35.78,-36.56,0.588,-0.584,-52122,52012,7.59,272.8,-91.402,2093.592,1,1,1
60636830,59337,3,35.00,-35.00,36.47,-36.58,0.586,-0.584,-52096,51987,7.58,265.2,-98.110,2092.612,1,1,1
60646830,59347,3,35.00,-35.00,37.39,-37.47,0.582,-0.581,-52069,51960,7.59,270.0,-100.976,2091.603,1,1,1
60656841,59357,3,35.00,-35.00,36.28,-37.21,0.586,-0.582,-52046,51935,7.59,261.0,-100.549,2090.598,1,1,1
60666850,59367,3,35.00,-35.00,35.94,-36.16,0.587,-0.585,-52022,51912,7.58,270.2,-95.671,2089.642,1,1,1
60676858,59377,3,35.00,-35.00,35.27,-35.42,0.588,-0.587,-51999,51889,7.59,265.0,-85.366,2088.789,1,1,1
60686860,59387,3,35.00,-35.00,35.67,-34.90,0.587,-0.589,-51974,51866,7.58,272.2,-78.171,2088.008,1,1,1
60696867,59397,3,35.00,-35.00,35.96,-35.42,0.586,-0.588,-51949,51841,7.58,272.2,-88.171,2087.127,1,1,1
60706873,59407,3,35.00,-35.00,36.16,-36.22,0.585,-0.585,-51924,51815,7.58,269.8,-98.841,2086.140,1,1,1
60716880,59417,3,35.00,-35.00,36.30,-36.34,0.584,-0.585,-51899,51790,7.58,271.2,-104.573,2085.095,1,1,1
60726894,59427,3,35.00,-35.00,36.39,-36.42,0.584,-0.585,-51874,51765,7.58,266.2,-105.915,2084.037,1,1,1
60736906,59437,3,35.00,-35.00,36.46,-36.48,0.584,-0.584,-51849,51740,7.58,272.8,-103.171,2083.006,1,1,1
60746910,59447,3,35.00,-35.00,38.27,-36.52,0.578,-0.585,-51820,51715,7.58,265.0,-98.537,2082.021,1,1,1
60756910,59457,3,35.00,-35.00,36.89,-36.11,0.582,-0.586,-51797,51691,7.59,266.0,-92.866,2081.093,1,1,1
60766918,59467,3,35.00,-35.00,35.49,-35.39,0.586,-0.588,-51775,51668,7.59,265.0,-85.610,2080.238,1,1,1
60776918,59477,3,35.00,-35.00,34.51,-34.44,0.589,-0.591,-51753,51646,7.58,274.5,-76.890,2079.470,1,1,1
60786921,59487,3,35.00,-35.00,34.71,-34.65,0.589,-0.591,-51729,51622,7.58,271.2,-73.780,2078.733,1,1,1
60796926,59497,3,35.00,-35.00,34.84,-35.24,0.589,-0.589,-51705,51597,7.58,273.2,-81.951,2077.914,1,1,1
60806933,59507,3,35.00,-35.00,35.38,-35.22,0.587,-0.589,-51680,51573,7.58,273.5,-94.878,2076.966,1,1,1
60816936,59517,3,35.00,-35.00,36.19,-35.64,0.584,-0.588,-51654,51548,7.58,271.5,-103.902,2075.928,1,1,1
60826941,59527,3,35.00,-35.00,36.76,-35.49,0.582,-0.588,-51628,51524,7.58,275.5,-107.134,2074.857,1,1,1
60836941,59537,3,35.00,-35.00,39.35,-35.39,0.574,-0.590,-51597,51500,7.58,267.5,-104.085,2073.817,1,1,1
60846948,59547,3,35.00,-35.00,41.17,-35.32,0.566,-0.590,-51566,51476,7.59,268.2,-100.061,2072.818,1,1,1
60856951,59557,3,35.00,-35.00,40.25,-35.71,0.569,-0.589,-51540,51451,7.59,261.2,-97.195,2071.846,1,1,1
60866955,59567,3,35.00,-35.00,37.84,-35.11,0.576,-0.591,-51518,51428,7.59,259.0,-89.451,2070.953,1,1,1
60876966,59577,3,35.00,-35.00,35.28,-34.68,0.585,-0.592,-51498,51405,7.59,267.8,-80.305,2070.150,1,1,1
60886979,59587,3,35.00,-35.00,31.72,-34.38,0.598,-0.592,-51482,51382,7.58,268.8,-72.256,2069.429,1,1,1
60896988,59597,3,35.00,-35.00,31.88,-34.18,0.598,-0.593,-51460,51359,7.58,277.5,-68.476,2068.745,1,1,1
60906994,59607,3,35.00,-35.00,33.30,-34.47,0.594,-0.593,-51435,51335,7.58,273.8,-72.134,2068.024,1,1,1
60916994,59617,3,35.00,-35.00,35.17,-34.68,0.588,-0.592,-51408,51311,7.58,280.2,-83.415,2067.191,1,1,1
60927004,59628,3,35.00,-35.00,35.17,-34.82,0.588,-0.592,-51384,51287,7.58,270.0,-91.524,2066.277,1,1,1
60937004,59638,3,35.00,-35.00,35.60,-34.92,0.586,-0.592,-51359,51263,7.58,278.2,-96.280,2065.315,1,1,1
60947017,59648,3,35.00,-35.00,37.23,-34.99,0.580,-0.592,-51331,51239,7.58,270.8,-97.195,2064.344,1,1,1
60957023,59658,3,35.00,-35.00,36.17,-35.04,0.583,-0.591,-51308,51215,7.59,269.5,-92.134,2063.423,1,1,1
60967024,59668,3,35.00,-35.00,34.55,-34.64,0.588,-0.593,-51287,51192,7.59,270.2,-86.829,2062.556,1,1,1
60977034,59678,3,35.00,-35.00,34.73,-33.91,0.588,-0.596,-51263,51170,7.58,270.8,-80.427,2061.752,1,1,1
60987039,59688,3,35.00,-35.00,34.86,-33.41,0.587,-0.598,-51239,51148,7.58,275.5,-77.866,2060.974,1,1,1
60997053,59698,3,35.00,-35.00,34.95,-33.05,0.587,-0.600,-51215,51126,7.58,270.8,-82.561,2060.150,1,1,1
61007062,59708,3,35.00,-35.00,35.45,-33.24,0.585,-0.600,-51190,51103,7.58,278.8,-90.915,2059.241,1,1,1
61017076,59718,3,35.00,-35.00,35.80,-33.38,0.583,-0.600,-51165,51080,7.58,270.5,-97.927,2058.263,1,1,1
61027076,59728,3,35.00,-35.00,37.37,-33.03,0.577,-0.603,-51137,51058,7.58,276.8,-100.610,2057.257,1,1,1
61037079,59738,3,35.00,-35.00,37.14,-33.67,0.577,-0.601,-51112,51034,7.58,270.0,-98.293,2056.275,1,1,1
61047079,59748,3,35.00,-35.00,36.55,-34.56,0.579,-0.599,-51088,51009,7.58,276.5,-94.329,2055.333,1,1,1
61057092,59758,3,35.00,-35.00,33.93,-34.30,0.588,-0.599,-51069,50986,7.58,266.8,-88.293,2054.451,1,1,1
61067100,59768,3,35.00,-35.00,32.98,-33.68,0.591,-0.601,-51048,50964,7.58,276.0,-79.573,2053.656,1,1,1
61077116,59778,3,35.00,-35.00,33.19,-33.24,0.591,-0.603,-51025,50942,7.58,274.8,-74.634,2052.910,1,1,1
61087119,59788,3,35.00,-35.00,33.78,-32.94,0.589,-0.605,-51001,50920,7.58,278.8,-78.110,2052.130,1,1,1
61097128,59798,3,35.00,-35.00,34.63,-32.72,0.587,-0.606,-50976,50898,7.58,279.8,-87.988,2051.251,1,1,1
61107134,59808,3,35.00,-35.00,34.79,-32.57,0.586,-0.608,-50952,50876,7.58,277.2,-97.378,2050.278,1,1,1
61117141,59818,3,35.00,-35.00,35.78,-32.91,0.582,-0.608,-50926,50853,7.58,284.0,-101.646,2049.262,1,1,1
61127141,59828,3,35.00,-35.00,36.91,-32.70,0.578,-0.610,-50899,50831,7.58,274.8,-103.049,2048.232,1,1,1
61137147,59838,3,35.00,-35.00,38.14,-33.00,0.572,-0.610,-50871,50808,7.58,271.8,-102.439,2047.209,1,1,1
61147150,59848,3,35.00,-35.00,37.25,-34.09,0.575,-0.607,-50847,50783,7.58,276.0,-100.244,2046.207,1,1,1
61157150,59858,3,35.00,-35.00,35.30,-35.29,0.581,-0.602,-50826,50757,7.58,270.8,-96.098,2045.247,1,1,1
61167158,59868,3,35.00,-35.00,33.06,-34.81,0.589,-0.603,-50807,50734,7.58,276.2,-88.537,2044.363,1,1,1
61177165,59878,3,35.00,-35.00,32.37,-34.03,0.592,-0.606,-50786,50712,7.58,272.2,-80.732,2043.556,1,1,1
61187173,59888,3,35.00,-35.00,32.33,-33.05,0.593,-0.609,-50764,50691,7.58,282.2,-75.976,2042.797,1,1,1
61197180,59898,3,35.00,-35.00,33.62,-33.24,0.589,-0.610,-50739,50668,7.58,279.5,-79.268,2042.005,1,1,1
61207192,59908,3,35.00,-35.00,34.52,-32.94,0.586,-0.612,-50714,50646,7.57,283.2,-87.866,2041.127,1,1,1
61217201,59918,3,35.00,-35.00,36.03,-33.60,0.581,-0.610,-50687,50622,7.58,276.8,-94.878,2040.179,1,1,1
61227208,59928,3,35.00,-35.00,37.96,-33.63,0.573,-0.611,-50658,50599,7.58,278.5,-96.951,2039.211,1,1,1
61237219,59938,3,35.00,-35.00,36.68,-34.53,0.578,-0.609,-50635,50574,7.57,275.8,-96.524,2038.246,1,1,1
61247225,59948,3,35.00,-35.00,34.47,-35.59,0.585,-0.604,-50615,50548,7.58,272.5,-94.817,2037.299,1,1,1
61257238,59958,3,35.00,-35.00,33.79,-35.46,0.587,-0.604,-50593,50524,7.58,277.5,-90.793,2036.392,1,1,1
61267238,59968,3,35.00,-35.00,34.20,-35.37,0.586,-0.604,-50569,50500,7.58,276.2,-87.561,2035.517,1,1,1
61277238,59978,3,35.00,-35.00,34.93,-34.87,0.584,-0.606,-50544,50477,7.58,280.2,-88.720,2034.631,1,1,1
61287247,59988,3,35.00,-35.00,35.00,-34.95,0.584,-0.606,-50520,50453,7.58,273.5,-93.049,2033.701,1,1,1
61297249,59998,3,35.00,-35.00,35.04,-35.45,0.584,-0.604,-50496,50428,7.58,279.0,-97.622,2032.725,1,1,1
61307262,60008,3,35.00,-35.00,35.96,-35.36,0.580,-0.605,-50470,50404,7.58,271.2,-102.561,2031.701,1,1,1
61317262,60018,3,35.00,-35.00,36.60,-35.74,0.578,-0.603,-50444,50379,7.58,276.8,-104.573,2030.656,1,1,1
61327262,60028,3,35.00,-35.00,35.72,-36.01,0.580,-0.602,-50421,50354,7.58,270.2,-103.963,2029.617,1,1,1
61337263,60038,3,35.00,-35.00,35.11,-36.63,0.583,-0.600,-50398,50328,7.57,270.2,-103.110,2028.587,1,1,1
61347271,60048,3,35.00,-35.00,35.13,-36.63,0.583,-0.598,-50374,50303,7.59,267.0,-98.232,2027.605,1,1,1
61357271,60058,3,35.00,-35.00,35.14,-36.19,0.583,-0.600,-50350,50279,7.58,272.2,-94.024,2026.666,1,1,1
61367283,60068,3,35.00,-35.00,35.58,-36.32,0.581,-0.599,-50325,50254,7.58,271.8,-94.146,2025.725,1,1,1
61377283,60078,3,35.00,-35.00,35.45,-36.85,0.582,-0.597,-50301,50228,7.58,267.5,-99.390,2024.732,1,1,1
61387287,60088,3,35.00,-35.00,34.93,-36.78,0.584,-0.596,-50278,50203,7.58,270.8,-105.000,2023.683,1,1,1
61397291,60098,3,35.00,-35.00,35.87,-36.29,0.580,-0.597,-50252,50179,7.59,269.2,-107.439,2022.609,1,1,1
61407292,60108,3,35.00,-35.00,36.54,-35.51,0.578,-0.600,-50226,50156,7.58,270.0,-107.317,2021.537,1,1,1
61417299,60118,3,35.00,-35.00,35.68,-36.28,0.581,-0.597,-50203,50130,7.59,273.0,-107.195,2020.466,1,1,1
61427307,60128,3,35.00,-35.00,35.09,-37.26,0.583,-0.593,-50180,50103,7.58,263.0,-106.098,2019.405,1,1,1
61437314,60138,3,35.00,-35.00,34.67,-37.51,0.585,-0.591,-50157,50077,7.59,271.0,-100.244,2018.404,1,1,1
61447323,60148,3,35.00,-35.00,35.25,-36.80,0.583,-0.593,-50132,50053,7.58,265.8,-94.390,2017.461,1,1,1
61457323,60158,3,35.00,-35.00,35.66,-35.87,0.581,-0.596,-50107,50030,7.59,272.0,-92.439,2016.537,1,1,1
61467323,60168,3,35.00,-35.00,35.51,-36.10,0.582,-0.595,-50083,50005,7.58,265.5,-93.841,2015.599,1,1,1
61477331,60178,3,35.00,-35.00,35.40,-36.25,0.582,-0.594,-50059,49980,7.58,274.8,-96.646,2014.634,1,1,1
61487332,60188,3,35.00,-35.00,35.77,-36.36,0.581,-0.593,-50034,49955,7.58,266.8,-100.366,2013.631,1,1,1
61497338,60198,3,35.00,-35.00,36.03,-36.00,0.580,-0.594,-50009,49931,7.58,269.5,-102.927,2012.603,1,1,1
61507347,60208,3,35.00,-35.00,35.76,-36.19,0.581,-0.593,-49985,49906,7.59,270.8,-104.573,2011.558,1,1,1
61517353,60218,3,35.00,-35.00,36.46,-36.32,0.579,-0.592,-49959,49881,7.58,268.2,-106.829,2010.490,1,1,1
61527353,60228,3,35.00,-35.00,36.07,-36.85,0.581,-0.590,-49935,49855,7.58,266.2,-109.085,2009.400,1,1,1
61537353,60238,3,35.00,-35.00,35.36,-37.22,0.583,-0.588,-49912,49829,7.58,264.0,-106.890,2008.332,1,1,1
61547353,60248,3,35.00,-35.00,34.86,-35.28,0.584,-0.594,-49889,49808,7.59,271.0,-100.122,2007.332,1,1,1
61557362,60258,3,35.00,-35.00,35.39,-34.37,0.583,-0.598,-49864,49786,7.58,267.5,-94.878,2006.384,1,1,1
61567362,60268,3,35.00,-35.00,35.32,-35.04,0.583,-0.595,-49840,49761,7.59,270.8,-95.549,2005.429,1,1,1
61577375,60278,3,35.00,-35.00,36.15,-35.52,0.580,-0.594,-49814,49736,7.58,268.8,-101.220,2004.417,1,1,1
61587377,60288,3,35.00,-35.00,36.29,-35.41,0.579,-0.594,-49789,49712,7.59,271.8,-104.512,2003.373,1,1,1
61597377,60298,3,35.00,-35.00,36.39,-34.89,0.579,-0.596,-49764,49689,7.58,265.8,-104.695,2002.327,1,1,1
61607382,60308,3,35.00,-35.00,36.46,-35.41,0.579,-0.594,-49739,49664,7.58,268.8,-105.244,2001.275,1,1,1
61617385,60318,3,35.00,-35.00,35.19,-35.33,0.583,-0.594,-49717,49640,7.58,268.0,-105.610,2000.220,1,1,1
61627392,60328,3,35.00,-35.00,34.74,-36.16,0.585,-0.591,-49694,49614,7.58,270.2,-103.537,1999.186,1,1,1
61637405,60338,3,35.00,-35.00,35.74,-34.54,0.581,-0.597,-49668,49593,7.58,273.0,-103.659,1998.150,1,1,1
61647407,60348,3,35.00,-35.00,36.01,-34.29,0.580,-0.598,-49643,49570,7.58,266.5,-104.573,1997.105,1,1,1
61657420,60358,3,35.00,-35.00,35.75,-33.67,0.580,-0.600,-49619,49548,7.59,271.8,-102.012,1996.086,1,1,1
61667422,60368,3,35.00,-35.00,36.45,-34.11,0.578,-0.600,-49593,49524,7.58,268.8,-101.280,1995.074,1,1,1
61677435,60378,3,35.00,-35.00,36.94,-34.43,0.576,-0.599,-49567,49500,7.59,272.2,-102.805,1994.046,1,1,1
61687435,60388,3,35.00,-35.00,36.85,-34.21,0.576,-0.600,-49542,49477,7.58,268.8,-104.329,1993.004,1,1,1
61697438,60398,3,35.00,-35.00,36.78,-34.05,0.576,-0.601,-49517,49454,7.58,269.2,-104.878,1991.956,1,1,1
61707438,60408,3,35.00,-35.00,34.97,-34.82,0.582,-0.598,-49496,49429,7.59,273.2,-105.732,1990.899,1,1,1
61717438,60418,3,35.00,-35.00,34.59,-34.48,0.583,-0.600,-49473,49406,7.58,267.0,-103.841,1989.862,1,1,1
61727444,60428,3,35.00,-35.00,34.76,-33.81,0.582,-0.602,-49449,49384,7.59,275.8,-101.829,1988.844,1,1,1
61737458,60438,3,35.00,-35.00,35.76,-33.77,0.579,-0.604,-49423,49361,7.58,268.2,-100.793,1987.837,1,1,1
61747465,60448,3,35.00,-35.00,36.02,-32.87,0.577,-0.607,-49398,49340,7.58,275.5,-99.207,1986.846,1,1,1
61757474,60458,3,35.00,-35.00,34.88,-33.56,0.581,-0.605,-49376,49316,7.58,270.2,-97.988,1985.867,1,1,1
61767481,60468,3,35.00,-35.00,34.52,-33.60,0.582,-0.605,-49353,49293,7.58,275.5,-98.415,1984.884,1,1,1
61777495,60478,3,35.00,-35.00,34.71,-34.06,0.582,-0.604,-49329,49269,7.58,276.5,-100.732,1983.877,1,1,1
61787505,60488,3,35.00,-35.00,34.85,-34.39,0.582,-0.603,-49305,49245,7.58,275.0,-103.902,1982.839,1,1,1
61797513,60498,3,35.00,-35.00,34.50,-34.18,0.583,-0.604,-49282,49222,7.58,276.0,-106.463,1981.775,1,1,1
61807522,60508,3,35.00,-35.00,33.82,-34.47,0.586,-0.603,-49260,49198,7.58,274.0,-107.927,1980.697,1,1,1
61817529,60518,3,35.00,-35.00,34.22,-33.80,0.584,-0.606,-49236,49176,7.58,281.2,-108.049,1979.617,1,1,1
61827542,60528,3,35.00,-35.00,34.06,-33.33,0.585,-0.608,-49213,49154,7.58,273.5,-106.280,1978.555,1,1,1
61837548,60538,3,35.00,-35.00,33.95,-33.44,0.586,-0.608,-49190,49131,7.57,281.2,-101.402,1977.542,1,1,1
61847556,60548,3,35.00,-35.00,34.31,-33.51,0.585,-0.608,-49166,49108,7.58,277.0,-97.927,1976.563,1,1,1
61857559,60558,3,35.00,-35.00,34.57,-33.57,0.584,-0.609,-49142,49085,7.58,283.8,-97.988,1975.584,1,1,1
61867571,60568,3,35.00,-35.00,34.74,-34.04,0.583,-0.608,-49118,49061,7.58,275.5,-101.463,1974.570,1,1,1
61877583,60578,3,35.00,-35.00,35.31,-33.94,0.581,-0.608,-49093,49038,7.59,279.5,-104.695,1973.524,1,1,1
61887586,60588,3,35.00,-35.00,36.14,-34.30,0.578,-0.608,-49067,49014,7.58,275.8,-107.256,1972.452,1,1,1
61897589,60598,3,35.00,-35.00,37.60,-34.56,0.572,-0.607,-49039,48990,7.58,273.8,-109.695,1971.356,1,1,1
61907595,60608,3,35.00,-35.00,36.87,-34.74,0.574,-0.607,-49015,48966,7.58,273.5,-110.244,1970.255,1,1,1
61917609,60618,3,35.00,-35.00,34.60,-34.42,0.581,-0.607,-48995,48943,7.58,268.8,-107.073,1969.185,1,1,1
61927615,60628,3,35.00,-35.00,33.45,-35.08,0.586,-0.605,-48974,48918,7.58,277.0,-102.805,1968.157,1,1,1
61937622,60638,3,35.00,-35.00,33.96,-34.23,0.585,-0.608,-48950,48896,7.58,273.8,-95.549,1967.203,1,1,1
61947624,60648,3,35.00,-35.00,34.32,-33.63,0.583,-0.611,-48926,48874,7.58,281.0,-92.683,1966.277,1,1,1
61957637,60658,3,35.00,-35.00,35.01,-34.09,0.581,-0.610,-48901,48850,7.58,274.2,-96.220,1965.315,1,1,1
61967637,60668,3,35.00,-35.00,35.49,-33.97,0.579,-0.610,-48876,48827,7.58,281.0,-101.220,1964.304,1,1,1
61977645,60678,3,35.00,-35.00,36.27,-34.76,0.576,-0.608,-48850,48802,7.58,278.0,-106.280,1963.242,1,1,1
61987659,60688,3,35.00,-35.00,35.50,-35.76,0.579,-0.605,-48827,48776,7.58,273.2,-109.512,1962.147,1,1,1
61997668,60698,3,35.00,-35.00,34.08,-36.90,0.584,-0.600,-48806,48749,7.58,272.2,-109.817,1961.050,1,1,1
62007674,60708,3,35.00,-35.00,33.52,-37.25,0.587,-0.597,-48784,48723,7.58,269.0,-106.829,1959.983,1,1,1
62017674,60718,3,35.00,-35.00,33.57,-37.50,0.587,-0.596,-48761,48697,7.58,279.2,-103.598,1958.947,1,1,1
62027683,60728,3,35.00,-35.00,34.05,-35.04,0.586,-0.604,-48737,48677,7.58,269.2,-100.244,1957.946,1,1,1
62037691,60738,3,35.00,-35.00,34.82,-33.76,0.583,-0.609,-48712,48656,7.58,279.5,-101.524,1956.931,1,1,1
62047691,60748,3,35.00,-35.00,35.36,-35.06,0.581,-0.605,-48687,48630,7.58,275.2,-102.561,1955.907,1,1,1
62057698,60758,3,35.00,-35.00,36.18,-34.65,0.578,-0.606,-48661,48607,7.58,273.8,-102.073,1954.887,1,1,1
62067709,60768,3,35.00,-35.00,36.31,-35.24,0.577,-0.604,-48636,48582,7.58,275.5,-102.927,1953.858,1,1,1
62077721,60778,3,35.00,-35.00,35.09,-36.09,0.581,-0.601,-48614,48556,7.58,268.2,-103.598,1952.823,1,1,1
62087728,60788,3,35.00,-35.00,33.79,-37.13,0.586,-0.596,-48593,48529,7.58,271.8,-103.902,1951.785,1,1,1
62097731,60798,3,35.00,-35.00,32.88,-37.86,0.591,-0.592,-48572,48502,7.58,270.0,-102.073,1950.765,1,1,1
62107736,60808,3,35.00,-35.00,33.12,-37.05,0.591,-0.594,-48549,48478,7.58,275.5,-99.268,1949.773,1,1,1
62117743,60818,3,35.00,-35.00,33.73,-35.60,0.589,-0.599,-48525,48456,7.58,270.8,-93.476,1948.839,1,1,1
62127743,60828,3,35.00,-35.00,34.16,-35.03,0.588,-0.601,-48501,48433,7.58,279.2,-92.988,1947.910,1,1,1
62137751,60838,3,35.00,-35.00,34.46,-36.38,0.587,-0.596,-48477,48406,7.58,274.2,-94.451,1946.966,1,1,1
62147765,60848,3,35.00,-35.00,34.67,-35.14,0.586,-0.600,-48453,48384,7.58,273.0,-99.268,1945.975,1,1,1
62157776,60858,3,35.00,-35.00,35.69,-35.58,0.583,-0.599,-48427,48359,7.58,276.2,-103.720,1944.938,1,1,1
62167782,60868,3,35.00,-35.00,35.97,-36.77,0.582,-0.594,-48402,48332,7.58,272.5,-102.622,1943.913,1,1,1
62177791,60878,3,35.00,-35.00,34.85,-37.17,0.586,-0.592,-48380,48306,7.58,272.2,-101.463,1942.899,1,1,1
62187797,60888,3,35.00,-35.00,33.62,-37.44,0.591,-0.589,-48359,48280,7.58,267.5,-98.415,1941.916,1,1,1
62197804,60898,3,35.00,-35.00,33.64,-36.76,0.591,-0.591,-48336,48256,7.58,277.2,-91.402,1941.003,1,1,1
62207804,60908,3,35.00,-35.00,34.10,-36.28,0.590,-0.592,-48312,48232,7.58,271.2,-86.402,1940.139,1,1,1
62217815,60918,3,35.00,-35.00,34.41,-36.82,0.590,-0.590,-48288,48206,7.58,275.5,-87.439,1939.266,1,1,1
62227822,60928,3,35.00,-35.00,34.64,-36.76,0.589,-0.589,-48264,48181,7.58,269.8,-99.329,1938.273,1,1,1
62237822,60938,3,35.00,-35.00,34.79,-36.28,0.589,-0.591,-48240,48157,7.58,278.0,-102.012,1937.254,1,1,1
62247835,60948,3,35.00,-35.00,35.34,-36.82,0.587,-0.588,-48215,48131,7.58,269.8,-100.976,1936.245,1,1,1
62257837,60958,3,35.00,-35.00,35.73,-36.76,0.586,-0.588,-48190,48106,7.58,265.2,-97.927,1935.267,1,1,1
62267837,60968,3,35.00,-35.00,37.31,-36.28,0.580,-0.590,-48162,48082,7.58,269.5,-94.634,1934.321,1,1,1
62277837,60978,3,35.00,-35.00,35.79,-36.38,0.585,-0.589,-48140,48057,7.58,265.2,-90.488,1933.417,1,1,1
62287837,60988,3,35.00,-35.00,34.28,-36.45,0.590,-0.588,-48119,48032,7.58,274.5,-85.000,1932.568,1,1,1
62297845,60998,3,35.00,-35.00,34.54,-36.06,0.590,-0.589,-48095,48008,7.58,270.8,-83.110,1931.738,1,1,1
62307850,61008,3,35.00,-35.00,35.17,-36.67,0.588,-0.587,-48070,47982,7.58,271.8,-87.866,1930.860,1,1,1
62317852,61018,3,35.00,-35.00,35.60,-37.10,0.586,-0.586,-48045,47956,7.58,269.5,-94.817,1929.912,1,1,1
62327852,61028,3,35.00,-35.00,35.47,-36.51,0.587,-0.588,-48021,47932,7.58,268.2,-99.268,1928.921,1,1,1
62337852,61038,3,35.00,-35.00,35.81,-36.55,0.586,-0.588,-47996,47907,7.58,272.8,-102.012,1927.901,1,1,1
62347852,61048,3,35.00,-35.00,36.94,-36.57,0.581,-0.588,-47969,47882,7.58,269.0,-102.317,1926.879,1,1,1
62357860,61058,3,35.00,-35.00,35.96,-37.46,0.584,-0.584,-47946,47855,7.59,268.5,-99.878,1925.881,1,1,1
62367860,61068,3,35.00,-35.00,35.72,-37.21,0.585,-0.585,-47922,47830,7.58,261.8,-91.768,1924.964,1,1,1
62377865,61078,3,35.00,-35.00,35.11,-36.15,0.587,-0.588,-47899,47807,7.59,270.8,-82.683,1924.138,1,1,1
62387867,61088,3,35.00,-35.00,35.13,-34.54,0.587,-0.593,-47875,47786,7.58,268.2,-79.634,1923.343,1,1,1
62397873,61098,3,35.00,-35.00,35.57,-35.16,0.585,-0.592,-47850,47761,7.58,277.2,-83.598,1922.507,1,1,1
62407879,61108,3,35.00,-35.00,35.45,-36.04,0.586,-0.588,-47826,47735,7.58,268.5,-92.134,1921.587,1,1,1
62417888,61118,3,35.00,-35.00,35.80,-35.77,0.584,-0.590,-47801,47711,7.58,273.2,-100.183,1920.586,1,1,1
62427894,61128,3,35.00,-35.00,36.05,-36.47,0.584,-0.587,-47776,47685,7.58,273.0,-103.902,1919.548,1,1,1
62437898,61138,3,35.00,-35.00,36.22,-36.51,0.582,-0.587,-47751,47660,7.58,269.2,-104.024,1918.508,1,1,1
62447903,61148,3,35.00,-35.00,37.22,-36.55,0.578,-0.587,-47724,47635,7.59,271.5,-101.220,1917.497,1,1,1
62457903,61158,3,35.00,-35.00,36.60,-37.01,0.580,-0.585,-47700,47609,7.59,266.0,-96.890,1916.529,1,1,1
62467913,61168,3,35.00,-35.00,35.29,-36.45,0.585,-0.586,-47678,47585,7.59,268.5,-89.207,1915.637,1,1,1
62477913,61178,3,35.00,-35.00,34.81,-35.18,0.586,-0.591,-47655,47563,7.58,265.0,-79.878,1914.839,1,1,1
62487925,61188,3,35.00,-35.00,34.91,-34.30,0.585,-0.594,-47631,47541,7.59,276.5,-72.073,1914.120,1,1,1
62497933,61198,3,35.00,-35.00,35.86,-34.99,0.583,-0.592,-47605,47516,7.58,272.0,-75.061,1913.370,1,1,1
62507936,61208,3,35.00,-35.00,35.65,-35.48,0.583,-0.590,-47581,47491,7.58,273.8,-84.085,1912.530,1,1,1
62517948,61218,3,35.00,-35.00,35.50,-35.38,0.584,-0.590,-47557,47467,7.58,269.2,-91.098,1911.620,1,1,1
62527951,61228,3,35.00,-35.00,36.28,-35.76,0.582,-0.590,-47531,47442,7.58,273.0,-95.427,1910.666,1,1,1
62537951,61238,3,35.00,-35.00,37.26,-35.58,0.578,-0.591,-47504,47418,7.58,271.5,-97.012,1909.697,1,1,1
62547955,61248,3,35.00,-35.00,37.95,-35.45,0.575,-0.591,-47477,47394,7.58,265.5,-94.146,1908.756,1,1,1
62557956,61258,3,35.00,-35.00,36.67,-35.36,0.579,-0.591,-47454,47370,7.59,267.8,-90.793,1907.849,1,1,1
62567964,61268,3,35.00,-35.00,34.90,-35.74,0.585,-0.590,-47433,47345,7.58,266.5,-85.732,1906.992,1,1,1
62577964,61278,3,35.00,-35.00,34.10,-35.13,0.588,-0.591,-47411,47322,7.58,270.2,-79.756,1906.196,1,1,1
62587964,61288,3,35.00,-35.00,34.41,-34.26,0.587,-0.595,-47387,47300,7.58,271.8,-74.329,1905.453,1,1,1
62597973,61298,3,35.00,-35.00,35.08,-34.09,0.585,-0.596,-47362,47277,7.58,273.0,-76.341,1904.691,1,1,1
62607979,61308,3,35.00,-35.00,35.10,-34.41,0.585,-0.595,-47338,47253,7.58,275.5,-84.451,1903.847,1,1,1
62617988,61318,3,35.00,-35.00,35.56,-34.63,0.583,-0.595,-47313,47229,7.58,270.5,-92.561,1902.922,1,1,1
62627994,61328,3,35.00,-35.00,35.88,-34.79,0.581,-0.594,-47288,47205,7.59,273.8,-98.415,1901.939,1,1,1
62638004,61339,3,35.00,-35.00,36.98,-34.46,0.578,-0.596,-47261,47182,7.58,266.2,-101.159,1900.928,1,1,1
62648012,61349,3,35.00,-35.00,38.19,-34.67,0.573,-0.596,-47233,47158,7.58,272.2,-99.207,1899.937,1,1,1
62658019,61359,3,35.00,-35.00,36.84,-35.25,0.578,-0.594,-47210,47133,7.59,263.8,-94.573,1898.992,1,1,1
62668023,61369,3,35.00,-35.00,33.70,-35.66,0.588,-0.591,-47192,47108,7.59,270.2,-89.268,1898.100,1,1,1
62678027,61379,3,35.00,-35.00,33.26,-34.19,0.591,-0.596,-47170,47087,7.58,268.8,-80.305,1897.298,1,1,1
62688031,61389,3,35.00,-35.00,33.39,-33.16,0.590,-0.600,-47147,47066,7.58,273.0,-72.866,1896.570,1,1,1
62698042,61399,3,35.00,-35.00,33.92,-32.88,0.589,-0.602,-47123,47044,7.58,279.0,-74.756,1895.823,1,1,1
62708055,61409,3,35.00,-35.00,34.73,-30.93,0.585,-0.610,-47098,47026,7.58,278.8,-83.049,1894.993,1,1,1
62718062,61419,3,35.00,-35.00,35.74,-33.95,0.583,-0.601,-47072,46998,7.58,284.5,-91.220,1894.082,1,1,1
62728062,61429,3,35.00,-35.00,37.32,-33.88,0.576,-0.602,-47044,46975,7.58,268.8,-93.476,1893.148,1,1,1
62738069,61439,3,35.00,-35.00,36.23,-33.82,0.579,-0.602,-47021,46952,7.58,276.2,-93.415,1892.215,1,1,1
62748077,61449,3,35.00,-35.00,34.15,-34.22,0.586,-0.601,-47001,46928,7.58,269.8,-90.915,1891.306,1,1,1
62758088,61459,3,35.00,-35.00,33.57,-34.50,0.588,-0.600,-46979,46904,7.58,280.5,-86.037,1890.447,1,1,1
62768092,61469,3,35.00,-35.00,32.73,-34.26,0.592,-0.601,-46958,46881,7.58,274.0,-79.573,1889.652,1,1,1
62778095,61479,3,35.00,-35.00,33.46,-33.65,0.590,-0.603,-46934,46859,7.58,280.8,-77.744,1888.875,1,1,1
62788100,61489,3,35.00,-35.00,33.97,-33.22,0.589,-0.605,-46910,46837,7.58,275.5,-82.012,1888.056,1,1,1
62798103,61499,3,35.00,-35.00,33.88,-32.48,0.589,-0.608,-46887,46816,7.57,281.5,-87.378,1887.183,1,1,1
62808117,61509,3,35.00,-35.00,34.27,-32.85,0.588,-0.608,-46863,46793,7.57,280.8,-93.171,1886.252,1,1,1
62818125,61519,3,35.00,-35.00,34.97,-33.10,0.585,-0.608,-46838,46770,7.58,281.8,-96.890,1885.284,1,1,1
62828131,61529,3,35.00,-35.00,34.59,-32.84,0.586,-0.609,-46815,46748,7.58,281.5,-98.659,1884.298,1,1,1
62838132,61539,3,35.00,-35.00,35.64,-33.09,0.582,-0.609,-46789,46725,7.58,278.0,-99.207,1883.307,1,1,1
62848147,61549,3,35.00,-35.00,35.05,-33.71,0.584,-0.608,-46766,46701,7.58,279.5,-96.341,1882.344,1,1,1
62858154,61559,3,35.00,-35.00,34.21,-34.15,0.588,-0.607,-46744,46677,7.57,278.0,-92.622,1881.419,1,1,1
62868158,61569,3,35.00,-35.00,33.61,-34.45,0.590,-0.605,-46722,46653,7.58,277.2,-88.293,1880.537,1,1,1
62878169,61579,3,35.00,-35.00,33.64,-33.78,0.590,-0.608,-46699,46631,7.58,283.8,-82.927,1879.708,1,1,1
62888173,61589,3,35.00,-35.00,33.65,-33.32,0.590,-0.610,-46676,46609,7.58,277.2,-82.134,1878.888,1,1,1
62898178,61599,3,35.00,-35.00,34.10,-33.87,0.589,-0.609,-46652,46585,7.57,282.8,-87.561,1878.013,1,1,1
62908186,61609,3,35.00,-35.00,34.86,-33.81,0.587,-0.609,-46627,46562,7.58,277.5,-96.585,1877.048,1,1,1
62918195,61619,3,35.00,-35.00,35.83,-33.78,0.583,-0.610,-46601,46539,7.58,283.0,-101.768,1876.031,1,1,1
62928208,61629,3,35.00,-35.00,38.26,-33.75,0.574,-0.611,-46571,46516,7.58,276.0,-101.768,1875.014,1,1,1
62938216,61639,3,35.00,-35.00,37.77,-34.17,0.574,-0.610,-46546,46492,7.58,278.2,-100.244,1874.013,1,1,1
62948222,61649,3,35.00,-35.00,35.67,-35.35,0.581,-0.606,-46525,46466,7.58,272.8,-98.293,1873.031,1,1,1
62958226,61659,3,35.00,-35.00,33.32,-35.73,0.590,-0.604,-46506,46441,7.58,276.8,-94.329,1872.088,1,1,1
62968232,61669,3,35.00,-35.00,32.99,-35.56,0.591,-0.604,-46484,46417,7.58,279.2,-87.073,1871.218,1,1,1
62978238,61679,3,35.00,-35.00,33.64,-34.56,0.590,-0.607,-46460,46395,7.58,277.2,-80.671,1870.412,1,1,1
62988241,61689,3,35.00,-35.00,33.66,-34.74,0.590,-0.607,-46437,46371,7.58,283.2,-82.073,1869.593,1,1,1
62998247,61699,3,35.00,-35.00,34.11,-34.86,0.589,-0.606,-46413,46347,7.58,276.0,-88.780,1868.706,1,1,1
63008247,61709,3,35.00,-35.00,33.10,-35.39,0.593,-0.604,-46392,46322,7.58,283.5,-95.183,1867.755,1,1,1
63018253,61719,3,35.00,-35.00,35.92,-34.88,0.583,-0.607,-46363,46299,7.58,279.8,-100.732,1866.748,1,1,1
63028256,61729,3,35.00,-35.00,36.57,-35.84,0.581,-0.603,-46337,46273,7.58,277.0,-103.354,1865.715,1,1,1
63038256,61739,3,35.00,-35.00,35.70,-36.52,0.584,-0.600,-46314,46247,7.58,269.8,-103.476,1864.681,1,1,1
63048262,61749,3,35.00,-35.00,34.66,-36.99,0.587,-0.598,-46292,46221,7.58,275.8,-100.244,1863.680,1,1,1
63058262,61759,3,35.00,-35.00,34.37,-36.88,0.588,-0.597,-46269,46196,7.59,270.2,-95.610,1862.724,1,1,1
63068271,61769,3,35.00,-35.00,35.05,-35.92,0.587,-0.601,-46244,46173,7.58,275.0,-91.524,1861.810,1,1,1
63078283,61779,3,35.00,-35.00,34.64,-36.13,0.588,-0.599,-46221,46148,7.58,276.0,-92.439,1860.886,1,1,1
63088292,61789,3,35.00,-35.00,34.79,-36.28,0.588,-0.598,-46197,46123,7.58,276.5,-98.780,1859.900,1,1,1
63098299,61799,3,35.00,-35.00,34.90,-36.38,0.588,-0.597,-46173,46098,7.58,277.2,-104.756,1858.853,1,1,1
63108307,61809,3,35.00,-35.00,35.42,-35.57,0.586,-0.600,-46148,46075,7.58,273.5,-106.159,1857.792,1,1,1
63118321,61819,3,35.00,-35.00,35.34,-35.45,0.586,-0.600,-46124,46051,7.58,276.0,-104.634,1856.746,1,1,1
63128329,61829,3,35.00,-35.00,35.28,-36.24,0.586,-0.597,-46100,46025,7.58,275.2,-103.293,1855.714,1,1,1
63138332,61839,3,35.00,-35.00,34.37,-36.79,0.590,-0.595,-46078,45999,7.58,273.0,-100.549,1854.710,1,1,1
63148347,61849,3,35.00,-35.00,34.16,-37.18,0.591,-0.592,-46055,45973,7.58,278.0,-97.317,1853.737,1,1,1
63158347,61859,3,35.00,-35.00,34.90,-35.69,0.588,-0.597,-46030,45951,7.58,271.2,-93.293,1852.805,1,1,1
63168353,61869,3,35.00,-35.00,34.98,-35.53,0.588,-0.598,-46006,45927,7.58,276.5,-91.951,1851.886,1,1,1
63178359,61879,3,35.00,-35.00,35.03,-35.86,0.588,-0.596,-45982,45902,7.58,271.8,-93.232,1850.955,1,1,1
63188359,61889,3,35.00,-35.00,35.07,-36.53,0.588,-0.593,-45958,45876,7.58,280.0,-97.073,1849.985,1,1,1
63198362,61899,3,35.00,-35.00,35.10,-36.12,0.588,-0.594,-45934,45852,7.58,270.2,-100.976,1848.976,1,1,1
63208375,61909,3,35.00,-35.00,35.55,-35.83,0.587,-0.595,-45909,45828,7.58,275.0,-101.951,1847.957,1,1,1
63218375,61919,3,35.00,-35.00,35.87,-35.63,0.585,-0.596,-45884,45804,7.58,270.2,-102.500,1846.933,1,1,1
63228375,61929,3,35.00,-35.00,35.66,-35.92,0.586,-0.595,-45860,45779,7.58,273.0,-104.207,1845.892,1,1,1
63238377,61939,3,35.00,-35.00,35.51,-36.13,0.586,-0.594,-45836,45754,7.58,274.8,-106.037,1844.832,1,1,1
63248377,61949,3,35.00,-35.00,34.52,-35.40,0.590,-0.596,-45814,45731,7.58,272.5,-102.866,1843.805,1,1,1
63258377,61959,3,35.00,-35.00,34.27,-34.89,0.591,-0.597,-45791,45708,7.58,278.0,-95.976,1842.846,1,1,1
63268377,61969,3,35.00,-35.00,34.98,-34.97,0.588,-0.597,-45766,45684,7.58,271.2,-92.134,1841.925,1,1,1
63278382,61979,3,35.00,-35.00,35.03,-35.02,0.588,-0.597,-45742,45660,7.58,275.5,-96.280,1840.963,1,1,1
63288389,61989,3,35.00,-35.00,35.51,-35.50,0.587,-0.595,-45717,45635,7.58,271.8,-103.537,1839.928,1,1,1
63298390,61999,3,35.00,-35.00,35.84,-34.96,0.585,-0.597,-45692,45612,7.58,277.2,-107.012,1838.859,1,1,1
63308404,62009,3,35.00,-35.00,36.08,-35.02,0.584,-0.597,-45667,45588,7.58,268.2,-106.951,1837.790,1,1,1
63318405,62019,3,35.00,-35.00,36.68,-35.06,0.581,-0.597,-45641,45564,7.58,273.5,-106.707,1836.724,1,1,1
63328416,62029,3,35.00,-35.00,34.90,-35.53,0.587,-0.595,-45620,45539,7.58,265.0,-105.976,1835.665,1,1,1
63338419,62039,3,35.00,-35.00,34.54,-35.86,0.590,-0.595,-45597,45514,7.57,273.8,-102.256,1834.643,1,1,1
63348420,62049,3,35.00,-35.00,34.72,-34.33,0.588,-0.599,-45573,45493,7.58,275.8,-99.756,1833.647,1,1,1
63358422,62059,3,35.00,-35.00,34.85,-34.14,0.587,-0.600,-45549,45470,7.58,270.5,-99.451,1832.653,1,1,1
63368435,62069,3,35.00,-35.00,35.38,-33.56,0.585,-0.602,-45524,45448,7.58,277.2,-99.390,1831.660,1,1,1
63378435,62079,3,35.00,-35.00,36.19,-34.04,0.582,-0.601,-45498,45424,7.59,276.0,-101.890,1830.642,1,1,1
63388444,62089,3,35.00,-35.00,36.76,-34.38,0.579,-0.600,-45472,45400,7.59,275.8,-105.000,1829.593,1,1,1
63398450,62099,3,35.00,-35.00,36.72,-34.61,0.579,-0.600,-45447,45376,7.58,265.5,-106.402,1828.530,1,1,1
63408461,62109,3,35.00,-35.00,36.25,-34.33,0.580,-0.601,-45423,45353,7.59,267.5,-107.561,1827.455,1,1,1
63418468,62119,3,35.00,-35.00,35.48,-35.02,0.583,-0.599,-45400,45328,7.58,272.5,-108.171,1826.374,1,1,1
63428476,62129,3,35.00,-35.00,33.63,-34.62,0.589,-0.600,-45380,45305,7.58,269.0,-106.037,1825.314,1,1,1
63438483,62139,3,35.00,-35.00,33.65,-34.34,0.589,-0.601,-45357,45282,7.58,279.0,-101.890,1824.296,1,1,1
63448496,62149,3,35.00,-35.00,34.98,-33.71,0.585,-0.604,-45331,45260,7.58,275.5,-97.317,1823.324,1,1,1
63458507,62159,3,35.00,-35.00,35.47,-33.26,0.583,-0.606,-45306,45238,7.58,278.8,-95.671,1822.368,1,1,1
63468520,62169,3,35.00,-35.00,35.38,-33.83,0.583,-0.605,-45282,45214,7.58,275.0,-96.463,1821.404,1,1,1
63478522,62179,3,35.00,-35.00,34.43,-34.23,0.586,-0.603,-45260,45190,7.58,275.5,-94.268,1820.462,1,1,1
63488533,62189,3,35.00,-35.00,34.65,-34.07,0.586,-0.605,-45236,45167,7.57,273.2,-97.744,1819.485,1,1,1
63498541,62199,3,35.00,-35.00,34.80,-34.83,0.586,-0.602,-45212,45142,7.58,277.5,-100.732,1818.479,1,1,1
63508550,62209,3,35.00,-35.00,34.47,-34.93,0.586,-0.601,-45189,45118,7.58,278.5,-104.512,1817.435,1,1,1
63518557,62219,3,35.00,-35.00,33.80,-34.56,0.589,-0.603,-45167,45095,7.58,273.2,-106.341,1816.372,1,1,1
63528565,62229,3,35.00,-35.00,33.32,-33.86,0.591,-0.605,-45145,45073,7.58,280.2,-106.463,1815.308,1,1,1
63538572,62239,3,35.00,-35.00,33.43,-33.81,0.591,-0.606,-45122,45050,7.58,278.2,-104.024,1814.269,1,1,1
63548574,62249,3,35.00,-35.00,33.51,-33.77,0.591,-0.606,-45099,45027,7.57,283.5,-98.720,1813.282,1,1,1
63558580,62259,3,35.00,-35.00,34.01,-33.75,0.590,-0.607,-45075,45004,7.57,277.5,-96.524,1812.318,1,1,1
63568587,62269,3,35.00,-35.00,33.91,-33.73,0.591,-0.607,-45052,44981,7.57,283.8,-99.329,1811.325,1,1,1
63578587,62279,3,35.00,-35.00,34.28,-34.16,0.590,-0.606,-45028,44957,7.57,278.2,-104.085,1810.285,1,1,1
63588606,62289,3,35.00,-35.00,34.55,-34.46,0.589,-0.605,-45004,44933,7.58,280.8,-106.524,1809.221,1,1,1
63598606,62299,3,35.00,-35.00,35.61,-35.11,0.585,-0.603,-44978,44908,7.58,275.5,-106.280,1808.159,1,1,1
63608606,62309,3,35.00,-35.00,36.79,-34.68,0.580,-0.605,-44951,44885,7.58,277.0,-106.890,1807.091,1,1,1
63618613,62319,3,35.00,-35.00,37.18,-34.82,0.578,-0.605,-44925,44861,7.58,274.0,-107.500,1806.017,1,1,1
63628622,62329,3,35.00,-35.00,34.38,-34.92,0.588,-0.604,-44906,44837,7.58,269.8,-105.671,1804.961,1,1,1
63638625,62339,3,35.00,-35.00,33.29,-34.99,0.592,-0.603,-44885,44813,7.58,278.0,-101.402,1803.948,1,1,1
63648630,62349,3,35.00,-35.00,33.41,-33.72,0.592,-0.608,-44862,44792,7.58,274.5,-93.293,1803.015,1,1,1
63658630,62359,3,35.00,-35.00,33.93,-34.15,0.591,-0.607,-44838,44768,7.58,282.8,-90.305,1802.113,1,1,1
63668640,62369,3,35.00,-35.00,34.30,-34.45,0.590,-0.606,-44814,44744,7.58,277.2,-95.122,1801.163,1,1,1
63678640,62379,3,35.00,-35.00,35.44,-34.67,0.586,-0.606,-44788,44720,7.58,281.5,-100.366,1800.160,1,1,1
63688653,62389,3,35.00,-35.00,36.23,-35.69,0.583,-0.603,-44762,44694,7.58,273.8,-103.537,1799.125,1,1,1
63698655,62399,3,35.00,-35.00,35.91,-35.97,0.584,-0.601,-44738,44669,7.58,270.5,-104.817,1798.078,1,1,1
63708667,62409,3,35.00,-35.00,34.36,-36.17,0.589,-0.600,-44717,44644,7.58,274.5,-103.902,1797.040,1,1,1
63718676,62419,3,35.00,-35.00,33.28,-36.74,0.594,-0.597,-44696,44618,7.58,270.2,-100.915,1796.031,1,1,1
63728683,62429,3,35.00,-35.00,33.85,-36.27,0.592,-0.598,-44672,44594,7.58,278.8,-96.341,1795.069,1,1,1
63738683,62439,3,35.00,-35.00,33.80,-35.49,0.593,-0.600,-44649,44571,7.58,271.8,-91.159,1794.158,1,1,1
63748685,62449,3,35.00,-35.00,34.21,-35.39,0.592,-0.600,-44625,44547,7.58,281.8,-91.890,1793.240,1,1,1
63758685,62459,3,35.00,-35.00,34.05,-36.20,0.593,-0.597,-44602,44521,7.58,276.8,-95.732,1792.283,1,1,1
63768693,62469,3,35.00,-35.00,34.82,-35.89,0.590,-0.598,-44577,44497,7.58,275.8,-105.183,1791.232,1,1,1
63778700,62479,3,35.00,-35.00,35.36,-36.55,0.589,-0.595,-44552,44471,7.58,275.2,-106.829,1790.165,1,1,1
63788706,62489,3,35.00,-35.00,35.74,-37.01,0.588,-0.593,-44527,44445,7.58,270.0,-106.220,1789.104,1,1,1
63798706,62499,3,35.00,-35.00,34.25,-37.33,0.593,-0.591,-44506,44419,7.58,275.0,-102.927,1788.075,1,1,1
63808715,62509,3,35.00,-35.00,33.64,-37.12,0.596,-0.591,-44484,44394,7.58,267.8,-97.622,1787.100,1,1,1
63818728,62519,3,35.00,-35.00,33.66,-36.53,0.596,-0.592,-44461,44370,7.58,275.8,-90.732,1786.193,1,1,1
63828736,62529,3,35.00,-35.00,34.11,-36.12,0.595,-0.593,-44437,44346,7.58,270.0,-90.915,1785.285,1,1,1
63838743,62539,3,35.00,-35.00,33.98,-36.27,0.597,-0.593,-44414,44321,7.57,278.5,-97.012,1784.315,1,1,1
63848746,62549,3,35.00,-35.00,34.33,-35.94,0.595,-0.593,-44390,44297,7.58,270.0,-103.171,1783.285,1,1,1
63858746,62559,3,35.00,-35.00,34.58,-35.70,0.594,-0.593,-44366,44273,7.58,277.0,-106.707,1782.218,1,1,1
63868746,62569,3,35.00,-35.00,35.63,-36.42,0.591,-0.590,-44340,44247,7.58,274.0,-106.341,1781.156,1,1,1
63878746,62579,3,35.00,-35.00,37.25,-36.92,0.585,-0.589,-44312,44221,7.58,273.0,-104.024,1780.116,1,1,1
63888746,62589,3,35.00,-35.00,35.74,-36.83,0.590,-0.588,-44290,44196,7.58,270.5,-100.854,1779.109,1,1,1
63898751,62599,3,35.00,-35.00,34.25,-37.65,0.596,-0.584,-44269,44169,7.58,267.2,-94.512,1778.164,1,1,1
63908759,62609,3,35.00,-35.00,34.08,-36.90,0.596,-0.586,-44246,44145,7.58,274.0,-87.622,1777.289,1,1,1
63918773,62619,3,35.00,-35.00,34.40,-36.38,0.596,-0.587,-44222,44121,7.58,270.0,-84.756,1776.442,1,1,1
63928774,62629,3,35.00,-35.00,35.07,-36.89,0.594,-0.585,-44197,44095,7.58,274.8,-88.537,1775.557,1,1,1
63938776,62639,3,35.00,-35.00,34.66,-36.37,0.595,-0.586,-44174,44071,7.58,271.0,-94.451,1774.614,1,1,1
63948788,62649,3,35.00,-35.00,34.37,-36.01,0.597,-0.587,-44151,44047,7.58,272.0,-98.902,1773.626,1,1,1
63958788,62659,3,35.00,-35.00,35.04,-36.63,0.595,-0.585,-44126,44021,7.58,270.0,-102.866,1772.598,1,1,1
63968797,62669,3,35.00,-35.00,36.40,-37.07,0.590,-0.583,-44099,43995,7.58,274.8,-104.268,1771.556,1,1,1
63978811,62679,3,35.00,-35.00,39.98,-36.49,0.576,-0.586,-44066,43971,7.59,269.0,-102.012,1770.537,1,1,1
63988819,62689,3,35.00,-35.00,38.53,-36.53,0.580,-0.586,-44042,43946,7.59,258.5,-95.000,1769.587,1,1,1
63998830,62699,3,35.00,-35.00,35.76,-36.12,0.588,-0.586,-44022,43922,7.59,266.2,-88.963,1768.699,1,1,1
64008830,62709,3,35.00,-35.00,34.26,-36.71,0.594,-0.584,-44001,43896,7.58,265.2,-85.549,1767.844,1,1,1
64018830,62719,3,35.00,-35.00,34.97,-36.68,0.592,-0.584,-43976,43871,7.58,273.5,-83.780,1767.007,1,1,1
64028841,62729,3,35.00,-35.00,35.03,-37.10,0.592,-0.583,-43952,43845,7.59,268.0,-88.354,1766.124,1,1,1
64038852,62739,3,35.00,-35.00,35.06,-36.96,0.592,-0.583,-43928,43820,7.58,271.2,-93.902,1765.186,1,1,1
64048852,62749,3,35.00,-35.00,36.41,-36.42,0.587,-0.585,-43901,43796,7.59,275.0,-97.500,1764.212,1,1,1
64058865,62759,3,35.00,-35.00,36.47,-36.92,0.587,-0.584,-43876,43770,7.58,267.5,-99.390,1763.219,1,1,1
64068873,62769,3,35.00,-35.00,36.52,-37.27,0.587,-0.582,-43851,43744,7.58,273.0,-99.634,1762.223,1,1,1
64078873,62779,3,35.00,-35.00,36.11,-37.07,0.588,-0.583,-43827,43719,7.58,264.2,-93.902,1761.285,1,1,1
64088880,62789,3,35.00,-35.00,35.82,-35.62,0.588,-0.587,-43803,43697,7.59,269.5,-87.439,1760.411,1,1,1
64098886,62799,3,35.00,-35.00,36.06,-35.04,0.587,-0.590,-43778,43674,7.58,265.8,-85.915,1759.553,1,1,1
64108886,62809,3,35.00,-35.00,36.23,-35.52,0.586,-0.588,-43753,43649,7.58,273.2,-87.622,1758.678,1,1,1
64118895,62819,3,35.00,-35.00,35.91,-35.85,0.587,-0.587,-43729,43624,7.58,268.8,-93.720,1757.741,1,1,1
64128897,62829,3,35.00,-35.00,36.12,-36.52,0.586,-0.585,-43704,43598,7.58,271.8,-99.756,1756.745,1,1,1
64138906,62839,3,35.00,-35.00,36.27,-36.55,0.585,-0.585,-43679,43573,7.58,266.5,-102.439,1755.721,1,1,1
64148910,62849,3,35.00,-35.00,36.38,-36.57,0.585,-0.585,-43654,43548,7.58,268.2,-101.829,1754.704,1,1,1
64158918,62859,3,35.00,-35.00,37.33,-36.59,0.581,-0.585,-43627,43523,7.58,271.8,-98.720,1753.717,1,1,1
64168928,62869,3,35.00,-35.00,36.24,-36.60,0.584,-0.584,-43604,43498,7.58,264.8,-94.390,1752.774,1,1,1
64178936,62879,3,35.00,-35.00,35.47,-35.72,0.586,-0.587,-43581,43475,7.58,269.0,-87.744,1751.898,1,1,1
64188936,62889,3,35.00,-35.00,35.38,-34.68,0.587,-0.591,-43557,43453,7.58,267.0,-80.427,1751.094,1,1,1
64198943,62899,3,35.00,-35.00,35.75,-34.82,0.585,-0.590,-43532,43429,7.58,275.2,-78.293,1750.312,1,1,1
64208951,62909,3,35.00,-35.00,36.01,-35.36,0.584,-0.589,-43507,43404,7.58,266.5,-85.061,1749.462,1,1,1
64218964,62919,3,35.00,-35.00,36.19,-35.30,0.583,-0.589,-43482,43380,7.58,273.5,-94.268,1748.520,1,1,1
64228966,62929,3,35.00,-35.00,35.88,-35.26,0.584,-0.589,-43458,43356,7.58,267.5,-100.549,1747.516,1,1,1
64238973,62939,3,35.00,-35.00,36.54,-36.11,0.583,-0.587,-43432,43330,7.58,273.2,-103.354,1746.483,1,1,1
64248982,62949,3,35.00,-35.00,38.76,-35.82,0.575,-0.588,-43402,43306,7.59,263.2,-101.951,1745.464,1,1,1
64258997,62959,3,35.00,-35.00,39.44,-35.62,0.572,-0.589,-43374,43282,7.59,265.2,-96.890,1744.496,1,1,1
64269004,62970,3,35.00,-35.00,38.59,-35.48,0.575,-0.590,-43349,43258,7.59,266.2,-92.805,1743.569,1,1,1
64279012,62980,3,35.00,-35.00,36.24,-35.38,0.582,-0.590,-43328,43234,7.58,260.2,-87.134,1742.698,1,1,1
64289019,62990,3,35.00,-35.00,34.16,-34.44,0.589,-0.592,-43308,43212,7.59,267.5,-80.366,1741.896,1,1,1
64299019,63000,3,35.00,-35.00,33.14,-34.65,0.593,-0.592,-43287,43188,7.58,271.2,-72.805,1741.168,1,1,1
64309019,63010,3,35.00,-35.00,34.18,-34.36,0.590,-0.593,-43262,43165,7.58,275.2,-72.500,1740.444,1,1,1
64319019,63020,3,35.00,-35.00,34.92,-34.60,0.588,-0.593,-43237,43141,7.58,275.5,-82.378,1739.621,1,1,1
64329019,63030,3,35.00,-35.00,35.43,-34.77,0.586,-0.592,-43212,43117,7.58,272.0,-93.476,1738.687,1,1,1
64339031,63040,3,35.00,-35.00,36.66,-34.88,0.581,-0.593,-43185,43093,7.58,274.2,-99.451,1737.693,1,1,1
64349032,63050,3,35.00,-35.00,38.41,-34.97,0.574,-0.593,-43156,43069,7.59,267.5,-102.317,1736.671,1,1,1
64359032,63060,3,35.00,-35.00,37.87,-35.46,0.576,-0.591,-43131,43044,7.59,269.0,-99.390,1735.678,1,1,1
64369032,63070,3,35.00,-35.00,36.62,-35.37,0.580,-0.591,-43108,43020,7.58,264.5,-94.817,1734.731,1,1,1
64379034,63080,3,35.00,-35.00,33.98,-35.31,0.589,-0.590,-43089,42996,7.59,272.2,-88.171,1733.850,1,1,1
64389042,63090,3,35.00,-35.00,33.46,-33.94,0.591,-0.595,-43067,42975,7.58,271.0,-79.207,1733.058,1,1,1
64399042,63100,3,35.00,-35.00,33.97,-33.43,0.589,-0.597,-43043,42953,7.58,276.5,-73.293,1732.326,1,1,1
64409042,63110,3,35.00,-35.00,34.32,-33.07,0.589,-0.600,-43019,42931,7.58,274.2,-76.280,1731.564,1,1,1
64419046,63120,3,35.00,-35.00,35.45,-33.25,0.584,-0.600,-42993,42908,7.58,276.2,-87.012,1730.695,1,1,1
64429055,63130,3,35.00,-35.00,38.00,-33.39,0.575,-0.601,-42963,42885,7.58,272.5,-97.134,1729.725,1,1,1
64439064,63140,3,35.00,-35.00,38.47,-33.48,0.573,-0.601,-42936,42862,7.58,267.2,-98.537,1728.740,1,1,1
64449072,63150,3,35.00,-35.00,37.91,-33.54,0.574,-0.601,-42911,42839,7.59,274.0,-96.098,1727.780,1,1,1
64459076,63160,3,35.00,-35.00,35.77,-34.47,0.581,-0.598,-42890,42814,7.59,267.0,-93.110,1726.850,1,1,1
64469077,63170,3,35.00,-35.00,32.95,-34.67,0.591,-0.597,-42872,42790,7.58,272.2,-87.744,1725.973,1,1,1
64479079,63180,3,35.00,-35.00,32.29,-33.94,0.594,-0.600,-42851,42768,7.58,270.5,-79.451,1725.179,1,1,1
64489079,63190,3,35.00,-35.00,32.71,-32.99,0.593,-0.603,-42828,42747,7.58,281.5,-72.500,1724.455,1,1,1
64499088,63200,3,35.00,-35.00,33.01,-32.76,0.593,-0.605,-42805,42725,7.57,278.2,-72.744,1723.728,1,1,1
64509092,63210,3,35.00,-35.00,33.65,-32.60,0.591,-0.606,-42781,42703,7.58,284.2,-80.244,1722.927,1,1,1
64519104,63220,3,35.00,-35.00,34.10,-32.93,0.589,-0.606,-42757,42680,7.57,281.2,-90.549,1722.022,1,1,1
64529117,63230,3,35.00,-35.00,34.86,-32.72,0.587,-0.608,-42732,42658,7.58,280.2,-98.476,1721.038,1,1,1
64539125,63240,3,35.00,-35.00,35.83,-33.01,0.583,-0.608,-42706,42635,7.58,280.0,-102.988,1720.009,1,1,1
64549125,63250,3,35.00,-35.00,37.38,-33.21,0.577,-0.608,-42678,42612,7.58,276.2,-102.683,1718.983,1,1,1
64559131,63260,3,35.00,-35.00,36.72,-34.24,0.579,-0.605,-42654,42587,7.58,277.8,-99.817,1717.986,1,1,1
64569134,63270,3,35.00,-35.00,34.93,-35.39,0.584,-0.600,-42633,42561,7.59,273.5,-96.524,1717.021,1,1,1
64579147,63280,3,35.00,-35.00,32.80,-34.88,0.592,-0.602,-42614,42538,7.58,273.2,-89.451,1716.128,1,1,1
64589156,63290,3,35.00,-35.00,32.63,-33.65,0.593,-0.606,-42592,42517,7.58,279.8,-82.256,1715.306,1,1,1
64599158,63300,3,35.00,-35.00,32.95,-32.34,0.593,-0.611,-42569,42497,7.57,279.5,-78.659,1714.520,1,1,1
64609162,63310,3,35.00,-35.00,33.61,-33.19,0.591,-0.609,-42545,42473,7.58,286.8,-81.951,1713.701,1,1,1
64619165,63320,3,35.00,-35.00,34.95,-32.90,0.586,-0.611,-42519,42451,7.58,280.8,-92.439,1712.778,1,1,1
64629165,63330,3,35.00,-35.00,36.33,-33.14,0.581,-0.611,-42492,42428,7.58,282.0,-102.378,1711.755,1,1,1
64639177,63340,3,35.00,-35.00,38.62,-33.30,0.572,-0.612,-42462,42405,7.58,275.2,-104.817,1710.708,1,1,1
64649188,63350,3,35.00,-35.00,38.02,-34.30,0.573,-0.609,-42437,42380,7.58,279.2,-103.293,1709.675,1,1,1
64659195,63360,3,35.00,-35.00,35.40,-35.87,0.582,-0.603,-42417,42353,7.58,272.0,-101.220,1708.664,1,1,1
64669208,63370,3,35.00,-35.00,33.13,-35.66,0.590,-0.603,-42398,42329,7.58,275.5,-97.866,1707.686,1,1,1
64679210,63380,3,35.00,-35.00,32.86,-35.51,0.592,-0.603,-42376,42305,7.58,275.0,-90.732,1706.780,1,1,1
64689219,63390,3,35.00,-35.00,33.55,-34.52,0.590,-0.607,-42352,42283,7.58,280.0,-84.268,1705.938,1,1,1
64699222,63400,3,35.00,-35.00,34.03,-34.27,0.588,-0.608,-42328,42260,7.58,278.2,-86.768,1705.071,1,1,1
64709232,63410,3,35.00,-35.00,34.81,-34.98,0.586,-0.606,-42303,42235,7.58,279.5,-94.329,1704.128,1,1,1
64719240,63420,3,35.00,-35.00,35.79,-35.03,0.583,-0.606,-42277,42211,7.58,284.0,-101.159,1703.118,1,1,1
64729240,63430,3,35.00,-35.00,36.48,-35.51,0.580,-0.604,-42251,42186,7.58,273.0,-105.488,1702.064,1,1,1
64739241,63440,3,35.00,-35.00,36.08,-36.28,0.581,-0.601,-42227,42160,7.58,274.8,-106.159,1701.003,1,1,1
64749247,63450,3,35.00,-35.00,35.37,-36.38,0.583,-0.600,-42204,42135,7.58,267.0,-104.695,1699.957,1,1,1
64759249,63460,3,35.00,-35.00,34.42,-36.45,0.587,-0.599,-42182,42110,7.58,273.2,-98.902,1698.969,1,1,1
64769262,63470,3,35.00,-35.00,35.08,-36.50,0.585,-0.599,-42157,42085,7.58,270.0,-93.902,1698.030,1,1,1
64779262,63480,3,35.00,-35.00,35.10,-36.10,0.585,-0.600,-42133,42061,7.58,277.2,-92.012,1697.111,1,1,1
64789264,63490,3,35.00,-35.00,35.12,-36.26,0.585,-0.599,-42109,42036,7.58,274.5,-96.707,1696.145,1,1,1
64799269,63500,3,35.00,-35.00,35.13,-36.37,0.585,-0.598,-42085,42011,7.58,271.2,-103.171,1695.114,1,1,1
64809271,63510,3,35.00,-35.00,35.58,-36.00,0.583,-0.599,-42060,41987,7.58,274.5,-107.744,1694.037,1,1,1
64819284,63520,3,35.00,-35.00,36.33,-35.75,0.580,-0.600,-42034,41963,7.58,271.2,-108.293,1692.955,1,1,1
64829294,63530,3,35.00,-35.00,35.98,-36.45,0.581,-0.597,-42010,41937,7.58,272.8,-107.622,1691.880,1,1,1
64839301,63540,3,35.00,-35.00,35.29,-36.94,0.584,-0.595,-41987,41911,7.58,266.5,-106.463,1690.816,1,1,1
64849307,63550,3,35.00,-35.00,34.81,-36.84,0.586,-0.594,-41964,41886,7.58,271.2,-100.122,1689.815,1,1,1
64859310,63560,3,35.00,-35.00,34.92,-36.34,0.585,-0.595,-41940,41862,7.58,272.5,-93.049,1688.886,1,1,1
64869317,63570,3,35.00,-35.00,35.43,-35.54,0.584,-0.598,-41915,41839,7.58,268.2,-90.244,1687.984,1,1,1
64879329,63580,3,35.00,-35.00,35.35,-36.31,0.584,-0.595,-41891,41813,7.58,274.2,-92.561,1687.059,1,1,1
64889338,63590,3,35.00,-35.00,35.73,-36.40,0.583,-0.594,-41866,41788,7.58,266.5,-97.500,1686.085,1,1,1
64899347,63600,3,35.00,-35.00,35.56,-36.47,0.583,-0.593,-41842,41763,7.59,271.0,-101.646,1685.069,1,1,1
64909355,63610,3,35.00,-35.00,35.88,-36.07,0.582,-0.594,-41817,41739,7.59,266.5,-104.329,1684.027,1,1,1
64919368,63620,3,35.00,-35.00,36.10,-35.80,0.580,-0.595,-41792,41715,7.59,272.8,-106.098,1682.967,1,1,1
64929382,63630,3,35.00,-35.00,36.26,-36.05,0.580,-0.594,-41767,41690,7.58,262.5,-107.927,1681.888,1,1,1
64939392,63640,3,35.00,-35.00,35.93,-37.54,0.581,-0.588,-41743,41662,7.59,267.2,-109.817,1680.791,1,1,1
64949392,63650,3,35.00,-35.00,35.26,-37.26,0.583,-0.588,-41720,41637,7.59,263.0,-108.049,1679.711,1,1,1
64959405,63660,3,35.00,-35.00,35.23,-35.31,0.583,-0.595,-41696,41616,7.58,267.5,-101.402,1678.698,1,1,1
64969413,63670,3,35.00,-35.00,35.20,-34.39,0.583,-0.598,-41672,41594,7.58,273.5,-96.159,1677.737,1,1,1
64979416,63680,3,35.00,-35.00,35.63,-35.06,0.582,-0.596,-41647,41569,7.58,266.0,-95.000,1676.788,1,1,1
64989420,63690,3,35.00,-35.00,35.93,-35.09,0.580,-0.596,-41622,41545,7.58,272.5,-99.146,1675.797,1,1,1
64999422,63700,3,35.00,-35.00,36.57,-35.11,0.578,-0.596,-41596,41521,7.58,266.2,-103.110,1674.767,1,1,1
65009435,63710,3,35.00,-35.00,36.59,-35.12,0.578,-0.596,-41571,41497,7.59,270.0,-103.841,1673.729,1,1,1
65019442,63720,3,35.00,-35.00,36.16,-35.13,0.579,-0.596,-41547,41473,7.59,266.5,-103.720,1672.693,1,1,1
65029451,63730,3,35.00,-35.00,34.98,-35.14,0.583,-0.596,-41525,41449,7.59,269.5,-103.963,1671.654,1,1,1
65039461,63740,3,35.00,-35.00,35.03,-35.58,0.583,-0.594,-41501,41424,7.58,267.2,-101.463,1670.640,1,1,1
65049473,63750,3,35.00,-35.00,35.95,-34.58,0.580,-0.597,-41475,41402,7.59,270.8,-100.183,1669.639,1,1,1
65059481,63760,3,35.00,-35.00,35.71,-34.31,0.580,-0.599,-41451,41379,7.59,266.8,-101.220,1668.628,1,1,1
65069492,63770,3,35.00,-35.00,35.54,-33.69,0.581,-0.602,-41427,41357,7.58,269.8,-98.415,1667.645,1,1,1
65079498,63780,3,35.00,-35.00,35.87,-34.13,0.580,-0.601,-41402,41333,7.58,273.8,-97.439,1666.671,1,1,1
65089510,63790,3,35.00,-35.00,35.65,-34.44,0.580,-0.600,-41378,41309,7.58,269.2,-99.207,1665.680,1,1,1
65099513,63800,3,35.00,-35.00,36.38,-34.65,0.578,-0.599,-41352,41285,7.58,271.2,-101.768,1664.663,1,1,1
65109520,63810,3,35.00,-35.00,36.45,-34.36,0.577,-0.601,-41327,41262,7.58,266.2,-103.293,1663.631,1,1,1
65119522,63820,3,35.00,-35.00,35.19,-34.60,0.581,-0.600,-41305,41238,7.58,271.8,-103.963,1662.592,1,1,1
65129529,63830,3,35.00,-35.00,34.74,-34.77,0.583,-0.599,-41282,41214,7.58,271.2,-103.171,1661.561,1,1,1
65139529,63840,3,35.00,-35.00,34.86,-34.01,0.582,-0.602,-41258,41192,7.59,268.0,-101.098,1660.551,1,1,1
65149529,63850,3,35.00,-35.00,35.39,-33.47,0.580,-0.604,-41233,41170,7.59,275.2,-101.768,1659.534,1,1,1
65159529,63860,3,35.00,-35.00,35.76,-33.10,0.579,-0.607,-41208,41148,7.58,271.5,-100.549,1658.530,1,1,1
65169537,63870,3,35.00,-35.00,35.14,-33.28,0.581,-0.607,-41185,41125,7.58,278.0,-100.183,1657.529,1,1,1
65179544,63880,3,35.00,-35.00,34.27,-33.40,0.584,-0.607,-41163,41102,7.58,274.2,-100.610,1656.523,1,1,1
65189550,63890,3,35.00,-35.00,34.53,-33.49,0.583,-0.607,-41139,41079,7.58,282.2,-102.500,1655.499,1,1,1
65199564,63900,3,35.00,-35.00,34.28,-33.99,0.584,-0.606,-41116,41055,7.58,275.0,-106.707,1654.433,1,1,1
65209572,63910,3,35.00,-35.00,33.66,-34.34,0.587,-0.605,-41094,41031,7.58,280.2,-110.854,1653.325,1,1,1
65219579,63920,3,35.00,-35.00,33.67,-34.58,0.587,-0.604,-41071,41007,7.57,278.0,-112.744,1652.199,1,1,1
65229589,63930,3,35.00,-35.00,33.24,-33.88,0.589,-0.606,-41049,40985,7.58,279.5,-112.500,1651.075,1,1,1
65239598,63940,3,35.00,-35.00,33.37,-33.38,0.589,-0.608,-41026,40963,7.57,281.2,-110.427,1649.971,1,1,1
65249609,63950,3,35.00,-35.00,33.91,-33.04,0.587,-0.610,-41002,40941,7.58,278.8,-104.939,1648.922,1,1,1
65259622,63960,3,35.00,-35.00,33.84,-32.79,0.587,-0.612,-40979,40919,7.58,286.8,-98.415,1647.939,1,1,1
65269637,63970,3,35.00,-35.00,33.80,-33.50,0.588,-0.610,-40956,40895,7.58,279.8,-94.695,1646.993,1,1,1
65279645,63980,3,35.00,-35.00,34.21,-33.56,0.587,-0.610,-40932,40872,7.58,284.2,-95.549,1646.038,1,1,1
65289652,63990,3,35.00,-35.00,34.93,-34.04,0.584,-0.609,-40907,40848,7.58,278.0,-103.659,1645.003,1,1,1
65299663,64000,3,35.00,-35.00,35.44,-33.93,0.582,-0.610,-40882,40825,7.58,281.5,-107.561,1643.928,1,1,1
65309663,64010,3,35.00,-35.00,36.67,-34.74,0.578,-0.608,-40855,40800,7.58,274.5,-110.854,1642.820,1,1,1
65319674,64020,3,35.00,-35.00,37.10,-34.43,0.575,-0.609,-40829,40777,7.58,278.0,-109.756,1641.723,1,1,1
65329685,64030,3,35.00,-35.00,34.76,-34.64,0.583,-0.608,-40809,40753,7.58,273.2,-104.390,1640.680,1,1,1
65339696,64040,3,35.00,-35.00,34.00,-34.80,0.587,-0.608,-40787,40729,7.57,275.2,-97.744,1639.703,1,1,1
65349700,64050,3,35.00,-35.00,34.34,-34.47,0.585,-0.608,-40763,40706,7.58,277.8,-92.195,1638.782,1,1,1
65359706,64060,3,35.00,-35.00,34.59,-34.23,0.584,-0.610,-40739,40683,7.58,273.5,-92.866,1637.854,1,1,1
65369713,64070,3,35.00,-35.00,34.32,-34.51,0.586,-0.609,-40716,40659,7.58,280.8,-95.976,1636.896,1,1,1
65379721,64080,3,35.00,-35.00,35.45,-34.26,0.581,-0.610,-40690,40636,7.58,273.8,-100.183,1635.895,1,1,1
65389728,64090,3,35.00,-35.00,35.80,-34.97,0.580,-0.608,-40665,40611,7.58,280.2,-103.049,1634.865,1,1,1
65399728,64100,3,35.00,-35.00,35.61,-35.47,0.581,-0.606,-40641,40586,7.58,272.0,-102.927,1633.836,1,1,1
65409728,64110,3,35.00,-35.00,34.59,-35.81,0.584,-0.604,-40619,40561,7.58,276.8,-100.427,1632.833,1,1,1
65419736,64120,3,35.00,-35.00,33.88,-36.06,0.587,-0.603,-40597,40536,7.58,278.5,-98.171,1631.852,1,1,1
65429739,64130,3,35.00,-35.00,33.83,-35.79,0.588,-0.603,-40574,40512,7.58,272.8,-95.671,1630.896,1,1,1
65439743,64140,3,35.00,-35.00,34.66,-36.04,0.585,-0.602,-40549,40487,7.58,279.2,-95.244,1629.944,1,1,1
65449743,64150,3,35.00,-35.00,34.37,-35.33,0.586,-0.604,-40526,40464,7.59,272.0,-96.890,1628.976,1,1,1
65459743,64160,3,35.00,-35.00,34.61,-35.72,0.586,-0.603,-40502,40439,7.58,281.2,-100.854,1627.969,1,1,1
65469743,64170,3,35.00,-35.00,34.77,-35.55,0.586,-0.603,-40478,40415,7.58,273.8,-105.244,1626.917,1,1,1
65479754,64180,3,35.00,-35.00,35.33,-35.87,0.584,-0.602,-40453,40390,7.58,278.5,-107.744,1625.840,1,1,1
65489767,64190,3,35.00,-35.00,35.28,-36.54,0.584,-0.599,-40429,40364,7.58,274.0,-108.537,1624.756,1,1,1
65499767,64200,3,35.00,-35.00,34.80,-37.44,0.586,-0.596,-40406,40337,7.58,270.8,-106.402,1623.693,1,1,1
65509773,64210,3,35.00,-35.00,34.03,-37.19,0.589,-0.595,-40384,40312,7.59,274.8,-103.171,1622.662,1,1,1
65519773,64220,3,35.00,-35.00,33.93,-36.58,0.590,-0.597,-40361,40288,7.58,270.5,-96.098,1621.701,1,1,1
65529780,64230,3,35.00,-35.00,34.30,-36.16,0.589,-0.597,-40337,40264,7.58,276.5,-90.671,1620.796,1,1,1
65539780,64240,3,35.00,-35.00,34.11,-36.29,0.590,-0.596,-40314,40239,7.58,270.0,-91.646,1619.880,1,1,1
65549791,64250,3,35.00,-35.00,34.43,-36.39,0.589,-0.596,-40290,40214,7.58,276.8,-96.707,1618.914,1,1,1
65559803,64260,3,35.00,-35.00,34.21,-36.02,0.590,-0.596,-40267,40190,7.58,270.5,-100.549,1617.909,1,1,1
65569811,64270,3,35.00,-35.00,35.37,-36.20,0.587,-0.596,-40241,40165,7.58,278.8,-100.793,1616.902,1,1,1
65579818,64280,3,35.00,-35.00,36.18,-36.77,0.584,-0.593,-40215,40139,7.58,269.2,-99.329,1615.909,1,1,1
65589824,64290,3,35.00,-35.00,35.00,-36.72,0.588,-0.593,-40193,40114,7.58,270.5,-97.256,1614.938,1,1,1
65599824,64300,3,35.00,-35.00,34.17,-37.13,0.591,-0.590,-40171,40088,7.58,272.8,-93.598,1614.002,1,1,1
65609831,64310,3,35.00,-35.00,34.46,-36.98,0.591,-0.590,-40147,40063,7.58,271.8,-89.817,1613.105,1,1,1
65619832,64320,3,35.00,-35.00,34.67,-36.87,0.590,-0.590,-40123,40038,7.58,274.8,-89.329,1612.213,1,1,1
65629839,64330,3,35.00,-35.00,34.82,-36.80,0.590,-0.590,-40099,40013,7.58,270.8,-93.049,1611.283,1,1,1
65639841,64340,3,35.00,-35.00,34.92,-36.74,0.590,-0.589,-40075,39988,7.58,274.0,-97.073,1610.313,1,1,1
65649854,64350,3,35.00,-35.00,34.55,-36.27,0.591,-0.590,-40052,39964,7.58,267.8,-100.305,1609.311,1,1,1
65659866,64360,3,35.00,-35.00,35.17,-36.81,0.589,-0.588,-40027,39938,7.58,273.8,-100.854,1608.303,1,1,1
65669871,64370,3,35.00,-35.00,35.61,-36.76,0.588,-0.587,-40002,39913,7.58,267.8,-100.061,1607.303,1,1,1
65679872,64380,3,35.00,-35.00,37.67,-36.72,0.581,-0.588,-39973,39888,7.58,273.0,-99.085,1606.313,1,1,1
65689878,64390,3,35.00,-35.00,37.35,-36.25,0.581,-0.589,-39948,39864,7.58,262.5,-95.854,1605.356,1,1,1
65699885,64400,3,35.00,-35.00,35.38,-36.36,0.587,-0.588,-39927,39839,7.59,267.2,-90.000,1604.456,1,1,1
65709894,64410,3,35.00,-35.00,34.87,-36.44,0.589,-0.587,-39904,39814,7.59,270.0,-85.732,1603.600,1,1,1
65719896,64420,3,35.00,-35.00,34.96,-36.93,0.589,-0.586,-39880,39788,7.58,267.0,-84.817,1602.752,1,1,1
65729900,64430,3,35.00,-35.00,35.02,-37.28,0.589,-0.584,-39856,39762,7.59,275.5,-90.183,1601.851,1,1,1
65739904,64440,3,35.00,-35.00,35.50,-36.64,0.588,-0.587,-39831,39738,7.58,266.2,-97.317,1600.879,1,1,1
65749911,64450,3,35.00,-35.00,36.27,-36.20,0.584,-0.588,-39805,39714,7.59,269.0,-101.463,1599.865,1,1,1
65759923,64460,3,35.00,-35.00,36.82,-36.32,0.582,-0.588,-39779,39689,7.58,267.8,-103.598,1598.830,1,1,1
65769930,64470,3,35.00,-35.00,36.32,-37.73,0.584,-0.583,-39755,39661,7.58,268.0,-103.232,1597.799,1,1,1
65779937,64480,3,35.00,-35.00,35.53,-37.40,0.586,-0.583,-39732,39636,7.59,268.0,-98.171,1596.818,1,1,1
65789942,64490,3,35.00,-35.00,35.42,-36.73,0.586,-0.585,-39708,39612,7.59,265.2,-88.537,1595.933,1,1,1
65799948,64500,3,35.00,-35.00,35.78,-34.94,0.585,-0.592,-39683,39591,7.58,270.2,-84.146,1595.092,1,1,1
65809955,64510,3,35.00,-35.00,35.59,-35.00,0.586,-0.592,-39659,39567,7.58,265.8,-84.634,1594.247,1,1,1
65819958,64520,3,35.00,-35.00,35.90,-35.49,0.584,-0.590,-39634,39542,7.58,276.0,-89.390,1593.354,1,1,1
65829964,64530,3,35.00,-35.00,36.12,-35.83,0.583,-0.589,-39609,39517,7.58,267.8,-96.646,1592.388,1,1,1
65839971,64540,3,35.00,-35.00,36.71,-36.07,0.581,-0.588,-39583,39492,7.58,273.5,-100.793,1591.381,1,1,1
65849973,64550,3,35.00,-35.00,36.24,-36.23,0.582,-0.588,-39559,39467,7.58,263.5,-100.610,1590.376,1,1,1
65859986,64560,3,35.00,-35.00,37.23,-36.35,0.578,-0.587,-39532,39442,7.59,268.8,-97.988,1589.397,1,1,1
65869994,64570,3,35.00,-35.00,36.17,-36.43,0.582,-0.587,-39509,39417,7.59,264.5,-94.634,1588.451,1,1,1
65879997,64580,3,35.00,-35.00,35.43,-36.49,0.584,-0.586,-39486,39392,7.59,267.2,-90.610,1587.546,1,1,1
65890008,64591,3,35.00,-35.00,35.35,-35.21,0.584,-0.591,-39462,39370,7.59,267.2,-83.902,1586.708,1,1,1
65900017,64601,3,35.00,-35.00,35.73,-34.31,0.583,-0.594,-39437,39348,7.58,265.5,-78.476,1585.924,1,1,1
65910031,64611,3,35.00,-35.00,36.00,-34.57,0.582,-0.593,-39412,39324,7.59,273.5,-81.524,1585.109,1,1,1
65920034,64621,3,35.00,-35.00,36.18,-35.62,0.582,-0.590,-39387,39298,7.58,266.0,-90.671,1584.203,1,1,1
65930047,64631,3,35.00,-35.00,36.32,-35.48,0.581,-0.591,-39362,39274,7.58,275.0,-98.293,1583.221,1,1,1
65940057,64641,3,35.00,-35.00,36.85,-35.82,0.579,-0.590,-39336,39249,7.58,267.8,-102.500,1582.197,1,1,1
65950068,64651,3,35.00,-35.00,38.54,-35.62,0.573,-0.591,-39307,39225,7.59,274.0,-102.866,1581.169,1,1,1
65960079,64661,3,35.00,-35.00,40.16,-35.04,0.568,-0.594,-39277,39202,7.58,263.2,-99.390,1580.176,1,1,1
65970079,64671,3,35.00,-35.00,39.10,-35.52,0.570,-0.592,-39252,39177,7.59,262.0,-96.768,1579.209,1,1,1
65980092,64681,3,35.00,-35.00,37.48,-35.85,0.576,-0.591,-39229,39152,7.58,261.5,-92.683,1578.283,1,1,1
65990100,64691,3,35.00,-35.00,34.58,-35.20,0.585,-0.592,-39210,39129,7.59,264.2,-86.280,1577.421,1,1,1
66000103,64701,3,35.00,-35.00,32.56,-34.31,0.592,-0.595,-39191,39107,7.58,273.0,-77.805,1576.644,1,1,1
66010110,64711,3,35.00,-35.00,33.78,-34.12,0.589,-0.596,-39166,39084,7.58,271.8,-72.195,1575.923,1,1,1
66020120,64721,3,35.00,-35.00,34.19,-34.87,0.588,-0.594,-39142,39059,7.58,279.2,-75.427,1575.169,1,1,1
66030125,64731,3,35.00,-35.00,35.80,-34.96,0.582,-0.594,-39115,39035,7.58,274.8,-87.012,1574.300,1,1,1
66040132,64741,3,35.00,-35.00,36.05,-35.02,0.581,-0.594,-39090,39011,7.58,267.0,-95.671,1573.344,1,1,1
66050143,64751,3,35.00,-35.00,36.66,-35.06,0.579,-0.594,-39064,38987,7.58,272.0,-100.671,1572.338,1,1,1
66060143,64761,3,35.00,-35.00,38.84,-35.09,0.571,-0.595,-39034,38963,7.58,265.2,-100.427,1571.335,1,1,1
66070143,64771,3,35.00,-35.00,37.74,-35.11,0.574,-0.594,-39010,38939,7.59,269.8,-95.549,1570.380,1,1,1
66080147,64781,3,35.00,-35.00,35.21,-35.12,0.582,-0.594,-38990,38915,7.59,263.2,-90.854,1569.473,1,1,1
66090156,64791,3,35.00,-35.00,33.43,-34.25,0.588,-0.596,-38970,38893,7.59,273.0,-83.841,1568.635,1,1,1
66100156,64801,3,35.00,-35.00,33.51,-33.65,0.588,-0.599,-38947,38871,7.58,270.8,-76.402,1567.872,1,1,1
66110162,64811,3,35.00,-35.00,34.00,-33.22,0.587,-0.601,-38923,38849,7.58,279.0,-75.244,1567.120,1,1,1
66120173,64821,3,35.00,-35.00,35.23,-29.85,0.582,-0.614,-38897,38834,7.58,273.2,-82.500,1566.296,1,1,1
66130178,64831,3,35.00,-35.00,35.21,-34.95,0.583,-0.598,-38873,38802,7.58,281.0,-92.805,1565.369,1,1,1
66140186,64841,3,35.00,-35.00,36.51,-34.14,0.578,-0.601,-38846,38780,7.58,274.8,-97.073,1564.399,1,1,1
66150193,64851,3,35.00,-35.00,36.10,-34.00,0.578,-0.601,-38822,38757,7.58,271.2,-96.707,1563.432,1,1,1
66160195,64861,3,35.00,-35.00,34.50,-34.79,0.584,-0.599,-38801,38732,7.58,270.8,-93.963,1562.494,1,1,1
66170201,64871,3,35.00,-35.00,34.26,-34.90,0.585,-0.598,-38778,38708,7.58,270.5,-89.512,1561.599,1,1,1
66180210,64881,3,35.00,-35.00,34.09,-34.10,0.586,-0.601,-38755,38686,7.58,276.5,-83.171,1560.768,1,1,1
66190216,64891,3,35.00,-35.00,34.41,-33.54,0.585,-0.603,-38731,38664,7.58,271.8,-79.512,1559.974,1,1,1
66200223,64901,3,35.00,-35.00,34.63,-33.14,0.584,-0.606,-38707,38642,7.58,277.5,-81.280,1559.162,1,1,1
66210223,64911,3,35.00,-35.00,34.79,-32.87,0.583,-0.607,-38683,38620,7.58,274.0,-85.000,1558.313,1,1,1
66220223,64921,3,35.00,-35.00,34.90,-32.68,0.583,-0.609,-38659,38598,7.58,280.0,-90.793,1557.406,1,1,1
66230223,64931,3,35.00,-35.00,35.42,-32.98,0.581,-0.608,-38634,38575,7.58,275.2,-95.122,1556.455,1,1,1
66240223,64941,3,35.00,-35.00,35.34,-32.75,0.581,-0.610,-38610,38553,7.57,278.8,-97.927,1555.477,1,1,1
66250232,64951,3,35.00,-35.00,35.72,-33.47,0.579,-0.608,-38585,38529,7.58,279.0,-100.061,1554.477,1,1,1
66260232,64961,3,35.00,-35.00,35.11,-33.98,0.581,-0.607,-38562,38505,7.58,274.2,-97.866,1553.499,1,1,1
66270238,64971,3,35.00,-35.00,34.25,-34.77,0.584,-0.604,-38540,38480,7.58,276.5,-93.354,1552.566,1,1,1
66280240,64981,3,35.00,-35.00,34.08,-34.45,0.585,-0.605,-38517,38457,7.58,276.0,-87.927,1551.688,1,1,1
66290253,64991,3,35.00,-35.00,33.96,-33.34,0.585,-0.610,-38494,38436,7.58,278.2,-82.683,1550.862,1,1,1
66300262,65001,3,35.00,-35.00,34.76,-33.01,0.583,-0.611,-38469,38414,7.58,281.5,-83.110,1550.031,1,1,1
66310264,65011,3,35.00,-35.00,34.88,-33.65,0.582,-0.610,-38445,38390,7.58,277.8,-86.402,1549.168,1,1,1
66320271,65021,3,35.00,-35.00,35.40,-33.22,0.580,-0.612,-38420,38368,7.58,279.8,-91.646,1548.253,1,1,1
66330277,65031,3,35.00,-35.00,37.09,-33.36,0.574,-0.613,-38392,38345,7.58,275.2,-96.707,1547.286,1,1,1
66340279,65041,3,35.00,-35.00,37.83,-33.46,0.570,-0.613,-38365,38322,7.58,279.0,-99.024,1546.297,1,1,1
66350279,65051,3,35.00,-35.00,36.15,-34.41,0.575,-0.610,-38343,38297,7.58,268.0,-99.085,1545.307,1,1,1
66360292,65061,3,35.00,-35.00,34.09,-35.07,0.583,-0.607,-38323,38272,7.58,279.2,-96.524,1544.343,1,1,1
66370301,65071,3,35.00,-35.00,33.53,-35.54,0.585,-0.605,-38301,38247,7.58,272.5,-92.439,1543.419,1,1,1
66380313,65081,3,35.00,-35.00,34.02,-34.98,0.584,-0.607,-38277,38224,7.58,282.8,-88.537,1542.534,1,1,1
66390323,65091,3,35.00,-35.00,34.36,-34.60,0.583,-0.609,-38253,38201,7.58,277.0,-89.085,1541.644,1,1,1
66400323,65101,3,35.00,-35.00,34.60,-34.32,0.582,-0.610,-38229,38178,7.58,279.8,-92.744,1540.718,1,1,1
66410323,65111,3,35.00,-35.00,35.21,-34.57,0.580,-0.609,-38204,38154,7.58,280.2,-98.537,1539.733,1,1,1
66420329,65121,3,35.00,-35.00,35.63,-35.19,0.579,-0.608,-38179,38129,7.58,276.5,-104.268,1538.691,1,1,1
66430344,65131,3,35.00,-35.00,35.93,-36.06,0.578,-0.604,-38154,38103,7.58,277.2,-106.707,1537.625,1,1,1
66440344,65141,3,35.00,-35.00,35.26,-36.23,0.580,-0.603,-38131,38078,7.58,270.8,-106.646,1536.559,1,1,1
66450344,65151,3,35.00,-35.00,34.79,-36.78,0.581,-0.600,-38108,38052,7.59,275.2,-102.317,1535.537,1,1,1
66460353,65161,3,35.00,-35.00,34.46,-36.30,0.583,-0.601,-38085,38028,7.58,267.0,-94.695,1534.591,1,1,1
66470355,65171,3,35.00,-35.00,34.67,-35.51,0.582,-0.604,-38061,38005,7.58,276.5,-90.793,1533.684,1,1,1
66480368,65181,3,35.00,-35.00,35.25,-35.41,0.580,-0.604,-38036,37981,7.58,272.2,-90.793,1532.777,1,1,1
66490368,65191,3,35.00,-35.00,34.79,-36.65,0.582,-0.600,-38013,37954,7.58,277.2,-95.915,1531.818,1,1,1
66500377,65201,3,35.00,-35.00,34.90,-36.64,0.582,-0.599,-37989,37929,7.58,270.2,-102.439,1530.795,1,1,1
66510385,65211,3,35.00,-35.00,35.41,-36.20,0.580,-0.600,-37964,37905,7.58,272.2,-105.488,1529.741,1,1,1
66520390,65221,3,35.00,-35.00,35.78,-35.44,0.579,-0.603,-37939,37882,7.58,270.5,-106.402,1528.677,1,1,1
66530401,65231,3,35.00,-35.00,35.15,-35.80,0.581,-0.601,-37916,37857,7.58,272.2,-105.671,1527.622,1,1,1
66540408,65241,3,35.00,-35.00,34.71,-36.92,0.583,-0.596,-37893,37830,7.59,274.0,-104.024,1526.582,1,1,1
66550420,65251,3,35.00,-35.00,34.85,-37.27,0.583,-0.595,-37869,37804,7.58,270.2,-100.488,1525.578,1,1,1
66560420,65261,3,35.00,-35.00,34.50,-37.08,0.584,-0.594,-37846,37779,7.59,274.8,-97.256,1524.606,1,1,1
66570431,65271,3,35.00,-35.00,35.14,-35.62,0.582,-0.599,-37821,37757,7.58,270.2,-94.207,1523.665,1,1,1
66580431,65281,3,35.00,-35.00,35.14,-35.48,0.582,-0.600,-37797,37733,7.58,270.8,-94.512,1522.721,1,1,1
66590438,65291,3,35.00,-35.00,35.59,-36.26,0.580,-0.597,-37772,37707,7.58,274.8,-96.890,1521.753,1,1,1
66600444,65301,3,35.00,-35.00,35.90,-36.81,0.579,-0.594,-37747,37681,7.58,263.8,-99.939,1520.754,1,1,1
66610451,65311,3,35.00,-35.00,35.67,-36.31,0.580,-0.595,-37723,37657,7.58,271.5,-101.768,1519.737,1,1,1
66620451,65321,3,35.00,-35.00,35.52,-36.41,0.580,-0.595,-37699,37632,7.58,264.0,-102.927,1518.709,1,1,1
66630461,65331,3,35.00,-35.00,35.85,-36.03,0.579,-0.596,-37674,37608,7.58,271.8,-103.476,1517.675,1,1,1
66640474,65341,3,35.00,-35.00,35.20,-36.21,0.582,-0.595,-37651,37583,7.58,265.8,-104.268,1516.633,1,1,1
66650483,65351,3,35.00,-35.00,34.31,-37.21,0.585,-0.590,-37629,37556,7.59,272.0,-102.195,1515.612,1,1,1
66660484,65361,3,35.00,-35.00,34.56,-35.72,0.584,-0.595,-37605,37534,7.58,267.0,-99.085,1514.622,1,1,1
66670496,65371,3,35.00,-35.00,34.74,-34.67,0.583,-0.598,-37581,37512,7.58,270.8,-97.500,1513.648,1,1,1
66680507,65381,3,35.00,-35.00,35.31,-35.25,0.582,-0.597,-37556,37487,7.58,271.8,-96.707,1512.681,1,1,1
66690514,65391,3,35.00,-35.00,35.70,-35.66,0.580,-0.595,-37531,37462,7.58,269.2,-100.122,1511.681,1,1,1
66700526,65401,3,35.00,-35.00,35.98,-35.51,0.579,-0.596,-37506,37438,7.58,271.8,-104.268,1510.639,1,1,1
66710526,65411,3,35.00,-35.00,36.17,-35.41,0.578,-0.596,-37481,37414,7.58,264.8,-104.512,1509.595,1,1,1
66720537,65421,3,35.00,-35.00,35.87,-35.33,0.579,-0.596,-37457,37390,7.59,272.0,-103.841,1508.557,1,1,1
66730542,65431,3,35.00,-35.00,34.77,-35.28,0.583,-0.596,-37435,37366,7.58,264.2,-103.049,1507.527,1,1,1
66740553,65441,3,35.00,-35.00,34.01,-36.12,0.587,-0.593,-37413,37340,7.58,274.5,-100.122,1506.527,1,1,1
66750556,65451,3,35.00,-35.00,34.35,-34.95,0.585,-0.596,-37389,37318,7.58,269.0,-97.500,1505.553,1,1,1
66760556,65461,3,35.00,-35.00,35.03,-34.57,0.583,-0.598,-37364,37295,7.58,277.2,-99.024,1504.563,1,1,1
66770565,65471,3,35.00,-35.00,35.51,-33.87,0.581,-0.601,-37339,37273,7.58,267.5,-101.159,1503.553,1,1,1
66780579,65481,3,35.00,-35.00,35.40,-33.82,0.580,-0.601,-37315,37250,7.59,272.5,-99.573,1502.558,1,1,1
66790580,65491,3,35.00,-35.00,35.77,-34.22,0.579,-0.601,-37290,37226,7.58,273.0,-100.000,1501.559,1,1,1
66800587,65501,3,35.00,-35.00,36.02,-34.50,0.578,-0.600,-37265,37202,7.58,271.5,-102.317,1500.536,1,1,1
66810595,65511,3,35.00,-35.00,36.20,-34.26,0.577,-0.601,-37240,37179,7.58,271.2,-103.963,1499.498,1,1,1
66820609,65521,3,35.00,-35.00,35.45,-34.53,0.580,-0.600,-37217,37155,7.58,265.0,-102.317,1498.475,1,1,1
66830609,65531,3,35.00,-35.00,34.04,-34.72,0.585,-0.599,-37196,37131,7.58,274.2,-97.988,1497.496,1,1,1
66840609,65541,3,35.00,-35.00,33.94,-33.97,0.586,-0.603,-37173,37109,7.57,269.5,-96.890,1496.528,1,1,1
66850622,65551,3,35.00,-35.00,34.74,-33.89,0.582,-0.603,-37148,37086,7.58,279.0,-98.354,1495.545,1,1,1
66860630,65561,3,35.00,-35.00,35.31,-33.39,0.581,-0.606,-37123,37064,7.58,273.8,-98.537,1494.561,1,1,1
66870637,65571,3,35.00,-35.00,35.26,-33.48,0.580,-0.606,-37099,37041,7.58,269.0,-99.268,1493.569,1,1,1
66880637,65581,3,35.00,-35.00,33.91,-33.98,0.585,-0.604,-37078,37017,7.58,278.2,-100.549,1492.564,1,1,1
66890645,65591,3,35.00,-35.00,34.28,-33.89,0.584,-0.605,-37054,36994,7.58,274.8,-101.585,1491.549,1,1,1
66900652,65601,3,35.00,-35.00,34.11,-33.83,0.585,-0.605,-37031,36971,7.58,281.5,-104.024,1490.510,1,1,1
66910655,65611,3,35.00,-35.00,33.98,-34.23,0.586,-0.604,-37008,36947,7.58,274.8,-105.793,1489.453,1,1,1
66920667,65621,3,35.00,-35.00,33.89,-34.07,0.586,-0.605,-36985,36924,7.57,282.8,-106.220,1488.391,1,1,1
66930670,65631,3,35.00,-35.00,33.39,-33.96,0.588,-0.605,-36963,36901,7.58,275.8,-105.488,1487.337,1,1,1
66940670,65641,3,35.00,-35.00,33.04,-33.88,0.590,-0.606,-36941,36878,7.57,281.8,-103.476,1486.303,1,1,1
66950676,65651,3,35.00,-35.00,33.24,-33.82,0.590,-0.606,-36918,36855,7.57,279.8,-99.756,1485.307,1,1,1
66960683,65661,3,35.00,-35.00,33.81,-33.34,0.588,-0.608,-36894,36833,7.57,280.2,-97.805,1484.329,1,1,1
66970691,65671,3,35.00,-35.00,33.78,-33.01,0.589,-0.610,-36871,36811,7.57,283.8,-98.902,1483.341,1,1,1
66980700,65681,3,35.00,-35.00,33.75,-33.65,0.589,-0.608,-36848,36787,7.58,279.0,-103.354,1482.308,1,1,1
66990701,65691,3,35.00,-35.00,34.17,-34.10,0.588,-0.607,-36824,36763,7.57,285.2,-106.951,1481.240,1,1,1
67000704,65701,3,35.00,-35.00,34.91,-33.98,0.586,-0.608,-36799,36740,7.58,277.2,-109.146,1480.149,1,1,1
67010712,65711,3,35.00,-35.00,35.86,-34.33,0.582,-0.607,-36773,36716,7.58,283.0,-110.854,1479.041,1,1,1
67020715,65721,3,35.00,-35.00,36.53,-34.58,0.579,-0.607,-36747,36692,7.58,275.8,-111.098,1477.931,1,1,1
67030715,65731,3,35.00,-35.00,35.68,-35.19,0.582,-0.605,-36724,36667,7.58,278.2,-107.073,1476.861,1,1,1
67040720,65741,3,35.00,-35.00,33.76,-35.18,0.588,-0.604,-36704,36643,7.58,268.8,-102.622,1475.836,1,1,1
67050731,65751,3,35.00,-35.00,33.30,-35.17,0.591,-0.604,-36682,36619,7.58,277.8,-95.183,1474.885,1,1,1
67060744,65761,3,35.00,-35.00,33.86,-33.41,0.589,-0.610,-36658,36599,7.58,279.2,-93.171,1473.954,1,1,1
67070746,65771,3,35.00,-35.00,34.25,-33.49,0.588,-0.611,-36634,36576,7.58,277.0,-96.220,1472.993,1,1,1
67080758,65781,3,35.00,-35.00,34.96,-34.43,0.586,-0.608,-36609,36551,7.58,283.0,-99.756,1471.996,1,1,1
67090761,65791,3,35.00,-35.00,35.46,-34.21,0.584,-0.609,-36584,36528,7.57,272.5,-102.561,1470.971,1,1,1
67100774,65801,3,35.00,-35.00,36.69,-35.37,0.579,-0.606,-36557,36502,7.58,280.5,-103.598,1469.936,1,1,1
67110784,65811,3,35.00,-35.00,34.91,-35.75,0.585,-0.603,-36536,36477,7.58,271.8,-103.354,1468.903,1,1,1
67120789,65821,3,35.00,-35.00,34.10,-36.45,0.589,-0.600,-36514,36451,7.58,278.2,-100.793,1467.896,1,1,1
67130791,65831,3,35.00,-35.00,33.54,-36.06,0.591,-0.601,-36492,36427,7.58,271.2,-97.988,1466.917,1,1,1
67140804,65841,3,35.00,-35.00,34.46,-36.23,0.588,-0.600,-36467,36402,7.58,275.5,-93.720,1465.981,1,1,1
67150804,65851,3,35.00,-35.00,34.67,-35.47,0.587,-0.602,-36443,36379,7.58,278.0,-93.598,1465.045,1,1,1
67160812,65861,3,35.00,-35.00,34.38,-35.81,0.589,-0.601,-36420,36354,7.58,272.5,-95.915,1464.087,1,1,1
67170819,65871,3,35.00,-35.00,34.17,-35.62,0.590,-0.601,-36397,36330,7.58,278.2,-100.488,1463.083,1,1,1
67180830,65881,3,35.00,-35.00,34.91,-35.92,0.588,-0.600,-36372,36305,7.58,273.5,-104.390,1462.040,1,1,1
67190830,65891,3,35.00,-35.00,35.86,-36.57,0.585,-0.598,-36346,36279,7.58,279.2,-105.305,1460.988,1,1,1
67200835,65901,3,35.00,-35.00,35.65,-37.02,0.585,-0.595,-36322,36253,7.58,269.0,-104.329,1459.945,1,1,1
67210835,65911,3,35.00,-35.00,34.18,-36.90,0.590,-0.595,-36301,36228,7.58,270.2,-99.329,1458.953,1,1,1
67220842,65921,3,35.00,-35.00,33.16,-36.82,0.595,-0.594,-36280,36203,7.58,274.8,-91.585,1458.038,1,1,1
67230845,65931,3,35.00,-35.00,34.20,-36.32,0.592,-0.595,-36255,36179,7.58,273.0,-89.756,1457.141,1,1,1
67240850,65941,3,35.00,-35.00,33.61,-35.97,0.594,-0.596,-36233,36155,7.57,279.5,-89.817,1456.244,1,1,1
67250850,65951,3,35.00,-35.00,33.63,-36.17,0.595,-0.595,-36210,36130,7.58,270.8,-94.695,1455.297,1,1,1
67260852,65961,3,35.00,-35.00,34.09,-36.74,0.594,-0.592,-36186,36104,7.58,276.5,-101.463,1454.284,1,1,1
67270864,65971,3,35.00,-35.00,34.85,-36.27,0.591,-0.594,-36161,36080,7.58,267.8,-107.195,1453.213,1,1,1
67280865,65981,3,35.00,-35.00,36.70,-36.37,0.585,-0.593,-36133,36055,7.58,276.2,-106.402,1452.149,1,1,1
67290873,65991,3,35.00,-35.00,37.11,-36.89,0.583,-0.591,-36107,36029,7.58,268.8,-103.476,1451.115,1,1,1
67300873,66001,3,35.00,-35.00,35.21,-36.81,0.589,-0.590,-36086,36004,7.58,268.2,-99.390,1450.122,1,1,1
67310875,66011,3,35.00,-35.00,33.44,-37.63,0.596,-0.586,-36066,35977,7.58,267.2,-92.988,1449.193,1,1,1
67320888,66021,3,35.00,-35.00,33.51,-36.89,0.597,-0.588,-36043,35953,7.58,271.8,-86.402,1448.330,1,1,1
67330888,66031,3,35.00,-35.00,33.57,-36.37,0.597,-0.589,-36020,35929,7.58,273.0,-83.598,1447.495,1,1,1
67340896,66041,3,35.00,-35.00,34.48,-36.88,0.595,-0.588,-35995,35903,7.57,273.8,-88.171,1446.614,1,1,1
67350910,66051,3,35.00,-35.00,34.25,-36.80,0.595,-0.586,-35972,35878,7.58,276.5,-95.793,1445.657,1,1,1
67360918,66061,3,35.00,-35.00,34.08,-36.31,0.596,-0.587,-35949,35854,7.58,270.2,-100.427,1444.653,1,1,1
67370928,66071,3,35.00,-35.00,35.28,-36.84,0.593,-0.586,-35923,35828,7.58,274.8,-102.561,1443.629,1,1,1
67380936,66081,3,35.00,-35.00,36.56,-37.22,0.588,-0.585,-35896,35802,7.58,266.5,-103.476,1442.595,1,1,1
67390936,66091,3,35.00,-35.00,39.66,-36.60,0.576,-0.587,-35864,35778,7.58,271.2,-101.402,1441.582,1,1,1
67400948,66101,3,35.00,-35.00,37.43,-36.60,0.583,-0.587,-35842,35753,7.58,261.8,-95.183,1440.630,1,1,1
67410956,66111,3,35.00,-35.00,34.99,-36.61,0.591,-0.586,-35822,35728,7.59,269.2,-89.573,1439.736,1,1,1
67420970,66121,3,35.00,-35.00,34.16,-37.05,0.594,-0.584,-35800,35702,7.58,266.8,-85.671,1438.880,1,1,1
67430971,66131,3,35.00,-35.00,34.90,-37.36,0.592,-0.583,-35775,35676,7.58,268.8,-83.720,1438.043,1,1,1
67440985,66141,3,35.00,-35.00,34.98,-37.14,0.592,-0.584,-35751,35651,7.59,274.5,-87.256,1437.172,1,1,1
67450986,66151,3,35.00,-35.00,35.47,-36.98,0.591,-0.584,-35726,35626,7.58,268.8,-92.561,1436.247,1,1,1
67460986,66161,3,35.00,-35.00,35.81,-37.31,0.589,-0.583,-35701,35600,7.59,273.5,-95.793,1435.290,1,1,1
67470994,66171,3,35.00,-35.00,36.50,-37.55,0.587,-0.582,-35675,35574,7.59,266.5,-97.317,1434.317,1,1,1
67481001,66182,3,35.00,-35.00,36.09,-37.27,0.588,-0.583,-35651,35549,7.59,267.0,-96.890,1433.349,1,1,1
67491012,66192,3,35.00,-35.00,35.81,-37.07,0.589,-0.583,-35627,35524,7.59,266.2,-90.854,1432.441,1,1,1
67501024,66202,3,35.00,-35.00,35.62,-35.62,0.589,-0.588,-35603,35502,7.59,267.5,-85.183,1431.590,1,1,1
67511024,66212,3,35.00,-35.00,35.92,-35.48,0.588,-0.589,-35578,35478,7.58,274.8,-85.305,1430.738,1,1,1
67521034,66222,3,35.00,-35.00,36.13,-36.70,0.588,-0.585,-35553,35451,7.58,266.8,-89.207,1429.847,1,1,1
67531046,66232,3,35.00,-35.00,36.28,-36.68,0.586,-0.585,-35528,35426,7.58,273.5,-95.671,1428.891,1,1,1
67541055,66242,3,35.00,-35.00,35.94,-36.22,0.587,-0.586,-35504,35402,7.58,267.0,-99.939,1427.892,1,1,1
67551055,66252,3,35.00,-35.00,36.58,-37.22,0.585,-0.583,-35478,35375,7.58,275.8,-103.293,1426.860,1,1,1
67561055,66262,3,35.00,-35.00,37.47,-37.48,0.582,-0.582,-35451,35349,7.58,264.5,-104.695,1425.814,1,1,1
67571055,66272,3,35.00,-35.00,37.22,-37.66,0.581,-0.581,-35426,35323,7.59,263.5,-101.768,1424.797,1,1,1
67581055,66282,3,35.00,-35.00,36.60,-37.35,0.583,-0.582,-35402,35298,7.59,261.2,-95.732,1423.841,1,1,1
67591061,66292,3,35.00,-35.00,35.29,-35.81,0.587,-0.587,-35380,35276,7.59,264.8,-88.354,1422.958,1,1,1
67601072,66302,3,35.00,-35.00,35.25,-34.74,0.587,-0.591,-35356,35254,7.59,267.0,-79.451,1422.164,1,1,1
67611072,66312,3,35.00,-35.00,35.66,-34.42,0.586,-0.592,-35331,35231,7.58,269.0,-75.366,1421.411,1,1,1
67621076,66322,3,35.00,-35.00,35.95,-35.52,0.584,-0.588,-35306,35205,7.58,274.5,-81.890,1420.593,1,1,1
67631087,66332,3,35.00,-35.00,36.15,-35.85,0.584,-0.588,-35281,35180,7.58,267.0,-91.402,1419.680,1,1,1
67641100,66342,3,35.00,-35.00,36.29,-36.08,0.583,-0.587,-35256,35155,7.59,273.8,-96.768,1418.713,1,1,1
67651112,66352,3,35.00,-35.00,36.39,-35.80,0.583,-0.588,-35231,35131,7.58,266.5,-99.207,1417.722,1,1,1
67661112,66362,3,35.00,-35.00,38.22,-35.61,0.576,-0.589,-35202,35107,7.59,271.5,-98.780,1416.735,1,1,1
67671112,66372,3,35.00,-35.00,37.74,-35.91,0.578,-0.588,-35177,35082,7.58,264.0,-95.732,1415.778,1,1,1
67681112,66382,3,35.00,-35.00,36.96,-36.13,0.580,-0.587,-35153,35057,7.59,267.5,-92.561,1414.854,1,1,1
67691113,66392,3,35.00,-35.00,34.22,-35.40,0.589,-0.589,-35134,35034,7.58,264.5,-87.378,1413.981,1,1,1
67701117,66402,3,35.00,-35.00,34.50,-34.44,0.588,-0.592,-35110,35012,7.59,271.5,-80.732,1413.174,1,1,1
67711124,66412,3,35.00,-35.00,34.70,-33.78,0.588,-0.595,-35086,34990,7.58,274.8,-76.829,1412.407,1,1,1
67721128,66422,3,35.00,-35.00,34.40,-34.63,0.589,-0.592,-35063,34965,7.59,273.2,-83.232,1411.575,1,1,1
67731135,66432,3,35.00,-35.00,35.94,-34.79,0.583,-0.592,-35036,34941,7.58,280.0,-96.707,1410.609,1,1,1
67741141,66442,3,35.00,-35.00,36.15,-34.90,0.582,-0.592,-35011,34917,7.59,271.2,-106.951,1409.540,1,1,1
67751141,66452,3,35.00,-35.00,37.61,-34.98,0.577,-0.592,-34983,34893,7.59,273.5,-110.793,1408.433,1,1,1
67761143,66462,3,35.00,-35.00,39.95,-35.03,0.569,-0.593,-34952,34869,7.59,269.2,-109.268,1407.341,1,1,1
67771147,66472,3,35.00,-35.00,38.95,-35.51,0.572,-0.591,-34927,34844,7.59,262.0,-102.927,1406.313,1,1,1
67781147,66482,3,35.00,-35.00,37.37,-35.84,0.577,-0.590,-34904,34819,7.59,269.0,-97.134,1405.342,1,1,1
67791147,66492,3,35.00,-35.00,34.51,-34.76,0.586,-0.593,-34885,34797,7.59,263.0,-90.244,1404.441,1,1,1
67801158,66502,3,35.00,-35.00,31.63,-33.56,0.597,-0.596,-34868,34776,7.58,275.5,-81.707,1403.624,1,1,1
67811169,66512,3,35.00,-35.00,31.81,-33.16,0.597,-0.598,-34846,34754,7.58,272.2,-73.354,1402.892,1,1,1
67821171,66522,3,35.00,-35.00,34.13,-30.24,0.589,-0.610,-34819,34738,7.58,281.5,-69.817,1402.194,1,1,1
67831178,66532,3,35.00,-35.00,34.44,-34.79,0.589,-0.596,-34795,34707,7.58,276.5,-77.622,1401.419,1,1,1
67841180,66542,3,35.00,-35.00,35.09,-34.02,0.587,-0.598,-34770,34685,7.58,278.0,-86.280,1400.557,1,1,1
67851188,66552,3,35.00,-35.00,34.67,-33.92,0.588,-0.599,-34747,34662,7.58,272.5,-89.695,1399.661,1,1,1
67861188,66562,3,35.00,-35.00,34.82,-34.29,0.588,-0.598,-34723,34638,7.58,277.0,-91.280,1398.749,1,1,1
67871188,66572,3,35.00,-35.00,34.48,-35.43,0.589,-0.594,-34700,34612,7.58,272.8,-90.976,1397.840,1,1,1
67881195,66582,3,35.00,-35.00,34.24,-34.91,0.590,-0.596,-34677,34589,7.58,270.0,-89.939,1396.941,1,1,1
67891208,66592,3,35.00,-35.00,34.52,-33.66,0.589,-0.600,-34653,34568,7.58,279.0,-86.951,1396.073,1,1,1
67901208,66602,3,35.00,-35.00,34.71,-33.23,0.588,-0.602,-34629,34546,7.58,272.0,-85.427,1395.219,1,1,1
67911222,66612,3,35.00,-35.00,34.84,-32.93,0.588,-0.604,-34605,34524,7.58,281.8,-87.012,1394.350,1,1,1
67921225,66622,3,35.00,-35.00,34.50,-33.16,0.589,-0.604,-34582,34501,7.58,277.0,-91.220,1393.438,1,1,1
67931238,66632,3,35.00,-35.00,34.70,-32.88,0.588,-0.605,-34558,34479,7.58,282.5,-94.268,1392.497,1,1,1
67941238,66642,3,35.00,-35.00,34.83,-33.12,0.588,-0.605,-34534,34456,7.58,278.2,-95.976,1391.538,1,1,1
67951247,66652,3,35.00,-35.00,35.37,-33.29,0.586,-0.606,-34509,34433,7.58,282.8,-98.415,1390.554,1,1,1
67961249,66662,3,35.00,-35.00,35.75,-33.85,0.584,-0.604,-34484,34409,7.58,273.8,-99.634,1389.559,1,1,1
67971256,66672,3,35.00,-35.00,34.69,-34.68,0.588,-0.601,-34462,34384,7.58,278.0,-96.646,1388.593,1,1,1
67981269,66682,3,35.00,-35.00,33.95,-34.82,0.590,-0.601,-34440,34360,7.58,276.2,-92.195,1387.672,1,1,1
67991279,66692,3,35.00,-35.00,34.31,-33.61,0.589,-0.605,-34416,34339,7.58,277.5,-85.793,1386.815,1,1,1
68001291,66702,3,35.00,-35.00,34.13,-33.19,0.590,-0.607,-34393,34317,7.58,282.8,-81.768,1385.998,1,1,1
68011294,66712,3,35.00,-35.00,34.44,-33.78,0.589,-0.606,-34369,34293,7.58,280.2,-83.963,1385.159,1,1,1
68021307,66722,3,35.00,-35.00,35.53,-33.75,0.585,-0.606,-34343,34270,7.58,280.5,-92.378,1384.236,1,1,1
68031316,66732,3,35.00,-35.00,35.86,-33.30,0.583,-0.609,-34318,34248,7.58,280.5,-98.902,1383.248,1,1,1
68041321,66742,3,35.00,-35.00,37.41,-33.85,0.578,-0.608,-34290,34224,7.58,277.0,-100.732,1382.242,1,1,1
68051329,66752,3,35.00,-35.00,37.61,-33.81,0.575,-0.608,-34264,34201,7.58,276.5,-100.061,1381.242,1,1,1
68061331,66762,3,35.00,-35.00,35.99,-35.09,0.581,-0.604,-34242,34175,7.58,270.2,-100.244,1380.240,1,1,1
68071344,66772,3,35.00,-35.00,33.55,-35.55,0.589,-0.601,-34223,34150,7.58,277.0,-98.415,1379.257,1,1,1
68081355,66782,3,35.00,-35.00,33.59,-35.43,0.590,-0.602,-34200,34126,7.58,271.8,-93.963,1378.318,1,1,1
68091355,66792,3,35.00,-35.00,34.06,-34.91,0.589,-0.604,-34176,34103,7.58,279.5,-87.988,1377.439,1,1,1
68101355,66802,3,35.00,-35.00,34.39,-34.10,0.588,-0.607,-34152,34081,7.57,275.2,-88.232,1376.558,1,1,1
68111355,66812,3,35.00,-35.00,34.62,-34.86,0.587,-0.604,-34128,34056,7.58,283.8,-95.427,1375.604,1,1,1
68121362,66822,3,35.00,-35.00,34.78,-34.95,0.587,-0.604,-34104,34032,7.58,278.2,-103.537,1374.570,1,1,1
68131374,66832,3,35.00,-35.00,37.09,-35.45,0.579,-0.603,-34075,34007,7.57,279.0,-107.134,1373.499,1,1,1
68141386,66842,3,35.00,-35.00,37.39,-35.36,0.576,-0.603,-34049,33983,7.58,274.2,-106.463,1372.435,1,1,1
68151390,66852,3,35.00,-35.00,36.28,-36.18,0.580,-0.600,-34026,33957,7.58,267.2,-105.061,1371.385,1,1,1
68161404,66862,3,35.00,-35.00,34.18,-36.31,0.587,-0.598,-34006,33932,7.59,274.8,-101.159,1370.375,1,1,1
68171407,66872,3,35.00,-35.00,34.04,-36.40,0.588,-0.597,-33983,33907,7.58,270.8,-95.122,1369.424,1,1,1
68181407,66882,3,35.00,-35.00,34.81,-35.59,0.585,-0.600,-33958,33884,7.58,276.0,-89.878,1368.526,1,1,1
68191414,66892,3,35.00,-35.00,34.48,-36.34,0.587,-0.597,-33935,33858,7.58,269.5,-90.000,1367.627,1,1,1
68201419,66902,3,35.00,-35.00,35.12,-36.42,0.585,-0.596,-33910,33833,7.58,277.0,-97.012,1366.658,1,1,1
68211422,66912,3,35.00,-35.00,35.13,-36.04,0.585,-0.597,-33886,33809,7.58,270.8,-104.695,1365.612,1,1,1
68221435,66922,3,35.00,-35.00,36.46,-35.78,0.580,-0.598,-33859,33785,7.58,274.8,-108.902,1364.523,1,1,1
68231438,66932,3,35.00,-35.00,35.63,-35.59,0.583,-0.598,-33836,33761,7.59,266.5,-108.293,1363.441,1,1,1
68241446,66942,3,35.00,-35.00,36.36,-36.78,0.581,-0.595,-33810,33734,7.58,271.0,-107.012,1362.372,1,1,1
68251450,66952,3,35.00,-35.00,34.68,-36.73,0.586,-0.593,-33789,33709,7.59,268.8,-103.537,1361.337,1,1,1
68261450,66962,3,35.00,-35.00,33.95,-36.26,0.589,-0.594,-33767,33685,7.58,270.2,-95.976,1360.378,1,1,1
68271461,66972,3,35.00,-35.00,34.75,-35.49,0.586,-0.597,-33742,33662,7.59,277.8,-88.415,1359.495,1,1,1
68281466,66982,3,35.00,-35.00,34.87,-35.39,0.586,-0.597,-33718,33638,7.58,268.8,-86.341,1358.632,1,1,1
68291474,66992,3,35.00,-35.00,35.40,-36.20,0.584,-0.594,-33693,33612,7.58,273.2,-91.829,1357.715,1,1,1
68301474,67002,3,35.00,-35.00,35.32,-36.32,0.585,-0.593,-33669,33587,7.58,272.2,-99.817,1356.718,1,1,1
68311481,67012,3,35.00,-35.00,36.15,-35.97,0.582,-0.594,-33643,33563,7.58,269.2,-103.902,1355.679,1,1,1
68321481,67022,3,35.00,-35.00,35.85,-35.73,0.582,-0.595,-33619,33539,7.59,273.0,-104.695,1354.633,1,1,1
68331484,67032,3,35.00,-35.00,35.64,-35.56,0.583,-0.595,-33595,33515,7.58,268.5,-104.756,1353.587,1,1,1
68341489,67042,3,35.00,-35.00,35.94,-35.88,0.581,-0.594,-33570,33490,7.59,274.2,-105.427,1352.533,1,1,1
68351489,67052,3,35.00,-35.00,35.26,-37.42,0.584,-0.588,-33547,33462,7.59,264.0,-104.756,1351.486,1,1,1
68361492,67062,3,35.00,-35.00,34.35,-36.30,0.587,-0.591,-33525,33439,7.59,272.2,-97.561,1350.511,1,1,1
68371498,67072,3,35.00,-35.00,34.15,-34.20,0.588,-0.598,-33502,33419,7.58,269.2,-92.622,1349.586,1,1,1
68381507,67082,3,35.00,-35.00,34.89,-34.05,0.585,-0.599,-33477,33396,7.59,276.2,-93.720,1348.650,1,1,1
68391514,67092,3,35.00,-35.00,35.41,-34.82,0.584,-0.597,-33452,33371,7.58,270.5,-99.451,1347.656,1,1,1
68401526,67102,3,35.00,-35.00,35.77,-34.92,0.582,-0.597,-33427,33347,7.58,273.0,-103.902,1346.618,1,1,1
68411535,67112,3,35.00,-35.00,36.47,-34.55,0.579,-0.598,-33401,33324,7.59,271.2,-104.329,1345.575,1,1,1
68421535,67122,3,35.00,-35.00,36.07,-34.73,0.580,-0.598,-33377,33300,7.59,266.8,-104.085,1344.535,1,1,1
68431542,67132,3,35.00,-35.00,36.24,-34.86,0.579,-0.597,-33352,33276,7.59,272.2,-104.573,1343.490,1,1,1
68441552,67142,3,35.00,-35.00,34.60,-35.39,0.585,-0.595,-33331,33251,7.58,263.8,-102.134,1342.470,1,1,1
68451552,67152,3,35.00,-35.00,34.76,-35.32,0.585,-0.595,-33307,33227,7.59,273.0,-99.451,1341.476,1,1,1
68461565,67162,3,35.00,-35.00,35.32,-34.39,0.583,-0.599,-33282,33205,7.58,265.8,-101.829,1340.459,1,1,1
68471574,67172,3,35.00,-35.00,35.71,-33.74,0.581,-0.601,-33257,33183,7.59,273.8,-101.463,1339.445,1,1,1
68481579,67182,3,35.00,-35.00,35.98,-33.29,0.580,-0.604,-33232,33161,7.58,268.8,-101.341,1338.432,1,1,1
68491589,67192,3,35.00,-35.00,36.61,-33.85,0.577,-0.603,-33206,33137,7.58,274.8,-103.293,1337.400,1,1,1
68501606,67202,3,35.00,-35.00,36.62,-34.24,0.577,-0.602,-33181,33113,7.58,270.8,-105.610,1336.345,1,1,1
68511609,67212,3,35.00,-35.00,37.06,-34.08,0.575,-0.603,-33155,33090,7.59,269.8,-107.439,1335.271,1,1,1
68521609,67222,3,35.00,-35.00,36.49,-34.40,0.577,-0.602,-33131,33066,7.59,271.2,-107.683,1334.195,1,1,1
68531609,67232,3,35.00,-35.00,34.77,-34.63,0.583,-0.601,-33110,33042,7.58,269.8,-105.366,1333.142,1,1,1
68541609,67242,3,35.00,-35.00,33.57,-34.79,0.587,-0.600,-33089,33018,7.59,276.0,-100.793,1332.135,1,1,1
68551615,67252,3,35.00,-35.00,34.04,-34.02,0.586,-0.603,-33065,32996,7.58,270.0,-98.232,1331.154,1,1,1
68561624,67262,3,35.00,-35.00,34.82,-33.48,0.583,-0.606,-33040,32974,7.58,278.5,-96.402,1330.191,1,1,1
68571633,67272,3,35.00,-35.00,35.80,-33.10,0.579,-0.608,-33014,32952,7.58,273.0,-98.963,1329.202,1,1,1
68581640,67282,3,35.00,-35.00,35.17,-33.72,0.581,-0.606,-32991,32928,7.58,273.5,-102.073,1328.182,1,1,1
68591653,67292,3,35.00,-35.00,34.72,-33.71,0.583,-0.607,-32968,32905,7.58,281.0,-103.110,1327.152,1,1,1
68601660,67302,3,35.00,-35.00,34.85,-33.71,0.582,-0.607,-32944,32882,7.58,274.0,-104.512,1326.107,1,1,1
68611660,67312,3,35.00,-35.00,34.50,-34.58,0.584,-0.604,-32921,32857,7.58,279.5,-106.463,1325.043,1,1,1
68621668,67322,3,35.00,-35.00,34.26,-34.75,0.585,-0.604,-32898,32833,7.58,274.0,-107.378,1323.970,1,1,1
68631676,67332,3,35.00,-35.00,33.65,-34.43,0.587,-0.605,-32876,32810,7.58,279.5,-107.439,1322.897,1,1,1
68641683,67342,3,35.00,-35.00,33.66,-34.21,0.588,-0.606,-32853,32787,7.58,272.5,-107.195,1321.826,1,1,1
68651685,67352,3,35.00,-35.00,34.11,-33.62,0.586,-0.608,-32829,32765,7.58,281.2,-103.659,1320.790,1,1,1
68661685,67362,3,35.00,-35.00,33.98,-33.64,0.587,-0.608,-32806,32742,7.58,279.0,-100.183,1319.789,1,1,1
68671685,67372,3,35.00,-35.00,34.34,-33.65,0.586,-0.609,-32782,32719,7.58,280.0,-99.207,1318.798,1,1,1
68681689,67382,3,35.00,-35.00,34.58,-33.67,0.585,-0.609,-32758,32696,7.58,281.5,-102.500,1317.774,1,1,1
68691700,67392,3,35.00,-35.00,34.75,-34.11,0.584,-0.608,-32734,32672,7.58,281.2,-106.037,1316.714,1,1,1
68701706,67402,3,35.00,-35.00,35.31,-34.43,0.583,-0.607,-32709,32648,7.58,283.2,-108.415,1315.631,1,1,1
68711706,67412,3,35.00,-35.00,36.15,-34.64,0.579,-0.607,-32683,32624,7.58,272.5,-110.671,1314.525,1,1,1
68721706,67422,3,35.00,-35.00,37.61,-34.80,0.574,-0.607,-32655,32600,7.58,276.2,-111.951,1313.406,1,1,1
68731715,67432,3,35.00,-35.00,36.87,-34.91,0.575,-0.607,-32631,32576,7.59,268.8,-108.110,1312.326,1,1,1
68741716,67442,3,35.00,-35.00,34.16,-34.98,0.585,-0.606,-32612,32552,7.58,275.8,-103.476,1311.292,1,1,1
68751731,67452,3,35.00,-35.00,33.58,-35.03,0.587,-0.606,-32590,32528,7.58,273.2,-96.890,1310.324,1,1,1
68761744,67462,3,35.00,-35.00,34.49,-34.19,0.584,-0.609,-32565,32506,7.58,282.0,-92.073,1309.404,1,1,1
68771746,67472,3,35.00,-35.00,34.69,-34.48,0.583,-0.608,-32541,32482,7.58,275.8,-93.780,1308.467,1,1,1
68781759,67482,3,35.00,-35.00,35.27,-34.68,0.581,-0.608,-32516,32458,7.58,277.2,-98.049,1307.487,1,1,1
68791759,67492,3,35.00,-35.00,36.12,-34.39,0.578,-0.609,-32490,32435,7.58,276.5,-101.707,1306.471,1,1,1
68801759,67502,3,35.00,-35.00,37.15,-35.94,0.574,-0.604,-32463,32408,7.58,272.8,-101.098,1305.461,1,1,1
68811769,67512,3,35.00,-35.00,35.23,-36.14,0.580,-0.602,-32442,32383,7.59,274.2,-98.171,1304.480,1,1,1
68821773,67522,3,35.00,-35.00,33.45,-36.29,0.587,-0.601,-32422,32358,7.58,267.2,-95.366,1303.527,1,1,1
68831782,67532,3,35.00,-35.00,33.52,-35.95,0.588,-0.602,-32399,32334,7.58,275.8,-94.390,1302.584,1,1,1
68841789,67542,3,35.00,-35.00,34.45,-36.15,0.585,-0.601,-32374,32309,7.58,271.8,-94.146,1301.643,1,1,1
68851791,67552,3,35.00,-35.00,34.66,-35.85,0.584,-0.601,-32350,32285,7.58,276.8,-94.512,1300.699,1,1,1
68861795,67562,3,35.00,-35.00,34.37,-35.64,0.586,-0.602,-32327,32261,7.58,272.5,-97.622,1299.723,1,1,1
68871804,67572,3,35.00,-35.00,34.61,-36.38,0.585,-0.599,-32303,32235,7.58,269.0,-102.683,1298.697,1,1,1
68881812,67582,3,35.00,-35.00,35.21,-35.57,0.583,-0.601,-32278,32212,7.59,275.5,-105.915,1297.639,1,1,1
68891819,67592,3,35.00,-35.00,36.51,-36.33,0.579,-0.599,-32251,32186,7.58,267.8,-106.159,1296.578,1,1,1
68901830,67602,3,35.00,-35.00,35.67,-36.85,0.581,-0.596,-32228,32160,7.59,270.5,-105.122,1295.528,1,1,1
68911830,67612,3,35.00,-35.00,34.20,-37.66,0.587,-0.592,-32207,32133,7.59,265.5,-102.439,1294.504,1,1,1
68921830,67622,3,35.00,-35.00,33.17,-37.35,0.591,-0.592,-32186,32108,7.58,271.2,-98.780,1293.517,1,1,1
68931834,67632,3,35.00,-35.00,33.32,-36.25,0.591,-0.595,-32163,32085,7.58,273.0,-91.463,1292.603,1,1,1
68941835,67642,3,35.00,-35.00,33.87,-35.48,0.589,-0.598,-32139,32062,7.58,273.0,-87.683,1291.727,1,1,1
68951845,67652,3,35.00,-35.00,33.82,-36.26,0.590,-0.594,-32116,32036,7.58,277.2,-90.671,1290.821,1,1,1
68961852,67662,3,35.00,-35.00,34.22,-36.37,0.590,-0.594,-32092,32011,7.58,272.0,-97.134,1289.851,1,1,1
68971852,67672,3,35.00,-35.00,34.50,-36.01,0.589,-0.595,-32068,31987,7.58,277.2,-102.378,1288.828,1,1,1
68981864,67682,3,35.00,-35.00,36.02,-36.19,0.584,-0.594,-32041,31962,7.58,268.5,-103.720,1287.792,1,1,1
68991864,67692,3,35.00,-35.00,36.20,-36.76,0.583,-0.591,-32016,31936,7.59,273.8,-102.683,1286.766,1,1,1
69001873,67702,3,35.00,-35.00,35.01,-36.72,0.587,-0.591,-31994,31911,7.58,262.8,-99.146,1285.775,1,1,1
69011873,67712,3,35.00,-35.00,33.73,-37.13,0.592,-0.588,-31973,31885,7.59,273.5,-93.963,1284.836,1,1,1
69021882,67722,3,35.00,-35.00,34.16,-36.54,0.591,-0.590,-31949,31861,7.58,268.8,-88.476,1283.952,1,1,1
69031886,67732,3,35.00,-35.00,34.46,-36.56,0.590,-0.589,-31925,31836,7.58,272.5,-86.829,1283.085,1,1,1
69041888,67742,3,35.00,-35.00,34.67,-36.58,0.590,-0.589,-31901,31811,7.58,268.5,-91.402,1282.172,1,1,1
69051891,67752,3,35.00,-35.00,34.81,-36.15,0.590,-0.590,-31877,31787,7.58,267.8,-97.378,1281.198,1,1,1
69061891,67762,3,35.00,-35.00,34.48,-35.85,0.591,-0.590,-31854,31763,7.59,275.5,-101.220,1280.187,1,1,1
69071895,67772,3,35.00,-35.00,35.12,-36.96,0.589,-0.586,-31829,31736,7.58,272.2,-103.110,1279.157,1,1,1
69081897,67782,3,35.00,-35.00,36.01,-36.86,0.586,-0.586,-31803,31711,7.59,272.2,-103.171,1278.126,1,1,1
69091910,67792,3,35.00,-35.00,38.39,-36.79,0.577,-0.587,-31773,31686,7.59,263.2,-101.768,1277.109,1,1,1
69101913,67802,3,35.00,-35.00,36.98,-36.30,0.581,-0.588,-31750,31662,7.59,266.0,-97.805,1276.132,1,1,1
69111917,67812,3,35.00,-35.00,35.12,-36.40,0.587,-0.587,-31729,31637,7.59,262.0,-91.402,1275.219,1,1,1
69121921,67822,3,35.00,-35.00,35.13,-36.46,0.587,-0.586,-31705,31612,7.59,270.8,-87.378,1274.346,1,1,1
69131921,67832,3,35.00,-35.00,35.14,-36.95,0.587,-0.585,-31681,31586,7.59,267.8,-86.707,1273.479,1,1,1
69141933,67842,3,35.00,-35.00,35.58,-36.85,0.586,-0.585,-31656,31561,7.59,270.0,-91.402,1272.566,1,1,1
69151941,67852,3,35.00,-35.00,35.45,-36.78,0.586,-0.585,-31632,31536,7.59,269.8,-96.707,1271.600,1,1,1
69161943,67862,3,35.00,-35.00,36.24,-36.73,0.584,-0.586,-31606,31511,7.58,264.2,-100.000,1270.601,1,1,1
69171943,67872,3,35.00,-35.00,36.80,-37.14,0.582,-0.584,-31580,31485,7.58,272.5,-102.012,1269.582,1,1,1
69181956,67882,3,35.00,-35.00,36.74,-37.42,0.581,-0.583,-31555,31459,7.59,263.0,-101.402,1268.568,1,1,1
69191962,67892,3,35.00,-35.00,35.83,-36.74,0.584,-0.585,-31532,31435,7.59,264.8,-95.488,1267.614,1,1,1
69201973,67902,3,35.00,-35.00,36.07,-35.39,0.583,-0.590,-31507,31413,7.58,266.2,-86.098,1266.754,1,1,1
69211982,67912,3,35.00,-35.00,35.79,-35.32,0.583,-0.590,-31483,31389,7.59,267.8,-82.256,1265.932,1,1,1
69221982,67922,3,35.00,-35.00,36.48,-35.71,0.581,-0.589,-31457,31364,7.59,269.0,-84.695,1265.086,1,1,1
69231985,67932,3,35.00,-35.00,36.08,-35.98,0.582,-0.588,-31433,31339,7.59,267.2,-91.037,1264.177,1,1,1
69241985,67942,3,35.00,-35.00,35.81,-36.17,0.584,-0.588,-31409,31314,7.58,273.0,-96.341,1263.214,1,1,1
69251986,67952,3,35.00,-35.00,36.05,-36.75,0.583,-0.586,-31384,31288,7.58,264.2,-99.939,1262.215,1,1,1
69261994,67962,3,35.00,-35.00,37.10,-37.15,0.579,-0.584,-31357,31262,7.59,270.2,-102.317,1261.193,1,1,1
69272008,67973,3,35.00,-35.00,37.40,-36.99,0.579,-0.585,-31331,31237,7.59,261.5,-102.317,1260.171,1,1,1
69282009,67983,3,35.00,-35.00,36.72,-36.88,0.580,-0.585,-31307,31212,7.59,268.2,-98.780,1259.184,1,1,1
69292017,67993,3,35.00,-35.00,35.81,-35.92,0.584,-0.588,-31284,31189,7.58,259.0,-91.463,1258.270,1,1,1
69302019,68003,3,35.00,-35.00,35.62,-34.81,0.584,-0.591,-31260,31167,7.59,269.5,-82.012,1257.451,1,1,1
69312024,68013,3,35.00,-35.00,35.92,-34.92,0.582,-0.591,-31235,31143,7.59,268.2,-75.305,1256.698,1,1,1
69322032,68023,3,35.00,-35.00,36.13,-35.43,0.582,-0.590,-31210,31118,7.59,266.8,-78.293,1255.916,1,1,1
69332039,68033,3,35.00,-35.00,36.28,-35.35,0.581,-0.590,-31185,31094,7.59,268.5,-86.037,1255.057,1,1,1
69342053,68043,3,35.00,-35.00,36.38,-35.29,0.581,-0.591,-31160,31070,7.59,264.5,-91.524,1254.142,1,1,1
69352061,68053,3,35.00,-35.00,36.45,-35.69,0.581,-0.590,-31135,31045,7.58,270.2,-95.122,1253.192,1,1,1
69362073,68063,3,35.00,-35.00,37.82,-35.53,0.576,-0.591,-31107,31021,7.59,262.5,-97.134,1252.221,1,1,1
69372085,68073,3,35.00,-35.00,38.34,-35.42,0.574,-0.591,-31080,30997,7.59,269.8,-96.707,1251.255,1,1,1
69382095,68083,3,35.00,-35.00,36.95,-35.78,0.579,-0.590,-31057,30972,7.59,262.5,-94.878,1250.307,1,1,1
69392100,68093,3,35.00,-35.00,34.65,-35.59,0.586,-0.590,-31037,30948,7.59,271.2,-91.463,1249.393,1,1,1
69402100,68103,3,35.00,-35.00,34.80,-34.58,0.586,-0.593,-31013,30926,7.58,268.2,-84.512,1248.549,1,1,1
69412110,68113,3,35.00,-35.00,34.91,-33.88,0.585,-0.596,-30989,30904,7.58,272.8,-76.463,1247.785,1,1,1
69422117,68123,3,35.00,-35.00,35.42,-34.26,0.583,-0.595,-30964,30880,7.58,268.8,-76.341,1247.023,1,1,1
69432119,68133,3,35.00,-35.00,36.22,-34.53,0.580,-0.595,-30938,30856,7.58,271.2,-85.122,1246.172,1,1,1
69442131,68143,3,35.00,-35.00,35.90,-34.72,0.581,-0.594,-30914,30832,7.59,273.5,-93.110,1245.242,1,1,1
69452132,68153,3,35.00,-35.00,36.56,-34.41,0.579,-0.596,-30888,30809,7.59,264.0,-97.927,1244.263,1,1,1
69462147,68163,3,35.00,-35.00,37.46,-34.63,0.576,-0.596,-30861,30785,7.58,273.5,-100.427,1243.260,1,1,1
69472156,68173,3,35.00,-35.00,37.64,-35.23,0.575,-0.594,-30835,30760,7.59,268.2,-99.573,1242.265,1,1,1
69482165,68183,3,35.00,-35.00,36.02,-35.21,0.580,-0.594,-30813,30736,7.59,267.8,-95.000,1241.316,1,1,1
69492178,68193,3,35.00,-35.00,34.44,-35.19,0.585,-0.593,-30792,30712,7.59,270.0,-90.122,1240.415,1,1,1
69502188,68203,3,35.00,-35.00,34.22,-33.86,0.586,-0.598,-30769,30691,7.58,271.8,-82.012,1239.596,1,1,1
69512188,68213,3,35.00,-35.00,34.50,-33.37,0.585,-0.600,-30745,30669,7.58,278.8,-77.073,1238.826,1,1,1
69522195,68223,3,35.00,-35.00,35.14,-33.03,0.583,-0.602,-30720,30647,7.58,273.2,-79.390,1238.033,1,1,1
69532203,68233,3,35.00,-35.00,35.58,-33.23,0.581,-0.602,-30695,30624,7.58,279.2,-87.134,1237.163,1,1,1
69542208,68243,3,35.00,-35.00,36.33,-33.37,0.578,-0.603,-30669,30601,7.58,272.2,-94.939,1236.214,1,1,1
69552216,68253,3,35.00,-35.00,37.74,-33.02,0.573,-0.605,-30641,30579,7.58,277.0,-97.256,1235.242,1,1,1
69562222,68263,3,35.00,-35.00,36.96,-33.66,0.575,-0.603,-30617,30555,7.59,271.0,-95.061,1234.292,1,1,1
69572222,68273,3,35.00,-35.00,34.66,-34.55,0.583,-0.600,-30597,30530,7.58,274.5,-91.585,1233.377,1,1,1
69582222,68283,3,35.00,-35.00,33.49,-33.85,0.587,-0.602,-30576,30508,7.59,273.0,-87.927,1232.499,1,1,1
69592222,68293,3,35.00,-35.00,33.55,-33.81,0.587,-0.603,-30553,30485,7.58,275.5,-81.707,1231.683,1,1,1
69602223,68303,3,35.00,-35.00,34.03,-33.33,0.586,-0.605,-30529,30463,7.58,278.5,-77.561,1230.908,1,1,1
69612223,68313,3,35.00,-35.00,34.37,-33.00,0.585,-0.607,-30505,30441,7.58,275.8,-80.305,1230.106,1,1,1
69622225,68323,3,35.00,-35.00,34.61,-33.21,0.584,-0.607,-30481,30418,7.58,283.0,-85.732,1229.249,1,1,1
69632238,68333,3,35.00,-35.00,35.21,-32.91,0.582,-0.609,-30456,30396,7.58,276.5,-92.317,1228.327,1,1,1
69642238,68343,3,35.00,-35.00,35.63,-33.15,0.580,-0.609,-30431,30373,7.58,282.0,-97.927,1227.348,1,1,1
69652238,68353,3,35.00,-35.00,36.37,-32.43,0.577,-0.612,-30405,30352,7.58,271.5,-100.732,1226.342,1,1,1
69662238,68363,3,35.00,-35.00,36.88,-33.25,0.574,-0.611,-30379,30328,7.58,278.2,-101.524,1225.327,1,1,1
69672240,68373,3,35.00,-35.00,35.49,-34.26,0.579,-0.607,-30357,30303,7.58,273.5,-98.720,1224.341,1,1,1
69682253,68383,3,35.00,-35.00,33.63,-34.97,0.585,-0.605,-30337,30278,7.58,277.0,-95.122,1223.391,1,1,1
69692253,68393,3,35.00,-35.00,33.21,-34.15,0.587,-0.607,-30315,30256,7.58,276.8,-88.659,1222.505,1,1,1
69702256,68403,3,35.00,-35.00,33.35,-33.13,0.587,-0.611,-30292,30235,7.58,279.2,-81.829,1221.687,1,1,1
69712264,68413,3,35.00,-35.00,34.33,-33.30,0.584,-0.611,-30267,30212,7.58,282.2,-80.976,1220.878,1,1,1
69722277,68423,3,35.00,-35.00,35.02,-33.42,0.582,-0.612,-30242,30189,7.58,277.8,-85.427,1220.025,1,1,1
69732279,68433,3,35.00,-35.00,35.94,-33.50,0.578,-0.612,-30216,30166,7.58,278.8,-92.561,1219.100,1,1,1
69742285,68443,3,35.00,-35.00,37.46,-33.56,0.573,-0.614,-30188,30143,7.57,273.2,-97.744,1218.123,1,1,1
69752292,68453,3,35.00,-35.00,37.21,-33.60,0.572,-0.614,-30163,30120,7.58,275.0,-98.841,1217.136,1,1,1
69762301,68463,3,35.00,-35.00,34.84,-34.94,0.580,-0.609,-30143,30094,7.58,276.0,-98.354,1216.153,1,1,1
69772314,68473,3,35.00,-35.00,33.61,-35.45,0.585,-0.607,-30122,30069,7.58,274.0,-95.976,1215.194,1,1,1
69782329,68483,3,35.00,-35.00,34.08,-35.36,0.583,-0.607,-30098,30045,7.58,276.5,-92.134,1214.274,1,1,1
69792332,68493,3,35.00,-35.00,34.40,-34.86,0.582,-0.608,-30074,30022,7.58,271.8,-89.146,1213.383,1,1,1
69802344,68503,3,35.00,-35.00,34.63,-34.51,0.582,-0.610,-30050,29999,7.58,279.0,-90.366,1212.480,1,1,1
69812353,68513,3,35.00,-35.00,34.79,-35.14,0.581,-0.608,-30026,29974,7.58,274.2,-94.024,1211.541,1,1,1
69822362,68523,3,35.00,-35.00,32.26,-35.15,0.590,-0.606,-30008,29950,7.59,279.2,-98.598,1210.556,1,1,1
69832375,68533,3,35.00,-35.00,37.08,-35.59,0.575,-0.607,-29975,29925,7.58,278.5,-103.963,1209.517,1,1,1
69842383,68543,3,35.00,-35.00,36.95,-35.90,0.575,-0.606,-29950,29900,7.57,273.0,-105.854,1208.459,1,1,1
69852385,68553,3,35.00,-35.00,35.53,-36.12,0.579,-0.604,-29928,29875,7.58,266.0,-105.671,1207.403,1,1,1
69862389,68563,3,35.00,-35.00,34.98,-36.27,0.581,-0.603,-29905,29850,7.58,274.2,-102.439,1206.380,1,1,1
69872392,68573,3,35.00,-35.00,35.03,-36.37,0.581,-0.602,-29881,29825,7.59,275.5,-95.915,1205.421,1,1,1
69882405,68583,3,35.00,-35.00,35.51,-35.57,0.579,-0.605,-29856,29802,7.58,270.0,-91.037,1204.512,1,1,1
69892416,68593,3,35.00,-35.00,34.96,-35.88,0.581,-0.603,-29833,29777,7.58,276.2,-96.890,1203.543,1,1,1
69902429,68603,3,35.00,-35.00,35.02,-36.54,0.581,-0.601,-29809,29751,7.58,270.2,-103.780,1202.506,1,1,1
69912435,68613,3,35.00,-35.00,35.50,-36.57,0.579,-0.600,-29784,29726,7.59,275.8,-107.500,1201.432,1,1,1
69922435,68623,3,35.00,-35.00,36.28,-36.14,0.576,-0.601,-29758,29702,7.58,265.0,-108.293,1200.350,1,1,1
69932435,68633,3,35.00,-35.00,35.94,-35.85,0.577,-0.601,-29734,29678,7.59,272.8,-108.049,1199.270,1,1,1
69942446,68643,3,35.00,-35.00,35.71,-36.52,0.578,-0.599,-29710,29652,7.58,268.8,-105.427,1198.217,1,1,1
69952453,68653,3,35.00,-35.00,34.66,-37.87,0.582,-0.593,-29688,29624,7.59,269.0,-99.695,1197.221,1,1,1
69962458,68663,3,35.00,-35.00,34.37,-37.49,0.584,-0.593,-29665,29599,7.59,263.5,-94.329,1196.278,1,1,1
69972459,68673,3,35.00,-35.00,35.05,-35.91,0.582,-0.599,-29640,29577,7.58,269.5,-91.890,1195.360,1,1,1
69982465,68683,3,35.00,-35.00,35.52,-35.25,0.580,-0.601,-29615,29554,7.58,272.0,-92.622,1194.435,1,1,1
69992468,68693,3,35.00,-35.00,35.41,-35.66,0.580,-0.599,-29591,29529,7.58,268.8,-94.695,1193.489,1,1,1
70002468,68703,3,35.00,-35.00,35.33,-36.39,0.580,-0.596,-29567,29503,7.59,272.8,-98.232,1192.507,1,1,1
70012468,68713,3,35.00,-35.00,35.72,-36.46,0.579,-0.596,-29542,29478,7.59,264.5,-101.098,1191.497,1,1,1
70022474,68723,3,35.00,-35.00,35.55,-36.07,0.579,-0.597,-29518,29454,7.59,267.5,-103.049,1190.467,1,1,1
70032474,68733,3,35.00,-35.00,35.87,-35.79,0.578,-0.597,-29493,29430,7.59,272.2,-104.695,1189.421,1,1,1
70042483,68743,3,35.00,-35.00,36.10,-36.04,0.578,-0.596,-29468,29405,7.59,266.0,-105.854,1188.363,1,1,1
70052483,68753,3,35.00,-35.00,34.94,-36.66,0.582,-0.593,-29446,29379,7.59,272.5,-103.780,1187.326,1,1,1
70062489,68763,3,35.00,-35.00,35.00,-37.08,0.582,-0.591,-29422,29353,7.59,266.5,-100.244,1186.325,1,1,1
70072492,68773,3,35.00,-35.00,35.05,-34.75,0.581,-0.599,-29398,29333,7.58,271.0,-97.073,1185.355,1,1,1
70082504,68783,3,35.00,-35.00,35.52,-34.43,0.580,-0.601,-29373,29310,7.58,269.2,-95.244,1184.403,1,1,1
70092511,68793,3,35.00,-35.00,35.41,-35.09,0.580,-0.598,-29349,29285,7.59,272.2,-98.659,1183.417,1,1,1
70102518,68803,3,35.00,-35.00,36.21,-35.55,0.578,-0.597,-29323,29260,7.58,265.8,-102.439,1182.394,1,1,1
70112529,68813,3,35.00,-35.00,36.34,-35.43,0.577,-0.597,-29298,29236,7.59,267.5,-104.146,1181.353,1,1,1
70122529,68823,3,35.00,-35.00,35.98,-34.91,0.578,-0.599,-29274,29213,7.59,269.5,-104.146,1180.313,1,1,1
70132529,68833,3,35.00,-35.00,35.29,-35.42,0.580,-0.597,-29251,29188,7.59,268.0,-102.561,1179.288,1,1,1
70142535,68843,3,35.00,-35.00,34.37,-35.34,0.583,-0.597,-29229,29164,7.59,269.2,-98.720,1178.302,1,1,1
70152544,68853,3,35.00,-35.00,34.61,-35.29,0.583,-0.597,-29205,29140,7.59,267.5,-97.744,1177.325,1,1,1
70162557,68863,3,35.00,-35.00,35.21,-34.37,0.580,-0.600,-29180,29118,7.59,273.5,-101.463,1176.311,1,1,1
70172559,68873,3,35.00,-35.00,35.64,-34.17,0.579,-0.602,-29155,29095,7.58,267.2,-102.683,1175.285,1,1,1
70182559,68883,3,35.00,-35.00,35.49,-33.58,0.579,-0.604,-29131,29073,7.58,275.0,-100.793,1174.278,1,1,1
70192571,68893,3,35.00,-35.00,36.27,-34.49,0.577,-0.602,-29105,29048,7.58,270.5,-102.256,1173.256,1,1,1
70202571,68903,3,35.00,-35.00,36.38,-34.25,0.576,-0.603,-29080,29025,7.59,273.0,-104.817,1172.209,1,1,1
70212574,68913,3,35.00,-35.00,36.89,-34.52,0.574,-0.602,-29054,29001,7.59,268.5,-106.524,1171.144,1,1,1
70222583,68923,3,35.00,-35.00,36.37,-34.71,0.575,-0.602,-29030,28977,7.59,268.5,-106.890,1170.076,1,1,1
70232587,68933,3,35.00,-35.00,34.25,-34.85,0.583,-0.601,-29010,28953,7.59,270.0,-103.841,1169.039,1,1,1
70242587,68943,3,35.00,-35.00,33.64,-34.94,0.585,-0.600,-28988,28929,7.58,270.0,-99.634,1168.043,1,1,1
70252587,68953,3,35.00,-35.00,34.10,-34.13,0.584,-0.604,-28964,28907,7.58,275.2,-98.476,1167.059,1,1,1
70262595,68963,3,35.00,-35.00,34.85,-33.56,0.581,-0.606,-28939,28885,7.58,273.8,-97.439,1166.086,1,1,1
70272595,68973,3,35.00,-35.00,35.38,-33.16,0.579,-0.608,-28914,28863,7.58,279.2,-96.890,1165.118,1,1,1
70282606,68983,3,35.00,-35.00,34.44,-33.32,0.582,-0.608,-28892,28840,7.59,271.8,-97.622,1164.142,1,1,1
70292618,68993,3,35.00,-35.00,34.21,-33.87,0.583,-0.606,-28869,28816,7.58,278.0,-98.841,1163.155,1,1,1
70302618,69003,3,35.00,-35.00,34.50,-34.26,0.583,-0.606,-28845,28792,7.58,280.8,-101.585,1162.140,1,1,1
70312624,69013,3,35.00,-35.00,34.25,-34.09,0.584,-0.606,-28822,28769,7.58,278.8,-104.207,1161.098,1,1,1
70322637,69023,3,35.00,-35.00,34.09,-34.41,0.584,-0.605,-28799,28745,7.58,282.2,-105.671,1160.042,1,1,1
70332640,69033,3,35.00,-35.00,33.09,-34.63,0.588,-0.604,-28778,28721,7.58,274.5,-105.732,1158.986,1,1,1
70342652,69043,3,35.00,-35.00,33.27,-33.91,0.589,-0.608,-28755,28699,7.57,281.5,-104.634,1157.940,1,1,1
70352653,69053,3,35.00,-35.00,33.40,-33.41,0.588,-0.609,-28732,28677,7.58,277.5,-101.951,1156.922,1,1,1
70362653,69063,3,35.00,-35.00,33.48,-33.49,0.588,-0.609,-28709,28654,7.58,283.8,-98.598,1155.937,1,1,1
70372655,69073,3,35.00,-35.00,33.99,-33.55,0.587,-0.610,-28685,28631,7.58,277.2,-98.049,1154.957,1,1,1
70382655,69083,3,35.00,-35.00,33.90,-33.59,0.588,-0.610,-28662,28608,7.58,282.5,-101.037,1153.947,1,1,1
70392668,69093,3,35.00,-35.00,34.28,-34.06,0.586,-0.609,-28638,28584,7.58,281.0,-105.244,1152.896,1,1,1
70402668,69103,3,35.00,-35.00,34.98,-33.95,0.584,-0.610,-28613,28561,7.58,281.0,-107.683,1151.820,1,1,1
70412670,69113,3,35.00,-35.00,36.35,-34.31,0.579,-0.609,-28586,28537,7.58,277.0,-108.537,1150.735,1,1,1
70422683,69123,3,35.00,-35.00,36.87,-34.13,0.576,-0.610,-28560,28514,7.58,274.2,-108.415,1149.652,1,1,1
70432685,69133,3,35.00,-35.00,35.92,-35.31,0.579,-0.606,-28537,28488,7.58,279.2,-105.366,1148.599,1,1,1
70442698,69143,3,35.00,-35.00,33.93,-34.83,0.586,-0.607,-28517,28465,7.58,272.5,-102.744,1147.572,1,1,1
70452698,69153,3,35.00,-35.00,32.98,-34.93,0.590,-0.606,-28496,28441,7.58,278.8,-98.171,1146.591,1,1,1
70462700,69163,3,35.00,-35.00,34.07,-34.12,0.587,-0.610,-28471,28419,7.58,274.5,-92.134,1145.671,1,1,1
70472709,69173,3,35.00,-35.00,34.40,-33.99,0.586,-0.610,-28447,28396,7.58,282.5,-92.866,1144.743,1,1,1
70482709,69183,3,35.00,-35.00,34.63,-34.34,0.585,-0.609,-28423,28372,7.58,277.0,-94.695,1143.797,1,1,1
70492716,69193,3,35.00,-35.00,35.66,-34.14,0.581,-0.611,-28397,28349,7.58,281.5,-98.293,1142.815,1,1,1
70502721,69203,3,35.00,-35.00,36.83,-34.89,0.577,-0.609,-28370,28324,7.58,275.5,-100.671,1141.809,1,1,1
70512724,69213,3,35.00,-35.00,34.57,-35.41,0.584,-0.606,-28350,28299,7.58,273.2,-100.183,1140.808,1,1,1
70522728,69223,3,35.00,-35.00,33.87,-36.65,0.588,-0.601,-28328,28272,7.58,278.0,-98.232,1139.826,1,1,1
70532731,69233,3,35.00,-35.00,32.94,-36.20,0.592,-0.602,-28307,28248,7.58,273.8,-97.195,1138.855,1,1,1
70542736,69243,3,35.00,-35.00,34.04,-35.89,0.588,-0.603,-28282,28224,7.58,277.5,-97.073,1137.885,1,1,1
70552744,69253,3,35.00,-35.00,34.38,-35.67,0.587,-0.603,-28258,28200,7.58,273.2,-96.280,1136.923,1,1,1
70562744,69263,3,35.00,-35.00,34.61,-35.52,0.587,-0.604,-28234,28176,7.58,279.8,-96.890,1135.955,1,1,1
70572746,69273,3,35.00,-35.00,34.33,-35.85,0.588,-0.602,-28211,28151,7.58,274.8,-99.634,1134.959,1,1,1
70582759,69283,3,35.00,-35.00,34.58,-35.64,0.588,-0.603,-28187,28127,7.58,281.5,-102.439,1133.936,1,1,1
70592769,69293,3,35.00,-35.00,36.07,-35.93,0.582,-0.602,-28160,28102,7.58,279.0,-102.439,1132.912,1,1,1
70602769,69303,3,35.00,-35.00,34.92,-36.58,0.586,-0.599,-28138,28076,7.58,267.2,-100.549,1131.908,1,1,1
70612773,69313,3,35.00,-35.00,33.67,-37.47,0.591,-0.594,-28117,28049,7.58,276.8,-97.622,1130.932,1,1,1
70622773,69323,3,35.00,-35.00,32.80,-36.78,0.595,-0.596,-28096,28025,7.58,271.2,-95.732,1129.976,1,1,1
70632773,69333,3,35.00,-35.00,33.07,-36.73,0.595,-0.595,-28073,28000,7.58,280.8,-94.512,1129.031,1,1,1
70642774,69343,3,35.00,-35.00,34.13,-35.82,0.592,-0.598,-28048,27977,7.58,273.5,-92.073,1128.111,1,1,1
70652774,69353,3,35.00,-35.00,34.00,-36.06,0.593,-0.597,-28025,27952,7.58,275.2,-93.049,1127.182,1,1,1
70662776,69363,3,35.00,-35.00,34.35,-36.23,0.592,-0.596,-28001,27927,7.58,273.8,-97.317,1126.209,1,1,1
70672776,69373,3,35.00,-35.00,34.59,-35.91,0.592,-0.597,-27977,27903,7.58,273.8,-102.744,1125.183,1,1,1
70682784,69383,3,35.00,-35.00,36.52,-36.12,0.585,-0.596,-27949,27878,7.58,278.8,-103.720,1124.146,1,1,1
70692797,69393,3,35.00,-35.00,36.11,-36.71,0.586,-0.594,-27925,27852,7.58,268.8,-100.305,1123.144,1,1,1
70702804,69403,3,35.00,-35.00,34.50,-37.12,0.591,-0.591,-27904,27826,7.58,272.2,-96.768,1122.177,1,1,1
70712815,69413,3,35.00,-35.00,33.38,-36.97,0.596,-0.591,-27883,27801,7.58,268.2,-91.829,1121.260,1,1,1
70722819,69423,3,35.00,-35.00,33.91,-36.87,0.595,-0.590,-27859,27776,7.58,277.0,-86.768,1120.393,1,1,1
70732819,69433,3,35.00,-35.00,34.29,-36.35,0.594,-0.592,-27835,27752,7.58,270.5,-85.427,1119.539,1,1,1
70742827,69443,3,35.00,-35.00,34.55,-36.87,0.594,-0.589,-27811,27726,7.58,280.0,-89.512,1118.645,1,1,1
70752837,69453,3,35.00,-35.00,34.73,-36.36,0.593,-0.590,-27787,27702,7.58,270.5,-95.122,1117.695,1,1,1
70762849,69463,3,35.00,-35.00,34.42,-36.44,0.595,-0.590,-27764,27677,7.58,272.8,-100.427,1116.691,1,1,1
70772852,69473,3,35.00,-35.00,34.64,-36.49,0.594,-0.589,-27740,27652,7.58,272.8,-103.780,1115.654,1,1,1
70782856,69483,3,35.00,-35.00,36.11,-36.97,0.589,-0.587,-27713,27626,7.58,272.2,-103.902,1114.616,1,1,1
70792864,69493,3,35.00,-35.00,38.46,-36.87,0.580,-0.587,-27683,27601,7.59,273.2,-102.866,1113.588,1,1,1
70802867,69503,3,35.00,-35.00,37.03,-36.35,0.584,-0.588,-27660,27577,7.59,261.5,-97.439,1112.615,1,1,1
70812867,69513,3,35.00,-35.00,34.71,-36.43,0.592,-0.587,-27640,27552,7.59,270.5,-89.085,1111.724,1,1,1
70822873,69523,3,35.00,-35.00,34.41,-36.05,0.593,-0.589,-27617,27528,7.58,267.5,-82.195,1110.903,1,1,1
70832879,69533,3,35.00,-35.00,35.07,-36.66,0.591,-0.587,-27592,27502,7.58,277.2,-79.878,1110.105,1,1,1
70842883,69543,3,35.00,-35.00,35.10,-37.09,0.593,-0.586,-27568,27476,7.57,269.5,-84.695,1109.259,1,1,1
70852897,69553,3,35.00,-35.00,35.55,-36.95,0.590,-0.586,-27543,27451,7.58,275.8,-91.463,1108.345,1,1,1
70862897,69563,3,35.00,-35.00,35.87,-36.41,0.589,-0.588,-27518,27427,7.58,267.5,-95.183,1107.394,1,1,1
70872906,69573,3,35.00,-35.00,36.54,-36.47,0.587,-0.588,-27492,27402,7.58,270.8,-96.646,1106.429,1,1,1
70882910,69583,3,35.00,-35.00,36.12,-36.96,0.588,-0.586,-27468,27376,7.58,271.0,-96.829,1105.461,1,1,1
70892921,69593,3,35.00,-35.00,35.83,-37.30,0.589,-0.584,-27444,27350,7.58,267.5,-95.732,1104.505,1,1,1
70902928,69603,3,35.00,-35.00,35.63,-36.65,0.589,-0.586,-27420,27326,7.58,270.8,-90.793,1103.597,1,1,1
70912940,69613,3,35.00,-35.00,35.49,-35.33,0.589,-0.591,-27396,27304,7.58,267.5,-87.744,1102.721,1,1,1
70922951,69623,3,35.00,-35.00,36.27,-35.71,0.586,-0.590,-27370,27279,7.58,272.2,-87.256,1101.849,1,1,1
70932962,69633,3,35.00,-35.00,35.93,-36.43,0.587,-0.587,-27346,27253,7.58,270.5,-90.305,1100.947,1,1,1
70942962,69643,3,35.00,-35.00,36.14,-36.48,0.586,-0.587,-27321,27228,7.58,268.8,-95.305,1099.995,1,1,1
70952964,69653,3,35.00,-35.00,36.28,-36.53,0.586,-0.587,-27296,27203,7.58,272.8,-99.207,1099.003,1,1,1
70962973,69663,3,35.00,-35.00,35.95,-36.99,0.587,-0.585,-27272,27177,7.58,267.5,-100.488,1097.999,1,1,1
70972985,69673,3,35.00,-35.00,37.91,-36.44,0.579,-0.587,-27243,27153,7.58,272.8,-99.451,1097.006,1,1,1
70982986,69683,3,35.00,-35.00,35.76,-36.94,0.586,-0.585,-27222,27127,7.59,263.5,-93.841,1096.068,1,1,1
70992997,69693,3,35.00,-35.00,35.14,-36.40,0.588,-0.587,-27199,27103,7.58,272.0,-92.195,1095.147,1,1,1
71003009,69704,3,35.00,-35.00,34.71,-36.03,0.590,-0.588,-27176,27079,7.58,267.0,-85.488,1094.293,1,1,1
71013009,69714,3,35.00,-35.00,35.72,-34.89,0.586,-0.592,-27150,27057,7.58,273.2,-80.854,1093.485,1,1,1
71023009,69724,3,35.00,-35.00,35.99,-34.97,0.585,-0.592,-27125,27033,7.58,266.2,-81.341,1092.672,1,1,1
71033017,69734,3,35.00,-35.00,35.74,-35.46,0.586,-0.590,-27101,27008,7.58,273.5,-87.561,1091.798,1,1,1
71043019,69744,3,35.00,-35.00,35.57,-35.81,0.586,-0.589,-27077,26983,7.58,272.0,-93.780,1090.861,1,1,1
71053024,69754,3,35.00,-35.00,35.88,-36.05,0.585,-0.588,-27052,26958,7.58,270.2,-99.085,1089.871,1,1,1
71063034,69764,3,35.00,-35.00,37.42,-35.78,0.579,-0.590,-27024,26934,7.58,270.0,-101.646,1088.855,1,1,1
71073046,69774,3,35.00,-35.00,38.94,-35.60,0.573,-0.591,-26995,26910,7.58,263.8,-100.000,1087.856,1,1,1
71083049,69784,3,35.00,-35.00,37.80,-35.90,0.576,-0.589,-26971,26885,7.59,267.0,-96.098,1086.896,1,1,1
71093057,69794,3,35.00,-35.00,36.57,-35.68,0.580,-0.590,-26948,26861,7.59,263.8,-92.195,1085.975,1,1,1
71103057,69804,3,35.00,-35.00,33.51,-35.08,0.590,-0.591,-26930,26838,7.58,270.2,-86.220,1085.113,1,1,1
71113062,69814,3,35.00,-35.00,33.56,-34.67,0.591,-0.593,-26907,26815,7.58,268.5,-79.573,1084.318,1,1,1
71123064,69824,3,35.00,-35.00,34.04,-34.37,0.589,-0.594,-26883,26792,7.58,277.8,-74.146,1083.578,1,1,1
71133073,69834,3,35.00,-35.00,34.82,-35.05,0.587,-0.592,-26858,26767,7.58,271.8,-78.110,1082.797,1,1,1
71143077,69844,3,35.00,-35.00,35.36,-35.08,0.585,-0.592,-26833,26743,7.58,275.0,-88.049,1081.918,1,1,1
71153085,69854,3,35.00,-35.00,35.74,-34.66,0.584,-0.593,-26808,26720,7.58,272.8,-94.268,1080.976,1,1,1
71163095,69864,3,35.00,-35.00,36.00,-34.81,0.583,-0.593,-26783,26696,7.58,272.2,-98.171,1079.995,1,1,1
71173104,69874,3,35.00,-35.00,37.95,-34.91,0.575,-0.593,-26754,26672,7.58,276.2,-99.939,1078.996,1,1,1
71183113,69884,3,35.00,-35.00,36.23,-35.43,0.581,-0.591,-26732,26647,7.59,264.8,-96.646,1078.031,1,1,1
71193117,69894,3,35.00,-35.00,34.15,-35.79,0.588,-0.590,-26712,26622,7.58,269.0,-91.829,1077.113,1,1,1
71203117,69904,3,35.00,-35.00,33.57,-34.28,0.590,-0.594,-26690,26601,7.58,275.0,-86.341,1076.251,1,1,1
71213128,69914,3,35.00,-35.00,33.61,-33.22,0.590,-0.598,-26667,26580,7.58,275.0,-78.476,1075.467,1,1,1
71223141,69924,3,35.00,-35.00,34.07,-32.92,0.589,-0.600,-26643,26558,7.58,279.5,-75.610,1074.712,1,1,1
71233141,69934,3,35.00,-35.00,34.84,-33.59,0.587,-0.599,-26618,26534,7.58,274.2,-81.159,1073.901,1,1,1
71243150,69944,3,35.00,-35.00,35.37,-33.62,0.585,-0.599,-26593,26511,7.58,276.2,-88.049,1073.021,1,1,1
71253162,69954,3,35.00,-35.00,36.19,-33.64,0.581,-0.600,-26567,26488,7.58,273.2,-92.317,1072.099,1,1,1
71263171,69964,3,35.00,-35.00,35.00,-33.66,0.585,-0.600,-26545,26465,7.58,275.5,-92.744,1071.172,1,1,1
71273177,69974,3,35.00,-35.00,34.61,-34.11,0.586,-0.599,-26522,26441,7.58,269.8,-90.244,1070.271,1,1,1
71283186,69984,3,35.00,-35.00,33.89,-34.42,0.589,-0.598,-26500,26417,7.58,279.2,-87.073,1069.401,1,1,1
71293193,69994,3,35.00,-35.00,33.39,-34.20,0.591,-0.598,-26478,26394,7.58,273.5,-83.780,1068.564,1,1,1
71303193,70004,3,35.00,-35.00,34.36,-33.61,0.588,-0.601,-26453,26372,7.58,276.0,-82.073,1067.744,1,1,1
71313201,70014,3,35.00,-35.00,34.16,-33.19,0.589,-0.603,-26430,26350,7.58,274.8,-83.415,1066.910,1,1,1
71323207,70024,3,35.00,-35.00,34.46,-32.46,0.587,-0.606,-26406,26329,7.58,279.2,-86.890,1066.042,1,1,1
71333216,70034,3,35.00,-35.00,34.23,-32.83,0.588,-0.606,-26383,26306,7.58,283.2,-91.098,1065.132,1,1,1
71343224,70044,3,35.00,-35.00,34.51,-32.65,0.588,-0.607,-26359,26284,7.57,277.5,-95.488,1064.178,1,1,1
71353238,70054,3,35.00,-35.00,34.70,-32.96,0.587,-0.607,-26335,26261,7.57,283.0,-97.988,1063.199,1,1,1
71363241,70064,3,35.00,-35.00,34.84,-33.18,0.586,-0.607,-26311,26238,7.58,275.5,-100.061,1062.199,1,1,1
71373249,70074,3,35.00,-35.00,35.81,-33.77,0.583,-0.606,-26285,26214,7.58,280.8,-100.183,1061.198,1,1,1
71383249,70084,3,35.00,-35.00,34.74,-34.19,0.586,-0.604,-26263,26190,7.58,273.0,-96.159,1060.237,1,1,1
71393262,70094,3,35.00,-35.00,33.54,-34.04,0.591,-0.605,-26242,26167,7.58,279.2,-91.280,1059.325,1,1,1
71403268,70104,3,35.00,-35.00,33.59,-33.50,0.591,-0.607,-26219,26145,7.58,273.8,-84.573,1058.480,1,1,1
71413277,70114,3,35.00,-35.00,33.62,-33.11,0.591,-0.609,-26196,26123,7.57,282.8,-79.695,1057.684,1,1,1
71423277,70124,3,35.00,-35.00,34.08,-33.73,0.590,-0.607,-26172,26099,7.58,284.0,-92.134,1056.764,1,1,1
71433284,70134,3,35.00,-35.00,35.28,-33.72,0.586,-0.608,-26146,26076,7.58,281.5,-101.768,1055.747,1,1,1
71443298,70144,3,35.00,-35.00,35.68,-33.71,0.584,-0.608,-26121,26053,7.58,283.0,-105.976,1054.688,1,1,1
71453301,70154,3,35.00,-35.00,37.28,-34.14,0.578,-0.608,-26093,26029,7.57,272.5,-104.695,1053.642,1,1,1
71463301,70164,3,35.00,-35.00,37.96,-34.45,0.575,-0.608,-26066,26005,7.58,274.5,-101.829,1052.624,1,1,1
71473302,70174,3,35.00,-35.00,36.24,-34.66,0.580,-0.607,-26044,25981,7.58,272.5,-98.537,1051.640,1,1,1
71483307,70184,3,35.00,-35.00,33.28,-35.25,0.590,-0.604,-26026,25956,7.58,271.5,-94.085,1050.700,1,1,1
71493313,70194,3,35.00,-35.00,32.96,-35.22,0.592,-0.603,-26004,25932,7.58,282.8,-87.439,1049.826,1,1,1
71503313,70204,3,35.00,-35.00,33.18,-34.76,0.592,-0.605,-25981,25909,7.58,273.8,-83.720,1048.990,1,1,1
71513316,70214,3,35.00,-35.00,33.77,-34.44,0.590,-0.606,-25957,25886,7.58,280.5,-90.122,1048.089,1,1,1
71523325,70224,3,35.00,-35.00,34.19,-35.53,0.589,-0.603,-25933,25860,7.57,277.2,-101.890,1047.071,1,1,1
71533338,70234,3,35.00,-35.00,33.16,-35.86,0.593,-0.601,-25912,25835,7.58,281.0,-109.756,1045.974,1,1,1
71543351,70244,3,35.00,-35.00,37.28,-35.65,0.579,-0.603,-25880,25811,7.58,274.2,-111.951,1044.856,1,1,1
71553362,70254,3,35.00,-35.00,37.96,-36.38,0.576,-0.600,-25853,25785,7.58,275.0,-110.061,1043.756,1,1,1
71563374,70264,3,35.00,-35.00,37.12,-36.45,0.578,-0.599,-25829,25760,7.58,265.8,-105.610,1042.701,1,1,1
71573385,70274,3,35.00,-35.00,34.77,-36.50,0.586,-0.597,-25809,25735,7.59,268.0,-98.902,1041.713,1,1,1
71583392,70284,3,35.00,-35.00,34.01,-36.10,0.589,-0.599,-25787,25711,7.58,270.5,-91.646,1040.797,1,1,1
71593398,70294,3,35.00,-35.00,33.91,-35.82,0.590,-0.599,-25764,25687,7.58,273.0,-86.159,1039.936,1,1,1
71603405,70304,3,35.00,-35.00,34.29,-36.50,0.589,-0.596,-25740,25661,7.58,280.2,-89.451,1039.042,1,1,1
71613420,70314,3,35.00,-35.00,34.55,-36.53,0.589,-0.596,-25716,25636,7.58,272.0,-98.720,1038.056,1,1,1
71623422,70324,3,35.00,-35.00,34.73,-36.12,0.588,-0.597,-25692,25612,7.58,277.0,-107.378,1036.983,1,1,1
71633435,70334,3,35.00,-35.00,36.18,-35.83,0.583,-0.598,-25665,25588,7.58,269.8,-110.122,1035.883,1,1,1
71643435,70344,3,35.00,-35.00,35.87,-36.07,0.584,-0.596,-25641,25563,7.58,274.8,-109.390,1034.790,1,1,1
71653438,70354,3,35.00,-35.00,36.97,-36.67,0.580,-0.594,-25614,25537,7.58,269.2,-107.073,1033.720,1,1,1
71663446,70364,3,35.00,-35.00,34.67,-37.10,0.587,-0.591,-25594,25511,7.59,270.8,-102.256,1032.698,1,1,1
71673450,70374,3,35.00,-35.00,33.94,-37.39,0.591,-0.590,-25572,25485,7.58,266.8,-94.878,1031.750,1,1,1
71683453,70384,3,35.00,-35.00,34.74,-35.84,0.588,-0.595,-25547,25463,7.58,271.8,-89.634,1030.854,1,1,1
71693465,70394,3,35.00,-35.00,34.87,-35.20,0.588,-0.597,-25523,25440,7.58,272.8,-90.183,1029.953,1,1,1
71703474,70404,3,35.00,-35.00,34.95,-36.06,0.588,-0.594,-25499,25414,7.58,274.0,-94.329,1029.011,1,1,1
71713476,70414,3,35.00,-35.00,35.45,-36.23,0.586,-0.593,-25474,25389,7.58,274.2,-99.756,1028.014,1,1,1
71723480,70424,3,35.00,-35.00,36.24,-35.91,0.583,-0.594,-25448,25365,7.58,267.2,-102.256,1026.992,1,1,1
71733489,70434,3,35.00,-35.00,35.92,-36.56,0.584,-0.591,-25424,25339,7.59,271.5,-101.646,1025.977,1,1,1
71743503,70444,3,35.00,-35.00,36.13,-35.70,0.583,-0.594,-25399,25316,7.58,271.2,-101.463,1024.963,1,1,1
71753507,70454,3,35.00,-35.00,35.84,-35.98,0.583,-0.592,-25375,25291,7.59,269.2,-102.317,1023.941,1,1,1
71763520,70464,3,35.00,-35.00,34.75,-36.61,0.587,-0.590,-25353,25265,7.58,271.2,-100.793,1022.934,1,1,1
71773526,70474,3,35.00,-35.00,34.44,-35.29,0.588,-0.594,-25330,25243,7.58,266.2,-95.549,1021.979,1,1,1
71783529,70484,3,35.00,-35.00,34.65,-34.81,0.588,-0.595,-25306,25220,7.58,276.0,-91.829,1021.061,1,1,1
71793537,70494,3,35.00,-35.00,35.24,-35.36,0.586,-0.593,-25281,25195,7.58,272.2,-95.854,1020.104,1,1,1
71803542,70504,3,35.00,-35.00,35.66,-35.30,0.584,-0.594,-25256,25171,7.58,276.2,-104.329,1019.061,1,1,1
71813542,70514,3,35.00,-35.00,36.38,-35.25,0.582,-0.594,-25230,25147,7.58,269.8,-107.622,1017.986,1,1,1
71823549,70524,3,35.00,-35.00,36.46,-35.22,0.581,-0.594,-25205,25123,7.58,273.5,-106.951,1016.917,1,1,1
71833559,70534,3,35.00,-35.00,36.51,-35.20,0.580,-0.594,-25180,25099,7.58,267.5,-106.890,1015.849,1,1,1
71843559,70544,3,35.00,-35.00,36.54,-35.19,0.579,-0.595,-25155,25075,7.58,269.0,-106.220,1014.788,1,1,1
71853567,70554,3,35.00,-35.00,34.37,-36.06,0.587,-0.591,-25135,25049,7.58,268.5,-103.110,1013.757,1,1,1
71863580,70564,3,35.00,-35.00,34.16,-34.91,0.588,-0.595,-25112,25027,7.58,270.2,-99.695,1012.761,1,1,1
71873589,70574,3,35.00,-35.00,34.90,-34.54,0.585,-0.596,-25087,25004,7.58,276.0,-98.841,1011.773,1,1,1
71883606,70584,3,35.00,-35.00,35.42,-33.41,0.583,-0.600,-25062,24983,7.58,270.0,-97.805,1010.796,1,1,1
71893606,70594,3,35.00,-35.00,35.78,-33.49,0.582,-0.601,-25037,24960,7.58,276.8,-99.146,1009.806,1,1,1
71903606,70604,3,35.00,-35.00,36.47,-33.99,0.579,-0.600,-25011,24936,7.58,267.8,-102.317,1008.783,1,1,1
71913617,70614,3,35.00,-35.00,36.96,-33.90,0.577,-0.601,-24985,24913,7.58,271.5,-103.963,1007.744,1,1,1
71923618,70624,3,35.00,-35.00,37.29,-34.28,0.575,-0.600,-24959,24889,7.58,267.2,-105.793,1006.687,1,1,1
71933625,70634,3,35.00,-35.00,36.65,-34.54,0.577,-0.599,-24935,24865,7.58,272.2,-106.098,1005.627,1,1,1
71943637,70644,3,35.00,-35.00,34.01,-34.73,0.586,-0.598,-24916,24841,7.58,265.8,-103.537,1004.593,1,1,1
71953637,70654,3,35.00,-35.00,33.47,-34.42,0.588,-0.599,-24894,24818,7.58,271.0,-98.902,1003.604,1,1,1
71963645,70664,3,35.00,-35.00,34.42,-33.32,0.586,-0.604,-24869,24797,7.58,273.2,-96.159,1002.644,1,1,1
71973659,70674,3,35.00,-35.00,35.08,-32.99,0.583,-0.606,-24844,24775,7.57,276.5,-95.366,1001.691,1,1,1
71983668,70684,3,35.00,-35.00,35.54,-33.20,0.581,-0.606,-24819,24752,7.58,280.0,-99.146,1000.700,1,1,1
71993674,70694,3,35.00,-35.00,34.55,-33.79,0.585,-0.604,-24797,24728,7.58,270.5,-104.451,999.656,1,1,1
72003685,70704,3,35.00,-35.00,34.73,-33.76,0.584,-0.605,-24773,24705,7.58,280.2,-105.427,998.603,1,1,1
72013685,70714,3,35.00,-35.00,34.86,-33.74,0.584,-0.605,-24749,24682,7.58,275.0,-105.183,997.552,1,1,1
72023685,70724,3,35.00,-35.00,34.07,-34.16,0.586,-0.604,-24727,24658,7.58,280.8,-104.878,996.504,1,1,1
72033691,70734,3,35.00,-35.00,33.96,-34.02,0.587,-0.605,-24704,24635,7.58,282.0,-105.061,995.454,1,1,1
72043691,70744,3,35.00,-35.00,33.00,-33.92,0.591,-0.605,-24683,24612,7.58,276.8,-105.366,994.401,1,1,1
72053698,70754,3,35.00,-35.00,33.21,-33.85,0.591,-0.605,-24660,24589,7.58,283.8,-105.732,993.345,1,1,1
72063698,70764,3,35.00,-35.00,33.79,-33.80,0.589,-0.606,-24636,24566,7.57,275.0,-103.049,992.315,1,1,1
72073698,70774,3,35.00,-35.00,34.20,-32.89,0.588,-0.610,-24612,24545,7.57,284.5,-99.878,991.317,1,1,1
72083709,70784,3,35.00,-35.00,34.49,-33.13,0.587,-0.610,-24588,24522,7.57,278.0,-99.634,990.322,1,1,1
72093716,70794,3,35.00,-35.00,34.25,-33.74,0.588,-0.608,-24565,24498,7.57,283.8,-102.378,989.299,1,1,1
72103724,70804,3,35.00,-35.00,34.52,-33.72,0.587,-0.608,-24541,24475,7.58,279.8,-105.061,988.249,1,1,1
72113731,70814,3,35.00,-35.00,35.15,-34.15,0.585,-0.608,-24516,24451,7.57,278.5,-107.012,987.180,1,1,1
72123744,70824,3,35.00,-35.00,35.59,-34.45,0.583,-0.607,-24491,24427,7.58,278.2,-109.207,986.088,1,1,1
72133754,70834,3,35.00,-35.00,37.66,-34.23,0.575,-0.608,-24462,24404,7.58,276.0,-111.098,984.978,1,1,1
72143759,70844,3,35.00,-35.00,36.47,-34.50,0.578,-0.607,-24439,24380,7.58,275.5,-107.500,983.904,1,1,1
72153761,70854,3,35.00,-35.00,34.32,-34.70,0.586,-0.606,-24419,24356,7.58,273.0,-102.012,982.885,1,1,1
72163761,70864,3,35.00,-35.00,33.69,-34.84,0.588,-0.606,-24397,24332,7.58,279.5,-96.463,981.921,1,1,1
72173774,70874,3,35.00,-35.00,34.13,-33.61,0.587,-0.610,-24373,24311,7.58,275.5,-92.866,980.993,1,1,1
72183782,70884,3,35.00,-35.00,34.44,-33.64,0.586,-0.611,-24349,24288,7.58,283.8,-94.878,980.045,1,1,1
72193788,70894,3,35.00,-35.00,35.09,-34.53,0.584,-0.608,-24324,24263,7.57,275.5,-99.451,979.051,1,1,1
72203800,70904,3,35.00,-35.00,35.99,-34.28,0.581,-0.610,-24298,24240,7.57,281.0,-102.927,978.023,1,1,1
72213804,70914,3,35.00,-35.00,37.06,-34.98,0.576,-0.608,-24271,24215,7.58,275.5,-104.634,976.977,1,1,1
72223812,70924,3,35.00,-35.00,35.61,-35.91,0.581,-0.604,-24249,24189,7.58,270.8,-103.171,975.946,1,1,1
72233822,70934,3,35.00,-35.00,33.72,-36.13,0.588,-0.602,-24229,24164,7.58,272.8,-101.098,974.936,1,1,1
72243822,70944,3,35.00,-35.00,33.71,-36.27,0.589,-0.602,-24206,24139,7.57,275.5,-99.146,973.945,1,1,1
72253835,70954,3,35.00,-35.00,34.14,-35.94,0.587,-0.602,-24182,24115,7.58,279.0,-94.939,972.997,1,1,1
72263837,70964,3,35.00,-35.00,34.45,-35.26,0.587,-0.604,-24158,24092,7.58,273.5,-92.805,972.070,1,1,1
72273850,70974,3,35.00,-35.00,34.66,-35.23,0.586,-0.604,-24134,24068,7.58,280.2,-95.915,971.111,1,1,1
72283858,70984,3,35.00,-35.00,34.37,-35.65,0.588,-0.603,-24111,24043,7.57,271.8,-101.159,970.101,1,1,1
72293865,70994,3,35.00,-35.00,35.04,-35.06,0.585,-0.605,-24086,24020,7.58,279.2,-105.366,969.048,1,1,1
72303879,71004,3,35.00,-35.00,36.40,-36.41,0.581,-0.600,-24059,23993,7.58,272.8,-106.829,967.980,1,1,1
72313880,71014,3,35.00,-35.00,36.02,-36.47,0.582,-0.599,-24035,23968,7.58,267.5,-105.671,966.924,1,1,1
72323891,71024,3,35.00,-35.00,34.01,-37.84,0.589,-0.593,-24015,23940,7.58,272.2,-102.317,965.902,1,1,1
72333903,71034,3,35.00,-35.00,33.03,-37.47,0.593,-0.593,-23994,23915,7.58,270.8,-100.122,964.901,1,1,1
72343906,71044,3,35.00,-35.00,33.67,-35.90,0.591,-0.598,-23970,23893,7.58,277.0,-93.537,963.967,1,1,1
72353913,71054,3,35.00,-35.00,34.12,-35.24,0.590,-0.601,-23946,23870,7.57,274.2,-89.756,963.070,1,1,1
72363926,71064,3,35.00,-35.00,33.99,-36.09,0.591,-0.597,-23923,23844,7.58,278.2,-91.829,962.153,1,1,1
72373928,71074,3,35.00,-35.00,34.34,-35.81,0.590,-0.598,-23899,23820,7.58,271.0,-98.110,961.172,1,1,1
72383940,71084,3,35.00,-35.00,35.02,-36.05,0.588,-0.597,-23874,23795,7.58,274.0,-103.902,960.134,1,1,1
72393940,71094,3,35.00,-35.00,36.82,-36.22,0.582,-0.596,-23846,23770,7.58,272.5,-105.122,959.084,1,1,1
72403948,71104,3,35.00,-35.00,37.20,-36.78,0.580,-0.594,-23820,23744,7.58,269.8,-103.049,958.054,1,1,1
72413948,71114,3,35.00,-35.00,35.27,-36.73,0.586,-0.593,-23799,23719,7.58,268.5,-99.268,957.062,1,1,1
72423958,71124,3,35.00,-35.00,33.48,-37.14,0.593,-0.591,-23779,23693,7.58,269.0,-93.659,956.126,1,1,1
72433971,71134,3,35.00,-35.00,33.54,-36.54,0.593,-0.592,-23756,23669,7.58,276.8,-87.012,955.257,1,1,1
72443982,71144,3,35.00,-35.00,34.03,-36.57,0.593,-0.592,-23732,23644,7.57,269.2,-82.866,954.429,1,1,1
72453994,71154,3,35.00,-35.00,34.80,-37.02,0.590,-0.589,-23707,23618,7.58,277.2,-87.317,953.557,1,1,1
72463994,71164,3,35.00,-35.00,34.47,-36.46,0.592,-0.590,-23684,23594,7.58,269.0,-94.756,952.610,1,1,1
72473994,71174,3,35.00,-35.00,34.68,-36.51,0.591,-0.589,-23660,23569,7.58,275.5,-99.817,951.613,1,1,1
72484004,71185,3,35.00,-35.00,35.26,-36.54,0.589,-0.589,-23635,23544,7.58,268.8,-102.439,950.589,1,1,1
72494016,71195,3,35.00,-35.00,36.99,-36.57,0.583,-0.589,-23607,23519,7.58,269.8,-101.829,949.572,1,1,1
72504019,71205,3,35.00,-35.00,39.51,-36.58,0.573,-0.589,-23576,23494,7.58,269.5,-98.049,948.592,1,1,1
72514019,71215,3,35.00,-35.00,37.33,-36.16,0.579,-0.590,-23554,23470,7.59,261.8,-93.171,947.661,1,1,1
72524032,71225,3,35.00,-35.00,34.04,-36.29,0.591,-0.588,-23536,23445,7.59,267.2,-87.927,946.783,1,1,1
72534039,71235,3,35.00,-35.00,34.37,-36.83,0.590,-0.586,-23512,23419,7.58,267.5,-83.171,945.952,1,1,1
72544049,71245,3,35.00,-35.00,35.05,-36.77,0.588,-0.586,-23487,23394,7.58,270.5,-81.524,945.137,1,1,1
72554062,71255,3,35.00,-35.00,35.52,-36.72,0.587,-0.586,-23462,23369,7.58,265.8,-86.280,944.275,1,1,1
72564064,71265,3,35.00,-35.00,35.85,-37.13,0.585,-0.585,-23437,23343,7.58,275.0,-92.866,943.348,1,1,1
72574076,71275,3,35.00,-35.00,36.08,-36.54,0.585,-0.587,-23412,23319,7.58,266.5,-96.707,942.381,1,1,1
72584088,71285,3,35.00,-35.00,36.68,-37.44,0.582,-0.584,-23386,23292,7.58,267.2,-97.500,941.407,1,1,1
72594092,71295,3,35.00,-35.00,36.22,-37.20,0.584,-0.584,-23362,23267,7.58,262.5,-96.098,940.447,1,1,1
72604092,71305,3,35.00,-35.00,35.46,-36.15,0.585,-0.587,-23339,23244,7.59,264.8,-89.817,939.550,1,1,1
72614092,71315,3,35.00,-35.00,35.37,-35.41,0.586,-0.590,-23315,23221,7.58,272.8,-82.134,938.729,1,1,1
72624100,71325,3,35.00,-35.00,35.75,-35.33,0.584,-0.590,-23290,23197,7.58,266.8,-80.427,937.926,1,1,1
72634110,71335,3,35.00,-35.00,36.01,-36.16,0.583,-0.588,-23265,23171,7.58,274.0,-85.183,937.075,1,1,1
72644117,71345,3,35.00,-35.00,36.19,-36.30,0.583,-0.587,-23240,23146,7.58,266.5,-92.073,936.155,1,1,1
72654117,71355,3,35.00,-35.00,35.88,-36.39,0.583,-0.587,-23216,23121,7.58,269.5,-98.293,935.173,1,1,1
72664117,71365,3,35.00,-35.00,36.10,-36.46,0.583,-0.587,-23191,23096,7.58,268.5,-101.829,934.155,1,1,1
72674117,71375,3,35.00,-35.00,36.70,-36.51,0.581,-0.586,-23165,23071,7.58,265.5,-101.829,933.138,1,1,1
72684117,71385,3,35.00,-35.00,37.55,-36.54,0.578,-0.587,-23138,23046,7.58,269.5,-100.366,932.135,1,1,1
72694119,71395,3,35.00,-35.00,35.96,-36.13,0.583,-0.588,-23116,23022,7.58,261.2,-96.341,931.172,1,1,1
72704124,71405,3,35.00,-35.00,35.28,-36.28,0.585,-0.587,-23093,22997,7.58,270.2,-91.220,930.261,1,1,1
72714125,71415,3,35.00,-35.00,34.80,-35.06,0.587,-0.591,-23070,22975,7.58,266.0,-84.390,929.418,1,1,1
72724139,71425,3,35.00,-35.00,35.35,-34.65,0.585,-0.592,-23045,22952,7.58,275.8,-77.134,928.647,1,1,1
72734147,71435,3,35.00,-35.00,35.73,-35.24,0.584,-0.591,-23020,22927,7.58,270.5,-77.805,927.870,1,1,1
72744147,71445,3,35.00,-35.00,36.00,-35.22,0.583,-0.591,-22995,22903,7.58,276.5,-86.220,927.009,1,1,1
72754154,71455,3,35.00,-35.00,36.18,-35.64,0.583,-0.590,-22970,22878,7.57,267.0,-93.963,926.070,1,1,1
72764162,71465,3,35.00,-35.00,36.32,-35.49,0.582,-0.590,-22945,22854,7.58,271.0,-97.988,925.091,1,1,1
72774162,71475,3,35.00,-35.00,37.73,-35.39,0.577,-0.591,-22917,22830,7.58,268.8,-99.512,924.096,1,1,1
72784171,71485,3,35.00,-35.00,38.27,-35.32,0.575,-0.592,-22890,22806,7.58,266.5,-98.780,923.109,1,1,1
72794171,71495,3,35.00,-35.00,37.78,-35.71,0.576,-0.590,-22865,22781,7.58,269.8,-96.524,922.145,1,1,1
72804178,71505,3,35.00,-35.00,35.23,-35.54,0.584,-0.590,-22845,22757,7.58,261.0,-93.232,921.213,1,1,1
72814186,71515,3,35.00,-35.00,33.89,-34.99,0.589,-0.592,-22824,22734,7.58,270.2,-87.073,920.344,1,1,1
72824188,71525,3,35.00,-35.00,34.27,-33.72,0.588,-0.597,-22800,22713,7.58,269.2,-78.720,919.557,1,1,1
72834193,71535,3,35.00,-35.00,34.54,-34.15,0.587,-0.595,-22776,22689,7.58,279.2,-73.659,918.821,1,1,1
72844203,71545,3,35.00,-35.00,36.04,-34.45,0.582,-0.596,-22749,22665,7.57,271.2,-78.415,918.038,1,1,1
72854215,71555,3,35.00,-35.00,35.78,-34.66,0.582,-0.594,-22725,22641,7.58,274.0,-87.195,917.167,1,1,1
72864223,71565,3,35.00,-35.00,36.47,-34.81,0.580,-0.594,-22699,22617,7.58,268.2,-92.744,916.240,1,1,1
72874232,71575,3,35.00,-35.00,36.51,-34.91,0.580,-0.594,-22674,22593,7.58,270.8,-96.098,915.280,1,1,1
72884238,71585,3,35.00,-35.00,36.99,-34.99,0.578,-0.594,-22648,22569,7.58,270.0,-97.439,914.307,1,1,1
72894247,71595,3,35.00,-35.00,35.12,-34.60,0.584,-0.595,-22627,22546,7.58,264.2,-94.390,913.363,1,1,1
72904253,71605,3,35.00,-35.00,34.69,-34.33,0.586,-0.597,-22604,22523,7.57,276.0,-88.537,912.479,1,1,1
72914264,71615,3,35.00,-35.00,34.83,-33.70,0.584,-0.599,-22580,22501,7.58,274.8,-82.500,911.655,1,1,1
72924277,71625,3,35.00,-35.00,35.37,-33.26,0.582,-0.601,-22555,22479,7.58,273.2,-78.963,910.866,1,1,1
72934277,71635,3,35.00,-35.00,35.30,-33.39,0.582,-0.601,-22531,22456,7.58,277.0,-81.280,910.054,1,1,1
72944286,71645,3,35.00,-35.00,35.26,-33.48,0.582,-0.602,-22507,22433,7.58,274.5,-88.537,909.169,1,1,1
72954294,71655,3,35.00,-35.00,35.67,-33.54,0.581,-0.602,-22482,22410,7.58,277.2,-93.476,908.235,1,1,1
72964294,71665,3,35.00,-35.00,35.95,-33.15,0.580,-0.604,-22457,22388,7.57,272.2,-96.402,907.272,1,1,1
72974307,71675,3,35.00,-35.00,35.71,-33.75,0.580,-0.603,-22433,22364,7.58,279.0,-93.963,906.333,1,1,1
72984314,71685,3,35.00,-35.00,34.67,-34.17,0.584,-0.602,-22411,22340,7.57,268.8,-88.537,905.449,1,1,1
72994323,71695,3,35.00,-35.00,34.38,-34.03,0.585,-0.602,-22388,22317,7.57,279.0,-83.659,904.613,1,1,1
73004331,71705,3,35.00,-35.00,34.61,-33.49,0.584,-0.604,-22364,22295,7.58,273.2,-80.732,903.806,1,1,1
73014344,71715,3,35.00,-35.00,34.77,-33.11,0.584,-0.607,-22340,22273,7.57,278.5,-81.707,902.990,1,1,1
73024355,71725,3,35.00,-35.00,34.45,-32.84,0.584,-0.608,-22317,22251,7.58,276.0,-84.207,902.149,1,1,1
73034355,71735,3,35.00,-35.00,35.10,-32.66,0.582,-0.610,-22292,22229,7.57,281.5,-88.598,901.264,1,1,1
73044368,71745,3,35.00,-35.00,34.68,-32.97,0.583,-0.609,-22269,22206,7.58,281.5,-92.988,900.335,1,1,1
73054377,71755,3,35.00,-35.00,35.26,-32.75,0.581,-0.611,-22244,22184,7.58,280.5,-95.854,899.377,1,1,1
73064390,71765,3,35.00,-35.00,35.23,-32.59,0.580,-0.612,-22220,22162,7.58,283.2,-99.207,898.386,1,1,1
73074392,71775,3,35.00,-35.00,35.65,-32.92,0.579,-0.612,-22195,22139,7.58,274.5,-99.756,897.389,1,1,1
73084398,71785,3,35.00,-35.00,35.06,-34.03,0.581,-0.608,-22172,22114,7.58,280.0,-95.549,896.434,1,1,1
73094405,71795,3,35.00,-35.00,34.21,-34.81,0.584,-0.606,-22150,22089,7.58,271.8,-90.915,895.526,1,1,1
73104405,71805,3,35.00,-35.00,34.05,-34.03,0.585,-0.609,-22127,22067,7.57,279.8,-83.841,894.688,1,1,1
73114420,71815,3,35.00,-35.00,33.95,-33.05,0.585,-0.612,-22104,22046,7.57,276.2,-82.317,893.866,1,1,1
73124429,71825,3,35.00,-35.00,34.75,-33.24,0.583,-0.613,-22079,22023,7.57,283.8,-84.329,893.023,1,1,1
73134435,71835,3,35.00,-35.00,34.87,-33.38,0.582,-0.612,-22055,22000,7.58,278.5,-89.512,892.129,1,1,1
73144438,71845,3,35.00,-35.00,35.40,-33.47,0.580,-0.613,-22030,21977,7.58,278.2,-93.415,891.196,1,1,1
73154446,71855,3,35.00,-35.00,36.20,-33.98,0.577,-0.612,-22004,21953,7.58,280.0,-95.488,890.242,1,1,1
73164453,71865,3,35.00,-35.00,37.21,-33.89,0.573,-0.613,-21977,21930,7.58,274.8,-96.220,889.280,1,1,1
73174453,71875,3,35.00,-35.00,35.27,-34.27,0.579,-0.611,-21956,21906,7.58,278.8,-94.817,888.333,1,1,1
73184458,71885,3,35.00,-35.00,33.92,-34.98,0.584,-0.609,-21935,21881,7.58,271.2,-91.890,887.415,1,1,1
73194461,71895,3,35.00,-35.00,33.85,-35.03,0.585,-0.609,-21912,21857,7.58,279.5,-90.000,886.516,1,1,1
73204474,71905,3,35.00,-35.00,34.24,-34.63,0.584,-0.610,-21888,21834,7.57,277.0,-90.732,885.609,1,1,1
73214483,71915,3,35.00,-35.00,34.52,-34.35,0.583,-0.611,-21864,21811,7.58,277.8,-94.512,884.665,1,1,1
73224489,71925,3,35.00,-35.00,35.15,-35.03,0.581,-0.609,-21839,21786,7.58,280.8,-100.183,883.664,1,1,1
73234496,71935,3,35.00,-35.00,34.71,-35.51,0.582,-0.608,-21816,21761,7.57,272.0,-105.427,882.610,1,1,1
73244507,71945,3,35.00,-35.00,36.60,-35.40,0.576,-0.608,-21788,21737,7.58,279.0,-106.646,881.545,1,1,1
73254514,71955,3,35.00,-35.00,37.49,-35.77,0.573,-0.608,-21761,21712,7.57,271.5,-104.939,880.496,1,1,1
73264529,71965,3,35.00,-35.00,35.91,-36.02,0.577,-0.605,-21739,21687,7.58,277.0,-103.049,879.466,1,1,1
73274529,71975,3,35.00,-35.00,34.36,-36.20,0.583,-0.604,-21718,21662,7.58,269.8,-97.622,878.491,1,1,1
73284542,71985,3,35.00,-35.00,34.16,-36.33,0.584,-0.603,-21695,21637,7.58,275.0,-92.195,877.570,1,1,1
73294544,71995,3,35.00,-35.00,34.46,-35.98,0.583,-0.604,-21671,21613,7.58,271.0,-89.146,876.679,1,1,1
73304544,72005,3,35.00,-35.00,34.67,-35.73,0.582,-0.604,-21647,21589,7.58,276.0,-92.866,875.751,1,1,1
73314552,72015,3,35.00,-35.00,34.82,-36.44,0.582,-0.602,-21623,21563,7.58,274.2,-100.305,874.749,1,1,1
73324565,72025,3,35.00,-35.00,34.92,-36.49,0.582,-0.601,-21599,21538,7.58,272.2,-105.854,873.691,1,1,1
73334574,72035,3,35.00,-35.00,35.87,-36.09,0.579,-0.602,-21573,21514,7.58,275.0,-107.134,872.621,1,1,1
73344579,72045,3,35.00,-35.00,36.09,-35.37,0.578,-0.605,-21548,21491,7.57,266.0,-106.220,871.559,1,1,1
73354589,72055,3,35.00,-35.00,35.37,-35.75,0.580,-0.603,-21525,21466,7.58,276.5,-105.915,870.501,1,1,1
73364606,72065,3,35.00,-35.00,34.87,-36.45,0.582,-0.600,-21502,21440,7.57,269.5,-103.232,869.470,1,1,1
73374607,72075,3,35.00,-35.00,34.08,-37.38,0.585,-0.596,-21480,21413,7.58,275.2,-99.878,868.472,1,1,1
73384615,72085,3,35.00,-35.00,34.40,-37.15,0.585,-0.596,-21456,21388,7.58,268.5,-95.854,867.514,1,1,1
73394622,72095,3,35.00,-35.00,35.07,-35.23,0.582,-0.602,-21431,21367,7.58,273.2,-95.000,866.565,1,1,1
73404629,72105,3,35.00,-35.00,35.09,-35.21,0.582,-0.602,-21407,21343,7.58,272.5,-97.134,865.594,1,1,1
73414630,72115,3,35.00,-35.00,35.55,-36.07,0.580,-0.599,-21382,21317,7.58,272.0,-98.537,864.610,1,1,1
73424637,72125,3,35.00,-35.00,36.31,-36.24,0.578,-0.598,-21356,21292,7.58,270.5,-100.183,863.609,1,1,1
73434645,72135,3,35.00,-35.00,36.40,-35.91,0.577,-0.599,-21331,21268,7.58,267.0,-100.854,862.601,1,1,1
73444655,72145,3,35.00,-35.00,36.03,-35.69,0.578,-0.600,-21307,21244,7.58,273.0,-100.976,861.592,1,1,1
73454659,72155,3,35.00,-35.00,35.77,-35.97,0.579,-0.599,-21283,21219,7.58,265.8,-101.951,860.573,1,1,1
73464663,72165,3,35.00,-35.00,34.71,-36.16,0.583,-0.597,-21261,21194,7.58,269.2,-102.744,859.547,1,1,1
73474663,72175,3,35.00,-35.00,33.96,-37.62,0.586,-0.591,-21239,21166,7.59,271.2,-100.793,858.539,1,1,1
73484663,72185,3,35.00,-35.00,33.88,-35.56,0.587,-0.598,-21216,21145,7.58,269.2,-98.476,857.555,1,1,1
73494676,72195,3,35.00,-35.00,34.70,-34.56,0.584,-0.601,-21191,21123,7.58,277.0,-97.378,856.583,1,1,1
73504682,72205,3,35.00,-35.00,35.28,-34.30,0.582,-0.603,-21166,21100,7.58,268.8,-99.756,855.586,1,1,1
73514691,72215,3,35.00,-35.00,35.68,-35.44,0.581,-0.599,-21141,21074,7.58,274.2,-103.659,854.550,1,1,1
73524698,72225,3,35.00,-35.00,36.40,-34.91,0.577,-0.601,-21115,21051,7.58,268.8,-105.488,853.496,1,1,1
73534700,72235,3,35.00,-35.00,36.03,-34.99,0.578,-0.601,-21091,21027,7.58,272.8,-105.000,852.447,1,1,1
73544701,72245,3,35.00,-35.00,35.77,-35.04,0.579,-0.600,-21067,21003,7.58,266.0,-104.390,851.404,1,1,1
73554715,72255,3,35.00,-35.00,33.83,-35.07,0.586,-0.600,-21047,20979,7.58,274.2,-102.683,850.378,1,1,1
73564715,72265,3,35.00,-35.00,33.79,-35.98,0.587,-0.596,-21024,20953,7.58,271.2,-99.817,849.380,1,1,1
73574721,72275,3,35.00,-35.00,34.64,-34.85,0.584,-0.600,-20999,20931,7.58,274.8,-100.610,848.375,1,1,1
73584721,72285,3,35.00,-35.00,35.23,-34.06,0.582,-0.604,-20974,20909,7.58,275.0,-103.415,847.342,1,1,1
73594724,72295,3,35.00,-35.00,35.65,-33.51,0.580,-0.606,-20949,20887,7.58,273.5,-101.585,846.327,1,1,1
73604728,72305,3,35.00,-35.00,35.94,-33.57,0.579,-0.607,-20924,20864,7.58,278.0,-99.756,845.330,1,1,1
73614736,72315,3,35.00,-35.00,36.14,-34.04,0.578,-0.605,-20899,20840,7.58,270.0,-101.524,844.315,1,1,1
73624746,72325,3,35.00,-35.00,36.29,-33.94,0.577,-0.606,-20874,20817,7.58,273.8,-103.780,843.278,1,1,1
73634758,72335,3,35.00,-35.00,36.39,-34.30,0.576,-0.605,-20849,20793,7.58,270.0,-104.634,842.233,1,1,1
73644761,72345,3,35.00,-35.00,34.70,-34.56,0.582,-0.604,-20828,20769,7.58,274.5,-104.573,841.188,1,1,1
73654774,72355,3,35.00,-35.00,33.96,-34.74,0.585,-0.604,-20806,20745,7.58,273.2,-101.341,840.175,1,1,1
73664776,72365,3,35.00,-35.00,34.32,-33.98,0.584,-0.606,-20782,20723,7.58,280.0,-99.085,839.185,1,1,1
73674782,72375,3,35.00,-35.00,35.45,-33.90,0.580,-0.607,-20756,20700,7.58,274.2,-100.549,838.181,1,1,1
73684784,72385,3,35.00,-35.00,35.80,-33.40,0.578,-0.610,-20731,20678,7.58,277.0,-100.488,837.177,1,1,1
73694797,72395,3,35.00,-35.00,35.17,-33.48,0.580,-0.610,-20708,20655,7.58,278.0,-100.366,836.174,1,1,1
73704806,72405,3,35.00,-35.00,34.29,-33.99,0.583,-0.609,-20686,20631,7.58,276.5,-100.732,835.167,1,1,1
73714815,72415,3,35.00,-35.00,34.55,-33.90,0.582,-0.609,-20662,20608,7.58,282.0,-100.854,834.159,1,1,1
73724815,72425,3,35.00,-35.00,34.29,-34.28,0.583,-0.608,-20639,20584,7.58,273.2,-102.317,833.137,1,1,1
73734815,72435,3,35.00,-35.00,33.67,-34.54,0.586,-0.607,-20617,20560,7.58,283.0,-103.354,832.104,1,1,1
73744815,72445,3,35.00,-35.00,33.68,-34.29,0.586,-0.608,-20594,20537,7.57,277.5,-103.598,831.069,1,1,1
73754822,72455,3,35.00,-35.00,33.24,-34.11,0.588,-0.609,-20572,20514,7.57,279.0,-103.780,830.032,1,1,1
73764834,72465,3,35.00,-35.00,33.82,-33.54,0.586,-0.611,-20548,20492,7.58,285.0,-103.171,829.001,1,1,1
73774837,72475,3,35.00,-35.00,33.78,-33.59,0.587,-0.611,-20525,20469,7.57,276.0,-100.305,827.999,1,1,1
73784841,72485,3,35.00,-35.00,34.19,-33.62,0.585,-0.612,-20501,20446,7.58,284.8,-98.354,827.016,1,1,1
73794850,72495,3,35.00,-35.00,34.04,-33.64,0.586,-0.612,-20478,20423,7.57,278.0,-99.146,826.026,1,1,1
73804850,72505,3,35.00,-35.00,34.38,-33.66,0.585,-0.612,-20454,20400,7.57,287.2,-102.805,824.998,1,1,1
73814858,72515,3,35.00,-35.00,34.61,-34.11,0.585,-0.611,-20430,20376,7.57,277.0,-106.524,823.934,1,1,1
73824865,72525,3,35.00,-35.00,35.21,-33.98,0.583,-0.612,-20405,20353,7.57,282.8,-108.171,822.853,1,1,1
73834865,72535,3,35.00,-35.00,36.95,-34.77,0.576,-0.610,-20377,20328,7.58,278.5,-109.329,821.761,1,1,1
73844865,72545,3,35.00,-35.00,36.85,-34.89,0.576,-0.611,-20352,20304,7.57,273.2,-108.110,820.680,1,1,1
73854867,72555,3,35.00,-35.00,34.59,-34.97,0.583,-0.609,-20332,20280,7.58,279.0,-104.024,819.641,1,1,1
73864873,72565,3,35.00,-35.00,33.44,-34.59,0.588,-0.610,-20311,20257,7.58,275.5,-100.610,818.636,1,1,1
73874880,72575,3,35.00,-35.00,33.52,-34.76,0.588,-0.610,-20288,20233,7.57,283.2,-94.329,817.693,1,1,1
73884886,72585,3,35.00,-35.00,34.45,-33.56,0.585,-0.614,-20263,20212,7.57,277.5,-92.561,816.768,1,1,1
73894898,72595,3,35.00,-35.00,34.66,-34.48,0.584,-0.611,-20239,20187,7.58,282.5,-96.890,815.800,1,1,1
73904910,72605,3,35.00,-35.00,35.25,-34.24,0.582,-0.613,-20214,20164,7.58,276.5,-101.098,814.790,1,1,1
73914910,72615,3,35.00,-35.00,36.98,-34.96,0.576,-0.611,-20186,20139,7.58,282.0,-102.866,813.762,1,1,1
73924913,72625,3,35.00,-35.00,35.55,-35.46,0.580,-0.609,-20164,20114,7.58,269.2,-101.402,812.749,1,1,1
73934925,72635,3,35.00,-35.00,34.12,-36.24,0.586,-0.605,-20143,20088,7.58,275.8,-98.598,811.764,1,1,1
73944936,72645,3,35.00,-35.00,33.11,-36.36,0.590,-0.604,-20122,20063,7.58,276.8,-95.793,810.807,1,1,1
73954948,72655,3,35.00,-35.00,33.28,-36.00,0.590,-0.605,-20099,20039,7.57,276.5,-95.488,809.853,1,1,1
73964958,72665,3,35.00,-35.00,34.29,-35.74,0.587,-0.605,-20074,20015,7.58,280.5,-95.000,808.904,1,1,1
73974971,72675,3,35.00,-35.00,34.11,-35.57,0.588,-0.606,-20051,19991,7.57,276.0,-96.768,807.937,1,1,1
73984986,72685,3,35.00,-35.00,34.42,-35.44,0.587,-0.606,-20027,19967,7.58,282.0,-99.451,806.943,1,1,1
73994994,72695,3,35.00,-35.00,34.64,-35.80,0.587,-0.605,-20003,19942,7.57,276.0,-102.805,805.916,1,1,1
74005001,72706,3,35.00,-35.00,35.68,-36.04,0.583,-0.604,-19977,19917,7.58,280.5,-104.146,804.875,1,1,1
74015004,72716,3,35.00,-35.00,35.52,-36.22,0.584,-0.603,-19953,19892,7.58,272.0,-103.659,803.839,1,1,1
74025004,72726,3,35.00,-35.00,34.09,-37.22,0.588,-0.598,-19932,19865,7.59,276.0,-102.012,802.820,1,1,1
74035004,72736,3,35.00,-35.00,33.09,-37.48,0.593,-0.596,-19911,19839,7.58,270.2,-99.512,801.826,1,1,1
74045016,72746,3,35.00,-35.00,32.83,-36.78,0.595,-0.597,-19889,19815,7.58,269.8,-97.134,800.855,1,1,1
74055019,72756,3,35.00,-35.00,33.97,-36.29,0.592,-0.599,-19864,19791,7.58,275.5,-91.829,799.938,1,1,1
74065019,72766,3,35.00,-35.00,33.89,-35.95,0.592,-0.600,-19841,19767,7.57,270.2,-90.244,799.036,1,1,1
74075031,72776,3,35.00,-35.00,34.27,-36.15,0.592,-0.598,-19817,19742,7.58,281.0,-93.963,798.097,1,1,1
74085042,72786,3,35.00,-35.00,34.53,-36.29,0.591,-0.597,-19793,19717,7.58,274.0,-100.549,797.093,1,1,1
74095046,72796,3,35.00,-35.00,36.48,-36.39,0.584,-0.597,-19765,19692,7.58,275.5,-105.366,796.040,1,1,1
74105053,72806,3,35.00,-35.00,36.52,-36.90,0.584,-0.595,-19740,19666,7.58,268.8,-103.963,795.001,1,1,1
74115062,72816,3,35.00,-35.00,35.23,-37.26,0.588,-0.593,-19718,19640,7.58,271.8,-101.220,793.989,1,1,1
74125076,72826,3,35.00,-35.00,33.89,-37.50,0.593,-0.591,-19697,19614,7.58,272.2,-96.829,793.022,1,1,1
74135085,72836,3,35.00,-35.00,33.39,-37.24,0.596,-0.590,-19675,19589,7.58,269.0,-90.671,792.116,1,1,1
74145085,72846,3,35.00,-35.00,33.92,-36.61,0.594,-0.592,-19651,19565,7.58,277.0,-84.573,791.271,1,1,1
74155095,72856,3,35.00,-35.00,34.29,-36.62,0.594,-0.591,-19627,19540,7.58,268.0,-84.695,790.425,1,1,1
74165100,72866,3,35.00,-35.00,34.55,-37.06,0.593,-0.589,-19603,19514,7.58,275.0,-90.793,789.518,1,1,1
74175100,72876,3,35.00,-35.00,34.29,-36.93,0.595,-0.589,-19580,19489,7.58,270.8,-97.256,788.546,1,1,1
74185110,72886,3,35.00,-35.00,34.99,-36.40,0.592,-0.590,-19555,19465,7.58,277.5,-101.524,787.532,1,1,1
74195117,72896,3,35.00,-35.00,35.92,-36.90,0.589,-0.588,-19529,19439,7.58,268.2,-103.232,786.500,1,1,1
74205119,72906,3,35.00,-35.00,38.33,-37.26,0.580,-0.587,-19499,19413,7.58,270.0,-102.561,785.476,1,1,1
74215132,72916,3,35.00,-35.00,37.82,-36.63,0.581,-0.589,-19474,19389,7.58,262.5,-99.146,784.485,1,1,1
74225132,72926,3,35.00,-35.00,35.70,-36.63,0.588,-0.588,-19453,19364,7.58,266.0,-92.683,783.559,1,1,1
74235143,72936,3,35.00,-35.00,34.66,-36.18,0.591,-0.588,-19431,19340,7.58,269.5,-85.610,782.704,1,1,1
74245156,72946,3,35.00,-35.00,34.81,-36.76,0.591,-0.586,-19407,19314,7.58,269.8,-81.220,781.892,1,1,1
74255162,72956,3,35.00,-35.00,34.91,-37.15,0.591,-0.585,-19383,19288,7.58,274.2,-82.012,781.073,1,1,1
74265171,72966,3,35.00,-35.00,35.42,-36.99,0.590,-0.585,-19358,19263,7.58,266.8,-88.841,780.185,1,1,1
74275185,72976,3,35.00,-35.00,36.22,-36.44,0.586,-0.587,-19332,19239,7.58,276.0,-94.512,779.241,1,1,1
74285192,72986,3,35.00,-35.00,36.34,-36.50,0.586,-0.587,-19307,19214,7.58,267.5,-96.585,778.276,1,1,1
74295195,72996,3,35.00,-35.00,36.43,-37.85,0.585,-0.582,-19282,19186,7.59,273.5,-97.561,777.301,1,1,1
74305195,73006,3,35.00,-35.00,36.05,-37.92,0.587,-0.582,-19258,19160,7.58,263.0,-97.561,776.326,1,1,1
74315203,73016,3,35.00,-35.00,35.34,-37.09,0.589,-0.584,-19235,19136,7.59,268.0,-93.171,775.395,1,1,1
74325203,73026,3,35.00,-35.00,35.72,-34.75,0.587,-0.592,-19210,19116,7.58,271.8,-86.098,774.535,1,1,1
74335207,73036,3,35.00,-35.00,35.99,-34.87,0.586,-0.592,-19185,19092,7.58,269.5,-84.146,773.695,1,1,1
74345214,73046,3,35.00,-35.00,35.74,-35.40,0.587,-0.590,-19161,19067,7.58,275.8,-84.817,772.847,1,1,1
74355216,73056,3,35.00,-35.00,36.01,-35.77,0.585,-0.589,-19136,19042,7.58,269.0,-90.000,771.948,1,1,1
74365226,73066,3,35.00,-35.00,35.75,-36.02,0.586,-0.588,-19112,19017,7.58,273.8,-95.854,770.990,1,1,1
74375237,73076,3,35.00,-35.00,36.01,-36.20,0.585,-0.587,-19087,18992,7.58,270.5,-98.963,770.001,1,1,1
74385240,73086,3,35.00,-35.00,37.51,-36.33,0.579,-0.587,-19059,18967,7.58,270.8,-98.720,769.015,1,1,1
74395247,73096,3,35.00,-35.00,35.93,-36.86,0.584,-0.585,-19037,18941,7.59,265.5,-96.585,768.050,1,1,1
74405247,73106,3,35.00,-35.00,35.26,-37.22,0.587,-0.584,-19014,18915,7.58,267.2,-92.744,767.123,1,1,1
74415249,73116,3,35.00,-35.00,35.23,-35.29,0.586,-0.590,-18990,18894,7.59,273.5,-86.098,766.263,1,1,1
74425249,73126,3,35.00,-35.00,35.21,-34.37,0.586,-0.593,-18966,18872,7.58,267.8,-79.268,765.471,1,1,1
74435256,73136,3,35.00,-35.00,35.63,-34.60,0.585,-0.593,-18941,18848,7.58,274.8,-77.012,764.702,1,1,1
74445262,73146,3,35.00,-35.00,35.49,-34.77,0.585,-0.592,-18917,18824,7.58,269.2,-81.524,763.888,1,1,1
74455262,73156,3,35.00,-35.00,35.83,-34.89,0.584,-0.592,-18892,18800,7.58,276.8,-94.268,762.946,1,1,1
74465276,73166,3,35.00,-35.00,36.07,-35.41,0.583,-0.591,-18867,18775,7.58,268.0,-97.683,761.970,1,1,1
74475286,73176,3,35.00,-35.00,36.67,-35.33,0.580,-0.591,-18841,18751,7.58,274.8,-97.744,760.993,1,1,1
74485298,73186,3,35.00,-35.00,38.41,-35.72,0.574,-0.590,-18812,18726,7.59,269.2,-94.634,760.048,1,1,1
74495299,73196,3,35.00,-35.00,36.56,-35.55,0.580,-0.590,-18790,18702,7.59,266.5,-90.732,759.141,1,1,1
74505299,73206,3,35.00,-35.00,35.26,-35.43,0.584,-0.590,-18768,18678,7.59,270.5,-84.695,758.295,1,1,1
74515301,73216,3,35.00,-35.00,33.91,-34.91,0.589,-0.592,-18747,18655,7.58,268.5,-76.220,757.534,1,1,1
74525302,73226,3,35.00,-35.00,34.28,-34.10,0.588,-0.595,-18723,18633,7.58,277.2,-70.732,756.827,1,1,1
74535307,73236,3,35.00,-35.00,34.98,-33.98,0.586,-0.596,-18698,18610,7.58,271.5,-73.598,756.092,1,1,1
74545313,73246,3,35.00,-35.00,34.60,-34.33,0.587,-0.595,-18675,18586,7.58,276.5,-82.134,755.271,1,1,1
74555323,73256,3,35.00,-35.00,35.64,-34.58,0.584,-0.594,-18649,18562,7.58,272.5,-89.573,754.376,1,1,1
74565329,73266,3,35.00,-35.00,35.50,-34.31,0.584,-0.595,-18625,18539,7.58,274.8,-94.451,753.433,1,1,1
74575340,73276,3,35.00,-35.00,35.83,-34.57,0.582,-0.595,-18600,18515,7.58,267.5,-97.195,752.462,1,1,1
74585340,73286,3,35.00,-35.00,37.39,-34.74,0.577,-0.595,-18572,18491,7.58,275.2,-97.134,751.491,1,1,1
74595344,73296,3,35.00,-35.00,36.28,-34.87,0.580,-0.594,-18549,18467,7.58,269.8,-93.354,750.558,1,1,1
74605353,73306,3,35.00,-35.00,34.18,-35.39,0.587,-0.592,-18529,18442,7.58,269.8,-88.415,749.675,1,1,1
74615353,73316,3,35.00,-35.00,33.60,-34.00,0.589,-0.596,-18507,18421,7.58,276.5,-80.732,748.868,1,1,1
74625353,73326,3,35.00,-35.00,34.06,-33.47,0.588,-0.599,-18483,18399,7.58,272.2,-73.598,748.133,1,1,1
74635359,73336,3,35.00,-35.00,34.39,-32.66,0.587,-0.603,-18459,18378,7.58,277.0,-73.902,747.395,1,1,1
74645360,73346,3,35.00,-35.00,34.62,-33.41,0.586,-0.601,-18435,18354,7.58,279.8,-78.293,746.613,1,1,1
74655362,73356,3,35.00,-35.00,35.22,-33.05,0.584,-0.603,-18410,18332,7.58,276.8,-84.634,745.767,1,1,1
74665370,73366,3,35.00,-35.00,35.20,-33.24,0.584,-0.602,-18386,18309,7.59,279.0,-88.110,744.887,1,1,1
74675383,73376,3,35.00,-35.00,35.19,-32.94,0.583,-0.604,-18362,18287,7.59,276.5,-87.927,744.009,1,1,1
74685385,73386,3,35.00,-35.00,34.30,-33.60,0.587,-0.602,-18340,18263,7.58,278.8,-86.341,743.146,1,1,1
74695390,73396,3,35.00,-35.00,34.12,-34.07,0.588,-0.601,-18317,18239,7.58,274.0,-84.939,742.297,1,1,1
74705398,73406,3,35.00,-35.00,33.55,-33.96,0.590,-0.602,-18295,18216,7.58,278.8,-85.305,741.445,1,1,1
74715412,73416,3,35.00,-35.00,34.03,-33.44,0.589,-0.604,-18271,18194,7.58,276.5,-86.280,740.583,1,1,1
74725419,73426,3,35.00,-35.00,34.37,-32.63,0.587,-0.607,-18247,18173,7.58,284.2,-88.232,739.702,1,1,1
74735420,73436,3,35.00,-35.00,34.17,-32.95,0.588,-0.607,-18224,18150,7.58,278.8,-92.134,738.781,1,1,1
74745431,73446,3,35.00,-35.00,34.46,-32.73,0.587,-0.609,-18200,18128,7.58,282.0,-94.695,737.835,1,1,1
74755431,73456,3,35.00,-35.00,34.23,-32.58,0.588,-0.610,-18177,18106,7.57,276.2,-94.085,736.895,1,1,1
74765438,73466,3,35.00,-35.00,34.07,-32.48,0.588,-0.611,-18154,18084,7.58,283.5,-91.341,735.982,1,1,1
74775451,73476,3,35.00,-35.00,33.96,-32.84,0.589,-0.610,-18131,18061,7.58,283.5,-88.354,735.100,1,1,1
74785459,73486,3,35.00,-35.00,34.32,-33.10,0.588,-0.611,-18107,18038,7.57,280.2,-93.415,734.166,1,1,1
74795465,73496,3,35.00,-35.00,34.13,-33.71,0.589,-0.608,-18084,18014,7.58,284.5,-92.805,733.239,1,1,1
74805466,73506,3,35.00,-35.00,33.56,-34.15,0.591,-0.607,-18062,17990,7.58,276.0,-90.183,732.338,1,1,1
74815468,73516,3,35.00,-35.00,33.60,-34.01,0.591,-0.608,-18039,17967,7.58,284.0,-85.793,731.481,1,1,1
74825481,73526,3,35.00,-35.00,33.63,-33.04,0.591,-0.612,-18016,17946,7.58,277.2,-83.963,730.642,1,1,1
74835481,73536,3,35.00,-35.00,34.09,-33.23,0.590,-0.611,-17992,17923,7.58,286.2,-85.976,729.783,1,1,1
74845485,73546,3,35.00,-35.00,34.41,-33.37,0.590,-0.613,-17968,17900,7.57,280.8,-91.768,728.866,1,1,1
74855495,73556,3,35.00,-35.00,34.63,-33.47,0.589,-0.612,-17944,17877,7.57,283.0,-96.463,727.902,1,1,1
74865495,73566,3,35.00,-35.00,35.23,-33.53,0.586,-0.613,-17919,17854,7.57,281.8,-98.537,726.918,1,1,1
74875498,73576,3,35.00,-35.00,36.53,-34.02,0.582,-0.612,-17892,17830,7.58,280.2,-98.598,725.933,1,1,1
74885498,73586,3,35.00,-35.00,36.11,-34.36,0.582,-0.611,-17868,17806,7.58,278.0,-98.049,724.953,1,1,1
74895511,73596,3,35.00,-35.00,34.07,-35.04,0.589,-0.608,-17848,17781,7.58,276.0,-96.341,723.990,1,1,1
74905513,73606,3,35.00,-35.00,33.08,-35.07,0.593,-0.607,-17827,17757,7.58,279.5,-92.317,723.068,1,1,1
74915513,73616,3,35.00,-35.00,33.70,-35.10,0.592,-0.607,-17803,17733,7.58,279.2,-88.110,722.188,1,1,1
74925513,73626,3,35.00,-35.00,34.14,-34.68,0.591,-0.609,-17779,17710,7.58,280.5,-89.817,721.290,1,1,1
74935522,73636,3,35.00,-35.00,34.44,-35.26,0.590,-0.607,-17755,17685,7.57,282.8,-96.646,720.325,1,1,1
74945526,73646,3,35.00,-35.00,34.66,-35.23,0.589,-0.607,-17731,17661,7.58,277.0,-102.500,719.301,1,1,1
74955533,73656,3,35.00,-35.00,35.25,-35.65,0.588,-0.605,-17706,17636,7.58,280.2,-105.915,718.242,1,1,1
74965537,73666,3,35.00,-35.00,36.10,-35.94,0.585,-0.605,-17680,17611,7.58,272.8,-107.134,717.172,1,1,1
74975544,73676,3,35.00,-35.00,35.82,-36.14,0.585,-0.603,-17656,17586,7.58,278.0,-105.061,716.122,1,1,1
74985550,73686,3,35.00,-35.00,34.74,-36.29,0.589,-0.602,-17634,17561,7.58,273.0,-100.915,715.114,1,1,1
74995559,73696,3,35.00,-35.00,34.42,-36.39,0.591,-0.601,-17611,17536,7.58,277.8,-93.476,714.180,1,1,1
75005572,73706,3,35.00,-35.00,34.20,-36.02,0.591,-0.602,-17588,17512,7.58,273.0,-88.841,713.292,1,1,1
75015579,73716,3,35.00,-35.00,34.93,-36.20,0.589,-0.601,-17563,17487,7.58,279.5,-91.341,712.379,1,1,1
75025583,73726,3,35.00,-35.00,35.00,-36.33,0.589,-0.600,-17539,17462,7.58,274.5,-98.780,711.392,1,1,1
75035590,73736,3,35.00,-35.00,35.05,-36.41,0.589,-0.599,-17515,17437,7.58,275.5,-106.463,710.328,1,1,1
75045598,73746,3,35.00,-35.00,35.52,-36.04,0.588,-0.600,-17490,17413,7.58,278.8,-110.366,709.226,1,1,1
75055606,73756,3,35.00,-35.00,36.29,-35.77,0.584,-0.601,-17464,17389,7.58,272.5,-109.756,708.129,1,1,1
75065618,73766,3,35.00,-35.00,35.07,-36.03,0.589,-0.600,-17442,17364,7.58,274.8,-108.476,707.045,1,1,1
75075622,73776,3,35.00,-35.00,35.54,-37.08,0.587,-0.596,-17417,17337,7.58,271.8,-106.463,705.981,1,1,1
75085629,73786,3,35.00,-35.00,34.54,-37.82,0.591,-0.592,-17395,17310,7.58,275.8,-100.976,704.972,1,1,1
75095637,73796,3,35.00,-35.00,34.29,-37.02,0.592,-0.594,-17372,17286,7.58,269.8,-93.354,704.039,1,1,1
75105637,73806,3,35.00,-35.00,35.43,-35.58,0.588,-0.598,-17346,17264,7.58,276.5,-90.305,703.137,1,1,1
75115645,73816,3,35.00,-35.00,35.35,-35.46,0.588,-0.599,-17322,17240,7.58,272.2,-91.646,702.222,1,1,1
75125655,73826,3,35.00,-35.00,35.29,-36.25,0.589,-0.596,-17298,17214,7.58,275.2,-94.451,701.278,1,1,1
75135655,73836,3,35.00,-35.00,35.25,-36.36,0.589,-0.595,-17274,17189,7.58,272.2,-98.841,700.290,1,1,1
75145660,73846,3,35.00,-35.00,35.66,-36.00,0.587,-0.596,-17249,17165,7.58,271.8,-102.073,699.270,1,1,1
75155660,73856,3,35.00,-35.00,35.95,-36.18,0.586,-0.595,-17224,17140,7.58,274.8,-103.232,698.239,1,1,1
75165663,73866,3,35.00,-35.00,36.59,-35.88,0.584,-0.596,-17198,17116,7.58,267.5,-104.573,697.194,1,1,1
75175670,73876,3,35.00,-35.00,35.72,-36.54,0.586,-0.593,-17175,17090,7.59,274.5,-106.402,696.131,1,1,1
75185676,73886,3,35.00,-35.00,35.11,-36.56,0.588,-0.592,-17152,17065,7.58,269.2,-105.366,695.078,1,1,1
75195678,73896,3,35.00,-35.00,35.13,-35.70,0.588,-0.595,-17128,17042,7.58,271.2,-99.146,694.087,1,1,1
75205683,73906,3,35.00,-35.00,35.13,-35.10,0.588,-0.597,-17104,17019,7.58,274.8,-94.146,693.146,1,1,1
75215685,73916,3,35.00,-35.00,35.14,-35.56,0.588,-0.595,-17080,16994,7.58,273.2,-96.280,692.185,1,1,1
75225685,73926,3,35.00,-35.00,35.59,-35.44,0.587,-0.596,-17055,16970,7.58,277.2,-103.171,691.154,1,1,1
75235685,73936,3,35.00,-35.00,36.34,-35.35,0.584,-0.596,-17029,16946,7.58,270.8,-106.402,690.090,1,1,1
75245694,73946,3,35.00,-35.00,36.42,-35.29,0.583,-0.596,-17004,16922,7.58,274.2,-105.488,689.036,1,1,1
75255698,73956,3,35.00,-35.00,36.48,-35.25,0.582,-0.596,-16979,16898,7.59,268.2,-104.573,687.991,1,1,1
75265712,73966,3,35.00,-35.00,35.20,-35.22,0.586,-0.596,-16957,16874,7.58,271.8,-103.476,686.957,1,1,1
75275713,73976,3,35.00,-35.00,34.75,-36.08,0.588,-0.593,-16934,16848,7.58,269.0,-100.427,685.954,1,1,1
75285713,73986,3,35.00,-35.00,34.87,-34.49,0.587,-0.598,-16910,16827,7.58,274.5,-98.902,684.966,1,1,1
75295724,73996,3,35.00,-35.00,35.40,-34.25,0.585,-0.600,-16885,16804,7.58,275.2,-100.732,683.959,1,1,1
75305724,74006,3,35.00,-35.00,35.76,-33.64,0.584,-0.602,-16860,16782,7.58,271.8,-100.793,682.952,1,1,1
75315728,74016,3,35.00,-35.00,36.46,-34.10,0.581,-0.601,-16834,16758,7.58,278.2,-103.171,681.921,1,1,1
75325735,74026,3,35.00,-35.00,37.39,-34.41,0.577,-0.601,-16807,16734,7.58,270.5,-106.402,680.858,1,1,1
75335736,74036,3,35.00,-35.00,37.16,-34.20,0.577,-0.602,-16782,16711,7.58,273.0,-107.073,679.788,1,1,1
75345746,74046,3,35.00,-35.00,37.44,-34.48,0.575,-0.602,-16756,16687,7.58,269.0,-107.927,678.710,1,1,1
75355759,74056,3,35.00,-35.00,35.87,-34.69,0.580,-0.601,-16734,16663,7.59,271.5,-107.866,677.632,1,1,1
75365769,74066,3,35.00,-35.00,33.46,-34.83,0.588,-0.600,-16715,16639,7.58,267.0,-104.878,676.584,1,1,1
75375780,74076,3,35.00,-35.00,33.53,-34.05,0.588,-0.603,-16692,16617,7.58,276.8,-100.732,675.577,1,1,1
75385788,74086,3,35.00,-35.00,34.02,-33.94,0.587,-0.603,-16668,16594,7.58,272.8,-95.671,674.621,1,1,1
75395789,74096,3,35.00,-35.00,34.80,-32.99,0.585,-0.608,-16643,16573,7.57,278.0,-92.866,673.694,1,1,1
75405800,74106,3,35.00,-35.00,34.91,-33.20,0.584,-0.607,-16619,16550,7.58,278.5,-96.341,672.731,1,1,1
75415800,74116,3,35.00,-35.00,34.54,-34.23,0.586,-0.604,-16596,16525,7.58,279.0,-101.646,671.715,1,1,1
75425806,74126,3,35.00,-35.00,34.73,-33.63,0.585,-0.607,-16572,16503,7.58,281.2,-101.951,670.697,1,1,1
75435806,74136,3,35.00,-35.00,34.42,-34.52,0.586,-0.604,-16549,16478,7.58,277.5,-101.646,669.681,1,1,1
75445819,74146,3,35.00,-35.00,34.20,-34.71,0.587,-0.603,-16526,16454,7.58,279.8,-101.646,668.665,1,1,1
75455830,74156,3,35.00,-35.00,33.61,-34.41,0.589,-0.604,-16504,16431,7.58,276.2,-101.951,667.647,1,1,1
75465834,74166,3,35.00,-35.00,33.19,-33.75,0.591,-0.607,-16482,16409,7.58,281.5,-102.683,666.621,1,1,1
75475837,74176,3,35.00,-35.00,33.34,-33.30,0.591,-0.608,-16459,16387,7.58,283.2,-103.476,665.587,1,1,1
75485850,74186,3,35.00,-35.00,33.45,-33.41,0.591,-0.609,-16436,16364,7.57,280.2,-100.427,664.583,1,1,1
75495858,74196,3,35.00,-35.00,33.96,-33.50,0.589,-0.609,-16412,16341,7.58,283.8,-98.110,663.603,1,1,1
75505867,74206,3,35.00,-35.00,34.32,-33.56,0.589,-0.609,-16388,16318,7.57,276.0,-99.756,662.606,1,1,1
75515880,74216,3,35.00,-35.00,34.13,-34.04,0.589,-0.607,-16365,16294,7.58,286.2,-103.537,661.572,1,1,1
75525891,74226,3,35.00,-35.00,34.88,-33.93,0.587,-0.609,-16340,16271,7.57,277.5,-106.098,660.512,1,1,1
75535895,74236,3,35.00,-35.00,35.40,-34.30,0.585,-0.608,-16315,16247,7.58,284.8,-106.951,659.443,1,1,1
75545895,74246,3,35.00,-35.00,37.09,-34.56,0.579,-0.608,-16287,16223,7.58,271.8,-107.988,658.364,1,1,1
75555903,74256,3,35.00,-35.00,36.95,-34.74,0.578,-0.607,-16262,16199,7.58,276.0,-108.171,657.283,1,1,1
75565910,74266,3,35.00,-35.00,35.09,-34.42,0.584,-0.608,-16241,16176,7.58,269.5,-105.183,656.232,1,1,1
75575918,74276,3,35.00,-35.00,33.35,-35.08,0.591,-0.606,-16221,16151,7.58,278.0,-101.707,655.216,1,1,1
75585921,74286,3,35.00,-35.00,33.45,-34.23,0.591,-0.608,-16198,16129,7.58,282.0,-94.878,654.268,1,1,1
75595926,74296,3,35.00,-35.00,34.40,-33.63,0.588,-0.611,-16173,16107,7.58,278.5,-91.707,653.351,1,1,1
75605936,74306,3,35.00,-35.00,34.63,-34.52,0.587,-0.608,-16149,16082,7.58,283.2,-95.915,652.393,1,1,1
75615948,74316,3,35.00,-35.00,35.67,-33.84,0.583,-0.611,-16123,16060,7.58,275.0,-101.646,651.377,1,1,1
75625948,74326,3,35.00,-35.00,36.83,-35.11,0.579,-0.607,-16096,16034,7.58,281.5,-105.305,650.325,1,1,1
75635958,74336,3,35.00,-35.00,36.77,-35.56,0.579,-0.606,-16071,16009,7.58,272.0,-105.122,649.275,1,1,1
75645958,74346,3,35.00,-35.00,34.97,-36.32,0.585,-0.602,-16050,15983,7.58,275.8,-103.415,648.241,1,1,1
75655964,74356,3,35.00,-35.00,33.27,-35.97,0.591,-0.603,-16030,15959,7.58,270.5,-100.427,647.238,1,1,1
75665971,74366,3,35.00,-35.00,33.39,-36.17,0.592,-0.602,-16007,15934,7.58,276.5,-97.317,646.266,1,1,1
75675971,74376,3,35.00,-35.00,33.92,-35.86,0.590,-0.602,-15983,15910,7.58,273.5,-91.280,645.354,1,1,1
75685971,74386,3,35.00,-35.00,34.29,-35.21,0.589,-0.604,-15959,15887,7.58,275.5,-91.220,644.442,1,1,1
75695981,74396,3,35.00,-35.00,34.55,-35.63,0.588,-0.602,-15935,15862,7.58,281.2,-95.732,643.486,1,1,1
75705986,74406,3,35.00,-35.00,34.73,-35.49,0.588,-0.603,-15911,15838,7.57,272.8,-102.012,642.466,1,1,1
75715994,74416,3,35.00,-35.00,36.18,-36.27,0.583,-0.600,-15884,15812,7.58,278.0,-105.427,641.413,1,1,1
75726001,74427,3,35.00,-35.00,36.31,-36.37,0.582,-0.600,-15859,15787,7.58,267.2,-105.488,640.359,1,1,1
75736012,74437,3,35.00,-35.00,35.09,-37.33,0.587,-0.595,-15837,15760,7.59,273.2,-103.110,639.329,1,1,1
75746019,74447,3,35.00,-35.00,33.35,-37.12,0.594,-0.595,-15817,15735,7.58,266.8,-99.024,638.339,1,1,1
75756019,74457,3,35.00,-35.00,33.01,-36.53,0.595,-0.596,-15795,15711,7.58,277.5,-95.366,637.386,1,1,1
75766019,74467,3,35.00,-35.00,33.66,-35.68,0.593,-0.598,-15771,15688,7.58,277.0,-87.988,636.507,1,1,1
75776032,74477,3,35.00,-35.00,33.67,-35.96,0.594,-0.597,-15748,15663,7.58,273.2,-87.012,635.638,1,1,1
75786042,74487,3,35.00,-35.00,34.11,-36.16,0.593,-0.596,-15724,15638,7.58,279.2,-93.659,634.702,1,1,1
75796049,74497,3,35.00,-35.00,34.87,-35.42,0.591,-0.599,-15699,15615,7.58,272.2,-101.768,633.685,1,1,1
75806061,74507,3,35.00,-35.00,36.71,-36.22,0.584,-0.596,-15671,15589,7.58,277.8,-106.768,632.618,1,1,1
75816070,74517,3,35.00,-35.00,37.56,-36.34,0.581,-0.596,-15644,15564,7.58,268.0,-105.549,631.564,1,1,1
75826072,74527,3,35.00,-35.00,36.40,-36.86,0.584,-0.593,-15621,15538,7.59,269.0,-103.171,630.533,1,1,1
75836084,74537,3,35.00,-35.00,34.27,-37.23,0.592,-0.591,-15601,15512,7.58,271.5,-100.488,629.529,1,1,1
75846085,74547,3,35.00,-35.00,33.22,-37.05,0.596,-0.590,-15580,15487,7.58,271.0,-94.390,628.586,1,1,1
75856085,74557,3,35.00,-35.00,33.36,-36.04,0.596,-0.593,-15557,15464,7.58,277.0,-86.585,627.721,1,1,1
75866095,74567,3,35.00,-35.00,34.34,-36.21,0.593,-0.592,-15532,15439,7.58,271.8,-81.524,626.906,1,1,1
75876100,74577,3,35.00,-35.00,34.14,-36.34,0.594,-0.591,-15509,15414,7.58,276.8,-85.000,626.057,1,1,1
75886110,74587,3,35.00,-35.00,34.45,-36.42,0.593,-0.590,-15485,15389,7.58,272.0,-92.805,625.130,1,1,1
75896113,74597,3,35.00,-35.00,35.10,-36.92,0.592,-0.588,-15460,15363,7.58,277.0,-98.049,624.150,1,1,1
75906124,74607,3,35.00,-35.00,36.00,-36.83,0.589,-0.588,-15434,15338,7.58,270.2,-101.463,623.136,1,1,1
75916134,74617,3,35.00,-35.00,38.38,-36.77,0.580,-0.589,-15404,15313,7.58,273.8,-102.317,622.114,1,1,1
75926143,74627,3,35.00,-35.00,38.29,-35.85,0.579,-0.591,-15378,15290,7.59,263.8,-100.122,621.114,1,1,1
75936147,74637,3,35.00,-35.00,36.47,-36.08,0.584,-0.590,-15356,15265,7.59,267.0,-95.305,620.161,1,1,1
75946156,74647,3,35.00,-35.00,34.32,-36.24,0.592,-0.589,-15336,15240,7.58,266.2,-89.329,619.269,1,1,1
75956165,74657,3,35.00,-35.00,34.57,-36.79,0.591,-0.586,-15312,15214,7.58,270.5,-86.098,618.409,1,1,1
75966171,74667,3,35.00,-35.00,35.19,-36.74,0.589,-0.586,-15287,15189,7.58,274.5,-84.085,617.569,1,1,1
75976171,74677,3,35.00,-35.00,35.62,-36.71,0.588,-0.585,-15262,15164,7.58,267.5,-87.805,616.691,1,1,1
75986178,74687,3,35.00,-35.00,36.36,-36.68,0.585,-0.585,-15236,15139,7.59,274.0,-94.390,615.748,1,1,1
75996188,74697,3,35.00,-35.00,36.44,-36.66,0.585,-0.585,-15211,15114,7.59,264.2,-100.488,614.744,1,1,1
76006193,74707,3,35.00,-35.00,36.49,-37.53,0.585,-0.583,-15186,15087,7.58,268.5,-99.085,613.754,1,1,1
76016193,74717,3,35.00,-35.00,36.09,-36.82,0.585,-0.585,-15162,15063,7.59,264.5,-92.256,612.832,1,1,1
76026200,74727,3,35.00,-35.00,35.81,-35.88,0.586,-0.588,-15138,15040,7.59,270.2,-83.415,611.999,1,1,1
76036201,74737,3,35.00,-35.00,35.61,-34.78,0.586,-0.592,-15114,15018,7.58,265.8,-80.915,611.191,1,1,1
76046210,74747,3,35.00,-35.00,36.36,-35.33,0.584,-0.590,-15088,14993,7.58,272.5,-85.122,610.340,1,1,1
76056210,74757,3,35.00,-35.00,36.00,-35.72,0.584,-0.589,-15064,14968,7.58,274.0,-92.988,609.411,1,1,1
76066210,74767,3,35.00,-35.00,36.18,-35.99,0.583,-0.588,-15039,14943,7.58,269.0,-100.122,608.411,1,1,1
76076211,74777,3,35.00,-35.00,36.31,-36.62,0.583,-0.586,-15014,14917,7.58,272.2,-104.146,607.370,1,1,1
76086216,74787,3,35.00,-35.00,36.41,-36.62,0.582,-0.586,-14989,14892,7.59,267.0,-104.695,606.324,1,1,1
76096216,74797,3,35.00,-35.00,37.35,-36.62,0.579,-0.586,-14962,14867,7.58,266.8,-101.341,605.311,1,1,1
76106216,74807,3,35.00,-35.00,37.57,-36.62,0.578,-0.586,-14936,14842,7.59,268.2,-95.427,604.358,1,1,1
76116222,74817,3,35.00,-35.00,36.41,-36.62,0.582,-0.586,-14913,14817,7.59,265.0,-88.780,603.471,1,1,1
76126223,74827,3,35.00,-35.00,35.15,-35.74,0.586,-0.588,-14891,14794,7.59,270.0,-80.854,602.663,1,1,1
76136225,74837,3,35.00,-35.00,35.15,-34.25,0.585,-0.593,-14867,14773,7.58,268.5,-72.927,601.935,1,1,1
76146238,74847,3,35.00,-35.00,35.59,-34.96,0.584,-0.592,-14842,14748,7.58,276.0,-74.573,601.190,1,1,1
76156253,74857,3,35.00,-35.00,35.90,-35.46,0.583,-0.590,-14817,14723,7.58,268.0,-83.415,600.357,1,1,1
76166253,74867,3,35.00,-35.00,36.12,-35.37,0.582,-0.590,-14792,14699,7.58,273.2,-91.037,599.447,1,1,1
76176256,74877,3,35.00,-35.00,36.27,-35.30,0.582,-0.590,-14767,14675,7.58,267.5,-96.037,598.487,1,1,1
76186256,74887,3,35.00,-35.00,36.81,-35.26,0.580,-0.591,-14741,14651,7.59,274.2,-98.110,597.507,1,1,1
76196256,74897,3,35.00,-35.00,38.95,-35.23,0.572,-0.592,-14711,14627,7.59,268.2,-97.134,596.537,1,1,1
76206260,74907,3,35.00,-35.00,38.69,-35.65,0.573,-0.591,-14685,14602,7.58,268.0,-94.146,595.596,1,1,1
76216262,74917,3,35.00,-35.00,36.75,-35.94,0.579,-0.589,-14663,14577,7.59,267.8,-90.366,594.693,1,1,1
76226268,74927,3,35.00,-35.00,34.08,-35.26,0.588,-0.591,-14644,14554,7.59,267.2,-84.268,593.851,1,1,1
76236271,74937,3,35.00,-35.00,33.96,-34.35,0.589,-0.594,-14621,14532,7.59,275.2,-75.549,593.097,1,1,1
76246277,74947,3,35.00,-35.00,34.76,-34.15,0.586,-0.595,-14596,14509,7.58,271.8,-71.341,592.384,1,1,1
76256283,74957,3,35.00,-35.00,35.32,-34.46,0.585,-0.596,-14571,14485,7.57,276.5,-76.951,591.615,1,1,1
76266292,74967,3,35.00,-35.00,35.71,-34.23,0.583,-0.596,-14546,14462,7.58,270.8,-86.341,590.753,1,1,1
76276306,74977,3,35.00,-35.00,36.42,-34.51,0.580,-0.595,-14520,14438,7.59,277.2,-93.415,589.819,1,1,1
76286313,74987,3,35.00,-35.00,36.92,-34.70,0.578,-0.595,-14494,14414,7.58,267.8,-96.707,588.853,1,1,1
76296325,74997,3,35.00,-35.00,39.03,-34.84,0.571,-0.595,-14464,14390,7.58,274.8,-94.756,587.906,1,1,1
76306338,75007,3,35.00,-35.00,36.99,-34.93,0.577,-0.595,-14442,14366,7.59,264.2,-90.366,587.003,1,1,1
76316344,75017,3,35.00,-35.00,34.24,-35.00,0.586,-0.594,-14423,14342,7.58,268.5,-87.012,586.134,1,1,1
76326353,75027,3,35.00,-35.00,33.64,-34.17,0.588,-0.597,-14401,14320,7.59,274.2,-80.488,585.330,1,1,1
76336360,75037,3,35.00,-35.00,34.09,-33.15,0.587,-0.601,-14377,14299,7.58,272.8,-74.329,584.588,1,1,1
76346368,75047,3,35.00,-35.00,34.85,-33.31,0.586,-0.602,-14352,14276,7.57,277.0,-76.890,583.820,1,1,1
76356375,75057,3,35.00,-35.00,34.94,-31.23,0.583,-0.609,-14328,14258,7.58,274.0,-83.171,582.989,1,1,1
76366389,75067,3,35.00,-35.00,35.45,-34.16,0.582,-0.600,-14303,14230,7.58,279.8,-89.390,582.096,1,1,1
76376390,75077,3,35.00,-35.00,36.24,-33.58,0.579,-0.603,-14277,14208,7.58,269.2,-94.207,581.154,1,1,1
76386393,75087,3,35.00,-35.00,35.91,-33.62,0.580,-0.603,-14253,14185,7.58,270.8,-95.610,580.199,1,1,1
76396405,75097,3,35.00,-35.00,34.81,-34.08,0.583,-0.602,-14231,14161,7.58,277.0,-91.585,579.284,1,1,1
76406405,75107,3,35.00,-35.00,34.47,-34.40,0.585,-0.601,-14208,14137,7.58,272.2,-88.049,578.404,1,1,1
76416408,75117,3,35.00,-35.00,34.24,-34.19,0.586,-0.602,-14185,14114,7.58,276.2,-83.476,577.570,1,1,1
76426416,75127,3,35.00,-35.00,34.51,-33.60,0.585,-0.604,-14161,14092,7.58,271.5,-81.524,576.756,1,1,1
76436422,75137,3,35.00,-35.00,34.71,-33.19,0.584,-0.606,-14137,14070,7.58,281.2,-83.902,575.918,1,1,1
76446423,75147,3,35.00,-35.00,34.84,-32.90,0.583,-0.608,-14113,14048,7.58,276.2,-88.293,575.036,1,1,1
76456427,75157,3,35.00,-35.00,35.38,-32.70,0.581,-0.609,-14088,14026,7.58,283.2,-93.354,574.103,1,1,1
76466435,75167,3,35.00,-35.00,35.75,-32.56,0.579,-0.611,-14063,14004,7.58,274.0,-95.915,573.145,1,1,1
76476435,75177,3,35.00,-35.00,35.57,-32.90,0.579,-0.611,-14039,13981,7.58,278.2,-97.195,572.173,1,1,1
76486435,75187,3,35.00,-35.00,35.45,-33.14,0.580,-0.611,-14015,13958,7.58,274.2,-98.537,571.189,1,1,1
76496438,75197,3,35.00,-35.00,35.36,-33.30,0.580,-0.611,-13991,13935,7.58,274.0,-96.951,570.220,1,1,1
76506438,75207,3,35.00,-35.00,33.98,-34.30,0.584,-0.607,-13970,13910,7.58,282.2,-93.415,569.287,1,1,1
76516446,75217,3,35.00,-35.00,33.89,-35.43,0.586,-0.603,-13947,13884,7.58,275.5,-88.537,568.402,1,1,1
76526446,75227,3,35.00,-35.00,34.27,-34.47,0.584,-0.607,-13923,13862,7.58,278.5,-84.207,567.561,1,1,1
76536459,75237,3,35.00,-35.00,34.54,-33.36,0.583,-0.611,-13899,13841,7.58,272.8,-85.610,566.706,1,1,1
76546459,75247,3,35.00,-35.00,35.16,-33.46,0.581,-0.611,-13874,13818,7.58,284.2,-87.805,565.828,1,1,1
76556468,75257,3,35.00,-35.00,35.16,-33.53,0.581,-0.612,-13850,13795,7.58,276.8,-90.488,564.924,1,1,1
76566474,75267,3,35.00,-35.00,36.04,-33.14,0.577,-0.613,-13824,13773,7.58,280.2,-93.659,563.989,1,1,1
76576474,75277,3,35.00,-35.00,36.65,-33.74,0.575,-0.613,-13798,13749,7.58,270.8,-95.427,563.035,1,1,1
76586474,75287,3,35.00,-35.00,36.20,-33.73,0.575,-0.613,-13774,13726,7.58,275.5,-95.427,562.082,1,1,1
76596476,75297,3,35.00,-35.00,34.57,-35.04,0.581,-0.608,-13753,13700,7.58,274.2,-92.622,561.156,1,1,1
76606480,75307,3,35.00,-35.00,33.87,-35.51,0.584,-0.606,-13731,13675,7.58,275.0,-91.037,560.247,1,1,1
76616483,75317,3,35.00,-35.00,34.69,-34.97,0.582,-0.608,-13706,13652,7.58,281.8,-91.585,559.332,1,1,1
76626483,75327,3,35.00,-35.00,34.83,-35.02,0.581,-0.608,-13682,13628,7.58,273.5,-94.268,558.390,1,1,1
76636489,75337,3,35.00,-35.00,34.93,-34.62,0.581,-0.609,-13658,13605,7.58,276.8,-96.768,557.423,1,1,1
76646496,75347,3,35.00,-35.00,35.44,-34.34,0.579,-0.611,-13633,13582,7.58,274.0,-98.963,556.434,1,1,1
76656496,75357,3,35.00,-35.00,35.35,-35.47,0.579,-0.607,-13609,13556,7.58,272.8,-104.207,555.393,1,1,1
76666510,75367,3,35.00,-35.00,36.17,-36.25,0.576,-0.604,-13583,13530,7.58,276.8,-108.659,554.307,1,1,1
76676520,75377,3,35.00,-35.00,35.87,-36.80,0.578,-0.602,-13559,13504,7.58,267.5,-109.573,553.212,1,1,1
76686520,75387,3,35.00,-35.00,35.21,-37.19,0.580,-0.599,-13536,13478,7.58,273.8,-106.098,552.152,1,1,1
76696526,75397,3,35.00,-35.00,34.76,-36.14,0.581,-0.602,-13513,13455,7.58,266.0,-97.805,551.175,1,1,1
76706526,75407,3,35.00,-35.00,35.32,-35.40,0.580,-0.605,-13488,13432,7.58,275.0,-91.707,550.259,1,1,1
76716526,75417,3,35.00,-35.00,35.27,-35.33,0.580,-0.605,-13464,13408,7.58,267.8,-88.598,549.373,1,1,1
76726529,75427,3,35.00,-35.00,35.23,-36.16,0.580,-0.602,-13440,13382,7.58,273.5,-93.415,548.440,1,1,1
76736529,75437,3,35.00,-35.00,35.21,-36.30,0.580,-0.601,-13416,13357,7.58,267.0,-100.366,547.437,1,1,1
76746542,75447,3,35.00,-35.00,35.63,-36.39,0.579,-0.600,-13391,13332,7.59,272.2,-103.476,546.403,1,1,1
76756553,75457,3,35.00,-35.00,36.37,-36.02,0.577,-0.602,-13365,13308,7.57,269.8,-104.817,545.356,1,1,1
76766565,75467,3,35.00,-35.00,35.13,-35.76,0.580,-0.602,-13343,13284,7.58,269.2,-105.976,544.297,1,1,1
76776571,75477,3,35.00,-35.00,35.58,-36.46,0.579,-0.599,-13318,13258,7.58,272.2,-106.159,543.236,1,1,1
76786580,75487,3,35.00,-35.00,35.01,-37.39,0.581,-0.595,-13295,13231,7.58,266.8,-102.378,542.213,1,1,1
76796587,75497,3,35.00,-35.00,34.61,-37.16,0.583,-0.595,-13272,13206,7.58,272.5,-97.866,541.235,1,1,1
76806595,75507,3,35.00,-35.00,35.22,-35.68,0.581,-0.600,-13247,13184,7.58,267.2,-94.268,540.293,1,1,1
76816598,75517,3,35.00,-35.00,35.20,-35.52,0.581,-0.600,-13223,13160,7.58,274.2,-94.268,539.352,1,1,1
76826613,75527,3,35.00,-35.00,35.63,-36.29,0.580,-0.597,-13198,13134,7.58,269.0,-96.890,538.383,1,1,1
76836622,75537,3,35.00,-35.00,35.92,-36.39,0.579,-0.597,-13173,13109,7.58,271.5,-100.183,537.382,1,1,1
76846631,75547,3,35.00,-35.00,35.69,-36.46,0.580,-0.597,-13149,13084,7.57,265.5,-101.829,536.365,1,1,1
76856637,75557,3,35.00,-35.00,35.53,-36.07,0.580,-0.597,-13125,13060,7.58,270.0,-102.744,535.338,1,1,1
76866637,75567,3,35.00,-35.00,35.86,-35.79,0.579,-0.598,-13100,13036,7.58,267.5,-103.720,534.302,1,1,1
76876645,75577,3,35.00,-35.00,35.65,-36.04,0.580,-0.596,-13076,13011,7.58,267.8,-105.061,533.252,1,1,1
76886645,75587,3,35.00,-35.00,35.06,-37.10,0.582,-0.592,-13053,12984,7.58,271.2,-104.512,532.208,1,1,1
76896645,75597,3,35.00,-35.00,34.65,-35.63,0.583,-0.597,-13030,12962,7.58,266.2,-102.012,531.189,1,1,1
76906659,75607,3,35.00,-35.00,35.24,-35.05,0.581,-0.599,-13005,12939,7.58,273.0,-98.537,530.204,1,1,1
76916668,75617,3,35.00,-35.00,35.66,-34.64,0.579,-0.600,-12980,12916,7.58,269.8,-96.159,529.243,1,1,1
76926670,75627,3,35.00,-35.00,35.51,-35.24,0.580,-0.599,-12956,12891,7.58,271.8,-99.329,528.251,1,1,1
76936670,75637,3,35.00,-35.00,36.28,-35.65,0.578,-0.597,-12930,12866,7.58,273.8,-103.049,527.221,1,1,1
76946670,75647,3,35.00,-35.00,36.38,-35.06,0.577,-0.599,-12905,12843,7.58,265.0,-104.207,526.180,1,1,1
76956683,75657,3,35.00,-35.00,36.45,-35.09,0.577,-0.599,-12880,12819,7.58,272.5,-104.390,525.137,1,1,1
76966691,75667,3,35.00,-35.00,35.19,-35.11,0.581,-0.599,-12858,12795,7.58,262.8,-104.146,524.096,1,1,1
76976698,75677,3,35.00,-35.00,34.30,-35.56,0.584,-0.597,-12836,12770,7.58,274.2,-101.585,523.081,1,1,1
76986713,75687,3,35.00,-35.00,34.56,-35.00,0.583,-0.599,-12812,12747,7.58,268.5,-99.756,522.084,1,1,1
76996713,75697,3,35.00,-35.00,35.61,-34.17,0.579,-0.602,-12786,12725,7.59,275.5,-101.646,521.069,1,1,1
77006713,75707,3,35.00,-35.00,35.48,-33.59,0.579,-0.604,-12762,12703,7.58,271.2,-102.683,520.043,1,1,1
77016728,75717,3,35.00,-35.00,35.82,-34.06,0.578,-0.604,-12737,12679,7.58,275.2,-102.683,519.017,1,1,1
77026736,75727,3,35.00,-35.00,37.38,-34.39,0.573,-0.603,-12709,12655,7.58,274.8,-104.329,517.974,1,1,1
77036746,75737,3,35.00,-35.00,38.03,-34.62,0.570,-0.603,-12682,12631,7.58,269.2,-106.585,516.909,1,1,1
77046746,75747,3,35.00,-35.00,38.05,-34.34,0.570,-0.604,-12656,12608,7.58,273.8,-107.622,515.834,1,1,1
77056746,75757,3,35.00,-35.00,36.74,-34.58,0.574,-0.604,-12633,12584,7.58,267.8,-107.683,514.758,1,1,1
77066751,75767,3,35.00,-35.00,33.63,-34.76,0.585,-0.602,-12615,12560,7.58,271.8,-104.817,513.710,1,1,1
77076761,75777,3,35.00,-35.00,33.21,-34.44,0.586,-0.603,-12593,12537,7.58,270.0,-100.976,512.701,1,1,1
77086773,75787,3,35.00,-35.00,33.35,-33.77,0.587,-0.606,-12570,12515,7.58,279.5,-97.256,511.730,1,1,1
77096784,75797,3,35.00,-35.00,35.21,-33.31,0.580,-0.608,-12543,12493,7.58,276.8,-93.415,510.796,1,1,1
77106789,75807,3,35.00,-35.00,35.20,-32.98,0.580,-0.610,-12519,12471,7.58,280.0,-94.695,509.850,1,1,1
77116797,75817,3,35.00,-35.00,34.30,-33.20,0.583,-0.610,-12497,12448,7.58,277.2,-97.439,508.877,1,1,1
77126804,75827,3,35.00,-35.00,34.12,-33.78,0.584,-0.608,-12474,12424,7.58,280.5,-99.390,507.883,1,1,1
77136806,75837,3,35.00,-35.00,33.99,-33.76,0.585,-0.609,-12451,12401,7.57,279.5,-104.268,506.842,1,1,1
77146819,75847,3,35.00,-35.00,33.90,-33.74,0.585,-0.609,-12428,12378,7.57,279.0,-108.232,505.760,1,1,1
77156822,75857,3,35.00,-35.00,33.84,-33.72,0.586,-0.609,-12405,12355,7.58,281.2,-109.268,504.668,1,1,1
77166827,75867,3,35.00,-35.00,33.36,-34.15,0.588,-0.608,-12383,12331,7.58,279.0,-108.902,503.580,1,1,1
77176827,75877,3,35.00,-35.00,33.46,-34.01,0.588,-0.609,-12360,12308,7.58,283.2,-107.744,502.503,1,1,1
77186834,75887,3,35.00,-35.00,33.53,-33.92,0.588,-0.609,-12337,12285,7.58,275.8,-105.244,501.452,1,1,1
77196835,75897,3,35.00,-35.00,34.02,-32.97,0.586,-0.613,-12313,12264,7.58,286.0,-101.463,500.438,1,1,1
77206849,75907,3,35.00,-35.00,33.92,-32.31,0.586,-0.616,-12290,12243,7.58,286.5,-98.415,499.455,1,1,1
77216850,75917,3,35.00,-35.00,33.85,-33.60,0.587,-0.612,-12267,12218,7.58,281.2,-97.439,498.481,1,1,1
77226852,75927,3,35.00,-35.00,34.24,-34.07,0.586,-0.611,-12243,12194,7.58,285.2,-99.451,497.487,1,1,1
77236852,75937,3,35.00,-35.00,34.96,-33.52,0.584,-0.614,-12218,12172,7.57,280.2,-103.110,496.457,1,1,1
77246856,75947,3,35.00,-35.00,36.33,-34.45,0.579,-0.612,-12191,12147,7.57,286.2,-106.037,495.397,1,1,1
77256867,75957,3,35.00,-35.00,38.18,-34.22,0.572,-0.613,-12162,12124,7.58,273.0,-109.085,494.307,1,1,1
77266880,75967,3,35.00,-35.00,35.95,-34.50,0.578,-0.612,-12141,12100,7.58,275.2,-108.780,493.220,1,1,1
77276888,75977,3,35.00,-35.00,33.52,-34.26,0.587,-0.612,-12122,12077,7.58,272.5,-102.866,492.193,1,1,1
77286891,75987,3,35.00,-35.00,33.13,-34.53,0.589,-0.611,-12100,12053,7.57,279.8,-98.049,491.213,1,1,1
77296898,75997,3,35.00,-35.00,34.18,-34.28,0.586,-0.612,-12075,12030,7.58,280.8,-92.683,490.287,1,1,1
77306906,76007,3,35.00,-35.00,34.47,-33.66,0.585,-0.615,-12051,12008,7.57,278.0,-93.049,489.357,1,1,1
77316910,76017,3,35.00,-35.00,34.68,-33.67,0.584,-0.615,-12027,11985,7.58,283.8,-96.646,488.391,1,1,1
77326910,76027,3,35.00,-35.00,35.70,-33.68,0.580,-0.616,-12001,11962,7.57,276.5,-101.098,487.381,1,1,1
77336918,76037,3,35.00,-35.00,35.54,-35.00,0.581,-0.612,-11977,11936,7.58,281.5,-106.280,486.319,1,1,1
77346928,76047,3,35.00,-35.00,34.98,-35.93,0.583,-0.609,-11954,11910,7.57,273.5,-107.012,485.250,1,1,1
77356933,76057,3,35.00,-35.00,33.72,-37.01,0.588,-0.603,-11933,11883,7.58,280.2,-104.939,484.201,1,1,1
77366943,76067,3,35.00,-35.00,33.71,-36.90,0.589,-0.603,-11910,11858,7.58,273.0,-102.439,483.178,1,1,1
77376955,76077,3,35.00,-35.00,34.14,-36.37,0.587,-0.604,-11886,11834,7.58,278.2,-101.463,482.164,1,1,1
77386956,76087,3,35.00,-35.00,34.89,-34.69,0.585,-0.610,-11861,11813,7.58,272.8,-99.146,481.173,1,1,1
77396958,76097,3,35.00,-35.00,34.97,-34.39,0.584,-0.611,-11837,11790,7.58,277.0,-97.744,480.197,1,1,1
77406970,76107,3,35.00,-35.00,34.58,-34.62,0.586,-0.611,-11814,11766,7.58,279.8,-96.768,479.230,1,1,1
77416973,76117,3,35.00,-35.00,35.20,-35.66,0.584,-0.607,-11789,11740,7.57,278.2,-99.146,478.239,1,1,1
77426973,76127,3,35.00,-35.00,35.18,-35.95,0.584,-0.606,-11765,11715,7.58,281.8,-103.659,477.203,1,1,1
77436986,76137,3,35.00,-35.00,34.74,-36.59,0.586,-0.603,-11742,11689,7.57,272.0,-103.659,476.168,1,1,1
77446994,76147,3,35.00,-35.00,33.98,-37.48,0.589,-0.599,-11720,11662,7.58,279.0,-100.488,475.164,1,1,1
77457001,76158,3,35.00,-35.00,33.90,-36.78,0.590,-0.601,-11697,11638,7.58,271.8,-99.695,474.167,1,1,1
77467009,76168,3,35.00,-35.00,34.27,-36.73,0.589,-0.600,-11673,11613,7.58,278.0,-99.573,473.173,1,1,1
77477012,76178,3,35.00,-35.00,34.54,-35.82,0.588,-0.603,-11649,11590,7.58,271.2,-96.159,472.212,1,1,1
77487012,76188,3,35.00,-35.00,34.72,-36.50,0.588,-0.600,-11625,11564,7.58,270.5,-96.037,471.252,1,1,1
77497024,76198,3,35.00,-35.00,34.41,-36.54,0.589,-0.599,-11602,11539,7.58,278.5,-100.793,470.245,1,1,1
77507031,76208,3,35.00,-35.00,35.96,-36.12,0.584,-0.601,-11575,11515,7.58,271.5,-105.549,469.190,1,1,1
77517031,76218,3,35.00,-35.00,37.03,-36.27,0.580,-0.600,-11548,11490,7.58,274.5,-106.402,468.127,1,1,1
77527032,76228,3,35.00,-35.00,35.59,-37.26,0.585,-0.596,-11526,11463,7.58,267.5,-103.049,467.098,1,1,1
77537034,76238,3,35.00,-35.00,34.14,-37.07,0.590,-0.595,-11505,11438,7.58,276.0,-94.634,466.152,1,1,1
77547034,76248,3,35.00,-35.00,34.01,-36.93,0.591,-0.595,-11482,11413,7.58,270.2,-88.963,465.263,1,1,1
77557042,76258,3,35.00,-35.00,33.91,-36.84,0.592,-0.594,-11459,11388,7.58,274.0,-85.732,464.407,1,1,1
77567047,76268,3,35.00,-35.00,34.73,-36.33,0.589,-0.596,-11434,11364,7.58,274.8,-89.573,463.512,1,1,1
77577049,76278,3,35.00,-35.00,34.85,-36.86,0.589,-0.594,-11410,11338,7.58,270.2,-95.732,462.555,1,1,1
77587049,76288,3,35.00,-35.00,34.51,-36.79,0.591,-0.593,-11387,11313,7.58,276.5,-101.280,461.543,1,1,1
77597049,76298,3,35.00,-35.00,35.14,-36.74,0.589,-0.593,-11362,11288,7.58,269.8,-103.841,460.506,1,1,1
77607049,76308,3,35.00,-35.00,35.58,-37.14,0.587,-0.591,-11337,11262,7.58,274.2,-103.659,459.470,1,1,1
77617055,76318,3,35.00,-35.00,38.09,-37.43,0.578,-0.590,-11307,11236,7.58,267.8,-100.671,458.464,1,1,1
77627062,76328,3,35.00,-35.00,37.65,-36.74,0.579,-0.591,-11282,11212,7.59,268.8,-93.415,457.531,1,1,1
77637072,76338,3,35.00,-35.00,35.14,-36.71,0.587,-0.590,-11262,11187,7.59,263.0,-86.524,456.666,1,1,1
77647076,76348,3,35.00,-35.00,34.27,-36.24,0.590,-0.591,-11240,11163,7.58,273.5,-80.610,455.861,1,1,1
77657077,76358,3,35.00,-35.00,34.54,-36.80,0.590,-0.589,-11216,11137,7.58,269.5,-80.122,455.060,1,1,1
77667077,76368,3,35.00,-35.00,35.16,-37.18,0.588,-0.587,-11191,11111,7.58,270.0,-87.317,454.188,1,1,1
77677077,76378,3,35.00,-35.00,35.60,-37.01,0.587,-0.587,-11166,11086,7.58,271.0,-94.268,453.246,1,1,1
77687084,76388,3,35.00,-35.00,35.91,-36.90,0.585,-0.588,-11141,11061,7.58,266.5,-97.561,452.271,1,1,1
77697085,76398,3,35.00,-35.00,36.12,-36.81,0.585,-0.588,-11116,11036,7.58,272.5,-98.415,451.288,1,1,1
77707085,76408,3,35.00,-35.00,36.27,-37.20,0.584,-0.586,-11091,11010,7.58,263.5,-97.317,450.316,1,1,1
77717095,76418,3,35.00,-35.00,35.50,-37.90,0.587,-0.584,-11068,10983,7.58,270.5,-93.354,449.383,1,1,1
77727100,76428,3,35.00,-35.00,35.39,-37.08,0.587,-0.586,-11044,10959,7.58,265.0,-88.110,448.503,1,1,1
77737100,76438,3,35.00,-35.00,35.32,-36.06,0.587,-0.590,-11020,10936,7.58,270.0,-84.756,447.656,1,1,1
77747104,76448,3,35.00,-35.00,36.15,-34.91,0.584,-0.594,-10994,10914,7.58,268.0,-86.098,446.796,1,1,1
77757113,76458,3,35.00,-35.00,35.85,-35.86,0.585,-0.591,-10970,10888,7.58,275.8,-90.793,445.889,1,1,1
77767119,76468,3,35.00,-35.00,36.08,-36.09,0.584,-0.590,-10945,10863,7.58,270.5,-96.220,444.927,1,1,1
77777125,76478,3,35.00,-35.00,35.81,-36.25,0.584,-0.589,-10921,10838,7.58,266.8,-99.207,443.936,1,1,1
77787125,76488,3,35.00,-35.00,36.05,-36.36,0.584,-0.589,-10896,10813,7.58,275.5,-98.476,442.952,1,1,1
77797125,76498,3,35.00,-35.00,37.10,-36.88,0.580,-0.587,-10869,10787,7.58,268.2,-96.280,441.990,1,1,1
77807132,76508,3,35.00,-35.00,35.64,-36.80,0.584,-0.587,-10847,10762,7.58,267.8,-92.500,441.066,1,1,1
77817132,76518,3,35.00,-35.00,35.05,-37.19,0.586,-0.585,-10824,10736,7.59,270.0,-86.829,440.198,1,1,1
77827147,76528,3,35.00,-35.00,35.08,-35.70,0.586,-0.590,-10800,10714,7.58,269.5,-83.659,439.363,1,1,1
77837158,76538,3,35.00,-35.00,35.55,-34.66,0.584,-0.594,-10775,10692,7.58,273.2,-82.927,438.534,1,1,1
77847158,76548,3,35.00,-35.00,35.87,-34.37,0.583,-0.596,-10750,10669,7.57,272.8,-84.695,437.688,1,1,1
77857158,76558,3,35.00,-35.00,36.09,-35.04,0.581,-0.593,-10725,10644,7.59,276.5,-90.976,436.779,1,1,1
77867163,76568,3,35.00,-35.00,35.81,-35.52,0.582,-0.591,-10701,10619,7.58,268.0,-96.524,435.815,1,1,1
77877173,76578,3,35.00,-35.00,36.06,-35.41,0.581,-0.592,-10676,10595,7.58,274.2,-98.659,434.829,1,1,1
77887186,76588,3,35.00,-35.00,36.66,-35.77,0.579,-0.591,-10650,10570,7.58,267.8,-97.439,433.855,1,1,1
77897193,76598,3,35.00,-35.00,37.53,-35.59,0.576,-0.592,-10623,10546,7.59,272.2,-95.122,432.905,1,1,1
77907200,76608,3,35.00,-35.00,36.38,-35.46,0.579,-0.592,-10600,10522,7.59,263.5,-91.159,431.994,1,1,1
77917210,76618,3,35.00,-35.00,35.13,-35.81,0.583,-0.591,-10578,10497,7.58,271.5,-86.768,431.127,1,1,1
77927223,76628,3,35.00,-35.00,34.70,-35.17,0.585,-0.592,-10555,10474,7.59,269.8,-82.195,430.306,1,1,1
77937238,76638,3,35.00,-35.00,34.84,-34.29,0.584,-0.596,-10531,10452,7.58,272.5,-78.659,429.520,1,1,1
77947238,76648,3,35.00,-35.00,35.37,-34.55,0.583,-0.595,-10506,10428,7.58,274.8,-79.939,428.722,1,1,1
77957247,76658,3,35.00,-35.00,35.31,-34.73,0.583,-0.595,-10482,10404,7.58,272.2,-87.683,427.846,1,1,1
77967253,76668,3,35.00,-35.00,36.14,-34.42,0.579,-0.596,-10456,10381,7.59,277.2,-94.939,426.897,1,1,1
77977264,76678,3,35.00,-35.00,35.85,-34.64,0.580,-0.596,-10432,10357,7.58,268.8,-99.878,425.899,1,1,1
77987277,76688,3,35.00,-35.00,36.08,-34.80,0.580,-0.595,-10407,10333,7.58,275.2,-102.317,424.877,1,1,1
77997287,76698,3,35.00,-35.00,38.44,-34.90,0.572,-0.596,-10377,10309,7.58,268.2,-101.280,423.865,1,1,1
78007292,76708,3,35.00,-35.00,36.57,-35.42,0.578,-0.594,-10355,10284,7.59,270.8,-95.854,422.907,1,1,1
78017294,76718,3,35.00,-35.00,34.39,-35.78,0.585,-0.592,-10335,10259,7.58,265.8,-89.817,422.010,1,1,1
78027299,76728,3,35.00,-35.00,33.74,-35.15,0.588,-0.594,-10313,10236,7.58,275.2,-82.073,421.190,1,1,1
78037301,76738,3,35.00,-35.00,33.73,-33.84,0.588,-0.598,-10290,10215,7.58,271.0,-73.963,420.451,1,1,1
78047314,76748,3,35.00,-35.00,34.16,-32.91,0.587,-0.602,-10266,10194,7.58,274.0,-74.207,419.710,1,1,1
78057323,76758,3,35.00,-35.00,34.90,-33.15,0.584,-0.602,-10241,10171,7.58,278.5,-80.183,418.909,1,1,1
78067329,76768,3,35.00,-35.00,35.41,-32.87,0.582,-0.604,-10216,10149,7.57,271.2,-87.500,418.035,1,1,1
78077329,76778,3,35.00,-35.00,36.65,-33.12,0.577,-0.604,-10189,10126,7.58,278.5,-90.976,417.126,1,1,1
78087329,76788,3,35.00,-35.00,35.33,-33.29,0.581,-0.604,-10167,10103,7.58,269.5,-90.244,416.224,1,1,1
78097340,76798,3,35.00,-35.00,34.40,-33.85,0.584,-0.602,-10145,10079,7.58,277.2,-88.841,415.336,1,1,1
78107340,76808,3,35.00,-35.00,33.75,-34.24,0.587,-0.601,-10123,10055,7.58,278.8,-83.902,414.498,1,1,1
78117344,76818,3,35.00,-35.00,33.73,-34.08,0.588,-0.602,-10100,10032,7.58,275.8,-79.878,413.700,1,1,1
78127355,76828,3,35.00,-35.00,34.16,-33.96,0.586,-0.602,-10076,10009,7.58,279.0,-79.817,412.903,1,1,1
78137360,76838,3,35.00,-35.00,34.46,-33.00,0.585,-0.607,-10052,9988,7.58,272.0,-84.024,412.063,1,1,1
78147360,76848,3,35.00,-35.00,34.23,-33.21,0.586,-0.606,-10029,9965,7.58,281.8,-88.049,411.184,1,1,1
78157370,76858,3,35.00,-35.00,34.51,-32.91,0.585,-0.608,-10005,9943,7.57,275.8,-91.220,410.272,1,1,1
78167377,76868,3,35.00,-35.00,34.26,-32.71,0.586,-0.610,-9982,9921,7.57,283.5,-93.171,409.341,1,1,1
78177377,76878,3,35.00,-35.00,34.53,-33.00,0.585,-0.609,-9958,9898,7.58,278.5,-93.354,408.409,1,1,1
78187377,76888,3,35.00,-35.00,34.72,-32.77,0.584,-0.610,-9934,9876,7.58,280.5,-95.366,407.456,1,1,1
78197385,76898,3,35.00,-35.00,34.41,-33.49,0.585,-0.609,-9911,9852,7.58,275.5,-96.463,406.492,1,1,1
78207392,76908,3,35.00,-35.00,34.19,-33.99,0.586,-0.607,-9888,9828,7.58,277.0,-92.256,405.570,1,1,1
78217392,76918,3,35.00,-35.00,33.60,-34.34,0.589,-0.606,-9866,9804,7.58,279.5,-87.561,404.695,1,1,1
78227392,76928,3,35.00,-35.00,34.07,-34.14,0.588,-0.607,-9842,9781,7.57,278.2,-82.805,403.868,1,1,1
78237405,76938,3,35.00,-35.00,33.96,-33.57,0.588,-0.609,-9819,9759,7.58,281.8,-81.707,403.052,1,1,1
78247405,76948,3,35.00,-35.00,34.32,-33.61,0.587,-0.610,-9795,9736,7.57,277.5,-84.756,402.205,1,1,1
78257412,76958,3,35.00,-35.00,34.57,-34.07,0.586,-0.609,-9771,9712,7.57,284.0,-88.476,401.321,1,1,1
78267413,76968,3,35.00,-35.00,35.18,-33.52,0.584,-0.611,-9746,9690,7.57,276.5,-92.866,400.393,1,1,1
78277422,76978,3,35.00,-35.00,36.05,-33.57,0.580,-0.612,-9720,9667,7.58,283.0,-96.098,399.433,1,1,1
78287431,76988,3,35.00,-35.00,37.10,-34.05,0.576,-0.611,-9693,9643,7.58,272.8,-97.012,398.464,1,1,1
78297444,76998,3,35.00,-35.00,35.64,-34.38,0.581,-0.610,-9671,9619,7.58,273.2,-96.402,397.501,1,1,1
78307446,77008,3,35.00,-35.00,33.74,-35.49,0.588,-0.605,-9651,9593,7.58,272.0,-93.232,396.569,1,1,1
78317459,77018,3,35.00,-35.00,33.72,-35.39,0.588,-0.605,-9628,9569,7.58,277.8,-88.354,395.686,1,1,1
78327461,77028,3,35.00,-35.00,34.15,-34.44,0.587,-0.609,-9604,9547,7.58,277.8,-85.488,394.832,1,1,1
78337468,77038,3,35.00,-35.00,34.45,-34.66,0.586,-0.609,-9580,9523,7.57,278.5,-87.805,393.955,1,1,1
78347472,77048,3,35.00,-35.00,34.66,-34.81,0.586,-0.608,-9556,9499,7.57,283.8,-92.561,393.030,1,1,1
78357480,77058,3,35.00,-35.00,34.81,-35.35,0.585,-0.606,-9532,9474,7.58,278.5,-95.793,392.073,1,1,1
78367484,77068,3,35.00,-35.00,34.92,-35.29,0.585,-0.606,-9508,9450,7.58,278.5,-99.085,391.083,1,1,1
78377495,77078,3,35.00,-35.00,35.43,-35.69,0.583,-0.605,-9483,9425,7.58,278.8,-101.646,390.068,1,1,1
78387496,77088,3,35.00,-35.00,35.35,-35.97,0.583,-0.603,-9459,9400,7.58,273.5,-103.232,389.036,1,1,1
78397499,77098,3,35.00,-35.00,34.41,-36.60,0.587,-0.600,-9437,9374,7.58,277.2,-102.256,388.014,1,1,1
78407507,77108,3,35.00,-35.00,34.19,-36.61,0.588,-0.600,-9414,9349,7.58,269.2,-97.439,387.041,1,1,1
78417514,77118,3,35.00,-35.00,34.92,-36.17,0.586,-0.601,-9389,9325,7.58,277.0,-93.720,386.104,1,1,1
78427526,77128,3,35.00,-35.00,34.99,-35.87,0.586,-0.602,-9365,9301,7.58,271.8,-94.024,385.165,1,1,1
78437529,77138,3,35.00,-35.00,35.04,-36.53,0.586,-0.599,-9341,9275,7.58,279.8,-96.707,384.199,1,1,1
78447535,77148,3,35.00,-35.00,34.64,-36.56,0.588,-0.598,-9318,9250,7.58,273.0,-99.268,383.207,1,1,1
78457544,77158,3,35.00,-35.00,34.79,-36.14,0.587,-0.599,-9294,9226,7.58,280.5,-101.707,382.190,1,1,1
78467552,77168,3,35.00,-35.00,35.78,-35.40,0.584,-0.602,-9268,9203,7.58,273.8,-102.500,381.166,1,1,1
78477565,77178,3,35.00,-35.00,35.15,-35.77,0.586,-0.600,-9245,9178,7.58,271.8,-102.561,380.141,1,1,1
78487579,77188,3,35.00,-35.00,35.15,-36.03,0.586,-0.599,-9221,9153,7.58,275.2,-103.171,379.111,1,1,1
78497587,77198,3,35.00,-35.00,34.72,-37.08,0.588,-0.594,-9198,9126,7.58,268.5,-100.427,378.107,1,1,1
78507598,77208,3,35.00,-35.00,34.41,-36.94,0.589,-0.594,-9175,9101,7.58,275.2,-96.951,377.138,1,1,1
78517615,77218,3,35.00,-35.00,34.63,-35.97,0.588,-0.597,-9151,9078,7.58,268.2,-93.171,376.208,1,1,1
78527624,77228,3,35.00,-35.00,35.23,-35.72,0.586,-0.598,-9126,9054,7.58,277.8,-93.293,375.275,1,1,1
78537630,77238,3,35.00,-35.00,35.21,-35.99,0.586,-0.596,-9102,9029,7.58,268.8,-94.390,374.332,1,1,1
78547637,77248,3,35.00,-35.00,35.19,-36.62,0.587,-0.594,-9078,9003,7.58,275.2,-94.878,373.384,1,1,1
78557645,77258,3,35.00,-35.00,35.18,-36.18,0.587,-0.595,-9054,8979,7.58,271.0,-99.512,372.390,1,1,1
78567655,77268,3,35.00,-35.00,35.61,-36.31,0.585,-0.594,-9029,8954,7.58,276.8,-99.512,371.396,1,1,1
78577660,77278,3,35.00,-35.00,35.92,-36.41,0.584,-0.594,-9004,8929,7.58,270.8,-101.037,370.386,1,1,1
78587660,77288,3,35.00,-35.00,35.69,-36.03,0.585,-0.594,-8980,8905,7.58,272.2,-102.805,369.359,1,1,1
78597667,77298,3,35.00,-35.00,34.65,-36.21,0.588,-0.593,-8958,8880,7.58,272.5,-102.439,368.335,1,1,1
78607668,77308,3,35.00,-35.00,34.36,-35.45,0.589,-0.595,-8935,8857,7.58,270.2,-97.683,367.359,1,1,1
78617670,77318,3,35.00,-35.00,34.60,-34.92,0.589,-0.597,-8911,8834,7.58,278.2,-92.927,366.431,1,1,1
78627676,77328,3,35.00,-35.00,34.77,-35.43,0.588,-0.595,-8887,8809,7.58,272.0,-93.415,365.497,1,1,1
78637685,77338,3,35.00,-35.00,35.32,-35.35,0.586,-0.596,-8862,8785,7.58,276.0,-100.427,364.494,1,1,1
78647693,77348,3,35.00,-35.00,35.71,-35.73,0.585,-0.594,-8837,8760,7.58,276.8,-105.244,363.442,1,1,1
78657700,77358,3,35.00,-35.00,35.99,-35.12,0.584,-0.596,-8812,8737,7.58,270.8,-105.305,362.390,1,1,1
78667706,77368,3,35.00,-35.00,36.18,-35.13,0.582,-0.596,-8787,8713,7.59,276.2,-104.390,361.347,1,1,1
78677713,77378,3,35.00,-35.00,34.99,-35.14,0.586,-0.596,-8765,8689,7.58,266.8,-103.963,360.308,1,1,1
78687713,77388,3,35.00,-35.00,34.16,-36.02,0.590,-0.593,-8743,8663,7.58,275.8,-101.707,359.292,1,1,1
78697716,77398,3,35.00,-35.00,34.46,-34.88,0.589,-0.596,-8719,8641,7.58,272.0,-99.268,358.300,1,1,1
78707728,77408,3,35.00,-35.00,35.11,-34.09,0.586,-0.599,-8694,8619,7.58,279.2,-100.671,357.294,1,1,1
78717728,77418,3,35.00,-35.00,35.12,-33.97,0.586,-0.600,-8670,8596,7.58,271.0,-100.549,356.290,1,1,1
78727731,77428,3,35.00,-35.00,35.57,-33.89,0.584,-0.601,-8645,8573,7.58,274.8,-99.695,355.293,1,1,1
78737736,77438,3,35.00,-35.00,35.89,-33.83,0.583,-0.602,-8620,8550,7.58,274.2,-100.000,354.294,1,1,1
78747744,77448,3,35.00,-35.00,35.67,-34.23,0.583,-0.601,-8596,8526,7.58,275.0,-101.341,353.282,1,1,1
78757744,77458,3,35.00,-35.00,35.95,-34.07,0.583,-0.603,-8571,8503,7.57,275.5,-102.195,352.260,1,1,1
78767751,77468,3,35.00,-35.00,35.28,-34.39,0.584,-0.601,-8548,8479,7.58,272.2,-102.744,351.234,1,1,1
78777754,77478,3,35.00,-35.00,34.36,-34.62,0.587,-0.600,-8526,8455,7.58,274.8,-102.927,350.205,1,1,1
78787761,77488,3,35.00,-35.00,34.16,-33.90,0.588,-0.603,-8503,8433,7.58,271.8,-100.488,349.201,1,1,1
78797773,77498,3,35.00,-35.00,34.90,-33.40,0.586,-0.605,-8478,8411,7.58,280.0,-100.305,348.199,1,1,1
78807782,77508,3,35.00,-35.00,35.85,-33.05,0.582,-0.607,-8452,8389,7.58,276.0,-99.756,347.202,1,1,1
78817788,77518,3,35.00,-35.00,35.65,-33.68,0.582,-0.606,-8428,8365,7.58,277.8,-100.488,346.198,1,1,1
78827789,77528,3,35.00,-35.00,34.18,-33.68,0.587,-0.606,-8407,8342,7.57,271.8,-102.073,345.178,1,1,1
78837791,77538,3,35.00,-35.00,34.47,-33.69,0.586,-0.606,-8383,8319,7.58,280.5,-102.378,344.155,1,1,1
78847804,77548,3,35.00,-35.00,34.24,-34.13,0.588,-0.605,-8360,8295,7.57,279.5,-104.085,343.115,1,1,1
78857815,77558,3,35.00,-35.00,34.07,-34.00,0.588,-0.606,-8337,8272,7.58,280.0,-106.280,342.053,1,1,1
78867822,77568,3,35.00,-35.00,33.96,-33.90,0.589,-0.606,-8314,8249,7.58,282.2,-107.439,340.980,1,1,1
78877834,77578,3,35.00,-35.00,33.44,-33.84,0.591,-0.607,-8292,8226,7.57,279.5,-107.622,339.904,1,1,1
78887845,77588,3,35.00,-35.00,33.08,-33.80,0.592,-0.607,-8270,8203,7.58,284.8,-107.256,338.833,1,1,1
78897850,77598,3,35.00,-35.00,33.70,-33.76,0.591,-0.608,-8246,8180,7.57,278.0,-105.244,337.781,1,1,1
78907852,77608,3,35.00,-35.00,34.14,-33.30,0.589,-0.609,-8222,8158,7.58,284.8,-101.768,336.764,1,1,1
78917858,77618,3,35.00,-35.00,34.00,-33.42,0.590,-0.610,-8199,8135,7.57,278.5,-100.122,335.764,1,1,1
78927858,77628,3,35.00,-35.00,33.91,-33.94,0.591,-0.608,-8176,8111,7.57,280.2,-100.671,334.758,1,1,1
78937864,77638,3,35.00,-35.00,34.72,-33.43,0.588,-0.610,-8151,8089,7.58,282.8,-102.622,333.732,1,1,1
78947867,77648,3,35.00,-35.00,34.85,-33.51,0.588,-0.611,-8127,8066,7.57,276.0,-104.817,332.685,1,1,1
78957880,77658,3,35.00,-35.00,35.38,-34.88,0.586,-0.606,-8102,8040,7.58,282.5,-106.951,331.616,1,1,1
78967882,77668,3,35.00,-35.00,37.51,-34.52,0.578,-0.609,-8073,8017,7.57,277.2,-110.671,330.510,1,1,1
78977895,77678,3,35.00,-35.00,36.37,-34.71,0.581,-0.608,-8050,7993,7.58,279.0,-112.195,329.389,1,1,1
78987910,77688,3,35.00,-35.00,34.25,-34.85,0.588,-0.607,-8030,7969,7.58,271.8,-106.890,328.321,1,1,1
78997918,77698,3,35.00,-35.00,33.64,-34.94,0.591,-0.606,-8008,7945,7.58,279.0,-100.122,327.321,1,1,1
79007928,77708,3,35.00,-35.00,34.09,-33.69,0.589,-0.611,-7984,7924,7.58,277.8,-92.988,326.392,1,1,1
79017940,77718,3,35.00,-35.00,34.41,-34.13,0.588,-0.610,-7960,7900,7.58,279.2,-92.256,325.470,1,1,1
79027943,77728,3,35.00,-35.00,35.08,-34.44,0.586,-0.609,-7935,7876,7.58,281.5,-96.951,324.501,1,1,1
79037943,77738,3,35.00,-35.00,35.54,-34.65,0.585,-0.609,-7910,7852,7.57,277.2,-102.195,323.480,1,1,1
79047943,77748,3,35.00,-35.00,36.74,-35.24,0.580,-0.607,-7883,7827,7.58,281.8,-105.122,322.430,1,1,1
79057948,77758,3,35.00,-35.00,35.39,-36.10,0.585,-0.604,-7861,7801,7.58,272.0,-105.183,321.379,1,1,1
79067948,77768,3,35.00,-35.00,34.00,-36.25,0.590,-0.602,-7840,7776,7.58,277.8,-100.366,320.376,1,1,1
79077958,77778,3,35.00,-35.00,33.47,-35.92,0.592,-0.603,-7818,7752,7.58,274.8,-95.915,319.417,1,1,1
79087958,77788,3,35.00,-35.00,33.97,-36.13,0.591,-0.601,-7794,7727,7.58,281.0,-91.463,318.504,1,1,1
79097970,77798,3,35.00,-35.00,34.33,-34.96,0.590,-0.606,-7770,7705,7.58,275.0,-91.585,317.589,1,1,1
79107970,77808,3,35.00,-35.00,34.14,-35.46,0.591,-0.604,-7747,7680,7.58,279.8,-94.756,316.642,1,1,1
79117979,77818,3,35.00,-35.00,34.44,-35.81,0.590,-0.602,-7723,7655,7.58,277.0,-99.817,315.644,1,1,1
79127981,77828,3,35.00,-35.00,35.10,-35.17,0.588,-0.604,-7698,7632,7.58,276.8,-104.451,314.601,1,1,1
79137993,77838,3,35.00,-35.00,35.99,-36.49,0.585,-0.600,-7672,7605,7.57,278.0,-105.488,313.547,1,1,1
79147997,77848,3,35.00,-35.00,34.86,-36.53,0.589,-0.599,-7650,7580,7.58,271.2,-101.768,312.530,1,1,1
79158001,77859,3,35.00,-35.00,34.07,-36.99,0.592,-0.596,-7628,7554,7.58,278.5,-97.866,311.552,1,1,1
79168001,77869,3,35.00,-35.00,33.08,-36.88,0.596,-0.596,-7607,7529,7.58,268.8,-94.756,310.605,1,1,1
79178009,77879,3,35.00,-35.00,34.58,-35.93,0.591,-0.599,-7581,7506,7.58,279.5,-90.122,309.705,1,1,1
79188012,77889,3,35.00,-35.00,33.87,-35.69,0.594,-0.599,-7559,7482,7.58,274.2,-89.817,308.807,1,1,1
79198019,77899,3,35.00,-35.00,33.82,-35.97,0.595,-0.597,-7536,7457,7.58,280.8,-93.659,307.872,1,1,1
79208023,77909,3,35.00,-35.00,33.78,-36.17,0.596,-0.597,-7513,7432,7.58,275.2,-99.451,306.878,1,1,1
79218032,77919,3,35.00,-35.00,34.63,-35.86,0.593,-0.597,-7488,7408,7.58,275.2,-102.073,305.858,1,1,1
79228034,77929,3,35.00,-35.00,36.11,-36.09,0.588,-0.597,-7461,7383,7.58,277.2,-101.098,304.848,1,1,1
79238039,77939,3,35.00,-35.00,35.38,-36.25,0.590,-0.595,-7438,7358,7.58,269.2,-99.146,303.857,1,1,1
79248042,77949,3,35.00,-35.00,34.44,-36.80,0.594,-0.593,-7416,7332,7.58,276.5,-95.305,302.905,1,1,1
79258045,77959,3,35.00,-35.00,33.33,-36.75,0.598,-0.592,-7395,7307,7.58,271.2,-89.207,302.014,1,1,1
79268053,77969,3,35.00,-35.00,33.88,-36.27,0.597,-0.593,-7371,7283,7.58,279.5,-83.841,301.176,1,1,1
79278064,77979,3,35.00,-35.00,34.26,-36.38,0.596,-0.592,-7347,7258,7.58,276.0,-84.756,300.329,1,1,1
79288077,77989,3,35.00,-35.00,34.53,-36.45,0.596,-0.592,-7323,7233,7.58,275.2,-89.634,299.434,1,1,1
79298085,77999,3,35.00,-35.00,34.28,-36.06,0.596,-0.592,-7300,7209,7.58,276.8,-93.902,298.496,1,1,1
79308092,78009,3,35.00,-35.00,34.10,-35.79,0.597,-0.593,-7277,7185,7.58,273.2,-96.646,297.530,1,1,1
79318092,78019,3,35.00,-35.00,34.86,-36.04,0.595,-0.592,-7252,7160,7.58,282.0,-98.049,296.550,1,1,1
79328095,78029,3,35.00,-35.00,36.71,-36.21,0.589,-0.591,-7224,7135,7.58,272.2,-98.537,295.566,1,1,1
79338110,78039,3,35.00,-35.00,38.44,-36.34,0.582,-0.591,-7195,7110,7.58,272.8,-95.122,294.615,1,1,1
79348112,78049,3,35.00,-35.00,35.70,-35.98,0.591,-0.592,-7175,7086,7.57,265.5,-89.268,293.723,1,1,1
79358112,78059,3,35.00,-35.00,33.78,-35.73,0.597,-0.591,-7155,7062,7.58,276.5,-83.841,292.886,1,1,1
79368124,78069,3,35.00,-35.00,34.19,-36.00,0.596,-0.590,-7131,7037,7.58,270.8,-81.524,292.071,1,1,1
79378125,78079,3,35.00,-35.00,34.92,-36.19,0.594,-0.589,-7106,7012,7.58,279.8,-84.939,291.223,1,1,1
79388125,78089,3,35.00,-35.00,35.43,-36.32,0.593,-0.589,-7081,6987,7.58,275.5,-92.134,290.302,1,1,1
79398125,78099,3,35.00,-35.00,35.35,-36.41,0.593,-0.588,-7057,6962,7.58,274.0,-96.220,289.341,1,1,1
79408135,78109,3,35.00,-35.00,35.73,-36.47,0.592,-0.587,-7032,6937,7.58,273.0,-97.317,288.369,1,1,1
79418147,78119,3,35.00,-35.00,36.00,-36.96,0.591,-0.585,-7007,6911,7.58,269.0,-96.768,287.402,1,1,1
79428158,78129,3,35.00,-35.00,35.74,-36.86,0.591,-0.585,-6983,6886,7.58,275.0,-94.390,286.459,1,1,1
79438171,78139,3,35.00,-35.00,35.57,-36.35,0.592,-0.587,-6959,6862,7.58,265.8,-87.683,285.583,1,1,1
79448185,78149,3,35.00,-35.00,35.44,-35.55,0.592,-0.589,-6935,6839,7.58,274.0,-84.268,284.741,1,1,1
79458192,78159,3,35.00,-35.00,35.80,-34.55,0.590,-0.593,-6910,6817,7.58,273.0,-84.512,283.896,1,1,1
79468193,78169,3,35.00,-35.00,36.04,-35.17,0.589,-0.591,-6885,6792,7.58,280.0,-89.085,283.006,1,1,1
79478203,78179,3,35.00,-35.00,36.22,-35.61,0.589,-0.590,-6860,6767,7.58,271.8,-94.512,282.062,1,1,1
79488207,78189,3,35.00,-35.00,35.90,-35.91,0.589,-0.589,-6836,6742,7.58,275.8,-99.695,281.066,1,1,1
79498208,78199,3,35.00,-35.00,36.12,-36.56,0.588,-0.586,-6811,6716,7.58,273.2,-101.524,280.051,1,1,1
79508216,78209,3,35.00,-35.00,37.15,-36.58,0.585,-0.587,-6784,6691,7.58,267.0,-101.037,279.042,1,1,1
79518222,78219,3,35.00,-35.00,37.43,-36.59,0.583,-0.587,-6758,6666,7.58,273.5,-97.683,278.066,1,1,1
79528234,78229,3,35.00,-35.00,35.87,-37.04,0.588,-0.585,-6736,6640,7.58,266.5,-92.012,277.147,1,1,1
79538238,78239,3,35.00,-35.00,35.21,-35.60,0.590,-0.589,-6713,6618,7.58,269.5,-84.573,276.302,1,1,1
79548249,78249,3,35.00,-35.00,35.20,-34.59,0.589,-0.593,-6689,6596,7.58,271.5,-78.110,275.521,1,1,1
79558262,78259,3,35.00,-35.00,35.62,-33.88,0.588,-0.596,-6664,6574,7.58,272.2,-75.976,274.762,1,1,1
79568269,78269,3,35.00,-35.00,35.92,-34.70,0.587,-0.593,-6639,6549,7.58,279.2,-83.232,273.931,1,1,1
79578283,78279,3,35.00,-35.00,36.13,-34.84,0.586,-0.593,-6614,6525,7.57,272.2,-93.110,273.001,1,1,1
79588286,78289,3,35.00,-35.00,36.72,-35.37,0.583,-0.591,-6588,6500,7.58,275.2,-99.756,272.004,1,1,1
79598299,78299,3,35.00,-35.00,37.13,-35.31,0.581,-0.592,-6562,6476,7.58,267.0,-101.707,270.988,1,1,1
79608306,78309,3,35.00,-35.00,40.05,-35.26,0.570,-0.593,-6530,6452,7.58,272.8,-99.817,269.990,1,1,1
79618310,78319,3,35.00,-35.00,39.02,-35.23,0.571,-0.593,-6505,6428,7.59,262.5,-97.195,269.019,1,1,1
79628314,78329,3,35.00,-35.00,38.74,-35.65,0.572,-0.592,-6479,6403,7.58,269.2,-94.146,268.078,1,1,1
79638314,78339,3,35.00,-35.00,35.47,-35.50,0.582,-0.591,-6460,6379,7.59,263.8,-87.866,267.201,1,1,1
79648323,78349,3,35.00,-35.00,33.62,-34.96,0.589,-0.593,-6440,6356,7.58,270.0,-80.427,266.397,1,1,1
79658331,78359,3,35.00,-35.00,33.64,-34.14,0.589,-0.596,-6417,6334,7.58,273.2,-71.646,265.682,1,1,1
79668340,78369,3,35.00,-35.00,34.09,-34.00,0.588,-0.597,-6393,6311,7.58,274.8,-69.512,264.987,1,1,1
79678340,78379,3,35.00,-35.00,35.29,-34.35,0.584,-0.596,-6367,6287,7.58,278.0,-77.805,264.210,1,1,1
79688340,78389,3,35.00,-35.00,35.69,-34.59,0.582,-0.596,-6342,6263,7.58,270.5,-88.293,263.328,1,1,1
79698353,78399,3,35.00,-35.00,36.41,-34.32,0.579,-0.597,-6316,6240,7.58,272.5,-95.427,262.374,1,1,1
79708360,78409,3,35.00,-35.00,36.91,-34.57,0.577,-0.596,-6290,6216,7.58,265.5,-99.024,261.385,1,1,1
79718360,78419,3,35.00,-35.00,37.26,-34.75,0.576,-0.596,-6264,6192,7.58,272.2,-97.561,260.410,1,1,1
79728360,78429,3,35.00,-35.00,36.19,-34.87,0.579,-0.596,-6241,6168,7.58,265.0,-94.085,259.470,1,1,1
79738360,78439,3,35.00,-35.00,34.12,-35.83,0.587,-0.592,-6221,6142,7.58,274.0,-88.415,258.587,1,1,1
79748362,78449,3,35.00,-35.00,33.99,-33.87,0.587,-0.599,-6198,6122,7.58,268.2,-79.878,257.789,1,1,1
79758362,78459,3,35.00,-35.00,34.34,-33.38,0.586,-0.601,-6174,6100,7.57,275.2,-76.890,257.021,1,1,1
79768362,78469,3,35.00,-35.00,35.47,-32.59,0.582,-0.605,-6148,6079,7.58,278.2,-81.037,256.211,1,1,1
79778362,78479,3,35.00,-35.00,35.37,-28.53,0.580,-0.620,-6124,6066,7.58,277.2,-86.768,255.344,1,1,1
79788362,78489,3,35.00,-35.00,35.75,-34.47,0.580,-0.601,-6099,6033,7.58,286.0,-92.195,254.423,1,1,1
79798375,78499,3,35.00,-35.00,36.89,-34.24,0.576,-0.603,-6072,6010,7.58,271.8,-94.390,253.480,1,1,1
79808377,78509,3,35.00,-35.00,35.49,-34.07,0.580,-0.603,-6050,5987,7.58,274.0,-93.902,252.542,1,1,1
79818389,78519,3,35.00,-35.00,34.07,-34.84,0.585,-0.600,-6029,5962,7.58,272.8,-89.268,251.650,1,1,1
79828401,78529,3,35.00,-35.00,33.96,-34.49,0.586,-0.601,-6006,5939,7.58,274.5,-83.963,250.811,1,1,1
79838405,78539,3,35.00,-35.00,34.32,-33.81,0.584,-0.604,-5982,5917,7.58,277.5,-80.366,250.008,1,1,1
79848420,78549,3,35.00,-35.00,34.57,-33.34,0.585,-0.608,-5958,5895,7.56,274.8,-82.378,249.185,1,1,1
79858420,78559,3,35.00,-35.00,34.75,-33.00,0.583,-0.608,-5934,5873,7.58,284.2,-87.439,248.312,1,1,1
79868429,78569,3,35.00,-35.00,35.31,-33.21,0.581,-0.609,-5909,5850,7.57,272.8,-92.073,247.392,1,1,1
79878431,78579,3,35.00,-35.00,35.26,-32.92,0.581,-0.610,-5885,5828,7.58,280.5,-94.878,246.444,1,1,1
79888438,78589,3,35.00,-35.00,35.23,-32.71,0.580,-0.612,-5861,5806,7.58,274.8,-95.549,245.489,1,1,1
79898442,78599,3,35.00,-35.00,34.77,-32.56,0.582,-0.613,-5838,5784,7.58,280.0,-96.037,244.530,1,1,1
79908444,78609,3,35.00,-35.00,34.89,-33.34,0.581,-0.611,-5814,5760,7.58,275.5,-95.915,243.571,1,1,1
79918453,78619,3,35.00,-35.00,34.53,-33.89,0.583,-0.609,-5791,5736,7.58,277.0,-92.561,242.646,1,1,1
79928459,78629,3,35.00,-35.00,33.84,-34.27,0.585,-0.608,-5769,5712,7.58,277.8,-88.963,241.758,1,1,1
79938459,78639,3,35.00,-35.00,34.23,-34.09,0.584,-0.609,-5745,5689,7.58,279.8,-85.061,240.908,1,1,1
79948459,78649,3,35.00,-35.00,34.07,-33.53,0.585,-0.611,-5722,5667,7.58,280.5,-83.293,240.076,1,1,1
79958466,78659,3,35.00,-35.00,34.40,-33.58,0.584,-0.612,-5698,5644,7.58,278.5,-86.341,239.213,1,1,1
79968474,78669,3,35.00,-35.00,35.06,-33.61,0.582,-0.612,-5673,5621,7.57,283.0,-90.122,238.313,1,1,1
79978474,78679,3,35.00,-35.00,35.53,-33.64,0.580,-0.613,-5648,5598,7.58,274.0,-93.841,237.375,1,1,1
79988474,78689,3,35.00,-35.00,36.30,-33.65,0.577,-0.613,-5622,5575,7.58,281.8,-97.134,236.405,1,1,1
79998483,78699,3,35.00,-35.00,36.83,-33.66,0.574,-0.614,-5596,5552,7.58,273.0,-98.354,235.422,1,1,1
80008495,78709,3,35.00,-35.00,35.01,-34.11,0.580,-0.612,-5575,5528,7.58,276.5,-97.500,234.448,1,1,1
80018504,78719,3,35.00,-35.00,33.74,-34.86,0.585,-0.610,-5554,5503,7.58,274.2,-93.598,233.513,1,1,1
80028511,78729,3,35.00,-35.00,34.16,-35.39,0.584,-0.608,-5530,5478,7.58,279.2,-89.146,232.622,1,1,1
80038514,78739,3,35.00,-35.00,34.46,-35.32,0.583,-0.608,-5506,5454,7.57,276.2,-88.537,231.737,1,1,1
80048522,78749,3,35.00,-35.00,34.23,-34.83,0.584,-0.609,-5483,5431,7.58,274.2,-91.646,230.822,1,1,1
80058526,78759,3,35.00,-35.00,34.95,-34.93,0.582,-0.609,-5458,5407,7.58,278.8,-95.122,229.871,1,1,1
80068535,78769,3,35.00,-35.00,35.45,-35.00,0.580,-0.609,-5433,5383,7.58,275.2,-98.476,228.887,1,1,1
80078542,78779,3,35.00,-35.00,35.80,-35.48,0.579,-0.608,-5408,5358,7.58,278.0,-101.707,227.871,1,1,1
80088557,78789,3,35.00,-35.00,36.49,-35.39,0.576,-0.608,-5382,5334,7.58,272.8,-103.049,226.841,1,1,1
80098559,78799,3,35.00,-35.00,34.77,-36.20,0.582,-0.605,-5361,5308,7.58,275.0,-103.293,225.809,1,1,1
80108559,78809,3,35.00,-35.00,34.89,-36.76,0.582,-0.602,-5337,5282,7.58,276.5,-101.220,224.798,1,1,1
80118567,78819,3,35.00,-35.00,34.53,-36.72,0.583,-0.601,-5314,5257,7.58,266.8,-96.280,223.836,1,1,1
80128567,78829,3,35.00,-35.00,34.72,-36.25,0.583,-0.603,-5290,5233,7.58,277.5,-93.537,222.901,1,1,1
80138567,78839,3,35.00,-35.00,35.29,-35.92,0.581,-0.604,-5265,5209,7.58,271.0,-92.622,221.976,1,1,1
80148572,78849,3,35.00,-35.00,34.81,-36.57,0.583,-0.601,-5242,5183,7.58,277.0,-97.317,221.004,1,1,1
80158574,78859,3,35.00,-35.00,35.35,-36.59,0.581,-0.600,-5217,5158,7.58,268.8,-103.476,219.970,1,1,1
80168587,78869,3,35.00,-35.00,35.29,-36.16,0.581,-0.601,-5193,5134,7.58,274.2,-106.098,218.909,1,1,1
80178589,78879,3,35.00,-35.00,36.13,-35.86,0.577,-0.602,-5167,5110,7.59,270.0,-106.098,217.849,1,1,1
80188607,78889,3,35.00,-35.00,35.40,-36.09,0.580,-0.601,-5144,5085,7.58,272.2,-106.646,216.784,1,1,1
80198609,78899,3,35.00,-35.00,34.89,-37.57,0.583,-0.595,-5121,5057,7.58,270.8,-106.646,215.718,1,1,1
80208609,78909,3,35.00,-35.00,34.53,-37.28,0.584,-0.595,-5098,5032,7.58,269.2,-102.317,214.696,1,1,1
80218609,78919,3,35.00,-35.00,34.72,-37.08,0.584,-0.595,-5074,5007,7.58,272.5,-98.293,213.713,1,1,1
80228615,78929,3,35.00,-35.00,35.29,-35.63,0.582,-0.600,-5049,4985,7.58,267.0,-95.793,212.756,1,1,1
80238622,78939,3,35.00,-35.00,35.25,-35.05,0.581,-0.602,-5025,4962,7.58,276.2,-95.488,211.802,1,1,1
80248625,78949,3,35.00,-35.00,35.66,-35.96,0.580,-0.598,-5000,4936,7.58,270.2,-96.707,210.836,1,1,1
80258640,78959,3,35.00,-35.00,35.95,-36.60,0.580,-0.596,-4975,4910,7.58,271.2,-98.293,209.854,1,1,1
80268645,78969,3,35.00,-35.00,35.71,-36.16,0.580,-0.597,-4951,4886,7.58,265.5,-98.902,208.866,1,1,1
80278655,78979,3,35.00,-35.00,35.54,-36.30,0.580,-0.596,-4927,4861,7.58,272.5,-99.451,207.872,1,1,1
80288663,78989,3,35.00,-35.00,35.87,-35.96,0.579,-0.597,-4902,4837,7.59,265.0,-100.244,206.870,1,1,1
80298668,78999,3,35.00,-35.00,35.21,-36.60,0.581,-0.594,-4879,4811,7.58,270.5,-102.012,205.851,1,1,1
80308676,79009,3,35.00,-35.00,35.20,-37.04,0.582,-0.592,-4855,4785,7.58,268.0,-102.134,204.830,1,1,1
80318685,79019,3,35.00,-35.00,34.75,-35.16,0.583,-0.598,-4832,4764,7.58,268.0,-100.976,203.822,1,1,1
80328693,79029,3,35.00,-35.00,35.31,-34.72,0.581,-0.599,-4807,4741,7.58,274.8,-98.780,202.835,1,1,1
80338700,79039,3,35.00,-35.00,35.70,-34.85,0.580,-0.600,-4782,4717,7.58,268.0,-97.439,201.861,1,1,1
80348700,79049,3,35.00,-35.00,35.98,-35.82,0.579,-0.597,-4757,4691,7.58,273.2,-101.585,200.846,1,1,1
80358700,79059,3,35.00,-35.00,36.17,-35.62,0.578,-0.597,-4732,4667,7.58,267.0,-106.829,199.778,1,1,1
80368713,79069,3,35.00,-35.00,35.87,-35.48,0.579,-0.597,-4708,4643,7.58,269.5,-109.024,198.689,1,1,1
80378728,79079,3,35.00,-35.00,36.09,-35.38,0.578,-0.597,-4683,4619,7.58,272.5,-107.744,197.612,1,1,1
80388728,79089,3,35.00,-35.00,34.49,-35.32,0.584,-0.597,-4662,4595,7.58,266.2,-106.280,196.550,1,1,1
80398731,79099,3,35.00,-35.00,34.69,-35.71,0.583,-0.595,-4638,4570,7.58,275.2,-102.012,195.531,1,1,1
80408744,79109,3,35.00,-35.00,35.71,-34.66,0.579,-0.599,-4612,4548,7.58,266.5,-100.061,194.531,1,1,1
80418758,79119,3,35.00,-35.00,35.98,-34.37,0.578,-0.601,-4587,4525,7.58,272.5,-102.378,193.508,1,1,1
80428758,79129,3,35.00,-35.00,35.74,-33.73,0.579,-0.603,-4563,4503,7.58,265.0,-102.317,192.486,1,1,1
80438758,79139,3,35.00,-35.00,36.00,-34.16,0.578,-0.603,-4538,4479,7.58,278.5,-99.329,191.493,1,1,1
80448759,79149,3,35.00,-35.00,36.19,-34.46,0.577,-0.602,-4513,4455,7.58,271.5,-100.244,190.492,1,1,1
80458759,79159,3,35.00,-35.00,36.32,-34.23,0.577,-0.603,-4488,4432,7.58,271.2,-103.354,189.459,1,1,1
80468767,79169,3,35.00,-35.00,36.41,-34.51,0.576,-0.603,-4463,4408,7.58,272.8,-104.634,188.414,1,1,1
80478767,79179,3,35.00,-35.00,35.15,-34.70,0.580,-0.602,-4441,4384,7.58,271.8,-105.305,187.361,1,1,1
80488774,79189,3,35.00,-35.00,34.28,-34.84,0.583,-0.601,-4419,4360,7.58,277.0,-103.232,186.330,1,1,1
80498785,79199,3,35.00,-35.00,35.42,-34.05,0.579,-0.604,-4393,4338,7.58,270.8,-100.793,185.323,1,1,1
80508795,79209,3,35.00,-35.00,35.34,-33.51,0.579,-0.606,-4369,4316,7.58,275.8,-101.524,184.308,1,1,1
80518800,79219,3,35.00,-35.00,36.16,-33.12,0.576,-0.609,-4343,4294,7.58,272.0,-101.098,183.298,1,1,1
80528806,79229,3,35.00,-35.00,35.42,-33.29,0.578,-0.609,-4320,4271,7.58,278.8,-98.415,182.315,1,1,1
80538819,79239,3,35.00,-35.00,34.46,-33.85,0.582,-0.607,-4298,4247,7.58,273.0,-98.415,181.331,1,1,1
80548819,79249,3,35.00,-35.00,34.67,-33.80,0.581,-0.608,-4274,4224,7.58,281.2,-98.963,180.343,1,1,1
80558827,79259,3,35.00,-35.00,34.38,-33.77,0.582,-0.608,-4251,4201,7.58,274.2,-101.829,179.325,1,1,1
80568830,79269,3,35.00,-35.00,34.61,-33.75,0.581,-0.609,-4227,4178,7.57,277.2,-105.000,178.276,1,1,1
80578837,79279,3,35.00,-35.00,33.90,-34.17,0.584,-0.607,-4205,4154,7.58,277.2,-106.341,177.213,1,1,1
80588837,79289,3,35.00,-35.00,33.39,-34.03,0.586,-0.608,-4183,4131,7.57,278.8,-106.280,176.151,1,1,1
80598845,79299,3,35.00,-35.00,33.92,-33.49,0.584,-0.610,-4159,4109,7.58,283.0,-103.841,175.114,1,1,1
80608852,79309,3,35.00,-35.00,33.85,-33.55,0.585,-0.611,-4136,4086,7.57,278.8,-100.793,174.107,1,1,1
80618860,79319,3,35.00,-35.00,34.24,-33.15,0.583,-0.612,-4112,4064,7.58,284.8,-98.415,173.123,1,1,1
80628865,79329,3,35.00,-35.00,34.08,-33.31,0.584,-0.612,-4089,4041,7.58,276.5,-99.329,172.131,1,1,1
80638875,79339,3,35.00,-35.00,34.40,-33.43,0.583,-0.612,-4065,4018,7.58,285.0,-102.927,171.102,1,1,1
80648888,79349,3,35.00,-35.00,34.63,-33.51,0.582,-0.613,-4041,3995,7.58,280.2,-106.524,170.038,1,1,1
80658895,79359,3,35.00,-35.00,35.23,-33.56,0.581,-0.613,-4016,3972,7.57,277.0,-109.390,168.945,1,1,1
80668897,79369,3,35.00,-35.00,36.96,-34.04,0.574,-0.613,-3988,3948,7.58,282.2,-112.134,167.824,1,1,1
80678903,79379,3,35.00,-35.00,36.86,-35.25,0.574,-0.609,-3963,3922,7.58,271.5,-110.671,166.718,1,1,1
80688913,79389,3,35.00,-35.00,34.15,-34.79,0.583,-0.609,-3944,3899,7.58,277.0,-106.341,165.656,1,1,1
80698926,79399,3,35.00,-35.00,33.57,-35.34,0.586,-0.607,-3922,3874,7.58,274.5,-101.951,164.637,1,1,1
80708933,79409,3,35.00,-35.00,33.61,-34.84,0.586,-0.609,-3899,3851,7.58,280.0,-96.037,163.678,1,1,1
80718933,79419,3,35.00,-35.00,34.51,-33.62,0.583,-0.614,-3874,3830,7.58,276.2,-95.427,162.724,1,1,1
80728943,79429,3,35.00,-35.00,34.71,-33.64,0.582,-0.614,-3850,3807,7.58,278.8,-96.646,161.758,1,1,1
80738947,79439,3,35.00,-35.00,35.28,-34.10,0.580,-0.613,-3825,3783,7.58,280.5,-98.841,160.771,1,1,1
80748949,79449,3,35.00,-35.00,36.56,-34.41,0.575,-0.612,-3798,3759,7.58,275.5,-100.915,159.762,1,1,1
80758952,79459,3,35.00,-35.00,35.70,-35.08,0.579,-0.611,-3775,3734,7.57,278.8,-100.183,158.761,1,1,1
80768964,79469,3,35.00,-35.00,34.66,-35.98,0.582,-0.607,-3753,3708,7.58,272.2,-98.415,157.778,1,1,1
80778964,79479,3,35.00,-35.00,33.49,-36.17,0.586,-0.605,-3732,3683,7.58,279.8,-96.646,156.812,1,1,1
80788970,79489,3,35.00,-35.00,33.55,-35.87,0.587,-0.606,-3709,3659,7.58,271.2,-96.951,155.844,1,1,1
80798979,79499,3,35.00,-35.00,34.91,-35.65,0.582,-0.607,-3683,3635,7.58,279.0,-97.622,154.868,1,1,1
80808979,79509,3,35.00,-35.00,34.54,-34.63,0.584,-0.610,-3660,3613,7.57,272.0,-99.268,153.876,1,1,1
80818985,79519,3,35.00,-35.00,34.73,-34.78,0.583,-0.610,-3636,3589,7.58,279.8,-101.280,152.864,1,1,1
80828986,79529,3,35.00,-35.00,34.42,-35.34,0.584,-0.607,-3613,3564,7.58,276.5,-104.634,151.819,1,1,1
80838997,79539,3,35.00,-35.00,35.08,-35.72,0.582,-0.606,-3588,3539,7.58,276.8,-108.415,150.736,1,1,1
80849008,79550,3,35.00,-35.00,35.10,-36.43,0.583,-0.604,-3564,3513,7.57,276.5,-110.000,149.636,1,1,1
80859016,79560,3,35.00,-35.00,34.68,-37.81,0.584,-0.598,-3541,3485,7.58,274.0,-107.012,148.567,1,1,1
80869019,79570,3,35.00,-35.00,33.50,-38.33,0.589,-0.594,-3520,3458,7.58,271.5,-103.720,147.531,1,1,1
80879031,79580,3,35.00,-35.00,33.56,-37.38,0.589,-0.596,-3497,3434,7.58,270.2,-99.634,146.535,1,1,1
80889032,79590,3,35.00,-35.00,34.04,-35.39,0.588,-0.603,-3473,3413,7.58,277.8,-93.598,145.600,1,1,1
80899034,79600,3,35.00,-35.00,34.37,-34.44,0.587,-0.607,-3449,3391,7.57,271.0,-91.159,144.689,1,1,1
80909042,79610,3,35.00,-35.00,34.17,-35.98,0.588,-0.601,-3426,3364,7.58,279.2,-94.329,143.747,1,1,1
80919049,79620,3,35.00,-35.00,34.47,-35.29,0.587,-0.603,-3402,3341,7.58,271.5,-100.793,142.740,1,1,1
80929055,79630,3,35.00,-35.00,35.55,-34.81,0.584,-0.605,-3376,3318,7.58,276.5,-103.049,141.710,1,1,1
80939055,79640,3,35.00,-35.00,36.31,-35.79,0.581,-0.602,-3350,3292,7.58,278.0,-102.134,140.689,1,1,1
80949064,79650,3,35.00,-35.00,34.65,-36.48,0.587,-0.598,-3329,3266,7.58,268.8,-101.402,139.676,1,1,1
80959077,79660,3,35.00,-35.00,34.36,-37.40,0.588,-0.594,-3306,3239,7.58,278.2,-97.195,138.705,1,1,1
80969085,79670,3,35.00,-35.00,34.16,-37.17,0.589,-0.594,-3283,3214,7.58,269.5,-91.037,137.796,1,1,1
80979085,79680,3,35.00,-35.00,34.46,-36.12,0.588,-0.597,-3259,3191,7.58,276.2,-86.890,136.927,1,1,1
80989088,79690,3,35.00,-35.00,34.67,-36.27,0.588,-0.596,-3235,3166,7.58,272.2,-88.659,136.042,1,1,1
80999100,79700,3,35.00,-35.00,34.81,-36.38,0.588,-0.595,-3211,3141,7.58,274.0,-93.293,135.110,1,1,1
81009100,79710,3,35.00,-35.00,34.48,-36.01,0.589,-0.596,-3188,3117,7.58,275.2,-98.537,134.125,1,1,1
81019113,79720,3,35.00,-35.00,35.12,-36.19,0.587,-0.595,-3163,3092,7.58,273.8,-100.732,133.118,1,1,1
81029116,79730,3,35.00,-35.00,35.57,-36.76,0.586,-0.593,-3138,3066,7.58,276.2,-100.244,132.117,1,1,1
81039128,79740,3,35.00,-35.00,37.64,-36.72,0.578,-0.593,-3109,3041,7.58,265.2,-98.598,131.132,1,1,1
81049141,79750,3,35.00,-35.00,36.46,-36.25,0.581,-0.594,-3086,3017,7.58,269.0,-94.146,130.191,1,1,1
81059141,79760,3,35.00,-35.00,34.75,-36.36,0.587,-0.593,-3065,2992,7.58,262.8,-88.537,129.306,1,1,1
81069150,79770,3,35.00,-35.00,34.43,-36.00,0.589,-0.594,-3042,2968,7.58,273.8,-82.500,128.482,1,1,1
81079156,79780,3,35.00,-35.00,35.09,-36.19,0.587,-0.593,-3017,2943,7.58,270.0,-81.585,127.667,1,1,1
81089156,79790,3,35.00,-35.00,35.55,-36.32,0.585,-0.592,-2992,2918,7.58,276.5,-88.598,126.782,1,1,1
81099165,79800,3,35.00,-35.00,35.43,-36.41,0.586,-0.591,-2968,2893,7.58,270.5,-96.037,125.823,1,1,1
81109173,79810,3,35.00,-35.00,35.79,-36.91,0.584,-0.589,-2943,2867,7.58,271.0,-102.378,124.800,1,1,1
81119180,79820,3,35.00,-35.00,36.48,-36.82,0.582,-0.589,-2917,2842,7.58,270.0,-106.098,123.739,1,1,1
81129188,79830,3,35.00,-35.00,36.08,-37.20,0.583,-0.587,-2893,2816,7.58,268.8,-105.915,122.681,1,1,1
81139193,79840,3,35.00,-35.00,35.80,-38.35,0.584,-0.583,-2869,2788,7.58,270.8,-101.463,121.667,1,1,1
81149195,79850,3,35.00,-35.00,35.17,-38.27,0.586,-0.583,-2846,2762,7.59,263.2,-94.085,120.727,1,1,1
81159208,79860,3,35.00,-35.00,35.17,-36.02,0.586,-0.590,-2822,2741,7.58,269.0,-88.293,119.845,1,1,1
81169219,79870,3,35.00,-35.00,35.60,-34.00,0.584,-0.597,-2797,2721,7.58,269.2,-85.366,118.992,1,1,1
81179226,79880,3,35.00,-35.00,35.91,-34.35,0.583,-0.597,-2772,2697,7.58,276.8,-84.756,118.145,1,1,1
81189234,79890,3,35.00,-35.00,35.68,-35.03,0.583,-0.594,-2748,2672,7.58,269.2,-87.866,117.268,1,1,1
81199247,79900,3,35.00,-35.00,35.96,-35.51,0.582,-0.592,-2723,2647,7.58,275.2,-93.537,116.333,1,1,1
81209253,79910,3,35.00,-35.00,36.16,-36.28,0.581,-0.590,-2698,2621,7.59,267.5,-96.951,115.364,1,1,1
81219256,79920,3,35.00,-35.00,37.62,-36.38,0.576,-0.590,-2670,2596,7.58,271.2,-96.951,114.396,1,1,1
81229262,79930,3,35.00,-35.00,36.00,-36.45,0.581,-0.589,-2648,2571,7.59,269.5,-95.305,113.443,1,1,1
81239268,79940,3,35.00,-35.00,35.31,-36.94,0.583,-0.587,-2625,2545,7.58,263.0,-91.707,112.527,1,1,1
81249269,79950,3,35.00,-35.00,34.82,-36.41,0.585,-0.589,-2602,2521,7.58,270.0,-87.134,111.657,1,1,1
81259277,79960,3,35.00,-35.00,35.36,-35.15,0.583,-0.594,-2577,2499,7.58,269.2,-82.317,110.834,1,1,1
81269284,79970,3,35.00,-35.00,35.74,-34.71,0.581,-0.595,-2552,2476,7.58,272.0,-81.159,110.023,1,1,1
81279284,79980,3,35.00,-35.00,36.00,-34.85,0.580,-0.595,-2527,2452,7.58,272.0,-86.098,109.163,1,1,1
81289292,79990,3,35.00,-35.00,35.75,-34.94,0.581,-0.594,-2503,2428,7.58,268.2,-92.378,108.240,1,1,1
81299292,80000,3,35.00,-35.00,36.01,-35.44,0.580,-0.593,-2478,2403,7.58,275.0,-97.439,107.267,1,1,1
81309301,80010,3,35.00,-35.00,37.51,-35.80,0.575,-0.592,-2450,2378,7.58,266.8,-99.573,106.272,1,1,1
81319313,80020,3,35.00,-35.00,39.44,-35.60,0.568,-0.593,-2420,2354,7.59,269.0,-98.049,105.292,1,1,1
81329323,80030,3,35.00,-35.00,37.28,-35.47,0.575,-0.593,-2398,2330,7.58,258.5,-95.244,104.341,1,1,1
81339332,80040,3,35.00,-35.00,36.20,-35.82,0.579,-0.592,-2375,2305,7.58,269.0,-91.402,103.427,1,1,1
81349344,80050,3,35.00,-35.00,33.69,-35.62,0.588,-0.592,-2356,2281,7.58,264.8,-86.220,102.566,1,1,1
81359355,80060,3,35.00,-35.00,34.13,-34.60,0.586,-0.596,-2332,2259,7.58,274.8,-78.598,101.781,1,1,1
81369362,80070,3,35.00,-35.00,34.88,-33.89,0.584,-0.599,-2307,2237,7.58,270.5,-71.646,101.065,1,1,1
81379367,80080,3,35.00,-35.00,34.96,-34.27,0.583,-0.598,-2283,2213,7.58,273.8,-74.695,100.319,1,1,1
81389368,80090,3,35.00,-35.00,35.46,-34.53,0.581,-0.597,-2258,2189,7.58,274.2,-83.476,99.485,1,1,1
81399374,80100,3,35.00,-35.00,36.25,-34.72,0.578,-0.597,-2232,2165,7.58,269.5,-91.159,98.574,1,1,1
81409374,80110,3,35.00,-35.00,35.92,-34.85,0.579,-0.596,-2208,2141,7.58,274.8,-96.037,97.615,1,1,1
81419374,80120,3,35.00,-35.00,37.45,-34.94,0.574,-0.597,-2180,2117,7.58,266.8,-97.561,96.640,1,1,1
81429374,80130,3,35.00,-35.00,35.88,-35.01,0.579,-0.596,-2158,2093,7.59,272.5,-94.512,95.696,1,1,1
81439385,80140,3,35.00,-35.00,33.91,-35.49,0.586,-0.594,-2138,2068,7.58,264.2,-91.159,94.785,1,1,1
81449398,80150,3,35.00,-35.00,34.28,-35.83,0.585,-0.593,-2114,2043,7.58,278.0,-85.183,93.934,1,1,1
81459404,80160,3,35.00,-35.00,34.54,-33.87,0.584,-0.599,-2090,2023,7.58,271.5,-78.902,93.146,1,1,1
81469405,80170,3,35.00,-35.00,34.73,-32.94,0.583,-0.603,-2066,2002,7.58,279.2,-80.000,92.346,1,1,1
81479407,80180,3,35.00,-35.00,35.30,-32.72,0.581,-0.605,-2041,1980,7.58,274.5,-83.049,91.517,1,1,1
81489416,80190,3,35.00,-35.00,35.69,-33.01,0.579,-0.605,-2016,1957,7.58,277.0,-87.134,90.646,1,1,1
81499429,80200,3,35.00,-35.00,37.29,-33.22,0.573,-0.606,-1988,1934,7.58,276.5,-91.463,89.732,1,1,1
81509429,80210,3,35.00,-35.00,35.77,-33.36,0.578,-0.605,-1966,1911,7.58,267.0,-92.378,88.809,1,1,1
81519431,80220,3,35.00,-35.00,34.27,-33.90,0.583,-0.603,-1945,1887,7.58,272.8,-90.976,87.900,1,1,1
81529435,80230,3,35.00,-35.00,33.66,-34.28,0.586,-0.602,-1923,1863,7.58,271.2,-86.037,87.041,1,1,1
81539438,80240,3,35.00,-35.00,33.67,-33.66,0.586,-0.605,-1900,1841,7.58,276.0,-81.646,86.225,1,1,1
81549438,80250,3,35.00,-35.00,34.11,-33.67,0.585,-0.605,-1876,1818,7.58,278.5,-81.037,85.416,1,1,1
81559450,80260,3,35.00,-35.00,34.43,-33.24,0.584,-0.607,-1852,1796,7.58,278.8,-83.232,84.584,1,1,1
81569461,80270,3,35.00,-35.00,34.21,-32.93,0.584,-0.609,-1829,1774,7.58,280.5,-85.427,83.731,1,1,1
81579474,80280,3,35.00,-35.00,34.49,-33.16,0.584,-0.609,-1805,1751,7.57,275.0,-88.537,82.846,1,1,1
81589474,80290,3,35.00,-35.00,34.69,-32.88,0.583,-0.611,-1781,1729,7.58,280.5,-92.134,81.926,1,1,1
81599481,80300,3,35.00,-35.00,34.83,-32.68,0.582,-0.612,-1757,1707,7.58,278.2,-94.085,80.986,1,1,1
81609481,80310,3,35.00,-35.00,34.93,-32.55,0.581,-0.613,-1733,1685,7.58,280.2,-95.366,80.033,1,1,1
81619489,80320,3,35.00,-35.00,34.56,-33.33,0.583,-0.611,-1710,1661,7.58,275.8,-95.000,79.084,1,1,1
81629498,80330,3,35.00,-35.00,33.86,-33.88,0.585,-0.609,-1688,1637,7.58,280.2,-91.402,78.170,1,1,1
81639499,80340,3,35.00,-35.00,33.81,-34.26,0.586,-0.609,-1665,1613,7.57,275.2,-88.232,77.289,1,1,1
81649505,80350,3,35.00,-35.00,33.77,-34.09,0.586,-0.609,-1642,1590,7.58,278.2,-85.549,76.434,1,1,1
81659511,80360,3,35.00,-35.00,33.75,-33.53,0.587,-0.611,-1619,1568,7.57,282.0,-85.000,75.585,1,1,1
81669511,80370,3,35.00,-35.00,34.17,-33.14,0.585,-0.613,-1595,1546,7.58,279.8,-87.317,74.713,1,1,1
81679520,80380,3,35.00,-35.00,34.91,-33.74,0.583,-0.612,-1570,1522,7.58,284.8,-90.488,73.809,1,1,1
81689529,80390,3,35.00,-35.00,35.42,-33.73,0.581,-0.612,-1545,1499,7.58,276.0,-94.695,72.862,1,1,1
81699541,80400,3,35.00,-35.00,37.54,-33.72,0.573,-0.614,-1516,1476,7.58,280.2,-97.927,71.884,1,1,1
81709544,80410,3,35.00,-35.00,36.82,-33.71,0.575,-0.614,-1492,1453,7.58,273.2,-98.110,70.904,1,1,1
81719544,80420,3,35.00,-35.00,35.01,-34.58,0.581,-0.611,-1471,1428,7.58,278.8,-96.524,69.939,1,1,1
81729544,80430,3,35.00,-35.00,32.85,-35.19,0.589,-0.608,-1452,1403,7.58,273.2,-91.890,69.021,1,1,1
81739556,80440,3,35.00,-35.00,33.10,-34.74,0.588,-0.610,-1429,1380,7.57,281.5,-86.768,68.154,1,1,1
81749557,80450,3,35.00,-35.00,33.72,-34.43,0.587,-0.612,-1405,1357,7.57,279.0,-85.488,67.300,1,1,1
81759559,80460,3,35.00,-35.00,34.15,-34.65,0.586,-0.611,-1381,1333,7.58,280.2,-90.061,66.400,1,1,1
81769559,80470,3,35.00,-35.00,34.45,-35.24,0.585,-0.609,-1357,1308,7.57,280.0,-95.854,65.443,1,1,1
81779565,80480,3,35.00,-35.00,33.35,-35.21,0.589,-0.608,-1336,1284,7.57,275.8,-99.695,64.447,1,1,1
81789565,80490,3,35.00,-35.00,35.65,-35.64,0.582,-0.607,-1308,1259,7.57,282.8,-103.841,63.409,1,1,1
81799579,80500,3,35.00,-35.00,35.94,-35.93,0.580,-0.606,-1283,1234,7.58,275.2,-105.793,62.352,1,1,1
81809587,80510,3,35.00,-35.00,35.26,-36.58,0.583,-0.603,-1260,1208,7.58,274.2,-105.915,61.293,1,1,1
81819589,80520,3,35.00,-35.00,34.79,-37.03,0.585,-0.601,-1237,1182,7.58,276.5,-102.134,60.273,1,1,1
81829589,80530,3,35.00,-35.00,34.46,-36.03,0.586,-0.604,-1214,1159,7.58,273.0,-95.549,59.318,1,1,1
81839595,80540,3,35.00,-35.00,35.11,-35.77,0.584,-0.604,-1189,1135,7.58,279.0,-92.012,58.399,1,1,1
81849607,80550,3,35.00,-35.00,35.12,-36.02,0.584,-0.604,-1165,1110,7.57,273.2,-91.037,57.489,1,1,1
81859609,80560,3,35.00,-35.00,35.13,-36.64,0.584,-0.601,-1141,1084,7.58,277.2,-95.610,56.534,1,1,1
81869621,80570,3,35.00,-35.00,35.14,-36.64,0.584,-0.600,-1117,1059,7.58,271.2,-100.732,55.528,1,1,1
81879633,80580,3,35.00,-35.00,35.15,-36.63,0.584,-0.599,-1093,1034,7.58,276.8,-102.317,54.505,1,1,1
81889637,80590,3,35.00,-35.00,35.15,-35.75,0.584,-0.602,-1069,1011,7.58,271.0,-102.378,53.482,1,1,1
81899645,80600,3,35.00,-35.00,35.15,-35.57,0.584,-0.603,-1045,987,7.58,277.8,-102.134,52.462,1,1,1
81909655,80610,3,35.00,-35.00,34.27,-36.77,0.587,-0.597,-1023,960,7.58,272.0,-101.098,51.452,1,1,1
81919668,80620,3,35.00,-35.00,34.54,-37.16,0.587,-0.596,-999,934,7.58,273.8,-99.207,50.460,1,1,1
81929670,80630,3,35.00,-35.00,34.72,-36.56,0.586,-0.597,-975,910,7.58,273.8,-97.744,49.484,1,1,1
81939670,80640,3,35.00,-35.00,35.29,-35.70,0.585,-0.600,-950,887,7.58,272.2,-95.366,48.531,1,1,1
81949678,80650,3,35.00,-35.00,35.25,-35.54,0.585,-0.600,-926,863,7.58,275.5,-96.341,47.568,1,1,1
81959678,80660,3,35.00,-35.00,35.22,-36.30,0.585,-0.597,-902,837,7.58,270.8,-98.293,46.586,1,1,1
81969683,80670,3,35.00,-35.00,35.64,-36.40,0.584,-0.597,-877,812,7.58,272.8,-100.427,45.583,1,1,1
81979685,80680,3,35.00,-35.00,35.06,-36.02,0.585,-0.597,-854,788,7.58,270.2,-100.976,44.574,1,1,1
81989693,80690,3,35.00,-35.00,35.09,-36.20,0.585,-0.596,-830,763,7.58,276.5,-101.402,43.561,1,1,1
81999704,80700,3,35.00,-35.00,35.55,-35.89,0.584,-0.597,-805,739,7.58,270.2,-101.890,42.542,1,1,1
82009713,80710,3,35.00,-35.00,34.99,-36.11,0.586,-0.596,-782,714,7.58,276.2,-103.415,41.509,1,1,1
82019715,80720,3,35.00,-35.00,34.60,-37.14,0.587,-0.591,-759,687,7.58,271.0,-102.744,40.482,1,1,1
82029728,80730,3,35.00,-35.00,34.77,-35.23,0.587,-0.598,-735,666,7.58,273.2,-100.671,39.477,1,1,1
82039736,80740,3,35.00,-35.00,34.88,-34.77,0.586,-0.599,-711,643,7.58,274.2,-98.354,38.494,1,1,1
82049746,80750,3,35.00,-35.00,35.41,-35.32,0.585,-0.598,-686,618,7.58,274.2,-97.073,37.524,1,1,1
82059751,80760,3,35.00,-35.00,35.33,-35.27,0.585,-0.598,-662,594,7.58,276.5,-100.183,36.523,1,1,1
82069754,80770,3,35.00,-35.00,35.72,-35.24,0.583,-0.598,-637,570,7.58,271.0,-103.476,35.489,1,1,1
82079754,80780,3,35.00,-35.00,35.55,-35.21,0.583,-0.598,-613,546,7.58,275.2,-103.841,34.451,1,1,1
82089761,80790,3,35.00,-35.00,35.87,-35.20,0.582,-0.598,-588,522,7.58,273.5,-104.146,33.411,1,1,1
82099773,80800,3,35.00,-35.00,34.78,-35.62,0.586,-0.596,-566,497,7.58,269.8,-104.634,32.365,1,1,1
82109774,80810,3,35.00,-35.00,34.89,-36.80,0.586,-0.592,-542,470,7.58,275.5,-102.683,31.339,1,1,1
82119788,80820,3,35.00,-35.00,35.41,-34.99,0.584,-0.598,-517,449,7.58,266.5,-100.427,30.336,1,1,1
82129800,80830,3,35.00,-35.00,35.33,-34.60,0.584,-0.599,-493,426,7.58,277.0,-100.732,29.329,1,1,1
82139806,80840,3,35.00,-35.00,35.28,-33.45,0.584,-0.604,-469,405,7.58,270.5,-97.561,28.354,1,1,1
82149812,80850,3,35.00,-35.00,35.68,-33.52,0.582,-0.604,-444,382,7.58,280.8,-96.098,27.394,1,1,1
82159812,80860,3,35.00,-35.00,35.52,-34.01,0.582,-0.603,-420,358,7.58,270.0,-98.110,26.414,1,1,1
82169819,80870,3,35.00,-35.00,35.85,-33.92,0.581,-0.604,-395,335,7.58,275.5,-99.939,25.415,1,1,1
82179822,80880,3,35.00,-35.00,36.08,-34.29,0.580,-0.603,-370,311,7.58,273.0,-100.976,24.406,1,1,1
82189827,80890,3,35.00,-35.00,35.37,-34.55,0.582,-0.602,-347,287,7.58,271.8,-100.671,23.400,1,1,1
82199837,80900,3,35.00,-35.00,34.42,-34.73,0.585,-0.601,-325,263,7.58,274.5,-97.500,22.426,1,1,1
82209850,80910,3,35.00,-35.00,34.64,-33.98,0.584,-0.604,-301,241,7.58,272.5,-99.451,21.433,1,1,1
82219852,80920,3,35.00,-35.00,34.80,-33.45,0.584,-0.606,-277,219,7.58,281.0,-102.073,20.413,1,1,1
82229860,80930,3,35.00,-35.00,35.78,-33.52,0.580,-0.607,-251,196,7.57,273.8,-104.024,19.373,1,1,1
82239864,80940,3,35.00,-35.00,35.60,-33.57,0.580,-0.607,-227,173,7.58,279.8,-105.671,18.317,1,1,1
82249867,80950,3,35.00,-35.00,34.58,-34.05,0.584,-0.606,-205,149,7.57,272.0,-104.085,17.277,1,1,1
82259867,80960,3,35.00,-35.00,34.32,-33.94,0.585,-0.607,-182,126,7.58,281.0,-101.524,16.263,1,1,1
