17:36:57.267 > TimeMs,Phase,PwmL,PwmR,StepsL,StepsR,RpmL,RpmR
17:36:57.268 > 0,0,0.000,0.000,0,0,0.0,0.0
17:36:57.280 > 12,0,0.000,0.000,1,0,0.0,0.0
17:36:57.291 > 23,0,0.000,0.000,1,0,0.0,0.0
17:36:57.302 > 34,0,0.000,0.000,1,0,0.0,0.0
17:36:57.313 > 45,0,0.000,0.000,1,0,0.0,0.0
17:36:57.324 > 56,0,0.000,0.000,1,0,0.3,0.0
17:36:57.335 > 67,0,0.000,0.000,0,-1,0.3,0.0
17:36:57.346 > 78,0,0.000,0.000,1,0,0.3,0.0
17:36:57.357 > 89,0,0.000,0.000,0,0,0.3,0.0
17:36:57.368 > 100,0,0.000,0.000,1,0,0.3,0.0
17:36:57.379 > 111,0,0.000,0.000,0,0,-0.3,0.0
17:36:57.390 > 122,0,0.000,0.000,1,-1,-0.3,0.0
17:36:57.401 > 133,0,0.000,0.000,1,0,-0.3,0.0
17:36:57.412 > 144,0,0.000,0.000,1,0,-0.3,0.0
17:36:57.423 > 155,0,0.000,0.000,1,0,-0.3,0.0
17:36:57.434 > 166,0,0.000,0.000,1,0,0.3,0.0
17:36:57.445 > 177,0,0.000,0.000,1,0,0.3,0.0
17:36:57.456 > 188,0,0.000,0.000,0,0,0.3,0.0
17:36:57.467 > 199,0,0.000,0.000,0,0,0.3,0.0
17:36:57.478 > 210,0,0.000,0.000,1,0,0.3,0.0
17:36:57.489 > 221,0,0.000,0.000,1,0,0.0,0.0
17:36:57.500 > 232,0,0.000,0.000,1,0,0.0,0.0
17:36:57.511 > 243,0,0.000,0.000,1,0,0.0,0.0
17:36:57.522 > 254,0,0.000,0.000,0,0,0.0,0.0
17:36:57.533 > 265,0,0.000,0.000,0,0,0.0,0.0
17:36:57.544 > 276,0,0.000,0.000,1,-1,0.0,-0.3
17:36:57.555 > 287,0,0.000,0.000,1,0,0.0,-0.3
17:36:57.566 > 298,0,0.000,0.000,1,-1,0.0,-0.3
17:36:57.577 > 309,0,0.000,0.000,0,-1,0.0,-0.3
17:36:57.588 > 320,0,0.000,0.000,1,0,0.0,-0.3
17:36:57.599 > 331,0,0.000,0.000,0,-1,-0.3,0.0
17:36:57.610 > 342,0,0.000,0.000,1,-1,-0.3,0.0
17:36:57.621 > 353,0,0.000,0.000,1,-1,-0.3,0.0
17:36:57.632 > 364,0,0.000,0.000,1,0,-0.3,0.0
17:36:57.643 > 375,0,0.000,0.000,1,-1,-0.3,0.0
17:36:57.654 > 386,0,0.000,0.000,1,0,0.3,0.3
17:36:57.665 > 397,0,0.000,0.000,1,0,0.3,0.3
17:36:57.676 > 408,0,0.000,0.000,1,0,0.3,0.3
17:36:57.687 > 419,0,0.000,0.000,0,-1,0.3,0.3
17:36:57.698 > 430,0,0.000,0.000,0,0,0.3,0.3
17:36:57.709 > 441,0,0.000,0.000,0,0,-0.3,0.0
17:36:57.720 > 452,0,0.000,0.000,1,-1,-0.3,0.0
17:36:57.731 > 463,0,0.000,0.000,1,0,-0.3,0.0
17:36:57.742 > 474,0,0.000,0.000,1,0,-0.3,0.0
17:36:57.753 > 485,0,0.000,0.000,1,0,-0.3,0.0
17:36:57.764 > 496,0,0.000,0.000,0,-1,0.0,-0.3
17:36:57.775 > 507,0,0.000,0.000,1,0,0.0,-0.3
17:36:57.786 > 518,0,0.000,0.000,0,-1,0.0,-0.3
17:36:57.797 > 529,0,0.000,0.000,0,0,0.0,-0.3
17:36:57.808 > 540,0,0.000,0.000,1,0,0.0,-0.3
17:36:57.819 > 551,0,0.000,0.000,0,0,0.0,0.3
17:36:57.830 > 562,0,0.000,0.000,1,0,0.0,0.3
17:36:57.841 > 573,0,0.000,0.000,0,0,0.0,0.3
17:36:57.852 > 584,0,0.000,0.000,0,0,0.0,0.3
17:36:57.863 > 595,0,0.000,0.000,0,0,0.0,0.3
17:36:57.874 > 606,0,0.000,0.000,1,0,0.3,0.0
17:36:57.885 > 617,0,0.000,0.000,1,-1,0.3,0.0
17:36:57.896 > 628,0,0.000,0.000,1,-1,0.3,0.0
17:36:57.907 > 639,0,0.000,0.000,1,0,0.3,0.0
17:36:57.918 > 650,0,0.000,0.000,0,0,0.3,0.0
17:36:57.929 > 661,0,0.000,0.000,0,0,-0.3,0.0
17:36:57.940 > 672,0,0.000,0.000,1,0,-0.3,0.0
17:36:57.951 > 683,0,0.000,0.000,1,0,-0.3,0.0
17:36:57.962 > 694,0,0.000,0.000,1,-1,-0.3,0.0
17:36:57.973 > 705,0,0.000,0.000,1,0,-0.3,0.0
17:36:57.984 > 716,0,0.000,0.000,1,0,0.3,0.0
17:36:57.995 > 727,0,0.000,0.000,1,0,0.3,0.0
17:36:58.006 > 738,0,0.000,0.000,0,0,0.3,0.0
17:36:58.017 > 749,0,0.000,0.000,1,0,0.3,0.0
17:36:58.028 > 760,0,0.000,0.000,1,-1,0.3,0.0
17:36:58.051 > 771,0,0.000,0.000,0,0,-0.3,0.0
17:36:58.069 > 782,0,0.000,0.000,1,0,-0.3,0.0
17:36:58.069 > 793,0,0.000,0.000,1,0,-0.3,0.0
17:36:58.072 > 804,0,0.000,0.000,0,0,-0.3,0.0
17:36:58.083 > 815,0,0.000,0.000,0,0,-0.3,0.0
17:36:58.094 > 826,0,0.000,0.000,1,0,0.3,0.0
17:36:58.105 > 837,0,0.000,0.000,0,0,0.3,0.0
17:36:58.116 > 848,0,0.000,0.000,0,0,0.3,0.0
17:36:58.127 > 859,0,0.000,0.000,1,0,0.3,0.0
17:36:58.138 > 870,0,0.000,0.000,1,0,0.3,0.0
17:36:58.149 > 881,0,0.000,0.000,1,0,0.0,0.0
17:36:58.160 > 892,0,0.000,0.000,1,0,0.0,0.0
17:36:58.171 > 903,0,0.000,0.000,1,0,0.0,0.0
17:36:58.182 > 914,0,0.000,0.000,1,0,0.0,0.0
17:36:58.193 > 925,0,0.000,0.000,1,0,0.0,0.0
17:36:58.204 > 936,0,0.000,0.000,1,0,0.0,0.0
17:36:58.215 > 947,0,0.000,0.000,1,-1,0.0,0.0
17:36:58.226 > 958,0,0.000,0.000,0,0,0.0,0.0
17:36:58.237 > 969,0,0.000,0.000,1,0,0.0,0.0
17:36:58.248 > 980,0,0.000,0.000,1,0,0.0,0.0
17:36:58.259 > 991,0,0.000,0.000,0,0,-0.3,0.0
17:36:58.270 > 1002,0,0.000,0.000,1,0,-0.3,0.0
17:36:58.281 > 1013,0,0.000,0.000,1,0,-0.3,0.0
17:36:58.292 > 1024,0,0.000,0.000,0,0,-0.3,0.0
17:36:58.303 > 1035,0,0.000,0.000,1,-1,-0.3,0.0
17:36:58.314 > 1046,0,0.000,0.000,1,-1,0.3,-0.3
17:36:58.325 > 1057,0,0.000,0.000,1,0,0.3,-0.3
17:36:58.336 > 1068,0,0.000,0.000,1,0,0.3,-0.3
17:36:58.347 > 1079,0,0.000,0.000,1,0,0.3,-0.3
17:36:58.358 > 1090,0,0.000,0.000,0,0,0.3,-0.3
17:36:58.369 > 1101,0,0.000,0.000,1,0,0.0,0.3
17:36:58.380 > 1112,0,0.000,0.000,0,0,0.0,0.3
17:36:58.391 > 1123,0,0.000,0.000,1,0,0.0,0.3
17:36:58.402 > 1134,0,0.000,0.000,1,0,0.0,0.3
17:36:58.413 > 1145,0,0.000,0.000,0,-1,0.0,0.3
17:36:58.424 > 1156,0,0.000,0.000,0,0,-0.3,0.0
17:36:58.435 > 1167,0,0.000,0.000,1,-1,-0.3,0.0
17:36:58.446 > 1178,0,0.000,0.000,0,0,-0.3,0.0
17:36:58.457 > 1189,0,0.000,0.000,1,0,-0.3,0.0
17:36:58.468 > 1200,0,0.000,0.000,1,0,-0.3,0.0
17:36:58.479 > 1211,0,0.000,0.000,1,0,0.3,0.0
17:36:58.490 > 1222,0,0.000,0.000,0,0,0.3,0.0
17:36:58.501 > 1233,0,0.000,0.000,0,0,0.3,0.0
17:36:58.512 > 1244,0,0.000,0.000,1,-1,0.3,0.0
17:36:58.523 > 1255,0,0.000,0.000,1,0,0.3,0.0
17:36:58.534 > 1266,0,0.000,0.000,1,0,0.0,0.0
17:36:58.545 > 1277,0,0.000,0.000,0,0,0.0,0.0
17:36:58.556 > 1288,0,0.000,0.000,1,0,0.0,0.0
17:36:58.567 > 1299,0,0.000,0.000,1,0,0.0,0.0
17:36:58.578 > 1310,0,0.000,0.000,1,0,0.0,0.0
17:36:58.589 > 1321,0,0.000,0.000,1,0,0.0,0.0
17:36:58.600 > 1332,0,0.000,0.000,1,0,0.0,0.0
17:36:58.611 > 1343,0,0.000,0.000,1,0,0.0,0.0
17:36:58.622 > 1354,0,0.000,0.000,0,0,0.0,0.0
17:36:58.633 > 1365,0,0.000,0.000,1,-1,0.0,0.0
17:36:58.644 > 1376,0,0.000,0.000,1,0,0.0,0.0
17:36:58.655 > 1387,0,0.000,0.000,1,0,0.0,0.0
17:36:58.666 > 1398,0,0.000,0.000,0,0,0.0,0.0
17:36:58.677 > 1409,0,0.000,0.000,1,0,0.0,0.0
17:36:58.688 > 1420,0,0.000,0.000,1,0,0.0,0.0
17:36:58.699 > 1431,0,0.000,0.000,1,0,0.0,0.0
17:36:58.710 > 1442,0,0.000,0.000,1,0,0.0,0.0
17:36:58.721 > 1453,0,0.000,0.000,1,0,0.0,0.0
17:36:58.732 > 1464,0,0.000,0.000,0,0,0.0,0.0
17:36:58.743 > 1475,0,0.000,0.000,1,0,0.0,0.0
17:36:58.754 > 1486,0,0.000,0.000,1,0,0.0,0.0
17:36:58.765 > 1497,0,0.000,0.000,1,0,0.0,0.0
17:36:58.776 > 1508,0,0.000,0.000,1,0,0.0,0.0
17:36:58.787 > 1519,0,0.000,0.000,0,0,0.0,0.0
17:36:58.798 > 1530,0,0.000,0.000,1,-1,0.0,0.0
17:36:58.809 > 1541,0,0.000,0.000,0,-1,-0.3,-0.3
17:36:58.820 > 1552,0,0.000,0.000,1,0,-0.3,-0.3
17:36:58.831 > 1563,0,0.000,0.000,1,0,-0.3,-0.3
17:36:58.842 > 1574,0,0.000,0.000,1,0,-0.3,-0.3
17:36:58.853 > 1585,0,0.000,0.000,1,0,-0.3,-0.3
17:36:58.864 > 1596,0,0.000,0.000,0,0,0.0,0.3
17:36:58.875 > 1607,0,0.000,0.000,0,0,0.0,0.3
17:36:58.886 > 1618,0,0.000,0.000,0,-1,0.0,0.3
17:36:58.897 > 1629,0,0.000,0.000,1,0,0.0,0.3
17:36:58.908 > 1640,0,0.000,0.000,1,0,0.0,0.3
17:36:58.919 > 1651,0,0.000,0.000,1,0,0.3,0.0
17:36:58.930 > 1662,0,0.000,0.000,1,-1,0.3,0.0
17:36:58.941 > 1673,0,0.000,0.000,1,0,0.3,0.0
17:36:58.952 > 1684,0,0.000,0.000,1,0,0.3,0.0
17:36:58.963 > 1695,0,0.000,0.000,1,0,0.3,0.0
17:36:58.974 > 1706,0,0.000,0.000,0,0,-0.3,0.0
17:36:58.985 > 1717,0,0.000,0.000,1,0,-0.3,0.0
17:36:58.996 > 1728,0,0.000,0.000,0,-1,-0.3,0.0
17:36:59.007 > 1739,0,0.000,0.000,1,-1,-0.3,0.0
17:36:59.018 > 1750,0,0.000,0.000,0,-1,-0.3,0.0
17:36:59.035 > 1761,0,0.000,0.000,0,0,0.0,0.0
17:36:59.052 > 1772,0,0.000,0.000,0,0,0.0,0.0
17:36:59.053 > 1783,0,0.000,0.000,1,0,0.0,0.0
17:36:59.062 > 1794,0,0.000,0.000,1,0,0.0,0.0
17:36:59.073 > 1805,0,0.000,0.000,1,0,0.0,0.0
17:36:59.084 > 1816,0,0.000,0.000,0,0,0.0,0.0
17:36:59.095 > 1827,0,0.000,0.000,1,0,0.0,0.0
17:36:59.106 > 1838,0,0.000,0.000,0,0,0.0,0.0
17:36:59.117 > 1849,0,0.000,0.000,1,0,0.0,0.0
17:36:59.128 > 1860,0,0.000,0.000,1,0,0.0,0.0
17:36:59.139 > 1871,0,0.000,0.000,1,0,0.3,0.0
17:36:59.150 > 1882,0,0.000,0.000,1,-1,0.3,0.0
17:36:59.161 > 1893,0,0.000,0.000,1,0,0.3,0.0
17:36:59.172 > 1904,0,0.000,0.000,1,0,0.3,0.0
17:36:59.183 > 1915,0,0.000,0.000,1,0,0.3,0.0
17:36:59.194 > 1926,0,0.000,0.000,0,0,-0.3,0.0
17:36:59.205 > 1937,0,0.000,0.000,0,-1,-0.3,0.0
17:36:59.216 > 1948,0,0.000,0.000,0,-1,-0.3,0.0
17:36:59.227 > 1959,0,0.000,0.000,0,0,-0.3,0.0
17:36:59.238 > 1970,0,0.000,0.000,1,0,-0.3,0.0
17:36:59.249 > 1981,0,0.000,0.000,1,0,0.3,0.0
17:36:59.260 > 1992,0,0.000,0.000,1,-1,0.3,0.0
17:36:59.271 > 2003,0,0.000,0.000,1,0,0.3,0.0
17:36:59.282 > 2014,0,0.000,0.000,0,0,0.3,0.0
17:36:59.293 > 2025,0,0.000,0.000,0,0,0.3,0.0
17:36:59.304 > 2036,0,0.000,0.000,1,0,0.0,0.0
17:36:59.315 > 2047,0,0.000,0.000,1,0,0.0,0.0
17:36:59.326 > 2058,0,0.000,0.000,1,0,0.0,0.0
17:36:59.337 > 2069,0,0.000,0.000,0,-1,0.0,0.0
17:36:59.348 > 2080,0,0.000,0.000,1,0,0.0,0.0
17:36:59.359 > 2091,0,0.000,0.000,1,0,0.0,0.0
17:36:59.370 > 2102,0,0.000,0.000,0,0,0.0,0.0
17:36:59.381 > 2113,0,0.000,0.000,1,0,0.0,0.0
17:36:59.392 > 2124,0,0.000,0.000,1,0,0.0,0.0
17:36:59.403 > 2135,0,0.000,0.000,1,0,0.0,0.0
17:36:59.414 > 2146,0,0.000,0.000,1,0,0.0,0.0
17:36:59.425 > 2157,0,0.000,0.000,1,-1,0.0,0.0
17:36:59.436 > 2168,0,0.000,0.000,0,0,0.0,0.0
17:36:59.447 > 2179,0,0.000,0.000,1,0,0.0,0.0
17:36:59.458 > 2190,0,0.000,0.000,1,0,0.0,0.0
17:36:59.469 > 2201,0,0.000,0.000,1,0,0.0,0.0
17:36:59.480 > 2212,0,0.000,0.000,1,0,0.0,0.0
17:36:59.491 > 2223,0,0.000,0.000,0,0,0.0,0.0
17:36:59.502 > 2234,0,0.000,0.000,0,0,0.0,0.0
17:36:59.513 > 2245,0,0.000,0.000,1,-1,0.0,0.0
17:36:59.524 > 2256,0,0.000,0.000,1,0,0.0,0.0
17:36:59.535 > 2267,0,0.000,0.000,0,0,0.0,0.0
17:36:59.546 > 2278,0,0.000,0.000,1,0,0.0,0.0
17:36:59.557 > 2289,0,0.000,0.000,1,0,0.0,0.0
17:36:59.568 > 2300,0,0.000,0.000,1,0,0.0,0.0
17:36:59.579 > 2311,0,0.000,0.000,1,0,0.0,0.0
17:36:59.590 > 2322,0,0.000,0.000,1,0,0.0,0.0
17:36:59.601 > 2333,0,0.000,0.000,1,0,0.0,0.0
17:36:59.612 > 2344,0,0.000,0.000,1,-1,0.0,0.0
17:36:59.623 > 2355,0,0.000,0.000,1,0,0.0,0.0
17:36:59.634 > 2366,0,0.000,0.000,1,0,0.0,0.0
17:36:59.645 > 2377,0,0.000,0.000,1,-1,0.0,0.0
17:36:59.656 > 2388,0,0.000,0.000,1,-1,0.0,0.0
17:36:59.667 > 2399,0,0.000,0.000,1,0,0.0,0.0
17:36:59.678 > 2410,0,0.000,0.000,0,0,0.0,0.0
17:36:59.689 > 2421,0,0.000,0.000,1,0,0.0,0.0
17:36:59.700 > 2432,0,0.000,0.000,1,0,0.0,0.0
17:36:59.711 > 2443,0,0.000,0.000,0,0,0.0,0.0
17:36:59.722 > 2454,0,0.000,0.000,0,0,0.0,0.0
17:36:59.733 > 2465,0,0.000,0.000,1,-1,0.0,0.0
17:36:59.744 > 2476,0,0.000,0.000,0,0,-0.3,0.0
17:36:59.755 > 2487,0,0.000,0.000,1,0,-0.3,0.0
17:36:59.766 > 2498,0,0.000,0.000,1,0,-0.3,0.0
17:36:59.777 > 2509,0,0.000,0.000,0,0,-0.3,0.0
17:36:59.788 > 2520,0,0.000,0.000,1,0,-0.3,0.0
17:36:59.799 > 2531,0,0.000,0.000,0,-1,0.0,-0.3
17:36:59.810 > 2542,0,0.000,0.000,0,0,0.0,-0.3
17:36:59.821 > 2553,0,0.000,0.000,1,0,0.0,-0.3
17:36:59.832 > 2564,0,0.000,0.000,1,0,0.0,-0.3
17:36:59.843 > 2575,0,0.000,0.000,0,0,0.0,-0.3
17:36:59.854 > 2586,0,0.000,0.000,1,0,0.3,0.3
17:36:59.865 > 2597,0,0.000,0.000,1,0,0.3,0.3
17:36:59.876 > 2608,0,0.000,0.000,0,0,0.3,0.3
17:36:59.887 > 2619,0,0.000,0.000,1,0,0.3,0.3
17:36:59.898 > 2630,0,0.000,0.000,1,0,0.3,0.3
17:36:59.909 > 2641,0,0.000,0.000,1,-1,0.0,-0.3
17:36:59.920 > 2652,0,0.000,0.000,1,0,0.0,-0.3
17:36:59.931 > 2663,0,0.000,0.000,1,0,0.0,-0.3
17:36:59.942 > 2674,0,0.000,0.000,1,0,0.0,-0.3
17:36:59.953 > 2685,0,0.000,0.000,1,0,0.0,-0.3
17:36:59.964 > 2696,0,0.000,0.000,1,0,0.0,0.3
17:36:59.975 > 2707,0,0.000,0.000,0,0,0.0,0.3
17:36:59.986 > 2718,0,0.000,0.000,1,0,0.0,0.3
17:36:59.997 > 2729,0,0.000,0.000,1,0,0.0,0.3
17:37:00.008 > 2740,0,0.000,0.000,0,0,0.0,0.3
17:37:00.019 > 2751,0,0.000,0.000,1,0,0.0,0.0
17:37:00.030 > 2762,0,0.000,0.000,1,0,0.0,0.0
17:37:00.054 > 2773,0,0.000,0.000,1,0,0.0,0.0
17:37:00.054 > 2784,0,0.000,0.000,1,0,0.0,0.0
17:37:00.072 > 2795,0,0.000,0.000,1,0,0.0,0.0
17:37:00.074 > 2806,0,0.000,0.000,1,-1,0.0,-0.3
17:37:00.085 > 2817,0,0.000,0.000,0,0,0.0,-0.3
17:37:00.096 > 2828,0,0.000,0.000,0,0,0.0,-0.3
17:37:00.107 > 2839,0,0.000,0.000,1,0,0.0,-0.3
17:37:00.118 > 2850,0,0.000,0.000,1,0,0.0,-0.3
17:37:00.129 > 2861,0,0.000,0.000,0,0,-0.3,0.3
17:37:00.140 > 2872,0,0.000,0.000,1,0,-0.3,0.3
17:37:00.151 > 2883,0,0.000,0.000,0,-1,-0.3,0.3
17:37:00.162 > 2894,0,0.000,0.000,1,0,-0.3,0.3
17:37:00.173 > 2905,0,0.000,0.000,0,-1,-0.3,0.3
17:37:00.184 > 2916,0,0.000,0.000,0,0,0.0,0.0
17:37:00.195 > 2927,0,0.000,0.000,0,0,0.0,0.0
17:37:00.206 > 2938,0,0.000,0.000,1,0,0.0,0.0
17:37:00.217 > 2949,0,0.000,0.000,0,0,0.0,0.0
17:37:00.228 > 2960,0,0.000,0.000,1,0,0.0,0.0
17:37:00.239 > 2971,0,0.000,0.000,1,0,0.3,0.0
17:37:00.250 > 2982,0,0.000,0.000,1,0,0.3,0.0
17:37:00.261 > 2993,0,0.000,0.000,1,-1,0.3,0.0
17:37:00.272 > 3004,1,0.000,0.000,0,-1,0.3,0.0
17:37:00.283 > 3015,1,0.001,0.000,1,-1,0.3,0.0
17:37:00.294 > 3026,1,0.002,0.000,1,0,0.0,0.0
17:37:00.305 > 3037,1,0.003,0.000,1,0,0.0,0.0
17:37:00.316 > 3048,1,0.004,0.000,1,0,0.0,0.0
17:37:00.327 > 3059,1,0.005,0.000,1,0,0.0,0.0
17:37:00.338 > 3070,1,0.006,0.000,1,0,0.0,0.0
17:37:00.349 > 3081,1,0.007,0.000,1,-1,0.0,-0.3
17:37:00.360 > 3092,1,0.008,0.000,0,-1,0.0,-0.3
17:37:00.371 > 3103,1,0.009,0.000,0,-1,0.0,-0.3
17:37:00.382 > 3114,1,0.009,0.000,1,0,0.0,-0.3
17:37:00.393 > 3125,1,0.010,0.000,1,0,0.0,-0.3
17:37:00.404 > 3136,1,0.011,0.000,0,0,-0.3,0.3
17:37:00.415 > 3147,1,0.012,0.000,0,0,-0.3,0.3
17:37:00.426 > 3158,1,0.013,0.000,1,0,-0.3,0.3
17:37:00.437 > 3169,1,0.014,0.000,0,0,-0.3,0.3
17:37:00.448 > 3180,1,0.015,0.000,0,0,-0.3,0.3
17:37:00.459 > 3191,1,0.016,0.000,1,-1,0.3,-0.3
17:37:00.470 > 3202,1,0.017,0.000,1,0,0.3,-0.3
17:37:00.481 > 3213,1,0.018,0.000,1,-1,0.3,-0.3
17:37:00.492 > 3224,1,0.019,0.000,1,-1,0.3,-0.3
17:37:00.503 > 3235,1,0.020,0.000,1,-1,0.3,-0.3
17:37:00.514 > 3246,1,0.021,0.000,1,0,0.0,0.3
17:37:00.525 > 3257,1,0.021,0.000,1,-1,0.0,0.3
17:37:00.536 > 3268,1,0.022,0.000,1,0,0.0,0.3
17:37:00.547 > 3279,1,0.023,0.000,0,0,0.0,0.3
17:37:00.558 > 3290,1,0.024,0.000,1,0,0.0,0.3
17:37:00.569 > 3301,1,0.025,0.000,1,0,0.0,0.0
17:37:00.580 > 3312,1,0.026,0.000,0,-1,0.0,0.0
17:37:00.591 > 3323,1,0.027,0.000,1,-1,0.0,0.0
17:37:00.602 > 3334,1,0.028,0.000,1,0,0.0,0.0
17:37:00.613 > 3345,1,0.029,0.000,1,0,0.0,0.0
17:37:00.624 > 3356,1,0.030,0.000,0,0,-0.3,0.0
17:37:00.635 > 3367,1,0.031,0.000,0,0,-0.3,0.0
17:37:00.646 > 3378,1,0.032,0.000,1,0,-0.3,0.0
17:37:00.657 > 3389,1,0.032,0.000,1,-1,-0.3,0.0
17:37:00.668 > 3400,1,0.033,0.000,1,0,-0.3,0.0
17:37:00.679 > 3411,1,0.034,0.000,1,0,0.3,0.0
17:37:00.690 > 3422,1,0.035,0.000,0,0,0.3,0.0
17:37:00.701 > 3433,1,0.036,0.000,1,-1,0.3,0.0
17:37:00.712 > 3444,1,0.037,0.000,0,0,0.3,0.0
17:37:00.723 > 3455,1,0.038,0.000,1,0,0.3,0.0
17:37:00.734 > 3466,1,0.039,0.000,0,0,-0.3,0.0
17:37:00.745 > 3477,1,0.040,0.000,1,-1,-0.3,0.0
17:37:00.756 > 3488,1,0.041,0.000,1,0,-0.3,0.0
17:37:00.767 > 3499,1,0.042,0.000,1,0,-0.3,0.0
17:37:00.778 > 3510,1,0.043,0.000,1,0,-0.3,0.0
17:37:00.789 > 3521,1,0.043,0.000,1,0,0.3,0.0
17:37:00.800 > 3532,1,0.044,0.000,0,0,0.3,0.0
17:37:00.811 > 3543,1,0.045,0.000,0,0,0.3,0.0
17:37:00.822 > 3554,1,0.046,0.000,1,0,0.3,0.0
17:37:00.833 > 3565,1,0.047,0.000,0,0,0.3,0.0
17:37:00.844 > 3576,1,0.048,0.000,0,0,-0.3,0.0
17:37:00.855 > 3587,1,0.049,0.000,1,0,-0.3,0.0
17:37:00.866 > 3598,1,0.050,0.000,1,-1,-0.3,0.0
17:37:00.877 > 3609,1,0.051,0.000,1,0,-0.3,0.0
17:37:00.888 > 3620,1,0.052,0.000,1,-1,-0.3,0.0
17:37:00.899 > 3631,1,0.053,0.000,1,0,0.3,0.0
17:37:00.910 > 3642,1,0.054,0.000,1,0,0.3,0.0
17:37:00.921 > 3653,1,0.054,0.000,1,0,0.3,0.0
17:37:00.932 > 3664,1,0.055,0.000,1,-1,0.3,0.0
17:37:00.943 > 3675,1,0.056,0.000,0,-1,0.3,0.0
17:37:00.954 > 3686,1,0.057,0.000,1,0,0.0,0.0
17:37:00.965 > 3697,1,0.058,0.000,1,0,0.0,0.0
17:37:00.976 > 3708,1,0.059,0.000,0,0,0.0,0.0
17:37:00.987 > 3719,1,0.060,0.000,1,0,0.0,0.0
17:37:00.998 > 3730,1,0.061,0.000,1,0,0.0,0.0
17:37:01.009 > 3741,1,0.062,0.000,1,-1,0.0,-0.3
17:37:01.038 > 3752,1,0.063,0.000,1,0,0.0,-0.3
17:37:01.038 > 3763,1,0.064,0.000,1,0,0.0,-0.3
17:37:01.056 > 3774,1,0.064,0.000,0,-1,0.0,-0.3
17:37:01.056 > 3785,1,0.065,0.000,1,-1,0.0,-0.3
17:37:01.064 > 3796,1,0.066,0.000,1,-1,0.0,0.0
17:37:01.075 > 3807,1,0.067,0.000,1,0,0.0,0.0
17:37:01.086 > 3818,1,0.068,0.000,1,0,0.0,0.0
17:37:01.097 > 3829,1,0.069,0.000,0,-1,0.0,0.0
17:37:01.108 > 3840,1,0.070,0.000,1,0,0.0,0.0
17:37:01.119 > 3851,1,0.071,0.000,1,0,0.0,0.3
17:37:01.130 > 3862,1,0.072,0.000,0,0,0.0,0.3
17:37:01.141 > 3873,1,0.073,0.000,0,0,0.0,0.3
17:37:01.152 > 3884,1,0.074,0.000,0,-1,0.0,0.3
17:37:01.163 > 3895,1,0.075,0.000,1,0,0.0,0.3
17:37:01.174 > 3906,1,0.075,0.000,1,-1,0.0,-0.3
17:37:01.185 > 3917,1,0.076,0.000,1,0,0.0,-0.3
17:37:01.196 > 3928,1,0.077,0.000,1,0,0.0,-0.3
17:37:01.207 > 3939,1,0.078,0.000,1,0,0.0,-0.3
17:37:01.218 > 3950,1,0.079,0.000,0,0,0.0,-0.3
17:37:01.229 > 3961,1,0.080,0.000,1,0,0.0,0.3
17:37:01.240 > 3972,1,0.081,0.000,1,0,0.0,0.3
17:37:01.251 > 3983,1,0.082,0.000,1,0,0.0,0.3
17:37:01.262 > 3994,1,0.083,0.000,0,0,0.0,0.3
17:37:01.273 > 4005,1,0.084,0.000,1,0,0.0,0.3
17:37:01.284 > 4016,1,0.085,0.000,1,0,0.0,0.0
17:37:01.295 > 4027,1,0.086,0.000,1,0,0.0,0.0
17:37:01.306 > 4038,1,0.086,0.000,1,0,0.0,0.0
17:37:01.317 > 4049,1,0.087,0.000,1,0,0.0,0.0
17:37:01.328 > 4060,1,0.088,0.000,1,0,0.0,0.0
17:37:01.339 > 4071,1,0.089,0.000,0,0,-0.3,0.0
17:37:01.350 > 4082,1,0.090,0.000,1,0,-0.3,0.0
17:37:01.361 > 4093,1,0.091,0.000,0,0,-0.3,0.0
17:37:01.372 > 4104,1,0.092,0.000,1,-1,-0.3,0.0
17:37:01.383 > 4115,1,0.093,0.000,1,0,-0.3,0.0
17:37:01.394 > 4126,1,0.094,0.000,1,-1,0.3,-0.3
17:37:01.405 > 4137,1,0.095,0.000,0,0,0.3,-0.3
17:37:01.416 > 4148,1,0.096,0.000,1,0,0.3,-0.3
17:37:01.427 > 4159,1,0.097,0.000,1,0,0.3,-0.3
17:37:01.438 > 4170,1,0.097,0.000,1,0,0.3,-0.3
17:37:01.449 > 4181,1,0.098,0.000,1,0,0.0,0.3
17:37:01.460 > 4192,1,0.099,0.000,1,0,0.0,0.3
17:37:01.471 > 4203,1,0.100,0.000,1,-1,0.0,0.3
17:37:01.482 > 4214,1,0.101,0.000,1,0,0.0,0.3
17:37:01.493 > 4225,1,0.102,0.000,1,0,0.0,0.3
17:37:01.504 > 4236,1,0.103,0.000,1,-1,0.0,-0.3
17:37:01.515 > 4247,1,0.104,0.000,0,0,0.0,-0.3
17:37:01.526 > 4258,1,0.105,0.000,1,0,0.0,-0.3
17:37:01.537 > 4269,1,0.106,0.000,1,0,0.0,-0.3
17:37:01.548 > 4280,1,0.107,0.000,0,0,0.0,-0.3
17:37:01.559 > 4291,1,0.108,0.000,1,0,0.0,0.3
17:37:01.570 > 4302,1,0.108,0.000,1,-1,0.0,0.3
17:37:01.581 > 4313,1,0.109,0.000,1,0,0.0,0.3
17:37:01.592 > 4324,1,0.110,0.000,1,0,0.0,0.3
17:37:01.603 > 4335,1,0.111,0.000,1,0,0.0,0.3
17:37:01.614 > 4346,1,0.112,0.000,0,0,-0.3,0.0
17:37:01.625 > 4357,1,0.113,0.000,1,0,-0.3,0.0
17:37:01.636 > 4368,1,0.114,0.000,1,0,-0.3,0.0
17:37:01.647 > 4379,1,0.115,0.000,1,-1,-0.3,0.0
17:37:01.658 > 4390,1,0.116,0.000,1,0,-0.3,0.0
17:37:01.669 > 4401,1,0.117,0.000,1,0,0.3,0.0
17:37:01.680 > 4412,1,0.118,0.000,0,0,0.3,0.0
17:37:01.691 > 4423,1,0.119,0.000,1,0,0.3,0.0
17:37:01.702 > 4434,1,0.119,0.000,1,0,0.3,0.0
17:37:01.713 > 4445,1,0.120,0.000,1,0,0.3,0.0
17:37:01.724 > 4456,1,0.121,0.000,1,0,0.0,0.0
17:37:01.735 > 4467,1,0.122,0.000,1,0,0.0,0.0
17:37:01.746 > 4478,1,0.123,0.000,1,-1,0.0,0.0
17:37:01.757 > 4489,1,0.124,0.000,1,0,0.0,0.0
17:37:01.768 > 4500,1,0.125,0.000,1,0,0.0,0.0
17:37:01.779 > 4511,1,0.126,0.000,1,0,0.0,0.0
17:37:01.790 > 4522,1,0.127,0.000,1,0,0.0,0.0
17:37:01.801 > 4533,1,0.128,0.000,1,0,0.0,0.0
17:37:01.812 > 4544,1,0.129,0.000,1,0,0.0,0.0
17:37:01.823 > 4555,1,0.130,0.000,0,0,0.0,0.0
17:37:01.834 > 4566,1,0.131,0.000,0,0,-0.3,0.0
17:37:01.845 > 4577,1,0.131,0.000,0,0,-0.3,0.0
17:37:01.856 > 4588,1,0.132,0.000,1,0,-0.3,0.0
17:37:01.867 > 4599,1,0.133,0.000,1,0,-0.3,0.0
17:37:01.878 > 4610,1,0.134,0.000,0,-1,-0.3,0.0
17:37:01.889 > 4621,1,0.135,0.000,0,0,0.0,0.0
17:37:01.900 > 4632,1,0.136,0.000,1,0,0.0,0.0
17:37:01.911 > 4643,1,0.137,0.000,0,0,0.0,0.0
17:37:01.922 > 4654,1,0.138,0.000,1,0,0.0,0.0
17:37:01.933 > 4665,1,0.139,0.000,1,0,0.0,0.0
17:37:01.944 > 4676,1,0.140,0.000,1,0,0.3,0.0
17:37:01.955 > 4687,1,0.141,0.000,1,0,0.3,0.0
17:37:01.966 > 4698,1,0.141,0.000,0,0,0.3,0.0
17:37:01.977 > 4709,1,0.142,0.000,1,-1,0.3,0.0
17:37:01.988 > 4720,1,0.143,0.000,1,0,0.3,0.0
17:37:01.999 > 4731,1,0.144,0.000,1,0,0.0,0.0
17:37:02.010 > 4742,1,0.145,0.000,0,0,0.0,0.0
17:37:02.021 > 4753,1,0.146,0.000,1,0,0.0,0.0
17:37:02.032 > 4764,1,0.147,0.000,1,0,0.0,0.0
17:37:02.054 > 4775,1,0.148,0.000,1,0,0.0,0.0
17:37:02.054 > 4786,1,0.149,0.000,1,0,0.0,0.0
17:37:02.071 > 4797,1,0.150,0.000,1,0,0.0,0.0
17:37:02.076 > 4808,1,0.151,0.000,1,0,0.0,0.0
17:37:02.087 > 4819,1,0.152,0.000,0,0,0.0,0.0
17:37:02.098 > 4830,1,0.153,0.000,1,0,0.0,0.0
17:37:02.109 > 4841,1,0.153,0.000,0,-1,-0.3,-0.3
17:37:02.120 > 4852,1,0.154,0.000,1,-1,-0.3,-0.3
17:37:02.131 > 4863,1,0.155,0.000,1,0,-0.3,-0.3
17:37:02.142 > 4874,1,0.156,0.000,1,0,-0.3,-0.3
17:37:02.153 > 4885,1,0.157,0.000,1,-1,-0.3,-0.3
17:37:02.164 > 4896,1,0.158,0.000,0,0,0.0,0.3
17:37:02.175 > 4907,1,0.159,0.000,1,0,0.0,0.3
17:37:02.186 > 4918,1,0.160,0.000,0,-1,0.0,0.3
17:37:02.197 > 4929,1,0.161,0.000,1,0,0.0,0.3
17:37:02.208 > 4940,1,0.162,0.000,0,0,0.0,0.3
17:37:02.219 > 4951,1,0.163,0.000,1,0,0.3,0.0
17:37:02.230 > 4962,1,0.163,0.000,1,-1,0.3,0.0
17:37:02.241 > 4973,1,0.164,0.000,1,0,0.3,0.0
17:37:02.252 > 4984,1,0.165,0.000,1,0,0.3,0.0
17:37:02.263 > 4995,1,0.166,0.000,1,0,0.3,0.0
17:37:02.274 > 5006,1,0.167,0.000,0,0,-0.3,0.0
17:37:02.285 > 5017,1,0.168,0.000,0,-1,-0.3,0.0
17:37:02.296 > 5028,1,0.169,0.000,0,0,-0.3,0.0
17:37:02.307 > 5039,1,0.170,0.000,1,0,-0.3,0.0
17:37:02.318 > 5050,1,0.171,0.000,1,0,-0.3,0.0
17:37:02.329 > 5061,1,0.172,0.000,1,-1,0.3,-0.3
17:37:02.340 > 5072,1,0.173,0.000,1,0,0.3,-0.3
17:37:02.351 > 5083,1,0.174,0.000,1,0,0.3,-0.3
17:37:02.362 > 5094,1,0.175,0.000,1,0,0.3,-0.3
17:37:02.373 > 5105,1,0.175,0.000,1,0,0.3,-0.3
17:37:02.384 > 5116,1,0.176,0.000,1,0,0.0,0.3
17:37:02.395 > 5127,1,0.177,0.000,1,0,0.0,0.3
17:37:02.406 > 5138,1,0.178,0.000,0,-1,0.0,0.3
17:37:02.417 > 5149,1,0.179,0.000,1,-1,0.0,0.3
17:37:02.428 > 5160,1,0.180,0.000,0,0,0.0,0.3
17:37:02.439 > 5171,1,0.181,0.000,0,0,-0.3,0.0
17:37:02.450 > 5182,1,0.182,0.000,1,0,-0.3,0.0
17:37:02.461 > 5193,1,0.183,0.000,1,0,-0.3,0.0
17:37:02.472 > 5204,1,0.184,0.000,1,0,-0.3,0.0
17:37:02.483 > 5215,1,0.185,0.000,1,-1,-0.3,0.0
17:37:02.494 > 5226,1,0.185,0.000,0,0,0.0,0.0
17:37:02.505 > 5237,1,0.186,0.000,1,0,0.0,0.0
17:37:02.516 > 5248,1,0.187,0.000,1,0,0.0,0.0
17:37:02.527 > 5259,1,0.188,0.000,1,0,0.0,0.0
17:37:02.538 > 5270,1,0.189,0.000,1,0,0.0,0.0
17:37:02.549 > 5281,1,0.190,0.000,1,-1,0.3,-0.3
17:37:02.560 > 5292,1,0.191,0.000,1,-1,0.3,-0.3
17:37:02.571 > 5303,1,0.192,0.000,1,0,0.3,-0.3
17:37:02.582 > 5314,1,0.193,0.000,1,-1,0.3,-0.3
17:37:02.593 > 5325,1,0.194,0.000,1,0,0.3,-0.3
17:37:02.604 > 5336,1,0.195,0.000,1,0,0.0,0.3
17:37:02.615 > 5347,1,0.196,0.000,1,-1,0.0,0.3
17:37:02.626 > 5358,1,0.197,0.000,1,0,0.0,0.3
17:37:02.637 > 5369,1,0.197,0.000,1,0,0.0,0.3
17:37:02.648 > 5380,1,0.198,0.000,1,-1,0.0,0.3
17:37:02.659 > 5391,1,0.199,0.000,1,0,0.0,0.0
17:37:02.670 > 5402,1,0.200,0.000,1,0,0.0,0.0
17:37:02.681 > 5413,1,0.201,0.000,1,0,0.0,0.0
17:37:02.692 > 5424,1,0.202,0.000,1,-1,0.0,0.0
17:37:02.703 > 5435,1,0.203,0.000,1,0,0.0,0.0
17:37:02.714 > 5446,1,0.204,0.000,1,0,0.0,0.0
17:37:02.725 > 5457,1,0.205,0.000,1,0,0.0,0.0
17:37:02.736 > 5468,1,0.206,0.000,0,0,0.0,0.0
17:37:02.747 > 5479,1,0.207,0.000,1,0,0.0,0.0
17:37:02.758 > 5490,1,0.207,0.000,0,-1,0.0,0.0
17:37:02.769 > 5501,1,0.208,0.000,0,0,-0.3,0.0
17:37:02.780 > 5512,1,0.209,0.000,1,0,-0.3,0.0
17:37:02.791 > 5523,1,0.210,0.000,1,0,-0.3,0.0
17:37:02.802 > 5534,1,0.211,0.000,0,0,-0.3,0.0
17:37:02.813 > 5545,1,0.212,0.000,1,0,-0.3,0.0
17:37:02.824 > 5556,1,0.213,0.000,1,0,0.3,0.0
17:37:02.835 > 5567,1,0.214,0.000,1,0,0.3,0.0
17:37:02.846 > 5578,1,0.215,0.000,1,0,0.3,0.0
17:37:02.857 > 5589,1,0.216,0.000,1,0,0.3,0.0
17:37:02.868 > 5600,1,0.217,0.000,1,-1,0.3,0.0
17:37:02.879 > 5611,1,0.218,0.000,1,0,0.0,0.0
17:37:02.890 > 5622,1,0.219,0.000,0,0,0.0,0.0
17:37:02.901 > 5633,1,0.219,0.000,1,-1,0.0,0.0
17:37:02.912 > 5644,1,0.220,0.000,1,0,0.0,0.0
17:37:02.923 > 5655,1,0.221,0.000,1,0,0.0,0.0
17:37:02.934 > 5666,1,0.222,0.000,1,0,0.0,0.0
17:37:02.945 > 5677,1,0.223,0.000,0,0,0.0,0.0
17:37:02.956 > 5688,1,0.224,0.000,1,0,0.0,0.0
17:37:02.967 > 5699,1,0.225,0.000,0,0,0.0,0.0
17:37:02.978 > 5710,1,0.226,0.000,1,0,0.0,0.0
17:37:02.989 > 5721,1,0.227,0.000,1,0,0.0,0.0
17:37:03.000 > 5732,1,0.228,0.000,0,0,0.0,0.0
17:37:03.011 > 5743,1,0.229,0.000,1,0,0.0,0.0
17:37:03.033 > 5754,1,0.229,0.000,0,0,0.0,0.0
17:37:03.034 > 5765,1,0.230,0.000,1,0,0.0,0.0
17:37:03.052 > 5776,1,0.231,0.000,1,0,0.0,0.0
17:37:03.055 > 5787,1,0.232,0.000,1,0,0.0,0.0
17:37:03.066 > 5798,1,0.233,0.000,1,-1,0.0,0.0
17:37:03.077 > 5809,1,0.234,0.000,1,-1,0.0,0.0
17:37:03.088 > 5820,1,0.235,0.000,1,0,0.0,0.0
17:37:03.099 > 5831,1,0.236,0.000,0,-1,-0.3,-0.3
17:37:03.110 > 5842,1,0.237,0.000,1,0,-0.3,-0.3
17:37:03.121 > 5853,1,0.238,0.000,0,-1,-0.3,-0.3
17:37:03.132 > 5864,1,0.239,0.000,1,-1,-0.3,-0.3
17:37:03.143 > 5875,1,0.240,0.000,1,0,-0.3,-0.3
17:37:03.154 > 5886,1,0.241,0.000,1,0,0.3,0.3
17:37:03.165 > 5897,1,0.241,0.000,1,-1,0.3,0.3
17:37:03.176 > 5908,1,0.242,0.000,1,0,0.3,0.3
17:37:03.187 > 5919,1,0.243,0.000,1,0,0.3,0.3
17:37:03.198 > 5930,1,0.244,0.000,1,-1,0.3,0.3
17:37:03.209 > 5941,1,0.245,0.000,1,0,0.0,0.0
17:37:03.220 > 5952,1,0.246,0.000,1,-1,0.0,0.0
17:37:03.231 > 5963,1,0.247,0.000,1,0,0.0,0.0
17:37:03.242 > 5974,1,0.248,0.000,1,0,0.0,0.0
17:37:03.253 > 5985,1,0.249,0.000,0,0,0.0,0.0
17:37:03.264 > 5996,1,0.250,0.000,1,0,0.0,0.0
17:37:03.275 > 6007,1,0.251,0.000,1,0,0.0,0.0
17:37:03.286 > 6018,1,0.252,0.000,1,0,0.0,0.0
17:37:03.297 > 6029,1,0.252,0.000,0,0,0.0,0.0
17:37:03.308 > 6040,1,0.253,0.000,1,0,0.0,0.0
17:37:03.319 > 6051,1,0.254,0.000,1,0,0.0,0.0
17:37:03.330 > 6062,1,0.255,0.000,1,-1,0.0,0.0
17:37:03.341 > 6073,1,0.256,0.000,0,-1,0.0,0.0
17:37:03.352 > 6084,1,0.257,0.000,1,0,0.0,0.0
17:37:03.363 > 6095,1,0.258,0.000,0,0,0.0,0.0
17:37:03.374 > 6106,1,0.259,0.000,1,0,0.0,0.0
17:37:03.385 > 6117,1,0.260,0.000,1,0,0.0,0.0
17:37:03.396 > 6128,1,0.261,0.000,1,0,0.0,0.0
17:37:03.407 > 6139,1,0.262,0.000,1,0,0.0,0.0
17:37:03.418 > 6150,1,0.262,0.000,1,-1,0.0,0.0
17:37:03.429 > 6161,1,0.263,0.000,1,-1,0.0,-0.3
17:37:03.440 > 6172,1,0.264,0.000,1,0,0.0,-0.3
17:37:03.451 > 6183,1,0.265,0.000,1,-1,0.0,-0.3
17:37:03.462 > 6194,1,0.266,0.000,0,-1,0.0,-0.3
17:37:03.473 > 6205,1,0.267,0.000,1,-1,0.0,-0.3
17:37:03.484 > 6216,1,0.268,0.000,1,0,0.0,0.3
17:37:03.495 > 6227,1,0.269,0.000,1,0,0.0,0.3
17:37:03.506 > 6238,1,0.270,0.000,1,-1,0.0,0.3
17:37:03.517 > 6249,1,0.271,0.000,1,0,0.0,0.3
17:37:03.528 > 6260,1,0.272,0.000,1,0,0.0,0.3
17:37:03.539 > 6271,1,0.273,0.000,1,0,0.0,0.0
17:37:03.550 > 6282,1,0.273,0.000,1,0,0.0,0.0
17:37:03.561 > 6293,1,0.274,0.000,1,0,0.0,0.0
17:37:03.572 > 6304,1,0.275,0.000,0,0,0.0,0.0
17:37:03.583 > 6315,1,0.276,0.000,1,0,0.0,0.0
17:37:03.594 > 6326,1,0.277,0.000,1,0,0.0,0.0
17:37:03.605 > 6337,1,0.278,0.000,0,0,0.0,0.0
17:37:03.616 > 6348,1,0.279,0.000,1,0,0.0,0.0
17:37:03.627 > 6359,1,0.280,0.000,1,0,0.0,0.0
17:37:03.638 > 6370,1,0.281,0.000,0,0,0.0,0.0
17:37:03.649 > 6381,1,0.282,0.000,1,0,0.0,0.0
17:37:03.660 > 6392,1,0.283,0.000,1,0,0.0,0.0
17:37:03.671 > 6403,1,0.284,0.000,1,0,0.0,0.0
17:37:03.682 > 6414,1,0.285,0.000,1,0,0.0,0.0
17:37:03.693 > 6425,1,0.285,0.000,1,-1,0.0,0.0
17:37:03.704 > 6436,1,0.286,0.000,1,0,0.0,0.0
17:37:03.715 > 6447,1,0.287,0.000,0,0,0.0,0.0
17:37:03.726 > 6458,1,0.288,0.000,1,0,0.0,0.0
17:37:03.737 > 6469,1,0.289,0.000,1,-1,0.0,0.0
17:37:03.748 > 6480,1,0.290,0.000,1,0,0.0,0.0
17:37:03.759 > 6491,1,0.291,0.000,1,0,0.0,0.0
17:37:03.770 > 6502,1,0.292,0.000,1,0,0.0,0.0
17:37:03.781 > 6513,1,0.293,0.000,1,0,0.0,0.0
17:37:03.792 > 6524,1,0.294,0.000,1,0,0.0,0.0
17:37:03.803 > 6535,1,0.295,0.000,1,0,0.0,0.0
17:37:03.814 > 6546,1,0.296,0.000,1,0,0.0,0.0
17:37:03.825 > 6557,1,0.296,0.000,1,0,0.0,0.0
17:37:03.836 > 6568,1,0.297,0.000,1,0,0.0,0.0
17:37:03.847 > 6579,1,0.298,0.000,0,-1,0.0,0.0
17:37:03.858 > 6590,1,0.299,0.000,0,0,0.0,0.0
17:37:03.869 > 6601,1,0.300,0.000,1,0,0.0,0.0
17:37:03.880 > 6612,1,0.301,0.000,1,0,0.0,0.0
17:37:03.891 > 6623,1,0.302,0.000,0,0,0.0,0.0
17:37:03.902 > 6634,1,0.303,0.000,1,0,0.0,0.0
17:37:03.913 > 6645,1,0.304,0.000,1,0,0.0,0.0
17:37:03.924 > 6656,1,0.305,0.000,0,-1,-0.3,-0.3
17:37:03.935 > 6667,1,0.306,0.000,0,0,-0.3,-0.3
17:37:03.946 > 6678,1,0.306,0.000,1,-1,-0.3,-0.3
17:37:03.957 > 6689,1,0.307,0.000,1,0,-0.3,-0.3
17:37:03.968 > 6700,1,0.308,0.000,1,0,-0.3,-0.3
17:37:03.979 > 6711,1,0.309,0.000,1,0,0.3,0.3
17:37:03.990 > 6722,1,0.310,0.000,1,-1,0.3,0.3
17:37:04.001 > 6733,1,0.311,0.000,1,-1,0.3,0.3
17:37:04.012 > 6744,1,0.312,0.000,1,0,0.3,0.3
17:37:04.023 > 6755,1,0.313,0.000,1,0,0.3,0.3
17:37:04.049 > 6766,1,0.314,0.000,0,0,-0.3,0.0
17:37:04.049 > 6777,1,0.315,0.000,1,0,-0.3,0.0
17:37:04.064 > 6788,1,0.316,0.000,0,0,-0.3,0.0
17:37:04.067 > 6799,1,0.317,0.000,0,0,-0.3,0.0
17:37:04.078 > 6810,1,0.317,0.000,0,0,-0.3,0.0
17:37:04.089 > 6821,1,0.318,0.000,1,-1,0.3,-0.3
17:37:04.100 > 6832,1,0.319,0.000,1,0,0.3,-0.3
17:37:04.111 > 6843,1,0.320,0.000,1,0,0.3,-0.3
17:37:04.122 > 6854,1,0.321,0.000,1,0,0.3,-0.3
17:37:04.133 > 6865,1,0.322,0.000,1,0,0.3,-0.3
17:37:04.144 > 6876,1,0.323,0.000,1,-1,0.0,0.0
17:37:04.155 > 6887,1,0.324,0.000,1,-1,0.0,0.0
17:37:04.166 > 6898,1,0.325,0.000,1,0,0.0,0.0
17:37:04.177 > 6909,1,0.326,0.000,1,0,0.0,0.0
17:37:04.188 > 6920,1,0.327,0.000,1,0,0.0,0.0
17:37:04.199 > 6931,1,0.328,0.000,1,0,0.0,0.3
17:37:04.210 > 6942,1,0.329,0.000,1,0,0.0,0.3
17:37:04.221 > 6953,1,0.329,0.000,1,0,0.0,0.3
17:37:04.232 > 6964,1,0.330,0.000,1,-1,0.0,0.3
17:37:04.243 > 6975,1,0.331,0.000,1,-1,0.0,0.3
17:37:04.254 > 6986,1,0.332,0.000,1,0,0.0,0.0
17:37:04.265 > 6997,1,0.333,0.000,1,0,0.0,0.0
17:37:04.276 > 7008,1,0.334,0.000,1,0,0.0,0.0
17:37:04.287 > 7019,1,0.335,0.000,1,0,0.0,0.0
17:37:04.298 > 7030,1,0.336,0.000,0,0,0.0,0.0
17:37:04.309 > 7041,1,0.337,0.000,1,0,0.0,0.0
17:37:04.320 > 7052,1,0.338,0.000,0,-1,0.0,0.0
17:37:04.331 > 7063,1,0.339,0.000,1,0,0.0,0.0
17:37:04.342 > 7074,1,0.340,0.000,1,-1,0.0,0.0
17:37:04.353 > 7085,1,0.340,0.000,1,-1,0.0,0.0
17:37:04.364 > 7096,1,0.341,0.000,1,-1,0.0,-0.3
17:37:04.375 > 7107,1,0.342,0.000,1,0,0.0,-0.3
17:37:04.386 > 7118,1,0.343,0.000,1,0,0.0,-0.3
17:37:04.397 > 7129,1,0.344,0.000,1,0,0.0,-0.3
17:37:04.408 > 7140,1,0.345,0.000,1,0,0.0,-0.3
17:37:04.419 > 7151,1,0.346,0.000,1,-1,0.0,0.0
17:37:04.430 > 7162,1,0.347,0.000,1,0,0.0,0.0
17:37:04.441 > 7173,1,0.348,0.000,1,0,0.0,0.0
17:37:04.452 > 7184,1,0.349,0.000,1,0,0.0,0.0
17:37:04.463 > 7195,1,0.350,0.000,1,-1,0.0,0.0
17:37:04.474 > 7206,1,0.350,0.000,1,0,0.0,0.3
17:37:04.485 > 7217,1,0.351,0.000,1,0,0.0,0.3
17:37:04.496 > 7228,1,0.352,0.000,1,0,0.0,0.3
17:37:04.507 > 7239,1,0.353,0.000,1,0,0.0,0.3
17:37:04.518 > 7250,1,0.354,0.000,1,0,0.0,0.3
17:37:04.529 > 7261,1,0.355,0.000,1,-1,0.0,-0.3
17:37:04.540 > 7272,1,0.356,0.000,1,0,0.0,-0.3
17:37:04.551 > 7283,1,0.357,0.000,1,0,0.0,-0.3
17:37:04.562 > 7294,1,0.358,0.000,1,0,0.0,-0.3
17:37:04.573 > 7305,1,0.359,0.000,1,0,0.0,-0.3
17:37:04.584 > 7316,1,0.360,0.000,1,0,0.0,0.3
17:37:04.595 > 7327,1,0.361,0.000,0,0,0.0,0.3
17:37:04.606 > 7338,1,0.361,0.000,1,0,0.0,0.3
17:37:04.617 > 7349,1,0.362,0.000,1,0,0.0,0.3
17:37:04.628 > 7360,1,0.363,0.000,1,0,0.0,0.3
17:37:04.639 > 7371,1,0.364,0.000,1,0,0.0,0.0
17:37:04.650 > 7382,1,0.365,0.000,0,0,0.0,0.0
17:37:04.661 > 7393,1,0.366,0.000,1,-1,0.0,0.0
17:37:04.672 > 7404,1,0.367,0.000,1,-1,0.0,0.0
17:37:04.683 > 7415,1,0.368,0.000,1,0,0.0,0.0
17:37:04.694 > 7426,1,0.369,0.000,1,-1,0.0,-0.3
17:37:04.705 > 7437,1,0.370,0.000,0,0,0.0,-0.3
17:37:04.716 > 7448,1,0.371,0.000,1,-1,0.0,-0.3
17:37:04.727 > 7459,1,0.372,0.000,0,-1,0.0,-0.3
17:37:04.738 > 7470,1,0.373,0.000,1,0,0.0,-0.3
17:37:04.749 > 7481,1,0.373,0.000,1,0,0.0,0.3
17:37:04.760 > 7492,1,0.374,0.000,1,0,0.0,0.3
17:37:04.771 > 7503,1,0.375,0.000,1,0,0.0,0.3
17:37:04.782 > 7514,1,0.376,0.000,1,0,0.0,0.3
17:37:04.793 > 7525,1,0.377,0.000,0,0,0.0,0.3
17:37:04.804 > 7536,1,0.378,0.000,0,-1,-0.3,-0.3
17:37:04.815 > 7547,1,0.379,0.000,1,0,-0.3,-0.3
17:37:04.826 > 7558,1,0.380,0.000,1,0,-0.3,-0.3
17:37:04.837 > 7569,1,0.381,0.000,1,0,-0.3,-0.3
17:37:04.848 > 7580,1,0.382,0.000,1,0,-0.3,-0.3
17:37:04.859 > 7591,1,0.383,0.000,1,0,0.3,0.3
17:37:04.870 > 7602,1,0.384,0.000,1,0,0.3,0.3
17:37:04.881 > 7613,1,0.384,0.000,1,0,0.3,0.3
17:37:04.892 > 7624,1,0.385,0.000,1,0,0.3,0.3
17:37:04.903 > 7635,1,0.386,0.000,1,-1,0.3,0.3
17:37:04.914 > 7646,1,0.387,0.000,1,0,0.0,0.0
17:37:04.925 > 7657,1,0.388,0.000,1,0,0.0,0.0
17:37:04.936 > 7668,1,0.389,0.000,0,-1,0.0,0.0
17:37:04.947 > 7679,1,0.390,0.000,0,0,0.0,0.0
17:37:04.958 > 7690,1,0.391,0.000,1,0,0.0,0.0
17:37:04.969 > 7701,1,0.392,0.000,1,0,0.0,0.0
17:37:04.980 > 7712,1,0.393,0.000,1,0,0.0,0.0
17:37:04.991 > 7723,1,0.394,0.000,1,-1,0.0,0.0
17:37:05.002 > 7734,1,0.394,0.000,0,0,0.0,0.0
17:37:05.013 > 7745,1,0.395,0.000,1,0,0.0,0.0
17:37:05.038 > 7756,1,0.396,0.000,1,-1,0.0,-0.3
17:37:05.038 > 7767,1,0.397,0.000,1,0,0.0,-0.3
17:37:05.055 > 7778,1,0.398,0.000,1,0,0.0,-0.3
17:37:05.057 > 7789,1,0.399,0.000,0,0,0.0,-0.3
17:37:05.068 > 7800,1,0.400,0.000,1,0,0.0,-0.3
17:37:05.079 > 7811,1,0.401,0.000,1,0,0.0,0.3
17:37:05.090 > 7822,1,0.402,0.000,1,0,0.0,0.3
17:37:05.101 > 7833,1,0.403,0.000,1,0,0.0,0.3
17:37:05.112 > 7844,1,0.404,0.000,1,0,0.0,0.3
17:37:05.123 > 7855,1,0.405,0.000,1,0,0.0,0.3
17:37:05.134 > 7866,1,0.405,0.000,1,0,0.0,0.0
17:37:05.145 > 7877,1,0.406,0.000,0,0,0.0,0.0
17:37:05.156 > 7888,1,0.407,0.000,1,0,0.0,0.0
17:37:05.167 > 7899,1,0.408,0.000,1,0,0.0,0.0
17:37:05.178 > 7910,1,0.409,0.000,1,-1,0.0,0.0
17:37:05.189 > 7921,1,0.410,0.000,1,0,0.0,0.0
17:37:05.200 > 7932,1,0.411,0.000,1,0,0.0,0.0
17:37:05.211 > 7943,1,0.412,0.000,1,0,0.0,0.0
17:37:05.222 > 7954,1,0.413,0.000,1,0,0.0,0.0
17:37:05.233 > 7965,1,0.414,0.000,1,0,0.0,0.0
17:37:05.244 > 7976,1,0.415,0.000,1,0,0.0,0.0
17:37:05.255 > 7987,1,0.416,0.000,1,0,0.0,0.0
17:37:05.266 > 7998,1,0.417,0.000,1,0,0.0,0.0
17:37:05.277 > 8009,1,0.417,0.000,1,0,0.0,0.0
17:37:05.288 > 8020,1,0.418,0.000,0,0,0.0,0.0
17:37:05.299 > 8031,1,0.419,0.000,1,0,0.0,0.0
17:37:05.310 > 8042,1,0.420,0.000,1,-1,0.0,0.0
17:37:05.321 > 8053,1,0.421,0.000,1,0,0.0,0.0
17:37:05.332 > 8064,1,0.422,0.000,1,0,0.0,0.0
17:37:05.343 > 8075,1,0.423,0.000,1,0,0.0,0.0
17:37:05.354 > 8086,1,0.424,0.000,1,0,0.0,0.0
17:37:05.365 > 8097,1,0.425,0.000,1,-1,0.0,0.0
17:37:05.376 > 8108,1,0.426,0.000,1,0,0.0,0.0
17:37:05.387 > 8119,1,0.427,0.000,1,0,0.0,0.0
17:37:05.398 > 8130,1,0.428,0.000,1,0,0.0,0.0
17:37:05.409 > 8141,1,0.428,0.000,1,-1,0.0,-0.3
17:37:05.420 > 8152,1,0.429,0.000,1,0,0.0,-0.3
17:37:05.431 > 8163,1,0.430,0.000,1,0,0.0,-0.3
17:37:05.442 > 8174,1,0.431,0.000,1,0,0.0,-0.3
17:37:05.453 > 8185,1,0.432,0.000,1,0,0.0,-0.3
17:37:05.464 > 8196,1,0.433,0.000,1,0,0.0,0.3
17:37:05.475 > 8207,1,0.434,0.000,1,0,0.0,0.3
17:37:05.486 > 8218,1,0.435,0.000,1,-1,0.0,0.3
17:37:05.497 > 8229,1,0.436,0.000,1,-1,0.0,0.3
17:37:05.508 > 8240,1,0.437,0.000,1,-1,0.0,0.3
17:37:05.519 > 8251,1,0.438,0.000,1,0,0.0,0.0
17:37:05.530 > 8262,1,0.438,0.000,1,0,0.0,0.0
17:37:05.541 > 8273,1,0.439,0.000,1,0,0.0,0.0
17:37:05.552 > 8284,1,0.440,0.000,1,0,0.0,0.0
17:37:05.563 > 8295,1,0.441,0.000,0,0,0.0,0.0
17:37:05.574 > 8306,1,0.442,0.000,1,0,0.0,0.0
17:37:05.585 > 8317,1,0.443,0.000,0,-1,0.0,0.0
17:37:05.596 > 8328,1,0.444,0.000,1,0,0.0,0.0
17:37:05.607 > 8339,1,0.445,0.000,1,0,0.0,0.0
17:37:05.618 > 8350,1,0.446,0.000,1,0,0.0,0.0
17:37:05.629 > 8361,1,0.447,0.000,1,0,0.0,0.0
17:37:05.640 > 8372,1,0.448,0.000,1,0,0.0,0.0
17:37:05.651 > 8383,1,0.449,0.000,1,0,0.0,0.0
17:37:05.662 > 8394,1,0.449,0.000,0,0,0.0,0.0
17:37:05.673 > 8405,1,0.450,0.000,1,0,0.0,0.0
17:37:05.684 > 8416,1,0.451,0.000,1,0,0.0,0.0
17:37:05.695 > 8427,1,0.452,0.000,1,-1,0.0,0.0
17:37:05.706 > 8438,1,0.453,0.000,1,0,0.0,0.0
17:37:05.717 > 8449,1,0.454,0.000,1,0,0.0,0.0
17:37:05.728 > 8460,1,0.455,0.000,1,0,0.0,0.0
17:37:05.739 > 8471,1,0.456,0.000,1,0,0.0,0.0
17:37:05.750 > 8482,1,0.457,0.000,1,0,0.0,0.0
17:37:05.761 > 8493,1,0.458,0.000,0,0,0.0,0.0
17:37:05.772 > 8504,1,0.459,0.000,1,0,0.0,0.0
17:37:05.783 > 8515,1,0.460,0.000,1,0,0.0,0.0
17:37:05.794 > 8526,1,0.461,0.000,0,0,-0.3,0.0
17:37:05.805 > 8537,1,0.461,0.000,1,0,-0.3,0.0
17:37:05.816 > 8548,1,0.462,0.000,1,0,-0.3,0.0
17:37:05.827 > 8559,1,0.463,0.000,1,0,-0.3,0.0
17:37:05.838 > 8570,1,0.464,0.000,1,0,-0.3,0.0
17:37:05.849 > 8581,1,0.465,0.000,1,0,0.3,0.0
17:37:05.860 > 8592,1,0.466,0.000,0,0,0.3,0.0
17:37:05.871 > 8603,1,0.467,0.000,0,0,0.3,0.0
17:37:05.882 > 8614,1,0.468,0.000,1,-1,0.3,0.0
17:37:05.893 > 8625,1,0.469,0.000,1,0,0.3,0.0
17:37:05.904 > 8636,1,0.470,0.000,1,0,0.0,0.0
17:37:05.915 > 8647,1,0.471,0.000,1,0,0.0,0.0
17:37:05.926 > 8658,1,0.472,0.000,1,-1,0.0,0.0
17:37:05.937 > 8669,1,0.472,0.000,1,0,0.0,0.0
17:37:05.948 > 8680,1,0.473,0.000,1,0,0.0,0.0
17:37:05.959 > 8691,1,0.474,0.000,1,0,0.0,0.0
17:37:05.970 > 8702,1,0.475,0.000,1,-1,0.0,0.0
17:37:05.981 > 8713,1,0.476,0.000,1,0,0.0,0.0
17:37:05.992 > 8724,1,0.477,0.000,1,0,0.0,0.0
17:37:06.003 > 8735,1,0.478,0.000,1,0,0.0,0.0
17:37:06.014 > 8746,1,0.479,0.000,1,0,0.0,0.0
17:37:06.025 > 8757,1,0.480,0.000,1,-1,0.0,0.0
17:37:06.036 > 8768,1,0.481,0.000,1,-1,0.0,0.0
17:37:06.055 > 8779,1,0.482,0.000,1,0,0.0,0.0
17:37:06.072 > 8790,1,0.482,0.000,1,0,0.0,0.0
17:37:06.073 > 8801,1,0.483,0.000,1,0,0.0,0.0
17:37:06.080 > 8812,1,0.484,0.000,1,0,0.0,0.0
17:37:06.091 > 8823,1,0.485,0.000,1,0,0.0,0.0
17:37:06.102 > 8834,1,0.486,0.000,1,-1,0.0,0.0
17:37:06.113 > 8845,1,0.487,0.000,1,-1,0.0,0.0
17:37:06.124 > 8856,1,0.488,0.000,1,0,0.0,0.0
17:37:06.135 > 8867,1,0.489,0.000,1,0,0.0,0.0
17:37:06.146 > 8878,1,0.490,0.000,1,0,0.0,0.0
17:37:06.157 > 8889,1,0.491,0.000,1,0,0.0,0.0
17:37:06.168 > 8900,1,0.492,0.000,1,0,0.0,0.0
17:37:06.179 > 8911,1,0.493,0.000,1,0,0.0,0.0
17:37:06.190 > 8922,1,0.493,0.000,1,0,0.0,0.0
17:37:06.201 > 8933,1,0.494,0.000,1,0,0.0,0.0
17:37:06.212 > 8944,1,0.495,0.000,1,0,0.0,0.0
17:37:06.223 > 8955,1,0.496,0.000,1,-1,0.0,0.0
17:37:06.234 > 8966,1,0.497,0.000,1,0,0.0,0.0
17:37:06.245 > 8977,1,0.498,0.000,1,0,0.0,0.0
17:37:06.256 > 8988,1,0.499,0.000,1,0,0.0,0.0
17:37:06.267 > 8999,1,0.500,0.000,1,0,0.0,0.0
17:37:06.278 > 9010,1,0.501,0.000,1,-1,0.0,0.0
17:37:06.289 > 9021,1,0.502,0.000,1,-1,0.0,-0.3
17:37:06.300 > 9032,1,0.503,0.000,1,-1,0.0,-0.3
17:37:06.311 > 9043,1,0.504,0.000,1,-1,0.0,-0.3
17:37:06.322 > 9054,1,0.504,0.000,1,0,0.0,-0.3
17:37:06.333 > 9065,1,0.505,0.000,1,0,0.0,-0.3
17:37:06.344 > 9076,1,0.506,0.000,1,-1,0.0,0.0
17:37:06.355 > 9087,1,0.507,0.000,1,0,0.0,0.0
17:37:06.366 > 9098,1,0.508,0.000,1,-1,0.0,0.0
17:37:06.377 > 9109,1,0.509,0.000,1,-1,0.0,0.0
17:37:06.388 > 9120,1,0.510,0.000,1,0,0.0,0.0
17:37:06.399 > 9131,1,0.511,0.000,0,0,-0.3,0.3
17:37:06.410 > 9142,1,0.512,0.000,1,0,-0.3,0.3
17:37:06.421 > 9153,1,0.513,0.000,1,0,-0.3,0.3
17:37:06.432 > 9164,1,0.514,0.000,1,0,-0.3,0.3
17:37:06.443 > 9175,1,0.515,0.000,1,0,-0.3,0.3
17:37:06.454 > 9186,1,0.516,0.000,1,-1,0.3,-0.3
17:37:06.465 > 9197,1,0.516,0.000,1,-1,0.3,-0.3
17:37:06.476 > 9208,1,0.517,0.000,1,-1,0.3,-0.3
17:37:06.487 > 9219,1,0.518,0.000,1,0,0.3,-0.3
17:37:06.498 > 9230,1,0.519,0.000,1,0,0.3,-0.3
17:37:06.509 > 9241,1,0.520,0.000,1,0,0.0,0.3
17:37:06.520 > 9252,1,0.521,0.000,1,-1,0.0,0.3
17:37:06.531 > 9263,1,0.522,0.000,1,0,0.0,0.3
17:37:06.542 > 9274,1,0.523,0.000,1,0,0.0,0.3
17:37:06.553 > 9285,1,0.524,0.000,1,0,0.0,0.3
17:37:06.564 > 9296,1,0.525,0.000,1,0,0.0,0.0
17:37:06.575 > 9307,1,0.526,0.000,1,0,0.0,0.0
17:37:06.586 > 9318,1,0.526,0.000,1,0,0.0,0.0
17:37:06.597 > 9329,1,0.527,0.000,1,0,0.0,0.0
17:37:06.608 > 9340,1,0.528,0.000,1,0,0.0,0.0
17:37:06.619 > 9351,1,0.529,0.000,1,0,0.0,0.0
17:37:06.630 > 9362,1,0.530,0.000,1,-1,0.0,0.0
17:37:06.641 > 9373,1,0.531,0.000,1,-1,0.0,0.0
17:37:06.652 > 9384,1,0.532,0.000,1,0,0.0,0.0
17:37:06.663 > 9395,1,0.533,0.000,1,0,0.0,0.0
17:37:06.674 > 9406,1,0.534,0.000,1,-1,0.0,-0.3
17:37:06.685 > 9417,1,0.535,0.000,1,0,0.0,-0.3
17:37:06.696 > 9428,1,0.536,0.000,1,0,0.0,-0.3
17:37:06.707 > 9439,1,0.537,0.000,1,0,0.0,-0.3
17:37:06.718 > 9450,1,0.538,0.000,1,0,0.0,-0.3
17:37:06.729 > 9461,1,0.538,0.000,1,-1,0.0,0.0
17:37:06.740 > 9472,1,0.539,0.000,1,0,0.0,0.0
17:37:06.751 > 9483,1,0.540,0.000,1,0,0.0,0.0
17:37:06.762 > 9494,1,0.541,0.000,1,0,0.0,0.0
17:37:06.773 > 9505,1,0.542,0.000,1,0,0.0,0.0
17:37:06.784 > 9516,1,0.543,0.000,1,-1,0.0,0.0
17:37:06.795 > 9527,1,0.544,0.000,1,0,0.0,0.0
17:37:06.806 > 9538,1,0.545,0.000,1,0,0.0,0.0
17:37:06.817 > 9549,1,0.546,0.000,1,0,0.0,0.0
17:37:06.828 > 9560,1,0.547,0.000,1,0,0.0,0.0
17:37:06.839 > 9571,1,0.548,0.000,1,0,0.0,0.3
17:37:06.850 > 9582,1,0.549,0.000,1,-1,0.0,0.3
17:37:06.861 > 9593,1,0.549,0.000,1,-1,0.0,0.3
17:37:06.872 > 9604,1,0.550,0.000,1,0,0.0,0.3
17:37:06.883 > 9615,1,0.551,0.000,1,0,0.0,0.3
17:37:06.894 > 9626,1,0.552,0.000,1,0,0.0,0.0
17:37:06.905 > 9637,1,0.553,0.000,1,0,0.0,0.0
17:37:06.916 > 9648,1,0.554,0.000,1,0,0.0,0.0
17:37:06.927 > 9659,1,0.555,0.000,1,0,0.0,0.0
17:37:06.938 > 9670,1,0.556,0.000,1,0,0.0,0.0
17:37:06.949 > 9681,1,0.557,0.000,1,0,0.0,0.0
17:37:06.960 > 9692,1,0.558,0.000,1,-1,0.0,0.0
17:37:06.971 > 9703,1,0.559,0.000,1,0,0.0,0.0
17:37:06.982 > 9714,1,0.559,0.000,1,0,0.0,0.0
17:37:06.993 > 9725,1,0.560,0.000,1,0,0.0,0.0
17:37:07.004 > 9736,1,0.561,0.000,1,-1,0.0,-0.3
17:37:07.015 > 9747,1,0.562,0.000,1,-1,0.0,-0.3
17:37:07.035 > 9758,1,0.563,0.000,1,-1,0.0,-0.3
17:37:07.051 > 9769,1,0.564,0.000,1,0,0.0,-0.3
17:37:07.051 > 9780,1,0.565,0.000,1,0,0.0,-0.3
17:37:07.059 > 9791,1,0.566,0.000,1,0,0.0,0.3
17:37:07.070 > 9802,1,0.567,0.000,1,0,0.0,0.3
17:37:07.081 > 9813,1,0.568,0.000,1,0,0.0,0.3
17:37:07.092 > 9824,1,0.569,0.000,1,-1,0.0,0.3
17:37:07.103 > 9835,1,0.570,0.000,1,-1,0.0,0.3
17:37:07.114 > 9846,1,0.571,0.000,1,-1,0.0,-0.3
17:37:07.125 > 9857,1,0.571,0.000,1,0,0.0,-0.3
17:37:07.136 > 9868,1,0.572,0.000,1,0,0.0,-0.3
17:37:07.147 > 9879,1,0.573,0.000,1,0,0.0,-0.3
17:37:07.158 > 9890,1,0.574,0.000,1,0,0.0,-0.3
17:37:07.169 > 9901,1,0.575,0.000,1,-1,0.0,0.0
17:37:07.180 > 9912,1,0.576,0.000,1,0,0.0,0.0
17:37:07.191 > 9923,1,0.577,0.000,1,-1,0.0,0.0
17:37:07.202 > 9934,1,0.578,0.000,1,0,0.0,0.0
17:37:07.213 > 9945,1,0.579,0.000,1,-1,0.0,0.0
17:37:07.224 > 9956,1,0.580,0.000,1,0,0.0,0.3
17:37:07.235 > 9967,1,0.581,0.000,1,0,0.0,0.3
17:37:07.246 > 9978,1,0.581,0.000,1,-1,0.0,0.3
17:37:07.257 > 9989,1,0.582,0.000,1,0,0.0,0.3
17:37:07.268 > 10000,1,0.583,0.000,1,0,0.0,0.3
17:37:07.279 > 10011,1,0.584,0.000,1,0,0.0,0.0
17:37:07.290 > 10022,1,0.585,0.000,1,0,0.0,0.0
17:37:07.301 > 10033,1,0.586,0.000,1,0,0.0,0.0
17:37:07.312 > 10044,1,0.587,0.000,1,0,0.0,0.0
17:37:07.323 > 10055,1,0.588,0.000,1,0,0.0,0.0
17:37:07.334 > 10066,1,0.589,0.000,1,0,0.0,0.0
17:37:07.345 > 10077,1,0.590,0.000,1,-1,0.0,0.0
17:37:07.356 > 10088,1,0.591,0.000,1,0,0.0,0.0
17:37:07.367 > 10099,1,0.592,0.000,1,0,0.0,0.0
17:37:07.378 > 10110,1,0.592,0.000,3,0,0.0,0.0
17:37:07.389 > 10121,1,0.593,0.000,19,0,4.8,0.0
17:37:07.400 > 10132,1,0.594,0.000,41,-1,4.8,0.0
17:37:07.411 > 10143,1,0.595,0.000,70,-1,4.8,0.0
17:37:07.422 > 10154,1,0.596,0.000,112,-1,4.8,0.0
17:37:07.433 > 10165,1,0.597,0.000,154,-1,4.8,0.0
17:37:07.444 > 10176,1,0.598,0.000,199,-1,47.9,-0.3
17:37:07.455 > 10187,1,0.599,0.000,252,0,47.9,-0.3
17:37:07.466 > 10198,1,0.600,0.000,317,-1,47.9,-0.3
17:37:07.477 > 10209,1,0.601,0.000,372,-1,47.9,-0.3
17:37:07.488 > 10220,1,0.602,0.000,436,-1,47.9,-0.3
17:37:07.499 > 10231,1,0.603,0.000,506,-1,81.8,0.0
17:37:07.510 > 10242,1,0.604,0.000,575,-1,81.8,0.0
17:37:07.521 > 10253,1,0.604,0.000,647,-1,81.8,0.0
17:37:07.532 > 10264,1,0.605,0.000,728,-1,81.8,0.0
17:37:07.543 > 10275,1,0.606,0.000,808,-1,81.8,0.0
17:37:07.554 > 10286,1,0.607,0.000,889,-1,102.0,0.0
17:37:07.565 > 10297,1,0.608,0.000,911,-1,102.0,0.0
17:37:07.576 > 10308,1,0.609,0.000,912,-1,102.0,0.0
17:37:07.587 > 10319,1,0.610,0.000,954,-1,102.0,0.0
17:37:07.598 > 10330,1,0.611,0.000,1048,-1,102.0,0.0
17:37:07.609 > 10341,1,0.612,0.000,1149,-1,69.2,0.0
17:37:07.620 > 10352,1,0.613,0.000,1250,0,69.2,0.0
17:37:07.631 > 10363,1,0.614,0.000,1353,0,69.2,0.0
17:37:07.642 > 10374,1,0.614,0.000,1460,0,69.2,0.0
17:37:07.653 > 10385,1,0.615,0.000,1566,0,69.2,0.0
17:37:07.664 > 10396,1,0.616,0.000,1676,0,140.4,0.3
17:37:07.675 > 10407,1,0.617,0.000,1785,0,140.4,0.3
17:37:07.686 > 10418,1,0.618,0.000,1896,0,140.4,0.3
17:37:07.697 > 10429,1,0.619,0.000,2006,1,140.4,0.3
17:37:07.708 > 10440,1,0.620,0.000,2122,1,140.4,0.3
17:37:07.719 > 10451,1,0.621,0.000,2244,1,151.3,0.3
17:37:07.730 > 10462,1,0.622,0.000,2363,1,151.3,0.3
17:37:07.741 > 10473,1,0.623,0.000,2479,1,151.3,0.3
17:37:07.752 > 10484,1,0.624,0.000,2601,1,151.3,0.3
17:37:07.763 > 10495,1,0.625,0.000,2723,1,151.3,0.3
17:37:07.774 > 10506,1,0.626,0.000,2845,1,160.1,0.0
17:37:07.785 > 10517,1,0.626,0.000,2972,1,160.1,0.0
17:37:07.796 > 10528,1,0.627,0.000,3097,1,160.1,0.0
17:37:07.807 > 10539,1,0.628,0.000,3221,1,160.1,0.0
17:37:07.818 > 10550,1,0.629,0.000,3353,1,160.1,0.0
17:37:07.829 > 10561,1,0.630,0.000,3481,1,169.4,0.0
17:37:07.840 > 10572,1,0.631,0.000,3611,0,169.4,0.0
17:37:07.851 > 10583,1,0.632,0.000,3742,0,169.4,0.0
17:37:07.862 > 10594,1,0.633,0.000,3875,0,169.4,0.0
17:37:07.873 > 10605,1,0.634,0.000,4005,0,169.4,0.0
17:37:07.884 > 10616,1,0.635,0.000,4134,-1,173.9,-0.5
17:37:07.895 > 10627,1,0.636,0.000,4260,-1,173.9,-0.5
17:37:07.906 > 10638,1,0.637,0.000,4390,-1,173.9,-0.5
17:37:07.917 > 10649,1,0.637,0.000,4521,-1,173.9,-0.5
17:37:07.928 > 10660,1,0.638,0.000,4655,-1,173.9,-0.5
17:37:07.939 > 10671,1,0.639,0.000,4788,-1,174.2,0.0
17:37:07.950 > 10682,1,0.640,0.000,4917,-1,174.2,0.0
17:37:07.961 > 10693,1,0.641,0.000,5007,-1,174.2,0.0
17:37:07.972 > 10704,1,0.642,0.000,5008,-1,174.2,0.0
17:37:07.983 > 10715,1,0.643,0.000,5128,-1,174.2,0.0
17:37:07.994 > 10726,1,0.644,0.000,5271,-1,128.6,0.0
17:37:08.005 > 10737,1,0.645,0.000,5414,0,128.6,0.0
17:37:08.016 > 10748,1,0.646,0.000,5559,0,128.6,0.0
17:37:08.027 > 10759,1,0.647,0.000,5700,0,128.6,0.0
17:37:08.048 > 10770,1,0.647,0.000,5845,0,128.6,0.0
17:37:08.049 > 10781,1,0.648,0.000,5991,1,191.8,0.5
17:37:08.066 > 10792,1,0.649,0.000,6137,1,191.8,0.5
17:37:08.071 > 10803,1,0.650,0.000,6283,1,191.8,0.5
17:37:08.082 > 10814,1,0.651,0.000,6430,1,191.8,0.5
17:37:08.093 > 10825,1,0.652,0.000,6579,1,191.8,0.5
17:37:08.104 > 10836,1,0.653,0.000,6725,1,195.5,0.0
17:37:08.115 > 10847,1,0.654,0.000,6875,1,195.5,0.0
17:37:08.126 > 10858,1,0.655,0.000,7029,1,195.5,0.0
17:37:08.137 > 10869,1,0.656,0.000,7181,1,195.5,0.0
17:37:08.148 > 10880,1,0.657,0.000,7332,1,195.5,0.0
17:37:08.159 > 10891,1,0.658,0.000,7485,1,202.4,0.0
17:37:08.170 > 10902,1,0.659,0.000,7637,0,202.4,0.0
17:37:08.181 > 10913,1,0.659,0.000,7792,0,202.4,0.0
17:37:08.192 > 10924,1,0.660,0.000,7945,0,202.4,0.0
17:37:08.203 > 10935,1,0.661,0.000,8098,0,202.4,0.0
17:37:08.214 > 10946,1,0.662,0.000,8246,0,202.7,-0.3
17:37:08.225 > 10957,1,0.663,0.000,8396,-1,202.7,-0.3
17:37:08.236 > 10968,1,0.664,0.000,8547,-1,202.7,-0.3
17:37:08.247 > 10979,1,0.665,0.000,8696,-1,202.7,-0.3
17:37:08.258 > 10990,1,0.666,0.000,8845,-1,202.7,-0.3
17:37:08.269 > 11001,1,0.667,0.000,8999,-1,200.6,-0.3
17:37:08.280 > 11012,1,0.668,0.000,9103,-1,200.6,-0.3
17:37:08.291 > 11023,1,0.669,0.000,9109,-1,200.6,-0.3
17:37:08.302 > 11034,1,0.669,0.000,9264,-1,200.6,-0.3
17:37:08.313 > 11045,1,0.670,0.000,9427,-1,200.6,-0.3
17:37:08.324 > 11056,1,0.671,0.000,9588,0,156.9,0.3
17:37:08.335 > 11067,1,0.672,0.000,9748,0,156.9,0.3
17:37:08.346 > 11078,1,0.673,0.000,9906,0,156.9,0.3
17:37:08.357 > 11089,1,0.674,0.000,10065,1,156.9,0.3
17:37:08.368 > 11100,1,0.675,0.000,10226,1,156.9,0.3
17:37:08.379 > 11111,1,0.676,0.000,10392,1,214.1,0.3
17:37:08.390 > 11122,1,0.677,0.000,10556,1,214.1,0.3
17:37:08.401 > 11133,1,0.678,0.000,10721,1,214.1,0.3
17:37:08.412 > 11144,1,0.679,0.000,10884,1,214.1,0.3
17:37:08.423 > 11155,1,0.680,0.000,11052,1,214.1,0.3
17:37:08.434 > 11166,1,0.680,0.000,11222,1,221.1,0.0
17:37:08.445 > 11177,1,0.681,0.000,11389,1,221.1,0.0
17:37:08.456 > 11188,1,0.682,0.000,11557,1,221.1,0.0
17:37:08.467 > 11199,1,0.683,0.000,11730,0,221.1,0.0
17:37:08.478 > 11210,1,0.684,0.000,11894,0,221.1,0.0
17:37:08.489 > 11221,1,0.685,0.000,12060,0,223.2,-0.3
17:37:08.500 > 11232,1,0.686,0.000,12228,0,223.2,-0.3
17:37:08.511 > 11243,1,0.687,0.000,12393,-1,223.2,-0.3
17:37:08.522 > 11254,1,0.688,0.000,12553,-1,223.2,-0.3
17:37:08.533 > 11265,1,0.689,0.000,12723,-1,223.2,-0.3
17:37:08.544 > 11276,1,0.690,0.000,12894,-1,222.1,-0.3
17:37:08.555 > 11287,1,0.691,0.000,13061,-1,222.1,-0.3
17:37:08.566 > 11298,1,0.692,0.000,13199,-1,222.1,-0.3
17:37:08.577 > 11309,1,0.692,0.000,13200,-1,222.1,-0.3
17:37:08.588 > 11320,1,0.693,0.000,13357,-1,222.1,-0.3
17:37:08.599 > 11331,1,0.694,0.000,13531,-1,169.7,0.0
17:37:08.610 > 11342,1,0.695,0.000,13713,0,169.7,0.0
17:37:08.621 > 11353,1,0.696,0.000,13890,0,169.7,0.0
17:37:08.632 > 11364,1,0.697,0.000,14065,0,169.7,0.0
17:37:08.643 > 11375,1,0.698,0.000,14238,1,169.7,0.0
17:37:08.654 > 11386,1,0.699,0.000,14411,1,234.4,0.5
17:37:08.665 > 11397,1,0.700,0.000,14584,1,234.4,0.5
17:37:08.676 > 11408,1,0.701,0.000,14762,1,234.4,0.5
17:37:08.687 > 11419,1,0.702,0.000,14941,1,234.4,0.5
17:37:08.698 > 11430,1,0.702,0.000,15119,1,234.4,0.5
17:37:08.709 > 11441,1,0.703,0.000,15298,1,236.2,0.0
17:37:08.720 > 11452,1,0.704,0.000,15484,1,236.2,0.0
17:37:08.731 > 11463,1,0.705,0.000,15663,1,236.2,0.0
17:37:08.742 > 11474,1,0.706,0.000,15844,0,236.2,0.0
17:37:08.753 > 11485,1,0.707,0.000,16026,0,236.2,0.0
17:37:08.764 > 11496,1,0.708,0.000,16204,0,241.3,-0.3
17:37:08.775 > 11507,1,0.709,0.000,16379,0,241.3,-0.3
17:37:08.786 > 11518,1,0.710,0.000,16559,-1,241.3,-0.3
17:37:08.797 > 11529,1,0.711,0.000,16737,-1,241.3,-0.3
17:37:08.808 > 11540,1,0.712,0.000,16916,-1,241.3,-0.3
17:37:08.819 > 11551,1,0.713,0.000,17101,-1,238.9,-0.3
17:37:08.830 > 11562,1,0.714,0.000,17281,-1,238.9,-0.3
17:37:08.841 > 11573,1,0.714,0.000,17296,-1,238.9,-0.3
17:37:08.852 > 11584,1,0.715,0.000,17444,-1,238.9,-0.3
17:37:08.863 > 11595,1,0.716,0.000,17625,-1,238.9,-0.3
17:37:08.874 > 11606,1,0.717,0.000,17804,0,187.2,0.3
17:37:08.885 > 11617,1,0.718,0.000,17991,0,187.2,0.3
17:37:08.896 > 11628,1,0.719,0.000,18179,0,187.2,0.3
17:37:08.907 > 11639,1,0.720,0.000,18363,1,187.2,0.3
17:37:08.918 > 11650,1,0.721,0.000,18550,1,187.2,0.3
17:37:08.929 > 11661,1,0.722,0.000,18739,1,249.0,0.3
17:37:08.940 > 11672,1,0.723,0.000,18932,1,249.0,0.3
17:37:08.951 > 11683,1,0.724,0.000,19122,1,249.0,0.3
17:37:08.962 > 11694,1,0.725,0.000,19314,1,249.0,0.3
17:37:08.973 > 11705,1,0.725,0.000,19505,1,249.0,0.3
17:37:08.984 > 11716,1,0.726,0.000,19694,1,254.4,0.0
17:37:08.995 > 11727,1,0.727,0.000,19884,1,254.4,0.0
17:37:09.006 > 11738,1,0.728,0.000,20077,0,254.4,0.0
17:37:09.017 > 11749,1,0.729,0.000,20270,0,254.4,0.0
17:37:09.037 > 11760,1,0.730,0.000,20457,0,254.4,0.0
17:37:09.039 > 11771,1,0.731,0.000,20649,-1,254.4,-0.5
17:37:09.061 > 11782,1,0.732,0.000,20835,-1,254.4,-0.5
17:37:09.062 > 11793,1,0.733,0.000,21022,-1,254.4,-0.5
17:37:09.072 > 11804,1,0.734,0.000,21215,-1,254.4,-0.5
17:37:09.083 > 11815,1,0.735,0.000,21391,-1,254.4,-0.5
17:37:09.094 > 11826,1,0.735,0.000,21397,-1,199.2,0.0
17:37:09.105 > 11837,1,0.736,0.000,21587,-1,199.2,0.0
17:37:09.116 > 11848,1,0.737,0.000,21778,-1,199.2,0.0
17:37:09.127 > 11859,1,0.738,0.000,21973,0,199.2,0.0
17:37:09.138 > 11870,1,0.739,0.000,22170,0,199.2,0.0
17:37:09.149 > 11881,1,0.740,0.000,22365,0,257.8,0.3
17:37:09.160 > 11892,1,0.741,0.000,22565,1,257.8,0.3
17:37:09.171 > 11903,1,0.742,0.000,22768,1,257.8,0.3
17:37:09.182 > 11914,1,0.743,0.000,22967,1,257.8,0.3
17:37:09.193 > 11925,1,0.744,0.000,23167,1,257.8,0.3
17:37:09.204 > 11936,1,0.745,0.000,23368,1,267.1,0.3
17:37:09.215 > 11947,1,0.746,0.000,23566,1,267.1,0.3
17:37:09.226 > 11958,1,0.747,0.000,23772,1,267.1,0.3
17:37:09.237 > 11969,1,0.747,0.000,23970,1,267.1,0.3
17:37:09.248 > 11980,1,0.748,0.000,24171,0,267.1,0.3
17:37:09.259 > 11991,1,0.749,0.000,24375,0,268.2,-0.3
17:37:09.270 > 12002,1,0.750,0.000,24578,-1,268.2,-0.3
17:37:09.281 > 12013,1,0.751,0.000,24775,-1,268.2,-0.3
17:37:09.292 > 12024,1,0.752,0.000,24972,-1,268.2,-0.3
17:37:09.303 > 12035,1,0.753,0.000,25169,-1,268.2,-0.3
17:37:09.314 > 12046,1,0.754,0.000,25370,-1,265.0,-0.3
17:37:09.325 > 12057,1,0.755,0.000,25487,-1,265.0,-0.3
17:37:09.336 > 12068,1,0.756,0.000,25572,-1,265.0,-0.3
17:37:09.347 > 12079,1,0.757,0.000,25773,-1,265.0,-0.3
17:37:09.358 > 12090,1,0.757,0.000,25977,0,265.0,-0.3
17:37:09.369 > 12101,1,0.758,0.000,26178,0,215.2,0.3
17:37:09.380 > 12112,1,0.759,0.000,26383,0,215.2,0.3
17:37:09.391 > 12123,1,0.760,0.000,26591,1,215.2,0.3
17:37:09.402 > 12134,1,0.761,0.000,26803,1,215.2,0.3
17:37:09.413 > 12145,1,0.762,0.000,27015,1,215.2,0.3
17:37:09.424 > 12156,1,0.763,0.000,27220,1,277.5,0.3
17:37:09.435 > 12167,1,0.764,0.000,27425,1,277.5,0.3
17:37:09.446 > 12178,1,0.765,0.000,27638,1,277.5,0.3
17:37:09.457 > 12189,1,0.766,0.000,27846,1,277.5,0.3
17:37:09.468 > 12200,1,0.767,0.000,28059,1,277.5,0.3
17:37:09.479 > 12211,1,0.768,0.000,28269,0,279.4,-0.3
17:37:09.490 > 12222,1,0.768,0.000,28482,0,279.4,-0.3
17:37:09.501 > 12233,1,0.769,0.000,28689,0,279.4,-0.3
17:37:09.512 > 12244,1,0.770,0.000,28897,-1,279.4,-0.3
17:37:09.523 > 12255,1,0.771,0.000,29103,-1,279.4,-0.3
17:37:09.534 > 12266,1,0.772,0.000,29311,-1,277.5,-0.3
17:37:09.545 > 12277,1,0.773,0.000,29517,-1,277.5,-0.3
17:37:09.556 > 12288,1,0.774,0.000,29584,-1,277.5,-0.3
17:37:09.567 > 12299,1,0.775,0.000,29739,-1,277.5,-0.3
17:37:09.578 > 12310,1,0.776,0.000,29947,0,277.5,-0.3
17:37:09.589 > 12321,1,0.777,0.000,30159,0,225.9,0.3
17:37:09.600 > 12332,1,0.778,0.000,30368,0,225.9,0.3
17:37:09.611 > 12343,1,0.779,0.000,30583,0,225.9,0.3
17:37:09.622 > 12354,1,0.780,0.000,30802,1,225.9,0.3
17:37:09.633 > 12365,1,0.780,0.000,31020,1,225.9,0.3
17:37:09.644 > 12376,1,0.781,0.000,31235,1,286.6,0.3
17:37:09.655 > 12387,1,0.782,0.000,31450,1,286.6,0.3
17:37:09.666 > 12398,1,0.783,0.000,31662,1,286.6,0.3
17:37:09.677 > 12409,1,0.784,0.000,31884,1,286.6,0.3
17:37:09.688 > 12420,1,0.785,0.000,32105,1,286.6,0.3
17:37:09.699 > 12431,1,0.786,0.000,32324,0,290.0,-0.3
17:37:09.710 > 12442,1,0.787,0.000,32546,0,290.0,-0.3
17:37:09.721 > 12453,1,0.788,0.000,32756,0,290.0,-0.3
17:37:09.732 > 12464,1,0.789,0.000,32971,-1,290.0,-0.3
17:37:09.743 > 12475,1,0.790,0.000,33186,-1,290.0,-0.3
17:37:09.754 > 12486,1,0.790,0.000,33397,-1,285.8,-0.3
17:37:09.765 > 12497,1,0.791,0.000,33609,-1,285.8,-0.3
17:37:09.776 > 12508,1,0.792,0.000,33680,-1,285.8,-0.3
17:37:09.787 > 12519,1,0.793,0.000,33841,-1,285.8,-0.3
17:37:09.798 > 12530,1,0.794,0.000,34060,0,285.8,-0.3
17:37:09.809 > 12541,1,0.795,0.000,34281,0,235.4,0.3
17:37:09.820 > 12552,1,0.796,0.000,34506,1,235.4,0.3
17:37:09.831 > 12563,1,0.797,0.000,34732,0,235.4,0.3
17:37:09.842 > 12574,1,0.798,0.000,34956,1,235.4,0.3
17:37:09.853 > 12585,1,0.799,0.000,35180,1,235.4,0.3
17:37:09.864 > 12596,1,0.800,0.000,35399,1,297.8,0.3
17:37:09.875 > 12607,1,0.801,0.000,35613,1,297.8,0.3
17:37:09.886 > 12618,1,0.802,0.000,35840,1,297.8,0.3
17:37:09.897 > 12629,1,0.802,0.000,36070,1,297.8,0.3
17:37:09.908 > 12640,1,0.803,0.000,36292,1,297.8,0.3
17:37:09.919 > 12651,1,0.804,0.000,36523,0,299.4,-0.3
17:37:09.930 > 12662,1,0.805,0.000,36748,0,299.4,-0.3
17:37:09.941 > 12673,1,0.806,0.000,36964,-1,299.4,-0.3
17:37:09.952 > 12684,1,0.807,0.000,37181,-1,299.4,-0.3
17:37:09.963 > 12695,1,0.808,0.000,37398,-1,299.4,-0.3
17:37:09.974 > 12706,1,0.809,0.000,37626,-1,293.8,-0.3
17:37:09.985 > 12717,1,0.810,0.000,37775,-1,293.8,-0.3
17:37:09.996 > 12728,1,0.811,0.000,37881,-1,293.8,-0.3
17:37:10.007 > 12739,1,0.812,0.000,38110,0,293.8,-0.3
17:37:10.018 > 12750,1,0.812,0.000,38339,0,293.8,-0.3
17:37:10.029 > 12761,1,0.813,0.000,38560,0,248.8,0.3
17:37:10.040 > 12772,1,0.814,0.000,38780,0,248.8,0.3
17:37:10.058 > 12783,1,0.815,0.000,38999,1,248.8,0.3
17:37:10.075 > 12794,1,0.816,0.000,39229,1,248.8,0.3
17:37:10.076 > 12805,1,0.817,0.000,39464,1,248.8,0.3
17:37:10.084 > 12816,1,0.818,0.000,39690,1,301.0,0.3
17:37:10.095 > 12827,1,0.819,0.000,39924,1,301.0,0.3
17:37:10.106 > 12838,1,0.820,0.000,40161,1,301.0,0.3
17:37:10.117 > 12849,1,0.821,0.000,40387,1,301.0,0.3
17:37:10.128 > 12860,1,0.822,0.000,40622,0,301.0,0.3
17:37:10.139 > 12871,1,0.823,0.000,40852,0,309.5,-0.3
17:37:10.150 > 12882,1,0.823,0.000,41075,-1,309.5,-0.3
17:37:10.161 > 12893,1,0.824,0.000,41301,-1,309.5,-0.3
17:37:10.172 > 12904,1,0.825,0.000,41529,-1,309.5,-0.3
17:37:10.183 > 12915,1,0.826,0.000,41758,-1,309.5,-0.3
17:37:10.194 > 12926,1,0.827,0.000,41872,-1,271.7,-0.3
17:37:10.205 > 12937,1,0.828,0.000,42022,-1,271.7,-0.3
17:37:10.216 > 12948,1,0.829,0.000,42255,0,271.7,-0.3
17:37:10.227 > 12959,1,0.830,0.000,42489,0,271.7,-0.3
17:37:10.238 > 12970,1,0.831,0.000,42712,0,271.7,-0.3
17:37:10.249 > 12981,1,0.832,0.000,42940,0,284.4,0.3
17:37:10.260 > 12992,1,0.833,0.000,43179,1,284.4,0.3
17:37:10.271 > 13003,1,0.834,0.000,43417,1,284.4,0.3
17:37:10.282 > 13014,1,0.835,0.000,43654,1,284.4,0.3
17:37:10.293 > 13025,1,0.835,0.000,43886,1,284.4,0.3
17:37:10.304 > 13036,1,0.836,0.000,44126,1,315.9,0.3
17:37:10.315 > 13047,1,0.837,0.000,44367,1,315.9,0.3
17:37:10.326 > 13058,1,0.838,0.000,44601,0,315.9,0.3
17:37:10.337 > 13069,1,0.839,0.000,44838,0,315.9,0.3
17:37:10.348 > 13080,1,0.840,0.000,45071,-1,315.9,0.3
17:37:10.359 > 13091,1,0.841,0.000,45303,-1,313.5,-0.5
17:37:10.370 > 13102,1,0.842,0.000,45538,-1,313.5,-0.5
17:37:10.381 > 13113,1,0.843,0.000,45772,-1,313.5,-0.5
17:37:10.392 > 13124,1,0.844,0.000,45967,-1,313.5,-0.5
17:37:10.403 > 13135,1,0.845,0.000,46046,-1,313.5,-0.5
17:37:10.414 > 13146,1,0.845,0.000,46279,0,259.9,0.3
17:37:10.425 > 13157,1,0.846,0.000,46517,0,259.9,0.3
17:37:10.436 > 13168,1,0.847,0.000,46749,0,259.9,0.3
17:37:10.447 > 13179,1,0.848,0.000,46981,0,259.9,0.3
17:37:10.458 > 13190,1,0.849,0.000,47227,1,259.9,0.3
17:37:10.469 > 13201,1,0.850,0.000,47474,1,318.3,0.3
17:37:10.480 > 13212,1,0.851,0.000,47715,1,318.3,0.3
17:37:10.491 > 13223,1,0.852,0.000,47955,1,318.3,0.3
17:37:10.502 > 13234,1,0.853,0.000,48195,1,318.3,0.3
17:37:10.513 > 13245,1,0.854,0.000,48439,1,318.3,0.3
17:37:10.524 > 13256,1,0.855,0.000,48681,0,321.5,-0.3
17:37:10.535 > 13267,1,0.856,0.000,48922,0,321.5,-0.3
17:37:10.546 > 13278,1,0.857,0.000,49160,0,321.5,-0.3
17:37:10.557 > 13289,1,0.857,0.000,49400,-1,321.5,-0.3
17:37:10.568 > 13300,1,0.858,0.000,49638,-1,321.5,-0.3
17:37:10.579 > 13311,1,0.859,0.000,49876,-1,318.3,-0.3
17:37:10.590 > 13322,1,0.860,0.000,50063,-1,318.3,-0.3
17:37:10.601 > 13333,1,0.861,0.000,50152,-1,318.3,-0.3
17:37:10.612 > 13344,1,0.862,0.000,50392,0,318.3,-0.3
17:37:10.623 > 13355,1,0.863,0.000,50634,0,318.3,-0.3
17:37:10.634 > 13366,1,0.864,0.000,50871,0,265.0,0.3
17:37:10.645 > 13377,1,0.865,0.000,51114,0,265.0,0.3
17:37:10.656 > 13388,1,0.866,0.000,51363,1,265.0,0.3
17:37:10.667 > 13399,1,0.867,0.000,51611,1,265.0,0.3
17:37:10.678 > 13410,1,0.868,0.000,51858,1,265.0,0.3
17:37:10.689 > 13421,1,0.868,0.000,52101,1,327.6,0.3
17:37:10.700 > 13432,1,0.869,0.000,52347,1,327.6,0.3
17:37:10.711 > 13443,1,0.870,0.000,52593,1,327.6,0.3
17:37:10.722 > 13454,1,0.871,0.000,52839,0,327.6,0.3
17:37:10.733 > 13465,1,0.872,0.000,53088,0,327.6,0.3
17:37:10.744 > 13476,1,0.873,0.000,53333,-1,328.1,-0.5
17:37:10.755 > 13487,1,0.874,0.000,53571,-1,328.1,-0.5
17:37:10.766 > 13498,1,0.875,0.000,53810,-1,328.1,-0.5
17:37:10.777 > 13509,1,0.876,0.000,54054,-1,328.1,-0.5
17:37:10.788 > 13520,1,0.877,0.000,54160,-1,328.1,-0.5
17:37:10.799 > 13531,1,0.878,0.000,54354,-1,271.9,0.0
17:37:10.810 > 13542,1,0.878,0.000,54602,0,271.9,0.0
17:37:10.821 > 13553,1,0.879,0.000,54850,0,271.9,0.0
17:37:10.832 > 13564,1,0.880,0.000,55093,1,271.9,0.0
17:37:10.843 > 13575,1,0.881,0.000,55332,1,271.9,0.0
17:37:10.854 > 13586,1,0.882,0.000,55575,1,325.2,0.5
17:37:10.865 > 13597,1,0.883,0.000,55822,1,325.2,0.5
17:37:10.876 > 13608,1,0.884,0.000,56074,1,325.2,0.5
17:37:10.887 > 13619,1,0.885,0.000,56322,1,325.2,0.5
17:37:10.898 > 13630,1,0.886,0.000,56575,1,325.2,0.5
17:37:10.909 > 13641,1,0.887,0.000,56824,0,332.7,-0.3
17:37:10.920 > 13652,1,0.888,0.000,57082,0,332.7,-0.3
17:37:10.931 > 13663,1,0.889,0.000,57332,-1,332.7,-0.3
17:37:10.942 > 13674,1,0.890,0.000,57573,-1,332.7,-0.3
17:37:10.953 > 13685,1,0.890,0.000,57817,-1,332.7,-0.3
17:37:10.964 > 13696,1,0.891,0.000,58062,-1,329.7,-0.3
17:37:10.975 > 13707,1,0.892,0.000,58255,-1,329.7,-0.3
17:37:10.986 > 13718,1,0.893,0.000,58356,-1,329.7,-0.3
17:37:10.997 > 13729,1,0.894,0.000,58602,0,329.7,-0.3
17:37:11.008 > 13740,1,0.895,0.000,58854,0,329.7,-0.3
17:37:11.023 > 13751,1,0.896,0.000,59102,1,277.0,0.5
17:37:11.038 > 13762,1,0.897,0.000,59360,0,277.0,0.5
17:37:11.055 > 13773,1,0.898,0.000,59619,1,277.0,0.5
17:37:11.056 > 13784,1,0.899,0.000,59872,1,277.0,0.5
17:37:11.063 > 13795,1,0.900,0.000,60120,1,277.0,0.5
17:37:11.074 > 13806,1,0.900,0.000,60371,1,338.0,0.0
17:37:11.085 > 13817,1,0.901,0.000,60629,1,338.0,0.0
17:37:11.096 > 13828,1,0.902,0.000,60886,0,338.0,0.0
17:37:11.107 > 13839,1,0.903,0.000,61140,0,338.0,0.0
17:37:11.118 > 13850,1,0.904,0.000,61395,-1,338.0,0.0
17:37:11.129 > 13861,1,0.905,0.000,61644,-1,339.0,-0.5
17:37:11.140 > 13872,1,0.906,0.000,61890,-1,339.0,-0.5
17:37:11.151 > 13883,1,0.907,0.000,62141,-1,339.0,-0.5
17:37:11.162 > 13894,1,0.908,0.000,62351,-1,339.0,-0.5
17:37:11.173 > 13905,1,0.909,0.000,62440,-1,339.0,-0.5
17:37:11.184 > 13916,1,0.910,0.000,62693,-1,279.4,0.0
17:37:11.195 > 13927,1,0.911,0.000,62950,0,279.4,0.0
17:37:11.206 > 13938,1,0.911,0.000,63204,1,279.4,0.0
17:37:11.217 > 13949,1,0.912,0.000,63463,0,279.4,0.0
17:37:11.228 > 13960,1,0.913,0.000,63723,1,279.4,0.0
17:37:11.239 > 13971,1,0.914,0.000,63976,1,341.7,0.5
17:37:11.250 > 13982,1,0.915,0.000,64230,1,341.7,0.5
17:37:11.261 > 13993,1,0.916,0.000,64488,1,341.7,0.5
17:37:11.272 > 14004,1,0.917,0.000,64750,1,341.7,0.5
17:37:11.283 > 14015,1,0.918,0.000,65010,0,341.7,0.5
17:37:11.294 > 14026,1,0.919,0.000,65270,0,344.6,-0.3
17:37:11.305 > 14037,1,0.920,0.000,65525,-1,344.6,-0.3
17:37:11.316 > 14048,1,0.921,0.000,65773,-1,344.6,-0.3
17:37:11.327 > 14059,1,0.922,0.000,66023,-1,344.6,-0.3
17:37:11.338 > 14070,1,0.923,0.000,66278,-1,344.6,-0.3
17:37:11.349 > 14081,1,0.923,0.000,66447,-1,313.5,-0.3
17:37:11.360 > 14092,1,0.924,0.000,66594,-1,313.5,-0.3
17:37:11.371 > 14103,1,0.925,0.000,66854,-1,313.5,-0.3
17:37:11.382 > 14114,1,0.926,0.000,67113,0,313.5,-0.3
17:37:11.393 > 14125,1,0.927,0.000,67363,1,313.5,-0.3
17:37:11.404 > 14136,1,0.928,0.000,67616,1,311.3,0.5
17:37:11.415 > 14147,1,0.929,0.000,67872,1,311.3,0.5
17:37:11.426 > 14158,1,0.930,0.000,68137,1,311.3,0.5
17:37:11.437 > 14169,1,0.931,0.000,68398,1,311.3,0.5
17:37:11.448 > 14180,1,0.932,0.000,68658,1,311.3,0.5
17:37:11.459 > 14191,1,0.933,0.000,68922,1,347.8,0.0
17:37:11.470 > 14202,1,0.933,0.000,69184,0,347.8,0.0
17:37:11.481 > 14213,1,0.934,0.000,69445,0,347.8,0.0
17:37:11.492 > 14224,1,0.935,0.000,69700,-1,347.8,0.0
17:37:11.503 > 14235,1,0.936,0.000,69951,-1,347.8,0.0
17:37:11.514 > 14246,1,0.937,0.000,70206,-1,342.0,-0.5
17:37:11.525 > 14257,1,0.938,0.000,70471,-1,342.0,-0.5
17:37:11.536 > 14268,1,0.939,0.000,70544,-1,342.0,-0.5
17:37:11.547 > 14279,1,0.940,0.000,70803,-1,342.0,-0.5
17:37:11.558 > 14290,1,0.941,0.000,71071,0,342.0,-0.5
17:37:11.569 > 14301,1,0.942,0.000,71331,0,299.6,0.3
17:37:11.580 > 14312,1,0.943,0.000,71589,1,299.6,0.3
17:37:11.591 > 14323,1,0.944,0.000,71848,1,299.6,0.3
17:37:11.602 > 14334,1,0.945,0.000,72100,1,299.6,0.3
17:37:11.613 > 14345,1,0.945,0.000,72349,1,299.6,0.3
17:37:11.624 > 14356,1,0.946,0.000,72616,1,342.2,0.3
17:37:11.635 > 14367,1,0.947,0.000,72889,1,342.2,0.3
17:37:11.646 > 14378,1,0.948,0.000,73154,0,342.2,0.3
17:37:11.657 > 14389,1,0.949,0.000,73411,0,342.2,0.3
17:37:11.668 > 14400,1,0.950,0.000,73672,-1,342.2,0.3
17:37:11.679 > 14411,1,0.951,0.000,73932,-1,350.5,-0.5
17:37:11.690 > 14422,1,0.952,0.000,74189,-1,350.5,-0.5
17:37:11.701 > 14433,1,0.953,0.000,74452,-1,350.5,-0.5
17:37:11.712 > 14444,1,0.954,0.000,74639,-1,350.5,-0.5
17:37:11.723 > 14455,1,0.955,0.000,74771,-1,350.5,-0.5
17:37:11.734 > 14466,1,0.956,0.000,75035,0,293.8,0.3
17:37:11.745 > 14477,1,0.956,0.000,75298,0,293.8,0.3
17:37:11.756 > 14488,1,0.957,0.000,75552,1,293.8,0.3
17:37:11.767 > 14499,1,0.958,0.000,75819,0,293.8,0.3
17:37:11.778 > 14510,1,0.959,0.000,76090,1,293.8,0.3
17:37:11.789 > 14521,1,0.960,0.000,76358,1,352.4,0.3
17:37:11.800 > 14532,1,0.961,0.000,76624,1,352.4,0.3
17:37:11.811 > 14543,1,0.962,0.000,76889,1,352.4,0.3
17:37:11.822 > 14554,1,0.963,0.000,77159,0,352.4,0.3
17:37:11.833 > 14565,1,0.964,0.000,77426,0,352.4,0.3
17:37:11.844 > 14576,1,0.965,0.000,77689,-1,354.5,-0.5
17:37:11.855 > 14587,1,0.966,0.000,77954,-1,354.5,-0.5
17:37:11.866 > 14598,1,0.966,0.000,78219,-1,354.5,-0.5
17:37:11.877 > 14609,1,0.967,0.000,78478,-1,354.5,-0.5
17:37:11.888 > 14620,1,0.968,0.000,78735,-1,354.5,-0.5
17:37:11.899 > 14631,1,0.969,0.000,78802,-1,296.4,0.0
17:37:11.910 > 14642,1,0.970,0.000,79065,-1,296.4,0.0
17:37:11.921 > 14653,1,0.971,0.000,79330,0,296.4,0.0
17:37:11.932 > 14664,1,0.972,0.000,79594,0,296.4,0.0
17:37:11.943 > 14675,1,0.973,0.000,79858,0,296.4,0.0
17:37:11.954 > 14686,1,0.974,0.000,80135,1,355.0,0.5
17:37:11.965 > 14697,1,0.975,0.000,80404,1,355.0,0.5
17:37:11.976 > 14708,1,0.976,0.000,80671,1,355.0,0.5
17:37:11.987 > 14719,1,0.977,0.000,80939,1,355.0,0.5
17:37:11.998 > 14730,1,0.978,0.000,81209,0,355.0,0.5
17:37:12.009 > 14741,1,0.978,0.000,81480,0,358.2,-0.3
17:37:12.020 > 14752,1,0.979,0.000,81753,-1,358.2,-0.3
17:37:12.031 > 14763,1,0.980,0.000,82015,-1,358.2,-0.3
17:37:12.042 > 14774,1,0.981,0.000,82280,-1,358.2,-0.3
17:37:12.053 > 14785,1,0.982,0.000,82543,-1,358.2,-0.3
17:37:12.071 > 14796,1,0.983,0.000,82810,-1,354.2,-0.3
17:37:12.090 > 14807,1,0.984,0.000,82882,-1,354.2,-0.3
17:37:12.093 > 14818,1,0.985,0.000,83151,-1,354.2,-0.3
17:37:12.097 > 14829,1,0.986,0.000,83424,0,354.2,-0.3
17:37:12.108 > 14840,1,0.987,0.000,83690,0,354.2,-0.3
17:37:12.119 > 14851,1,0.988,0.000,83950,0,303.6,0.3
17:37:12.130 > 14862,1,0.988,0.000,84214,1,303.6,0.3
17:37:12.141 > 14873,1,0.989,0.000,84486,1,303.6,0.3
17:37:12.152 > 14884,1,0.990,0.000,84755,1,303.6,0.3
17:37:12.163 > 14895,1,0.991,0.000,85024,0,303.6,0.3
17:37:12.174 > 14906,1,0.992,0.000,85296,0,358.5,0.0
17:37:12.185 > 14917,1,0.993,0.000,85567,0,358.5,0.0
17:37:12.196 > 14928,1,0.994,0.000,85843,-1,358.5,0.0
17:37:12.207 > 14939,1,0.995,0.000,86106,-1,358.5,0.0
17:37:12.218 > 14950,1,0.996,0.000,86368,-1,358.5,0.0
17:37:12.229 > 14961,1,0.997,0.000,86633,-2,356.1,-0.5
17:37:12.240 > 14972,1,0.998,0.000,86898,-1,356.1,-0.5
17:37:12.251 > 14983,1,0.999,0.000,86970,-1,356.1,-0.5
17:37:12.262 > 14994,1,0.999,0.000,87243,-1,356.1,-0.5
17:37:12.273 > 15005,2,0.300,0.000,87513,-1,356.1,-0.5
17:37:12.284 > 15016,2,0.300,0.000,87780,0,305.5,0.5
17:37:12.295 > 15027,2,0.300,0.000,88043,0,305.5,0.5
17:37:12.306 > 15038,2,0.300,0.000,88308,0,305.5,0.5
17:37:12.317 > 15049,2,0.300,0.000,88567,1,305.5,0.5
17:37:12.328 > 15060,2,0.300,0.000,88814,1,305.5,0.5
17:37:12.339 > 15071,2,0.300,0.000,89043,0,336.4,0.0
17:37:12.350 > 15082,2,0.300,0.000,89266,1,336.4,0.0
17:37:12.361 > 15093,2,0.300,0.000,89476,0,336.4,0.0
17:37:12.372 > 15104,2,0.300,0.000,89672,0,336.4,0.0
17:37:12.383 > 15115,2,0.300,0.000,89886,-1,336.4,0.0
17:37:12.394 > 15126,2,0.300,0.000,90098,-1,281.0,-0.3
17:37:12.405 > 15137,2,0.300,0.000,90297,-1,281.0,-0.3
17:37:12.416 > 15148,2,0.300,0.000,90488,-1,281.0,-0.3
17:37:12.427 > 15159,2,0.300,0.000,90671,-1,281.0,-0.3
17:37:12.438 > 15170,2,0.300,0.000,90846,-1,281.0,-0.3
17:37:12.449 > 15181,2,0.300,0.000,91018,-1,245.0,0.0
17:37:12.460 > 15192,2,0.300,0.000,91024,-1,245.0,0.0
17:37:12.471 > 15203,2,0.300,0.000,91163,-1,245.0,0.0
17:37:12.482 > 15214,2,0.300,0.000,91333,-1,245.0,0.0
17:37:12.493 > 15225,2,0.300,0.000,91504,-1,245.0,0.0
17:37:12.504 > 15236,2,0.300,0.000,91665,-1,172.3,0.0
17:37:12.515 > 15247,2,0.300,0.000,91811,0,172.3,0.0
17:37:12.526 > 15258,2,0.300,0.000,91952,0,172.3,0.0
17:37:12.537 > 15269,2,0.300,0.000,92089,0,172.3,0.0
17:37:12.548 > 15280,2,0.300,0.000,92224,0,172.3,0.0
17:37:12.559 > 15291,2,0.300,0.000,92358,0,184.6,0.3
17:37:12.570 > 15302,2,0.300,0.000,92487,1,184.6,0.3
17:37:12.581 > 15313,2,0.300,0.000,92610,1,184.6,0.3
17:37:12.592 > 15324,2,0.300,0.000,92728,1,184.6,0.3
17:37:12.603 > 15335,2,0.300,0.000,92835,1,184.6,0.3
17:37:12.614 > 15346,2,0.300,0.000,92947,1,156.9,0.3
17:37:12.625 > 15357,2,0.300,0.000,93067,0,156.9,0.3
17:37:12.636 > 15368,2,0.300,0.000,93178,0,156.9,0.3
17:37:12.647 > 15379,2,0.300,0.000,93285,0,156.9,0.3
17:37:12.658 > 15390,2,0.300,0.000,93391,0,156.9,0.3
17:37:12.669 > 15401,2,0.300,0.000,93494,0,145.7,-0.3
17:37:12.680 > 15412,2,0.300,0.000,93591,0,145.7,-0.3
17:37:12.691 > 15423,2,0.300,0.000,93685,0,145.7,-0.3
17:37:12.702 > 15434,2,0.300,0.000,93779,0,145.7,-0.3
17:37:12.713 > 15445,2,0.300,0.000,93865,-1,145.7,-0.3
17:37:12.724 > 15456,2,0.300,0.000,93948,-1,120.9,-0.3
17:37:12.735 > 15467,2,0.300,0.000,94029,-1,120.9,-0.3
17:37:12.746 > 15478,2,0.300,0.000,94109,-1,120.9,-0.3
17:37:12.757 > 15489,2,0.300,0.000,94182,-1,120.9,-0.3
17:37:12.768 > 15500,2,0.300,0.000,94256,-1,120.9,-0.3
17:37:12.779 > 15511,2,0.300,0.000,94322,-1,99.6,0.0
17:37:12.790 > 15522,2,0.300,0.000,94388,-1,99.6,0.0
17:37:12.801 > 15533,2,0.300,0.000,94451,-1,99.6,0.0
17:37:12.812 > 15544,2,0.300,0.000,94519,-1,99.6,0.0
17:37:12.823 > 15555,2,0.300,0.000,94578,-1,99.6,0.0
17:37:12.834 > 15566,2,0.300,0.000,94632,-1,82.6,0.0
17:37:12.845 > 15577,2,0.300,0.000,94695,-1,82.6,0.0
17:37:12.856 > 15588,2,0.300,0.000,94753,-1,82.6,0.0
17:37:12.867 > 15599,2,0.300,0.000,94803,-2,82.6,0.0
17:37:12.878 > 15610,2,0.300,0.000,94848,-1,82.6,0.0
17:37:12.889 > 15621,2,0.300,0.000,94898,-1,70.8,0.0
17:37:12.900 > 15632,2,0.300,0.000,94947,-2,70.8,0.0
17:37:12.911 > 15643,2,0.300,0.000,94991,-2,70.8,0.0
17:37:12.922 > 15654,2,0.300,0.000,95034,-2,70.8,0.0
17:37:12.933 > 15665,2,0.300,0.000,95076,-1,70.8,0.0
17:37:12.944 > 15676,2,0.300,0.000,95118,-1,58.6,0.0
17:37:12.955 > 15687,2,0.300,0.000,95119,-1,58.6,0.0
17:37:12.966 > 15698,2,0.300,0.000,95119,-1,58.6,0.0
17:37:12.977 > 15709,2,0.300,0.000,95120,-1,58.6,0.0
17:37:12.988 > 15720,2,0.300,0.000,95120,-1,58.6,0.0
17:37:12.999 > 15731,2,0.300,0.000,95120,-1,0.5,0.0
17:37:13.010 > 15742,2,0.300,0.000,95148,-1,0.5,0.0
17:37:13.036 > 15753,2,0.300,0.000,95183,-1,0.5,0.0
17:37:13.036 > 15764,2,0.300,0.000,95213,-1,0.5,0.0
17:37:13.053 > 15775,2,0.300,0.000,95245,-1,0.5,0.0
17:37:13.054 > 15786,2,0.300,0.000,95275,-1,41.3,0.0
17:37:13.065 > 15797,2,0.300,0.000,95305,-1,41.3,0.0
17:37:13.076 > 15808,2,0.300,0.000,95335,-1,41.3,0.0
17:37:13.087 > 15819,2,0.300,0.000,95361,-1,41.3,0.0
17:37:13.098 > 15830,2,0.300,0.000,95390,-1,41.3,0.0
17:37:13.109 > 15841,2,0.300,0.000,95420,-1,38.6,0.0
17:37:13.120 > 15852,2,0.300,0.000,95446,-1,38.6,0.0
17:37:13.131 > 15863,2,0.300,0.000,95470,-1,38.6,0.0
17:37:13.142 > 15874,2,0.300,0.000,95491,-1,38.6,0.0
17:37:13.153 > 15885,2,0.300,0.000,95514,-1,38.6,0.0
17:37:13.164 > 15896,2,0.300,0.000,95540,-1,32.0,0.0
17:37:13.175 > 15907,2,0.300,0.000,95563,-1,32.0,0.0
17:37:13.186 > 15918,2,0.300,0.000,95584,-1,32.0,0.0
17:37:13.197 > 15929,2,0.300,0.000,95603,-1,32.0,0.0
17:37:13.208 > 15940,2,0.300,0.000,95618,-1,32.0,0.0
17:37:13.219 > 15951,2,0.300,0.000,95636,-1,25.6,0.0
17:37:13.230 > 15962,2,0.300,0.000,95659,-1,25.6,0.0
17:37:13.241 > 15973,2,0.300,0.000,95681,-1,25.6,0.0
17:37:13.252 > 15984,2,0.300,0.000,95700,-1,25.6,0.0
17:37:13.263 > 15995,2,0.300,0.000,95717,-1,25.6,0.0
17:37:13.274 > 16006,2,0.300,0.000,95732,-1,25.6,0.0
17:37:13.285 > 16017,2,0.300,0.000,95743,-1,25.6,0.0
17:37:13.296 > 16028,2,0.300,0.000,95752,-1,25.6,0.0
17:37:13.307 > 16039,2,0.300,0.000,95764,-1,25.6,0.0
17:37:13.318 > 16050,2,0.300,0.000,95777,-1,25.6,0.0
17:37:13.329 > 16061,2,0.300,0.000,95790,-1,15.4,0.0
17:37:13.340 > 16072,2,0.300,0.000,95805,-1,15.4,0.0
17:37:13.351 > 16083,2,0.300,0.000,95817,-1,15.4,0.0
17:37:13.362 > 16094,2,0.300,0.000,95827,-1,15.4,0.0
17:37:13.373 > 16105,2,0.300,0.000,95836,-1,15.4,0.0
17:37:13.384 > 16116,2,0.300,0.000,95846,-1,14.9,0.0
17:37:13.395 > 16127,2,0.300,0.000,95855,-1,14.9,0.0
17:37:13.406 > 16138,2,0.300,0.000,95867,-1,14.9,0.0
17:37:13.417 > 16149,2,0.300,0.000,95877,-1,14.9,0.0
17:37:13.428 > 16160,2,0.300,0.000,95882,-1,14.9,0.0
17:37:13.439 > 16171,2,0.300,0.000,95884,0,10.1,0.3
17:37:13.450 > 16182,2,0.300,0.000,95895,-1,10.1,0.3
17:37:13.461 > 16193,2,0.300,0.000,95905,0,10.1,0.3
17:37:13.472 > 16204,2,0.300,0.000,95911,0,10.1,0.3
17:37:13.483 > 16215,2,0.300,0.000,95913,0,10.1,0.3
17:37:13.494 > 16226,2,0.300,0.000,95913,0,7.7,0.0
17:37:13.505 > 16237,2,0.300,0.000,95912,0,7.7,0.0
17:37:13.516 > 16248,2,0.300,0.000,95916,0,7.7,0.0
17:37:13.527 > 16259,2,0.300,0.000,95924,-1,7.7,0.0
17:37:13.538 > 16270,2,0.300,0.000,95928,0,7.7,0.0
17:37:13.549 > 16281,2,0.300,0.000,95929,0,4.3,0.0
17:37:13.560 > 16292,2,0.300,0.000,95929,-1,4.3,0.0
17:37:13.571 > 16303,2,0.300,0.000,95929,0,4.3,0.0
17:37:13.582 > 16314,2,0.300,0.000,95929,0,4.3,0.0
17:37:13.593 > 16325,2,0.300,0.000,95929,0,4.3,0.0
17:37:13.604 > 16336,2,0.300,0.000,95929,0,0.0,0.0
17:37:13.615 > 16347,2,0.300,0.000,95929,0,0.0,0.0
17:37:13.626 > 16358,2,0.300,0.000,95929,0,0.0,0.0
17:37:13.637 > 16369,2,0.300,0.000,95929,0,0.0,0.0
17:37:13.648 > 16380,2,0.300,0.000,95929,0,0.0,0.0
17:37:13.659 > 16391,2,0.300,0.000,95929,0,0.0,0.0
17:37:13.670 > 16402,2,0.300,0.000,95929,0,0.0,0.0
17:37:13.681 > 16413,2,0.300,0.000,95929,-1,0.0,0.0
17:37:13.692 > 16424,2,0.300,0.000,95929,0,0.0,0.0
17:37:13.703 > 16435,2,0.300,0.000,95929,0,0.0,0.0
17:37:13.714 > 16446,2,0.300,0.000,95929,0,0.0,0.0
17:37:13.725 > 16457,2,0.300,0.000,95929,0,0.0,0.0
17:37:13.736 > 16468,2,0.300,0.000,95929,0,0.0,0.0
17:37:13.747 > 16479,2,0.300,0.000,95929,0,0.0,0.0
17:37:13.758 > 16490,2,0.300,0.000,95929,0,0.0,0.0
17:37:13.769 > 16501,2,0.300,0.000,95929,0,0.0,0.0
17:37:13.780 > 16512,2,0.300,0.000,95929,0,0.0,0.0
17:37:13.791 > 16523,2,0.300,0.000,95929,0,0.0,0.0
17:37:13.802 > 16534,2,0.300,0.000,95929,-1,0.0,0.0
17:37:13.813 > 16545,2,0.300,0.000,95929,0,0.0,0.0
17:37:13.824 > 16556,2,0.300,0.000,95929,0,0.0,0.0
17:37:13.835 > 16567,2,0.300,0.000,95929,0,0.0,0.0
17:37:13.846 > 16578,2,0.300,0.000,95929,0,0.0,0.0
17:37:13.857 > 16589,2,0.300,0.000,95929,-1,0.0,0.0
17:37:13.868 > 16600,2,0.300,0.000,95929,0,0.0,0.0
17:37:13.879 > 16611,2,0.300,0.000,95929,0,0.0,0.0
17:37:13.890 > 16622,2,0.300,0.000,95929,0,0.0,0.0
17:37:13.901 > 16633,2,0.300,0.000,95929,0,0.0,0.0
17:37:13.912 > 16644,2,0.300,0.000,95929,0,0.0,0.0
17:37:13.923 > 16655,2,0.300,0.000,95929,0,0.0,0.0
17:37:13.934 > 16666,2,0.300,0.000,95929,0,0.0,0.0
17:37:13.945 > 16677,2,0.300,0.000,95929,0,0.0,0.0
17:37:13.956 > 16688,2,0.300,0.000,95929,0,0.0,0.0
17:37:13.967 > 16699,2,0.300,0.000,95929,-1,0.0,0.0
17:37:13.978 > 16710,2,0.300,0.000,95929,0,0.0,0.0
17:37:13.989 > 16721,2,0.300,0.000,95929,0,0.0,0.0
17:37:14.000 > 16732,2,0.300,0.000,95929,0,0.0,0.0
17:37:14.011 > 16743,2,0.300,0.000,95929,0,0.0,0.0
17:37:14.022 > 16754,2,0.300,0.000,95929,0,0.0,0.0
17:37:14.033 > 16765,2,0.300,0.000,95929,0,0.0,0.0
17:37:14.044 > 16776,2,0.300,0.000,95929,0,0.0,0.0
17:37:14.066 > 16787,2,0.300,0.000,95929,0,0.0,0.0
17:37:14.068 > 16798,2,0.300,0.000,95929,0,0.0,0.0
17:37:14.083 > 16809,2,0.300,0.000,95929,-1,0.0,0.0
17:37:14.088 > 16820,2,0.300,0.000,95929,0,0.0,0.0
17:37:14.099 > 16831,2,0.300,0.000,95929,0,0.0,0.0
17:37:14.110 > 16842,2,0.300,0.000,95929,0,0.0,0.0
17:37:14.121 > 16853,2,0.300,0.000,95929,0,0.0,0.0
17:37:14.132 > 16864,2,0.300,0.000,95929,0,0.0,0.0
17:37:14.143 > 16875,2,0.300,0.000,95929,0,0.0,0.0
17:37:14.154 > 16886,2,0.300,0.000,95929,0,0.0,0.0
17:37:14.165 > 16897,2,0.300,0.000,95929,0,0.0,0.0
17:37:14.176 > 16908,2,0.300,0.000,95929,-1,0.0,0.0
17:37:14.187 > 16919,2,0.300,0.000,95929,0,0.0,0.0
17:37:14.198 > 16930,2,0.300,0.000,95929,0,0.0,0.0
17:37:14.209 > 16941,2,0.300,0.000,95929,0,0.0,0.0
17:37:14.220 > 16952,2,0.300,0.000,95929,0,0.0,0.0
17:37:14.231 > 16963,2,0.300,0.000,95929,0,0.0,0.0
17:37:14.242 > 16974,2,0.300,0.000,95929,0,0.0,0.0
17:37:14.253 > 16985,2,0.300,0.000,95929,0,0.0,0.0
17:37:14.264 > 16996,2,0.300,0.000,95929,0,0.0,0.0
17:37:14.275 > 17007,2,0.300,0.000,95929,-1,0.0,0.0
17:37:14.286 > 17018,2,0.300,0.000,95929,0,0.0,0.0
17:37:14.297 > 17029,2,0.300,0.000,95929,0,0.0,0.0
17:37:14.308 > 17040,2,0.300,0.000,95929,0,0.0,0.0
17:37:14.319 > 17051,2,0.300,0.000,95929,0,0.0,0.0
17:37:14.330 > 17062,2,0.300,0.000,95929,0,0.0,0.0
17:37:14.341 > 17073,2,0.300,0.000,95929,0,0.0,0.0
17:37:14.352 > 17084,2,0.300,0.000,95929,-1,0.0,0.0
17:37:14.363 > 17095,2,0.300,0.000,95929,-1,0.0,0.0
17:37:14.374 > 17106,2,0.300,0.000,95929,-1,0.0,-0.3
17:37:14.385 > 17117,2,0.300,0.000,95929,-1,0.0,-0.3
17:37:14.396 > 17128,2,0.300,0.000,95929,-1,0.0,-0.3
17:37:14.407 > 17139,2,0.300,0.000,95929,-1,0.0,-0.3
17:37:14.418 > 17150,2,0.300,0.000,95929,-1,0.0,-0.3
17:37:14.429 > 17161,2,0.300,0.000,95929,-1,0.0,0.0
17:37:14.440 > 17172,2,0.300,0.000,95929,-1,0.0,0.0
17:37:14.451 > 17183,2,0.300,0.000,95929,0,0.0,0.0
17:37:14.462 > 17194,2,0.300,0.000,95929,-1,0.0,0.0
17:37:14.473 > 17205,2,0.300,0.000,95929,-1,0.0,0.0
17:37:14.484 > 17216,2,0.300,0.000,95929,0,0.0,0.3
17:37:14.495 > 17227,2,0.300,0.000,95929,-1,0.0,0.3
17:37:14.506 > 17238,2,0.300,0.000,95929,0,0.0,0.3
17:37:14.517 > 17249,2,0.300,0.000,95929,0,0.0,0.3
17:37:14.528 > 17260,2,0.300,0.000,95929,0,0.0,0.3
17:37:14.539 > 17271,2,0.300,0.000,95929,-1,0.0,-0.3
17:37:14.550 > 17282,2,0.300,0.000,95929,0,0.0,-0.3
17:37:14.561 > 17293,2,0.300,0.000,95929,0,0.0,-0.3
17:37:14.572 > 17304,2,0.300,0.000,95929,0,0.0,-0.3
17:37:14.583 > 17315,2,0.300,0.000,95929,0,0.0,-0.3
17:37:14.594 > 17326,2,0.300,0.000,95929,0,0.0,0.3
17:37:14.605 > 17337,2,0.300,0.000,95929,0,0.0,0.3
17:37:14.616 > 17348,2,0.300,0.000,95929,0,0.0,0.3
17:37:14.627 > 17359,2,0.300,0.000,95929,-1,0.0,0.3
17:37:14.638 > 17370,2,0.300,0.000,95929,0,0.0,0.3
17:37:14.649 > 17381,2,0.300,0.000,95929,0,0.0,0.0
17:37:14.660 > 17392,2,0.300,0.000,95929,0,0.0,0.0
17:37:14.671 > 17403,2,0.300,0.000,95929,0,0.0,0.0
17:37:14.682 > 17414,2,0.300,0.000,95929,-1,0.0,0.0
17:37:14.693 > 17425,2,0.300,0.000,95929,0,0.0,0.0
17:37:14.704 > 17436,2,0.300,0.000,95929,0,0.0,0.0
17:37:14.715 > 17447,2,0.300,0.000,95929,0,0.0,0.0
17:37:14.726 > 17458,2,0.300,0.000,95929,-1,0.0,0.0
17:37:14.737 > 17469,2,0.300,0.000,95929,-1,0.0,0.0
17:37:14.748 > 17480,2,0.300,0.000,95929,0,0.0,0.0
17:37:14.759 > 17491,2,0.300,0.000,95929,0,0.0,0.0
17:37:14.770 > 17502,2,0.300,0.000,95929,-1,0.0,0.0
17:37:14.781 > 17513,2,0.300,0.000,95929,0,0.0,0.0
17:37:14.792 > 17524,2,0.300,0.000,95929,0,0.0,0.0
17:37:14.803 > 17535,2,0.300,0.000,95929,0,0.0,0.0
17:37:14.814 > 17546,2,0.300,0.000,95929,0,0.0,0.0
17:37:14.825 > 17557,2,0.300,0.000,95929,0,0.0,0.0
17:37:14.836 > 17568,2,0.300,0.000,95929,0,0.0,0.0
17:37:14.847 > 17579,2,0.300,0.000,95929,-1,0.0,0.0
17:37:14.858 > 17590,2,0.300,0.000,95929,-1,0.0,0.0
17:37:14.869 > 17601,2,0.300,0.000,95929,-1,0.0,-0.3
17:37:14.880 > 17612,2,0.300,0.000,95929,-1,0.0,-0.3
17:37:14.891 > 17623,2,0.300,0.000,95929,0,0.0,-0.3
17:37:14.902 > 17634,2,0.300,0.000,95929,-1,0.0,-0.3
17:37:14.913 > 17645,2,0.300,0.000,95929,0,0.0,-0.3
17:37:14.924 > 17656,2,0.300,0.000,95929,0,0.0,0.3
17:37:14.935 > 17667,2,0.300,0.000,95929,0,0.0,0.3
17:37:14.946 > 17678,2,0.300,0.000,95929,0,0.0,0.3
17:37:14.957 > 17689,2,0.300,0.000,95929,0,0.0,0.3
17:37:14.968 > 17700,2,0.300,0.000,95929,0,0.0,0.3
17:37:14.979 > 17711,2,0.300,0.000,95929,0,0.0,0.0
17:37:14.990 > 17722,2,0.300,0.000,95929,0,0.0,0.0
17:37:15.001 > 17733,2,0.300,0.000,95929,-1,0.0,0.0
17:37:15.012 > 17744,2,0.300,0.000,95929,0,0.0,0.0
17:37:15.023 > 17755,2,0.300,0.000,95929,-1,0.0,0.0
17:37:15.040 > 17766,2,0.300,0.000,95929,0,0.0,0.0
17:37:15.060 > 17777,2,0.300,0.000,95929,0,0.0,0.0
17:37:15.062 > 17788,2,0.300,0.000,95929,-1,0.0,0.0
17:37:15.067 > 17799,2,0.300,0.000,95929,0,0.0,0.0
17:37:15.078 > 17810,2,0.300,0.000,95929,0,0.0,0.0
17:37:15.089 > 17821,2,0.300,0.000,95929,0,0.0,0.0
17:37:15.100 > 17832,2,0.300,0.000,95929,-1,0.0,0.0
17:37:15.111 > 17843,2,0.300,0.000,95929,0,0.0,0.0
17:37:15.122 > 17854,2,0.300,0.000,95929,0,0.0,0.0
17:37:15.133 > 17865,2,0.300,0.000,95929,0,0.0,0.0
17:37:15.144 > 17876,2,0.300,0.000,95929,0,0.0,0.0
17:37:15.155 > 17887,2,0.300,0.000,95929,0,0.0,0.0
17:37:15.166 > 17898,2,0.300,0.000,95929,0,0.0,0.0
17:37:15.177 > 17909,2,0.300,0.000,95929,0,0.0,0.0
17:37:15.188 > 17920,2,0.300,0.000,95929,0,0.0,0.0
17:37:15.199 > 17931,2,0.300,0.000,95929,-1,0.0,-0.3
17:37:15.210 > 17942,2,0.300,0.000,95929,0,0.0,-0.3
17:37:15.221 > 17953,2,0.300,0.000,95929,0,0.0,-0.3
17:37:15.232 > 17964,2,0.300,0.000,95929,0,0.0,-0.3
17:37:15.243 > 17975,2,0.300,0.000,95929,-1,0.0,-0.3
17:37:15.254 > 17986,2,0.300,0.000,95929,0,0.0,0.3
17:37:15.265 > 17997,2,0.300,0.000,95929,-1,0.0,0.3
17:37:15.276 > 18008,2,0.500,0.000,95929,0,0.0,0.3
17:37:15.287 > 18019,2,0.500,0.000,95929,-1,0.0,0.3
17:37:15.298 > 18030,2,0.500,0.000,95929,-1,0.0,0.3
17:37:15.309 > 18041,2,0.500,0.000,95929,0,0.0,0.0
17:37:15.320 > 18052,2,0.500,0.000,95929,-1,0.0,0.0
17:37:15.331 > 18063,2,0.500,0.000,95929,0,0.0,0.0
17:37:15.342 > 18074,2,0.500,0.000,95929,0,0.0,0.0
17:37:15.353 > 18085,2,0.500,0.000,95929,0,0.0,0.0
17:37:15.364 > 18096,2,0.500,0.000,95929,-1,0.0,-0.3
17:37:15.375 > 18107,2,0.500,0.000,95929,0,0.0,-0.3
17:37:15.386 > 18118,2,0.500,0.000,95929,0,0.0,-0.3
17:37:15.397 > 18129,2,0.500,0.000,95929,-1,0.0,-0.3
17:37:15.408 > 18140,2,0.500,0.000,95929,-1,0.0,-0.3
17:37:15.419 > 18151,2,0.500,0.000,95929,-1,0.0,0.0
17:37:15.430 > 18162,2,0.500,0.000,95929,0,0.0,0.0
17:37:15.441 > 18173,2,0.500,0.000,95929,0,0.0,0.0
17:37:15.452 > 18184,2,0.500,0.000,95929,0,0.0,0.0
17:37:15.463 > 18195,2,0.500,0.000,95929,0,0.0,0.0
17:37:15.474 > 18206,2,0.500,0.000,95929,0,0.0,0.3
17:37:15.485 > 18217,2,0.500,0.000,95929,0,0.0,0.3
17:37:15.496 > 18228,2,0.500,0.000,95929,0,0.0,0.3
17:37:15.507 > 18239,2,0.500,0.000,95929,0,0.0,0.3
17:37:15.518 > 18250,2,0.500,0.000,95929,0,0.0,0.3
17:37:15.529 > 18261,2,0.500,0.000,95929,-1,0.0,-0.3
17:37:15.540 > 18272,2,0.500,0.000,95929,-1,0.0,-0.3
17:37:15.551 > 18283,2,0.500,0.000,95929,-1,0.0,-0.3
17:37:15.562 > 18294,2,0.500,0.000,95929,0,0.0,-0.3
17:37:15.573 > 18305,2,0.500,0.000,95929,0,0.0,-0.3
17:37:15.584 > 18316,2,0.500,0.000,95929,-1,0.0,0.0
17:37:15.595 > 18327,2,0.500,0.000,95929,0,0.0,0.0
17:37:15.606 > 18338,2,0.500,0.000,95929,0,0.0,0.0
17:37:15.617 > 18349,2,0.500,0.000,95929,0,0.0,0.0
17:37:15.628 > 18360,2,0.500,0.000,95929,0,0.0,0.0
17:37:15.639 > 18371,2,0.500,0.000,95929,-1,0.0,0.0
17:37:15.650 > 18382,2,0.500,0.000,95929,0,0.0,0.0
17:37:15.661 > 18393,2,0.500,0.000,95929,-1,0.0,0.0
17:37:15.672 > 18404,2,0.500,0.000,95929,-1,0.0,0.0
17:37:15.683 > 18415,2,0.500,0.000,95929,-1,0.0,0.0
17:37:15.694 > 18426,2,0.500,0.000,95929,-1,0.0,0.0
17:37:15.705 > 18437,2,0.500,0.000,95929,0,0.0,0.0
17:37:15.716 > 18448,2,0.500,0.000,95929,0,0.0,0.0
17:37:15.727 > 18459,2,0.500,0.000,95929,-1,0.0,0.0
17:37:15.738 > 18470,2,0.500,0.000,95929,0,0.0,0.0
17:37:15.749 > 18481,2,0.500,0.000,95929,-1,0.0,0.0
17:37:15.760 > 18492,2,0.500,0.000,95929,0,0.0,0.0
17:37:15.771 > 18503,2,0.500,0.000,95929,0,0.0,0.0
17:37:15.782 > 18514,2,0.500,0.000,95929,0,0.0,0.0
17:37:15.793 > 18525,2,0.500,0.000,95929,0,0.0,0.0
17:37:15.804 > 18536,2,0.500,0.000,95929,-1,0.0,0.0
17:37:15.815 > 18547,2,0.500,0.000,95929,0,0.0,0.0
17:37:15.826 > 18558,2,0.500,0.000,95929,0,0.0,0.0
17:37:15.837 > 18569,2,0.500,0.000,95929,-1,0.0,0.0
17:37:15.848 > 18580,2,0.500,0.000,95929,-1,0.0,0.0
17:37:15.859 > 18591,2,0.500,0.000,95929,0,0.0,0.3
17:37:15.870 > 18602,2,0.500,0.000,95929,0,0.0,0.3
17:37:15.881 > 18613,2,0.500,0.000,95929,-1,0.0,0.3
17:37:15.892 > 18624,2,0.500,0.000,95929,-1,0.0,0.3
17:37:15.903 > 18635,2,0.500,0.000,95929,0,0.0,0.3
17:37:15.914 > 18646,2,0.500,0.000,95929,0,0.0,0.0
17:37:15.925 > 18657,2,0.500,0.000,95929,0,0.0,0.0
17:37:15.936 > 18668,2,0.500,0.000,95929,-1,0.0,0.0
17:37:15.947 > 18679,2,0.500,0.000,95929,0,0.0,0.0
17:37:15.958 > 18690,2,0.500,0.000,95929,0,0.0,0.0
17:37:15.969 > 18701,2,0.500,0.000,95929,0,0.0,0.0
17:37:15.980 > 18712,2,0.500,0.000,95929,-1,0.0,0.0
17:37:15.991 > 18723,2,0.500,0.000,95929,0,0.0,0.0
17:37:16.002 > 18734,2,0.500,0.000,95929,-1,0.0,0.0
17:37:16.013 > 18745,2,0.500,0.000,95929,0,0.0,0.0
17:37:16.024 > 18756,2,0.500,0.000,95929,0,0.0,0.0
17:37:16.035 > 18767,2,0.500,0.000,95929,-1,0.0,0.0
17:37:16.046 > 18778,2,0.500,0.000,95929,0,0.0,0.0
17:37:16.069 > 18789,2,0.500,0.000,95929,-1,0.0,0.0
17:37:16.069 > 18800,2,0.500,0.000,95929,-1,0.0,0.0
17:37:16.088 > 18811,2,0.500,0.000,95929,0,0.0,0.0
17:37:16.091 > 18822,2,0.500,0.000,95929,0,0.0,0.0
17:37:16.101 > 18833,2,0.500,0.000,95929,0,0.0,0.0
17:37:16.112 > 18844,2,0.500,0.000,95929,-1,0.0,0.0
17:37:16.123 > 18855,2,0.500,0.000,95929,0,0.0,0.0
17:37:16.134 > 18866,2,0.500,0.000,95929,-1,0.0,-0.3
17:37:16.145 > 18877,2,0.500,0.000,95929,0,0.0,-0.3
17:37:16.156 > 18888,2,0.500,0.000,95929,0,0.0,-0.3
17:37:16.167 > 18899,2,0.500,0.000,95929,-1,0.0,-0.3
17:37:16.178 > 18910,2,0.500,0.000,95929,0,0.0,-0.3
17:37:16.189 > 18921,2,0.500,0.000,95929,-1,0.0,0.0
17:37:16.200 > 18932,2,0.500,0.000,95929,-1,0.0,0.0
17:37:16.211 > 18943,2,0.500,0.000,95929,0,0.0,0.0
17:37:16.222 > 18954,2,0.500,0.000,95929,0,0.0,0.0
17:37:16.233 > 18965,2,0.500,0.000,95929,-1,0.0,0.0
17:37:16.244 > 18976,2,0.500,0.000,95929,0,0.0,0.3
17:37:16.255 > 18987,2,0.500,0.000,95929,0,0.0,0.3
17:37:16.266 > 18998,2,0.500,0.000,95929,0,0.0,0.3
17:37:16.277 > 19009,2,0.500,0.000,95929,-1,0.0,0.3
17:37:16.288 > 19020,2,0.500,0.000,95929,0,0.0,0.3
17:37:16.299 > 19031,2,0.500,0.000,95929,0,0.0,0.0
17:37:16.310 > 19042,2,0.500,0.000,95929,0,0.0,0.0
17:37:16.321 > 19053,2,0.500,0.000,95929,-1,0.0,0.0
17:37:16.332 > 19064,2,0.500,0.000,95929,-1,0.0,0.0
17:37:16.343 > 19075,2,0.500,0.000,95929,0,0.0,0.0
17:37:16.354 > 19086,2,0.500,0.000,95929,-1,0.0,-0.3
17:37:16.365 > 19097,2,0.500,0.000,95929,0,0.0,-0.3
17:37:16.376 > 19108,2,0.500,0.000,95929,0,0.0,-0.3
17:37:16.387 > 19119,2,0.500,0.000,95929,0,0.0,-0.3
17:37:16.398 > 19130,2,0.500,0.000,95929,0,0.0,-0.3
17:37:16.409 > 19141,2,0.500,0.000,95929,0,0.0,0.3
17:37:16.420 > 19152,2,0.500,0.000,95929,-1,0.0,0.3
17:37:16.431 > 19163,2,0.500,0.000,95929,-1,0.0,0.3
17:37:16.442 > 19174,2,0.500,0.000,95929,0,0.0,0.3
17:37:16.453 > 19185,2,0.500,0.000,95929,0,0.0,0.3
17:37:16.464 > 19196,2,0.500,0.000,95929,0,0.0,0.0
17:37:16.475 > 19207,2,0.500,0.000,95929,-1,0.0,0.0
17:37:16.486 > 19218,2,0.500,0.000,95929,0,0.0,0.0
17:37:16.497 > 19229,2,0.500,0.000,95929,0,0.0,0.0
17:37:16.508 > 19240,2,0.500,0.000,95929,-1,0.0,0.0
17:37:16.519 > 19251,2,0.500,0.000,95929,0,0.0,0.0
17:37:16.530 > 19262,2,0.500,0.000,95929,0,0.0,0.0
17:37:16.541 > 19273,2,0.500,0.000,95929,0,0.0,0.0
17:37:16.552 > 19284,2,0.500,0.000,95929,-1,0.0,0.0
17:37:16.563 > 19295,2,0.500,0.000,95929,-1,0.0,0.0
17:37:16.574 > 19306,2,0.500,0.000,95929,0,0.0,0.0
17:37:16.585 > 19317,2,0.500,0.000,95929,0,0.0,0.0
17:37:16.596 > 19328,2,0.500,0.000,95929,0,0.0,0.0
17:37:16.607 > 19339,2,0.500,0.000,95929,-1,0.0,0.0
17:37:16.618 > 19350,2,0.500,0.000,95929,-1,0.0,0.0
17:37:16.629 > 19361,2,0.500,0.000,95929,-1,0.0,-0.3
17:37:16.640 > 19372,2,0.500,0.000,95929,0,0.0,-0.3
17:37:16.651 > 19383,2,0.500,0.000,95929,-1,0.0,-0.3
17:37:16.662 > 19394,2,0.500,0.000,95929,-1,0.0,-0.3
17:37:16.673 > 19405,2,0.500,0.000,95929,0,0.0,-0.3
17:37:16.684 > 19416,2,0.500,0.000,95929,0,0.0,0.3
17:37:16.695 > 19427,2,0.500,0.000,95929,-1,0.0,0.3
17:37:16.706 > 19438,2,0.500,0.000,95929,0,0.0,0.3
17:37:16.717 > 19449,2,0.500,0.000,95929,0,0.0,0.3
17:37:16.728 > 19460,2,0.500,0.000,95929,0,0.0,0.3
17:37:16.739 > 19471,2,0.500,0.000,95929,-1,0.0,-0.3
17:37:16.750 > 19482,2,0.500,0.000,95929,-1,0.0,-0.3
17:37:16.761 > 19493,2,0.500,0.000,95929,-1,0.0,-0.3
17:37:16.772 > 19504,2,0.500,0.000,95929,0,0.0,-0.3
17:37:16.783 > 19515,2,0.500,0.000,95929,0,0.0,-0.3
17:37:16.794 > 19526,2,0.500,0.000,95929,0,0.0,0.3
17:37:16.805 > 19537,2,0.500,0.000,95929,0,0.0,0.3
17:37:16.816 > 19548,2,0.500,0.000,95929,0,0.0,0.3
17:37:16.827 > 19559,2,0.500,0.000,95929,0,0.0,0.3
17:37:16.838 > 19570,2,0.500,0.000,95929,0,0.0,0.3
17:37:16.849 > 19581,2,0.500,0.000,95929,0,0.0,0.0
17:37:16.860 > 19592,2,0.500,0.000,95929,0,0.0,0.0
17:37:16.871 > 19603,2,0.500,0.000,95929,0,0.0,0.0
17:37:16.882 > 19614,2,0.500,0.000,95929,-1,0.0,0.0
17:37:16.893 > 19625,2,0.500,0.000,95929,0,0.0,0.0
17:37:16.904 > 19636,2,0.500,0.000,95929,0,0.0,0.0
17:37:16.915 > 19647,2,0.500,0.000,95929,-1,0.0,0.0
17:37:16.926 > 19658,2,0.500,0.000,95929,0,0.0,0.0
17:37:16.937 > 19669,2,0.500,0.000,95929,0,0.0,0.0
17:37:16.948 > 19680,2,0.500,0.000,95929,0,0.0,0.0
17:37:16.959 > 19691,2,0.500,0.000,95929,-1,0.0,-0.3
17:37:16.970 > 19702,2,0.500,0.000,95929,0,0.0,-0.3
17:37:16.981 > 19713,2,0.500,0.000,95929,0,0.0,-0.3
17:37:16.992 > 19724,2,0.500,0.000,95929,-1,0.0,-0.3
17:37:17.003 > 19735,2,0.500,0.000,95929,0,0.0,-0.3
17:37:17.014 > 19746,2,0.500,0.000,95929,0,0.0,0.3
17:37:17.037 > 19757,2,0.500,0.000,95929,0,0.0,0.3
17:37:17.038 > 19768,2,0.500,0.000,95929,0,0.0,0.3
17:37:17.059 > 19779,2,0.500,0.000,95929,0,0.0,0.3
17:37:17.059 > 19790,2,0.500,0.000,95929,0,0.0,0.3
17:37:17.069 > 19801,2,0.500,0.000,95929,0,0.0,0.0
17:37:17.080 > 19812,2,0.500,0.000,95929,-1,0.0,0.0
17:37:17.091 > 19823,2,0.500,0.000,95929,0,0.0,0.0
17:37:17.102 > 19834,2,0.500,0.000,95929,-1,0.0,0.0
17:37:17.113 > 19845,2,0.500,0.000,95929,-1,0.0,0.0
17:37:17.124 > 19856,2,0.500,0.000,95929,-1,0.0,-0.3
17:37:17.135 > 19867,2,0.500,0.000,95929,0,0.0,-0.3
17:37:17.146 > 19878,2,0.500,0.000,95929,0,0.0,-0.3
17:37:17.157 > 19889,2,0.500,0.000,95929,0,0.0,-0.3
17:37:17.168 > 19900,2,0.500,0.000,95929,0,0.0,-0.3
17:37:17.179 > 19911,2,0.500,0.000,95929,-1,0.0,0.0
17:37:17.190 > 19922,2,0.500,0.000,95929,-1,0.0,0.0
17:37:17.201 > 19933,2,0.500,0.000,95929,0,0.0,0.0
17:37:17.212 > 19944,2,0.500,0.000,95929,0,0.0,0.0
17:37:17.223 > 19955,2,0.500,0.000,95929,0,0.0,0.0
17:37:17.234 > 19966,2,0.500,0.000,95929,0,0.0,0.3
17:37:17.245 > 19977,2,0.500,0.000,95929,0,0.0,0.3
17:37:17.256 > 19988,2,0.500,0.000,95929,-1,0.0,0.3
17:37:17.267 > 19999,2,0.500,0.000,95929,0,0.0,0.3
17:37:17.278 > 20010,2,0.500,0.000,95929,0,0.0,0.3
17:37:17.289 > 20021,2,0.500,0.000,95929,-1,0.0,-0.3
17:37:17.300 > 20032,2,0.500,0.000,95929,0,0.0,-0.3
17:37:17.311 > 20043,2,0.500,0.000,95929,0,0.0,-0.3
17:37:17.322 > 20054,2,0.500,0.000,95929,0,0.0,-0.3
17:37:17.333 > 20065,2,0.500,0.000,95929,-1,0.0,-0.3
17:37:17.344 > 20076,2,0.500,0.000,95929,0,0.0,0.3
17:37:17.355 > 20087,2,0.500,0.000,95929,0,0.0,0.3
17:37:17.366 > 20098,2,0.500,0.000,95929,0,0.0,0.3
17:37:17.377 > 20109,2,0.500,0.000,95929,0,0.0,0.3
17:37:17.388 > 20120,2,0.500,0.000,95929,-1,0.0,0.3
17:37:17.399 > 20131,2,0.500,0.000,95929,0,0.0,0.0
17:37:17.410 > 20142,2,0.500,0.000,95929,0,0.0,0.0
17:37:17.421 > 20153,2,0.500,0.000,95929,0,0.0,0.0
17:37:17.432 > 20164,2,0.500,0.000,95929,0,0.0,0.0
17:37:17.443 > 20175,2,0.500,0.000,95929,0,0.0,0.0
17:37:17.454 > 20186,2,0.500,0.000,95929,-1,0.0,-0.3
17:37:17.465 > 20197,2,0.500,0.000,95929,0,0.0,-0.3
17:37:17.476 > 20208,2,0.500,0.000,95929,-1,0.0,-0.3
17:37:17.487 > 20219,2,0.500,0.000,95929,0,0.0,-0.3
17:37:17.498 > 20230,2,0.500,0.000,95929,0,0.0,-0.3
17:37:17.509 > 20241,2,0.500,0.000,95929,0,0.0,0.3
17:37:17.520 > 20252,2,0.500,0.000,95929,0,0.0,0.3
17:37:17.531 > 20263,2,0.500,0.000,95929,0,0.0,0.3
17:37:17.542 > 20274,2,0.500,0.000,95929,0,0.0,0.3
17:37:17.553 > 20285,2,0.500,0.000,95929,-1,0.0,0.3
17:37:17.564 > 20296,2,0.500,0.000,95929,0,0.0,0.0
17:37:17.575 > 20307,2,0.500,0.000,95929,0,0.0,0.0
17:37:17.586 > 20318,2,0.500,0.000,95929,0,0.0,0.0
17:37:17.597 > 20329,2,0.500,0.000,95929,0,0.0,0.0
17:37:17.608 > 20340,2,0.500,0.000,95929,0,0.0,0.0
17:37:17.619 > 20351,2,0.500,0.000,95929,-1,0.0,-0.3
17:37:17.630 > 20362,2,0.500,0.000,95929,-1,0.0,-0.3
17:37:17.641 > 20373,2,0.500,0.000,95929,0,0.0,-0.3
17:37:17.652 > 20384,2,0.500,0.000,95929,-1,0.0,-0.3
17:37:17.663 > 20395,2,0.500,0.000,95929,0,0.0,-0.3
17:37:17.674 > 20406,2,0.500,0.000,95929,0,0.0,0.3
17:37:17.685 > 20417,2,0.500,0.000,95929,-1,0.0,0.3
17:37:17.696 > 20428,2,0.500,0.000,95929,0,0.0,0.3
17:37:17.707 > 20439,2,0.500,0.000,95929,0,0.0,0.3
17:37:17.718 > 20450,2,0.500,0.000,95929,0,0.0,0.3
17:37:17.729 > 20461,2,0.500,0.000,95929,0,0.0,0.0
17:37:17.740 > 20472,2,0.500,0.000,95929,0,0.0,0.0
17:37:17.751 > 20483,2,0.500,0.000,95929,-1,0.0,0.0
17:37:17.762 > 20494,2,0.500,0.000,95929,0,0.0,0.0
17:37:17.773 > 20505,2,0.500,0.000,95929,-1,0.0,0.0
17:37:17.784 > 20516,2,0.500,0.000,95929,0,0.0,0.0
17:37:17.795 > 20527,2,0.500,0.000,95929,-1,0.0,0.0
17:37:17.806 > 20538,2,0.500,0.000,95929,-1,0.0,0.0
17:37:17.817 > 20549,2,0.500,0.000,95929,0,0.0,0.0
17:37:17.828 > 20560,2,0.500,0.000,95929,0,0.0,0.0
17:37:17.839 > 20571,2,0.500,0.000,95929,0,0.0,0.0
17:37:17.850 > 20582,2,0.500,0.000,95929,-1,0.0,0.0
17:37:17.861 > 20593,2,0.500,0.000,95929,0,0.0,0.0
17:37:17.872 > 20604,2,0.500,0.000,95929,0,0.0,0.0
17:37:17.883 > 20615,2,0.500,0.000,95929,-1,0.0,0.0
17:37:17.894 > 20626,2,0.500,0.000,95929,0,0.0,0.0
17:37:17.905 > 20637,2,0.500,0.000,95929,0,0.0,0.0
17:37:17.916 > 20648,2,0.500,0.000,95929,0,0.0,0.0
17:37:17.927 > 20659,2,0.500,0.000,95929,0,0.0,0.0
17:37:17.938 > 20670,2,0.500,0.000,95929,0,0.0,0.0
17:37:17.949 > 20681,2,0.500,0.000,95929,-1,0.0,-0.3
17:37:17.960 > 20692,2,0.500,0.000,95929,0,0.0,-0.3
17:37:17.971 > 20703,2,0.500,0.000,95929,0,0.0,-0.3
17:37:17.982 > 20714,2,0.500,0.000,95929,0,0.0,-0.3
17:37:17.993 > 20725,2,0.500,0.000,95929,0,0.0,-0.3
17:37:18.004 > 20736,2,0.500,0.000,95929,0,0.0,0.3
17:37:18.015 > 20747,2,0.500,0.000,95929,-1,0.0,0.3
17:37:18.026 > 20758,2,0.500,0.000,95929,0,0.0,0.3
17:37:18.037 > 20769,2,0.500,0.000,95929,-1,0.0,0.3
17:37:18.048 > 20780,2,0.500,0.000,95929,-1,0.0,0.3
17:37:18.070 > 20791,2,0.500,0.000,95929,0,0.0,0.0
17:37:18.070 > 20802,2,0.500,0.000,95929,0,0.0,0.0
17:37:18.084 > 20813,2,0.500,0.000,95929,-1,0.0,0.0
17:37:18.102 > 20824,2,0.500,0.000,95929,0,0.0,0.0
17:37:18.105 > 20835,2,0.500,0.000,95929,-1,0.0,0.0
17:37:18.114 > 20846,2,0.500,0.000,95929,0,0.0,0.0
17:37:18.125 > 20857,2,0.500,0.000,95929,-1,0.0,0.0
17:37:18.136 > 20868,2,0.500,0.000,95929,0,0.0,0.0
17:37:18.147 > 20879,2,0.500,0.000,95929,0,0.0,0.0
17:37:18.158 > 20890,2,0.500,0.000,95929,0,0.0,0.0
17:37:18.169 > 20901,2,0.500,0.000,95929,0,0.0,0.0
17:37:18.180 > 20912,2,0.500,0.000,95929,-1,0.0,0.0
17:37:18.191 > 20923,2,0.500,0.000,95929,0,0.0,0.0
17:37:18.202 > 20934,2,0.500,0.000,95929,0,0.0,0.0
17:37:18.213 > 20945,2,0.500,0.000,95929,0,0.0,0.0
17:37:18.224 > 20956,2,0.500,0.000,95929,0,0.0,0.0
17:37:18.235 > 20967,2,0.500,0.000,95929,-1,0.0,0.0
17:37:18.246 > 20978,2,0.500,0.000,95929,-1,0.0,0.0
17:37:18.257 > 20989,2,0.500,0.000,95929,0,0.0,0.0
17:37:18.268 > 21000,2,0.700,0.000,95929,0,0.0,0.0
17:37:18.279 > 21011,2,0.700,0.000,95929,-1,0.0,-0.3
17:37:18.290 > 21022,2,0.700,0.000,95940,0,0.0,-0.3
17:37:18.301 > 21033,2,0.700,0.000,95993,-1,0.0,-0.3
17:37:18.312 > 21044,2,0.700,0.000,96046,0,0.0,-0.3
17:37:18.323 > 21055,2,0.700,0.000,96103,0,0.0,-0.3
17:37:18.334 > 21066,2,0.700,0.000,96191,0,69.8,0.3
17:37:18.345 > 21077,2,0.700,0.000,96276,0,69.8,0.3
17:37:18.356 > 21088,2,0.700,0.000,96360,0,69.8,0.3
17:37:18.367 > 21099,2,0.700,0.000,96477,0,69.8,0.3
17:37:18.378 > 21110,2,0.700,0.000,96593,0,69.8,0.3
17:37:18.389 > 21121,2,0.700,0.000,96705,0,136.9,0.0
17:37:18.400 > 21132,2,0.700,0.000,96811,1,136.9,0.0
17:37:18.411 > 21143,2,0.700,0.000,96939,1,136.9,0.0
17:37:18.422 > 21154,2,0.700,0.000,97067,0,136.9,0.0
17:37:18.433 > 21165,2,0.700,0.000,97202,0,136.9,0.0
17:37:18.444 > 21176,2,0.700,0.000,97338,0,168.6,0.0
17:37:18.455 > 21187,2,0.700,0.000,97475,0,168.6,0.0
17:37:18.466 > 21198,2,0.700,0.000,97620,0,168.6,0.0
17:37:18.477 > 21209,2,0.700,0.000,97767,0,168.6,0.0
17:37:18.488 > 21220,2,0.700,0.000,97914,-1,168.6,0.0
17:37:18.499 > 21231,2,0.700,0.000,98061,-1,192.6,-0.3
17:37:18.510 > 21242,2,0.700,0.000,98209,-1,192.6,-0.3
17:37:18.521 > 21253,2,0.700,0.000,98360,-1,192.6,-0.3
17:37:18.532 > 21264,2,0.700,0.000,98511,-1,192.6,-0.3
17:37:18.543 > 21275,2,0.700,0.000,98660,-1,192.6,-0.3
17:37:18.554 > 21286,2,0.700,0.000,98821,-1,202.4,0.0
17:37:18.565 > 21297,2,0.700,0.000,98982,-2,202.4,0.0
17:37:18.576 > 21308,2,0.700,0.000,99139,-1,202.4,0.0
17:37:18.587 > 21319,2,0.700,0.000,99215,-1,202.4,0.0
17:37:18.598 > 21330,2,0.700,0.000,99257,-1,202.4,0.0
17:37:18.609 > 21341,2,0.700,0.000,99421,-1,159.8,0.0
17:37:18.620 > 21352,2,0.700,0.000,99594,-1,159.8,0.0
17:37:18.631 > 21363,2,0.700,0.000,99765,-1,159.8,0.0
17:37:18.642 > 21374,2,0.700,0.000,99932,-1,159.8,0.0
17:37:18.653 > 21385,2,0.700,0.000,100101,0,159.8,0.0
17:37:18.664 > 21396,2,0.700,0.000,100271,0,226.4,0.3
17:37:18.675 > 21407,2,0.700,0.000,100445,0,226.4,0.3
17:37:18.686 > 21418,2,0.700,0.000,100623,0,226.4,0.3
17:37:18.697 > 21429,2,0.700,0.000,100798,0,226.4,0.3
17:37:18.708 > 21440,2,0.700,0.000,100976,1,226.4,0.3
17:37:18.719 > 21451,2,0.700,0.000,101154,1,235.2,0.3
17:37:18.730 > 21462,2,0.700,0.000,101333,0,235.2,0.3
17:37:18.741 > 21473,2,0.700,0.000,101513,0,235.2,0.3
17:37:18.752 > 21484,2,0.700,0.000,101690,0,235.2,0.3
17:37:18.763 > 21495,2,0.700,0.000,101869,0,235.2,0.3
17:37:18.774 > 21506,2,0.700,0.000,102050,-1,238.6,-0.5
17:37:18.785 > 21517,2,0.700,0.000,102225,-1,238.6,-0.5
17:37:18.796 > 21528,2,0.700,0.000,102402,-1,238.6,-0.5
17:37:18.807 > 21539,2,0.700,0.000,102580,-1,238.6,-0.5
17:37:18.818 > 21550,2,0.700,0.000,102751,-1,238.6,-0.5
17:37:18.829 > 21561,2,0.700,0.000,102930,-1,234.4,0.0
17:37:18.840 > 21572,2,0.700,0.000,103114,-2,234.4,0.0
17:37:18.851 > 21583,2,0.700,0.000,103292,-2,234.4,0.0
17:37:18.862 > 21594,2,0.700,0.000,103312,-2,234.4,0.0
17:37:18.873 > 21605,2,0.700,0.000,103450,-1,234.4,0.0
17:37:18.884 > 21616,2,0.700,0.000,103629,-1,186.2,0.0
17:37:18.895 > 21627,2,0.700,0.000,103806,-1,186.2,0.0
17:37:18.906 > 21638,2,0.700,0.000,103981,-1,186.2,0.0
17:37:18.917 > 21649,2,0.700,0.000,104159,-1,186.2,0.0
17:37:18.928 > 21660,2,0.700,0.000,104345,0,186.2,0.0
17:37:18.939 > 21671,2,0.700,0.000,104532,0,240.5,0.3
17:37:18.950 > 21682,2,0.700,0.000,104719,0,240.5,0.3
17:37:18.961 > 21693,2,0.700,0.000,104901,0,240.5,0.3
17:37:18.972 > 21704,2,0.700,0.000,105081,0,240.5,0.3
17:37:18.983 > 21715,2,0.700,0.000,105266,0,240.5,0.3
17:37:18.995 > 21726,2,0.700,0.000,105453,0,245.3,0.0
17:37:19.005 > 21737,2,0.700,0.000,105638,0,245.3,0.0
17:37:19.016 > 21748,2,0.700,0.000,105819,0,245.3,0.0
17:37:19.036 > 21759,2,0.700,0.000,106004,-1,245.3,0.0
17:37:19.053 > 21770,2,0.700,0.000,106186,-1,245.3,0.0
17:37:19.053 > 21781,2,0.700,0.000,106369,-1,244.0,-0.3
17:37:19.060 > 21792,2,0.700,0.000,106554,-1,244.0,-0.3
17:37:19.071 > 21803,2,0.700,0.000,106734,-1,244.0,-0.3
17:37:19.082 > 21814,2,0.700,0.000,106911,-2,244.0,-0.3
17:37:19.093 > 21825,2,0.700,0.000,107093,-1,244.0,-0.3
17:37:19.104 > 21836,2,0.700,0.000,107272,-2,240.5,-0.3
17:37:19.115 > 21847,2,0.700,0.000,107407,-1,240.5,-0.3
17:37:19.126 > 21858,2,0.700,0.000,107433,-2,240.5,-0.3
17:37:19.137 > 21869,2,0.700,0.000,107609,-1,240.5,-0.3
17:37:19.148 > 21880,2,0.700,0.000,107793,-1,240.5,-0.3
17:37:19.159 > 21891,2,0.700,0.000,107979,-1,188.3,0.3
17:37:19.170 > 21902,2,0.700,0.000,108163,-1,188.3,0.3
17:37:19.181 > 21913,2,0.700,0.000,108344,0,188.3,0.3
17:37:19.192 > 21924,2,0.700,0.000,108530,0,188.3,0.3
17:37:19.203 > 21935,2,0.700,0.000,108722,0,188.3,0.3
17:37:19.214 > 21946,2,0.700,0.000,108910,0,248.0,0.3
17:37:19.225 > 21957,2,0.700,0.000,109094,0,248.0,0.3
17:37:19.236 > 21968,2,0.700,0.000,109276,0,248.0,0.3
17:37:19.247 > 21979,2,0.700,0.000,109459,0,248.0,0.3
17:37:19.258 > 21990,2,0.700,0.000,109648,0,248.0,0.3
17:37:19.269 > 22001,2,0.700,0.000,109835,0,246.4,0.0
17:37:19.280 > 22012,2,0.700,0.000,110016,0,246.4,0.0
17:37:19.291 > 22023,2,0.700,0.000,110207,-1,246.4,0.0
17:37:19.302 > 22034,2,0.700,0.000,110388,-1,246.4,0.0
17:37:19.313 > 22045,2,0.700,0.000,110574,-1,246.4,0.0
17:37:19.324 > 22056,2,0.700,0.000,110756,-1,245.3,-0.3
17:37:19.335 > 22067,2,0.700,0.000,110932,-1,245.3,-0.3
17:37:19.346 > 22078,2,0.700,0.000,111116,-1,245.3,-0.3
17:37:19.357 > 22089,2,0.700,0.000,111302,-2,245.3,-0.3
17:37:19.368 > 22100,2,0.700,0.000,111482,-2,245.3,-0.3
17:37:19.379 > 22111,2,0.700,0.000,111504,-2,199.2,-0.3
17:37:19.390 > 22122,2,0.700,0.000,111642,-1,199.2,-0.3
17:37:19.402 > 22133,2,0.700,0.000,111821,-1,199.2,-0.3
17:37:19.412 > 22144,2,0.700,0.000,112000,-1,199.2,-0.3
17:37:19.423 > 22155,2,0.700,0.000,112186,-1,199.2,-0.3
17:37:19.434 > 22166,2,0.700,0.000,112371,0,230.9,0.5
17:37:19.445 > 22177,2,0.700,0.000,112554,0,230.9,0.5
17:37:19.456 > 22188,2,0.700,0.000,112741,0,230.9,0.5
17:37:19.467 > 22199,2,0.700,0.000,112930,0,230.9,0.5
17:37:19.478 > 22210,2,0.700,0.000,113119,0,230.9,0.5
17:37:19.489 > 22221,2,0.700,0.000,113300,0,247.4,0.0
17:37:19.500 > 22232,2,0.700,0.000,113484,0,247.4,0.0
17:37:19.511 > 22243,2,0.700,0.000,113670,0,247.4,0.0
17:37:19.522 > 22254,2,0.700,0.000,113855,0,247.4,0.0
17:37:19.533 > 22265,2,0.700,0.000,114042,0,247.4,0.0
17:37:19.544 > 22276,2,0.700,0.000,114231,-1,248.0,-0.3
17:37:19.555 > 22287,2,0.700,0.000,114418,-1,248.0,-0.3
17:37:19.566 > 22298,2,0.700,0.000,114599,-1,248.0,-0.3
17:37:19.577 > 22309,2,0.700,0.000,114780,-1,248.0,-0.3
17:37:19.588 > 22320,2,0.700,0.000,114962,-1,248.0,-0.3
17:37:19.599 > 22331,2,0.700,0.000,115141,-2,242.4,-0.3
17:37:19.610 > 22342,2,0.700,0.000,115324,-2,242.4,-0.3
17:37:19.622 > 22353,2,0.700,0.000,115504,-2,242.4,-0.3
17:37:19.632 > 22364,2,0.700,0.000,115599,-2,242.4,-0.3
17:37:19.643 > 22375,2,0.700,0.000,115666,-1,242.4,-0.3
17:37:19.654 > 22386,2,0.700,0.000,115845,-1,187.5,0.3
17:37:19.665 > 22397,2,0.700,0.000,116027,-1,187.5,0.3
17:37:19.676 > 22408,2,0.700,0.000,116217,-1,187.5,0.3
17:37:19.687 > 22419,2,0.700,0.000,116405,-1,187.5,0.3
17:37:19.698 > 22430,2,0.700,0.000,116590,0,187.5,0.3
17:37:19.709 > 22441,2,0.700,0.000,116776,0,248.0,0.3
17:37:19.720 > 22452,2,0.700,0.000,116961,0,248.0,0.3
17:37:19.731 > 22463,2,0.700,0.000,117142,0,248.0,0.3
17:37:19.742 > 22474,2,0.700,0.000,117330,0,248.0,0.3
17:37:19.753 > 22485,2,0.700,0.000,117518,1,248.0,0.3
17:37:19.764 > 22496,2,0.700,0.000,117699,0,245.8,0.0
17:37:19.775 > 22507,2,0.700,0.000,117888,0,245.8,0.0
17:37:19.786 > 22518,2,0.700,0.000,118074,0,245.8,0.0
17:37:19.797 > 22529,2,0.700,0.000,118262,-1,245.8,0.0
17:37:19.808 > 22540,2,0.700,0.000,118451,-1,245.8,0.0
17:37:19.820 > 22551,2,0.700,0.000,118634,-1,249.0,-0.3
17:37:19.830 > 22562,2,0.700,0.000,118818,-1,249.0,-0.3
17:37:19.842 > 22573,2,0.700,0.000,118998,-2,249.0,-0.3
17:37:19.852 > 22584,2,0.700,0.000,119174,-1,249.0,-0.3
17:37:19.863 > 22595,2,0.700,0.000,119355,-2,249.0,-0.3
17:37:19.874 > 22606,2,0.700,0.000,119540,-2,241.3,-0.3
17:37:19.886 > 22617,2,0.700,0.000,119695,-2,241.3,-0.3
17:37:19.897 > 22628,2,0.700,0.000,119707,-2,241.3,-0.3
17:37:19.907 > 22639,2,0.700,0.000,119885,-1,241.3,-0.3
17:37:19.918 > 22650,2,0.700,0.000,120067,-1,241.3,-0.3
17:37:19.929 > 22661,2,0.700,0.000,120249,-1,188.8,0.3
17:37:19.940 > 22672,2,0.700,0.000,120435,-1,188.8,0.3
17:37:19.951 > 22683,2,0.700,0.000,120623,0,188.8,0.3
17:37:19.962 > 22694,2,0.700,0.000,120808,0,188.8,0.3
17:37:19.973 > 22705,2,0.700,0.000,120991,0,188.8,0.3
17:37:19.984 > 22716,2,0.700,0.000,121178,0,247.4,0.3
17:37:19.995 > 22727,2,0.700,0.000,121363,0,247.4,0.3
17:37:20.006 > 22738,2,0.700,0.000,121548,0,247.4,0.3
17:37:20.017 > 22749,2,0.700,0.000,121733,0,247.4,0.3
17:37:20.028 > 22760,2,0.700,0.000,121924,0,247.4,0.3
17:37:20.039 > 22771,2,0.700,0.000,122113,0,249.0,0.0
17:37:20.061 > 22782,2,0.700,0.000,122296,-1,249.0,0.0
17:37:20.064 > 22793,2,0.700,0.000,122486,-1,249.0,0.0
17:37:20.078 > 22804,2,0.700,0.000,122672,-1,249.0,0.0
17:37:20.083 > 22815,2,0.700,0.000,122853,-1,249.0,0.0
17:37:20.094 > 22826,2,0.700,0.000,123034,-1,245.3,-0.3
17:37:20.106 > 22837,2,0.700,0.000,123213,-2,245.3,-0.3
17:37:20.116 > 22848,2,0.700,0.000,123391,-2,245.3,-0.3
17:37:20.128 > 22859,2,0.700,0.000,123572,-2,245.3,-0.3
17:37:20.138 > 22870,2,0.700,0.000,123753,-2,245.3,-0.3
17:37:20.149 > 22881,2,0.700,0.000,123792,-2,201.9,-0.3
17:37:20.160 > 22892,2,0.700,0.000,123924,-2,201.9,-0.3
17:37:20.171 > 22903,2,0.700,0.000,124106,-1,201.9,-0.3
17:37:20.182 > 22914,2,0.700,0.000,124290,-1,201.9,-0.3
17:37:20.193 > 22925,2,0.700,0.000,124474,-1,201.9,-0.3
17:37:20.204 > 22936,2,0.700,0.000,124658,-1,230.6,0.3
17:37:20.215 > 22947,2,0.700,0.000,124842,0,230.6,0.3
17:37:20.226 > 22958,2,0.700,0.000,125028,0,230.6,0.3
17:37:20.237 > 22969,2,0.700,0.000,125213,0,230.6,0.3
17:37:20.248 > 22980,2,0.700,0.000,125401,0,230.6,0.3
17:37:20.259 > 22991,2,0.700,0.000,125587,0,247.4,0.3
17:37:20.270 > 23002,2,0.700,0.000,125774,0,247.4,0.3
17:37:20.281 > 23013,2,0.700,0.000,125963,0,247.4,0.3
17:37:20.292 > 23024,2,0.700,0.000,126151,0,247.4,0.3
17:37:20.303 > 23035,2,0.700,0.000,126338,0,247.4,0.3
17:37:20.314 > 23046,2,0.700,0.000,126525,-1,249.8,-0.3
17:37:20.325 > 23057,2,0.700,0.000,126710,-1,249.8,-0.3
17:37:20.337 > 23068,2,0.700,0.000,126891,-1,249.8,-0.3
17:37:20.347 > 23079,2,0.700,0.000,127072,-1,249.8,-0.3
17:37:20.358 > 23090,2,0.700,0.000,127253,-1,249.8,-0.3
17:37:20.370 > 23101,2,0.700,0.000,127434,-2,242.1,-0.3
17:37:20.381 > 23112,2,0.700,0.000,127619,-2,242.1,-0.3
17:37:20.391 > 23123,2,0.700,0.000,127803,-2,242.1,-0.3
17:37:20.403 > 23134,2,0.700,0.000,127887,-2,242.1,-0.3
17:37:20.414 > 23145,2,0.700,0.000,127969,-2,242.1,-0.3
17:37:20.424 > 23156,2,0.700,0.000,128150,-1,190.7,0.3
17:37:20.435 > 23167,2,0.700,0.000,128333,-1,190.7,0.3
17:37:20.446 > 23178,2,0.700,0.000,128512,-1,190.7,0.3
17:37:20.457 > 23189,2,0.700,0.000,128695,-1,190.7,0.3
17:37:20.468 > 23200,2,0.700,0.000,128880,0,190.7,0.3
17:37:20.479 > 23211,2,0.700,0.000,129063,0,243.2,0.3
17:37:20.490 > 23222,2,0.700,0.000,129252,0,243.2,0.3
17:37:20.501 > 23233,2,0.700,0.000,129439,0,243.2,0.3
17:37:20.512 > 23244,2,0.700,0.000,129625,0,243.2,0.3
17:37:20.523 > 23255,2,0.700,0.000,129813,0,243.2,0.3
17:37:20.534 > 23266,2,0.700,0.000,129997,0,248.8,0.0
17:37:20.545 > 23277,2,0.700,0.000,130186,0,248.8,0.0
17:37:20.556 > 23288,2,0.700,0.000,130372,0,248.8,0.0
17:37:20.567 > 23299,2,0.700,0.000,130557,-1,248.8,0.0
17:37:20.579 > 23310,2,0.700,0.000,130744,-1,248.8,0.0
17:37:20.590 > 23321,2,0.700,0.000,130924,-1,246.9,-0.3
17:37:20.601 > 23332,2,0.700,0.000,131104,-1,246.9,-0.3
17:37:20.611 > 23343,2,0.700,0.000,131287,-1,246.9,-0.3
17:37:20.623 > 23354,2,0.700,0.000,131467,-2,246.9,-0.3
17:37:20.633 > 23365,2,0.700,0.000,131649,-2,246.9,-0.3
17:37:20.645 > 23376,2,0.700,0.000,131834,-2,242.4,-0.3
17:37:20.656 > 23387,2,0.700,0.000,131983,-2,242.4,-0.3
17:37:20.666 > 23398,2,0.700,0.000,132000,-2,242.4,-0.3
17:37:20.678 > 23409,2,0.700,0.000,132180,-1,242.4,-0.3
17:37:20.689 > 23420,2,0.700,0.000,132361,-1,242.4,-0.3
17:37:20.699 > 23431,2,0.700,0.000,132542,-1,188.6,0.3
17:37:20.711 > 23442,2,0.700,0.000,132724,-1,188.6,0.3
17:37:20.721 > 23453,2,0.700,0.000,132910,0,188.6,0.3
17:37:20.732 > 23464,2,0.700,0.000,133097,0,188.6,0.3
17:37:20.743 > 23475,2,0.700,0.000,133286,0,188.6,0.3
17:37:20.754 > 23486,2,0.700,0.000,133470,0,247.2,0.3
17:37:20.765 > 23497,2,0.700,0.000,133657,0,247.2,0.3
17:37:20.776 > 23508,2,0.700,0.000,133845,0,247.2,0.3
17:37:20.787 > 23519,2,0.700,0.000,134032,0,247.2,0.3
17:37:20.798 > 23530,2,0.700,0.000,134217,0,247.2,0.3
17:37:20.809 > 23541,2,0.700,0.000,134402,0,248.2,0.0
17:37:20.821 > 23552,2,0.700,0.000,134590,-1,248.2,0.0
17:37:20.831 > 23563,2,0.700,0.000,134773,-1,248.2,0.0
17:37:20.842 > 23574,2,0.700,0.000,134960,-1,248.2,0.0
17:37:20.853 > 23585,2,0.700,0.000,135145,-1,248.2,0.0
17:37:20.864 > 23596,2,0.700,0.000,135325,-2,245.8,-0.5
17:37:20.875 > 23607,2,0.700,0.000,135503,-2,245.8,-0.5
17:37:20.886 > 23618,2,0.700,0.000,135686,-2,245.8,-0.5
17:37:20.898 > 23629,2,0.700,0.000,135872,-2,245.8,-0.5
17:37:20.908 > 23640,2,0.700,0.000,136054,-2,245.8,-0.5
17:37:20.919 > 23651,2,0.700,0.000,136080,-2,201.1,0.0
17:37:20.930 > 23662,2,0.700,0.000,136218,-2,201.1,0.0
17:37:20.941 > 23673,2,0.700,0.000,136399,-2,201.1,0.0
17:37:20.952 > 23684,2,0.700,0.000,136583,-1,201.1,0.0
17:37:20.963 > 23695,2,0.700,0.000,136762,-1,201.1,0.0
17:37:20.974 > 23706,2,0.700,0.000,136945,-1,230.4,0.3
17:37:20.985 > 23717,2,0.700,0.000,137133,-1,230.4,0.3
17:37:20.997 > 23728,2,0.700,0.000,137322,0,230.4,0.3
17:37:21.007 > 23739,2,0.700,0.000,137512,0,230.4,0.3
17:37:21.018 > 23750,2,0.700,0.000,137697,0,230.4,0.3
17:37:21.039 > 23761,2,0.700,0.000,137878,0,248.5,0.3
17:37:21.056 > 23772,2,0.700,0.000,138065,0,248.5,0.3
17:37:21.057 > 23783,2,0.700,0.000,138254,0,248.5,0.3
17:37:21.062 > 23794,2,0.700,0.000,138441,0,248.5,0.3
17:37:21.073 > 23805,2,0.700,0.000,138622,0,248.5,0.3
17:37:21.085 > 23816,2,0.700,0.000,138813,-1,249.0,-0.3
17:37:21.096 > 23827,2,0.700,0.000,138997,-1,249.0,-0.3
17:37:21.107 > 23838,2,0.700,0.000,139183,-1,249.0,-0.3
17:37:21.118 > 23849,2,0.700,0.000,139368,-1,249.0,-0.3
17:37:21.129 > 23860,2,0.700,0.000,139548,-2,249.0,-0.3
17:37:21.140 > 23871,2,0.700,0.000,139724,-2,242.6,-0.3
17:37:21.151 > 23882,2,0.700,0.000,139908,-2,242.6,-0.3
17:37:21.162 > 23893,2,0.700,0.000,140090,-2,242.6,-0.3
17:37:21.173 > 23904,2,0.700,0.000,140175,-2,242.6,-0.3
17:37:21.184 > 23915,2,0.700,0.000,140254,-2,242.6,-0.3
17:37:21.194 > 23926,2,0.700,0.000,140434,-2,189.1,0.0
17:37:21.205 > 23937,2,0.700,0.000,140616,-1,189.1,0.0
17:37:21.216 > 23948,2,0.700,0.000,140801,-1,189.1,0.0
17:37:21.228 > 23959,2,0.700,0.000,140985,-1,189.1,0.0
17:37:21.238 > 23970,2,0.700,0.000,141171,0,189.1,0.0
17:37:21.249 > 23981,2,0.700,0.000,141360,0,246.6,0.5
17:37:21.261 > 23992,2,0.700,0.000,141551,0,246.6,0.5
17:37:21.272 > 24003,2,1.000,0.000,141737,0,246.6,0.5
17:37:21.283 > 24014,2,1.000,0.000,141924,0,246.6,0.5
17:37:21.293 > 24025,2,1.000,0.000,142128,0,246.6,0.5
17:37:21.304 > 24036,2,1.000,0.000,142347,0,262.9,0.0
17:37:21.315 > 24047,2,1.000,0.000,142576,0,262.9,0.0
17:37:21.326 > 24058,2,1.000,0.000,142811,-1,262.9,0.0
17:37:21.337 > 24069,2,1.000,0.000,143054,-1,262.9,0.0
17:37:21.349 > 24080,2,1.000,0.000,143298,-1,262.9,0.0
17:37:21.360 > 24091,2,1.000,0.000,143541,-1,318.0,-0.3
17:37:21.370 > 24102,2,1.000,0.000,143791,-2,318.0,-0.3
17:37:21.381 > 24113,2,1.000,0.000,144040,-2,318.0,-0.3
17:37:21.392 > 24124,2,1.000,0.000,144271,-2,318.0,-0.3
17:37:21.403 > 24135,2,1.000,0.000,144346,-2,318.0,-0.3
17:37:21.414 > 24146,2,1.000,0.000,144599,-1,281.8,0.0
17:37:21.425 > 24157,2,1.000,0.000,144863,-1,281.8,0.0
17:37:21.436 > 24168,2,1.000,0.000,145125,-1,281.8,0.0
17:37:21.447 > 24179,2,1.000,0.000,145393,0,281.8,0.0
17:37:21.458 > 24190,2,1.000,0.000,145661,0,281.8,0.0
17:37:21.469 > 24201,2,1.000,0.000,145922,0,352.4,0.3
17:37:21.480 > 24212,2,1.000,0.000,146182,0,352.4,0.3
17:37:21.491 > 24223,2,1.000,0.000,146447,0,352.4,0.3
17:37:21.502 > 24234,2,1.000,0.000,146717,0,352.4,0.3
17:37:21.513 > 24245,2,1.000,0.000,146986,-1,352.4,0.3
17:37:21.525 > 24256,2,1.000,0.000,147252,-1,354.2,-0.3
17:37:21.536 > 24267,2,1.000,0.000,147515,-2,354.2,-0.3
17:37:21.547 > 24278,2,1.000,0.000,147773,-2,354.2,-0.3
17:37:21.558 > 24289,2,1.000,0.000,148031,-2,354.2,-0.3
17:37:21.569 > 24300,2,1.000,0.000,148293,-2,354.2,-0.3
17:37:21.579 > 24311,2,1.000,0.000,148368,-2,297.2,-0.3
17:37:21.591 > 24322,2,1.000,0.000,148621,-2,297.2,-0.3
17:37:21.601 > 24333,2,1.000,0.000,148889,-1,297.2,-0.3
17:37:21.612 > 24344,2,1.000,0.000,149149,-1,297.2,-0.3
17:37:21.623 > 24355,2,1.000,0.000,149411,-1,297.2,-0.3
17:37:21.634 > 24366,2,1.000,0.000,149681,0,349.7,0.5
17:37:21.645 > 24377,2,1.000,0.000,149947,0,349.7,0.5
17:37:21.656 > 24388,2,1.000,0.000,150214,0,349.7,0.5
17:37:21.667 > 24399,2,1.000,0.000,150481,0,349.7,0.5
17:37:21.678 > 24410,2,1.000,0.000,150750,0,349.7,0.5
17:37:21.689 > 24421,2,1.000,0.000,151020,-1,356.6,-0.3
17:37:21.700 > 24432,2,1.000,0.000,151291,-1,356.6,-0.3
17:37:21.712 > 24443,2,1.000,0.000,151554,-1,356.6,-0.3
17:37:21.722 > 24454,2,1.000,0.000,151814,-2,356.6,-0.3
17:37:21.733 > 24465,2,1.000,0.000,152071,-2,356.6,-0.3
17:37:21.745 > 24476,2,1.000,0.000,152333,-2,349.7,-0.3
17:37:21.755 > 24487,2,1.000,0.000,152464,-2,349.7,-0.3
17:37:21.767 > 24498,2,1.000,0.000,152669,-2,349.7,-0.3
17:37:21.778 > 24509,2,1.000,0.000,152937,-1,349.7,-0.3
17:37:21.789 > 24520,2,1.000,0.000,153204,-1,349.7,-0.3
17:37:21.799 > 24531,2,1.000,0.000,153464,-1,301.2,0.3
17:37:21.810 > 24542,2,1.000,0.000,153726,0,301.2,0.3
17:37:21.821 > 24553,2,1.000,0.000,153988,0,301.2,0.3
17:37:21.832 > 24564,2,1.000,0.000,154252,0,301.2,0.3
17:37:21.843 > 24575,2,1.000,0.000,154525,0,301.2,0.3
17:37:21.854 > 24586,2,1.000,0.000,154798,0,355.3,0.3
17:37:21.865 > 24597,2,1.000,0.000,155064,-1,355.3,0.3
17:37:21.876 > 24608,2,1.000,0.000,155333,-1,355.3,0.3
17:37:21.887 > 24619,2,1.000,0.000,155599,-1,355.3,0.3
17:37:21.898 > 24630,2,1.000,0.000,155856,-2,355.3,0.3
17:37:21.909 > 24641,2,1.000,0.000,156117,-2,351.3,-0.5
17:37:21.920 > 24652,2,1.000,0.000,156381,-2,351.3,-0.5
17:37:21.931 > 24663,2,1.000,0.000,156559,-2,351.3,-0.5
17:37:21.942 > 24674,2,1.000,0.000,156718,-2,351.3,-0.5
17:37:21.954 > 24685,2,1.000,0.000,156986,-1,351.3,-0.5
17:37:21.965 > 24696,2,1.000,0.000,157254,-1,302.8,0.3
17:37:21.976 > 24707,2,1.000,0.000,157517,0,302.8,0.3
17:37:21.986 > 24718,2,1.000,0.000,157777,0,302.8,0.3
17:37:21.997 > 24729,2,1.000,0.000,158038,0,302.8,0.3
17:37:22.008 > 24740,2,1.000,0.000,158308,0,302.8,0.3
17:37:22.019 > 24751,2,1.000,0.000,158576,0,352.1,0.3
17:37:22.030 > 24762,2,1.000,0.000,158848,0,352.1,0.3
17:37:22.042 > 24773,2,1.000,0.000,159116,-1,352.1,0.3
17:37:22.064 > 24784,2,1.000,0.000,159384,-1,352.1,0.3
17:37:22.065 > 24795,2,1.000,0.000,159649,-1,352.1,0.3
17:37:22.083 > 24806,2,1.000,0.000,159911,-2,355.6,-0.5
17:37:22.085 > 24817,2,1.000,0.000,160177,-2,355.6,-0.5
17:37:22.097 > 24828,2,1.000,0.000,160441,-2,355.6,-0.5
17:37:22.108 > 24839,2,1.000,0.000,160655,-2,355.6,-0.5
17:37:22.119 > 24850,2,1.000,0.000,160771,-2,355.6,-0.5
17:37:22.129 > 24861,2,1.000,0.000,161040,-1,300.7,0.3
17:37:22.141 > 24872,2,1.000,0.000,161305,-1,300.7,0.3
17:37:22.151 > 24883,2,1.000,0.000,161566,-1,300.7,0.3
17:37:22.162 > 24894,2,1.000,0.000,161825,-1,300.7,0.3
17:37:22.173 > 24905,2,1.000,0.000,162094,0,300.7,0.3
17:37:22.184 > 24916,2,1.000,0.000,162368,0,353.7,0.3
17:37:22.195 > 24927,2,1.000,0.000,162635,0,353.7,0.3
17:37:22.206 > 24938,2,1.000,0.000,162903,0,353.7,0.3
17:37:22.217 > 24949,2,1.000,0.000,163174,-1,353.7,0.3
17:37:22.228 > 24960,2,1.000,0.000,163440,-1,353.7,0.3
17:37:22.239 > 24971,2,1.000,0.000,163708,-1,356.9,-0.3
17:37:22.250 > 24982,2,1.000,0.000,163971,-2,356.9,-0.3
17:37:22.261 > 24993,2,1.000,0.000,164235,-2,356.9,-0.3
17:37:22.272 > 25004,2,1.000,0.000,164498,-2,356.9,-0.3
17:37:22.284 > 25015,2,1.000,0.000,164751,-2,356.9,-0.3
17:37:22.295 > 25026,2,1.000,0.000,164832,-2,299.4,-0.3
17:37:22.306 > 25037,2,1.000,0.000,165103,-1,299.4,-0.3
17:37:22.317 > 25048,2,1.000,0.000,165370,-1,299.4,-0.3
17:37:22.328 > 25059,2,1.000,0.000,165635,-1,299.4,-0.3
17:37:22.338 > 25070,2,1.000,0.000,165893,0,299.4,-0.3
17:37:22.349 > 25081,2,1.000,0.000,166157,0,352.9,0.5
17:37:22.360 > 25092,2,1.000,0.000,166427,0,352.9,0.5
17:37:22.371 > 25103,2,1.000,0.000,166700,0,352.9,0.5
17:37:22.382 > 25114,2,1.000,0.000,166971,0,352.9,0.5
17:37:22.393 > 25125,2,1.000,0.000,167236,0,352.9,0.5
17:37:22.405 > 25136,2,1.000,0.000,167505,-1,359.0,-0.3
17:37:22.415 > 25147,2,1.000,0.000,167778,-1,359.0,-0.3
17:37:22.427 > 25158,2,1.000,0.000,168044,-2,359.0,-0.3
17:37:22.437 > 25169,2,1.000,0.000,168307,-2,359.0,-0.3
17:37:22.449 > 25180,2,1.000,0.000,168570,-2,359.0,-0.3
17:37:22.459 > 25191,2,1.000,0.000,168833,-2,353.7,-0.3
17:37:22.471 > 25202,2,1.000,0.000,168906,-2,353.7,-0.3
17:37:22.482 > 25213,2,1.000,0.000,169178,-1,353.7,-0.3
17:37:22.492 > 25224,2,1.000,0.000,169448,-1,353.7,-0.3
17:37:22.503 > 25235,2,1.000,0.000,169714,-1,353.7,-0.3
17:37:22.514 > 25246,2,1.000,0.000,169979,0,305.2,0.5
17:37:22.525 > 25257,2,1.000,0.000,170242,0,305.2,0.5
17:37:22.536 > 25268,2,1.000,0.000,170512,0,305.2,0.5
17:37:22.547 > 25279,2,1.000,0.000,170782,0,305.2,0.5
17:37:22.558 > 25290,2,1.000,0.000,171052,0,305.2,0.5
17:37:22.570 > 25301,2,1.000,0.000,171324,-1,358.2,-0.3
17:37:22.580 > 25312,2,1.000,0.000,171592,-1,358.2,-0.3
17:37:22.592 > 25323,2,1.000,0.000,171872,-1,358.2,-0.3
17:37:22.603 > 25334,2,1.000,0.000,172139,-2,358.2,-0.3
17:37:22.613 > 25345,2,1.000,0.000,172395,-2,358.2,-0.3
17:37:22.625 > 25356,2,1.000,0.000,172661,-2,356.1,-0.3
17:37:22.636 > 25367,2,1.000,0.000,172923,-2,356.1,-0.3
17:37:22.647 > 25378,2,1.000,0.000,172994,-2,356.1,-0.3
17:37:22.657 > 25389,2,1.000,0.000,173264,-1,356.1,-0.3
17:37:22.668 > 25400,2,1.000,0.000,173533,-1,356.1,-0.3
17:37:22.679 > 25411,2,1.000,0.000,173797,0,302.6,0.5
17:37:22.691 > 25422,2,1.000,0.000,174062,-1,302.6,0.5
17:37:22.701 > 25433,2,1.000,0.000,174336,0,302.6,0.5
17:37:22.712 > 25444,2,1.000,0.000,174613,0,302.6,0.5
17:37:22.723 > 25455,2,1.000,0.000,174881,0,302.6,0.5
17:37:22.734 > 25466,2,1.000,0.000,175146,0,359.3,0.0
17:37:22.745 > 25477,2,1.000,0.000,175416,0,359.3,0.0
17:37:22.756 > 25488,2,1.000,0.000,175695,-1,359.3,0.0
17:37:22.768 > 25499,2,1.000,0.000,175961,-1,359.3,0.0
17:37:22.778 > 25510,2,1.000,0.000,176228,-2,359.3,0.0
17:37:22.790 > 25521,2,1.000,0.000,176491,-2,358.2,-0.5
17:37:22.801 > 25532,2,1.000,0.000,176755,-2,358.2,-0.5
17:37:22.812 > 25543,2,1.000,0.000,177014,-2,358.2,-0.5
17:37:22.823 > 25554,2,1.000,0.000,177083,-2,358.2,-0.5
17:37:22.834 > 25565,2,1.000,0.000,177351,-2,358.2,-0.5
17:37:22.845 > 25576,2,1.000,0.000,177619,-1,300.4,0.3
17:37:22.855 > 25587,2,1.000,0.000,177889,0,300.4,0.3
17:37:22.866 > 25598,2,1.000,0.000,178162,-1,300.4,0.3
17:37:22.878 > 25609,2,1.000,0.000,178435,0,300.4,0.3
17:37:22.888 > 25620,2,1.000,0.000,178706,0,300.4,0.3
17:37:22.900 > 25631,2,1.000,0.000,178969,0,359.6,0.3
17:37:22.910 > 25642,2,1.000,0.000,179240,0,359.6,0.3
17:37:22.921 > 25653,2,1.000,0.000,179519,0,359.6,0.3
17:37:22.932 > 25664,2,1.000,0.000,179790,-1,359.6,0.3
17:37:22.944 > 25675,2,1.000,0.000,180064,-1,359.6,0.3
17:37:22.954 > 25686,2,1.000,0.000,180328,-1,361.9,-0.3
17:37:22.966 > 25697,2,1.000,0.000,180587,-2,361.9,-0.3
17:37:22.976 > 25708,2,1.000,0.000,180854,-2,361.9,-0.3
17:37:22.987 > 25719,2,1.000,0.000,181122,-2,361.9,-0.3
17:37:22.999 > 25730,2,1.000,0.000,181196,-2,361.9,-0.3
17:37:23.009 > 25741,2,1.000,0.000,181471,-1,304.4,0.0
17:37:23.035 > 25752,2,1.000,0.000,181745,-1,304.4,0.0
17:37:23.036 > 25763,2,1.000,0.000,182011,-1,304.4,0.0
17:37:23.054 > 25774,2,1.000,0.000,182278,-1,304.4,0.0
17:37:23.054 > 25785,2,1.000,0.000,182542,0,304.4,0.0
17:37:23.065 > 25796,2,1.000,0.000,182804,0,355.0,0.3
17:37:23.076 > 25807,2,1.000,0.000,183073,0,355.0,0.3
17:37:23.086 > 25818,2,1.000,0.000,183351,0,355.0,0.3
17:37:23.097 > 25829,2,1.000,0.000,183623,0,355.0,0.3
17:37:23.108 > 25840,2,1.000,0.000,183894,-1,355.0,0.3
17:37:23.120 > 25851,2,1.000,0.000,184165,-1,362.5,-0.3
17:37:23.131 > 25862,2,1.000,0.000,184430,-2,362.5,-0.3
17:37:23.141 > 25873,2,1.000,0.000,184690,-2,362.5,-0.3
17:37:23.153 > 25884,2,1.000,0.000,184956,-2,362.5,-0.3
17:37:23.164 > 25895,2,1.000,0.000,185229,-2,362.5,-0.3
17:37:23.175 > 25906,2,1.000,0.000,185306,-2,303.9,-0.3
17:37:23.185 > 25917,2,1.000,0.000,185583,-1,303.9,-0.3
17:37:23.197 > 25928,2,1.000,0.000,185860,-1,303.9,-0.3
17:37:23.207 > 25939,2,1.000,0.000,186127,-1,303.9,-0.3
17:37:23.219 > 25950,2,1.000,0.000,186395,-1,303.9,-0.3
17:37:23.230 > 25961,2,1.000,0.000,186663,0,361.4,0.5
17:37:23.241 > 25972,2,1.000,0.000,186923,0,361.4,0.5
17:37:23.252 > 25983,2,1.000,0.000,187179,0,361.4,0.5
17:37:23.263 > 25994,2,1.000,0.000,187447,0,361.4,0.5
17:37:23.273 > 26005,2,1.000,0.000,187737,-1,361.4,0.5
17:37:23.285 > 26016,2,1.000,0.000,188015,-1,360.1,-0.3
17:37:23.295 > 26027,2,1.000,0.000,188277,-1,360.1,-0.3
17:37:23.307 > 26038,2,1.000,0.000,188526,-2,360.1,-0.3
17:37:23.317 > 26049,2,1.000,0.000,188792,-2,360.1,-0.3
17:37:23.329 > 26060,2,1.000,0.000,189062,-2,360.1,-0.3
17:37:23.339 > 26071,2,1.000,0.000,189327,-2,349.4,-0.3
17:37:23.350 > 26082,2,1.000,0.000,189398,-2,349.4,-0.3
17:37:23.362 > 26093,2,1.000,0.000,189666,-1,349.4,-0.3
17:37:23.372 > 26104,2,1.000,0.000,189936,-1,349.4,-0.3
17:37:23.383 > 26115,2,1.000,0.000,190198,-1,349.4,-0.3
17:37:23.394 > 26126,2,1.000,0.000,190461,0,302.0,0.5
17:37:23.405 > 26137,2,1.000,0.000,190735,0,302.0,0.5
17:37:23.416 > 26148,2,1.000,0.000,191014,0,302.0,0.5
17:37:23.427 > 26159,2,1.000,0.000,191282,0,302.0,0.5
17:37:23.438 > 26170,2,1.000,0.000,191550,0,302.0,0.5
17:37:23.450 > 26181,2,1.000,0.000,191820,-1,361.9,-0.3
17:37:23.460 > 26192,2,1.000,0.000,192093,-1,361.9,-0.3
17:37:23.472 > 26203,2,1.000,0.000,192360,-1,361.9,-0.3
17:37:23.482 > 26214,2,1.000,0.000,192628,-2,361.9,-0.3
17:37:23.493 > 26225,2,1.000,0.000,192895,-2,361.9,-0.3
17:37:23.505 > 26236,2,1.000,0.000,193156,-2,355.8,-0.3
17:37:23.515 > 26247,2,1.000,0.000,193419,-2,355.8,-0.3
17:37:23.527 > 26258,2,1.000,0.000,193490,-2,355.8,-0.3
17:37:23.538 > 26269,2,1.000,0.000,193759,-2,355.8,-0.3
17:37:23.548 > 26280,2,1.000,0.000,194030,-1,355.8,-0.3
17:37:23.559 > 26291,2,1.000,0.000,194292,-1,302.6,0.3
17:37:23.571 > 26302,2,1.000,0.000,194556,0,302.6,0.3
17:37:23.582 > 26313,2,1.000,0.000,194830,0,302.6,0.3
17:37:23.592 > 26324,2,1.000,0.000,195105,0,302.6,0.3
17:37:23.603 > 26335,2,1.000,0.000,195376,0,302.6,0.3
17:37:23.614 > 26346,2,1.000,0.000,195646,0,360.6,0.3
17:37:23.625 > 26357,2,1.000,0.000,195920,-1,360.6,0.3
17:37:23.637 > 26368,2,1.000,0.000,196191,-1,360.6,0.3
17:37:23.647 > 26379,2,1.000,0.000,196469,-1,360.6,0.3
17:37:23.659 > 26390,2,1.000,0.000,196735,-2,360.6,0.3
17:37:23.670 > 26401,2,1.000,0.000,197000,-2,360.6,-0.5
17:37:23.681 > 26412,2,1.000,0.000,197269,-2,360.6,-0.5
17:37:23.692 > 26423,2,1.000,0.000,197519,-2,360.6,-0.5
17:37:23.703 > 26434,2,1.000,0.000,197608,-2,360.6,-0.5
17:37:23.714 > 26445,2,1.000,0.000,197880,-1,360.6,-0.5
17:37:23.725 > 26456,2,1.000,0.000,198154,-1,307.4,0.3
17:37:23.736 > 26467,2,1.000,0.000,198421,0,307.4,0.3
17:37:23.746 > 26478,2,1.000,0.000,198683,0,307.4,0.3
17:37:23.757 > 26489,2,1.000,0.000,198957,0,307.4,0.3
17:37:23.769 > 26500,2,1.000,0.000,199233,0,307.4,0.3
17:37:23.779 > 26511,2,1.000,0.000,199502,0,359.0,0.3
17:37:23.790 > 26522,2,1.000,0.000,199774,0,359.0,0.3
17:37:23.801 > 26533,2,1.000,0.000,200050,-1,359.0,0.3
17:37:23.812 > 26544,2,1.000,0.000,200325,-1,359.0,0.3
17:37:23.823 > 26555,2,1.000,0.000,200603,-2,359.0,0.3
17:37:23.834 > 26566,2,1.000,0.000,200871,-2,364.6,-0.5
17:37:23.845 > 26577,2,1.000,0.000,201132,-2,364.6,-0.5
17:37:23.857 > 26588,2,1.000,0.000,201400,-2,364.6,-0.5
17:37:23.867 > 26599,2,1.000,0.000,201615,-2,364.6,-0.5
17:37:23.878 > 26610,2,1.000,0.000,201741,-2,364.6,-0.5
17:37:23.889 > 26621,2,1.000,0.000,202016,-1,305.0,0.3
17:37:23.900 > 26632,2,1.000,0.000,202286,-1,305.0,0.3
17:37:23.911 > 26643,2,1.000,0.000,202553,0,305.0,0.3
17:37:23.922 > 26654,2,1.000,0.000,202820,0,305.0,0.3
17:37:23.933 > 26665,2,1.000,0.000,203087,0,305.0,0.3
17:37:23.944 > 26676,2,1.000,0.000,203360,0,358.0,0.3
17:37:23.955 > 26687,2,1.000,0.000,203635,0,358.0,0.3
17:37:23.967 > 26698,2,1.000,0.000,203905,-1,358.0,0.3
17:37:23.977 > 26709,2,1.000,0.000,204180,-1,358.0,0.3
17:37:23.989 > 26720,2,1.000,0.000,204456,-1,358.0,0.3
17:37:24.000 > 26731,2,1.000,0.000,204725,-1,363.5,-0.3
17:37:24.010 > 26742,2,1.000,0.000,204993,-2,363.5,-0.3
17:37:24.022 > 26753,2,1.000,0.000,205253,-2,363.5,-0.3
17:37:24.033 > 26764,2,1.000,0.000,205516,-2,363.5,-0.3
17:37:24.058 > 26775,2,1.000,0.000,205711,-2,363.5,-0.3
17:37:24.058 > 26786,2,1.000,0.000,205847,-2,298.8,-0.3
17:37:24.080 > 26797,2,1.000,0.000,206117,-1,298.8,-0.3
17:37:24.080 > 26808,2,1.000,0.000,206386,-1,298.8,-0.3
17:37:24.088 > 26819,2,1.000,0.000,206651,0,298.8,-0.3
17:37:24.099 > 26830,2,1.000,0.000,206927,0,298.8,-0.3
17:37:24.109 > 26841,2,1.000,0.000,207199,0,360.1,0.5
17:37:24.121 > 26852,2,1.000,0.000,207468,0,360.1,0.5
17:37:24.131 > 26863,2,1.000,0.000,207735,0,360.1,0.5
17:37:24.142 > 26874,2,1.000,0.000,208010,0,360.1,0.5
17:37:24.154 > 26885,2,1.000,0.000,208287,-1,360.1,0.5
17:37:24.165 > 26896,2,1.000,0.000,208560,-1,362.5,-0.3
17:37:24.176 > 26907,2,1.000,0.000,208827,-1,362.5,-0.3
17:37:24.187 > 26918,2,1.000,0.000,209093,-2,362.5,-0.3
17:37:24.198 > 26929,2,1.000,0.000,209356,-2,362.5,-0.3
17:37:24.209 > 26940,2,1.000,0.000,209619,-2,362.5,-0.3
17:37:24.219 > 26951,2,1.000,0.000,209807,-2,332.1,-0.3
17:37:24.231 > 26962,2,1.000,0.000,209962,-2,332.1,-0.3
17:37:24.242 > 26973,2,1.000,0.000,210234,-1,332.1,-0.3
17:37:24.253 > 26984,2,1.000,0.000,210506,-1,332.1,-0.3
17:37:24.264 > 26995,2,1.000,0.000,210769,-1,332.1,-0.3
17:37:24.274 > 27006,3,0.000,0.001,211036,0,327.3,0.5
17:37:24.286 > 27017,3,0.000,0.001,211300,0,327.3,0.5
17:37:24.297 > 27028,3,0.000,0.002,211537,0,327.3,0.5
17:37:24.307 > 27039,3,0.000,0.003,211653,0,327.3,0.5
17:37:24.319 > 27050,3,0.000,0.004,211750,0,327.3,0.5
17:37:24.330 > 27061,3,0.000,0.005,211837,-1,213.3,-0.3
17:37:24.341 > 27072,3,0.000,0.006,211914,0,213.3,-0.3
17:37:24.352 > 27083,3,0.000,0.007,211969,0,213.3,-0.3
17:37:24.363 > 27094,3,0.000,0.008,211989,0,213.3,-0.3
17:37:24.374 > 27105,3,0.000,0.009,211998,0,213.3,-0.3
17:37:24.385 > 27116,3,0.000,0.010,211996,-1,42.3,0.0
17:37:24.396 > 27127,3,0.000,0.011,211994,0,42.3,0.0
17:37:24.407 > 27138,3,0.000,0.012,211994,0,42.3,0.0
17:37:24.418 > 27149,3,0.000,0.012,211994,0,42.3,0.0
17:37:24.429 > 27160,3,0.000,0.013,211994,0,42.3,0.0
17:37:24.440 > 27171,3,0.000,0.014,211994,0,-0.5,0.3
17:37:24.451 > 27182,3,0.000,0.015,211994,0,-0.5,0.3
17:37:24.461 > 27193,3,0.000,0.016,211994,0,-0.5,0.3
17:37:24.473 > 27204,3,0.000,0.017,211994,0,-0.5,0.3
17:37:24.483 > 27215,3,0.000,0.018,211994,0,-0.5,0.3
17:37:24.495 > 27226,3,0.000,0.019,211994,-1,0.0,-0.3
17:37:24.505 > 27237,3,0.000,0.020,211994,0,0.0,-0.3
17:37:24.516 > 27248,3,0.000,0.021,211994,0,0.0,-0.3
17:37:24.527 > 27259,3,0.000,0.022,211994,0,0.0,-0.3
17:37:24.538 > 27270,3,0.000,0.023,211994,0,0.0,-0.3
17:37:24.549 > 27281,3,0.000,0.023,211994,0,0.0,0.3
17:37:24.560 > 27292,3,0.000,0.024,211994,0,0.0,0.3
17:37:24.571 > 27303,3,0.000,0.025,211994,0,0.0,0.3
17:37:24.582 > 27314,3,0.000,0.026,211994,-1,0.0,0.3
17:37:24.593 > 27325,3,0.000,0.027,211994,0,0.0,0.3
17:37:24.604 > 27336,3,0.000,0.028,211994,0,0.0,0.0
17:37:24.615 > 27347,3,0.000,0.029,211994,0,0.0,0.0
17:37:24.626 > 27358,3,0.000,0.030,211994,0,0.0,0.0
17:37:24.637 > 27369,3,0.000,0.031,211994,0,0.0,0.0
17:37:24.648 > 27380,3,0.000,0.032,211994,0,0.0,0.0
17:37:24.659 > 27391,3,0.000,0.033,211994,0,0.0,0.0
17:37:24.670 > 27402,3,0.000,0.034,211994,0,0.0,0.0
17:37:24.681 > 27413,3,0.000,0.034,211994,0,0.0,0.0
17:37:24.692 > 27424,3,0.000,0.035,211994,0,0.0,0.0
17:37:24.703 > 27435,3,0.000,0.036,211994,0,0.0,0.0
17:37:24.714 > 27446,3,0.000,0.037,211994,0,0.0,0.0
17:37:24.725 > 27457,3,0.000,0.038,211994,0,0.0,0.0
17:37:24.736 > 27468,3,0.000,0.039,211994,0,0.0,0.0
17:37:24.747 > 27479,3,0.000,0.040,211994,-1,0.0,0.0
17:37:24.758 > 27490,3,0.000,0.041,211994,0,0.0,0.0
17:37:24.769 > 27501,3,0.000,0.042,211994,0,0.0,0.0
17:37:24.780 > 27512,3,0.000,0.043,211994,0,0.0,0.0
17:37:24.791 > 27523,3,0.000,0.044,211994,0,0.0,0.0
17:37:24.802 > 27534,3,0.000,0.045,211994,0,0.0,0.0
17:37:24.813 > 27545,3,0.000,0.045,211994,0,0.0,0.0
17:37:24.824 > 27556,3,0.000,0.046,211994,0,0.0,0.0
17:37:24.835 > 27567,3,0.000,0.047,211994,0,0.0,0.0
17:37:24.846 > 27578,3,0.000,0.048,211994,0,0.0,0.0
17:37:24.857 > 27589,3,0.000,0.049,211994,0,0.0,0.0
17:37:24.868 > 27600,3,0.000,0.050,211994,0,0.0,0.0
17:37:24.879 > 27611,3,0.000,0.051,211994,0,0.0,0.0
17:37:24.890 > 27622,3,0.000,0.052,211994,0,0.0,0.0
17:37:24.901 > 27633,3,0.000,0.053,211994,0,0.0,0.0
17:37:24.912 > 27644,3,0.000,0.054,211994,0,0.0,0.0
17:37:24.923 > 27655,3,0.000,0.055,211994,0,0.0,0.0
17:37:24.934 > 27666,3,0.000,0.056,211994,0,0.0,0.0
17:37:24.945 > 27677,3,0.000,0.056,211994,0,0.0,0.0
17:37:24.956 > 27688,3,0.000,0.057,211994,0,0.0,0.0
17:37:24.967 > 27699,3,0.000,0.058,211994,0,0.0,0.0
17:37:24.978 > 27710,3,0.000,0.059,211994,0,0.0,0.0
17:37:24.989 > 27721,3,0.000,0.060,211994,0,0.0,0.0
17:37:25.000 > 27732,3,0.000,0.061,211994,0,0.0,0.0
17:37:25.011 > 27743,3,0.000,0.062,211994,0,0.0,0.0
17:37:25.040 > 27754,3,0.000,0.063,211994,0,0.0,0.0
17:37:25.040 > 27765,3,0.000,0.064,211994,0,0.0,0.0
17:37:25.058 > 27776,3,0.000,0.065,211994,0,0.0,0.0
17:37:25.058 > 27787,3,0.000,0.066,211994,0,0.0,0.0
17:37:25.066 > 27798,3,0.000,0.067,211994,0,0.0,0.0
17:37:25.077 > 27809,3,0.000,0.067,211994,0,0.0,0.0
17:37:25.088 > 27820,3,0.000,0.068,211994,0,0.0,0.0
17:37:25.099 > 27831,3,0.000,0.069,211994,0,0.0,0.0
17:37:25.110 > 27842,3,0.000,0.070,211994,0,0.0,0.0
17:37:25.121 > 27853,3,0.000,0.071,211994,0,0.0,0.0
17:37:25.132 > 27864,3,0.000,0.072,211994,0,0.0,0.0
17:37:25.143 > 27875,3,0.000,0.073,211994,0,0.0,0.0
17:37:25.154 > 27886,3,0.000,0.074,211994,0,0.0,0.0
17:37:25.165 > 27897,3,0.000,0.075,211994,0,0.0,0.0
17:37:25.176 > 27908,3,0.000,0.076,211994,0,0.0,0.0
17:37:25.187 > 27919,3,0.000,0.077,211994,0,0.0,0.0
17:37:25.198 > 27930,3,0.000,0.078,211994,0,0.0,0.0
17:37:25.209 > 27941,3,0.000,0.078,211994,0,0.0,0.0
17:37:25.220 > 27952,3,0.000,0.079,211994,0,0.0,0.0
17:37:25.231 > 27963,3,0.000,0.080,211994,0,0.0,0.0
17:37:25.242 > 27974,3,0.000,0.081,211994,0,0.0,0.0
17:37:25.253 > 27985,3,0.000,0.082,211994,-1,0.0,0.0
17:37:25.265 > 27996,3,0.000,0.083,211994,-1,0.0,-0.3
17:37:25.275 > 28007,3,0.000,0.084,211994,0,0.0,-0.3
17:37:25.286 > 28018,3,0.000,0.085,211994,0,0.0,-0.3
17:37:25.297 > 28029,3,0.000,0.086,211994,0,0.0,-0.3
17:37:25.308 > 28040,3,0.000,0.087,211994,0,0.0,-0.3
17:37:25.319 > 28051,3,0.000,0.088,211994,0,0.0,0.3
17:37:25.330 > 28062,3,0.000,0.089,211994,0,0.0,0.3
17:37:25.341 > 28073,3,0.000,0.089,211994,0,0.0,0.3
17:37:25.352 > 28084,3,0.000,0.090,211994,0,0.0,0.3
17:37:25.363 > 28095,3,0.000,0.091,211994,0,0.0,0.3
17:37:25.374 > 28106,3,0.000,0.092,211994,0,0.0,0.0
17:37:25.385 > 28117,3,0.000,0.093,211994,0,0.0,0.0
17:37:25.396 > 28128,3,0.000,0.094,211994,-1,0.0,0.0
17:37:25.407 > 28139,3,0.000,0.095,211994,0,0.0,0.0
17:37:25.418 > 28150,3,0.000,0.096,211994,0,0.0,0.0
17:37:25.429 > 28161,3,0.000,0.097,211994,0,0.0,0.0
17:37:25.440 > 28172,3,0.000,0.098,211994,0,0.0,0.0
17:37:25.451 > 28183,3,0.000,0.099,211994,0,0.0,0.0
17:37:25.462 > 28194,3,0.000,0.100,211994,0,0.0,0.0
17:37:25.473 > 28205,3,0.000,0.100,211994,0,0.0,0.0
17:37:25.484 > 28216,3,0.000,0.101,211994,-1,0.0,-0.3
17:37:25.495 > 28227,3,0.000,0.102,211994,0,0.0,-0.3
17:37:25.506 > 28238,3,0.000,0.103,211994,0,0.0,-0.3
17:37:25.517 > 28249,3,0.000,0.104,211994,0,0.0,-0.3
17:37:25.528 > 28260,3,0.000,0.105,211994,0,0.0,-0.3
17:37:25.539 > 28271,3,0.000,0.106,211994,0,0.0,0.3
17:37:25.550 > 28282,3,0.000,0.107,211994,0,0.0,0.3
17:37:25.561 > 28293,3,0.000,0.108,211994,0,0.0,0.3
17:37:25.572 > 28304,3,0.000,0.109,211994,0,0.0,0.3
17:37:25.583 > 28315,3,0.000,0.110,211994,-1,0.0,0.3
17:37:25.594 > 28326,3,0.000,0.111,211994,0,0.0,0.0
17:37:25.605 > 28337,3,0.000,0.111,211994,-1,0.0,0.0
17:37:25.616 > 28348,3,0.000,0.112,211994,0,0.0,0.0
17:37:25.627 > 28359,3,0.000,0.113,211994,0,0.0,0.0
17:37:25.638 > 28370,3,0.000,0.114,211994,0,0.0,0.0
17:37:25.649 > 28381,3,0.000,0.115,211994,0,0.0,0.0
17:37:25.660 > 28392,3,0.000,0.116,211994,0,0.0,0.0
17:37:25.671 > 28403,3,0.000,0.117,211994,0,0.0,0.0
17:37:25.682 > 28414,3,0.000,0.118,211994,0,0.0,0.0
17:37:25.693 > 28425,3,0.000,0.119,211994,0,0.0,0.0
17:37:25.704 > 28436,3,0.000,0.120,211994,0,0.0,0.0
17:37:25.715 > 28447,3,0.000,0.121,211994,0,0.0,0.0
17:37:25.726 > 28458,3,0.000,0.122,211994,0,0.0,0.0
17:37:25.737 > 28469,3,0.000,0.122,211994,-1,0.0,0.0
17:37:25.748 > 28480,3,0.000,0.123,211994,0,0.0,0.0
17:37:25.759 > 28491,3,0.000,0.124,211994,0,0.0,0.0
17:37:25.770 > 28502,3,0.000,0.125,211994,0,0.0,0.0
17:37:25.781 > 28513,3,0.000,0.126,211994,0,0.0,0.0
17:37:25.792 > 28524,3,0.000,0.127,211994,0,0.0,0.0
17:37:25.803 > 28535,3,0.000,0.128,211994,0,0.0,0.0
17:37:25.814 > 28546,3,0.000,0.129,211994,0,0.0,0.0
17:37:25.825 > 28557,3,0.000,0.130,211994,-1,0.0,0.0
17:37:25.836 > 28568,3,0.000,0.131,211994,0,0.0,0.0
17:37:25.847 > 28579,3,0.000,0.132,211994,0,0.0,0.0
17:37:25.858 > 28590,3,0.000,0.132,211994,0,0.0,0.0
17:37:25.869 > 28601,3,0.000,0.133,211994,0,0.0,0.0
17:37:25.880 > 28612,3,0.000,0.134,211994,0,0.0,0.0
17:37:25.891 > 28623,3,0.000,0.135,211994,-1,0.0,0.0
17:37:25.902 > 28634,3,0.000,0.136,211994,0,0.0,0.0
17:37:25.913 > 28645,3,0.000,0.137,211994,0,0.0,0.0
17:37:25.924 > 28656,3,0.000,0.138,211994,0,0.0,0.0
17:37:25.935 > 28667,3,0.000,0.139,211994,0,0.0,0.0
17:37:25.946 > 28678,3,0.000,0.140,211994,0,0.0,0.0
17:37:25.957 > 28689,3,0.000,0.141,211994,0,0.0,0.0
17:37:25.968 > 28700,3,0.000,0.142,211994,0,0.0,0.0
17:37:25.979 > 28711,3,0.000,0.143,211994,0,0.0,0.0
17:37:25.990 > 28722,3,0.000,0.144,211994,0,0.0,0.0
17:37:26.001 > 28733,3,0.000,0.144,211994,0,0.0,0.0
17:37:26.012 > 28744,3,0.000,0.145,211994,0,0.0,0.0
17:37:26.023 > 28755,3,0.000,0.146,211994,0,0.0,0.0
17:37:26.034 > 28766,3,0.000,0.147,211994,0,0.0,0.0
17:37:26.046 > 28777,3,0.000,0.148,211994,0,0.0,0.0
17:37:26.065 > 28788,3,0.000,0.149,211994,0,0.0,0.0
17:37:26.083 > 28799,3,0.000,0.150,211994,0,0.0,0.0
17:37:26.084 > 28810,3,0.000,0.151,211994,0,0.0,0.0
17:37:26.089 > 28821,3,0.000,0.152,211994,0,0.0,0.0
17:37:26.100 > 28832,3,0.000,0.153,211994,0,0.0,0.0
17:37:26.111 > 28843,3,0.000,0.154,211994,0,0.0,0.0
17:37:26.122 > 28854,3,0.000,0.154,211994,0,0.0,0.0
17:37:26.133 > 28865,3,0.000,0.155,211994,0,0.0,0.0
17:37:26.144 > 28876,3,0.000,0.156,211994,0,0.0,0.0
17:37:26.155 > 28887,3,0.000,0.157,211994,0,0.0,0.0
17:37:26.166 > 28898,3,0.000,0.158,211994,0,0.0,0.0
17:37:26.177 > 28909,3,0.000,0.159,211994,0,0.0,0.0
17:37:26.188 > 28920,3,0.000,0.160,211994,0,0.0,0.0
17:37:26.199 > 28931,3,0.000,0.161,211994,0,0.0,0.0
17:37:26.210 > 28942,3,0.000,0.162,211994,0,0.0,0.0
17:37:26.221 > 28953,3,0.000,0.163,211994,0,0.0,0.0
17:37:26.232 > 28964,3,0.000,0.164,211994,0,0.0,0.0
17:37:26.243 > 28975,3,0.000,0.165,211994,0,0.0,0.0
17:37:26.254 > 28986,3,0.000,0.166,211994,0,0.0,0.0
17:37:26.265 > 28997,3,0.000,0.166,211994,0,0.0,0.0
17:37:26.276 > 29008,3,0.000,0.167,211994,0,0.0,0.0
17:37:26.287 > 29019,3,0.000,0.168,211994,0,0.0,0.0
17:37:26.298 > 29030,3,0.000,0.169,211994,0,0.0,0.0
17:37:26.309 > 29041,3,0.000,0.170,211994,0,0.0,0.0
17:37:26.320 > 29052,3,0.000,0.171,211994,0,0.0,0.0
17:37:26.331 > 29063,3,0.000,0.172,211994,0,0.0,0.0
17:37:26.342 > 29074,3,0.000,0.173,211994,0,0.0,0.0
17:37:26.353 > 29085,3,0.000,0.174,211994,0,0.0,0.0
17:37:26.364 > 29096,3,0.000,0.175,211994,0,0.0,0.0
17:37:26.375 > 29107,3,0.000,0.176,211994,0,0.0,0.0
17:37:26.386 > 29118,3,0.000,0.176,211994,0,0.0,0.0
17:37:26.397 > 29129,3,0.000,0.177,211994,0,0.0,0.0
17:37:26.408 > 29140,3,0.000,0.178,211994,0,0.0,0.0
17:37:26.419 > 29151,3,0.000,0.179,211994,0,0.0,0.0
17:37:26.430 > 29162,3,0.000,0.180,211994,0,0.0,0.0
17:37:26.441 > 29173,3,0.000,0.181,211994,0,0.0,0.0
17:37:26.452 > 29184,3,0.000,0.182,211994,0,0.0,0.0
17:37:26.463 > 29195,3,0.000,0.183,211994,0,0.0,0.0
17:37:26.474 > 29206,3,0.000,0.184,211994,0,0.0,0.0
17:37:26.485 > 29217,3,0.000,0.185,211994,0,0.0,0.0
17:37:26.496 > 29228,3,0.000,0.186,211994,0,0.0,0.0
17:37:26.507 > 29239,3,0.000,0.187,211994,0,0.0,0.0
17:37:26.518 > 29250,3,0.000,0.188,211994,0,0.0,0.0
17:37:26.529 > 29261,3,0.000,0.188,211994,0,0.0,0.0
17:37:26.540 > 29272,3,0.000,0.189,211994,0,0.0,0.0
17:37:26.551 > 29283,3,0.000,0.190,211994,0,0.0,0.0
17:37:26.562 > 29294,3,0.000,0.191,211994,0,0.0,0.0
17:37:26.573 > 29305,3,0.000,0.192,211994,0,0.0,0.0
17:37:26.584 > 29316,3,0.000,0.193,211994,0,0.0,0.0
17:37:26.595 > 29327,3,0.000,0.194,211994,0,0.0,0.0
17:37:26.606 > 29338,3,0.000,0.195,211994,0,0.0,0.0
17:37:26.617 > 29349,3,0.000,0.196,211994,0,0.0,0.0
17:37:26.628 > 29360,3,0.000,0.197,211994,0,0.0,0.0
17:37:26.639 > 29371,3,0.000,0.198,211994,0,0.0,0.0
17:37:26.650 > 29382,3,0.000,0.199,211994,0,0.0,0.0
17:37:26.661 > 29393,3,0.000,0.199,211994,0,0.0,0.0
17:37:26.672 > 29404,3,0.000,0.200,211994,0,0.0,0.0
17:37:26.683 > 29415,3,0.000,0.201,211994,0,0.0,0.0
17:37:26.694 > 29426,3,0.000,0.202,211994,0,0.0,0.0
17:37:26.705 > 29437,3,0.000,0.203,211994,0,0.0,0.0
17:37:26.716 > 29448,3,0.000,0.204,211994,0,0.0,0.0
17:37:26.727 > 29459,3,0.000,0.205,211994,0,0.0,0.0
17:37:26.738 > 29470,3,0.000,0.206,211994,0,0.0,0.0
17:37:26.749 > 29481,3,0.000,0.207,211994,0,0.0,0.0
17:37:26.760 > 29492,3,0.000,0.208,211994,0,0.0,0.0
17:37:26.771 > 29503,3,0.000,0.209,211994,0,0.0,0.0
17:37:26.782 > 29514,3,0.000,0.209,211994,0,0.0,0.0
17:37:26.793 > 29525,3,0.000,0.210,211994,0,0.0,0.0
17:37:26.804 > 29536,3,0.000,0.211,211994,0,0.0,0.0
17:37:26.815 > 29547,3,0.000,0.212,211994,0,0.0,0.0
17:37:26.826 > 29558,3,0.000,0.213,211994,0,0.0,0.0
17:37:26.837 > 29569,3,0.000,0.214,211994,0,0.0,0.0
17:37:26.848 > 29580,3,0.000,0.215,211994,0,0.0,0.0
17:37:26.859 > 29591,3,0.000,0.216,211994,0,0.0,0.0
17:37:26.870 > 29602,3,0.000,0.217,211994,0,0.0,0.0
17:37:26.881 > 29613,3,0.000,0.218,211994,0,0.0,0.0
17:37:26.892 > 29624,3,0.000,0.219,211994,0,0.0,0.0
17:37:26.903 > 29635,3,0.000,0.220,211994,0,0.0,0.0
17:37:26.914 > 29646,3,0.000,0.221,211994,0,0.0,0.0
17:37:26.925 > 29657,3,0.000,0.221,211994,0,0.0,0.0
17:37:26.936 > 29668,3,0.000,0.222,211994,0,0.0,0.0
17:37:26.947 > 29679,3,0.000,0.223,211994,0,0.0,0.0
17:37:26.958 > 29690,3,0.000,0.224,211994,0,0.0,0.0
17:37:26.969 > 29701,3,0.000,0.225,211994,0,0.0,0.0
17:37:26.980 > 29712,3,0.000,0.226,211994,0,0.0,0.0
17:37:26.992 > 29723,3,0.000,0.227,211994,0,0.0,0.0
17:37:27.002 > 29734,3,0.000,0.228,211994,0,0.0,0.0
17:37:27.013 > 29745,3,0.000,0.229,211994,0,0.0,0.0
17:37:27.038 > 29756,3,0.000,0.230,211994,0,0.0,0.0
17:37:27.038 > 29767,3,0.000,0.231,211994,0,0.0,0.0
17:37:27.057 > 29778,3,0.000,0.231,211994,0,0.0,0.0
17:37:27.057 > 29789,3,0.000,0.232,211994,0,0.0,0.0
17:37:27.068 > 29800,3,0.000,0.233,211994,0,0.0,0.0
17:37:27.080 > 29811,3,0.000,0.234,211993,0,-0.3,0.0
17:37:27.090 > 29822,3,0.000,0.235,211994,0,-0.3,0.0
17:37:27.101 > 29833,3,0.000,0.236,211994,0,-0.3,0.0
17:37:27.112 > 29844,3,0.000,0.237,211994,0,-0.3,0.0
17:37:27.123 > 29855,3,0.000,0.238,211994,0,-0.3,0.0
17:37:27.134 > 29866,3,0.000,0.239,211994,0,0.3,0.0
17:37:27.145 > 29877,3,0.000,0.240,211994,0,0.3,0.0
17:37:27.156 > 29888,3,0.000,0.241,211994,0,0.3,0.0
17:37:27.167 > 29899,3,0.000,0.242,211994,0,0.3,0.0
17:37:27.178 > 29910,3,0.000,0.243,211994,0,0.3,0.0
17:37:27.189 > 29921,3,0.000,0.243,211994,0,0.0,0.0
17:37:27.200 > 29932,3,0.000,0.244,211994,0,0.0,0.0
17:37:27.211 > 29943,3,0.000,0.245,211994,0,0.0,0.0
17:37:27.222 > 29954,3,0.000,0.246,211994,0,0.0,0.0
17:37:27.233 > 29965,3,0.000,0.247,211994,0,0.0,0.0
17:37:27.244 > 29976,3,0.000,0.248,211994,0,0.0,0.0
17:37:27.255 > 29987,3,0.000,0.249,211994,0,0.0,0.0
17:37:27.266 > 29998,3,0.000,0.250,211994,0,0.0,0.0
17:37:27.277 > 30009,3,0.000,0.251,211994,0,0.0,0.0
17:37:27.288 > 30020,3,0.000,0.252,211994,0,0.0,0.0
17:37:27.299 > 30031,3,0.000,0.253,211994,0,0.0,0.0
17:37:27.310 > 30042,3,0.000,0.254,211994,0,0.0,0.0
17:37:27.321 > 30053,3,0.000,0.254,211994,0,0.0,0.0
17:37:27.332 > 30064,3,0.000,0.255,211994,0,0.0,0.0
17:37:27.343 > 30075,3,0.000,0.256,211994,0,0.0,0.0
17:37:27.354 > 30086,3,0.000,0.257,211994,0,0.0,0.0
17:37:27.365 > 30097,3,0.000,0.258,211994,0,0.0,0.0
17:37:27.376 > 30108,3,0.000,0.259,211994,0,0.0,0.0
17:37:27.387 > 30119,3,0.000,0.260,211994,0,0.0,0.0
17:37:27.398 > 30130,3,0.000,0.261,211994,0,0.0,0.0
17:37:27.409 > 30141,3,0.000,0.262,211994,0,0.0,0.0
17:37:27.420 > 30152,3,0.000,0.263,211994,0,0.0,0.0
17:37:27.431 > 30163,3,0.000,0.264,211994,0,0.0,0.0
17:37:27.442 > 30174,3,0.000,0.264,211994,0,0.0,0.0
17:37:27.453 > 30185,3,0.000,0.265,211994,0,0.0,0.0
17:37:27.464 > 30196,3,0.000,0.266,211994,0,0.0,0.0
17:37:27.475 > 30207,3,0.000,0.267,211994,0,0.0,0.0
17:37:27.486 > 30218,3,0.000,0.268,211994,0,0.0,0.0
17:37:27.497 > 30229,3,0.000,0.269,211994,0,0.0,0.0
17:37:27.508 > 30240,3,0.000,0.270,211994,0,0.0,0.0
17:37:27.519 > 30251,3,0.000,0.271,211994,0,0.0,0.0
17:37:27.530 > 30262,3,0.000,0.272,211994,0,0.0,0.0
17:37:27.541 > 30273,3,0.000,0.273,211994,0,0.0,0.0
17:37:27.552 > 30284,3,0.000,0.274,211994,0,0.0,0.0
17:37:27.563 > 30295,3,0.000,0.275,211994,0,0.0,0.0
17:37:27.574 > 30306,3,0.000,0.275,211994,0,0.0,0.0
17:37:27.585 > 30317,3,0.000,0.276,211994,0,0.0,0.0
17:37:27.596 > 30328,3,0.000,0.277,211994,0,0.0,0.0
17:37:27.607 > 30339,3,0.000,0.278,211994,0,0.0,0.0
17:37:27.618 > 30350,3,0.000,0.279,211994,0,0.0,0.0
17:37:27.629 > 30361,3,0.000,0.280,211994,0,0.0,0.0
17:37:27.640 > 30372,3,0.000,0.281,211994,0,0.0,0.0
17:37:27.651 > 30383,3,0.000,0.282,211994,0,0.0,0.0
17:37:27.662 > 30394,3,0.000,0.283,211994,0,0.0,0.0
17:37:27.673 > 30405,3,0.000,0.284,211994,0,0.0,0.0
17:37:27.684 > 30416,3,0.000,0.285,211994,0,0.0,0.0
17:37:27.695 > 30427,3,0.000,0.286,211994,0,0.0,0.0
17:37:27.706 > 30438,3,0.000,0.287,211994,0,0.0,0.0
17:37:27.717 > 30449,3,0.000,0.287,211994,0,0.0,0.0
17:37:27.728 > 30460,3,0.000,0.288,211994,0,0.0,0.0
17:37:27.739 > 30471,3,0.000,0.289,211993,0,-0.3,0.0
17:37:27.750 > 30482,3,0.000,0.290,211994,0,-0.3,0.0
17:37:27.761 > 30493,3,0.000,0.291,211994,0,-0.3,0.0
17:37:27.772 > 30504,3,0.000,0.292,211994,0,-0.3,0.0
17:37:27.783 > 30515,3,0.000,0.293,211994,0,-0.3,0.0
17:37:27.794 > 30526,3,0.000,0.294,211994,0,0.3,0.0
17:37:27.805 > 30537,3,0.000,0.295,211994,0,0.3,0.0
17:37:27.816 > 30548,3,0.000,0.296,211994,0,0.3,0.0
17:37:27.827 > 30559,3,0.000,0.297,211994,0,0.3,0.0
17:37:27.838 > 30570,3,0.000,0.298,211994,0,0.3,0.0
17:37:27.849 > 30581,3,0.000,0.298,211994,0,0.0,0.0
17:37:27.860 > 30592,3,0.000,0.299,211994,0,0.0,0.0
17:37:27.871 > 30603,3,0.000,0.300,211994,0,0.0,0.0
17:37:27.882 > 30614,3,0.000,0.301,211994,0,0.0,0.0
17:37:27.893 > 30625,3,0.000,0.302,211994,0,0.0,0.0
17:37:27.904 > 30636,3,0.000,0.303,211994,0,0.0,0.0
17:37:27.915 > 30647,3,0.000,0.304,211994,0,0.0,0.0
17:37:27.926 > 30658,3,0.000,0.305,211994,0,0.0,0.0
17:37:27.937 > 30669,3,0.000,0.306,211994,-1,0.0,0.0
17:37:27.948 > 30680,3,0.000,0.307,211994,0,0.0,0.0
17:37:27.959 > 30691,3,0.000,0.308,211994,0,0.0,0.0
17:37:27.970 > 30702,3,0.000,0.308,211994,0,0.0,0.0
17:37:27.981 > 30713,3,0.000,0.309,211994,0,0.0,0.0
17:37:27.992 > 30724,3,0.000,0.310,211994,0,0.0,0.0
17:37:28.003 > 30735,3,0.000,0.311,211994,0,0.0,0.0
17:37:28.014 > 30746,3,0.000,0.312,211994,0,0.0,0.0
17:37:28.025 > 30757,3,0.000,0.313,211994,0,0.0,0.0
17:37:28.036 > 30768,3,0.000,0.314,211994,0,0.0,0.0
17:37:28.047 > 30779,3,0.000,0.315,211994,0,0.0,0.0
17:37:28.063 > 30790,3,0.000,0.316,211994,0,0.0,0.0
17:37:28.083 > 30801,3,0.000,0.317,211994,0,0.0,0.0
17:37:28.086 > 30812,3,0.000,0.318,211994,0,0.0,0.0
17:37:28.091 > 30823,3,0.000,0.319,211994,0,0.0,0.0
17:37:28.102 > 30834,3,0.000,0.319,211994,0,0.0,0.0
17:37:28.113 > 30845,3,0.000,0.320,211994,0,0.0,0.0
17:37:28.124 > 30856,3,0.000,0.321,211994,0,0.0,0.0
17:37:28.135 > 30867,3,0.000,0.322,211994,0,0.0,0.0
17:37:28.146 > 30878,3,0.000,0.323,211994,0,0.0,0.0
17:37:28.158 > 30889,3,0.000,0.324,211994,0,0.0,0.0
17:37:28.168 > 30900,3,0.000,0.325,211994,0,0.0,0.0
17:37:28.179 > 30911,3,0.000,0.326,211994,0,0.0,0.0
17:37:28.191 > 30922,3,0.000,0.327,211994,0,0.0,0.0
17:37:28.201 > 30933,3,0.000,0.328,211994,0,0.0,0.0
17:37:28.212 > 30944,3,0.000,0.329,211994,0,0.0,0.0
17:37:28.223 > 30955,3,0.000,0.330,211994,0,0.0,0.0
17:37:28.234 > 30966,3,0.000,0.331,211994,0,0.0,0.0
17:37:28.245 > 30977,3,0.000,0.331,211994,0,0.0,0.0
17:37:28.256 > 30988,3,0.000,0.332,211994,0,0.0,0.0
17:37:28.267 > 30999,3,0.000,0.333,211994,0,0.0,0.0
17:37:28.278 > 31010,3,0.000,0.334,211994,0,0.0,0.0
17:37:28.289 > 31021,3,0.000,0.335,211994,0,0.0,0.0
17:37:28.300 > 31032,3,0.000,0.336,211994,0,0.0,0.0
17:37:28.311 > 31043,3,0.000,0.337,211994,0,0.0,0.0
17:37:28.322 > 31054,3,0.000,0.338,211994,0,0.0,0.0
17:37:28.333 > 31065,3,0.000,0.339,211994,0,0.0,0.0
17:37:28.344 > 31076,3,0.000,0.340,211994,0,0.0,0.0
17:37:28.355 > 31087,3,0.000,0.341,211994,0,0.0,0.0
17:37:28.366 > 31098,3,0.000,0.342,211994,0,0.0,0.0
17:37:28.377 > 31109,3,0.000,0.342,211994,0,0.0,0.0
17:37:28.388 > 31120,3,0.000,0.343,211994,0,0.0,0.0
17:37:28.399 > 31131,3,0.000,0.344,211994,0,0.0,0.0
17:37:28.410 > 31142,3,0.000,0.345,211994,0,0.0,0.0
17:37:28.421 > 31153,3,0.000,0.346,211994,0,0.0,0.0
17:37:28.432 > 31164,3,0.000,0.347,211994,0,0.0,0.0
17:37:28.443 > 31175,3,0.000,0.348,211994,0,0.0,0.0
17:37:28.454 > 31186,3,0.000,0.349,211994,0,0.0,0.0
17:37:28.465 > 31197,3,0.000,0.350,211994,0,0.0,0.0
17:37:28.476 > 31208,3,0.000,0.351,211994,0,0.0,0.0
17:37:28.487 > 31219,3,0.000,0.352,211994,0,0.0,0.0
17:37:28.498 > 31230,3,0.000,0.352,211994,0,0.0,0.0
17:37:28.509 > 31241,3,0.000,0.353,211994,0,0.0,0.0
17:37:28.520 > 31252,3,0.000,0.354,211994,0,0.0,0.0
17:37:28.531 > 31263,3,0.000,0.355,211994,0,0.0,0.0
17:37:28.542 > 31274,3,0.000,0.356,211994,0,0.0,0.0
17:37:28.553 > 31285,3,0.000,0.357,211994,0,0.0,0.0
17:37:28.564 > 31296,3,0.000,0.358,211994,0,0.0,0.0
17:37:28.575 > 31307,3,0.000,0.359,211994,0,0.0,0.0
17:37:28.586 > 31318,3,0.000,0.360,211994,0,0.0,0.0
17:37:28.597 > 31329,3,0.000,0.361,211994,0,0.0,0.0
17:37:28.608 > 31340,3,0.000,0.362,211994,0,0.0,0.0
17:37:28.619 > 31351,3,0.000,0.363,211994,0,0.0,0.0
17:37:28.630 > 31362,3,0.000,0.363,211994,0,0.0,0.0
17:37:28.641 > 31373,3,0.000,0.364,211994,0,0.0,0.0
17:37:28.652 > 31384,3,0.000,0.365,211994,0,0.0,0.0
17:37:28.663 > 31395,3,0.000,0.366,211994,0,0.0,0.0
17:37:28.674 > 31406,3,0.000,0.367,211994,0,0.0,0.0
17:37:28.685 > 31417,3,0.000,0.368,211994,0,0.0,0.0
17:37:28.696 > 31428,3,0.000,0.369,211994,0,0.0,0.0
17:37:28.707 > 31439,3,0.000,0.370,211994,0,0.0,0.0
17:37:28.718 > 31450,3,0.000,0.371,211994,0,0.0,0.0
17:37:28.729 > 31461,3,0.000,0.372,211994,0,0.0,0.0
17:37:28.741 > 31472,3,0.000,0.373,211994,0,0.0,0.0
17:37:28.751 > 31483,3,0.000,0.374,211994,0,0.0,0.0
17:37:28.762 > 31494,3,0.000,0.375,211994,0,0.0,0.0
17:37:28.774 > 31505,3,0.000,0.375,211994,-1,0.0,0.0
17:37:28.784 > 31516,3,0.000,0.376,211994,0,0.0,0.0
17:37:28.795 > 31527,3,0.000,0.377,211994,0,0.0,0.0
17:37:28.806 > 31538,3,0.000,0.378,211994,0,0.0,0.0
17:37:28.817 > 31549,3,0.000,0.379,211994,0,0.0,0.0
17:37:28.828 > 31560,3,0.000,0.380,211994,0,0.0,0.0
17:37:28.840 > 31571,3,0.000,0.381,211994,0,0.0,0.0
17:37:28.850 > 31582,3,0.000,0.382,211994,0,0.0,0.0
17:37:28.862 > 31593,3,0.000,0.383,211994,0,0.0,0.0
17:37:28.872 > 31604,3,0.000,0.384,211994,0,0.0,0.0
17:37:28.883 > 31615,3,0.000,0.385,211994,0,0.0,0.0
17:37:28.895 > 31626,3,0.000,0.386,211994,0,0.0,0.0
17:37:28.905 > 31637,3,0.000,0.386,211994,0,0.0,0.0
17:37:28.916 > 31648,3,0.000,0.387,211994,0,0.0,0.0
17:37:28.927 > 31659,3,0.000,0.388,211994,0,0.0,0.0
17:37:28.939 > 31670,3,0.000,0.389,211994,0,0.0,0.0
17:37:28.949 > 31681,3,0.000,0.390,211994,0,0.0,0.0
17:37:28.960 > 31692,3,0.000,0.391,211994,0,0.0,0.0
17:37:28.971 > 31703,3,0.000,0.392,211994,0,0.0,0.0
17:37:28.982 > 31714,3,0.000,0.393,211994,0,0.0,0.0
17:37:28.993 > 31725,3,0.000,0.394,211994,0,0.0,0.0
17:37:29.004 > 31736,3,0.000,0.395,211994,0,0.0,0.0
17:37:29.015 > 31747,3,0.000,0.396,211994,0,0.0,0.0
17:37:29.040 > 31758,3,0.000,0.396,211994,0,0.0,0.0
17:37:29.040 > 31769,3,0.000,0.397,211994,0,0.0,0.0
17:37:29.062 > 31780,3,0.000,0.398,211994,0,0.0,0.0
17:37:29.063 > 31791,3,0.000,0.399,211993,0,-0.3,0.0
17:37:29.071 > 31802,3,0.000,0.400,211994,0,-0.3,0.0
17:37:29.082 > 31813,3,0.000,0.401,211994,0,-0.3,0.0
17:37:29.093 > 31824,3,0.000,0.402,211994,0,-0.3,0.0
17:37:29.103 > 31835,3,0.000,0.403,211994,0,-0.3,0.0
17:37:29.115 > 31846,3,0.000,0.404,211994,0,0.3,0.0
17:37:29.125 > 31857,3,0.000,0.405,211994,0,0.3,0.0
17:37:29.137 > 31868,3,0.000,0.406,211994,0,0.3,0.0
17:37:29.147 > 31879,3,0.000,0.407,211994,0,0.3,0.0
17:37:29.158 > 31890,3,0.000,0.407,211994,0,0.3,0.0
17:37:29.169 > 31901,3,0.000,0.408,211994,0,0.0,0.0
17:37:29.180 > 31912,3,0.000,0.409,211994,0,0.0,0.0
17:37:29.191 > 31923,3,0.000,0.410,211994,0,0.0,0.0
17:37:29.202 > 31934,3,0.000,0.411,211994,0,0.0,0.0
17:37:29.213 > 31945,3,0.000,0.412,211994,0,0.0,0.0
17:37:29.224 > 31956,3,0.000,0.413,211994,0,0.0,0.0
17:37:29.235 > 31967,3,0.000,0.414,211994,0,0.0,0.0
17:37:29.246 > 31978,3,0.000,0.415,211993,0,0.0,0.0
17:37:29.257 > 31989,3,0.000,0.416,211994,0,0.0,0.0
17:37:29.268 > 32000,3,0.000,0.417,211994,0,0.0,0.0
17:37:29.279 > 32011,3,0.000,0.418,211994,0,0.0,0.0
17:37:29.290 > 32022,3,0.000,0.419,211994,0,0.0,0.0
17:37:29.301 > 32033,3,0.000,0.419,211994,0,0.0,0.0
17:37:29.312 > 32044,3,0.000,0.420,211994,0,0.0,0.0
17:37:29.323 > 32055,3,0.000,0.421,211994,0,0.0,0.0
17:37:29.334 > 32066,3,0.000,0.422,211994,0,0.0,0.0
17:37:29.345 > 32077,3,0.000,0.423,211993,0,0.0,0.0
17:37:29.356 > 32088,3,0.000,0.424,211994,0,0.0,0.0
17:37:29.367 > 32099,3,0.000,0.425,211994,0,0.0,0.0
17:37:29.379 > 32110,3,0.000,0.426,211994,0,0.0,0.0
17:37:29.389 > 32121,3,0.000,0.427,211994,0,0.0,0.0
17:37:29.400 > 32132,3,0.000,0.428,211994,0,0.0,0.0
17:37:29.411 > 32143,3,0.000,0.429,211994,0,0.0,0.0
17:37:29.422 > 32154,3,0.000,0.430,211994,0,0.0,0.0
17:37:29.433 > 32165,3,0.000,0.430,211993,0,0.0,0.0
17:37:29.444 > 32176,3,0.000,0.431,211994,0,0.0,0.0
17:37:29.455 > 32187,3,0.000,0.432,211994,0,0.0,0.0
17:37:29.466 > 32198,3,0.000,0.433,211994,0,0.0,0.0
17:37:29.477 > 32209,3,0.000,0.434,211994,0,0.0,0.0
17:37:29.488 > 32220,3,0.000,0.435,211993,0,0.0,0.0
17:37:29.499 > 32231,3,0.000,0.436,211994,0,0.0,0.0
17:37:29.510 > 32242,3,0.000,0.437,211994,0,0.0,0.0
17:37:29.521 > 32253,3,0.000,0.438,211994,0,0.0,0.0
17:37:29.532 > 32264,3,0.000,0.439,211994,0,0.0,0.0
17:37:29.543 > 32275,3,0.000,0.440,211994,0,0.0,0.0
17:37:29.554 > 32286,3,0.000,0.440,211994,0,0.0,0.0
17:37:29.565 > 32297,3,0.000,0.441,211994,0,0.0,0.0
17:37:29.577 > 32308,3,0.000,0.442,211994,0,0.0,0.0
17:37:29.587 > 32319,3,0.000,0.443,211994,0,0.0,0.0
17:37:29.598 > 32330,3,0.000,0.444,211994,0,0.0,0.0
17:37:29.609 > 32341,3,0.000,0.445,211994,0,0.0,0.0
17:37:29.620 > 32352,3,0.000,0.446,211993,0,0.0,0.0
17:37:29.631 > 32363,3,0.000,0.447,211994,0,0.0,0.0
17:37:29.643 > 32374,3,0.000,0.448,211994,0,0.0,0.0
17:37:29.653 > 32385,3,0.000,0.449,211994,0,0.0,0.0
17:37:29.664 > 32396,3,0.000,0.450,211994,0,0.0,0.0
17:37:29.675 > 32407,3,0.000,0.451,211994,0,0.0,0.0
17:37:29.686 > 32418,3,0.000,0.451,211994,0,0.0,0.0
17:37:29.697 > 32429,3,0.000,0.452,211994,0,0.0,0.0
17:37:29.708 > 32440,3,0.000,0.453,211994,0,0.0,0.0
17:37:29.719 > 32451,3,0.000,0.454,211994,0,0.0,0.0
17:37:29.730 > 32462,3,0.000,0.455,211994,0,0.0,0.0
17:37:29.741 > 32473,3,0.000,0.456,211994,0,0.0,0.0
17:37:29.752 > 32484,3,0.000,0.457,211994,0,0.0,0.0
17:37:29.764 > 32495,3,0.000,0.458,211994,0,0.0,0.0
17:37:29.774 > 32506,3,0.000,0.459,211994,0,0.0,0.0
17:37:29.785 > 32517,3,0.000,0.460,211994,0,0.0,0.0
17:37:29.796 > 32528,3,0.000,0.461,211994,0,0.0,0.0
17:37:29.807 > 32539,3,0.000,0.462,211994,0,0.0,0.0
17:37:29.818 > 32550,3,0.000,0.463,211994,0,0.0,0.0
17:37:29.829 > 32561,3,0.000,0.463,211994,0,0.0,0.0
17:37:29.840 > 32572,3,0.000,0.464,211994,0,0.0,0.0
17:37:29.851 > 32583,3,0.000,0.465,211994,0,0.0,0.0
17:37:29.862 > 32594,3,0.000,0.466,211994,0,0.0,0.0
17:37:29.873 > 32605,3,0.000,0.467,211994,0,0.0,0.0
17:37:29.884 > 32616,3,0.000,0.468,211994,0,0.0,0.0
17:37:29.896 > 32627,3,0.000,0.469,211994,0,0.0,0.0
17:37:29.906 > 32638,3,0.000,0.470,211994,0,0.0,0.0
17:37:29.918 > 32649,3,0.000,0.471,211994,0,0.0,0.0
17:37:29.929 > 32660,3,0.000,0.472,211994,0,0.0,0.0
17:37:29.939 > 32671,3,0.000,0.473,211994,0,0.0,0.0
17:37:29.950 > 32682,3,0.000,0.474,211994,0,0.0,0.0
17:37:29.962 > 32693,3,0.000,0.474,211994,-1,0.0,0.0
17:37:29.973 > 32704,3,0.000,0.475,211994,0,0.0,0.0
17:37:29.984 > 32715,3,0.000,0.476,211994,0,0.0,0.0
17:37:29.994 > 32726,3,0.000,0.477,211994,0,0.0,0.0
17:37:30.005 > 32737,3,0.000,0.478,211994,0,0.0,0.0
17:37:30.017 > 32748,3,0.000,0.479,211994,0,0.0,0.0
17:37:30.027 > 32759,3,0.000,0.480,211994,0,0.0,0.0
17:37:30.038 > 32770,3,0.000,0.481,211994,0,0.0,0.0
17:37:30.049 > 32781,3,0.000,0.482,211994,0,0.0,0.0
17:37:30.069 > 32792,3,0.000,0.483,211994,0,0.0,0.0
17:37:30.086 > 32803,3,0.000,0.484,211994,0,0.0,0.0
17:37:30.087 > 32814,3,0.000,0.484,211994,0,0.0,0.0
17:37:30.093 > 32825,3,0.000,0.485,211994,0,0.0,0.0
17:37:30.104 > 32836,3,0.000,0.486,211994,0,0.0,0.0
17:37:30.116 > 32847,3,0.000,0.487,211994,0,0.0,0.0
17:37:30.127 > 32858,3,0.000,0.488,211994,0,0.0,0.0
17:37:30.137 > 32869,3,0.000,0.489,211994,0,0.0,0.0
17:37:30.148 > 32880,3,0.000,0.490,211994,0,0.0,0.0
17:37:30.159 > 32891,3,0.000,0.491,211994,0,0.0,0.0
17:37:30.170 > 32902,3,0.000,0.492,211994,0,0.0,0.0
17:37:30.181 > 32913,3,0.000,0.493,211994,0,0.0,0.0
17:37:30.192 > 32924,3,0.000,0.494,211994,0,0.0,0.0
17:37:30.203 > 32935,3,0.000,0.495,211994,0,0.0,0.0
17:37:30.214 > 32946,3,0.000,0.495,211994,0,0.0,0.0
17:37:30.225 > 32957,3,0.000,0.496,211994,0,0.0,0.0
17:37:30.236 > 32968,3,0.000,0.497,211994,0,0.0,0.0
17:37:30.247 > 32979,3,0.000,0.498,211994,0,0.0,0.0
17:37:30.259 > 32990,3,0.000,0.499,211994,0,0.0,0.0
17:37:30.270 > 33001,3,0.000,0.500,211994,0,0.0,0.0
17:37:30.280 > 33012,3,0.000,0.501,211994,0,0.0,0.0
17:37:30.291 > 33023,3,0.000,0.502,211994,0,0.0,0.0
17:37:30.302 > 33034,3,0.000,0.503,211994,0,0.0,0.0
17:37:30.313 > 33045,3,0.000,0.504,211994,0,0.0,0.0
17:37:30.324 > 33056,3,0.000,0.505,211994,0,0.0,0.0
17:37:30.335 > 33067,3,0.000,0.506,211994,0,0.0,0.0
17:37:30.346 > 33078,3,0.000,0.507,211994,0,0.0,0.0
17:37:30.357 > 33089,3,0.000,0.507,211994,0,0.0,0.0
17:37:30.368 > 33100,3,0.000,0.508,211994,0,0.0,0.0
17:37:30.379 > 33111,3,0.000,0.509,211994,0,0.0,0.0
17:37:30.390 > 33122,3,0.000,0.510,211994,0,0.0,0.0
17:37:30.401 > 33133,3,0.000,0.511,211994,0,0.0,0.0
17:37:30.413 > 33144,3,0.000,0.512,211994,0,0.0,0.0
17:37:30.424 > 33155,3,0.000,0.513,211994,0,0.0,0.0
17:37:30.435 > 33166,3,0.000,0.514,211994,0,0.0,0.0
17:37:30.446 > 33177,3,0.000,0.515,211994,0,0.0,0.0
17:37:30.456 > 33188,3,0.000,0.516,211994,0,0.0,0.0
17:37:30.467 > 33199,3,0.000,0.517,211994,0,0.0,0.0
17:37:30.478 > 33210,3,0.000,0.517,211994,0,0.0,0.0
17:37:30.489 > 33221,3,0.000,0.518,211994,0,0.0,0.0
17:37:30.500 > 33232,3,0.000,0.519,211994,0,0.0,0.0
17:37:30.511 > 33243,3,0.000,0.520,211994,0,0.0,0.0
17:37:30.522 > 33254,3,0.000,0.521,211994,0,0.0,0.0
17:37:30.533 > 33265,3,0.000,0.522,211994,0,0.0,0.0
17:37:30.544 > 33276,3,0.000,0.523,211994,0,0.0,0.0
17:37:30.555 > 33287,3,0.000,0.524,211994,0,0.0,0.0
17:37:30.566 > 33298,3,0.000,0.525,211994,0,0.0,0.0
17:37:30.577 > 33309,3,0.000,0.526,211994,0,0.0,0.0
17:37:30.588 > 33320,3,0.000,0.527,211994,0,0.0,0.0
17:37:30.599 > 33331,3,0.000,0.528,211994,0,0.0,0.0
17:37:30.610 > 33342,3,0.000,0.529,211994,0,0.0,0.0
17:37:30.621 > 33353,3,0.000,0.529,211994,0,0.0,0.0
17:37:30.632 > 33364,3,0.000,0.530,211994,0,0.0,0.0
17:37:30.643 > 33375,3,0.000,0.531,211994,0,0.0,0.0
17:37:30.655 > 33386,3,0.000,0.532,211994,0,0.0,0.0
17:37:30.666 > 33397,3,0.000,0.533,211994,0,0.0,0.0
17:37:30.676 > 33408,3,0.000,0.534,211994,0,0.0,0.0
17:37:30.687 > 33419,3,0.000,0.535,211994,0,0.0,0.0
17:37:30.698 > 33430,3,0.000,0.536,211994,0,0.0,0.0
17:37:30.709 > 33441,3,0.000,0.537,211994,0,0.0,0.0
17:37:30.720 > 33452,3,0.000,0.538,211994,0,0.0,0.0
17:37:30.731 > 33463,3,0.000,0.539,211994,0,0.0,0.0
17:37:30.743 > 33474,3,0.000,0.539,211994,0,0.0,0.0
17:37:30.753 > 33485,3,0.000,0.540,211994,0,0.0,0.0
17:37:30.765 > 33496,3,0.000,0.541,211994,0,0.0,0.0
17:37:30.776 > 33507,3,0.000,0.542,211994,0,0.0,0.0
17:37:30.786 > 33518,3,0.000,0.543,211994,0,0.0,0.0
17:37:30.797 > 33529,3,0.000,0.544,211994,0,0.0,0.0
17:37:30.808 > 33540,3,0.000,0.545,211994,0,0.0,0.0
17:37:30.819 > 33551,3,0.000,0.546,211994,0,0.0,0.0
17:37:30.831 > 33562,3,0.000,0.547,211994,0,0.0,0.0
17:37:30.841 > 33573,3,0.000,0.548,211994,0,0.0,0.0
17:37:30.853 > 33584,3,0.000,0.549,211994,0,0.0,0.0
17:37:30.864 > 33595,3,0.000,0.550,211994,0,0.0,0.0
17:37:30.874 > 33606,3,0.000,0.550,211994,0,0.0,0.0
17:37:30.886 > 33617,3,0.000,0.551,211994,0,0.0,0.0
17:37:30.897 > 33628,3,0.000,0.552,211994,0,0.0,0.0
17:37:30.908 > 33639,3,0.000,0.553,211994,1,0.0,0.0
17:37:30.919 > 33650,3,0.000,0.554,211994,0,0.0,0.0
17:37:30.930 > 33661,3,0.000,0.555,211994,0,0.0,0.0
17:37:30.941 > 33672,3,0.000,0.556,211994,0,0.0,0.0
17:37:30.952 > 33683,3,0.000,0.557,211994,0,0.0,0.0
17:37:30.963 > 33694,3,0.000,0.558,211994,0,0.0,0.0
17:37:30.974 > 33705,3,0.000,0.559,211994,1,0.0,0.0
17:37:30.984 > 33716,3,0.000,0.560,211994,1,0.0,0.3
17:37:30.996 > 33727,3,0.000,0.561,211994,1,0.0,0.3
17:37:31.007 > 33738,3,0.000,0.562,211994,1,0.0,0.3
17:37:31.017 > 33749,3,0.000,0.562,211994,1,0.0,0.3
17:37:31.041 > 33760,3,0.000,0.563,211994,1,0.0,0.3
17:37:31.042 > 33771,3,0.000,0.564,211994,1,0.0,0.0
17:37:31.059 > 33782,3,0.000,0.565,211994,1,0.0,0.0
17:37:31.061 > 33793,3,0.000,0.566,211994,1,0.0,0.0
17:37:31.072 > 33804,3,0.000,0.567,211994,1,0.0,0.0
17:37:31.083 > 33815,3,0.000,0.568,211994,1,0.0,0.0
17:37:31.094 > 33826,3,0.000,0.569,211994,1,0.0,0.0
17:37:31.105 > 33837,3,0.000,0.570,211994,2,0.0,0.0
17:37:31.116 > 33848,3,0.000,0.571,211994,3,0.0,0.0
17:37:31.127 > 33859,3,0.000,0.572,211994,7,0.0,0.0
17:37:31.139 > 33870,3,0.000,0.572,211994,21,0.0,0.0
17:37:31.150 > 33881,3,0.000,0.573,211994,39,0.0,10.1
17:37:31.161 > 33892,3,0.000,0.574,211994,68,0.0,10.1
17:37:31.172 > 33903,3,0.000,0.575,211994,93,0.0,10.1
17:37:31.183 > 33914,3,0.000,0.576,211994,129,0.0,10.1
17:37:31.194 > 33925,3,0.000,0.577,211994,171,0.0,10.1
17:37:31.205 > 33936,3,0.000,0.578,211994,217,0.0,47.4
17:37:31.216 > 33947,3,0.000,0.579,211994,264,0.0,47.4
17:37:31.227 > 33958,3,0.000,0.580,211994,314,0.0,47.4
17:37:31.238 > 33969,3,0.000,0.581,211993,366,0.0,47.4
17:37:31.249 > 33980,3,0.000,0.582,211993,421,0.0,47.4
17:37:31.260 > 33991,3,0.000,0.583,211993,485,-0.3,71.4
17:37:31.271 > 34002,3,0.000,0.584,211993,543,-0.3,71.4
17:37:31.282 > 34013,3,0.000,0.584,211994,610,-0.3,71.4
17:37:31.293 > 34024,3,0.000,0.585,211994,685,-0.3,71.4
17:37:31.304 > 34035,3,0.000,0.586,211994,755,-0.3,71.4
17:37:31.315 > 34046,3,0.000,0.587,211994,836,0.3,93.5
17:37:31.326 > 34057,3,0.000,0.588,211994,921,0.3,93.5
17:37:31.337 > 34068,3,0.000,0.589,211994,1001,0.3,93.5
17:37:31.348 > 34079,3,0.000,0.590,211994,1078,0.3,93.5
17:37:31.359 > 34090,3,0.000,0.591,211994,1165,0.3,93.5
17:37:31.370 > 34101,3,0.000,0.592,211994,1254,0.0,111.3
17:37:31.381 > 34112,3,0.000,0.593,211994,1346,0.0,111.3
17:37:31.392 > 34123,3,0.000,0.594,211994,1440,0.0,111.3
17:37:31.403 > 34134,3,0.000,0.595,211994,1534,0.0,111.3
17:37:31.414 > 34145,3,0.000,0.595,211995,1631,0.0,111.3
17:37:31.425 > 34156,3,0.000,0.596,211995,1728,0.3,126.2
17:37:31.436 > 34167,3,0.000,0.597,211995,1825,0.3,126.2
17:37:31.447 > 34178,3,0.000,0.598,211995,1926,0.3,126.2
17:37:31.458 > 34189,3,0.000,0.599,211995,2021,0.3,126.2
17:37:31.469 > 34200,3,0.000,0.600,211995,2114,0.3,126.2
17:37:31.480 > 34211,3,0.000,0.601,211995,2213,0.0,129.2
17:37:31.491 > 34222,3,0.000,0.602,211995,2310,0.0,129.2
17:37:31.502 > 34233,3,0.000,0.603,211995,2408,0.0,129.2
17:37:31.513 > 34244,3,0.000,0.604,211995,2508,0.0,129.2
17:37:31.524 > 34255,3,0.000,0.605,211995,2612,0.0,129.2
17:37:31.535 > 34266,3,0.000,0.605,211995,2728,0.0,137.2
17:37:31.546 > 34277,3,0.000,0.606,211995,2840,0.0,137.2
17:37:31.557 > 34288,3,0.000,0.607,211995,2949,0.0,137.2
17:37:31.568 > 34299,3,0.000,0.608,211995,3065,0.0,137.2
17:37:31.579 > 34310,3,0.000,0.609,211995,3184,0.0,137.2
17:37:31.590 > 34321,3,0.000,0.610,211994,3308,-0.3,154.5
17:37:31.601 > 34332,3,0.000,0.611,211994,3432,-0.3,154.5
17:37:31.612 > 34343,3,0.000,0.612,211994,3554,-0.3,154.5
17:37:31.623 > 34354,3,0.000,0.613,211994,3677,-0.3,154.5
17:37:31.634 > 34365,3,0.000,0.614,211994,3799,-0.3,154.5
17:37:31.645 > 34376,3,0.000,0.615,211994,3921,0.0,163.3
17:37:31.656 > 34387,3,0.000,0.616,211994,4039,0.0,163.3
17:37:31.667 > 34398,3,0.000,0.617,211994,4153,0.0,163.3
17:37:31.678 > 34409,3,0.000,0.617,211994,4264,0.0,163.3
17:37:31.689 > 34420,3,0.000,0.618,211994,4380,0.0,163.3
17:37:31.700 > 34431,3,0.000,0.619,211993,4494,-0.3,152.6
17:37:31.711 > 34442,3,0.000,0.620,211994,4620,-0.3,152.6
17:37:31.722 > 34453,3,0.000,0.621,211993,4748,-0.3,152.6
17:37:31.733 > 34464,3,0.000,0.622,211994,4872,-0.3,152.6
17:37:31.744 > 34475,3,0.000,0.623,211994,4994,-0.3,152.6
17:37:31.755 > 34486,3,0.000,0.624,211994,5115,0.3,165.4
17:37:31.766 > 34497,3,0.000,0.625,211994,5244,0.3,165.4
17:37:31.777 > 34508,3,0.000,0.626,211994,5378,0.3,165.4
17:37:31.788 > 34519,3,0.000,0.627,211994,5510,0.3,165.4
17:37:31.799 > 34530,3,0.000,0.627,211995,5644,0.3,165.4
17:37:31.810 > 34541,3,0.000,0.628,211995,5782,0.3,177.6
17:37:31.821 > 34552,3,0.000,0.629,211995,5916,0.3,177.6
17:37:31.832 > 34563,3,0.000,0.630,211995,6043,0.3,177.6
17:37:31.843 > 34574,3,0.000,0.631,211995,6167,0.3,177.6
17:37:31.854 > 34585,3,0.000,0.632,211995,6285,0.3,177.6
17:37:31.865 > 34596,3,0.000,0.633,211995,6413,0.0,168.1
17:37:31.876 > 34607,3,0.000,0.634,211995,6548,0.0,168.1
17:37:31.887 > 34618,3,0.000,0.635,211995,6680,0.0,168.1
17:37:31.898 > 34629,3,0.000,0.636,211995,6812,0.0,168.1
17:37:31.909 > 34640,3,0.000,0.637,211995,6947,0.0,168.1
17:37:31.920 > 34651,3,0.000,0.638,211995,7100,0.0,183.0
17:37:31.931 > 34662,3,0.000,0.638,211994,7253,0.0,183.0
17:37:31.942 > 34673,3,0.000,0.639,211994,7399,0.0,183.0
17:37:31.953 > 34684,3,0.000,0.640,211994,7537,0.0,183.0
17:37:31.964 > 34695,3,0.000,0.641,211994,7680,0.0,183.0
17:37:31.975 > 34706,3,0.000,0.642,211994,7832,-0.3,195.0
17:37:31.986 > 34717,3,0.000,0.643,211994,7975,-0.3,195.0
17:37:31.997 > 34728,3,0.000,0.644,211994,8108,-0.3,195.0
17:37:32.008 > 34739,3,0.000,0.645,211994,8246,-0.3,195.0
17:37:32.019 > 34750,3,0.000,0.646,211993,8382,-0.3,195.0
17:37:32.030 > 34761,3,0.000,0.647,211993,8521,-0.3,183.5
17:37:32.041 > 34772,3,0.000,0.648,211993,8661,-0.3,183.5
17:37:32.062 > 34783,3,0.000,0.649,211994,8798,-0.3,183.5
17:37:32.080 > 34794,3,0.000,0.650,211993,8937,-0.3,183.5
17:37:32.080 > 34805,3,0.000,0.650,211994,9085,-0.3,183.5
17:37:32.085 > 34816,3,0.000,0.651,211994,9233,0.3,189.6
17:37:32.096 > 34827,3,0.000,0.652,211994,9382,0.3,189.6
17:37:32.107 > 34838,3,0.000,0.653,211994,9530,0.3,189.6
17:37:32.118 > 34849,3,0.000,0.654,211994,9682,0.3,189.6
17:37:32.129 > 34860,3,0.000,0.655,211995,9836,0.3,189.6
17:37:32.140 > 34871,3,0.000,0.656,211995,9986,0.3,200.6
17:37:32.151 > 34882,3,0.000,0.657,211995,10129,0.3,200.6
17:37:32.162 > 34893,3,0.000,0.658,211995,10268,0.3,200.6
17:37:32.173 > 34904,3,0.000,0.659,211995,10417,0.3,200.6
17:37:32.184 > 34915,3,0.000,0.660,211995,10566,0.3,200.6
17:37:32.195 > 34926,3,0.000,0.660,211995,10713,0.0,193.6
17:37:32.206 > 34937,3,0.000,0.661,211995,10852,0.0,193.6
17:37:32.217 > 34948,3,0.000,0.662,211995,10999,0.0,193.6
17:37:32.228 > 34959,3,0.000,0.663,211995,11161,0.0,193.6
17:37:32.239 > 34970,3,0.000,0.664,211995,11322,0.0,193.6
17:37:32.250 > 34981,3,0.000,0.665,211995,11484,0.0,205.3
17:37:32.261 > 34992,3,0.000,0.666,211994,11649,0.0,205.3
17:37:32.272 > 35003,3,0.000,0.667,211994,11809,0.0,205.3
17:37:32.283 > 35014,3,0.000,0.668,211994,11964,0.0,205.3
17:37:32.294 > 35025,3,0.000,0.669,211994,12119,0.0,205.3
17:37:32.305 > 35036,3,0.000,0.670,211994,12280,-0.3,212.0
17:37:32.316 > 35047,3,0.000,0.671,211993,12440,-0.3,212.0
17:37:32.327 > 35058,3,0.000,0.672,211994,12592,-0.3,212.0
17:37:32.338 > 35069,3,0.000,0.672,211994,12738,-0.3,212.0
17:37:32.349 > 35080,3,0.000,0.673,211994,12882,-0.3,212.0
17:37:32.360 > 35091,3,0.000,0.674,211994,13040,0.0,202.4
17:37:32.371 > 35102,3,0.000,0.675,211994,13201,0.0,202.4
17:37:32.382 > 35113,3,0.000,0.676,211994,13363,0.0,202.4
17:37:32.393 > 35124,3,0.000,0.677,211994,13524,0.0,202.4
17:37:32.404 > 35135,3,0.000,0.678,211994,13690,0.0,202.4
17:37:32.415 > 35146,3,0.000,0.679,211994,13853,0.0,216.5
17:37:32.426 > 35157,3,0.000,0.680,211995,14011,0.0,216.5
17:37:32.437 > 35168,3,0.000,0.681,211995,14169,0.0,216.5
17:37:32.448 > 35179,3,0.000,0.682,211995,14335,0.0,216.5
17:37:32.459 > 35190,3,0.000,0.683,211995,14501,0.0,216.5
17:37:32.470 > 35201,3,0.000,0.683,211995,14660,0.3,214.9
17:37:32.481 > 35212,3,0.000,0.684,211995,14815,0.3,214.9
17:37:32.492 > 35223,3,0.000,0.685,211995,14964,0.3,214.9
17:37:32.503 > 35234,3,0.000,0.686,211995,15127,0.3,214.9
17:37:32.514 > 35245,3,0.000,0.687,211995,15300,0.3,214.9
17:37:32.525 > 35256,3,0.000,0.688,211995,15477,0.0,217.6
17:37:32.536 > 35267,3,0.000,0.689,211994,15651,0.0,217.6
17:37:32.547 > 35278,3,0.000,0.690,211994,15822,0.0,217.6
17:37:32.558 > 35289,3,0.000,0.691,211994,15994,0.0,217.6
17:37:32.569 > 35300,3,0.000,0.692,211994,16173,0.0,217.6
17:37:32.580 > 35311,3,0.000,0.693,211994,16343,-0.3,230.6
17:37:32.591 > 35322,3,0.000,0.693,211994,16505,-0.3,230.6
17:37:32.602 > 35333,3,0.000,0.694,211994,16669,-0.3,230.6
17:37:32.613 > 35344,3,0.000,0.695,211993,16834,-0.3,230.6
17:37:32.624 > 35355,3,0.000,0.696,211993,16995,-0.3,230.6
17:37:32.635 > 35366,3,0.000,0.697,211994,17158,0.0,217.1
17:37:32.646 > 35377,3,0.000,0.698,211994,17331,0.0,217.1
17:37:32.657 > 35388,3,0.000,0.699,211994,17507,0.0,217.1
17:37:32.668 > 35399,3,0.000,0.700,211994,17678,0.0,217.1
17:37:32.679 > 35410,3,0.000,0.701,211994,17847,0.0,217.1
17:37:32.690 > 35421,3,0.000,0.702,211994,18031,0.0,232.5
17:37:32.701 > 35432,3,0.000,0.703,211995,18218,0.0,232.5
17:37:32.712 > 35443,3,0.000,0.704,211995,18397,0.0,232.5
17:37:32.723 > 35454,3,0.000,0.705,211995,18571,0.0,232.5
17:37:32.734 > 35465,3,0.000,0.705,211995,18737,0.0,232.5
17:37:32.745 > 35476,3,0.000,0.706,211995,18898,0.3,230.9
17:37:32.756 > 35487,3,0.000,0.707,211995,19055,0.3,230.9
17:37:32.767 > 35498,3,0.000,0.708,211995,19214,0.3,230.9
17:37:32.778 > 35509,3,0.000,0.709,211995,19405,0.3,230.9
17:37:32.789 > 35520,3,0.000,0.710,211995,19598,0.3,230.9
17:37:32.800 > 35531,3,0.000,0.711,211994,19785,-0.3,236.2
17:37:32.811 > 35542,3,0.000,0.712,211994,19962,-0.3,236.2
17:37:32.822 > 35553,3,0.000,0.713,211994,20139,-0.3,236.2
17:37:32.833 > 35564,3,0.000,0.714,211994,20328,-0.3,236.2
17:37:32.844 > 35575,3,0.000,0.715,211994,20505,-0.3,236.2
17:37:32.855 > 35586,3,0.000,0.715,211993,20672,-0.3,236.2
17:37:32.866 > 35597,3,0.000,0.716,211994,20839,-0.3,236.2
17:37:32.877 > 35608,3,0.000,0.717,211994,21012,-0.3,236.2
17:37:32.888 > 35619,3,0.000,0.718,211993,21183,-0.3,236.2
17:37:32.899 > 35630,3,0.000,0.719,211994,21365,-0.3,236.2
17:37:32.910 > 35641,3,0.000,0.720,211994,21550,0.3,233.8
17:37:32.921 > 35652,3,0.000,0.721,211994,21732,0.3,233.8
17:37:32.932 > 35663,3,0.000,0.722,211994,21912,0.3,233.8
17:37:32.943 > 35674,3,0.000,0.723,211994,22096,0.3,233.8
17:37:32.954 > 35685,3,0.000,0.724,211995,22282,0.3,233.8
17:37:32.965 > 35696,3,0.000,0.725,211995,22462,0.3,242.9
17:37:32.976 > 35707,3,0.000,0.726,211995,22635,0.3,242.9
17:37:32.987 > 35718,3,0.000,0.726,211995,22804,0.3,242.9
17:37:32.998 > 35729,3,0.000,0.727,211995,22981,0.3,242.9
17:37:33.009 > 35740,3,0.000,0.728,211995,23158,0.3,242.9
17:37:33.033 > 35751,3,0.000,0.729,211995,23339,0.0,233.6
17:37:33.036 > 35762,3,0.000,0.730,211995,23524,0.0,233.6
17:37:33.054 > 35773,3,0.000,0.731,211994,23719,0.0,233.6
17:37:33.054 > 35784,3,0.000,0.732,211994,23921,0.0,233.6
17:37:33.064 > 35795,3,0.000,0.733,211994,24116,0.0,233.6
17:37:33.075 > 35806,3,0.000,0.734,211994,24306,-0.3,257.5
17:37:33.086 > 35817,3,0.000,0.735,211993,24494,-0.3,257.5
17:37:33.097 > 35828,3,0.000,0.736,211994,24678,-0.3,257.5
17:37:33.108 > 35839,3,0.000,0.737,211993,24856,-0.3,257.5
17:37:33.119 > 35850,3,0.000,0.738,211993,25032,-0.3,257.5
17:37:33.130 > 35861,3,0.000,0.738,211993,25209,-0.3,240.5
17:37:33.141 > 35872,3,0.000,0.739,211994,25388,-0.3,240.5
17:37:33.152 > 35883,3,0.000,0.740,211994,25577,-0.3,240.5
17:37:33.163 > 35894,3,0.000,0.741,211994,25782,-0.3,240.5
17:37:33.174 > 35905,3,0.000,0.742,211994,25985,-0.3,240.5
17:37:33.185 > 35916,3,0.000,0.743,211994,26186,0.3,260.2
17:37:33.196 > 35927,3,0.000,0.744,211995,26380,0.3,260.2
17:37:33.207 > 35938,3,0.000,0.745,211995,26566,0.3,260.2
17:37:33.218 > 35949,3,0.000,0.746,211995,26743,0.3,260.2
17:37:33.229 > 35960,3,0.000,0.747,211995,26917,0.3,260.2
17:37:33.240 > 35971,3,0.000,0.748,211995,27084,0.3,239.2
17:37:33.251 > 35982,3,0.000,0.748,211995,27257,0.3,239.2
17:37:33.262 > 35993,3,0.000,0.749,211995,27453,0.3,239.2
17:37:33.273 > 36004,3,0.000,0.750,211995,27665,0.3,239.2
17:37:33.284 > 36015,3,0.000,0.751,211994,27879,0.3,239.2
17:37:33.295 > 36026,3,0.000,0.752,211994,28086,-0.3,266.9
17:37:33.306 > 36037,3,0.000,0.753,211994,28280,-0.3,266.9
17:37:33.317 > 36048,3,0.000,0.754,211994,28465,-0.3,266.9
17:37:33.328 > 36059,3,0.000,0.755,211994,28659,-0.3,266.9
17:37:33.339 > 36070,3,0.000,0.756,211994,28851,-0.3,266.9
17:37:33.350 > 36081,3,0.000,0.757,211994,29034,0.0,252.5
17:37:33.361 > 36092,3,0.000,0.758,211993,29210,0.0,252.5
17:37:33.372 > 36103,3,0.000,0.759,211993,29392,0.0,252.5
17:37:33.383 > 36114,3,0.000,0.760,211994,29597,0.0,252.5
17:37:33.394 > 36125,3,0.000,0.760,211994,29805,0.0,252.5
17:37:33.405 > 36136,3,0.000,0.761,211994,30012,0.0,260.5
17:37:33.416 > 36147,3,0.000,0.762,211994,30219,0.0,260.5
17:37:33.427 > 36158,3,0.000,0.763,211995,30418,0.0,260.5
17:37:33.438 > 36169,3,0.000,0.764,211995,30607,0.0,260.5
17:37:33.449 > 36180,3,0.000,0.765,211995,30789,0.0,260.5
17:37:33.460 > 36191,3,0.000,0.766,211995,30968,0.3,254.6
17:37:33.471 > 36202,3,0.000,0.767,211995,31141,0.3,254.6
17:37:33.482 > 36213,3,0.000,0.768,211995,31333,0.3,254.6
17:37:33.493 > 36224,3,0.000,0.769,211995,31545,0.3,254.6
17:37:33.504 > 36235,3,0.000,0.770,211995,31756,0.3,254.6
17:37:33.515 > 36246,3,0.000,0.771,211994,31969,-0.3,266.6
17:37:33.526 > 36257,3,0.000,0.771,211994,32172,-0.3,266.6
17:37:33.537 > 36268,3,0.000,0.772,211994,32373,-0.3,266.6
17:37:33.548 > 36279,3,0.000,0.773,211994,32580,-0.3,266.6
17:37:33.559 > 36290,3,0.000,0.774,211994,32780,-0.3,266.6
17:37:33.570 > 36301,3,0.000,0.775,211994,32968,0.0,266.1
17:37:33.581 > 36312,3,0.000,0.776,211993,33151,0.0,266.1
17:37:33.592 > 36323,3,0.000,0.777,211994,33352,0.0,266.1
17:37:33.603 > 36334,3,0.000,0.778,211994,33560,0.0,266.1
17:37:33.614 > 36345,3,0.000,0.779,211994,33769,0.0,266.1
17:37:33.625 > 36356,3,0.000,0.780,211994,33980,0.0,269.5
17:37:33.636 > 36367,3,0.000,0.781,211994,34187,0.0,269.5
17:37:33.647 > 36378,3,0.000,0.781,211994,34390,0.0,269.5
17:37:33.658 > 36389,3,0.000,0.782,211995,34586,0.0,269.5
17:37:33.669 > 36400,3,0.000,0.783,211995,34773,0.0,269.5
17:37:33.680 > 36411,3,0.000,0.784,211995,34956,0.3,259.9
17:37:33.691 > 36422,3,0.000,0.785,211995,35147,0.3,259.9
17:37:33.702 > 36433,3,0.000,0.786,211995,35356,0.3,259.9
17:37:33.713 > 36444,3,0.000,0.787,211995,35567,0.3,259.9
17:37:33.724 > 36455,3,0.000,0.788,211995,35777,0.3,259.9
17:37:33.735 > 36466,3,0.000,0.789,211995,35990,0.0,275.4
17:37:33.746 > 36477,3,0.000,0.790,211994,36195,0.0,275.4
17:37:33.757 > 36488,3,0.000,0.791,211994,36404,0.0,275.4
17:37:33.768 > 36499,3,0.000,0.792,211994,36622,0.0,275.4
17:37:33.779 > 36510,3,0.000,0.793,211994,36830,0.0,275.4
17:37:33.790 > 36521,3,0.000,0.793,211994,37023,-0.3,275.1
17:37:33.801 > 36532,3,0.000,0.794,211993,37211,-0.3,275.1
17:37:33.812 > 36543,3,0.000,0.795,211994,37416,-0.3,275.1
17:37:33.823 > 36554,3,0.000,0.796,211994,37625,-0.3,275.1
17:37:33.834 > 36565,3,0.000,0.797,211994,37834,-0.3,275.1
17:37:33.845 > 36576,3,0.000,0.798,211994,38046,0.0,272.5
17:37:33.856 > 36587,3,0.000,0.799,211994,38254,0.0,272.5
17:37:33.867 > 36598,3,0.000,0.800,211995,38459,0.0,272.5
17:37:33.878 > 36609,3,0.000,0.801,211995,38659,0.0,272.5
17:37:33.889 > 36620,3,0.000,0.802,211995,38854,0.0,272.5
17:37:33.900 > 36631,3,0.000,0.803,211995,39063,0.3,270.9
17:37:33.911 > 36642,3,0.000,0.803,211995,39273,0.3,270.9
17:37:33.922 > 36653,3,0.000,0.804,211995,39481,0.3,270.9
17:37:33.933 > 36664,3,0.000,0.805,211995,39686,0.3,270.9
17:37:33.944 > 36675,3,0.000,0.806,211995,39892,0.3,270.9
17:37:33.955 > 36686,3,0.000,0.807,211995,40107,0.0,278.1
17:37:33.966 > 36697,3,0.000,0.808,211994,40329,0.0,278.1
17:37:33.977 > 36708,3,0.000,0.809,211994,40547,0.0,278.1
17:37:33.988 > 36719,3,0.000,0.810,211994,40760,0.0,278.1
17:37:33.999 > 36730,3,0.000,0.811,211994,40973,0.0,278.1
17:37:34.010 > 36741,3,0.000,0.812,211994,41191,-0.3,288.7
17:37:34.021 > 36752,3,0.000,0.813,211994,41401,-0.3,288.7
17:37:34.032 > 36763,3,0.000,0.814,211994,41605,-0.3,288.7
17:37:34.043 > 36774,3,0.000,0.814,211993,41812,-0.3,288.7
17:37:34.060 > 36785,3,0.000,0.815,211994,42017,-0.3,288.7
17:37:34.081 > 36796,3,0.000,0.816,211994,42223,0.0,274.9
17:37:34.081 > 36807,3,0.000,0.817,211994,42440,0.0,274.9
17:37:34.087 > 36818,3,0.000,0.818,211995,42657,0.0,274.9
17:37:34.098 > 36829,3,0.000,0.819,211995,42868,0.0,274.9
17:37:34.109 > 36840,3,0.000,0.820,211995,43086,0.0,274.9
17:37:34.120 > 36851,3,0.000,0.821,211995,43300,0.3,286.8
17:37:34.131 > 36862,3,0.000,0.822,211995,43509,0.3,286.8
17:37:34.142 > 36873,3,0.000,0.823,211995,43718,0.3,286.8
17:37:34.153 > 36884,3,0.000,0.824,211995,43927,0.3,286.8
17:37:34.164 > 36895,3,0.000,0.825,211995,44149,0.3,286.8
17:37:34.175 > 36906,3,0.000,0.826,211994,44379,-0.3,287.4
17:37:34.186 > 36917,3,0.000,0.826,211994,44599,-0.3,287.4
17:37:34.197 > 36928,3,0.000,0.827,211994,44820,-0.3,287.4
17:37:34.208 > 36939,3,0.000,0.828,211994,45053,-0.3,287.4
17:37:34.219 > 36950,3,0.000,0.829,211993,45272,-0.3,287.4
17:37:34.230 > 36961,3,0.000,0.830,211994,45483,0.0,294.0
17:37:34.241 > 36972,3,0.000,0.831,211994,45688,0.0,294.0
17:37:34.252 > 36983,3,0.000,0.832,211994,45893,0.0,294.0
17:37:34.263 > 36994,3,0.000,0.833,211994,46099,0.0,294.0
17:37:34.274 > 37005,3,0.000,0.834,211994,46312,0.0,294.0
17:37:34.285 > 37016,3,0.000,0.835,211994,46535,0.0,280.2
17:37:34.296 > 37027,3,0.000,0.836,211995,46763,0.0,280.2
17:37:34.307 > 37038,3,0.000,0.836,211995,46986,0.0,280.2
17:37:34.318 > 37049,3,0.000,0.837,211995,47199,0.0,280.2
17:37:34.329 > 37060,3,0.000,0.838,211995,47410,0.0,280.2
17:37:34.340 > 37071,3,0.000,0.839,211995,47614,0.3,287.4
17:37:34.351 > 37082,3,0.000,0.840,211995,47820,0.3,287.4
17:37:34.362 > 37093,3,0.000,0.841,211995,48039,0.3,287.4
17:37:34.373 > 37104,3,0.000,0.842,211994,48274,0.3,287.4
17:37:34.384 > 37115,3,0.000,0.843,211994,48502,0.3,287.4
17:37:34.395 > 37126,3,0.000,0.844,211994,48730,-0.3,297.2
17:37:34.406 > 37137,3,0.000,0.845,211994,48960,-0.3,297.2
17:37:34.417 > 37148,3,0.000,0.846,211994,49178,-0.3,297.2
17:37:34.428 > 37159,3,0.000,0.847,211993,49386,-0.3,297.2
17:37:34.439 > 37170,3,0.000,0.848,211994,49596,-0.3,297.2
17:37:34.450 > 37181,3,0.000,0.848,211994,49804,0.0,286.0
17:37:34.461 > 37192,3,0.000,0.849,211994,50022,0.0,286.0
17:37:34.472 > 37203,3,0.000,0.850,211994,50245,0.0,286.0
17:37:34.483 > 37214,3,0.000,0.851,211994,50466,0.0,286.0
17:37:34.494 > 37225,3,0.000,0.852,211994,50691,0.0,286.0
17:37:34.505 > 37236,3,0.000,0.853,211995,50924,0.3,298.3
17:37:34.516 > 37247,3,0.000,0.854,211995,51147,0.3,298.3
17:37:34.527 > 37258,3,0.000,0.855,211995,51365,0.3,298.3
17:37:34.538 > 37269,3,0.000,0.856,211995,51576,0.3,298.3
17:37:34.549 > 37280,3,0.000,0.857,211995,51785,0.3,298.3
17:37:34.560 > 37291,3,0.000,0.858,211995,51992,0.0,284.4
17:37:34.571 > 37302,3,0.000,0.859,211995,52212,0.0,284.4
17:37:34.582 > 37313,3,0.000,0.859,211995,52459,0.0,284.4
17:37:34.593 > 37324,3,0.000,0.860,211994,52706,0.0,284.4
17:37:34.604 > 37335,3,0.000,0.861,211994,52943,0.0,284.4
17:37:34.615 > 37346,3,0.000,0.862,211994,53166,-0.3,312.7
17:37:34.626 > 37357,3,0.000,0.863,211993,53380,-0.3,312.7
17:37:34.637 > 37368,3,0.000,0.864,211993,53596,-0.3,312.7
17:37:34.648 > 37379,3,0.000,0.865,211993,53811,-0.3,312.7
17:37:34.659 > 37390,3,0.000,0.866,211994,54027,-0.3,312.7
17:37:34.670 > 37401,3,0.000,0.867,211994,54251,0.0,289.0
17:37:34.681 > 37412,3,0.000,0.868,211994,54488,0.0,289.0
17:37:34.692 > 37423,3,0.000,0.869,211995,54727,0.0,289.0
17:37:34.703 > 37434,3,0.000,0.869,211995,54964,0.0,289.0
17:37:34.714 > 37445,3,0.000,0.870,211995,55191,0.0,289.0
17:37:34.725 > 37456,3,0.000,0.871,211995,55410,0.3,308.7
17:37:34.736 > 37467,3,0.000,0.872,211995,55623,0.3,308.7
17:37:34.747 > 37478,3,0.000,0.873,211995,55833,0.3,308.7
17:37:34.758 > 37489,3,0.000,0.874,211995,56041,0.3,308.7
17:37:34.769 > 37500,3,0.000,0.875,211995,56282,0.3,308.7
17:37:34.780 > 37511,3,0.000,0.876,211994,56541,-0.3,301.2
17:37:34.791 > 37522,3,0.000,0.877,211994,56792,-0.3,301.2
17:37:34.802 > 37533,3,0.000,0.878,211994,57032,-0.3,301.2
17:37:34.813 > 37544,3,0.000,0.879,211994,57255,-0.3,301.2
17:37:34.824 > 37555,3,0.000,0.880,211994,57462,-0.3,301.2
17:37:34.835 > 37566,3,0.000,0.881,211993,57665,-0.3,299.4
17:37:34.846 > 37577,3,0.000,0.881,211993,57880,-0.3,299.4
17:37:34.857 > 37588,3,0.000,0.882,211994,58100,-0.3,299.4
17:37:34.868 > 37599,3,0.000,0.883,211994,58346,-0.3,299.4
17:37:34.879 > 37610,3,0.000,0.884,211994,58593,-0.3,299.4
17:37:34.890 > 37621,3,0.000,0.885,211995,58839,0.5,312.7
17:37:34.901 > 37632,3,0.000,0.886,211995,59069,0.5,312.7
17:37:34.912 > 37643,3,0.000,0.887,211995,59287,0.5,312.7
17:37:34.923 > 37654,3,0.000,0.888,211995,59493,0.5,312.7
17:37:34.934 > 37665,3,0.000,0.889,211995,59696,0.5,312.7
17:37:34.945 > 37676,3,0.000,0.890,211995,59902,0.0,283.1
17:37:34.956 > 37687,3,0.000,0.891,211995,60143,0.0,283.1
17:37:34.967 > 37698,3,0.000,0.891,211995,60396,0.0,283.1
17:37:34.978 > 37709,3,0.000,0.892,211994,60649,0.0,283.1
17:37:34.989 > 37720,3,0.000,0.893,211994,60896,0.0,283.1
17:37:35.000 > 37731,3,0.000,0.894,211994,61125,-0.3,325.7
17:37:35.011 > 37742,3,0.000,0.895,211994,61341,-0.3,325.7
17:37:35.034 > 37753,3,0.000,0.896,211994,61555,-0.3,325.7
17:37:35.036 > 37764,3,0.000,0.897,211993,61781,-0.3,325.7
17:37:35.054 > 37775,3,0.000,0.898,211994,61997,-0.3,325.7
17:37:35.055 > 37786,3,0.000,0.899,211994,62222,0.0,292.2
17:37:35.066 > 37797,3,0.000,0.900,211994,62463,0.0,292.2
17:37:35.077 > 37808,3,0.000,0.901,211994,62704,0.0,292.2
17:37:35.088 > 37819,3,0.000,0.902,211995,62946,0.0,292.2
17:37:35.099 > 37830,3,0.000,0.902,211995,63182,0.0,292.2
17:37:35.110 > 37841,3,0.000,0.903,211995,63408,0.3,315.9
17:37:35.121 > 37852,3,0.000,0.904,211995,63625,0.3,315.9
17:37:35.132 > 37863,3,0.000,0.905,211995,63840,0.3,315.9
17:37:35.143 > 37874,3,0.000,0.906,211995,64052,0.3,315.9
17:37:35.154 > 37885,3,0.000,0.907,211995,64288,0.3,315.9
17:37:35.165 > 37896,3,0.000,0.908,211995,64531,0.0,299.1
17:37:35.176 > 37907,3,0.000,0.909,211995,64780,0.0,299.1
17:37:35.187 > 37918,3,0.000,0.910,211994,65022,0.0,299.1
17:37:35.198 > 37929,3,0.000,0.911,211994,65263,0.0,299.1
17:37:35.209 > 37940,3,0.000,0.912,211994,65495,0.0,299.1
17:37:35.220 > 37951,3,0.000,0.913,211994,65712,-0.3,314.5
17:37:35.231 > 37962,3,0.000,0.914,211993,65946,-0.3,314.5
17:37:35.242 > 37973,3,0.000,0.914,211994,66183,-0.3,314.5
17:37:35.253 > 37984,3,0.000,0.915,211994,66423,-0.3,314.5
17:37:35.264 > 37995,3,0.000,0.916,211994,66662,-0.3,314.5
17:37:35.275 > 38006,3,0.000,0.917,211994,66900,0.0,316.4
17:37:35.286 > 38017,3,0.000,0.918,211994,67135,0.0,316.4
17:37:35.297 > 38028,3,0.000,0.919,211995,67362,0.0,316.4
17:37:35.308 > 38039,3,0.000,0.920,211995,67581,0.0,316.4
17:37:35.319 > 38050,3,0.000,0.921,211995,67792,0.0,316.4
17:37:35.330 > 38061,3,0.000,0.922,211995,68015,0.3,297.0
17:37:35.341 > 38072,3,0.000,0.923,211995,68243,0.3,297.0
17:37:35.352 > 38083,3,0.000,0.924,211995,68479,0.3,297.0
17:37:35.363 > 38094,3,0.000,0.924,211995,68725,0.3,297.0
17:37:35.374 > 38105,3,0.000,0.925,211994,68971,0.3,297.0
17:37:35.385 > 38116,3,0.000,0.926,211994,69214,-0.3,319.3
17:37:35.396 > 38127,3,0.000,0.927,211994,69448,-0.3,319.3
17:37:35.407 > 38138,3,0.000,0.928,211994,69680,-0.3,319.3
17:37:35.418 > 38149,3,0.000,0.929,211994,69917,-0.3,319.3
17:37:35.429 > 38160,3,0.000,0.930,211994,70145,-0.3,319.3
17:37:35.440 > 38171,3,0.000,0.931,211994,70369,0.0,307.6
17:37:35.451 > 38182,3,0.000,0.932,211994,70595,0.0,307.6
17:37:35.462 > 38193,3,0.000,0.933,211994,70832,0.0,307.6
17:37:35.473 > 38204,3,0.000,0.934,211995,71071,0.0,307.6
17:37:35.484 > 38215,3,0.000,0.935,211995,71307,0.0,307.6
17:37:35.495 > 38226,3,0.000,0.936,211995,71536,0.3,310.8
17:37:35.506 > 38237,3,0.000,0.936,211995,71766,0.3,310.8
17:37:35.517 > 38248,3,0.000,0.937,211995,71995,0.3,310.8
17:37:35.528 > 38259,3,0.000,0.938,211995,72221,0.3,310.8
17:37:35.539 > 38270,3,0.000,0.939,211995,72446,0.3,310.8
17:37:35.550 > 38281,3,0.000,0.940,211995,72687,0.0,306.6
17:37:35.561 > 38292,3,0.000,0.941,211994,72940,0.0,306.6
17:37:35.572 > 38303,3,0.000,0.942,211994,73183,0.0,306.6
17:37:35.583 > 38314,3,0.000,0.943,211994,73419,0.0,306.6
17:37:35.594 > 38325,3,0.000,0.944,211994,73666,0.0,306.6
17:37:35.605 > 38336,3,0.000,0.945,211994,73904,-0.3,324.1
17:37:35.616 > 38347,3,0.000,0.946,211994,74134,-0.3,324.1
17:37:35.627 > 38358,3,0.000,0.947,211993,74357,-0.3,324.1
17:37:35.638 > 38369,3,0.000,0.947,211994,74579,-0.3,324.1
17:37:35.649 > 38380,3,0.000,0.948,211994,74806,-0.3,324.1
17:37:35.660 > 38391,3,0.000,0.949,211994,75040,0.0,302.6
17:37:35.671 > 38402,3,0.000,0.950,211994,75280,0.0,302.6
17:37:35.682 > 38413,3,0.000,0.951,211995,75531,0.0,302.6
17:37:35.693 > 38424,3,0.000,0.952,211995,75773,0.0,302.6
17:37:35.704 > 38435,3,0.000,0.953,211995,76012,0.0,302.6
17:37:35.715 > 38446,3,0.000,0.954,211995,76244,0.3,320.7
17:37:35.726 > 38457,3,0.000,0.955,211995,76474,0.3,320.7
17:37:35.737 > 38468,3,0.000,0.956,211995,76703,0.3,320.7
17:37:35.748 > 38479,3,0.000,0.957,211994,76938,0.3,320.7
17:37:35.759 > 38490,3,0.000,0.957,211994,77173,0.3,320.7
17:37:35.770 > 38501,3,0.000,0.958,211994,77440,-0.3,318.5
17:37:35.781 > 38512,3,0.000,0.959,211994,77700,-0.3,318.5
17:37:35.792 > 38523,3,0.000,0.960,211994,77939,-0.3,318.5
17:37:35.803 > 38534,3,0.000,0.961,211994,78167,-0.3,318.5
17:37:35.814 > 38545,3,0.000,0.962,211993,78390,-0.3,318.5
17:37:35.825 > 38556,3,0.000,0.963,211994,78607,0.0,310.8
17:37:35.836 > 38567,3,0.000,0.964,211994,78826,0.0,310.8
17:37:35.847 > 38578,3,0.000,0.965,211994,79062,0.0,310.8
17:37:35.858 > 38589,3,0.000,0.966,211994,79328,0.0,310.8
17:37:35.869 > 38600,3,0.000,0.967,211995,79593,0.0,310.8
17:37:35.880 > 38611,3,0.000,0.968,211995,79835,0.3,327.1
17:37:35.891 > 38622,3,0.000,0.969,211995,80050,0.3,327.1
17:37:35.902 > 38633,3,0.000,0.969,211995,80257,0.3,327.1
17:37:35.913 > 38644,3,0.000,0.970,211995,80471,0.3,327.1
17:37:35.924 > 38655,3,0.000,0.971,211995,80718,0.3,327.1
17:37:35.935 > 38666,3,0.000,0.972,211995,80974,0.0,303.4
17:37:35.946 > 38677,3,0.000,0.973,211994,81229,0.0,303.4
17:37:35.957 > 38688,3,0.000,0.974,211994,81470,0.0,303.4
17:37:35.968 > 38699,3,0.000,0.975,211994,81708,0.0,303.4
17:37:35.979 > 38710,3,0.000,0.976,211994,81946,0.0,303.4
17:37:35.990 > 38721,3,0.000,0.977,211994,82179,-0.3,320.9
17:37:36.001 > 38732,3,0.000,0.978,211993,82404,-0.3,320.9
17:37:36.012 > 38743,3,0.000,0.979,211994,82630,-0.3,320.9
17:37:36.023 > 38754,3,0.000,0.979,211994,82858,-0.3,320.9
17:37:36.034 > 38765,3,0.000,0.980,211994,83109,-0.3,320.9
17:37:36.061 > 38776,3,0.000,0.981,211995,83368,0.3,316.7
17:37:36.061 > 38787,3,0.000,0.982,211994,83624,0.3,316.7
17:37:36.079 > 38798,3,0.000,0.983,211995,83871,0.3,316.7
17:37:36.079 > 38809,3,0.000,0.984,211995,84097,0.3,316.7
17:37:36.089 > 38820,3,0.000,0.985,211995,84315,0.3,316.7
17:37:36.100 > 38831,3,0.000,0.986,211995,84527,0.0,308.7
17:37:36.111 > 38842,3,0.000,0.987,211995,84743,0.0,308.7
17:37:36.122 > 38853,3,0.000,0.988,211995,85007,0.0,308.7
17:37:36.133 > 38864,3,0.000,0.989,211995,85287,0.0,308.7
17:37:36.144 > 38875,3,0.000,0.990,211994,85551,0.0,308.7
17:37:36.155 > 38886,3,0.000,0.990,211994,85793,-0.3,337.2
17:37:36.166 > 38897,3,0.000,0.991,211994,86021,-0.3,337.2
17:37:36.177 > 38908,3,0.000,0.992,211993,86232,-0.3,337.2
17:37:36.188 > 38919,3,0.000,0.993,211993,86446,-0.3,337.2
17:37:36.199 > 38930,3,0.000,0.994,211994,86681,-0.3,337.2
17:37:36.210 > 38941,3,0.000,0.995,211994,86922,0.0,300.7
17:37:36.221 > 38952,3,0.000,0.996,211994,87173,0.0,300.7
17:37:36.232 > 38963,3,0.000,0.997,211994,87425,0.0,300.7
17:37:36.243 > 38974,3,0.000,0.998,211994,87675,0.0,300.7
17:37:36.254 > 38985,3,0.000,0.999,211995,87917,0.0,300.7
17:37:36.265 > 38996,3,0.000,1.000,211995,88147,0.3,326.3
17:37:36.276 > 39007,4,0.000,0.300,211995,88374,0.3,326.3
17:37:36.287 > 39018,4,0.000,0.300,211995,88595,0.3,326.3
17:37:36.298 > 39029,4,0.000,0.300,211995,88816,0.3,326.3
17:37:36.309 > 39040,4,0.000,0.300,211995,89042,0.3,326.3
17:37:36.320 > 39051,4,0.000,0.300,211994,89280,-0.3,301.8
17:37:36.331 > 39062,4,0.000,0.300,211994,89508,-0.3,301.8
17:37:36.342 > 39073,4,0.000,0.300,211994,89726,-0.3,301.8
17:37:36.353 > 39084,4,0.000,0.300,211994,89937,-0.3,301.8
17:37:36.364 > 39095,4,0.000,0.300,211994,90135,-0.3,301.8
17:37:36.375 > 39106,4,0.000,0.300,211994,90325,0.0,278.3
17:37:36.386 > 39117,4,0.000,0.300,211993,90506,0.0,278.3
17:37:36.397 > 39128,4,0.000,0.300,211994,90681,0.0,278.3
17:37:36.408 > 39139,4,0.000,0.300,211993,90855,0.0,278.3
17:37:36.419 > 39150,4,0.000,0.300,211994,91035,0.0,278.3
17:37:36.430 > 39161,4,0.000,0.300,211994,91213,0.0,236.5
17:37:36.441 > 39172,4,0.000,0.300,211994,91388,0.0,236.5
17:37:36.452 > 39183,4,0.000,0.300,211994,91562,0.0,236.5
17:37:36.463 > 39194,4,0.000,0.300,211994,91734,0.0,236.5
17:37:36.474 > 39205,4,0.000,0.300,211995,91898,0.0,236.5
17:37:36.485 > 39216,4,0.000,0.300,211995,92052,0.3,223.5
17:37:36.496 > 39227,4,0.000,0.300,211995,92188,0.3,223.5
17:37:36.507 > 39238,4,0.000,0.300,211995,92315,0.3,223.5
17:37:36.518 > 39249,4,0.000,0.300,211995,92439,0.3,223.5
17:37:36.529 > 39260,4,0.000,0.300,211995,92556,0.3,223.5
17:37:36.540 > 39271,4,0.000,0.300,211995,92686,0.0,168.9
17:37:36.551 > 39282,4,0.000,0.300,211995,92819,0.0,168.9
17:37:36.562 > 39293,4,0.000,0.300,211995,92948,0.0,168.9
17:37:36.573 > 39304,4,0.000,0.300,211995,93072,0.0,168.9
17:37:36.584 > 39315,4,0.000,0.300,211995,93196,0.0,168.9
17:37:36.595 > 39326,4,0.000,0.300,211995,93321,0.0,169.1
17:37:36.606 > 39337,4,0.000,0.300,211994,93443,0.0,169.1
17:37:36.617 > 39348,4,0.000,0.300,211994,93560,0.0,169.1
17:37:36.628 > 39359,4,0.000,0.300,211994,93673,0.0,169.1
17:37:36.639 > 39370,4,0.000,0.300,211994,93781,0.0,169.1
17:37:36.650 > 39381,4,0.000,0.300,211994,93887,-0.3,150.7
17:37:36.661 > 39392,4,0.000,0.300,211994,93989,-0.3,150.7
17:37:36.672 > 39403,4,0.000,0.300,211994,94080,-0.3,150.7
17:37:36.683 > 39414,4,0.000,0.300,211994,94171,-0.3,150.7
17:37:36.694 > 39425,4,0.000,0.300,211994,94261,-0.3,150.7
17:37:36.705 > 39436,4,0.000,0.300,211994,94343,0.0,121.4
17:37:36.716 > 39447,4,0.000,0.300,211994,94431,0.0,121.4
17:37:36.727 > 39458,4,0.000,0.300,211993,94523,0.0,121.4
17:37:36.738 > 39469,4,0.000,0.300,211994,94608,0.0,121.4
17:37:36.749 > 39480,4,0.000,0.300,211993,94686,0.0,121.4
17:37:36.760 > 39491,4,0.000,0.300,211993,94760,-0.3,111.1
17:37:36.771 > 39502,4,0.000,0.300,211994,94827,-0.3,111.1
17:37:36.782 > 39513,4,0.000,0.300,211994,94890,-0.3,111.1
17:37:36.793 > 39524,4,0.000,0.300,211994,94948,-0.3,111.1
17:37:36.804 > 39535,4,0.000,0.300,211994,95014,-0.3,111.1
17:37:36.815 > 39546,4,0.000,0.300,211994,95088,0.3,87.4
17:37:36.826 > 39557,4,0.000,0.300,211994,95157,0.3,87.4
17:37:36.837 > 39568,4,0.000,0.300,211994,95224,0.3,87.4
17:37:36.848 > 39579,4,0.000,0.300,211994,95286,0.3,87.4
17:37:36.859 > 39590,4,0.000,0.300,211994,95345,0.3,87.4
17:37:36.870 > 39601,4,0.000,0.300,211994,95398,0.0,82.6
17:37:36.881 > 39612,4,0.000,0.300,211994,95448,0.0,82.6
17:37:36.892 > 39623,4,0.000,0.300,211994,95506,0.0,82.6
17:37:36.903 > 39634,4,0.000,0.300,211994,95566,0.0,82.6
17:37:36.914 > 39645,4,0.000,0.300,211994,95621,0.0,82.6
17:37:36.925 > 39656,4,0.000,0.300,211994,95671,0.0,72.7
17:37:36.936 > 39667,4,0.000,0.300,211994,95717,0.0,72.7
17:37:36.947 > 39678,4,0.000,0.300,211994,95759,0.0,72.7
17:37:36.958 > 39689,4,0.000,0.300,211994,95802,0.0,72.7
17:37:36.969 > 39700,4,0.000,0.300,211994,95847,0.0,72.7
17:37:36.980 > 39711,4,0.000,0.300,211995,95893,0.3,59.1
17:37:36.991 > 39722,4,0.000,0.300,211995,95935,0.3,59.1
17:37:37.002 > 39733,4,0.000,0.300,211995,95975,0.3,59.1
17:37:37.013 > 39744,4,0.000,0.300,211995,96010,0.3,59.1
17:37:37.038 > 39755,4,0.000,0.300,211995,96045,0.3,59.1
17:37:37.038 > 39766,4,0.000,0.300,211995,96083,0.0,50.6
17:37:37.055 > 39777,4,0.000,0.300,211995,96117,0.0,50.6
17:37:37.057 > 39788,4,0.000,0.300,211995,96148,0.0,50.6
17:37:37.068 > 39799,4,0.000,0.300,211995,96181,0.0,50.6
17:37:37.079 > 39810,4,0.000,0.300,211995,96211,0.0,50.6
17:37:37.090 > 39821,4,0.000,0.300,211995,96245,0.0,43.1
17:37:37.101 > 39832,4,0.000,0.300,211995,96279,0.0,43.1
17:37:37.112 > 39843,4,0.000,0.300,211995,96307,0.0,43.1
17:37:37.123 > 39854,4,0.000,0.300,211995,96330,0.0,43.1
17:37:37.134 > 39865,4,0.000,0.300,211995,96360,0.0,43.1
17:37:37.145 > 39876,4,0.000,0.300,211995,96393,0.0,39.4
17:37:37.156 > 39887,4,0.000,0.300,211995,96421,0.0,39.4
17:37:37.167 > 39898,4,0.000,0.300,211995,96443,0.0,39.4
17:37:37.178 > 39909,4,0.000,0.300,211995,96459,0.0,39.4
17:37:37.189 > 39920,4,0.000,0.300,211995,96475,0.0,39.4
17:37:37.200 > 39931,4,0.000,0.300,211995,96499,0.0,28.2
17:37:37.211 > 39942,4,0.000,0.300,211995,96519,0.0,28.2
17:37:37.222 > 39953,4,0.000,0.300,211995,96538,0.0,28.2
17:37:37.233 > 39964,4,0.000,0.300,211995,96558,0.0,28.2
17:37:37.244 > 39975,4,0.000,0.300,211995,96577,0.0,28.2
17:37:37.255 > 39986,4,0.000,0.300,211995,96590,0.0,24.2
17:37:37.266 > 39997,4,0.000,0.300,211995,96605,0.0,24.2
17:37:37.277 > 40008,4,0.000,0.300,211995,96620,0.0,24.2
17:37:37.288 > 40019,4,0.000,0.300,211995,96638,0.0,24.2
17:37:37.299 > 40030,4,0.000,0.300,211995,96649,0.0,24.2
17:37:37.310 > 40041,4,0.000,0.300,211995,96662,0.0,19.2
17:37:37.321 > 40052,4,0.000,0.300,211995,96673,0.0,19.2
17:37:37.332 > 40063,4,0.000,0.300,211995,96686,0.0,19.2
17:37:37.343 > 40074,4,0.000,0.300,211995,96697,0.0,19.2
17:37:37.354 > 40085,4,0.000,0.300,211995,96705,0.0,19.2
17:37:37.365 > 40096,4,0.000,0.300,211995,96716,0.0,14.4
17:37:37.376 > 40107,4,0.000,0.300,211995,96721,0.0,14.4
17:37:37.387 > 40118,4,0.000,0.300,211995,96729,0.0,14.4
17:37:37.398 > 40129,4,0.000,0.300,211995,96736,0.0,14.4
17:37:37.409 > 40140,4,0.000,0.300,211995,96739,0.0,14.4
17:37:37.420 > 40151,4,0.000,0.300,211995,96751,0.0,9.3
17:37:37.431 > 40162,4,0.000,0.300,211995,96759,0.0,9.3
17:37:37.442 > 40173,4,0.000,0.300,211995,96759,0.0,9.3
17:37:37.453 > 40184,4,0.000,0.300,211995,96764,0.0,9.3
17:37:37.464 > 40195,4,0.000,0.300,211995,96764,0.0,9.3
17:37:37.475 > 40206,4,0.000,0.300,211995,96764,0.0,3.5
17:37:37.486 > 40217,4,0.000,0.300,211995,96764,0.0,3.5
17:37:37.497 > 40228,4,0.000,0.300,211995,96764,0.0,3.5
17:37:37.508 > 40239,4,0.000,0.300,211995,96764,0.0,3.5
17:37:37.519 > 40250,4,0.000,0.300,211995,96764,0.0,3.5
17:37:37.530 > 40261,4,0.000,0.300,211995,96764,0.0,0.0
17:37:37.541 > 40272,4,0.000,0.300,211995,96764,0.0,0.0
17:37:37.552 > 40283,4,0.000,0.300,211995,96764,0.0,0.0
17:37:37.563 > 40294,4,0.000,0.300,211995,96764,0.0,0.0
17:37:37.574 > 40305,4,0.000,0.300,211995,96764,0.0,0.0
17:37:37.585 > 40316,4,0.000,0.300,211995,96764,0.0,0.0
17:37:37.596 > 40327,4,0.000,0.300,211995,96764,0.0,0.0
17:37:37.607 > 40338,4,0.000,0.300,211995,96764,0.0,0.0
17:37:37.618 > 40349,4,0.000,0.300,211995,96764,0.0,0.0
17:37:37.629 > 40360,4,0.000,0.300,211995,96764,0.0,0.0
17:37:37.640 > 40371,4,0.000,0.300,211995,96764,0.0,0.0
17:37:37.651 > 40382,4,0.000,0.300,211995,96764,0.0,0.0
17:37:37.662 > 40393,4,0.000,0.300,211995,96764,0.0,0.0
17:37:37.673 > 40404,4,0.000,0.300,211995,96764,0.0,0.0
17:37:37.684 > 40415,4,0.000,0.300,211995,96764,0.0,0.0
17:37:37.695 > 40426,4,0.000,0.300,211995,96764,0.0,0.0
17:37:37.706 > 40437,4,0.000,0.300,211995,96764,0.0,0.0
17:37:37.717 > 40448,4,0.000,0.300,211995,96764,0.0,0.0
17:37:37.728 > 40459,4,0.000,0.300,211995,96764,0.0,0.0
17:37:37.739 > 40470,4,0.000,0.300,211995,96764,0.0,0.0
17:37:37.750 > 40481,4,0.000,0.300,211995,96764,0.0,0.0
17:37:37.761 > 40492,4,0.000,0.300,211995,96764,0.0,0.0
17:37:37.772 > 40503,4,0.000,0.300,211995,96764,0.0,0.0
17:37:37.783 > 40514,4,0.000,0.300,211995,96764,0.0,0.0
17:37:37.794 > 40525,4,0.000,0.300,211995,96764,0.0,0.0
17:37:37.805 > 40536,4,0.000,0.300,211995,96764,0.0,0.0
17:37:37.816 > 40547,4,0.000,0.300,211995,96764,0.0,0.0
17:37:37.827 > 40558,4,0.000,0.300,211995,96764,0.0,0.0
17:37:37.838 > 40569,4,0.000,0.300,211995,96764,0.0,0.0
17:37:37.849 > 40580,4,0.000,0.300,211995,96764,0.0,0.0
17:37:37.860 > 40591,4,0.000,0.300,211995,96764,0.0,0.0
17:37:37.871 > 40602,4,0.000,0.300,211995,96764,0.0,0.0
17:37:37.882 > 40613,4,0.000,0.300,211995,96764,0.0,0.0
17:37:37.893 > 40624,4,0.000,0.300,211995,96764,0.0,0.0
17:37:37.904 > 40635,4,0.000,0.300,211995,96764,0.0,0.0
17:37:37.915 > 40646,4,0.000,0.300,211995,96764,0.0,0.0
17:37:37.926 > 40657,4,0.000,0.300,211995,96764,0.0,0.0
17:37:37.937 > 40668,4,0.000,0.300,211995,96764,0.0,0.0
17:37:37.948 > 40679,4,0.000,0.300,211995,96764,0.0,0.0
17:37:37.959 > 40690,4,0.000,0.300,211995,96764,0.0,0.0
17:37:37.970 > 40701,4,0.000,0.300,211995,96764,0.0,0.0
17:37:37.981 > 40712,4,0.000,0.300,211995,96764,0.0,0.0
17:37:37.992 > 40723,4,0.000,0.300,211995,96764,0.0,0.0
17:37:38.003 > 40734,4,0.000,0.300,211995,96764,0.0,0.0
17:37:38.014 > 40745,4,0.000,0.300,211995,96764,0.0,0.0
17:37:38.025 > 40756,4,0.000,0.300,211995,96764,0.0,0.0
17:37:38.036 > 40767,4,0.000,0.300,211995,96764,0.0,0.0
17:37:38.063 > 40778,4,0.000,0.300,211995,96764,0.0,0.0
17:37:38.064 > 40789,4,0.000,0.300,211995,96764,0.0,0.0
17:37:38.081 > 40800,4,0.000,0.300,211995,96764,0.0,0.0
17:37:38.082 > 40811,4,0.000,0.300,211995,96764,0.0,0.0
17:37:38.091 > 40822,4,0.000,0.300,211995,96764,0.0,0.0
17:37:38.102 > 40833,4,0.000,0.300,211995,96764,0.0,0.0
17:37:38.113 > 40844,4,0.000,0.300,211995,96764,0.0,0.0
17:37:38.124 > 40855,4,0.000,0.300,211995,96764,0.0,0.0
17:37:38.135 > 40866,4,0.000,0.300,211995,96764,0.0,0.0
17:37:38.146 > 40877,4,0.000,0.300,211995,96764,0.0,0.0
17:37:38.157 > 40888,4,0.000,0.300,211995,96764,0.0,0.0
17:37:38.168 > 40899,4,0.000,0.300,211995,96764,0.0,0.0
17:37:38.179 > 40910,4,0.000,0.300,211995,96764,0.0,0.0
17:37:38.190 > 40921,4,0.000,0.300,211995,96764,0.0,0.0
17:37:38.201 > 40932,4,0.000,0.300,211995,96764,0.0,0.0
17:37:38.212 > 40943,4,0.000,0.300,211995,96764,0.0,0.0
17:37:38.223 > 40954,4,0.000,0.300,211995,96764,0.0,0.0
17:37:38.234 > 40965,4,0.000,0.300,211995,96764,0.0,0.0
17:37:38.245 > 40976,4,0.000,0.300,211995,96764,0.0,0.0
17:37:38.256 > 40987,4,0.000,0.300,211995,96764,0.0,0.0
17:37:38.267 > 40998,4,0.000,0.300,211995,96764,0.0,0.0
17:37:38.278 > 41009,4,0.000,0.300,211995,96764,0.0,0.0
17:37:38.289 > 41020,4,0.000,0.300,211995,96764,0.0,0.0
17:37:38.300 > 41031,4,0.000,0.300,211995,96764,0.0,0.0
17:37:38.311 > 41042,4,0.000,0.300,211995,96764,0.0,0.0
17:37:38.322 > 41053,4,0.000,0.300,211995,96764,0.0,0.0
17:37:38.333 > 41064,4,0.000,0.300,211995,96764,0.0,0.0
17:37:38.344 > 41075,4,0.000,0.300,211995,96764,0.0,0.0
17:37:38.355 > 41086,4,0.000,0.300,211995,96764,0.0,0.0
17:37:38.366 > 41097,4,0.000,0.300,211995,96764,0.0,0.0
17:37:38.377 > 41108,4,0.000,0.300,211995,96764,0.0,0.0
17:37:38.388 > 41119,4,0.000,0.300,211995,96764,0.0,0.0
17:37:38.399 > 41130,4,0.000,0.300,211995,96764,0.0,0.0
17:37:38.410 > 41141,4,0.000,0.300,211995,96764,0.0,0.0
17:37:38.421 > 41152,4,0.000,0.300,211995,96764,0.0,0.0
17:37:38.432 > 41163,4,0.000,0.300,211995,96764,0.0,0.0
17:37:38.443 > 41174,4,0.000,0.300,211995,96764,0.0,0.0
17:37:38.454 > 41185,4,0.000,0.300,211995,96764,0.0,0.0
17:37:38.465 > 41196,4,0.000,0.300,211995,96764,0.0,0.0
17:37:38.476 > 41207,4,0.000,0.300,211995,96764,0.0,0.0
17:37:38.487 > 41218,4,0.000,0.300,211995,96764,0.0,0.0
17:37:38.498 > 41229,4,0.000,0.300,211995,96764,0.0,0.0
17:37:38.509 > 41240,4,0.000,0.300,211995,96764,0.0,0.0
17:37:38.520 > 41251,4,0.000,0.300,211995,96764,0.0,0.0
17:37:38.531 > 41262,4,0.000,0.300,211995,96764,0.0,0.0
17:37:38.542 > 41273,4,0.000,0.300,211995,96764,0.0,0.0
17:37:38.553 > 41284,4,0.000,0.300,211995,96764,0.0,0.0
17:37:38.564 > 41295,4,0.000,0.300,211995,96764,0.0,0.0
17:37:38.575 > 41306,4,0.000,0.300,211995,96764,0.0,0.0
17:37:38.586 > 41317,4,0.000,0.300,211995,96764,0.0,0.0
17:37:38.597 > 41328,4,0.000,0.300,211995,96764,0.0,0.0
17:37:38.608 > 41339,4,0.000,0.300,211995,96764,0.0,0.0
17:37:38.619 > 41350,4,0.000,0.300,211995,96764,0.0,0.0
17:37:38.630 > 41361,4,0.000,0.300,211995,96764,0.0,0.0
17:37:38.641 > 41372,4,0.000,0.300,211995,96764,0.0,0.0
17:37:38.652 > 41383,4,0.000,0.300,211995,96764,0.0,0.0
17:37:38.663 > 41394,4,0.000,0.300,211995,96764,0.0,0.0
17:37:38.674 > 41405,4,0.000,0.300,211995,96764,0.0,0.0
17:37:38.685 > 41416,4,0.000,0.300,211995,96764,0.0,0.0
17:37:38.696 > 41427,4,0.000,0.300,211995,96764,0.0,0.0
17:37:38.707 > 41438,4,0.000,0.300,211995,96764,0.0,0.0
17:37:38.718 > 41449,4,0.000,0.300,211995,96764,0.0,0.0
17:37:38.729 > 41460,4,0.000,0.300,211995,96764,0.0,0.0
17:37:38.740 > 41471,4,0.000,0.300,211995,96764,0.0,0.0
17:37:38.751 > 41482,4,0.000,0.300,211995,96764,0.0,0.0
17:37:38.762 > 41493,4,0.000,0.300,211995,96764,0.0,0.0
17:37:38.773 > 41504,4,0.000,0.300,211995,96764,0.0,0.0
17:37:38.784 > 41515,4,0.000,0.300,211995,96764,0.0,0.0
17:37:38.795 > 41526,4,0.000,0.300,211995,96764,0.0,0.0
17:37:38.806 > 41537,4,0.000,0.300,211995,96764,0.0,0.0
17:37:38.817 > 41548,4,0.000,0.300,211995,96764,0.0,0.0
17:37:38.828 > 41559,4,0.000,0.300,211995,96764,0.0,0.0
17:37:38.839 > 41570,4,0.000,0.300,211995,96764,0.0,0.0
17:37:38.850 > 41581,4,0.000,0.300,211995,96764,0.0,0.0
17:37:38.861 > 41592,4,0.000,0.300,211995,96764,0.0,0.0
17:37:38.872 > 41603,4,0.000,0.300,211995,96764,0.0,0.0
17:37:38.883 > 41614,4,0.000,0.300,211995,96764,0.0,0.0
17:37:38.894 > 41625,4,0.000,0.300,211995,96764,0.0,0.0
17:37:38.905 > 41636,4,0.000,0.300,211995,96764,0.0,0.0
17:37:38.916 > 41647,4,0.000,0.300,211995,96764,0.0,0.0
17:37:38.927 > 41658,4,0.000,0.300,211995,96764,0.0,0.0
17:37:38.938 > 41669,4,0.000,0.300,211995,96764,0.0,0.0
17:37:38.949 > 41680,4,0.000,0.300,211995,96764,0.0,0.0
17:37:38.960 > 41691,4,0.000,0.300,211995,96764,0.0,0.0
17:37:38.971 > 41702,4,0.000,0.300,211995,96764,0.0,0.0
17:37:38.982 > 41713,4,0.000,0.300,211995,96764,0.0,0.0
17:37:38.993 > 41724,4,0.000,0.300,211995,96764,0.0,0.0
17:37:39.004 > 41735,4,0.000,0.300,211995,96764,0.0,0.0
17:37:39.015 > 41746,4,0.000,0.300,211995,96764,0.0,0.0
17:37:39.036 > 41757,4,0.000,0.300,211995,96764,0.0,0.0
17:37:39.052 > 41768,4,0.000,0.300,211995,96764,0.0,0.0
17:37:39.053 > 41779,4,0.000,0.300,211995,96764,0.0,0.0
17:37:39.059 > 41790,4,0.000,0.300,211995,96764,0.0,0.0
17:37:39.070 > 41801,4,0.000,0.300,211995,96764,0.0,0.0
17:37:39.081 > 41812,4,0.000,0.300,211995,96764,0.0,0.0
17:37:39.092 > 41823,4,0.000,0.300,211995,96764,0.0,0.0
17:37:39.103 > 41834,4,0.000,0.300,211995,96764,0.0,0.0
17:37:39.114 > 41845,4,0.000,0.300,211995,96764,0.0,0.0
17:37:39.125 > 41856,4,0.000,0.300,211995,96764,0.0,0.0
17:37:39.136 > 41867,4,0.000,0.300,211995,96764,0.0,0.0
17:37:39.147 > 41878,4,0.000,0.300,211995,96764,0.0,0.0
17:37:39.158 > 41889,4,0.000,0.300,211995,96764,0.0,0.0
17:37:39.169 > 41900,4,0.000,0.300,211995,96764,0.0,0.0
17:37:39.180 > 41911,4,0.000,0.300,211995,96764,0.0,0.0
17:37:39.191 > 41922,4,0.000,0.300,211995,96764,0.0,0.0
17:37:39.202 > 41933,4,0.000,0.300,211995,96764,0.0,0.0
17:37:39.213 > 41944,4,0.000,0.300,211995,96764,0.0,0.0
17:37:39.224 > 41955,4,0.000,0.300,211995,96764,0.0,0.0
17:37:39.235 > 41966,4,0.000,0.300,211995,96764,0.0,0.0
17:37:39.246 > 41977,4,0.000,0.300,211995,96764,0.0,0.0
17:37:39.257 > 41988,4,0.000,0.300,211995,96764,0.0,0.0
17:37:39.268 > 41999,4,0.000,0.300,211995,96764,0.0,0.0
17:37:39.279 > 42010,4,0.000,0.500,211995,96764,0.0,0.0
17:37:39.290 > 42021,4,0.000,0.500,211995,96764,0.0,0.0
17:37:39.301 > 42032,4,0.000,0.500,211995,96764,0.0,0.0
17:37:39.312 > 42043,4,0.000,0.500,211995,96764,0.0,0.0
17:37:39.323 > 42054,4,0.000,0.500,211995,96764,0.0,0.0
17:37:39.334 > 42065,4,0.000,0.500,211995,96764,0.0,0.0
17:37:39.345 > 42076,4,0.000,0.500,211995,96764,0.0,0.0
17:37:39.356 > 42087,4,0.000,0.500,211995,96764,0.0,0.0
17:37:39.367 > 42098,4,0.000,0.500,211995,96764,0.0,0.0
17:37:39.378 > 42109,4,0.000,0.500,211995,96764,0.0,0.0
17:37:39.389 > 42120,4,0.000,0.500,211995,96764,0.0,0.0
17:37:39.400 > 42131,4,0.000,0.500,211995,96764,0.0,0.0
17:37:39.411 > 42142,4,0.000,0.500,211995,96764,0.0,0.0
17:37:39.422 > 42153,4,0.000,0.500,211995,96764,0.0,0.0
17:37:39.433 > 42164,4,0.000,0.500,211995,96764,0.0,0.0
17:37:39.444 > 42175,4,0.000,0.500,211995,96764,0.0,0.0
17:37:39.455 > 42186,4,0.000,0.500,211995,96764,0.0,0.0
17:37:39.466 > 42197,4,0.000,0.500,211995,96764,0.0,0.0
17:37:39.477 > 42208,4,0.000,0.500,211995,96764,0.0,0.0
17:37:39.488 > 42219,4,0.000,0.500,211995,96764,0.0,0.0
17:37:39.499 > 42230,4,0.000,0.500,211995,96764,0.0,0.0
17:37:39.510 > 42241,4,0.000,0.500,211995,96764,0.0,0.0
17:37:39.521 > 42252,4,0.000,0.500,211995,96764,0.0,0.0
17:37:39.532 > 42263,4,0.000,0.500,211995,96764,0.0,0.0
17:37:39.543 > 42274,4,0.000,0.500,211995,96764,0.0,0.0
17:37:39.554 > 42285,4,0.000,0.500,211995,96764,0.0,0.0
17:37:39.565 > 42296,4,0.000,0.500,211995,96764,0.0,0.0
17:37:39.576 > 42307,4,0.000,0.500,211995,96764,0.0,0.0
17:37:39.587 > 42318,4,0.000,0.500,211995,96764,0.0,0.0
17:37:39.598 > 42329,4,0.000,0.500,211995,96764,0.0,0.0
17:37:39.609 > 42340,4,0.000,0.500,211995,96764,0.0,0.0
17:37:39.620 > 42351,4,0.000,0.500,211995,96764,0.0,0.0
17:37:39.631 > 42362,4,0.000,0.500,211995,96764,0.0,0.0
17:37:39.642 > 42373,4,0.000,0.500,211995,96764,0.0,0.0
17:37:39.653 > 42384,4,0.000,0.500,211995,96764,0.0,0.0
17:37:39.664 > 42395,4,0.000,0.500,211995,96764,0.0,0.0
17:37:39.675 > 42406,4,0.000,0.500,211995,96764,0.0,0.0
17:37:39.686 > 42417,4,0.000,0.500,211995,96764,0.0,0.0
17:37:39.697 > 42428,4,0.000,0.500,211995,96764,0.0,0.0
17:37:39.708 > 42439,4,0.000,0.500,211995,96764,0.0,0.0
17:37:39.719 > 42450,4,0.000,0.500,211995,96764,0.0,0.0
17:37:39.730 > 42461,4,0.000,0.500,211995,96764,0.0,0.0
17:37:39.741 > 42472,4,0.000,0.500,211995,96764,0.0,0.0
17:37:39.752 > 42483,4,0.000,0.500,211995,96764,0.0,0.0
17:37:39.763 > 42494,4,0.000,0.500,211995,96764,0.0,0.0
17:37:39.774 > 42505,4,0.000,0.500,211995,96764,0.0,0.0
17:37:39.785 > 42516,4,0.000,0.500,211995,96764,0.0,0.0
17:37:39.796 > 42527,4,0.000,0.500,211995,96764,0.0,0.0
17:37:39.807 > 42538,4,0.000,0.500,211995,96764,0.0,0.0
17:37:39.818 > 42549,4,0.000,0.500,211995,96764,0.0,0.0
17:37:39.829 > 42560,4,0.000,0.500,211995,96764,0.0,0.0
17:37:39.840 > 42571,4,0.000,0.500,211995,96764,0.0,0.0
17:37:39.851 > 42582,4,0.000,0.500,211995,96764,0.0,0.0
17:37:39.862 > 42593,4,0.000,0.500,211995,96764,0.0,0.0
17:37:39.873 > 42604,4,0.000,0.500,211995,96764,0.0,0.0
17:37:39.884 > 42615,4,0.000,0.500,211995,96764,0.0,0.0
17:37:39.895 > 42626,4,0.000,0.500,211995,96764,0.0,0.0
17:37:39.906 > 42637,4,0.000,0.500,211995,96764,0.0,0.0
17:37:39.917 > 42648,4,0.000,0.500,211995,96764,0.0,0.0
17:37:39.928 > 42659,4,0.000,0.500,211995,96764,0.0,0.0
17:37:39.939 > 42670,4,0.000,0.500,211995,96764,0.0,0.0
17:37:39.950 > 42681,4,0.000,0.500,211995,96764,0.0,0.0
17:37:39.961 > 42692,4,0.000,0.500,211995,96764,0.0,0.0
17:37:39.972 > 42703,4,0.000,0.500,211995,96764,0.0,0.0
17:37:39.983 > 42714,4,0.000,0.500,211995,96764,0.0,0.0
17:37:39.994 > 42725,4,0.000,0.500,211995,96764,0.0,0.0
17:37:40.005 > 42736,4,0.000,0.500,211995,96764,0.0,0.0
17:37:40.016 > 42747,4,0.000,0.500,211995,96764,0.0,0.0
17:37:40.027 > 42758,4,0.000,0.500,211995,96764,0.0,0.0
17:37:40.038 > 42769,4,0.000,0.500,211995,96764,0.0,0.0
17:37:40.058 > 42780,4,0.000,0.500,211995,96764,0.0,0.0
17:37:40.061 > 42791,4,0.000,0.500,211995,96764,0.0,0.0
17:37:40.076 > 42802,4,0.000,0.500,211995,96764,0.0,0.0
17:37:40.082 > 42813,4,0.000,0.500,211995,96764,0.0,0.0
17:37:40.093 > 42824,4,0.000,0.500,211995,96764,0.0,0.0
17:37:40.104 > 42835,4,0.000,0.500,211995,96764,0.0,0.0
17:37:40.115 > 42846,4,0.000,0.500,211995,96764,0.0,0.0
17:37:40.126 > 42857,4,0.000,0.500,211995,96764,0.0,0.0
17:37:40.137 > 42868,4,0.000,0.500,211995,96764,0.0,0.0
17:37:40.148 > 42879,4,0.000,0.500,211995,96764,0.0,0.0
17:37:40.159 > 42890,4,0.000,0.500,211995,96764,0.0,0.0
17:37:40.170 > 42901,4,0.000,0.500,211995,96764,0.0,0.0
17:37:40.181 > 42912,4,0.000,0.500,211995,96764,0.0,0.0
17:37:40.192 > 42923,4,0.000,0.500,211995,96764,0.0,0.0
17:37:40.203 > 42934,4,0.000,0.500,211995,96764,0.0,0.0
17:37:40.214 > 42945,4,0.000,0.500,211995,96764,0.0,0.0
17:37:40.225 > 42956,4,0.000,0.500,211995,96764,0.0,0.0
17:37:40.236 > 42967,4,0.000,0.500,211995,96764,0.0,0.0
17:37:40.247 > 42978,4,0.000,0.500,211995,96764,0.0,0.0
17:37:40.258 > 42989,4,0.000,0.500,211995,96764,0.0,0.0
17:37:40.269 > 43000,4,0.000,0.500,211995,96764,0.0,0.0
17:37:40.280 > 43011,4,0.000,0.500,211995,96764,0.0,0.0
17:37:40.291 > 43022,4,0.000,0.500,211995,96764,0.0,0.0
17:37:40.302 > 43033,4,0.000,0.500,211995,96764,0.0,0.0
17:37:40.313 > 43044,4,0.000,0.500,211995,96764,0.0,0.0
17:37:40.324 > 43055,4,0.000,0.500,211995,96764,0.0,0.0
17:37:40.335 > 43066,4,0.000,0.500,211995,96764,0.0,0.0
17:37:40.346 > 43077,4,0.000,0.500,211995,96764,0.0,0.0
17:37:40.357 > 43088,4,0.000,0.500,211995,96764,0.0,0.0
17:37:40.368 > 43099,4,0.000,0.500,211995,96764,0.0,0.0
17:37:40.379 > 43110,4,0.000,0.500,211995,96764,0.0,0.0
17:37:40.390 > 43121,4,0.000,0.500,211995,96764,0.0,0.0
17:37:40.401 > 43132,4,0.000,0.500,211995,96764,0.0,0.0
17:37:40.412 > 43143,4,0.000,0.500,211995,96764,0.0,0.0
17:37:40.423 > 43154,4,0.000,0.500,211995,96764,0.0,0.0
17:37:40.434 > 43165,4,0.000,0.500,211995,96764,0.0,0.0
17:37:40.445 > 43176,4,0.000,0.500,211995,96764,0.0,0.0
17:37:40.456 > 43187,4,0.000,0.500,211995,96764,0.0,0.0
17:37:40.467 > 43198,4,0.000,0.500,211995,96764,0.0,0.0
17:37:40.478 > 43209,4,0.000,0.500,211995,96764,0.0,0.0
17:37:40.489 > 43220,4,0.000,0.500,211995,96764,0.0,0.0
17:37:40.500 > 43231,4,0.000,0.500,211995,96764,0.0,0.0
17:37:40.511 > 43242,4,0.000,0.500,211995,96764,0.0,0.0
17:37:40.522 > 43253,4,0.000,0.500,211995,96764,0.0,0.0
17:37:40.533 > 43264,4,0.000,0.500,211995,96764,0.0,0.0
17:37:40.544 > 43275,4,0.000,0.500,211995,96764,0.0,0.0
17:37:40.555 > 43286,4,0.000,0.500,211995,96764,0.0,0.0
17:37:40.566 > 43297,4,0.000,0.500,211995,96764,0.0,0.0
17:37:40.577 > 43308,4,0.000,0.500,211995,96764,0.0,0.0
17:37:40.588 > 43319,4,0.000,0.500,211995,96764,0.0,0.0
17:37:40.599 > 43330,4,0.000,0.500,211995,96764,0.0,0.0
17:37:40.610 > 43341,4,0.000,0.500,211995,96764,0.0,0.0
17:37:40.621 > 43352,4,0.000,0.500,211995,96764,0.0,0.0
17:37:40.632 > 43363,4,0.000,0.500,211995,96764,0.0,0.0
17:37:40.643 > 43374,4,0.000,0.500,211995,96764,0.0,0.0
17:37:40.654 > 43385,4,0.000,0.500,211995,96764,0.0,0.0
17:37:40.665 > 43396,4,0.000,0.500,211995,96764,0.0,0.0
17:37:40.676 > 43407,4,0.000,0.500,211995,96764,0.0,0.0
17:37:40.687 > 43418,4,0.000,0.500,211995,96764,0.0,0.0
17:37:40.698 > 43429,4,0.000,0.500,211995,96764,0.0,0.0
17:37:40.709 > 43440,4,0.000,0.500,211995,96764,0.0,0.0
17:37:40.720 > 43451,4,0.000,0.500,211995,96764,0.0,0.0
17:37:40.731 > 43462,4,0.000,0.500,211995,96764,0.0,0.0
17:37:40.742 > 43473,4,0.000,0.500,211995,96764,0.0,0.0
17:37:40.753 > 43484,4,0.000,0.500,211995,96764,0.0,0.0
17:37:40.764 > 43495,4,0.000,0.500,211995,96764,0.0,0.0
17:37:40.775 > 43506,4,0.000,0.500,211995,96764,0.0,0.0
17:37:40.786 > 43517,4,0.000,0.500,211995,96764,0.0,0.0
17:37:40.797 > 43528,4,0.000,0.500,211995,96764,0.0,0.0
17:37:40.808 > 43539,4,0.000,0.500,211995,96764,0.0,0.0
17:37:40.819 > 43550,4,0.000,0.500,211995,96764,0.0,0.0
17:37:40.830 > 43561,4,0.000,0.500,211995,96764,0.0,0.0
17:37:40.841 > 43572,4,0.000,0.500,211995,96764,0.0,0.0
17:37:40.852 > 43583,4,0.000,0.500,211995,96764,0.0,0.0
17:37:40.863 > 43594,4,0.000,0.500,211995,96764,0.0,0.0
17:37:40.874 > 43605,4,0.000,0.500,211995,96764,0.0,0.0
17:37:40.885 > 43616,4,0.000,0.500,211995,96764,0.0,0.0
17:37:40.896 > 43627,4,0.000,0.500,211995,96764,0.0,0.0
17:37:40.907 > 43638,4,0.000,0.500,211995,96764,0.0,0.0
17:37:40.918 > 43649,4,0.000,0.500,211995,96764,0.0,0.0
17:37:40.929 > 43660,4,0.000,0.500,211995,96764,0.0,0.0
17:37:40.940 > 43671,4,0.000,0.500,211995,96764,0.0,0.0
17:37:40.951 > 43682,4,0.000,0.500,211995,96764,0.0,0.0
17:37:40.962 > 43693,4,0.000,0.500,211995,96764,0.0,0.0
17:37:40.973 > 43704,4,0.000,0.500,211995,96764,0.0,0.0
17:37:40.984 > 43715,4,0.000,0.500,211995,96764,0.0,0.0
17:37:40.995 > 43726,4,0.000,0.500,211995,96764,0.0,0.0
17:37:41.006 > 43737,4,0.000,0.500,211995,96764,0.0,0.0
17:37:41.017 > 43748,4,0.000,0.500,211995,96764,0.0,0.0
17:37:41.036 > 43759,4,0.000,0.500,211995,96764,0.0,0.0
17:37:41.040 > 43770,4,0.000,0.500,211995,96764,0.0,0.0
17:37:41.058 > 43781,4,0.000,0.500,211995,96764,0.0,0.0
17:37:41.061 > 43792,4,0.000,0.500,211995,96764,0.0,0.0
17:37:41.072 > 43803,4,0.000,0.500,211995,96764,0.0,0.0
17:37:41.083 > 43814,4,0.000,0.500,211995,96764,0.0,0.0
17:37:41.094 > 43825,4,0.000,0.500,211995,96764,0.0,0.0
17:37:41.105 > 43836,4,0.000,0.500,211995,96764,0.0,0.0
17:37:41.116 > 43847,4,0.000,0.500,211995,96764,0.0,0.0
17:37:41.127 > 43858,4,0.000,0.500,211995,96764,0.0,0.0
17:37:41.138 > 43869,4,0.000,0.500,211995,96764,0.0,0.0
17:37:41.149 > 43880,4,0.000,0.500,211995,96764,0.0,0.0
17:37:41.160 > 43891,4,0.000,0.500,211995,96764,0.0,0.0
17:37:41.171 > 43902,4,0.000,0.500,211995,96764,0.0,0.0
17:37:41.182 > 43913,4,0.000,0.500,211995,96764,0.0,0.0
17:37:41.193 > 43924,4,0.000,0.500,211995,96764,0.0,0.0
17:37:41.204 > 43935,4,0.000,0.500,211995,96764,0.0,0.0
17:37:41.215 > 43946,4,0.000,0.500,211995,96764,0.0,0.0
17:37:41.226 > 43957,4,0.000,0.500,211995,96764,0.0,0.0
17:37:41.237 > 43968,4,0.000,0.500,211995,96764,0.0,0.0
17:37:41.248 > 43979,4,0.000,0.500,211995,96764,0.0,0.0
17:37:41.259 > 43990,4,0.000,0.500,211995,96764,0.0,0.0
17:37:41.270 > 44001,4,0.000,0.500,211995,96764,0.0,0.0
17:37:41.281 > 44012,4,0.000,0.500,211995,96764,0.0,0.0
17:37:41.292 > 44023,4,0.000,0.500,211995,96764,0.0,0.0
17:37:41.303 > 44034,4,0.000,0.500,211995,96764,0.0,0.0
17:37:41.314 > 44045,4,0.000,0.500,211995,96764,0.0,0.0
17:37:41.325 > 44056,4,0.000,0.500,211995,96764,0.0,0.0
17:37:41.336 > 44067,4,0.000,0.500,211995,96764,0.0,0.0
17:37:41.347 > 44078,4,0.000,0.500,211995,96764,0.0,0.0
17:37:41.358 > 44089,4,0.000,0.500,211995,96764,0.0,0.0
17:37:41.369 > 44100,4,0.000,0.500,211995,96764,0.0,0.0
17:37:41.380 > 44111,4,0.000,0.500,211995,96764,0.0,0.0
17:37:41.391 > 44122,4,0.000,0.500,211995,96764,0.0,0.0
17:37:41.402 > 44133,4,0.000,0.500,211995,96764,0.0,0.0
17:37:41.413 > 44144,4,0.000,0.500,211995,96764,0.0,0.0
17:37:41.424 > 44155,4,0.000,0.500,211995,96764,0.0,0.0
17:37:41.435 > 44166,4,0.000,0.500,211995,96764,0.0,0.0
17:37:41.446 > 44177,4,0.000,0.500,211995,96764,0.0,0.0
17:37:41.457 > 44188,4,0.000,0.500,211995,96764,0.0,0.0
17:37:41.468 > 44199,4,0.000,0.500,211995,96764,0.0,0.0
17:37:41.479 > 44210,4,0.000,0.500,211995,96764,0.0,0.0
17:37:41.490 > 44221,4,0.000,0.500,211995,96764,0.0,0.0
17:37:41.501 > 44232,4,0.000,0.500,211995,96764,0.0,0.0
17:37:41.512 > 44243,4,0.000,0.500,211995,96764,0.0,0.0
17:37:41.523 > 44254,4,0.000,0.500,211995,96764,0.0,0.0
17:37:41.534 > 44265,4,0.000,0.500,211995,96764,0.0,0.0
17:37:41.545 > 44276,4,0.000,0.500,211995,96764,0.0,0.0
17:37:41.556 > 44287,4,0.000,0.500,211995,96764,0.0,0.0
17:37:41.567 > 44298,4,0.000,0.500,211995,96764,0.0,0.0
17:37:41.578 > 44309,4,0.000,0.500,211995,96764,0.0,0.0
17:37:41.589 > 44320,4,0.000,0.500,211995,96764,0.0,0.0
17:37:41.600 > 44331,4,0.000,0.500,211995,96764,0.0,0.0
17:37:41.611 > 44342,4,0.000,0.500,211995,96764,0.0,0.0
17:37:41.622 > 44353,4,0.000,0.500,211995,96764,0.0,0.0
17:37:41.633 > 44364,4,0.000,0.500,211995,96764,0.0,0.0
17:37:41.644 > 44375,4,0.000,0.500,211995,96764,0.0,0.0
17:37:41.655 > 44386,4,0.000,0.500,211995,96764,0.0,0.0
17:37:41.666 > 44397,4,0.000,0.500,211995,96764,0.0,0.0
17:37:41.677 > 44408,4,0.000,0.500,211995,96764,0.0,0.0
17:37:41.688 > 44419,4,0.000,0.500,211995,96764,0.0,0.0
17:37:41.699 > 44430,4,0.000,0.500,211995,96764,0.0,0.0
17:37:41.710 > 44441,4,0.000,0.500,211995,96764,0.0,0.0
17:37:41.721 > 44452,4,0.000,0.500,211995,96764,0.0,0.0
17:37:41.732 > 44463,4,0.000,0.500,211995,96764,0.0,0.0
17:37:41.743 > 44474,4,0.000,0.500,211995,96764,0.0,0.0
17:37:41.754 > 44485,4,0.000,0.500,211995,96764,0.0,0.0
17:37:41.765 > 44496,4,0.000,0.500,211995,96764,0.0,0.0
17:37:41.776 > 44507,4,0.000,0.500,211995,96764,0.0,0.0
17:37:41.787 > 44518,4,0.000,0.500,211995,96764,0.0,0.0
17:37:41.798 > 44529,4,0.000,0.500,211995,96764,0.0,0.0
17:37:41.809 > 44540,4,0.000,0.500,211995,96764,0.0,0.0
17:37:41.820 > 44551,4,0.000,0.500,211995,96764,0.0,0.0
17:37:41.831 > 44562,4,0.000,0.500,211995,96764,0.0,0.0
17:37:41.842 > 44573,4,0.000,0.500,211995,96764,0.0,0.0
17:37:41.853 > 44584,4,0.000,0.500,211995,96764,0.0,0.0
17:37:41.864 > 44595,4,0.000,0.500,211995,96764,0.0,0.0
17:37:41.875 > 44606,4,0.000,0.500,211995,96764,0.0,0.0
17:37:41.886 > 44617,4,0.000,0.500,211995,96764,0.0,0.0
17:37:41.897 > 44628,4,0.000,0.500,211995,96764,0.0,0.0
17:37:41.908 > 44639,4,0.000,0.500,211995,96764,0.0,0.0
17:37:41.919 > 44650,4,0.000,0.500,211995,96764,0.0,0.0
17:37:41.930 > 44661,4,0.000,0.500,211995,96764,0.0,0.0
17:37:41.941 > 44672,4,0.000,0.500,211995,96764,0.0,0.0
17:37:41.952 > 44683,4,0.000,0.500,211995,96764,0.0,0.0
17:37:41.963 > 44694,4,0.000,0.500,211995,96764,0.0,0.0
17:37:41.974 > 44705,4,0.000,0.500,211995,96764,0.0,0.0
17:37:41.985 > 44716,4,0.000,0.500,211995,96764,0.0,0.0
17:37:41.996 > 44727,4,0.000,0.500,211995,96764,0.0,0.0
17:37:42.007 > 44738,4,0.000,0.500,211995,96764,0.0,0.0
17:37:42.018 > 44749,4,0.000,0.500,211995,96764,0.0,0.0
17:37:42.029 > 44760,4,0.000,0.500,211995,96764,0.0,0.0
17:37:42.040 > 44771,4,0.000,0.500,211995,96764,0.0,0.0
17:37:42.064 > 44782,4,0.000,0.500,211995,96764,0.0,0.0
17:37:42.064 > 44793,4,0.000,0.500,211995,96764,0.0,0.0
17:37:42.081 > 44804,4,0.000,0.500,211995,96764,0.0,0.0
17:37:42.084 > 44815,4,0.000,0.500,211995,96764,0.0,0.0
17:37:42.095 > 44826,4,0.000,0.500,211995,96764,0.0,0.0
17:37:42.106 > 44837,4,0.000,0.500,211995,96764,0.0,0.0
17:37:42.117 > 44848,4,0.000,0.500,211995,96764,0.0,0.0
17:37:42.128 > 44859,4,0.000,0.500,211995,96764,0.0,0.0
17:37:42.139 > 44870,4,0.000,0.500,211995,96764,0.0,0.0
17:37:42.150 > 44881,4,0.000,0.500,211995,96764,0.0,0.0
17:37:42.161 > 44892,4,0.000,0.500,211995,96764,0.0,0.0
17:37:42.172 > 44903,4,0.000,0.500,211995,96764,0.0,0.0
17:37:42.183 > 44914,4,0.000,0.500,211995,96764,0.0,0.0
17:37:42.194 > 44925,4,0.000,0.500,211995,96764,0.0,0.0
17:37:42.205 > 44936,4,0.000,0.500,211995,96764,0.0,0.0
17:37:42.216 > 44947,4,0.000,0.500,211995,96764,0.0,0.0
17:37:42.227 > 44958,4,0.000,0.500,211995,96764,0.0,0.0
17:37:42.238 > 44969,4,0.000,0.500,211995,96764,0.0,0.0
17:37:42.249 > 44980,4,0.000,0.500,211995,96764,0.0,0.0
17:37:42.260 > 44991,4,0.000,0.500,211995,96764,0.0,0.0
17:37:42.271 > 45002,4,0.000,0.700,211995,96764,0.0,0.0
17:37:42.282 > 45013,4,0.000,0.700,211995,96764,0.0,0.0
17:37:42.293 > 45024,4,0.000,0.700,211995,96785,0.0,0.0
17:37:42.304 > 45035,4,0.000,0.700,211995,96821,0.0,0.0
17:37:42.315 > 45046,4,0.000,0.700,211995,96872,0.0,28.8
17:37:42.326 > 45057,4,0.000,0.700,211995,96936,0.0,28.8
17:37:42.337 > 45068,4,0.000,0.700,211995,97005,0.0,28.8
17:37:42.348 > 45079,4,0.000,0.700,211995,97092,0.0,28.8
17:37:42.359 > 45090,4,0.000,0.700,211995,97185,0.0,28.8
17:37:42.370 > 45101,4,0.000,0.700,211995,97284,0.0,109.7
17:37:42.381 > 45112,4,0.000,0.700,211995,97393,0.0,109.7
17:37:42.392 > 45123,4,0.000,0.700,211994,97509,0.0,109.7
17:37:42.403 > 45134,4,0.000,0.700,211994,97626,0.0,109.7
17:37:42.414 > 45145,4,0.000,0.700,211994,97754,0.0,109.7
17:37:42.425 > 45156,4,0.000,0.700,211994,97874,-0.3,157.1
17:37:42.436 > 45167,4,0.000,0.700,211994,98000,-0.3,157.1
17:37:42.447 > 45178,4,0.000,0.700,211994,98127,-0.3,157.1
17:37:42.458 > 45189,4,0.000,0.700,211994,98261,-0.3,157.1
17:37:42.469 > 45200,4,0.000,0.700,211994,98400,-0.3,157.1
17:37:42.480 > 45211,4,0.000,0.700,211994,98534,0.0,175.8
17:37:42.491 > 45222,4,0.000,0.700,211993,98668,0.0,175.8
17:37:42.502 > 45233,4,0.000,0.700,211993,98805,0.0,175.8
17:37:42.513 > 45244,4,0.000,0.700,211994,98950,0.0,175.8
17:37:42.524 > 45255,4,0.000,0.700,211994,99093,0.0,175.8
17:37:42.535 > 45266,4,0.000,0.700,211994,99247,0.0,189.9
17:37:42.546 > 45277,4,0.000,0.700,211994,99403,0.0,189.9
17:37:42.557 > 45288,4,0.000,0.700,211994,99556,0.0,189.9
17:37:42.568 > 45299,4,0.000,0.700,211994,99719,0.0,189.9
17:37:42.579 > 45310,4,0.000,0.700,211994,99881,0.0,189.9
17:37:42.590 > 45321,4,0.000,0.700,211995,100039,0.3,210.9
17:37:42.601 > 45332,4,0.000,0.700,211995,100196,0.3,210.9
17:37:42.612 > 45343,4,0.000,0.700,211995,100362,0.3,210.9
17:37:42.623 > 45354,4,0.000,0.700,211995,100523,0.3,210.9
17:37:42.634 > 45365,4,0.000,0.700,211995,100681,0.3,210.9
17:37:42.645 > 45376,4,0.000,0.700,211995,100835,0.0,212.0
17:37:42.656 > 45387,4,0.000,0.700,211995,100998,0.0,212.0
17:37:42.667 > 45398,4,0.000,0.700,211995,101174,0.0,212.0
17:37:42.678 > 45409,4,0.000,0.700,211995,101351,0.0,212.0
17:37:42.689 > 45420,4,0.000,0.700,211995,101524,0.0,212.0
17:37:42.700 > 45431,4,0.000,0.700,211994,101702,-0.3,230.9
17:37:42.711 > 45442,4,0.000,0.700,211994,101878,-0.3,230.9
17:37:42.722 > 45453,4,0.000,0.700,211994,102057,-0.3,230.9
17:37:42.733 > 45464,4,0.000,0.700,211994,102247,-0.3,230.9
17:37:42.744 > 45475,4,0.000,0.700,211993,102426,-0.3,230.9
17:37:42.755 > 45486,4,0.000,0.700,211993,102593,-0.3,237.3
17:37:42.766 > 45497,4,0.000,0.700,211993,102754,-0.3,237.3
17:37:42.777 > 45508,4,0.000,0.700,211994,102911,-0.3,237.3
17:37:42.788 > 45519,4,0.000,0.700,211993,103084,-0.3,237.3
17:37:42.799 > 45530,4,0.000,0.700,211994,103260,-0.3,237.3
17:37:42.810 > 45541,4,0.000,0.700,211994,103436,0.3,224.5
17:37:42.821 > 45552,4,0.000,0.700,211994,103611,0.3,224.5
17:37:42.832 > 45563,4,0.000,0.700,211994,103784,0.3,224.5
17:37:42.843 > 45574,4,0.000,0.700,211994,103965,0.3,224.5
17:37:42.854 > 45585,4,0.000,0.700,211995,104160,0.3,224.5
17:37:42.865 > 45596,4,0.000,0.700,211995,104348,0.3,242.9
17:37:42.876 > 45607,4,0.000,0.700,211995,104530,0.3,242.9
17:37:42.887 > 45618,4,0.000,0.700,211995,104705,0.3,242.9
17:37:42.898 > 45629,4,0.000,0.700,211995,104870,0.3,242.9
17:37:42.909 > 45640,4,0.000,0.700,211995,105031,0.3,242.9
17:37:42.920 > 45651,4,0.000,0.700,211995,105190,0.0,224.3
17:37:42.931 > 45662,4,0.000,0.700,211995,105376,0.0,224.3
17:37:42.942 > 45673,4,0.000,0.700,211995,105583,0.0,224.3
17:37:42.953 > 45684,4,0.000,0.700,211994,105783,0.0,224.3
17:37:42.964 > 45695,4,0.000,0.700,211994,105976,0.0,224.3
17:37:42.975 > 45706,4,0.000,0.700,211994,106154,-0.3,256.7
17:37:42.986 > 45717,4,0.000,0.700,211994,106322,-0.3,256.7
17:37:42.997 > 45728,4,0.000,0.700,211994,106484,-0.3,256.7
17:37:43.008 > 45739,4,0.000,0.700,211994,106673,-0.3,256.7
17:37:43.019 > 45750,4,0.000,0.700,211994,106855,-0.3,256.7
17:37:43.039 > 45761,4,0.000,0.700,211993,107030,-0.3,233.3
17:37:43.041 > 45772,4,0.000,0.700,211993,107202,-0.3,233.3
17:37:43.060 > 45783,4,0.000,0.700,211994,107372,-0.3,233.3
17:37:43.063 > 45794,4,0.000,0.700,211994,107541,-0.3,233.3
17:37:43.074 > 45805,4,0.000,0.700,211994,107711,-0.3,233.3
17:37:43.085 > 45816,4,0.000,0.700,211994,107900,0.3,231.7
17:37:43.096 > 45827,4,0.000,0.700,211995,108094,0.3,231.7
17:37:43.107 > 45838,4,0.000,0.700,211995,108284,0.3,231.7
17:37:43.118 > 45849,4,0.000,0.700,211995,108465,0.3,231.7
17:37:43.129 > 45860,4,0.000,0.700,211995,108641,0.3,231.7
17:37:43.140 > 45871,4,0.000,0.700,211995,108811,0.3,242.6
17:37:43.151 > 45882,4,0.000,0.700,211995,108977,0.3,242.6
17:37:43.162 > 45893,4,0.000,0.700,211995,109140,0.3,242.6
17:37:43.173 > 45904,4,0.000,0.700,211995,109310,0.3,242.6
17:37:43.184 > 45915,4,0.000,0.700,211995,109496,0.3,242.6
17:37:43.195 > 45926,4,0.000,0.700,211995,109686,0.0,233.0
17:37:43.206 > 45937,4,0.000,0.700,211994,109882,0.0,233.0
17:37:43.217 > 45948,4,0.000,0.700,211994,110074,0.0,233.0
17:37:43.228 > 45959,4,0.000,0.700,211994,110259,0.0,233.0
17:37:43.239 > 45970,4,0.000,0.700,211994,110448,0.0,233.0
17:37:43.250 > 45981,4,0.000,0.700,211993,110626,-0.5,250.4
17:37:43.261 > 45992,4,0.000,0.700,211993,110799,-0.5,250.4
17:37:43.272 > 46003,4,0.000,0.700,211993,110971,-0.5,250.4
17:37:43.283 > 46014,4,0.000,0.700,211994,111141,-0.5,250.4
17:37:43.294 > 46025,4,0.000,0.700,211993,111312,-0.5,250.4
17:37:43.305 > 46036,4,0.000,0.700,211994,111484,0.3,228.5
17:37:43.316 > 46047,4,0.000,0.700,211994,111676,0.3,228.5
17:37:43.327 > 46058,4,0.000,0.700,211994,111873,0.3,228.5
17:37:43.338 > 46069,4,0.000,0.700,211994,112068,0.3,228.5
17:37:43.349 > 46080,4,0.000,0.700,211994,112260,0.3,228.5
17:37:43.360 > 46091,4,0.000,0.700,211995,112446,0.3,256.2
17:37:43.371 > 46102,4,0.000,0.700,211995,112619,0.3,256.2
17:37:43.382 > 46113,4,0.000,0.700,211995,112786,0.3,256.2
17:37:43.393 > 46124,4,0.000,0.700,211995,112948,0.3,256.2
17:37:43.404 > 46135,4,0.000,0.700,211995,113104,0.3,256.2
17:37:43.415 > 46146,4,0.000,0.700,211995,113270,0.0,219.5
17:37:43.426 > 46157,4,0.000,0.700,211995,113451,0.0,219.5
17:37:43.437 > 46168,4,0.000,0.700,211995,113648,0.0,219.5
17:37:43.448 > 46179,4,0.000,0.700,211995,113848,0.0,219.5
17:37:43.459 > 46190,4,0.000,0.700,211994,114041,0.0,219.5
17:37:43.470 > 46201,4,0.000,0.700,211994,114226,-0.3,254.6
17:37:43.481 > 46212,4,0.000,0.700,211994,114407,-0.3,254.6
17:37:43.492 > 46223,4,0.000,0.700,211994,114594,-0.3,254.6
17:37:43.503 > 46234,4,0.000,0.700,211994,114768,-0.3,254.6
17:37:43.514 > 46245,4,0.000,0.700,211993,114940,-0.3,254.6
17:37:43.525 > 46256,4,0.000,0.700,211993,115109,-0.3,235.2
17:37:43.536 > 46267,4,0.000,0.700,211994,115277,-0.3,235.2
17:37:43.547 > 46278,4,0.000,0.700,211994,115455,-0.3,235.2
17:37:43.558 > 46289,4,0.000,0.700,211994,115637,-0.3,235.2
17:37:43.569 > 46300,4,0.000,0.700,211994,115842,-0.3,235.2
17:37:43.580 > 46311,4,0.000,0.700,211994,116033,0.3,246.1
17:37:43.591 > 46322,4,0.000,0.700,211994,116221,0.3,246.1
17:37:43.602 > 46333,4,0.000,0.700,211995,116407,0.3,246.1
17:37:43.613 > 46344,4,0.000,0.700,211995,116582,0.3,246.1
17:37:43.624 > 46355,4,0.000,0.700,211995,116752,0.3,246.1
17:37:43.635 > 46366,4,0.000,0.700,211995,116916,0.3,235.2
17:37:43.646 > 46377,4,0.000,0.700,211995,117076,0.3,235.2
17:37:43.657 > 46388,4,0.000,0.700,211995,117238,0.3,235.2
17:37:43.668 > 46399,4,0.000,0.700,211995,117432,0.3,235.2
17:37:43.679 > 46410,4,0.000,0.700,211995,117633,0.3,235.2
17:37:43.690 > 46421,4,0.000,0.700,211995,117835,0.0,244.8
17:37:43.701 > 46432,4,0.000,0.700,211994,118030,0.0,244.8
17:37:43.712 > 46443,4,0.000,0.700,211994,118213,0.0,244.8
17:37:43.723 > 46454,4,0.000,0.700,211994,118384,0.0,244.8
17:37:43.734 > 46465,4,0.000,0.700,211994,118555,0.0,244.8
17:37:43.745 > 46476,4,0.000,0.700,211994,118748,-0.3,243.2
17:37:43.756 > 46487,4,0.000,0.700,211993,118934,-0.3,243.2
17:37:43.767 > 46498,4,0.000,0.700,211994,119110,-0.3,243.2
17:37:43.778 > 46509,4,0.000,0.700,211993,119279,-0.3,243.2
17:37:43.789 > 46520,4,0.000,0.700,211993,119444,-0.3,243.2
17:37:43.800 > 46531,4,0.000,0.700,211994,119607,0.0,228.8
17:37:43.811 > 46542,4,0.000,0.700,211994,119788,0.0,228.8
17:37:43.822 > 46553,4,0.000,0.700,211994,119979,0.0,228.8
17:37:43.833 > 46564,4,0.000,0.700,211994,120169,0.0,228.8
17:37:43.844 > 46575,4,0.000,0.700,211994,120358,0.0,228.8
17:37:43.855 > 46586,4,0.000,0.700,211995,120541,0.3,248.8
17:37:43.866 > 46597,4,0.000,0.700,211995,120716,0.3,248.8
17:37:43.877 > 46608,4,0.000,0.700,211995,120887,0.3,248.8
17:37:43.888 > 46619,4,0.000,0.700,211995,121053,0.3,248.8
17:37:43.899 > 46630,4,0.000,0.700,211995,121214,0.3,248.8
17:37:43.910 > 46641,4,0.000,0.700,211995,121395,0.0,227.5
17:37:43.921 > 46652,4,0.000,0.700,211995,121580,0.0,227.5
17:37:43.932 > 46663,4,0.000,0.700,211995,121762,0.0,227.5
17:37:43.943 > 46674,4,0.000,0.700,211995,121947,0.0,227.5
17:37:43.954 > 46685,4,0.000,0.700,211994,122138,0.0,227.5
17:37:43.965 > 46696,4,0.000,0.700,211994,122329,-0.3,248.8
17:37:43.976 > 46707,4,0.000,0.700,211994,122519,-0.3,248.8
17:37:43.987 > 46718,4,0.000,0.700,211994,122705,-0.3,248.8
17:37:43.998 > 46729,4,0.000,0.700,211994,122876,-0.3,248.8
17:37:44.009 > 46740,4,0.000,0.700,211994,123047,-0.3,248.8
17:37:44.020 > 46751,4,0.000,0.700,211993,123227,-0.3,239.2
17:37:44.031 > 46762,4,0.000,0.700,211994,123403,-0.3,239.2
17:37:44.042 > 46773,4,0.000,0.700,211993,123577,-0.3,239.2
17:37:44.059 > 46784,4,0.000,0.700,211994,123751,-0.3,239.2
17:37:44.078 > 46795,4,0.000,0.700,211994,123935,-0.3,239.2
17:37:44.078 > 46806,4,0.000,0.700,211994,124122,0.3,238.4
17:37:44.086 > 46817,4,0.000,0.700,211994,124307,0.3,238.4
17:37:44.097 > 46828,4,0.000,0.700,211994,124489,0.3,238.4
17:37:44.108 > 46839,4,0.000,0.700,211995,124668,0.3,238.4
17:37:44.119 > 46850,4,0.000,0.700,211995,124838,0.3,238.4
17:37:44.130 > 46861,4,0.000,0.700,211995,125014,0.3,237.6
17:37:44.141 > 46872,4,0.000,0.700,211995,125199,0.3,237.6
17:37:44.152 > 46883,4,0.000,0.700,211995,125379,0.3,237.6
17:37:44.163 > 46894,4,0.000,0.700,211995,125557,0.3,237.6
17:37:44.174 > 46905,4,0.000,0.700,211995,125733,0.3,237.6
17:37:44.185 > 46916,4,0.000,0.700,211995,125907,0.0,237.8
17:37:44.196 > 46927,4,0.000,0.700,211995,126095,0.0,237.8
17:37:44.207 > 46938,4,0.000,0.700,211994,126292,0.0,237.8
17:37:44.218 > 46949,4,0.000,0.700,211994,126480,0.0,237.8
17:37:44.229 > 46960,4,0.000,0.700,211994,126661,0.0,237.8
17:37:44.240 > 46971,4,0.000,0.700,211994,126836,-0.3,247.4
17:37:44.251 > 46982,4,0.000,0.700,211994,127025,-0.3,247.4
17:37:44.262 > 46993,4,0.000,0.700,211993,127208,-0.3,247.4
17:37:44.273 > 47004,4,0.000,0.700,211993,127387,-0.3,247.4
17:37:44.284 > 47015,4,0.000,0.700,211993,127558,-0.3,247.4
17:37:44.295 > 47026,4,0.000,0.700,211994,127727,0.0,237.3
17:37:44.306 > 47037,4,0.000,0.700,211994,127896,0.0,237.3
17:37:44.317 > 47048,4,0.000,0.700,211994,128080,0.0,237.3
17:37:44.328 > 47059,4,0.000,0.700,211994,128268,0.0,237.3
17:37:44.339 > 47070,4,0.000,0.700,211994,128453,0.0,237.3
17:37:44.350 > 47081,4,0.000,0.700,211994,128634,0.0,241.6
17:37:44.361 > 47092,4,0.000,0.700,211995,128812,0.0,241.6
17:37:44.372 > 47103,4,0.000,0.700,211995,128985,0.0,241.6
17:37:44.383 > 47114,4,0.000,0.700,211995,129167,0.0,241.6
17:37:44.394 > 47125,4,0.000,0.700,211995,129347,0.0,241.6
17:37:44.405 > 47136,4,0.000,0.700,211995,129520,0.3,236.0
17:37:44.416 > 47147,4,0.000,0.700,211995,129691,0.3,236.0
17:37:44.427 > 47158,4,0.000,0.700,211995,129864,0.3,236.0
17:37:44.438 > 47169,4,0.000,0.700,211995,130056,0.3,236.0
17:37:44.449 > 47180,4,0.000,0.700,211994,130254,0.3,236.0
17:37:44.460 > 47191,4,0.000,0.700,211994,130441,-0.3,245.3
17:37:44.471 > 47202,4,0.000,0.700,211994,130623,-0.3,245.3
17:37:44.482 > 47213,4,0.000,0.700,211994,130810,-0.3,245.3
17:37:44.493 > 47224,4,0.000,0.700,211994,131001,-0.3,245.3
17:37:44.504 > 47235,4,0.000,0.700,211994,131181,-0.3,245.3
17:37:44.515 > 47246,4,0.000,0.700,211993,131351,-0.3,242.4
17:37:44.526 > 47257,4,0.000,0.700,211993,131518,-0.3,242.4
17:37:44.537 > 47268,4,0.000,0.700,211993,131692,-0.3,242.4
17:37:44.548 > 47279,4,0.000,0.700,211994,131872,-0.3,242.4
17:37:44.559 > 47290,4,0.000,0.700,211994,132052,-0.3,242.4
17:37:44.570 > 47301,4,0.000,0.700,211994,132231,0.3,234.4
17:37:44.581 > 47312,4,0.000,0.700,211994,132412,0.3,234.4
17:37:44.592 > 47323,4,0.000,0.700,211994,132594,0.3,234.4
17:37:44.603 > 47334,4,0.000,0.700,211995,132790,0.3,234.4
17:37:44.614 > 47345,4,0.000,0.700,211995,132983,0.3,234.4
17:37:44.625 > 47356,4,0.000,0.700,211995,133166,0.3,249.0
17:37:44.636 > 47367,4,0.000,0.700,211995,133346,0.3,249.0
17:37:44.647 > 47378,4,0.000,0.700,211995,133520,0.3,249.0
17:37:44.658 > 47389,4,0.000,0.700,211995,133687,0.3,249.0
17:37:44.669 > 47400,4,0.000,0.700,211995,133853,0.3,249.0
17:37:44.680 > 47411,4,0.000,0.700,211995,134021,0.0,227.7
17:37:44.691 > 47422,4,0.000,0.700,211995,134211,0.0,227.7
17:37:44.702 > 47433,4,0.000,0.700,211994,134405,0.0,227.7
17:37:44.713 > 47444,4,0.000,0.700,211994,134590,0.0,227.7
17:37:44.724 > 47455,4,0.000,0.700,211994,134788,0.0,227.7
17:37:44.735 > 47466,4,0.000,0.700,211994,134979,-0.3,255.1
17:37:44.746 > 47477,4,0.000,0.700,211994,135159,-0.3,255.1
17:37:44.757 > 47488,4,0.000,0.700,211993,135327,-0.3,255.1
17:37:44.768 > 47499,4,0.000,0.700,211994,135500,-0.3,255.1
17:37:44.779 > 47510,4,0.000,0.700,211993,135675,-0.3,255.1
17:37:44.790 > 47521,4,0.000,0.700,211993,135847,-0.3,231.2
17:37:44.801 > 47532,4,0.000,0.700,211994,136025,-0.3,231.2
17:37:44.812 > 47543,4,0.000,0.700,211994,136205,-0.3,231.2
17:37:44.823 > 47554,4,0.000,0.700,211994,136384,-0.3,231.2
17:37:44.834 > 47565,4,0.000,0.700,211994,136570,-0.3,231.2
17:37:44.845 > 47576,4,0.000,0.700,211995,136766,0.5,244.8
17:37:44.856 > 47587,4,0.000,0.700,211995,136956,0.5,244.8
17:37:44.867 > 47598,4,0.000,0.700,211995,137141,0.5,244.8
17:37:44.878 > 47609,4,0.000,0.700,211995,137319,0.5,244.8
17:37:44.889 > 47620,4,0.000,0.700,211995,137491,0.5,244.8
17:37:44.900 > 47631,4,0.000,0.700,211995,137660,0.0,238.1
17:37:44.911 > 47642,4,0.000,0.700,211995,137823,0.0,238.1
17:37:44.922 > 47653,4,0.000,0.700,211995,137990,0.0,238.1
17:37:44.933 > 47664,4,0.000,0.700,211995,138182,0.0,238.1
17:37:44.944 > 47675,4,0.000,0.700,211995,138377,0.0,238.1
17:37:44.955 > 47686,4,0.000,0.700,211995,138569,0.0,242.1
17:37:44.966 > 47697,4,0.000,0.700,211994,138755,0.0,242.1
17:37:44.977 > 47708,4,0.000,0.700,211994,138947,0.0,242.1
17:37:44.988 > 47719,4,0.000,0.700,211994,139133,0.0,242.1
17:37:44.999 > 47730,4,0.000,0.700,211994,139310,0.0,242.1
17:37:45.010 > 47741,4,0.000,0.700,211993,139485,-0.5,244.0
17:37:45.022 > 47752,4,0.000,0.700,211994,139654,-0.5,244.0
17:37:45.038 > 47763,4,0.000,0.700,211994,139824,-0.5,244.0
17:37:45.057 > 47774,4,0.000,0.700,211993,140001,-0.5,244.0
17:37:45.058 > 47785,4,0.000,0.700,211993,140176,-0.5,244.0
17:37:45.065 > 47796,4,0.000,0.700,211994,140363,0.3,233.8
17:37:45.076 > 47807,4,0.000,0.700,211994,140557,0.3,233.8
17:37:45.087 > 47818,4,0.000,0.700,211994,140748,0.3,233.8
17:37:45.098 > 47829,4,0.000,0.700,211994,140936,0.3,233.8
17:37:45.109 > 47840,4,0.000,0.700,211995,141120,0.3,233.8
17:37:45.120 > 47851,4,0.000,0.700,211995,141293,0.3,247.7
17:37:45.131 > 47862,4,0.000,0.700,211995,141464,0.3,247.7
17:37:45.142 > 47873,4,0.000,0.700,211995,141628,0.3,247.7
17:37:45.153 > 47884,4,0.000,0.700,211995,141791,0.3,247.7
17:37:45.164 > 47895,4,0.000,0.700,211995,141961,0.3,247.7
17:37:45.175 > 47906,4,0.000,0.700,211995,142148,0.0,227.7
17:37:45.186 > 47917,4,0.000,0.700,211995,142345,0.0,227.7
17:37:45.197 > 47928,4,0.000,0.700,211995,142544,0.0,227.7
17:37:45.208 > 47939,4,0.000,0.700,211994,142734,0.0,227.7
17:37:45.219 > 47950,4,0.000,0.700,211994,142917,0.0,227.7
17:37:45.230 > 47961,4,0.000,0.700,211994,143101,-0.3,253.8
17:37:45.241 > 47972,4,0.000,0.700,211994,143293,-0.3,253.8
17:37:45.252 > 47983,4,0.000,0.700,211994,143470,-0.3,253.8
17:37:45.263 > 47994,4,0.000,0.700,211993,143641,-0.3,253.8
17:37:45.274 > 48005,4,0.000,1.000,211993,143804,-0.3,253.8
17:37:45.285 > 48016,4,0.000,1.000,211993,143969,-0.3,231.2
17:37:45.296 > 48027,4,0.000,1.000,211994,144173,-0.3,231.2
17:37:45.307 > 48038,4,0.000,1.000,211994,144389,-0.3,231.2
17:37:45.318 > 48049,4,0.000,1.000,211994,144604,-0.3,231.2
17:37:45.329 > 48060,4,0.000,1.000,211994,144822,-0.3,231.2
17:37:45.340 > 48071,4,0.000,1.000,211995,145038,0.5,284.7
17:37:45.351 > 48082,4,0.000,1.000,211995,145263,0.5,284.7
17:37:45.362 > 48093,4,0.000,1.000,211995,145490,0.5,284.7
17:37:45.373 > 48104,4,0.000,1.000,211995,145714,0.5,284.7
17:37:45.384 > 48115,4,0.000,1.000,211995,145935,0.5,284.7
17:37:45.395 > 48126,4,0.000,1.000,211995,146156,0.0,297.8
17:37:45.406 > 48137,4,0.000,1.000,211995,146407,0.0,297.8
17:37:45.417 > 48148,4,0.000,1.000,211994,146674,0.0,297.8
17:37:45.428 > 48159,4,0.000,1.000,211994,146928,0.0,297.8
17:37:45.439 > 48170,4,0.000,1.000,211994,147172,0.0,297.8
17:37:45.450 > 48181,4,0.000,1.000,211994,147402,-0.3,331.9
17:37:45.461 > 48192,4,0.000,1.000,211993,147640,-0.3,331.9
17:37:45.472 > 48203,4,0.000,1.000,211993,147870,-0.3,331.9
17:37:45.483 > 48214,4,0.000,1.000,211993,148098,-0.3,331.9
17:37:45.494 > 48225,4,0.000,1.000,211994,148343,-0.3,331.9
17:37:45.505 > 48236,4,0.000,1.000,211994,148592,0.0,316.9
17:37:45.516 > 48247,4,0.000,1.000,211994,148841,0.0,316.9
17:37:45.527 > 48258,4,0.000,1.000,211995,149093,0.0,316.9
17:37:45.538 > 48269,4,0.000,1.000,211995,149334,0.0,316.9
17:37:45.549 > 48280,4,0.000,1.000,211995,149565,0.0,316.9
17:37:45.560 > 48291,4,0.000,1.000,211995,149794,0.3,320.1
17:37:45.571 > 48302,4,0.000,1.000,211995,150027,0.3,320.1
17:37:45.582 > 48313,4,0.000,1.000,211995,150274,0.3,320.1
17:37:45.593 > 48324,4,0.000,1.000,211995,150530,0.3,320.1
17:37:45.604 > 48335,4,0.000,1.000,211994,150789,0.3,320.1
17:37:45.615 > 48346,4,0.000,1.000,211994,151041,-0.3,332.1
17:37:45.626 > 48357,4,0.000,1.000,211994,151296,-0.3,332.1
17:37:45.637 > 48368,4,0.000,1.000,211994,151544,-0.3,332.1
17:37:45.648 > 48379,4,0.000,1.000,211994,151775,-0.3,332.1
17:37:45.659 > 48390,4,0.000,1.000,211993,152009,-0.3,332.1
17:37:45.670 > 48401,4,0.000,1.000,211994,152252,0.0,322.5
17:37:45.681 > 48412,4,0.000,1.000,211994,152498,0.0,322.5
17:37:45.692 > 48423,4,0.000,1.000,211994,152748,0.0,322.5
17:37:45.703 > 48434,4,0.000,1.000,211994,152996,0.0,322.5
17:37:45.714 > 48445,4,0.000,1.000,211994,153242,0.0,322.5
17:37:45.725 > 48456,4,0.000,1.000,211995,153480,0.3,327.1
17:37:45.736 > 48467,4,0.000,1.000,211995,153712,0.3,327.1
17:37:45.747 > 48478,4,0.000,1.000,211995,153957,0.3,327.1
17:37:45.758 > 48489,4,0.000,1.000,211995,154201,0.3,327.1
17:37:45.769 > 48500,4,0.000,1.000,211995,154445,0.3,327.1
17:37:45.780 > 48511,4,0.000,1.000,211995,154697,0.0,324.1
17:37:45.791 > 48522,4,0.000,1.000,211995,154951,0.0,324.1
17:37:45.802 > 48533,4,0.000,1.000,211994,155205,0.0,324.1
17:37:45.813 > 48544,4,0.000,1.000,211994,155454,0.0,324.1
17:37:45.824 > 48555,4,0.000,1.000,211994,155698,0.0,324.1
17:37:45.835 > 48566,4,0.000,1.000,211994,155950,-0.3,333.7
17:37:45.846 > 48577,4,0.000,1.000,211993,156197,-0.3,333.7
17:37:45.857 > 48588,4,0.000,1.000,211994,156440,-0.3,333.7
17:37:45.868 > 48599,4,0.000,1.000,211994,156688,-0.3,333.7
17:37:45.879 > 48610,4,0.000,1.000,211994,156933,-0.3,333.7
17:37:45.890 > 48621,4,0.000,1.000,211995,157178,0.3,327.1
17:37:45.901 > 48632,4,0.000,1.000,211995,157421,0.3,327.1
17:37:45.912 > 48643,4,0.000,1.000,211995,157655,0.3,327.1
17:37:45.923 > 48654,4,0.000,1.000,211995,157907,0.3,327.1
17:37:45.934 > 48665,4,0.000,1.000,211995,158156,0.3,327.1
17:37:45.945 > 48676,4,0.000,1.000,211995,158406,0.0,327.1
17:37:45.956 > 48687,4,0.000,1.000,211995,158660,0.0,327.1
17:37:45.967 > 48698,4,0.000,1.000,211994,158914,0.0,327.1
17:37:45.978 > 48709,4,0.000,1.000,211994,159164,0.0,327.1
17:37:45.989 > 48720,4,0.000,1.000,211994,159396,0.0,327.1
17:37:46.000 > 48731,4,0.000,1.000,211994,159656,-0.3,332.9
17:37:46.011 > 48742,4,0.000,1.000,211993,159921,-0.3,332.9
17:37:46.022 > 48753,4,0.000,1.000,211993,160175,-0.3,332.9
17:37:46.033 > 48764,4,0.000,1.000,211994,160406,-0.3,332.9
17:37:46.044 > 48775,4,0.000,1.000,211994,160633,-0.3,332.9
17:37:46.059 > 48786,4,0.000,1.000,211994,160864,0.0,321.7
17:37:46.078 > 48797,4,0.000,1.000,211994,161095,0.0,321.7
17:37:46.079 > 48808,4,0.000,1.000,211994,161351,0.0,321.7
17:37:46.088 > 48819,4,0.000,1.000,211995,161616,0.0,321.7
17:37:46.099 > 48830,4,0.000,1.000,211995,161865,0.0,321.7
17:37:46.110 > 48841,4,0.000,1.000,211995,162112,0.3,332.4
17:37:46.121 > 48852,4,0.000,1.000,211995,162349,0.3,332.4
17:37:46.132 > 48863,4,0.000,1.000,211995,162579,0.3,332.4
17:37:46.143 > 48874,4,0.000,1.000,211995,162814,0.3,332.4
17:37:46.154 > 48885,4,0.000,1.000,211994,163057,0.3,332.4
17:37:46.165 > 48896,4,0.000,1.000,211994,163331,-0.3,324.7
17:37:46.176 > 48907,4,0.000,1.000,211994,163607,-0.3,324.7
17:37:46.187 > 48918,4,0.000,1.000,211994,163867,-0.3,324.7
17:37:46.198 > 48929,4,0.000,1.000,211993,164108,-0.3,324.7
17:37:46.209 > 48940,4,0.000,1.000,211994,164339,-0.3,324.7
17:37:46.220 > 48951,4,0.000,1.000,211993,164565,-0.3,328.7
17:37:46.231 > 48962,4,0.000,1.000,211994,164789,-0.3,328.7
17:37:46.242 > 48973,4,0.000,1.000,211994,165023,-0.3,328.7
17:37:46.253 > 48984,4,0.000,1.000,211994,165298,-0.3,328.7
17:37:46.264 > 48995,4,0.000,1.000,211995,165581,-0.3,328.7
17:37:46.275 > 49006,4,0.000,1.000,211995,165825,0.5,335.6
17:37:46.286 > 49017,4,0.000,1.000,211995,166040,0.5,335.6
17:37:46.297 > 49028,4,0.000,1.000,211995,166256,0.5,335.6
17:37:46.308 > 49039,4,0.000,1.000,211995,166496,0.5,335.6
17:37:46.319 > 49050,4,0.000,1.000,211995,166753,0.5,335.6
17:37:46.330 > 49061,4,0.000,1.000,211995,167017,0.0,317.5
17:37:46.341 > 49072,4,0.000,1.000,211995,167280,0.0,317.5
17:37:46.352 > 49083,4,0.000,1.000,211994,167530,0.0,317.5
17:37:46.363 > 49094,4,0.000,1.000,211994,167765,0.0,317.5
17:37:46.374 > 49105,4,0.000,1.000,211994,168010,0.0,317.5
17:37:46.385 > 49116,4,0.000,1.000,211993,168256,-0.5,330.0
17:37:46.396 > 49127,4,0.000,1.000,211993,168493,-0.5,330.0
17:37:46.407 > 49138,4,0.000,1.000,211994,168732,-0.5,330.0
17:37:46.418 > 49149,4,0.000,1.000,211994,168970,-0.5,330.0
17:37:46.429 > 49160,4,0.000,1.000,211994,169211,-0.5,330.0
17:37:46.440 > 49171,4,0.000,1.000,211994,169467,0.3,322.5
17:37:46.451 > 49182,4,0.000,1.000,211995,169720,0.3,322.5
17:37:46.462 > 49193,4,0.000,1.000,211995,169964,0.3,322.5
17:37:46.473 > 49204,4,0.000,1.000,211995,170199,0.3,322.5
17:37:46.484 > 49215,4,0.000,1.000,211995,170433,0.3,322.5
17:37:46.495 > 49226,4,0.000,1.000,211995,170662,0.3,318.3
17:37:46.506 > 49237,4,0.000,1.000,211995,170907,0.3,318.3
17:37:46.517 > 49248,4,0.000,1.000,211995,171190,0.3,318.3
17:37:46.528 > 49259,4,0.000,1.000,211994,171464,0.3,318.3
17:37:46.539 > 49270,4,0.000,1.000,211994,171723,0.3,318.3
17:37:46.550 > 49281,4,0.000,1.000,211994,171970,-0.3,348.4
17:37:46.561 > 49292,4,0.000,1.000,211993,172197,-0.3,348.4
17:37:46.572 > 49303,4,0.000,1.000,211993,172417,-0.3,348.4
17:37:46.583 > 49314,4,0.000,1.000,211994,172632,-0.3,348.4
17:37:46.594 > 49325,4,0.000,1.000,211994,172892,-0.3,348.4
17:37:46.605 > 49336,4,0.000,1.000,211994,173172,0.0,320.1
17:37:46.616 > 49347,4,0.000,1.000,211994,173427,0.0,320.1
17:37:46.627 > 49358,4,0.000,1.000,211995,173664,0.0,320.1
17:37:46.638 > 49369,4,0.000,1.000,211994,173893,0.0,320.1
17:37:46.649 > 49380,4,0.000,1.000,211995,174117,0.0,320.1
17:37:46.660 > 49391,4,0.000,1.000,211995,174355,0.3,315.1
17:37:46.671 > 49402,4,0.000,1.000,211995,174593,0.3,315.1
17:37:46.682 > 49413,4,0.000,1.000,211995,174831,0.3,315.1
17:37:46.693 > 49424,4,0.000,1.000,211995,175075,0.3,315.1
17:37:46.704 > 49435,4,0.000,1.000,211995,175341,0.3,315.1
17:37:46.715 > 49446,4,0.000,1.000,211994,175601,-0.3,331.9
17:37:46.726 > 49457,4,0.000,1.000,211994,175851,-0.3,331.9
17:37:46.737 > 49468,4,0.000,1.000,211994,176092,-0.3,331.9
17:37:46.748 > 49479,4,0.000,1.000,211994,176333,-0.3,331.9
17:37:46.759 > 49490,4,0.000,1.000,211994,176563,-0.3,331.9
17:37:46.770 > 49501,4,0.000,1.000,211993,176794,-0.3,317.7
17:37:46.781 > 49512,4,0.000,1.000,211994,177043,-0.3,317.7
17:37:46.792 > 49523,4,0.000,1.000,211994,177298,-0.3,317.7
17:37:46.803 > 49534,4,0.000,1.000,211994,177551,-0.3,317.7
17:37:46.814 > 49545,4,0.000,1.000,211995,177802,-0.3,317.7
17:37:46.825 > 49556,4,0.000,1.000,211995,178047,0.5,333.7
17:37:46.836 > 49567,4,0.000,1.000,211995,178279,0.5,333.7
17:37:46.847 > 49578,4,0.000,1.000,211995,178510,0.5,333.7
17:37:46.858 > 49589,4,0.000,1.000,211995,178736,0.5,333.7
17:37:46.869 > 49600,4,0.000,1.000,211995,178973,0.5,333.7
17:37:46.880 > 49611,4,0.000,1.000,211995,179236,0.0,316.7
17:37:46.891 > 49622,4,0.000,1.000,211995,179502,0.0,316.7
17:37:46.902 > 49633,4,0.000,1.000,211994,179757,0.0,316.7
17:37:46.913 > 49644,4,0.000,1.000,211994,179999,0.0,316.7
17:37:46.924 > 49655,4,0.000,1.000,211994,180234,0.0,316.7
17:37:46.935 > 49666,4,0.000,1.000,211994,180471,-0.3,328.9
17:37:46.946 > 49677,4,0.000,1.000,211993,180722,-0.3,328.9
17:37:46.957 > 49688,4,0.000,1.000,211994,180970,-0.3,328.9
17:37:46.968 > 49699,4,0.000,1.000,211994,181220,-0.3,328.9
17:37:46.979 > 49710,4,0.000,1.000,211994,181471,-0.3,328.9
17:37:46.990 > 49721,4,0.000,1.000,211994,181720,0.0,332.7
17:37:47.001 > 49732,4,0.000,1.000,211995,181963,0.0,332.7
17:37:47.012 > 49743,4,0.000,1.000,211995,182199,0.0,332.7
17:37:47.038 > 49754,4,0.000,1.000,211995,182424,0.0,332.7
17:37:47.040 > 49765,4,0.000,1.000,211995,182647,0.0,332.7
17:37:47.058 > 49776,4,0.000,1.000,211995,182877,0.3,308.1
17:37:47.058 > 49787,4,0.000,1.000,211995,183137,0.3,308.1
17:37:47.067 > 49798,4,0.000,1.000,211995,183402,0.3,308.1
17:37:47.078 > 49809,4,0.000,1.000,211994,183664,0.3,308.1
17:37:47.089 > 49820,4,0.000,1.000,211994,183914,0.3,308.1
17:37:47.100 > 49831,4,0.000,1.000,211994,184150,-0.3,339.0
17:37:47.111 > 49842,4,0.000,1.000,211994,184386,-0.3,339.0
17:37:47.122 > 49853,4,0.000,1.000,211993,184641,-0.3,339.0
17:37:47.133 > 49864,4,0.000,1.000,211994,184890,-0.3,339.0
17:37:47.144 > 49875,4,0.000,1.000,211994,185140,-0.3,339.0
17:37:47.155 > 49886,4,0.000,1.000,211994,185383,0.0,328.4
17:37:47.166 > 49897,4,0.000,1.000,211994,185618,0.0,328.4
17:37:47.177 > 49908,4,0.000,1.000,211995,185855,0.0,328.4
17:37:47.188 > 49919,4,0.000,1.000,211995,186086,0.0,328.4
17:37:47.199 > 49930,4,0.000,1.000,211995,186332,0.0,328.4
17:37:47.210 > 49941,4,0.000,1.000,211995,186592,0.3,322.0
17:37:47.221 > 49952,4,0.000,1.000,211995,186844,0.3,322.0
17:37:47.232 > 49963,4,0.000,1.000,211995,187070,0.3,322.0
17:37:47.243 > 49974,4,0.000,1.000,211995,187301,0.3,322.0
17:37:47.254 > 49985,4,0.000,1.000,211995,187538,0.3,322.0
17:37:47.265 > 49996,4,0.000,1.000,211994,187805,-0.3,323.1
17:37:47.276 > 50007,4,0.000,1.000,211994,188062,-0.3,323.1
17:37:47.287 > 50018,4,0.000,1.000,211994,188305,-0.3,323.1
17:37:47.298 > 50029,4,0.000,1.000,211994,188554,-0.3,323.1
17:37:47.309 > 50040,4,0.000,1.000,211994,188793,-0.3,323.1
17:37:47.320 > 50051,4,0.000,1.000,211994,189029,0.0,326.0
17:37:47.331 > 50062,4,0.000,1.000,211994,189263,0.0,326.0
17:37:47.342 > 50073,4,0.000,1.000,211994,189507,0.0,326.0
17:37:47.353 > 50084,4,0.000,1.000,211994,189760,0.0,326.0
17:37:47.364 > 50095,4,0.000,1.000,211994,190010,0.0,326.0
17:37:47.375 > 50106,4,0.000,1.000,211995,190254,0.3,326.3
17:37:47.386 > 50117,4,0.000,1.000,211995,190494,0.3,326.3
17:37:47.397 > 50128,4,0.000,1.000,211995,190732,0.3,326.3
17:37:47.408 > 50139,4,0.000,1.000,211995,190970,0.3,326.3
17:37:47.419 > 50150,4,0.000,1.000,211995,191208,0.3,326.3
17:37:47.430 > 50161,4,0.000,1.000,211995,191456,0.0,320.1
17:37:47.441 > 50172,4,0.000,1.000,211994,191716,0.0,320.1
17:37:47.452 > 50183,4,0.000,1.000,211994,191966,0.0,320.1
17:37:47.463 > 50194,4,0.000,1.000,211994,192230,0.0,320.1
17:37:47.474 > 50205,4,0.000,1.000,211994,192481,0.0,320.1
17:37:47.485 > 50216,4,0.000,1.000,211993,192718,-0.5,336.1
17:37:47.496 > 50227,4,0.000,1.000,211993,192949,-0.5,336.1
17:37:47.507 > 50238,4,0.000,1.000,211993,193181,-0.5,336.1
17:37:47.518 > 50249,4,0.000,1.000,211994,193424,-0.5,336.1
17:37:47.529 > 50260,4,0.000,1.000,211994,193673,-0.5,336.1
17:37:47.540 > 50271,4,0.000,1.000,211994,193924,0.3,321.2
17:37:47.551 > 50282,4,0.000,1.000,211995,194174,0.3,321.2
17:37:47.562 > 50293,4,0.000,1.000,211995,194417,0.3,321.2
17:37:47.573 > 50304,4,0.000,1.000,211995,194657,0.3,321.2
17:37:47.584 > 50315,4,0.000,1.000,211995,194895,0.3,321.2
17:37:47.595 > 50326,4,0.000,1.000,211995,195129,0.3,320.9
17:37:47.606 > 50337,4,0.000,1.000,211995,195365,0.3,320.9
17:37:47.617 > 50348,4,0.000,1.000,211995,195607,0.3,320.9
17:37:47.628 > 50359,4,0.000,1.000,211995,195883,0.3,320.9
17:37:47.639 > 50370,4,0.000,1.000,211994,196148,0.3,320.9
17:37:47.650 > 50381,4,0.000,1.000,211994,196408,-0.3,340.6
17:37:47.661 > 50392,4,0.000,1.000,211994,196644,-0.3,340.6
17:37:47.672 > 50403,4,0.000,1.000,211993,196872,-0.3,340.6
17:37:47.683 > 50414,4,0.000,1.000,211994,197100,-0.3,340.6
17:37:47.694 > 50425,4,0.000,1.000,211993,197344,-0.3,340.6
17:37:47.705 > 50436,4,0.000,1.000,211994,197586,0.0,313.7
17:37:47.716 > 50447,4,0.000,1.000,211994,197829,0.0,313.7
17:37:47.727 > 50458,4,0.000,1.000,211994,198079,0.0,313.7
17:37:47.738 > 50469,4,0.000,1.000,211995,198333,0.0,313.7
17:37:47.749 > 50480,4,0.000,1.000,211995,198576,0.0,313.7
17:37:47.760 > 50491,4,0.000,1.000,211995,198814,0.3,327.1
17:37:47.771 > 50502,4,0.000,1.000,211995,199046,0.3,327.1
17:37:47.782 > 50513,4,0.000,1.000,211995,199276,0.3,327.1
17:37:47.793 > 50524,4,0.000,1.000,211995,199514,0.3,327.1
17:37:47.804 > 50535,4,0.000,1.000,211995,199784,0.3,327.1
17:37:47.815 > 50546,4,0.000,1.000,211995,200059,0.0,331.6
17:37:47.826 > 50557,4,0.000,1.000,211994,200319,0.0,331.6
17:37:47.837 > 50568,4,0.000,1.000,211994,200564,0.0,331.6
17:37:47.848 > 50579,4,0.000,1.000,211994,200792,0.0,331.6
17:37:47.859 > 50590,4,0.000,1.000,211994,201019,0.0,331.6
17:37:47.870 > 50601,4,0.000,1.000,211994,201255,-0.3,318.5
17:37:47.881 > 50612,4,0.000,1.000,211994,201493,-0.3,318.5
17:37:47.892 > 50623,4,0.000,1.000,211994,201743,-0.3,318.5
17:37:47.903 > 50634,4,0.000,1.000,211994,201999,-0.3,318.5
17:37:47.914 > 50645,4,0.000,1.000,211995,202258,-0.3,318.5
17:37:47.925 > 50656,4,0.000,1.000,211995,202509,0.3,334.0
17:37:47.936 > 50667,4,0.000,1.000,211995,202749,0.3,334.0
17:37:47.947 > 50678,4,0.000,1.000,211995,202985,0.3,334.0
17:37:47.958 > 50689,4,0.000,1.000,211995,203216,0.3,334.0
17:37:47.969 > 50700,4,0.000,1.000,211995,203441,0.3,334.0
17:37:47.980 > 50711,4,0.000,1.000,211995,203679,0.0,311.6
17:37:47.991 > 50722,4,0.000,1.000,211995,203946,0.0,311.6
17:37:48.002 > 50733,4,0.000,1.000,211994,204208,0.0,311.6
17:37:48.013 > 50744,4,0.000,1.000,211994,204459,0.0,311.6
17:37:48.024 > 50755,4,0.000,1.000,211994,204701,0.0,311.6
17:37:48.035 > 50766,4,0.000,1.000,211993,204945,-0.5,337.2
17:37:48.062 > 50777,4,0.000,1.000,211994,205177,-0.5,337.2
17:37:48.062 > 50788,4,0.000,1.000,211993,205404,-0.5,337.2
17:37:48.081 > 50799,4,0.000,1.000,211994,205652,-0.5,337.2
17:37:48.082 > 50810,4,0.000,1.000,211994,205909,-0.5,337.2
17:37:48.090 > 50821,4,0.000,1.000,211994,206167,0.3,325.5
17:37:48.101 > 50832,4,0.000,1.000,211995,206427,0.3,325.5
17:37:48.112 > 50843,4,0.000,1.000,211995,206675,0.3,325.5
17:37:48.123 > 50854,4,0.000,1.000,211995,206911,0.3,325.5
17:37:48.134 > 50865,4,0.000,1.000,211995,207137,0.3,325.5
17:37:48.145 > 50876,4,0.000,1.000,211995,207359,0.3,317.5
17:37:48.156 > 50887,4,0.000,1.000,211995,207580,0.3,317.5
17:37:48.167 > 50898,4,0.000,1.000,211995,207837,0.3,317.5
17:37:48.178 > 50909,4,0.000,1.000,211994,208118,0.3,317.5
17:37:48.189 > 50920,4,0.000,1.000,211994,208386,0.3,317.5
17:37:48.200 > 50931,4,0.000,1.000,211994,208640,-0.3,341.2
17:37:48.211 > 50942,4,0.000,1.000,211994,208876,-0.3,341.2
17:37:48.222 > 50953,4,0.000,1.000,211993,209098,-0.3,341.2
17:37:48.233 > 50964,4,0.000,1.000,211993,209312,-0.3,341.2
17:37:48.244 > 50975,4,0.000,1.000,211994,209555,-0.3,341.2
17:37:48.255 > 50986,4,0.000,1.000,211994,209803,0.0,309.7
17:37:48.266 > 50997,4,0.000,1.000,211994,210053,0.0,309.7
17:37:48.277 > 51008,5,0.600,0.600,211994,210307,0.0,309.7
17:37:48.288 > 51019,5,0.600,0.600,211995,210556,0.0,309.7
17:37:48.299 > 51030,5,0.600,0.600,211995,210799,0.0,309.7
17:37:48.310 > 51041,5,0.600,0.600,212009,211029,4.0,326.5
17:37:48.321 > 51052,5,0.600,0.600,212032,211255,4.0,326.5
17:37:48.332 > 51063,5,0.600,0.600,212065,211467,4.0,326.5
17:37:48.343 > 51074,5,0.600,0.600,212106,211671,4.0,326.5
17:37:48.354 > 51085,5,0.600,0.600,212151,211876,4.0,326.5
17:37:48.365 > 51096,5,0.600,0.600,212202,212084,51.4,281.0
17:37:48.376 > 51107,5,0.600,0.600,212268,212317,51.4,281.0
17:37:48.387 > 51118,5,0.600,0.600,212321,212535,51.4,281.0
17:37:48.398 > 51129,5,0.600,0.600,212383,212749,51.4,281.0
17:37:48.409 > 51140,5,0.600,0.600,212460,212943,51.4,281.0
17:37:48.420 > 51151,5,0.600,0.600,212521,213128,85.0,278.1
17:37:48.431 > 51162,5,0.600,0.600,212590,213321,85.0,278.1
17:37:48.442 > 51173,5,0.600,0.600,212662,213515,85.0,278.1
17:37:48.453 > 51184,5,0.600,0.600,212748,213702,85.0,278.1
17:37:48.464 > 51195,5,0.600,0.600,212821,213890,85.0,278.1
17:37:48.475 > 51206,5,0.600,0.600,212895,214079,99.6,253.3
17:37:48.486 > 51217,5,0.600,0.600,212977,214264,99.6,253.3
17:37:48.497 > 51228,5,0.600,0.600,213062,214448,99.6,253.3
17:37:48.508 > 51239,5,0.600,0.600,213144,214631,99.6,253.3
17:37:48.519 > 51250,5,0.600,0.600,213231,214807,99.6,253.3
17:37:48.530 > 51261,5,0.600,0.600,213318,214978,112.7,239.4
17:37:48.541 > 51272,5,0.600,0.600,213409,215142,112.7,239.4
17:37:48.552 > 51283,5,0.600,0.600,213504,215303,112.7,239.4
17:37:48.563 > 51294,5,0.600,0.600,213596,215458,112.7,239.4
17:37:48.574 > 51305,5,0.600,0.600,213690,215610,112.7,239.4
17:37:48.585 > 51316,5,0.600,0.600,213787,215778,124.9,213.1
17:37:48.596 > 51327,5,0.600,0.600,213882,215955,124.9,213.1
17:37:48.607 > 51338,5,0.600,0.600,213903,216133,124.9,213.1
17:37:48.618 > 51349,5,0.600,0.600,213904,216307,124.9,213.1
17:37:48.629 > 51360,5,0.600,0.600,213977,216471,124.9,213.1
17:37:48.640 > 51371,5,0.600,0.600,214081,216627,78.3,226.1
17:37:48.651 > 51382,5,0.600,0.600,214187,216770,78.3,226.1
17:37:48.662 > 51393,5,0.600,0.600,214291,216931,78.3,226.1
17:37:48.673 > 51404,5,0.600,0.600,214400,217097,78.3,226.1
17:37:48.684 > 51415,5,0.600,0.600,214510,217255,78.3,226.1
17:37:48.695 > 51426,5,0.600,0.600,214618,217403,143.0,206.7
17:37:48.706 > 51437,5,0.600,0.600,214726,217546,143.0,206.7
17:37:48.717 > 51448,5,0.600,0.600,214832,217682,143.0,206.7
17:37:48.728 > 51459,5,0.600,0.600,214941,217813,143.0,206.7
17:37:48.739 > 51470,5,0.600,0.600,215053,217944,143.0,206.7
17:37:48.750 > 51481,5,0.600,0.600,215165,218088,145.7,182.4
17:37:48.761 > 51492,5,0.600,0.600,215280,218243,145.7,182.4
17:37:48.772 > 51503,5,0.600,0.600,215392,218394,145.7,182.4
17:37:48.783 > 51514,5,0.600,0.600,215507,218542,145.7,182.4
17:37:48.794 > 51525,5,0.600,0.600,215623,218687,145.7,182.4
17:37:48.805 > 51536,5,0.600,0.600,215740,218829,153.1,197.4
17:37:48.816 > 51547,5,0.600,0.600,215853,218964,153.1,197.4
17:37:48.827 > 51558,5,0.600,0.600,215967,219094,153.1,197.4
17:37:48.838 > 51569,5,0.600,0.600,216084,219224,153.1,197.4
17:37:48.849 > 51580,5,0.600,0.600,216198,219358,153.1,197.4
17:37:48.860 > 51591,5,0.600,0.600,216314,219489,152.9,175.8
17:37:48.871 > 51602,5,0.600,0.600,216432,219620,152.9,175.8
17:37:48.882 > 51613,5,0.600,0.600,216544,219752,152.9,175.8
17:37:48.893 > 51624,5,0.600,0.600,216660,219888,152.9,175.8
17:37:48.904 > 51635,5,0.600,0.600,216773,220028,152.9,175.8
17:37:48.915 > 51646,5,0.600,0.600,216889,220170,153.1,181.4
17:37:48.926 > 51657,5,0.600,0.600,216999,220307,153.1,181.4
17:37:48.937 > 51668,5,0.600,0.600,217112,220436,153.1,181.4
17:37:48.948 > 51679,5,0.600,0.600,217223,220583,153.1,181.4
17:37:48.959 > 51690,5,0.600,0.600,217333,220731,153.1,181.4
17:37:48.970 > 51701,5,0.600,0.600,217445,220873,148.1,187.2
17:37:48.981 > 51712,5,0.600,0.600,217561,221003,148.1,187.2
17:37:48.992 > 51723,5,0.600,0.600,217674,221124,148.1,187.2
17:37:49.003 > 51734,5,0.600,0.600,217785,221254,148.1,187.2
17:37:49.014 > 51745,5,0.600,0.600,217895,221382,148.1,187.2
17:37:49.036 > 51756,5,0.600,0.600,217999,221502,147.5,167.5
17:37:49.036 > 51767,5,0.600,0.600,218000,221619,147.5,167.5
17:37:49.053 > 51778,5,0.600,0.600,218035,221744,147.5,167.5
17:37:49.058 > 51789,5,0.600,0.600,218146,221866,147.5,167.5
17:37:49.069 > 51800,5,0.600,0.600,218266,221991,147.5,167.5
17:37:49.080 > 51811,5,0.600,0.600,218384,222116,102.5,163.5
17:37:49.091 > 51822,5,0.600,0.600,218501,222240,102.5,163.5
17:37:49.102 > 51833,5,0.600,0.600,218616,222363,102.5,163.5
17:37:49.113 > 51844,5,0.600,0.600,218729,222496,102.5,163.5
17:37:49.124 > 51855,5,0.600,0.600,218843,222632,102.5,163.5
17:37:49.135 > 51866,5,0.600,0.600,218961,222766,153.7,173.1
17:37:49.146 > 51877,5,0.600,0.600,219077,222895,153.7,173.1
17:37:49.157 > 51888,5,0.600,0.600,219195,223020,153.7,173.1
17:37:49.168 > 51899,5,0.600,0.600,219313,223139,153.7,173.1
17:37:49.179 > 51910,5,0.600,0.600,219435,223254,153.7,173.1
17:37:49.190 > 51921,5,0.600,0.600,219552,223373,157.4,161.7
17:37:49.201 > 51932,5,0.600,0.600,219669,223499,157.4,161.7
17:37:49.212 > 51943,5,0.600,0.600,219787,223618,157.4,161.7
17:37:49.223 > 51954,5,0.600,0.600,219908,223732,157.4,161.7
17:37:49.234 > 51965,5,0.600,0.600,220026,223844,157.4,161.7
17:37:49.245 > 51976,5,0.600,0.600,220143,223968,157.4,158.5
17:37:49.256 > 51987,5,0.600,0.600,220262,224095,157.4,158.5
17:37:49.267 > 51998,5,0.600,0.600,220378,224219,157.4,158.5
17:37:49.278 > 52009,5,0.600,0.600,220497,224342,157.4,158.5
17:37:49.289 > 52020,5,0.600,0.600,220611,224481,157.4,158.5
17:37:49.300 > 52031,5,0.600,0.600,220726,224613,155.3,171.8
17:37:49.311 > 52042,5,0.600,0.600,220842,224740,155.3,171.8
17:37:49.322 > 52053,5,0.600,0.600,220961,224860,155.3,171.8
17:37:49.333 > 52064,5,0.600,0.600,221074,224992,155.3,171.8
17:37:49.344 > 52075,5,0.600,0.600,221186,225118,155.3,171.8
17:37:49.355 > 52086,5,0.600,0.600,221301,225235,153.1,165.7
17:37:49.366 > 52097,5,0.600,0.600,221413,225353,153.1,165.7
17:37:49.377 > 52108,5,0.600,0.600,221524,225472,153.1,165.7
17:37:49.388 > 52119,5,0.600,0.600,221639,225584,153.1,165.7
17:37:49.399 > 52130,5,0.600,0.600,221748,225699,153.1,165.7
17:37:49.410 > 52141,5,0.600,0.600,221860,225811,148.9,153.4
17:37:49.421 > 52152,5,0.600,0.600,221975,225922,148.9,153.4
17:37:49.432 > 52163,5,0.600,0.600,222087,226037,148.9,153.4
17:37:49.443 > 52174,5,0.600,0.600,222095,226157,148.9,153.4
17:37:49.454 > 52185,5,0.600,0.600,222109,226277,148.9,153.4
17:37:49.465 > 52196,5,0.600,0.600,222222,226401,96.4,157.1
17:37:49.476 > 52207,5,0.600,0.600,222341,226523,96.4,157.1
17:37:49.487 > 52218,5,0.600,0.600,222461,226648,96.4,157.1
17:37:49.498 > 52229,5,0.600,0.600,222578,226770,96.4,157.1
17:37:49.509 > 52240,5,0.600,0.600,222693,226889,96.4,157.1
17:37:49.520 > 52251,5,0.600,0.600,222807,227011,155.8,162.5
17:37:49.531 > 52262,5,0.600,0.600,222917,227131,155.8,162.5
17:37:49.542 > 52273,5,0.600,0.600,223034,227251,155.8,162.5
17:37:49.553 > 52284,5,0.600,0.600,223151,227367,155.8,162.5
17:37:49.564 > 52295,5,0.600,0.600,223269,227480,155.8,162.5
17:37:49.575 > 52306,5,0.600,0.600,223386,227594,154.2,155.3
17:37:49.586 > 52317,5,0.600,0.600,223509,227707,154.2,155.3
17:37:49.597 > 52328,5,0.600,0.600,223629,227818,154.2,155.3
17:37:49.608 > 52339,5,0.600,0.600,223741,227925,154.2,155.3
17:37:49.619 > 52350,5,0.600,0.600,223859,228039,154.2,155.3
17:37:49.630 > 52361,5,0.600,0.600,223977,228163,157.4,151.5
17:37:49.641 > 52372,5,0.600,0.600,224093,228295,157.4,151.5
17:37:49.652 > 52383,5,0.600,0.600,224211,228422,157.4,151.5
17:37:49.663 > 52394,5,0.600,0.600,224327,228544,157.4,151.5
17:37:49.674 > 52405,5,0.600,0.600,224446,228665,157.4,151.5
17:37:49.685 > 52416,5,0.600,0.600,224562,228797,155.8,168.9
17:37:49.696 > 52427,5,0.600,0.600,224680,228923,155.8,168.9
17:37:49.707 > 52438,5,0.600,0.600,224792,229043,155.8,168.9
17:37:49.718 > 52449,5,0.600,0.600,224915,229159,155.8,168.9
17:37:49.729 > 52460,5,0.600,0.600,225026,229280,155.8,168.9
17:37:49.740 > 52471,5,0.600,0.600,225143,229392,154.7,158.5
17:37:49.751 > 52482,5,0.600,0.600,225261,229510,154.7,158.5
17:37:49.762 > 52493,5,0.600,0.600,225368,229622,154.7,158.5
17:37:49.773 > 52504,5,0.600,0.600,225477,229729,154.7,158.5
17:37:49.784 > 52515,5,0.600,0.600,225589,229836,154.7,158.5
17:37:49.795 > 52526,5,0.600,0.600,225702,229953,148.9,149.4
17:37:49.806 > 52537,5,0.600,0.600,225817,230064,148.9,149.4
17:37:49.817 > 52548,5,0.600,0.600,225929,230174,148.9,149.4
17:37:49.828 > 52559,5,0.600,0.600,226036,230297,148.9,149.4
17:37:49.839 > 52570,5,0.600,0.600,226144,230419,148.9,149.4
17:37:49.850 > 52581,5,0.600,0.600,226191,230538,130.2,155.8
17:37:49.861 > 52592,5,0.600,0.600,226192,230655,130.2,155.8
17:37:49.872 > 52603,5,0.600,0.600,226283,230768,130.2,155.8
17:37:49.883 > 52614,5,0.600,0.600,226393,230888,130.2,155.8
17:37:49.894 > 52625,5,0.600,0.600,226509,231013,130.2,155.8
17:37:49.905 > 52636,5,0.600,0.600,226629,231133,116.7,158.5
17:37:49.916 > 52647,5,0.600,0.600,226745,231249,116.7,158.5
17:37:49.927 > 52658,5,0.600,0.600,226861,231360,116.7,158.5
17:37:49.938 > 52669,5,0.600,0.600,226973,231470,116.7,158.5
17:37:49.949 > 52680,5,0.600,0.600,227087,231579,116.7,158.5
17:37:49.960 > 52691,5,0.600,0.600,227205,231688,153.4,147.8
17:37:49.971 > 52702,5,0.600,0.600,227324,231795,153.4,147.8
17:37:49.982 > 52713,5,0.600,0.600,227441,231904,153.4,147.8
17:37:49.993 > 52724,5,0.600,0.600,227555,232023,153.4,147.8
17:37:50.004 > 52735,5,0.600,0.600,227675,232146,153.4,147.8
17:37:50.015 > 52746,5,0.600,0.600,227794,232263,156.9,153.1
17:37:50.026 > 52757,5,0.600,0.600,227908,232379,156.9,153.1
17:37:50.037 > 52768,5,0.600,0.600,228020,232497,156.9,153.1
17:37:50.067 > 52779,5,0.600,0.600,228140,232624,156.9,153.1
17:37:50.067 > 52790,5,0.600,0.600,228255,232748,156.9,153.1
17:37:50.085 > 52801,5,0.600,0.600,228368,232868,152.9,161.1
17:37:50.085 > 52812,5,0.600,0.600,228484,232994,152.9,161.1
17:37:50.092 > 52823,5,0.600,0.600,228600,233117,152.9,161.1
17:37:50.103 > 52834,5,0.600,0.600,228719,233233,152.9,161.1
17:37:50.114 > 52845,5,0.600,0.600,228835,233347,152.9,161.1
17:37:50.125 > 52856,5,0.600,0.600,228951,233461,155.3,157.9
17:37:50.136 > 52867,5,0.600,0.600,229065,233570,155.3,157.9
17:37:50.147 > 52878,5,0.600,0.600,229177,233676,155.3,157.9
17:37:50.158 > 52889,5,0.600,0.600,229291,233783,155.3,157.9
17:37:50.169 > 52900,5,0.600,0.600,229400,233892,155.3,157.9
17:37:50.180 > 52911,5,0.600,0.600,229512,234013,149.4,147.0
17:37:50.191 > 52922,5,0.600,0.600,229622,234134,149.4,147.0
17:37:50.202 > 52933,5,0.600,0.600,229729,234251,149.4,147.0
17:37:50.213 > 52944,5,0.600,0.600,229844,234366,149.4,147.0
17:37:50.224 > 52955,5,0.600,0.600,229955,234478,149.4,147.0
17:37:50.235 > 52966,5,0.600,0.600,230063,234587,146.8,152.9
17:37:50.246 > 52977,5,0.600,0.600,230169,234694,146.8,152.9
17:37:50.257 > 52988,5,0.600,0.600,230276,234806,146.8,152.9
17:37:50.268 > 52999,5,0.600,0.600,230287,234928,146.8,152.9
17:37:50.279 > 53010,5,0.600,0.600,230297,235049,146.8,152.9
17:37:50.290 > 53021,5,0.600,0.600,230408,235166,91.9,154.2
17:37:50.301 > 53032,5,0.600,0.600,230522,235279,91.9,154.2
17:37:50.312 > 53043,5,0.600,0.600,230637,235389,91.9,154.2
17:37:50.323 > 53054,5,0.600,0.600,230752,235494,91.9,154.2
17:37:50.334 > 53065,5,0.600,0.600,230867,235599,91.9,154.2
17:37:50.345 > 53076,5,0.600,0.600,230982,235708,152.9,144.4
17:37:50.356 > 53087,5,0.600,0.600,231093,235814,152.9,144.4
17:37:50.367 > 53098,5,0.600,0.600,231204,235927,152.9,144.4
17:37:50.378 > 53109,5,0.600,0.600,231319,236038,152.9,144.4
17:37:50.389 > 53120,5,0.600,0.600,231437,236148,152.9,144.4
17:37:50.400 > 53131,5,0.600,0.600,231553,236259,152.1,146.8
17:37:50.411 > 53142,5,0.600,0.600,231667,236377,152.1,146.8
17:37:50.422 > 53153,5,0.600,0.600,231777,236499,152.1,146.8
17:37:50.433 > 53164,5,0.600,0.600,231891,236619,152.1,146.8
17:37:50.444 > 53175,5,0.600,0.600,232009,236731,152.1,146.8
17:37:50.455 > 53186,5,0.600,0.600,232120,236848,151.0,156.9
17:37:50.466 > 53197,5,0.600,0.600,232230,236968,151.0,156.9
17:37:50.477 > 53208,5,0.600,0.600,232348,237087,151.0,156.9
17:37:50.488 > 53219,5,0.600,0.600,232460,237204,151.0,156.9
17:37:50.499 > 53230,5,0.600,0.600,232571,237321,151.0,156.9
17:37:50.510 > 53241,5,0.600,0.600,232686,237429,150.7,154.7
17:37:50.521 > 53252,5,0.600,0.600,232801,237536,150.7,154.7
17:37:50.532 > 53263,5,0.600,0.600,232915,237645,150.7,154.7
17:37:50.543 > 53274,5,0.600,0.600,233027,237750,150.7,154.7
17:37:50.554 > 53285,5,0.600,0.600,233140,237863,150.7,154.7
17:37:50.565 > 53296,5,0.600,0.600,233248,237970,149.7,144.1
17:37:50.576 > 53307,5,0.600,0.600,233363,238073,149.7,144.1
17:37:50.587 > 53318,5,0.600,0.600,233474,238180,149.7,144.1
17:37:50.598 > 53329,5,0.600,0.600,233576,238289,149.7,144.1
17:37:50.609 > 53340,5,0.600,0.600,233686,238400,149.7,144.1
17:37:50.620 > 53351,5,0.600,0.600,233788,238512,143.8,144.4
17:37:50.631 > 53362,5,0.600,0.600,233894,238623,143.8,144.4
17:37:50.642 > 53373,5,0.600,0.600,234003,238736,143.8,144.4
17:37:50.653 > 53384,5,0.600,0.600,234112,238848,143.8,144.4
17:37:50.664 > 53395,5,0.600,0.600,234217,238959,143.8,144.4
17:37:50.675 > 53406,5,0.600,0.600,234321,239072,142.0,149.1
17:37:50.686 > 53417,5,0.600,0.600,234383,239186,142.0,149.1
17:37:50.697 > 53428,5,0.600,0.600,234384,239297,142.0,149.1
17:37:50.708 > 53439,5,0.600,0.600,234447,239404,142.0,149.1
17:37:50.719 > 53450,5,0.600,0.600,234559,239507,142.0,149.1
17:37:50.730 > 53461,5,0.600,0.600,234671,239611,93.2,143.6
17:37:50.741 > 53472,5,0.600,0.600,234781,239729,93.2,143.6
17:37:50.752 > 53483,5,0.600,0.600,234890,239846,93.2,143.6
17:37:50.763 > 53494,5,0.600,0.600,235001,239960,93.2,143.6
17:37:50.774 > 53505,5,0.600,0.600,235112,240068,93.2,143.6
17:37:50.785 > 53516,5,0.600,0.600,235223,240169,147.0,148.6
17:37:50.796 > 53527,5,0.600,0.600,235331,240267,147.0,148.6
17:37:50.807 > 53538,5,0.600,0.600,235441,240359,147.0,148.6
17:37:50.818 > 53549,5,0.600,0.600,235555,240466,147.0,148.6
17:37:50.829 > 53560,5,0.600,0.600,235666,240592,147.0,148.6
17:37:50.840 > 53571,5,0.600,0.600,235773,240714,146.5,145.2
17:37:50.851 > 53582,5,0.600,0.600,235887,240831,146.5,145.2
17:37:50.862 > 53593,5,0.600,0.600,235995,240939,146.5,145.2
17:37:50.873 > 53604,5,0.600,0.600,236106,241040,146.5,145.2
17:37:50.884 > 53615,5,0.600,0.600,236220,241141,146.5,145.2
17:37:50.895 > 53626,5,0.600,0.600,236325,241258,147.0,144.9
17:37:50.906 > 53637,5,0.600,0.600,236439,241367,147.0,144.9
17:37:50.917 > 53648,5,0.600,0.600,236555,241467,147.0,144.9
17:37:50.928 > 53659,5,0.600,0.600,236660,241574,147.0,144.9
17:37:50.939 > 53670,5,0.600,0.600,236770,241693,147.0,144.9
17:37:50.950 > 53681,5,0.600,0.600,236880,241804,147.8,145.4
17:37:50.961 > 53692,5,0.600,0.600,236986,241906,147.8,145.4
17:37:50.972 > 53703,5,0.600,0.600,237097,242004,147.8,145.4
17:37:50.983 > 53714,5,0.600,0.600,237207,242093,147.8,145.4
17:37:50.994 > 53725,5,0.600,0.600,237314,242184,147.8,145.4
17:37:51.005 > 53736,5,0.600,0.600,237417,242290,143.0,129.4
17:37:51.016 > 53747,5,0.600,0.600,237521,242396,143.0,129.4
17:37:51.036 > 53758,5,0.600,0.600,237625,242499,143.0,129.4
17:37:51.055 > 53769,5,0.600,0.600,237726,242599,143.0,129.4
17:37:51.056 > 53780,5,0.600,0.600,237829,242700,143.0,129.4
17:37:51.060 > 53791,5,0.600,0.600,237928,242805,136.1,137.2
17:37:51.071 > 53802,5,0.600,0.600,238030,242909,136.1,137.2
17:37:51.082 > 53813,5,0.600,0.600,238135,243018,136.1,137.2
17:37:51.093 > 53824,5,0.600,0.600,238237,243126,136.1,137.2
17:37:51.104 > 53835,5,0.600,0.600,238337,243230,136.1,137.2
17:37:51.115 > 53846,5,0.600,0.600,238438,243330,135.8,139.8
17:37:51.126 > 53857,5,0.600,0.600,238479,243428,135.8,139.8
17:37:51.137 > 53868,5,0.600,0.600,238480,243524,135.8,139.8
17:37:51.148 > 53879,5,0.600,0.600,238545,243629,135.8,139.8
17:37:51.159 > 53890,5,0.600,0.600,238651,243732,135.8,139.8
17:37:51.170 > 53901,5,0.600,0.600,238759,243830,85.5,133.2
17:37:51.181 > 53912,5,0.600,0.600,238862,243925,85.5,133.2
17:37:51.192 > 53923,5,0.600,0.600,238967,244019,85.5,133.2
17:37:51.203 > 53934,5,0.600,0.600,239073,244118,85.5,133.2
17:37:51.214 > 53945,5,0.600,0.600,239181,244213,85.5,133.2
17:37:51.225 > 53956,5,0.600,0.600,239287,244307,140.6,127.0
17:37:51.236 > 53967,5,0.600,0.600,239391,244410,140.6,127.0
17:37:51.247 > 53978,5,0.600,0.600,239494,244515,140.6,127.0
17:37:51.258 > 53989,5,0.600,0.600,239593,244616,140.6,127.0
17:37:51.269 > 54000,5,0.600,0.600,239697,244715,140.6,127.0
17:37:51.280 > 54011,5,0.600,0.600,239802,244815,137.2,135.3
17:37:51.291 > 54022,5,0.600,0.600,239908,244926,137.2,135.3
17:37:51.302 > 54033,5,0.600,0.600,240013,245030,137.2,135.3
17:37:51.313 > 54044,5,0.600,0.600,240120,245127,137.2,135.3
17:37:51.324 > 54055,5,0.600,0.600,240223,245223,137.2,135.3
17:37:51.335 > 54066,5,0.600,0.600,240329,245327,140.4,136.4
17:37:51.346 > 54077,5,0.600,0.600,240435,245430,140.4,136.4
17:37:51.357 > 54088,5,0.600,0.600,240540,245536,140.4,136.4
17:37:51.368 > 54099,5,0.600,0.600,240645,245632,140.4,136.4
17:37:51.379 > 54110,5,0.600,0.600,240750,245727,140.4,136.4
17:37:51.390 > 54121,5,0.600,0.600,240856,245823,140.4,132.1
17:37:51.401 > 54132,5,0.600,0.600,240960,245914,140.4,132.1
17:37:51.412 > 54143,5,0.600,0.600,241063,246013,140.4,132.1
17:37:51.423 > 54154,5,0.600,0.600,241164,246111,140.4,132.1
17:37:51.434 > 54165,5,0.600,0.600,241269,246202,140.4,132.1
17:37:51.445 > 54176,5,0.600,0.600,241369,246288,136.6,123.8
17:37:51.456 > 54187,5,0.600,0.600,241468,246378,136.6,123.8
17:37:51.467 > 54198,5,0.600,0.600,241569,246473,136.6,123.8
17:37:51.478 > 54209,5,0.600,0.600,241666,246567,136.6,123.8
17:37:51.489 > 54220,5,0.600,0.600,241766,246662,136.6,123.8
17:37:51.500 > 54231,5,0.600,0.600,241863,246758,131.6,125.2
17:37:51.511 > 54242,5,0.600,0.600,241959,246853,131.6,125.2
17:37:51.522 > 54253,5,0.600,0.600,242059,246946,131.6,125.2
17:37:51.533 > 54264,5,0.600,0.600,242158,247042,131.6,125.2
17:37:51.544 > 54275,5,0.600,0.600,242259,247142,131.6,125.2
17:37:51.555 > 54286,5,0.600,0.600,242356,247239,131.3,128.1
17:37:51.566 > 54297,5,0.600,0.600,242454,247336,131.3,128.1
17:37:51.577 > 54308,5,0.600,0.600,242551,247437,131.3,128.1
17:37:51.588 > 54319,5,0.600,0.600,242575,247537,131.3,128.1
17:37:51.599 > 54330,5,0.600,0.600,242576,247631,131.3,128.1
17:37:51.610 > 54341,5,0.600,0.600,242645,247724,77.0,129.2
17:37:51.621 > 54352,5,0.600,0.600,242750,247812,77.0,129.2
17:37:51.632 > 54363,5,0.600,0.600,242856,247907,77.0,129.2
17:37:51.643 > 54374,5,0.600,0.600,242959,248002,77.0,129.2
17:37:51.654 > 54385,5,0.600,0.600,243062,248092,77.0,129.2
17:37:51.665 > 54396,5,0.600,0.600,243161,248183,137.4,122.2
17:37:51.676 > 54407,5,0.600,0.600,243260,248275,137.4,122.2
17:37:51.687 > 54418,5,0.600,0.600,243363,248364,137.4,122.2
17:37:51.698 > 54429,5,0.600,0.600,243464,248460,137.4,122.2
17:37:51.709 > 54440,5,0.600,0.600,243564,248554,137.4,122.2
17:37:51.720 > 54451,5,0.600,0.600,243663,248652,133.7,124.9
17:37:51.731 > 54462,5,0.600,0.600,243767,248757,133.7,124.9
17:37:51.742 > 54473,5,0.600,0.600,243871,248855,133.7,124.9
17:37:51.753 > 54484,5,0.600,0.600,243976,248948,133.7,124.9
17:37:51.764 > 54495,5,0.600,0.600,244082,249036,133.7,124.9
17:37:51.775 > 54506,5,0.600,0.600,244183,249138,138.5,129.4
17:37:51.786 > 54517,5,0.600,0.600,244290,249243,138.5,129.4
17:37:51.797 > 54528,5,0.600,0.600,244393,249352,138.5,129.4
17:37:51.808 > 54539,5,0.600,0.600,244499,249449,138.5,129.4
17:37:51.819 > 54550,5,0.600,0.600,244601,249544,138.5,129.4
17:37:51.830 > 54561,5,0.600,0.600,244703,249641,138.5,134.0
17:37:51.841 > 54572,5,0.600,0.600,244814,249736,138.5,134.0
17:37:51.852 > 54583,5,0.600,0.600,244913,249831,138.5,134.0
17:37:51.863 > 54594,5,0.600,0.600,245017,249924,138.5,134.0
17:37:51.874 > 54605,5,0.600,0.600,245121,250011,138.5,134.0
17:37:51.885 > 54616,5,0.600,0.600,245220,250103,137.7,123.0
17:37:51.896 > 54627,5,0.600,0.600,245321,250197,137.7,123.0
17:37:51.907 > 54638,5,0.600,0.600,245423,250285,137.7,123.0
17:37:51.918 > 54649,5,0.600,0.600,245527,250378,137.7,123.0
17:37:51.929 > 54660,5,0.600,0.600,245621,250469,137.7,123.0
17:37:51.940 > 54671,5,0.600,0.600,245719,250558,132.9,121.2
17:37:51.951 > 54682,5,0.600,0.600,245819,250655,132.9,121.2
17:37:51.962 > 54693,5,0.600,0.600,245916,250751,132.9,121.2
17:37:51.973 > 54704,5,0.600,0.600,246013,250845,132.9,121.2
17:37:51.984 > 54715,5,0.600,0.600,246114,250936,132.9,121.2
17:37:51.995 > 54726,5,0.600,0.600,246215,251023,132.1,123.8
17:37:52.006 > 54737,5,0.600,0.600,246313,251118,132.1,123.8
17:37:52.017 > 54748,5,0.600,0.600,246412,251225,132.1,123.8
17:37:52.028 > 54759,5,0.600,0.600,246509,251329,132.1,123.8
17:37:52.039 > 54770,5,0.600,0.600,246605,251430,132.1,123.8
17:37:52.063 > 54781,5,0.600,0.600,246671,251528,121.4,134.5
17:37:52.063 > 54792,5,0.600,0.600,246672,251622,121.4,134.5
17:37:52.080 > 54803,5,0.600,0.600,246700,251713,121.4,134.5
17:37:52.083 > 54814,5,0.600,0.600,246800,251800,121.4,134.5
17:37:52.094 > 54825,5,0.600,0.600,246906,251893,121.4,134.5
17:37:52.105 > 54836,5,0.600,0.600,247011,251985,90.6,121.7
17:37:52.116 > 54847,5,0.600,0.600,247113,252075,90.6,121.7
17:37:52.127 > 54858,5,0.600,0.600,247214,252166,90.6,121.7
17:37:52.138 > 54869,5,0.600,0.600,247314,252257,90.6,121.7
17:37:52.149 > 54880,5,0.600,0.600,247411,252347,90.6,121.7
17:37:52.160 > 54891,5,0.600,0.600,247515,252437,134.2,120.4
17:37:52.171 > 54902,5,0.600,0.600,247621,252532,134.2,120.4
17:37:52.182 > 54913,5,0.600,0.600,247724,252624,134.2,120.4
17:37:52.193 > 54924,5,0.600,0.600,247828,252714,134.2,120.4
17:37:52.204 > 54935,5,0.600,0.600,247927,252818,134.2,120.4
17:37:52.215 > 54946,5,0.600,0.600,248033,252920,138.0,128.6
17:37:52.226 > 54957,5,0.600,0.600,248140,253014,138.0,128.6
17:37:52.237 > 54968,5,0.600,0.600,248246,253109,138.0,128.6
17:37:52.248 > 54979,5,0.600,0.600,248346,253217,138.0,128.6
17:37:52.259 > 54990,5,0.600,0.600,248453,253316,138.0,128.6
17:37:52.270 > 55001,5,0.600,0.600,248559,253415,140.1,131.8
17:37:52.281 > 55012,5,0.600,0.600,248664,253517,140.1,131.8
17:37:52.292 > 55023,5,0.600,0.600,248768,253614,140.1,131.8
17:37:52.303 > 55034,5,0.600,0.600,248871,253713,140.1,131.8
17:37:52.314 > 55045,5,0.600,0.600,248971,253806,140.1,131.8
17:37:52.325 > 55056,5,0.600,0.600,249077,253903,138.0,130.0
17:37:52.336 > 55067,5,0.600,0.600,249181,253998,138.0,130.0
17:37:52.347 > 55078,5,0.600,0.600,249284,254087,138.0,130.0
17:37:52.358 > 55089,5,0.600,0.600,249386,254176,138.0,130.0
17:37:52.369 > 55100,5,0.600,0.600,249486,254267,138.0,130.0
17:37:52.380 > 55111,5,0.600,0.600,249590,254355,136.6,120.4
17:37:52.391 > 55122,5,0.600,0.600,249690,254445,136.6,120.4
17:37:52.402 > 55133,5,0.600,0.600,249793,254536,136.6,120.4
17:37:52.413 > 55144,5,0.600,0.600,249893,254622,136.6,120.4
17:37:52.424 > 55155,5,0.600,0.600,249990,254715,136.6,120.4
17:37:52.435 > 55166,5,0.600,0.600,250087,254810,132.4,121.2
17:37:52.446 > 55177,5,0.600,0.600,250186,254901,132.4,121.2
17:37:52.457 > 55188,5,0.600,0.600,250287,255003,132.4,121.2
17:37:52.468 > 55199,5,0.600,0.600,250389,255104,132.4,121.2
17:37:52.479 > 55210,5,0.600,0.600,250486,255202,132.4,121.2
17:37:52.490 > 55221,5,0.600,0.600,250584,255297,132.4,129.7
17:37:52.501 > 55232,5,0.600,0.600,250682,255389,132.4,129.7
17:37:52.512 > 55243,5,0.600,0.600,250767,255486,132.4,129.7
17:37:52.523 > 55254,5,0.600,0.600,250768,255593,132.4,129.7
17:37:52.534 > 55265,5,0.600,0.600,250786,255696,132.4,129.7
17:37:52.545 > 55276,5,0.600,0.600,250884,255795,79.9,132.6
17:37:52.556 > 55287,5,0.600,0.600,250984,255891,79.9,132.6
17:37:52.567 > 55298,5,0.600,0.600,251086,255982,79.9,132.6
17:37:52.578 > 55309,5,0.600,0.600,251191,256068,79.9,132.6
17:37:52.589 > 55320,5,0.600,0.600,251296,256153,79.9,132.6
17:37:52.600 > 55331,5,0.600,0.600,251398,256243,136.9,119.3
17:37:52.611 > 55342,5,0.600,0.600,251501,256334,136.9,119.3
17:37:52.622 > 55353,5,0.600,0.600,251603,256425,136.9,119.3
17:37:52.633 > 55364,5,0.600,0.600,251709,256513,136.9,119.3
17:37:52.644 > 55375,5,0.600,0.600,251815,256605,136.9,119.3
17:37:52.655 > 55386,5,0.600,0.600,251920,256697,139.0,120.9
17:37:52.666 > 55397,5,0.600,0.600,252023,256794,139.0,120.9
17:37:52.677 > 55408,5,0.600,0.600,252131,256906,139.0,120.9
17:37:52.688 > 55419,5,0.600,0.600,252240,257014,139.0,120.9
17:37:52.699 > 55430,5,0.600,0.600,252343,257116,139.0,120.9
17:37:52.710 > 55441,5,0.600,0.600,252451,257211,141.4,136.9
17:37:52.721 > 55452,5,0.600,0.600,252555,257308,141.4,136.9
17:37:52.732 > 55463,5,0.600,0.600,252661,257411,141.4,136.9
17:37:52.743 > 55474,5,0.600,0.600,252767,257516,141.4,136.9
17:37:52.754 > 55485,5,0.600,0.600,252873,257614,141.4,136.9
17:37:52.765 > 55496,5,0.600,0.600,252978,257713,140.4,133.7
17:37:52.776 > 55507,5,0.600,0.600,253083,257815,140.4,133.7
17:37:52.787 > 55518,5,0.600,0.600,253186,257911,140.4,133.7
17:37:52.798 > 55529,5,0.600,0.600,253291,258010,140.4,133.7
17:37:52.809 > 55540,5,0.600,0.600,253396,258109,140.4,133.7
17:37:52.820 > 55551,5,0.600,0.600,253501,258201,139.3,130.0
17:37:52.831 > 55562,5,0.600,0.600,253604,258288,139.3,130.0
17:37:52.842 > 55573,5,0.600,0.600,253710,258381,139.3,130.0
17:37:52.853 > 55584,5,0.600,0.600,253814,258474,139.3,130.0
17:37:52.864 > 55595,5,0.600,0.600,253914,258560,139.3,130.0
17:37:52.875 > 55606,5,0.600,0.600,254017,258645,137.4,118.3
17:37:52.886 > 55617,5,0.600,0.600,254115,258739,137.4,118.3
17:37:52.897 > 55628,5,0.600,0.600,254215,258839,137.4,118.3
17:37:52.908 > 55639,5,0.600,0.600,254312,258939,137.4,118.3
17:37:52.919 > 55650,5,0.600,0.600,254419,259039,137.4,118.3
17:37:52.930 > 55661,5,0.600,0.600,254521,259136,134.2,130.8
17:37:52.941 > 55672,5,0.600,0.600,254618,259230,134.2,130.8
17:37:52.952 > 55683,5,0.600,0.600,254717,259332,134.2,130.8
17:37:52.963 > 55694,5,0.600,0.600,254815,259439,134.2,130.8
17:37:52.974 > 55705,5,0.600,0.600,254863,259543,134.2,130.8
17:37:52.985 > 55716,5,0.600,0.600,254864,259645,91.4,135.6
17:37:52.996 > 55727,5,0.600,0.600,254919,259743,91.4,135.6
17:37:53.007 > 55738,5,0.600,0.600,255020,259838,91.4,135.6
17:37:53.018 > 55749,5,0.600,0.600,255124,259928,91.4,135.6
17:37:53.039 > 55760,5,0.600,0.600,255231,260019,91.4,135.6
17:37:53.040 > 55771,5,0.600,0.600,255336,260114,125.7,124.9
17:37:53.062 > 55782,5,0.600,0.600,255442,260209,125.7,124.9
17:37:53.062 > 55793,5,0.600,0.600,255546,260302,125.7,124.9
17:37:53.073 > 55804,5,0.600,0.600,255651,260391,125.7,124.9
17:37:53.084 > 55815,5,0.600,0.600,255757,260479,125.7,124.9
17:37:53.095 > 55826,5,0.600,0.600,255863,260574,140.4,122.5
17:37:53.106 > 55837,5,0.600,0.600,255970,260669,140.4,122.5
17:37:53.117 > 55848,5,0.600,0.600,256073,260771,140.4,122.5
17:37:53.128 > 55859,5,0.600,0.600,256181,260869,140.4,122.5
17:37:53.139 > 55870,5,0.600,0.600,256292,260968,140.4,122.5
17:37:53.150 > 55881,5,0.600,0.600,256398,261074,142.5,133.2
17:37:53.161 > 55892,5,0.600,0.600,256502,261174,142.5,133.2
17:37:53.172 > 55903,5,0.600,0.600,256606,261277,142.5,133.2
17:37:53.183 > 55914,5,0.600,0.600,256712,261381,142.5,133.2
17:37:53.194 > 55925,5,0.600,0.600,256819,261482,142.5,133.2
17:37:53.205 > 55936,5,0.600,0.600,256927,261590,140.9,137.4
17:37:53.216 > 55947,5,0.600,0.600,257032,261691,140.9,137.4
17:37:53.227 > 55958,5,0.600,0.600,257135,261792,140.9,137.4
17:37:53.238 > 55969,5,0.600,0.600,257246,261896,140.9,137.4
17:37:53.249 > 55980,5,0.600,0.600,257350,261990,140.9,137.4
17:37:53.260 > 55991,5,0.600,0.600,257455,262085,140.6,131.8
17:37:53.271 > 56002,5,0.600,0.600,257560,262184,140.6,131.8
17:37:53.282 > 56013,5,0.600,0.600,257667,262274,140.6,131.8
17:37:53.293 > 56024,5,0.600,0.600,257771,262362,140.6,131.8
17:37:53.304 > 56035,5,0.600,0.600,257873,262453,140.6,131.8
17:37:53.315 > 56046,5,0.600,0.600,257977,262545,139.0,122.5
17:37:53.326 > 56057,5,0.600,0.600,258078,262647,139.0,122.5
17:37:53.337 > 56068,5,0.600,0.600,258180,262746,139.0,122.5
17:37:53.348 > 56079,5,0.600,0.600,258281,262841,139.0,122.5
17:37:53.359 > 56090,5,0.600,0.600,258379,262933,139.0,122.5
17:37:53.370 > 56101,5,0.600,0.600,258484,263025,135.0,127.8
17:37:53.381 > 56112,5,0.600,0.600,258587,263123,135.0,127.8
17:37:53.392 > 56123,5,0.600,0.600,258686,263225,135.0,127.8
17:37:53.403 > 56134,5,0.600,0.600,258782,263324,135.0,127.8
17:37:53.414 > 56145,5,0.600,0.600,258878,263419,135.0,127.8
17:37:53.425 > 56156,5,0.600,0.600,258959,263519,126.5,131.6
17:37:53.436 > 56167,5,0.600,0.600,258960,263623,126.5,131.6
17:37:53.447 > 56178,5,0.600,0.600,258983,263726,126.5,131.6
17:37:53.458 > 56189,5,0.600,0.600,259085,263824,126.5,131.6
17:37:53.469 > 56200,5,0.600,0.600,259189,263920,126.5,131.6
17:37:53.480 > 56211,5,0.600,0.600,259295,264013,89.5,131.6
17:37:53.491 > 56222,5,0.600,0.600,259401,264107,89.5,131.6
17:37:53.502 > 56233,5,0.600,0.600,259511,264197,89.5,131.6
17:37:53.513 > 56244,5,0.600,0.600,259617,264293,89.5,131.6
17:37:53.524 > 56255,5,0.600,0.600,259721,264387,89.5,131.6
17:37:53.535 > 56266,5,0.600,0.600,259823,264478,140.6,123.8
17:37:53.546 > 56277,5,0.600,0.600,259924,264576,140.6,123.8
17:37:53.557 > 56288,5,0.600,0.600,260037,264672,140.6,123.8
17:37:53.568 > 56299,5,0.600,0.600,260148,264765,140.6,123.8
17:37:53.579 > 56310,5,0.600,0.600,260258,264865,140.6,123.8
17:37:53.590 > 56321,5,0.600,0.600,260363,264960,143.8,128.4
17:37:53.601 > 56332,5,0.600,0.600,260466,265058,143.8,128.4
17:37:53.612 > 56343,5,0.600,0.600,260565,265162,143.8,128.4
17:37:53.623 > 56354,5,0.600,0.600,260672,265262,143.8,128.4
17:37:53.634 > 56365,5,0.600,0.600,260777,265366,143.8,128.4
17:37:53.645 > 56376,5,0.600,0.600,260880,265471,137.7,136.1
17:37:53.656 > 56387,5,0.600,0.600,260988,265572,137.7,136.1
17:37:53.667 > 56398,5,0.600,0.600,261094,265679,137.7,136.1
17:37:53.678 > 56409,5,0.600,0.600,261201,265780,137.7,136.1
17:37:53.689 > 56420,5,0.600,0.600,261306,265881,137.7,136.1
17:37:53.700 > 56431,5,0.600,0.600,261414,265985,142.2,136.9
17:37:53.711 > 56442,5,0.600,0.600,261520,266082,142.2,136.9
17:37:53.722 > 56453,5,0.600,0.600,261626,266168,142.2,136.9
17:37:53.733 > 56464,5,0.600,0.600,261732,266258,142.2,136.9
17:37:53.744 > 56475,5,0.600,0.600,261834,266353,142.2,136.9
17:37:53.755 > 56486,5,0.600,0.600,261936,266446,139.0,122.8
17:37:53.766 > 56497,5,0.600,0.600,262044,266544,139.0,122.8
17:37:53.777 > 56508,5,0.600,0.600,262141,266636,139.0,122.8
17:37:53.788 > 56519,5,0.600,0.600,262240,266730,139.0,122.8
17:37:53.799 > 56530,5,0.600,0.600,262343,266825,139.0,122.8
17:37:53.810 > 56541,5,0.600,0.600,262440,266916,134.2,125.2
17:37:53.821 > 56552,5,0.600,0.600,262537,267013,134.2,125.2
17:37:53.832 > 56563,5,0.600,0.600,262644,267113,134.2,125.2
17:37:53.843 > 56574,5,0.600,0.600,262745,267210,134.2,125.2
17:37:53.854 > 56585,5,0.600,0.600,262841,267305,134.2,125.2
17:37:53.865 > 56596,5,0.600,0.600,262941,267401,133.4,129.2
17:37:53.876 > 56607,5,0.600,0.600,263039,267499,133.4,129.2
17:37:53.887 > 56618,5,0.600,0.600,263055,267602,133.4,129.2
17:37:53.898 > 56629,5,0.600,0.600,263056,267701,133.4,129.2
17:37:53.909 > 56640,5,0.600,0.600,263147,267800,133.4,129.2
17:37:53.920 > 56651,5,0.600,0.600,263254,267899,83.4,132.6
17:37:53.931 > 56662,5,0.600,0.600,263360,267995,83.4,132.6
17:37:53.942 > 56673,5,0.600,0.600,263464,268088,83.4,132.6
17:37:53.953 > 56684,5,0.600,0.600,263568,268184,83.4,132.6
17:37:53.964 > 56695,5,0.600,0.600,263674,268276,83.4,132.6
17:37:53.975 > 56706,5,0.600,0.600,263781,268377,140.4,127.3
17:37:53.986 > 56717,5,0.600,0.600,263883,268479,140.4,127.3
17:37:53.997 > 56728,5,0.600,0.600,263987,268576,140.4,127.3
17:37:54.008 > 56739,5,0.600,0.600,264093,268668,140.4,127.3
17:37:54.019 > 56750,5,0.600,0.600,264203,268755,140.4,127.3
17:37:54.030 > 56761,5,0.600,0.600,264308,268843,140.4,124.1
17:37:54.041 > 56772,5,0.600,0.600,264413,268950,140.4,124.1
17:37:54.060 > 56783,5,0.600,0.600,264517,269052,140.4,124.1
17:37:54.076 > 56794,5,0.600,0.600,264623,269152,140.4,124.1
17:37:54.077 > 56805,5,0.600,0.600,264727,269247,140.4,124.1
17:37:54.085 > 56816,5,0.600,0.600,264835,269340,140.4,132.4
17:37:54.096 > 56827,5,0.600,0.600,264939,269446,140.4,132.4
17:37:54.107 > 56838,5,0.600,0.600,265042,269554,140.4,132.4
17:37:54.118 > 56849,5,0.600,0.600,265151,269655,140.4,132.4
17:37:54.129 > 56860,5,0.600,0.600,265257,269749,140.4,132.4
17:37:54.140 > 56871,5,0.600,0.600,265361,269850,140.1,135.8
17:37:54.151 > 56882,5,0.600,0.600,265467,269951,140.1,135.8
17:37:54.162 > 56893,5,0.600,0.600,265573,270045,140.1,135.8
17:37:54.173 > 56904,5,0.600,0.600,265678,270140,140.1,135.8
17:37:54.184 > 56915,5,0.600,0.600,265783,270237,140.1,135.8
17:37:54.195 > 56926,5,0.600,0.600,265888,270337,140.4,129.7
17:37:54.206 > 56937,5,0.600,0.600,265991,270431,140.4,129.7
17:37:54.217 > 56948,5,0.600,0.600,266091,270522,140.4,129.7
17:37:54.228 > 56959,5,0.600,0.600,266194,270616,140.4,129.7
17:37:54.239 > 56970,5,0.600,0.600,266291,270704,140.4,129.7
17:37:54.250 > 56981,5,0.600,0.600,266391,270794,134.0,121.7
17:37:54.261 > 56992,5,0.600,0.600,266490,270888,134.0,121.7
17:37:54.272 > 57003,6,0.000,0.000,266585,270979,134.0,121.7
17:37:54.283 > 57014,6,0.000,0.000,266683,271071,134.0,121.7
17:37:54.294 > 57025,6,0.000,0.000,266778,271161,134.0,121.7
17:37:54.305 > 57036,6,0.000,0.000,266855,271232,123.6,116.7
17:37:54.316 > 57047,6,0.000,0.000,266876,271258,123.6,116.7
17:37:54.327 > 57058,6,0.000,0.000,266887,271280,123.6,116.7
17:37:54.338 > 57069,6,0.000,0.000,266892,271299,123.6,116.7
17:37:54.349 > 57080,6,0.000,0.000,266892,271309,123.6,116.7
17:37:54.360 > 57091,6,0.000,0.000,266893,271309,10.1,20.5
17:37:54.371 > 57102,6,0.000,0.000,266897,271309,10.1,20.5
17:37:54.382 > 57113,6,0.000,0.000,266897,271309,10.1,20.5
17:37:54.393 > 57124,6,0.000,0.000,266896,271309,10.1,20.5
17:37:54.404 > 57135,6,0.000,0.000,266897,271309,10.1,20.5
17:37:54.415 > 57146,6,0.000,0.000,266896,271309,0.8,0.0
17:37:54.426 > 57157,6,0.000,0.000,266896,271309,0.8,0.0
17:37:54.437 > 57168,6,0.000,0.000,266896,271309,0.8,0.0
17:37:54.448 > 57179,6,0.000,0.000,266896,271309,0.8,0.0
17:37:54.459 > 57190,6,0.000,0.000,266897,271309,0.8,0.0
17:37:54.470 > 57201,6,0.000,0.000,266896,271309,0.0,0.0
17:37:54.481 > 57212,6,0.000,0.000,266897,271309,0.0,0.0
17:37:54.492 > 57223,6,0.000,0.000,266896,271309,0.0,0.0
17:37:54.503 > 57234,6,0.000,0.000,266897,271309,0.0,0.0
17:37:54.514 > 57245,6,0.000,0.000,266896,271309,0.0,0.0
17:37:54.525 > 57256,6,0.000,0.000,266897,271309,0.3,0.0
17:37:54.536 > 57267,6,0.000,0.000,266896,271309,0.3,0.0
17:37:54.547 > 57278,6,0.000,0.000,266897,271309,0.3,0.0
17:37:54.558 > 57289,6,0.000,0.000,266896,271309,0.3,0.0
17:37:54.569 > 57300,6,0.000,0.000,266897,271309,0.3,0.0
17:37:54.580 > 57311,6,0.000,0.000,266897,271309,0.0,0.0
17:37:54.591 > 57322,6,0.000,0.000,266896,271309,0.0,0.0
17:37:54.602 > 57333,6,0.000,0.000,266896,271309,0.0,0.0
17:37:54.613 > 57344,6,0.000,0.000,266897,271309,0.0,0.0
17:37:54.624 > 57355,6,0.000,0.000,266897,271309,0.0,0.0
17:37:54.635 > 57366,6,0.000,0.000,266896,271309,-0.3,0.0
17:37:54.646 > 57377,6,0.000,0.000,266896,271309,-0.3,0.0
17:37:54.657 > 57388,6,0.000,0.000,266897,271309,-0.3,0.0
17:37:54.668 > 57399,6,0.000,0.000,266897,271309,-0.3,0.0
17:37:54.679 > 57410,6,0.000,0.000,266897,271309,-0.3,0.0
17:37:54.690 > 57421,6,0.000,0.000,266896,271309,0.0,0.0
17:37:54.701 > 57432,6,0.000,0.000,266896,271309,0.0,0.0
17:37:54.712 > 57443,6,0.000,0.000,266897,271309,0.0,0.0
17:37:54.723 > 57454,6,0.000,0.000,266896,271309,0.0,0.0
17:37:54.734 > 57465,6,0.000,0.000,266897,271309,0.0,0.0
17:37:54.745 > 57476,6,0.000,0.000,266897,271309,0.3,0.0
17:37:54.756 > 57487,6,0.000,0.000,266897,271309,0.3,0.0
17:37:54.767 > 57498,6,0.000,0.000,266896,271309,0.3,0.0
17:37:54.778 > 57509,6,0.000,0.000,266896,271309,0.3,0.0
17:37:54.789 > 57520,6,0.000,0.000,266896,271309,0.3,0.0
17:37:54.800 > 57531,6,0.000,0.000,266897,271309,0.0,0.0
17:37:54.811 > 57542,6,0.000,0.000,266897,271309,0.0,0.0
17:37:54.822 > 57553,6,0.000,0.000,266896,271309,0.0,0.0
17:37:54.833 > 57564,6,0.000,0.000,266896,271309,0.0,0.0
17:37:54.844 > 57575,6,0.000,0.000,266896,271309,0.0,0.0
17:37:54.855 > 57586,6,0.000,0.000,266896,271309,-0.3,0.0
17:37:54.866 > 57597,6,0.000,0.000,266896,271309,-0.3,0.0
17:37:54.877 > 57608,6,0.000,0.000,266896,271309,-0.3,0.0
17:37:54.888 > 57619,6,0.000,0.000,266897,271309,-0.3,0.0
17:37:54.899 > 57630,6,0.000,0.000,266897,271309,-0.3,0.0
17:37:54.910 > 57641,6,0.000,0.000,266896,271309,0.0,0.0
17:37:54.921 > 57652,6,0.000,0.000,266897,271309,0.0,0.0
17:37:54.932 > 57663,6,0.000,0.000,266896,271309,0.0,0.0
17:37:54.943 > 57674,6,0.000,0.000,266897,271309,0.0,0.0
17:37:54.954 > 57685,6,0.000,0.000,266896,271309,0.0,0.0
17:37:54.965 > 57696,6,0.000,0.000,266896,271309,0.0,0.0
17:37:54.976 > 57707,6,0.000,0.000,266896,271309,0.0,0.0
17:37:54.987 > 57718,6,0.000,0.000,266896,271309,0.0,0.0
17:37:54.998 > 57729,6,0.000,0.000,266897,271309,0.0,0.0
17:37:55.009 > 57740,6,0.000,0.000,266896,271309,0.0,0.0
17:37:55.033 > 57751,6,0.000,0.000,266896,271309,0.0,0.0
17:37:55.034 > 57762,6,0.000,0.000,266896,271309,0.0,0.0
17:37:55.055 > 57773,6,0.000,0.000,266897,271309,0.0,0.0
17:37:55.055 > 57784,6,0.000,0.000,266896,271309,0.0,0.0
17:37:55.064 > 57795,6,0.000,0.000,266897,271309,0.0,0.0
17:37:55.075 > 57806,6,0.000,0.000,266896,271309,0.0,0.0
17:37:55.086 > 57817,6,0.000,0.000,266897,271309,0.0,0.0
17:37:55.097 > 57828,6,0.000,0.000,266896,271309,0.0,0.0
17:37:55.108 > 57839,6,0.000,0.000,266896,271309,0.0,0.0
17:37:55.119 > 57850,6,0.000,0.000,266896,271309,0.0,0.0
17:37:55.130 > 57861,6,0.000,0.000,266896,271309,0.0,0.0
17:37:55.141 > 57872,6,0.000,0.000,266896,271309,0.0,0.0
17:37:55.152 > 57883,6,0.000,0.000,266897,271309,0.0,0.0
17:37:55.163 > 57894,6,0.000,0.000,266896,271309,0.0,0.0
17:37:55.174 > 57905,6,0.000,0.000,266897,271309,0.0,0.0
17:37:55.185 > 57916,6,0.000,0.000,266896,271309,0.0,0.0
17:37:55.196 > 57927,6,0.000,0.000,266897,271309,0.0,0.0
17:37:55.207 > 57938,6,0.000,0.000,266897,271309,0.0,0.0
17:37:55.218 > 57949,6,0.000,0.000,266896,271309,0.0,0.0
17:37:55.229 > 57960,6,0.000,0.000,266896,271309,0.0,0.0
17:37:55.240 > 57971,6,0.000,0.000,266897,271309,0.3,0.0
17:37:55.251 > 57982,6,0.000,0.000,266897,271309,0.3,0.0
17:37:55.262 > 57993,6,0.000,0.000,266897,271309,0.3,0.0
17:37:55.273 > 58004,6,0.000,0.000,266896,271309,0.3,0.0
17:37:55.284 > 58015,6,0.000,0.000,266896,271309,0.3,0.0
17:37:55.295 > 58026,6,0.000,0.000,266896,271309,-0.3,0.0
17:37:55.306 > 58037,6,0.000,0.000,266896,271309,-0.3,0.0
17:37:55.317 > 58048,6,0.000,0.000,266897,271309,-0.3,0.0
17:37:55.328 > 58059,6,0.000,0.000,266897,271309,-0.3,0.0
17:37:55.339 > 58070,6,0.000,0.000,266897,271309,-0.3,0.0
17:37:55.350 > 58081,6,0.000,0.000,266897,271309,0.3,0.0
17:37:55.361 > 58092,6,0.000,0.000,266896,271309,0.3,0.0
17:37:55.372 > 58103,6,0.000,0.000,266897,271309,0.3,0.0
17:37:55.383 > 58114,6,0.000,0.000,266896,271309,0.3,0.0
17:37:55.394 > 58125,6,0.000,0.000,266897,271309,0.3,0.0
17:37:55.405 > 58136,6,0.000,0.000,266897,271309,0.0,0.0
17:37:55.416 > 58147,6,0.000,0.000,266896,271309,0.0,0.0
17:37:55.427 > 58158,6,0.000,0.000,266897,271309,0.0,0.0
17:37:55.438 > 58169,6,0.000,0.000,266896,271309,0.0,0.0
17:37:55.449 > 58180,6,0.000,0.000,266896,271309,0.0,0.0
17:37:55.460 > 58191,6,0.000,0.000,266897,271309,0.0,0.0
17:37:55.471 > 58202,6,0.000,0.000,266897,271309,0.0,0.0
17:37:55.482 > 58213,6,0.000,0.000,266897,271309,0.0,0.0
17:37:55.493 > 58224,6,0.000,0.000,266896,271309,0.0,0.0
17:37:55.504 > 58235,6,0.000,0.000,266897,271309,0.0,0.0
17:37:55.515 > 58246,6,0.000,0.000,266897,271309,0.0,0.0
17:37:55.526 > 58257,6,0.000,0.000,266896,271309,0.0,0.0
17:37:55.537 > 58268,6,0.000,0.000,266897,271309,0.0,0.0
17:37:55.548 > 58279,6,0.000,0.000,266897,271309,0.0,0.0
17:37:55.559 > 58290,6,0.000,0.000,266896,271309,0.0,0.0
17:37:55.570 > 58301,6,0.000,0.000,266897,271309,0.0,0.0
17:37:55.581 > 58312,6,0.000,0.000,266896,271309,0.0,0.0
17:37:55.592 > 58323,6,0.000,0.000,266896,271309,0.0,0.0
17:37:55.603 > 58334,6,0.000,0.000,266897,271309,0.0,0.0
17:37:55.614 > 58345,6,0.000,0.000,266897,271309,0.0,0.0
17:37:55.625 > 58356,6,0.000,0.000,266897,271309,0.0,0.0
17:37:55.636 > 58367,6,0.000,0.000,266897,271309,0.0,0.0
17:37:55.647 > 58378,6,0.000,0.000,266897,271309,0.0,0.0
17:37:55.658 > 58389,6,0.000,0.000,266897,271309,0.0,0.0
17:37:55.669 > 58400,6,0.000,0.000,266897,271309,0.0,0.0
17:37:55.680 > 58411,6,0.000,0.000,266896,271309,-0.3,0.0
17:37:55.691 > 58422,6,0.000,0.000,266897,271309,-0.3,0.0
17:37:55.702 > 58433,6,0.000,0.000,266897,271309,-0.3,0.0
17:37:55.713 > 58444,6,0.000,0.000,266896,271309,-0.3,0.0
17:37:55.724 > 58455,6,0.000,0.000,266897,271309,-0.3,0.0
17:37:55.735 > 58466,6,0.000,0.000,266897,271309,0.3,0.0
17:37:55.746 > 58477,6,0.000,0.000,266896,271309,0.3,0.0
17:37:55.757 > 58488,6,0.000,0.000,266896,271309,0.3,0.0
17:37:55.768 > 58499,6,0.000,0.000,266897,271309,0.3,0.0
17:37:55.779 > 58510,6,0.000,0.000,266897,271309,0.3,0.0
17:37:55.790 > 58521,6,0.000,0.000,266897,271309,0.0,0.0
17:37:55.801 > 58532,6,0.000,0.000,266897,271309,0.0,0.0
17:37:55.812 > 58543,6,0.000,0.000,266897,271309,0.0,0.0
17:37:55.823 > 58554,6,0.000,0.000,266897,271309,0.0,0.0
17:37:55.834 > 58565,6,0.000,0.000,266897,271309,0.0,0.0
17:37:55.845 > 58576,6,0.000,0.000,266896,271309,-0.3,0.0
17:37:55.856 > 58587,6,0.000,0.000,266896,271309,-0.3,0.0
17:37:55.867 > 58598,6,0.000,0.000,266896,271309,-0.3,0.0
17:37:55.878 > 58609,6,0.000,0.000,266896,271309,-0.3,0.0
17:37:55.889 > 58620,6,0.000,0.000,266897,271309,-0.3,0.0
17:37:55.900 > 58631,6,0.000,0.000,266896,271309,0.0,0.0
17:37:55.911 > 58642,6,0.000,0.000,266896,271309,0.0,0.0
17:37:55.922 > 58653,6,0.000,0.000,266897,271309,0.0,0.0
17:37:55.933 > 58664,6,0.000,0.000,266897,271309,0.0,0.0
17:37:55.944 > 58675,6,0.000,0.000,266896,271309,0.0,0.0
17:37:55.955 > 58686,6,0.000,0.000,266897,271309,0.3,0.0
17:37:55.966 > 58697,6,0.000,0.000,266897,271309,0.3,0.0
17:37:55.977 > 58708,6,0.000,0.000,266897,271309,0.3,0.0
17:37:55.988 > 58719,6,0.000,0.000,266897,271309,0.3,0.0
17:37:55.999 > 58730,6,0.000,0.000,266897,271309,0.3,0.0
17:37:56.010 > 58741,6,0.000,0.000,266897,271309,0.0,0.0
17:37:56.021 > 58752,6,0.000,0.000,266897,271309,0.0,0.0
17:37:56.032 > 58763,6,0.000,0.000,266896,271309,0.0,0.0
17:37:56.043 > 58774,6,0.000,0.000,266897,271309,0.0,0.0
17:37:56.068 > 58785,6,0.000,0.000,266897,271309,0.0,0.0
17:37:56.068 > 58796,6,0.000,0.000,266897,271309,0.0,0.0
17:37:56.076 > 58807,6,0.000,0.000,266897,271309,0.0,0.0
17:37:56.094 > 58818,6,0.000,0.000,266896,271309,0.0,0.0
17:37:56.098 > 58829,6,0.000,0.000,266896,271309,0.0,0.0
17:37:56.109 > 58840,6,0.000,0.000,266897,271309,0.0,0.0
17:37:56.120 > 58851,6,0.000,0.000,266896,271309,-0.3,0.0
17:37:56.131 > 58862,6,0.000,0.000,266897,271309,-0.3,0.0
17:37:56.142 > 58873,6,0.000,0.000,266897,271309,-0.3,0.0
17:37:56.153 > 58884,6,0.000,0.000,266897,271309,-0.3,0.0
17:37:56.164 > 58895,6,0.000,0.000,266896,271309,-0.3,0.0
17:37:56.175 > 58906,6,0.000,0.000,266897,271309,0.3,0.0
17:37:56.186 > 58917,6,0.000,0.000,266897,271309,0.3,0.0
17:37:56.197 > 58928,6,0.000,0.000,266897,271309,0.3,0.0
17:37:56.208 > 58939,6,0.000,0.000,266897,271309,0.3,0.0
17:37:56.219 > 58950,6,0.000,0.000,266897,271309,0.3,0.0
17:37:56.230 > 58961,6,0.000,0.000,266897,271309,0.0,0.0
17:37:56.241 > 58972,6,0.000,0.000,266897,271309,0.0,0.0
17:37:56.252 > 58983,6,0.000,0.000,266897,271309,0.0,0.0
17:37:56.263 > 58994,6,0.000,0.000,266896,271309,0.0,0.0
17:37:56.274 > 59005,6,0.000,0.000,266897,271309,0.0,0.0
17:37:56.285 > 59016,6,0.000,0.000,266896,271309,-0.3,0.0
17:37:56.296 > 59027,6,0.000,0.000,266897,271309,-0.3,0.0
17:37:56.307 > 59038,6,0.000,0.000,266897,271309,-0.3,0.0
17:37:56.318 > 59049,6,0.000,0.000,266897,271309,-0.3,0.0
17:37:56.329 > 59060,6,0.000,0.000,266896,271309,-0.3,0.0
17:37:56.340 > 59071,6,0.000,0.000,266897,271309,0.3,0.0
17:37:56.351 > 59082,6,0.000,0.000,266897,271309,0.3,0.0
17:37:56.362 > 59093,6,0.000,0.000,266897,271309,0.3,0.0
17:37:56.373 > 59104,6,0.000,0.000,266896,271309,0.3,0.0
17:37:56.384 > 59115,6,0.000,0.000,266896,271309,0.3,0.0
17:37:56.395 > 59126,6,0.000,0.000,266897,271309,0.0,0.0
17:37:56.406 > 59137,6,0.000,0.000,266896,271309,0.0,0.0
17:37:56.417 > 59148,6,0.000,0.000,266897,271309,0.0,0.0
17:37:56.428 > 59159,6,0.000,0.000,266897,271309,0.0,0.0
17:37:56.439 > 59170,6,0.000,0.000,266896,271309,0.0,0.0
17:37:56.450 > 59181,6,0.000,0.000,266896,271309,-0.3,0.0
17:37:56.461 > 59192,6,0.000,0.000,266896,271309,-0.3,0.0
17:37:56.472 > 59203,6,0.000,0.000,266897,271309,-0.3,0.0
17:37:56.483 > 59214,6,0.000,0.000,266897,271309,-0.3,0.0
17:37:56.494 > 59225,6,0.000,0.000,266897,271309,-0.3,0.0
17:37:56.505 > 59236,6,0.000,0.000,266897,271309,0.3,0.0
17:37:56.516 > 59247,6,0.000,0.000,266897,271309,0.3,0.0
17:37:56.527 > 59258,6,0.000,0.000,266897,271309,0.3,0.0
17:37:56.538 > 59269,6,0.000,0.000,266896,271309,0.3,0.0
17:37:56.549 > 59280,6,0.000,0.000,266896,271309,0.3,0.0
17:37:56.560 > 59291,6,0.000,0.000,266897,271309,0.0,0.0
17:37:56.571 > 59302,6,0.000,0.000,266897,271309,0.0,0.0
17:37:56.582 > 59313,6,0.000,0.000,266897,271309,0.0,0.0
17:37:56.593 > 59324,6,0.000,0.000,266897,271309,0.0,0.0
17:37:56.604 > 59335,6,0.000,0.000,266897,271309,0.0,0.0
17:37:56.615 > 59346,6,0.000,0.000,266896,271309,-0.3,0.0
17:37:56.626 > 59357,6,0.000,0.000,266896,271309,-0.3,0.0
17:37:56.637 > 59368,6,0.000,0.000,266896,271309,-0.3,0.0
17:37:56.648 > 59379,6,0.000,0.000,266896,271309,-0.3,0.0
17:37:56.659 > 59390,6,0.000,0.000,266896,271309,-0.3,0.0
17:37:56.670 > 59401,6,0.000,0.000,266896,271309,0.0,0.0
17:37:56.681 > 59412,6,0.000,0.000,266896,271309,0.0,0.0
17:37:56.692 > 59423,6,0.000,0.000,266897,271309,0.0,0.0
17:37:56.703 > 59434,6,0.000,0.000,266897,271309,0.0,0.0
17:37:56.714 > 59445,6,0.000,0.000,266896,271309,0.0,0.0
17:37:56.725 > 59456,6,0.000,0.000,266896,271309,0.0,0.0
17:37:56.736 > 59467,6,0.000,0.000,266897,271309,0.0,0.0
17:37:56.747 > 59478,6,0.000,0.000,266897,271309,0.0,0.0
17:37:56.758 > 59489,6,0.000,0.000,266897,271309,0.0,0.0
17:37:56.769 > 59500,6,0.000,0.000,266896,271309,0.0,0.0
17:37:56.780 > 59511,6,0.000,0.000,266897,271309,0.3,0.0
17:37:56.791 > 59522,6,0.000,0.000,266897,271309,0.3,0.0
17:37:56.802 > 59533,6,0.000,0.000,266897,271309,0.3,0.0
17:37:56.813 > 59544,6,0.000,0.000,266897,271309,0.3,0.0
17:37:56.824 > 59555,6,0.000,0.000,266897,271309,0.3,0.0
17:37:56.835 > 59566,6,0.000,0.000,266897,271309,0.0,0.0
17:37:56.846 > 59577,6,0.000,0.000,266896,271309,0.0,0.0
17:37:56.857 > 59588,6,0.000,0.000,266897,271309,0.0,0.0
17:37:56.868 > 59599,6,0.000,0.000,266897,271309,0.0,0.0
17:37:56.879 > 59610,6,0.000,0.000,266896,271309,0.0,0.0
17:37:56.890 > 59621,6,0.000,0.000,266897,271309,0.0,0.0
17:37:56.901 > 59632,6,0.000,0.000,266896,271309,0.0,0.0
17:37:56.912 > 59643,6,0.000,0.000,266896,271309,0.0,0.0
17:37:56.923 > 59654,6,0.000,0.000,266897,271309,0.0,0.0
17:37:56.934 > 59665,6,0.000,0.000,266896,271309,0.0,0.0
17:37:56.945 > 59676,6,0.000,0.000,266896,271309,-0.3,0.0
17:37:56.956 > 59687,6,0.000,0.000,266897,271309,-0.3,0.0
17:37:56.967 > 59698,6,0.000,0.000,266897,271309,-0.3,0.0
17:37:56.978 > 59709,6,0.000,0.000,266896,271309,-0.3,0.0
17:37:56.989 > 59720,6,0.000,0.000,266897,271309,-0.3,0.0
17:37:57.000 > 59731,6,0.000,0.000,266897,271309,0.3,0.0
17:37:57.011 > 59742,6,0.000,0.000,266896,271309,0.3,0.0
17:37:57.039 > 59753,6,0.000,0.000,266897,271309,0.3,0.0
17:37:57.039 > 59764,6,0.000,0.000,266896,271309,0.3,0.0
17:37:57.057 > 59775,6,0.000,0.000,266897,271309,0.3,0.0
17:37:57.057 > 59786,6,0.000,0.000,266897,271309,0.0,0.0
17:37:57.066 > 59797,6,0.000,0.000,266896,271309,0.0,0.0
17:37:57.077 > 59808,6,0.000,0.000,266896,271309,0.0,0.0
17:37:57.088 > 59819,6,0.000,0.000,266897,271309,0.0,0.0
17:37:57.099 > 59830,6,0.000,0.000,266897,271309,0.0,0.0
17:37:57.110 > 59841,6,0.000,0.000,266897,271309,0.0,0.0
17:37:57.121 > 59852,6,0.000,0.000,266896,271309,0.0,0.0
17:37:57.132 > 59863,6,0.000,0.000,266896,271309,0.0,0.0
17:37:57.143 > 59874,6,0.000,0.000,266897,271309,0.0,0.0
17:37:57.154 > 59885,6,0.000,0.000,266897,271309,0.0,0.0
17:37:57.165 > 59896,6,0.000,0.000,266897,271309,0.0,0.0
17:37:57.176 > 59907,6,0.000,0.000,266896,271309,0.0,0.0
17:37:57.187 > 59918,6,0.000,0.000,266896,271309,0.0,0.0
17:37:57.198 > 59929,6,0.000,0.000,266897,271309,0.0,0.0
17:37:57.209 > 59940,6,0.000,0.000,266896,271309,0.0,0.0
17:37:57.220 > 59951,6,0.000,0.000,266897,271309,0.0,0.0
17:37:57.231 > 59962,6,0.000,0.000,266897,271309,0.0,0.0
17:37:57.242 > 59973,6,0.000,0.000,266897,271309,0.0,0.0
17:37:57.253 > 59984,6,0.000,0.000,266897,271309,0.0,0.0
17:37:57.264 > 59995,6,0.000,0.000,266896,271309,0.0,0.0
17:37:57.277 > 60006,6,0.000,0.000,266897,271309,0.0,0.0
17:37:57.277 > 
17:37:57.277 > ======================================================================
17:37:57.277 > [TEST COMPLETE] 60s Actuator SysID Finished for Robot 1.
17:37:57.279 > Final Encoder Steps: Left=266897 | Right=271309 (Both must be POSITIVE!)
17:37:57.279 > ======================================================================
