timestamp_us,elapsed_ms,phase,target_rpm_l,target_rpm_r,meas_rpm_l,meas_rpm_r,pwm_duty_l,pwm_duty_r,steps_l,steps_r,vbus_v,current_ma,gyro_z_dps,yaw_deg,enc_l_valid,enc_r_valid,ina_valid
1324751,0,0,0.00,0.00,0.00,0.00,0.000,0.000,0,0,7.71,1.2,0.183,0.000,1,1,1
1334751,10,0,0.00,0.00,0.00,0.00,0.000,0.000,0,0,7.70,1.0,0.183,0.000,1,1,1
1344751,20,0,0.00,0.00,0.44,0.00,0.000,0.000,1,0,7.70,1.0,0.183,0.000,1,1,1
1354758,30,0,0.00,0.00,0.31,0.00,0.000,0.000,1,0,7.70,1.2,0.183,0.000,1,1,1
1364766,40,0,0.00,0.00,-0.22,0.00,0.000,0.000,0,0,7.70,1.2,0.061,0.000,1,1,1
1374766,50,0,0.00,0.00,-0.16,0.00,0.000,0.000,0,0,7.70,1.2,0.122,0.000,1,1,1
1384773,60,0,0.00,0.00,-0.11,-0.44,0.000,0.000,0,-1,7.70,1.0,0.122,0.000,1,1,1
1394781,70,0,0.00,0.00,-0.08,0.13,0.000,0.000,0,0,7.70,1.0,0.122,0.000,1,1,1
1404788,80,0,0.00,0.00,-0.05,0.09,0.000,0.000,0,0,7.70,1.2,0.183,0.000,1,1,1
1414797,90,0,0.00,0.00,-0.04,0.06,0.000,0.000,0,0,7.70,1.0,0.183,0.000,1,1,1
1424797,100,0,0.00,0.00,-0.03,0.05,0.000,0.000,0,0,7.70,1.2,0.183,0.000,1,1,1
1434803,110,0,0.00,0.00,-0.02,0.03,0.000,0.000,0,0,7.70,1.0,0.122,0.000,1,1,1
1444803,120,0,0.00,0.00,-0.45,0.02,0.000,0.000,-1,0,7.70,1.0,0.183,0.000,1,1,1
1454803,130,0,0.00,0.00,0.12,0.02,0.000,0.000,0,0,7.70,1.0,0.244,0.000,1,1,1
1464812,140,0,0.00,0.00,0.09,-0.43,0.000,0.000,0,-1,7.70,1.0,0.122,0.000,1,1,1
1474812,150,0,0.00,0.00,0.06,0.14,0.000,0.000,0,0,7.70,1.0,0.122,0.000,1,1,1
1484812,160,0,0.00,0.00,0.04,0.10,0.000,0.000,0,0,7.70,1.2,0.122,0.000,1,1,1
1494818,170,0,0.00,0.00,-0.41,0.07,0.000,0.000,-1,0,7.70,1.0,0.122,0.000,1,1,1
1504827,180,0,0.00,0.00,-0.29,0.05,0.000,0.000,-1,0,7.70,1.0,0.183,0.000,1,1,1
1514827,190,0,0.00,0.00,0.24,0.03,0.000,0.000,0,0,7.70,1.2,0.122,0.000,1,1,1
1524834,200,0,0.00,0.00,-0.27,0.02,0.000,0.000,-1,0,7.70,1.2,0.122,0.000,1,1,1
1534842,210,0,0.00,0.00,0.25,0.02,0.000,0.000,0,0,7.70,1.0,0.244,0.000,1,1,1
1544842,220,0,0.00,0.00,0.17,0.01,0.000,0.000,0,0,7.70,1.0,0.244,0.000,1,1,1
1554849,230,0,0.00,0.00,0.12,0.01,0.000,0.000,0,0,7.70,1.2,0.122,0.000,1,1,1
1564857,240,0,0.00,0.00,0.09,0.01,0.000,0.000,0,0,7.70,1.2,0.122,0.000,1,1,1
1574864,250,0,0.00,0.00,0.06,-0.44,0.000,0.000,0,-1,7.70,1.2,0.183,0.000,1,1,1
1584864,260,0,0.00,0.00,0.04,0.13,0.000,0.000,0,0,7.70,1.0,0.183,0.000,1,1,1
1594872,270,0,0.00,0.00,0.03,0.09,0.000,0.000,0,0,7.70,1.0,0.183,0.000,1,1,1
1604879,280,0,0.00,0.00,0.02,0.07,0.000,0.000,0,0,7.70,1.0,0.183,0.000,1,1,1
1614879,290,0,0.00,0.00,0.01,0.05,0.000,0.000,0,0,7.70,1.0,0.183,0.000,1,1,1
1624879,300,0,0.00,0.00,0.01,0.03,0.000,0.000,0,0,7.70,1.0,0.244,0.000,1,1,1
1634888,310,0,0.00,0.00,0.01,0.02,0.000,0.000,0,0,7.70,1.0,0.183,0.000,1,1,1
1644894,320,0,0.00,0.00,0.00,0.02,0.000,0.000,0,0,7.70,1.2,0.244,0.000,1,1,1
1654894,330,0,0.00,0.00,0.00,0.01,0.000,0.000,0,0,7.70,1.0,0.183,0.000,1,1,1
1664894,340,0,0.00,0.00,0.00,0.01,0.000,0.000,0,0,7.70,1.0,0.183,0.000,1,1,1
1674894,350,0,0.00,0.00,0.00,0.01,0.000,0.000,0,0,7.70,1.0,0.244,0.000,1,1,1
1684894,360,0,0.00,0.00,0.00,-0.44,0.000,0.000,0,-1,7.70,1.0,0.122,0.000,1,1,1
1694903,370,0,0.00,0.00,0.00,0.13,0.000,0.000,0,0,7.70,1.0,0.183,0.000,1,1,1
1704903,380,0,0.00,0.00,0.00,-0.35,0.000,0.000,0,-1,7.70,1.0,0.183,0.000,1,1,1
1714910,390,0,0.00,0.00,0.00,0.20,0.000,0.000,0,0,7.70,1.0,0.244,0.000,1,1,1
1724910,400,0,0.00,0.00,0.00,0.14,0.000,0.000,0,0,7.70,1.2,0.244,0.000,1,1,1
1734910,410,0,0.00,0.00,0.00,-0.34,0.000,0.000,0,-1,7.70,1.0,0.122,0.000,1,1,1
1744918,420,0,0.00,0.00,0.00,0.20,0.000,0.000,0,0,7.70,1.2,0.122,0.000,1,1,1
1754925,430,0,0.00,0.00,0.00,0.14,0.000,0.000,0,0,7.70,1.0,0.183,0.000,1,1,1
1764933,440,0,0.00,0.00,-0.44,-0.34,0.000,0.000,-1,-1,7.70,1.0,0.305,0.000,1,1,1
1774933,450,0,0.00,0.00,0.13,0.20,0.000,0.000,0,0,7.70,1.0,0.122,0.000,1,1,1
1784940,460,0,0.00,0.00,-0.35,0.14,0.000,0.000,-1,0,7.70,1.0,0.122,0.000,1,1,1
1794940,470,0,0.00,0.00,-0.24,0.10,0.000,0.000,-1,0,7.70,1.2,0.244,0.000,1,1,1
1804948,480,0,0.00,0.00,-0.17,-0.37,0.000,0.000,-1,-1,7.70,1.2,0.183,0.000,1,1,1
1814955,490,0,0.00,0.00,-0.12,0.18,0.000,0.000,-1,0,7.70,1.0,0.244,0.000,1,1,1
1824964,500,0,0.00,0.00,0.36,-0.31,0.000,0.000,0,-1,7.69,1.2,0.122,0.000,1,1,1
1834979,510,0,0.00,0.00,0.25,0.22,0.000,0.000,0,0,7.70,1.0,0.122,0.000,1,1,1
1844979,520,0,0.00,0.00,0.17,0.15,0.000,0.000,0,0,7.70,1.0,0.244,0.000,1,1,1
1854979,530,0,0.00,0.00,0.12,0.11,0.000,0.000,0,0,7.70,1.2,0.122,0.000,1,1,1
1864979,540,0,0.00,0.00,-0.35,0.08,0.000,0.000,-1,0,7.70,1.0,0.122,0.000,1,1,1
1874990,550,0,0.00,0.00,0.19,0.05,0.000,0.000,0,0,7.70,1.0,0.122,0.000,1,1,1
1884990,560,0,0.00,0.00,0.13,-0.40,0.000,0.000,0,-1,7.70,1.2,0.122,0.000,1,1,1
1894990,570,0,0.00,0.00,0.09,0.16,0.000,0.000,0,0,7.70,1.0,0.183,0.000,1,1,1
1904990,580,0,0.00,0.00,0.07,0.11,0.000,0.000,0,0,7.70,1.0,0.183,0.000,1,1,1
1914999,591,0,0.00,0.00,0.05,0.08,0.000,0.000,0,0,7.70,1.0,0.122,0.000,1,1,1
1925006,601,0,0.00,0.00,-0.41,-0.39,0.000,0.000,-1,-1,7.70,1.0,0.122,0.000,1,1,1
1935020,611,0,0.00,0.00,0.15,0.17,0.000,0.000,0,0,7.70,1.0,0.122,0.000,1,1,1
1945029,621,0,0.00,0.00,0.11,0.12,0.000,0.000,0,0,7.70,1.2,0.122,0.000,1,1,1
1955029,631,0,0.00,0.00,-0.36,0.08,0.000,0.000,-1,0,7.70,1.0,0.183,0.000,1,1,1
1965036,641,0,0.00,0.00,0.18,-0.38,0.000,0.000,0,-1,7.70,1.0,0.122,0.000,1,1,1
1975036,651,0,0.00,0.00,0.13,0.17,0.000,0.000,0,0,7.70,1.0,0.183,0.000,1,1,1
1985036,661,0,0.00,0.00,0.09,0.12,0.000,0.000,0,0,7.70,1.0,0.122,0.000,1,1,1
1995044,671,0,0.00,0.00,0.06,0.08,0.000,0.000,0,0,7.70,1.0,0.122,0.000,1,1,1
2005051,681,0,0.00,0.00,0.04,0.06,0.000,0.000,0,0,7.70,1.0,0.122,0.000,1,1,1
2015051,691,0,0.00,0.00,-0.41,0.04,0.000,0.000,-1,0,7.70,1.0,0.244,0.000,1,1,1
2025059,701,0,0.00,0.00,0.15,-0.41,0.000,0.000,0,-1,7.70,1.0,0.183,0.000,1,1,1
2035059,711,0,0.00,0.00,-0.33,0.15,0.000,0.000,-1,0,7.70,1.0,0.122,0.000,1,1,1
2045059,721,0,0.00,0.00,-0.23,0.11,0.000,0.000,-1,0,7.70,1.0,0.122,0.000,1,1,1
2055059,731,0,0.00,0.00,0.28,0.07,0.000,0.000,0,0,7.70,1.0,0.061,0.000,1,1,1
2065066,741,0,0.00,0.00,0.19,0.05,0.000,0.000,0,0,7.70,1.0,0.183,0.000,1,1,1
2075075,751,0,0.00,0.00,0.14,0.04,0.000,0.000,0,0,7.70,1.2,0.244,0.000,1,1,1
2085090,761,0,0.00,0.00,0.09,0.03,0.000,0.000,0,0,7.70,1.0,0.122,0.000,1,1,1
2095096,771,0,0.00,0.00,-0.37,0.02,0.000,0.000,-1,0,7.70,1.2,0.122,0.000,1,1,1
2105096,781,0,0.00,0.00,0.18,0.01,0.000,0.000,0,0,7.70,1.0,0.183,0.000,1,1,1
2115105,791,0,0.00,0.00,0.12,0.01,0.000,0.000,0,0,7.70,1.0,0.183,0.000,1,1,1
2125112,801,0,0.00,0.00,0.09,0.01,0.000,0.000,0,0,7.70,1.2,0.122,0.000,1,1,1
2135127,811,0,0.00,0.00,0.06,0.00,0.000,0.000,0,0,7.70,1.2,0.122,0.000,1,1,1
2145135,821,0,0.00,0.00,0.04,0.00,0.000,0.000,0,0,7.70,1.0,0.122,0.000,1,1,1
2155135,831,0,0.00,0.00,0.03,0.00,0.000,0.000,0,0,7.70,1.0,0.244,0.000,1,1,1
2165135,841,0,0.00,0.00,0.02,-0.44,0.000,0.000,0,-1,7.70,1.0,0.183,0.000,1,1,1
2175135,851,0,0.00,0.00,0.01,-0.31,0.000,0.000,0,-1,7.70,1.2,0.122,0.000,1,1,1
2185142,861,0,0.00,0.00,0.01,0.22,0.000,0.000,0,0,7.70,1.0,0.122,0.000,1,1,1
2195150,871,0,0.00,0.00,-0.43,-0.28,0.000,0.000,-1,-1,7.70,1.2,0.183,0.000,1,1,1
2205151,881,0,0.00,0.00,0.14,0.24,0.000,0.000,0,0,7.70,1.0,0.244,0.000,1,1,1
2215157,891,0,0.00,0.00,-0.34,-0.27,0.000,0.000,-1,-1,7.70,1.0,0.244,0.000,1,1,1
2225157,901,0,0.00,0.00,-0.24,-0.19,0.000,0.000,-1,-1,7.70,1.2,0.122,0.000,1,1,1
2235165,911,0,0.00,0.00,0.27,-0.13,0.000,0.000,0,-1,7.70,1.2,0.122,0.000,1,1,1
2245165,921,0,0.00,0.00,0.19,0.35,0.000,0.000,0,0,7.70,1.0,0.183,0.000,1,1,1
2255172,931,0,0.00,0.00,0.13,-0.20,0.000,0.000,0,-1,7.70,1.0,0.183,0.000,1,1,1
2265172,941,0,0.00,0.00,0.09,0.30,0.000,0.000,0,0,7.70,1.0,0.122,0.000,1,1,1
2275172,951,0,0.00,0.00,0.07,0.21,0.000,0.000,0,0,7.70,1.0,0.183,0.000,1,1,1
2285181,961,0,0.00,0.00,0.49,-0.29,0.000,0.000,1,-1,7.70,1.0,0.183,0.000,1,1,1
2295181,971,0,0.00,0.00,-0.10,-0.20,0.000,0.000,0,-1,7.70,1.2,0.183,0.000,1,1,1
2305188,981,0,0.00,0.00,-0.07,-0.14,0.000,0.000,0,-1,7.70,1.0,0.122,0.000,1,1,1
2315188,991,0,0.00,0.00,-0.05,0.34,0.000,0.000,0,0,7.70,1.0,0.061,0.000,1,1,1
2325201,1001,0,0.00,0.00,-0.47,0.24,0.000,0.000,-1,0,7.69,1.0,0.122,0.000,1,1,1
2335211,1011,0,0.00,0.00,0.11,0.17,0.000,0.000,0,0,7.70,1.0,0.183,0.000,1,1,1
2345211,1021,0,0.00,0.00,-0.36,-0.32,0.000,0.000,-1,-1,7.70,1.0,0.244,0.000,1,1,1
2355211,1031,0,0.00,0.00,-0.25,0.21,0.000,0.000,-1,0,7.70,1.0,0.122,0.000,1,1,1
2365211,1041,0,0.00,0.00,0.26,0.15,0.000,0.000,0,0,7.70,1.0,0.122,0.000,1,1,1
2375211,1051,0,0.00,0.00,0.18,0.10,0.000,0.000,0,0,7.70,1.0,0.122,0.000,1,1,1
2385211,1061,0,0.00,0.00,0.13,-0.37,0.000,0.000,0,-1,7.70,1.2,0.183,0.000,1,1,1
2395218,1071,0,0.00,0.00,0.09,-0.26,0.000,0.000,0,-1,7.70,1.0,0.183,0.000,1,1,1
2405218,1081,0,0.00,0.00,0.06,0.26,0.000,0.000,0,0,7.70,1.2,0.183,0.000,1,1,1
2415218,1091,0,0.00,0.00,-0.40,0.18,0.000,0.000,-1,0,7.70,1.2,0.183,0.000,1,1,1
2425226,1101,0,0.00,0.00,-0.28,0.13,0.000,0.000,-1,0,7.70,1.0,0.061,0.000,1,1,1
2435233,1111,0,0.00,0.00,-0.19,0.09,0.000,0.000,-1,0,7.70,1.0,0.183,0.000,1,1,1
2445241,1121,0,0.00,0.00,0.30,-0.38,0.000,0.000,0,-1,7.70,1.2,0.122,0.000,1,1,1
2455248,1131,0,0.00,0.00,0.21,-0.26,0.000,0.000,0,-1,7.70,1.2,0.183,0.000,1,1,1
2465248,1141,0,0.00,0.00,0.15,0.25,0.000,0.000,0,0,7.70,1.0,0.122,0.000,1,1,1
2475248,1151,0,0.00,0.00,0.10,0.18,0.000,0.000,0,0,7.70,1.2,0.183,0.000,1,1,1
2485248,1161,0,0.00,0.00,-0.37,0.12,0.000,0.000,-1,0,7.70,1.2,0.244,0.000,1,1,1
2495248,1171,0,0.00,0.00,0.18,0.09,0.000,0.000,0,0,7.70,1.0,0.122,0.000,1,1,1
2505256,1181,0,0.00,0.00,0.13,0.06,0.000,0.000,0,0,7.70,1.0,0.122,0.000,1,1,1
2515263,1191,0,0.00,0.00,0.09,-0.40,0.000,0.000,0,-1,7.70,1.0,0.183,0.000,1,1,1
2525272,1201,0,0.00,0.00,0.06,-0.28,0.000,0.000,0,-1,7.70,1.0,0.183,0.000,1,1,1
2535278,1211,0,0.00,0.00,0.04,0.25,0.000,0.000,0,0,7.70,1.0,0.183,0.000,1,1,1
2545278,1221,0,0.00,0.00,0.03,0.17,0.000,0.000,0,0,7.70,1.0,0.183,0.000,1,1,1
2555278,1231,0,0.00,0.00,0.02,0.12,0.000,0.000,0,0,7.70,1.2,0.122,0.000,1,1,1
2565278,1241,0,0.00,0.00,0.02,0.08,0.000,0.000,0,0,7.70,1.0,0.183,0.000,1,1,1
2575287,1251,0,0.00,0.00,0.01,0.06,0.000,0.000,0,0,7.70,1.0,0.122,0.000,1,1,1
2585287,1261,0,0.00,0.00,0.01,0.04,0.000,0.000,0,0,7.70,1.0,0.061,0.000,1,1,1
2595294,1271,0,0.00,0.00,0.01,0.03,0.000,0.000,0,0,7.70,1.0,0.183,0.000,1,1,1
2605294,1281,0,0.00,0.00,-0.44,0.02,0.000,0.000,-1,0,7.70,1.2,0.183,0.000,1,1,1
2615302,1291,0,0.00,0.00,-0.31,0.01,0.000,0.000,-1,0,7.70,1.0,0.183,0.000,1,1,1
2625309,1301,0,0.00,0.00,0.23,0.01,0.000,0.000,0,0,7.70,1.2,0.122,0.000,1,1,1
2635309,1311,0,0.00,0.00,0.16,-0.43,0.000,0.000,0,-1,7.70,1.0,0.122,0.000,1,1,1
2645317,1321,0,0.00,0.00,0.11,0.14,0.000,0.000,0,0,7.70,1.0,0.122,0.000,1,1,1
2655317,1331,0,0.00,0.00,0.08,-0.34,0.000,0.000,0,-1,7.70,1.2,0.244,0.000,1,1,1
2665324,1341,0,0.00,0.00,0.05,-0.24,0.000,0.000,0,-1,7.70,1.2,0.244,0.000,1,1,1
2675324,1351,0,0.00,0.00,0.04,-0.17,0.000,0.000,0,-1,7.70,1.0,0.122,0.000,1,1,1
2685324,1361,0,0.00,0.00,0.03,0.32,0.000,0.000,0,0,7.70,1.0,0.061,0.000,1,1,1
2695324,1371,0,0.00,0.00,-0.42,-0.21,0.000,0.000,-1,-1,7.70,0.8,0.122,0.000,1,1,1
2705332,1381,0,0.00,0.00,-0.29,-0.15,0.000,0.000,-1,-1,7.70,1.2,0.183,0.000,1,1,1
2715339,1391,0,0.00,0.00,-0.21,0.33,0.000,0.000,-1,0,7.70,1.2,0.183,0.000,1,1,1
2725339,1401,0,0.00,0.00,-0.14,0.23,0.000,0.000,-1,0,7.70,1.0,0.183,0.000,1,1,1
2735339,1411,0,0.00,0.00,0.34,0.16,0.000,0.000,0,0,7.70,1.0,0.183,0.000,1,1,1
2745348,1421,0,0.00,0.00,-0.20,0.11,0.000,0.000,-1,0,7.70,1.0,0.122,0.000,1,1,1
2755354,1431,0,0.00,0.00,-0.14,0.08,0.000,0.000,-1,0,7.70,1.0,0.183,0.000,1,1,1
2765363,1441,0,0.00,0.00,-0.10,0.06,0.000,0.000,-1,0,7.70,1.2,0.122,0.000,1,1,1
2775369,1451,0,0.00,0.00,0.37,-0.40,0.000,0.000,0,-1,7.70,1.2,0.122,0.000,1,1,1
2785370,1461,0,0.00,0.00,0.26,0.16,0.000,0.000,0,0,7.70,1.0,0.183,0.000,1,1,1
2795378,1471,0,0.00,0.00,0.18,0.11,0.000,0.000,0,0,7.70,1.0,0.183,0.000,1,1,1
2805385,1481,0,0.00,0.00,0.13,0.08,0.000,0.000,0,0,7.70,1.2,0.183,0.000,1,1,1
2815385,1491,0,0.00,0.00,0.09,-0.38,0.000,0.000,0,-1,7.70,1.0,0.183,0.000,1,1,1
2825393,1501,0,0.00,0.00,0.06,-0.27,0.000,0.000,0,-1,7.69,1.2,0.183,0.000,1,1,1
2835400,1511,0,0.00,0.00,-0.40,-0.19,0.000,0.000,-1,-1,7.70,1.0,0.305,0.000,1,1,1
2845400,1521,0,0.00,0.00,0.16,0.31,0.000,0.000,0,0,7.70,1.0,0.183,0.000,1,1,1
2855408,1531,0,0.00,0.00,0.11,-0.22,0.000,0.000,0,-1,7.70,1.0,0.183,0.000,1,1,1
2865415,1541,0,0.00,0.00,0.08,-0.16,0.000,0.000,0,-1,7.69,1.2,0.183,0.000,1,1,1
2875424,1551,0,0.00,0.00,0.06,-0.11,0.000,0.000,0,-1,7.70,1.2,0.122,0.000,1,1,1
2885430,1561,0,0.00,0.00,-0.40,0.36,0.000,0.000,-1,0,7.70,1.0,0.183,0.000,1,1,1
2895430,1571,0,0.00,0.00,0.16,0.25,0.000,0.000,0,0,7.70,1.2,0.183,0.000,1,1,1
2905430,1581,0,0.00,0.00,0.11,0.18,0.000,0.000,0,0,7.70,1.0,0.183,0.000,1,1,1
2915439,1591,0,0.00,0.00,0.08,-0.32,0.000,0.000,0,-1,7.70,1.0,0.183,0.000,1,1,1
2925439,1601,0,0.00,0.00,0.05,0.22,0.000,0.000,0,0,7.70,1.0,0.183,0.000,1,1,1
2935439,1611,0,0.00,0.00,0.04,0.15,0.000,0.000,0,0,7.70,1.0,0.183,0.000,1,1,1
2945439,1621,0,0.00,0.00,0.03,0.11,0.000,0.000,0,0,7.70,1.0,0.183,0.000,1,1,1
2955445,1631,0,0.00,0.00,-0.42,0.08,0.000,0.000,-1,0,7.70,1.0,0.183,0.000,1,1,1
2965454,1641,0,0.00,0.00,-0.29,-0.39,0.000,0.000,-1,-1,7.70,1.0,0.122,0.000,1,1,1
2975460,1651,0,0.00,0.00,-0.21,0.17,0.000,0.000,-1,0,7.70,1.2,0.122,0.000,1,1,1
2985461,1661,0,0.00,0.00,-0.14,-0.32,0.000,0.000,-1,-1,7.70,1.0,0.183,0.000,1,1,1
2995469,1671,0,0.00,0.00,-0.10,0.21,0.000,0.000,-1,0,7.70,1.0,0.183,0.000,1,1,1
3005476,1681,0,0.00,0.00,-0.07,0.15,0.000,0.000,-1,0,7.70,1.2,0.183,0.000,1,1,1
3015484,1691,0,0.00,0.00,0.39,0.11,0.000,0.000,0,0,7.70,1.2,0.122,0.000,1,1,1
3025485,1701,0,0.00,0.00,-0.17,-0.37,0.000,0.000,-1,-1,7.70,1.0,0.122,0.000,1,1,1
3035493,1711,0,0.00,0.00,0.32,0.18,0.000,0.000,0,0,7.70,1.0,0.183,0.000,1,1,1
3045500,1721,0,0.00,0.00,0.23,-0.31,0.000,0.000,0,-1,7.70,1.2,0.183,0.000,1,1,1
3055500,1731,0,0.00,0.00,0.60,0.22,0.000,0.000,1,0,7.70,1.0,0.183,0.000,1,1,1
3065508,1741,0,0.00,0.00,-0.02,0.16,0.000,0.000,0,0,7.70,1.0,0.183,0.000,1,1,1
3075508,1751,0,0.00,0.00,-0.01,0.11,0.000,0.000,0,0,7.70,1.0,0.183,0.000,1,1,1
3085508,1761,0,0.00,0.00,-0.01,-0.36,0.000,0.000,0,-1,7.70,1.2,0.183,0.000,1,1,1
3095515,1771,0,0.00,0.00,-0.45,0.19,0.000,0.000,-1,0,7.69,1.0,0.122,0.000,1,1,1
3105515,1781,0,0.00,0.00,0.13,-0.31,0.000,0.000,0,-1,7.70,1.2,0.183,0.000,1,1,1
3115515,1791,0,0.00,0.00,0.09,0.22,0.000,0.000,0,0,7.70,1.2,0.183,0.000,1,1,1
3125515,1801,0,0.00,0.00,0.06,0.16,0.000,0.000,0,0,7.70,1.0,0.183,0.000,1,1,1
3135515,1811,0,0.00,0.00,0.04,0.11,0.000,0.000,0,0,7.70,1.0,0.122,0.000,1,1,1
3145523,1821,0,0.00,0.00,-0.41,0.08,0.000,0.000,-1,0,7.70,1.0,0.183,0.000,1,1,1
3155523,1831,0,0.00,0.00,-0.29,0.05,0.000,0.000,-1,0,7.70,1.0,0.122,0.000,1,1,1
3165530,1841,0,0.00,0.00,-0.20,0.04,0.000,0.000,-1,0,7.70,1.0,0.122,0.000,1,1,1
3175539,1851,0,0.00,0.00,0.30,0.03,0.000,0.000,0,0,7.70,1.0,0.122,0.000,1,1,1
3185545,1861,0,0.00,0.00,0.21,-0.42,0.000,0.000,0,-1,7.70,1.2,0.183,0.000,1,1,1
3195545,1871,0,0.00,0.00,0.15,-0.29,0.000,0.000,0,-1,7.70,1.2,0.183,0.000,1,1,1
3205554,1881,0,0.00,0.00,0.10,-0.21,0.000,0.000,0,-1,7.70,1.0,0.183,0.000,1,1,1
3215554,1891,0,0.00,0.00,-0.37,0.30,0.000,0.000,-1,0,7.70,1.2,0.122,0.000,1,1,1
3225554,1901,0,0.00,0.00,-0.26,-0.23,0.000,0.000,-1,-1,7.70,1.0,0.183,0.000,1,1,1
3235554,1911,0,0.00,0.00,0.26,-0.16,0.000,0.000,0,-1,7.70,1.0,0.183,0.000,1,1,1
3245561,1921,0,0.00,0.00,-0.26,0.33,0.000,0.000,-1,0,7.70,1.2,0.183,0.000,1,1,1
3255576,1931,0,0.00,0.00,0.26,0.23,0.000,0.000,0,0,7.70,1.2,0.122,0.000,1,1,1
3265576,1941,0,0.00,0.00,-0.26,0.16,0.000,0.000,-1,0,7.70,1.2,0.122,0.000,1,1,1
3275584,1951,0,0.00,0.00,-0.18,0.11,0.000,0.000,-1,0,7.70,1.2,0.183,0.000,1,1,1
3285584,1961,0,0.00,0.00,-0.13,0.08,0.000,0.000,-1,0,7.70,1.0,0.122,0.000,1,1,1
3295584,1971,0,0.00,0.00,-0.09,0.05,0.000,0.000,-1,0,7.70,1.2,0.183,0.000,1,1,1
3305584,1981,0,0.00,0.00,-0.06,-0.40,0.000,0.000,-1,-1,7.70,1.0,0.183,0.000,1,1,1
3315584,1991,0,0.00,0.00,-0.04,0.16,0.000,0.000,-1,0,7.70,1.2,0.122,0.000,1,1,1
3325585,2001,0,0.00,0.00,-0.03,0.11,0.000,0.000,-1,0,7.69,1.0,0.122,0.000,1,1,1
3335599,2011,0,0.00,0.00,0.42,0.08,0.000,0.000,0,0,7.70,1.2,0.122,0.000,1,1,1
3345599,2021,0,0.00,0.00,0.29,0.05,0.000,0.000,0,0,7.70,1.0,0.122,0.000,1,1,1
3355606,2031,0,0.00,0.00,0.20,-0.40,0.000,0.000,0,-1,7.70,1.2,0.061,0.000,1,1,1
3365615,2041,0,0.00,0.00,0.14,-0.28,0.000,0.000,0,-1,7.70,1.0,0.183,0.000,1,1,1
3375621,2051,0,0.00,0.00,0.10,0.24,0.000,0.000,0,0,7.70,1.0,0.305,0.000,1,1,1
3385621,2061,0,0.00,0.00,0.07,-0.27,0.000,0.000,0,-1,7.70,1.2,0.183,0.000,1,1,1
3395621,2071,0,0.00,0.00,0.05,0.25,0.000,0.000,0,0,7.70,1.2,0.183,0.000,1,1,1
3405621,2081,0,0.00,0.00,-0.41,0.18,0.000,0.000,-1,0,7.70,1.0,0.183,0.000,1,1,1
3415621,2091,0,0.00,0.00,0.16,0.12,0.000,0.000,0,0,7.70,1.0,0.244,0.000,1,1,1
3425630,2101,0,0.00,0.00,-0.33,0.09,0.000,0.000,-1,0,7.70,1.0,0.183,0.000,1,1,1
3435636,2111,0,0.00,0.00,0.21,0.06,0.000,0.000,0,0,7.70,1.0,0.244,0.000,1,1,1
3445636,2121,0,0.00,0.00,0.15,0.04,0.000,0.000,0,0,7.70,1.0,0.183,0.000,1,1,1
3455645,2131,0,0.00,0.00,0.10,0.03,0.000,0.000,0,0,7.70,1.2,0.183,0.000,1,1,1
3465645,2141,0,0.00,0.00,0.07,0.02,0.000,0.000,0,0,7.70,1.0,0.183,0.000,1,1,1
3475652,2151,0,0.00,0.00,0.05,-0.42,0.000,0.000,0,-1,7.70,1.2,0.061,0.000,1,1,1
3485652,2161,0,0.00,0.00,0.04,0.14,0.000,0.000,0,0,7.70,1.0,0.122,0.000,1,1,1
3495660,2171,0,0.00,0.00,0.02,-0.34,0.000,0.000,0,-1,7.70,1.0,0.122,0.000,1,1,1
3505660,2181,0,0.00,0.00,0.02,0.20,0.000,0.000,0,0,7.70,1.0,0.122,0.000,1,1,1
3515667,2191,0,0.00,0.00,0.01,0.14,0.000,0.000,0,0,7.70,1.0,0.183,0.000,1,1,1
3525675,2201,0,0.00,0.00,0.01,-0.34,0.000,0.000,0,-1,7.70,1.0,0.122,0.000,1,1,1
3535682,2211,0,0.00,0.00,0.01,-0.24,0.000,0.000,0,-1,7.70,1.0,0.183,0.000,1,1,1
3545690,2221,0,0.00,0.00,-0.44,0.27,0.000,0.000,-1,0,7.70,1.2,0.244,0.000,1,1,1
3555697,2231,0,0.00,0.00,0.13,0.19,0.000,0.000,0,0,7.70,1.0,0.122,0.000,1,1,1
3565697,2241,0,0.00,0.00,-0.35,0.13,0.000,0.000,-1,0,7.70,1.2,0.122,0.000,1,1,1
3575706,2251,0,0.00,0.00,0.20,-0.35,0.000,0.000,0,-1,7.70,1.2,0.122,0.000,1,1,1
3585712,2261,0,0.00,0.00,0.14,-0.24,0.000,0.000,0,-1,7.70,1.2,0.183,0.000,1,1,1
3595712,2271,0,0.00,0.00,0.10,-0.17,0.000,0.000,0,-1,7.70,1.0,0.183,0.000,1,1,1
3605721,2281,0,0.00,0.00,0.07,0.32,0.000,0.000,0,0,7.70,1.2,0.183,0.000,1,1,1
3615721,2291,0,0.00,0.00,0.05,0.22,0.000,0.000,0,0,7.70,1.0,0.183,0.000,1,1,1
3625727,2301,0,0.00,0.00,0.03,0.16,0.000,0.000,0,0,7.70,1.0,0.122,0.000,1,1,1
3635736,2311,0,0.00,0.00,0.02,0.11,0.000,0.000,0,0,7.70,1.0,0.122,0.000,1,1,1
3645736,2321,0,0.00,0.00,0.02,0.08,0.000,0.000,0,0,7.70,1.2,0.183,0.000,1,1,1
3655736,2331,0,0.00,0.00,0.01,0.05,0.000,0.000,0,0,7.70,1.0,0.183,0.000,1,1,1
3665743,2341,0,0.00,0.00,0.01,0.04,0.000,0.000,0,0,7.70,1.0,0.183,0.000,1,1,1
3675751,2351,0,0.00,0.00,0.01,0.03,0.000,0.000,0,0,7.70,1.2,0.122,0.000,1,1,1
3685751,2361,0,0.00,0.00,0.00,-0.42,0.000,0.000,0,-1,7.70,1.0,0.183,0.000,1,1,1
3695758,2371,0,0.00,0.00,0.00,-0.29,0.000,0.000,0,-1,7.70,1.0,0.183,0.000,1,1,1
3705766,2381,0,0.00,0.00,0.00,-0.21,0.000,0.000,0,-1,7.70,1.0,0.122,0.000,1,1,1
3715766,2391,0,0.00,0.00,0.00,-0.14,0.000,0.000,0,-1,7.70,1.0,0.183,0.000,1,1,1
3725766,2401,0,0.00,0.00,0.00,-0.10,0.000,0.000,0,-1,7.70,1.0,0.122,0.000,1,1,1
3735773,2411,0,0.00,0.00,0.00,-0.07,0.000,0.000,0,-1,7.70,1.2,0.244,0.000,1,1,1
3745773,2421,0,0.00,0.00,0.00,-0.05,0.000,0.000,0,-1,7.70,1.2,0.244,0.000,1,1,1
3755781,2431,0,0.00,0.00,-0.44,-0.03,0.000,0.000,-1,-1,7.70,1.2,0.122,0.000,1,1,1
3765788,2441,0,0.00,0.00,-0.31,0.42,0.000,0.000,-1,0,7.70,1.0,0.183,0.000,1,1,1
3775788,2451,0,0.00,0.00,0.22,0.29,0.000,0.000,0,0,7.70,1.0,0.244,0.000,1,1,1
3785788,2461,0,0.00,0.00,0.16,-0.24,0.000,0.000,0,-1,7.70,1.2,0.183,0.000,1,1,1
3795797,2471,0,0.00,0.00,-0.33,-0.17,0.000,0.000,-1,-1,7.70,1.2,0.122,0.000,1,1,1
3805797,2481,0,0.00,0.00,-0.23,-0.12,0.000,0.000,-1,-1,7.70,1.0,0.183,0.000,1,1,1
3815803,2491,0,0.00,0.00,-0.16,0.36,0.000,0.000,-1,0,7.70,1.0,0.183,0.000,1,1,1
3825809,2501,0,0.00,0.00,0.33,-0.19,0.000,0.000,0,-1,7.68,1.2,0.183,0.000,1,1,1
3835818,2511,0,0.00,0.00,0.23,0.31,0.000,0.000,0,0,7.70,1.0,0.122,0.000,1,1,1
3845827,2521,0,0.00,0.00,0.60,0.22,0.000,0.000,1,0,7.70,1.2,0.122,0.000,1,1,1
3855834,2531,0,0.00,0.00,-0.02,0.15,0.000,0.000,0,0,7.70,1.0,0.122,0.000,1,1,1
3865842,2541,0,0.00,0.00,-0.01,0.11,0.000,0.000,0,0,7.70,1.0,0.183,0.000,1,1,1
3875849,2551,0,0.00,0.00,-0.01,0.07,0.000,0.000,0,0,7.70,1.0,0.183,0.000,1,1,1
3885857,2561,0,0.00,0.00,-0.01,0.05,0.000,0.000,0,0,7.70,1.2,0.122,0.000,1,1,1
3895864,2571,0,0.00,0.00,-0.00,-0.40,0.000,0.000,0,-1,7.70,1.0,0.183,0.000,1,1,1
3905872,2581,0,0.00,0.00,-0.00,0.16,0.000,0.000,0,0,7.70,1.0,0.244,0.000,1,1,1
3915879,2591,0,0.00,0.00,-0.00,0.11,0.000,0.000,0,0,7.70,1.2,0.183,0.000,1,1,1
3925888,2601,0,0.00,0.00,-0.44,0.08,0.000,0.000,-1,0,7.70,1.0,0.122,0.000,1,1,1
3935888,2611,0,0.00,0.00,0.13,0.05,0.000,0.000,0,0,7.70,1.0,0.122,0.000,1,1,1
3945888,2621,0,0.00,0.00,0.09,0.04,0.000,0.000,0,0,7.70,1.0,0.122,0.000,1,1,1
3955894,2631,0,0.00,0.00,0.06,-0.41,0.000,0.000,0,-1,7.70,1.2,0.183,0.000,1,1,1
3965894,2641,0,0.00,0.00,0.04,0.15,0.000,0.000,0,0,7.70,1.2,0.183,0.000,1,1,1
3975894,2651,0,0.00,0.00,0.03,-0.33,0.000,0.000,0,-1,7.70,1.0,0.244,0.000,1,1,1
3985894,2661,0,0.00,0.00,0.02,-0.23,0.000,0.000,0,-1,7.70,1.0,0.183,0.000,1,1,1
3995894,2671,0,0.00,0.00,0.02,-0.16,0.000,0.000,0,-1,7.70,1.2,0.122,0.000,1,1,1
4005894,2681,0,0.00,0.00,-0.43,-0.11,0.000,0.000,-1,-1,7.70,1.0,0.183,0.000,1,1,1
4015894,2691,0,0.00,0.00,0.14,0.36,0.000,0.000,0,0,7.70,1.0,0.244,0.000,1,1,1
4025903,2701,0,0.00,0.00,0.10,0.25,0.000,0.000,0,0,7.70,1.2,0.244,0.000,1,1,1
4035903,2711,0,0.00,0.00,-0.37,-0.26,0.000,0.000,-1,-1,7.70,1.2,0.183,0.000,1,1,1
4045910,2721,0,0.00,0.00,-0.26,0.26,0.000,0.000,-1,0,7.70,1.0,0.183,0.000,1,1,1
4055910,2731,0,0.00,0.00,-0.18,0.18,0.000,0.000,-1,0,7.70,1.2,0.183,0.000,1,1,1
4065918,2741,0,0.00,0.00,0.31,0.12,0.000,0.000,0,0,7.70,1.0,0.183,0.000,1,1,1
4075925,2751,0,0.00,0.00,0.22,-0.35,0.000,0.000,0,-1,7.70,1.2,0.183,0.000,1,1,1
4085925,2761,0,0.00,0.00,0.15,0.19,0.000,0.000,0,0,7.70,1.2,0.183,0.000,1,1,1
4095925,2771,0,0.00,0.00,0.11,0.14,0.000,0.000,0,0,7.70,1.2,0.183,0.000,1,1,1
4105925,2781,0,0.00,0.00,0.07,0.09,0.000,0.000,0,0,7.70,1.0,0.061,0.000,1,1,1
4115933,2791,0,0.00,0.00,0.05,0.07,0.000,0.000,0,0,7.70,1.2,0.122,0.000,1,1,1
4125940,2801,0,0.00,0.00,0.48,0.05,0.000,0.000,1,0,7.70,1.2,0.244,0.000,1,1,1
4135940,2811,0,0.00,0.00,0.33,-0.41,0.000,0.000,1,-1,7.70,1.0,0.183,0.000,1,1,1
4145940,2821,0,0.00,0.00,-0.21,0.15,0.000,0.000,0,0,7.70,1.2,0.122,0.000,1,1,1
4155948,2831,0,0.00,0.00,-0.14,-0.33,0.000,0.000,0,-1,7.70,1.0,0.122,0.000,1,1,1
4165948,2841,0,0.00,0.00,-0.10,-0.23,0.000,0.000,0,-1,7.70,1.2,0.061,0.000,1,1,1
4175955,2851,0,0.00,0.00,-0.07,0.28,0.000,0.000,0,0,7.70,1.0,0.122,0.000,1,1,1
4185963,2861,0,0.00,0.00,-0.49,-0.25,0.000,0.000,-1,-1,7.70,1.2,0.122,0.000,1,1,1
4195970,2871,0,0.00,0.00,0.10,-0.17,0.000,0.000,0,-1,7.70,1.0,0.183,0.000,1,1,1
4205970,2881,0,0.00,0.00,0.07,0.32,0.000,0.000,0,0,7.70,1.0,0.122,0.000,1,1,1
4215979,2891,0,0.00,0.00,0.05,-0.22,0.000,0.000,0,-1,7.69,1.2,0.122,0.000,1,1,1
4225983,2901,0,0.00,0.00,0.03,0.29,0.000,0.000,0,0,7.70,1.2,0.183,0.000,1,1,1
4235998,2911,0,0.00,0.00,-0.42,-0.24,0.000,0.000,-1,-1,7.70,1.2,0.122,0.000,1,1,1
4245999,2922,0,0.00,0.00,0.15,0.27,0.000,0.000,0,0,7.70,1.0,0.122,0.000,1,1,1
4256014,2932,0,0.00,0.00,0.10,0.19,0.000,0.000,0,0,7.70,1.2,0.183,0.000,1,1,1
4266020,2942,0,0.00,0.00,-0.37,0.13,0.000,0.000,-1,0,7.70,1.2,0.183,0.000,1,1,1
4276021,2952,0,0.00,0.00,-0.26,0.09,0.000,0.000,-1,0,7.70,1.0,0.183,0.000,1,1,1
4286029,2962,0,0.00,0.00,-0.18,0.07,0.000,0.000,-1,0,7.70,1.0,0.183,0.000,1,1,1
4296036,2972,0,0.00,0.00,-0.13,0.05,0.000,0.000,-1,0,7.70,1.0,0.122,0.000,1,1,1
4306044,2982,0,0.00,0.00,0.35,0.03,0.000,0.000,0,0,7.70,1.2,0.122,0.000,1,1,1
4316044,2992,0,0.00,0.00,0.25,0.02,0.000,0.000,0,0,7.70,1.0,0.183,0.000,1,1,1
4326047,3002,1,0.00,0.00,0.17,-0.42,0.000,0.000,0,-1,7.68,1.0,0.183,0.000,1,1,1
4336051,3012,1,-35.00,35.00,0.12,0.14,-0.732,0.725,0,0,7.70,1.0,0.183,0.000,1,1,1
4346051,3022,1,-35.00,35.00,-0.79,0.10,-0.748,0.744,-2,0,7.47,593.8,0.183,0.000,1,1,1
4356059,3032,1,-35.00,35.00,-0.56,0.51,-0.751,0.745,-2,1,7.44,606.2,0.183,0.001,1,1,1
4366059,3042,1,-35.00,35.00,-2.59,2.11,-0.742,0.737,-7,5,7.48,586.0,0.854,0.007,1,1,1
4376059,3052,1,-35.00,35.00,-4.45,5.00,-0.737,0.728,-13,13,7.48,541.5,5.061,0.056,1,1,1
4386066,3062,1,-35.00,35.00,-8.83,7.01,-0.721,0.722,-26,21,7.49,508.5,19.146,0.246,1,1,1
4396066,3072,1,-35.00,35.00,-11.89,8.42,-0.710,0.717,-39,29,7.51,455.2,40.183,0.646,1,1,1
4406074,3082,1,-35.00,35.00,-15.36,11.17,-0.699,0.709,-55,41,7.51,425.5,56.585,1.211,1,1,1
4416081,3092,1,-35.00,35.00,-18.66,13.53,-0.686,0.700,-73,54,7.54,397.5,61.280,1.822,1,1,1
4426090,3102,1,-35.00,35.00,-21.85,15.62,-0.675,0.694,-93,68,7.55,360.5,60.427,2.425,1,1,1
4436090,3112,1,-35.00,35.00,-22.77,17.53,-0.670,0.687,-110,83,7.57,336.8,57.256,2.995,1,1,1
4446096,3122,1,-35.00,35.00,-21.65,19.74,-0.674,0.680,-123,100,7.57,322.5,54.390,3.538,1,1,1
4456096,3132,1,-35.00,35.00,-22.19,21.29,-0.674,0.676,-139,117,7.56,312.2,53.171,4.068,1,1,1
4466105,3142,1,-35.00,35.00,-23.00,22.81,-0.670,0.671,-156,135,7.57,306.8,51.890,4.585,1,1,1
4476112,3152,1,-35.00,35.00,-24.45,23.88,-0.665,0.667,-175,153,7.58,301.2,56.890,5.152,1,1,1
4486120,3162,1,-35.00,35.00,-26.78,23.75,-0.658,0.669,-197,169,7.57,293.0,66.098,5.812,1,1,1
4496120,3172,1,-35.00,35.00,-27.98,25.85,-0.654,0.662,-218,190,7.57,283.2,70.122,6.511,1,1,1
4506120,3182,1,-35.00,35.00,-29.25,26.45,-0.651,0.662,-240,209,7.56,276.0,71.463,7.224,1,1,1
4516120,3192,1,-35.00,35.00,-30.14,27.74,-0.646,0.656,-262,230,7.58,275.2,76.646,7.989,1,1,1
4526120,3202,1,-35.00,35.00,-30.77,28.65,-0.644,0.654,-284,251,7.58,265.2,82.927,8.817,1,1,1
4536127,3212,1,-35.00,35.00,-31.21,29.28,-0.643,0.652,-306,272,7.58,259.5,88.720,9.702,1,1,1
4546135,3222,1,-35.00,35.00,-31.07,29.73,-0.643,0.650,-327,293,7.59,258.0,92.439,10.625,1,1,1
4556135,3232,1,-35.00,35.00,-32.30,32.23,-0.639,0.642,-351,319,7.59,255.5,92.988,11.553,1,1,1
4566142,3242,1,-35.00,35.00,-32.28,32.67,-0.639,0.641,-373,342,7.59,247.0,90.610,12.458,1,1,1
4576142,3252,1,-35.00,35.00,-32.26,33.42,-0.639,0.637,-395,366,7.60,246.2,85.183,13.308,1,1,1
4586142,3262,1,-35.00,35.00,-32.25,32.62,-0.640,0.641,-417,387,7.59,246.5,77.561,14.082,1,1,1
4596142,3272,1,-35.00,35.00,-32.68,30.74,-0.638,0.647,-440,405,7.59,244.0,73.415,14.814,1,1,1
4606142,3282,1,-35.00,35.00,-32.99,31.19,-0.637,0.646,-463,427,7.59,247.5,72.683,15.540,1,1,1
4616142,3292,1,-35.00,35.00,-34.52,31.94,-0.632,0.644,-489,450,7.59,246.8,75.610,16.294,1,1,1
4626142,3302,1,-35.00,35.00,-34.71,32.90,-0.630,0.641,-513,474,7.60,245.2,84.451,17.137,1,1,1
4636150,3312,1,-35.00,35.00,-37.04,32.70,-0.621,0.642,-542,496,7.61,239.2,95.244,18.088,1,1,1
4646150,3322,1,-35.00,35.00,-37.79,33.44,-0.618,0.641,-569,520,7.59,234.5,101.463,19.101,1,1,1
4656157,3332,1,-35.00,35.00,-38.76,34.39,-0.615,0.639,-597,545,7.59,234.2,101.402,20.113,1,1,1
4666165,3342,1,-35.00,35.00,-37.24,34.62,-0.618,0.637,-620,569,7.60,231.5,97.683,21.088,1,1,1
4676172,3352,1,-35.00,35.00,-34.86,34.34,-0.626,0.638,-640,592,7.59,229.8,85.732,21.944,1,1,1
4686172,3362,1,-35.00,35.00,-32.75,34.15,-0.633,0.637,-659,615,7.60,233.0,78.537,22.728,1,1,1
4696172,3372,1,-35.00,35.00,-33.03,34.01,-0.632,0.638,-682,638,7.60,237.0,74.695,23.473,1,1,1
4706172,3382,1,-35.00,35.00,-34.11,34.79,-0.630,0.636,-707,663,7.59,237.2,76.707,24.238,1,1,1
4716181,3392,1,-35.00,35.00,-34.86,34.90,-0.629,0.637,-732,687,7.58,233.2,88.049,25.117,1,1,1
4726181,3402,1,-35.00,35.00,-34.95,35.42,-0.628,0.634,-756,712,7.59,237.8,97.134,26.087,1,1,1
4736181,3412,1,-35.00,35.00,-36.33,36.22,-0.623,0.631,-783,738,7.60,234.0,99.756,27.083,1,1,1
4746181,3422,1,-35.00,35.00,-36.86,37.66,-0.621,0.626,-809,766,7.59,228.3,97.439,28.056,1,1,1
4756181,3432,1,-35.00,35.00,-36.79,37.35,-0.620,0.625,-834,791,7.61,226.3,97.073,29.025,1,1,1
4766181,3442,1,-35.00,35.00,-36.74,36.69,-0.620,0.627,-859,815,7.60,226.8,96.098,29.984,1,1,1
4776188,3452,1,-35.00,35.00,-35.82,34.47,-0.623,0.636,-882,835,7.59,225.3,89.451,30.877,1,1,1
4786202,3462,1,-35.00,35.00,-35.62,33.36,-0.622,0.639,-906,856,7.60,232.7,83.963,31.715,1,1,1
4796211,3472,1,-35.00,35.00,-35.92,34.34,-0.621,0.636,-931,881,7.60,231.0,80.732,32.521,1,1,1
4806217,3482,1,-35.00,35.00,-35.69,35.46,-0.622,0.633,-955,907,7.59,232.7,89.756,33.417,1,1,1
4816218,3492,1,-35.00,35.00,-36.41,35.81,-0.620,0.632,-981,932,7.59,230.0,102.866,34.444,1,1,1
4826226,3502,1,-35.00,35.00,-36.03,36.93,-0.621,0.628,-1005,959,7.59,228.0,110.549,35.548,1,1,1
4836233,3512,1,-35.00,35.00,-29.18,39.91,-0.646,0.614,-1014,991,7.60,226.5,108.963,36.636,1,1,1
4846242,3522,1,-35.00,35.00,-20.43,41.56,-0.681,0.603,-1014,1022,7.59,234.5,106.585,37.700,1,1,1
4856248,3532,1,-35.00,35.00,-14.30,40.52,-0.703,0.601,-1014,1048,7.59,253.8,103.598,38.734,1,1,1
4866256,3542,1,-35.00,35.00,-10.01,38.03,-0.720,0.606,-1014,1070,7.57,268.2,90.915,39.642,1,1,1
4876257,3552,1,-35.00,35.00,-7.45,34.53,-0.730,0.613,-1015,1088,7.58,287.8,83.415,40.474,1,1,1
4886264,3562,1,-35.00,35.00,-5.21,33.84,-0.741,0.613,-1015,1110,7.57,294.8,81.524,41.288,1,1,1
4896278,3572,1,-35.00,35.00,-3.65,34.67,-0.750,0.607,-1015,1135,7.57,301.2,85.671,42.143,1,1,1
4906287,3582,1,-35.00,35.00,-3.43,35.70,-0.753,0.600,-1017,1161,7.57,314.2,98.902,43.130,1,1,1
4916294,3592,1,-35.00,35.00,-14.71,37.29,-0.720,0.594,-1045,1189,7.57,310.0,108.537,44.214,1,1,1
4926294,3602,1,-35.00,35.00,-23.48,38.85,-0.693,0.589,-1075,1218,7.58,272.5,109.939,45.312,1,1,1
4936302,3612,1,-35.00,35.00,-28.74,39.50,-0.675,0.584,-1103,1246,7.60,245.0,107.683,46.387,1,1,1
4946309,3622,1,-35.00,35.00,-33.30,39.08,-0.662,0.585,-1133,1272,7.59,232.7,102.622,47.411,1,1,1
4956309,3632,1,-35.00,35.00,-36.06,37.02,-0.651,0.591,-1162,1294,7.60,226.0,98.659,48.396,1,1,1
4966317,3642,1,-35.00,35.00,-37.98,34.70,-0.644,0.601,-1191,1314,7.59,220.5,98.659,49.381,1,1,1
4976324,3652,1,-35.00,35.00,-39.77,35.28,-0.636,0.599,-1221,1339,7.60,221.2,93.963,50.319,1,1,1
4986324,3662,1,-35.00,35.00,-41.46,35.68,-0.629,0.598,-1252,1364,7.60,219.0,93.780,51.256,1,1,1
4996324,3672,1,-35.00,35.00,-41.77,35.96,-0.625,0.597,-1281,1389,7.61,213.0,101.646,52.270,1,1,1
5006324,3682,1,-35.00,35.00,-42.42,37.04,-0.620,0.594,-1311,1416,7.61,210.5,109.817,53.367,1,1,1
5016324,3692,1,-35.00,35.00,-42.88,39.11,-0.618,0.588,-1341,1446,7.60,210.2,114.512,54.510,1,1,1
5026332,3702,1,-35.00,35.00,-41.88,38.80,-0.618,0.588,-1368,1472,7.61,205.2,113.902,55.648,1,1,1
5036333,3712,1,-35.00,35.00,-41.18,38.15,-0.618,0.590,-1395,1497,7.61,205.2,106.524,56.711,1,1,1
5046348,3722,1,-35.00,35.00,-41.13,37.25,-0.618,0.593,-1423,1521,7.61,208.5,94.573,57.655,1,1,1
5056348,3732,1,-35.00,35.00,-41.98,35.30,-0.615,0.601,-1453,1542,7.60,206.7,87.256,58.526,1,1,1
5066354,3742,1,-35.00,35.00,-42.13,33.50,-0.613,0.608,-1482,1562,7.60,210.5,88.354,59.408,1,1,1
5076354,3752,1,-35.00,35.00,-41.79,34.44,-0.613,0.606,-1510,1587,7.60,212.0,92.683,60.333,1,1,1
5086354,3762,1,-35.00,35.00,-43.32,34.21,-0.608,0.609,-1542,1610,7.60,213.0,94.634,61.278,1,1,1
5096354,3772,1,-35.00,35.00,-44.82,34.94,-0.602,0.607,-1575,1635,7.60,209.7,99.085,62.267,1,1,1
5106354,3782,1,-35.00,35.00,-45.88,35.88,-0.597,0.605,-1608,1661,7.61,209.5,107.805,63.344,1,1,1
5116354,3792,1,-35.00,35.00,-43.98,37.86,-0.604,0.599,-1635,1690,7.60,207.0,115.976,64.502,1,1,1
5126354,3802,1,-35.00,35.00,-42.21,38.37,-0.609,0.597,-1661,1717,7.60,205.8,110.976,65.610,1,1,1
5136363,3812,1,-35.00,35.00,-38.78,38.28,-0.619,0.596,-1682,1743,7.61,208.2,100.488,66.613,1,1,1
5146363,3822,1,-35.00,35.00,-37.69,36.03,-0.622,0.603,-1706,1764,7.61,210.0,94.085,67.553,1,1,1
5156363,3832,1,-35.00,35.00,-38.69,33.13,-0.617,0.614,-1734,1782,7.61,215.5,86.951,68.420,1,1,1
5166369,3842,1,-35.00,35.00,-39.83,32.42,-0.614,0.618,-1763,1803,7.60,216.0,83.598,69.255,1,1,1
5176378,3852,1,-35.00,35.00,-40.62,33.24,-0.610,0.617,-1792,1827,7.61,220.5,86.402,70.117,1,1,1
5186385,3862,1,-35.00,35.00,-42.06,34.25,-0.606,0.616,-1823,1852,7.60,218.8,96.159,71.077,1,1,1
5196385,3872,1,-35.00,35.00,-40.43,34.52,-0.610,0.615,-1848,1876,7.60,215.2,108.598,72.161,1,1,1
5206385,3882,1,-35.00,35.00,-40.60,35.59,-0.609,0.611,-1876,1902,7.61,214.2,109.512,73.255,1,1,1
5216385,3892,1,-35.00,35.00,-38.97,38.10,-0.615,0.602,-1900,1932,7.60,214.8,103.598,74.289,1,1,1
5226393,3902,1,-35.00,35.00,-39.14,38.09,-0.614,0.602,-1927,1958,7.61,213.0,97.988,75.268,1,1,1
5236400,3912,1,-35.00,35.00,-39.27,35.89,-0.613,0.609,-1954,1979,7.60,211.0,97.988,76.246,1,1,1
5246400,3922,1,-35.00,35.00,-39.79,33.04,-0.610,0.619,-1982,1997,7.61,213.5,99.512,77.239,1,1,1
5256415,3932,1,-35.00,35.00,-41.48,32.79,-0.604,0.623,-2013,2019,7.59,217.8,95.610,78.194,1,1,1
5266424,3942,1,-35.00,35.00,-41.34,33.06,-0.603,0.623,-2041,2042,7.60,217.8,89.939,79.091,1,1,1
5276430,3952,1,-35.00,35.00,-39.92,34.13,-0.608,0.620,-2066,2067,7.60,213.8,90.915,79.999,1,1,1
5286439,3962,1,-35.00,35.00,-38.49,34.88,-0.612,0.618,-2090,2092,7.60,217.5,97.988,80.977,1,1,1
5296445,3972,1,-35.00,35.00,-37.93,36.28,-0.614,0.612,-2115,2119,7.61,220.0,99.451,81.970,1,1,1
5306445,3982,1,-35.00,35.00,-38.42,38.14,-0.613,0.606,-2142,2148,7.60,215.2,97.561,82.944,1,1,1
5316445,3992,1,-35.00,35.00,-39.20,38.12,-0.610,0.605,-2170,2174,7.61,214.5,97.439,83.917,1,1,1
5326445,4002,1,-35.00,35.00,-38.86,37.67,-0.612,0.608,-2196,2199,7.59,213.8,99.695,84.912,1,1,1
5336446,4012,1,-35.00,35.00,-39.51,36.48,-0.609,0.612,-2224,2222,7.60,212.2,100.427,85.915,1,1,1
5346446,4022,1,-35.00,35.00,-41.28,33.88,-0.601,0.621,-2255,2241,7.61,214.0,98.049,86.894,1,1,1
5356454,4032,1,-35.00,35.00,-42.08,31.63,-0.596,0.630,-2285,2259,7.61,212.8,90.793,87.800,1,1,1
5366460,4042,1,-35.00,35.00,-41.32,32.69,-0.600,0.629,-2312,2283,7.59,219.2,84.268,88.641,1,1,1
5376469,4052,1,-35.00,35.00,-38.59,33.43,-0.607,0.626,-2334,2307,7.60,217.5,81.646,89.456,1,1,1
5386476,4062,1,-35.00,35.00,-35.80,34.39,-0.617,0.623,-2354,2332,7.60,218.5,81.463,90.269,1,1,1
5396476,4072,1,-35.00,35.00,-35.61,35.06,-0.617,0.621,-2378,2357,7.61,224.8,82.317,91.090,1,1,1
5406476,4082,1,-35.00,35.00,-36.79,36.40,-0.614,0.617,-2405,2384,7.60,222.2,86.159,91.950,1,1,1
5416476,4092,1,-35.00,35.00,-38.06,38.23,-0.610,0.610,-2433,2413,7.61,219.5,92.439,92.873,1,1,1
5426484,4102,1,-35.00,35.00,-38.07,36.87,-0.609,0.614,-2459,2436,7.61,212.8,96.463,93.836,1,1,1
5436493,4112,1,-35.00,35.00,-39.39,34.60,-0.604,0.622,-2488,2456,7.61,217.2,98.171,94.816,1,1,1
5446493,4122,1,-35.00,35.00,-39.88,33.88,-0.602,0.625,-2516,2478,7.61,216.5,92.378,95.738,1,1,1
5456493,4132,1,-35.00,35.00,-40.66,33.83,-0.599,0.627,-2545,2501,7.60,216.5,82.866,96.565,1,1,1
5466500,4142,1,-35.00,35.00,-38.13,34.23,-0.606,0.625,-2567,2525,7.61,219.8,79.756,97.361,1,1,1
5476508,4152,1,-35.00,35.00,-36.80,35.38,-0.611,0.622,-2590,2551,7.60,219.5,83.415,98.194,1,1,1
5486508,4162,1,-35.00,35.00,-37.18,36.19,-0.610,0.619,-2616,2577,7.60,221.5,87.378,99.066,1,1,1
5496515,4172,1,-35.00,35.00,-37.45,38.52,-0.609,0.610,-2642,2607,7.61,220.5,93.537,100.000,1,1,1
5506515,4182,1,-35.00,35.00,-37.64,38.83,-0.609,0.609,-2668,2634,7.61,214.0,100.061,100.999,1,1,1
5516515,4192,1,-35.00,35.00,-37.78,37.73,-0.608,0.612,-2694,2658,7.61,213.0,102.927,102.026,1,1,1
5526515,4202,1,-35.00,35.00,-38.75,35.20,-0.604,0.621,-2722,2678,7.60,213.0,98.110,103.006,1,1,1
5536524,4212,1,-35.00,35.00,-39.87,33.43,-0.599,0.628,-2751,2698,7.61,218.5,91.037,103.914,1,1,1
5546539,4222,1,-35.00,35.00,-40.21,33.07,-0.598,0.631,-2779,2720,7.60,219.0,83.110,104.744,1,1,1
5556545,4232,1,-35.00,35.00,-40.01,34.13,-0.599,0.629,-2806,2745,7.59,217.5,79.878,105.541,1,1,1
5566545,4242,1,-35.00,35.00,-37.68,35.32,-0.607,0.625,-2828,2771,7.59,218.8,85.610,106.395,1,1,1
5576545,4252,1,-35.00,35.00,-35.60,36.59,-0.613,0.620,-2849,2798,7.59,220.8,91.220,107.306,1,1,1
5586554,4262,1,-35.00,35.00,-36.35,38.80,-0.611,0.612,-2875,2828,7.60,220.8,91.220,108.217,1,1,1
5596554,4272,1,-35.00,35.00,-36.87,39.02,-0.610,0.611,-2901,2855,7.60,214.0,91.829,109.133,1,1,1
5606561,4282,1,-35.00,35.00,-36.79,38.30,-0.610,0.613,-2926,2880,7.60,215.8,94.573,110.077,1,1,1
5616569,4292,1,-35.00,35.00,-36.74,35.60,-0.609,0.622,-2951,2900,7.60,215.0,92.195,110.998,1,1,1
5626569,4302,1,-35.00,35.00,-38.02,32.83,-0.604,0.632,-2979,2918,7.60,216.5,87.195,111.868,1,1,1
5636576,4312,1,-35.00,35.00,-38.04,33.09,-0.603,0.632,-3005,2941,7.60,220.0,81.341,112.680,1,1,1
5646584,4322,1,-35.00,35.00,-38.93,35.03,-0.601,0.627,-3033,2968,7.60,224.3,78.293,113.461,1,1,1
5656591,4332,1,-35.00,35.00,-36.48,35.94,-0.609,0.622,-3054,2994,7.61,219.8,83.963,114.299,1,1,1
5666591,4342,1,-35.00,35.00,-35.65,36.15,-0.612,0.622,-3077,3019,7.60,217.8,89.878,115.196,1,1,1
5676599,4352,1,-35.00,35.00,-36.38,38.05,-0.610,0.615,-3103,3048,7.60,220.8,92.744,116.122,1,1,1
5686599,4362,1,-35.00,35.00,-36.01,40.26,-0.612,0.607,-3127,3079,7.61,218.8,93.902,117.059,1,1,1
5696599,4372,1,-35.00,35.00,-35.75,40.04,-0.613,0.607,-3151,3106,7.60,215.2,95.610,118.014,1,1,1
5706599,4382,1,-35.00,35.00,-36.01,36.38,-0.611,0.619,-3176,3125,7.60,216.2,94.512,118.957,1,1,1
5716599,4392,1,-35.00,35.00,-36.20,34.26,-0.610,0.626,-3201,3145,7.60,219.8,90.427,119.860,1,1,1
5726599,4402,1,-35.00,35.00,-37.20,34.09,-0.606,0.628,-3228,3168,7.61,224.5,85.183,120.710,1,1,1
5736606,4412,1,-35.00,35.00,-38.79,35.29,-0.601,0.624,-3257,3194,7.61,220.5,86.890,121.577,1,1,1
5746606,4422,1,-35.00,35.00,-38.14,36.13,-0.604,0.622,-3282,3220,7.60,221.0,97.256,122.548,1,1,1
5756614,4432,1,-35.00,35.00,-35.05,37.59,-0.615,0.616,-3301,3248,7.60,220.8,104.329,123.590,1,1,1
5766614,4442,1,-35.00,35.00,-34.20,39.50,-0.618,0.609,-3323,3278,7.60,220.5,98.537,124.574,1,1,1
5776615,4452,1,-35.00,35.00,-34.05,39.95,-0.620,0.607,-3346,3306,7.60,218.5,91.037,125.482,1,1,1
5786621,4462,1,-35.00,35.00,-34.82,39.83,-0.619,0.608,-3371,3333,7.59,220.0,91.585,126.397,1,1,1
5796621,4472,1,-35.00,35.00,-34.48,38.43,-0.618,0.610,-3394,3357,7.61,222.0,91.585,127.311,1,1,1
5806621,4482,1,-35.00,35.00,-34.24,34.81,-0.619,0.622,-3417,3375,7.61,220.0,86.524,128.174,1,1,1
5816630,4492,1,-35.00,35.00,-34.52,33.60,-0.618,0.627,-3441,3396,7.61,225.8,81.524,128.988,1,1,1
5826636,4502,1,-35.00,35.00,-33.39,34.50,-0.623,0.624,-3462,3421,7.59,228.0,81.951,129.806,1,1,1
5836636,4512,1,-35.00,35.00,-34.36,35.14,-0.619,0.622,-3487,3446,7.60,230.5,88.720,130.692,1,1,1
5846636,4522,1,-35.00,35.00,-34.16,36.02,-0.621,0.619,-3510,3472,7.60,227.0,96.037,131.650,1,1,1
5856636,4532,1,-35.00,35.00,-34.02,37.52,-0.622,0.613,-3533,3500,7.60,221.8,100.000,132.649,1,1,1
5866636,4542,1,-35.00,35.00,-33.48,38.57,-0.625,0.609,-3555,3528,7.61,225.8,97.927,133.626,1,1,1
5876636,4552,1,-35.00,35.00,-33.98,38.42,-0.625,0.609,-3579,3554,7.60,223.2,95.549,134.580,1,1,1
5886636,4562,1,-35.00,35.00,-34.34,37.44,-0.624,0.612,-3603,3578,7.60,224.3,92.744,135.506,1,1,1
5896636,4572,1,-35.00,35.00,-35.46,33.68,-0.619,0.625,-3629,3595,7.60,223.5,89.329,136.398,1,1,1
5906645,4582,1,-35.00,35.00,-36.25,33.68,-0.616,0.626,-3655,3618,7.60,227.0,89.329,137.289,1,1,1
5916645,4592,1,-35.00,35.00,-36.80,34.57,-0.613,0.623,-3681,3643,7.60,227.0,86.220,138.150,1,1,1
5926645,4602,1,-35.00,35.00,-36.75,35.62,-0.613,0.620,-3706,3669,7.60,224.5,89.878,139.047,1,1,1
5936645,4612,1,-35.00,35.00,-35.83,35.04,-0.617,0.623,-3729,3692,7.59,220.5,99.451,140.040,1,1,1
5946652,4622,1,-35.00,35.00,-36.07,36.40,-0.616,0.618,-3754,3719,7.59,222.0,109.146,141.130,1,1,1
5956652,4632,1,-35.00,35.00,-35.35,38.22,-0.617,0.610,-3777,3748,7.61,221.0,113.415,142.262,1,1,1
5966660,4642,1,-35.00,35.00,-33.54,39.50,-0.625,0.605,-3797,3777,7.60,220.5,106.524,143.326,1,1,1
5976660,4652,1,-35.00,35.00,-33.14,38.64,-0.627,0.608,-3819,3802,7.60,219.0,92.744,144.252,1,1,1
5986660,4662,1,-35.00,35.00,-34.63,37.15,-0.623,0.613,-3845,3825,7.59,221.0,83.902,145.089,1,1,1
5996667,4672,1,-35.00,35.00,-35.66,34.80,-0.619,0.621,-3871,3845,7.59,224.0,78.110,145.868,1,1,1
6006667,4682,1,-35.00,35.00,-35.95,32.27,-0.616,0.630,-3896,3863,7.60,222.0,78.537,146.652,1,1,1
6016675,4692,1,-35.00,35.00,-35.71,33.57,-0.617,0.626,-3920,3888,7.60,225.8,79.146,147.442,1,1,1
6026682,4702,1,-35.00,35.00,-36.86,34.05,-0.613,0.625,-3947,3912,7.60,222.5,79.146,148.232,1,1,1
6036682,4712,1,-35.00,35.00,-37.67,33.50,-0.608,0.628,-3974,3934,7.60,223.2,85.915,149.089,1,1,1
6046682,4722,1,-35.00,35.00,-38.23,34.44,-0.607,0.626,-4001,3959,7.60,221.5,96.951,150.057,1,1,1
6056682,4732,1,-35.00,35.00,-35.99,34.65,-0.613,0.624,-4022,3983,7.60,218.8,101.341,151.069,1,1,1
6066682,4742,1,-35.00,35.00,-33.98,35.24,-0.621,0.622,-4042,4008,7.60,223.8,95.000,152.017,1,1,1
6076690,4752,1,-35.00,35.00,-33.46,36.10,-0.623,0.618,-4064,4034,7.60,222.8,84.024,152.856,1,1,1
6086690,4762,1,-35.00,35.00,-35.72,33.18,-0.615,0.630,-4092,4052,7.59,223.5,76.768,153.622,1,1,1
6096690,4772,1,-35.00,35.00,-35.55,35.53,-0.616,0.622,-4116,4080,7.60,225.3,78.659,154.407,1,1,1
6106690,4782,1,-35.00,35.00,-35.43,35.86,-0.616,0.620,-4140,4105,7.60,222.0,82.256,155.228,1,1,1
6116690,4792,1,-35.00,35.00,-35.35,36.09,-0.616,0.619,-4164,4130,7.60,222.8,88.720,156.113,1,1,1
6126697,4802,1,-35.00,35.00,-36.17,34.49,-0.613,0.624,-4190,4151,7.60,219.8,98.720,157.099,1,1,1
6136697,4812,1,-35.00,35.00,-37.19,37.77,-0.611,0.614,-4217,4182,7.60,222.8,105.915,158.157,1,1,1
6146697,4822,1,-35.00,35.00,-35.26,38.30,-0.617,0.610,-4238,4209,7.61,217.8,106.037,159.215,1,1,1
6156697,4832,1,-35.00,35.00,-34.79,37.80,-0.620,0.612,-4261,4234,7.59,217.2,97.744,160.191,1,1,1
6166697,4842,1,-35.00,35.00,-34.46,34.37,-0.619,0.623,-4284,4252,7.60,219.2,87.439,161.064,1,1,1
6176697,4852,1,-35.00,35.00,-33.79,34.60,-0.622,0.622,-4306,4276,7.60,223.0,82.134,161.884,1,1,1
6186705,4862,1,-35.00,35.00,-35.52,33.01,-0.617,0.629,-4333,4296,7.59,225.8,80.976,162.692,1,1,1
6196712,4872,1,-35.00,35.00,-35.85,34.97,-0.615,0.622,-4358,4323,7.60,225.8,81.220,163.502,1,1,1
6206712,4882,1,-35.00,35.00,-35.64,34.59,-0.615,0.623,-4382,4346,7.60,223.8,84.634,164.347,1,1,1
6216712,4892,1,-35.00,35.00,-35.94,35.20,-0.613,0.621,-4407,4371,7.61,224.5,93.780,165.283,1,1,1
6226721,4902,1,-35.00,35.00,-35.26,35.19,-0.617,0.622,-4430,4395,7.59,219.8,99.268,166.274,1,1,1
6236727,4912,1,-35.00,35.00,-35.23,36.93,-0.617,0.615,-4454,4423,7.60,221.2,101.402,167.287,1,1,1
6246736,4922,1,-35.00,35.00,-35.21,37.28,-0.617,0.613,-4478,4449,7.61,222.5,100.183,168.287,1,1,1
6256740,4932,1,-35.00,35.00,-34.75,37.96,-0.620,0.611,-4501,4476,7.59,218.5,93.659,169.222,1,1,1
6266751,4942,1,-35.00,35.00,-34.00,36.24,-0.622,0.616,-4523,4498,7.60,218.8,85.427,170.074,1,1,1
6276758,4952,1,-35.00,35.00,-34.78,34.60,-0.619,0.621,-4548,4519,7.60,221.5,79.939,170.872,1,1,1
6286758,4962,1,-35.00,35.00,-34.89,34.33,-0.618,0.622,-4572,4542,7.61,226.0,79.024,171.661,1,1,1
6296758,4972,1,-35.00,35.00,-35.41,35.01,-0.617,0.620,-4597,4567,7.60,224.5,80.854,172.468,1,1,1
6306758,4982,1,-35.00,35.00,-35.78,34.62,-0.615,0.622,-4622,4590,7.60,220.2,86.098,173.327,1,1,1
6316758,4992,1,-35.00,35.00,-37.35,34.78,-0.610,0.622,-4650,4614,7.60,222.5,95.305,174.278,1,1,1
6326764,5002,1,-35.00,35.00,-38.89,36.21,-0.606,0.618,-4679,4641,7.59,218.8,101.402,175.291,1,1,1
6336766,5012,1,-35.00,35.00,-37.77,36.33,-0.608,0.617,-4703,4666,7.61,214.2,104.390,176.333,1,1,1
6346766,5022,1,-35.00,35.00,-36.11,35.10,-0.613,0.621,-4725,4688,7.61,218.8,100.488,177.336,1,1,1
6356766,5032,1,-35.00,35.00,-33.18,35.12,-0.623,0.620,-4743,4712,7.60,219.5,85.854,178.193,1,1,1
6366773,5042,1,-35.00,35.00,-32.90,35.13,-0.625,0.620,-4765,4736,7.60,223.5,75.061,178.942,1,1,1
6376773,5052,1,-35.00,35.00,-34.89,35.58,-0.619,0.618,-4792,4761,7.60,226.3,74.939,179.690,1,1,1
6386773,5062,1,-35.00,35.00,-35.41,35.45,-0.617,0.619,-4817,4785,7.60,223.2,87.988,180.568,1,1,1
6396781,5072,1,-35.00,35.00,-35.33,35.80,-0.617,0.618,-4841,4810,7.60,223.0,100.793,181.574,1,1,1
6406781,5082,1,-35.00,35.00,-35.28,36.49,-0.618,0.616,-4865,4836,7.59,220.0,103.720,182.610,1,1,1
6416781,5092,1,-35.00,35.00,-35.68,37.85,-0.617,0.611,-4890,4864,7.60,220.2,100.244,183.611,1,1,1
6426788,5102,1,-35.00,35.00,-36.40,37.48,-0.614,0.612,-4916,4889,7.60,220.0,96.098,184.570,1,1,1
6436797,5112,1,-35.00,35.00,-36.03,36.78,-0.615,0.614,-4940,4913,7.61,219.2,96.037,185.529,1,1,1
6446803,5122,1,-35.00,35.00,-35.33,33.22,-0.616,0.626,-4963,4930,7.60,214.5,90.488,186.432,1,1,1
6456803,5132,1,-35.00,35.00,-35.28,32.92,-0.616,0.628,-4987,4952,7.60,222.8,82.439,187.255,1,1,1
6466812,5142,1,-35.00,35.00,-34.80,34.03,-0.618,0.625,-5010,4977,7.60,228.5,76.220,188.015,1,1,1
6476819,5152,1,-35.00,35.00,-35.35,34.81,-0.616,0.622,-5035,5002,7.60,226.3,82.500,188.839,1,1,1
6486827,5162,1,-35.00,35.00,-35.29,34.47,-0.616,0.624,-5059,5025,7.60,224.3,97.683,189.814,1,1,1
6496834,5172,1,-35.00,35.00,-35.25,36.00,-0.618,0.619,-5083,5052,7.59,226.0,110.000,190.912,1,1,1
6506834,5182,1,-35.00,35.00,-35.66,38.38,-0.616,0.610,-5108,5082,7.60,224.5,113.598,192.047,1,1,1
6516834,5192,1,-35.00,35.00,-25.84,40.05,-0.653,0.601,-5110,5112,7.60,217.5,108.720,193.132,1,1,1
6526834,5202,1,-35.00,35.00,-18.09,39.90,-0.684,0.597,-5110,5139,7.60,233.5,103.476,194.165,1,1,1
6536834,5212,1,-35.00,35.00,-12.66,37.60,-0.711,0.602,-5110,5161,7.58,254.0,94.939,195.113,1,1,1
6546834,5222,1,-35.00,35.00,-8.86,33.79,-0.725,0.611,-5110,5178,7.58,280.8,80.183,195.913,1,1,1
6556842,5232,1,-35.00,35.00,-6.64,32.44,-0.736,0.614,-5111,5198,7.57,293.0,72.805,196.640,1,1,1
6566842,5242,1,-35.00,35.00,-4.65,33.70,-0.745,0.606,-5111,5223,7.57,307.0,73.659,197.375,1,1,1
6576842,5252,1,-35.00,35.00,-3.26,35.01,-0.754,0.600,-5111,5249,7.56,311.5,87.073,198.244,1,1,1
6586849,5262,1,-35.00,35.00,-4.04,35.50,-0.754,0.594,-5115,5274,7.57,316.0,102.744,199.270,1,1,1
6596857,5272,1,-35.00,35.00,-14.25,37.59,-0.724,0.586,-5141,5303,7.57,304.8,109.146,200.359,1,1,1
6606857,5282,1,-35.00,35.00,-23.16,39.50,-0.696,0.579,-5171,5333,7.59,272.8,107.683,201.435,1,1,1
6616864,5292,1,-35.00,35.00,-28.52,39.07,-0.679,0.580,-5199,5359,7.59,245.8,106.524,202.498,1,1,1
6626864,5302,1,-35.00,35.00,-32.71,36.58,-0.665,0.589,-5228,5380,7.60,234.0,101.402,203.511,1,1,1
6636864,5312,1,-35.00,35.00,-36.08,33.52,-0.653,0.600,-5258,5398,7.60,228.0,93.598,204.445,1,1,1
6646864,5322,1,-35.00,35.00,-37.12,32.69,-0.647,0.603,-5285,5419,7.61,228.0,86.951,205.313,1,1,1
6656864,5332,1,-35.00,35.00,-39.17,33.43,-0.640,0.603,-5315,5443,7.59,223.8,87.988,206.191,1,1,1
6666864,5342,1,-35.00,35.00,-40.16,34.39,-0.634,0.600,-5344,5468,7.61,222.0,100.732,207.197,1,1,1
6676873,5352,1,-35.00,35.00,-40.86,35.06,-0.630,0.599,-5373,5493,7.60,218.8,113.110,208.326,1,1,1
6686879,5362,1,-35.00,35.00,-41.78,37.28,-0.626,0.592,-5403,5522,7.60,217.0,117.500,209.500,1,1,1
6696888,5372,1,-35.00,35.00,-41.99,38.40,-0.623,0.588,-5432,5550,7.60,211.2,113.780,210.636,1,1,1
6706903,5382,1,-35.00,35.00,-41.26,37.87,-0.624,0.590,-5459,5575,7.60,209.0,106.768,211.702,1,1,1
6716910,5392,1,-35.00,35.00,-40.75,36.62,-0.622,0.593,-5486,5598,7.61,209.2,91.890,212.619,1,1,1
6726910,5402,1,-35.00,35.00,-40.83,35.30,-0.621,0.599,-5514,5620,7.60,209.7,81.829,213.436,1,1,1
6736910,5412,1,-35.00,35.00,-40.88,32.18,-0.619,0.610,-5542,5637,7.60,213.0,82.622,214.260,1,1,1
6746910,5422,1,-35.00,35.00,-41.80,31.75,-0.615,0.614,-5572,5658,7.60,218.2,86.159,215.120,1,1,1
6756918,5432,1,-35.00,35.00,-42.01,32.78,-0.614,0.613,-5601,5682,7.60,216.2,90.854,216.027,1,1,1
6766918,5442,1,-35.00,35.00,-41.71,33.49,-0.614,0.611,-5629,5706,7.60,214.5,99.573,217.021,1,1,1
6776918,5452,1,-35.00,35.00,-43.26,33.99,-0.608,0.611,-5661,5730,7.61,218.5,108.780,218.107,1,1,1
6786925,5462,1,-35.00,35.00,-45.22,35.22,-0.601,0.608,-5695,5756,7.60,212.8,116.402,219.270,1,1,1
6796933,5472,1,-35.00,35.00,-42.20,37.40,-0.610,0.600,-5719,5785,7.61,209.0,113.963,220.408,1,1,1
6806933,5482,1,-35.00,35.00,-38.77,38.04,-0.621,0.596,-5740,5812,7.61,209.2,100.854,221.415,1,1,1
6816940,5492,1,-35.00,35.00,-38.13,37.18,-0.623,0.599,-5765,5836,7.61,216.0,89.085,222.304,1,1,1
6826946,5502,1,-35.00,35.00,-39.43,33.93,-0.619,0.611,-5794,5854,7.59,213.5,81.524,223.118,1,1,1
6836948,5512,1,-35.00,35.00,-40.35,30.79,-0.613,0.623,-5823,5870,7.60,216.2,81.524,223.931,1,1,1
6846948,5522,1,-35.00,35.00,-40.11,30.78,-0.614,0.626,-5850,5891,7.59,221.0,82.744,224.757,1,1,1
6856955,5532,1,-35.00,35.00,-40.38,32.09,-0.612,0.623,-5878,5915,7.59,225.3,86.098,225.616,1,1,1
6866963,5542,1,-35.00,35.00,-42.33,33.45,-0.604,0.619,-5910,5940,7.61,221.8,92.561,226.540,1,1,1
6876970,5552,1,-35.00,35.00,-40.18,34.40,-0.611,0.617,-5934,5965,7.61,217.2,105.000,227.589,1,1,1
6886970,5562,1,-35.00,35.00,-38.67,35.51,-0.617,0.614,-5958,5991,7.60,219.5,111.159,228.699,1,1,1
6896983,5572,1,-35.00,35.00,-38.50,37.16,-0.617,0.608,-5984,6019,7.60,218.5,103.780,229.735,1,1,1
6906998,5582,1,-35.00,35.00,-38.81,37.44,-0.616,0.606,-6011,6045,7.60,217.2,95.366,230.687,1,1,1
6917005,5593,1,-35.00,35.00,-39.91,35.43,-0.611,0.613,-6040,6066,7.61,218.0,95.183,231.637,1,1,1
6927014,5603,1,-35.00,35.00,-38.93,32.28,-0.613,0.625,-6065,6083,7.60,213.8,94.634,232.582,1,1,1
6937014,5613,1,-35.00,35.00,-39.99,30.94,-0.609,0.632,-6094,6102,7.59,221.2,89.695,233.477,1,1,1
6947014,5623,1,-35.00,35.00,-40.30,31.77,-0.607,0.630,-6122,6125,7.60,225.3,85.427,234.330,1,1,1
6957020,5633,1,-35.00,35.00,-40.95,33.66,-0.604,0.626,-6151,6151,7.60,222.8,84.756,235.176,1,1,1
6967029,5643,1,-35.00,35.00,-39.65,34.11,-0.608,0.625,-6176,6175,7.60,218.2,94.146,236.115,1,1,1
6977029,5653,1,-35.00,35.00,-37.86,35.74,-0.614,0.619,-6199,6202,7.60,218.8,102.012,237.134,1,1,1
6987036,5663,1,-35.00,35.00,-37.93,37.32,-0.615,0.614,-6225,6230,7.60,222.2,100.366,238.136,1,1,1
6997036,5673,1,-35.00,35.00,-37.98,37.55,-0.615,0.613,-6251,6256,7.59,220.2,97.500,239.109,1,1,1
7007036,5683,1,-35.00,35.00,-38.45,37.71,-0.612,0.610,-6278,6282,7.61,218.8,97.378,240.081,1,1,1
7017051,5693,1,-35.00,35.00,-38.78,36.95,-0.611,0.613,-6305,6306,7.60,214.0,97.500,241.055,1,1,1
7027059,5703,1,-35.00,35.00,-39.45,34.21,-0.607,0.622,-6333,6325,7.61,217.5,95.305,242.006,1,1,1
7037059,5713,1,-35.00,35.00,-40.36,31.42,-0.603,0.634,-6362,6342,7.60,220.2,90.427,242.909,1,1,1
7047066,5723,1,-35.00,35.00,-41.44,31.22,-0.598,0.636,-6392,6363,7.61,224.8,82.927,243.736,1,1,1
7057074,5733,1,-35.00,35.00,-40.43,33.28,-0.603,0.632,-6418,6389,7.59,221.0,77.439,244.509,1,1,1
7067074,5743,1,-35.00,35.00,-37.09,33.84,-0.612,0.629,-6438,6413,7.60,222.8,80.854,245.316,1,1,1
7077081,5753,1,-35.00,35.00,-35.63,35.12,-0.617,0.624,-6460,6439,7.60,224.8,84.512,246.160,1,1,1
7087081,5763,1,-35.00,35.00,-36.81,36.45,-0.614,0.620,-6487,6466,7.60,223.2,85.732,247.015,1,1,1
7097090,5773,1,-35.00,35.00,-37.63,37.38,-0.612,0.617,-6514,6493,7.59,220.0,87.805,247.892,1,1,1
7107096,5783,1,-35.00,35.00,-36.89,38.03,-0.614,0.614,-6538,6520,7.60,219.0,90.976,248.800,1,1,1
7117105,5793,1,-35.00,35.00,-37.69,34.97,-0.611,0.625,-6565,6539,7.59,217.0,93.232,249.730,1,1,1
7127112,5803,1,-35.00,35.00,-38.69,33.71,-0.607,0.630,-6593,6560,7.60,223.2,92.317,250.652,1,1,1
7137127,5813,1,-35.00,35.00,-39.38,33.26,-0.604,0.632,-6621,6582,7.59,224.5,84.817,251.499,1,1,1
7147135,5823,1,-35.00,35.00,-38.99,34.27,-0.605,0.630,-6647,6607,7.60,222.8,77.805,252.275,1,1,1
7157135,5833,1,-35.00,35.00,-37.40,34.98,-0.610,0.627,-6670,6632,7.60,221.5,79.878,253.072,1,1,1
7167135,5843,1,-35.00,35.00,-36.73,35.91,-0.612,0.624,-6694,6658,7.60,222.8,86.768,253.938,1,1,1
7177142,5853,1,-35.00,35.00,-37.58,37.88,-0.610,0.617,-6721,6687,7.59,223.8,92.561,254.862,1,1,1
7187150,5863,1,-35.00,35.00,-37.29,38.82,-0.611,0.613,-6746,6715,7.59,219.0,96.890,255.829,1,1,1
7197157,5873,1,-35.00,35.00,-37.53,38.16,-0.610,0.614,-6772,6740,7.60,215.8,100.305,256.831,1,1,1
7207165,5883,1,-35.00,35.00,-37.70,36.38,-0.609,0.620,-6798,6762,7.60,218.8,98.537,257.815,1,1,1
7217165,5893,1,-35.00,35.00,-38.25,33.38,-0.606,0.630,-6825,6780,7.60,222.5,92.317,258.736,1,1,1
7227173,5903,1,-35.00,35.00,-38.64,33.03,-0.604,0.633,-6852,6802,7.60,221.8,85.061,259.585,1,1,1
7237188,5913,1,-35.00,35.00,-40.23,33.67,-0.598,0.631,-6882,6826,7.61,224.3,77.073,260.354,1,1,1
7247196,5923,1,-35.00,35.00,-38.27,34.99,-0.605,0.628,-6905,6852,7.59,220.8,78.720,261.140,1,1,1
7257208,5933,1,-35.00,35.00,-36.46,35.92,-0.612,0.625,-6927,6878,7.58,220.2,88.293,262.021,1,1,1
7267218,5943,1,-35.00,35.00,-36.07,38.33,-0.612,0.614,-6951,6908,7.61,221.2,91.890,262.938,1,1,1
7277218,5953,1,-35.00,35.00,-36.67,38.70,-0.611,0.613,-6977,6935,7.60,218.5,91.585,263.853,1,1,1
7287218,5963,1,-35.00,35.00,-36.66,38.51,-0.611,0.612,-7002,6961,7.61,219.0,94.085,264.792,1,1,1
7297218,5973,1,-35.00,35.00,-36.65,36.63,-0.611,0.618,-7027,6983,7.60,215.8,93.902,265.729,1,1,1
7307218,5983,1,-35.00,35.00,-36.64,33.99,-0.610,0.627,-7052,7002,7.60,218.2,87.988,266.607,1,1,1
7317226,5993,1,-35.00,35.00,-37.51,32.14,-0.606,0.634,-7079,7021,7.60,222.2,80.427,267.410,1,1,1
7327233,6003,1,-35.00,35.00,-37.68,33.92,-0.606,0.630,-7105,7047,7.60,227.5,75.305,268.161,1,1,1
7337242,6013,1,-35.00,35.00,-36.93,35.61,-0.608,0.624,-7129,7074,7.60,224.5,77.683,268.937,1,1,1
7347248,6023,1,-35.00,35.00,-35.96,35.92,-0.611,0.622,-7152,7099,7.60,222.5,85.366,269.789,1,1,1
7357248,6033,1,-35.00,35.00,-35.28,36.13,-0.613,0.620,-7175,7124,7.61,225.3,88.415,270.671,1,1,1
7367248,6043,1,-35.00,35.00,-35.68,38.91,-0.614,0.611,-7200,7155,7.60,222.2,90.305,271.573,1,1,1
7377248,6053,1,-35.00,35.00,-35.96,39.54,-0.614,0.609,-7225,7183,7.59,216.8,90.793,272.479,1,1,1
7387256,6063,1,-35.00,35.00,-35.72,38.23,-0.614,0.613,-7249,7207,7.60,218.0,92.134,273.399,1,1,1
7397256,6073,1,-35.00,35.00,-35.55,34.67,-0.613,0.623,-7273,7225,7.61,220.8,91.098,274.308,1,1,1
7407263,6083,1,-35.00,35.00,-35.87,33.94,-0.612,0.627,-7298,7247,7.60,221.5,86.220,275.168,1,1,1
7417263,6093,1,-35.00,35.00,-37.85,34.30,-0.605,0.627,-7327,7271,7.60,224.5,83.171,275.999,1,1,1
7427263,6103,1,-35.00,35.00,-37.92,35.88,-0.605,0.621,-7353,7298,7.61,221.5,89.634,276.893,1,1,1
7437263,6113,1,-35.00,35.00,-37.97,36.98,-0.606,0.618,-7379,7325,7.60,220.0,100.793,277.900,1,1,1
7447263,6123,1,-35.00,35.00,-33.61,39.07,-0.621,0.609,-7395,7355,7.60,216.8,105.610,278.954,1,1,1
7457272,6133,1,-35.00,35.00,-33.20,39.65,-0.624,0.607,-7417,7383,7.60,220.5,98.049,279.933,1,1,1
7467279,6143,1,-35.00,35.00,-34.66,39.18,-0.620,0.609,-7443,7409,7.60,223.0,87.988,280.811,1,1,1
7477287,6153,1,-35.00,35.00,-34.37,38.41,-0.620,0.610,-7466,7434,7.60,223.5,84.390,281.653,1,1,1
7487294,6163,1,-35.00,35.00,-34.61,36.56,-0.620,0.616,-7490,7456,7.60,221.5,82.744,282.479,1,1,1
7497302,6173,1,-35.00,35.00,-33.89,33.06,-0.621,0.628,-7512,7473,7.60,225.8,79.939,283.277,1,1,1
7507309,6183,1,-35.00,35.00,-33.83,32.81,-0.621,0.629,-7535,7495,7.61,230.8,76.098,284.036,1,1,1
7517317,6193,1,-35.00,35.00,-34.23,34.39,-0.621,0.625,-7559,7521,7.60,232.2,79.207,284.827,1,1,1
7527317,6203,1,-35.00,35.00,-34.07,35.50,-0.623,0.621,-7582,7547,7.59,229.0,89.451,285.720,1,1,1
7537324,6213,1,-35.00,35.00,-33.96,35.84,-0.623,0.619,-7605,7572,7.60,230.5,97.683,286.695,1,1,1
7547324,6223,1,-35.00,35.00,-33.88,37.39,-0.625,0.614,-7628,7600,7.59,225.8,101.463,287.708,1,1,1
7557332,6233,1,-35.00,35.00,-33.82,38.48,-0.626,0.609,-7651,7628,7.60,227.0,98.841,288.695,1,1,1
7567332,6243,1,-35.00,35.00,-33.78,37.92,-0.626,0.610,-7674,7653,7.60,224.0,94.756,289.640,1,1,1
7577339,6253,1,-35.00,35.00,-33.32,37.09,-0.628,0.612,-7696,7677,7.60,224.8,90.854,290.547,1,1,1
7587348,6263,1,-35.00,35.00,-34.31,33.00,-0.624,0.627,-7721,7693,7.60,228.5,86.220,291.408,1,1,1
7597348,6273,1,-35.00,35.00,-34.56,33.20,-0.624,0.627,-7745,7716,7.60,230.0,82.805,292.234,1,1,1
7607354,6283,1,-35.00,35.00,-35.62,33.79,-0.620,0.625,-7771,7740,7.60,230.5,84.085,293.074,1,1,1
7617354,6293,1,-35.00,35.00,-37.24,34.64,-0.615,0.624,-7799,7765,7.59,226.3,93.720,294.009,1,1,1
7627354,6303,1,-35.00,35.00,-37.05,34.79,-0.614,0.623,-7824,7789,7.60,222.2,105.183,295.059,1,1,1
7637354,6313,1,-35.00,35.00,-36.48,35.34,-0.615,0.621,-7848,7814,7.60,224.5,112.622,296.184,1,1,1
7647354,6323,1,-35.00,35.00,-36.09,37.04,-0.617,0.615,-7872,7842,7.60,223.0,109.085,297.273,1,1,1
7657363,6333,1,-35.00,35.00,-34.05,38.68,-0.624,0.608,-7892,7871,7.60,217.2,94.451,298.216,1,1,1
7667363,6343,1,-35.00,35.00,-33.06,38.06,-0.629,0.609,-7913,7896,7.60,219.0,84.451,299.059,1,1,1
7677369,6353,1,-35.00,35.00,-33.25,36.75,-0.628,0.613,-7936,7919,7.61,223.0,77.988,299.837,1,1,1
7687378,6363,1,-35.00,35.00,-35.14,34.07,-0.622,0.623,-7963,7938,7.59,225.0,77.988,300.615,1,1,1
7697385,6373,1,-35.00,35.00,-36.02,32.20,-0.618,0.630,-7989,7957,7.60,223.2,79.939,301.413,1,1,1
7707385,6383,1,-35.00,35.00,-36.20,33.53,-0.617,0.627,-8014,7982,7.60,229.0,79.451,302.206,1,1,1
7717393,6393,1,-35.00,35.00,-37.21,33.58,-0.613,0.628,-8041,8005,7.59,227.0,84.878,303.053,1,1,1
7727393,6403,1,-35.00,35.00,-38.79,33.61,-0.607,0.629,-8070,8028,7.59,223.8,96.768,304.019,1,1,1
7737393,6413,1,-35.00,35.00,-38.58,34.07,-0.606,0.628,-8096,8052,7.60,221.2,101.890,305.036,1,1,1
7747400,6423,1,-35.00,35.00,-35.35,34.40,-0.615,0.626,-8115,8076,7.60,223.8,94.329,305.978,1,1,1
7757400,6433,1,-35.00,35.00,-33.54,34.63,-0.624,0.626,-8135,8100,7.58,222.8,82.561,306.802,1,1,1
7767400,6443,1,-35.00,35.00,-33.58,34.79,-0.623,0.625,-8158,8124,7.59,227.5,75.854,307.559,1,1,1
7777400,6453,1,-35.00,35.00,-35.81,33.58,-0.615,0.629,-8186,8145,7.59,226.3,75.854,308.316,1,1,1
7787408,6463,1,-35.00,35.00,-36.06,35.37,-0.614,0.624,-8211,8172,7.59,224.5,76.951,309.084,1,1,1
7797415,6473,1,-35.00,35.00,-35.79,35.31,-0.615,0.624,-8235,8196,7.60,221.8,81.768,309.900,1,1,1
7807415,6483,1,-35.00,35.00,-35.60,36.14,-0.615,0.620,-8259,8222,7.60,222.2,85.854,310.757,1,1,1
7817423,6493,1,-35.00,35.00,-36.78,34.53,-0.610,0.625,-8286,8243,7.61,224.0,94.207,311.697,1,1,1
7827423,6503,1,-35.00,35.00,-37.61,36.03,-0.609,0.622,-8313,8270,7.59,222.2,103.293,312.728,1,1,1
7837430,6513,1,-35.00,35.00,-35.56,37.53,-0.615,0.615,-8334,8298,7.61,219.5,107.927,313.806,1,1,1
7847439,6523,1,-35.00,35.00,-35.00,37.26,-0.617,0.615,-8357,8323,7.61,219.2,101.159,314.816,1,1,1
7857445,6533,1,-35.00,35.00,-33.73,37.07,-0.622,0.615,-8378,8348,7.60,218.2,87.134,315.686,1,1,1
7867454,6543,1,-35.00,35.00,-34.16,33.86,-0.620,0.625,-8402,8366,7.60,222.0,79.329,316.477,1,1,1
7877454,6553,1,-35.00,35.00,-35.33,33.37,-0.616,0.628,-8428,8388,7.59,225.5,78.902,317.265,1,1,1
7887460,6563,1,-35.00,35.00,-36.16,34.78,-0.613,0.624,-8454,8414,7.60,226.8,81.646,318.079,1,1,1
7897469,6573,1,-35.00,35.00,-35.86,34.89,-0.614,0.623,-8478,8438,7.60,223.0,84.024,318.918,1,1,1
7907476,6583,1,-35.00,35.00,-36.09,34.97,-0.613,0.624,-8503,8462,7.60,221.5,91.037,319.827,1,1,1
7917476,6593,1,-35.00,35.00,-35.81,35.03,-0.614,0.623,-8527,8486,7.60,221.5,98.659,320.812,1,1,1
7927484,6603,1,-35.00,35.00,-35.17,36.82,-0.616,0.616,-8550,8514,7.60,223.5,103.780,321.848,1,1,1
7937493,6613,1,-35.00,35.00,-35.61,37.64,-0.615,0.613,-8575,8541,7.60,220.2,104.695,322.893,1,1,1
7947493,6623,1,-35.00,35.00,-34.59,38.21,-0.619,0.610,-8597,8568,7.60,216.5,97.012,323.862,1,1,1
7957493,6633,1,-35.00,35.00,-34.76,37.30,-0.619,0.613,-8621,8592,7.60,221.0,87.622,324.736,1,1,1
7967500,6643,1,-35.00,35.00,-34.88,34.90,-0.618,0.621,-8645,8612,7.60,222.8,82.073,325.555,1,1,1
7977508,6653,1,-35.00,35.00,-35.40,33.66,-0.616,0.626,-8670,8633,7.60,222.8,80.915,326.363,1,1,1
7987515,6663,1,-35.00,35.00,-35.33,34.11,-0.616,0.625,-8694,8657,7.60,225.0,82.073,327.182,1,1,1
7997523,6673,1,-35.00,35.00,-36.16,33.98,-0.614,0.626,-8720,8680,7.59,224.3,82.561,328.006,1,1,1
8007523,6683,1,-35.00,35.00,-38.05,34.33,-0.607,0.626,-8749,8704,7.60,222.8,87.744,328.882,1,1,1
8017530,6693,1,-35.00,35.00,-39.82,35.46,-0.602,0.624,-8779,8730,7.59,219.5,98.049,329.861,1,1,1
8027539,6703,1,-35.00,35.00,-37.98,35.81,-0.606,0.621,-8802,8755,7.61,216.5,105.793,330.917,1,1,1
8037539,6713,1,-35.00,35.00,-37.13,35.61,-0.609,0.621,-8826,8779,7.60,218.0,105.732,331.973,1,1,1
8047539,6723,1,-35.00,35.00,-34.34,35.04,-0.618,0.623,-8845,8802,7.60,219.2,92.805,332.899,1,1,1
8057545,6733,1,-35.00,35.00,-33.27,35.07,-0.622,0.622,-8866,8826,7.60,221.2,81.037,333.708,1,1,1
8067554,6743,1,-35.00,35.00,-34.27,35.54,-0.620,0.621,-8891,8851,7.59,225.3,74.085,334.447,1,1,1
8077554,6753,1,-35.00,35.00,-34.98,35.42,-0.617,0.621,-8916,8875,7.60,223.5,77.073,335.216,1,1,1
8087561,6763,1,-35.00,35.00,-35.47,35.78,-0.615,0.619,-8941,8900,7.60,221.8,89.207,336.107,1,1,1
8097569,6773,1,-35.00,35.00,-35.38,36.03,-0.616,0.619,-8965,8925,7.60,222.2,96.951,337.074,1,1,1
8107569,6783,1,-35.00,35.00,-35.75,37.53,-0.615,0.614,-8990,8953,7.60,223.5,97.683,338.050,1,1,1
8117569,6793,1,-35.00,35.00,-36.45,37.70,-0.612,0.613,-9016,8979,7.60,217.2,95.000,338.998,1,1,1
8127569,6803,1,-35.00,35.00,-36.06,36.49,-0.613,0.617,-9040,9002,7.60,215.0,93.841,339.935,1,1,1
8137576,6813,1,-35.00,35.00,-36.23,34.34,-0.612,0.624,-9065,9022,7.60,220.5,90.488,340.838,1,1,1
8147576,6823,1,-35.00,35.00,-35.47,33.26,-0.614,0.628,-9088,9043,7.60,224.0,85.000,341.686,1,1,1
8157576,6833,1,-35.00,35.00,-35.37,33.83,-0.615,0.627,-9112,9067,7.60,225.0,80.793,342.493,1,1,1
8167576,6843,1,-35.00,35.00,-35.75,35.11,-0.614,0.623,-9137,9093,7.60,224.5,84.024,343.331,1,1,1
8177576,6853,1,-35.00,35.00,-35.57,35.56,-0.614,0.621,-9161,9118,7.60,224.8,97.195,344.302,1,1,1
8187576,6863,1,-35.00,35.00,-35.45,35.88,-0.615,0.620,-9185,9143,7.60,224.3,107.683,345.377,1,1,1
8197576,6873,1,-35.00,35.00,-34.04,38.74,-0.621,0.609,-9206,9174,7.60,221.5,109.329,346.468,1,1,1
8207584,6883,1,-35.00,35.00,-23.83,39.86,-0.659,0.602,-9206,9203,7.60,219.8,104.085,347.508,1,1,1
8217584,6893,1,-35.00,35.00,-16.68,40.21,-0.689,0.596,-9206,9231,7.60,239.5,102.439,348.530,1,1,1
8227591,6903,1,-35.00,35.00,-11.68,38.25,-0.714,0.601,-9206,9254,7.58,253.8,97.500,349.504,1,1,1
8237599,6913,1,-35.00,35.00,-8.17,33.81,-0.727,0.612,-9206,9270,7.58,276.5,84.878,350.351,1,1,1
8247599,6923,1,-35.00,35.00,-6.16,32.45,-0.737,0.615,-9207,9290,7.57,294.0,76.951,351.119,1,1,1
8257599,6933,1,-35.00,35.00,-4.31,33.70,-0.746,0.608,-9207,9315,7.56,306.8,75.549,351.873,1,1,1
8267606,6943,1,-35.00,35.00,-3.02,35.02,-0.753,0.599,-9207,9341,7.57,308.5,85.122,352.722,1,1,1
8277615,6953,1,-35.00,35.00,-6.51,35.50,-0.746,0.596,-9217,9366,7.56,309.5,99.268,353.713,1,1,1
8287630,6963,1,-35.00,35.00,-17.30,36.71,-0.713,0.592,-9246,9393,7.56,302.5,107.439,354.786,1,1,1
8297636,6973,1,-35.00,35.00,-24.85,38.44,-0.689,0.584,-9275,9422,7.59,264.8,108.415,355.869,1,1,1
8307645,6983,1,-35.00,35.00,-30.14,38.34,-0.672,0.585,-9304,9448,7.59,244.0,106.341,356.930,1,1,1
8317645,6993,1,-35.00,35.00,-34.28,37.38,-0.658,0.588,-9334,9472,7.60,233.2,101.707,357.946,1,1,1
8327652,7003,1,-35.00,35.00,-36.30,34.52,-0.650,0.598,-9362,9491,7.60,226.3,97.561,358.920,1,1,1
8337652,7013,1,-35.00,35.00,-38.16,33.39,-0.642,0.603,-9391,9512,7.60,224.8,91.098,359.829,1,1,1
8347652,7023,1,-35.00,35.00,-39.89,33.48,-0.635,0.604,-9421,9535,7.60,220.8,89.634,360.724,1,1,1
8357652,7033,1,-35.00,35.00,-40.67,34.42,-0.631,0.602,-9450,9560,7.60,220.2,100.854,361.731,1,1,1
8367652,7043,1,-35.00,35.00,-41.65,35.52,-0.626,0.600,-9480,9586,7.59,216.2,115.915,362.888,1,1,1
8377660,7053,1,-35.00,35.00,-42.78,38.05,-0.619,0.590,-9511,9616,7.61,213.8,122.683,364.113,1,1,1
8387660,7063,1,-35.00,35.00,-41.81,38.94,-0.621,0.588,-9538,9644,7.60,209.5,119.573,365.307,1,1,1
8397660,7073,1,-35.00,35.00,-41.57,38.24,-0.620,0.590,-9566,9669,7.60,210.0,110.854,366.414,1,1,1
8407667,7083,1,-35.00,35.00,-40.53,36.88,-0.621,0.595,-9592,9692,7.61,208.7,94.024,367.353,1,1,1
8417675,7093,1,-35.00,35.00,-41.55,35.92,-0.616,0.598,-9622,9715,7.61,210.7,81.951,368.171,1,1,1
8427675,7103,1,-35.00,35.00,-41.39,32.18,-0.615,0.613,-9650,9731,7.60,210.0,80.732,368.977,1,1,1
8437675,7113,1,-35.00,35.00,-41.72,31.75,-0.614,0.617,-9679,9752,7.59,214.8,85.671,369.832,1,1,1
8447682,7123,1,-35.00,35.00,-42.83,32.77,-0.609,0.615,-9710,9776,7.60,217.0,89.085,370.721,1,1,1
8457682,7133,1,-35.00,35.00,-43.60,33.49,-0.605,0.613,-9741,9800,7.61,214.5,96.280,371.682,1,1,1
8467682,7143,1,-35.00,35.00,-45.02,34.43,-0.600,0.613,-9774,9825,7.59,212.0,107.378,372.754,1,1,1
8477690,7153,1,-35.00,35.00,-44.70,34.65,-0.600,0.613,-9804,9849,7.60,211.5,116.707,373.920,1,1,1
8487690,7163,1,-35.00,35.00,-43.59,37.44,-0.603,0.603,-9832,9879,7.61,210.5,114.573,375.064,1,1,1
8497690,7173,1,-35.00,35.00,-40.62,38.07,-0.614,0.601,-9855,9906,7.60,207.0,102.683,376.089,1,1,1
8507690,7183,1,-35.00,35.00,-38.54,37.64,-0.620,0.600,-9878,9931,7.60,211.8,93.293,377.020,1,1,1
8517690,7193,1,-35.00,35.00,-38.41,34.69,-0.619,0.611,-9904,9950,7.60,213.0,83.902,377.858,1,1,1
8527697,7203,1,-35.00,35.00,-40.07,31.76,-0.612,0.622,-9934,9967,7.61,218.0,78.963,378.646,1,1,1
8537705,7213,1,-35.00,35.00,-39.91,31.46,-0.611,0.624,-9961,9988,7.61,217.5,80.122,379.445,1,1,1
8547712,7223,1,-35.00,35.00,-40.24,32.57,-0.610,0.622,-9989,10012,7.60,218.0,87.073,380.314,1,1,1
8557712,7233,1,-35.00,35.00,-40.48,33.78,-0.609,0.620,-10017,10037,7.60,220.8,102.927,381.342,1,1,1
8567721,7243,1,-35.00,35.00,-40.20,34.20,-0.609,0.619,-10044,10061,7.61,219.2,112.317,382.463,1,1,1
8577721,7253,1,-35.00,35.00,-39.12,36.68,-0.613,0.611,-10069,10090,7.60,216.5,109.146,383.553,1,1,1
8587721,7263,1,-35.00,35.00,-39.25,37.54,-0.613,0.607,-10096,10117,7.60,215.5,104.329,384.595,1,1,1
8597721,7273,1,-35.00,35.00,-40.22,37.71,-0.609,0.606,-10125,10143,7.61,217.5,104.878,385.642,1,1,1
8607721,7283,1,-35.00,35.00,-40.02,35.62,-0.609,0.614,-10152,10164,7.60,211.8,102.500,386.665,1,1,1
8617721,7293,1,-35.00,35.00,-40.76,31.97,-0.606,0.628,-10181,10180,7.59,213.2,94.939,387.613,1,1,1
8627721,7303,1,-35.00,35.00,-42.15,31.17,-0.599,0.632,-10212,10200,7.60,220.5,88.293,388.494,1,1,1
8637727,7313,1,-35.00,35.00,-42.25,31.48,-0.597,0.633,-10241,10222,7.61,222.5,84.390,389.337,1,1,1
8647727,7323,1,-35.00,35.00,-39.68,33.03,-0.606,0.629,-10264,10247,7.60,218.8,92.500,390.260,1,1,1
8657727,7333,1,-35.00,35.00,-38.33,34.10,-0.611,0.627,-10288,10272,7.59,219.2,99.817,391.257,1,1,1
8667727,7343,1,-35.00,35.00,-37.37,36.18,-0.613,0.619,-10312,10300,7.60,221.5,101.159,392.267,1,1,1
8677736,7353,1,-35.00,35.00,-37.15,37.63,-0.614,0.613,-10337,10328,7.61,221.2,99.207,393.257,1,1,1
8687736,7363,1,-35.00,35.00,-38.31,37.77,-0.611,0.612,-10365,10354,7.60,217.2,100.976,394.265,1,1,1
8697743,7373,1,-35.00,35.00,-38.24,37.42,-0.611,0.613,-10391,10379,7.60,217.2,99.268,395.256,1,1,1
8707743,7383,1,-35.00,35.00,-38.20,36.30,-0.610,0.616,-10417,10402,7.60,215.5,92.500,396.180,1,1,1
8717751,7393,1,-35.00,35.00,-39.92,33.32,-0.603,0.627,-10447,10420,7.60,217.8,92.500,397.103,1,1,1
8727751,7403,1,-35.00,35.00,-40.25,30.80,-0.601,0.638,-10475,10437,7.60,217.5,85.732,397.959,1,1,1
8737758,7413,1,-35.00,35.00,-39.16,31.66,-0.604,0.637,-10500,10460,7.60,224.3,79.146,398.748,1,1,1
8747767,7423,1,-35.00,35.00,-37.08,33.59,-0.612,0.632,-10522,10486,7.59,223.5,73.537,399.482,1,1,1
8757773,7433,1,-35.00,35.00,-36.06,33.62,-0.615,0.631,-10545,10509,7.59,225.5,75.854,400.239,1,1,1
8767781,7443,1,-35.00,35.00,-36.67,34.96,-0.613,0.628,-10571,10535,7.59,226.8,80.427,401.042,1,1,1
8777781,7453,1,-35.00,35.00,-37.10,36.34,-0.611,0.622,-10597,10562,7.60,224.3,88.415,401.924,1,1,1
8787788,7463,1,-35.00,35.00,-37.83,37.74,-0.609,0.617,-10624,10590,7.60,224.0,96.220,402.885,1,1,1
8797797,7473,1,-35.00,35.00,-37.91,37.84,-0.609,0.616,-10650,10616,7.60,216.5,98.171,403.865,1,1,1
8807797,7483,1,-35.00,35.00,-39.28,34.84,-0.603,0.626,-10679,10635,7.60,217.2,98.841,404.852,1,1,1
8817797,7493,1,-35.00,35.00,-39.80,33.18,-0.600,0.633,-10707,10655,7.60,219.0,96.463,405.815,1,1,1
8827808,7503,1,-35.00,35.00,-40.60,33.33,-0.598,0.635,-10736,10678,7.59,219.2,86.159,406.675,1,1,1
8837819,7513,1,-35.00,35.00,-37.21,33.44,-0.608,0.634,-10756,10701,7.60,220.5,76.463,407.438,1,1,1
8847834,7523,1,-35.00,35.00,-35.72,34.83,-0.613,0.629,-10778,10727,7.60,225.0,76.524,408.201,1,1,1
8857842,7533,1,-35.00,35.00,-35.99,35.81,-0.612,0.626,-10803,10753,7.59,227.3,81.890,409.018,1,1,1
8867849,7543,1,-35.00,35.00,-36.62,37.81,-0.611,0.619,-10829,10782,7.60,224.8,90.000,409.917,1,1,1
8877849,7553,1,-35.00,35.00,-36.62,38.77,-0.611,0.614,-10854,10810,7.60,221.5,98.476,410.900,1,1,1
8887857,7563,1,-35.00,35.00,-36.62,38.57,-0.612,0.614,-10879,10836,7.59,218.2,102.561,411.924,1,1,1
8897857,7573,1,-35.00,35.00,-36.62,36.22,-0.610,0.621,-10904,10857,7.60,217.0,100.976,412.932,1,1,1
8907857,7583,1,-35.00,35.00,-37.94,33.27,-0.606,0.633,-10932,10875,7.59,218.5,93.841,413.869,1,1,1
8917864,7593,1,-35.00,35.00,-38.86,32.96,-0.602,0.635,-10960,10897,7.59,222.8,85.244,414.720,1,1,1
8927864,7603,1,-35.00,35.00,-39.07,33.62,-0.600,0.633,-10987,10921,7.60,224.8,77.500,415.493,1,1,1
8937864,7613,1,-35.00,35.00,-37.02,34.96,-0.607,0.629,-11009,10947,7.59,223.0,77.317,416.265,1,1,1
8947864,7623,1,-35.00,35.00,-35.58,35.46,-0.612,0.626,-11031,10972,7.60,222.2,84.207,417.105,1,1,1
8957864,7633,1,-35.00,35.00,-35.45,37.12,-0.613,0.621,-11055,11000,7.60,225.5,86.402,417.967,1,1,1
8967872,7643,1,-35.00,35.00,-35.80,38.29,-0.612,0.615,-11080,11028,7.61,222.5,88.415,418.850,1,1,1
8977873,7653,1,-35.00,35.00,-36.05,39.11,-0.612,0.612,-11105,11056,7.60,217.8,92.561,419.774,1,1,1
8987888,7663,1,-35.00,35.00,-36.22,37.04,-0.611,0.618,-11130,11078,7.60,218.5,94.573,420.718,1,1,1
8997894,7673,1,-35.00,35.00,-36.78,33.84,-0.609,0.630,-11156,11096,7.59,220.2,92.134,421.638,1,1,1
9007894,7683,1,-35.00,35.00,-37.61,33.36,-0.604,0.631,-11183,11118,7.61,224.0,85.976,422.496,1,1,1
9017894,7693,1,-35.00,35.00,-36.87,33.90,-0.607,0.630,-11207,11142,7.60,221.8,77.561,423.270,1,1,1
9027894,7703,1,-35.00,35.00,-36.36,36.03,-0.609,0.623,-11231,11170,7.60,223.2,77.256,424.041,1,1,1
9037894,7713,1,-35.00,35.00,-35.56,36.21,-0.612,0.621,-11254,11195,7.60,222.5,84.512,424.884,1,1,1
9047894,7723,1,-35.00,35.00,-35.44,36.77,-0.612,0.619,-11278,11221,7.61,223.2,89.390,425.776,1,1,1
9057894,7733,1,-35.00,35.00,-34.91,38.92,-0.616,0.612,-11301,11251,7.59,220.2,92.988,426.705,1,1,1
9067894,7743,1,-35.00,35.00,-35.43,39.55,-0.614,0.609,-11326,11279,7.61,219.2,93.841,427.642,1,1,1
9077903,7753,1,-35.00,35.00,-35.35,38.67,-0.614,0.612,-11350,11304,7.60,216.8,94.695,428.587,1,1,1
9087903,7763,1,-35.00,35.00,-35.29,34.98,-0.615,0.625,-11374,11322,7.59,218.5,94.146,429.527,1,1,1
9097910,7773,1,-35.00,35.00,-36.57,34.15,-0.609,0.627,-11401,11344,7.60,225.3,89.268,430.418,1,1,1
9107910,7783,1,-35.00,35.00,-37.46,34.46,-0.606,0.627,-11428,11368,7.60,224.3,83.720,431.253,1,1,1
9117910,7793,1,-35.00,35.00,-38.53,35.98,-0.602,0.622,-11456,11395,7.60,223.0,87.134,432.123,1,1,1
9127918,7803,1,-35.00,35.00,-36.64,37.05,-0.610,0.619,-11478,11422,7.59,218.8,97.622,433.098,1,1,1
9137925,7813,1,-35.00,35.00,-33.12,38.24,-0.621,0.612,-11495,11450,7.61,220.0,101.890,434.115,1,1,1
9147925,7823,1,-35.00,35.00,-32.85,39.07,-0.624,0.609,-11517,11478,7.60,223.0,94.512,435.058,1,1,1
9157933,7833,1,-35.00,35.00,-33.98,39.66,-0.621,0.606,-11542,11506,7.61,223.2,84.634,435.903,1,1,1
9167933,7843,1,-35.00,35.00,-34.33,38.75,-0.621,0.610,-11566,11531,7.60,219.8,84.878,436.750,1,1,1
9177940,7853,1,-35.00,35.00,-33.70,37.67,-0.623,0.613,-11588,11555,7.60,222.8,87.561,437.624,1,1,1
9187940,7863,1,-35.00,35.00,-34.14,33.84,-0.621,0.626,-11612,11572,7.59,227.8,86.402,438.487,1,1,1
9197940,7873,1,-35.00,35.00,-33.56,33.79,-0.623,0.626,-11634,11595,7.60,228.0,81.098,439.296,1,1,1
9207948,7883,1,-35.00,35.00,-33.60,34.64,-0.624,0.623,-11657,11620,7.60,228.8,79.268,440.087,1,1,1
9217955,7893,1,-35.00,35.00,-33.63,35.68,-0.624,0.619,-11680,11646,7.60,231.2,85.244,440.938,1,1,1
9227955,7903,1,-35.00,35.00,-33.65,35.96,-0.625,0.618,-11703,11671,7.60,227.8,92.439,441.860,1,1,1
9237955,7913,1,-35.00,35.00,-32.78,37.04,-0.629,0.614,-11724,11698,7.60,227.8,96.707,442.826,1,1,1
9247961,7923,1,-35.00,35.00,-33.49,37.79,-0.629,0.612,-11748,11725,7.58,229.5,96.585,443.790,1,1,1
9257970,7933,1,-35.00,35.00,-33.99,37.00,-0.627,0.614,-11772,11749,7.59,227.5,93.537,444.724,1,1,1
9267970,7943,1,-35.00,35.00,-34.34,36.89,-0.626,0.613,-11796,11774,7.60,226.3,89.695,445.619,1,1,1
9277970,7953,1,-35.00,35.00,-34.15,33.73,-0.627,0.625,-11819,11792,7.59,226.5,85.488,446.472,1,1,1
9287970,7963,1,-35.00,35.00,-35.77,35.04,-0.621,0.621,-11846,11818,7.59,229.0,83.902,447.310,1,1,1
9297970,7973,1,-35.00,35.00,-36.46,35.07,-0.619,0.621,-11872,11842,7.59,222.8,86.280,448.171,1,1,1
9307979,7983,1,-35.00,35.00,-36.07,35.54,-0.619,0.619,-11896,11867,7.60,224.8,94.512,449.114,1,1,1
9317979,7993,1,-35.00,35.00,-36.24,34.98,-0.618,0.620,-11921,11890,7.60,223.5,104.451,450.157,1,1,1
9327983,8003,1,-35.00,35.00,-36.35,36.35,-0.618,0.617,-11946,11917,7.59,221.0,112.439,451.280,1,1,1
9337990,8013,1,-35.00,35.00,-35.55,38.63,-0.621,0.608,-11969,11947,7.60,221.2,110.366,452.382,1,1,1
9347990,8023,1,-35.00,35.00,-34.12,38.47,-0.626,0.608,-11990,11973,7.60,221.8,96.220,453.343,1,1,1
9357990,8033,1,-35.00,35.00,-33.11,38.35,-0.631,0.608,-12011,11999,7.59,219.2,85.366,454.195,1,1,1
9367990,8043,1,-35.00,35.00,-33.72,36.52,-0.629,0.614,-12035,12021,7.60,221.0,77.195,454.965,1,1,1
9377999,8053,1,-35.00,35.00,-35.03,33.91,-0.624,0.623,-12061,12040,7.59,224.8,76.768,455.731,1,1,1
9388005,8064,1,-35.00,35.00,-35.95,32.53,-0.620,0.629,-12087,12060,7.59,227.8,80.183,456.531,1,1,1
9398006,8074,1,-35.00,35.00,-37.47,33.32,-0.614,0.627,-12115,12084,7.60,226.0,79.329,457.323,1,1,1
9408020,8084,1,-35.00,35.00,-36.34,33.87,-0.617,0.625,-12138,12108,7.60,223.5,82.744,458.149,1,1,1
9418020,8094,1,-35.00,35.00,-37.74,33.38,-0.611,0.628,-12166,12130,7.60,225.8,93.659,459.084,1,1,1
9428029,8104,1,-35.00,35.00,-37.84,34.35,-0.610,0.625,-12192,12155,7.60,222.0,100.427,460.086,1,1,1
9438036,8114,1,-35.00,35.00,-35.72,34.59,-0.617,0.625,-12213,12179,7.59,219.5,96.890,461.054,1,1,1
9448036,8124,1,-35.00,35.00,-33.79,35.20,-0.623,0.622,-12233,12204,7.60,225.0,85.854,461.910,1,1,1
9458036,8134,1,-35.00,35.00,-34.20,36.07,-0.623,0.619,-12257,12230,7.59,226.3,77.256,462.681,1,1,1
9468036,8144,1,-35.00,35.00,-34.93,32.72,-0.621,0.632,-12282,12247,7.58,225.5,78.476,463.464,1,1,1
9478036,8154,1,-35.00,35.00,-35.87,35.65,-0.617,0.621,-12308,12276,7.60,229.0,85.549,464.318,1,1,1
9488036,8164,1,-35.00,35.00,-36.10,35.50,-0.615,0.621,-12333,12300,7.61,221.8,92.988,465.247,1,1,1
9498044,8174,1,-35.00,35.00,-38.01,36.28,-0.609,0.619,-12362,12326,7.60,224.0,101.402,466.259,1,1,1
9508051,8184,1,-35.00,35.00,-38.47,34.62,-0.606,0.625,-12389,12347,7.60,219.0,111.402,467.371,1,1,1
9518051,8194,1,-35.00,35.00,-38.36,37.86,-0.607,0.614,-12415,12378,7.60,218.0,115.671,468.526,1,1,1
9528051,8204,1,-35.00,35.00,-36.52,38.37,-0.613,0.611,-12437,12405,7.60,216.0,105.000,469.575,1,1,1
9538051,8214,1,-35.00,35.00,-33.03,38.72,-0.625,0.608,-12454,12432,7.60,214.2,89.573,470.469,1,1,1
9548059,8224,1,-35.00,35.00,-31.91,37.65,-0.630,0.610,-12474,12456,7.61,219.2,77.561,471.243,1,1,1
9558059,8234,1,-35.00,35.00,-33.76,34.27,-0.625,0.623,-12500,12474,7.59,223.2,72.378,471.965,1,1,1
9568066,8244,1,-35.00,35.00,-34.18,32.34,-0.622,0.629,-12524,12493,7.60,228.8,75.305,472.716,1,1,1
9578075,8254,1,-35.00,35.00,-34.91,33.62,-0.620,0.626,-12549,12518,7.60,226.5,76.341,473.478,1,1,1
9588081,8264,1,-35.00,35.00,-34.99,34.52,-0.620,0.623,-12573,12543,7.59,222.8,82.683,474.303,1,1,1
9598090,8274,1,-35.00,35.00,-35.04,34.27,-0.619,0.624,-12597,12566,7.60,226.3,96.280,475.265,1,1,1
9608096,8284,1,-35.00,35.00,-35.51,34.54,-0.619,0.624,-12622,12590,7.59,226.0,103.598,476.299,1,1,1
9618096,8294,1,-35.00,35.00,-35.41,37.36,-0.620,0.614,-12646,12620,7.59,223.8,105.122,477.349,1,1,1
9628105,8304,1,-35.00,35.00,-35.33,37.58,-0.619,0.612,-12670,12646,7.60,219.8,100.427,478.351,1,1,1
9638112,8314,1,-35.00,35.00,-34.84,38.17,-0.621,0.609,-12693,12673,7.60,217.8,90.183,479.251,1,1,1
9648120,8324,1,-35.00,35.00,-34.49,37.27,-0.623,0.612,-12716,12697,7.60,220.0,81.768,480.067,1,1,1
9658127,8334,1,-35.00,35.00,-34.25,35.31,-0.625,0.619,-12739,12718,7.59,221.8,81.768,480.883,1,1,1
9668127,8344,1,-35.00,35.00,-35.40,34.39,-0.619,0.622,-12765,12740,7.60,224.8,79.146,481.673,1,1,1
9678127,8354,1,-35.00,35.00,-35.33,34.18,-0.619,0.622,-12789,12763,7.60,224.8,80.610,482.478,1,1,1
9688127,8364,1,-35.00,35.00,-35.72,34.47,-0.619,0.623,-12814,12787,7.59,222.8,82.256,483.299,1,1,1
9698142,8374,1,-35.00,35.00,-36.43,34.68,-0.615,0.622,-12840,12811,7.59,224.0,85.183,484.149,1,1,1
9708151,8384,1,-35.00,35.00,-37.80,35.70,-0.610,0.619,-12868,12837,7.59,223.0,92.561,485.073,1,1,1
9718157,8394,1,-35.00,35.00,-37.89,35.98,-0.609,0.618,-12894,12862,7.59,218.8,101.646,486.088,1,1,1
9728157,8404,1,-35.00,35.00,-36.19,35.73,-0.614,0.618,-12916,12886,7.60,217.0,107.195,487.158,1,1,1
9738157,8414,1,-35.00,35.00,-33.68,35.12,-0.623,0.620,-12935,12909,7.59,219.2,98.841,488.145,1,1,1
9748163,8424,1,-35.00,35.00,-34.12,35.13,-0.622,0.620,-12959,12933,7.59,226.0,82.073,488.964,1,1,1
9758165,8434,1,-35.00,35.00,-35.31,35.58,-0.618,0.618,-12985,12958,7.60,224.8,75.000,489.712,1,1,1
9768166,8444,1,-35.00,35.00,-35.71,35.89,-0.617,0.618,-13010,12983,7.59,219.0,81.098,490.522,1,1,1
9778172,8454,1,-35.00,35.00,-35.54,36.11,-0.617,0.616,-13034,13008,7.61,220.0,92.378,491.444,1,1,1
9788181,8464,1,-35.00,35.00,-35.43,36.70,-0.618,0.615,-13058,13034,7.60,221.0,98.780,492.430,1,1,1
9798181,8474,1,-35.00,35.00,-35.78,38.00,-0.617,0.610,-13083,13062,7.60,220.2,98.171,493.410,1,1,1
9808181,8484,1,-35.00,35.00,-36.47,38.02,-0.615,0.610,-13109,13088,7.60,217.5,95.427,494.363,1,1,1
9818181,8494,1,-35.00,35.00,-36.52,36.72,-0.614,0.614,-13134,13111,7.61,216.0,95.915,495.320,1,1,1
9828193,8504,1,-35.00,35.00,-35.67,33.18,-0.616,0.626,-13157,13128,7.59,217.8,93.963,496.258,1,1,1
9838196,8514,1,-35.00,35.00,-35.08,33.33,-0.618,0.626,-13180,13151,7.60,224.0,85.183,497.108,1,1,1
9848202,8524,1,-35.00,35.00,-35.54,33.88,-0.616,0.625,-13205,13175,7.60,226.0,77.317,497.880,1,1,1
9858203,8534,1,-35.00,35.00,-35.86,35.14,-0.615,0.620,-13230,13201,7.61,225.3,79.146,498.670,1,1,1
9868218,8544,1,-35.00,35.00,-35.65,35.15,-0.616,0.621,-13254,13225,7.60,220.8,92.744,499.595,1,1,1
9878218,8554,1,-35.00,35.00,-35.06,36.91,-0.619,0.615,-13277,13253,7.59,222.8,105.488,500.649,1,1,1
9888218,8564,1,-35.00,35.00,-35.09,39.90,-0.619,0.603,-13301,13285,7.60,221.2,108.293,501.730,1,1,1
9898218,8574,1,-35.00,35.00,-25.00,40.23,-0.657,0.599,-13302,13313,7.60,220.0,104.756,502.776,1,1,1
9908218,8584,1,-35.00,35.00,-17.50,39.59,-0.687,0.596,-13302,13339,7.60,235.2,101.707,503.791,1,1,1
9918218,8594,1,-35.00,35.00,-12.25,36.50,-0.713,0.604,-13302,13359,7.59,252.5,99.024,504.780,1,1,1
9928218,8604,1,-35.00,35.00,-8.58,33.46,-0.728,0.612,-13302,13377,7.57,278.5,87.683,505.655,1,1,1
9938218,8614,1,-35.00,35.00,-6.44,32.65,-0.737,0.612,-13303,13398,7.57,295.8,77.012,506.424,1,1,1
9948218,8624,1,-35.00,35.00,-4.51,33.84,-0.747,0.605,-13303,13423,7.57,305.0,73.354,507.156,1,1,1
9958226,8634,1,-35.00,35.00,-3.16,35.12,-0.755,0.598,-13303,13449,7.57,312.2,82.317,507.977,1,1,1
9968233,8644,1,-35.00,35.00,-4.85,36.45,-0.754,0.590,-13309,13476,7.56,317.2,97.195,508.947,1,1,1
9978241,8654,1,-35.00,35.00,-16.14,37.82,-0.720,0.586,-13338,13504,7.56,301.5,105.488,510.001,1,1,1
9988248,8664,1,-35.00,35.00,-23.60,38.78,-0.695,0.580,-13366,13532,7.59,266.8,105.915,511.058,1,1,1
9998248,8674,1,-35.00,35.00,-28.82,39.01,-0.679,0.579,-13394,13559,7.59,246.0,105.122,512.108,1,1,1
10008248,8684,1,-35.00,35.00,-33.80,35.22,-0.662,0.593,-13425,13577,7.59,237.0,103.537,513.141,1,1,1
10018248,8694,1,-35.00,35.00,-35.97,33.88,-0.654,0.598,-13453,13598,7.60,226.5,96.646,514.106,1,1,1
10028248,8704,1,-35.00,35.00,-37.92,33.82,-0.647,0.600,-13482,13621,7.59,226.0,89.756,515.002,1,1,1
10038248,8714,1,-35.00,35.00,-38.85,34.66,-0.643,0.598,-13510,13646,7.59,224.5,91.159,515.912,1,1,1
10048248,8724,1,-35.00,35.00,-40.38,35.25,-0.635,0.595,-13540,13671,7.61,221.8,101.220,516.923,1,1,1
10058248,8734,1,-35.00,35.00,-41.45,36.54,-0.629,0.592,-13570,13698,7.61,214.8,111.220,518.033,1,1,1
10068248,8744,1,-35.00,35.00,-40.88,38.32,-0.630,0.586,-13597,13727,7.60,212.0,114.451,519.176,1,1,1
10078248,8754,1,-35.00,35.00,-40.92,38.25,-0.629,0.587,-13625,13753,7.60,211.8,109.451,520.269,1,1,1
10088248,8764,1,-35.00,35.00,-41.83,37.76,-0.623,0.589,-13655,13778,7.61,210.5,104.390,521.311,1,1,1
10098248,8774,1,-35.00,35.00,-41.14,36.54,-0.623,0.593,-13682,13801,7.60,209.5,94.573,522.255,1,1,1
10108256,8784,1,-35.00,35.00,-41.11,34.81,-0.620,0.599,-13710,13822,7.61,213.0,87.073,523.125,1,1,1
10118264,8794,1,-35.00,35.00,-41.96,31.84,-0.617,0.612,-13740,13839,7.60,210.5,87.500,523.998,1,1,1
10128264,8804,1,-35.00,35.00,-42.11,32.83,-0.615,0.609,-13769,13863,7.61,217.0,88.110,524.877,1,1,1
10138272,8814,1,-35.00,35.00,-41.78,33.53,-0.615,0.608,-13797,13887,7.61,214.5,90.427,525.780,1,1,1
10148272,8824,1,-35.00,35.00,-41.99,34.02,-0.615,0.608,-13826,13911,7.59,212.2,97.317,526.752,1,1,1
10158272,8834,1,-35.00,35.00,-43.02,34.36,-0.610,0.608,-13857,13935,7.60,214.5,105.610,527.806,1,1,1
10168272,8844,1,-35.00,35.00,-43.74,35.92,-0.607,0.603,-13888,13962,7.61,211.5,112.866,528.933,1,1,1
10178272,8854,1,-35.00,35.00,-40.72,38.33,-0.617,0.594,-13911,13992,7.61,209.0,111.890,530.050,1,1,1
10188272,8864,1,-35.00,35.00,-39.05,37.81,-0.622,0.595,-13935,14017,7.60,208.5,100.244,531.051,1,1,1
10198272,8874,1,-35.00,35.00,-40.08,36.58,-0.618,0.599,-13964,14040,7.60,211.0,89.085,531.940,1,1,1
10208272,8884,1,-35.00,35.00,-39.92,32.64,-0.617,0.613,-13991,14056,7.61,212.5,84.939,532.788,1,1,1
10218272,8894,1,-35.00,35.00,-39.81,31.19,-0.617,0.620,-14018,14075,7.60,217.2,86.890,533.655,1,1,1
10228279,8904,1,-35.00,35.00,-40.61,31.94,-0.614,0.620,-14047,14098,7.59,221.2,89.268,534.546,1,1,1
10238287,8914,1,-35.00,35.00,-42.49,33.35,-0.607,0.617,-14079,14123,7.60,219.0,94.939,535.494,1,1,1
10248293,8924,1,-35.00,35.00,-42.05,33.89,-0.608,0.617,-14107,14147,7.59,217.2,105.488,536.547,1,1,1
10258294,8934,1,-35.00,35.00,-39.10,34.71,-0.617,0.614,-14129,14172,7.59,216.0,111.463,537.660,1,1,1
10268302,8944,1,-35.00,35.00,-38.80,36.60,-0.618,0.607,-14155,14200,7.60,217.8,104.573,538.704,1,1,1
10278302,8954,1,-35.00,35.00,-37.70,37.05,-0.621,0.605,-14179,14226,7.60,217.8,95.000,539.653,1,1,1
10288309,8964,1,-35.00,35.00,-39.58,36.92,-0.615,0.605,-14209,14251,7.60,216.2,92.805,540.579,1,1,1
10298309,8974,1,-35.00,35.00,-38.69,34.19,-0.617,0.614,-14234,14270,7.60,213.5,94.573,541.523,1,1,1
10308309,8984,1,-35.00,35.00,-38.95,31.41,-0.614,0.625,-14261,14287,7.60,217.8,91.707,542.439,1,1,1
10318309,8994,1,-35.00,35.00,-40.01,31.65,-0.610,0.626,-14290,14309,7.60,222.8,86.524,543.302,1,1,1
10328315,9004,1,-35.00,35.00,-40.31,33.14,-0.610,0.624,-14318,14334,7.59,221.2,85.915,544.160,1,1,1
10338317,9014,1,-35.00,35.00,-39.20,34.19,-0.612,0.620,-14343,14359,7.60,219.0,93.780,545.096,1,1,1
10348317,9024,1,-35.00,35.00,-38.43,34.48,-0.615,0.620,-14368,14383,7.60,222.2,98.171,546.076,1,1,1
10358317,9034,1,-35.00,35.00,-37.89,35.56,-0.617,0.617,-14393,14409,7.59,221.8,95.854,547.033,1,1,1
10368324,9044,1,-35.00,35.00,-37.07,37.20,-0.619,0.610,-14417,14437,7.60,219.5,93.963,547.971,1,1,1
10378332,9054,1,-35.00,35.00,-37.37,37.46,-0.619,0.609,-14443,14463,7.59,218.5,94.634,548.916,1,1,1
10388339,9064,1,-35.00,35.00,-38.03,37.65,-0.616,0.607,-14470,14489,7.60,218.8,98.537,549.899,1,1,1
10398339,9074,1,-35.00,35.00,-38.92,36.02,-0.612,0.612,-14498,14511,7.61,219.8,99.817,550.896,1,1,1
10408348,9084,1,-35.00,35.00,-39.99,33.57,-0.608,0.622,-14527,14530,7.60,215.8,96.280,551.857,1,1,1
10418348,9094,1,-35.00,35.00,-40.74,31.85,-0.604,0.630,-14556,14549,7.60,219.0,87.561,552.731,1,1,1
10428348,9104,1,-35.00,35.00,-41.26,32.40,-0.601,0.629,-14585,14572,7.61,222.8,80.671,553.536,1,1,1
10438348,9114,1,-35.00,35.00,-38.55,33.23,-0.610,0.627,-14607,14596,7.60,218.0,80.366,554.338,1,1,1
10448354,9124,1,-35.00,35.00,-34.90,34.24,-0.622,0.623,-14625,14621,7.60,223.2,81.951,555.156,1,1,1
10458355,9134,1,-35.00,35.00,-34.97,34.96,-0.623,0.622,-14649,14646,7.59,226.5,80.244,555.957,1,1,1
10468369,9144,1,-35.00,35.00,-36.35,35.90,-0.618,0.618,-14676,14672,7.60,228.5,82.378,556.779,1,1,1
10478369,9154,1,-35.00,35.00,-37.31,37.43,-0.615,0.613,-14703,14700,7.59,220.8,89.085,557.668,1,1,1
10488369,9164,1,-35.00,35.00,-37.10,35.87,-0.615,0.617,-14728,14722,7.60,216.8,93.293,558.599,1,1,1
10498370,9174,1,-35.00,35.00,-37.84,34.34,-0.612,0.623,-14755,14743,7.60,221.2,92.866,559.526,1,1,1
10508378,9184,1,-35.00,35.00,-38.35,33.70,-0.610,0.627,-14782,14765,7.59,224.0,88.415,560.409,1,1,1
10518385,9194,1,-35.00,35.00,-39.59,34.14,-0.606,0.627,-14811,14789,7.59,222.5,84.390,561.251,1,1,1
10528385,9204,1,-35.00,35.00,-39.14,34.88,-0.607,0.624,-14837,14814,7.60,220.5,85.305,562.103,1,1,1
10538393,9214,1,-35.00,35.00,-36.63,35.84,-0.615,0.620,-14858,14840,7.60,220.0,88.659,562.988,1,1,1
10548393,9224,1,-35.00,35.00,-36.18,36.96,-0.617,0.616,-14882,14867,7.60,223.5,87.439,563.860,1,1,1
10558400,9234,1,-35.00,35.00,-36.32,38.17,-0.617,0.611,-14907,14895,7.60,221.5,88.780,564.746,1,1,1
10568400,9244,1,-35.00,35.00,-36.85,38.59,-0.615,0.609,-14933,14922,7.60,219.8,95.793,565.703,1,1,1
10578400,9254,1,-35.00,35.00,-36.78,37.56,-0.615,0.611,-14958,14946,7.60,218.2,96.951,566.671,1,1,1
10588400,9264,1,-35.00,35.00,-36.73,34.64,-0.615,0.621,-14983,14965,7.59,217.5,96.951,567.639,1,1,1
10598408,9274,1,-35.00,35.00,-38.46,33.04,-0.608,0.628,-15012,14985,7.59,221.8,92.256,568.559,1,1,1
10608415,9284,1,-35.00,35.00,-38.78,33.23,-0.606,0.628,-15039,15008,7.61,223.5,87.012,569.428,1,1,1
10618423,9294,1,-35.00,35.00,-39.45,34.25,-0.604,0.626,-15067,15033,7.60,222.2,80.854,570.235,1,1,1
10628430,9304,1,-35.00,35.00,-38.60,35.40,-0.607,0.623,-15092,15059,7.59,218.0,83.598,571.069,1,1,1
10638430,9314,1,-35.00,35.00,-35.81,36.21,-0.616,0.619,-15112,15085,7.60,219.5,90.427,571.972,1,1,1
10648439,9324,1,-35.00,35.00,-35.18,38.09,-0.619,0.611,-15135,15114,7.60,222.8,91.098,572.881,1,1,1
10658445,9334,1,-35.00,35.00,-35.61,38.53,-0.618,0.608,-15160,15141,7.60,221.0,85.854,573.738,1,1,1
10668446,9344,1,-35.00,35.00,-36.79,37.96,-0.613,0.609,-15187,15166,7.61,218.2,85.000,574.586,1,1,1
10678460,9354,1,-35.00,35.00,-36.74,34.48,-0.612,0.621,-15212,15184,7.61,218.5,87.500,575.460,1,1,1
10688469,9364,1,-35.00,35.00,-36.70,32.48,-0.612,0.629,-15237,15203,7.61,221.0,85.122,576.309,1,1,1
10698475,9374,1,-35.00,35.00,-37.12,33.29,-0.611,0.627,-15263,15227,7.60,226.8,80.549,577.113,1,1,1
10708475,9384,1,-35.00,35.00,-36.97,35.17,-0.612,0.622,-15288,15254,7.59,223.2,79.451,577.906,1,1,1
10718484,9394,1,-35.00,35.00,-37.30,36.04,-0.610,0.618,-15314,15280,7.60,225.3,85.061,578.755,1,1,1
10728493,9404,1,-35.00,35.00,-36.22,36.22,-0.615,0.618,-15337,15305,7.59,219.5,91.159,579.665,1,1,1
10738500,9414,1,-35.00,35.00,-35.46,38.10,-0.618,0.611,-15360,15334,7.59,220.2,91.951,580.583,1,1,1
10748508,9424,1,-35.00,35.00,-35.37,39.41,-0.618,0.606,-15384,15363,7.60,220.0,87.805,581.459,1,1,1
10758515,9434,1,-35.00,35.00,-36.18,39.01,-0.616,0.607,-15410,15389,7.60,219.5,86.280,582.321,1,1,1
10768515,9444,1,-35.00,35.00,-35.88,35.66,-0.616,0.618,-15434,15408,7.60,216.8,89.024,583.209,1,1,1
10778524,9454,1,-35.00,35.00,-36.10,33.75,-0.615,0.625,-15459,15428,7.60,221.2,89.268,584.100,1,1,1
10788530,9464,1,-35.00,35.00,-36.26,34.17,-0.614,0.624,-15484,15452,7.60,223.2,85.366,584.952,1,1,1
10798539,9474,1,-35.00,35.00,-36.81,34.91,-0.612,0.621,-15510,15477,7.61,226.8,83.841,585.789,1,1,1
10808545,9484,1,-35.00,35.00,-37.19,36.30,-0.612,0.617,-15536,15504,7.59,220.2,91.037,586.698,1,1,1
10818554,9494,1,-35.00,35.00,-36.58,37.71,-0.614,0.612,-15560,15532,7.60,218.8,100.610,587.702,1,1,1
10828561,9504,1,-35.00,35.00,-34.39,40.02,-0.622,0.604,-15580,15563,7.59,218.5,104.085,588.742,1,1,1
10838569,9514,1,-35.00,35.00,-34.18,39.88,-0.624,0.603,-15603,15590,7.59,220.5,98.476,589.725,1,1,1
10848569,9524,1,-35.00,35.00,-34.04,39.34,-0.625,0.604,-15626,15616,7.60,217.8,88.537,590.608,1,1,1
10858569,9534,1,-35.00,35.00,-34.37,37.65,-0.623,0.609,-15650,15639,7.60,222.0,81.159,591.418,1,1,1
10868576,9544,1,-35.00,35.00,-34.17,33.38,-0.623,0.624,-15673,15655,7.60,224.0,77.683,592.193,1,1,1
10878576,9554,1,-35.00,35.00,-35.34,32.60,-0.620,0.628,-15699,15676,7.59,228.5,76.037,592.952,1,1,1
10888576,9564,1,-35.00,35.00,-34.85,33.80,-0.621,0.624,-15722,15701,7.59,229.0,72.561,593.676,1,1,1
10898576,9574,1,-35.00,35.00,-34.06,35.09,-0.624,0.620,-15744,15727,7.59,228.3,78.720,594.462,1,1,1
10908576,9584,1,-35.00,35.00,-33.95,35.55,-0.625,0.618,-15767,15752,7.59,229.5,89.207,595.352,1,1,1
10918576,9594,1,-35.00,35.00,-33.87,36.31,-0.626,0.614,-15790,15778,7.60,229.8,95.244,596.303,1,1,1
10928584,9604,1,-35.00,35.00,-33.82,37.72,-0.627,0.609,-15813,15806,7.60,226.5,98.354,597.285,1,1,1
10938591,9614,1,-35.00,35.00,-33.34,37.83,-0.629,0.608,-15835,15832,7.60,226.0,96.707,598.250,1,1,1
10948591,9624,1,-35.00,35.00,-33.45,37.91,-0.630,0.608,-15858,15858,7.59,223.0,93.963,599.188,1,1,1
10958591,9634,1,-35.00,35.00,-33.52,34.45,-0.629,0.618,-15881,15876,7.61,226.5,90.915,600.096,1,1,1
10968591,9644,1,-35.00,35.00,-34.89,33.34,-0.624,0.623,-15907,15897,7.60,234.0,86.098,600.955,1,1,1
10978591,9654,1,-35.00,35.00,-35.41,33.89,-0.624,0.623,-15932,15921,7.59,228.8,82.012,601.774,1,1,1
10988591,9664,1,-35.00,35.00,-35.33,34.71,-0.624,0.620,-15956,15946,7.59,228.5,85.854,602.631,1,1,1
10998599,9674,1,-35.00,35.00,-36.16,34.84,-0.621,0.620,-15982,15970,7.59,227.3,95.366,603.583,1,1,1
11008599,9684,1,-35.00,35.00,-36.30,34.94,-0.619,0.619,-16007,15994,7.60,222.5,105.549,604.636,1,1,1
11018599,9694,1,-35.00,35.00,-36.83,36.76,-0.617,0.613,-16033,16022,7.60,220.0,112.805,605.763,1,1,1
11028599,9704,1,-35.00,35.00,-35.45,38.92,-0.622,0.604,-16055,16052,7.60,222.2,111.646,606.878,1,1,1
11038599,9714,1,-35.00,35.00,-35.36,38.23,-0.622,0.606,-16079,16077,7.61,220.0,102.683,607.903,1,1,1
11048599,9724,1,-35.00,35.00,-33.54,37.31,-0.630,0.609,-16099,16101,7.59,216.0,89.329,608.794,1,1,1
11058599,9734,1,-35.00,35.00,-33.59,35.34,-0.629,0.615,-16122,16122,7.60,221.0,78.232,609.575,1,1,1
11068599,9744,1,-35.00,35.00,-35.38,32.21,-0.623,0.627,-16149,16139,7.59,227.8,70.854,610.282,1,1,1
11078606,9754,1,-35.00,35.00,-35.31,32.22,-0.622,0.628,-16173,16161,7.60,227.0,70.244,610.983,1,1,1
11088614,9764,1,-35.00,35.00,-36.14,32.66,-0.619,0.627,-16199,16184,7.60,229.0,70.854,611.690,1,1,1
11098614,9774,1,-35.00,35.00,-36.29,33.41,-0.618,0.626,-16224,16208,7.59,226.3,78.902,612.477,1,1,1
11108614,9784,1,-35.00,35.00,-36.83,33.49,-0.615,0.626,-16250,16231,7.60,227.8,92.561,613.401,1,1,1
11118621,9794,1,-35.00,35.00,-38.96,33.99,-0.607,0.626,-16280,16255,7.60,225.3,100.488,614.404,1,1,1
11128630,9804,1,-35.00,35.00,-37.38,34.34,-0.612,0.625,-16303,16279,7.60,218.8,100.854,615.411,1,1,1
11138630,9814,1,-35.00,35.00,-34.52,34.59,-0.621,0.623,-16322,16303,7.60,221.5,93.415,616.344,1,1,1
11148636,9824,1,-35.00,35.00,-34.27,34.32,-0.623,0.625,-16345,16326,7.59,226.8,81.463,617.157,1,1,1
11158636,9834,1,-35.00,35.00,-34.97,34.13,-0.620,0.625,-16370,16349,7.60,222.5,75.000,617.905,1,1,1
11168636,9844,1,-35.00,35.00,-36.35,34.88,-0.615,0.624,-16397,16374,7.60,223.8,77.317,618.677,1,1,1
11178645,9854,1,-35.00,35.00,-35.99,36.28,-0.617,0.619,-16421,16401,7.59,225.5,87.866,619.554,1,1,1
11188652,9864,1,-35.00,35.00,-35.74,34.62,-0.617,0.624,-16445,16422,7.59,222.5,97.866,620.531,1,1,1
11198652,9874,1,-35.00,35.00,-35.56,34.78,-0.618,0.624,-16469,16446,7.59,221.8,106.037,621.589,1,1,1
11208652,9884,1,-35.00,35.00,-36.76,37.97,-0.615,0.613,-16496,16477,7.59,224.3,106.890,622.657,1,1,1
11218660,9894,1,-35.00,35.00,-35.84,38.45,-0.618,0.610,-16519,16504,7.60,219.5,102.866,623.684,1,1,1
11228660,9904,1,-35.00,35.00,-35.63,37.90,-0.618,0.610,-16543,16529,7.61,217.2,95.854,624.641,1,1,1
11238664,9914,1,-35.00,35.00,-34.17,31.36,-0.623,0.634,-16564,16540,7.59,215.2,83.902,625.478,1,1,1
11248675,9924,1,-35.00,35.00,-34.91,34.26,-0.620,0.624,-16589,16568,7.59,230.8,78.476,626.261,1,1,1
11258682,9934,1,-35.00,35.00,-35.86,34.09,-0.616,0.625,-16615,16591,7.60,225.8,78.232,627.042,1,1,1
11268682,9944,1,-35.00,35.00,-35.65,34.85,-0.617,0.622,-16639,16616,7.60,225.5,80.610,627.846,1,1,1
11278690,9954,1,-35.00,35.00,-35.94,35.38,-0.617,0.622,-16664,16641,7.58,221.2,89.878,628.744,1,1,1
11288697,9964,1,-35.00,35.00,-36.15,34.87,-0.615,0.623,-16689,16664,7.60,223.8,99.390,629.736,1,1,1
11298705,9974,1,-35.00,35.00,-35.85,35.84,-0.617,0.619,-16713,16690,7.60,222.2,103.780,630.772,1,1,1
11308712,9984,1,-35.00,35.00,-35.64,38.27,-0.617,0.609,-16737,16720,7.61,219.5,103.049,631.801,1,1,1
11318712,9994,1,-35.00,35.00,-35.50,38.21,-0.619,0.609,-16761,16746,7.60,217.2,99.451,632.794,1,1,1
11328723,10004,1,-35.00,35.00,-34.51,37.74,-0.623,0.610,-16783,16771,7.59,218.0,91.220,633.704,1,1,1
11338736,10014,1,-35.00,35.00,-34.71,36.52,-0.621,0.613,-16807,16794,7.60,219.5,82.134,634.524,1,1,1
11348736,10024,1,-35.00,35.00,-33.96,34.79,-0.624,0.619,-16829,16815,7.59,219.5,78.293,635.305,1,1,1
11358736,10034,1,-35.00,35.00,-35.64,34.02,-0.619,0.623,-16856,16837,7.59,224.5,78.354,636.087,1,1,1
11368743,10044,1,-35.00,35.00,-35.93,34.36,-0.617,0.621,-16881,16861,7.60,224.5,80.915,636.895,1,1,1
11378751,10054,1,-35.00,35.00,-36.14,34.16,-0.617,0.623,-16906,16884,7.59,220.5,88.110,637.774,1,1,1
11388758,10064,1,-35.00,35.00,-37.16,34.90,-0.612,0.620,-16933,16909,7.60,221.2,97.195,638.745,1,1,1
11398758,10074,1,-35.00,35.00,-38.76,35.86,-0.607,0.618,-16962,16935,7.60,221.8,103.720,639.780,1,1,1
11408758,10084,1,-35.00,35.00,-38.12,36.09,-0.609,0.616,-16987,16960,7.60,216.2,107.134,640.850,1,1,1
11418766,10094,1,-35.00,35.00,-37.23,35.37,-0.612,0.619,-17011,16983,7.60,216.8,100.000,641.848,1,1,1
11428766,10104,1,-35.00,35.00,-34.85,34.86,-0.619,0.620,-17031,17006,7.60,217.8,83.293,642.679,1,1,1
11438766,10114,1,-35.00,35.00,-33.18,34.95,-0.625,0.619,-17051,17030,7.60,220.0,74.573,643.424,1,1,1
11448766,10124,1,-35.00,35.00,-34.21,35.45,-0.622,0.618,-17076,17055,7.60,224.8,77.195,644.194,1,1,1
11458773,10134,1,-35.00,35.00,-35.38,35.80,-0.619,0.617,-17102,17080,7.60,221.5,89.451,645.087,1,1,1
11468781,10144,1,-35.00,35.00,-35.31,36.05,-0.619,0.616,-17126,17105,7.60,221.0,98.232,646.067,1,1,1
11478782,10154,1,-35.00,35.00,-35.26,36.66,-0.619,0.614,-17150,17131,7.60,222.2,98.293,647.049,1,1,1
11488788,10164,1,-35.00,35.00,-35.67,37.97,-0.619,0.610,-17175,17159,7.60,218.5,94.817,647.995,1,1,1
11498788,10174,1,-35.00,35.00,-36.84,37.56,-0.614,0.611,-17202,17184,7.60,217.5,94.268,648.936,1,1,1
11508788,10184,1,-35.00,35.00,-36.33,36.40,-0.615,0.614,-17226,17207,7.60,218.0,93.841,649.873,1,1,1
11518797,10194,1,-35.00,35.00,-35.54,32.95,-0.617,0.626,-17249,17224,7.60,218.0,86.524,650.737,1,1,1
11528797,10204,1,-35.00,35.00,-35.42,33.17,-0.617,0.626,-17273,17247,7.60,224.3,86.524,651.600,1,1,1
11538797,10214,1,-35.00,35.00,-35.34,33.77,-0.617,0.624,-17297,17271,7.60,224.0,78.354,652.382,1,1,1
11548803,10224,1,-35.00,35.00,-36.17,35.06,-0.615,0.621,-17323,17297,7.60,227.8,78.476,653.165,1,1,1
11558812,10234,1,-35.00,35.00,-35.42,35.09,-0.618,0.621,-17346,17321,7.59,223.8,91.341,654.077,1,1,1
11568812,10244,1,-35.00,35.00,-35.34,36.43,-0.618,0.616,-17370,17348,7.60,222.2,105.915,655.135,1,1,1
11578812,10254,1,-35.00,35.00,-35.29,39.12,-0.619,0.606,-17394,17379,7.60,222.8,110.976,656.243,1,1,1
11588812,10264,1,-35.00,35.00,-26.46,40.13,-0.652,0.599,-17398,17408,7.60,217.2,107.622,657.317,1,1,1
11598812,10274,1,-35.00,35.00,-18.52,39.52,-0.685,0.598,-17398,17434,7.59,231.5,103.537,658.351,1,1,1
11608812,10284,1,-35.00,35.00,-12.96,36.45,-0.710,0.605,-17398,17454,7.58,252.3,100.793,659.357,1,1,1
11618812,10294,1,-35.00,35.00,-9.08,32.99,-0.725,0.613,-17398,17471,7.58,275.5,90.366,660.259,1,1,1
11628812,10304,1,-35.00,35.00,-6.79,32.76,-0.736,0.612,-17399,17493,7.57,290.0,78.171,661.039,1,1,1
11638818,10314,1,-35.00,35.00,-4.75,33.92,-0.746,0.605,-17399,17518,7.57,298.8,71.951,661.757,1,1,1
11648818,10324,1,-35.00,35.00,-3.33,34.73,-0.754,0.599,-17399,17543,7.57,312.2,78.293,662.539,1,1,1
11658819,10334,1,-35.00,35.00,-4.09,35.74,-0.755,0.593,-17403,17569,7.57,311.2,95.854,663.495,1,1,1
11668834,10344,1,-35.00,35.00,-14.73,37.76,-0.724,0.585,-17430,17598,7.57,303.0,107.988,664.574,1,1,1
11678842,10354,1,-35.00,35.00,-23.49,38.74,-0.696,0.581,-17460,17626,7.58,268.8,109.207,665.664,1,1,1
11688842,10364,1,-35.00,35.00,-28.75,38.54,-0.680,0.582,-17488,17652,7.58,248.8,106.524,666.728,1,1,1
11698849,10374,1,-35.00,35.00,-32.87,35.33,-0.665,0.592,-17517,17671,7.59,236.7,105.122,667.777,1,1,1
11708857,10384,1,-35.00,35.00,-36.19,33.52,-0.653,0.599,-17547,17691,7.59,229.5,97.378,668.750,1,1,1
11718857,10394,1,-35.00,35.00,-38.08,33.57,-0.646,0.601,-17576,17714,7.59,225.5,89.207,669.640,1,1,1
11728864,10404,1,-35.00,35.00,-38.96,34.05,-0.641,0.600,-17604,17738,7.59,222.8,86.280,670.501,1,1,1
11738876,10414,1,-35.00,35.00,-40.89,34.82,-0.634,0.599,-17635,17763,7.58,221.5,93.476,671.434,1,1,1
11748879,10424,1,-35.00,35.00,-40.93,35.80,-0.631,0.595,-17663,17789,7.60,217.2,104.695,672.479,1,1,1
11758879,10434,1,-35.00,35.00,-41.84,36.92,-0.626,0.591,-17693,17816,7.61,214.5,111.159,673.589,1,1,1
11768888,10444,1,-35.00,35.00,-41.59,37.71,-0.625,0.589,-17721,17843,7.60,208.7,109.634,674.684,1,1,1
11778888,10454,1,-35.00,35.00,-41.42,36.95,-0.623,0.592,-17749,17867,7.61,209.5,105.244,675.735,1,1,1
11788888,10464,1,-35.00,35.00,-40.86,35.97,-0.623,0.595,-17776,17890,7.61,211.2,97.927,676.713,1,1,1
11798888,10474,1,-35.00,35.00,-41.34,35.29,-0.620,0.599,-17805,17913,7.60,208.7,89.207,677.603,1,1,1
11808894,10484,1,-35.00,35.00,-41.25,32.61,-0.618,0.609,-17833,17931,7.60,211.2,87.500,678.476,1,1,1
11818903,10494,1,-35.00,35.00,-42.93,32.93,-0.612,0.610,-17865,17954,7.60,216.2,88.720,679.362,1,1,1
11828916,10504,1,-35.00,35.00,-41.92,33.60,-0.616,0.610,-17892,17978,7.58,212.2,90.549,680.266,1,1,1
11838925,10514,1,-35.00,35.00,-42.53,34.07,-0.612,0.609,-17922,18002,7.59,215.2,94.756,681.212,1,1,1
11848925,10524,1,-35.00,35.00,-43.83,34.39,-0.607,0.609,-17954,18026,7.60,212.2,101.524,682.225,1,1,1
11858933,10534,1,-35.00,35.00,-44.74,35.06,-0.603,0.608,-17986,18051,7.60,211.8,111.098,683.335,1,1,1
11868940,10544,1,-35.00,35.00,-41.43,37.73,-0.614,0.598,-18009,18081,7.60,211.5,115.793,684.491,1,1,1
11878948,10554,1,-35.00,35.00,-39.55,37.83,-0.619,0.596,-18033,18107,7.61,208.5,106.341,685.553,1,1,1
11888948,10564,1,-35.00,35.00,-39.99,37.03,-0.617,0.599,-18061,18131,7.61,211.0,94.207,686.493,1,1,1
11898948,10574,1,-35.00,35.00,-39.42,33.83,-0.618,0.610,-18087,18149,7.60,210.5,85.671,687.348,1,1,1
11908948,10584,1,-35.00,35.00,-39.90,31.15,-0.615,0.621,-18115,18166,7.60,216.5,84.451,688.191,1,1,1
11918948,10594,1,-35.00,35.00,-40.23,31.48,-0.613,0.621,-18143,18188,7.61,220.0,85.549,689.045,1,1,1
11928948,10604,1,-35.00,35.00,-41.35,33.02,-0.609,0.618,-18173,18213,7.60,222.8,87.927,689.923,1,1,1
11938955,10614,1,-35.00,35.00,-42.13,33.66,-0.606,0.617,-18203,18237,7.61,220.5,99.207,690.913,1,1,1
11948955,10624,1,-35.00,35.00,-39.60,34.11,-0.614,0.616,-18226,18261,7.60,215.8,110.061,692.012,1,1,1
11958963,10634,1,-35.00,35.00,-39.14,35.30,-0.616,0.613,-18252,18287,7.59,217.0,108.476,693.095,1,1,1
11968963,10644,1,-35.00,35.00,-38.83,36.58,-0.616,0.608,-18278,18314,7.60,218.2,99.207,694.086,1,1,1
11978970,10654,1,-35.00,35.00,-39.04,37.03,-0.615,0.607,-18305,18340,7.60,217.2,95.610,695.040,1,1,1
11988970,10664,1,-35.00,35.00,-39.63,34.71,-0.613,0.615,-18333,18360,7.59,213.2,96.585,696.004,1,1,1
11998970,10674,1,-35.00,35.00,-40.05,32.21,-0.610,0.625,-18361,18378,7.60,216.5,94.390,696.947,1,1,1
12008970,10684,1,-35.00,35.00,-39.90,31.77,-0.610,0.628,-18388,18399,7.59,222.2,89.207,697.837,1,1,1
12018970,10694,1,-35.00,35.00,-40.67,32.79,-0.606,0.626,-18417,18423,7.60,222.0,85.061,698.686,1,1,1
12028983,10704,1,-35.00,35.00,-39.90,33.50,-0.608,0.624,-18443,18447,7.60,217.8,91.037,699.595,1,1,1
12038990,10714,1,-35.00,35.00,-38.91,34.44,-0.611,0.622,-18468,18472,7.60,221.2,98.659,700.580,1,1,1
12048998,10724,1,-35.00,35.00,-37.79,35.09,-0.616,0.620,-18492,18497,7.59,220.5,98.293,701.561,1,1,1
12059005,10735,1,-35.00,35.00,-37.88,36.87,-0.615,0.614,-18518,18525,7.60,221.8,96.524,702.525,1,1,1
12069005,10745,1,-35.00,35.00,-38.38,37.67,-0.613,0.610,-18545,18552,7.60,218.0,95.366,703.477,1,1,1
12079006,10755,1,-35.00,35.00,-38.29,37.36,-0.614,0.611,-18571,18577,7.60,218.2,96.646,704.441,1,1,1
12089014,10765,1,-35.00,35.00,-38.67,36.70,-0.613,0.614,-18598,18601,7.59,216.2,98.354,705.423,1,1,1
12099021,10775,1,-35.00,35.00,-41.13,34.04,-0.603,0.623,-18630,18620,7.60,214.8,97.012,706.392,1,1,1
12109036,10785,1,-35.00,35.00,-41.54,31.74,-0.600,0.632,-18659,18638,7.60,214.8,90.183,707.292,1,1,1
12119036,10795,1,-35.00,35.00,-40.50,31.88,-0.602,0.633,-18685,18660,7.60,220.2,81.707,708.107,1,1,1
12129036,10805,1,-35.00,35.00,-38.90,33.30,-0.607,0.630,-18709,18685,7.60,221.2,79.207,708.898,1,1,1
12139036,10815,1,-35.00,35.00,-36.02,33.86,-0.617,0.628,-18729,18709,7.59,222.8,81.159,709.708,1,1,1
12149044,10825,1,-35.00,35.00,-35.76,34.69,-0.618,0.625,-18753,18734,7.59,225.3,83.049,710.537,1,1,1
12159051,10835,1,-35.00,35.00,-36.90,36.15,-0.614,0.620,-18780,18761,7.60,226.5,86.524,711.400,1,1,1
12169059,10845,1,-35.00,35.00,-37.25,37.61,-0.613,0.615,-18806,18789,7.60,219.8,91.890,712.318,1,1,1
12179059,10855,1,-35.00,35.00,-37.06,36.87,-0.613,0.616,-18831,18813,7.61,217.8,95.122,713.267,1,1,1
12189059,10865,1,-35.00,35.00,-38.69,34.60,-0.607,0.625,-18860,18833,7.61,219.8,96.768,714.233,1,1,1
12199066,10875,1,-35.00,35.00,-39.39,33.45,-0.605,0.631,-18888,18854,7.59,217.2,91.524,715.147,1,1,1
12209066,10885,1,-35.00,35.00,-40.31,33.96,-0.601,0.630,-18917,18878,7.59,220.2,82.561,715.971,1,1,1
12219074,10895,1,-35.00,35.00,-38.77,34.32,-0.605,0.629,-18941,18902,7.60,221.5,81.402,716.783,1,1,1
12229075,10905,1,-35.00,35.00,-36.37,35.45,-0.614,0.625,-18962,18928,7.59,224.3,86.646,717.648,1,1,1
12239089,10915,1,-35.00,35.00,-36.44,36.24,-0.615,0.623,-18987,18954,7.57,222.0,89.146,718.538,1,1,1
12249096,10925,1,-35.00,35.00,-36.50,38.11,-0.614,0.614,-19012,18983,7.60,222.8,90.732,719.444,1,1,1
12259105,10935,1,-35.00,35.00,-37.41,38.54,-0.612,0.613,-19039,19010,7.59,218.5,96.159,720.404,1,1,1
12269105,10945,1,-35.00,35.00,-37.61,37.97,-0.611,0.614,-19065,19035,7.59,219.8,100.366,721.406,1,1,1
12279105,10955,1,-35.00,35.00,-37.32,35.81,-0.611,0.621,-19090,19056,7.59,215.2,95.854,722.362,1,1,1
12289111,10965,1,-35.00,35.00,-38.87,32.97,-0.604,0.631,-19119,19074,7.60,218.0,88.598,723.247,1,1,1
12299111,10975,1,-35.00,35.00,-39.95,32.75,-0.600,0.633,-19148,19096,7.60,224.5,81.341,724.059,1,1,1
12309120,10985,1,-35.00,35.00,-40.27,33.91,-0.598,0.630,-19176,19121,7.61,218.2,80.427,724.861,1,1,1
12319120,10995,1,-35.00,35.00,-38.30,35.16,-0.605,0.626,-19199,19147,7.60,218.2,88.780,725.747,1,1,1
12329123,11005,1,-35.00,35.00,-36.04,36.48,-0.614,0.623,-19220,19174,7.58,220.5,95.244,726.698,1,1,1
12339135,11015,1,-35.00,35.00,-35.33,38.72,-0.616,0.612,-19243,19204,7.60,222.8,92.988,727.626,1,1,1
12349142,11025,1,-35.00,35.00,-35.72,38.97,-0.615,0.610,-19268,19231,7.60,215.2,89.329,728.518,1,1,1
12359142,11035,1,-35.00,35.00,-35.99,38.26,-0.613,0.611,-19293,19256,7.61,219.8,90.732,729.424,1,1,1
12369142,11045,1,-35.00,35.00,-35.74,36.01,-0.615,0.619,-19317,19277,7.60,216.0,88.110,730.303,1,1,1
12379142,11055,1,-35.00,35.00,-36.44,32.68,-0.611,0.631,-19343,19294,7.60,223.5,82.988,731.131,1,1,1
12389150,11065,1,-35.00,35.00,-37.82,32.54,-0.606,0.633,-19371,19316,7.59,222.0,78.659,731.916,1,1,1
12399157,11075,1,-35.00,35.00,-37.46,34.21,-0.608,0.628,-19396,19342,7.59,225.5,78.963,732.704,1,1,1
12409157,11085,1,-35.00,35.00,-36.77,35.81,-0.610,0.622,-19420,19369,7.60,225.3,88.598,733.589,1,1,1
12419157,11095,1,-35.00,35.00,-35.84,36.05,-0.612,0.620,-19443,19394,7.61,221.0,94.451,734.532,1,1,1
12429166,11105,1,-35.00,35.00,-35.64,37.54,-0.614,0.615,-19467,19422,7.60,219.8,93.841,735.468,1,1,1
12439181,11115,1,-35.00,35.00,-35.49,39.46,-0.615,0.609,-19491,19452,7.60,218.0,90.854,736.375,1,1,1
12449187,11125,1,-35.00,35.00,-35.83,39.93,-0.614,0.606,-19516,19480,7.61,219.0,91.707,737.291,1,1,1
12459187,11135,1,-35.00,35.00,-36.07,36.74,-0.614,0.617,-19541,19500,7.59,213.8,93.049,738.220,1,1,1
12469187,11145,1,-35.00,35.00,-36.23,34.07,-0.611,0.626,-19566,19519,7.60,218.8,93.049,739.148,1,1,1
12479196,11155,1,-35.00,35.00,-37.23,33.95,-0.609,0.628,-19593,19542,7.59,225.5,90.183,740.049,1,1,1
12489196,11165,1,-35.00,35.00,-38.80,34.75,-0.603,0.625,-19622,19567,7.60,220.8,85.000,740.897,1,1,1
12499202,11175,1,-35.00,35.00,-39.03,35.75,-0.602,0.622,-19649,19593,7.60,218.2,88.293,741.778,1,1,1
12509211,11185,1,-35.00,35.00,-37.43,37.33,-0.608,0.617,-19672,19621,7.59,217.0,100.305,742.780,1,1,1
12519217,11195,1,-35.00,35.00,-34.55,39.32,-0.618,0.609,-19691,19651,7.60,219.2,109.817,743.876,1,1,1
12529218,11205,1,-35.00,35.00,-32.53,40.27,-0.626,0.604,-19710,19680,7.60,217.0,105.549,744.930,1,1,1
12539218,11215,1,-35.00,35.00,-32.88,39.61,-0.626,0.606,-19733,19706,7.60,220.8,93.171,745.860,1,1,1
12549226,11225,1,-35.00,35.00,-34.00,38.28,-0.623,0.611,-19758,19730,7.59,223.0,83.902,746.698,1,1,1
12559226,11235,1,-35.00,35.00,-34.35,35.14,-0.622,0.621,-19782,19749,7.59,225.5,81.098,747.507,1,1,1
12569226,11245,1,-35.00,35.00,-34.15,32.95,-0.622,0.628,-19805,19768,7.59,225.3,81.220,748.318,1,1,1
12579226,11255,1,-35.00,35.00,-34.01,33.61,-0.623,0.628,-19828,19792,7.58,230.0,78.537,749.101,1,1,1
12589233,11265,1,-35.00,35.00,-33.48,34.95,-0.625,0.622,-19850,19818,7.60,234.7,78.841,749.888,1,1,1
12599233,11275,1,-35.00,35.00,-33.98,35.89,-0.624,0.619,-19874,19844,7.59,227.5,87.195,750.758,1,1,1
12609233,11285,1,-35.00,35.00,-33.89,36.55,-0.625,0.616,-19897,19870,7.59,228.5,94.268,751.699,1,1,1
12619233,11295,1,-35.00,35.00,-33.83,37.45,-0.626,0.612,-19920,19897,7.59,226.5,98.049,752.678,1,1,1
12629242,11305,1,-35.00,35.00,-33.79,38.08,-0.627,0.609,-19943,19924,7.60,224.8,97.378,753.650,1,1,1
12639256,11315,1,-35.00,35.00,-33.76,37.64,-0.628,0.611,-19966,19949,7.59,225.5,93.720,754.586,1,1,1
12649256,11325,1,-35.00,35.00,-35.06,36.02,-0.623,0.616,-19992,19971,7.60,226.0,90.488,755.489,1,1,1
12659263,11335,1,-35.00,35.00,-35.09,33.56,-0.623,0.625,-20016,19990,7.59,223.2,87.195,756.360,1,1,1
12669263,11345,1,-35.00,35.00,-36.43,34.48,-0.618,0.623,-20043,20015,7.59,225.8,85.000,757.208,1,1,1
12679272,11355,1,-35.00,35.00,-36.92,35.12,-0.616,0.621,-20069,20040,7.59,224.8,85.732,758.064,1,1,1
12689272,11365,1,-35.00,35.00,-37.27,35.13,-0.614,0.621,-20095,20064,7.59,222.2,94.451,759.006,1,1,1
12699278,11375,1,-35.00,35.00,-37.52,35.14,-0.612,0.621,-20121,20088,7.60,220.8,105.366,760.058,1,1,1
12709287,11385,1,-35.00,35.00,-35.93,36.90,-0.617,0.614,-20143,20116,7.60,221.8,114.329,761.200,1,1,1
12719294,11395,1,-35.00,35.00,-34.82,39.45,-0.623,0.606,-20165,20147,7.59,218.2,112.683,762.325,1,1,1
12729302,11405,1,-35.00,35.00,-33.16,39.04,-0.628,0.605,-20185,20173,7.60,218.8,98.293,763.307,1,1,1
12739309,11415,1,-35.00,35.00,-33.76,37.88,-0.628,0.610,-20209,20197,7.59,220.5,86.646,764.171,1,1,1
12749309,11425,1,-35.00,35.00,-34.18,36.18,-0.626,0.615,-20233,20219,7.59,222.8,77.622,764.946,1,1,1
12759309,11435,1,-35.00,35.00,-36.23,32.36,-0.618,0.629,-20261,20235,7.59,225.8,74.268,765.687,1,1,1
12769309,11445,1,-35.00,35.00,-35.47,32.32,-0.619,0.629,-20284,20257,7.60,225.0,77.256,766.458,1,1,1
12779317,11455,1,-35.00,35.00,-36.25,33.61,-0.617,0.626,-20310,20282,7.60,226.8,77.134,767.228,1,1,1
12789324,11465,1,-35.00,35.00,-38.12,33.63,-0.610,0.628,-20339,20305,7.59,225.0,82.866,768.055,1,1,1
12799324,11475,1,-35.00,35.00,-38.55,34.09,-0.606,0.626,-20366,20329,7.61,222.0,96.098,769.014,1,1,1
12809332,11485,1,-35.00,35.00,-37.09,34.41,-0.611,0.625,-20389,20353,7.60,217.8,103.720,770.050,1,1,1
12819339,11495,1,-35.00,35.00,-34.75,34.63,-0.618,0.624,-20409,20377,7.60,220.5,98.537,771.033,1,1,1
12829352,11505,1,-35.00,35.00,-33.12,35.23,-0.625,0.622,-20429,20402,7.59,222.8,85.488,771.887,1,1,1
12839354,11515,1,-35.00,35.00,-33.73,35.65,-0.623,0.620,-20453,20427,7.60,226.5,76.037,772.645,1,1,1
12849363,11525,1,-35.00,35.00,-35.48,33.74,-0.617,0.628,-20480,20447,7.59,224.5,75.366,773.397,1,1,1
12859369,11535,1,-35.00,35.00,-36.70,35.05,-0.613,0.623,-20507,20473,7.60,223.2,82.134,774.217,1,1,1
12869378,11545,1,-35.00,35.00,-35.80,35.96,-0.616,0.620,-20530,20499,7.59,221.0,87.805,775.093,1,1,1
12879385,11555,1,-35.00,35.00,-36.92,35.72,-0.612,0.621,-20557,20523,7.59,221.8,95.732,776.049,1,1,1
12889385,11565,1,-35.00,35.00,-37.27,35.11,-0.610,0.623,-20583,20546,7.60,221.2,104.634,777.094,1,1,1
12899393,11575,1,-35.00,35.00,-37.52,37.76,-0.610,0.614,-20609,20576,7.60,221.5,110.488,778.197,1,1,1
12909400,11585,1,-35.00,35.00,-35.49,38.74,-0.616,0.608,-20630,20604,7.61,215.2,106.402,779.259,1,1,1
12919400,11595,1,-35.00,35.00,-33.63,38.54,-0.624,0.608,-20650,20630,7.60,216.2,94.207,780.200,1,1,1
12929400,11605,1,-35.00,35.00,-33.65,37.09,-0.624,0.612,-20673,20653,7.60,219.2,82.683,781.025,1,1,1
12939400,11615,1,-35.00,35.00,-34.54,33.43,-0.621,0.626,-20698,20670,7.59,222.0,77.561,781.799,1,1,1
12949400,11625,1,-35.00,35.00,-35.17,33.07,-0.618,0.627,-20723,20692,7.59,228.0,80.549,782.603,1,1,1
12959400,11635,1,-35.00,35.00,-35.16,34.14,-0.619,0.624,-20747,20717,7.59,224.5,82.561,783.427,1,1,1
12969400,11645,1,-35.00,35.00,-36.04,34.88,-0.615,0.622,-20773,20742,7.60,223.5,87.439,784.300,1,1,1
12979400,11655,1,-35.00,35.00,-35.77,34.96,-0.616,0.622,-20797,20766,7.59,222.8,98.598,785.284,1,1,1
12989408,11665,1,-35.00,35.00,-36.03,36.34,-0.615,0.617,-20822,20793,7.60,222.8,105.366,786.336,1,1,1
12999408,11675,1,-35.00,35.00,-35.77,38.18,-0.617,0.610,-20846,20822,7.60,217.0,105.061,787.385,1,1,1
13009408,11685,1,-35.00,35.00,-35.58,38.59,-0.617,0.608,-20870,20849,7.60,215.2,99.756,788.381,1,1,1
13019408,11695,1,-35.00,35.00,-34.14,38.00,-0.623,0.610,-20891,20874,7.60,216.8,89.329,789.272,1,1,1
13029408,11705,1,-35.00,35.00,-34.44,36.71,-0.622,0.613,-20915,20897,7.60,221.0,81.341,790.084,1,1,1
13039415,11715,1,-35.00,35.00,-35.10,34.92,-0.619,0.619,-20940,20918,7.60,220.5,80.000,790.883,1,1,1
13049415,11725,1,-35.00,35.00,-35.55,34.11,-0.617,0.623,-20965,20940,7.60,221.0,82.195,791.703,1,1,1
13059415,11735,1,-35.00,35.00,-35.43,33.99,-0.618,0.623,-20989,20963,7.60,221.0,83.780,792.539,1,1,1
13069423,11745,1,-35.00,35.00,-36.23,34.34,-0.615,0.623,-21015,20987,7.60,222.2,87.073,793.408,1,1,1
13079430,11755,1,-35.00,35.00,-38.11,35.46,-0.609,0.620,-21044,21013,7.60,221.2,94.634,794.353,1,1,1
13089430,11765,1,-35.00,35.00,-39.42,36.25,-0.604,0.617,-21073,21039,7.61,219.2,103.841,795.390,1,1,1
13099430,11775,1,-35.00,35.00,-37.70,36.36,-0.609,0.616,-21096,21064,7.60,214.0,108.415,796.472,1,1,1
13109430,11785,1,-35.00,35.00,-35.62,35.56,-0.615,0.618,-21117,21087,7.61,216.2,98.598,797.456,1,1,1
13119430,11795,1,-35.00,35.00,-33.72,35.44,-0.623,0.618,-21137,21111,7.60,219.8,82.866,798.284,1,1,1
13129430,11805,1,-35.00,35.00,-33.71,35.35,-0.624,0.619,-21160,21135,7.59,224.5,74.207,799.024,1,1,1
13139430,11815,1,-35.00,35.00,-34.59,35.73,-0.621,0.618,-21185,21160,7.60,225.3,76.890,799.791,1,1,1
13149430,11825,1,-35.00,35.00,-35.20,36.00,-0.619,0.617,-21210,21185,7.60,222.5,89.207,800.682,1,1,1
13159430,11835,1,-35.00,35.00,-35.18,36.63,-0.620,0.615,-21234,21211,7.59,221.8,97.744,801.657,1,1,1
13169430,11845,1,-35.00,35.00,-35.62,37.94,-0.618,0.610,-21259,21239,7.60,221.0,98.476,802.641,1,1,1
13179430,11855,1,-35.00,35.00,-36.36,38.43,-0.616,0.608,-21285,21266,7.60,216.8,96.037,803.599,1,1,1
13189430,11865,1,-35.00,35.00,-36.44,37.88,-0.615,0.609,-21310,21291,7.61,216.5,96.890,804.567,1,1,1
13199430,11875,1,-35.00,35.00,-36.49,35.75,-0.614,0.617,-21335,21312,7.60,216.5,95.061,805.516,1,1,1
13209430,11885,1,-35.00,35.00,-35.21,32.93,-0.618,0.627,-21357,21330,7.60,216.8,85.915,806.373,1,1,1
13219430,11895,1,-35.00,35.00,-35.20,33.60,-0.617,0.625,-21381,21354,7.60,225.0,78.232,807.154,1,1,1
13229430,11905,1,-35.00,35.00,-35.18,34.51,-0.618,0.622,-21405,21379,7.60,226.0,79.573,807.948,1,1,1
13239430,11915,1,-35.00,35.00,-35.18,35.14,-0.619,0.621,-21429,21404,7.59,226.5,92.256,808.869,1,1,1
13249439,11925,1,-35.00,35.00,-35.17,35.58,-0.619,0.619,-21453,21429,7.59,226.0,106.463,809.932,1,1,1
13259445,11935,1,-35.00,35.00,-35.17,38.09,-0.619,0.609,-21477,21459,7.60,221.5,111.098,811.041,1,1,1
13269445,11945,1,-35.00,35.00,-32.09,40.29,-0.631,0.600,-21494,21490,7.60,221.2,108.171,812.121,1,1,1
13279445,11955,1,-35.00,35.00,-22.46,40.51,-0.668,0.596,-21494,21518,7.59,220.0,103.841,813.158,1,1,1
13289445,11965,1,-35.00,35.00,-15.72,39.34,-0.697,0.596,-21494,21543,7.59,238.5,98.659,814.143,1,1,1
13299446,11975,1,-35.00,35.00,-11.01,35.01,-0.718,0.607,-21494,21560,7.58,258.0,85.854,815.000,1,1,1
13309460,11985,1,-35.00,35.00,-7.70,32.86,-0.731,0.611,-21494,21579,7.58,284.8,75.427,815.752,1,1,1
13319460,11995,1,-35.00,35.00,-5.83,33.99,-0.741,0.605,-21495,21604,7.57,298.8,73.171,816.482,1,1,1
13329460,12005,1,-35.00,35.00,-4.08,34.78,-0.751,0.600,-21495,21629,7.56,303.8,83.720,817.318,1,1,1
13339461,12015,1,-35.00,35.00,-2.86,35.77,-0.759,0.594,-21495,21655,7.56,312.0,100.122,818.318,1,1,1
13349469,12025,1,-35.00,35.00,-8.59,36.90,-0.743,0.587,-21510,21682,7.56,312.5,108.963,819.406,1,1,1
13359476,12035,1,-35.00,35.00,-18.76,38.58,-0.711,0.581,-21539,21711,7.58,294.0,108.476,820.489,1,1,1
13369484,12045,1,-35.00,35.00,-25.44,39.31,-0.691,0.578,-21567,21739,7.58,257.2,107.744,821.565,1,1,1
13379484,12055,1,-35.00,35.00,-30.11,37.62,-0.676,0.584,-21595,21762,7.59,241.2,104.756,822.610,1,1,1
13389485,12065,1,-35.00,35.00,-34.26,34.25,-0.661,0.596,-21625,21780,7.59,231.5,93.415,823.543,1,1,1
13399493,12075,1,-35.00,35.00,-36.29,33.64,-0.653,0.598,-21653,21802,7.60,224.8,93.415,824.475,1,1,1
13409493,12085,1,-35.00,35.00,-37.71,34.10,-0.648,0.598,-21681,21826,7.59,227.5,85.061,825.324,1,1,1
13419500,12095,1,-35.00,35.00,-40.02,34.85,-0.639,0.596,-21712,21851,7.60,227.3,87.073,826.193,1,1,1
13429500,12105,1,-35.00,35.00,-40.32,35.82,-0.636,0.594,-21740,21877,7.60,218.8,99.878,827.191,1,1,1
13439508,12115,1,-35.00,35.00,-40.53,38.26,-0.634,0.585,-21768,21907,7.61,215.0,112.744,828.316,1,1,1
13449515,12125,1,-35.00,35.00,-41.99,39.09,-0.628,0.583,-21799,21935,7.60,212.2,115.305,829.468,1,1,1
13459515,12135,1,-35.00,35.00,-41.26,38.35,-0.628,0.586,-21826,21960,7.60,206.5,110.000,830.566,1,1,1
13469515,12145,1,-35.00,35.00,-41.19,36.95,-0.626,0.590,-21854,21983,7.60,208.0,105.732,831.622,1,1,1
13479515,12155,1,-35.00,35.00,-41.13,35.53,-0.624,0.596,-21882,22005,7.60,210.2,95.366,832.574,1,1,1
13489523,12165,1,-35.00,35.00,-41.54,32.34,-0.620,0.608,-21911,22022,7.59,211.0,84.512,833.417,1,1,1
13499530,12175,1,-35.00,35.00,-41.82,31.87,-0.618,0.611,-21940,22043,7.60,215.2,82.744,834.243,1,1,1
13509530,12185,1,-35.00,35.00,-42.02,33.29,-0.616,0.607,-21969,22068,7.61,215.8,83.476,835.076,1,1,1
13519539,12195,1,-35.00,35.00,-42.16,33.85,-0.616,0.608,-21998,22092,7.59,214.0,87.744,835.952,1,1,1
13529539,12205,1,-35.00,35.00,-42.25,34.24,-0.614,0.607,-22027,22116,7.60,213.5,97.500,836.926,1,1,1
13539539,12215,1,-35.00,35.00,-43.20,34.52,-0.611,0.608,-22058,22140,7.59,214.0,107.256,837.996,1,1,1
13549545,12225,1,-35.00,35.00,-43.42,37.79,-0.610,0.597,-22088,22171,7.60,213.0,115.244,839.147,1,1,1
13559545,12235,1,-35.00,35.00,-41.38,38.32,-0.616,0.594,-22113,22198,7.60,205.8,114.146,840.287,1,1,1
13569545,12245,1,-35.00,35.00,-39.52,36.93,-0.621,0.597,-22137,22221,7.61,208.5,102.988,841.315,1,1,1
13579554,12255,1,-35.00,35.00,-39.53,34.64,-0.620,0.605,-22164,22241,7.61,211.0,90.061,842.214,1,1,1
13589561,12265,1,-35.00,35.00,-39.97,31.28,-0.618,0.619,-22192,22257,7.59,217.2,81.646,843.029,1,1,1
13599569,12275,1,-35.00,35.00,-39.41,31.56,-0.619,0.619,-22218,22279,7.60,219.8,82.500,843.853,1,1,1
13609576,12285,1,-35.00,35.00,-40.33,32.20,-0.615,0.619,-22247,22302,7.60,218.5,85.793,844.709,1,1,1
13619584,12295,1,-35.00,35.00,-41.85,33.53,-0.610,0.617,-22278,22327,7.59,218.5,92.866,845.636,1,1,1
13629584,12305,1,-35.00,35.00,-41.16,34.02,-0.612,0.616,-22305,22351,7.59,215.5,106.646,846.701,1,1,1
13639584,12315,1,-35.00,35.00,-39.36,36.56,-0.617,0.607,-22329,22380,7.60,216.2,116.524,847.864,1,1,1
13649591,12325,1,-35.00,35.00,-39.42,37.01,-0.617,0.605,-22356,22406,7.60,215.5,110.427,848.967,1,1,1
13659599,12335,1,-35.00,35.00,-39.46,37.34,-0.616,0.603,-22383,22432,7.61,216.0,100.549,849.971,1,1,1
13669606,12345,1,-35.00,35.00,-39.49,35.80,-0.616,0.609,-22410,22454,7.60,212.8,95.793,850.927,1,1,1
13679606,12355,1,-35.00,35.00,-39.07,32.53,-0.615,0.620,-22436,22471,7.60,214.0,93.171,851.857,1,1,1
13689615,12365,1,-35.00,35.00,-40.09,31.12,-0.611,0.627,-22465,22490,7.60,219.8,89.634,852.752,1,1,1
13699621,12375,1,-35.00,35.00,-40.81,31.89,-0.609,0.627,-22494,22513,7.59,225.0,86.524,853.615,1,1,1
13709630,12385,1,-35.00,35.00,-40.43,33.31,-0.609,0.623,-22521,22538,7.59,217.5,86.707,854.481,1,1,1
13719630,12395,1,-35.00,35.00,-39.29,34.30,-0.612,0.620,-22546,22563,7.61,219.2,95.061,855.430,1,1,1
13729636,12405,1,-35.00,35.00,-38.49,35.00,-0.615,0.619,-22571,22588,7.59,220.2,100.732,856.435,1,1,1
13739648,12415,1,-35.00,35.00,-37.93,36.36,-0.617,0.614,-22596,22615,7.59,218.8,97.866,857.413,1,1,1
13749660,12425,1,-35.00,35.00,-37.98,37.76,-0.617,0.608,-22622,22643,7.60,217.2,94.146,858.352,1,1,1
13759667,12435,1,-35.00,35.00,-38.45,37.86,-0.615,0.608,-22649,22669,7.59,214.0,92.744,859.278,1,1,1
13769667,12445,1,-35.00,35.00,-38.34,37.05,-0.615,0.610,-22675,22693,7.60,216.0,95.122,860.228,1,1,1
13779667,12455,1,-35.00,35.00,-39.14,35.16,-0.611,0.616,-22703,22714,7.60,213.5,96.646,861.193,1,1,1
13789667,12465,1,-35.00,35.00,-40.58,32.08,-0.605,0.628,-22733,22731,7.60,216.0,93.537,862.126,1,1,1
13799667,12475,1,-35.00,35.00,-40.27,31.69,-0.605,0.631,-22760,22752,7.60,219.5,86.098,862.986,1,1,1
13809667,12485,1,-35.00,35.00,-40.06,33.17,-0.606,0.627,-22787,22777,7.60,223.2,79.817,863.782,1,1,1
13819667,12495,1,-35.00,35.00,-37.27,33.76,-0.615,0.626,-22808,22801,7.60,219.5,81.098,864.591,1,1,1
13829667,12505,1,-35.00,35.00,-36.20,34.62,-0.619,0.624,-22831,22826,7.59,222.0,84.756,865.437,1,1,1
13839675,12515,1,-35.00,35.00,-36.32,35.66,-0.618,0.619,-22856,22852,7.60,222.5,84.268,866.278,1,1,1
13849675,12525,1,-35.00,35.00,-36.85,36.83,-0.616,0.615,-22882,22879,7.60,221.5,86.280,867.140,1,1,1
13859682,12535,1,-35.00,35.00,-37.22,37.21,-0.616,0.614,-22908,22905,7.60,217.5,91.585,868.054,1,1,1
13869682,12545,1,-35.00,35.00,-38.36,34.83,-0.611,0.622,-22936,22925,7.60,218.2,95.061,869.003,1,1,1
13879682,12555,1,-35.00,35.00,-39.16,33.61,-0.607,0.627,-22964,22946,7.60,222.8,93.902,869.940,1,1,1
13889682,12565,1,-35.00,35.00,-39.27,34.07,-0.607,0.626,-22991,22970,7.60,221.2,88.415,870.823,1,1,1
13899690,12575,1,-35.00,35.00,-39.80,34.40,-0.604,0.626,-23019,22994,7.60,220.2,84.878,871.670,1,1,1
13909690,12585,1,-35.00,35.00,-37.97,35.07,-0.610,0.624,-23042,23019,7.60,219.8,87.622,872.544,1,1,1
13919697,12595,1,-35.00,35.00,-36.24,36.41,-0.616,0.619,-23064,23046,7.59,220.8,91.220,873.455,1,1,1
13929697,12605,1,-35.00,35.00,-37.24,38.23,-0.614,0.612,-23091,23075,7.59,218.0,89.146,874.345,1,1,1
13939697,12615,1,-35.00,35.00,-37.49,38.63,-0.612,0.609,-23117,23102,7.60,217.8,89.085,875.234,1,1,1
13949697,12625,1,-35.00,35.00,-37.23,38.47,-0.614,0.609,-23142,23128,7.60,218.0,95.366,876.186,1,1,1
13959705,12635,1,-35.00,35.00,-37.05,36.15,-0.614,0.616,-23167,23149,7.60,217.0,94.939,877.134,1,1,1
13969706,12645,1,-35.00,35.00,-37.36,33.22,-0.611,0.626,-23193,23167,7.61,218.0,88.963,878.022,1,1,1
13979712,12655,1,-35.00,35.00,-38.90,32.92,-0.606,0.629,-23222,23189,7.60,222.2,83.963,878.860,1,1,1
13989721,12665,1,-35.00,35.00,-38.65,34.03,-0.607,0.627,-23248,23214,7.60,222.5,78.537,879.644,1,1,1
13999721,12675,1,-35.00,35.00,-38.92,34.81,-0.606,0.625,-23275,23239,7.59,220.0,81.707,880.459,1,1,1
14009727,12685,1,-35.00,35.00,-36.47,35.79,-0.614,0.621,-23296,23265,7.59,218.5,87.561,881.333,1,1,1
14019727,12695,1,-35.00,35.00,-36.08,36.92,-0.616,0.617,-23320,23292,7.59,220.5,88.171,882.213,1,1,1
14029727,12705,1,-35.00,35.00,-36.24,38.59,-0.615,0.610,-23345,23321,7.60,221.0,87.500,883.086,1,1,1
14039727,12715,1,-35.00,35.00,-36.79,38.88,-0.614,0.608,-23371,23348,7.60,217.8,90.122,883.986,1,1,1
14049736,12725,1,-35.00,35.00,-36.74,36.00,-0.613,0.617,-23396,23368,7.60,217.0,92.683,884.911,1,1,1
14059736,12735,1,-35.00,35.00,-37.15,33.55,-0.612,0.627,-23422,23387,7.59,219.8,90.427,885.814,1,1,1
14069743,12745,1,-35.00,35.00,-37.43,33.59,-0.609,0.626,-23448,23410,7.60,224.8,84.329,886.656,1,1,1
14079743,12755,1,-35.00,35.00,-37.63,34.94,-0.609,0.623,-23474,23436,7.59,221.0,81.951,887.473,1,1,1
14089743,12765,1,-35.00,35.00,-37.32,36.32,-0.610,0.618,-23499,23463,7.60,224.5,87.622,888.348,1,1,1
14099743,12775,1,-35.00,35.00,-36.23,36.41,-0.613,0.616,-23522,23488,7.61,219.8,93.293,889.279,1,1,1
14109743,12785,1,-35.00,35.00,-35.47,37.79,-0.617,0.612,-23545,23516,7.60,219.5,93.415,890.212,1,1,1
14119751,12795,1,-35.00,35.00,-35.38,39.20,-0.618,0.607,-23569,23545,7.60,216.8,88.720,891.097,1,1,1
14129758,12805,1,-35.00,35.00,-35.31,39.74,-0.618,0.604,-23593,23573,7.60,221.0,88.537,891.981,1,1,1
14139766,12815,1,-35.00,35.00,-35.70,37.49,-0.617,0.612,-23618,23595,7.59,221.8,90.793,892.887,1,1,1
14149766,12825,1,-35.00,35.00,-35.98,34.15,-0.616,0.624,-23643,23613,7.59,221.8,90.854,893.794,1,1,1
14159766,12835,1,-35.00,35.00,-36.17,34.01,-0.614,0.624,-23668,23636,7.60,223.5,87.195,894.665,1,1,1
14169766,12845,1,-35.00,35.00,-37.19,34.80,-0.612,0.623,-23695,23661,7.59,226.3,87.317,895.536,1,1,1
14179766,12855,1,-35.00,35.00,-38.77,36.22,-0.606,0.618,-23724,23688,7.60,223.5,95.488,896.489,1,1,1
14189766,12865,1,-35.00,35.00,-38.57,37.22,-0.607,0.615,-23750,23715,7.59,216.2,103.293,897.521,1,1,1
14199766,12875,1,-35.00,35.00,-35.35,38.80,-0.618,0.608,-23769,23744,7.60,215.0,102.561,898.545,1,1,1
14209766,12885,1,-35.00,35.00,-33.53,39.90,-0.625,0.603,-23789,23773,7.60,216.0,94.329,899.486,1,1,1
14219766,12895,1,-35.00,35.00,-33.14,39.80,-0.628,0.603,-23811,23800,7.59,218.2,82.866,900.313,1,1,1
14229773,12905,1,-35.00,35.00,-33.75,38.84,-0.626,0.606,-23835,23825,7.60,222.8,78.293,901.095,1,1,1
14239773,12915,1,-35.00,35.00,-34.17,35.54,-0.625,0.617,-23859,23844,7.59,224.3,82.988,901.923,1,1,1
14249781,12925,1,-35.00,35.00,-34.46,33.23,-0.623,0.625,-23883,23863,7.59,227.0,83.354,902.755,1,1,1
14259788,12935,1,-35.00,35.00,-33.79,34.25,-0.625,0.621,-23905,23888,7.60,227.0,78.780,903.541,1,1,1
14269797,12945,1,-35.00,35.00,-33.76,35.40,-0.626,0.617,-23928,23914,7.60,228.8,83.537,904.375,1,1,1
14279797,12955,1,-35.00,35.00,-33.30,35.33,-0.630,0.619,-23950,23938,7.58,227.5,89.512,905.268,1,1,1
14289797,12965,1,-35.00,35.00,-33.86,36.15,-0.627,0.614,-23974,23964,7.60,230.2,94.085,906.207,1,1,1
14299803,12975,1,-35.00,35.00,-34.25,37.61,-0.627,0.610,-23998,23992,7.59,227.3,98.171,907.188,1,1,1
14309803,12985,1,-35.00,35.00,-33.20,38.19,-0.632,0.607,-24019,24019,7.59,225.5,97.378,908.160,1,1,1
14319803,12995,1,-35.00,35.00,-33.79,38.16,-0.631,0.607,-24043,24045,7.59,226.8,95.610,909.114,1,1,1
14329812,13005,1,-35.00,35.00,-33.76,35.50,-0.631,0.615,-24066,24065,7.59,222.0,95.610,910.069,1,1,1
14339818,13015,1,-35.00,35.00,-34.62,33.64,-0.627,0.621,-24091,24085,7.60,230.0,92.195,910.989,1,1,1
14349818,13025,1,-35.00,35.00,-35.22,33.66,-0.624,0.621,-24116,24108,7.61,230.0,87.439,911.862,1,1,1
14359818,13035,1,-35.00,35.00,-35.64,34.98,-0.624,0.618,-24141,24134,7.60,226.5,85.183,912.712,1,1,1
14369818,13045,1,-35.00,35.00,-36.37,35.48,-0.621,0.617,-24167,24159,7.59,226.5,91.646,913.627,1,1,1
14379827,13055,1,-35.00,35.00,-36.89,35.38,-0.618,0.617,-24193,24183,7.60,224.5,100.488,914.630,1,1,1
14389834,13065,1,-35.00,35.00,-36.37,36.63,-0.620,0.612,-24217,24210,7.60,220.0,109.390,915.722,1,1,1
14399834,13075,1,-35.00,35.00,-35.56,38.83,-0.623,0.604,-24240,24240,7.60,221.5,112.378,916.844,1,1,1
14409834,13085,1,-35.00,35.00,-35.88,38.60,-0.623,0.605,-24265,24266,7.59,219.2,109.268,917.935,1,1,1
14419834,13095,1,-35.00,35.00,-34.35,37.57,-0.627,0.607,-24286,24290,7.61,218.5,98.963,918.923,1,1,1
14429842,13105,1,-35.00,35.00,-33.71,35.53,-0.630,0.615,-24308,24311,7.59,217.0,85.671,919.779,1,1,1
14439842,13115,1,-35.00,35.00,-34.58,31.90,-0.627,0.628,-24333,24327,7.59,225.0,75.122,920.528,1,1,1
14449849,13125,1,-35.00,35.00,-36.07,32.44,-0.621,0.627,-24360,24350,7.59,231.0,70.549,921.232,1,1,1
14459857,13135,1,-35.00,35.00,-35.80,33.25,-0.621,0.624,-24384,24374,7.60,227.0,73.232,921.963,1,1,1
14469864,13145,1,-35.00,35.00,-36.05,33.82,-0.621,0.624,-24409,24398,7.59,225.0,81.585,922.777,1,1,1
14479864,13155,1,-35.00,35.00,-37.98,33.34,-0.613,0.627,-24438,24420,7.59,225.3,95.488,923.730,1,1,1
14489872,13165,1,-35.00,35.00,-38.89,34.77,-0.608,0.622,-24466,24446,7.60,225.8,104.390,924.772,1,1,1
14499879,13175,1,-35.00,35.00,-37.33,35.32,-0.613,0.620,-24489,24471,7.60,216.8,104.207,925.813,1,1,1
14509879,13185,1,-35.00,35.00,-34.48,34.39,-0.622,0.623,-24508,24493,7.60,219.2,96.037,926.772,1,1,1
14519879,13195,1,-35.00,35.00,-33.80,34.18,-0.625,0.624,-24530,24516,7.59,222.5,82.805,927.598,1,1,1
14529888,13205,1,-35.00,35.00,-34.21,34.04,-0.623,0.624,-24554,24539,7.60,224.5,73.232,928.329,1,1,1
14539888,13215,1,-35.00,35.00,-36.69,35.25,-0.615,0.621,-24583,24565,7.59,223.8,72.988,929.057,1,1,1
14549888,13225,1,-35.00,35.00,-35.79,36.10,-0.618,0.618,-24606,24591,7.59,221.5,83.415,929.889,1,1,1
14559888,13235,1,-35.00,35.00,-35.60,35.38,-0.618,0.619,-24630,24614,7.60,224.0,93.476,930.823,1,1,1
14569888,13245,1,-35.00,35.00,-36.79,35.31,-0.615,0.621,-24657,24638,7.59,220.5,100.183,931.823,1,1,1
14579888,13255,1,-35.00,35.00,-36.74,36.58,-0.615,0.616,-24682,24665,7.60,219.2,106.037,932.881,1,1,1
14589894,13265,1,-35.00,35.00,-36.70,38.35,-0.616,0.609,-24707,24694,7.60,218.8,105.183,933.932,1,1,1
14599894,13275,1,-35.00,35.00,-35.36,37.39,-0.620,0.611,-24729,24718,7.60,217.8,99.817,934.928,1,1,1
14609894,13285,1,-35.00,35.00,-34.42,32.33,-0.622,0.628,-24751,24732,7.60,219.5,90.488,935.831,1,1,1
14619894,13295,1,-35.00,35.00,-34.20,34.93,-0.623,0.620,-24774,24760,7.60,225.8,80.915,936.639,1,1,1
14629903,13305,1,-35.00,35.00,-35.37,34.56,-0.619,0.621,-24800,24783,7.60,223.5,77.622,937.413,1,1,1
14639903,13315,1,-35.00,35.00,-35.74,35.62,-0.618,0.618,-24825,24809,7.60,223.0,80.061,938.212,1,1,1
14649903,13325,1,-35.00,35.00,-36.01,35.48,-0.618,0.619,-24850,24833,7.59,218.8,88.841,939.099,1,1,1
14659910,13335,1,-35.00,35.00,-36.19,34.94,-0.617,0.621,-24875,24856,7.59,224.8,99.939,940.097,1,1,1
14669918,13345,1,-35.00,35.00,-35.88,36.33,-0.618,0.615,-24899,24883,7.60,223.5,106.098,941.156,1,1,1
14679918,13355,1,-35.00,35.00,-36.10,39.05,-0.618,0.605,-24924,24914,7.60,218.2,106.220,942.217,1,1,1
14689925,13365,1,-35.00,35.00,-35.38,39.20,-0.620,0.604,-24947,24941,7.60,215.0,102.805,943.243,1,1,1
14699933,13375,1,-35.00,35.00,-34.87,38.43,-0.622,0.606,-24970,24966,7.60,217.2,98.110,944.223,1,1,1
14709940,13385,1,-35.00,35.00,-34.08,37.45,-0.625,0.609,-24992,24990,7.60,216.5,86.402,945.085,1,1,1
14719940,13395,1,-35.00,35.00,-34.40,35.00,-0.624,0.617,-25016,25010,7.60,221.2,78.537,945.869,1,1,1
14729940,13405,1,-35.00,35.00,-35.07,33.29,-0.621,0.623,-25041,25030,7.59,223.2,76.951,946.637,1,1,1
14739945,13415,1,-35.00,35.00,-35.53,33.41,-0.620,0.624,-25066,25053,7.59,225.5,78.841,947.424,1,1,1
14749948,13425,1,-35.00,35.00,-36.30,33.49,-0.616,0.624,-25092,25076,7.60,226.0,82.561,948.247,1,1,1
14759955,13435,1,-35.00,35.00,-37.27,34.43,-0.614,0.622,-25119,25101,7.59,220.5,89.573,949.142,1,1,1
14769955,13445,1,-35.00,35.00,-38.84,35.53,-0.609,0.619,-25148,25127,7.59,220.2,99.268,950.133,1,1,1
14779955,13455,1,-35.00,35.00,-39.05,35.86,-0.607,0.618,-25175,25152,7.60,219.0,108.659,951.218,1,1,1
14789955,13465,1,-35.00,35.00,-37.00,35.21,-0.613,0.619,-25197,25175,7.60,214.2,109.939,952.315,1,1,1
14799963,13475,1,-35.00,35.00,-35.57,35.19,-0.618,0.619,-25219,25199,7.60,218.0,95.854,953.272,1,1,1
14809964,13485,1,-35.00,35.00,-33.25,35.18,-0.626,0.619,-25238,25223,7.60,222.0,79.329,954.064,1,1,1
14819979,13495,1,-35.00,35.00,-33.38,35.17,-0.627,0.619,-25261,25247,7.59,224.5,73.293,954.795,1,1,1
14829990,13505,1,-35.00,35.00,-34.79,35.17,-0.622,0.619,-25287,25271,7.59,224.5,78.841,955.582,1,1,1
14839998,13515,1,-35.00,35.00,-35.34,36.04,-0.620,0.615,-25312,25297,7.60,223.5,91.829,956.499,1,1,1
14849999,13525,1,-35.00,35.00,-35.29,37.10,-0.621,0.612,-25336,25324,7.59,221.0,98.537,957.482,1,1,1
14860005,13536,1,-35.00,35.00,-36.13,38.27,-0.618,0.608,-25362,25352,7.60,219.2,96.707,958.448,1,1,1
14870005,13546,1,-35.00,35.00,-37.15,37.78,-0.614,0.609,-25389,25377,7.60,216.2,94.634,959.393,1,1,1
14880006,13556,1,-35.00,35.00,-36.55,36.99,-0.615,0.611,-25413,25401,7.61,215.0,95.671,960.348,1,1,1
14890020,13566,1,-35.00,35.00,-36.13,32.92,-0.616,0.625,-25437,25417,7.60,217.8,92.561,961.272,1,1,1
14900029,13576,1,-35.00,35.00,-35.40,33.15,-0.619,0.626,-25460,25440,7.59,223.0,83.293,962.103,1,1,1
14910036,13586,1,-35.00,35.00,-35.33,33.76,-0.619,0.624,-25484,25464,7.59,227.3,77.195,962.873,1,1,1
14920036,13596,1,-35.00,35.00,-35.72,34.61,-0.618,0.622,-25509,25489,7.59,227.0,84.268,963.714,1,1,1
14930036,13606,1,-35.00,35.00,-35.11,34.78,-0.619,0.621,-25532,25513,7.60,224.3,98.659,964.699,1,1,1
14940036,13616,1,-35.00,35.00,-35.56,36.65,-0.619,0.615,-25557,25541,7.59,222.0,109.512,965.793,1,1,1
14950036,13626,1,-35.00,35.00,-34.56,39.72,-0.624,0.604,-25579,25573,7.58,220.2,108.537,966.876,1,1,1
14960036,13636,1,-35.00,35.00,-29.03,40.11,-0.644,0.600,-25590,25601,7.59,218.2,103.537,967.910,1,1,1
14970044,13646,1,-35.00,35.00,-20.32,39.94,-0.678,0.596,-25590,25628,7.59,226.8,100.915,968.918,1,1,1
14980051,13656,1,-35.00,35.00,-14.22,36.75,-0.704,0.602,-25590,25648,7.59,247.5,96.341,969.880,1,1,1
14990059,13666,1,-35.00,35.00,-9.96,33.19,-0.723,0.612,-25590,25665,7.58,271.2,84.390,970.722,1,1,1
15000066,13676,1,-35.00,35.00,-7.41,32.90,-0.735,0.611,-25591,25687,7.57,294.5,74.451,971.465,1,1,1
15010074,13686,1,-35.00,35.00,-5.19,34.02,-0.746,0.605,-25591,25712,7.56,295.8,74.390,972.207,1,1,1
15020074,13696,1,-35.00,35.00,-3.63,35.24,-0.754,0.597,-25591,25738,7.56,303.5,87.866,973.084,1,1,1
15030081,13706,1,-35.00,35.00,-2.54,36.53,-0.762,0.590,-25591,25765,7.55,309.8,102.012,974.102,1,1,1
15040081,13716,1,-35.00,35.00,-13.20,38.32,-0.730,0.582,-25617,25794,7.56,312.2,106.037,975.161,1,1,1
15050081,13726,1,-35.00,35.00,-21.99,39.13,-0.702,0.579,-25646,25822,7.58,272.2,103.598,976.195,1,1,1
15060081,13736,1,-35.00,35.00,-28.14,38.81,-0.682,0.579,-25675,25848,7.59,248.2,104.695,977.241,1,1,1
15070090,13746,1,-35.00,35.00,-32.88,35.08,-0.666,0.592,-25705,25866,7.59,236.5,100.976,978.249,1,1,1
15080090,13756,1,-35.00,35.00,-35.32,33.35,-0.658,0.599,-25733,25886,7.59,229.2,91.585,979.163,1,1,1
15090090,13766,1,-35.00,35.00,-37.91,33.45,-0.648,0.600,-25763,25909,7.59,227.8,86.890,980.030,1,1,1
15100097,13776,1,-35.00,35.00,-39.28,34.40,-0.642,0.598,-25792,25934,7.59,224.0,92.256,980.951,1,1,1
15110111,13786,1,-35.00,35.00,-40.24,35.07,-0.637,0.596,-25821,25959,7.60,219.8,104.085,981.991,1,1,1
15120112,13796,1,-35.00,35.00,-40.91,36.85,-0.634,0.591,-25850,25987,7.59,217.5,112.683,983.116,1,1,1
15130112,13806,1,-35.00,35.00,-40.94,38.54,-0.632,0.585,-25878,26016,7.59,215.2,111.646,984.231,1,1,1
15140112,13816,1,-35.00,35.00,-41.84,37.96,-0.627,0.587,-25908,26041,7.59,210.0,106.280,985.292,1,1,1
15150127,13826,1,-35.00,35.00,-41.60,37.56,-0.625,0.588,-25936,26066,7.61,208.0,102.683,986.317,1,1,1
15160135,13836,1,-35.00,35.00,-41.86,35.96,-0.621,0.594,-25965,26088,7.60,208.7,92.561,987.241,1,1,1
15170142,13846,1,-35.00,35.00,-41.17,33.96,-0.622,0.602,-25992,26108,7.59,210.0,86.037,988.100,1,1,1
15180142,13856,1,-35.00,35.00,-42.00,32.12,-0.617,0.610,-26022,26127,7.60,214.2,85.366,988.952,1,1,1
15190150,13866,1,-35.00,35.00,-42.58,33.03,-0.614,0.608,-26052,26151,7.60,215.0,86.220,989.812,1,1,1
15200157,13876,1,-35.00,35.00,-42.11,33.67,-0.615,0.607,-26080,26175,7.60,214.8,92.134,990.732,1,1,1
15210157,13886,1,-35.00,35.00,-42.66,33.68,-0.612,0.608,-26110,26198,7.60,214.8,101.220,991.742,1,1,1
15220157,13896,1,-35.00,35.00,-43.49,34.12,-0.610,0.609,-26141,26222,7.59,212.0,111.463,992.855,1,1,1
15230157,13906,1,-35.00,35.00,-44.94,35.75,-0.604,0.605,-26174,26249,7.59,214.0,117.988,994.034,1,1,1
15240159,13916,1,-35.00,35.00,-42.45,38.21,-0.613,0.596,-26199,26279,7.59,210.0,113.110,995.163,1,1,1
15250165,13926,1,-35.00,35.00,-40.26,38.17,-0.619,0.594,-26223,26305,7.60,206.0,100.610,996.167,1,1,1
15260172,13936,1,-35.00,35.00,-39.61,36.39,-0.620,0.600,-26249,26327,7.60,209.7,88.354,997.049,1,1,1
15270172,13946,1,-35.00,35.00,-39.59,32.94,-0.619,0.612,-26276,26344,7.60,213.5,88.354,997.931,1,1,1
15280172,13956,1,-35.00,35.00,-40.46,30.97,-0.614,0.621,-26305,26362,7.61,218.5,80.122,998.731,1,1,1
15290172,13966,1,-35.00,35.00,-40.19,31.35,-0.615,0.622,-26332,26384,7.59,217.2,80.366,999.533,1,1,1
15300181,13976,1,-35.00,35.00,-40.87,32.93,-0.612,0.618,-26361,26409,7.60,221.5,84.146,1000.373,1,1,1
15310187,13986,1,-35.00,35.00,-42.67,33.60,-0.606,0.618,-26393,26433,7.60,218.2,95.976,1001.331,1,1,1
15320187,13996,1,-35.00,35.00,-40.42,34.94,-0.612,0.613,-26417,26459,7.60,214.5,110.976,1002.439,1,1,1
15330201,14006,1,-35.00,35.00,-39.28,36.77,-0.618,0.609,-26442,26487,7.58,212.2,116.463,1003.602,1,1,1
15340211,14016,1,-35.00,35.00,-38.92,37.16,-0.618,0.605,-26468,26513,7.60,214.2,106.585,1004.666,1,1,1
15350211,14026,1,-35.00,35.00,-39.55,36.56,-0.615,0.607,-26496,26537,7.60,214.5,98.841,1005.653,1,1,1
15360218,14036,1,-35.00,35.00,-39.55,33.94,-0.614,0.616,-26523,26556,7.60,215.5,96.280,1006.614,1,1,1
15370226,14046,1,-35.00,35.00,-39.99,30.79,-0.611,0.629,-26551,26572,7.59,216.5,95.061,1007.563,1,1,1
15380226,14056,1,-35.00,35.00,-40.30,31.22,-0.609,0.629,-26579,26594,7.60,224.0,92.622,1008.488,1,1,1
15390233,14066,1,-35.00,35.00,-44.03,32.84,-0.597,0.628,-26615,26619,7.59,221.5,88.232,1009.368,1,1,1
15400233,14076,1,-35.00,35.00,-41.81,33.98,-0.604,0.624,-26640,26644,7.59,215.8,92.134,1010.288,1,1,1
15410242,14086,1,-35.00,35.00,-39.81,34.33,-0.609,0.623,-26664,26668,7.60,217.2,102.012,1011.306,1,1,1
15420248,14096,1,-35.00,35.00,-36.66,35.90,-0.619,0.616,-26684,26695,7.60,221.5,102.317,1012.328,1,1,1
15430257,14106,1,-35.00,35.00,-36.65,36.99,-0.619,0.612,-26709,26722,7.60,220.0,95.488,1013.281,1,1,1
15440263,14116,1,-35.00,35.00,-37.52,37.32,-0.617,0.612,-26736,26748,7.59,218.2,90.122,1014.181,1,1,1
15450272,14126,1,-35.00,35.00,-38.57,37.11,-0.613,0.612,-26764,26773,7.60,219.5,92.500,1015.104,1,1,1
15460272,14136,1,-35.00,35.00,-38.86,36.52,-0.612,0.614,-26791,26797,7.59,217.0,96.220,1016.065,1,1,1
15470272,14146,1,-35.00,35.00,-39.95,33.48,-0.607,0.625,-26820,26815,7.59,215.2,95.976,1017.023,1,1,1
15480279,14156,1,-35.00,35.00,-41.15,31.34,-0.601,0.633,-26850,26833,7.61,217.0,91.707,1017.938,1,1,1
15490287,14166,1,-35.00,35.00,-40.67,32.05,-0.603,0.633,-26877,26856,7.60,223.2,83.171,1018.768,1,1,1
15500294,14176,1,-35.00,35.00,-38.58,33.42,-0.609,0.629,-26900,26881,7.60,222.2,79.024,1019.557,1,1,1
15510302,14186,1,-35.00,35.00,-35.79,33.94,-0.618,0.628,-26920,26905,7.59,221.5,81.829,1020.374,1,1,1
15520302,14196,1,-35.00,35.00,-36.04,34.75,-0.618,0.625,-26945,26930,7.59,227.3,83.415,1021.206,1,1,1
15530309,14206,1,-35.00,35.00,-37.09,36.19,-0.615,0.621,-26972,26957,7.59,225.3,85.183,1022.056,1,1,1
15540317,14216,1,-35.00,35.00,-37.39,37.64,-0.614,0.615,-26998,26985,7.59,221.0,90.915,1022.964,1,1,1
15550317,14226,1,-35.00,35.00,-37.60,36.45,-0.612,0.618,-27024,27008,7.60,217.2,95.061,1023.913,1,1,1
15560324,14236,1,-35.00,35.00,-39.06,34.75,-0.606,0.624,-27053,27029,7.61,220.0,96.524,1024.877,1,1,1
15570332,14246,1,-35.00,35.00,-40.53,33.99,-0.601,0.629,-27083,27051,7.59,218.0,93.110,1025.806,1,1,1
15580340,14256,1,-35.00,35.00,-40.67,33.90,-0.601,0.631,-27111,27074,7.59,218.8,84.878,1026.653,1,1,1
15590354,14266,1,-35.00,35.00,-38.58,34.72,-0.607,0.627,-27134,27099,7.60,220.0,81.829,1027.470,1,1,1
15600354,14276,1,-35.00,35.00,-36.67,35.73,-0.613,0.624,-27156,27125,7.60,220.0,86.524,1028.333,1,1,1
15610354,14286,1,-35.00,35.00,-36.22,36.43,-0.615,0.621,-27180,27151,7.59,222.2,89.573,1029.228,1,1,1
15620354,14296,1,-35.00,35.00,-37.22,38.25,-0.612,0.614,-27207,27180,7.59,221.5,89.390,1030.120,1,1,1
15630354,14306,1,-35.00,35.00,-37.04,38.64,-0.613,0.613,-27232,27207,7.59,216.5,93.049,1031.049,1,1,1
15640354,14316,1,-35.00,35.00,-37.35,38.03,-0.612,0.613,-27258,27232,7.60,216.8,99.146,1032.038,1,1,1
15650363,14326,1,-35.00,35.00,-37.57,34.97,-0.610,0.623,-27284,27251,7.60,215.0,97.378,1033.011,1,1,1
15660363,14336,1,-35.00,35.00,-39.05,33.27,-0.605,0.631,-27313,27271,7.59,218.8,91.220,1033.921,1,1,1
15670363,14346,1,-35.00,35.00,-39.64,33.40,-0.602,0.631,-27341,27294,7.59,222.2,83.232,1034.752,1,1,1
15680369,14356,1,-35.00,35.00,-40.49,34.80,-0.599,0.627,-27370,27320,7.60,223.2,79.146,1035.542,1,1,1
15690378,14366,1,-35.00,35.00,-38.01,35.35,-0.606,0.624,-27392,27345,7.61,216.0,85.122,1036.391,1,1,1
15700385,14376,1,-35.00,35.00,-35.84,36.17,-0.614,0.622,-27413,27371,7.60,216.8,89.756,1037.287,1,1,1
15710393,14386,1,-35.00,35.00,-35.63,38.06,-0.615,0.614,-27437,27400,7.60,222.2,88.598,1038.172,1,1,1
15720400,14396,1,-35.00,35.00,-36.37,38.51,-0.613,0.612,-27463,27427,7.60,221.0,87.134,1039.041,1,1,1
15730400,14406,1,-35.00,35.00,-36.88,38.38,-0.611,0.611,-27489,27453,7.60,217.5,90.305,1039.943,1,1,1
15740415,14416,1,-35.00,35.00,-36.37,35.66,-0.613,0.620,-27513,27473,7.60,216.0,92.744,1040.868,1,1,1
15750415,14426,1,-35.00,35.00,-38.20,33.31,-0.606,0.629,-27542,27492,7.59,222.2,90.061,1041.767,1,1,1
15760415,14436,1,-35.00,35.00,-38.61,33.42,-0.603,0.629,-27569,27515,7.60,221.8,83.232,1042.598,1,1,1
15770415,14446,1,-35.00,35.00,-38.01,35.26,-0.606,0.624,-27594,27542,7.60,219.5,80.671,1043.403,1,1,1
15780423,14456,1,-35.00,35.00,-36.71,36.11,-0.610,0.620,-27617,27568,7.60,219.5,87.317,1044.275,1,1,1
15790423,14466,1,-35.00,35.00,-35.81,36.26,-0.614,0.620,-27640,27593,7.59,221.0,91.890,1045.192,1,1,1
15800430,14476,1,-35.00,35.00,-35.61,37.69,-0.615,0.615,-27664,27621,7.59,221.8,91.707,1046.107,1,1,1
15810430,14486,1,-35.00,35.00,-35.48,39.57,-0.615,0.607,-27688,27651,7.60,218.5,89.634,1047.002,1,1,1
15820439,14496,1,-35.00,35.00,-36.26,39.12,-0.613,0.609,-27714,27677,7.60,219.0,91.098,1047.911,1,1,1
15830443,14506,1,-35.00,35.00,-35.93,36.17,-0.614,0.619,-27738,27697,7.59,213.2,94.024,1048.850,1,1,1
15840445,14516,1,-35.00,35.00,-36.58,34.55,-0.611,0.624,-27764,27718,7.60,218.2,93.232,1049.781,1,1,1
15850454,14526,1,-35.00,35.00,-37.47,34.29,-0.608,0.626,-27791,27741,7.60,223.0,88.354,1050.662,1,1,1
15860460,14536,1,-35.00,35.00,-39.85,35.87,-0.600,0.622,-27822,27768,7.59,222.0,89.939,1051.560,1,1,1
15870469,14546,1,-35.00,35.00,-39.32,36.53,-0.601,0.619,-27848,27794,7.60,216.8,99.634,1052.555,1,1,1
15880476,14556,1,-35.00,35.00,-36.75,37.88,-0.611,0.615,-27869,27822,7.59,213.2,106.037,1053.614,1,1,1
15890476,14566,1,-35.00,35.00,-34.08,38.82,-0.620,0.610,-27888,27850,7.60,217.0,100.976,1054.622,1,1,1
15900476,14576,1,-35.00,35.00,-32.20,39.48,-0.627,0.606,-27907,27878,7.60,220.8,89.085,1055.511,1,1,1
15910476,14586,1,-35.00,35.00,-33.09,39.94,-0.626,0.605,-27931,27906,7.59,222.8,80.854,1056.318,1,1,1
15920476,14596,1,-35.00,35.00,-34.15,38.50,-0.623,0.609,-27956,27930,7.60,220.5,81.524,1057.131,1,1,1
15930484,14606,1,-35.00,35.00,-34.45,34.86,-0.621,0.621,-27980,27948,7.60,222.0,83.963,1057.969,1,1,1
15940493,14616,1,-35.00,35.00,-33.78,33.63,-0.624,0.626,-28002,27969,7.59,224.0,79.634,1058.764,1,1,1
15950493,14626,1,-35.00,35.00,-33.76,34.53,-0.625,0.623,-28025,27994,7.59,226.8,76.341,1059.526,1,1,1
15960493,14636,1,-35.00,35.00,-33.74,35.16,-0.625,0.620,-28048,28019,7.60,230.5,82.378,1060.348,1,1,1
15970493,14646,1,-35.00,35.00,-33.72,36.04,-0.626,0.617,-28071,28045,7.59,226.5,90.732,1061.254,1,1,1
15980493,14656,1,-35.00,35.00,-34.15,36.65,-0.625,0.615,-28095,28071,7.59,230.0,97.561,1062.228,1,1,1
15990500,14666,1,-35.00,35.00,-34.45,37.52,-0.625,0.612,-28119,28098,7.59,229.0,98.780,1063.214,1,1,1
16000500,14676,1,-35.00,35.00,-34.23,37.69,-0.626,0.610,-28142,28124,7.60,224.3,95.122,1064.164,1,1,1
16010500,14686,1,-35.00,35.00,-34.50,37.81,-0.626,0.610,-28166,28150,7.59,223.0,91.829,1065.080,1,1,1
16020500,14696,1,-35.00,35.00,-34.70,34.38,-0.624,0.621,-28190,28168,7.60,224.5,88.476,1065.963,1,1,1
16030500,14706,1,-35.00,35.00,-35.28,34.17,-0.622,0.623,-28215,28191,7.59,227.3,86.463,1066.826,1,1,1
16040500,14716,1,-35.00,35.00,-36.12,34.91,-0.620,0.621,-28241,28216,7.59,224.0,86.220,1067.687,1,1,1
16050500,14726,1,-35.00,35.00,-37.15,35.42,-0.615,0.619,-28268,28241,7.60,222.2,93.476,1068.620,1,1,1
16060508,14736,1,-35.00,35.00,-36.55,35.34,-0.616,0.619,-28292,28265,7.60,223.5,103.171,1069.650,1,1,1
16070508,14746,1,-35.00,35.00,-36.57,35.73,-0.616,0.618,-28317,28290,7.59,222.8,111.402,1070.763,1,1,1
16080508,14756,1,-35.00,35.00,-35.71,37.31,-0.619,0.612,-28340,28318,7.60,221.2,110.183,1071.863,1,1,1
16090515,14766,1,-35.00,35.00,-35.54,38.86,-0.620,0.607,-28364,28347,7.60,216.0,98.415,1072.845,1,1,1
16100515,14776,1,-35.00,35.00,-33.23,38.19,-0.628,0.608,-28383,28372,7.60,218.5,86.402,1073.708,1,1,1
16110515,14786,1,-35.00,35.00,-33.37,37.72,-0.629,0.609,-28406,28397,7.59,220.5,78.720,1074.493,1,1,1
16120515,14796,1,-35.00,35.00,-35.22,34.75,-0.622,0.620,-28433,28416,7.59,221.8,76.463,1075.256,1,1,1
16130515,14806,1,-35.00,35.00,-36.08,32.68,-0.618,0.627,-28459,28435,7.60,224.5,78.537,1076.040,1,1,1
16140523,14816,1,-35.00,35.00,-36.24,33.42,-0.618,0.626,-28484,28459,7.59,225.0,77.805,1076.816,1,1,1
16150523,14826,1,-35.00,35.00,-36.80,33.50,-0.615,0.627,-28510,28482,7.59,224.8,81.463,1077.629,1,1,1
16160523,14836,1,-35.00,35.00,-37.18,33.56,-0.613,0.627,-28536,28505,7.59,223.2,92.683,1078.554,1,1,1
16170523,14846,1,-35.00,35.00,-38.33,34.04,-0.608,0.627,-28564,28529,7.59,224.0,100.549,1079.558,1,1,1
16180524,14856,1,-35.00,35.00,-37.38,34.81,-0.610,0.623,-28588,28554,7.61,222.8,98.232,1080.539,1,1,1
16190539,14866,1,-35.00,35.00,-34.52,34.48,-0.620,0.624,-28607,28577,7.60,218.8,86.585,1081.403,1,1,1
16200545,14876,1,-35.00,35.00,-32.95,35.12,-0.626,0.622,-28627,28602,7.59,222.8,76.341,1082.165,1,1,1
16210545,14886,1,-35.00,35.00,-33.61,33.37,-0.623,0.628,-28651,28622,7.60,227.5,76.341,1082.927,1,1,1
16220545,14896,1,-35.00,35.00,-35.83,35.67,-0.617,0.621,-28679,28650,7.59,229.8,74.390,1083.669,1,1,1
16230545,14906,1,-35.00,35.00,-36.07,35.51,-0.616,0.621,-28704,28674,7.60,220.2,80.244,1084.470,1,1,1
16240551,14916,1,-35.00,35.00,-35.80,36.28,-0.618,0.619,-28728,28700,7.58,221.0,87.439,1085.343,1,1,1
16250554,14926,1,-35.00,35.00,-36.48,34.63,-0.613,0.624,-28754,28721,7.60,221.5,94.939,1086.291,1,1,1
16260560,14936,1,-35.00,35.00,-37.84,35.67,-0.609,0.621,-28782,28747,7.60,221.8,103.415,1087.323,1,1,1
16270569,14946,1,-35.00,35.00,-37.04,37.71,-0.612,0.613,-28806,28776,7.60,220.0,109.207,1088.414,1,1,1
16280569,14956,1,-35.00,35.00,-35.59,37.82,-0.617,0.612,-28828,28802,7.59,215.2,106.524,1089.477,1,1,1
16290576,14966,1,-35.00,35.00,-33.27,37.90,-0.625,0.610,-28847,28828,7.60,216.8,95.366,1090.429,1,1,1
16300576,14976,1,-35.00,35.00,-33.83,35.32,-0.624,0.619,-28871,28848,7.60,217.5,82.561,1091.253,1,1,1
16310584,14986,1,-35.00,35.00,-35.55,32.63,-0.617,0.628,-28898,28866,7.60,222.0,75.427,1092.006,1,1,1
16320591,14996,1,-35.00,35.00,-34.99,34.27,-0.619,0.624,-28921,28892,7.59,226.8,75.610,1092.760,1,1,1
16330595,15006,1,-35.00,35.00,-35.48,34.54,-0.618,0.623,-28946,28916,7.59,225.8,79.207,1093.551,1,1,1
16340599,15016,1,-35.00,35.00,-35.82,34.72,-0.616,0.623,-28971,28940,7.60,223.5,88.537,1094.435,1,1,1
16350599,15026,1,-35.00,35.00,-35.62,34.85,-0.616,0.622,-28995,28964,7.60,222.0,102.073,1095.454,1,1,1
16360606,15036,1,-35.00,35.00,-35.92,38.02,-0.616,0.611,-29020,28995,7.60,222.8,108.110,1096.533,1,1,1
16370606,15046,1,-35.00,35.00,-35.69,38.48,-0.617,0.609,-29044,29022,7.60,217.2,107.195,1097.603,1,1,1
16380614,15056,1,-35.00,35.00,-35.53,39.24,-0.618,0.606,-29068,29050,7.60,216.0,102.683,1098.629,1,1,1
16390615,15066,1,-35.00,35.00,-34.10,37.58,-0.623,0.610,-29089,29073,7.60,216.5,91.341,1099.540,1,1,1
16400630,15076,1,-35.00,35.00,-34.42,35.97,-0.622,0.616,-29113,29095,7.60,220.2,81.463,1100.353,1,1,1
16410636,15086,1,-35.00,35.00,-35.08,33.97,-0.619,0.622,-29138,29115,7.60,222.8,78.354,1101.135,1,1,1
16420645,15096,1,-35.00,35.00,-35.54,33.01,-0.617,0.626,-29163,29136,7.60,223.8,79.878,1101.932,1,1,1
16430645,15106,1,-35.00,35.00,-36.30,33.21,-0.614,0.627,-29189,29159,7.60,223.5,81.585,1102.746,1,1,1
16440652,15116,1,-35.00,35.00,-37.72,33.80,-0.610,0.627,-29217,29183,7.59,221.2,84.573,1103.591,1,1,1
16450652,15126,1,-35.00,35.00,-38.71,35.08,-0.607,0.623,-29245,29209,7.59,220.2,92.439,1104.513,1,1,1
16460652,15136,1,-35.00,35.00,-38.96,35.98,-0.605,0.619,-29272,29235,7.60,221.5,103.720,1105.549,1,1,1
16470660,15146,1,-35.00,35.00,-37.82,35.74,-0.608,0.620,-29296,29259,7.60,214.5,111.463,1106.662,1,1,1
16480667,15156,1,-35.00,35.00,-36.14,35.56,-0.614,0.620,-29318,29283,7.60,217.0,102.988,1107.690,1,1,1
16490667,15166,1,-35.00,35.00,-33.21,35.00,-0.624,0.621,-29336,29306,7.60,218.5,86.524,1108.554,1,1,1
16500667,15176,1,-35.00,35.00,-33.35,35.05,-0.624,0.621,-29359,29330,7.60,224.8,75.915,1109.311,1,1,1
16510675,15186,1,-35.00,35.00,-34.33,35.52,-0.622,0.620,-29384,29355,7.59,227.8,73.598,1110.046,1,1,1
16520675,15196,1,-35.00,35.00,-35.46,35.85,-0.618,0.618,-29410,29380,7.60,221.5,83.720,1110.881,1,1,1
16530682,15206,1,-35.00,35.00,-35.37,36.52,-0.618,0.616,-29434,29406,7.59,219.8,95.061,1111.830,1,1,1
16540690,15216,1,-35.00,35.00,-35.74,37.87,-0.617,0.611,-29459,29434,7.60,222.5,98.110,1112.810,1,1,1
16550697,15226,1,-35.00,35.00,-36.45,38.37,-0.615,0.609,-29485,29461,7.60,216.8,95.305,1113.761,1,1,1
16560697,15236,1,-35.00,35.00,-36.50,37.41,-0.615,0.613,-29510,29485,7.59,216.5,94.878,1114.708,1,1,1
16570705,15246,1,-35.00,35.00,-36.10,34.97,-0.615,0.620,-29534,29505,7.60,219.5,93.780,1115.644,1,1,1
16580712,15256,1,-35.00,35.00,-34.94,32.83,-0.618,0.628,-29556,29524,7.60,221.2,85.549,1116.498,1,1,1
16590712,15266,1,-35.00,35.00,-35.44,33.53,-0.616,0.626,-29581,29548,7.60,225.3,78.659,1117.283,1,1,1
16600712,15276,1,-35.00,35.00,-35.80,34.46,-0.615,0.623,-29606,29573,7.60,224.8,79.024,1118.072,1,1,1
16610721,15286,1,-35.00,35.00,-35.16,35.11,-0.618,0.622,-29629,29598,7.59,225.3,92.012,1118.990,1,1,1
16620721,15296,1,-35.00,35.00,-36.04,35.56,-0.616,0.621,-29655,29623,7.59,223.2,106.280,1120.051,1,1,1
16630721,15306,1,-35.00,35.00,-34.90,38.08,-0.619,0.610,-29677,29653,7.60,221.0,111.524,1121.165,1,1,1
16640721,15316,1,-35.00,35.00,-28.38,40.28,-0.644,0.601,-29686,29684,7.59,217.8,107.622,1122.240,1,1,1
16650727,15326,1,-35.00,35.00,-19.87,40.50,-0.677,0.595,-29686,29712,7.61,231.0,102.805,1123.266,1,1,1
16660727,15336,1,-35.00,35.00,-13.91,38.90,-0.704,0.597,-29686,29736,7.59,247.0,100.000,1124.264,1,1,1
16670736,15346,1,-35.00,35.00,-9.74,34.26,-0.722,0.610,-29686,29752,7.58,264.8,88.171,1125.145,1,1,1
16680736,15356,1,-35.00,35.00,-7.25,32.77,-0.733,0.612,-29687,29772,7.58,292.2,76.951,1125.912,1,1,1
16690743,15366,1,-35.00,35.00,-5.08,33.93,-0.745,0.607,-29687,29797,7.56,294.0,72.439,1126.635,1,1,1
16700751,15376,1,-35.00,35.00,-3.55,34.73,-0.752,0.600,-29687,29822,7.57,306.2,79.634,1127.430,1,1,1
16710751,15386,1,-35.00,35.00,-2.49,35.74,-0.760,0.594,-29687,29848,7.56,311.0,95.793,1128.386,1,1,1
16720758,15396,1,-35.00,35.00,-12.73,36.44,-0.729,0.590,-29712,29874,7.57,313.5,105.488,1129.439,1,1,1
16730758,15406,1,-35.00,35.00,-21.65,37.82,-0.700,0.584,-29741,29902,7.58,276.2,105.915,1130.497,1,1,1
16740758,15416,1,-35.00,35.00,-27.46,37.90,-0.682,0.584,-29769,29928,7.59,250.8,103.963,1131.535,1,1,1
16750758,15426,1,-35.00,35.00,-32.41,36.63,-0.667,0.589,-29799,29951,7.58,237.8,102.012,1132.553,1,1,1
16760758,15436,1,-35.00,35.00,-34.99,34.43,-0.657,0.597,-29827,29971,7.59,229.2,96.341,1133.515,1,1,1
16770766,15446,1,-35.00,35.00,-37.68,34.65,-0.648,0.597,-29857,29995,7.59,225.0,91.402,1134.427,1,1,1
16780773,15456,1,-35.00,35.00,-38.68,34.80,-0.643,0.597,-29885,30019,7.60,221.2,91.159,1135.337,1,1,1
16790773,15466,1,-35.00,35.00,-39.82,34.91,-0.637,0.597,-29914,30043,7.61,221.2,98.537,1136.321,1,1,1
16800773,15476,1,-35.00,35.00,-41.06,35.86,-0.631,0.594,-29944,30069,7.60,216.5,109.207,1137.411,1,1,1
16810773,15486,1,-35.00,35.00,-42.36,37.85,-0.625,0.589,-29975,30098,7.60,214.2,115.915,1138.569,1,1,1
16820781,15496,1,-35.00,35.00,-42.40,38.80,-0.623,0.586,-30004,30126,7.61,208.7,113.902,1139.706,1,1,1
16830788,15506,1,-35.00,35.00,-41.54,38.58,-0.624,0.587,-30031,30152,7.60,206.7,109.573,1140.800,1,1,1
16840788,15516,1,-35.00,35.00,-41.82,37.12,-0.620,0.592,-30060,30175,7.60,208.0,97.927,1141.778,1,1,1
16850788,15526,1,-35.00,35.00,-40.70,35.65,-0.622,0.598,-30086,30197,7.59,208.5,85.549,1142.632,1,1,1
16860788,15536,1,-35.00,35.00,-41.68,32.86,-0.618,0.608,-30116,30215,7.59,211.2,82.378,1143.454,1,1,1
16870797,15546,1,-35.00,35.00,-42.36,32.67,-0.614,0.610,-30146,30237,7.60,212.8,85.061,1144.303,1,1,1
16880797,15556,1,-35.00,35.00,-41.51,33.42,-0.616,0.609,-30173,30261,7.60,214.5,88.476,1145.186,1,1,1
16890812,15566,1,-35.00,35.00,-42.24,33.94,-0.614,0.609,-30203,30285,7.59,214.8,94.573,1146.130,1,1,1
16900819,15576,1,-35.00,35.00,-44.51,34.30,-0.604,0.609,-30237,30309,7.60,213.5,104.207,1147.171,1,1,1
16910827,15586,1,-35.00,35.00,-46.10,35.00,-0.598,0.608,-30271,30334,7.60,210.0,113.963,1148.309,1,1,1
16920827,15596,1,-35.00,35.00,-43.26,37.68,-0.608,0.599,-30296,30364,7.59,209.7,117.012,1149.477,1,1,1
16930827,15606,1,-35.00,35.00,-42.58,38.24,-0.610,0.596,-30324,30391,7.60,208.0,106.707,1150.543,1,1,1
16940827,15616,1,-35.00,35.00,-39.92,37.76,-0.618,0.597,-30347,30416,7.61,204.8,97.805,1151.519,1,1,1
16950834,15626,1,-35.00,35.00,-38.05,35.22,-0.623,0.605,-30370,30436,7.61,207.5,88.354,1152.401,1,1,1
16960842,15636,1,-35.00,35.00,-38.50,31.68,-0.621,0.619,-30397,30452,7.59,216.0,78.110,1153.180,1,1,1
16970849,15646,1,-35.00,35.00,-39.25,31.85,-0.618,0.620,-30425,30474,7.59,221.8,77.195,1153.951,1,1,1
16980849,15656,1,-35.00,35.00,-40.22,32.84,-0.614,0.618,-30454,30498,7.59,217.5,84.268,1154.792,1,1,1
16990857,15666,1,-35.00,35.00,-40.90,33.53,-0.610,0.617,-30483,30522,7.60,219.0,99.085,1155.781,1,1,1
17000864,15676,1,-35.00,35.00,-40.49,34.02,-0.611,0.615,-30510,30546,7.61,217.0,109.390,1156.873,1,1,1
17010872,15686,1,-35.00,35.00,-39.77,35.24,-0.614,0.613,-30536,30572,7.59,213.2,105.854,1157.930,1,1,1
17020872,15696,1,-35.00,35.00,-39.71,36.97,-0.614,0.606,-30563,30600,7.60,215.5,99.573,1158.924,1,1,1
17030879,15706,1,-35.00,35.00,-40.10,37.75,-0.612,0.604,-30591,30627,7.60,215.0,98.659,1159.909,1,1,1
17040879,15716,1,-35.00,35.00,-39.93,35.65,-0.612,0.611,-30618,30648,7.60,211.5,101.707,1160.925,1,1,1
17050879,15726,1,-35.00,35.00,-39.82,33.31,-0.611,0.619,-30645,30667,7.60,212.5,99.512,1161.918,1,1,1
17060879,15736,1,-35.00,35.00,-40.62,32.10,-0.608,0.625,-30674,30687,7.60,216.5,92.317,1162.840,1,1,1
17070879,15746,1,-35.00,35.00,-41.62,32.58,-0.604,0.625,-30704,30710,7.60,219.8,88.171,1163.720,1,1,1
17080879,15756,1,-35.00,35.00,-40.56,34.23,-0.607,0.621,-30730,30736,7.59,218.2,93.598,1164.654,1,1,1
17090879,15766,1,-35.00,35.00,-38.94,34.51,-0.612,0.620,-30754,30760,7.59,217.0,100.427,1165.657,1,1,1
17100879,15776,1,-35.00,35.00,-37.36,36.02,-0.617,0.614,-30777,30787,7.60,219.2,97.927,1166.635,1,1,1
17110879,15786,1,-35.00,35.00,-37.58,37.96,-0.616,0.607,-30803,30816,7.61,220.2,94.756,1167.580,1,1,1
17120888,15796,1,-35.00,35.00,-37.73,38.00,-0.616,0.606,-30829,30842,7.60,215.0,95.366,1168.532,1,1,1
17130888,15806,1,-35.00,35.00,-38.72,37.58,-0.613,0.608,-30857,30867,7.60,214.8,97.927,1169.510,1,1,1
17140888,15816,1,-35.00,35.00,-38.97,36.86,-0.611,0.609,-30884,30891,7.61,214.5,97.927,1170.488,1,1,1
17150888,15826,1,-35.00,35.00,-39.58,34.15,-0.609,0.620,-30912,30910,7.60,213.8,97.439,1171.461,1,1,1
17160894,15836,1,-35.00,35.00,-40.89,31.81,-0.603,0.629,-30942,30928,7.60,213.5,93.537,1172.394,1,1,1
17170894,15846,1,-35.00,35.00,-41.37,32.38,-0.600,0.629,-30971,30951,7.60,218.8,85.854,1173.251,1,1,1
17180894,15856,1,-35.00,35.00,-39.94,33.65,-0.605,0.626,-30996,30976,7.60,218.8,79.939,1174.049,1,1,1
17190894,15866,1,-35.00,35.00,-36.75,34.10,-0.615,0.624,-31016,31000,7.60,217.8,81.037,1174.858,1,1,1
17200894,15876,1,-35.00,35.00,-35.39,34.86,-0.620,0.621,-31038,31025,7.59,220.0,83.537,1175.691,1,1,1
17210894,15886,1,-35.00,35.00,-36.20,36.27,-0.618,0.617,-31064,31052,7.59,222.2,84.451,1176.534,1,1,1
17220894,15896,1,-35.00,35.00,-37.21,38.13,-0.614,0.610,-31091,31081,7.60,221.2,88.049,1177.413,1,1,1
17230894,15906,1,-35.00,35.00,-37.47,36.80,-0.613,0.613,-31117,31104,7.60,217.8,94.207,1178.354,1,1,1
17240900,15916,1,-35.00,35.00,-38.09,34.99,-0.611,0.620,-31144,31125,7.59,215.2,98.354,1179.336,1,1,1
17250910,15926,1,-35.00,35.00,-39.85,33.72,-0.604,0.626,-31174,31146,7.60,217.5,97.927,1180.313,1,1,1
17260910,15936,1,-35.00,35.00,-40.64,33.71,-0.600,0.626,-31203,31169,7.60,218.5,89.451,1181.206,1,1,1
17270910,15946,1,-35.00,35.00,-39.43,34.14,-0.604,0.626,-31228,31193,7.60,217.0,81.768,1182.022,1,1,1
17280910,15956,1,-35.00,35.00,-36.39,35.33,-0.614,0.621,-31248,31219,7.60,219.0,82.622,1182.847,1,1,1
17290910,15966,1,-35.00,35.00,-35.58,36.15,-0.617,0.618,-31271,31245,7.60,220.2,86.585,1183.711,1,1,1
17300910,15976,1,-35.00,35.00,-35.89,38.05,-0.617,0.611,-31296,31274,7.59,220.0,86.524,1184.575,1,1,1
17310910,15986,1,-35.00,35.00,-36.55,38.50,-0.615,0.609,-31322,31301,7.60,220.8,87.195,1185.445,1,1,1
17320918,15996,1,-35.00,35.00,-37.01,37.94,-0.613,0.610,-31348,31326,7.60,216.8,94.329,1186.387,1,1,1
17330918,16006,1,-35.00,35.00,-36.89,35.35,-0.614,0.620,-31373,31346,7.59,219.5,96.646,1187.351,1,1,1
17340918,16016,1,-35.00,35.00,-38.57,33.53,-0.607,0.626,-31402,31366,7.59,218.0,92.500,1188.275,1,1,1
17350918,16026,1,-35.00,35.00,-38.43,33.14,-0.607,0.629,-31428,31388,7.59,220.2,86.098,1189.134,1,1,1
17360918,16036,1,-35.00,35.00,-40.08,34.18,-0.600,0.626,-31458,31413,7.61,223.8,79.512,1189.928,1,1,1
17370925,16046,1,-35.00,35.00,-38.16,34.92,-0.607,0.624,-31481,31438,7.59,218.8,81.768,1190.744,1,1,1
17380933,16056,1,-35.00,35.00,-35.50,36.31,-0.616,0.618,-31501,31465,7.60,217.8,89.878,1191.641,1,1,1
17390933,16066,1,-35.00,35.00,-35.84,38.60,-0.615,0.610,-31526,31495,7.60,217.8,92.805,1192.567,1,1,1
17400933,16076,1,-35.00,35.00,-35.63,38.88,-0.616,0.608,-31550,31522,7.60,218.5,89.451,1193.460,1,1,1
17410940,16086,1,-35.00,35.00,-36.37,38.20,-0.614,0.611,-31576,31547,7.59,216.5,89.878,1194.357,1,1,1
17420948,16096,1,-35.00,35.00,-36.01,35.97,-0.615,0.618,-31600,31568,7.60,216.0,91.037,1195.266,1,1,1
17430948,16106,1,-35.00,35.00,-36.63,32.65,-0.612,0.630,-31626,31585,7.59,218.8,86.280,1196.127,1,1,1
17440948,16116,1,-35.00,35.00,-37.07,32.96,-0.610,0.630,-31652,31608,7.60,225.0,80.732,1196.933,1,1,1
17450948,16126,1,-35.00,35.00,-36.93,34.50,-0.611,0.625,-31677,31634,7.59,222.0,77.317,1197.704,1,1,1
17460955,16136,1,-35.00,35.00,-37.28,36.02,-0.609,0.620,-31703,31661,7.60,222.5,82.439,1198.527,1,1,1
17470963,16146,1,-35.00,35.00,-35.76,36.20,-0.615,0.619,-31725,31686,7.59,220.5,93.232,1199.458,1,1,1
17480970,16156,1,-35.00,35.00,-35.58,38.96,-0.616,0.609,-31749,31717,7.59,221.2,97.927,1200.435,1,1,1
17490979,16166,1,-35.00,35.00,-35.45,40.46,-0.618,0.605,-31773,31747,7.59,215.5,93.476,1201.368,1,1,1
17500979,16176,1,-35.00,35.00,-35.36,39.75,-0.618,0.605,-31797,31773,7.60,217.2,91.159,1202.278,1,1,1
17510990,16186,1,-35.00,35.00,-36.18,36.17,-0.614,0.617,-31823,31792,7.60,218.2,90.854,1203.185,1,1,1
17520990,16196,1,-35.00,35.00,-35.87,33.23,-0.614,0.627,-31847,31810,7.60,219.8,87.378,1204.057,1,1,1
17530990,16206,1,-35.00,35.00,-36.10,33.37,-0.613,0.628,-31872,31833,7.60,224.3,82.927,1204.885,1,1,1
17540998,16216,1,-35.00,35.00,-37.13,34.78,-0.610,0.624,-31899,31859,7.59,225.3,82.073,1205.704,1,1,1
17551005,16227,1,-35.00,35.00,-36.98,36.21,-0.611,0.619,-31924,31886,7.59,223.5,91.280,1206.615,1,1,1
17561006,16237,1,-35.00,35.00,-37.75,37.21,-0.608,0.615,-31951,31913,7.60,220.2,102.317,1207.637,1,1,1
17571020,16247,1,-35.00,35.00,-33.46,39.23,-0.624,0.607,-31967,31943,7.60,218.2,103.415,1208.669,1,1,1
17581029,16257,1,-35.00,35.00,-33.53,39.33,-0.626,0.607,-31990,31970,7.59,224.0,95.427,1209.622,1,1,1
17591036,16267,1,-35.00,35.00,-34.89,39.40,-0.621,0.606,-32016,31997,7.60,220.0,84.512,1210.465,1,1,1
17601036,16277,1,-35.00,35.00,-34.53,38.56,-0.623,0.608,-32039,32022,7.59,218.2,81.402,1211.278,1,1,1
17611036,16287,1,-35.00,35.00,-34.28,34.90,-0.623,0.620,-32062,32040,7.59,221.8,83.659,1212.113,1,1,1
17621036,16297,1,-35.00,35.00,-34.10,32.78,-0.624,0.628,-32085,32059,7.59,227.3,82.134,1212.932,1,1,1
17631036,16307,1,-35.00,35.00,-33.10,33.93,-0.627,0.624,-32106,32084,7.59,230.0,76.585,1213.696,1,1,1
17641036,16317,1,-35.00,35.00,-33.72,35.18,-0.626,0.620,-32130,32110,7.59,232.2,79.756,1214.492,1,1,1
17651036,16327,1,-35.00,35.00,-33.71,35.61,-0.627,0.619,-32153,32135,7.58,231.5,87.500,1215.366,1,1,1
17661044,16337,1,-35.00,35.00,-34.14,36.35,-0.626,0.615,-32177,32161,7.59,225.5,93.293,1216.297,1,1,1
17671051,16347,1,-35.00,35.00,-33.57,37.31,-0.628,0.611,-32199,32188,7.60,228.0,97.683,1217.272,1,1,1
17681051,16357,1,-35.00,35.00,-33.61,37.55,-0.629,0.610,-32222,32214,7.60,225.8,97.012,1218.241,1,1,1
17691051,16367,1,-35.00,35.00,-34.07,36.83,-0.628,0.612,-32246,32238,7.60,225.3,93.902,1219.178,1,1,1
17701059,16377,1,-35.00,35.00,-33.52,35.45,-0.630,0.616,-32268,32260,7.59,223.2,89.512,1220.072,1,1,1
17711066,16387,1,-35.00,35.00,-34.01,34.48,-0.628,0.619,-32292,32282,7.60,230.0,85.000,1220.920,1,1,1
17721066,16397,1,-35.00,35.00,-34.79,34.68,-0.627,0.620,-32317,32306,7.59,228.3,83.476,1221.753,1,1,1
17731066,16407,1,-35.00,35.00,-34.90,35.27,-0.626,0.617,-32341,32331,7.59,227.3,88.476,1222.636,1,1,1
17741072,16417,1,-35.00,35.00,-35.86,35.23,-0.624,0.619,-32367,32355,7.58,225.3,96.524,1223.600,1,1,1
17751081,16427,1,-35.00,35.00,-36.97,35.65,-0.619,0.617,-32394,32380,7.59,226.8,106.341,1224.662,1,1,1
17761090,16437,1,-35.00,35.00,-36.86,37.26,-0.619,0.611,-32419,32408,7.59,220.2,112.073,1225.781,1,1,1
17771096,16447,1,-35.00,35.00,-36.79,39.26,-0.619,0.604,-32444,32438,7.59,218.2,109.756,1226.877,1,1,1
17781097,16457,1,-35.00,35.00,-35.42,38.47,-0.623,0.606,-32466,32463,7.60,216.5,99.878,1227.874,1,1,1
17791111,16467,1,-35.00,35.00,-33.14,37.48,-0.632,0.609,-32485,32487,7.59,218.0,86.524,1228.738,1,1,1
17801120,16477,1,-35.00,35.00,-33.75,35.46,-0.629,0.614,-32509,32508,7.60,224.0,76.341,1229.499,1,1,1
17811127,16487,1,-35.00,35.00,-35.49,31.85,-0.623,0.628,-32536,32524,7.59,223.8,72.561,1230.223,1,1,1
17821127,16497,1,-35.00,35.00,-35.39,32.41,-0.623,0.628,-32560,32547,7.59,227.0,74.756,1230.969,1,1,1
17831142,16507,1,-35.00,35.00,-35.32,33.67,-0.623,0.624,-32584,32572,7.60,229.0,78.293,1231.751,1,1,1
17841142,16517,1,-35.00,35.00,-36.59,33.68,-0.619,0.625,-32611,32595,7.59,226.0,88.415,1232.633,1,1,1
17851142,16527,1,-35.00,35.00,-37.48,33.68,-0.614,0.626,-32638,32618,7.59,224.8,99.817,1233.630,1,1,1
17861142,16537,1,-35.00,35.00,-38.54,35.00,-0.610,0.622,-32666,32644,7.59,221.5,102.622,1234.654,1,1,1
17871142,16547,1,-35.00,35.00,-37.08,34.61,-0.614,0.623,-32689,32667,7.59,220.2,98.293,1235.636,1,1,1
17881142,16557,1,-35.00,35.00,-34.75,35.65,-0.621,0.618,-32709,32693,7.60,219.5,87.195,1236.506,1,1,1
17891142,16567,1,-35.00,35.00,-33.99,33.75,-0.624,0.625,-32731,32713,7.60,222.5,76.707,1237.271,1,1,1
17901142,16577,1,-35.00,35.00,-34.78,35.05,-0.622,0.622,-32756,32739,7.59,225.8,75.976,1238.030,1,1,1
17911142,16587,1,-35.00,35.00,-36.21,35.52,-0.617,0.620,-32783,32764,7.59,224.0,81.402,1238.842,1,1,1
17921142,16597,1,-35.00,35.00,-35.90,36.29,-0.618,0.617,-32807,32790,7.60,221.8,88.902,1239.729,1,1,1
17931150,16607,1,-35.00,35.00,-35.67,35.07,-0.618,0.621,-32831,32812,7.60,221.2,96.098,1240.689,1,1,1
17941150,16617,1,-35.00,35.00,-35.96,35.98,-0.617,0.618,-32856,32838,7.59,223.8,102.561,1241.713,1,1,1
17951151,16627,1,-35.00,35.00,-37.04,36.61,-0.614,0.616,-32883,32864,7.60,217.2,102.866,1242.740,1,1,1
17961165,16637,1,-35.00,35.00,-35.59,37.49,-0.619,0.612,-32905,32891,7.60,216.5,99.268,1243.731,1,1,1
17971172,16647,1,-35.00,35.00,-35.46,36.79,-0.619,0.613,-32929,32915,7.60,219.2,90.427,1244.633,1,1,1
17981181,16657,1,-35.00,35.00,-34.93,34.98,-0.621,0.619,-32952,32936,7.60,218.2,80.671,1245.438,1,1,1
17991181,16667,1,-35.00,35.00,-34.56,34.59,-0.622,0.621,-32975,32959,7.59,220.2,77.134,1246.208,1,1,1
18001188,16677,1,-35.00,35.00,-35.18,35.64,-0.620,0.616,-33000,32985,7.60,226.3,80.000,1247.006,1,1,1
18011202,16687,1,-35.00,35.00,-35.61,35.94,-0.619,0.616,-33025,33010,7.59,221.0,89.207,1247.897,1,1,1
18021211,16697,1,-35.00,35.00,-35.91,35.70,-0.618,0.616,-33050,33034,7.60,222.0,98.780,1248.883,1,1,1
18031211,16707,1,-35.00,35.00,-35.69,35.54,-0.618,0.617,-33074,33058,7.60,220.2,105.976,1249.941,1,1,1
18041211,16717,1,-35.00,35.00,-35.53,38.06,-0.619,0.608,-33098,33088,7.60,220.2,107.073,1251.010,1,1,1
18051211,16727,1,-35.00,35.00,-35.86,38.95,-0.620,0.606,-33123,33116,7.59,216.8,103.598,1252.044,1,1,1
18061218,16737,1,-35.00,35.00,-35.21,39.57,-0.622,0.603,-33146,33144,7.59,215.8,99.268,1253.035,1,1,1
18071226,16747,1,-35.00,35.00,-34.75,38.24,-0.623,0.606,-33169,33168,7.60,215.2,88.049,1253.914,1,1,1
18081233,16757,1,-35.00,35.00,-33.99,36.88,-0.626,0.610,-33191,33191,7.60,217.0,88.049,1254.793,1,1,1
18091241,16767,1,-35.00,35.00,-34.34,35.48,-0.626,0.616,-33215,33213,7.59,222.0,80.122,1255.593,1,1,1
18101241,16777,1,-35.00,35.00,-35.91,33.63,-0.619,0.622,-33242,33233,7.59,223.2,78.598,1256.377,1,1,1
18111248,16787,1,-35.00,35.00,-35.68,32.77,-0.619,0.626,-33266,33254,7.59,223.0,80.549,1257.181,1,1,1
18121248,16797,1,-35.00,35.00,-35.96,33.48,-0.618,0.624,-33291,33278,7.59,224.3,83.354,1258.013,1,1,1
18131257,16807,1,-35.00,35.00,-37.48,34.43,-0.613,0.622,-33319,33303,7.59,222.5,86.098,1258.872,1,1,1
18141263,16817,1,-35.00,35.00,-38.54,35.52,-0.609,0.618,-33347,33329,7.60,220.8,93.415,1259.805,1,1,1
18151272,16827,1,-35.00,35.00,-38.40,35.85,-0.609,0.617,-33373,33354,7.60,218.5,105.427,1260.857,1,1,1
18161278,16837,1,-35.00,35.00,-36.99,35.64,-0.614,0.618,-33396,33378,7.59,215.8,111.707,1261.973,1,1,1
18171278,16847,1,-35.00,35.00,-34.24,35.06,-0.622,0.618,-33415,33401,7.61,218.2,99.878,1262.970,1,1,1
18181279,16857,1,-35.00,35.00,-33.20,35.53,-0.627,0.617,-33436,33426,7.60,224.3,82.256,1263.791,1,1,1
18191287,16867,1,-35.00,35.00,-34.66,35.42,-0.623,0.618,-33462,33450,7.59,224.0,74.268,1264.532,1,1,1
18201294,16877,1,-35.00,35.00,-35.69,35.78,-0.620,0.617,-33488,33475,7.59,224.3,78.049,1265.311,1,1,1
18211302,16887,1,-35.00,35.00,-35.53,36.03,-0.620,0.615,-33512,33500,7.60,220.0,90.183,1266.211,1,1,1
18221309,16897,1,-35.00,35.00,-35.42,37.53,-0.621,0.610,-33536,33528,7.59,221.5,97.134,1267.181,1,1,1
18231317,16907,1,-35.00,35.00,-36.22,38.13,-0.618,0.608,-33562,33555,7.59,219.2,95.549,1268.135,1,1,1
18241330,16917,1,-35.00,35.00,-36.78,38.12,-0.616,0.608,-33588,33581,7.59,218.8,93.049,1269.063,1,1,1
18251339,16927,1,-35.00,35.00,-36.29,35.47,-0.616,0.616,-33612,33601,7.61,215.0,94.085,1270.003,1,1,1
18261339,16937,1,-35.00,35.00,-35.51,32.74,-0.619,0.626,-33635,33619,7.59,217.8,91.585,1270.917,1,1,1
18271339,16947,1,-35.00,35.00,-34.97,33.90,-0.621,0.623,-33658,33644,7.59,225.5,82.195,1271.737,1,1,1
18281339,16957,1,-35.00,35.00,-35.02,34.72,-0.620,0.619,-33682,33669,7.60,224.3,76.951,1272.505,1,1,1
18291339,16967,1,-35.00,35.00,-35.94,34.85,-0.618,0.620,-33708,33693,7.59,226.3,85.793,1273.361,1,1,1
18301348,16977,1,-35.00,35.00,-35.71,35.38,-0.618,0.618,-33732,33718,7.60,222.2,100.427,1274.364,1,1,1
18311348,16987,1,-35.00,35.00,-35.10,37.95,-0.621,0.608,-33755,33748,7.60,218.2,111.585,1275.478,1,1,1
18321348,16997,1,-35.00,35.00,-35.56,39.75,-0.621,0.602,-33780,33778,7.60,221.0,110.793,1276.584,1,1,1
18331351,17007,1,-35.00,35.00,-25.77,40.57,-0.657,0.596,-33782,33807,7.59,216.5,106.220,1277.645,1,1,1
18341354,17017,1,-35.00,35.00,-18.04,38.94,-0.688,0.597,-33782,33831,7.59,233.7,102.744,1278.671,1,1,1
18351363,17027,1,-35.00,35.00,-12.63,35.17,-0.713,0.606,-33782,33849,7.59,254.2,96.829,1279.637,1,1,1
18361369,17037,1,-35.00,35.00,-8.84,32.53,-0.728,0.613,-33782,33867,7.58,275.2,83.415,1280.470,1,1,1
18371369,17047,1,-35.00,35.00,-6.63,33.32,-0.739,0.608,-33783,33891,7.57,296.5,73.171,1281.200,1,1,1
18381370,17057,1,-35.00,35.00,-4.64,34.31,-0.749,0.602,-33783,33916,7.57,303.5,73.537,1281.934,1,1,1
18391385,17067,1,-35.00,35.00,-3.25,35.44,-0.757,0.594,-33783,33942,7.57,308.2,88.841,1282.821,1,1,1
18401393,17077,1,-35.00,35.00,-4.91,37.55,-0.755,0.584,-33789,33971,7.57,316.0,105.244,1283.871,1,1,1
18411400,17087,1,-35.00,35.00,-16.18,39.91,-0.722,0.576,-33818,34002,7.57,302.0,109.573,1284.966,1,1,1
18421400,17097,1,-35.00,35.00,-23.19,39.80,-0.700,0.575,-33845,34029,7.58,266.8,106.829,1286.032,1,1,1
18431400,17107,1,-35.00,35.00,-28.98,37.97,-0.681,0.582,-33874,34052,7.58,245.2,106.707,1287.098,1,1,1
18441400,17117,1,-35.00,35.00,-33.47,34.05,-0.666,0.596,-33904,34069,7.57,236.7,102.439,1288.120,1,1,1
18451400,17127,1,-35.00,35.00,-36.17,32.62,-0.655,0.601,-33933,34089,7.59,230.8,92.012,1289.039,1,1,1
18461400,17137,1,-35.00,35.00,-37.63,33.38,-0.649,0.599,-33961,34113,7.59,226.3,85.915,1289.896,1,1,1
18471408,17147,1,-35.00,35.00,-39.52,33.92,-0.641,0.599,-33991,34137,7.60,225.5,90.549,1290.800,1,1,1
18481408,17157,1,-35.00,35.00,-40.85,35.61,-0.635,0.594,-34021,34164,7.60,218.8,105.488,1291.853,1,1,1
18491415,17167,1,-35.00,35.00,-40.46,38.55,-0.635,0.583,-34048,34195,7.60,215.0,117.866,1293.030,1,1,1
18501423,17177,1,-35.00,35.00,-40.63,39.73,-0.634,0.579,-34076,34224,7.60,212.2,116.463,1294.193,1,1,1
18511423,17187,1,-35.00,35.00,-42.06,38.36,-0.627,0.585,-34107,34248,7.60,209.5,109.329,1295.285,1,1,1
18521430,17197,1,-35.00,35.00,-41.75,36.96,-0.626,0.590,-34135,34271,7.60,205.8,102.866,1296.312,1,1,1
18531430,17207,1,-35.00,35.00,-41.53,34.66,-0.624,0.598,-34163,34291,7.59,209.0,89.329,1297.204,1,1,1
18541439,17217,1,-35.00,35.00,-41.37,31.29,-0.620,0.610,-34191,34307,7.61,213.0,79.573,1297.998,1,1,1
18551445,17227,1,-35.00,35.00,-41.71,31.57,-0.618,0.611,-34220,34329,7.60,216.8,79.695,1298.793,1,1,1
18561454,17237,1,-35.00,35.00,-42.38,32.65,-0.616,0.610,-34250,34353,7.60,213.8,83.232,1299.624,1,1,1
18571454,17247,1,-35.00,35.00,-41.53,33.40,-0.618,0.609,-34277,34377,7.60,216.0,93.537,1300.557,1,1,1
18581454,17257,1,-35.00,35.00,-42.69,34.37,-0.614,0.607,-34308,34402,7.60,217.2,104.268,1301.598,1,1,1
18591460,17267,1,-35.00,35.00,-42.63,35.04,-0.613,0.605,-34337,34427,7.60,212.2,112.195,1302.719,1,1,1
18601469,17277,1,-35.00,35.00,-43.90,37.71,-0.609,0.597,-34369,34457,7.60,211.8,115.915,1303.876,1,1,1
18611476,17287,1,-35.00,35.00,-40.84,38.26,-0.619,0.594,-34392,34484,7.60,208.2,110.549,1304.980,1,1,1
18621493,17297,1,-35.00,35.00,-40.45,36.89,-0.619,0.598,-34419,34507,7.61,209.2,98.659,1305.965,1,1,1
18631500,17307,1,-35.00,35.00,-39.74,33.74,-0.621,0.609,-34445,34525,7.59,209.2,84.817,1306.812,1,1,1
18641500,17317,1,-35.00,35.00,-40.12,30.65,-0.617,0.621,-34473,34541,7.60,217.8,79.939,1307.609,1,1,1
18651500,17327,1,-35.00,35.00,-40.39,31.12,-0.616,0.622,-34501,34563,7.59,221.5,83.415,1308.442,1,1,1
18661508,17337,1,-35.00,35.00,-41.02,32.33,-0.613,0.620,-34530,34587,7.59,219.8,88.171,1309.322,1,1,1
18671515,17347,1,-35.00,35.00,-41.46,33.62,-0.611,0.617,-34559,34612,7.60,218.2,99.207,1310.312,1,1,1
18681515,17357,1,-35.00,35.00,-42.20,34.08,-0.608,0.617,-34589,34636,7.59,215.2,109.939,1311.410,1,1,1
18691515,17367,1,-35.00,35.00,-39.65,35.72,-0.617,0.611,-34612,34663,7.59,216.8,112.561,1312.534,1,1,1
18701524,17377,1,-35.00,35.00,-38.74,36.87,-0.620,0.607,-34637,34690,7.59,214.8,104.085,1313.573,1,1,1
18711539,17387,1,-35.00,35.00,-39.42,37.23,-0.617,0.605,-34665,34716,7.60,214.5,95.549,1314.527,1,1,1
18721539,17397,1,-35.00,35.00,-39.46,35.29,-0.616,0.611,-34692,34737,7.60,213.2,93.354,1315.459,1,1,1
18731539,17407,1,-35.00,35.00,-39.49,32.62,-0.614,0.621,-34719,34755,7.61,214.5,92.195,1316.380,1,1,1
18741545,17417,1,-35.00,35.00,-39.95,31.18,-0.613,0.629,-34747,34774,7.59,216.0,89.329,1317.271,1,1,1
18751554,17427,1,-35.00,35.00,-40.71,31.49,-0.608,0.629,-34776,34796,7.60,224.5,86.829,1318.138,1,1,1
18761554,17437,1,-35.00,35.00,-41.24,33.47,-0.607,0.625,-34805,34822,7.59,221.2,91.220,1319.048,1,1,1
18771561,17447,1,-35.00,35.00,-40.29,34.42,-0.609,0.621,-34831,34847,7.60,216.8,99.329,1320.040,1,1,1
18781561,17457,1,-35.00,35.00,-38.31,35.08,-0.615,0.619,-34854,34872,7.60,217.5,101.341,1321.052,1,1,1
18791569,17467,1,-35.00,35.00,-37.37,36.42,-0.619,0.615,-34878,34899,7.60,221.5,95.854,1322.009,1,1,1
18801576,17477,1,-35.00,35.00,-37.58,37.80,-0.619,0.610,-34904,34927,7.58,217.8,90.793,1322.915,1,1,1
18811576,17487,1,-35.00,35.00,-39.05,37.45,-0.613,0.610,-34933,34952,7.60,217.8,90.122,1323.815,1,1,1
18821576,17497,1,-35.00,35.00,-38.76,37.20,-0.614,0.610,-34959,34977,7.60,214.0,92.500,1324.738,1,1,1
18831577,17507,1,-35.00,35.00,-38.56,35.27,-0.616,0.619,-34985,34998,7.57,215.2,93.659,1325.673,1,1,1
18841584,17517,1,-35.00,35.00,-39.74,32.60,-0.608,0.627,-35014,35016,7.60,221.8,91.098,1326.582,1,1,1
18851584,17527,1,-35.00,35.00,-40.56,31.61,-0.605,0.633,-35043,35036,7.59,217.5,84.329,1327.424,1,1,1
18861584,17537,1,-35.00,35.00,-39.82,33.11,-0.607,0.629,-35069,35061,7.60,219.5,79.024,1328.212,1,1,1
18871584,17547,1,-35.00,35.00,-37.98,33.72,-0.613,0.627,-35092,35085,7.60,222.8,81.951,1329.030,1,1,1
18881591,17557,1,-35.00,35.00,-36.69,34.59,-0.617,0.625,-35115,35110,7.59,223.5,85.366,1329.882,1,1,1
18891591,17567,1,-35.00,35.00,-36.67,35.64,-0.618,0.622,-35140,35136,7.59,222.8,85.427,1330.735,1,1,1
18901599,17577,1,-35.00,35.00,-37.54,36.81,-0.615,0.617,-35167,35163,7.60,224.8,87.927,1331.613,1,1,1
18911606,17587,1,-35.00,35.00,-37.70,37.20,-0.614,0.615,-35193,35189,7.60,218.0,91.951,1332.531,1,1,1
18921606,17597,1,-35.00,35.00,-38.26,35.27,-0.611,0.622,-35220,35210,7.60,216.0,93.902,1333.468,1,1,1
18931606,17607,1,-35.00,35.00,-38.64,33.91,-0.609,0.627,-35247,35231,7.60,220.2,90.976,1334.376,1,1,1
18941606,17617,1,-35.00,35.00,-38.92,33.85,-0.608,0.628,-35274,35254,7.59,222.2,85.244,1335.227,1,1,1
18951606,17627,1,-35.00,35.00,-40.42,34.24,-0.603,0.628,-35304,35278,7.59,221.8,83.659,1336.062,1,1,1
18961606,17637,1,-35.00,35.00,-38.40,35.39,-0.609,0.624,-35327,35304,7.60,219.0,87.866,1336.939,1,1,1
18971606,17647,1,-35.00,35.00,-36.11,36.20,-0.616,0.620,-35348,35330,7.61,221.8,90.854,1337.846,1,1,1
18981615,17657,1,-35.00,35.00,-36.26,38.09,-0.616,0.613,-35373,35359,7.60,220.5,88.598,1338.730,1,1,1
18991615,17667,1,-35.00,35.00,-37.25,38.96,-0.614,0.610,-35400,35387,7.60,218.8,91.220,1339.641,1,1,1
19001621,17677,1,-35.00,35.00,-37.50,38.70,-0.613,0.610,-35426,35413,7.60,215.0,95.793,1340.597,1,1,1
19011630,17687,1,-35.00,35.00,-37.24,36.32,-0.614,0.618,-35451,35434,7.59,215.5,92.256,1341.518,1,1,1
19021636,17697,1,-35.00,35.00,-37.49,33.33,-0.612,0.628,-35477,35452,7.59,221.5,92.256,1342.439,1,1,1
19031636,17707,1,-35.00,35.00,-38.55,33.00,-0.608,0.630,-35505,35474,7.59,220.0,86.707,1343.304,1,1,1
19041636,17717,1,-35.00,35.00,-38.85,33.65,-0.606,0.629,-35532,35498,7.59,222.5,81.463,1344.117,1,1,1
19051636,17727,1,-35.00,35.00,-39.50,34.98,-0.603,0.625,-35560,35524,7.60,224.5,80.549,1344.921,1,1,1
19061636,17737,1,-35.00,35.00,-36.88,35.91,-0.613,0.622,-35581,35550,7.59,216.8,87.378,1345.793,1,1,1
19071645,17747,1,-35.00,35.00,-36.36,37.00,-0.614,0.617,-35605,35577,7.60,222.0,91.037,1346.702,1,1,1
19081652,17757,1,-35.00,35.00,-36.00,38.65,-0.617,0.611,-35629,35606,7.59,219.8,88.537,1347.586,1,1,1
19091660,17767,1,-35.00,35.00,-36.63,38.48,-0.615,0.610,-35655,35632,7.59,218.2,85.488,1348.439,1,1,1
19101660,17777,1,-35.00,35.00,-36.62,36.60,-0.614,0.616,-35680,35654,7.60,217.0,87.622,1349.314,1,1,1
19111667,17787,1,-35.00,35.00,-36.62,33.53,-0.613,0.627,-35705,35672,7.60,217.5,89.573,1350.208,1,1,1
19121675,17797,1,-35.00,35.00,-36.62,33.14,-0.613,0.629,-35730,35694,7.59,224.0,87.012,1351.076,1,1,1
19131682,17807,1,-35.00,35.00,-37.94,34.18,-0.608,0.626,-35758,35719,7.60,226.3,81.585,1351.890,1,1,1
19141682,17817,1,-35.00,35.00,-37.11,36.23,-0.611,0.619,-35782,35747,7.60,220.0,82.500,1352.714,1,1,1
19151690,17827,1,-35.00,35.00,-36.96,36.35,-0.611,0.618,-35807,35772,7.60,218.8,90.305,1353.615,1,1,1
19161697,17837,1,-35.00,35.00,-35.98,37.75,-0.615,0.612,-35830,35800,7.61,222.8,95.061,1354.564,1,1,1
19171697,17847,1,-35.00,35.00,-35.29,39.61,-0.618,0.606,-35853,35830,7.60,217.0,92.622,1355.489,1,1,1
19181706,17857,1,-35.00,35.00,-35.69,39.59,-0.617,0.605,-35878,35857,7.60,219.0,87.012,1356.357,1,1,1
19191721,17867,1,-35.00,35.00,-35.97,37.82,-0.616,0.611,-35903,35880,7.59,219.8,88.232,1357.238,1,1,1
19201727,17877,1,-35.00,35.00,-36.17,34.39,-0.615,0.623,-35928,35898,7.59,218.8,89.817,1358.134,1,1,1
19211727,17887,1,-35.00,35.00,-36.30,33.74,-0.614,0.625,-35953,35920,7.59,221.5,87.317,1359.006,1,1,1
19221727,17897,1,-35.00,35.00,-36.84,34.16,-0.613,0.625,-35979,35944,7.59,221.5,83.476,1359.839,1,1,1
19231727,17907,1,-35.00,35.00,-38.09,35.34,-0.608,0.621,-36007,35970,7.60,227.0,87.134,1360.709,1,1,1
19241734,17917,1,-35.00,35.00,-38.09,37.04,-0.609,0.616,-36033,35998,7.59,220.8,97.744,1361.685,1,1,1
19251743,17927,1,-35.00,35.00,-36.33,39.11,-0.615,0.608,-36055,36028,7.60,216.2,106.951,1362.753,1,1,1
19261751,17937,1,-35.00,35.00,-33.78,40.56,-0.624,0.602,-36074,36058,7.60,213.2,105.366,1363.805,1,1,1
19271751,17947,1,-35.00,35.00,-32.88,39.82,-0.629,0.604,-36095,36084,7.59,220.5,95.244,1364.755,1,1,1
19281758,17957,1,-35.00,35.00,-34.00,38.42,-0.625,0.608,-36120,36108,7.60,224.5,82.805,1365.582,1,1,1
19291766,17967,1,-35.00,35.00,-34.79,35.68,-0.622,0.617,-36145,36128,7.59,223.0,77.317,1366.353,1,1,1
19301766,17977,1,-35.00,35.00,-34.90,32.45,-0.620,0.628,-36169,36145,7.60,224.0,79.268,1367.144,1,1,1
19311766,17987,1,-35.00,35.00,-34.10,32.82,-0.624,0.628,-36191,36168,7.58,229.2,78.720,1367.930,1,1,1
19321773,17997,1,-35.00,35.00,-33.53,34.84,-0.627,0.621,-36213,36195,7.59,229.8,77.134,1368.699,1,1,1
19331778,18007,1,-35.00,35.00,-34.02,35.81,-0.626,0.618,-36237,36221,7.59,227.5,85.244,1369.550,1,1,1
19341781,18017,1,-35.00,35.00,-33.92,36.06,-0.626,0.616,-36260,36246,7.59,227.8,90.976,1370.458,1,1,1
19351788,18027,1,-35.00,35.00,-33.85,37.10,-0.628,0.612,-36283,36273,7.59,225.5,95.549,1371.412,1,1,1
19361788,18037,1,-35.00,35.00,-33.80,37.84,-0.628,0.608,-36306,36300,7.60,227.0,98.171,1372.392,1,1,1
19371797,18047,1,-35.00,35.00,-34.21,37.47,-0.628,0.609,-36330,36325,7.59,225.3,95.854,1373.349,1,1,1
19381803,18057,1,-35.00,35.00,-34.05,37.66,-0.628,0.608,-36353,36351,7.60,223.0,92.988,1374.277,1,1,1
19391812,18067,1,-35.00,35.00,-34.82,33.39,-0.625,0.623,-36378,36367,7.59,223.2,88.049,1375.156,1,1,1
19401818,18077,1,-35.00,35.00,-34.92,33.92,-0.624,0.621,-36402,36391,7.60,229.8,83.902,1375.994,1,1,1
19411819,18087,1,-35.00,35.00,-36.31,34.29,-0.621,0.622,-36429,36415,7.58,226.5,81.890,1376.811,1,1,1
19421827,18097,1,-35.00,35.00,-36.84,34.99,-0.618,0.619,-36455,36440,7.59,225.3,88.049,1377.690,1,1,1
19431827,18107,1,-35.00,35.00,-36.78,35.04,-0.617,0.619,-36480,36464,7.60,222.2,98.476,1378.673,1,1,1
19441827,18117,1,-35.00,35.00,-36.29,35.51,-0.619,0.618,-36504,36489,7.59,223.8,108.232,1379.754,1,1,1
19451834,18127,1,-35.00,35.00,-35.95,37.60,-0.621,0.611,-36528,36518,7.58,221.5,110.976,1380.862,1,1,1
19461842,18137,1,-35.00,35.00,-34.83,37.75,-0.624,0.609,-36550,36544,7.60,218.2,104.024,1381.901,1,1,1
19471842,18147,1,-35.00,35.00,-33.17,37.41,-0.630,0.609,-36570,36569,7.60,221.5,90.366,1382.802,1,1,1
19481849,18157,1,-35.00,35.00,-33.33,36.29,-0.630,0.612,-36593,36592,7.59,220.8,80.244,1383.603,1,1,1
19491849,18167,1,-35.00,35.00,-34.32,33.32,-0.627,0.623,-36618,36610,7.59,222.2,73.841,1384.340,1,1,1
19501857,18177,1,-35.00,35.00,-36.33,32.55,-0.620,0.628,-36646,36631,7.59,227.0,74.390,1385.082,1,1,1
19511864,18187,1,-35.00,35.00,-35.54,33.33,-0.621,0.625,-36669,36655,7.60,228.8,75.854,1385.839,1,1,1
19521864,18197,1,-35.00,35.00,-36.30,34.32,-0.618,0.622,-36695,36680,7.60,224.3,80.793,1386.646,1,1,1
19531873,18207,1,-35.00,35.00,-37.72,33.69,-0.613,0.625,-36723,36702,7.59,223.2,92.500,1387.569,1,1,1
19541888,18217,1,-35.00,35.00,-38.71,34.13,-0.608,0.625,-36751,36726,7.59,221.5,100.915,1388.577,1,1,1
19551894,18227,1,-35.00,35.00,-36.76,34.88,-0.614,0.622,-36773,36751,7.60,221.2,101.829,1389.593,1,1,1
19561894,18237,1,-35.00,35.00,-34.96,34.52,-0.620,0.623,-36794,36774,7.60,220.2,93.780,1390.529,1,1,1
19571894,18247,1,-35.00,35.00,-33.26,35.15,-0.626,0.620,-36814,36799,7.60,221.5,81.585,1391.344,1,1,1
19581894,18257,1,-35.00,35.00,-33.83,33.40,-0.625,0.627,-36838,36819,7.59,226.0,73.963,1392.082,1,1,1
19591894,18267,1,-35.00,35.00,-36.86,35.24,-0.614,0.621,-36868,36846,7.59,228.5,75.366,1392.834,1,1,1
19601894,18277,1,-35.00,35.00,-35.47,36.10,-0.619,0.618,-36890,36872,7.59,220.0,82.988,1393.662,1,1,1
19611903,18287,1,-35.00,35.00,-35.82,35.81,-0.618,0.619,-36915,36896,7.59,221.2,91.341,1394.574,1,1,1
19621903,18297,1,-35.00,35.00,-36.06,34.74,-0.616,0.622,-36940,36918,7.60,223.8,100.061,1395.573,1,1,1
19631910,18307,1,-35.00,35.00,-36.67,35.74,-0.615,0.620,-36966,36944,7.59,222.2,107.317,1396.644,1,1,1
19641910,18317,1,-35.00,35.00,-37.09,38.20,-0.614,0.610,-36992,36974,7.60,219.0,106.463,1397.707,1,1,1
19651910,18327,1,-35.00,35.00,-35.19,37.29,-0.620,0.613,-37013,36998,7.59,214.8,100.000,1398.706,1,1,1
19661918,18337,1,-35.00,35.00,-34.30,35.77,-0.623,0.616,-37035,37020,7.60,219.5,87.866,1399.583,1,1,1
19671918,18347,1,-35.00,35.00,-34.56,34.71,-0.622,0.620,-37059,37042,7.59,223.2,78.232,1400.363,1,1,1
19681925,18357,1,-35.00,35.00,-35.18,33.52,-0.620,0.625,-37084,37063,7.59,223.0,75.915,1401.121,1,1,1
19691925,18367,1,-35.00,35.00,-34.73,34.89,-0.622,0.620,-37107,37089,7.59,225.0,77.439,1401.894,1,1,1
19701925,18377,1,-35.00,35.00,-35.74,34.97,-0.617,0.620,-37133,37113,7.60,224.0,84.024,1402.732,1,1,1
19711925,18387,1,-35.00,35.00,-36.44,35.03,-0.615,0.620,-37159,37137,7.59,219.0,95.427,1403.685,1,1,1
19721925,18397,1,-35.00,35.00,-36.50,35.07,-0.615,0.621,-37184,37161,7.59,221.5,103.232,1404.715,1,1,1
19731925,18407,1,-35.00,35.00,-35.65,36.85,-0.619,0.614,-37207,37189,7.59,221.0,104.939,1405.763,1,1,1
19741937,18417,1,-35.00,35.00,-35.51,37.66,-0.619,0.610,-37231,37216,7.60,219.5,102.012,1406.782,1,1,1
19751948,18427,1,-35.00,35.00,-34.96,37.79,-0.621,0.609,-37254,37242,7.60,217.0,95.122,1407.731,1,1,1
19761955,18437,1,-35.00,35.00,-34.14,37.00,-0.624,0.612,-37276,37266,7.59,219.0,84.512,1408.575,1,1,1
19771955,18447,1,-35.00,35.00,-34.45,35.13,-0.624,0.618,-37300,37287,7.59,222.0,78.171,1409.355,1,1,1
19781964,18457,1,-35.00,35.00,-35.10,33.82,-0.621,0.623,-37325,37308,7.59,223.5,77.439,1410.127,1,1,1
19791979,18467,1,-35.00,35.00,-35.55,34.22,-0.619,0.622,-37350,37332,7.60,224.0,79.695,1410.923,1,1,1
19801979,18477,1,-35.00,35.00,-35.87,34.50,-0.618,0.622,-37375,37356,7.59,223.5,86.098,1411.782,1,1,1
19811979,18487,1,-35.00,35.00,-37.86,34.70,-0.611,0.621,-37404,37380,7.60,223.5,95.976,1412.740,1,1,1
19821979,18497,1,-35.00,35.00,-39.24,35.71,-0.606,0.618,-37433,37406,7.60,215.5,103.598,1413.775,1,1,1
19831990,18507,1,-35.00,35.00,-39.78,36.43,-0.604,0.617,-37461,37432,7.59,215.0,108.232,1414.855,1,1,1
19841990,18517,1,-35.00,35.00,-37.95,35.61,-0.610,0.619,-37484,37455,7.60,216.8,104.451,1415.898,1,1,1
19851990,18527,1,-35.00,35.00,-36.23,35.03,-0.615,0.621,-37506,37478,7.59,217.2,88.110,1416.778,1,1,1
19861998,18537,1,-35.00,35.00,-33.27,35.07,-0.625,0.619,-37524,37502,7.60,220.0,76.341,1417.539,1,1,1
19872005,18548,1,-35.00,35.00,-32.96,35.09,-0.627,0.619,-37546,37526,7.59,225.0,73.659,1418.274,1,1,1
19882014,18558,1,-35.00,35.00,-34.50,35.55,-0.622,0.617,-37572,37551,7.60,227.0,80.854,1419.081,1,1,1
19892020,18568,1,-35.00,35.00,-35.13,35.87,-0.621,0.618,-37597,37576,7.59,224.3,93.537,1420.015,1,1,1
19902020,18578,1,-35.00,35.00,-34.70,36.98,-0.622,0.613,-37620,37603,7.60,223.8,98.659,1421.000,1,1,1
19912029,18588,1,-35.00,35.00,-36.16,38.19,-0.618,0.609,-37647,37631,7.60,220.2,96.280,1421.961,1,1,1
19922036,18598,1,-35.00,35.00,-36.74,37.72,-0.615,0.610,-37673,37656,7.60,218.2,94.573,1422.905,1,1,1
19932036,18608,1,-35.00,35.00,-36.26,37.39,-0.617,0.612,-37697,37681,7.59,214.0,94.878,1423.852,1,1,1
19942036,18618,1,-35.00,35.00,-36.37,33.64,-0.614,0.623,-37722,37698,7.61,217.2,90.061,1424.751,1,1,1
19952044,18628,1,-35.00,35.00,-36.01,32.78,-0.615,0.627,-37746,37719,7.60,223.8,81.646,1425.566,1,1,1
19962051,18638,1,-35.00,35.00,-35.31,33.93,-0.618,0.624,-37769,37744,7.60,225.3,81.646,1426.381,1,1,1
19972059,18648,1,-35.00,35.00,-35.70,34.74,-0.618,0.623,-37794,37769,7.59,223.5,77.927,1427.159,1,1,1
19982059,18658,1,-35.00,35.00,-35.54,34.86,-0.619,0.623,-37818,37793,7.58,223.8,87.134,1428.028,1,1,1
19992059,18668,1,-35.00,35.00,-35.86,35.83,-0.616,0.618,-37843,37819,7.60,225.8,101.890,1429.046,1,1,1
20002059,18678,1,-35.00,35.00,-34.77,38.26,-0.622,0.610,-37865,37849,7.59,220.2,111.098,1430.155,1,1,1
20012059,18688,1,-35.00,35.00,-30.05,40.41,-0.640,0.600,-37878,37880,7.59,218.0,110.854,1431.262,1,1,1
20022066,18698,1,-35.00,35.00,-21.04,40.15,-0.673,0.596,-37878,37907,7.61,223.8,106.463,1432.325,1,1,1
20032066,18708,1,-35.00,35.00,-14.73,38.21,-0.702,0.600,-37878,37930,7.58,242.5,103.841,1433.362,1,1,1
20042074,18718,1,-35.00,35.00,-10.31,34.22,-0.721,0.609,-37878,37947,7.58,266.5,94.817,1434.308,1,1,1
20052075,18728,1,-35.00,35.00,-7.66,32.74,-0.732,0.612,-37879,37967,7.58,286.2,80.549,1435.112,1,1,1
20062081,18738,1,-35.00,35.00,-5.36,33.91,-0.743,0.605,-37879,37992,7.57,294.5,72.805,1435.838,1,1,1
20072081,18748,1,-35.00,35.00,-3.75,34.72,-0.753,0.600,-37879,38017,7.56,303.0,75.122,1436.588,1,1,1
20082081,18758,1,-35.00,35.00,-2.63,36.17,-0.760,0.591,-37879,38044,7.56,308.8,90.915,1437.495,1,1,1
20092090,18768,1,-35.00,35.00,-12.38,37.62,-0.732,0.586,-37903,38072,7.56,308.5,104.024,1438.534,1,1,1
20102096,18778,1,-35.00,35.00,-21.41,38.64,-0.703,0.582,-37932,38100,7.57,276.8,107.195,1439.604,1,1,1
20112096,18788,1,-35.00,35.00,-28.17,38.47,-0.681,0.582,-37962,38126,7.59,253.0,105.244,1440.655,1,1,1
20122096,18798,1,-35.00,35.00,-32.90,36.16,-0.666,0.590,-37992,38147,7.58,236.2,105.366,1441.707,1,1,1
20132105,18808,1,-35.00,35.00,-34.90,34.10,-0.658,0.597,-38019,38167,7.60,230.0,100.061,1442.706,1,1,1
20142105,18818,1,-35.00,35.00,-37.17,33.54,-0.649,0.600,-38048,38189,7.60,230.0,91.951,1443.624,1,1,1
20152105,18828,1,-35.00,35.00,-39.20,34.46,-0.641,0.598,-38078,38214,7.60,224.0,87.988,1444.502,1,1,1
20162111,18838,1,-35.00,35.00,-40.63,35.11,-0.635,0.596,-38108,38239,7.60,220.8,95.549,1445.456,1,1,1
20172112,18848,1,-35.00,35.00,-41.18,36.44,-0.632,0.593,-38137,38266,7.59,219.5,109.207,1446.547,1,1,1
20182112,18858,1,-35.00,35.00,-42.01,38.69,-0.627,0.586,-38167,38296,7.59,211.8,117.073,1447.716,1,1,1
20192120,18868,1,-35.00,35.00,-42.59,38.95,-0.623,0.585,-38197,38323,7.60,210.5,114.512,1448.859,1,1,1
20202127,18878,1,-35.00,35.00,-41.24,37.81,-0.626,0.589,-38223,38347,7.59,206.0,109.207,1449.950,1,1,1
20212135,18888,1,-35.00,35.00,-41.61,36.58,-0.622,0.594,-38252,38370,7.60,210.0,101.037,1450.958,1,1,1
20222135,18898,1,-35.00,35.00,-41.43,34.39,-0.619,0.600,-38280,38390,7.61,211.0,86.951,1451.826,1,1,1
20232142,18908,1,-35.00,35.00,-41.31,31.98,-0.619,0.611,-38308,38408,7.60,213.2,82.378,1452.648,1,1,1
20242154,18918,1,-35.00,35.00,-42.54,32.50,-0.614,0.612,-38339,38431,7.59,214.8,83.659,1453.483,1,1,1
20252157,18928,1,-35.00,35.00,-42.08,33.73,-0.615,0.608,-38367,38456,7.60,215.0,86.585,1454.348,1,1,1
20262157,18938,1,-35.00,35.00,-42.20,34.16,-0.614,0.608,-38396,38480,7.60,214.0,94.146,1455.287,1,1,1
20272157,18948,1,-35.00,35.00,-43.60,34.46,-0.608,0.608,-38428,38504,7.60,215.8,103.537,1456.321,1,1,1
20282157,18958,1,-35.00,35.00,-45.46,35.11,-0.601,0.608,-38462,38529,7.60,208.7,112.378,1457.443,1,1,1
20292157,18968,1,-35.00,35.00,-42.81,38.20,-0.610,0.596,-38487,38560,7.60,205.5,117.195,1458.614,1,1,1
20302165,18978,1,-35.00,35.00,-40.51,37.73,-0.617,0.597,-38511,38585,7.60,208.7,108.720,1459.699,1,1,1
20312172,18988,1,-35.00,35.00,-39.79,36.95,-0.619,0.599,-38537,38609,7.60,209.0,96.280,1460.660,1,1,1
20322181,18998,1,-35.00,35.00,-39.72,33.78,-0.618,0.611,-38564,38627,7.59,212.0,86.585,1461.525,1,1,1
20332188,19008,1,-35.00,35.00,-40.11,31.56,-0.616,0.620,-38592,38645,7.59,214.5,81.463,1462.338,1,1,1
20342202,19018,1,-35.00,35.00,-39.94,31.32,-0.614,0.622,-38619,38666,7.60,219.2,82.866,1463.165,1,1,1
20352211,19028,1,-35.00,35.00,-41.14,33.35,-0.611,0.618,-38649,38692,7.59,220.8,88.171,1464.045,1,1,1
20362218,19038,1,-35.00,35.00,-42.86,33.89,-0.604,0.617,-38681,38716,7.60,220.2,101.463,1465.058,1,1,1
20372226,19048,1,-35.00,35.00,-40.55,34.27,-0.611,0.616,-38705,38740,7.60,217.0,112.500,1466.181,1,1,1
20382226,19058,1,-35.00,35.00,-39.81,35.41,-0.613,0.613,-38731,38766,7.60,217.0,111.524,1467.295,1,1,1
20392233,19068,1,-35.00,35.00,-38.41,37.10,-0.619,0.607,-38755,38794,7.59,214.0,102.744,1468.321,1,1,1
20402233,19078,1,-35.00,35.00,-38.76,37.39,-0.617,0.605,-38782,38820,7.60,217.2,94.878,1469.268,1,1,1
20412241,19088,1,-35.00,35.00,-39.43,34.96,-0.614,0.614,-38810,38840,7.60,217.0,92.866,1470.195,1,1,1
20422248,19098,1,-35.00,35.00,-39.47,32.38,-0.613,0.623,-38837,38858,7.59,216.2,94.146,1471.135,1,1,1
20432257,19108,1,-35.00,35.00,-40.37,31.90,-0.609,0.627,-38866,38879,7.59,219.5,91.707,1472.050,1,1,1
20442272,19118,1,-35.00,35.00,-41.44,32.44,-0.604,0.627,-38896,38902,7.60,221.5,87.439,1472.923,1,1,1
20452272,19128,1,-35.00,35.00,-41.32,34.13,-0.605,0.623,-38924,38928,7.59,220.5,91.341,1473.834,1,1,1
20462272,19138,1,-35.00,35.00,-38.59,34.44,-0.613,0.621,-38946,38952,7.60,217.8,99.451,1474.827,1,1,1
20472278,19148,1,-35.00,35.00,-37.12,35.53,-0.618,0.617,-38969,38978,7.60,220.5,98.232,1475.808,1,1,1
20482287,19158,1,-35.00,35.00,-36.97,37.18,-0.619,0.612,-38994,39006,7.59,221.8,94.390,1476.750,1,1,1
20492287,19168,1,-35.00,35.00,-37.30,37.89,-0.618,0.609,-39020,39033,7.59,217.8,93.354,1477.682,1,1,1
20502287,19178,1,-35.00,35.00,-38.86,37.51,-0.612,0.609,-39049,39058,7.60,215.8,96.098,1478.642,1,1,1
20512287,19188,1,-35.00,35.00,-39.07,36.80,-0.611,0.612,-39076,39082,7.60,213.0,98.293,1479.623,1,1,1
20522294,19198,1,-35.00,35.00,-40.09,34.11,-0.606,0.621,-39105,39101,7.61,217.0,96.402,1480.585,1,1,1
20532302,19208,1,-35.00,35.00,-41.25,31.79,-0.602,0.631,-39135,39119,7.59,215.8,90.671,1481.490,1,1,1
20542309,19218,1,-35.00,35.00,-41.18,32.36,-0.600,0.630,-39163,39142,7.61,219.2,82.256,1482.311,1,1,1
20552309,19228,1,-35.00,35.00,-39.37,33.64,-0.607,0.627,-39187,39167,7.59,218.8,80.671,1483.116,1,1,1
20562317,19238,1,-35.00,35.00,-36.35,34.09,-0.616,0.625,-39207,39191,7.60,223.2,83.354,1483.948,1,1,1
20572324,19248,1,-35.00,35.00,-35.55,34.85,-0.619,0.622,-39230,39216,7.60,223.5,83.780,1484.784,1,1,1
20582324,19258,1,-35.00,35.00,-36.31,36.26,-0.617,0.618,-39256,39243,7.59,222.5,85.000,1485.633,1,1,1
20592324,19268,1,-35.00,35.00,-36.84,37.25,-0.615,0.614,-39282,39270,7.60,221.0,89.451,1486.526,1,1,1
20602324,19278,1,-35.00,35.00,-36.34,36.62,-0.617,0.616,-39306,39294,7.60,220.2,93.293,1487.457,1,1,1
20612324,19288,1,-35.00,35.00,-37.74,34.42,-0.612,0.624,-39334,39314,7.59,217.5,95.244,1488.408,1,1,1
20622324,19298,1,-35.00,35.00,-40.04,33.76,-0.604,0.628,-39365,39336,7.59,222.5,91.951,1489.326,1,1,1
20632324,19308,1,-35.00,35.00,-41.21,34.18,-0.598,0.627,-39395,39360,7.60,220.8,86.585,1490.190,1,1,1
20642324,19318,1,-35.00,35.00,-39.84,34.91,-0.603,0.625,-39420,39385,7.59,217.0,86.341,1491.052,1,1,1
20652332,19328,1,-35.00,35.00,-36.67,35.87,-0.613,0.620,-39440,39411,7.61,219.0,90.366,1491.954,1,1,1
20662339,19338,1,-35.00,35.00,-35.34,36.53,-0.619,0.619,-39462,39437,7.59,221.8,90.183,1492.854,1,1,1
20672348,19348,1,-35.00,35.00,-35.28,38.76,-0.619,0.610,-39486,39467,7.59,221.8,87.805,1493.730,1,1,1
20682363,19358,1,-35.00,35.00,-36.56,38.99,-0.615,0.608,-39513,39494,7.59,218.0,92.073,1494.649,1,1,1
20692363,19368,1,-35.00,35.00,-37.02,37.84,-0.614,0.611,-39539,39518,7.59,214.0,96.280,1495.610,1,1,1
20702369,19378,1,-35.00,35.00,-37.34,35.28,-0.612,0.620,-39565,39538,7.59,218.2,92.866,1496.537,1,1,1
20712378,19388,1,-35.00,35.00,-38.44,33.04,-0.607,0.628,-39593,39557,7.59,220.5,87.683,1497.413,1,1,1
20722385,19398,1,-35.00,35.00,-38.34,33.24,-0.608,0.629,-39619,39580,7.59,221.5,81.524,1498.226,1,1,1
20732385,19408,1,-35.00,35.00,-39.58,34.25,-0.603,0.626,-39648,39605,7.59,221.5,81.890,1499.044,1,1,1
20742385,19418,1,-35.00,35.00,-38.69,35.40,-0.605,0.623,-39673,39631,7.59,221.2,90.122,1499.943,1,1,1
20752385,19428,1,-35.00,35.00,-35.87,36.65,-0.615,0.617,-39693,39658,7.59,218.5,95.183,1500.893,1,1,1
20762393,19438,1,-35.00,35.00,-36.10,38.40,-0.615,0.611,-39718,39687,7.59,218.5,90.549,1501.797,1,1,1
20772393,19448,1,-35.00,35.00,-35.38,39.18,-0.617,0.607,-39741,39715,7.60,217.5,86.829,1502.664,1,1,1
20782393,19458,1,-35.00,35.00,-36.63,38.41,-0.613,0.610,-39768,39740,7.60,216.8,89.268,1503.555,1,1,1
20792400,19468,1,-35.00,35.00,-36.63,35.68,-0.613,0.619,-39793,39760,7.59,215.8,88.780,1504.441,1,1,1
20802400,19478,1,-35.00,35.00,-37.06,32.45,-0.610,0.631,-39819,39777,7.59,219.8,83.720,1505.277,1,1,1
20812408,19488,1,-35.00,35.00,-37.81,33.26,-0.607,0.629,-39846,39801,7.60,222.2,79.085,1506.066,1,1,1
20822408,19498,1,-35.00,35.00,-37.01,35.15,-0.610,0.623,-39870,39828,7.60,223.2,80.061,1506.865,1,1,1
20832421,19508,1,-35.00,35.00,-36.90,36.03,-0.612,0.621,-39895,39854,7.58,220.0,87.683,1507.740,1,1,1
20842430,19518,1,-35.00,35.00,-35.93,36.21,-0.614,0.619,-39918,39879,7.60,221.2,91.890,1508.657,1,1,1
20852430,19528,1,-35.00,35.00,-35.26,37.21,-0.617,0.615,-39941,39906,7.59,220.5,92.134,1509.577,1,1,1
20862439,19538,1,-35.00,35.00,-36.11,39.67,-0.615,0.606,-39967,39937,7.60,221.0,90.183,1510.477,1,1,1
20872445,19548,1,-35.00,35.00,-35.82,40.07,-0.616,0.605,-39991,39965,7.60,215.5,93.110,1511.406,1,1,1
20882454,19558,1,-35.00,35.00,-36.06,37.28,-0.615,0.614,-40016,39986,7.60,215.8,97.195,1512.377,1,1,1
20892460,19568,1,-35.00,35.00,-36.23,34.89,-0.614,0.621,-40041,40006,7.60,220.0,96.037,1513.336,1,1,1
20902460,19578,1,-35.00,35.00,-37.23,34.53,-0.610,0.623,-40068,40029,7.60,223.2,96.037,1514.294,1,1,1
20912469,19588,1,-35.00,35.00,-39.68,35.16,-0.601,0.622,-40099,40054,7.60,218.5,90.671,1515.199,1,1,1
20922476,19598,1,-35.00,35.00,-39.64,36.03,-0.602,0.620,-40126,40080,7.60,217.0,90.854,1516.106,1,1,1
20932476,19608,1,-35.00,35.00,-38.30,37.53,-0.606,0.614,-40150,40108,7.61,215.8,99.390,1517.099,1,1,1
20942476,19618,1,-35.00,35.00,-35.16,39.45,-0.618,0.607,-40169,40138,7.60,214.2,106.890,1518.166,1,1,1
20952476,19628,1,-35.00,35.00,-32.08,40.36,-0.630,0.603,-40186,40167,7.59,218.5,102.988,1519.194,1,1,1
20962476,19638,1,-35.00,35.00,-32.56,40.56,-0.630,0.602,-40209,40195,7.59,221.8,91.463,1520.107,1,1,1
20972476,19648,1,-35.00,35.00,-33.78,39.38,-0.626,0.605,-40234,40220,7.59,220.0,82.927,1520.935,1,1,1
20982476,19658,1,-35.00,35.00,-33.75,35.47,-0.626,0.618,-40257,40238,7.59,221.5,82.073,1521.754,1,1,1
20992493,19668,1,-35.00,35.00,-33.74,33.62,-0.625,0.624,-40280,40258,7.60,226.5,83.659,1522.589,1,1,1
21002493,19678,1,-35.00,35.00,-34.16,34.96,-0.626,0.620,-40304,40284,7.59,230.5,80.305,1523.390,1,1,1
21012493,19688,1,-35.00,35.00,-34.46,35.46,-0.625,0.618,-40328,40309,7.59,230.2,80.976,1524.198,1,1,1
21022493,19698,1,-35.00,35.00,-34.23,36.25,-0.626,0.615,-40351,40335,7.59,227.0,88.902,1525.085,1,1,1
21032493,19708,1,-35.00,35.00,-34.07,37.24,-0.627,0.611,-40374,40362,7.59,227.8,94.817,1526.032,1,1,1
21042493,19718,1,-35.00,35.00,-34.39,37.93,-0.627,0.609,-40398,40389,7.59,225.8,98.049,1527.011,1,1,1
21052493,19728,1,-35.00,35.00,-33.30,37.54,-0.631,0.610,-40419,40414,7.59,222.0,97.134,1527.981,1,1,1
21062500,19738,1,-35.00,35.00,-34.30,38.58,-0.628,0.606,-40444,40442,7.59,225.3,94.329,1528.922,1,1,1
21072500,19748,1,-35.00,35.00,-34.56,34.92,-0.628,0.619,-40468,40460,7.58,221.5,90.915,1529.830,1,1,1
21082500,19758,1,-35.00,35.00,-35.18,34.99,-0.625,0.617,-40493,40484,7.60,229.2,86.768,1530.696,1,1,1
21092508,19768,1,-35.00,35.00,-36.49,35.48,-0.620,0.617,-40520,40509,7.59,228.3,84.817,1531.542,1,1,1
21102508,19778,1,-35.00,35.00,-36.09,35.82,-0.621,0.615,-40544,40534,7.59,221.8,88.598,1532.427,1,1,1
21112508,19788,1,-35.00,35.00,-36.69,35.62,-0.619,0.616,-40570,40558,7.59,223.8,97.195,1533.397,1,1,1
21122508,19798,1,-35.00,35.00,-36.67,36.36,-0.618,0.613,-40595,40584,7.60,222.5,107.439,1534.470,1,1,1
21132508,19808,1,-35.00,35.00,-36.65,39.08,-0.619,0.604,-40620,40615,7.60,220.2,114.024,1535.608,1,1,1
21142515,19818,1,-35.00,35.00,-36.64,38.78,-0.619,0.606,-40645,40641,7.59,216.5,110.671,1536.714,1,1,1
21152515,19828,1,-35.00,35.00,-34.00,38.57,-0.628,0.605,-40664,40667,7.59,217.8,99.756,1537.709,1,1,1
21162524,19838,1,-35.00,35.00,-33.03,37.55,-0.632,0.608,-40685,40691,7.59,218.8,86.463,1538.573,1,1,1
21172539,19848,1,-35.00,35.00,-34.11,34.63,-0.628,0.617,-40710,40710,7.59,224.8,76.402,1539.335,1,1,1
21182539,19858,1,-35.00,35.00,-35.30,32.59,-0.624,0.626,-40736,40729,7.59,224.8,72.561,1540.059,1,1,1
21192539,19868,1,-35.00,35.00,-35.70,33.36,-0.622,0.624,-40761,40753,7.59,225.8,74.268,1540.800,1,1,1
21202539,19878,1,-35.00,35.00,-36.85,33.90,-0.617,0.622,-40788,40777,7.60,227.5,76.280,1541.561,1,1,1
21212545,19888,1,-35.00,35.00,-37.22,33.84,-0.616,0.624,-40814,40800,7.59,223.0,86.159,1542.421,1,1,1
21222545,19898,1,-35.00,35.00,-39.24,34.23,-0.607,0.623,-40844,40824,7.60,221.5,99.024,1543.410,1,1,1
21232545,19908,1,-35.00,35.00,-37.58,34.95,-0.612,0.621,-40867,40849,7.60,220.8,104.756,1544.456,1,1,1
21242554,19918,1,-35.00,35.00,-35.97,35.45,-0.619,0.620,-40889,40874,7.58,218.5,101.280,1545.467,1,1,1
21252561,19928,1,-35.00,35.00,-33.97,36.24,-0.625,0.616,-40909,40900,7.59,218.8,88.110,1546.346,1,1,1
21262576,19938,1,-35.00,35.00,-33.89,33.72,-0.625,0.624,-40932,40919,7.59,222.5,76.280,1547.108,1,1,1
21272576,19948,1,-35.00,35.00,-35.58,35.03,-0.619,0.619,-40959,40945,7.60,228.8,74.207,1547.848,1,1,1
21282584,19958,1,-35.00,35.00,-35.90,36.39,-0.619,0.616,-40984,40972,7.59,221.8,81.463,1548.661,1,1,1
21292591,19968,1,-35.00,35.00,-36.55,36.02,-0.617,0.617,-41010,40996,7.59,221.2,92.683,1549.586,1,1,1
21302599,19978,1,-35.00,35.00,-36.13,34.88,-0.617,0.620,-41034,41018,7.59,219.2,101.951,1550.604,1,1,1
21312606,19988,1,-35.00,35.00,-36.28,37.16,-0.617,0.612,-41059,41047,7.60,224.0,108.720,1551.690,1,1,1
21322614,19998,1,-35.00,35.00,-36.82,38.76,-0.616,0.606,-41085,41076,7.60,216.8,106.951,1552.758,1,1,1
21332618,20008,1,-35.00,35.00,-35.88,38.12,-0.620,0.608,-41108,41101,7.59,213.0,102.744,1553.783,1,1,1
21342630,20018,1,-35.00,35.00,-33.91,33.27,-0.624,0.623,-41128,41116,7.60,219.0,92.866,1554.710,1,1,1
21352636,20028,1,-35.00,35.00,-34.28,35.16,-0.624,0.617,-41152,41143,7.60,226.3,80.244,1555.511,1,1,1
21362645,20038,1,-35.00,35.00,-35.42,33.84,-0.620,0.623,-41178,41164,7.59,221.5,75.305,1556.263,1,1,1
21372652,20048,1,-35.00,35.00,-35.78,35.11,-0.619,0.618,-41203,41190,7.60,224.3,76.037,1557.021,1,1,1
21382652,20058,1,-35.00,35.00,-35.59,35.56,-0.619,0.617,-41227,41215,7.60,222.2,83.293,1557.853,1,1,1
21392660,20068,1,-35.00,35.00,-35.02,34.56,-0.620,0.620,-41250,41237,7.60,221.5,97.805,1558.829,1,1,1
21402667,20078,1,-35.00,35.00,-35.94,36.06,-0.619,0.616,-41276,41264,7.59,220.5,107.988,1559.907,1,1,1
21412667,20088,1,-35.00,35.00,-36.15,39.74,-0.619,0.603,-41301,41297,7.59,221.2,107.866,1560.984,1,1,1
21422667,20098,1,-35.00,35.00,-35.41,39.69,-0.621,0.602,-41324,41324,7.60,214.2,104.146,1562.024,1,1,1
21432675,20108,1,-35.00,35.00,-35.33,38.77,-0.622,0.605,-41348,41349,7.59,214.5,100.183,1563.024,1,1,1
21442682,20118,1,-35.00,35.00,-34.40,37.24,-0.625,0.609,-41370,41372,7.59,214.5,87.134,1563.894,1,1,1
21452682,20128,1,-35.00,35.00,-34.63,34.86,-0.625,0.618,-41394,41392,7.59,222.0,76.646,1564.659,1,1,1
21462682,20138,1,-35.00,35.00,-35.23,33.19,-0.621,0.623,-41419,41412,7.60,226.0,73.902,1565.396,1,1,1
21472682,20148,1,-35.00,35.00,-35.64,32.90,-0.620,0.626,-41444,41434,7.59,224.5,74.939,1566.144,1,1,1
21482690,20158,1,-35.00,35.00,-35.94,33.58,-0.618,0.623,-41469,41458,7.60,223.8,79.207,1566.935,1,1,1
21492697,20168,1,-35.00,35.00,-36.14,34.05,-0.618,0.623,-41494,41482,7.59,222.8,88.598,1567.819,1,1,1
21502705,20178,1,-35.00,35.00,-38.04,35.26,-0.612,0.620,-41523,41508,7.59,223.0,99.207,1568.809,1,1,1
21512712,20188,1,-35.00,35.00,-38.50,35.67,-0.609,0.618,-41550,41533,7.60,219.8,107.256,1569.880,1,1,1
21522712,20198,1,-35.00,35.00,-37.05,35.96,-0.615,0.617,-41573,41558,7.59,215.2,108.293,1570.962,1,1,1
21532712,20208,1,-35.00,35.00,-36.05,34.84,-0.617,0.620,-41596,41580,7.60,217.2,96.341,1571.923,1,1,1
21542712,20218,1,-35.00,35.00,-34.02,34.93,-0.625,0.620,-41616,41604,7.59,220.8,79.512,1572.717,1,1,1
21552712,20228,1,-35.00,35.00,-33.92,35.00,-0.625,0.619,-41639,41628,7.59,223.0,73.537,1573.451,1,1,1
21562721,20238,1,-35.00,35.00,-35.17,35.49,-0.622,0.618,-41665,41653,7.59,226.3,81.585,1574.265,1,1,1
21572721,20248,1,-35.00,35.00,-35.17,35.83,-0.621,0.616,-41689,41678,7.59,225.0,94.207,1575.205,1,1,1
21582721,20258,1,-35.00,35.00,-35.16,37.38,-0.622,0.611,-41713,41706,7.59,221.8,98.537,1576.189,1,1,1
21592727,20268,1,-35.00,35.00,-36.04,38.91,-0.620,0.605,-41739,41735,7.59,218.0,95.305,1577.141,1,1,1
21602736,20278,1,-35.00,35.00,-37.09,38.23,-0.615,0.607,-41766,41760,7.60,217.5,93.720,1578.076,1,1,1
21612736,20288,1,-35.00,35.00,-36.51,37.30,-0.617,0.609,-41790,41784,7.60,214.5,94.634,1579.021,1,1,1
21622736,20298,1,-35.00,35.00,-36.54,33.58,-0.616,0.623,-41815,41801,7.60,215.2,91.280,1579.932,1,1,1
21632743,20308,1,-35.00,35.00,-35.69,33.18,-0.618,0.624,-41838,41823,7.60,220.8,81.341,1580.744,1,1,1
21642743,20318,1,-35.00,35.00,-35.09,33.77,-0.621,0.623,-41861,41847,7.59,225.8,75.854,1581.501,1,1,1
21652743,20328,1,-35.00,35.00,-35.55,34.63,-0.619,0.620,-41886,41872,7.60,224.3,84.207,1582.341,1,1,1
21662751,20338,1,-35.00,35.00,-35.87,34.78,-0.618,0.620,-41911,41896,7.59,222.2,99.451,1583.334,1,1,1
21672758,20348,1,-35.00,35.00,-35.22,36.65,-0.621,0.614,-41934,41924,7.59,224.5,109.817,1584.431,1,1,1
21682758,20358,1,-35.00,35.00,-34.32,39.72,-0.626,0.603,-41956,41956,7.59,220.8,108.049,1585.509,1,1,1
21692766,20368,1,-35.00,35.00,-31.93,40.55,-0.634,0.598,-41974,41985,7.60,216.2,103.537,1586.543,1,1,1
21702766,20378,1,-35.00,35.00,-22.35,39.81,-0.671,0.596,-41974,42011,7.59,221.0,100.244,1587.544,1,1,1
21712773,20388,1,-35.00,35.00,-15.65,37.10,-0.700,0.603,-41974,42032,7.58,247.0,95.793,1588.500,1,1,1
21722781,20398,1,-35.00,35.00,-10.95,33.44,-0.720,0.611,-41974,42049,7.58,265.8,85.122,1589.350,1,1,1
21732788,20408,1,-35.00,35.00,-7.67,33.07,-0.734,0.610,-41974,42071,7.57,280.2,74.512,1590.093,1,1,1
21742799,20418,1,-35.00,35.00,-5.81,34.14,-0.744,0.605,-41975,42096,7.56,299.8,73.476,1590.827,1,1,1
21752803,20428,1,-35.00,35.00,-4.06,35.32,-0.752,0.596,-41975,42122,7.57,306.8,85.793,1591.683,1,1,1
21762812,20438,1,-35.00,35.00,-2.85,36.15,-0.760,0.590,-41975,42148,7.57,306.0,99.878,1592.680,1,1,1
21772812,20448,1,-35.00,35.00,-9.90,37.61,-0.741,0.584,-41993,42176,7.56,312.8,104.634,1593.725,1,1,1
21782812,20458,1,-35.00,35.00,-19.24,38.63,-0.712,0.579,-42021,42204,7.57,289.2,103.415,1594.757,1,1,1
21792818,20468,1,-35.00,35.00,-25.77,38.91,-0.691,0.578,-42049,42231,7.58,257.5,104.634,1595.802,1,1,1
21802827,20478,1,-35.00,35.00,-31.66,35.59,-0.672,0.590,-42080,42250,7.59,239.8,103.293,1596.833,1,1,1
21812827,20488,1,-35.00,35.00,-34.47,33.70,-0.662,0.597,-42108,42270,7.59,232.2,93.780,1597.769,1,1,1
21822834,20498,1,-35.00,35.00,-36.87,34.14,-0.654,0.597,-42137,42294,7.58,231.0,88.415,1598.652,1,1,1
21832834,20508,1,-35.00,35.00,-38.55,34.88,-0.647,0.595,-42166,42319,7.59,225.0,91.890,1599.569,1,1,1
21842842,20518,1,-35.00,35.00,-40.17,35.40,-0.641,0.594,-42196,42344,7.58,221.5,91.890,1600.486,1,1,1
21852842,20528,1,-35.00,35.00,-39.99,36.65,-0.638,0.589,-42223,42371,7.60,219.0,102.317,1601.508,1,1,1
21862849,20538,1,-35.00,35.00,-40.29,38.40,-0.636,0.584,-42251,42400,7.60,217.8,111.585,1602.622,1,1,1
21872857,20548,1,-35.00,35.00,-42.27,38.30,-0.628,0.585,-42283,42426,7.60,210.2,110.000,1603.720,1,1,1
21882864,20558,1,-35.00,35.00,-41.45,37.36,-0.628,0.588,-42310,42450,7.60,211.0,104.878,1604.768,1,1,1
21892872,20568,1,-35.00,35.00,-41.32,36.26,-0.626,0.592,-42338,42473,7.59,209.5,102.561,1605.792,1,1,1
21902872,20578,1,-35.00,35.00,-41.67,34.17,-0.622,0.600,-42367,42493,7.60,209.5,93.720,1606.727,1,1,1
21912872,20588,1,-35.00,35.00,-41.91,32.27,-0.619,0.607,-42396,42512,7.61,210.0,87.134,1607.597,1,1,1
21922872,20598,1,-35.00,35.00,-41.64,33.14,-0.620,0.607,-42424,42536,7.59,214.5,85.305,1608.448,1,1,1
21932873,20608,1,-35.00,35.00,-41.89,33.74,-0.618,0.606,-42453,42560,7.59,217.0,85.122,1609.298,1,1,1
21942888,20618,1,-35.00,35.00,-42.51,34.17,-0.616,0.605,-42483,42584,7.59,213.2,92.744,1610.224,1,1,1
21952888,20628,1,-35.00,35.00,-42.50,34.46,-0.614,0.604,-42512,42608,7.61,214.5,102.134,1611.243,1,1,1
21962888,20638,1,-35.00,35.00,-43.81,35.99,-0.609,0.601,-42544,42635,7.60,211.0,111.463,1612.356,1,1,1
21972888,20648,1,-35.00,35.00,-42.53,38.38,-0.614,0.593,-42571,42665,7.59,208.5,116.098,1613.516,1,1,1
21982888,20658,1,-35.00,35.00,-39.88,38.29,-0.623,0.592,-42594,42691,7.60,205.8,111.220,1614.626,1,1,1
21992888,20668,1,-35.00,35.00,-39.34,36.03,-0.623,0.598,-42620,42712,7.61,212.2,99.756,1615.622,1,1,1
22002894,20678,1,-35.00,35.00,-40.28,32.69,-0.619,0.611,-42649,42729,7.60,212.5,85.793,1616.479,1,1,1
22012894,20688,1,-35.00,35.00,-40.06,30.79,-0.618,0.619,-42676,42747,7.60,214.8,79.268,1617.270,1,1,1
22022894,20698,1,-35.00,35.00,-40.35,31.66,-0.617,0.619,-42704,42770,7.59,217.8,81.890,1618.087,1,1,1
22032895,20708,1,-35.00,35.00,-40.99,33.15,-0.614,0.615,-42733,42795,7.59,220.0,87.927,1618.964,1,1,1
22042910,20718,1,-35.00,35.00,-41.44,33.75,-0.612,0.615,-42762,42819,7.59,217.8,98.780,1619.951,1,1,1
22052910,20728,1,-35.00,35.00,-40.87,34.61,-0.614,0.613,-42789,42844,7.59,212.8,109.268,1621.042,1,1,1
22062918,20738,1,-35.00,35.00,-38.72,36.09,-0.620,0.607,-42812,42871,7.60,214.0,112.500,1622.165,1,1,1
22072925,20748,1,-35.00,35.00,-38.53,37.13,-0.621,0.603,-42838,42898,7.59,216.0,104.085,1623.204,1,1,1
22082933,20758,1,-35.00,35.00,-39.27,36.54,-0.618,0.605,-42866,42922,7.60,216.5,95.488,1624.158,1,1,1
22092933,20768,1,-35.00,35.00,-39.36,33.93,-0.617,0.615,-42893,42941,7.59,214.5,92.805,1625.084,1,1,1
22102940,20778,1,-35.00,35.00,-38.98,31.22,-0.616,0.625,-42919,42958,7.60,222.0,92.012,1626.002,1,1,1
22112940,20788,1,-35.00,35.00,-40.03,31.52,-0.612,0.625,-42948,42980,7.60,221.2,88.293,1626.884,1,1,1
22122948,20798,1,-35.00,35.00,-40.76,33.05,-0.610,0.622,-42977,43005,7.60,221.0,84.512,1627.727,1,1,1
22132955,20808,1,-35.00,35.00,-39.96,34.12,-0.612,0.620,-43003,43030,7.59,220.8,90.671,1628.632,1,1,1
22142964,20818,1,-35.00,35.00,-38.96,34.87,-0.615,0.617,-43028,43055,7.60,219.8,100.122,1629.632,1,1,1
22152979,20828,1,-35.00,35.00,-37.82,35.40,-0.619,0.616,-43052,43080,7.59,217.5,101.768,1630.648,1,1,1
22162990,20838,1,-35.00,35.00,-38.34,37.08,-0.617,0.610,-43079,43108,7.59,218.5,95.671,1631.603,1,1,1
22172998,20848,1,-35.00,35.00,-37.82,37.38,-0.619,0.608,-43104,43134,7.60,218.2,90.244,1632.504,1,1,1
22183006,20859,1,-35.00,35.00,-38.78,37.15,-0.615,0.609,-43132,43159,7.60,220.5,89.756,1633.400,1,1,1
22193020,20869,1,-35.00,35.00,-38.13,36.12,-0.617,0.612,-43157,43182,7.60,214.0,92.622,1634.324,1,1,1
22203020,20879,1,-35.00,35.00,-38.12,33.63,-0.616,0.621,-43183,43201,7.60,218.5,93.659,1635.259,1,1,1
22213021,20889,1,-35.00,35.00,-40.31,31.01,-0.608,0.632,-43214,43218,7.59,220.8,91.037,1636.168,1,1,1
22223029,20899,1,-35.00,35.00,-40.52,32.26,-0.606,0.629,-43242,43242,7.60,224.8,84.573,1637.012,1,1,1
22233036,20909,1,-35.00,35.00,-40.23,33.57,-0.608,0.627,-43269,43267,7.59,219.5,81.159,1637.822,1,1,1
22243036,20919,1,-35.00,35.00,-37.39,34.48,-0.616,0.623,-43290,43292,7.59,220.5,84.329,1638.664,1,1,1
22253036,20929,1,-35.00,35.00,-35.84,34.68,-0.621,0.622,-43312,43316,7.59,222.8,85.976,1639.522,1,1,1
22263044,20939,1,-35.00,35.00,-35.63,35.70,-0.622,0.619,-43336,43342,7.59,221.8,82.866,1640.349,1,1,1
22273044,20949,1,-35.00,35.00,-36.81,37.30,-0.618,0.613,-43363,43370,7.60,221.0,83.049,1641.178,1,1,1
22283051,20959,1,-35.00,35.00,-36.75,36.22,-0.618,0.616,-43388,43393,7.59,219.0,88.171,1642.058,1,1,1
22293051,20969,1,-35.00,35.00,-37.59,34.14,-0.615,0.624,-43415,43413,7.59,221.5,92.439,1642.980,1,1,1
22303051,20979,1,-35.00,35.00,-38.62,33.57,-0.611,0.627,-43443,43435,7.59,223.5,89.695,1643.876,1,1,1
22313051,20989,1,-35.00,35.00,-38.90,34.48,-0.610,0.624,-43470,43460,7.60,222.5,85.427,1644.728,1,1,1
22323051,20999,1,-35.00,35.00,-39.53,35.12,-0.607,0.623,-43498,43485,7.59,221.0,85.122,1645.578,1,1,1
22333051,21009,1,-35.00,35.00,-37.34,35.57,-0.615,0.622,-43520,43510,7.58,219.0,89.085,1646.467,1,1,1
22343051,21019,1,-35.00,35.00,-36.25,37.21,-0.618,0.615,-43543,43538,7.59,222.8,90.854,1647.374,1,1,1
22353051,21029,1,-35.00,35.00,-37.24,38.35,-0.616,0.610,-43570,43566,7.59,218.2,87.683,1648.249,1,1,1
22363059,21039,1,-35.00,35.00,-37.49,38.71,-0.615,0.608,-43596,43593,7.59,218.8,90.366,1649.151,1,1,1
22373066,21049,1,-35.00,35.00,-37.23,37.64,-0.616,0.612,-43621,43617,7.59,216.8,95.122,1650.101,1,1,1
22383066,21059,1,-35.00,35.00,-36.61,34.70,-0.616,0.620,-43645,43636,7.60,216.5,91.890,1651.018,1,1,1
22393074,21069,1,-35.00,35.00,-37.49,32.64,-0.613,0.628,-43672,43655,7.59,221.5,86.951,1651.886,1,1,1
22403074,21079,1,-35.00,35.00,-38.11,32.96,-0.611,0.629,-43699,43678,7.59,223.2,81.768,1652.702,1,1,1
22413081,21089,1,-35.00,35.00,-38.54,34.05,-0.609,0.626,-43726,43703,7.59,223.2,80.549,1653.506,1,1,1
22423081,21099,1,-35.00,35.00,-38.84,35.26,-0.608,0.623,-43753,43729,7.59,220.5,87.256,1654.377,1,1,1
22433081,21109,1,-35.00,35.00,-36.42,36.55,-0.616,0.617,-43774,43756,7.59,223.0,91.280,1655.288,1,1,1
22443081,21119,1,-35.00,35.00,-36.04,38.33,-0.618,0.610,-43798,43785,7.59,219.5,89.512,1656.181,1,1,1
22453081,21129,1,-35.00,35.00,-35.78,38.70,-0.620,0.608,-43822,43812,7.59,217.8,86.280,1657.043,1,1,1
22463090,21139,1,-35.00,35.00,-36.91,38.07,-0.615,0.609,-43849,43837,7.60,217.5,88.232,1657.923,1,1,1
22473096,21149,1,-35.00,35.00,-36.82,34.56,-0.615,0.621,-43874,43855,7.59,217.8,91.037,1658.832,1,1,1
22483105,21159,1,-35.00,35.00,-36.32,32.98,-0.615,0.627,-43898,43875,7.60,221.8,87.561,1659.706,1,1,1
22493112,21169,1,-35.00,35.00,-38.17,33.19,-0.609,0.628,-43927,43898,7.59,226.0,81.463,1660.519,1,1,1
22503127,21179,1,-35.00,35.00,-38.14,34.66,-0.609,0.623,-43953,43924,7.60,223.8,82.378,1661.341,1,1,1
22513127,21189,1,-35.00,35.00,-37.25,36.13,-0.612,0.618,-43977,43951,7.60,222.2,90.671,1662.246,1,1,1
22523135,21199,1,-35.00,35.00,-36.18,36.72,-0.616,0.615,-44000,43977,7.60,215.5,96.402,1663.209,1,1,1
22533135,21209,1,-35.00,35.00,-34.99,38.88,-0.620,0.606,-44022,44007,7.60,216.5,93.598,1664.143,1,1,1
22543135,21219,1,-35.00,35.00,-35.04,39.96,-0.622,0.603,-44046,44036,7.59,219.0,86.280,1665.004,1,1,1
22553142,21229,1,-35.00,35.00,-35.52,39.40,-0.620,0.604,-44071,44062,7.60,217.0,85.793,1665.860,1,1,1
22563142,21239,1,-35.00,35.00,-35.41,35.49,-0.619,0.617,-44095,44080,7.60,217.0,88.171,1666.741,1,1,1
22573142,21249,1,-35.00,35.00,-35.77,33.19,-0.617,0.625,-44120,44099,7.60,225.0,86.951,1667.609,1,1,1
22583142,21259,1,-35.00,35.00,-36.03,33.34,-0.617,0.626,-44145,44122,7.59,227.5,84.329,1668.450,1,1,1
22593142,21269,1,-35.00,35.00,-37.08,34.77,-0.613,0.622,-44172,44148,7.59,224.8,89.573,1669.344,1,1,1
22603150,21279,1,-35.00,35.00,-39.14,36.20,-0.606,0.617,-44202,44175,7.60,220.2,101.037,1670.353,1,1,1
22613150,21289,1,-35.00,35.00,-38.83,37.65,-0.607,0.612,-44228,44203,7.60,216.5,107.561,1671.427,1,1,1
22623150,21299,1,-35.00,35.00,-37.29,39.54,-0.613,0.605,-44251,44233,7.60,215.2,104.939,1672.475,1,1,1
22633150,21309,1,-35.00,35.00,-33.57,39.98,-0.626,0.602,-44268,44261,7.60,215.8,95.610,1673.429,1,1,1
22643157,21319,1,-35.00,35.00,-32.29,38.97,-0.632,0.604,-44288,44286,7.60,219.2,81.829,1674.246,1,1,1
22653157,21329,1,-35.00,35.00,-33.15,37.83,-0.629,0.608,-44312,44310,7.60,225.5,71.890,1674.963,1,1,1
22663157,21339,1,-35.00,35.00,-34.19,33.95,-0.626,0.621,-44337,44327,7.59,226.8,72.927,1675.691,1,1,1
22673165,21349,1,-35.00,35.00,-34.04,32.55,-0.626,0.626,-44360,44347,7.59,228.3,74.024,1676.429,1,1,1
22683172,21359,1,-35.00,35.00,-34.38,33.77,-0.625,0.623,-44384,44372,7.59,230.0,73.598,1677.164,1,1,1
22693181,21369,1,-35.00,35.00,-33.29,35.07,-0.630,0.619,-44405,44398,7.59,232.0,82.317,1677.985,1,1,1
22703181,21379,1,-35.00,35.00,-33.85,35.53,-0.629,0.617,-44429,44423,7.59,228.0,90.427,1678.888,1,1,1
22713181,21389,1,-35.00,35.00,-33.80,35.86,-0.630,0.616,-44452,44448,7.58,230.0,95.427,1679.841,1,1,1
22723181,21399,1,-35.00,35.00,-34.65,36.97,-0.627,0.611,-44477,44475,7.59,229.8,97.805,1680.817,1,1,1
22733188,21409,1,-35.00,35.00,-33.48,37.30,-0.631,0.608,-44498,44501,7.60,223.8,95.671,1681.772,1,1,1
22743200,21419,1,-35.00,35.00,-33.98,36.66,-0.631,0.611,-44522,44525,7.59,225.0,92.500,1682.695,1,1,1
22753202,21429,1,-35.00,35.00,-33.46,34.89,-0.633,0.617,-44544,44546,7.59,227.5,88.171,1683.576,1,1,1
22763211,21439,1,-35.00,35.00,-34.85,34.09,-0.628,0.620,-44570,44568,7.59,230.5,84.329,1684.417,1,1,1
22773211,21449,1,-35.00,35.00,-35.38,34.41,-0.625,0.619,-44595,44592,7.59,227.0,85.061,1685.266,1,1,1
22783218,21459,1,-35.00,35.00,-36.63,35.07,-0.621,0.617,-44622,44617,7.59,227.3,85.061,1686.115,1,1,1
22793218,21469,1,-35.00,35.00,-35.75,35.10,-0.624,0.618,-44645,44641,7.59,226.3,92.073,1687.034,1,1,1
22803226,21479,1,-35.00,35.00,-36.01,35.12,-0.622,0.616,-44670,44665,7.60,224.8,99.817,1688.031,1,1,1
22813233,21489,1,-35.00,35.00,-36.63,36.89,-0.621,0.611,-44696,44693,7.59,220.8,108.902,1689.118,1,1,1
22823233,21499,1,-35.00,35.00,-36.19,39.00,-0.622,0.603,-44720,44723,7.60,222.5,111.707,1690.234,1,1,1
22833241,21509,1,-35.00,35.00,-35.44,38.29,-0.626,0.607,-44743,44748,7.58,218.2,107.927,1691.311,1,1,1
22843241,21519,1,-35.00,35.00,-34.04,37.35,-0.630,0.608,-44764,44772,7.59,218.0,97.805,1692.288,1,1,1
22853241,21529,1,-35.00,35.00,-33.49,34.93,-0.632,0.616,-44786,44792,7.59,223.5,83.963,1693.126,1,1,1
22863248,21539,1,-35.00,35.00,-36.19,32.36,-0.622,0.626,-44815,44810,7.59,227.8,73.963,1693.864,1,1,1
22873256,21549,1,-35.00,35.00,-36.32,32.32,-0.620,0.627,-44840,44832,7.60,225.0,68.841,1694.551,1,1,1
22883264,21559,1,-35.00,35.00,-35.97,33.17,-0.621,0.625,-44864,44856,7.60,225.8,69.146,1695.240,1,1,1
22893278,21569,1,-35.00,35.00,-35.73,33.33,-0.622,0.625,-44888,44879,7.59,226.0,73.354,1695.972,1,1,1
22903287,21579,1,-35.00,35.00,-36.43,33.44,-0.619,0.625,-44914,44902,7.59,226.8,86.280,1696.834,1,1,1
22913287,21589,1,-35.00,35.00,-38.69,34.39,-0.610,0.624,-44944,44927,7.59,223.5,97.012,1697.802,1,1,1
22923294,21599,1,-35.00,35.00,-38.07,34.18,-0.611,0.624,-44969,44950,7.60,219.2,100.976,1698.810,1,1,1
22933294,21609,1,-35.00,35.00,-35.44,34.47,-0.619,0.623,-44989,44974,7.59,220.8,98.537,1699.794,1,1,1
22943302,21619,1,-35.00,35.00,-34.03,33.80,-0.623,0.625,-45010,44996,7.60,224.8,87.866,1700.671,1,1,1
22953309,21629,1,-35.00,35.00,-33.93,34.65,-0.625,0.623,-45033,45021,7.59,223.2,76.402,1701.433,1,1,1
22963309,21639,1,-35.00,35.00,-36.06,34.80,-0.618,0.623,-45061,45045,7.59,226.0,73.659,1702.168,1,1,1
22973309,21649,1,-35.00,35.00,-36.23,36.22,-0.617,0.618,-45086,45072,7.59,224.8,81.098,1702.978,1,1,1
22983317,21659,1,-35.00,35.00,-36.34,35.03,-0.617,0.622,-45111,45094,7.59,218.8,90.976,1703.886,1,1,1
22993317,21669,1,-35.00,35.00,-35.99,35.50,-0.618,0.620,-45135,45119,7.59,219.5,99.817,1704.882,1,1,1
23003324,21679,1,-35.00,35.00,-36.18,36.72,-0.617,0.616,-45160,45146,7.59,221.8,106.341,1705.944,1,1,1
23013332,21689,1,-35.00,35.00,-37.19,38.01,-0.614,0.611,-45187,45174,7.59,220.2,104.512,1706.988,1,1,1
23023339,21699,1,-35.00,35.00,-35.70,37.59,-0.619,0.611,-45209,45199,7.60,213.2,99.817,1707.984,1,1,1
23033339,21709,1,-35.00,35.00,-34.22,32.03,-0.623,0.630,-45230,45212,7.59,217.2,90.671,1708.889,1,1,1
23043348,21719,1,-35.00,35.00,-34.50,34.28,-0.623,0.623,-45254,45239,7.59,231.2,79.878,1709.686,1,1,1
23053354,21729,1,-35.00,35.00,-35.58,34.55,-0.619,0.623,-45280,45263,7.59,223.5,75.122,1710.436,1,1,1
23063354,21739,1,-35.00,35.00,-35.89,36.05,-0.618,0.618,-45305,45290,7.59,223.5,76.341,1711.198,1,1,1
23073354,21749,1,-35.00,35.00,-35.67,35.34,-0.619,0.620,-45329,45313,7.59,220.0,85.854,1712.055,1,1,1
23083355,21759,1,-35.00,35.00,-35.52,35.29,-0.619,0.620,-45353,45337,7.59,224.3,98.354,1713.037,1,1,1
23093369,21769,1,-35.00,35.00,-35.85,36.56,-0.619,0.616,-45378,45364,7.59,223.8,105.915,1714.094,1,1,1
23103369,21779,1,-35.00,35.00,-36.08,39.22,-0.618,0.605,-45403,45395,7.60,219.8,106.463,1715.157,1,1,1
23113378,21789,1,-35.00,35.00,-35.36,39.32,-0.622,0.605,-45426,45422,7.59,217.0,103.171,1716.187,1,1,1
23123385,21799,1,-35.00,35.00,-34.86,38.51,-0.623,0.606,-45449,45447,7.59,216.8,99.024,1717.176,1,1,1
23133385,21809,1,-35.00,35.00,-34.51,37.06,-0.623,0.610,-45472,45470,7.60,218.0,87.622,1718.051,1,1,1
23143393,21819,1,-35.00,35.00,-34.70,34.29,-0.623,0.619,-45496,45489,7.60,221.8,78.415,1718.833,1,1,1
23153400,21829,1,-35.00,35.00,-34.84,33.23,-0.622,0.623,-45520,45510,7.60,224.8,74.756,1719.579,1,1,1
23163408,21839,1,-35.00,35.00,-35.37,33.37,-0.620,0.623,-45545,45533,7.60,227.0,75.183,1720.329,1,1,1
23173415,21849,1,-35.00,35.00,-35.75,33.91,-0.619,0.623,-45570,45557,7.60,223.2,79.512,1721.123,1,1,1
23183415,21859,1,-35.00,35.00,-37.33,34.28,-0.613,0.622,-45598,45581,7.60,223.5,90.000,1722.021,1,1,1
23193415,21869,1,-35.00,35.00,-39.31,34.98,-0.607,0.621,-45628,45606,7.59,222.0,102.012,1723.039,1,1,1
23203415,21879,1,-35.00,35.00,-39.38,36.35,-0.607,0.617,-45655,45633,7.58,217.2,110.366,1724.141,1,1,1
23213415,21889,1,-35.00,35.00,-38.12,35.56,-0.610,0.618,-45679,45656,7.60,217.5,110.305,1725.243,1,1,1
23223423,21899,1,-35.00,35.00,-35.91,35.00,-0.616,0.620,-45700,45679,7.60,218.2,96.402,1726.205,1,1,1
23233423,21909,1,-35.00,35.00,-33.49,34.60,-0.625,0.621,-45719,45702,7.59,221.2,79.878,1727.002,1,1,1
23243423,21919,1,-35.00,35.00,-33.11,34.77,-0.628,0.621,-45741,45726,7.59,226.5,72.622,1727.727,1,1,1
23253430,21929,1,-35.00,35.00,-34.16,35.33,-0.625,0.619,-45766,45751,7.59,227.8,76.159,1728.487,1,1,1
23263430,21939,1,-35.00,35.00,-34.90,35.71,-0.622,0.617,-45791,45776,7.59,227.8,89.512,1729.380,1,1,1
23273430,21949,1,-35.00,35.00,-34.54,36.43,-0.624,0.614,-45814,45802,7.60,224.3,98.780,1730.367,1,1,1
23283439,21959,1,-35.00,35.00,-36.04,38.24,-0.619,0.608,-45841,45831,7.59,221.5,98.171,1731.347,1,1,1
23293445,21969,1,-35.00,35.00,-36.65,37.32,-0.616,0.611,-45867,45855,7.60,218.5,95.366,1732.299,1,1,1
23303454,21979,1,-35.00,35.00,-36.64,37.11,-0.616,0.611,-45892,45880,7.60,219.0,96.098,1733.258,1,1,1
23313454,21989,1,-35.00,35.00,-36.20,33.01,-0.615,0.625,-45916,45896,7.61,216.0,92.622,1734.183,1,1,1
23323460,21999,1,-35.00,35.00,-35.45,33.21,-0.618,0.625,-45939,45919,7.59,221.8,83.171,1735.013,1,1,1
23333460,22009,1,-35.00,35.00,-35.36,33.80,-0.619,0.624,-45963,45943,7.59,223.2,76.280,1735.774,1,1,1
23343461,22019,1,-35.00,35.00,-35.30,34.64,-0.620,0.622,-45987,45968,7.59,226.5,82.500,1736.597,1,1,1
23353476,22029,1,-35.00,35.00,-35.26,34.80,-0.619,0.621,-46011,45992,7.60,224.3,96.159,1737.557,1,1,1
23363484,22039,1,-35.00,35.00,-35.67,35.78,-0.618,0.618,-46036,46018,7.59,224.3,106.829,1738.624,1,1,1
23373493,22049,1,-35.00,35.00,-35.07,37.79,-0.620,0.610,-46059,46047,7.60,221.5,108.354,1739.706,1,1,1
23383500,22059,1,-35.00,35.00,-29.39,39.64,-0.642,0.601,-46070,46077,7.60,221.8,104.634,1740.751,1,1,1
23393500,22069,1,-35.00,35.00,-20.57,39.61,-0.677,0.598,-46070,46104,7.59,223.5,101.829,1741.767,1,1,1
23403508,22079,1,-35.00,35.00,-14.40,37.40,-0.704,0.601,-46070,46126,7.59,248.0,98.720,1742.753,1,1,1
23413515,22089,1,-35.00,35.00,-10.08,34.09,-0.722,0.609,-46070,46144,7.58,271.2,87.378,1743.625,1,1,1
23423523,22099,1,-35.00,35.00,-7.49,33.53,-0.735,0.610,-46071,46166,7.56,286.5,76.402,1744.387,1,1,1
23433530,22109,1,-35.00,35.00,-5.25,34.46,-0.745,0.603,-46071,46191,7.57,297.8,74.817,1745.134,1,1,1
23443530,22119,1,-35.00,35.00,-3.67,35.55,-0.754,0.596,-46071,46217,7.56,306.8,86.341,1745.996,1,1,1
23453530,22129,1,-35.00,35.00,-2.57,36.31,-0.761,0.589,-46071,46243,7.57,315.0,99.878,1746.993,1,1,1
23463539,22139,1,-35.00,35.00,-13.23,36.84,-0.730,0.588,-46097,46269,7.55,314.5,105.122,1748.042,1,1,1
23473545,22149,1,-35.00,35.00,-21.56,37.65,-0.703,0.584,-46125,46296,7.57,275.5,104.695,1749.088,1,1,1
23483545,22159,1,-35.00,35.00,-28.28,37.78,-0.681,0.583,-46155,46322,7.59,251.8,104.207,1750.128,1,1,1
23493545,22169,1,-35.00,35.00,-32.54,35.68,-0.667,0.591,-46184,46343,7.59,235.7,100.915,1751.136,1,1,1
23503545,22179,1,-35.00,35.00,-35.08,34.64,-0.659,0.595,-46212,46365,7.59,228.8,93.902,1752.073,1,1,1
23513545,22189,1,-35.00,35.00,-37.74,34.80,-0.649,0.595,-46242,46389,7.59,225.0,90.122,1752.973,1,1,1
23523554,22199,1,-35.00,35.00,-39.16,35.34,-0.643,0.595,-46271,46414,7.58,222.0,93.598,1753.907,1,1,1
23533561,22209,1,-35.00,35.00,-40.60,35.73,-0.637,0.594,-46301,46439,7.59,220.2,103.293,1754.938,1,1,1
23543561,22219,1,-35.00,35.00,-41.16,36.43,-0.632,0.591,-46330,46465,7.60,214.8,112.866,1756.065,1,1,1
23553576,22229,1,-35.00,35.00,-42.00,38.25,-0.629,0.587,-46360,46494,7.59,212.8,114.207,1757.206,1,1,1
23563576,22239,1,-35.00,35.00,-43.02,38.20,-0.622,0.587,-46391,46520,7.60,209.5,108.598,1758.290,1,1,1
23573576,22249,1,-35.00,35.00,-41.98,37.73,-0.624,0.589,-46418,46545,7.59,206.5,102.988,1759.318,1,1,1
23583576,22259,1,-35.00,35.00,-41.25,36.08,-0.622,0.594,-46445,46567,7.61,209.7,91.098,1760.228,1,1,1
23593584,22269,1,-35.00,35.00,-41.62,34.48,-0.620,0.601,-46474,46588,7.59,209.0,84.817,1761.074,1,1,1
23603584,22279,1,-35.00,35.00,-41.88,32.49,-0.618,0.609,-46503,46607,7.60,210.2,85.732,1761.930,1,1,1
23613584,22289,1,-35.00,35.00,-42.06,33.29,-0.615,0.606,-46532,46631,7.61,214.5,87.378,1762.802,1,1,1
23623591,22299,1,-35.00,35.00,-42.62,33.85,-0.614,0.607,-46562,46655,7.60,216.2,92.378,1763.724,1,1,1
23633591,22309,1,-35.00,35.00,-43.46,33.80,-0.610,0.609,-46593,46678,7.59,210.5,100.366,1764.726,1,1,1
23643599,22319,1,-35.00,35.00,-43.61,34.65,-0.609,0.607,-46623,46703,7.60,210.5,109.085,1765.815,1,1,1
23653599,22329,1,-35.00,35.00,-44.59,35.24,-0.605,0.606,-46655,46728,7.60,213.0,115.671,1766.970,1,1,1
23663599,22339,1,-35.00,35.00,-42.64,38.29,-0.611,0.595,-46681,46759,7.61,208.0,111.098,1768.080,1,1,1
23673606,22349,1,-35.00,35.00,-39.51,37.79,-0.621,0.596,-46703,46784,7.60,204.2,98.415,1769.062,1,1,1
23683606,22359,1,-35.00,35.00,-39.52,36.56,-0.621,0.600,-46730,46807,7.59,210.5,88.171,1769.943,1,1,1
23693614,22369,1,-35.00,35.00,-40.41,33.06,-0.616,0.612,-46759,46824,7.60,212.5,82.683,1770.768,1,1,1
23703621,22379,1,-35.00,35.00,-39.71,31.05,-0.617,0.621,-46785,46842,7.59,214.5,82.073,1771.587,1,1,1
23713621,22389,1,-35.00,35.00,-40.54,31.85,-0.614,0.620,-46814,46865,7.59,218.2,83.415,1772.419,1,1,1
23723630,22399,1,-35.00,35.00,-40.69,33.28,-0.613,0.617,-46842,46890,7.59,219.5,83.415,1773.252,1,1,1
23733636,22409,1,-35.00,35.00,-42.10,33.84,-0.607,0.616,-46873,46914,7.60,216.8,93.415,1774.184,1,1,1
23743643,22419,1,-35.00,35.00,-40.46,34.24,-0.613,0.616,-46898,46938,7.59,215.0,108.171,1775.264,1,1,1
23753645,22429,1,-35.00,35.00,-39.31,35.83,-0.617,0.611,-46923,46965,7.59,215.0,113.049,1776.393,1,1,1
23763652,22439,1,-35.00,35.00,-39.38,36.95,-0.615,0.606,-46950,46992,7.60,216.8,103.476,1777.426,1,1,1
23773660,22449,1,-35.00,35.00,-39.87,36.85,-0.614,0.606,-46978,47017,7.60,214.0,97.134,1778.396,1,1,1
23783667,22459,1,-35.00,35.00,-39.77,34.14,-0.613,0.616,-47005,47036,7.60,213.5,96.646,1779.361,1,1,1
23793667,22469,1,-35.00,35.00,-40.15,31.37,-0.611,0.628,-47033,47053,7.59,214.8,95.854,1780.318,1,1,1
23803667,22479,1,-35.00,35.00,-40.41,31.63,-0.609,0.629,-47061,47075,7.59,222.5,91.585,1781.232,1,1,1
23813675,22489,1,-35.00,35.00,-41.03,33.13,-0.606,0.624,-47090,47100,7.60,222.5,86.159,1782.092,1,1,1
23823675,22499,1,-35.00,35.00,-40.15,33.73,-0.609,0.624,-47116,47124,7.59,219.8,89.085,1782.981,1,1,1
23833688,22509,1,-35.00,35.00,-38.65,34.60,-0.613,0.621,-47140,47149,7.59,218.2,97.805,1783.958,1,1,1
23843690,22519,1,-35.00,35.00,-38.04,35.65,-0.615,0.617,-47165,47175,7.60,221.2,99.573,1784.952,1,1,1
23853697,22529,1,-35.00,35.00,-38.05,36.82,-0.615,0.613,-47191,47202,7.60,216.0,96.159,1785.912,1,1,1
23863697,22539,1,-35.00,35.00,-38.06,37.64,-0.615,0.610,-47217,47229,7.60,216.2,94.024,1786.850,1,1,1
23873705,22549,1,-35.00,35.00,-38.95,37.33,-0.613,0.611,-47245,47254,7.59,218.0,95.000,1787.799,1,1,1
23883712,22559,1,-35.00,35.00,-39.13,36.24,-0.612,0.615,-47272,47277,7.59,216.5,98.110,1788.778,1,1,1
23893721,22569,1,-35.00,35.00,-40.57,33.28,-0.605,0.625,-47302,47295,7.60,216.5,98.354,1789.760,1,1,1
23903721,22579,1,-35.00,35.00,-42.03,31.64,-0.598,0.633,-47333,47314,7.60,216.8,94.390,1790.702,1,1,1
23913727,22589,1,-35.00,35.00,-41.72,32.70,-0.599,0.631,-47361,47338,7.60,219.2,85.610,1791.557,1,1,1
23923736,22599,1,-35.00,35.00,-39.75,33.44,-0.605,0.629,-47385,47362,7.60,219.2,81.098,1792.366,1,1,1
23933736,22609,1,-35.00,35.00,-36.62,34.39,-0.615,0.625,-47405,47387,7.60,218.2,83.110,1793.196,1,1,1
23943743,22619,1,-35.00,35.00,-35.30,35.06,-0.619,0.623,-47427,47412,7.60,222.5,84.695,1794.041,1,1,1
23953751,22629,1,-35.00,35.00,-36.14,36.41,-0.618,0.619,-47453,47439,7.59,224.0,85.854,1794.898,1,1,1
23963751,22639,1,-35.00,35.00,-36.72,37.79,-0.617,0.614,-47479,47467,7.59,221.5,88.476,1795.781,1,1,1
23973758,22649,1,-35.00,35.00,-37.13,36.12,-0.614,0.619,-47505,47489,7.60,216.8,93.659,1796.716,1,1,1
23983758,22659,1,-35.00,35.00,-39.17,34.51,-0.607,0.625,-47535,47510,7.59,220.5,97.073,1797.685,1,1,1
23993758,22669,1,-35.00,35.00,-40.61,33.83,-0.601,0.629,-47565,47532,7.59,217.5,94.817,1798.632,1,1,1
24003758,22679,1,-35.00,35.00,-41.17,34.23,-0.599,0.629,-47594,47556,7.59,219.2,87.256,1799.503,1,1,1
24013758,22689,1,-35.00,35.00,-38.93,34.94,-0.606,0.627,-47617,47581,7.59,219.2,85.305,1800.354,1,1,1
24023758,22699,1,-35.00,35.00,-36.48,35.89,-0.614,0.622,-47638,47607,7.59,221.5,90.183,1801.254,1,1,1
24033758,22709,1,-35.00,35.00,-35.64,36.99,-0.618,0.619,-47661,47634,7.59,220.5,92.622,1802.179,1,1,1
24043766,22719,1,-35.00,35.00,-36.81,38.63,-0.614,0.612,-47688,47663,7.59,219.2,91.280,1803.090,1,1,1
24053766,22729,1,-35.00,35.00,-36.76,38.91,-0.614,0.610,-47713,47690,7.59,218.0,93.841,1804.027,1,1,1
24063773,22739,1,-35.00,35.00,-37.15,37.78,-0.612,0.612,-47739,47714,7.60,219.0,99.329,1805.018,1,1,1
24073773,22749,1,-35.00,35.00,-37.43,34.80,-0.611,0.623,-47765,47733,7.60,215.2,96.646,1805.983,1,1,1
24083781,22759,1,-35.00,35.00,-39.83,33.15,-0.602,0.630,-47796,47753,7.59,218.8,91.159,1806.893,1,1,1
24093781,22769,1,-35.00,35.00,-40.62,33.31,-0.598,0.630,-47825,47776,7.60,221.5,85.000,1807.742,1,1,1
24103781,22779,1,-35.00,35.00,-41.18,34.74,-0.597,0.627,-47854,47802,7.59,219.0,82.988,1808.570,1,1,1
24113788,22789,1,-35.00,35.00,-38.93,35.75,-0.603,0.623,-47877,47828,7.60,215.5,90.061,1809.469,1,1,1
24123797,22799,1,-35.00,35.00,-36.48,36.45,-0.612,0.621,-47898,47854,7.59,216.2,95.244,1810.420,1,1,1
24133803,22809,1,-35.00,35.00,-35.21,38.70,-0.616,0.610,-47920,47884,7.60,220.5,93.476,1811.353,1,1,1
24143812,22819,1,-35.00,35.00,-35.63,39.39,-0.616,0.608,-47945,47912,7.59,216.5,89.207,1812.243,1,1,1
24153812,22829,1,-35.00,35.00,-35.93,38.12,-0.615,0.612,-47970,47936,7.60,215.2,86.829,1813.110,1,1,1
24163818,22839,1,-35.00,35.00,-36.14,34.60,-0.613,0.624,-47995,47954,7.59,218.2,86.220,1813.970,1,1,1
24173819,22849,1,-35.00,35.00,-37.16,32.57,-0.609,0.632,-48022,47973,7.59,222.5,83.049,1814.799,1,1,1
24183827,22859,1,-35.00,35.00,-37.44,33.78,-0.610,0.630,-48048,47998,7.57,222.0,79.390,1815.591,1,1,1
24193834,22869,1,-35.00,35.00,-37.63,35.51,-0.608,0.623,-48074,48025,7.59,223.5,81.585,1816.406,1,1,1
24203842,22879,1,-35.00,35.00,-36.89,36.29,-0.611,0.621,-48098,48051,7.59,221.8,91.707,1817.321,1,1,1
24213849,22889,1,-35.00,35.00,-35.93,36.39,-0.613,0.618,-48121,48076,7.60,219.8,98.720,1818.307,1,1,1
24223849,22899,1,-35.00,35.00,-36.14,39.53,-0.614,0.608,-48146,48108,7.60,217.8,96.890,1819.274,1,1,1
24233849,22909,1,-35.00,35.00,-35.84,39.98,-0.615,0.606,-48170,48136,7.60,216.0,91.829,1820.191,1,1,1
24243855,22919,1,-35.00,35.00,-35.64,39.85,-0.616,0.606,-48194,48163,7.60,218.0,91.402,1821.103,1,1,1
24253857,22929,1,-35.00,35.00,-36.81,35.37,-0.611,0.621,-48221,48180,7.60,217.8,92.195,1822.023,1,1,1
24263864,22939,1,-35.00,35.00,-36.75,33.98,-0.611,0.627,-48246,48201,7.59,217.5,90.000,1822.922,1,1,1
24273872,22949,1,-35.00,35.00,-36.71,33.90,-0.611,0.627,-48271,48224,7.59,224.8,84.878,1823.769,1,1,1
24283879,22959,1,-35.00,35.00,-39.32,35.15,-0.602,0.623,-48302,48250,7.60,222.8,87.561,1824.643,1,1,1
24293879,22969,1,-35.00,35.00,-38.51,36.47,-0.604,0.619,-48327,48277,7.60,216.5,99.024,1825.631,1,1,1
24303888,22979,1,-35.00,35.00,-36.19,38.27,-0.612,0.612,-48348,48306,7.61,216.2,109.329,1826.723,1,1,1
24313888,22989,1,-35.00,35.00,-33.68,39.98,-0.622,0.605,-48367,48336,7.60,219.5,106.280,1827.784,1,1,1
24323894,22999,1,-35.00,35.00,-32.80,40.29,-0.627,0.604,-48388,48364,7.59,220.2,92.805,1828.711,1,1,1
24333894,23009,1,-35.00,35.00,-33.51,39.63,-0.625,0.606,-48412,48390,7.59,218.8,82.622,1829.535,1,1,1
24343894,23019,1,-35.00,35.00,-34.00,37.85,-0.624,0.611,-48436,48413,7.59,220.5,80.732,1830.341,1,1,1
24353894,23029,1,-35.00,35.00,-34.35,33.52,-0.623,0.626,-48460,48429,7.59,224.8,81.280,1831.152,1,1,1
24363903,23039,1,-35.00,35.00,-34.15,33.13,-0.623,0.627,-48483,48451,7.59,225.3,77.012,1831.920,1,1,1
24373910,23049,1,-35.00,35.00,-33.57,34.62,-0.625,0.623,-48505,48477,7.59,229.2,76.646,1832.685,1,1,1
24383918,23059,1,-35.00,35.00,-34.05,35.66,-0.624,0.619,-48529,48503,7.59,228.5,84.451,1833.528,1,1,1
24393925,23069,1,-35.00,35.00,-33.94,35.95,-0.626,0.618,-48552,48528,7.59,227.5,90.366,1834.430,1,1,1
24403933,23079,1,-35.00,35.00,-33.87,36.59,-0.626,0.615,-48575,48554,7.59,229.0,95.183,1835.380,1,1,1
24413933,23089,1,-35.00,35.00,-34.25,37.04,-0.626,0.614,-48599,48580,7.59,225.5,96.768,1836.346,1,1,1
24423933,23099,1,-35.00,35.00,-34.08,36.91,-0.626,0.613,-48622,48605,7.60,226.3,93.963,1837.284,1,1,1
24433940,23109,1,-35.00,35.00,-34.85,36.83,-0.625,0.614,-48647,48630,7.59,223.5,90.122,1838.184,1,1,1
24443948,23119,1,-35.00,35.00,-34.06,34.57,-0.627,0.621,-48669,48650,7.59,223.0,85.610,1839.038,1,1,1
24453948,23129,1,-35.00,35.00,-34.83,35.18,-0.624,0.619,-48694,48675,7.59,227.3,83.841,1839.875,1,1,1
24463948,23139,1,-35.00,35.00,-35.37,35.18,-0.622,0.618,-48719,48699,7.60,225.5,86.890,1840.742,1,1,1
24473948,23149,1,-35.00,35.00,-37.06,35.61,-0.617,0.618,-48747,48724,7.59,224.8,95.549,1841.696,1,1,1
24483955,23159,1,-35.00,35.00,-36.93,35.47,-0.616,0.619,-48772,48748,7.59,222.2,104.573,1842.740,1,1,1
24493964,23169,1,-35.00,35.00,-35.96,35.82,-0.619,0.617,-48795,48773,7.59,219.0,112.317,1843.862,1,1,1
24503979,23179,1,-35.00,35.00,-35.28,38.70,-0.623,0.607,-48818,48804,7.59,219.8,111.159,1844.972,1,1,1
24513990,23189,1,-35.00,35.00,-35.24,38.95,-0.623,0.606,-48842,48831,7.59,220.2,98.963,1845.960,1,1,1
24523990,23199,1,-35.00,35.00,-33.46,38.69,-0.629,0.606,-48862,48857,7.59,219.0,86.098,1846.819,1,1,1
24533990,23209,1,-35.00,35.00,-33.53,37.19,-0.630,0.610,-48885,48880,7.59,220.0,76.951,1847.587,1,1,1
24543990,23219,1,-35.00,35.00,-35.77,33.94,-0.621,0.622,-48913,48898,7.60,222.8,73.598,1848.322,1,1,1
24553998,23229,1,-35.00,35.00,-36.03,32.11,-0.620,0.629,-48938,48917,7.59,223.0,75.732,1849.077,1,1,1
24564005,23240,1,-35.00,35.00,-35.77,33.46,-0.620,0.625,-48962,48942,7.60,227.3,76.037,1849.836,1,1,1
24574005,23250,1,-35.00,35.00,-35.58,33.97,-0.621,0.624,-48986,48966,7.59,225.8,82.988,1850.664,1,1,1
24584006,23260,1,-35.00,35.00,-37.21,33.89,-0.615,0.626,-49014,48989,7.59,225.3,94.756,1851.610,1,1,1
24594014,23270,1,-35.00,35.00,-39.23,33.83,-0.605,0.626,-49044,49012,7.61,224.0,100.488,1852.614,1,1,1
24604021,23280,1,-35.00,35.00,-36.25,34.67,-0.615,0.623,-49064,49037,7.60,216.8,98.720,1853.599,1,1,1
24614029,23290,1,-35.00,35.00,-34.17,34.81,-0.622,0.623,-49084,49061,7.59,222.0,88.232,1854.480,1,1,1
24624036,23300,1,-35.00,35.00,-33.58,35.80,-0.625,0.619,-49106,49087,7.59,221.5,78.171,1855.260,1,1,1
24634036,23310,1,-35.00,35.00,-35.37,33.41,-0.618,0.628,-49133,49106,7.59,225.0,75.183,1856.010,1,1,1
24644036,23320,1,-35.00,35.00,-35.75,35.69,-0.618,0.620,-49158,49134,7.59,224.5,79.878,1856.807,1,1,1
24654036,23330,1,-35.00,35.00,-36.01,35.97,-0.617,0.619,-49183,49159,7.59,220.0,86.463,1857.670,1,1,1
24664036,23340,1,-35.00,35.00,-35.75,36.16,-0.617,0.618,-49207,49184,7.60,222.5,86.463,1858.533,1,1,1
24674036,23350,1,-35.00,35.00,-36.45,34.98,-0.615,0.623,-49233,49206,7.59,220.8,93.902,1859.471,1,1,1
24684044,23360,1,-35.00,35.00,-36.50,36.35,-0.614,0.617,-49258,49233,7.60,221.2,102.256,1860.492,1,1,1
24694051,23370,1,-35.00,35.00,-36.10,37.75,-0.616,0.612,-49282,49261,7.60,215.8,106.280,1861.553,1,1,1
24704051,23380,1,-35.00,35.00,-35.82,37.41,-0.617,0.612,-49306,49286,7.60,215.8,102.988,1862.581,1,1,1
24714051,23390,1,-35.00,35.00,-33.86,35.86,-0.625,0.617,-49326,49308,7.58,217.5,93.720,1863.516,1,1,1
24724051,23400,1,-35.00,35.00,-34.25,34.77,-0.622,0.620,-49350,49330,7.60,223.8,82.012,1864.335,1,1,1
24734059,23410,1,-35.00,35.00,-35.40,34.44,-0.618,0.621,-49376,49353,7.60,223.5,76.463,1865.098,1,1,1
24744072,23420,1,-35.00,35.00,-35.77,35.98,-0.619,0.617,-49401,49380,7.58,221.2,77.622,1865.872,1,1,1
24754081,23430,1,-35.00,35.00,-35.58,35.29,-0.619,0.619,-49425,49403,7.59,220.2,82.073,1866.692,1,1,1
24764081,23440,1,-35.00,35.00,-35.89,35.25,-0.616,0.619,-49450,49427,7.60,220.5,91.829,1867.608,1,1,1
24774081,23450,1,-35.00,35.00,-36.11,36.10,-0.616,0.616,-49475,49453,7.59,220.5,102.134,1868.628,1,1,1
24784082,23460,1,-35.00,35.00,-36.27,38.45,-0.615,0.607,-49500,49483,7.61,219.0,107.195,1869.698,1,1,1
24794096,23470,1,-35.00,35.00,-35.49,38.78,-0.620,0.607,-49523,49510,7.59,213.8,105.061,1870.747,1,1,1
24804097,23480,1,-35.00,35.00,-34.51,38.57,-0.622,0.605,-49545,49536,7.61,215.5,100.549,1871.751,1,1,1
24814111,23490,1,-35.00,35.00,-33.83,37.55,-0.626,0.609,-49567,49560,7.60,219.0,89.573,1872.645,1,1,1
24824111,23500,1,-35.00,35.00,-34.23,35.51,-0.625,0.617,-49591,49581,7.59,220.2,80.244,1873.446,1,1,1
24834118,23510,1,-35.00,35.00,-34.94,33.65,-0.623,0.624,-49616,49601,7.57,221.0,77.622,1874.220,1,1,1
24844127,23520,1,-35.00,35.00,-35.45,34.10,-0.620,0.622,-49641,49625,7.59,225.5,78.537,1875.004,1,1,1
24854135,23530,1,-35.00,35.00,-35.80,33.98,-0.618,0.623,-49666,49648,7.59,224.5,80.671,1875.809,1,1,1
24864135,23540,1,-35.00,35.00,-36.92,34.77,-0.614,0.620,-49693,49673,7.60,222.0,86.707,1876.675,1,1,1
24874135,23550,1,-35.00,35.00,-38.15,35.77,-0.610,0.618,-49721,49699,7.60,219.0,95.793,1877.631,1,1,1
24884135,23560,1,-35.00,35.00,-39.01,36.02,-0.607,0.617,-49749,49724,7.59,217.0,104.329,1878.672,1,1,1
24894135,23570,1,-35.00,35.00,-37.42,35.76,-0.612,0.618,-49772,49748,7.60,217.2,108.720,1879.758,1,1,1
24904135,23580,1,-35.00,35.00,-35.42,35.58,-0.619,0.618,-49793,49772,7.59,213.8,100.610,1880.763,1,1,1
24914142,23590,1,-35.00,35.00,-34.02,35.45,-0.622,0.617,-49814,49796,7.61,218.5,84.024,1881.601,1,1,1
24924150,23600,1,-35.00,35.00,-33.92,35.80,-0.623,0.615,-49837,49821,7.60,223.0,75.427,1882.354,1,1,1
24934150,23610,1,-35.00,35.00,-35.17,36.05,-0.621,0.617,-49863,49846,7.58,220.5,77.683,1883.129,1,1,1
24944157,23620,1,-35.00,35.00,-35.61,36.22,-0.619,0.616,-49888,49871,7.59,219.8,89.939,1884.027,1,1,1
24954165,23630,1,-35.00,35.00,-35.47,37.66,-0.620,0.610,-49912,49899,7.59,221.2,99.085,1885.016,1,1,1
24964165,23640,1,-35.00,35.00,-36.26,38.67,-0.618,0.607,-49938,49927,7.59,219.8,99.390,1886.008,1,1,1
24974172,23650,1,-35.00,35.00,-37.24,38.05,-0.613,0.608,-49965,49952,7.61,215.0,96.951,1886.976,1,1,1
24984172,23660,1,-35.00,35.00,-36.62,37.62,-0.616,0.610,-49989,49977,7.59,215.2,98.354,1887.958,1,1,1
24994172,23670,1,-35.00,35.00,-36.18,33.81,-0.616,0.622,-50013,49994,7.60,217.8,96.646,1888.923,1,1,1
25004172,23680,1,-35.00,35.00,-35.87,33.33,-0.617,0.625,-50037,50016,7.59,220.2,87.195,1889.793,1,1,1
25014172,23690,1,-35.00,35.00,-35.22,34.32,-0.619,0.621,-50060,50041,7.60,223.5,78.598,1890.578,1,1,1
25024181,23700,1,-35.00,35.00,-35.64,35.01,-0.618,0.620,-50085,50066,7.59,222.2,79.634,1891.372,1,1,1
25034181,23710,1,-35.00,35.00,-35.49,35.05,-0.618,0.619,-50109,50090,7.60,223.2,92.683,1892.297,1,1,1
25044181,23720,1,-35.00,35.00,-36.27,36.84,-0.616,0.613,-50135,50118,7.60,218.5,108.232,1893.378,1,1,1
25054181,23730,1,-35.00,35.00,-35.50,40.29,-0.620,0.601,-50158,50151,7.60,216.0,113.598,1894.513,1,1,1
25064187,23740,1,-35.00,35.00,-28.36,41.39,-0.647,0.595,-50166,50181,7.59,216.8,110.610,1895.617,1,1,1
25074196,23750,1,-35.00,35.00,-19.85,40.40,-0.681,0.595,-50166,50207,7.58,227.5,106.768,1896.683,1,1,1
25084203,23760,1,-35.00,35.00,-13.90,37.51,-0.707,0.600,-50166,50228,7.58,246.0,101.585,1897.697,1,1,1
25094203,23770,1,-35.00,35.00,-9.73,34.16,-0.724,0.607,-50166,50246,7.59,270.8,87.317,1898.569,1,1,1
25104211,23780,1,-35.00,35.00,-7.25,33.58,-0.736,0.608,-50167,50268,7.57,286.0,76.707,1899.334,1,1,1
25114218,23790,1,-35.00,35.00,-5.07,34.49,-0.747,0.602,-50167,50293,7.57,297.2,74.695,1900.080,1,1,1
25124218,23800,1,-35.00,35.00,-3.55,35.57,-0.756,0.596,-50167,50319,7.55,302.5,86.463,1900.943,1,1,1
25134226,23810,1,-35.00,35.00,-3.80,37.21,-0.759,0.586,-50170,50347,7.56,306.8,105.671,1901.998,1,1,1
25144226,23820,1,-35.00,35.00,-14.53,40.11,-0.726,0.575,-50197,50379,7.57,306.8,114.634,1903.142,1,1,1
25154226,23830,1,-35.00,35.00,-23.35,40.82,-0.699,0.573,-50227,50408,7.58,268.2,111.585,1904.257,1,1,1
25164233,23840,1,-35.00,35.00,-28.65,39.56,-0.682,0.576,-50255,50433,7.59,242.0,110.061,1905.356,1,1,1
25174241,23850,1,-35.00,35.00,-33.24,35.60,-0.665,0.589,-50285,50451,7.60,236.7,103.902,1906.393,1,1,1
25184248,23860,1,-35.00,35.00,-36.45,33.27,-0.654,0.598,-50315,50470,7.60,227.5,92.012,1907.311,1,1,1
25194248,23870,1,-35.00,35.00,-37.82,33.84,-0.649,0.599,-50343,50494,7.59,224.3,85.549,1908.165,1,1,1
25204257,23880,1,-35.00,35.00,-39.22,34.23,-0.642,0.597,-50372,50518,7.60,222.8,89.024,1909.054,1,1,1
25214272,23890,1,-35.00,35.00,-41.08,35.83,-0.635,0.593,-50403,50545,7.59,220.2,102.561,1910.078,1,1,1
25224272,23900,1,-35.00,35.00,-41.06,37.38,-0.633,0.588,-50431,50573,7.60,214.2,114.573,1911.222,1,1,1
25234279,23910,1,-35.00,35.00,-41.92,38.91,-0.628,0.583,-50461,50602,7.60,211.2,115.488,1912.375,1,1,1
25244293,23920,1,-35.00,35.00,-42.97,38.66,-0.622,0.584,-50492,50628,7.60,207.7,110.732,1913.481,1,1,1
25254302,23930,1,-35.00,35.00,-41.94,38.05,-0.623,0.586,-50519,50653,7.61,206.2,106.463,1914.544,1,1,1
25264309,23940,1,-35.00,35.00,-40.79,36.74,-0.625,0.591,-50545,50676,7.60,206.0,93.963,1915.482,1,1,1
25274309,23950,1,-35.00,35.00,-41.29,34.07,-0.623,0.601,-50574,50695,7.59,208.2,84.451,1916.325,1,1,1
25284309,23960,1,-35.00,35.00,-42.53,32.64,-0.617,0.607,-50605,50715,7.60,213.2,82.561,1917.149,1,1,1
25294317,23970,1,-35.00,35.00,-41.64,33.39,-0.619,0.607,-50632,50739,7.59,210.2,83.841,1917.985,1,1,1
25304317,23980,1,-35.00,35.00,-41.45,33.92,-0.619,0.605,-50660,50763,7.59,214.8,90.671,1918.890,1,1,1
25314324,23990,1,-35.00,35.00,-41.76,34.29,-0.617,0.605,-50689,50787,7.60,213.8,100.732,1919.896,1,1,1
25324324,24000,1,-35.00,35.00,-42.41,35.43,-0.614,0.602,-50719,50813,7.60,211.2,112.500,1921.020,1,1,1
25334325,24010,1,-35.00,35.00,-44.19,38.42,-0.610,0.594,-50752,50844,7.58,210.5,118.171,1922.200,1,1,1
25344332,24020,1,-35.00,35.00,-41.48,38.76,-0.617,0.590,-50776,50871,7.61,206.5,112.622,1923.324,1,1,1
25354332,24030,1,-35.00,35.00,-39.14,37.68,-0.624,0.593,-50799,50895,7.61,206.7,100.610,1924.329,1,1,1
25364339,24040,1,-35.00,35.00,-40.58,34.73,-0.619,0.605,-50829,50914,7.59,210.7,87.073,1925.198,1,1,1
25374339,24050,1,-35.00,35.00,-40.71,31.78,-0.617,0.615,-50857,50931,7.60,213.0,81.768,1926.014,1,1,1
25384339,24060,1,-35.00,35.00,-40.37,31.91,-0.617,0.617,-50884,50953,7.60,217.2,83.232,1926.845,1,1,1
25394339,24070,1,-35.00,35.00,-40.12,32.89,-0.617,0.615,-50911,50977,7.59,218.2,87.317,1927.716,1,1,1
25404348,24080,1,-35.00,35.00,-41.27,34.01,-0.613,0.612,-50941,51002,7.60,218.2,99.390,1928.708,1,1,1
25414354,24090,1,-35.00,35.00,-42.07,34.35,-0.610,0.612,-50971,51026,7.60,213.2,113.171,1929.839,1,1,1
25424354,24100,1,-35.00,35.00,-39.56,36.79,-0.619,0.604,-50994,51055,7.59,214.8,116.646,1931.003,1,1,1
25434363,24110,1,-35.00,35.00,-39.12,37.18,-0.619,0.602,-51020,51081,7.60,213.0,106.463,1932.066,1,1,1
25444369,24120,1,-35.00,35.00,-39.69,37.45,-0.617,0.601,-51048,51107,7.60,209.7,97.866,1933.043,1,1,1
25454369,24130,1,-35.00,35.00,-39.65,35.88,-0.617,0.606,-51075,51129,7.60,212.0,93.415,1933.976,1,1,1
25464378,24140,1,-35.00,35.00,-39.62,32.59,-0.615,0.618,-51102,51146,7.60,215.0,89.634,1934.871,1,1,1
25474385,24150,1,-35.00,35.00,-39.60,31.16,-0.615,0.625,-51129,51165,7.59,215.0,86.341,1935.732,1,1,1
25484393,24160,1,-35.00,35.00,-39.58,31.92,-0.614,0.624,-51156,51188,7.59,221.5,84.390,1936.575,1,1,1
25494393,24170,1,-35.00,35.00,-40.45,33.33,-0.611,0.620,-51185,51213,7.60,222.8,92.378,1937.497,1,1,1
25504393,24180,1,-35.00,35.00,-39.74,34.32,-0.613,0.618,-51211,51238,7.59,218.8,102.134,1938.516,1,1,1
25514400,24190,1,-35.00,35.00,-38.81,35.45,-0.615,0.614,-51236,51264,7.60,217.0,103.232,1939.547,1,1,1
25524408,24200,1,-35.00,35.00,-37.71,37.12,-0.620,0.608,-51260,51292,7.59,216.5,96.524,1940.511,1,1,1
25534408,24210,1,-35.00,35.00,-37.82,37.85,-0.619,0.605,-51286,51319,7.60,219.2,90.122,1941.410,1,1,1
25544415,24220,1,-35.00,35.00,-38.34,37.48,-0.618,0.606,-51313,51344,7.59,214.0,89.878,1942.307,1,1,1
25554423,24230,1,-35.00,35.00,-38.70,36.78,-0.616,0.608,-51340,51368,7.60,213.5,91.951,1943.225,1,1,1
25564423,24240,1,-35.00,35.00,-38.52,34.98,-0.615,0.614,-51366,51389,7.60,214.5,91.341,1944.137,1,1,1
25574430,24250,1,-35.00,35.00,-39.71,31.95,-0.610,0.626,-51395,51406,7.59,218.8,87.134,1945.007,1,1,1
25584430,24260,1,-35.00,35.00,-40.10,32.04,-0.608,0.627,-51423,51428,7.59,221.2,82.012,1945.825,1,1,1
25594439,24270,1,-35.00,35.00,-40.37,32.97,-0.606,0.625,-51451,51452,7.60,221.5,81.098,1946.635,1,1,1
25604446,24280,1,-35.00,35.00,-38.81,34.07,-0.612,0.622,-51475,51477,7.60,218.8,81.098,1947.444,1,1,1
25614454,24290,1,-35.00,35.00,-36.39,34.83,-0.619,0.619,-51496,51502,7.60,219.5,87.073,1948.313,1,1,1
25624460,24300,1,-35.00,35.00,-36.46,35.81,-0.620,0.616,-51521,51528,7.59,219.2,88.659,1949.198,1,1,1
25634460,24310,1,-35.00,35.00,-37.39,37.37,-0.616,0.610,-51548,51556,7.61,222.8,85.366,1950.050,1,1,1
25644469,24320,1,-35.00,35.00,-37.60,36.71,-0.616,0.613,-51574,51580,7.59,217.5,87.134,1950.920,1,1,1
25654469,24330,1,-35.00,35.00,-37.74,34.92,-0.615,0.619,-51600,51601,7.59,216.0,91.524,1951.833,1,1,1
25664476,24340,1,-35.00,35.00,-38.73,33.67,-0.611,0.624,-51628,51622,7.60,218.8,92.866,1952.760,1,1,1
25674476,24350,1,-35.00,35.00,-39.41,34.12,-0.608,0.623,-51656,51646,7.60,219.5,89.817,1953.657,1,1,1
25684476,24360,1,-35.00,35.00,-39.89,34.87,-0.606,0.622,-51684,51671,7.59,219.0,87.561,1954.531,1,1,1
25694476,24370,1,-35.00,35.00,-38.91,35.40,-0.608,0.619,-51709,51696,7.61,218.5,88.598,1955.415,1,1,1
25704484,24380,1,-35.00,35.00,-36.91,36.64,-0.616,0.615,-51731,51723,7.59,215.8,92.012,1956.334,1,1,1
25714493,24390,1,-35.00,35.00,-36.38,38.39,-0.619,0.608,-51755,51752,7.59,218.0,91.280,1957.245,1,1,1
25724493,24400,1,-35.00,35.00,-37.33,38.74,-0.616,0.606,-51782,51779,7.59,217.2,86.707,1958.110,1,1,1
25734500,24410,1,-35.00,35.00,-37.56,38.10,-0.614,0.607,-51808,51804,7.60,216.0,90.122,1959.010,1,1,1
25744506,24420,1,-35.00,35.00,-37.28,35.46,-0.615,0.616,-51833,51824,7.60,216.0,93.963,1959.948,1,1,1
25754515,24430,1,-35.00,35.00,-37.08,33.17,-0.615,0.625,-51858,51843,7.59,219.0,89.451,1960.841,1,1,1
25764523,24440,1,-35.00,35.00,-38.26,33.33,-0.610,0.625,-51886,51866,7.60,222.8,84.939,1961.688,1,1,1
25774530,24450,1,-35.00,35.00,-37.77,34.32,-0.612,0.622,-51911,51891,7.59,219.5,81.037,1962.497,1,1,1
25784539,24460,1,-35.00,35.00,-39.62,35.45,-0.605,0.619,-51941,51917,7.60,222.0,84.573,1963.341,1,1,1
25794539,24470,1,-35.00,35.00,-37.40,36.24,-0.613,0.616,-51963,51943,7.59,216.0,92.012,1964.260,1,1,1
25804539,24480,1,-35.00,35.00,-36.29,38.11,-0.617,0.609,-51986,51972,7.59,217.2,93.476,1965.193,1,1,1
25814545,24490,1,-35.00,35.00,-35.95,38.54,-0.618,0.607,-52010,51999,7.60,217.2,88.780,1966.079,1,1,1
25824545,24500,1,-35.00,35.00,-36.59,38.41,-0.617,0.608,-52036,52025,7.59,217.8,85.671,1966.934,1,1,1
25834554,24510,1,-35.00,35.00,-36.60,35.67,-0.616,0.617,-52061,52045,7.59,219.8,88.110,1967.814,1,1,1
25844561,24520,1,-35.00,35.00,-37.05,33.76,-0.614,0.624,-52087,52065,7.59,218.5,88.415,1968.696,1,1,1
25854569,24530,1,-35.00,35.00,-36.92,33.30,-0.614,0.626,-52112,52087,7.59,221.2,84.451,1969.539,1,1,1
25864576,24540,1,-35.00,35.00,-38.15,35.18,-0.609,0.620,-52140,52114,7.60,226.0,81.768,1970.355,1,1,1
25874584,24550,1,-35.00,35.00,-37.69,36.05,-0.611,0.617,-52165,52140,7.59,220.2,85.854,1971.212,1,1,1
25884584,24560,1,-35.00,35.00,-36.93,36.22,-0.613,0.615,-52189,52165,7.61,218.2,92.805,1972.139,1,1,1
25894584,24570,1,-35.00,35.00,-35.52,38.10,-0.618,0.609,-52211,52194,7.60,219.0,95.061,1973.088,1,1,1
25904591,24580,1,-35.00,35.00,-34.97,39.85,-0.621,0.603,-52234,52224,7.60,217.5,89.817,1973.984,1,1,1
25914591,24590,1,-35.00,35.00,-35.47,40.20,-0.620,0.601,-52259,52252,7.60,216.8,85.061,1974.833,1,1,1
25924591,24600,1,-35.00,35.00,-35.81,36.93,-0.618,0.611,-52284,52272,7.60,217.8,88.354,1975.715,1,1,1
25934591,24610,1,-35.00,35.00,-36.05,34.20,-0.617,0.621,-52309,52291,7.60,222.5,90.976,1976.623,1,1,1
25944599,24620,1,-35.00,35.00,-36.22,34.49,-0.617,0.621,-52334,52315,7.59,223.5,87.866,1977.500,1,1,1
25954599,24630,1,-35.00,35.00,-35.90,35.13,-0.618,0.619,-52358,52340,7.59,220.2,85.915,1978.358,1,1,1
25964599,24640,1,-35.00,35.00,-38.32,36.45,-0.610,0.615,-52388,52367,7.60,220.0,92.256,1979.279,1,1,1
25974606,24650,1,-35.00,35.00,-37.37,37.38,-0.613,0.612,-52412,52394,7.59,216.2,101.037,1980.287,1,1,1
25984606,24660,1,-35.00,35.00,-36.27,39.35,-0.617,0.604,-52435,52424,7.60,217.8,103.720,1981.323,1,1,1
25994606,24670,1,-35.00,35.00,-34.17,40.29,-0.626,0.602,-52455,52453,7.58,214.8,98.293,1982.304,1,1,1
26004606,24680,1,-35.00,35.00,-33.15,39.63,-0.630,0.602,-52476,52479,7.59,218.8,87.561,1983.178,1,1,1
26014606,24690,1,-35.00,35.00,-35.07,38.73,-0.623,0.604,-52503,52504,7.60,222.2,79.207,1983.969,1,1,1
26024614,24700,1,-35.00,35.00,-34.66,35.46,-0.624,0.615,-52526,52523,7.59,220.0,80.122,1984.768,1,1,1
26034621,24710,1,-35.00,35.00,-34.81,33.61,-0.623,0.622,-52550,52543,7.60,227.0,82.073,1985.587,1,1,1
26044621,24720,1,-35.00,35.00,-34.03,34.51,-0.626,0.619,-52572,52568,7.59,226.8,78.537,1986.371,1,1,1
26054630,24730,1,-35.00,35.00,-33.49,35.59,-0.629,0.615,-52594,52594,7.59,226.3,81.280,1987.182,1,1,1
26064636,24740,1,-35.00,35.00,-34.43,35.90,-0.626,0.614,-52619,52619,7.59,226.3,89.451,1988.075,1,1,1
26074636,24750,1,-35.00,35.00,-34.21,36.99,-0.628,0.610,-52642,52646,7.59,225.8,94.939,1989.023,1,1,1
26084636,24760,1,-35.00,35.00,-33.61,37.76,-0.631,0.607,-52664,52673,7.59,224.0,98.232,1990.003,1,1,1
26094645,24770,1,-35.00,35.00,-33.64,38.30,-0.632,0.605,-52687,52700,7.59,224.0,97.195,1990.974,1,1,1
26104645,24780,1,-35.00,35.00,-34.09,37.35,-0.630,0.607,-52711,52724,7.59,224.5,95.122,1991.923,1,1,1
26114652,24790,1,-35.00,35.00,-34.41,34.50,-0.629,0.617,-52735,52743,7.59,226.0,92.012,1992.842,1,1,1
26124652,24800,1,-35.00,35.00,-34.64,34.70,-0.628,0.616,-52759,52767,7.59,227.5,87.256,1993.713,1,1,1
26134652,24810,1,-35.00,35.00,-35.67,34.83,-0.624,0.616,-52785,52791,7.60,225.8,85.305,1994.564,1,1,1
26144652,24820,1,-35.00,35.00,-35.52,35.81,-0.625,0.612,-52809,52817,7.60,223.8,90.854,1995.471,1,1,1
26154652,24830,1,-35.00,35.00,-36.29,35.17,-0.622,0.615,-52835,52840,7.59,224.3,98.902,1996.458,1,1,1
26164652,24840,1,-35.00,35.00,-35.95,36.05,-0.624,0.612,-52859,52866,7.59,221.2,108.171,1997.539,1,1,1
26174660,24850,1,-35.00,35.00,-36.15,37.98,-0.623,0.606,-52884,52895,7.59,220.5,111.890,1998.656,1,1,1
26184660,24860,1,-35.00,35.00,-36.29,39.77,-0.622,0.599,-52909,52925,7.60,217.8,110.000,1999.754,1,1,1
26194660,24870,1,-35.00,35.00,-36.83,38.82,-0.620,0.602,-52935,52950,7.60,213.5,105.610,2000.809,1,1,1
26204660,24880,1,-35.00,35.00,-34.13,37.28,-0.629,0.606,-52954,52973,7.60,212.8,92.195,2001.729,1,1,1
26214667,24890,1,-35.00,35.00,-33.56,34.01,-0.631,0.617,-52976,52991,7.59,222.8,78.110,2002.508,1,1,1
26224667,24900,1,-35.00,35.00,-34.48,31.72,-0.627,0.626,-53001,53009,7.59,225.3,69.939,2003.206,1,1,1
26234667,24910,1,-35.00,35.00,-35.56,33.63,-0.625,0.621,-53027,53035,7.59,226.5,69.268,2003.897,1,1,1
26244673,24920,1,-35.00,35.00,-35.88,33.65,-0.623,0.622,-53052,53058,7.59,223.5,77.805,2004.674,1,1,1
26254682,24930,1,-35.00,35.00,-36.54,34.10,-0.620,0.620,-53078,53082,7.60,224.0,91.159,2005.583,1,1,1
26264682,24940,1,-35.00,35.00,-37.44,33.98,-0.616,0.622,-53105,53105,7.59,223.8,100.549,2006.587,1,1,1
26274682,24950,1,-35.00,35.00,-38.52,35.21,-0.612,0.618,-53133,53131,7.59,220.2,102.622,2007.612,1,1,1
26284682,24960,1,-35.00,35.00,-37.07,34.75,-0.616,0.619,-53156,53154,7.60,215.8,98.537,2008.596,1,1,1
26294682,24970,1,-35.00,35.00,-35.18,34.44,-0.623,0.621,-53177,53177,7.59,219.0,89.939,2009.493,1,1,1
26304682,24980,1,-35.00,35.00,-34.73,33.77,-0.623,0.623,-53200,53199,7.60,222.0,77.683,2010.269,1,1,1
26314690,24990,1,-35.00,35.00,-35.30,35.07,-0.622,0.619,-53225,53225,7.59,222.8,73.476,2011.002,1,1,1
26324697,25000,1,-35.00,35.00,-35.26,35.97,-0.622,0.615,-53249,53251,7.59,225.5,83.049,2011.831,1,1,1
26334697,25010,1,-35.00,35.00,-36.98,36.61,-0.617,0.614,-53277,53277,7.59,221.8,97.195,2012.801,1,1,1
26344706,25020,1,-35.00,35.00,-36.87,34.41,-0.617,0.621,-53302,53297,7.59,218.0,106.159,2013.861,1,1,1
26354712,25030,1,-35.00,35.00,-35.92,37.27,-0.621,0.612,-53325,53327,7.58,220.8,107.683,2014.936,1,1,1
26364721,25040,1,-35.00,35.00,-36.13,38.84,-0.621,0.605,-53350,53356,7.59,221.0,102.256,2015.957,1,1,1
26374727,25050,1,-35.00,35.00,-37.16,38.17,-0.617,0.606,-53377,53381,7.59,214.2,101.341,2016.969,1,1,1
26384736,25060,1,-35.00,35.00,-36.12,36.83,-0.620,0.610,-53400,53404,7.59,215.8,95.793,2017.925,1,1,1
26394743,25070,1,-35.00,35.00,-34.95,34.57,-0.623,0.617,-53422,53424,7.60,216.8,82.500,2018.748,1,1,1
26404751,25080,1,-35.00,35.00,-34.57,32.55,-0.624,0.625,-53445,53443,7.59,220.5,74.207,2019.489,1,1,1
26414758,25090,1,-35.00,35.00,-35.19,34.65,-0.623,0.618,-53470,53470,7.59,226.3,73.110,2020.218,1,1,1
26424758,25100,1,-35.00,35.00,-36.50,35.24,-0.618,0.616,-53497,53495,7.59,222.8,84.207,2021.059,1,1,1
26434758,25110,1,-35.00,35.00,-36.53,34.78,-0.617,0.618,-53522,53518,7.60,218.8,99.817,2022.055,1,1,1
26444758,25120,1,-35.00,35.00,-36.12,35.33,-0.620,0.617,-53546,53543,7.59,220.8,107.927,2023.133,1,1,1
26454766,25130,1,-35.00,35.00,-35.83,38.35,-0.621,0.605,-53570,53574,7.60,222.2,107.256,2024.204,1,1,1
26464773,25140,1,-35.00,35.00,-36.07,38.71,-0.620,0.603,-53595,53601,7.60,217.0,103.232,2025.235,1,1,1
26474773,25150,1,-35.00,35.00,-35.79,39.84,-0.622,0.600,-53619,53630,7.60,216.5,100.854,2026.242,1,1,1
26484773,25160,1,-35.00,35.00,-35.16,38.00,-0.624,0.605,-53642,53653,7.60,214.8,90.427,2027.144,1,1,1
26494773,25170,1,-35.00,35.00,-34.72,35.39,-0.625,0.614,-53665,53673,7.60,216.8,79.085,2027.933,1,1,1
26504781,25180,1,-35.00,35.00,-34.85,34.00,-0.624,0.619,-53689,53694,7.60,222.8,74.390,2028.676,1,1,1
26514781,25190,1,-35.00,35.00,-35.38,33.03,-0.623,0.623,-53714,53715,7.59,225.0,73.720,2029.411,1,1,1
26524788,25200,1,-35.00,35.00,-35.75,33.23,-0.621,0.623,-53739,53738,7.59,222.2,78.780,2030.197,1,1,1
26534797,25210,1,-35.00,35.00,-36.45,33.81,-0.618,0.622,-53765,53762,7.59,222.8,78.780,2030.984,1,1,1
26544803,25220,1,-35.00,35.00,-38.26,35.09,-0.613,0.619,-53794,53788,7.59,222.8,90.305,2031.885,1,1,1
26554812,25230,1,-35.00,35.00,-39.09,35.99,-0.609,0.616,-53822,53814,7.59,220.0,102.012,2032.903,1,1,1
26564818,25240,1,-35.00,35.00,-39.67,36.62,-0.607,0.614,-53850,53840,7.59,214.8,110.610,2034.008,1,1,1
26574827,25250,1,-35.00,35.00,-37.43,35.30,-0.614,0.618,-53872,53862,7.59,213.0,111.829,2035.125,1,1,1
26584834,25260,1,-35.00,35.00,-35.87,35.26,-0.618,0.616,-53894,53886,7.61,217.8,100.427,2036.127,1,1,1
26594842,25270,1,-35.00,35.00,-33.02,35.23,-0.629,0.616,-53912,53910,7.60,218.5,82.561,2036.951,1,1,1
26604849,25280,1,-35.00,35.00,-33.66,35.21,-0.627,0.616,-53936,53934,7.60,225.0,75.000,2037.700,1,1,1
26614857,25290,1,-35.00,35.00,-34.99,35.63,-0.624,0.615,-53962,53959,7.59,224.8,77.439,2038.472,1,1,1
26624857,25300,1,-35.00,35.00,-35.92,36.37,-0.620,0.613,-53988,53985,7.59,222.5,88.841,2039.359,1,1,1
26634857,25310,1,-35.00,35.00,-35.69,38.20,-0.621,0.606,-54012,54014,7.59,219.0,96.585,2040.323,1,1,1
26644864,25320,1,-35.00,35.00,-36.41,38.17,-0.619,0.606,-54038,54040,7.59,216.0,94.817,2041.270,1,1,1
26654872,25330,1,-35.00,35.00,-36.91,38.14,-0.617,0.606,-54064,54066,7.60,218.0,92.805,2042.196,1,1,1
26664872,25340,1,-35.00,35.00,-36.39,34.61,-0.617,0.617,-54088,54084,7.60,216.2,94.451,2043.139,1,1,1
26674872,25350,1,-35.00,35.00,-36.46,33.02,-0.617,0.624,-54113,54104,7.60,216.0,93.720,2044.075,1,1,1
26684879,25360,1,-35.00,35.00,-35.63,33.66,-0.620,0.622,-54136,54128,7.60,221.5,84.573,2044.919,1,1,1
26694888,25370,1,-35.00,35.00,-35.49,34.99,-0.621,0.619,-54160,54154,7.59,224.8,79.146,2045.709,1,1,1
26704888,25380,1,-35.00,35.00,-35.83,35.04,-0.619,0.618,-54185,54178,7.60,221.8,86.646,2046.573,1,1,1
26714888,25390,1,-35.00,35.00,-35.63,35.95,-0.621,0.616,-54209,54204,7.59,219.5,99.939,2047.571,1,1,1
26724888,25400,1,-35.00,35.00,-35.92,38.79,-0.620,0.605,-54234,54235,7.59,219.0,110.122,2048.671,1,1,1
26734894,25410,1,-35.00,35.00,-35.69,40.34,-0.622,0.599,-54258,54265,7.60,219.8,109.146,2049.761,1,1,1
26744894,25420,1,-35.00,35.00,-26.74,40.54,-0.655,0.596,-54262,54293,7.59,214.5,104.756,2050.807,1,1,1
26754894,25430,1,-35.00,35.00,-18.72,38.05,-0.686,0.599,-54262,54315,7.59,230.0,100.000,2051.805,1,1,1
26764903,25440,1,-35.00,35.00,-13.10,34.54,-0.712,0.608,-54262,54333,7.58,253.3,94.756,2052.751,1,1,1
26774903,25450,1,-35.00,35.00,-9.17,32.97,-0.728,0.611,-54262,54353,7.57,278.0,85.610,2053.605,1,1,1
26784903,25460,1,-35.00,35.00,-6.86,34.06,-0.739,0.604,-54263,54378,7.57,291.8,75.183,2054.356,1,1,1
26794910,25470,1,-35.00,35.00,-4.80,35.27,-0.749,0.597,-54263,54404,7.57,296.0,76.159,2055.116,1,1,1
26804918,25480,1,-35.00,35.00,-3.36,36.12,-0.758,0.591,-54263,54430,7.56,305.2,88.780,2056.002,1,1,1
26814925,25490,1,-35.00,35.00,-4.99,38.02,-0.756,0.581,-54269,54459,7.57,311.8,101.524,2057.016,1,1,1
26824925,25500,1,-35.00,35.00,-16.24,38.92,-0.723,0.579,-54298,54487,7.55,298.2,104.939,2058.063,1,1,1
26834933,25510,1,-35.00,35.00,-24.11,39.11,-0.698,0.577,-54327,54514,7.58,266.0,103.232,2059.094,1,1,1
26844940,25520,1,-35.00,35.00,-29.62,36.61,-0.679,0.585,-54356,54535,7.59,245.2,104.451,2060.137,1,1,1
26854940,25530,1,-35.00,35.00,-33.48,33.97,-0.665,0.594,-54385,54554,7.60,235.5,102.500,2061.161,1,1,1
26864940,25540,1,-35.00,35.00,-36.18,34.33,-0.656,0.594,-54414,54578,7.59,227.3,92.317,2062.082,1,1,1
26874940,25550,1,-35.00,35.00,-38.07,34.58,-0.649,0.594,-54443,54602,7.60,224.3,88.537,2062.966,1,1,1
26884940,25560,1,-35.00,35.00,-39.83,35.63,-0.642,0.592,-54473,54628,7.59,222.8,94.695,2063.911,1,1,1
26894948,25570,1,-35.00,35.00,-41.07,36.37,-0.637,0.590,-54503,54654,7.59,217.2,106.707,2064.977,1,1,1
26904948,25580,1,-35.00,35.00,-41.05,38.64,-0.635,0.582,-54531,54684,7.59,213.5,115.854,2066.134,1,1,1
26914948,25590,1,-35.00,35.00,-42.80,38.47,-0.626,0.583,-54563,54710,7.60,210.5,114.878,2067.281,1,1,1
26924948,25600,1,-35.00,35.00,-42.70,38.36,-0.624,0.584,-54592,54736,7.60,205.2,110.122,2068.381,1,1,1
26934955,25610,1,-35.00,35.00,-41.76,36.96,-0.624,0.588,-54619,54759,7.61,207.7,103.963,2069.419,1,1,1
26944963,25620,1,-35.00,35.00,-41.53,34.66,-0.622,0.597,-54647,54779,7.60,208.2,91.037,2070.327,1,1,1
26954970,25630,1,-35.00,35.00,-41.82,32.61,-0.620,0.605,-54676,54798,7.60,207.2,82.378,2071.150,1,1,1
26964970,25640,1,-35.00,35.00,-42.46,32.94,-0.617,0.606,-54706,54821,7.60,212.5,79.695,2071.945,1,1,1
26974970,25650,1,-35.00,35.00,-42.46,34.04,-0.617,0.603,-54735,54846,7.60,213.8,82.378,2072.767,1,1,1
26984970,25660,1,-35.00,35.00,-42.03,33.94,-0.618,0.605,-54763,54869,7.59,214.2,91.646,2073.682,1,1,1
26994970,25670,1,-35.00,35.00,-42.60,34.74,-0.615,0.603,-54793,54894,7.60,209.7,102.012,2074.701,1,1,1
27004979,25680,1,-35.00,35.00,-43.01,35.74,-0.613,0.601,-54823,54920,7.60,212.0,111.402,2075.813,1,1,1
27014979,25690,1,-35.00,35.00,-43.73,38.21,-0.611,0.593,-54854,54950,7.60,210.5,114.512,2076.957,1,1,1
27024983,25700,1,-35.00,35.00,-41.60,38.17,-0.617,0.592,-54879,54976,7.60,204.2,107.927,2078.034,1,1,1
27034990,25710,1,-35.00,35.00,-40.98,36.39,-0.620,0.599,-54906,54998,7.59,205.5,96.951,2079.002,1,1,1
27044999,25721,1,-35.00,35.00,-40.55,33.38,-0.618,0.609,-54933,55016,7.60,210.5,86.829,2079.869,1,1,1
27055014,25731,1,-35.00,35.00,-40.69,31.28,-0.616,0.617,-54961,55034,7.60,214.0,83.476,2080.702,1,1,1
27065020,25741,1,-35.00,35.00,-40.79,32.00,-0.615,0.617,-54989,55057,7.60,214.8,85.915,2081.559,1,1,1
27075020,25751,1,-35.00,35.00,-41.30,33.39,-0.614,0.614,-55018,55082,7.59,216.8,93.232,2082.490,1,1,1
27085029,25761,1,-35.00,35.00,-42.53,33.92,-0.608,0.613,-55049,55106,7.60,216.2,105.244,2083.541,1,1,1
27095036,25771,1,-35.00,35.00,-41.20,34.73,-0.613,0.612,-55075,55131,7.59,212.2,114.451,2084.683,1,1,1
27105036,25781,1,-35.00,35.00,-40.26,36.61,-0.616,0.605,-55101,55159,7.59,211.8,114.024,2085.822,1,1,1
27115036,25791,1,-35.00,35.00,-39.17,37.50,-0.619,0.601,-55126,55186,7.60,214.5,103.110,2086.852,1,1,1
27125036,25801,1,-35.00,35.00,-38.41,36.79,-0.622,0.604,-55151,55210,7.59,215.8,93.841,2087.788,1,1,1
27135036,25811,1,-35.00,35.00,-39.63,34.54,-0.615,0.610,-55180,55230,7.61,216.8,90.000,2088.687,1,1,1
27145036,25821,1,-35.00,35.00,-40.04,31.21,-0.614,0.624,-55208,55246,7.59,212.0,88.902,2089.574,1,1,1
27155036,25831,1,-35.00,35.00,-39.90,31.52,-0.613,0.625,-55235,55268,7.59,219.8,86.037,2090.433,1,1,1
27165036,25841,1,-35.00,35.00,-40.67,32.61,-0.610,0.623,-55264,55292,7.59,221.5,86.220,2091.293,1,1,1
27175036,25851,1,-35.00,35.00,-40.77,34.25,-0.609,0.618,-55292,55318,7.60,220.0,97.134,2092.263,1,1,1
27185036,25861,1,-35.00,35.00,-39.53,34.96,-0.614,0.617,-55317,55343,7.59,216.8,108.293,2093.344,1,1,1
27195044,25871,1,-35.00,35.00,-38.22,37.22,-0.618,0.608,-55341,55372,7.59,217.8,108.537,2094.428,1,1,1
27205044,25881,1,-35.00,35.00,-38.62,37.92,-0.617,0.605,-55368,55399,7.60,214.8,100.732,2095.434,1,1,1
27215051,25891,1,-35.00,35.00,-38.02,37.53,-0.619,0.606,-55393,55424,7.59,214.2,96.341,2096.396,1,1,1
27225051,25901,1,-35.00,35.00,-38.48,37.26,-0.617,0.607,-55420,55449,7.59,215.2,95.610,2097.350,1,1,1
27235051,25911,1,-35.00,35.00,-38.80,35.75,-0.615,0.612,-55447,55471,7.59,217.8,93.171,2098.280,1,1,1
27245051,25921,1,-35.00,35.00,-39.03,31.62,-0.613,0.627,-55474,55486,7.59,214.0,90.427,2099.183,1,1,1
27255051,25931,1,-35.00,35.00,-41.82,30.92,-0.603,0.632,-55507,55506,7.59,222.8,85.427,2100.035,1,1,1
27265051,25941,1,-35.00,35.00,-42.90,32.63,-0.599,0.629,-55538,55531,7.59,219.5,81.341,2100.847,1,1,1
27275059,25951,1,-35.00,35.00,-42.77,33.83,-0.597,0.625,-55567,55556,7.60,219.0,87.134,2101.717,1,1,1
27285066,25961,1,-35.00,35.00,-39.61,34.23,-0.608,0.624,-55589,55580,7.60,212.5,94.146,2102.656,1,1,1
27295066,25971,1,-35.00,35.00,-35.64,35.38,-0.620,0.619,-55607,55606,7.60,218.5,93.537,2103.590,1,1,1
27305075,25981,1,-35.00,35.00,-34.17,37.07,-0.626,0.613,-55628,55634,7.60,221.2,87.866,2104.467,1,1,1
27315090,25991,1,-35.00,35.00,-35.35,37.82,-0.623,0.609,-55654,55661,7.60,224.5,82.683,2105.292,1,1,1
27325090,26001,1,-35.00,35.00,-36.61,36.14,-0.619,0.616,-55681,55683,7.59,216.5,87.134,2106.162,1,1,1
27335090,26011,1,-35.00,35.00,-37.49,34.09,-0.616,0.624,-55708,55703,7.58,218.2,90.488,2107.065,1,1,1
27345096,26021,1,-35.00,35.00,-38.55,33.53,-0.611,0.626,-55736,55725,7.59,222.8,87.622,2107.940,1,1,1
27355105,26031,1,-35.00,35.00,-38.85,33.58,-0.609,0.627,-55763,55748,7.59,219.5,84.573,2108.784,1,1,1
27365105,26041,1,-35.00,35.00,-40.38,34.49,-0.604,0.625,-55793,55773,7.59,219.0,87.195,2109.654,1,1,1
27375105,26051,1,-35.00,35.00,-38.37,35.57,-0.610,0.620,-55816,55799,7.60,218.8,93.232,2110.585,1,1,1
27385112,26061,1,-35.00,35.00,-36.97,36.76,-0.615,0.616,-55839,55826,7.60,218.2,93.720,2111.521,1,1,1
27395120,26071,1,-35.00,35.00,-36.86,38.04,-0.616,0.611,-55864,55854,7.59,217.2,89.268,2112.412,1,1,1
27405127,26081,1,-35.00,35.00,-37.23,38.93,-0.614,0.607,-55890,55882,7.60,216.2,92.805,2113.338,1,1,1
27415127,26091,1,-35.00,35.00,-37.49,37.80,-0.613,0.610,-55916,55906,7.60,214.2,96.707,2114.303,1,1,1
27425135,26101,1,-35.00,35.00,-37.67,34.81,-0.612,0.620,-55942,55925,7.60,214.8,92.622,2115.228,1,1,1
27435142,26111,1,-35.00,35.00,-39.11,32.72,-0.606,0.628,-55971,55944,7.60,218.5,87.439,2116.101,1,1,1
27445142,26121,1,-35.00,35.00,-39.24,33.01,-0.605,0.629,-55998,55967,7.60,220.0,81.159,2116.911,1,1,1
27455142,26131,1,-35.00,35.00,-39.34,34.53,-0.605,0.624,-56025,55993,7.59,222.2,83.537,2117.745,1,1,1
27465142,26141,1,-35.00,35.00,-39.40,35.16,-0.605,0.623,-56052,56018,7.59,217.5,89.390,2118.637,1,1,1
27475142,26151,1,-35.00,35.00,-36.81,36.48,-0.614,0.618,-56073,56045,7.59,215.5,89.390,2119.529,1,1,1
27485142,26161,1,-35.00,35.00,-35.87,37.40,-0.617,0.613,-56096,56072,7.60,221.5,90.427,2120.432,1,1,1
27495142,26171,1,-35.00,35.00,-36.10,38.48,-0.617,0.609,-56121,56100,7.59,217.8,86.524,2121.295,1,1,1
27505150,26181,1,-35.00,35.00,-37.13,38.36,-0.613,0.609,-56148,56126,7.60,215.5,84.146,2122.135,1,1,1
27515157,26191,1,-35.00,35.00,-36.98,34.77,-0.612,0.621,-56173,56144,7.60,215.2,87.439,2123.008,1,1,1
27525157,26201,1,-35.00,35.00,-37.31,33.56,-0.611,0.626,-56199,56165,7.59,220.0,89.207,2123.898,1,1,1
27535166,26211,1,-35.00,35.00,-37.98,34.04,-0.609,0.626,-56226,56189,7.59,220.8,85.732,2124.754,1,1,1
27545172,26221,1,-35.00,35.00,-38.01,35.69,-0.608,0.620,-56252,56216,7.59,220.2,82.500,2125.578,1,1,1
27555181,26231,1,-35.00,35.00,-38.48,36.41,-0.607,0.618,-56279,56242,7.59,216.5,87.012,2126.446,1,1,1
27565181,26241,1,-35.00,35.00,-35.72,36.47,-0.616,0.616,-56299,56267,7.60,218.5,92.927,2127.374,1,1,1
27575181,26251,1,-35.00,35.00,-35.11,38.28,-0.619,0.611,-56322,56296,7.59,220.8,95.000,2128.322,1,1,1
27585188,26261,1,-35.00,35.00,-36.00,39.98,-0.616,0.604,-56348,56326,7.60,219.0,89.939,2129.220,1,1,1
27595196,26271,1,-35.00,35.00,-36.19,39.41,-0.616,0.606,-56373,56352,7.60,215.8,86.037,2130.079,1,1,1
27605202,26281,1,-35.00,35.00,-36.32,35.94,-0.614,0.617,-56398,56371,7.60,217.2,89.146,2130.969,1,1,1
27615211,26291,1,-35.00,35.00,-36.41,34.82,-0.613,0.620,-56423,56393,7.61,220.0,91.585,2131.883,1,1,1
27625218,26301,1,-35.00,35.00,-36.91,34.92,-0.612,0.621,-56449,56417,7.59,220.8,88.598,2132.767,1,1,1
27635226,26311,1,-35.00,35.00,-38.14,35.87,-0.608,0.618,-56477,56443,7.60,222.0,87.195,2133.637,1,1,1
27645226,26321,1,-35.00,35.00,-39.01,36.54,-0.606,0.617,-56505,56469,7.59,218.0,94.756,2134.583,1,1,1
27655226,26331,1,-35.00,35.00,-38.29,38.32,-0.608,0.611,-56530,56498,7.59,216.2,105.366,2135.635,1,1,1
27665226,26341,1,-35.00,35.00,-34.71,40.45,-0.620,0.602,-56548,56529,7.60,213.5,108.780,2136.722,1,1,1
27675233,26351,1,-35.00,35.00,-33.53,40.18,-0.625,0.601,-56569,56556,7.61,217.5,101.098,2137.731,1,1,1
27685233,26361,1,-35.00,35.00,-33.58,39.55,-0.626,0.604,-56592,56582,7.59,216.5,87.622,2138.605,1,1,1
27695233,26371,1,-35.00,35.00,-34.05,38.23,-0.625,0.608,-56616,56606,7.59,216.2,79.451,2139.398,1,1,1
27705241,26381,1,-35.00,35.00,-34.38,34.23,-0.623,0.621,-56640,56623,7.60,221.8,81.037,2140.207,1,1,1
27715248,26391,1,-35.00,35.00,-34.61,33.19,-0.622,0.625,-56664,56644,7.60,228.8,81.890,2141.025,1,1,1
27725256,26401,1,-35.00,35.00,-33.46,35.10,-0.627,0.619,-56685,56671,7.59,226.5,77.012,2141.793,1,1,1
27735263,26411,1,-35.00,35.00,-33.97,35.56,-0.626,0.617,-56709,56696,7.59,226.0,81.341,2142.605,1,1,1
27745263,26421,1,-35.00,35.00,-34.32,36.31,-0.626,0.615,-56733,56722,7.58,227.0,89.695,2143.500,1,1,1
27755272,26431,1,-35.00,35.00,-34.57,36.85,-0.625,0.612,-56757,56748,7.60,229.0,94.939,2144.448,1,1,1
27765272,26441,1,-35.00,35.00,-33.87,37.66,-0.628,0.609,-56779,56775,7.59,221.0,98.537,2145.432,1,1,1
27775272,26451,1,-35.00,35.00,-33.82,37.79,-0.629,0.608,-56802,56801,7.60,224.0,97.805,2146.408,1,1,1
27785272,26461,1,-35.00,35.00,-34.22,37.88,-0.629,0.608,-56826,56827,7.59,220.2,94.207,2147.348,1,1,1
27795272,26471,1,-35.00,35.00,-34.50,34.42,-0.626,0.618,-56850,56845,7.60,223.2,90.122,2148.248,1,1,1
27805272,26481,1,-35.00,35.00,-35.58,35.08,-0.623,0.617,-56876,56870,7.59,228.3,85.915,2149.105,1,1,1
27815272,26491,1,-35.00,35.00,-36.33,35.10,-0.621,0.618,-56902,56894,7.58,223.5,84.573,2149.949,1,1,1
27825272,26501,1,-35.00,35.00,-35.98,35.56,-0.621,0.616,-56926,56919,7.59,222.0,90.000,2150.848,1,1,1
27835272,26511,1,-35.00,35.00,-36.61,35.44,-0.619,0.617,-56952,56943,7.59,222.5,98.841,2151.835,1,1,1
27845272,26521,1,-35.00,35.00,-37.05,36.23,-0.617,0.614,-56978,56969,7.59,221.2,109.146,2152.925,1,1,1
27855278,26531,1,-35.00,35.00,-36.92,38.55,-0.618,0.607,-57003,56999,7.59,216.8,113.415,2154.057,1,1,1
27865287,26541,1,-35.00,35.00,-36.39,38.85,-0.619,0.604,-57027,57026,7.60,214.8,108.963,2155.145,1,1,1
27875287,26551,1,-35.00,35.00,-33.82,38.62,-0.628,0.605,-57046,57052,7.59,214.5,96.951,2156.113,1,1,1
27885294,26561,1,-35.00,35.00,-33.78,36.70,-0.629,0.610,-57069,57074,7.59,221.0,84.268,2156.954,1,1,1
27895302,26571,1,-35.00,35.00,-34.20,34.04,-0.628,0.620,-57093,57093,7.58,220.0,74.634,2157.698,1,1,1
27905309,26581,1,-35.00,35.00,-35.80,32.62,-0.621,0.626,-57120,57113,7.59,223.8,71.341,2158.410,1,1,1
27915317,26591,1,-35.00,35.00,-36.93,33.38,-0.617,0.624,-57147,57137,7.59,226.5,72.927,2159.138,1,1,1
27925317,26601,1,-35.00,35.00,-36.40,34.35,-0.617,0.620,-57171,57162,7.60,221.0,78.171,2159.918,1,1,1
27935317,26611,1,-35.00,35.00,-36.90,33.71,-0.615,0.624,-57197,57184,7.59,219.5,91.280,2160.829,1,1,1
27945324,26621,1,-35.00,35.00,-39.02,34.59,-0.608,0.622,-57227,57209,7.59,222.8,103.110,2161.858,1,1,1
27955324,26631,1,-35.00,35.00,-38.30,35.20,-0.610,0.620,-57252,57234,7.60,220.2,105.793,2162.915,1,1,1
27965332,26641,1,-35.00,35.00,-36.04,35.18,-0.618,0.620,-57273,57258,7.59,213.2,99.634,2163.909,1,1,1
27975332,26651,1,-35.00,35.00,-34.01,35.62,-0.624,0.617,-57293,57283,7.60,217.2,85.976,2164.768,1,1,1
27985339,26661,1,-35.00,35.00,-33.48,34.16,-0.627,0.622,-57315,57304,7.59,222.2,76.341,2165.529,1,1,1
27995339,26671,1,-35.00,35.00,-36.62,35.34,-0.616,0.619,-57345,57330,7.59,227.5,74.268,2166.270,1,1,1
28005348,26681,1,-35.00,35.00,-36.62,36.60,-0.617,0.616,-57370,57357,7.58,216.8,83.232,2167.101,1,1,1
28015348,26691,1,-35.00,35.00,-36.18,35.73,-0.618,0.618,-57394,57380,7.59,216.2,94.939,2168.049,1,1,1
28025354,26701,1,-35.00,35.00,-36.31,35.12,-0.616,0.619,-57419,57403,7.60,221.2,105.122,2169.098,1,1,1
28035355,26711,1,-35.00,35.00,-36.84,37.33,-0.615,0.612,-57445,57432,7.59,221.2,110.183,2170.198,1,1,1
28045369,26721,1,-35.00,35.00,-37.66,38.87,-0.613,0.606,-57472,57461,7.59,214.0,107.256,2171.269,1,1,1
28055378,26731,1,-35.00,35.00,-36.03,38.20,-0.618,0.608,-57494,57486,7.60,213.0,102.561,2172.293,1,1,1
28065378,26741,1,-35.00,35.00,-34.89,32.89,-0.621,0.626,-57516,57500,7.59,217.2,90.793,2173.199,1,1,1
28075385,26751,1,-35.00,35.00,-34.53,35.77,-0.623,0.615,-57539,57529,7.60,224.0,79.695,2173.995,1,1,1
28085393,26761,1,-35.00,35.00,-35.60,34.27,-0.619,0.621,-57565,57550,7.59,218.0,75.305,2174.746,1,1,1
28095393,26771,1,-35.00,35.00,-35.90,35.41,-0.618,0.618,-57590,57576,7.59,221.2,76.463,2175.509,1,1,1
28105400,26781,1,-35.00,35.00,-36.12,35.77,-0.617,0.616,-57615,57601,7.60,222.0,86.037,2176.368,1,1,1
28115400,26791,1,-35.00,35.00,-36.71,35.59,-0.615,0.617,-57641,57625,7.59,219.2,99.573,2177.362,1,1,1
28125400,26801,1,-35.00,35.00,-36.68,36.34,-0.616,0.615,-57666,57651,7.59,216.8,107.439,2178.435,1,1,1
28135400,26811,1,-35.00,35.00,-37.10,38.62,-0.615,0.607,-57692,57681,7.59,219.5,106.402,2179.497,1,1,1
28145408,26821,1,-35.00,35.00,-36.08,38.90,-0.618,0.605,-57715,57708,7.60,212.2,103.354,2180.529,1,1,1
28155415,26831,1,-35.00,35.00,-35.36,38.66,-0.621,0.606,-57738,57734,7.59,212.5,96.220,2181.490,1,1,1
28165423,26841,1,-35.00,35.00,-34.86,37.17,-0.622,0.610,-57761,57757,7.60,215.2,84.146,2182.330,1,1,1
28175423,26851,1,-35.00,35.00,-34.95,35.24,-0.621,0.616,-57785,57778,7.60,219.8,78.110,2183.109,1,1,1
28185423,26861,1,-35.00,35.00,-35.89,33.90,-0.619,0.622,-57811,57799,7.59,219.8,77.866,2183.886,1,1,1
28195423,26871,1,-35.00,35.00,-36.55,34.28,-0.616,0.621,-57837,57823,7.60,219.2,80.976,2184.694,1,1,1
28205423,26881,1,-35.00,35.00,-37.01,34.54,-0.615,0.621,-57863,57847,7.59,219.2,87.622,2185.569,1,1,1
28215423,26891,1,-35.00,35.00,-38.65,35.60,-0.609,0.618,-57892,57873,7.59,219.0,97.256,2186.540,1,1,1
28225430,26901,1,-35.00,35.00,-39.80,36.35,-0.606,0.617,-57921,57899,7.58,214.2,106.890,2187.607,1,1,1
28235439,26911,1,-35.00,35.00,-39.29,36.43,-0.607,0.615,-57947,57924,7.59,216.0,113.171,2188.737,1,1,1
28245452,26921,1,-35.00,35.00,-38.93,35.61,-0.608,0.619,-57973,57947,7.59,214.5,106.829,2189.804,1,1,1
28255454,26931,1,-35.00,35.00,-37.36,35.47,-0.612,0.618,-57996,57971,7.60,216.0,89.024,2190.693,1,1,1
28265454,26941,1,-35.00,35.00,-33.62,35.82,-0.624,0.616,-58013,57996,7.60,215.8,79.634,2191.487,1,1,1
28275461,26951,1,-35.00,35.00,-33.64,35.62,-0.625,0.617,-58036,58020,7.59,221.2,78.049,2192.266,1,1,1
28285461,26961,1,-35.00,35.00,-34.97,36.36,-0.622,0.615,-58062,58046,7.59,223.8,85.061,2193.115,1,1,1
28295476,26971,1,-35.00,35.00,-35.91,36.44,-0.618,0.614,-58088,58071,7.60,219.5,97.744,2194.091,1,1,1
28305484,26981,1,-35.00,35.00,-35.68,38.25,-0.620,0.609,-58112,58100,7.59,215.5,102.378,2195.113,1,1,1
28315493,26991,1,-35.00,35.00,-36.40,39.08,-0.617,0.605,-58138,58128,7.60,216.8,99.146,2196.103,1,1,1
28325493,27001,1,-35.00,35.00,-37.35,38.34,-0.613,0.607,-58165,58153,7.61,215.5,98.476,2197.086,1,1,1
28335501,27011,1,-35.00,35.00,-36.69,36.07,-0.617,0.616,-58189,58174,7.58,211.2,97.256,2198.057,1,1,1
28345508,27021,1,-35.00,35.00,-36.23,33.16,-0.617,0.626,-58213,58192,7.59,216.2,88.171,2198.937,1,1,1
28355508,27031,1,-35.00,35.00,-36.35,34.20,-0.616,0.623,-58238,58217,7.59,224.3,78.537,2199.721,1,1,1
28365515,27041,1,-35.00,35.00,-35.99,34.92,-0.617,0.620,-58262,58242,7.59,221.0,80.000,2200.519,1,1,1
28375523,27051,1,-35.00,35.00,-36.18,35.43,-0.617,0.619,-58287,58267,7.59,220.8,93.476,2201.452,1,1,1
28385530,27061,1,-35.00,35.00,-35.87,36.23,-0.618,0.616,-58311,58293,7.59,223.2,108.049,2202.531,1,1,1
28395539,27071,1,-35.00,35.00,-35.66,38.54,-0.619,0.607,-58335,58323,7.60,217.5,111.890,2203.648,1,1,1
28405539,27081,1,-35.00,35.00,-35.07,40.60,-0.623,0.601,-58358,58354,7.58,216.5,107.866,2204.725,1,1,1
28415539,27091,1,-35.00,35.00,-24.55,41.17,-0.661,0.594,-58358,58383,7.59,213.5,107.866,2205.802,1,1,1
28425539,27101,1,-35.00,35.00,-17.18,39.36,-0.691,0.596,-58358,58407,7.59,235.0,103.293,2206.833,1,1,1
28435539,27111,1,-35.00,35.00,-12.03,35.46,-0.716,0.606,-58358,58425,7.57,255.0,98.415,2207.816,1,1,1
28445539,27121,1,-35.00,35.00,-8.42,33.17,-0.730,0.611,-58358,58444,7.57,280.0,86.585,2208.680,1,1,1
28455545,27131,1,-35.00,35.00,-6.33,34.21,-0.740,0.605,-58359,58469,7.57,288.5,75.671,2209.435,1,1,1
28465545,27141,1,-35.00,35.00,-4.43,35.37,-0.750,0.598,-58359,58495,7.56,299.0,73.049,2210.164,1,1,1
28475554,27151,1,-35.00,35.00,-3.10,36.19,-0.758,0.591,-58359,58521,7.56,305.2,84.512,2211.007,1,1,1
28485561,27161,1,-35.00,35.00,-7.89,37.63,-0.747,0.585,-58372,58549,7.55,306.5,99.451,2212.000,1,1,1
28495569,27171,1,-35.00,35.00,-17.82,38.65,-0.715,0.581,-58400,58577,7.57,289.5,106.098,2213.060,1,1,1
28505569,27181,1,-35.00,35.00,-24.78,38.92,-0.693,0.578,-58428,58604,7.59,259.5,105.000,2214.108,1,1,1
28515576,27191,1,-35.00,35.00,-30.09,36.91,-0.676,0.586,-58457,58626,7.59,241.2,105.183,2215.158,1,1,1
28525584,27201,1,-35.00,35.00,-34.69,35.07,-0.660,0.592,-58488,58647,7.60,232.2,102.927,2216.186,1,1,1
28535591,27211,1,-35.00,35.00,-37.03,35.09,-0.652,0.593,-58517,58671,7.59,226.8,94.329,2217.127,1,1,1
28545599,27221,1,-35.00,35.00,-37.78,35.55,-0.649,0.592,-58544,58696,7.59,221.5,89.085,2218.017,1,1,1
28555599,27231,1,-35.00,35.00,-40.51,35.43,-0.638,0.593,-58576,58720,7.59,220.5,91.768,2218.933,1,1,1
28565599,27241,1,-35.00,35.00,-40.66,36.67,-0.635,0.589,-58604,58747,7.60,217.2,101.585,2219.947,1,1,1
28575606,27251,1,-35.00,35.00,-41.21,37.97,-0.633,0.587,-58633,58775,7.59,214.2,112.073,2221.066,1,1,1
28585606,27261,1,-35.00,35.00,-42.03,39.32,-0.628,0.582,-58663,58804,7.60,211.8,113.049,2222.195,1,1,1
28595614,27271,1,-35.00,35.00,-41.72,38.51,-0.626,0.584,-58691,58829,7.61,206.2,108.415,2223.277,1,1,1
28605621,27281,1,-35.00,35.00,-41.51,37.51,-0.624,0.588,-58719,58853,7.61,206.2,105.305,2224.329,1,1,1
28615621,27291,1,-35.00,35.00,-41.36,35.92,-0.623,0.594,-58747,58875,7.60,207.5,95.305,2225.280,1,1,1
28625630,27301,1,-35.00,35.00,-42.58,33.50,-0.617,0.604,-58778,58894,7.60,210.7,87.378,2226.152,1,1,1
28635630,27311,1,-35.00,35.00,-42.11,33.11,-0.618,0.606,-58806,58916,7.60,211.2,85.732,2227.008,1,1,1
28645630,27321,1,-35.00,35.00,-41.78,34.17,-0.618,0.603,-58834,58941,7.60,213.5,86.341,2227.870,1,1,1
28655636,27331,1,-35.00,35.00,-42.87,34.46,-0.614,0.603,-58865,58965,7.60,211.5,92.683,2228.795,1,1,1
28665636,27341,1,-35.00,35.00,-42.31,34.67,-0.616,0.604,-58893,58989,7.59,211.5,101.585,2229.809,1,1,1
28675636,27351,1,-35.00,35.00,-44.12,35.70,-0.608,0.601,-58926,59015,7.60,211.8,110.854,2230.916,1,1,1
28685645,27361,1,-35.00,35.00,-43.63,38.61,-0.611,0.592,-58955,59046,7.59,208.0,116.402,2232.079,1,1,1
28695645,27371,1,-35.00,35.00,-41.09,38.45,-0.618,0.591,-58979,59072,7.60,202.5,111.707,2233.194,1,1,1
28705652,27381,1,-35.00,35.00,-39.75,37.02,-0.622,0.597,-59004,59095,7.59,207.5,100.244,2234.195,1,1,1
28715652,27391,1,-35.00,35.00,-39.69,33.83,-0.621,0.608,-59031,59113,7.59,210.5,88.354,2235.077,1,1,1
28725652,27401,1,-35.00,35.00,-40.09,32.03,-0.619,0.616,-59059,59132,7.59,214.2,81.768,2235.893,1,1,1
28735660,27411,1,-35.00,35.00,-40.80,32.09,-0.615,0.617,-59088,59154,7.59,217.8,83.354,2236.725,1,1,1
28745673,27421,1,-35.00,35.00,-40.87,33.89,-0.616,0.613,-59116,59180,7.58,217.8,89.573,2237.619,1,1,1
28755682,27431,1,-35.00,35.00,-41.79,34.27,-0.611,0.612,-59146,59204,7.59,215.8,101.280,2238.630,1,1,1
28765682,27441,1,-35.00,35.00,-41.56,34.97,-0.611,0.610,-59174,59229,7.60,210.7,112.073,2239.749,1,1,1
28775682,27451,1,-35.00,35.00,-40.52,36.35,-0.614,0.605,-59200,59256,7.60,210.5,114.756,2240.895,1,1,1
28785682,27461,1,-35.00,35.00,-39.35,38.19,-0.619,0.599,-59225,59285,7.59,211.5,105.488,2241.948,1,1,1
28795682,27471,1,-35.00,35.00,-38.97,37.28,-0.620,0.601,-59251,59309,7.60,212.0,96.585,2242.912,1,1,1
28805682,27481,1,-35.00,35.00,-39.58,35.32,-0.618,0.609,-59279,59330,7.58,212.2,93.476,2243.845,1,1,1
28815690,27491,1,-35.00,35.00,-40.01,32.20,-0.613,0.619,-59307,59347,7.60,214.5,92.256,2244.766,1,1,1
28825697,27501,1,-35.00,35.00,-39.87,32.21,-0.613,0.621,-59334,59369,7.59,217.5,88.659,2245.651,1,1,1
28835697,27511,1,-35.00,35.00,-40.66,33.09,-0.611,0.621,-59363,59393,7.58,216.0,85.305,2246.503,1,1,1
28845706,27521,1,-35.00,35.00,-40.76,34.15,-0.610,0.618,-59391,59418,7.59,219.2,91.951,2247.421,1,1,1
28855712,27531,1,-35.00,35.00,-39.52,35.33,-0.613,0.613,-59416,59444,7.59,216.2,101.585,2248.435,1,1,1
28865712,27541,1,-35.00,35.00,-38.21,36.16,-0.617,0.610,-59440,59470,7.60,215.8,103.232,2249.466,1,1,1
28875712,27551,1,-35.00,35.00,-38.17,38.05,-0.619,0.604,-59466,59499,7.59,212.5,97.683,2250.441,1,1,1
28885712,27561,1,-35.00,35.00,-38.59,38.50,-0.617,0.601,-59493,59526,7.60,215.0,93.171,2251.371,1,1,1
28895712,27571,1,-35.00,35.00,-38.88,37.50,-0.615,0.603,-59520,59550,7.61,214.8,95.915,2252.328,1,1,1
28905712,27581,1,-35.00,35.00,-38.64,36.36,-0.616,0.608,-59546,59573,7.60,213.8,98.780,2253.314,1,1,1
28915712,27591,1,-35.00,35.00,-39.35,33.36,-0.612,0.619,-59574,59591,7.59,212.5,96.402,2254.277,1,1,1
28925712,27601,1,-35.00,35.00,-41.17,31.70,-0.605,0.626,-59605,59610,7.60,217.2,89.085,2255.166,1,1,1
28935712,27611,1,-35.00,35.00,-41.12,33.18,-0.605,0.623,-59633,59635,7.59,218.2,81.646,2255.981,1,1,1
28945712,27621,1,-35.00,35.00,-40.21,33.77,-0.608,0.623,-59659,59659,7.59,217.2,82.317,2256.802,1,1,1
28955712,27631,1,-35.00,35.00,-37.38,34.63,-0.617,0.619,-59680,59684,7.59,218.5,88.415,2257.685,1,1,1
28965721,27641,1,-35.00,35.00,-35.39,35.66,-0.622,0.614,-59701,59710,7.60,221.2,88.293,2258.566,1,1,1
28975721,27651,1,-35.00,35.00,-36.20,36.39,-0.621,0.613,-59727,59736,7.59,218.0,84.390,2259.409,1,1,1
28985721,27661,1,-35.00,35.00,-37.65,37.34,-0.616,0.609,-59755,59763,7.59,219.5,86.098,2260.268,1,1,1
28995727,27671,1,-35.00,35.00,-37.34,35.37,-0.616,0.615,-59780,59784,7.59,214.8,91.098,2261.177,1,1,1
29005727,27681,1,-35.00,35.00,-38.44,34.42,-0.612,0.619,-59808,59806,7.59,219.2,92.561,2262.102,1,1,1
29015727,27691,1,-35.00,35.00,-38.77,34.20,-0.611,0.621,-59835,59829,7.59,217.5,90.061,2263.000,1,1,1
29025727,27701,1,-35.00,35.00,-40.76,34.49,-0.604,0.621,-59866,59853,7.59,218.2,89.390,2263.893,1,1,1
29035727,27711,1,-35.00,35.00,-41.28,35.57,-0.601,0.618,-59895,59879,7.60,216.5,91.890,2264.810,1,1,1
29045736,27721,1,-35.00,35.00,-38.12,36.32,-0.611,0.614,-59916,59905,7.60,216.0,95.000,2265.759,1,1,1
29055736,27731,1,-35.00,35.00,-35.92,37.73,-0.619,0.609,-59937,59933,7.60,215.8,91.768,2266.675,1,1,1
29065736,27741,1,-35.00,35.00,-35.69,38.72,-0.621,0.605,-59961,59961,7.60,215.2,84.756,2267.521,1,1,1
29075743,27751,1,-35.00,35.00,-36.85,38.53,-0.617,0.606,-59988,59987,7.60,218.5,87.805,2268.397,1,1,1
29085743,27761,1,-35.00,35.00,-36.78,36.64,-0.617,0.612,-60013,60009,7.60,217.2,91.707,2269.312,1,1,1
29095743,27771,1,-35.00,35.00,-37.17,33.56,-0.614,0.622,-60039,60027,7.60,214.0,88.293,2270.194,1,1,1
29105743,27781,1,-35.00,35.00,-38.76,33.16,-0.608,0.625,-60068,60049,7.60,222.8,85.427,2271.046,1,1,1
29115743,27791,1,-35.00,35.00,-39.00,33.76,-0.608,0.625,-60095,60073,7.59,220.5,82.622,2271.871,1,1,1
29125751,27801,1,-35.00,35.00,-39.17,35.06,-0.608,0.622,-60122,60099,7.58,218.5,87.927,2272.749,1,1,1
29135751,27811,1,-35.00,35.00,-38.84,36.40,-0.608,0.616,-60148,60126,7.59,216.8,96.585,2273.713,1,1,1
29145751,27821,1,-35.00,35.00,-36.42,38.67,-0.617,0.608,-60169,60156,7.59,216.5,98.537,2274.696,1,1,1
29155751,27831,1,-35.00,35.00,-36.04,38.93,-0.618,0.605,-60193,60183,7.60,218.0,91.829,2275.613,1,1,1
29165758,27841,1,-35.00,35.00,-35.77,38.68,-0.620,0.607,-60217,60209,7.59,214.2,86.463,2276.476,1,1,1
29175758,27851,1,-35.00,35.00,-37.35,36.74,-0.613,0.613,-60245,60231,7.60,216.8,86.402,2277.338,1,1,1
29185766,27861,1,-35.00,35.00,-37.13,34.07,-0.613,0.622,-60270,60250,7.60,216.8,84.512,2278.182,1,1,1
29195773,27871,1,-35.00,35.00,-36.98,32.20,-0.613,0.629,-60295,60269,7.59,220.2,80.854,2278.989,1,1,1
29205773,27881,1,-35.00,35.00,-37.31,33.96,-0.612,0.624,-60321,60295,7.59,222.0,80.427,2279.792,1,1,1
29215773,27891,1,-35.00,35.00,-37.10,35.64,-0.613,0.619,-60346,60322,7.60,220.2,87.134,2280.661,1,1,1
29225781,27901,1,-35.00,35.00,-37.84,36.37,-0.611,0.616,-60373,60348,7.59,218.0,95.671,2281.616,1,1,1
29235781,27911,1,-35.00,35.00,-36.15,37.33,-0.616,0.612,-60395,60375,7.60,215.2,97.195,2282.586,1,1,1
29245793,27921,1,-35.00,35.00,-35.42,39.75,-0.621,0.604,-60418,60406,7.59,217.2,90.305,2283.488,1,1,1
29255797,27931,1,-35.00,35.00,-36.22,40.57,-0.618,0.601,-60444,60435,7.60,218.5,87.134,2284.357,1,1,1
29265803,27941,1,-35.00,35.00,-35.90,38.07,-0.619,0.609,-60468,60457,7.59,214.0,88.780,2285.244,1,1,1
29275803,27951,1,-35.00,35.00,-36.55,34.56,-0.615,0.620,-60494,60475,7.60,216.8,88.354,2286.125,1,1,1
29285812,27961,1,-35.00,35.00,-36.14,33.86,-0.616,0.623,-60518,60497,7.59,219.0,84.817,2286.972,1,1,1
29295818,27971,1,-35.00,35.00,-36.72,34.25,-0.615,0.623,-60544,60521,7.59,223.0,85.366,2287.824,1,1,1
29305827,27981,1,-35.00,35.00,-37.13,35.84,-0.614,0.618,-60570,60548,7.59,223.0,94.939,2288.772,1,1,1
29315827,27991,1,-35.00,35.00,-38.30,36.95,-0.609,0.614,-60598,60575,7.59,219.2,105.671,2289.827,1,1,1
29325834,28001,1,-35.00,35.00,-37.35,39.49,-0.613,0.605,-60622,60606,7.60,215.2,108.659,2290.912,1,1,1
29335840,28011,1,-35.00,35.00,-33.62,40.83,-0.627,0.600,-60639,60636,7.59,213.0,101.402,2291.924,1,1,1
29345842,28021,1,-35.00,35.00,-34.52,40.00,-0.624,0.601,-60664,60662,7.60,218.0,101.402,2292.937,1,1,1
29355849,28031,1,-35.00,35.00,-34.27,38.99,-0.625,0.603,-60687,60687,7.61,218.5,87.683,2293.812,1,1,1
29365849,28041,1,-35.00,35.00,-34.54,36.08,-0.624,0.613,-60711,60707,7.60,218.2,75.793,2294.568,1,1,1
29375857,28051,1,-35.00,35.00,-34.72,32.73,-0.624,0.626,-60735,60724,7.59,223.8,74.390,2295.311,1,1,1
29385857,28061,1,-35.00,35.00,-34.41,33.46,-0.625,0.624,-60758,60748,7.58,225.3,75.732,2296.066,1,1,1
29395864,28071,1,-35.00,35.00,-34.64,35.28,-0.624,0.617,-60782,60775,7.59,227.8,74.695,2296.812,1,1,1
29405864,28081,1,-35.00,35.00,-33.91,36.13,-0.628,0.614,-60804,60801,7.59,230.8,82.561,2297.635,1,1,1
29415872,28091,1,-35.00,35.00,-33.41,36.27,-0.629,0.613,-60826,60826,7.60,226.0,91.585,2298.550,1,1,1
29425879,28101,1,-35.00,35.00,-33.93,37.70,-0.628,0.607,-60850,60854,7.60,225.0,96.402,2299.512,1,1,1
29435888,28111,1,-35.00,35.00,-33.42,38.25,-0.632,0.605,-60872,60881,7.59,224.0,98.171,2300.492,1,1,1
29445888,28121,1,-35.00,35.00,-33.94,37.76,-0.630,0.607,-60896,60906,7.59,226.3,95.976,2301.450,1,1,1
29455888,28131,1,-35.00,35.00,-33.87,36.54,-0.631,0.611,-60919,60929,7.59,226.3,94.329,2302.392,1,1,1
29465888,28141,1,-35.00,35.00,-34.69,33.93,-0.628,0.620,-60944,60948,7.59,225.8,90.183,2303.292,1,1,1
29475888,28151,1,-35.00,35.00,-35.27,34.30,-0.626,0.618,-60969,60972,7.59,226.5,85.000,2304.140,1,1,1
29485894,28161,1,-35.00,35.00,-34.80,35.43,-0.628,0.615,-60992,60998,7.59,226.8,82.805,2304.967,1,1,1
29495903,28171,1,-35.00,35.00,-34.90,35.35,-0.628,0.615,-61016,61022,7.59,224.8,88.841,2305.854,1,1,1
29505910,28181,1,-35.00,35.00,-34.98,35.29,-0.626,0.614,-61040,61046,7.60,226.8,97.744,2306.829,1,1,1
29515918,28191,1,-35.00,35.00,-36.79,36.57,-0.621,0.611,-61068,61073,7.59,223.2,106.829,2307.896,1,1,1
29525918,28201,1,-35.00,35.00,-37.62,38.78,-0.618,0.604,-61095,61103,7.59,217.8,109.695,2308.991,1,1,1
29535925,28211,1,-35.00,35.00,-36.44,38.57,-0.622,0.604,-61118,61129,7.59,214.5,107.866,2310.068,1,1,1
29545925,28221,1,-35.00,35.00,-35.18,37.99,-0.626,0.605,-61140,61154,7.60,217.8,103.354,2311.100,1,1,1
29555925,28231,1,-35.00,35.00,-33.85,36.26,-0.630,0.610,-61161,61176,7.60,215.2,89.939,2311.998,1,1,1
29565933,28241,1,-35.00,35.00,-34.24,33.29,-0.628,0.620,-61185,61194,7.60,223.0,78.720,2312.783,1,1,1
29575940,28251,1,-35.00,35.00,-35.40,32.97,-0.625,0.623,-61211,61216,7.59,228.0,71.646,2313.498,1,1,1
29585948,28261,1,-35.00,35.00,-36.20,33.63,-0.622,0.622,-61237,61240,7.59,223.0,71.037,2314.207,1,1,1
29595955,28271,1,-35.00,35.00,-35.45,34.09,-0.624,0.620,-61260,61264,7.59,222.5,78.293,2314.988,1,1,1
29605955,28281,1,-35.00,35.00,-36.24,33.97,-0.620,0.621,-61286,61287,7.60,225.5,91.280,2315.899,1,1,1
29615955,28291,1,-35.00,35.00,-38.55,34.76,-0.612,0.619,-61316,61312,7.60,222.5,101.341,2316.911,1,1,1
29625955,28301,1,-35.00,35.00,-38.41,34.88,-0.612,0.620,-61342,61336,7.59,217.2,103.720,2317.947,1,1,1
29635955,28311,1,-35.00,35.00,-37.00,35.40,-0.616,0.617,-61365,61361,7.60,216.8,99.878,2318.944,1,1,1
29645955,28321,1,-35.00,35.00,-34.25,34.01,-0.625,0.622,-61384,61382,7.59,216.5,88.902,2319.831,1,1,1
29655955,28331,1,-35.00,35.00,-34.52,35.23,-0.624,0.617,-61408,61408,7.61,227.8,76.402,2320.594,1,1,1
29665963,28341,1,-35.00,35.00,-36.03,35.65,-0.620,0.616,-61435,61433,7.59,220.8,72.683,2321.319,1,1,1
29675963,28351,1,-35.00,35.00,-36.21,36.82,-0.619,0.612,-61460,61460,7.59,219.0,81.585,2322.133,1,1,1
29685970,28361,1,-35.00,35.00,-35.45,35.44,-0.622,0.617,-61483,61482,7.59,221.0,93.049,2323.062,1,1,1
29695979,28371,1,-35.00,35.00,-35.36,35.36,-0.622,0.616,-61507,61506,7.59,221.5,102.683,2324.087,1,1,1
29705979,28381,1,-35.00,35.00,-36.18,37.93,-0.620,0.608,-61533,61536,7.59,219.8,107.073,2325.156,1,1,1
29715990,28391,1,-35.00,35.00,-37.63,38.86,-0.616,0.605,-61561,61564,7.59,218.2,104.329,2326.198,1,1,1
29725990,28401,1,-35.00,35.00,-36.45,38.19,-0.619,0.605,-61584,61589,7.60,215.2,102.134,2327.218,1,1,1
29735990,28411,1,-35.00,35.00,-34.74,35.52,-0.624,0.614,-61605,61609,7.59,214.5,94.695,2328.163,1,1,1
29745990,28421,1,-35.00,35.00,-34.43,33.65,-0.626,0.622,-61628,61629,7.58,223.2,81.890,2328.980,1,1,1
29755998,28431,1,-35.00,35.00,-35.52,34.10,-0.622,0.620,-61654,61653,7.59,226.0,74.634,2329.725,1,1,1
29766005,28442,1,-35.00,35.00,-35.85,34.86,-0.621,0.618,-61679,61678,7.59,222.5,75.183,2330.475,1,1,1
29776005,28452,1,-35.00,35.00,-36.08,35.39,-0.620,0.616,-61704,61703,7.59,220.2,85.488,2331.329,1,1,1
29786006,28462,1,-35.00,35.00,-35.81,35.32,-0.621,0.616,-61728,61727,7.59,221.5,98.354,2332.311,1,1,1
29796020,28472,1,-35.00,35.00,-35.61,37.03,-0.622,0.610,-61752,61755,7.59,221.0,105.183,2333.361,1,1,1
29806020,28482,1,-35.00,35.00,-36.35,38.66,-0.620,0.605,-61778,61784,7.59,218.5,103.780,2334.397,1,1,1
29816021,28492,1,-35.00,35.00,-36.43,39.37,-0.620,0.602,-61803,61812,7.59,212.8,102.378,2335.419,1,1,1
29826036,28502,1,-35.00,35.00,-35.61,38.54,-0.623,0.604,-61826,61837,7.59,215.2,100.793,2336.426,1,1,1
29836044,28512,1,-35.00,35.00,-34.60,37.09,-0.627,0.609,-61848,61860,7.59,214.5,90.183,2337.326,1,1,1
29846051,28522,1,-35.00,35.00,-35.20,35.63,-0.624,0.613,-61873,61882,7.59,219.5,80.488,2338.129,1,1,1
29856051,28532,1,-35.00,35.00,-35.63,34.17,-0.622,0.618,-61898,61903,7.59,219.2,75.732,2338.885,1,1,1
29866059,28542,1,-35.00,35.00,-35.49,33.59,-0.622,0.620,-61922,61925,7.60,221.8,75.915,2339.642,1,1,1
29876066,28552,1,-35.00,35.00,-35.83,34.06,-0.621,0.620,-61947,61949,7.59,224.5,81.585,2340.456,1,1,1
29886075,28562,1,-35.00,35.00,-36.50,34.83,-0.618,0.617,-61973,61974,7.60,224.5,90.488,2341.360,1,1,1
29896081,28572,1,-35.00,35.00,-38.74,35.80,-0.611,0.615,-62003,62000,7.59,218.5,101.280,2342.371,1,1,1
29906081,28582,1,-35.00,35.00,-39.42,36.05,-0.609,0.615,-62031,62025,7.59,215.2,110.549,2343.475,1,1,1
29916081,28592,1,-35.00,35.00,-38.14,35.78,-0.613,0.615,-62055,62049,7.59,215.5,111.829,2344.591,1,1,1
29926081,28602,1,-35.00,35.00,-36.81,35.59,-0.617,0.615,-62078,62073,7.59,214.0,98.293,2345.573,1,1,1
29936090,28612,1,-35.00,35.00,-33.67,35.46,-0.627,0.615,-62096,62097,7.59,215.2,81.341,2346.384,1,1,1
29946096,28622,1,-35.00,35.00,-33.24,35.37,-0.629,0.614,-62118,62121,7.60,225.5,76.037,2347.143,1,1,1
29956096,28632,1,-35.00,35.00,-34.69,36.19,-0.625,0.612,-62144,62147,7.59,222.8,80.488,2347.946,1,1,1
29966105,28642,1,-35.00,35.00,-35.71,36.32,-0.622,0.612,-62170,62172,7.59,222.8,90.854,2348.853,1,1,1
29976111,28652,1,-35.00,35.00,-35.11,37.73,-0.624,0.607,-62193,62200,7.60,223.5,95.427,2349.806,1,1,1
29986112,28662,1,-35.00,35.00,-35.56,38.71,-0.623,0.603,-62218,62228,7.60,217.5,92.805,2350.732,1,1,1
29996120,28672,1,-35.00,35.00,-36.76,38.09,-0.619,0.606,-62245,62253,7.59,214.5,91.829,2351.649,1,1,1
30006127,28682,1,-35.00,35.00,-36.72,35.89,-0.618,0.612,-62270,62274,7.60,217.2,93.354,2352.581,1,1,1
30016127,28692,1,-35.00,35.00,-36.69,33.47,-0.617,0.621,-62295,62293,7.60,216.8,91.646,2353.496,1,1,1
30026127,28702,1,-35.00,35.00,-35.79,33.98,-0.620,0.620,-62318,62317,7.60,221.5,81.707,2354.311,1,1,1
30036127,28712,1,-35.00,35.00,-35.60,34.77,-0.621,0.617,-62342,62342,7.60,219.5,81.098,2355.121,1,1,1
30046127,28722,1,-35.00,35.00,-35.47,34.89,-0.621,0.617,-62366,62366,7.59,221.0,92.012,2356.039,1,1,1
30056135,28732,1,-35.00,35.00,-35.37,35.85,-0.622,0.614,-62390,62392,7.60,222.5,105.061,2357.088,1,1,1
30066135,28742,1,-35.00,35.00,-35.75,37.84,-0.622,0.607,-62415,62421,7.59,220.8,111.707,2358.204,1,1,1
30076135,28752,1,-35.00,35.00,-34.69,40.55,-0.626,0.597,-62437,62453,7.59,216.8,109.329,2359.295,1,1,1
30086142,28762,1,-35.00,35.00,-31.75,40.69,-0.637,0.595,-62454,62481,7.60,213.8,105.671,2360.350,1,1,1
30096142,28772,1,-35.00,35.00,-22.23,39.03,-0.673,0.596,-62454,62505,7.59,220.5,100.427,2361.353,1,1,1
30106142,28782,1,-35.00,35.00,-15.56,35.67,-0.701,0.604,-62454,62524,7.59,243.5,93.598,2362.287,1,1,1
30116151,28792,1,-35.00,35.00,-10.89,32.88,-0.722,0.611,-62454,62542,7.58,268.2,81.341,2363.099,1,1,1
30126157,28802,1,-35.00,35.00,-7.62,33.56,-0.736,0.606,-62454,62566,7.57,291.8,71.220,2363.810,1,1,1
30136157,28812,1,-35.00,35.00,-5.78,34.48,-0.746,0.601,-62455,62591,7.56,300.0,77.012,2364.578,1,1,1
30146157,28822,1,-35.00,35.00,-4.04,35.56,-0.756,0.595,-62455,62617,7.55,305.8,96.037,2365.537,1,1,1
30156157,28832,1,-35.00,35.00,-2.83,38.52,-0.763,0.579,-62455,62648,7.56,308.0,111.220,2366.647,1,1,1
30166157,28842,1,-35.00,35.00,-10.33,41.02,-0.742,0.569,-62474,62680,7.57,314.5,111.524,2367.761,1,1,1
30176166,28852,1,-35.00,35.00,-19.98,40.58,-0.714,0.572,-62503,62707,7.56,281.2,108.598,2368.845,1,1,1
30186172,28862,1,-35.00,35.00,-26.73,38.08,-0.691,0.579,-62532,62729,7.58,258.5,104.939,2369.893,1,1,1
30196181,28872,1,-35.00,35.00,-32.33,33.68,-0.672,0.594,-62563,62745,7.58,240.2,95.732,2370.849,1,1,1
30206187,28882,1,-35.00,35.00,-34.94,32.37,-0.662,0.599,-62591,62765,7.59,236.0,86.585,2371.713,1,1,1
30216187,28892,1,-35.00,35.00,-36.76,32.76,-0.655,0.600,-62619,62788,7.59,228.0,85.854,2372.570,1,1,1
30226188,28902,1,-35.00,35.00,-39.36,34.36,-0.646,0.596,-62650,62814,7.59,226.0,97.622,2373.544,1,1,1
30236188,28912,1,-35.00,35.00,-40.73,35.92,-0.639,0.591,-62680,62841,7.59,219.8,114.329,2374.686,1,1,1
30246193,28922,1,-35.00,35.00,-40.82,39.21,-0.638,0.579,-62708,62873,7.59,216.8,120.488,2375.889,1,1,1
30256202,28932,1,-35.00,35.00,-41.32,39.31,-0.635,0.579,-62737,62900,7.60,210.0,113.780,2377.025,1,1,1
30266202,28942,1,-35.00,35.00,-42.11,38.06,-0.630,0.583,-62767,62924,7.60,209.2,106.524,2378.089,1,1,1
30276202,28952,1,-35.00,35.00,-41.78,36.75,-0.629,0.588,-62795,62947,7.59,208.5,98.354,2379.071,1,1,1
30286203,28962,1,-35.00,35.00,-42.43,34.52,-0.622,0.596,-62825,62967,7.61,207.5,98.354,2380.053,1,1,1
30296203,28972,1,-35.00,35.00,-41.57,30.75,-0.624,0.612,-62852,62982,7.58,210.2,84.329,2380.895,1,1,1
30306211,28982,1,-35.00,35.00,-41.84,32.07,-0.621,0.608,-62881,63006,7.60,218.2,77.256,2381.666,1,1,1
30316211,28992,1,-35.00,35.00,-42.03,33.00,-0.619,0.606,-62910,63030,7.60,213.0,76.829,2382.432,1,1,1
30326218,29002,1,-35.00,35.00,-42.17,33.65,-0.618,0.605,-62939,63054,7.60,217.0,86.159,2383.292,1,1,1
30336226,29012,1,-35.00,35.00,-42.26,34.10,-0.618,0.605,-62968,63078,7.59,215.5,101.159,2384.302,1,1,1
30346233,29022,1,-35.00,35.00,-42.77,34.86,-0.616,0.604,-62998,63103,7.59,213.5,111.280,2385.413,1,1,1
30356233,29032,1,-35.00,35.00,-45.76,37.58,-0.605,0.595,-63034,63133,7.60,209.5,116.646,2386.578,1,1,1
30366233,29042,1,-35.00,35.00,-42.14,38.17,-0.617,0.592,-63057,63160,7.60,203.0,115.061,2387.727,1,1,1
30376233,29052,1,-35.00,35.00,-40.92,36.83,-0.619,0.596,-63083,63183,7.60,207.5,109.085,2388.816,1,1,1
30386233,29062,1,-35.00,35.00,-40.51,33.69,-0.620,0.608,-63110,63201,7.60,209.7,96.402,2389.778,1,1,1
30396233,29072,1,-35.00,35.00,-40.22,31.05,-0.619,0.618,-63137,63218,7.59,212.8,81.707,2390.594,1,1,1
30406233,29082,1,-35.00,35.00,-40.46,31.41,-0.618,0.619,-63165,63240,7.60,218.2,76.280,2391.355,1,1,1
30416241,29092,1,-35.00,35.00,-40.63,32.97,-0.617,0.616,-63193,63265,7.59,219.0,80.549,2392.159,1,1,1
30426248,29102,1,-35.00,35.00,-40.74,33.63,-0.616,0.615,-63221,63289,7.59,217.8,92.195,2393.079,1,1,1
30436257,29112,1,-35.00,35.00,-42.14,33.65,-0.610,0.616,-63252,63312,7.59,217.8,103.963,2394.117,1,1,1
30446272,29122,1,-35.00,35.00,-40.49,35.42,-0.616,0.610,-63277,63339,7.60,216.5,112.073,2395.237,1,1,1
30456272,29132,1,-35.00,35.00,-39.33,37.10,-0.620,0.604,-63302,63367,7.59,213.0,112.195,2396.357,1,1,1
30466272,29142,1,-35.00,35.00,-38.95,37.39,-0.620,0.602,-63328,63393,7.61,213.8,102.683,2397.382,1,1,1
30476272,29152,1,-35.00,35.00,-39.13,35.40,-0.619,0.609,-63355,63414,7.60,213.8,95.122,2398.332,1,1,1
30486272,29162,1,-35.00,35.00,-41.02,32.69,-0.611,0.620,-63386,63432,7.60,216.0,92.988,2399.260,1,1,1
30496272,29172,1,-35.00,35.00,-40.58,31.67,-0.612,0.625,-63413,63452,7.60,217.8,91.159,2400.170,1,1,1
30506278,29182,1,-35.00,35.00,-40.27,32.28,-0.612,0.624,-63440,63475,7.59,219.8,87.195,2401.040,1,1,1
30516279,29192,1,-35.00,35.00,-40.93,34.02,-0.610,0.620,-63469,63501,7.60,219.2,86.707,2401.906,1,1,1
30526293,29202,1,-35.00,35.00,-40.52,34.36,-0.611,0.620,-63496,63525,7.59,218.2,95.244,2402.856,1,1,1
30536302,29212,1,-35.00,35.00,-39.35,35.48,-0.615,0.616,-63521,63551,7.59,218.2,101.463,2403.869,1,1,1
30546309,29222,1,-35.00,35.00,-38.09,36.26,-0.619,0.613,-63545,63577,7.59,214.5,100.549,2404.873,1,1,1
30556317,29232,1,-35.00,35.00,-38.09,38.13,-0.619,0.606,-63571,63606,7.60,218.5,94.268,2405.814,1,1,1
30566317,29242,1,-35.00,35.00,-38.97,37.68,-0.616,0.607,-63599,63631,7.59,213.5,90.061,2406.713,1,1,1
30576317,29252,1,-35.00,35.00,-39.58,36.92,-0.614,0.610,-63627,63655,7.59,212.2,91.951,2407.631,1,1,1
30586324,29262,1,-35.00,35.00,-39.13,35.07,-0.614,0.616,-63653,63676,7.60,214.5,94.268,2408.572,1,1,1
30596332,29272,1,-35.00,35.00,-40.14,32.02,-0.609,0.627,-63682,63693,7.60,214.8,93.537,2409.506,1,1,1
30606339,29282,1,-35.00,35.00,-40.40,32.52,-0.608,0.628,-63710,63716,7.59,219.2,88.232,2410.387,1,1,1
30616339,29292,1,-35.00,35.00,-41.02,33.75,-0.605,0.625,-63739,63741,7.59,217.5,82.622,2411.211,1,1,1
30626339,29302,1,-35.00,35.00,-39.70,34.61,-0.609,0.622,-63764,63766,7.60,220.2,84.329,2412.053,1,1,1
30636339,29312,1,-35.00,35.00,-36.58,34.78,-0.619,0.621,-63784,63790,7.59,216.5,89.329,2412.944,1,1,1
30646348,29322,1,-35.00,35.00,-36.15,36.21,-0.621,0.616,-63808,63817,7.59,222.2,87.561,2413.818,1,1,1
30656348,29332,1,-35.00,35.00,-37.17,37.21,-0.618,0.613,-63835,63844,7.59,217.5,83.659,2414.653,1,1,1
30666354,29342,1,-35.00,35.00,-37.89,36.16,-0.615,0.616,-63862,63867,7.59,219.5,86.402,2415.516,1,1,1
30676354,29352,1,-35.00,35.00,-37.95,34.98,-0.614,0.620,-63888,63889,7.60,215.8,91.402,2416.428,1,1,1
30686354,29362,1,-35.00,35.00,-38.87,34.59,-0.612,0.623,-63916,63912,7.58,219.8,90.488,2417.331,1,1,1
30696363,29372,1,-35.00,35.00,-39.07,34.76,-0.609,0.622,-63943,63936,7.60,220.5,88.415,2418.214,1,1,1
30706363,29382,1,-35.00,35.00,-40.53,35.32,-0.604,0.621,-63973,63961,7.59,218.0,88.780,2419.100,1,1,1
30716369,29392,1,-35.00,35.00,-39.36,36.15,-0.608,0.618,-63998,63987,7.60,216.0,91.768,2420.016,1,1,1
30726369,29402,1,-35.00,35.00,-37.22,37.17,-0.615,0.614,-64020,64014,7.60,213.8,94.268,2420.957,1,1,1
30736369,29412,1,-35.00,35.00,-36.60,38.32,-0.618,0.609,-64044,64042,7.59,217.0,90.793,2421.864,1,1,1
30746378,29422,1,-35.00,35.00,-37.93,39.13,-0.615,0.607,-64072,64070,7.58,217.8,88.232,2422.744,1,1,1
30756385,29432,1,-35.00,35.00,-37.97,37.94,-0.614,0.609,-64098,64094,7.59,214.2,92.988,2423.672,1,1,1
30766385,29442,1,-35.00,35.00,-37.57,35.35,-0.614,0.617,-64123,64114,7.59,213.2,93.110,2424.602,1,1,1
30776385,29452,1,-35.00,35.00,-37.72,33.09,-0.612,0.625,-64149,64133,7.60,219.8,89.512,2425.495,1,1,1
30786385,29462,1,-35.00,35.00,-39.15,33.27,-0.607,0.626,-64178,64156,7.59,221.0,86.220,2426.356,1,1,1
30796393,29472,1,-35.00,35.00,-40.15,34.72,-0.604,0.622,-64207,64182,7.60,218.2,84.573,2427.200,1,1,1
30806393,29482,1,-35.00,35.00,-41.29,35.73,-0.600,0.620,-64237,64208,7.59,216.0,90.366,2428.102,1,1,1
30816400,29492,1,-35.00,35.00,-38.13,36.43,-0.610,0.617,-64258,64234,7.59,214.2,95.488,2429.055,1,1,1
30826408,29502,1,-35.00,35.00,-35.92,38.25,-0.618,0.609,-64279,64263,7.59,218.5,94.268,2429.996,1,1,1
30836421,29512,1,-35.00,35.00,-36.13,39.08,-0.618,0.607,-64304,64291,7.58,214.8,87.012,2430.865,1,1,1
30846430,29522,1,-35.00,35.00,-36.72,38.78,-0.615,0.606,-64330,64317,7.60,217.2,82.500,2431.688,1,1,1
30856430,29532,1,-35.00,35.00,-36.69,35.06,-0.615,0.619,-64355,64335,7.59,213.5,83.841,2432.525,1,1,1
30866439,29542,1,-35.00,35.00,-36.67,33.33,-0.614,0.625,-64380,64355,7.60,217.5,83.293,2433.356,1,1,1
30876439,29552,1,-35.00,35.00,-37.09,33.88,-0.613,0.625,-64406,64379,7.59,221.5,79.695,2434.152,1,1,1
30886445,29562,1,-35.00,35.00,-37.83,35.14,-0.610,0.620,-64433,64405,7.60,224.0,82.134,2434.971,1,1,1
30896445,29572,1,-35.00,35.00,-38.79,36.46,-0.607,0.616,-64461,64432,7.60,219.2,91.402,2435.884,1,1,1
30906454,29582,1,-35.00,35.00,-37.26,36.51,-0.611,0.615,-64484,64457,7.60,214.0,100.305,2436.885,1,1,1
30916454,29592,1,-35.00,35.00,-36.63,39.18,-0.615,0.606,-64508,64488,7.60,216.2,100.122,2437.885,1,1,1
30926460,29602,1,-35.00,35.00,-35.75,40.61,-0.618,0.601,-64531,64518,7.60,215.5,90.549,2438.789,1,1,1
30936460,29612,1,-35.00,35.00,-36.01,39.85,-0.618,0.604,-64556,64544,7.59,211.8,86.220,2439.649,1,1,1
30946469,29622,1,-35.00,35.00,-36.63,35.81,-0.616,0.617,-64582,64562,7.59,213.8,85.671,2440.504,1,1,1
30956469,29632,1,-35.00,35.00,-36.63,33.41,-0.614,0.625,-64607,64581,7.60,217.2,84.085,2441.343,1,1,1
30966469,29642,1,-35.00,35.00,-37.07,33.94,-0.613,0.624,-64633,64605,7.59,224.8,82.073,2442.162,1,1,1
30976476,29652,1,-35.00,35.00,-37.37,35.18,-0.612,0.621,-64659,64631,7.59,221.0,88.354,2443.044,1,1,1
30986484,29662,1,-35.00,35.00,-38.90,36.49,-0.607,0.617,-64688,64658,7.59,220.0,102.012,2444.063,1,1,1
30996493,29672,1,-35.00,35.00,-38.66,38.29,-0.607,0.610,-64714,64687,7.60,215.8,112.134,2445.182,1,1,1
31006493,29682,1,-35.00,35.00,-35.41,40.43,-0.620,0.602,-64733,64718,7.59,211.8,110.671,2446.287,1,1,1
31016493,29692,1,-35.00,35.00,-34.46,40.16,-0.623,0.602,-64755,64745,7.60,214.2,99.939,2447.285,1,1,1
31026493,29702,1,-35.00,35.00,-33.35,39.10,-0.627,0.604,-64776,64770,7.60,219.0,84.024,2448.124,1,1,1
31036500,29712,1,-35.00,35.00,-33.01,37.92,-0.630,0.609,-64798,64794,7.58,222.0,73.659,2448.859,1,1,1
31046500,29722,1,-35.00,35.00,-34.53,33.57,-0.623,0.623,-64824,64810,7.59,225.8,75.854,2449.615,1,1,1
31056508,29732,1,-35.00,35.00,-34.28,32.73,-0.624,0.626,-64847,64831,7.60,225.0,77.439,2450.388,1,1,1
31066515,29742,1,-35.00,35.00,-34.10,34.34,-0.626,0.622,-64870,64857,7.59,228.5,77.195,2451.158,1,1,1
31076515,29752,1,-35.00,35.00,-34.42,35.02,-0.624,0.619,-64894,64882,7.60,230.5,86.829,2452.025,1,1,1
31086515,29762,1,-35.00,35.00,-34.64,35.94,-0.625,0.616,-64918,64908,7.59,226.8,94.268,2452.966,1,1,1
31096523,29772,1,-35.00,35.00,-34.80,36.58,-0.624,0.613,-64942,64934,7.59,226.3,98.963,2453.954,1,1,1
31106530,29782,1,-35.00,35.00,-34.46,37.91,-0.626,0.608,-64965,64962,7.59,224.5,99.390,2454.947,1,1,1
31116530,29792,1,-35.00,35.00,-33.79,37.97,-0.629,0.608,-64987,64988,7.59,224.8,95.305,2455.898,1,1,1
31126530,29802,1,-35.00,35.00,-33.76,38.00,-0.630,0.607,-65010,65014,7.59,223.2,92.378,2456.820,1,1,1
31136539,29812,1,-35.00,35.00,-34.62,34.51,-0.627,0.619,-65035,65032,7.59,224.0,88.232,2457.701,1,1,1
31146539,29822,1,-35.00,35.00,-35.66,33.83,-0.623,0.621,-65061,65054,7.59,224.8,83.902,2458.538,1,1,1
31156545,29832,1,-35.00,35.00,-35.51,34.22,-0.623,0.620,-65085,65078,7.59,225.5,82.927,2459.366,1,1,1
31166554,29842,1,-35.00,35.00,-35.84,34.94,-0.621,0.618,-65110,65103,7.59,226.3,90.610,2460.270,1,1,1
31176554,29852,1,-35.00,35.00,-36.52,35.01,-0.619,0.619,-65136,65127,7.59,222.0,101.159,2461.280,1,1,1
31186554,29862,1,-35.00,35.00,-36.99,35.05,-0.617,0.618,-65162,65151,7.59,222.5,110.915,2462.388,1,1,1
31196554,29872,1,-35.00,35.00,-36.88,37.28,-0.616,0.610,-65187,65180,7.61,221.2,112.622,2463.512,1,1,1
31206554,29882,1,-35.00,35.00,-36.36,38.84,-0.619,0.605,-65211,65209,7.59,216.5,105.244,2464.563,1,1,1
31216554,29892,1,-35.00,35.00,-34.24,38.61,-0.627,0.605,-65231,65235,7.59,215.8,105.244,2465.614,1,1,1
31226554,29902,1,-35.00,35.00,-33.20,37.58,-0.630,0.607,-65252,65259,7.60,214.2,92.683,2466.539,1,1,1
31236561,29912,1,-35.00,35.00,-34.22,35.09,-0.627,0.616,-65277,65279,7.59,221.5,81.037,2467.348,1,1,1
31246569,29922,1,-35.00,35.00,-35.82,32.48,-0.622,0.627,-65304,65297,7.58,225.8,73.293,2468.079,1,1,1
31256569,29932,1,-35.00,35.00,-36.06,32.84,-0.621,0.627,-65329,65320,7.58,224.0,72.500,2468.802,1,1,1
31266576,29942,1,-35.00,35.00,-35.79,33.53,-0.620,0.624,-65353,65344,7.59,223.5,74.146,2469.542,1,1,1
31276576,29952,1,-35.00,35.00,-36.48,33.58,-0.618,0.625,-65379,65367,7.58,224.3,79.024,2470.331,1,1,1
31286576,29962,1,-35.00,35.00,-38.28,34.05,-0.611,0.624,-65408,65391,7.59,223.0,91.463,2471.244,1,1,1
31296576,29972,1,-35.00,35.00,-38.22,34.82,-0.611,0.622,-65434,65416,7.59,219.2,100.061,2472.243,1,1,1
31306584,29982,1,-35.00,35.00,-36.86,34.48,-0.614,0.622,-65457,65439,7.60,218.8,102.378,2473.265,1,1,1
31316584,29992,1,-35.00,35.00,-34.15,35.56,-0.624,0.618,-65476,65465,7.59,220.8,95.305,2474.217,1,1,1
31326584,30002,1,-35.00,35.00,-33.14,33.68,-0.628,0.626,-65497,65485,7.58,220.0,82.805,2475.043,1,1,1
31336596,30012,1,-35.00,35.00,-35.94,35.44,-0.621,0.621,-65526,65512,7.57,226.0,74.817,2475.790,1,1,1
31346606,30022,1,-35.00,35.00,-35.70,35.80,-0.619,0.618,-65550,65537,7.59,225.0,75.976,2476.548,1,1,1
31356606,30032,1,-35.00,35.00,-35.54,36.48,-0.619,0.615,-65574,65563,7.60,221.5,84.878,2477.395,1,1,1
31366614,30042,1,-35.00,35.00,-35.86,34.77,-0.618,0.621,-65599,65584,7.59,217.8,94.268,2478.336,1,1,1
31376621,30052,1,-35.00,35.00,-36.53,35.76,-0.617,0.618,-65625,65610,7.59,220.2,104.207,2479.376,1,1,1
31386621,30062,1,-35.00,35.00,-37.88,37.78,-0.611,0.610,-65653,65639,7.61,222.0,108.415,2480.459,1,1,1
31396621,30072,1,-35.00,35.00,-36.18,38.31,-0.619,0.608,-65675,65666,7.59,213.0,105.366,2481.511,1,1,1
31406629,30082,1,-35.00,35.00,-35.87,37.36,-0.619,0.611,-65699,65690,7.59,214.8,100.244,2482.512,1,1,1
31416630,30092,1,-35.00,35.00,-34.78,34.50,-0.621,0.619,-65721,65709,7.60,215.5,88.598,2483.396,1,1,1
31426630,30102,1,-35.00,35.00,-34.45,32.94,-0.622,0.625,-65744,65729,7.60,222.0,78.537,2484.180,1,1,1
31436637,30112,1,-35.00,35.00,-35.54,34.92,-0.619,0.619,-65770,65756,7.59,226.0,74.146,2484.919,1,1,1
31446652,30122,1,-35.00,35.00,-35.87,34.99,-0.618,0.619,-65795,65780,7.59,219.5,76.707,2485.685,1,1,1
31456660,30132,1,-35.00,35.00,-35.65,35.48,-0.619,0.617,-65819,65805,7.59,221.5,86.707,2486.550,1,1,1
31466660,30142,1,-35.00,35.00,-35.50,35.38,-0.619,0.618,-65843,65829,7.59,220.8,99.024,2487.539,1,1,1
31476660,30152,1,-35.00,35.00,-36.28,37.07,-0.617,0.611,-65869,65857,7.60,219.2,106.280,2488.600,1,1,1
31486667,30162,1,-35.00,35.00,-36.38,38.70,-0.617,0.606,-65894,65886,7.60,216.0,105.305,2489.652,1,1,1
31496667,30172,1,-35.00,35.00,-36.01,38.51,-0.619,0.606,-65918,65912,7.60,216.8,102.134,2490.671,1,1,1
31506675,30182,1,-35.00,35.00,-35.32,37.51,-0.622,0.610,-65941,65936,7.59,212.2,95.305,2491.623,1,1,1
31516682,30192,1,-35.00,35.00,-35.27,35.92,-0.621,0.615,-65965,65958,7.59,216.8,84.695,2492.468,1,1,1
31526682,30202,1,-35.00,35.00,-35.24,33.93,-0.621,0.622,-65989,65978,7.59,220.0,78.354,2493.250,1,1,1
31536690,30212,1,-35.00,35.00,-35.65,34.30,-0.618,0.620,-66014,66002,7.60,223.0,76.829,2494.017,1,1,1
31546697,30222,1,-35.00,35.00,-36.38,34.12,-0.617,0.622,-66040,66025,7.59,218.8,79.756,2494.812,1,1,1
31556697,30232,1,-35.00,35.00,-37.33,34.87,-0.613,0.620,-66067,66050,7.59,222.2,88.293,2495.694,1,1,1
31566697,30242,1,-35.00,35.00,-39.32,35.83,-0.607,0.618,-66097,66076,7.59,219.5,98.659,2496.679,1,1,1
31576697,30252,1,-35.00,35.00,-40.27,36.51,-0.604,0.616,-66126,66102,7.59,213.8,106.280,2497.740,1,1,1
31586697,30262,1,-35.00,35.00,-38.73,36.10,-0.609,0.617,-66150,66126,7.59,211.8,111.159,2498.850,1,1,1
31596697,30272,1,-35.00,35.00,-37.66,35.38,-0.611,0.618,-66174,66149,7.60,215.2,104.451,2499.893,1,1,1
31606705,30282,1,-35.00,35.00,-34.71,35.75,-0.621,0.617,-66193,66174,7.59,216.2,86.768,2500.759,1,1,1
31616706,30292,1,-35.00,35.00,-33.09,35.57,-0.626,0.616,-66213,66198,7.60,218.2,77.744,2501.535,1,1,1
31626721,30302,1,-35.00,35.00,-34.15,35.89,-0.624,0.616,-66238,66223,7.59,221.5,77.561,2502.309,1,1,1
31636721,30312,1,-35.00,35.00,-35.33,36.11,-0.620,0.616,-66264,66248,7.59,223.5,84.939,2503.156,1,1,1
31646727,30322,1,-35.00,35.00,-35.28,36.70,-0.621,0.614,-66288,66274,7.59,219.8,94.817,2504.103,1,1,1
31656727,30332,1,-35.00,35.00,-35.68,38.00,-0.619,0.608,-66313,66302,7.60,221.2,97.561,2505.077,1,1,1
31666727,30342,1,-35.00,35.00,-36.40,38.02,-0.617,0.609,-66339,66328,7.59,213.5,95.366,2506.029,1,1,1
31676727,30352,1,-35.00,35.00,-37.35,37.60,-0.614,0.611,-66366,66353,7.59,215.0,95.427,2506.981,1,1,1
31686727,30362,1,-35.00,35.00,-37.13,34.23,-0.613,0.622,-66391,66371,7.60,217.8,95.793,2507.938,1,1,1
31696727,30372,1,-35.00,35.00,-36.54,33.19,-0.615,0.626,-66415,66392,7.59,219.0,88.537,2508.821,1,1,1
31706727,30382,1,-35.00,35.00,-36.12,34.22,-0.617,0.623,-66439,66417,7.59,222.8,80.610,2509.626,1,1,1
31716727,30392,1,-35.00,35.00,-35.83,35.38,-0.617,0.619,-66463,66443,7.59,224.3,82.683,2510.451,1,1,1
31726727,30402,1,-35.00,35.00,-35.63,35.31,-0.619,0.620,-66487,66467,7.59,220.0,94.573,2511.395,1,1,1
31736727,30412,1,-35.00,35.00,-35.49,36.14,-0.618,0.616,-66511,66493,7.60,220.0,107.256,2512.466,1,1,1
31746733,30422,1,-35.00,35.00,-34.95,38.92,-0.622,0.606,-66534,66524,7.59,218.8,111.220,2513.577,1,1,1
31756736,30432,1,-35.00,35.00,-31.50,40.87,-0.636,0.598,-66550,66555,7.59,217.5,108.963,2514.665,1,1,1
31766736,30442,1,-35.00,35.00,-22.05,40.47,-0.670,0.595,-66550,66582,7.60,222.0,105.244,2515.715,1,1,1
31776736,30452,1,-35.00,35.00,-15.43,38.44,-0.700,0.599,-66550,66605,7.57,239.2,100.915,2516.723,1,1,1
31786743,30462,1,-35.00,35.00,-10.80,34.38,-0.720,0.609,-66550,66622,7.57,264.2,89.024,2517.612,1,1,1
31796743,30472,1,-35.00,35.00,-7.56,32.85,-0.734,0.612,-66550,66642,7.57,285.2,77.744,2518.387,1,1,1
31806751,30482,1,-35.00,35.00,-5.73,33.98,-0.743,0.605,-66551,66667,7.57,297.2,73.841,2519.124,1,1,1
31816751,30492,1,-35.00,35.00,-4.01,35.21,-0.752,0.597,-66551,66693,7.57,306.8,84.024,2519.963,1,1,1
31826758,30502,1,-35.00,35.00,-2.81,36.52,-0.760,0.589,-66551,66720,7.57,307.5,101.098,2520.972,1,1,1
31836766,30512,1,-35.00,35.00,-11.63,37.87,-0.735,0.585,-66573,66748,7.56,310.5,109.268,2522.063,1,1,1
31846773,30522,1,-35.00,35.00,-20.89,39.25,-0.706,0.579,-66602,66777,7.57,279.0,107.866,2523.140,1,1,1
31856773,30532,1,-35.00,35.00,-27.81,39.34,-0.684,0.579,-66632,66804,7.58,252.8,107.073,2524.209,1,1,1
31866781,30542,1,-35.00,35.00,-32.65,36.33,-0.667,0.588,-66662,66824,7.59,236.5,105.000,2525.258,1,1,1
31876788,30552,1,-35.00,35.00,-34.72,33.78,-0.659,0.597,-66689,66843,7.59,227.3,95.488,2526.211,1,1,1
31886797,30562,1,-35.00,35.00,-37.49,34.19,-0.650,0.597,-66719,66867,7.59,226.0,89.207,2527.101,1,1,1
31896797,30572,1,-35.00,35.00,-39.42,34.92,-0.642,0.596,-66749,66892,7.59,223.0,91.220,2528.012,1,1,1
31906803,30582,1,-35.00,35.00,-40.34,35.87,-0.637,0.592,-66778,66918,7.60,218.2,100.183,2529.012,1,1,1
31916803,30592,1,-35.00,35.00,-40.54,36.97,-0.635,0.589,-66806,66945,7.60,213.8,110.000,2530.110,1,1,1
31926803,30602,1,-35.00,35.00,-42.00,37.75,-0.629,0.588,-66837,66972,7.59,212.0,111.524,2531.224,1,1,1
31936812,30612,1,-35.00,35.00,-42.59,38.29,-0.626,0.588,-66867,66999,7.58,210.5,107.073,2532.293,1,1,1
31946812,30622,1,-35.00,35.00,-41.68,37.35,-0.624,0.589,-66894,67023,7.61,206.7,103.720,2533.329,1,1,1
31956818,30632,1,-35.00,35.00,-42.36,36.25,-0.620,0.594,-66924,67046,7.59,206.7,95.000,2534.277,1,1,1
31966827,30642,1,-35.00,35.00,-41.51,34.60,-0.621,0.601,-66951,67067,7.59,207.5,87.927,2535.155,1,1,1
31976827,30652,1,-35.00,35.00,-42.24,33.01,-0.617,0.607,-66981,67087,7.59,212.8,86.707,2536.020,1,1,1
31986827,30662,1,-35.00,35.00,-42.75,34.09,-0.615,0.605,-67011,67112,7.59,211.5,86.890,2536.887,1,1,1
31996827,30672,1,-35.00,35.00,-42.67,34.41,-0.614,0.604,-67040,67136,7.60,212.0,92.561,2537.812,1,1,1
32006827,30682,1,-35.00,35.00,-42.61,34.64,-0.614,0.605,-67069,67160,7.59,211.8,101.341,2538.823,1,1,1
32016827,30692,1,-35.00,35.00,-43.45,34.79,-0.610,0.606,-67100,67184,7.59,213.2,110.000,2539.922,1,1,1
32026827,30702,1,-35.00,35.00,-44.92,36.66,-0.605,0.600,-67133,67212,7.60,211.0,117.317,2541.093,1,1,1
32036827,30712,1,-35.00,35.00,-42.43,38.85,-0.613,0.592,-67158,67242,7.60,206.5,113.354,2542.225,1,1,1
32046827,30722,1,-35.00,35.00,-40.25,38.62,-0.620,0.592,-67182,67268,7.60,203.5,101.098,2543.234,1,1,1
32056827,30732,1,-35.00,35.00,-40.48,36.26,-0.619,0.601,-67210,67289,7.59,206.0,89.695,2544.130,1,1,1
32066827,30742,1,-35.00,35.00,-40.20,32.85,-0.617,0.613,-67237,67306,7.60,210.0,82.378,2544.952,1,1,1
32076827,30752,1,-35.00,35.00,-40.88,31.35,-0.614,0.619,-67266,67325,7.60,215.2,82.927,2545.780,1,1,1
32086834,30762,1,-35.00,35.00,-40.92,32.05,-0.613,0.619,-67294,67348,7.59,216.5,88.476,2546.663,1,1,1
32096842,30772,1,-35.00,35.00,-41.83,33.86,-0.610,0.615,-67324,67374,7.59,218.5,100.976,2547.671,1,1,1
32106842,30782,1,-35.00,35.00,-43.34,33.81,-0.604,0.617,-67356,67397,7.59,214.2,112.744,2548.796,1,1,1
32116842,30792,1,-35.00,35.00,-41.33,34.65,-0.611,0.614,-67381,67422,7.59,212.5,115.305,2549.948,1,1,1
32126849,30802,1,-35.00,35.00,-39.48,36.12,-0.616,0.609,-67405,67449,7.59,212.5,106.159,2551.008,1,1,1
32136857,30812,1,-35.00,35.00,-38.18,38.03,-0.621,0.602,-67429,67478,7.59,212.8,96.524,2551.971,1,1,1
32146864,30822,1,-35.00,35.00,-39.03,36.73,-0.618,0.606,-67457,67501,7.59,215.0,91.098,2552.881,1,1,1
32156873,30832,1,-35.00,35.00,-39.63,34.50,-0.614,0.613,-67485,67521,7.60,212.0,91.098,2553.790,1,1,1
32166888,30842,1,-35.00,35.00,-40.04,31.62,-0.612,0.625,-67513,67538,7.59,214.0,92.744,2554.716,1,1,1
32176894,30852,1,-35.00,35.00,-41.21,32.24,-0.607,0.625,-67543,67561,7.60,222.2,94.024,2555.655,1,1,1
32186895,30862,1,-35.00,35.00,-42.91,33.56,-0.601,0.622,-67575,67586,7.60,218.0,92.012,2556.573,1,1,1
32196910,30872,1,-35.00,35.00,-41.90,34.04,-0.604,0.622,-67602,67610,7.59,212.8,95.366,2557.525,1,1,1
32206910,30882,1,-35.00,35.00,-40.32,35.25,-0.608,0.617,-67627,67636,7.60,216.0,104.512,2558.569,1,1,1
32216910,30892,1,-35.00,35.00,-37.01,36.10,-0.620,0.614,-67647,67662,7.59,216.5,105.366,2559.621,1,1,1
32226918,30902,1,-35.00,35.00,-36.46,38.45,-0.622,0.605,-67671,67692,7.60,218.8,98.476,2560.604,1,1,1
32236929,30912,1,-35.00,35.00,-38.26,38.34,-0.617,0.606,-67700,67718,7.58,214.5,90.366,2561.506,1,1,1
32246933,30922,1,-35.00,35.00,-38.21,37.39,-0.615,0.607,-67726,67742,7.60,216.0,89.878,2562.403,1,1,1
32256940,30932,1,-35.00,35.00,-38.17,35.84,-0.615,0.612,-67752,67764,7.60,216.0,94.146,2563.343,1,1,1
32266940,30942,1,-35.00,35.00,-39.90,32.56,-0.608,0.625,-67782,67781,7.59,215.2,95.366,2564.295,1,1,1
32276940,30952,1,-35.00,35.00,-41.56,31.58,-0.601,0.630,-67813,67801,7.60,216.5,91.707,2565.210,1,1,1
32286948,30962,1,-35.00,35.00,-41.39,33.09,-0.602,0.627,-67841,67826,7.59,217.2,83.963,2566.048,1,1,1
32296955,30972,1,-35.00,35.00,-39.52,33.71,-0.607,0.625,-67865,67850,7.60,218.5,81.341,2566.860,1,1,1
32306963,30982,1,-35.00,35.00,-36.45,34.58,-0.618,0.623,-67885,67875,7.58,216.8,86.098,2567.719,1,1,1
32316963,30992,1,-35.00,35.00,-35.19,35.63,-0.621,0.618,-67907,67901,7.60,223.0,88.537,2568.603,1,1,1
32326963,31002,1,-35.00,35.00,-36.50,36.81,-0.618,0.614,-67934,67928,7.59,223.5,87.683,2569.479,1,1,1
32336970,31012,1,-35.00,35.00,-36.97,38.07,-0.617,0.610,-67960,67956,7.59,216.8,87.866,2570.355,1,1,1
32346979,31022,1,-35.00,35.00,-37.31,35.88,-0.615,0.617,-67986,67977,7.59,215.8,92.744,2571.281,1,1,1
32356990,31032,1,-35.00,35.00,-38.86,33.90,-0.609,0.624,-68015,67997,7.59,219.8,95.427,2572.234,1,1,1
32366990,31042,1,-35.00,35.00,-39.51,33.84,-0.606,0.626,-68043,68020,7.59,223.0,91.280,2573.145,1,1,1
32376998,31052,1,-35.00,35.00,-40.84,34.24,-0.601,0.626,-68073,68044,7.59,217.0,84.878,2573.992,1,1,1
32386999,31063,1,-35.00,35.00,-38.69,34.95,-0.608,0.623,-68096,68069,7.59,216.0,84.573,2574.836,1,1,1
32397006,31073,1,-35.00,35.00,-36.75,35.89,-0.614,0.619,-68118,68095,7.59,222.0,90.183,2575.736,1,1,1
32407006,31083,1,-35.00,35.00,-36.27,37.43,-0.617,0.614,-68142,68123,7.59,218.8,91.768,2576.652,1,1,1
32417014,31093,1,-35.00,35.00,-37.26,38.94,-0.614,0.608,-68169,68152,7.59,216.2,89.817,2577.549,1,1,1
32427014,31103,1,-35.00,35.00,-37.95,38.69,-0.612,0.608,-68196,68178,7.59,214.8,93.963,2578.487,1,1,1
32437021,31113,1,-35.00,35.00,-37.55,36.75,-0.612,0.614,-68221,68200,7.59,216.5,98.293,2579.468,1,1,1
32447036,31123,1,-35.00,35.00,-37.71,34.07,-0.611,0.624,-68247,68219,7.59,215.8,94.207,2580.408,1,1,1
32457044,31133,1,-35.00,35.00,-39.14,32.64,-0.605,0.630,-68276,68239,7.59,218.5,88.780,2581.295,1,1,1
32467044,31143,1,-35.00,35.00,-39.70,33.40,-0.603,0.629,-68304,68263,7.59,221.8,82.073,2582.114,1,1,1
32477044,31153,1,-35.00,35.00,-40.98,34.80,-0.599,0.626,-68334,68289,7.59,219.5,81.159,2582.924,1,1,1
32487051,31163,1,-35.00,35.00,-37.47,36.23,-0.610,0.619,-68354,68316,7.59,215.5,88.902,2583.811,1,1,1
32497051,31173,1,-35.00,35.00,-35.90,37.22,-0.616,0.616,-68376,68343,7.59,217.0,94.512,2584.755,1,1,1
32507051,31183,1,-35.00,35.00,-35.68,38.80,-0.617,0.609,-68400,68372,7.59,218.5,90.427,2585.657,1,1,1
32517059,31193,1,-35.00,35.00,-36.40,39.03,-0.615,0.608,-68426,68399,7.59,217.2,85.305,2586.509,1,1,1
32527059,31203,1,-35.00,35.00,-36.47,36.99,-0.614,0.615,-68451,68421,7.59,211.5,86.829,2587.375,1,1,1
32537066,31213,1,-35.00,35.00,-37.39,34.24,-0.611,0.625,-68478,68440,7.59,216.0,87.561,2588.250,1,1,1
32547066,31223,1,-35.00,35.00,-37.16,32.76,-0.610,0.630,-68503,68460,7.59,223.2,85.183,2589.100,1,1,1
32557066,31233,1,-35.00,35.00,-38.76,34.36,-0.605,0.626,-68532,68486,7.59,223.5,82.256,2589.921,1,1,1
32567066,31243,1,-35.00,35.00,-38.12,35.91,-0.608,0.621,-68557,68513,7.59,216.8,83.598,2590.755,1,1,1
32577066,31253,1,-35.00,35.00,-36.35,36.57,-0.613,0.618,-68579,68539,7.60,216.2,91.037,2591.664,1,1,1
32587066,31263,1,-35.00,35.00,-35.55,36.58,-0.615,0.617,-68602,68564,7.60,219.0,94.695,2592.609,1,1,1
32597074,31273,1,-35.00,35.00,-34.99,39.23,-0.618,0.608,-68625,68595,7.59,218.0,90.976,2593.517,1,1,1
32607074,31283,1,-35.00,35.00,-35.48,39.77,-0.618,0.606,-68650,68623,7.59,218.0,85.488,2594.370,1,1,1
32617081,31293,1,-35.00,35.00,-35.82,38.82,-0.616,0.609,-68675,68648,7.60,216.8,87.622,2595.245,1,1,1
32627090,31303,1,-35.00,35.00,-35.62,35.09,-0.616,0.621,-68699,68666,7.59,217.8,91.159,2596.155,1,1,1
32637090,31313,1,-35.00,35.00,-35.92,34.23,-0.614,0.624,-68724,68688,7.60,219.2,89.939,2597.052,1,1,1
32647090,31323,1,-35.00,35.00,-36.57,34.95,-0.612,0.622,-68750,68713,7.60,221.5,86.463,2597.916,1,1,1
32657090,31333,1,-35.00,35.00,-39.22,36.33,-0.604,0.619,-68781,68740,7.59,221.5,91.463,2598.829,1,1,1
32667090,31343,1,-35.00,35.00,-38.88,37.29,-0.605,0.616,-68807,68767,7.59,217.0,101.829,2599.845,1,1,1
32677090,31353,1,-35.00,35.00,-36.01,38.85,-0.615,0.609,-68827,68796,7.59,212.0,107.073,2600.914,1,1,1
32687090,31363,1,-35.00,35.00,-33.11,39.94,-0.626,0.604,-68845,68825,7.60,216.0,101.646,2601.929,1,1,1
32697097,31373,1,-35.00,35.00,-32.85,40.26,-0.629,0.603,-68867,68853,7.59,220.8,88.902,2602.817,1,1,1
32707105,31383,1,-35.00,35.00,-33.10,39.61,-0.628,0.604,-68890,68879,7.60,220.2,80.000,2603.615,1,1,1
32717105,31393,1,-35.00,35.00,-34.16,37.39,-0.624,0.611,-68915,68901,7.60,218.5,81.220,2604.426,1,1,1
32727105,31403,1,-35.00,35.00,-34.46,33.65,-0.624,0.625,-68939,68918,7.58,223.8,83.476,2605.259,1,1,1
32737112,31413,1,-35.00,35.00,-34.67,34.10,-0.623,0.623,-68963,68942,7.59,227.5,78.476,2606.042,1,1,1
32747120,31423,1,-35.00,35.00,-33.50,35.30,-0.627,0.618,-68984,68968,7.59,226.8,79.085,2606.831,1,1,1
32757120,31433,1,-35.00,35.00,-33.55,35.69,-0.628,0.616,-69007,68993,7.60,227.8,88.171,2607.711,1,1,1
32767120,31443,1,-35.00,35.00,-34.03,36.41,-0.628,0.614,-69031,69019,7.59,230.2,94.207,2608.652,1,1,1
32777127,31453,1,-35.00,35.00,-33.93,37.79,-0.628,0.609,-69054,69047,7.59,224.5,97.927,2609.629,1,1,1
32787127,31463,1,-35.00,35.00,-33.42,37.88,-0.631,0.608,-69076,69073,7.59,223.2,97.744,2610.605,1,1,1
32797135,31473,1,-35.00,35.00,-34.38,37.94,-0.628,0.608,-69101,69099,7.59,224.8,95.244,2611.556,1,1,1
32807135,31483,1,-35.00,35.00,-34.17,37.11,-0.629,0.610,-69124,69123,7.59,221.5,91.768,2612.472,1,1,1
32817135,31493,1,-35.00,35.00,-34.47,34.32,-0.628,0.620,-69148,69142,7.59,222.5,87.073,2613.341,1,1,1
32827142,31503,1,-35.00,35.00,-35.11,35.01,-0.626,0.617,-69173,69167,7.59,228.0,83.780,2614.177,1,1,1
32837146,31513,1,-35.00,35.00,-35.13,35.50,-0.626,0.616,-69197,69192,7.59,225.8,86.890,2615.044,1,1,1
32847150,31523,1,-35.00,35.00,-36.01,35.83,-0.623,0.615,-69223,69217,7.59,221.8,95.427,2615.997,1,1,1
32857150,31533,1,-35.00,35.00,-36.20,35.63,-0.622,0.615,-69248,69241,7.59,219.8,105.915,2617.054,1,1,1
32867157,31543,1,-35.00,35.00,-36.32,37.25,-0.622,0.611,-69273,69269,7.59,223.2,113.171,2618.185,1,1,1
32877165,31553,1,-35.00,35.00,-35.97,39.70,-0.624,0.602,-69297,69300,7.59,219.8,111.341,2619.296,1,1,1
32887172,31563,1,-35.00,35.00,-35.73,39.21,-0.624,0.602,-69321,69326,7.60,215.5,102.866,2620.323,1,1,1
32897181,31573,1,-35.00,35.00,-34.24,38.00,-0.629,0.606,-69342,69350,7.59,216.5,89.085,2621.213,1,1,1
32907181,31583,1,-35.00,35.00,-33.63,36.70,-0.631,0.610,-69364,69373,7.59,218.5,77.439,2621.985,1,1,1
32917181,31593,1,-35.00,35.00,-35.41,33.60,-0.625,0.621,-69391,69391,7.59,222.5,71.768,2622.701,1,1,1
32927181,31603,1,-35.00,35.00,-35.77,32.75,-0.623,0.625,-69416,69412,7.59,222.2,73.110,2623.431,1,1,1
32937181,31613,1,-35.00,35.00,-35.59,33.47,-0.624,0.623,-69440,69436,7.59,226.3,75.122,2624.180,1,1,1
32947187,31623,1,-35.00,35.00,-36.34,33.98,-0.621,0.622,-69466,69460,7.59,224.8,84.085,2625.020,1,1,1
32957187,31633,1,-35.00,35.00,-37.30,33.89,-0.616,0.623,-69493,69483,7.59,222.5,97.927,2625.997,1,1,1
32967187,31643,1,-35.00,35.00,-38.86,34.71,-0.610,0.621,-69522,69508,7.59,223.0,104.695,2627.042,1,1,1
32977188,31653,1,-35.00,35.00,-37.31,34.84,-0.614,0.621,-69545,69532,7.59,221.0,102.866,2628.070,1,1,1
32987188,31663,1,-35.00,35.00,-35.34,35.82,-0.621,0.617,-69566,69558,7.59,219.8,91.037,2628.978,1,1,1
32997196,31673,1,-35.00,35.00,-33.53,34.30,-0.627,0.621,-69586,69579,7.59,218.0,78.049,2629.757,1,1,1
33007202,31683,1,-35.00,35.00,-34.02,35.00,-0.626,0.620,-69610,69604,7.59,225.3,73.780,2630.493,1,1,1
33017211,31693,1,-35.00,35.00,-35.68,35.92,-0.621,0.616,-69637,69630,7.59,224.8,78.841,2631.280,1,1,1
33027218,31703,1,-35.00,35.00,-35.96,36.57,-0.620,0.614,-69662,69656,7.59,223.0,91.646,2632.195,1,1,1
33037226,31713,1,-35.00,35.00,-36.60,34.83,-0.616,0.620,-69688,69677,7.59,220.2,103.780,2633.231,1,1,1
33047226,31723,1,-35.00,35.00,-36.60,36.25,-0.617,0.615,-69713,69704,7.59,220.0,111.890,2634.348,1,1,1
33057226,31733,1,-35.00,35.00,-36.61,38.56,-0.617,0.606,-69738,69734,7.60,214.8,109.695,2635.443,1,1,1
33067226,31743,1,-35.00,35.00,-37.49,38.85,-0.615,0.605,-69765,69761,7.59,215.2,106.037,2636.502,1,1,1
33077233,31753,1,-35.00,35.00,-35.91,39.06,-0.619,0.603,-69787,69788,7.61,213.2,97.378,2637.474,1,1,1
33087233,31763,1,-35.00,35.00,-33.93,36.13,-0.626,0.612,-69807,69808,7.60,213.5,82.500,2638.298,1,1,1
33097241,31773,1,-35.00,35.00,-34.30,33.20,-0.625,0.623,-69831,69826,7.59,221.8,82.500,2639.121,1,1,1
33107248,31783,1,-35.00,35.00,-34.99,33.35,-0.623,0.623,-69856,69849,7.59,224.0,73.841,2639.858,1,1,1
33117248,31793,1,-35.00,35.00,-36.36,34.77,-0.618,0.619,-69883,69875,7.59,225.0,72.256,2640.579,1,1,1
33127248,31803,1,-35.00,35.00,-36.00,34.89,-0.619,0.619,-69907,69899,7.59,222.8,77.805,2641.355,1,1,1
33137257,31813,1,-35.00,35.00,-36.19,34.97,-0.618,0.619,-69932,69923,7.59,221.5,91.707,2642.271,1,1,1
33147263,31823,1,-35.00,35.00,-35.44,37.22,-0.621,0.611,-69955,69952,7.59,221.5,105.915,2643.329,1,1,1
33157263,31833,1,-35.00,35.00,-36.67,38.80,-0.618,0.605,-69982,69981,7.59,220.2,108.841,2644.415,1,1,1
33167263,31843,1,-35.00,35.00,-35.34,39.90,-0.623,0.601,-70004,70010,7.59,217.2,105.488,2645.469,1,1,1
33177272,31853,1,-35.00,35.00,-34.84,38.04,-0.624,0.606,-70027,70033,7.60,215.2,103.171,2646.499,1,1,1
33187279,31863,1,-35.00,35.00,-34.94,36.74,-0.624,0.610,-70051,70056,7.59,217.5,91.280,2647.410,1,1,1
33197287,31873,1,-35.00,35.00,-35.00,35.38,-0.623,0.614,-70075,70078,7.60,221.2,79.695,2648.205,1,1,1
33207294,31883,1,-35.00,35.00,-35.49,33.12,-0.621,0.623,-70100,70097,7.59,219.8,75.000,2648.953,1,1,1
33217294,31893,1,-35.00,35.00,-35.83,32.85,-0.619,0.624,-70125,70119,7.60,223.8,74.207,2649.694,1,1,1
33227294,31903,1,-35.00,35.00,-36.07,33.54,-0.618,0.623,-70150,70143,7.60,224.3,77.195,2650.464,1,1,1
33237294,31913,1,-35.00,35.00,-36.67,34.91,-0.617,0.619,-70176,70169,7.59,224.8,84.207,2651.304,1,1,1
33247299,31923,1,-35.00,35.00,-37.98,35.42,-0.613,0.618,-70204,70194,7.59,219.5,96.829,2652.271,1,1,1
33257309,31933,1,-35.00,35.00,-38.45,36.66,-0.612,0.614,-70231,70221,7.59,217.8,108.780,2653.357,1,1,1
33267317,31943,1,-35.00,35.00,-37.02,35.77,-0.615,0.616,-70254,70244,7.60,216.5,112.500,2654.480,1,1,1
33277324,31953,1,-35.00,35.00,-35.14,35.15,-0.621,0.618,-70275,70267,7.59,214.5,101.707,2655.496,1,1,1
33287333,31963,1,-35.00,35.00,-34.71,35.15,-0.623,0.617,-70298,70291,7.59,220.2,83.598,2656.330,1,1,1
33297339,31973,1,-35.00,35.00,-35.28,35.15,-0.621,0.618,-70323,70315,7.59,221.2,74.878,2657.077,1,1,1
33307348,31983,1,-35.00,35.00,-36.12,35.59,-0.618,0.616,-70349,70340,7.59,224.0,80.854,2657.884,1,1,1
33317354,31993,1,-35.00,35.00,-36.27,36.34,-0.618,0.613,-70374,70366,7.60,218.8,93.720,2658.820,1,1,1
33327354,32003,1,-35.00,35.00,-35.94,38.18,-0.620,0.608,-70398,70395,7.59,217.0,100.488,2659.823,1,1,1
33337354,32013,1,-35.00,35.00,-36.14,38.59,-0.620,0.606,-70423,70422,7.59,217.5,98.963,2660.811,1,1,1
33347354,32023,1,-35.00,35.00,-37.17,38.44,-0.616,0.606,-70450,70448,7.59,214.8,97.134,2661.781,1,1,1
33357363,32033,1,-35.00,35.00,-37.00,35.70,-0.615,0.615,-70475,70468,7.60,211.0,99.878,2662.778,1,1,1
33367363,32043,1,-35.00,35.00,-36.45,33.34,-0.616,0.623,-70499,70487,7.60,218.2,97.073,2663.747,1,1,1
33377369,32053,1,-35.00,35.00,-35.62,33.88,-0.619,0.622,-70522,70511,7.59,220.2,84.695,2664.592,1,1,1
33387378,32063,1,-35.00,35.00,-36.36,34.70,-0.617,0.620,-70548,70536,7.60,222.2,77.256,2665.363,1,1,1
33397385,32073,1,-35.00,35.00,-36.44,35.28,-0.616,0.618,-70573,70561,7.60,220.8,83.293,2666.194,1,1,1
33407393,32083,1,-35.00,35.00,-35.61,36.12,-0.620,0.615,-70596,70587,7.59,218.2,97.988,2667.172,1,1,1
33417393,32093,1,-35.00,35.00,-35.92,38.47,-0.619,0.606,-70621,70617,7.60,219.5,109.634,2668.267,1,1,1
33427400,32103,1,-35.00,35.00,-36.13,40.99,-0.620,0.598,-70646,70649,7.59,213.8,110.000,2669.365,1,1,1
33437400,32113,1,-35.00,35.00,-25.29,41.00,-0.659,0.593,-70646,70677,7.60,214.0,105.183,2670.416,1,1,1
33447400,32123,1,-35.00,35.00,-17.70,39.25,-0.690,0.595,-70646,70701,7.59,233.0,101.829,2671.432,1,1,1
33457408,32133,1,-35.00,35.00,-12.39,35.38,-0.715,0.606,-70646,70719,7.58,254.2,96.524,2672.396,1,1,1
33467408,32143,1,-35.00,35.00,-8.67,33.12,-0.729,0.610,-70646,70738,7.58,279.8,84.817,2673.242,1,1,1
33477408,32153,1,-35.00,35.00,-6.51,34.17,-0.741,0.605,-70647,70763,7.56,295.2,75.488,2673.996,1,1,1
33487415,32163,1,-35.00,35.00,-4.56,35.34,-0.751,0.598,-70647,70789,7.55,299.8,76.829,2674.762,1,1,1
33497415,32173,1,-35.00,35.00,-3.19,36.17,-0.760,0.592,-70647,70815,7.55,303.5,91.037,2675.671,1,1,1
33507415,32183,1,-35.00,35.00,-6.63,37.62,-0.751,0.583,-70657,70843,7.56,310.2,103.780,2676.707,1,1,1
33517423,32193,1,-35.00,35.00,-16.94,39.08,-0.721,0.579,-70685,70872,7.56,296.0,105.244,2677.758,1,1,1
33527430,32203,1,-35.00,35.00,-24.61,39.66,-0.697,0.576,-70714,70900,7.57,263.0,104.268,2678.799,1,1,1
33537439,32213,1,-35.00,35.00,-29.97,36.55,-0.678,0.586,-70743,70920,7.58,242.2,106.402,2679.861,1,1,1
33547445,32223,1,-35.00,35.00,-34.16,34.37,-0.663,0.594,-70773,70940,7.59,234.0,102.134,2680.881,1,1,1
33557445,32233,1,-35.00,35.00,-36.22,35.05,-0.656,0.592,-70801,70965,7.59,229.0,92.073,2681.800,1,1,1
33567445,32243,1,-35.00,35.00,-38.10,35.08,-0.650,0.593,-70830,70989,7.58,222.8,89.756,2682.696,1,1,1
33577454,32253,1,-35.00,35.00,-39.85,35.98,-0.642,0.590,-70860,71015,7.59,220.2,96.159,2683.656,1,1,1
33587454,32263,1,-35.00,35.00,-41.08,37.05,-0.635,0.586,-70890,71042,7.61,217.8,108.354,2684.738,1,1,1
33597454,32273,1,-35.00,35.00,-40.62,39.12,-0.637,0.581,-70917,71072,7.59,212.5,114.390,2685.880,1,1,1
33607454,32283,1,-35.00,35.00,-41.62,39.25,-0.631,0.580,-70947,71099,7.60,211.0,110.305,2686.982,1,1,1
33617460,32293,1,-35.00,35.00,-42.32,38.46,-0.627,0.584,-70977,71124,7.59,208.2,106.768,2688.048,1,1,1
33627469,32303,1,-35.00,35.00,-41.93,37.03,-0.626,0.589,-71005,71147,7.59,208.7,101.829,2689.064,1,1,1
33637476,32313,1,-35.00,35.00,-41.21,34.71,-0.625,0.597,-71032,71167,7.59,208.0,90.488,2689.968,1,1,1
33647485,32323,1,-35.00,35.00,-42.03,32.21,-0.621,0.607,-71062,71185,7.59,211.8,84.207,2690.808,1,1,1
33657493,32333,1,-35.00,35.00,-42.17,33.09,-0.619,0.606,-71091,71209,7.59,214.2,82.134,2691.628,1,1,1
33667493,32343,1,-35.00,35.00,-41.82,34.15,-0.620,0.603,-71119,71234,7.59,216.0,87.561,2692.502,1,1,1
33677500,32353,1,-35.00,35.00,-42.46,34.45,-0.617,0.603,-71149,71258,7.59,213.2,98.354,2693.484,1,1,1
33687508,32363,1,-35.00,35.00,-42.47,34.66,-0.616,0.603,-71178,71282,7.60,211.5,108.293,2694.565,1,1,1
33697515,32373,1,-35.00,35.00,-42.91,36.57,-0.614,0.597,-71208,71310,7.59,211.2,115.976,2695.723,1,1,1
33707515,32383,1,-35.00,35.00,-43.22,39.22,-0.614,0.589,-71238,71341,7.59,208.2,115.549,2696.877,1,1,1
33717523,32393,1,-35.00,35.00,-41.24,38.44,-0.619,0.590,-71263,71366,7.60,203.8,108.171,2697.957,1,1,1
33727523,32403,1,-35.00,35.00,-40.29,35.70,-0.621,0.599,-71289,71386,7.60,207.2,94.146,2698.897,1,1,1
33737524,32413,1,-35.00,35.00,-40.07,32.46,-0.621,0.612,-71316,71403,7.59,211.8,81.646,2699.712,1,1,1
33747530,32423,1,-35.00,35.00,-40.35,31.51,-0.619,0.617,-71344,71423,7.59,214.0,79.817,2700.509,1,1,1
33757530,32433,1,-35.00,35.00,-40.55,32.16,-0.618,0.617,-71372,71446,7.58,217.8,85.183,2701.359,1,1,1
33767530,32443,1,-35.00,35.00,-41.57,33.50,-0.614,0.613,-71402,71471,7.59,218.2,96.220,2702.319,1,1,1
33777530,32453,1,-35.00,35.00,-41.40,34.00,-0.613,0.612,-71430,71495,7.60,213.0,107.500,2703.393,1,1,1
33787539,32463,1,-35.00,35.00,-41.29,35.22,-0.613,0.608,-71458,71521,7.60,214.0,114.634,2704.538,1,1,1
33797545,32473,1,-35.00,35.00,-39.01,36.96,-0.620,0.602,-71481,71549,7.60,215.5,111.220,2705.648,1,1,1
33807545,32483,1,-35.00,35.00,-39.61,37.74,-0.619,0.600,-71509,71576,7.59,211.2,100.366,2706.650,1,1,1
33817554,32493,1,-35.00,35.00,-40.03,36.52,-0.617,0.604,-71537,71599,7.59,208.7,94.268,2707.591,1,1,1
33827560,32503,1,-35.00,35.00,-39.89,34.36,-0.616,0.611,-71564,71619,7.60,212.5,93.293,2708.523,1,1,1
33837567,32513,1,-35.00,35.00,-40.23,31.52,-0.614,0.623,-71592,71636,7.59,216.2,91.220,2709.433,1,1,1
33847576,32523,1,-35.00,35.00,-40.02,32.17,-0.614,0.622,-71619,71659,7.59,220.2,87.073,2710.302,1,1,1
33857576,32533,1,-35.00,35.00,-40.32,33.07,-0.612,0.620,-71647,71683,7.59,221.0,87.805,2711.179,1,1,1
33867576,32543,1,-35.00,35.00,-40.53,34.13,-0.611,0.617,-71675,71708,7.60,217.5,97.012,2712.147,1,1,1
33877576,32553,1,-35.00,35.00,-39.80,34.88,-0.613,0.615,-71701,71733,7.60,216.8,103.110,2713.177,1,1,1
33887584,32563,1,-35.00,35.00,-38.84,35.84,-0.617,0.613,-71726,71759,7.59,215.2,99.756,2714.173,1,1,1
33897584,32573,1,-35.00,35.00,-38.18,37.83,-0.619,0.605,-71751,71788,7.59,216.8,92.683,2715.098,1,1,1
33907591,32583,1,-35.00,35.00,-38.15,37.91,-0.619,0.604,-71777,71814,7.59,217.2,89.939,2715.996,1,1,1
33917591,32593,1,-35.00,35.00,-39.01,37.52,-0.616,0.605,-71805,71839,7.60,214.0,92.683,2716.921,1,1,1
33927599,32603,1,-35.00,35.00,-38.73,35.93,-0.616,0.610,-71831,71861,7.60,212.8,94.512,2717.865,1,1,1
33937606,32613,1,-35.00,35.00,-38.98,33.06,-0.614,0.621,-71858,71879,7.59,213.0,92.195,2718.785,1,1,1
33947606,32623,1,-35.00,35.00,-40.03,31.49,-0.610,0.628,-71887,71898,7.59,221.5,86.585,2719.649,1,1,1
33957606,32633,1,-35.00,35.00,-39.89,33.03,-0.610,0.624,-71914,71923,7.59,219.2,80.610,2720.454,1,1,1
33967614,32643,1,-35.00,35.00,-39.35,33.67,-0.611,0.623,-71940,71947,7.59,219.8,82.744,2721.280,1,1,1
33977621,32653,1,-35.00,35.00,-37.65,34.55,-0.616,0.620,-71963,71972,7.59,219.2,87.439,2722.152,1,1,1
33987621,32663,1,-35.00,35.00,-36.90,35.61,-0.618,0.615,-71987,71998,7.60,220.8,85.610,2723.007,1,1,1
33997630,32673,1,-35.00,35.00,-36.82,36.36,-0.619,0.613,-72012,72024,7.59,218.0,84.939,2723.854,1,1,1
34007630,32683,1,-35.00,35.00,-38.08,37.31,-0.615,0.610,-72040,72051,7.59,218.8,89.390,2724.747,1,1,1
34017636,32693,1,-35.00,35.00,-38.08,35.35,-0.614,0.616,-72066,72072,7.60,217.0,93.902,2725.684,1,1,1
34027636,32703,1,-35.00,35.00,-38.96,33.97,-0.611,0.622,-72094,72093,7.60,218.2,93.902,2726.622,1,1,1
34037645,32713,1,-35.00,35.00,-39.58,33.89,-0.608,0.623,-72122,72116,7.59,221.2,92.439,2727.545,1,1,1
34047652,32723,1,-35.00,35.00,-40.45,34.71,-0.605,0.622,-72151,72141,7.59,217.5,89.695,2728.440,1,1,1
34057652,32733,1,-35.00,35.00,-40.62,35.72,-0.604,0.618,-72179,72167,7.60,218.0,89.207,2729.330,1,1,1
34067652,32743,1,-35.00,35.00,-37.66,36.43,-0.615,0.616,-72200,72193,7.59,215.2,91.341,2730.242,1,1,1
34077660,32753,1,-35.00,35.00,-36.47,37.81,-0.618,0.610,-72223,72221,7.59,217.2,93.110,2731.172,1,1,1
34087660,32763,1,-35.00,35.00,-36.08,38.77,-0.620,0.605,-72247,72249,7.60,217.8,88.049,2732.051,1,1,1
34097660,32773,1,-35.00,35.00,-37.12,38.56,-0.616,0.605,-72274,72275,7.60,219.2,85.488,2732.904,1,1,1
34107660,32783,1,-35.00,35.00,-36.97,37.10,-0.617,0.610,-72299,72298,7.59,214.8,92.012,2733.822,1,1,1
34117667,32793,1,-35.00,35.00,-37.30,34.32,-0.615,0.620,-72325,72317,7.59,216.5,92.378,2734.744,1,1,1
34127667,32803,1,-35.00,35.00,-38.42,32.81,-0.610,0.626,-72353,72337,7.59,218.2,88.232,2735.625,1,1,1
34137675,32813,1,-35.00,35.00,-38.32,33.52,-0.610,0.625,-72379,72361,7.59,221.2,84.024,2736.464,1,1,1
34147682,32823,1,-35.00,35.00,-39.13,34.45,-0.608,0.623,-72407,72386,7.59,221.0,81.341,2737.275,1,1,1
34157690,32833,1,-35.00,35.00,-38.38,35.98,-0.610,0.618,-72432,72413,7.59,220.5,87.256,2738.146,1,1,1
34167697,32843,1,-35.00,35.00,-36.97,37.93,-0.614,0.609,-72455,72442,7.60,218.2,95.183,2739.096,1,1,1
34177697,32853,1,-35.00,35.00,-36.43,38.86,-0.618,0.607,-72479,72470,7.59,215.5,95.732,2740.052,1,1,1
34187697,32863,1,-35.00,35.00,-36.05,39.06,-0.619,0.605,-72503,72497,7.59,215.5,89.695,2740.947,1,1,1
34197697,32873,1,-35.00,35.00,-37.54,37.01,-0.614,0.612,-72531,72519,7.59,218.8,87.683,2741.823,1,1,1
34207705,32883,1,-35.00,35.00,-37.26,34.26,-0.614,0.622,-72556,72538,7.59,217.0,88.171,2742.703,1,1,1
34217706,32893,1,-35.00,35.00,-37.51,32.33,-0.611,0.629,-72582,72557,7.60,218.5,84.939,2743.550,1,1,1
34227712,32903,1,-35.00,35.00,-37.68,33.62,-0.611,0.626,-72608,72582,7.59,223.8,80.732,2744.356,1,1,1
34237712,32913,1,-35.00,35.00,-37.36,35.84,-0.613,0.619,-72633,72610,7.59,224.0,80.427,2745.159,1,1,1
34247721,32923,1,-35.00,35.00,-37.58,36.07,-0.613,0.619,-72659,72635,7.58,219.5,87.683,2746.034,1,1,1
34257721,32933,1,-35.00,35.00,-36.41,36.68,-0.615,0.615,-72682,72661,7.59,217.5,94.268,2746.975,1,1,1
34267727,32943,1,-35.00,35.00,-35.60,39.74,-0.620,0.604,-72705,72693,7.59,218.5,93.720,2747.911,1,1,1
34277736,32953,1,-35.00,35.00,-35.90,40.12,-0.619,0.602,-72730,72721,7.59,218.0,88.415,2748.793,1,1,1
34287743,32963,1,-35.00,35.00,-36.56,38.19,-0.617,0.609,-72756,72744,7.58,214.5,87.927,2749.671,1,1,1
34297743,32973,1,-35.00,35.00,-37.02,34.64,-0.614,0.621,-72782,72762,7.59,217.8,89.939,2750.569,1,1,1
34307751,32983,1,-35.00,35.00,-36.46,33.48,-0.616,0.626,-72806,72783,7.58,221.0,88.171,2751.449,1,1,1
34317758,32993,1,-35.00,35.00,-36.51,34.42,-0.615,0.622,-72831,72808,7.59,225.8,84.329,2752.290,1,1,1
34327758,33003,1,-35.00,35.00,-37.86,35.96,-0.611,0.617,-72859,72835,7.59,222.5,87.561,2753.164,1,1,1
34337769,33013,1,-35.00,35.00,-38.37,36.60,-0.609,0.616,-72886,72861,7.59,216.5,97.439,2754.137,1,1,1
34347773,33023,1,-35.00,35.00,-37.40,38.36,-0.612,0.608,-72910,72890,7.60,217.0,103.171,2755.167,1,1,1
34357773,33033,1,-35.00,35.00,-34.97,39.60,-0.621,0.604,-72930,72919,7.60,212.8,100.854,2756.174,1,1,1
34367773,33043,1,-35.00,35.00,-34.15,40.02,-0.624,0.601,-72952,72947,7.60,214.8,92.378,2757.096,1,1,1
34377773,33053,1,-35.00,35.00,-34.45,39.00,-0.624,0.605,-72976,72972,7.59,219.2,81.463,2757.909,1,1,1
34387773,33063,1,-35.00,35.00,-34.22,36.97,-0.625,0.612,-72999,72994,7.59,219.2,77.317,2758.680,1,1,1
34397773,33073,1,-35.00,35.00,-34.50,33.35,-0.624,0.624,-73023,73011,7.58,222.2,80.549,2759.484,1,1,1
34407782,33083,1,-35.00,35.00,-34.26,33.45,-0.625,0.624,-73046,73034,7.59,226.0,80.305,2760.286,1,1,1
34417788,33093,1,-35.00,35.00,-34.53,34.84,-0.624,0.619,-73070,73060,7.59,228.8,79.085,2761.075,1,1,1
34427797,33103,1,-35.00,35.00,-34.28,35.82,-0.625,0.615,-73093,73086,7.59,228.5,86.463,2761.938,1,1,1
34437797,33113,1,-35.00,35.00,-34.54,36.06,-0.625,0.614,-73117,73111,7.59,225.5,93.537,2762.872,1,1,1
34447797,33123,1,-35.00,35.00,-34.29,37.54,-0.627,0.609,-73140,73139,7.59,223.5,97.866,2763.849,1,1,1
34457797,33133,1,-35.00,35.00,-34.11,38.15,-0.628,0.607,-73163,73166,7.59,224.0,98.415,2764.832,1,1,1
34467797,33143,1,-35.00,35.00,-33.98,37.69,-0.630,0.609,-73186,73191,7.58,222.5,95.976,2765.790,1,1,1
34477803,33153,1,-35.00,35.00,-34.33,36.49,-0.628,0.611,-73210,73214,7.59,223.2,93.841,2766.726,1,1,1
34487803,33163,1,-35.00,35.00,-34.58,33.45,-0.626,0.622,-73234,73232,7.59,223.8,89.634,2767.621,1,1,1
34497812,33173,1,-35.00,35.00,-35.19,34.40,-0.624,0.619,-73259,73257,7.59,227.0,85.061,2768.470,1,1,1
34507818,33183,1,-35.00,35.00,-35.62,35.07,-0.623,0.617,-73284,73282,7.59,223.2,85.488,2769.323,1,1,1
34517827,33193,1,-35.00,35.00,-36.80,35.53,-0.618,0.615,-73311,73307,7.60,227.0,92.927,2770.251,1,1,1
34527827,33203,1,-35.00,35.00,-36.31,34.98,-0.619,0.617,-73335,73330,7.60,222.2,102.622,2771.276,1,1,1
34537834,33213,1,-35.00,35.00,-36.84,36.35,-0.618,0.613,-73361,73357,7.59,220.5,112.256,2772.396,1,1,1
34547834,33223,1,-35.00,35.00,-36.77,39.07,-0.618,0.603,-73386,73388,7.60,218.0,113.415,2773.529,1,1,1
34557834,33233,1,-35.00,35.00,-36.29,38.77,-0.620,0.604,-73410,73414,7.59,216.5,107.622,2774.604,1,1,1
34567834,33243,1,-35.00,35.00,-34.63,38.13,-0.626,0.606,-73431,73439,7.59,214.5,95.244,2775.554,1,1,1
34577842,33253,1,-35.00,35.00,-33.03,35.92,-0.630,0.612,-73451,73460,7.60,215.5,80.671,2776.359,1,1,1
34587849,33263,1,-35.00,35.00,-34.99,32.61,-0.623,0.624,-73478,73477,7.60,221.2,70.793,2777.066,1,1,1
34597849,33273,1,-35.00,35.00,-35.92,32.50,-0.619,0.625,-73504,73499,7.60,226.0,69.146,2777.756,1,1,1
34607849,33283,1,-35.00,35.00,-36.13,33.30,-0.619,0.624,-73529,73523,7.59,224.5,70.000,2778.454,1,1,1
34617857,33293,1,-35.00,35.00,-36.72,33.41,-0.616,0.624,-73555,73546,7.59,222.8,77.073,2779.223,1,1,1
34627857,33303,1,-35.00,35.00,-36.69,33.50,-0.617,0.625,-73580,73569,7.59,222.8,90.366,2780.125,1,1,1
34637857,33313,1,-35.00,35.00,-37.99,33.99,-0.613,0.625,-73608,73593,7.58,221.2,99.146,2781.115,1,1,1
34647864,33323,1,-35.00,35.00,-37.58,34.78,-0.613,0.622,-73633,73618,7.59,220.0,102.134,2782.135,1,1,1
34657864,33333,1,-35.00,35.00,-35.97,34.46,-0.618,0.623,-73655,73641,7.59,220.0,97.866,2783.112,1,1,1
34667872,33343,1,-35.00,35.00,-34.41,34.67,-0.623,0.622,-73676,73665,7.59,222.0,85.671,2783.967,1,1,1
34677872,33353,1,-35.00,35.00,-34.19,33.93,-0.624,0.625,-73699,73687,7.59,224.0,75.427,2784.719,1,1,1
34687873,33363,1,-35.00,35.00,-35.80,35.18,-0.619,0.621,-73726,73713,7.59,224.8,74.817,2785.466,1,1,1
34697879,33373,1,-35.00,35.00,-36.49,36.49,-0.618,0.617,-73752,73740,7.58,222.2,85.915,2786.323,1,1,1
34707879,33383,1,-35.00,35.00,-36.53,35.65,-0.616,0.619,-73777,73763,7.60,221.8,97.073,2787.292,1,1,1
34717879,33393,1,-35.00,35.00,-35.68,34.62,-0.619,0.623,-73800,73785,7.59,219.8,105.366,2788.344,1,1,1
34727879,33403,1,-35.00,35.00,-35.96,36.98,-0.618,0.614,-73825,73814,7.59,222.5,106.463,2789.407,1,1,1
34737888,33413,1,-35.00,35.00,-36.60,38.19,-0.617,0.609,-73851,73842,7.59,219.0,101.951,2790.425,1,1,1
34747894,33423,1,-35.00,35.00,-35.73,38.16,-0.621,0.609,-73874,73868,7.58,217.8,98.171,2791.405,1,1,1
34757894,33433,1,-35.00,35.00,-34.68,33.74,-0.623,0.624,-73896,73884,7.59,219.2,87.927,2792.283,1,1,1
34767894,33443,1,-35.00,35.00,-34.38,34.17,-0.623,0.621,-73919,73908,7.59,220.5,78.537,2793.067,1,1,1
34777903,33453,1,-35.00,35.00,-35.49,34.02,-0.620,0.623,-73945,73931,7.59,225.8,74.634,2793.811,1,1,1
34787910,33463,1,-35.00,35.00,-35.83,35.68,-0.619,0.617,-73970,73958,7.59,222.2,78.720,2794.597,1,1,1
34797910,33473,1,-35.00,35.00,-35.19,35.52,-0.622,0.618,-73993,73982,7.58,218.8,90.976,2795.505,1,1,1
34807910,33483,1,-35.00,35.00,-35.62,34.97,-0.619,0.619,-74018,74005,7.59,222.2,102.195,2796.525,1,1,1
34817918,33493,1,-35.00,35.00,-36.80,35.47,-0.616,0.618,-74045,74030,7.59,220.8,107.683,2797.601,1,1,1
34827925,33503,1,-35.00,35.00,-36.31,39.33,-0.618,0.604,-74069,74063,7.59,220.0,106.646,2798.666,1,1,1
34837928,33513,1,-35.00,35.00,-35.96,39.40,-0.620,0.604,-74093,74090,7.59,214.2,103.415,2799.698,1,1,1
34847933,33523,1,-35.00,35.00,-34.84,39.00,-0.624,0.605,-74115,74116,7.59,215.0,97.256,2800.669,1,1,1
34857933,33533,1,-35.00,35.00,-34.06,38.29,-0.626,0.605,-74137,74141,7.60,219.0,85.000,2801.517,1,1,1
34867940,33543,1,-35.00,35.00,-34.83,35.15,-0.623,0.616,-74162,74160,7.60,218.0,77.378,2802.290,1,1,1
34877940,33553,1,-35.00,35.00,-35.36,33.83,-0.621,0.621,-74187,74181,7.59,219.8,76.159,2803.050,1,1,1
34887940,33563,1,-35.00,35.00,-35.30,33.35,-0.621,0.624,-74211,74203,7.59,223.8,78.354,2803.832,1,1,1
34897940,33573,1,-35.00,35.00,-35.26,33.45,-0.621,0.623,-74235,74226,7.59,224.5,82.439,2804.654,1,1,1
34907940,33583,1,-35.00,35.00,-36.99,33.96,-0.615,0.623,-74263,74250,7.59,222.2,91.159,2805.564,1,1,1
34917940,33593,1,-35.00,35.00,-39.07,34.76,-0.608,0.621,-74293,74275,7.60,221.2,102.561,2806.588,1,1,1
34927948,33603,1,-35.00,35.00,-39.66,35.76,-0.605,0.618,-74321,74301,7.60,217.8,111.707,2807.704,1,1,1
34937948,33613,1,-35.00,35.00,-37.87,36.02,-0.611,0.617,-74344,74326,7.60,215.0,109.024,2808.792,1,1,1
34947955,33623,1,-35.00,35.00,-36.61,34.88,-0.616,0.621,-74367,74348,7.59,216.2,91.707,2809.708,1,1,1
34957955,33633,1,-35.00,35.00,-33.54,35.40,-0.626,0.618,-74385,74373,7.59,220.8,77.317,2810.479,1,1,1
34967955,33643,1,-35.00,35.00,-33.15,35.33,-0.628,0.618,-74407,74397,7.59,224.8,77.317,2811.251,1,1,1
34977955,33653,1,-35.00,35.00,-34.63,35.28,-0.624,0.618,-74433,74421,7.59,223.2,73.598,2811.985,1,1,1
34987964,33663,1,-35.00,35.00,-34.79,35.68,-0.623,0.617,-74457,74446,7.59,222.5,81.159,2812.795,1,1,1
34997979,33673,1,-35.00,35.00,-34.90,36.84,-0.623,0.612,-74481,74473,7.59,223.8,93.720,2813.731,1,1,1
35007990,33683,1,-35.00,35.00,-35.85,38.53,-0.621,0.607,-74507,74502,7.59,222.2,97.988,2814.709,1,1,1
35017998,33693,1,-35.00,35.00,-36.96,37.96,-0.616,0.609,-74534,74527,7.59,215.2,95.488,2815.662,1,1,1
35028005,33704,1,-35.00,35.00,-36.86,37.56,-0.616,0.609,-74559,74552,7.60,215.2,95.061,2816.611,1,1,1
35038006,33714,1,-35.00,35.00,-36.35,33.32,-0.617,0.624,-74583,74568,7.59,217.0,96.159,2817.571,1,1,1
35048020,33724,1,-35.00,35.00,-35.99,33.43,-0.617,0.624,-74607,74591,7.60,223.8,90.488,2818.474,1,1,1
35058020,33734,1,-35.00,35.00,-35.30,33.95,-0.620,0.623,-74630,74615,7.59,220.2,80.427,2819.277,1,1,1
35068029,33744,1,-35.00,35.00,-35.26,35.19,-0.620,0.619,-74654,74641,7.59,225.5,78.902,2820.064,1,1,1
35078029,33754,1,-35.00,35.00,-35.67,35.18,-0.620,0.620,-74679,74665,7.58,222.0,89.390,2820.957,1,1,1
35088036,33764,1,-35.00,35.00,-35.51,36.49,-0.620,0.614,-74703,74692,7.59,221.2,103.598,2821.991,1,1,1
35098044,33774,1,-35.00,35.00,-34.97,39.61,-0.623,0.603,-74726,74724,7.59,220.2,111.280,2823.102,1,1,1
35108051,33784,1,-35.00,35.00,-31.51,40.47,-0.636,0.598,-74742,74753,7.59,216.8,109.085,2824.191,1,1,1
35118051,33794,1,-35.00,35.00,-22.06,39.75,-0.672,0.597,-74742,74779,7.59,220.2,104.390,2825.234,1,1,1
35128059,33804,1,-35.00,35.00,-15.44,37.06,-0.700,0.602,-74742,74800,7.59,242.5,100.366,2826.236,1,1,1
35138066,33814,1,-35.00,35.00,-10.81,33.41,-0.721,0.612,-74742,74817,7.57,262.5,91.951,2827.154,1,1,1
35148066,33824,1,-35.00,35.00,-7.57,33.06,-0.734,0.610,-74742,74839,7.57,289.8,78.659,2827.938,1,1,1
35158074,33834,1,-35.00,35.00,-5.74,34.12,-0.745,0.605,-74743,74864,7.55,295.5,71.280,2828.650,1,1,1
35168081,33844,1,-35.00,35.00,-4.01,35.31,-0.754,0.598,-74743,74890,7.55,302.2,78.110,2829.429,1,1,1
35178081,33854,1,-35.00,35.00,-2.81,36.58,-0.761,0.589,-74743,74917,7.56,305.0,93.415,2830.362,1,1,1
35188081,33864,1,-35.00,35.00,-11.20,37.47,-0.736,0.584,-74764,74944,7.57,315.8,103.780,2831.398,1,1,1
35198090,33874,1,-35.00,35.00,-20.14,38.54,-0.709,0.581,-74792,74972,7.57,280.2,104.939,2832.446,1,1,1
35208090,33884,1,-35.00,35.00,-26.40,38.40,-0.690,0.581,-74820,74998,7.57,253.0,103.780,2833.482,1,1,1
35218096,33894,1,-35.00,35.00,-32.11,35.23,-0.670,0.591,-74851,75017,7.59,240.5,104.024,2834.521,1,1,1
35228096,33904,1,-35.00,35.00,-34.78,34.77,-0.660,0.593,-74879,75040,7.59,231.2,98.232,2835.501,1,1,1
35238097,33914,1,-35.00,35.00,-36.65,34.89,-0.654,0.593,-74907,75064,7.59,226.0,90.427,2836.404,1,1,1
35248111,33924,1,-35.00,35.00,-39.28,34.97,-0.644,0.595,-74938,75088,7.59,223.2,90.061,2837.303,1,1,1
35258112,33934,1,-35.00,35.00,-40.68,35.90,-0.638,0.592,-74968,75114,7.59,220.2,96.768,2838.269,1,1,1
35268120,33944,1,-35.00,35.00,-40.78,37.00,-0.635,0.588,-74996,75141,7.60,213.0,107.378,2839.341,1,1,1
35278127,33954,1,-35.00,35.00,-41.73,38.20,-0.630,0.585,-75026,75169,7.60,210.7,112.805,2840.468,1,1,1
35288127,33964,1,-35.00,35.00,-41.95,38.17,-0.627,0.585,-75055,75195,7.60,209.0,108.902,2841.555,1,1,1
35298135,33974,1,-35.00,35.00,-41.67,37.70,-0.626,0.587,-75083,75220,7.60,208.7,105.000,2842.603,1,1,1
35308142,33984,1,-35.00,35.00,-41.92,36.50,-0.623,0.592,-75112,75243,7.60,208.7,99.939,2843.601,1,1,1
35318151,33994,1,-35.00,35.00,-41.65,34.34,-0.622,0.600,-75140,75263,7.59,208.5,89.939,2844.499,1,1,1
35328157,34004,1,-35.00,35.00,-42.34,32.39,-0.617,0.608,-75170,75282,7.60,213.8,87.073,2845.368,1,1,1
35338169,34014,1,-35.00,35.00,-42.38,33.66,-0.618,0.606,-75199,75307,7.59,215.0,85.915,2846.225,1,1,1
35348181,34024,1,-35.00,35.00,-41.97,34.11,-0.618,0.605,-75227,75331,7.59,211.8,88.293,2847.107,1,1,1
35358188,34034,1,-35.00,35.00,-42.12,34.42,-0.617,0.605,-75256,75355,7.59,214.0,95.366,2848.059,1,1,1
35368202,34044,1,-35.00,35.00,-43.11,34.64,-0.612,0.605,-75287,75379,7.60,212.5,103.659,2849.094,1,1,1
35378202,34054,1,-35.00,35.00,-44.68,36.11,-0.606,0.601,-75320,75406,7.60,209.7,112.073,2850.213,1,1,1
35388211,34064,1,-35.00,35.00,-41.82,38.02,-0.615,0.593,-75344,75435,7.60,207.7,113.354,2851.344,1,1,1
35398218,34074,1,-35.00,35.00,-40.70,38.04,-0.620,0.594,-75370,75461,7.59,207.2,104.939,2852.392,1,1,1
35408218,34084,1,-35.00,35.00,-40.36,36.30,-0.620,0.600,-75397,75483,7.59,209.0,93.659,2853.327,1,1,1
35418226,34094,1,-35.00,35.00,-40.55,32.88,-0.617,0.611,-75425,75500,7.60,210.0,86.768,2854.193,1,1,1
35428226,34104,1,-35.00,35.00,-41.13,31.37,-0.614,0.619,-75454,75519,7.60,217.8,86.646,2855.058,1,1,1
35438226,34114,1,-35.00,35.00,-41.10,32.06,-0.614,0.619,-75482,75542,7.59,218.5,88.537,2855.942,1,1,1
35448233,34124,1,-35.00,35.00,-41.95,33.43,-0.610,0.615,-75512,75567,7.60,217.0,94.512,2856.885,1,1,1
35458233,34134,1,-35.00,35.00,-42.99,33.95,-0.606,0.615,-75543,75591,7.59,216.5,105.427,2857.938,1,1,1
35468233,34144,1,-35.00,35.00,-40.64,34.75,-0.613,0.612,-75567,75616,7.59,215.5,113.171,2859.068,1,1,1
35478233,34154,1,-35.00,35.00,-38.99,36.63,-0.619,0.606,-75591,75644,7.59,215.2,109.451,2860.161,1,1,1
35488233,34164,1,-35.00,35.00,-38.28,37.51,-0.621,0.602,-75616,75671,7.59,214.5,99.024,2861.150,1,1,1
35498242,34174,1,-35.00,35.00,-40.42,36.36,-0.613,0.606,-75647,75694,7.60,213.0,93.476,2862.083,1,1,1
35508256,34184,1,-35.00,35.00,-39.72,33.80,-0.615,0.616,-75673,75713,7.59,214.8,92.683,2863.008,1,1,1
35518263,34194,1,-35.00,35.00,-39.67,31.13,-0.613,0.626,-75700,75730,7.60,216.5,91.280,2863.919,1,1,1
35528263,34204,1,-35.00,35.00,-40.95,31.90,-0.609,0.626,-75730,75753,7.59,222.8,88.415,2864.802,1,1,1
35538264,34214,1,-35.00,35.00,-41.85,33.76,-0.605,0.621,-75760,75779,7.59,220.0,89.329,2865.693,1,1,1
35548264,34224,1,-35.00,35.00,-41.16,34.18,-0.607,0.621,-75787,75803,7.59,217.0,98.354,2866.675,1,1,1
35558278,34234,1,-35.00,35.00,-38.92,34.91,-0.614,0.618,-75810,75828,7.60,216.2,104.390,2867.718,1,1,1
35568278,34244,1,-35.00,35.00,-37.79,35.86,-0.618,0.615,-75834,75854,7.59,217.8,99.878,2868.715,1,1,1
35578287,34254,1,-35.00,35.00,-37.44,37.41,-0.619,0.608,-75859,75882,7.60,221.0,93.354,2869.646,1,1,1
35588294,34264,1,-35.00,35.00,-38.51,37.61,-0.615,0.608,-75887,75908,7.59,215.8,91.280,2870.558,1,1,1
35598294,34274,1,-35.00,35.00,-38.82,36.88,-0.614,0.610,-75914,75932,7.59,216.0,95.000,2871.506,1,1,1
35608294,34284,1,-35.00,35.00,-39.04,35.92,-0.612,0.613,-75941,75955,7.60,214.5,98.110,2872.486,1,1,1
35618302,34294,1,-35.00,35.00,-40.51,33.05,-0.606,0.624,-75971,75973,7.60,214.5,97.378,2873.458,1,1,1
35628309,34304,1,-35.00,35.00,-42.42,31.93,-0.599,0.630,-76003,75993,7.59,216.5,90.488,2874.361,1,1,1
35638317,34314,1,-35.00,35.00,-42.44,33.34,-0.598,0.627,-76032,76018,7.60,218.5,84.695,2875.206,1,1,1
35648324,34324,1,-35.00,35.00,-39.81,33.88,-0.607,0.626,-76055,76042,7.59,217.2,86.402,2876.069,1,1,1
35658324,34334,1,-35.00,35.00,-36.66,34.70,-0.618,0.623,-76075,76067,7.58,218.5,88.171,2876.949,1,1,1
35668332,34344,1,-35.00,35.00,-34.89,35.72,-0.622,0.618,-76096,76093,7.60,221.5,86.037,2877.807,1,1,1
35678332,34354,1,-35.00,35.00,-36.29,35.99,-0.618,0.617,-76123,76118,7.60,224.5,84.024,2878.646,1,1,1
35688339,34364,1,-35.00,35.00,-36.83,37.06,-0.616,0.613,-76149,76145,7.60,217.5,86.890,2879.513,1,1,1
35698339,34374,1,-35.00,35.00,-36.77,35.61,-0.617,0.619,-76174,76167,7.59,217.2,91.951,2880.431,1,1,1
35708339,34384,1,-35.00,35.00,-38.48,34.15,-0.610,0.624,-76203,76188,7.59,218.5,91.707,2881.347,1,1,1
35718348,34394,1,-35.00,35.00,-38.80,34.02,-0.608,0.625,-76230,76211,7.60,222.0,88.232,2882.227,1,1,1
35728348,34404,1,-35.00,35.00,-39.91,34.80,-0.604,0.623,-76259,76236,7.60,221.0,87.744,2883.103,1,1,1
35738354,34414,1,-35.00,35.00,-38.92,35.78,-0.609,0.621,-76284,76262,7.59,216.0,91.646,2884.018,1,1,1
35748367,34424,1,-35.00,35.00,-36.91,36.47,-0.615,0.618,-76306,76288,7.58,217.8,94.085,2884.957,1,1,1
35758369,34434,1,-35.00,35.00,-36.82,37.40,-0.615,0.614,-76331,76315,7.59,220.5,90.854,2885.864,1,1,1
35768378,34444,1,-35.00,35.00,-37.64,38.48,-0.613,0.609,-76358,76343,7.59,216.2,90.427,2886.767,1,1,1
35778378,34454,1,-35.00,35.00,-37.78,38.80,-0.613,0.608,-76384,76370,7.59,212.2,96.341,2887.728,1,1,1
35788378,34464,1,-35.00,35.00,-37.43,36.83,-0.613,0.613,-76409,76392,7.60,215.5,97.012,2888.697,1,1,1
35798385,34474,1,-35.00,35.00,-37.63,33.69,-0.612,0.625,-76435,76410,7.59,217.0,92.439,2889.620,1,1,1
35808393,34484,1,-35.00,35.00,-39.08,33.25,-0.607,0.628,-76464,76432,7.59,219.5,86.707,2890.485,1,1,1
35818400,34494,1,-35.00,35.00,-40.10,33.82,-0.603,0.627,-76493,76456,7.58,221.0,82.805,2891.312,1,1,1
35828400,34504,1,-35.00,35.00,-40.38,35.10,-0.602,0.624,-76521,76482,7.59,219.5,89.329,2892.203,1,1,1
35838406,34514,1,-35.00,35.00,-38.81,36.00,-0.607,0.621,-76545,76508,7.58,216.0,95.671,2893.158,1,1,1
35848415,34524,1,-35.00,35.00,-35.96,37.50,-0.616,0.613,-76565,76536,7.59,216.5,94.024,2894.097,1,1,1
35858415,34534,1,-35.00,35.00,-35.72,38.56,-0.617,0.609,-76589,76564,7.59,217.0,86.646,2894.962,1,1,1
35868415,34544,1,-35.00,35.00,-36.43,38.85,-0.615,0.609,-76615,76591,7.59,218.5,83.354,2895.793,1,1,1
35878415,34554,1,-35.00,35.00,-36.49,36.87,-0.615,0.615,-76640,76613,7.59,215.5,85.061,2896.642,1,1,1
35888423,34564,1,-35.00,35.00,-36.97,33.72,-0.612,0.626,-76666,76631,7.59,216.2,84.817,2897.489,1,1,1
35898430,34574,1,-35.00,35.00,-37.30,33.27,-0.610,0.628,-76692,76653,7.59,222.5,81.524,2898.302,1,1,1
35908439,34584,1,-35.00,35.00,-37.98,34.28,-0.608,0.625,-76719,76678,7.60,225.3,82.622,2899.127,1,1,1
35918439,34594,1,-35.00,35.00,-37.57,35.86,-0.610,0.621,-76744,76705,7.58,218.2,82.622,2899.951,1,1,1
35928439,34604,1,-35.00,35.00,-37.29,36.53,-0.611,0.618,-76769,76731,7.59,218.2,91.159,2900.861,1,1,1
35938445,34614,1,-35.00,35.00,-35.77,37.87,-0.615,0.612,-76791,76759,7.60,218.2,99.634,2901.856,1,1,1
35948454,34624,1,-35.00,35.00,-36.02,40.13,-0.616,0.605,-76816,76790,7.59,217.2,99.451,2902.849,1,1,1
35958460,34634,1,-35.00,35.00,-36.20,40.40,-0.616,0.604,-76841,76818,7.59,215.5,92.134,2903.769,1,1,1
35968460,34644,1,-35.00,35.00,-35.45,37.95,-0.617,0.610,-76864,76840,7.60,215.8,90.122,2904.668,1,1,1
35978469,34654,1,-35.00,35.00,-36.24,34.03,-0.614,0.625,-76890,76857,7.59,220.5,90.610,2905.573,1,1,1
35988476,34664,1,-35.00,35.00,-36.79,33.49,-0.612,0.627,-76916,76879,7.59,221.5,90.183,2906.473,1,1,1
35998484,34674,1,-35.00,35.00,-38.06,33.99,-0.608,0.627,-76944,76903,7.59,224.5,87.195,2907.343,1,1,1
36008493,34684,1,-35.00,35.00,-40.27,35.66,-0.600,0.622,-76975,76930,7.59,223.5,88.902,2908.231,1,1,1
36018500,34694,1,-35.00,35.00,-40.05,37.27,-0.601,0.616,-77002,76958,7.59,219.0,100.183,2909.231,1,1,1
36028500,34704,1,-35.00,35.00,-36.82,38.83,-0.612,0.610,-77022,76987,7.59,214.0,109.268,2910.322,1,1,1
36038508,34714,1,-35.00,35.00,-34.13,39.49,-0.622,0.607,-77041,77015,7.59,214.8,105.793,2911.378,1,1,1
36048515,34724,1,-35.00,35.00,-31.80,39.94,-0.631,0.604,-77059,77043,7.59,217.5,93.293,2912.310,1,1,1
36058515,34734,1,-35.00,35.00,-31.93,38.95,-0.632,0.607,-77081,77068,7.59,223.2,81.524,2913.124,1,1,1
36068515,34744,1,-35.00,35.00,-33.77,36.93,-0.626,0.613,-77107,77090,7.59,223.2,75.549,2913.877,1,1,1
36078515,34754,1,-35.00,35.00,-33.75,33.32,-0.625,0.625,-77130,77107,7.60,222.8,78.659,2914.662,1,1,1
36088524,34764,1,-35.00,35.00,-34.17,33.43,-0.624,0.625,-77154,77130,7.59,231.0,78.110,2915.442,1,1,1
36098530,34774,1,-35.00,35.00,-33.59,34.83,-0.628,0.621,-77176,77156,7.59,227.8,74.512,2916.185,1,1,1
36108539,34784,1,-35.00,35.00,-34.06,35.81,-0.627,0.618,-77200,77182,7.59,228.5,83.232,2917.016,1,1,1
36118545,34794,1,-35.00,35.00,-34.39,36.05,-0.625,0.616,-77224,77207,7.60,231.8,92.256,2917.937,1,1,1
36128545,34804,1,-35.00,35.00,-33.74,36.66,-0.629,0.614,-77246,77233,7.59,227.0,97.439,2918.909,1,1,1
36138545,34814,1,-35.00,35.00,-33.73,37.53,-0.631,0.612,-77269,77260,7.57,226.8,98.963,2919.897,1,1,1
36148545,34824,1,-35.00,35.00,-34.15,37.26,-0.628,0.610,-77293,77285,7.60,227.8,96.463,2920.860,1,1,1
36158545,34834,1,-35.00,35.00,-34.89,37.50,-0.626,0.610,-77318,77311,7.60,223.0,93.049,2921.789,1,1,1
36168554,34844,1,-35.00,35.00,-35.41,34.16,-0.624,0.621,-77343,77329,7.59,221.2,88.354,2922.671,1,1,1
36178554,34854,1,-35.00,35.00,-34.46,34.90,-0.628,0.619,-77365,77354,7.59,226.3,85.000,2923.520,1,1,1
36188554,34864,1,-35.00,35.00,-35.98,35.42,-0.623,0.618,-77392,77379,7.58,226.8,83.659,2924.354,1,1,1
36198554,34874,1,-35.00,35.00,-36.62,35.34,-0.620,0.618,-77418,77403,7.59,225.5,89.878,2925.252,1,1,1
36208560,34884,1,-35.00,35.00,-36.62,35.28,-0.619,0.618,-77443,77427,7.59,223.2,99.573,2926.246,1,1,1
36218560,34894,1,-35.00,35.00,-37.06,36.12,-0.617,0.615,-77469,77453,7.60,221.2,110.183,2927.346,1,1,1
36228560,34904,1,-35.00,35.00,-35.61,38.91,-0.622,0.605,-77491,77484,7.60,219.8,114.146,2928.486,1,1,1
36238569,34914,1,-35.00,35.00,-35.03,38.66,-0.625,0.606,-77514,77510,7.59,218.2,107.073,2929.555,1,1,1
36248571,34924,1,-35.00,35.00,-34.19,38.49,-0.629,0.606,-77536,77536,7.59,216.2,93.293,2930.486,1,1,1
36258584,34934,1,-35.00,35.00,-34.48,36.61,-0.627,0.612,-77560,77558,7.60,219.8,80.915,2931.294,1,1,1
36268584,34944,1,-35.00,35.00,-36.00,33.54,-0.621,0.622,-77587,77576,7.60,220.0,73.780,2932.030,1,1,1
36278591,34954,1,-35.00,35.00,-36.19,32.70,-0.620,0.626,-77612,77597,7.59,221.8,75.122,2932.780,1,1,1
36288599,34964,1,-35.00,35.00,-35.44,33.00,-0.621,0.626,-77635,77620,7.60,225.5,76.585,2933.544,1,1,1
36298599,34974,1,-35.00,35.00,-36.67,33.65,-0.617,0.625,-77662,77644,7.59,226.0,79.146,2934.333,1,1,1
36308599,34984,1,-35.00,35.00,-37.54,33.66,-0.613,0.626,-77689,77667,7.59,221.8,90.061,2935.232,1,1,1
36318599,34994,1,-35.00,35.00,-39.02,34.55,-0.607,0.624,-77718,77692,7.59,220.5,100.122,2936.232,1,1,1
36328599,35004,1,-35.00,35.00,-37.86,34.73,-0.611,0.623,-77742,77716,7.59,218.5,102.317,2937.253,1,1,1
36338603,35014,1,-35.00,35.00,-34.85,34.86,-0.622,0.623,-77761,77740,7.58,217.0,94.756,2938.199,1,1,1
36348606,35024,1,-35.00,35.00,-34.06,35.39,-0.624,0.621,-77783,77765,7.59,223.0,83.110,2939.029,1,1,1
36358606,35034,1,-35.00,35.00,-34.83,34.00,-0.620,0.625,-77808,77786,7.59,221.8,76.220,2939.789,1,1,1
36368606,35044,1,-35.00,35.00,-35.81,35.66,-0.618,0.620,-77834,77813,7.59,224.8,78.293,2940.571,1,1,1
36378606,35054,1,-35.00,35.00,-35.61,36.39,-0.619,0.618,-77858,77839,7.58,222.8,86.463,2941.434,1,1,1
36388606,35064,1,-35.00,35.00,-35.91,36.02,-0.618,0.618,-77883,77863,7.59,220.2,95.732,2942.389,1,1,1
36398614,35074,1,-35.00,35.00,-36.57,34.88,-0.615,0.623,-77909,77885,7.59,220.2,105.244,2943.440,1,1,1
36408621,35084,1,-35.00,35.00,-37.02,38.04,-0.614,0.611,-77935,77916,7.59,220.5,110.915,2944.547,1,1,1
36418621,35094,1,-35.00,35.00,-36.02,38.93,-0.618,0.607,-77958,77944,7.59,214.8,108.049,2945.626,1,1,1
36428621,35104,1,-35.00,35.00,-36.20,38.68,-0.617,0.607,-77983,77970,7.59,214.5,101.098,2946.635,1,1,1
36438621,35114,1,-35.00,35.00,-34.13,37.62,-0.624,0.610,-78003,77994,7.59,215.8,87.866,2947.512,1,1,1
36448621,35124,1,-35.00,35.00,-34.88,34.25,-0.621,0.621,-78028,78012,7.59,219.8,79.512,2948.306,1,1,1
36458630,35134,1,-35.00,35.00,-35.40,32.76,-0.619,0.627,-78053,78032,7.59,221.0,78.537,2949.090,1,1,1
36468630,35144,1,-35.00,35.00,-36.21,34.36,-0.617,0.623,-78079,78058,7.59,223.8,80.549,2949.894,1,1,1
36478636,35154,1,-35.00,35.00,-35.89,34.60,-0.617,0.622,-78103,78082,7.59,224.8,86.280,2950.755,1,1,1
36488645,35164,1,-35.00,35.00,-36.11,34.77,-0.616,0.621,-78128,78106,7.60,223.2,98.841,2951.741,1,1,1
36498652,35174,1,-35.00,35.00,-36.26,35.76,-0.617,0.619,-78153,78132,7.59,219.8,107.683,2952.817,1,1,1
36508660,35184,1,-35.00,35.00,-36.81,38.66,-0.615,0.608,-78179,78163,7.59,220.0,107.378,2953.889,1,1,1
36518667,35194,1,-35.00,35.00,-35.44,38.92,-0.620,0.606,-78201,78190,7.60,217.2,103.598,2954.923,1,1,1
36528667,35204,1,-35.00,35.00,-34.47,38.23,-0.623,0.607,-78223,78215,7.60,216.5,93.537,2955.857,1,1,1
36538667,35214,1,-35.00,35.00,-34.24,37.31,-0.624,0.610,-78246,78239,7.60,218.5,81.280,2956.668,1,1,1
36548675,35224,1,-35.00,35.00,-34.51,35.79,-0.624,0.615,-78270,78261,7.59,222.0,76.890,2957.436,1,1,1
36558675,35234,1,-35.00,35.00,-35.59,33.84,-0.619,0.622,-78296,78281,7.59,220.5,78.902,2958.223,1,1,1
36568682,35244,1,-35.00,35.00,-35.90,34.23,-0.618,0.622,-78321,78305,7.59,222.0,83.049,2959.052,1,1,1
36578682,35254,1,-35.00,35.00,-36.99,34.51,-0.613,0.620,-78348,78329,7.60,221.8,88.171,2959.932,1,1,1
36588682,35264,1,-35.00,35.00,-38.64,35.14,-0.609,0.620,-78377,78354,7.59,222.5,95.793,2960.888,1,1,1
36598690,35274,1,-35.00,35.00,-39.79,36.03,-0.605,0.617,-78406,78380,7.59,216.2,105.122,2961.938,1,1,1
36608697,35284,1,-35.00,35.00,-39.28,36.64,-0.606,0.615,-78432,78406,7.59,213.5,111.890,2963.055,1,1,1
36618705,35294,1,-35.00,35.00,-37.60,35.76,-0.611,0.618,-78455,78429,7.59,213.2,104.268,2964.096,1,1,1
36628712,35304,1,-35.00,35.00,-34.67,36.02,-0.621,0.616,-78474,78454,7.59,216.5,86.159,2964.956,1,1,1
36638721,35314,1,-35.00,35.00,-32.18,35.76,-0.631,0.617,-78492,78478,7.59,218.5,75.244,2965.707,1,1,1
36648721,35324,1,-35.00,35.00,-33.95,36.02,-0.625,0.615,-78518,78503,7.59,225.5,73.963,2966.445,1,1,1
36658721,35334,1,-35.00,35.00,-34.75,36.20,-0.623,0.616,-78543,78528,7.59,222.5,84.329,2967.286,1,1,1
36668721,35344,1,-35.00,35.00,-35.31,36.33,-0.621,0.615,-78568,78553,7.59,223.2,95.183,2968.237,1,1,1
36678721,35354,1,-35.00,35.00,-34.83,38.17,-0.623,0.608,-78591,78582,7.59,221.2,96.951,2969.204,1,1,1
36688721,35364,1,-35.00,35.00,-35.37,38.59,-0.622,0.607,-78616,78609,7.59,221.0,94.024,2970.143,1,1,1
36698721,35374,1,-35.00,35.00,-36.62,38.00,-0.618,0.609,-78643,78634,7.59,216.8,95.122,2971.093,1,1,1
36708727,35384,1,-35.00,35.00,-36.18,36.27,-0.618,0.614,-78667,78656,7.59,215.5,96.341,2972.054,1,1,1
36718727,35394,1,-35.00,35.00,-35.87,33.74,-0.618,0.623,-78691,78675,7.59,216.8,88.841,2972.941,1,1,1
36728727,35404,1,-35.00,35.00,-35.22,34.16,-0.620,0.621,-78714,78699,7.59,224.3,80.366,2973.743,1,1,1
36738736,35414,1,-35.00,35.00,-35.20,34.90,-0.621,0.620,-78738,78724,7.58,222.5,82.073,2974.562,1,1,1
36748740,35424,1,-35.00,35.00,-36.07,35.42,-0.618,0.619,-78764,78749,7.58,222.2,93.537,2975.496,1,1,1
36758751,35434,1,-35.00,35.00,-35.35,35.78,-0.620,0.616,-78787,78774,7.59,219.8,106.402,2976.558,1,1,1
36768751,35444,1,-35.00,35.00,-35.29,38.23,-0.621,0.607,-78811,78804,7.60,223.0,109.329,2977.650,1,1,1
36778758,35454,1,-35.00,35.00,-35.25,40.38,-0.622,0.600,-78835,78835,7.60,220.5,106.098,2978.709,1,1,1
36788758,35464,1,-35.00,35.00,-26.00,41.01,-0.656,0.595,-78838,78864,7.59,217.2,102.805,2979.736,1,1,1
36798766,35474,1,-35.00,35.00,-18.20,39.26,-0.688,0.596,-78838,78888,7.59,230.2,99.207,2980.726,1,1,1
36808766,35484,1,-35.00,35.00,-12.74,35.83,-0.713,0.605,-78838,78907,7.58,253.8,89.634,2981.621,1,1,1
36818773,35494,1,-35.00,35.00,-8.92,33.43,-0.728,0.610,-78838,78926,7.58,277.0,77.744,2982.397,1,1,1
36828781,35504,1,-35.00,35.00,-6.68,33.51,-0.739,0.607,-78839,78949,7.56,292.8,73.110,2983.126,1,1,1
36838792,35514,1,-35.00,35.00,-4.68,35.32,-0.750,0.599,-78839,78976,7.55,300.5,83.293,2983.958,1,1,1
36848803,35524,1,-35.00,35.00,-3.27,36.15,-0.757,0.591,-78839,79002,7.57,313.5,83.293,2984.789,1,1,1
36858803,35534,1,-35.00,35.00,-4.49,38.05,-0.758,0.582,-78844,79031,7.55,306.0,101.585,2985.803,1,1,1
36868812,35544,1,-35.00,35.00,-15.01,39.82,-0.727,0.576,-78871,79061,7.56,303.5,109.878,2986.900,1,1,1
36878818,35554,1,-35.00,35.00,-23.69,40.18,-0.699,0.574,-78901,79089,7.57,267.5,107.439,2987.973,1,1,1
36888819,35564,1,-35.00,35.00,-28.89,37.79,-0.682,0.581,-78929,79111,7.59,244.8,107.012,2989.042,1,1,1
36898827,35574,1,-35.00,35.00,-33.40,33.93,-0.666,0.595,-78959,79128,7.59,234.2,104.878,2990.089,1,1,1
36908834,35584,1,-35.00,35.00,-36.13,33.42,-0.656,0.598,-78988,79150,7.59,228.5,93.780,2991.025,1,1,1
36918834,35594,1,-35.00,35.00,-37.59,33.94,-0.651,0.597,-79016,79174,7.59,225.8,85.854,2991.882,1,1,1
36928834,35604,1,-35.00,35.00,-39.06,34.74,-0.644,0.595,-79045,79199,7.59,223.8,87.256,2992.753,1,1,1
36938842,35614,1,-35.00,35.00,-40.53,36.19,-0.638,0.591,-79075,79226,7.60,220.0,98.232,2993.733,1,1,1
36948849,35624,1,-35.00,35.00,-41.11,37.63,-0.635,0.586,-79104,79254,7.60,216.2,111.707,2994.849,1,1,1
36958849,35634,1,-35.00,35.00,-41.96,38.65,-0.630,0.583,-79134,79282,7.60,213.0,115.244,2996.000,1,1,1
36968857,35644,1,-35.00,35.00,-42.12,38.48,-0.627,0.583,-79163,79308,7.60,207.7,110.000,2997.098,1,1,1
36978864,35654,1,-35.00,35.00,-41.79,37.48,-0.626,0.587,-79191,79332,7.60,205.8,106.341,2998.160,1,1,1
36988864,35664,1,-35.00,35.00,-41.12,35.47,-0.626,0.595,-79218,79353,7.59,210.2,97.927,2999.137,1,1,1
36998864,35674,1,-35.00,35.00,-41.09,32.74,-0.623,0.605,-79246,79371,7.59,210.2,86.341,2999.999,1,1,1
37008872,35684,1,-35.00,35.00,-42.82,32.58,-0.617,0.607,-79278,79393,7.60,215.2,82.500,3000.823,1,1,1
37018872,35694,1,-35.00,35.00,-41.84,33.79,-0.620,0.605,-79305,79418,7.59,213.8,83.598,3001.657,1,1,1
37028879,35704,1,-35.00,35.00,-41.15,33.76,-0.621,0.606,-79332,79441,7.59,217.0,90.305,3002.558,1,1,1
37038879,35714,1,-35.00,35.00,-41.99,34.18,-0.617,0.605,-79362,79465,7.60,214.2,99.024,3003.547,1,1,1
37048879,35724,1,-35.00,35.00,-43.02,34.91,-0.613,0.604,-79393,79490,7.59,212.8,109.207,3004.637,1,1,1
37058888,35734,1,-35.00,35.00,-43.73,38.50,-0.611,0.592,-79424,79522,7.60,212.0,116.402,3005.800,1,1,1
37068888,35744,1,-35.00,35.00,-41.16,38.82,-0.619,0.590,-79448,79549,7.60,204.5,113.415,3006.932,1,1,1
37078888,35754,1,-35.00,35.00,-39.80,36.84,-0.622,0.595,-79473,79571,7.60,207.7,105.183,3007.982,1,1,1
37088888,35764,1,-35.00,35.00,-40.16,33.70,-0.621,0.608,-79501,79589,7.59,211.2,91.220,3008.893,1,1,1
37098894,35774,1,-35.00,35.00,-40.42,31.50,-0.619,0.617,-79529,79607,7.59,215.8,81.280,3009.704,1,1,1
37108903,35784,1,-35.00,35.00,-40.16,31.72,-0.619,0.618,-79556,79629,7.58,217.0,81.220,3010.515,1,1,1
37118910,35794,1,-35.00,35.00,-40.42,33.19,-0.617,0.614,-79584,79654,7.59,220.8,85.488,3011.368,1,1,1
37128918,35804,1,-35.00,35.00,-40.16,33.78,-0.617,0.613,-79611,79678,7.59,217.8,95.366,3012.320,1,1,1
37138925,35814,1,-35.00,35.00,-42.17,34.19,-0.612,0.614,-79643,79702,7.58,213.5,107.988,3013.398,1,1,1
37148925,35824,1,-35.00,35.00,-39.63,36.68,-0.619,0.604,-79666,79731,7.59,213.8,114.817,3014.545,1,1,1
37158933,35834,1,-35.00,35.00,-38.73,37.54,-0.623,0.601,-79691,79758,7.59,214.5,109.390,3015.637,1,1,1
37168940,35844,1,-35.00,35.00,-38.53,37.26,-0.622,0.601,-79717,79783,7.59,212.8,99.390,3016.629,1,1,1
37178948,35854,1,-35.00,35.00,-39.28,35.31,-0.619,0.608,-79745,79804,7.59,211.5,93.963,3017.567,1,1,1
37188948,35864,1,-35.00,35.00,-40.68,31.75,-0.613,0.622,-79775,79820,7.59,216.0,91.037,3018.476,1,1,1
37198948,35874,1,-35.00,35.00,-39.02,31.45,-0.618,0.624,-79799,79841,7.59,219.2,88.232,3019.356,1,1,1
37208955,35884,1,-35.00,35.00,-40.06,32.13,-0.614,0.624,-79828,79864,7.59,224.8,84.512,3020.200,1,1,1
37218955,35894,1,-35.00,35.00,-40.79,33.91,-0.611,0.619,-79857,79890,7.58,219.8,87.927,3021.078,1,1,1
37228955,35904,1,-35.00,35.00,-40.42,34.73,-0.611,0.616,-79884,79915,7.60,217.8,98.537,3022.061,1,1,1
37238964,35914,1,-35.00,35.00,-38.40,35.73,-0.617,0.612,-79907,79941,7.60,216.5,103.720,3023.097,1,1,1
37248979,35924,1,-35.00,35.00,-37.86,37.32,-0.621,0.608,-79932,79969,7.59,217.5,99.634,3024.092,1,1,1
37258983,35934,1,-35.00,35.00,-37.93,37.99,-0.620,0.604,-79958,79996,7.59,215.0,92.561,3025.016,1,1,1
37268990,35944,1,-35.00,35.00,-38.42,37.58,-0.618,0.605,-79985,80021,7.60,217.8,90.305,3025.917,1,1,1
37278998,35954,1,-35.00,35.00,-39.20,36.85,-0.615,0.607,-80013,80045,7.59,214.8,92.500,3026.840,1,1,1
37288998,35964,1,-35.00,35.00,-38.86,34.15,-0.615,0.617,-80039,80064,7.59,214.2,93.171,3027.771,1,1,1
37299005,35975,1,-35.00,35.00,-39.51,31.37,-0.612,0.628,-80067,80081,7.59,217.5,89.634,3028.665,1,1,1
37309014,35985,1,-35.00,35.00,-40.40,32.51,-0.608,0.626,-80096,80105,7.59,224.0,84.207,3029.506,1,1,1
37319020,35995,1,-35.00,35.00,-40.15,33.30,-0.609,0.624,-80123,80129,7.59,218.8,80.549,3030.310,1,1,1
37329029,36005,1,-35.00,35.00,-38.21,34.30,-0.616,0.622,-80146,80154,7.58,219.8,84.634,3031.154,1,1,1
37339029,36015,1,-35.00,35.00,-36.85,34.99,-0.620,0.620,-80169,80179,7.58,221.2,89.085,3032.043,1,1,1
37349036,36025,1,-35.00,35.00,-37.22,35.92,-0.618,0.616,-80195,80205,7.59,222.5,86.402,3032.906,1,1,1
37359036,36035,1,-35.00,35.00,-37.04,37.01,-0.619,0.612,-80220,80232,7.59,218.8,84.268,3033.747,1,1,1
37369036,36045,1,-35.00,35.00,-37.80,36.45,-0.616,0.614,-80247,80256,7.59,218.8,87.561,3034.621,1,1,1
37379044,36055,1,-35.00,35.00,-37.44,34.75,-0.617,0.619,-80272,80277,7.59,217.8,91.890,3035.538,1,1,1
37389044,36065,1,-35.00,35.00,-38.95,33.99,-0.611,0.623,-80301,80299,7.59,221.8,90.488,3036.441,1,1,1
37399051,36075,1,-35.00,35.00,-39.57,34.34,-0.608,0.622,-80329,80323,7.59,220.8,88.902,3037.329,1,1,1
37409051,36085,1,-35.00,35.00,-40.01,35.02,-0.606,0.620,-80357,80348,7.60,219.2,89.756,3038.225,1,1,1
37419051,36095,1,-35.00,35.00,-38.55,35.94,-0.612,0.618,-80381,80374,7.59,217.2,92.988,3039.153,1,1,1
37429051,36105,1,-35.00,35.00,-36.65,37.03,-0.618,0.613,-80403,80401,7.59,219.0,94.207,3040.094,1,1,1
37439051,36115,1,-35.00,35.00,-36.20,38.66,-0.620,0.606,-80427,80430,7.60,216.5,89.390,3040.986,1,1,1
37449051,36125,1,-35.00,35.00,-37.21,38.93,-0.616,0.604,-80454,80457,7.60,218.5,88.110,3041.865,1,1,1
37459051,36135,1,-35.00,35.00,-37.47,37.80,-0.615,0.607,-80480,80481,7.60,215.5,92.561,3042.789,1,1,1
37469051,36145,1,-35.00,35.00,-37.22,34.81,-0.615,0.618,-80505,80500,7.59,216.8,90.610,3043.694,1,1,1
37479059,36155,1,-35.00,35.00,-37.48,33.15,-0.614,0.624,-80531,80520,7.59,219.0,87.256,3044.565,1,1,1
37489059,36165,1,-35.00,35.00,-38.98,33.32,-0.609,0.625,-80560,80543,7.59,225.3,84.878,3045.412,1,1,1
37499059,36175,1,-35.00,35.00,-39.59,34.31,-0.606,0.623,-80588,80568,7.59,221.5,85.610,3046.266,1,1,1
37509059,36185,1,-35.00,35.00,-40.90,35.44,-0.602,0.620,-80618,80594,7.59,217.2,92.744,3047.192,1,1,1
37519059,36195,1,-35.00,35.00,-37.42,36.67,-0.614,0.615,-80638,80621,7.59,213.0,96.402,3048.155,1,1,1
37529066,36205,1,-35.00,35.00,-36.30,38.42,-0.617,0.607,-80661,80650,7.60,218.0,92.927,3049.082,1,1,1
37539066,36215,1,-35.00,35.00,-35.52,38.76,-0.620,0.606,-80684,80677,7.60,218.0,85.427,3049.935,1,1,1
37549066,36225,1,-35.00,35.00,-36.29,38.12,-0.618,0.608,-80710,80702,7.59,216.5,83.659,3050.770,1,1,1
37559066,36235,1,-35.00,35.00,-36.83,35.47,-0.615,0.617,-80736,80722,7.60,218.5,86.220,3051.630,1,1,1
37569066,36245,1,-35.00,35.00,-36.77,33.62,-0.614,0.623,-80761,80742,7.60,217.2,85.427,3052.483,1,1,1
37579074,36255,1,-35.00,35.00,-37.60,33.64,-0.612,0.625,-80788,80765,7.59,220.2,84.451,3053.326,1,1,1
37589081,36265,1,-35.00,35.00,-38.63,34.97,-0.609,0.621,-80816,80791,7.59,220.5,86.341,3054.188,1,1,1
37599090,36275,1,-35.00,35.00,-38.90,36.35,-0.607,0.616,-80843,80818,7.59,219.5,93.049,3055.116,1,1,1
37609096,36285,1,-35.00,35.00,-37.34,36.43,-0.612,0.615,-80866,80843,7.60,216.2,99.756,3056.112,1,1,1
37619105,36295,1,-35.00,35.00,-35.81,39.56,-0.619,0.605,-80888,80875,7.59,216.5,97.866,3057.089,1,1,1
37629105,36305,1,-35.00,35.00,-35.17,40.88,-0.621,0.599,-80911,80905,7.60,215.0,87.500,3057.963,1,1,1
37639112,36315,1,-35.00,35.00,-35.61,39.60,-0.620,0.604,-80936,80930,7.59,215.0,83.963,3058.801,1,1,1
37649127,36325,1,-35.00,35.00,-36.35,36.51,-0.617,0.614,-80962,80950,7.59,215.0,85.366,3059.653,1,1,1
37659127,36335,1,-35.00,35.00,-36.43,33.91,-0.616,0.622,-80987,80969,7.60,216.5,83.720,3060.488,1,1,1
37669127,36345,1,-35.00,35.00,-36.49,34.28,-0.617,0.623,-81012,80993,7.58,221.8,81.646,3061.303,1,1,1
37679135,36355,1,-35.00,35.00,-36.53,35.42,-0.616,0.618,-81037,81019,7.59,224.0,87.500,3062.176,1,1,1
37689135,36365,1,-35.00,35.00,-37.87,36.22,-0.611,0.615,-81065,81045,7.60,220.5,97.805,3063.153,1,1,1
37699135,36375,1,-35.00,35.00,-37.94,37.22,-0.611,0.612,-81091,81072,7.60,217.2,102.866,3064.180,1,1,1
37709142,36385,1,-35.00,35.00,-35.35,39.24,-0.621,0.605,-81111,81102,7.59,216.0,101.098,3065.189,1,1,1
37719150,36395,1,-35.00,35.00,-34.85,40.21,-0.623,0.601,-81134,81131,7.59,216.8,92.195,3066.109,1,1,1
37729151,36405,1,-35.00,35.00,-34.06,40.01,-0.627,0.601,-81156,81158,7.59,214.0,82.744,3066.935,1,1,1
37739157,36415,1,-35.00,35.00,-34.83,38.56,-0.623,0.605,-81181,81182,7.60,221.8,82.012,3067.754,1,1,1
37749171,36425,1,-35.00,35.00,-34.49,34.90,-0.624,0.617,-81204,81200,7.59,220.8,85.122,3068.603,1,1,1
37759181,36435,1,-35.00,35.00,-35.13,33.22,-0.622,0.624,-81229,81220,7.59,224.0,81.829,3069.420,1,1,1
37769181,36445,1,-35.00,35.00,-34.26,34.68,-0.625,0.619,-81251,81246,7.59,225.8,79.939,3070.218,1,1,1
37779188,36455,1,-35.00,35.00,-34.09,35.70,-0.627,0.615,-81274,81272,7.59,228.5,86.768,3071.084,1,1,1
37789196,36465,1,-35.00,35.00,-33.53,35.98,-0.629,0.614,-81296,81297,7.59,226.3,86.768,3071.950,1,1,1
37799196,36475,1,-35.00,35.00,-34.46,37.05,-0.627,0.610,-81321,81324,7.59,225.0,92.805,3072.876,1,1,1
37809196,36485,1,-35.00,35.00,-34.67,37.80,-0.626,0.607,-81345,81351,7.60,226.8,96.707,3073.842,1,1,1
37819202,36495,1,-35.00,35.00,-33.93,37.89,-0.630,0.606,-81367,81377,7.59,221.8,97.134,3074.811,1,1,1
37829202,36505,1,-35.00,35.00,-34.30,37.51,-0.629,0.607,-81391,81402,7.59,227.3,95.305,3075.763,1,1,1
37839210,36515,1,-35.00,35.00,-34.12,34.16,-0.630,0.619,-81414,81420,7.58,223.2,93.476,3076.696,1,1,1
37849218,36525,1,-35.00,35.00,-34.87,34.46,-0.627,0.618,-81439,81444,7.59,228.3,89.146,3077.586,1,1,1
37859226,36535,1,-35.00,35.00,-35.39,34.67,-0.625,0.618,-81464,81468,7.59,229.2,84.573,3078.430,1,1,1
37869226,36545,1,-35.00,35.00,-35.76,35.26,-0.623,0.616,-81489,81493,7.59,224.8,88.110,3079.309,1,1,1
37879226,36555,1,-35.00,35.00,-35.14,35.23,-0.625,0.615,-81512,81517,7.59,220.5,96.159,3080.269,1,1,1
37889226,36565,1,-35.00,35.00,-36.02,36.08,-0.622,0.612,-81538,81543,7.59,224.8,105.610,3081.323,1,1,1
37899226,36575,1,-35.00,35.00,-36.20,38.44,-0.622,0.605,-81563,81573,7.59,223.0,111.037,3082.432,1,1,1
37909233,36585,1,-35.00,35.00,-36.33,39.21,-0.622,0.602,-81588,81601,7.59,215.5,109.756,3083.528,1,1,1
37919241,36595,1,-35.00,35.00,-35.98,38.00,-0.623,0.606,-81612,81625,7.59,216.2,105.732,3084.584,1,1,1
37929248,36605,1,-35.00,35.00,-33.09,36.27,-0.632,0.610,-81630,81647,7.59,217.2,93.963,3085.522,1,1,1
37939257,36615,1,-35.00,35.00,-33.27,32.86,-0.632,0.622,-81653,81664,7.59,220.2,79.573,3086.316,1,1,1
37949257,36625,1,-35.00,35.00,-36.04,31.79,-0.622,0.628,-81682,81684,7.59,230.2,70.366,3087.018,1,1,1
37959272,36635,1,-35.00,35.00,-36.21,33.68,-0.621,0.622,-81707,81710,7.59,228.0,68.110,3087.697,1,1,1
37969278,36645,1,-35.00,35.00,-35.89,33.68,-0.622,0.623,-81731,81733,7.58,222.5,73.841,3088.434,1,1,1
37979278,36655,1,-35.00,35.00,-36.11,33.68,-0.621,0.623,-81756,81756,7.59,225.3,87.134,3089.304,1,1,1
37989287,36665,1,-35.00,35.00,-36.70,34.13,-0.618,0.622,-81782,81780,7.59,223.0,98.232,3090.284,1,1,1
37999294,36675,1,-35.00,35.00,-39.32,34.87,-0.609,0.621,-81813,81805,7.59,221.5,101.768,3091.301,1,1,1
38009302,36685,1,-35.00,35.00,-37.19,34.52,-0.616,0.622,-81835,81828,7.59,216.5,98.780,3092.287,1,1,1
38019309,36695,1,-35.00,35.00,-33.94,34.27,-0.626,0.622,-81853,81851,7.59,220.8,92.012,3093.205,1,1,1
38029317,36705,1,-35.00,35.00,-32.99,33.66,-0.629,0.624,-81874,81873,7.59,224.8,80.366,3094.007,1,1,1
38039317,36715,1,-35.00,35.00,-35.40,34.99,-0.623,0.621,-81902,81899,7.59,226.5,73.293,3094.738,1,1,1
38049324,36725,1,-35.00,35.00,-36.20,35.92,-0.620,0.618,-81928,81925,7.58,224.3,77.744,3095.514,1,1,1
38059324,36735,1,-35.00,35.00,-36.33,36.57,-0.619,0.615,-81953,81951,7.59,221.8,91.463,3096.427,1,1,1
38069324,36745,1,-35.00,35.00,-35.54,34.39,-0.621,0.622,-81976,81971,7.59,220.0,101.524,3097.441,1,1,1
38079324,36755,1,-35.00,35.00,-36.30,35.94,-0.618,0.616,-82002,81998,7.59,223.5,108.049,3098.520,1,1,1
38089332,36765,1,-35.00,35.00,-36.40,38.34,-0.619,0.608,-82027,82028,7.59,219.2,105.549,3099.574,1,1,1
38099332,36775,1,-35.00,35.00,-36.46,37.82,-0.620,0.609,-82052,82053,7.58,216.2,101.280,3100.585,1,1,1
38109339,36785,1,-35.00,35.00,-35.19,36.58,-0.622,0.611,-82074,82076,7.60,218.2,98.476,3101.568,1,1,1
38119348,36795,1,-35.00,35.00,-35.18,33.96,-0.622,0.621,-82098,82095,7.59,219.2,88.110,3102.448,1,1,1
38129363,36805,1,-35.00,35.00,-34.73,33.00,-0.624,0.625,-82121,82116,7.59,221.2,77.683,3103.223,1,1,1
38139370,36815,1,-35.00,35.00,-36.18,34.96,-0.619,0.619,-82148,82143,7.59,225.5,73.110,3103.952,1,1,1
38149378,36825,1,-35.00,35.00,-35.87,35.02,-0.621,0.619,-82172,82167,7.58,221.8,79.146,3104.742,1,1,1
38159378,36835,1,-35.00,35.00,-36.10,34.62,-0.619,0.620,-82197,82190,7.59,222.0,94.817,3105.688,1,1,1
38169385,36845,1,-35.00,35.00,-36.25,35.22,-0.618,0.618,-82222,82215,7.59,222.8,107.195,3106.759,1,1,1
38179385,36855,1,-35.00,35.00,-35.92,38.28,-0.620,0.607,-82246,82246,7.59,220.5,111.037,3107.867,1,1,1
38189393,36865,1,-35.00,35.00,-36.57,38.66,-0.619,0.606,-82272,82273,7.58,217.2,107.256,3108.938,1,1,1
38199400,36875,1,-35.00,35.00,-35.27,39.37,-0.623,0.602,-82294,82301,7.59,215.0,103.902,3109.976,1,1,1
38209400,36885,1,-35.00,35.00,-34.80,38.10,-0.624,0.605,-82317,82325,7.60,215.0,95.427,3110.928,1,1,1
38219408,36895,1,-35.00,35.00,-34.46,35.90,-0.625,0.612,-82340,82346,7.60,217.8,80.610,3111.733,1,1,1
38229408,36905,1,-35.00,35.00,-34.67,33.92,-0.625,0.620,-82364,82366,7.58,219.5,73.293,3112.464,1,1,1
38239408,36915,1,-35.00,35.00,-35.26,32.97,-0.623,0.624,-82389,82387,7.59,222.2,73.110,3113.194,1,1,1
38249415,36925,1,-35.00,35.00,-36.11,32.75,-0.620,0.626,-82415,82409,7.58,224.5,76.098,3113.953,1,1,1
38259423,36935,1,-35.00,35.00,-36.26,33.47,-0.618,0.623,-82440,82433,7.60,226.0,82.439,3114.776,1,1,1
38269423,36945,1,-35.00,35.00,-36.81,34.86,-0.617,0.620,-82466,82459,7.59,223.2,93.110,3115.705,1,1,1
38279430,36955,1,-35.00,35.00,-37.63,35.82,-0.614,0.617,-82493,82485,7.59,220.0,103.415,3116.738,1,1,1
38289430,36965,1,-35.00,35.00,-38.21,36.06,-0.612,0.616,-82520,82510,7.59,218.5,109.268,3117.829,1,1,1
38299439,36975,1,-35.00,35.00,-36.85,34.91,-0.616,0.619,-82543,82532,7.59,214.8,105.610,3118.883,1,1,1
38309446,36985,1,-35.00,35.00,-34.59,34.99,-0.624,0.619,-82563,82556,7.58,218.0,90.122,3119.783,1,1,1
38319460,36995,1,-35.00,35.00,-34.32,34.60,-0.624,0.620,-82586,82579,7.59,224.5,75.427,3120.535,1,1,1
38329460,37005,1,-35.00,35.00,-35.45,35.20,-0.621,0.619,-82612,82604,7.59,224.0,75.122,3121.285,1,1,1
38339472,37015,1,-35.00,35.00,-36.68,35.63,-0.617,0.617,-82639,82629,7.59,221.2,87.317,3122.156,1,1,1
38349484,37025,1,-35.00,35.00,-36.22,36.37,-0.618,0.614,-82663,82655,7.59,219.5,98.232,3123.137,1,1,1
38359493,37035,1,-35.00,35.00,-35.46,38.20,-0.621,0.607,-82686,82684,7.59,220.5,99.146,3124.127,1,1,1
38369500,37045,1,-35.00,35.00,-36.25,38.17,-0.619,0.607,-82712,82710,7.59,217.0,95.732,3125.083,1,1,1
38379500,37055,1,-35.00,35.00,-37.24,37.70,-0.615,0.609,-82739,82735,7.60,216.0,95.610,3126.037,1,1,1
38389500,37065,1,-35.00,35.00,-36.61,34.74,-0.617,0.619,-82763,82754,7.59,214.8,96.159,3126.997,1,1,1
38399500,37075,1,-35.00,35.00,-36.18,32.67,-0.618,0.626,-82787,82773,7.59,219.0,89.146,3127.887,1,1,1
38409500,37085,1,-35.00,35.00,-35.43,33.41,-0.620,0.624,-82810,82797,7.59,226.0,78.110,3128.666,1,1,1
38419508,37095,1,-35.00,35.00,-35.35,34.38,-0.621,0.622,-82834,82822,7.58,223.8,78.354,3129.448,1,1,1
38429515,37105,1,-35.00,35.00,-36.17,34.61,-0.618,0.621,-82860,82846,7.59,226.0,91.341,3130.360,1,1,1
38439515,37115,1,-35.00,35.00,-35.43,35.21,-0.620,0.619,-82883,82871,7.59,222.2,106.402,3131.423,1,1,1
38449515,37125,1,-35.00,35.00,-35.35,38.27,-0.622,0.608,-82907,82902,7.59,221.8,111.585,3132.537,1,1,1
38459515,37135,1,-35.00,35.00,-35.29,39.97,-0.623,0.602,-82931,82932,7.59,219.8,107.195,3133.607,1,1,1
38469523,37145,1,-35.00,35.00,-26.02,40.29,-0.656,0.597,-82934,82960,7.59,218.2,102.378,3134.629,1,1,1
38479523,37155,1,-35.00,35.00,-18.21,38.31,-0.688,0.600,-82934,82983,7.59,231.5,98.598,3135.614,1,1,1
38489530,37165,1,-35.00,35.00,-12.75,34.73,-0.714,0.609,-82934,83001,7.57,250.5,91.037,3136.522,1,1,1
38499530,37175,1,-35.00,35.00,-8.93,32.66,-0.728,0.613,-82934,83020,7.57,280.8,79.207,3137.313,1,1,1
38509530,37185,1,-35.00,35.00,-6.69,33.41,-0.739,0.608,-82935,83044,7.57,292.0,72.378,3138.035,1,1,1
38519539,37195,1,-35.00,35.00,-4.68,34.81,-0.749,0.600,-82935,83070,7.56,298.0,79.878,3138.832,1,1,1
38529539,37205,1,-35.00,35.00,-3.28,35.79,-0.758,0.594,-82935,83096,7.56,308.2,96.646,3139.797,1,1,1
38539539,37215,1,-35.00,35.00,-4.93,37.36,-0.756,0.585,-82941,83124,7.56,308.5,107.134,3140.867,1,1,1
38549545,37225,1,-35.00,35.00,-16.20,39.34,-0.722,0.578,-82970,83154,7.57,303.2,106.341,3141.929,1,1,1
38559554,37235,1,-35.00,35.00,-23.64,39.40,-0.699,0.578,-82998,83181,7.57,263.8,104.878,3142.976,1,1,1
38569561,37245,1,-35.00,35.00,-29.29,37.25,-0.681,0.585,-83027,83203,7.57,245.2,105.549,3144.030,1,1,1
38579569,37255,1,-35.00,35.00,-33.25,33.54,-0.666,0.597,-83056,83220,7.59,237.2,97.622,3145.004,1,1,1
38589569,37265,1,-35.00,35.00,-36.46,33.15,-0.654,0.599,-83086,83242,7.59,232.7,88.293,3145.886,1,1,1
38599569,37275,1,-35.00,35.00,-37.83,33.75,-0.649,0.599,-83114,83266,7.59,225.5,87.439,3146.759,1,1,1
38609569,37285,1,-35.00,35.00,-39.22,34.61,-0.643,0.596,-83143,83291,7.59,224.5,96.402,3147.721,1,1,1
38619576,37295,1,-35.00,35.00,-41.08,36.09,-0.635,0.592,-83174,83318,7.59,220.0,109.390,3148.813,1,1,1
38629576,37305,1,-35.00,35.00,-41.06,37.57,-0.634,0.587,-83202,83346,7.59,212.8,114.085,3149.952,1,1,1
38639576,37315,1,-35.00,35.00,-41.05,38.60,-0.632,0.584,-83230,83374,7.60,209.2,108.598,3151.037,1,1,1
38649584,37325,1,-35.00,35.00,-42.36,38.01,-0.626,0.587,-83261,83399,7.59,209.5,104.512,3152.080,1,1,1
38659591,37335,1,-35.00,35.00,-41.95,36.71,-0.625,0.592,-83289,83422,7.59,208.5,98.232,3153.061,1,1,1
38669591,37345,1,-35.00,35.00,-41.23,34.93,-0.624,0.597,-83316,83443,7.60,209.5,87.805,3153.937,1,1,1
38679591,37355,1,-35.00,35.00,-41.61,32.36,-0.620,0.607,-83345,83461,7.59,211.5,84.878,3154.784,1,1,1
38689599,37365,1,-35.00,35.00,-42.31,32.76,-0.617,0.607,-83375,83484,7.60,215.5,83.598,3155.619,1,1,1
38699599,37375,1,-35.00,35.00,-41.92,33.48,-0.618,0.607,-83403,83508,7.59,214.5,86.829,3156.485,1,1,1
38709606,37385,1,-35.00,35.00,-42.09,33.54,-0.617,0.608,-83432,83531,7.59,212.8,95.976,3157.443,1,1,1
38719614,37395,1,-35.00,35.00,-43.09,34.03,-0.612,0.607,-83463,83555,7.60,216.0,105.366,3158.495,1,1,1
38729614,37405,1,-35.00,35.00,-43.34,34.80,-0.611,0.606,-83493,83580,7.60,211.5,105.366,3159.547,1,1,1
38739621,37415,1,-35.00,35.00,-43.96,37.55,-0.609,0.597,-83524,83610,7.60,208.7,112.988,3160.676,1,1,1
38749625,37425,1,-35.00,35.00,-41.76,38.15,-0.616,0.595,-83549,83637,7.59,204.8,113.963,3161.813,1,1,1
38759636,37435,1,-35.00,35.00,-39.34,37.25,-0.623,0.597,-83572,83661,7.59,208.2,105.305,3162.865,1,1,1
38769645,37445,1,-35.00,35.00,-40.28,34.43,-0.619,0.606,-83601,83680,7.60,210.0,93.415,3163.798,1,1,1
38779652,37455,1,-35.00,35.00,-40.06,31.13,-0.618,0.620,-83628,83696,7.59,213.8,84.146,3164.637,1,1,1
38789652,37465,1,-35.00,35.00,-39.91,31.46,-0.618,0.620,-83655,83718,7.59,219.2,81.829,3165.454,1,1,1
38799660,37475,1,-35.00,35.00,-41.12,32.57,-0.614,0.618,-83685,83742,7.59,221.8,84.085,3166.293,1,1,1
38809660,37485,1,-35.00,35.00,-41.53,33.34,-0.611,0.617,-83714,83766,7.59,217.8,91.098,3167.203,1,1,1
38819660,37495,1,-35.00,35.00,-41.37,33.89,-0.610,0.615,-83742,83790,7.60,217.5,104.268,3168.244,1,1,1
38829667,37505,1,-35.00,35.00,-39.95,36.03,-0.616,0.609,-83767,83818,7.59,219.2,114.634,3169.388,1,1,1
38839675,37515,1,-35.00,35.00,-38.51,37.08,-0.622,0.607,-83791,83845,7.57,215.8,111.768,3170.504,1,1,1
38849682,37525,1,-35.00,35.00,-39.26,37.38,-0.618,0.604,-83819,83871,7.59,215.8,101.098,3171.514,1,1,1
38859690,37535,1,-35.00,35.00,-39.79,35.40,-0.615,0.610,-83847,83892,7.60,215.8,95.061,3172.463,1,1,1
38869690,37545,1,-35.00,35.00,-39.72,32.25,-0.614,0.622,-83874,83909,7.60,213.2,92.439,3173.385,1,1,1
38879697,37555,1,-35.00,35.00,-39.23,31.36,-0.615,0.627,-83900,83929,7.59,220.0,90.122,3174.285,1,1,1
38889697,37565,1,-35.00,35.00,-41.08,31.62,-0.607,0.628,-83931,83951,7.60,226.0,87.195,3175.156,1,1,1
38899705,37575,1,-35.00,35.00,-41.94,33.12,-0.604,0.624,-83961,83976,7.60,222.5,87.927,3176.033,1,1,1
38909706,37585,1,-35.00,35.00,-39.47,34.17,-0.612,0.622,-83984,84001,7.59,217.5,97.927,3177.011,1,1,1
38919712,37595,1,-35.00,35.00,-38.61,35.79,-0.615,0.616,-84009,84028,7.59,219.0,108.659,3178.096,1,1,1
38929721,37605,1,-35.00,35.00,-37.14,37.79,-0.620,0.608,-84032,84057,7.60,218.0,106.037,3179.155,1,1,1
38939721,37615,1,-35.00,35.00,-37.42,37.88,-0.620,0.608,-84058,84083,7.59,219.5,97.927,3180.132,1,1,1
38949721,37625,1,-35.00,35.00,-38.50,37.50,-0.617,0.609,-84086,84108,7.58,216.2,94.756,3181.078,1,1,1
38959727,37635,1,-35.00,35.00,-38.81,36.36,-0.614,0.612,-84113,84131,7.59,216.2,94.939,3182.026,1,1,1
38969727,37645,1,-35.00,35.00,-38.60,33.36,-0.614,0.623,-84139,84149,7.59,217.5,92.439,3182.949,1,1,1
38979727,37655,1,-35.00,35.00,-41.52,30.82,-0.603,0.635,-84172,84166,7.58,222.5,88.293,3183.830,1,1,1
38989727,37665,1,-35.00,35.00,-41.37,31.68,-0.602,0.633,-84200,84189,7.59,221.2,82.317,3184.652,1,1,1
38999727,37675,1,-35.00,35.00,-40.82,33.17,-0.604,0.630,-84227,84214,7.59,219.8,78.110,3185.431,1,1,1
39009736,37685,1,-35.00,35.00,-38.68,33.76,-0.611,0.628,-84250,84238,7.59,220.0,83.598,3186.265,1,1,1
39019743,37695,1,-35.00,35.00,-35.87,35.06,-0.620,0.623,-84270,84264,7.59,222.2,90.000,3187.164,1,1,1
39029743,37705,1,-35.00,35.00,-35.65,35.97,-0.621,0.620,-84294,84290,7.59,222.5,89.390,3188.056,1,1,1
39039743,37715,1,-35.00,35.00,-36.82,37.04,-0.617,0.616,-84321,84317,7.59,224.0,86.220,3188.917,1,1,1
39049743,37725,1,-35.00,35.00,-36.76,37.79,-0.618,0.613,-84346,84344,7.59,219.0,86.951,3189.785,1,1,1
39059743,37735,1,-35.00,35.00,-38.04,34.81,-0.613,0.624,-84374,84363,7.58,217.5,91.646,3190.699,1,1,1
39069751,37745,1,-35.00,35.00,-38.93,33.15,-0.609,0.630,-84402,84383,7.59,223.5,92.622,3191.624,1,1,1
39079751,37755,1,-35.00,35.00,-39.12,33.31,-0.607,0.630,-84429,84406,7.59,222.2,87.317,3192.496,1,1,1
39089751,37765,1,-35.00,35.00,-39.69,34.31,-0.605,0.627,-84457,84431,7.60,223.0,82.134,3193.315,1,1,1
39099751,37775,1,-35.00,35.00,-37.89,35.00,-0.611,0.626,-84480,84456,7.59,221.0,84.817,3194.162,1,1,1
39109758,37785,1,-35.00,35.00,-37.07,35.93,-0.615,0.623,-84504,84482,7.58,222.0,91.220,3195.073,1,1,1
39119766,37795,1,-35.00,35.00,-37.37,37.45,-0.613,0.616,-84530,84510,7.60,224.3,91.646,3195.987,1,1,1
39129766,37805,1,-35.00,35.00,-37.59,38.52,-0.613,0.612,-84556,84538,7.59,218.0,90.976,3196.896,1,1,1
39139766,37815,1,-35.00,35.00,-37.74,38.83,-0.612,0.610,-84582,84565,7.59,215.5,95.915,3197.853,1,1,1
39149766,37825,1,-35.00,35.00,-37.40,36.41,-0.612,0.617,-84607,84586,7.60,214.8,97.378,3198.825,1,1,1
39159773,37835,1,-35.00,35.00,-38.05,33.40,-0.609,0.628,-84634,84604,7.59,218.0,91.463,3199.738,1,1,1
39169773,37845,1,-35.00,35.00,-39.38,33.05,-0.605,0.631,-84663,84626,7.59,219.2,86.098,3200.598,1,1,1
39179781,37855,1,-35.00,35.00,-38.99,34.12,-0.606,0.629,-84689,84651,7.59,220.5,80.061,3201.397,1,1,1
39189788,37865,1,-35.00,35.00,-40.04,34.87,-0.602,0.626,-84718,84676,7.59,223.8,82.256,3202.218,1,1,1
39199788,37875,1,-35.00,35.00,-37.25,35.39,-0.610,0.624,-84739,84701,7.60,220.0,87.683,3203.093,1,1,1
39209788,37885,1,-35.00,35.00,-35.75,36.20,-0.616,0.621,-84761,84727,7.59,217.8,88.537,3203.977,1,1,1
39219797,37895,1,-35.00,35.00,-35.57,38.09,-0.617,0.614,-84785,84756,7.59,221.5,85.610,3204.831,1,1,1
39229803,37905,1,-35.00,35.00,-36.76,38.53,-0.615,0.613,-84812,84783,7.58,219.2,84.817,3205.678,1,1,1
39239812,37915,1,-35.00,35.00,-36.72,37.08,-0.613,0.616,-84837,84806,7.59,216.8,89.085,3206.567,1,1,1
39249825,37925,1,-35.00,35.00,-37.13,33.86,-0.611,0.627,-84863,84824,7.59,214.2,90.854,3207.474,1,1,1
39259827,37935,1,-35.00,35.00,-36.98,33.81,-0.611,0.628,-84888,84847,7.59,221.2,86.402,3208.336,1,1,1
39269834,37945,1,-35.00,35.00,-37.31,34.65,-0.610,0.625,-84914,84872,7.59,224.0,80.610,3209.141,1,1,1
39279834,37955,1,-35.00,35.00,-37.98,36.56,-0.608,0.619,-84941,84900,7.59,222.2,83.841,3209.977,1,1,1
39289834,37965,1,-35.00,35.00,-36.26,36.14,-0.614,0.620,-84963,84924,7.59,218.5,92.195,3210.898,1,1,1
39299834,37975,1,-35.00,35.00,-35.49,37.16,-0.616,0.615,-84986,84951,7.60,221.2,94.573,3211.842,1,1,1
39309834,37985,1,-35.00,35.00,-35.39,38.76,-0.617,0.609,-85010,84980,7.59,221.2,89.756,3212.738,1,1,1
39319842,37995,1,-35.00,35.00,-35.32,39.88,-0.618,0.605,-85034,85009,7.59,216.5,87.561,3213.612,1,1,1
39329849,38005,1,-35.00,35.00,-36.15,38.02,-0.615,0.611,-85060,85032,7.60,216.2,89.695,3214.507,1,1,1
39339861,38015,1,-35.00,35.00,-36.73,34.96,-0.612,0.622,-85086,85051,7.59,219.8,91.280,3215.418,1,1,1
39349864,38025,1,-35.00,35.00,-36.70,34.14,-0.612,0.625,-85111,85073,7.59,219.8,88.476,3216.301,1,1,1
39359864,38035,1,-35.00,35.00,-37.11,34.89,-0.611,0.623,-85137,85098,7.59,220.5,86.829,3217.168,1,1,1
39369872,38045,1,-35.00,35.00,-38.72,36.29,-0.605,0.618,-85166,85125,7.60,221.0,94.390,3218.110,1,1,1
39379872,38055,1,-35.00,35.00,-38.97,37.27,-0.605,0.616,-85193,85152,7.59,218.0,104.390,3219.153,1,1,1
39389873,38065,1,-35.00,35.00,-36.51,38.83,-0.614,0.611,-85214,85181,7.58,212.5,106.646,3220.218,1,1,1
39399873,38075,1,-35.00,35.00,-33.47,39.49,-0.625,0.607,-85232,85209,7.59,214.0,98.963,3221.206,1,1,1
39409888,38085,1,-35.00,35.00,-32.22,39.51,-0.630,0.605,-85252,85236,7.60,220.5,86.646,3222.070,1,1,1
39419894,38095,1,-35.00,35.00,-33.10,39.08,-0.628,0.606,-85276,85262,7.59,223.2,78.659,3222.855,1,1,1
39429894,38105,1,-35.00,35.00,-33.72,37.02,-0.627,0.613,-85300,85284,7.59,222.5,80.671,3223.660,1,1,1
39439894,38115,1,-35.00,35.00,-34.15,33.39,-0.625,0.625,-85324,85301,7.59,223.8,84.024,3224.499,1,1,1
39449903,38125,1,-35.00,35.00,-34.45,33.48,-0.623,0.625,-85348,85324,7.59,231.0,79.207,3225.290,1,1,1
39459910,38135,1,-35.00,35.00,-33.78,34.86,-0.627,0.621,-85370,85350,7.59,228.3,80.183,3226.090,1,1,1
39469910,38145,1,-35.00,35.00,-34.20,35.83,-0.626,0.618,-85394,85376,7.59,228.0,87.561,3226.964,1,1,1
39479910,38155,1,-35.00,35.00,-33.60,36.07,-0.628,0.616,-85416,85401,7.59,228.0,92.927,3227.892,1,1,1
39489910,38165,1,-35.00,35.00,-33.63,36.67,-0.630,0.614,-85439,85427,7.58,228.5,96.951,3228.859,1,1,1
39499918,38175,1,-35.00,35.00,-34.09,37.54,-0.629,0.611,-85463,85454,7.59,226.5,96.707,3229.825,1,1,1
39509918,38185,1,-35.00,35.00,-34.41,36.82,-0.628,0.613,-85487,85478,7.59,225.8,93.293,3230.756,1,1,1
39519925,38195,1,-35.00,35.00,-35.07,36.76,-0.625,0.613,-85512,85503,7.59,225.8,88.902,3231.644,1,1,1
39529925,38205,1,-35.00,35.00,-35.10,34.08,-0.624,0.621,-85536,85522,7.59,225.5,85.427,3232.496,1,1,1
39539925,38215,1,-35.00,35.00,-34.68,34.84,-0.627,0.620,-85559,85547,7.58,224.8,85.061,3233.345,1,1,1
39549933,38225,1,-35.00,35.00,-36.14,35.38,-0.622,0.618,-85586,85572,7.58,226.3,90.305,3234.246,1,1,1
39559940,38235,1,-35.00,35.00,-36.72,35.75,-0.619,0.616,-85612,85597,7.59,224.5,98.293,3235.228,1,1,1
39569948,38245,1,-35.00,35.00,-37.13,35.13,-0.617,0.619,-85638,85620,7.59,222.0,107.195,3236.298,1,1,1
39579948,38255,1,-35.00,35.00,-36.98,36.02,-0.617,0.616,-85663,85646,7.59,221.0,112.317,3237.419,1,1,1
39589948,38265,1,-35.00,35.00,-35.11,38.84,-0.623,0.606,-85684,85677,7.60,217.2,108.659,3238.504,1,1,1
39599955,38275,1,-35.00,35.00,-34.25,38.61,-0.627,0.605,-85706,85703,7.60,216.8,96.951,3239.472,1,1,1
39609955,38285,1,-35.00,35.00,-33.20,38.45,-0.631,0.605,-85727,85729,7.60,217.2,85.549,3240.326,1,1,1
39619955,38295,1,-35.00,35.00,-34.23,36.15,-0.628,0.613,-85752,85750,7.59,220.2,76.585,3241.090,1,1,1
39629963,38305,1,-35.00,35.00,-35.82,33.65,-0.622,0.622,-85779,85769,7.59,223.0,74.329,3241.832,1,1,1
39639963,38315,1,-35.00,35.00,-36.06,32.35,-0.620,0.628,-85804,85789,7.59,221.2,75.915,3242.589,1,1,1
39649963,38325,1,-35.00,35.00,-35.79,33.19,-0.621,0.626,-85828,85813,7.59,225.5,76.585,3243.354,1,1,1
39659963,38335,1,-35.00,35.00,-36.48,33.78,-0.618,0.624,-85854,85837,7.59,228.3,85.427,3244.206,1,1,1
39669963,38345,1,-35.00,35.00,-37.84,33.75,-0.613,0.626,-85882,85860,7.58,221.8,85.427,3245.059,1,1,1
39679963,38355,1,-35.00,35.00,-38.79,34.17,-0.608,0.625,-85910,85884,7.59,220.5,97.622,3246.033,1,1,1
39689970,38365,1,-35.00,35.00,-37.26,34.47,-0.612,0.624,-85933,85908,7.59,220.0,102.866,3247.060,1,1,1
39699970,38375,1,-35.00,35.00,-33.99,35.11,-0.623,0.620,-85951,85933,7.60,222.2,99.024,3248.049,1,1,1
39709979,38385,1,-35.00,35.00,-34.34,34.69,-0.624,0.624,-85975,85956,7.58,221.0,87.012,3248.917,1,1,1
39719979,38395,1,-35.00,35.00,-35.03,33.95,-0.620,0.625,-86000,85978,7.60,222.8,76.585,3249.681,1,1,1
39729990,38405,1,-35.00,35.00,-35.50,35.63,-0.619,0.620,-86025,86005,7.59,224.3,74.451,3250.424,1,1,1
39739999,38416,1,-35.00,35.00,-35.84,36.37,-0.618,0.617,-86050,86031,7.59,221.8,79.817,3251.221,1,1,1
39750005,38426,1,-35.00,35.00,-36.07,35.56,-0.618,0.622,-86075,86054,7.57,218.2,88.963,3252.109,1,1,1
39760005,38436,1,-35.00,35.00,-35.80,34.56,-0.617,0.623,-86099,86076,7.59,225.0,98.963,3253.097,1,1,1
39770005,38446,1,-35.00,35.00,-36.48,37.38,-0.616,0.613,-86125,86106,7.59,221.5,108.354,3254.179,1,1,1
39780006,38456,1,-35.00,35.00,-36.09,38.47,-0.618,0.609,-86149,86134,7.59,214.5,109.024,3255.267,1,1,1
39790006,38466,1,-35.00,35.00,-35.37,38.35,-0.620,0.608,-86172,86160,7.60,217.0,104.695,3256.313,1,1,1
39800020,38476,1,-35.00,35.00,-34.86,32.12,-0.620,0.629,-86195,86172,7.59,218.0,94.573,3257.257,1,1,1
39810020,38486,1,-35.00,35.00,-34.51,35.23,-0.623,0.619,-86218,86201,7.59,226.3,82.317,3258.078,1,1,1
39820020,38496,1,-35.00,35.00,-35.58,33.89,-0.618,0.624,-86244,86222,7.59,224.0,77.256,3258.849,1,1,1
39830020,38506,1,-35.00,35.00,-36.34,35.15,-0.616,0.620,-86270,86248,7.59,222.8,77.256,3259.620,1,1,1
39840024,38516,1,-35.00,35.00,-35.98,35.15,-0.618,0.621,-86294,86272,7.58,220.2,80.793,3260.427,1,1,1
39850029,38526,1,-35.00,35.00,-36.17,35.15,-0.616,0.620,-86319,86296,7.60,222.8,92.561,3261.351,1,1,1
39860036,38536,1,-35.00,35.00,-36.31,35.59,-0.616,0.619,-86344,86321,7.59,219.5,103.476,3262.384,1,1,1
39870044,38546,1,-35.00,35.00,-36.40,38.10,-0.616,0.610,-86369,86351,7.59,220.2,106.768,3263.450,1,1,1
39880044,38556,1,-35.00,35.00,-35.15,38.09,-0.620,0.609,-86391,86377,7.60,216.5,104.268,3264.491,1,1,1
39890044,38566,1,-35.00,35.00,-34.71,38.09,-0.622,0.609,-86414,86403,7.59,217.2,98.354,3265.473,1,1,1
39900044,38576,1,-35.00,35.00,-34.41,36.77,-0.623,0.612,-86437,86426,7.60,218.0,86.280,3266.334,1,1,1
39910044,38586,1,-35.00,35.00,-34.19,34.97,-0.624,0.619,-86460,86447,7.59,220.2,77.622,3267.109,1,1,1
39920044,38596,1,-35.00,35.00,-34.92,33.71,-0.621,0.623,-86485,86468,7.59,223.8,76.037,3267.868,1,1,1
39930044,38606,1,-35.00,35.00,-35.87,34.58,-0.618,0.621,-86511,86493,7.59,223.0,78.841,3268.655,1,1,1
39940044,38616,1,-35.00,35.00,-36.97,34.31,-0.614,0.623,-86538,86516,7.59,223.2,84.695,3269.500,1,1,1
39950044,38626,1,-35.00,35.00,-38.19,35.45,-0.611,0.620,-86566,86542,7.59,221.8,94.329,3270.441,1,1,1
39960051,38636,1,-35.00,35.00,-39.91,35.80,-0.604,0.619,-86596,86567,7.59,218.0,103.049,3271.470,1,1,1
39970059,38646,1,-35.00,35.00,-39.37,36.05,-0.605,0.618,-86622,86592,7.59,214.8,109.817,3272.567,1,1,1
39980059,38656,1,-35.00,35.00,-38.10,35.34,-0.609,0.620,-86646,86615,7.59,215.8,107.988,3273.645,1,1,1
39990066,38666,1,-35.00,35.00,-35.02,35.28,-0.619,0.619,-86665,86639,7.60,218.0,91.280,3274.556,1,1,1
40000066,38676,1,-35.00,35.00,-31.99,35.25,-0.631,0.619,-86682,86663,7.59,221.0,77.561,3275.330,1,1,1
40010066,38686,1,-35.00,35.00,-33.38,35.66,-0.626,0.617,-86707,86688,7.59,226.0,73.232,3276.061,1,1,1
40020066,38696,1,-35.00,35.00,-34.79,35.95,-0.622,0.617,-86733,86713,7.59,223.2,78.902,3276.848,1,1,1
40030066,38706,1,-35.00,35.00,-35.34,36.15,-0.620,0.616,-86758,86738,7.59,225.0,91.463,3277.761,1,1,1
40040066,38716,1,-35.00,35.00,-34.84,38.05,-0.623,0.610,-86781,86767,7.59,219.8,97.317,3278.732,1,1,1
40050066,38726,1,-35.00,35.00,-35.82,38.50,-0.619,0.608,-86807,86794,7.59,219.0,95.427,3279.685,1,1,1
40060074,38736,1,-35.00,35.00,-36.50,37.94,-0.617,0.610,-86833,86819,7.59,219.8,93.963,3280.623,1,1,1
40070074,38746,1,-35.00,35.00,-36.10,36.66,-0.618,0.614,-86857,86842,7.59,216.5,95.427,3281.576,1,1,1
40080081,38756,1,-35.00,35.00,-36.25,33.13,-0.616,0.626,-86882,86859,7.59,217.8,91.646,3282.490,1,1,1
40090090,38766,1,-35.00,35.00,-35.48,33.74,-0.618,0.624,-86905,86883,7.59,222.8,82.988,3283.319,1,1,1
40100090,38776,1,-35.00,35.00,-35.39,34.17,-0.619,0.623,-86929,86907,7.59,225.5,77.622,3284.093,1,1,1
40110096,38786,1,-35.00,35.00,-36.20,34.90,-0.616,0.622,-86955,86932,7.59,224.5,85.061,3284.942,1,1,1
40120097,38796,1,-35.00,35.00,-35.44,34.98,-0.619,0.621,-86978,86956,7.59,221.5,99.329,3285.934,1,1,1
40130111,38806,1,-35.00,35.00,-35.36,37.23,-0.619,0.612,-87002,86985,7.60,222.2,110.549,3287.038,1,1,1
40140120,38816,1,-35.00,35.00,-35.30,39.68,-0.620,0.603,-87026,87016,7.60,219.8,111.037,3288.146,1,1,1
40150120,38826,1,-35.00,35.00,-26.47,40.52,-0.653,0.598,-87030,87045,7.59,214.2,106.098,3289.206,1,1,1
40160120,38836,1,-35.00,35.00,-18.53,39.79,-0.685,0.596,-87030,87071,7.59,230.8,102.805,3290.232,1,1,1
40170127,38846,1,-35.00,35.00,-12.97,36.64,-0.710,0.603,-87030,87091,7.59,253.8,95.915,3291.189,1,1,1
40180127,38856,1,-35.00,35.00,-9.08,33.12,-0.727,0.612,-87030,87108,7.57,273.0,82.378,3292.012,1,1,1
40190135,38866,1,-35.00,35.00,-6.79,33.29,-0.738,0.610,-87031,87131,7.56,290.5,73.476,3292.745,1,1,1
40200142,38876,1,-35.00,35.00,-4.76,34.29,-0.747,0.603,-87031,87156,7.57,302.2,73.963,3293.483,1,1,1
40210142,38886,1,-35.00,35.00,-3.33,35.87,-0.755,0.594,-87031,87183,7.57,310.5,88.232,3294.364,1,1,1
40220150,38896,1,-35.00,35.00,-4.53,36.53,-0.755,0.588,-87036,87209,7.57,310.8,102.134,3295.383,1,1,1
40230150,38906,1,-35.00,35.00,-15.03,37.88,-0.725,0.585,-87063,87237,7.55,300.2,106.159,3296.443,1,1,1
40240150,38916,1,-35.00,35.00,-23.71,38.82,-0.696,0.580,-87093,87265,7.58,271.0,104.390,3297.486,1,1,1
40250163,38926,1,-35.00,35.00,-29.34,38.60,-0.679,0.581,-87122,87291,7.58,244.2,105.427,3298.538,1,1,1
40260165,38936,1,-35.00,35.00,-32.84,34.93,-0.666,0.593,-87150,87309,7.59,231.0,102.195,3299.559,1,1,1
40270165,38946,1,-35.00,35.00,-35.73,34.12,-0.657,0.597,-87179,87331,7.59,229.8,93.598,3300.493,1,1,1
40280165,38956,1,-35.00,35.00,-37.32,34.43,-0.650,0.596,-87207,87355,7.59,226.8,88.598,3301.377,1,1,1
40290166,38966,1,-35.00,35.00,-39.31,34.65,-0.642,0.597,-87237,87379,7.59,224.3,92.866,3302.304,1,1,1
40300172,38976,1,-35.00,35.00,-40.26,35.68,-0.638,0.594,-87266,87405,7.58,218.0,104.512,3303.348,1,1,1
40310172,38986,1,-35.00,35.00,-40.93,37.28,-0.634,0.589,-87295,87433,7.59,215.0,114.756,3304.494,1,1,1
40320172,38996,1,-35.00,35.00,-42.27,38.84,-0.628,0.584,-87326,87462,7.59,213.5,115.061,3305.643,1,1,1
40330172,39006,1,-35.00,35.00,-42.33,38.61,-0.625,0.585,-87355,87488,7.59,207.5,109.390,3306.735,1,1,1
40340178,39016,1,-35.00,35.00,-41.50,37.58,-0.625,0.589,-87382,87512,7.60,205.2,104.268,3307.776,1,1,1
40350181,39026,1,-35.00,35.00,-41.79,36.41,-0.622,0.593,-87411,87535,7.60,210.7,91.951,3308.694,1,1,1
40360187,39036,1,-35.00,35.00,-40.68,33.84,-0.623,0.602,-87437,87554,7.60,209.2,83.780,3309.530,1,1,1
40370196,39046,1,-35.00,35.00,-41.66,32.04,-0.619,0.610,-87467,87573,7.59,213.2,83.110,3310.359,1,1,1
40380203,39056,1,-35.00,35.00,-42.79,33.41,-0.615,0.608,-87498,87598,7.59,214.0,86.220,3311.220,1,1,1
40390203,39066,1,-35.00,35.00,-41.81,33.50,-0.617,0.608,-87525,87621,7.59,214.5,94.329,3312.162,1,1,1
40400218,39076,1,-35.00,35.00,-42.89,33.99,-0.613,0.609,-87556,87645,7.59,216.2,103.354,3313.194,1,1,1
40410226,39086,1,-35.00,35.00,-44.09,34.78,-0.608,0.606,-87588,87670,7.60,214.0,111.890,3314.311,1,1,1
40420226,39096,1,-35.00,35.00,-44.92,37.09,-0.605,0.600,-87620,87699,7.59,210.0,117.683,3315.486,1,1,1
40430226,39106,1,-35.00,35.00,-41.11,38.71,-0.617,0.593,-87642,87728,7.60,208.0,111.341,3316.598,1,1,1
40440226,39116,1,-35.00,35.00,-39.77,37.64,-0.622,0.596,-87667,87752,7.59,205.5,97.866,3317.575,1,1,1
40450226,39126,1,-35.00,35.00,-39.26,35.58,-0.622,0.602,-87693,87773,7.60,209.2,86.280,3318.436,1,1,1
40460226,39136,1,-35.00,35.00,-39.79,32.38,-0.618,0.614,-87721,87790,7.60,216.0,80.061,3319.235,1,1,1
40470226,39146,1,-35.00,35.00,-40.16,31.45,-0.616,0.619,-87749,87810,7.60,215.8,82.439,3320.058,1,1,1
40480233,39156,1,-35.00,35.00,-40.85,32.12,-0.614,0.619,-87778,87833,7.59,221.8,87.439,3320.931,1,1,1
40490241,39166,1,-35.00,35.00,-40.90,33.47,-0.614,0.616,-87806,87858,7.59,220.5,98.598,3321.915,1,1,1
40500242,39176,1,-35.00,35.00,-41.82,33.98,-0.610,0.616,-87836,87882,7.59,215.2,111.220,3323.026,1,1,1
40510248,39186,1,-35.00,35.00,-40.26,35.65,-0.615,0.610,-87861,87909,7.59,213.5,113.963,3324.164,1,1,1
40520256,39196,1,-35.00,35.00,-38.73,36.82,-0.620,0.606,-87885,87936,7.58,216.0,104.329,3325.205,1,1,1
40530263,39206,1,-35.00,35.00,-38.97,37.64,-0.619,0.603,-87912,87963,7.59,216.0,96.890,3326.173,1,1,1
40540263,39216,1,-35.00,35.00,-39.59,36.45,-0.616,0.606,-87940,87986,7.59,211.0,95.549,3327.126,1,1,1
40550264,39226,1,-35.00,35.00,-39.58,33.43,-0.615,0.617,-87967,88004,7.59,214.2,94.756,3328.073,1,1,1
40560272,39236,1,-35.00,35.00,-39.57,31.75,-0.614,0.624,-87994,88023,7.59,219.0,91.220,3328.983,1,1,1
40570278,39246,1,-35.00,35.00,-40.88,31.89,-0.609,0.626,-88024,88045,7.59,220.8,87.073,3329.852,1,1,1
40580287,39256,1,-35.00,35.00,-42.24,33.31,-0.605,0.624,-88055,88070,7.58,218.5,90.732,3330.758,1,1,1
40590294,39266,1,-35.00,35.00,-39.68,34.30,-0.612,0.620,-88078,88095,7.59,218.2,99.146,3331.748,1,1,1
40600294,39276,1,-35.00,35.00,-38.76,35.00,-0.614,0.618,-88103,88120,7.59,219.8,100.488,3332.751,1,1,1
40610302,39286,1,-35.00,35.00,-36.80,35.93,-0.621,0.615,-88125,88146,7.59,218.5,100.488,3333.754,1,1,1
40620309,39296,1,-35.00,35.00,-37.62,37.89,-0.618,0.607,-88152,88175,7.59,218.8,95.671,3334.709,1,1,1
40630309,39306,1,-35.00,35.00,-39.08,37.95,-0.613,0.606,-88181,88201,7.60,217.2,92.683,3335.635,1,1,1
40640317,39316,1,-35.00,35.00,-38.34,37.55,-0.616,0.607,-88206,88226,7.59,213.0,95.671,3336.590,1,1,1
40650324,39326,1,-35.00,35.00,-38.27,35.95,-0.616,0.613,-88232,88248,7.59,214.2,99.146,3337.579,1,1,1
40660332,39336,1,-35.00,35.00,-40.41,33.08,-0.608,0.624,-88263,88266,7.58,217.8,97.988,3338.558,1,1,1
40670339,39346,1,-35.00,35.00,-41.47,31.50,-0.603,0.631,-88293,88285,7.59,221.0,91.707,3339.473,1,1,1
40680339,39356,1,-35.00,35.00,-40.45,32.60,-0.605,0.628,-88319,88309,7.60,219.8,83.720,3340.309,1,1,1
40690339,39366,1,-35.00,35.00,-38.87,33.81,-0.610,0.625,-88343,88334,7.59,216.8,80.000,3341.107,1,1,1
40700348,39376,1,-35.00,35.00,-35.99,34.65,-0.619,0.621,-88363,88359,7.59,222.0,83.232,3341.938,1,1,1
40710354,39386,1,-35.00,35.00,-35.74,35.68,-0.621,0.619,-88387,88385,7.59,223.8,84.146,3342.777,1,1,1
40720354,39396,1,-35.00,35.00,-36.89,36.40,-0.617,0.615,-88414,88411,7.59,223.5,84.085,3343.616,1,1,1
40730354,39406,1,-35.00,35.00,-37.25,37.35,-0.615,0.611,-88440,88438,7.60,216.2,87.866,3344.493,1,1,1
40740363,39416,1,-35.00,35.00,-37.06,35.37,-0.615,0.618,-88465,88459,7.60,217.2,92.256,3345.414,1,1,1
40750369,39426,1,-35.00,35.00,-38.68,33.99,-0.611,0.625,-88494,88480,7.58,222.0,94.695,3346.360,1,1,1
40760378,39436,1,-35.00,35.00,-40.26,33.90,-0.604,0.626,-88524,88503,7.59,221.5,91.829,3347.276,1,1,1
40770385,39446,1,-35.00,35.00,-40.93,34.72,-0.602,0.624,-88553,88528,7.59,218.2,87.439,3348.149,1,1,1
40780385,39456,1,-35.00,35.00,-38.76,35.73,-0.608,0.620,-88576,88554,7.60,218.8,87.622,3349.024,1,1,1
40790385,39466,1,-35.00,35.00,-35.92,36.43,-0.619,0.618,-88596,88580,7.58,219.5,91.707,3349.939,1,1,1
40800393,39476,1,-35.00,35.00,-35.69,37.81,-0.619,0.612,-88620,88608,7.59,219.2,90.915,3350.847,1,1,1
40810400,39486,1,-35.00,35.00,-36.85,38.77,-0.616,0.608,-88647,88636,7.59,217.8,85.793,3351.703,1,1,1
40820400,39496,1,-35.00,35.00,-37.22,38.57,-0.615,0.608,-88673,88662,7.59,215.8,88.659,3352.588,1,1,1
40830408,39506,1,-35.00,35.00,-37.04,36.22,-0.614,0.615,-88698,88683,7.59,215.5,94.390,3353.530,1,1,1
40840422,39516,1,-35.00,35.00,-36.91,33.71,-0.616,0.625,-88723,88702,7.57,217.0,91.463,3354.443,1,1,1
40850430,39526,1,-35.00,35.00,-38.58,32.82,-0.608,0.628,-88752,88723,7.59,224.5,87.561,3355.317,1,1,1
40860430,39536,1,-35.00,35.00,-39.31,33.52,-0.605,0.627,-88780,88747,7.59,223.0,83.171,3356.147,1,1,1
40870430,39546,1,-35.00,35.00,-39.82,34.89,-0.604,0.624,-88808,88773,7.59,220.8,84.207,3356.988,1,1,1
40880430,39556,1,-35.00,35.00,-37.54,36.29,-0.611,0.618,-88830,88800,7.59,216.0,92.195,3357.908,1,1,1
40890430,39566,1,-35.00,35.00,-35.51,38.59,-0.619,0.609,-88851,88830,7.59,218.5,97.500,3358.882,1,1,1
40900430,39576,1,-35.00,35.00,-35.84,38.88,-0.617,0.607,-88876,88857,7.60,219.2,92.927,3359.809,1,1,1
40910430,39586,1,-35.00,35.00,-36.08,38.64,-0.618,0.609,-88901,88883,7.59,215.2,85.854,3360.666,1,1,1
40920430,39596,1,-35.00,35.00,-36.24,36.72,-0.616,0.614,-88926,88905,7.60,220.0,85.305,3361.518,1,1,1
40930430,39606,1,-35.00,35.00,-36.35,33.61,-0.615,0.626,-88951,88923,7.59,217.8,84.695,3362.363,1,1,1
40940430,39616,1,-35.00,35.00,-36.43,32.32,-0.614,0.631,-88976,88943,7.59,223.2,80.122,3363.162,1,1,1
40950439,39626,1,-35.00,35.00,-37.81,34.05,-0.609,0.626,-89004,88969,7.59,224.8,77.988,3363.941,1,1,1
40960445,39636,1,-35.00,35.00,-37.45,35.70,-0.612,0.622,-89029,88996,7.58,223.8,81.402,3364.753,1,1,1
40970445,39646,1,-35.00,35.00,-36.76,35.98,-0.614,0.620,-89053,89021,7.58,221.2,89.573,3365.647,1,1,1
40980445,39656,1,-35.00,35.00,-35.84,37.05,-0.617,0.615,-89076,89048,7.59,219.8,94.634,3366.592,1,1,1
40990445,39666,1,-35.00,35.00,-35.20,39.12,-0.618,0.606,-89099,89078,7.60,219.0,92.317,3367.514,1,1,1
41000445,39676,1,-35.00,35.00,-35.62,40.13,-0.619,0.604,-89124,89107,7.59,218.5,86.951,3368.382,1,1,1
41010445,39686,1,-35.00,35.00,-35.48,38.20,-0.619,0.610,-89148,89130,7.59,217.0,88.293,3369.263,1,1,1
41020446,39696,1,-35.00,35.00,-36.26,34.65,-0.615,0.621,-89174,89148,7.59,218.0,90.854,3370.170,1,1,1
41030460,39706,1,-35.00,35.00,-35.93,33.48,-0.617,0.626,-89198,89169,7.59,220.5,88.354,3371.052,1,1,1
41040461,39716,1,-35.00,35.00,-35.70,34.42,-0.617,0.623,-89222,89194,7.59,225.3,84.573,3371.896,1,1,1
41050476,39726,1,-35.00,35.00,-38.17,35.96,-0.609,0.619,-89252,89221,7.59,224.0,88.476,3372.779,1,1,1
41060484,39736,1,-35.00,35.00,-38.15,36.60,-0.609,0.616,-89278,89247,7.60,218.2,98.476,3373.762,1,1,1
41070493,39746,1,-35.00,35.00,-36.37,38.36,-0.615,0.609,-89300,89276,7.60,217.8,103.598,3374.796,1,1,1
41080493,39756,1,-35.00,35.00,-33.81,40.04,-0.626,0.604,-89319,89306,7.58,217.0,100.305,3375.798,1,1,1
41090500,39766,1,-35.00,35.00,-32.89,40.33,-0.629,0.601,-89340,89334,7.59,218.0,90.305,3376.699,1,1,1
41100500,39776,1,-35.00,35.00,-34.01,39.22,-0.627,0.605,-89365,89359,7.59,218.8,81.280,3377.510,1,1,1
41110500,39786,1,-35.00,35.00,-34.80,36.68,-0.623,0.613,-89390,89380,7.59,220.8,81.341,3378.322,1,1,1
41120500,39796,1,-35.00,35.00,-34.46,33.59,-0.623,0.623,-89413,89398,7.60,221.8,83.598,3379.156,1,1,1
41130500,39806,1,-35.00,35.00,-34.23,33.62,-0.625,0.624,-89436,89421,7.58,227.5,80.305,3379.958,1,1,1
41140500,39816,1,-35.00,35.00,-33.63,34.96,-0.627,0.619,-89458,89447,7.59,229.2,79.756,3380.754,1,1,1
41150508,39826,1,-35.00,35.00,-33.65,35.46,-0.628,0.618,-89481,89472,7.59,230.0,87.805,3381.630,1,1,1
41160508,39836,1,-35.00,35.00,-33.66,36.25,-0.629,0.614,-89504,89498,7.59,228.3,94.146,3382.570,1,1,1
41170508,39846,1,-35.00,35.00,-34.11,37.68,-0.629,0.609,-89528,89526,7.59,227.0,98.415,3383.553,1,1,1
41180508,39856,1,-35.00,35.00,-34.42,38.68,-0.628,0.605,-89552,89554,7.59,223.0,98.476,3384.536,1,1,1
41190515,39866,1,-35.00,35.00,-34.20,38.50,-0.630,0.606,-89575,89580,7.59,224.0,97.561,3385.510,1,1,1
41200515,39876,1,-35.00,35.00,-34.49,36.62,-0.628,0.611,-89599,89602,7.59,221.2,93.902,3386.447,1,1,1
41210515,39886,1,-35.00,35.00,-34.25,33.98,-0.628,0.620,-89622,89621,7.59,223.5,87.500,3387.321,1,1,1
41220515,39896,1,-35.00,35.00,-34.52,33.90,-0.628,0.621,-89646,89644,7.59,226.8,82.500,3388.144,1,1,1
41230515,39906,1,-35.00,35.00,-36.03,34.71,-0.623,0.619,-89673,89669,7.59,228.0,83.841,3388.981,1,1,1
41240515,39916,1,-35.00,35.00,-36.21,35.72,-0.623,0.616,-89698,89695,7.58,222.0,91.951,3389.899,1,1,1
41250515,39926,1,-35.00,35.00,-35.89,35.11,-0.623,0.617,-89722,89718,7.59,222.0,102.134,3390.918,1,1,1
41260515,39936,1,-35.00,35.00,-36.55,36.45,-0.621,0.613,-89748,89745,7.59,223.5,109.634,3392.013,1,1,1
41270515,39946,1,-35.00,35.00,-36.57,38.70,-0.620,0.605,-89773,89775,7.59,217.2,110.305,3393.115,1,1,1
41280515,39956,1,-35.00,35.00,-36.59,38.51,-0.620,0.605,-89798,89801,7.59,216.0,105.305,3394.166,1,1,1
41290515,39966,1,-35.00,35.00,-34.40,38.38,-0.628,0.605,-89818,89827,7.59,219.8,92.622,3395.091,1,1,1
41300523,39976,1,-35.00,35.00,-33.31,36.10,-0.632,0.612,-89839,89848,7.59,218.2,80.610,3395.895,1,1,1
41310530,39986,1,-35.00,35.00,-34.74,33.62,-0.626,0.621,-89865,89867,7.59,223.2,73.171,3396.625,1,1,1
41320530,39996,1,-35.00,35.00,-35.74,32.76,-0.622,0.625,-89891,89888,7.59,225.3,71.585,3397.339,1,1,1
41330530,40006,1,-35.00,35.00,-36.01,33.48,-0.622,0.623,-89916,89912,7.59,224.3,74.512,3398.083,1,1,1
41340542,40016,1,-35.00,35.00,-35.75,33.98,-0.623,0.623,-89940,89936,7.57,222.8,83.902,3398.920,1,1,1
41350554,40026,1,-35.00,35.00,-37.33,33.90,-0.616,0.623,-89968,89959,7.59,226.3,96.280,3399.881,1,1,1
41360560,40036,1,-35.00,35.00,-38.88,34.71,-0.609,0.621,-89997,89984,7.60,221.2,103.110,3400.911,1,1,1
41370560,40046,1,-35.00,35.00,-37.76,34.85,-0.613,0.621,-90021,90008,7.59,215.5,102.622,3401.935,1,1,1
41380561,40056,1,-35.00,35.00,-35.22,34.94,-0.621,0.620,-90041,90032,7.59,220.5,94.024,3402.874,1,1,1
41390561,40066,1,-35.00,35.00,-34.32,34.13,-0.625,0.624,-90063,90054,7.58,222.8,80.732,3403.680,1,1,1
41400569,40076,1,-35.00,35.00,-34.57,34.87,-0.623,0.620,-90087,90079,7.59,228.5,73.780,3404.416,1,1,1
41410569,40086,1,-35.00,35.00,-36.07,35.40,-0.619,0.619,-90114,90104,7.59,222.5,77.988,3405.194,1,1,1
41420569,40096,1,-35.00,35.00,-36.23,36.64,-0.618,0.614,-90139,90131,7.59,220.8,89.512,3406.088,1,1,1
41430576,40106,1,-35.00,35.00,-36.35,35.32,-0.618,0.619,-90164,90153,7.59,221.0,99.024,3407.076,1,1,1
41440576,40116,1,-35.00,35.00,-35.99,35.71,-0.618,0.617,-90188,90178,7.59,222.0,106.768,3408.142,1,1,1
41450576,40126,1,-35.00,35.00,-35.74,37.74,-0.620,0.610,-90212,90207,7.59,218.8,106.220,3409.203,1,1,1
41460584,40136,1,-35.00,35.00,-36.44,38.72,-0.618,0.606,-90238,90235,7.59,218.0,103.841,3410.240,1,1,1
41470591,40146,1,-35.00,35.00,-36.06,38.53,-0.620,0.606,-90262,90261,7.59,217.5,99.146,3411.229,1,1,1
41480591,40156,1,-35.00,35.00,-34.91,35.76,-0.622,0.614,-90284,90281,7.60,216.0,86.280,3412.091,1,1,1
41490591,40166,1,-35.00,35.00,-34.54,33.82,-0.624,0.622,-90307,90301,7.58,217.5,77.988,3412.869,1,1,1
41500591,40176,1,-35.00,35.00,-35.17,33.78,-0.621,0.622,-90332,90324,7.59,227.8,75.610,3413.623,1,1,1
41510599,40186,1,-35.00,35.00,-36.04,34.63,-0.619,0.620,-90358,90349,7.59,221.2,79.634,3414.418,1,1,1
41520606,40196,1,-35.00,35.00,-36.22,35.23,-0.618,0.618,-90383,90374,7.59,220.2,92.378,3415.340,1,1,1
41530606,40206,1,-35.00,35.00,-35.46,34.77,-0.621,0.620,-90406,90397,7.59,220.8,105.915,3416.398,1,1,1
41540615,40216,1,-35.00,35.00,-35.81,37.08,-0.620,0.612,-90431,90426,7.59,225.3,105.915,3417.455,1,1,1
41550630,40226,1,-35.00,35.00,-36.93,39.58,-0.617,0.603,-90458,90457,7.59,218.8,110.366,3418.557,1,1,1
41560636,40236,1,-35.00,35.00,-35.96,39.57,-0.621,0.603,-90481,90484,7.59,214.5,107.012,3419.626,1,1,1
41570636,40246,1,-35.00,35.00,-35.28,38.25,-0.622,0.606,-90504,90508,7.60,217.0,105.244,3420.677,1,1,1
41580636,40256,1,-35.00,35.00,-34.80,37.32,-0.624,0.609,-90527,90532,7.59,218.0,95.000,3421.625,1,1,1
41590636,40266,1,-35.00,35.00,-34.91,35.35,-0.624,0.615,-90551,90553,7.59,219.2,80.610,3422.430,1,1,1
41600645,40276,1,-35.00,35.00,-34.98,33.10,-0.623,0.624,-90575,90572,7.59,222.2,74.451,3423.173,1,1,1
41610652,40286,1,-35.00,35.00,-35.47,32.40,-0.621,0.627,-90600,90593,7.59,226.8,74.085,3423.912,1,1,1
41620660,40296,1,-35.00,35.00,-35.82,33.22,-0.619,0.624,-90625,90617,7.59,228.0,77.378,3424.684,1,1,1
41630667,40306,1,-35.00,35.00,-36.94,34.68,-0.617,0.621,-90652,90643,7.58,223.0,85.000,3425.532,1,1,1
41640667,40316,1,-35.00,35.00,-38.60,35.70,-0.611,0.618,-90681,90669,7.58,221.5,95.610,3426.487,1,1,1
41650667,40326,1,-35.00,35.00,-39.33,35.98,-0.607,0.617,-90709,90694,7.60,221.0,105.671,3427.542,1,1,1
41660675,40336,1,-35.00,35.00,-37.64,35.29,-0.613,0.619,-90732,90717,7.59,214.8,110.488,3428.645,1,1,1
41670682,40346,1,-35.00,35.00,-36.01,34.81,-0.618,0.620,-90754,90740,7.59,215.0,102.561,3429.669,1,1,1
41680682,40356,1,-35.00,35.00,-33.56,35.35,-0.627,0.618,-90773,90765,7.59,223.5,85.183,3430.519,1,1,1
41690682,40366,1,-35.00,35.00,-34.04,35.30,-0.625,0.618,-90797,90789,7.59,224.5,76.463,3431.282,1,1,1
41700682,40376,1,-35.00,35.00,-34.81,35.69,-0.623,0.616,-90822,90814,7.59,223.2,77.561,3432.056,1,1,1
41710682,40386,1,-35.00,35.00,-34.92,35.97,-0.623,0.615,-90846,90839,7.59,221.5,87.256,3432.927,1,1,1
41720682,40396,1,-35.00,35.00,-34.99,37.48,-0.624,0.610,-90870,90867,7.59,222.5,94.756,3433.873,1,1,1
41730690,40406,1,-35.00,35.00,-36.36,38.54,-0.619,0.606,-90897,90895,7.59,221.0,94.207,3434.813,1,1,1
41740697,40416,1,-35.00,35.00,-36.88,37.97,-0.617,0.608,-90923,90920,7.59,216.8,92.256,3435.734,1,1,1
41750703,40426,1,-35.00,35.00,-36.80,36.24,-0.617,0.614,-90948,90942,7.59,215.8,93.415,3436.667,1,1,1
41760712,40436,1,-35.00,35.00,-36.31,33.28,-0.618,0.624,-90972,90960,7.59,218.5,93.232,3437.598,1,1,1
41770721,40446,1,-35.00,35.00,-35.52,33.84,-0.620,0.622,-90995,90984,7.59,224.3,86.341,3438.459,1,1,1
41780721,40456,1,-35.00,35.00,-35.41,34.24,-0.620,0.622,-91019,91008,7.59,222.0,79.390,3439.252,1,1,1
41790727,40466,1,-35.00,35.00,-35.77,34.95,-0.619,0.619,-91044,91033,7.59,223.5,84.756,3440.098,1,1,1
41800727,40476,1,-35.00,35.00,-35.15,35.45,-0.622,0.618,-91067,91058,7.58,221.2,97.683,3441.073,1,1,1
41810727,40486,1,-35.00,35.00,-35.59,37.56,-0.621,0.610,-91092,91087,7.59,222.8,109.512,3442.166,1,1,1
41820736,40496,1,-35.00,35.00,-35.02,39.92,-0.624,0.602,-91115,91118,7.59,219.5,110.732,3443.272,1,1,1
41830743,40506,1,-35.00,35.00,-29.35,40.25,-0.644,0.597,-91126,91146,7.60,219.8,107.073,3444.341,1,1,1
41840749,40516,1,-35.00,35.00,-20.54,39.60,-0.679,0.596,-91126,91172,7.59,225.5,102.744,3445.367,1,1,1
41850758,40526,1,-35.00,35.00,-14.38,36.07,-0.706,0.604,-91126,91191,7.58,244.0,98.354,3446.349,1,1,1
41860758,40536,1,-35.00,35.00,-10.07,33.16,-0.724,0.612,-91126,91209,7.57,270.2,87.317,3447.220,1,1,1
41870758,40546,1,-35.00,35.00,-7.49,33.32,-0.737,0.609,-91127,91232,7.56,289.5,75.000,3447.969,1,1,1
41880758,40556,1,-35.00,35.00,-5.24,34.31,-0.746,0.602,-91127,91257,7.57,299.5,72.378,3448.691,1,1,1
41890766,40566,1,-35.00,35.00,-3.67,35.44,-0.755,0.595,-91127,91283,7.56,306.5,85.610,3449.545,1,1,1
41900766,40576,1,-35.00,35.00,-2.57,37.55,-0.763,0.583,-91127,91312,7.57,312.8,103.598,3450.580,1,1,1
41910773,40586,1,-35.00,35.00,-12.78,39.47,-0.733,0.577,-91152,91342,7.56,310.0,109.512,3451.673,1,1,1
41920773,40596,1,-35.00,35.00,-22.13,39.93,-0.704,0.575,-91182,91370,7.57,277.2,106.524,3452.737,1,1,1
41930781,40606,1,-35.00,35.00,-27.80,38.50,-0.685,0.579,-91210,91394,7.58,247.2,106.463,3453.800,1,1,1
41940781,40616,1,-35.00,35.00,-32.20,33.98,-0.671,0.595,-91239,91410,7.58,237.8,103.476,3454.833,1,1,1
41950788,40626,1,-35.00,35.00,-34.85,33.02,-0.661,0.599,-91267,91431,7.59,233.0,92.622,3455.758,1,1,1
41960797,40636,1,-35.00,35.00,-37.58,33.22,-0.651,0.599,-91297,91454,7.59,229.2,85.671,3456.613,1,1,1
41970803,40646,1,-35.00,35.00,-39.05,34.24,-0.645,0.597,-91326,91479,7.59,225.8,88.110,3457.492,1,1,1
41980803,40656,1,-35.00,35.00,-40.08,35.39,-0.640,0.594,-91355,91505,7.59,222.8,101.402,3458.505,1,1,1
41990812,40666,1,-35.00,35.00,-40.80,37.96,-0.636,0.585,-91384,91535,7.59,219.5,114.939,3459.652,1,1,1
42000812,40676,1,-35.00,35.00,-41.30,38.88,-0.633,0.583,-91413,91563,7.59,210.2,116.280,3460.813,1,1,1
42010812,40686,1,-35.00,35.00,-42.10,38.20,-0.628,0.585,-91443,91588,7.59,209.2,109.756,3461.909,1,1,1
42020818,40696,1,-35.00,35.00,-41.33,37.29,-0.627,0.587,-91470,91612,7.61,208.7,104.207,3462.950,1,1,1
42030827,40706,1,-35.00,35.00,-41.68,35.77,-0.625,0.594,-91499,91634,7.59,207.7,93.415,3463.883,1,1,1
42040834,40716,1,-35.00,35.00,-41.48,32.51,-0.623,0.606,-91527,91651,7.59,209.7,82.683,3464.708,1,1,1
42050834,40726,1,-35.00,35.00,-41.78,31.98,-0.620,0.609,-91556,91672,7.59,216.5,80.610,3465.512,1,1,1
42060834,40736,1,-35.00,35.00,-41.99,32.94,-0.619,0.608,-91585,91696,7.59,217.5,81.707,3466.328,1,1,1
42070834,40746,1,-35.00,35.00,-42.14,33.16,-0.617,0.608,-91614,91719,7.59,215.5,90.549,3467.231,1,1,1
42080834,40756,1,-35.00,35.00,-42.24,34.20,-0.616,0.606,-91643,91744,7.60,215.2,101.768,3468.248,1,1,1
42090834,40766,1,-35.00,35.00,-43.63,34.49,-0.612,0.607,-91675,91768,7.59,214.2,110.793,3469.354,1,1,1
42100834,40776,1,-35.00,35.00,-44.60,36.89,-0.608,0.600,-91707,91797,7.59,211.0,116.951,3470.522,1,1,1
42110834,40786,1,-35.00,35.00,-42.21,38.12,-0.615,0.594,-91732,91825,7.59,209.0,113.720,3471.657,1,1,1
42120834,40796,1,-35.00,35.00,-40.09,37.67,-0.621,0.594,-91756,91850,7.60,209.7,103.720,3472.693,1,1,1
42130842,40806,1,-35.00,35.00,-39.49,34.72,-0.622,0.605,-91782,91869,7.59,208.7,89.512,3473.586,1,1,1
42140849,40816,1,-35.00,35.00,-39.95,31.78,-0.619,0.616,-91810,91886,7.59,213.5,78.537,3474.370,1,1,1
42150849,40826,1,-35.00,35.00,-40.27,31.03,-0.617,0.620,-91838,91906,7.59,221.0,78.354,3475.152,1,1,1
42160857,40836,1,-35.00,35.00,-40.49,32.27,-0.616,0.618,-91866,91930,7.60,221.8,83.354,3475.984,1,1,1
42170857,40846,1,-35.00,35.00,-40.21,33.14,-0.616,0.616,-91893,91954,7.59,217.0,94.512,3476.927,1,1,1
42180864,40856,1,-35.00,35.00,-42.65,33.30,-0.608,0.618,-91926,91977,7.59,218.0,106.646,3477.992,1,1,1
42190864,40866,1,-35.00,35.00,-39.96,34.74,-0.616,0.613,-91949,92003,7.60,217.2,113.293,3479.124,1,1,1
42200864,40876,1,-35.00,35.00,-38.52,36.18,-0.622,0.609,-91973,92030,7.59,217.0,108.232,3480.204,1,1,1
42210872,40886,1,-35.00,35.00,-39.27,37.63,-0.618,0.603,-92001,92058,7.60,216.8,97.988,3481.183,1,1,1
42220872,40896,1,-35.00,35.00,-39.35,36.01,-0.617,0.608,-92028,92080,7.60,215.0,93.476,3482.116,1,1,1
42230879,40906,1,-35.00,35.00,-39.41,33.56,-0.616,0.617,-92055,92099,7.59,215.0,93.232,3483.046,1,1,1
42240888,40916,1,-35.00,35.00,-39.89,31.40,-0.614,0.627,-92083,92117,7.58,215.2,90.854,3483.953,1,1,1
42250900,40926,1,-35.00,35.00,-40.23,31.65,-0.613,0.628,-92111,92139,7.58,222.2,86.829,3484.820,1,1,1
42260910,40936,1,-35.00,35.00,-41.34,33.14,-0.607,0.624,-92141,92164,7.59,225.3,89.024,3485.709,1,1,1
42270918,40946,1,-35.00,35.00,-40.37,34.18,-0.610,0.622,-92167,92189,7.59,220.5,98.659,3486.694,1,1,1
42280925,40956,1,-35.00,35.00,-39.24,34.92,-0.614,0.620,-92192,92214,7.59,218.0,103.841,3487.730,1,1,1
42290925,40966,1,-35.00,35.00,-38.02,35.87,-0.617,0.615,-92216,92240,7.60,218.2,99.024,3488.719,1,1,1
42300933,40976,1,-35.00,35.00,-37.60,37.85,-0.619,0.608,-92241,92269,7.60,219.2,92.195,3489.639,1,1,1
42310940,40986,1,-35.00,35.00,-38.18,37.48,-0.617,0.609,-92268,92294,7.59,217.5,91.098,3490.549,1,1,1
42320940,40996,1,-35.00,35.00,-39.47,37.22,-0.613,0.610,-92297,92319,7.59,214.0,93.354,3491.481,1,1,1
42330940,41006,1,-35.00,35.00,-39.06,35.72,-0.614,0.615,-92323,92341,7.59,217.0,93.902,3492.418,1,1,1
42340940,41016,1,-35.00,35.00,-39.21,32.48,-0.613,0.628,-92350,92358,7.58,216.8,91.098,3493.328,1,1,1
42350940,41026,1,-35.00,35.00,-40.63,31.52,-0.605,0.632,-92380,92378,7.60,221.2,84.939,3494.175,1,1,1
42360948,41036,1,-35.00,35.00,-40.74,32.61,-0.605,0.630,-92408,92402,7.59,220.2,81.037,3494.984,1,1,1
42370948,41046,1,-35.00,35.00,-39.95,33.82,-0.607,0.627,-92434,92427,7.59,222.0,85.427,3495.837,1,1,1
42380948,41056,1,-35.00,35.00,-36.31,34.66,-0.619,0.624,-92453,92452,7.59,220.2,89.329,3496.728,1,1,1
42390955,41066,1,-35.00,35.00,-36.40,35.69,-0.619,0.620,-92478,92478,7.60,222.8,86.707,3497.594,1,1,1
42400955,41076,1,-35.00,35.00,-36.91,35.97,-0.618,0.620,-92504,92503,7.58,223.2,85.244,3498.445,1,1,1
42410963,41086,1,-35.00,35.00,-37.70,37.04,-0.615,0.615,-92531,92530,7.59,223.2,88.963,3499.333,1,1,1
42420963,41096,1,-35.00,35.00,-37.38,35.16,-0.616,0.622,-92556,92551,7.59,216.5,92.439,3500.255,1,1,1
42430964,41106,1,-35.00,35.00,-38.03,33.84,-0.613,0.627,-92583,92572,7.59,220.8,90.732,3501.161,1,1,1
42440970,41116,1,-35.00,35.00,-39.36,34.23,-0.609,0.628,-92612,92596,7.58,225.0,87.866,3502.038,1,1,1
42450979,41126,1,-35.00,35.00,-40.74,34.51,-0.602,0.627,-92642,92620,7.60,223.0,88.049,3502.917,1,1,1
42460979,41136,1,-35.00,35.00,-39.94,35.58,-0.606,0.624,-92668,92646,7.59,218.0,91.890,3503.834,1,1,1
42470979,41146,1,-35.00,35.00,-37.19,36.33,-0.614,0.620,-92689,92672,7.59,217.8,91.890,3504.751,1,1,1
42480990,41156,1,-35.00,35.00,-36.14,38.18,-0.618,0.613,-92712,92701,7.59,221.8,93.902,3505.689,1,1,1
42490998,41166,1,-35.00,35.00,-36.28,38.59,-0.619,0.611,-92737,92728,7.58,219.5,89.268,3506.580,1,1,1
42501005,41177,1,-35.00,35.00,-36.82,38.44,-0.617,0.610,-92763,92754,7.59,217.8,87.561,3507.454,1,1,1
42511005,41187,1,-35.00,35.00,-37.20,36.58,-0.615,0.616,-92789,92776,7.59,215.2,93.049,3508.383,1,1,1
42521005,41197,1,-35.00,35.00,-37.91,33.51,-0.611,0.627,-92816,92794,7.59,220.5,91.646,3509.298,1,1,1
42531014,41207,1,-35.00,35.00,-38.84,32.69,-0.607,0.631,-92844,92815,7.59,222.0,86.707,3510.163,1,1,1
42541021,41217,1,-35.00,35.00,-38.61,33.87,-0.607,0.627,-92870,92840,7.60,222.2,82.317,3510.985,1,1,1
42551036,41227,1,-35.00,35.00,-40.21,34.69,-0.602,0.626,-92900,92865,7.60,221.0,82.439,3511.808,1,1,1
42561051,41237,1,-35.00,35.00,-38.26,36.15,-0.608,0.620,-92923,92892,7.60,218.0,90.732,3512.713,1,1,1
42571051,41247,1,-35.00,35.00,-36.89,38.49,-0.614,0.613,-92946,92922,7.59,218.0,97.927,3513.691,1,1,1
42581051,41257,1,-35.00,35.00,-36.37,38.81,-0.615,0.609,-92970,92949,7.60,217.2,95.854,3514.648,1,1,1
42591051,41267,1,-35.00,35.00,-36.44,38.59,-0.615,0.608,-92995,92975,7.60,215.8,88.780,3515.534,1,1,1
42601059,41277,1,-35.00,35.00,-36.50,36.68,-0.616,0.615,-93020,92997,7.59,215.5,86.341,3516.396,1,1,1
42611066,41287,1,-35.00,35.00,-36.53,34.03,-0.614,0.624,-93045,93016,7.59,217.5,85.366,3517.248,1,1,1
42621066,41297,1,-35.00,35.00,-37.00,31.73,-0.612,0.633,-93071,93034,7.59,221.8,81.220,3518.058,1,1,1
42631066,41307,1,-35.00,35.00,-37.33,33.64,-0.610,0.627,-93097,93060,7.60,225.8,77.500,3518.832,1,1,1
42641066,41317,1,-35.00,35.00,-37.99,35.41,-0.609,0.622,-93124,93087,7.59,222.8,79.146,3519.622,1,1,1
42651066,41327,1,-35.00,35.00,-37.14,36.21,-0.611,0.619,-93148,93113,7.59,217.5,86.585,3520.486,1,1,1
42661074,41337,1,-35.00,35.00,-36.11,36.34,-0.615,0.618,-93171,93138,7.59,219.5,92.744,3521.412,1,1,1
42671074,41347,1,-35.00,35.00,-35.38,38.62,-0.618,0.610,-93194,93168,7.59,218.2,93.963,3522.350,1,1,1
42681074,41357,1,-35.00,35.00,-35.75,39.78,-0.617,0.605,-93219,93197,7.60,217.0,88.902,3523.237,1,1,1
42691074,41367,1,-35.00,35.00,-36.01,38.83,-0.617,0.608,-93244,93222,7.59,216.8,87.927,3524.115,1,1,1
42701081,41377,1,-35.00,35.00,-35.76,35.09,-0.617,0.620,-93268,93240,7.59,218.5,91.159,3525.025,1,1,1
42711090,41387,1,-35.00,35.00,-36.46,33.79,-0.614,0.625,-93294,93261,7.59,221.8,91.524,3525.938,1,1,1
42721096,41397,1,-35.00,35.00,-36.51,34.20,-0.614,0.625,-93319,93285,7.58,223.5,87.073,3526.807,1,1,1
42731096,41407,1,-35.00,35.00,-39.62,34.93,-0.603,0.623,-93351,93310,7.59,223.8,87.012,3527.676,1,1,1
42741105,41417,1,-35.00,35.00,-39.60,36.31,-0.603,0.618,-93378,93337,7.60,220.5,96.524,3528.639,1,1,1
42751116,41427,1,-35.00,35.00,-37.39,38.60,-0.611,0.611,-93400,93367,7.59,217.0,107.561,3529.713,1,1,1
42761120,41437,1,-35.00,35.00,-33.64,39.77,-0.624,0.605,-93417,93396,7.59,213.0,107.866,3530.790,1,1,1
42771120,41447,1,-35.00,35.00,-32.34,39.70,-0.630,0.604,-93437,93423,7.60,218.5,97.134,3531.760,1,1,1
42781127,41457,1,-35.00,35.00,-32.74,39.22,-0.630,0.606,-93460,93449,7.59,222.2,82.805,3532.586,1,1,1
42791127,41467,1,-35.00,35.00,-33.91,37.12,-0.627,0.613,-93485,93471,7.59,221.5,75.915,3533.344,1,1,1
42801135,41477,1,-35.00,35.00,-34.28,33.02,-0.624,0.626,-93509,93487,7.59,223.8,77.622,3534.119,1,1,1
42811142,41487,1,-35.00,35.00,-33.67,32.78,-0.627,0.628,-93531,93509,7.59,233.5,78.110,3534.898,1,1,1
42821142,41497,1,-35.00,35.00,-33.67,34.81,-0.628,0.621,-93554,93536,7.59,229.8,75.549,3535.652,1,1,1
42831151,41507,1,-35.00,35.00,-33.68,34.91,-0.628,0.621,-93577,93560,7.59,229.2,83.293,3536.483,1,1,1
42841163,41517,1,-35.00,35.00,-34.12,35.87,-0.627,0.617,-93601,93586,7.59,233.0,90.915,3537.391,1,1,1
42851172,41527,1,-35.00,35.00,-33.99,36.53,-0.628,0.615,-93624,93612,7.59,227.3,95.244,3538.342,1,1,1
42861172,41537,1,-35.00,35.00,-33.90,37.44,-0.629,0.610,-93647,93639,7.59,226.3,97.317,3539.313,1,1,1
42871181,41547,1,-35.00,35.00,-33.84,36.75,-0.629,0.612,-93670,93663,7.60,226.0,94.695,3540.258,1,1,1
42881188,41557,1,-35.00,35.00,-34.23,36.27,-0.629,0.614,-93694,93687,7.59,223.5,91.098,3541.168,1,1,1
42891196,41567,1,-35.00,35.00,-33.63,34.18,-0.630,0.620,-93716,93707,7.59,226.5,87.805,3542.044,1,1,1
42901196,41577,1,-35.00,35.00,-34.97,34.47,-0.626,0.620,-93742,93731,7.59,228.5,85.122,3542.894,1,1,1
42911196,41587,1,-35.00,35.00,-35.90,35.12,-0.623,0.619,-93768,93756,7.59,228.5,85.793,3543.750,1,1,1
42921196,41597,1,-35.00,35.00,-37.00,35.57,-0.619,0.617,-93795,93781,7.59,226.8,92.317,3544.672,1,1,1
42931196,41607,1,-35.00,35.00,-37.32,35.01,-0.617,0.620,-93821,93804,7.59,222.5,100.793,3545.678,1,1,1
42941203,41617,1,-35.00,35.00,-36.67,35.49,-0.618,0.617,-93845,93829,7.59,220.0,110.000,3546.776,1,1,1
42951211,41627,1,-35.00,35.00,-35.78,38.03,-0.622,0.609,-93868,93859,7.59,220.8,112.561,3547.900,1,1,1
42961211,41637,1,-35.00,35.00,-34.71,38.92,-0.627,0.606,-93890,93887,7.59,220.2,106.037,3548.959,1,1,1
42971218,41647,1,-35.00,35.00,-33.97,38.23,-0.629,0.607,-93912,93912,7.59,219.5,93.049,3549.888,1,1,1
42981226,41657,1,-35.00,35.00,-33.45,36.87,-0.631,0.610,-93934,93935,7.60,222.0,82.134,3550.708,1,1,1
42991226,41667,1,-35.00,35.00,-35.28,34.60,-0.625,0.619,-93961,93955,7.59,221.5,75.244,3551.459,1,1,1
43001226,41677,1,-35.00,35.00,-35.68,32.13,-0.623,0.629,-93986,93973,7.58,224.5,75.427,3552.211,1,1,1
43011226,41687,1,-35.00,35.00,-36.40,32.60,-0.619,0.628,-94012,93996,7.59,226.3,76.280,3552.973,1,1,1
43021233,41697,1,-35.00,35.00,-36.03,33.80,-0.621,0.625,-94036,94021,7.59,226.8,76.646,3553.738,1,1,1
43031241,41707,1,-35.00,35.00,-37.52,33.33,-0.615,0.628,-94064,94043,7.58,225.0,86.037,3554.596,1,1,1
43041248,41717,1,-35.00,35.00,-39.01,33.88,-0.609,0.627,-94093,94067,7.58,224.0,97.073,3555.565,1,1,1
43051248,41727,1,-35.00,35.00,-37.42,34.70,-0.613,0.624,-94116,94092,7.59,221.0,101.037,3556.574,1,1,1
43061256,41737,1,-35.00,35.00,-35.42,34.40,-0.618,0.623,-94137,94115,7.60,223.5,96.585,3557.538,1,1,1
43071256,41747,1,-35.00,35.00,-34.90,35.50,-0.621,0.621,-94160,94141,7.59,221.8,85.793,3558.394,1,1,1
43081256,41757,1,-35.00,35.00,-34.54,33.20,-0.622,0.628,-94183,94160,7.59,221.5,77.439,3559.167,1,1,1
43091257,41767,1,-35.00,35.00,-35.60,35.11,-0.619,0.623,-94209,94187,7.58,227.0,77.012,3559.936,1,1,1
43101272,41777,1,-35.00,35.00,-36.35,36.00,-0.616,0.620,-94235,94213,7.59,222.5,83.720,3560.771,1,1,1
43111272,41787,1,-35.00,35.00,-36.43,36.19,-0.616,0.619,-94260,94238,7.59,218.8,92.439,3561.694,1,1,1
43121278,41797,1,-35.00,35.00,-36.05,34.56,-0.616,0.624,-94284,94259,7.59,220.5,101.585,3562.708,1,1,1
43131287,41807,1,-35.00,35.00,-36.22,36.50,-0.616,0.617,-94309,94287,7.59,224.0,108.476,3563.791,1,1,1
43141287,41817,1,-35.00,35.00,-37.22,38.73,-0.613,0.609,-94336,94317,7.59,218.2,107.622,3564.865,1,1,1
43151287,41827,1,-35.00,35.00,-35.72,38.10,-0.618,0.610,-94358,94342,7.59,215.0,102.134,3565.885,1,1,1
43161287,41837,1,-35.00,35.00,-34.67,36.34,-0.623,0.616,-94380,94364,7.58,216.2,90.671,3566.790,1,1,1
43171287,41847,1,-35.00,35.00,-34.38,35.98,-0.623,0.616,-94403,94388,7.59,222.5,80.915,3567.598,1,1,1
43181287,41857,1,-35.00,35.00,-35.93,32.66,-0.617,0.628,-94430,94405,7.59,222.5,77.927,3568.375,1,1,1
43191294,41867,1,-35.00,35.00,-36.58,34.73,-0.615,0.622,-94456,94432,7.59,223.0,78.841,3569.162,1,1,1
43201302,41877,1,-35.00,35.00,-34.83,34.86,-0.621,0.621,-94477,94456,7.59,222.2,84.207,3570.003,1,1,1
43211309,41887,1,-35.00,35.00,-36.69,34.95,-0.615,0.622,-94505,94480,7.59,223.2,96.220,3570.963,1,1,1
43221317,41897,1,-35.00,35.00,-36.67,35.01,-0.615,0.622,-94530,94504,7.59,220.8,104.817,3572.010,1,1,1
43231324,41907,1,-35.00,35.00,-37.09,37.25,-0.613,0.613,-94556,94533,7.59,218.8,106.585,3573.074,1,1,1
43241324,41917,1,-35.00,35.00,-35.19,38.38,-0.620,0.609,-94577,94561,7.59,215.2,103.537,3574.108,1,1,1
43251337,41927,1,-35.00,35.00,-35.18,38.73,-0.621,0.608,-94601,94588,7.58,217.5,95.610,3575.062,1,1,1
43261348,41937,1,-35.00,35.00,-34.30,37.66,-0.624,0.610,-94623,94612,7.59,216.0,84.878,3575.909,1,1,1
43271354,41947,1,-35.00,35.00,-34.55,35.59,-0.622,0.616,-94647,94633,7.60,221.0,78.354,3576.691,1,1,1
43281355,41957,1,-35.00,35.00,-35.61,34.14,-0.618,0.621,-94673,94654,7.60,221.2,78.537,3577.475,1,1,1
43291369,41967,1,-35.00,35.00,-35.92,34.45,-0.618,0.622,-94698,94678,7.59,220.0,80.549,3578.279,1,1,1
43301378,41977,1,-35.00,35.00,-36.57,33.78,-0.615,0.625,-94724,94700,7.59,221.5,82.927,3579.106,1,1,1
43311378,41987,1,-35.00,35.00,-37.02,34.63,-0.614,0.623,-94750,94725,7.59,224.0,90.915,3580.014,1,1,1
43321385,41997,1,-35.00,35.00,-38.22,35.67,-0.609,0.619,-94778,94751,7.59,221.2,100.549,3581.018,1,1,1
43331385,42007,1,-35.00,35.00,-39.50,36.39,-0.605,0.617,-94807,94777,7.59,217.0,109.146,3582.108,1,1,1
43341400,42017,1,-35.00,35.00,-37.76,36.02,-0.611,0.618,-94830,94801,7.59,215.0,107.744,3583.183,1,1,1
43351408,42027,1,-35.00,35.00,-36.10,35.32,-0.615,0.619,-94852,94824,7.60,217.8,92.012,3584.102,1,1,1
43361408,42037,1,-35.00,35.00,-34.06,35.71,-0.623,0.618,-94872,94849,7.59,219.5,79.756,3584.898,1,1,1
43371408,42047,1,-35.00,35.00,-33.95,35.55,-0.624,0.618,-94895,94873,7.59,221.2,76.159,3585.658,1,1,1
43381408,42057,1,-35.00,35.00,-34.75,35.43,-0.622,0.619,-94920,94897,7.58,224.3,82.561,3586.482,1,1,1
43391408,42067,1,-35.00,35.00,-35.75,36.23,-0.618,0.616,-94946,94923,7.59,222.5,95.000,3587.430,1,1,1
43401408,42077,1,-35.00,35.00,-35.57,36.34,-0.618,0.616,-94970,94948,7.59,219.0,100.122,3588.430,1,1,1
43411408,42087,1,-35.00,35.00,-35.89,37.75,-0.618,0.611,-94995,94976,7.59,219.0,98.476,3589.413,1,1,1
43421408,42097,1,-35.00,35.00,-37.43,37.85,-0.612,0.610,-95023,95002,7.60,218.0,98.476,3590.396,1,1,1
43431408,42107,1,-35.00,35.00,-36.74,37.48,-0.615,0.612,-95047,95027,7.59,213.8,97.317,3591.367,1,1,1
43441408,42117,1,-35.00,35.00,-36.27,33.71,-0.616,0.625,-95071,95044,7.59,215.8,97.683,3592.343,1,1,1
43451408,42127,1,-35.00,35.00,-35.50,33.26,-0.617,0.626,-95094,95066,7.59,222.2,91.280,3593.254,1,1,1
43461408,42137,1,-35.00,35.00,-35.39,34.27,-0.617,0.623,-95118,95091,7.60,226.8,82.744,3594.079,1,1,1
43471408,42147,1,-35.00,35.00,-35.76,34.98,-0.617,0.622,-95143,95116,7.59,222.8,78.841,3594.866,1,1,1
43481408,42157,1,-35.00,35.00,-35.58,35.47,-0.618,0.620,-95167,95141,7.59,222.0,88.171,3595.746,1,1,1
43491408,42167,1,-35.00,35.00,-35.89,36.25,-0.617,0.617,-95192,95167,7.59,222.5,102.500,3596.770,1,1,1
43501408,42177,1,-35.00,35.00,-35.23,38.56,-0.619,0.608,-95215,95197,7.60,221.0,110.122,3597.869,1,1,1
43511408,42187,1,-35.00,35.00,-27.74,40.18,-0.648,0.600,-95222,95227,7.59,219.5,108.963,3598.957,1,1,1
43521408,42197,1,-35.00,35.00,-19.42,40.43,-0.681,0.596,-95222,95255,7.59,227.0,104.573,3600.001,1,1,1
43531408,42207,1,-35.00,35.00,-13.59,37.97,-0.708,0.601,-95222,95277,7.57,248.5,102.744,3601.027,1,1,1
43541408,42217,1,-35.00,35.00,-9.51,34.05,-0.725,0.611,-95222,95294,7.57,272.8,93.963,3601.965,1,1,1
43551415,42227,1,-35.00,35.00,-7.10,33.06,-0.735,0.611,-95223,95315,7.56,287.0,81.280,3602.777,1,1,1
43561415,42237,1,-35.00,35.00,-4.97,34.57,-0.746,0.604,-95223,95341,7.56,299.0,74.512,3603.520,1,1,1
43571415,42247,1,-35.00,35.00,-3.48,35.18,-0.754,0.598,-95223,95366,7.56,304.8,78.537,3604.304,1,1,1
43581415,42257,1,-35.00,35.00,-3.31,36.06,-0.758,0.591,-95225,95392,7.56,305.5,93.171,3605.234,1,1,1
43591415,42267,1,-35.00,35.00,-14.62,37.54,-0.724,0.586,-95253,95420,7.56,306.2,104.268,3606.275,1,1,1
43601423,42277,1,-35.00,35.00,-22.98,38.59,-0.699,0.583,-95282,95448,7.57,270.8,106.524,3607.339,1,1,1
43611430,42287,1,-35.00,35.00,-28.83,38.87,-0.680,0.581,-95311,95475,7.58,248.5,105.366,3608.391,1,1,1
43621439,42297,1,-35.00,35.00,-33.80,35.56,-0.663,0.593,-95342,95494,7.58,234.2,105.061,3609.440,1,1,1
43631445,42307,1,-35.00,35.00,-35.97,34.12,-0.654,0.597,-95370,95515,7.59,227.0,98.720,3610.425,1,1,1
43641445,42317,1,-35.00,35.00,-37.92,34.43,-0.648,0.598,-95399,95539,7.58,224.0,91.098,3611.335,1,1,1
43651445,42327,1,-35.00,35.00,-39.29,35.09,-0.641,0.596,-95428,95564,7.59,222.5,88.415,3612.217,1,1,1
43661445,42337,1,-35.00,35.00,-39.81,35.11,-0.637,0.596,-95456,95588,7.59,216.8,95.183,3613.167,1,1,1
43671445,42347,1,-35.00,35.00,-41.93,36.44,-0.628,0.592,-95488,95615,7.60,216.5,107.317,3614.239,1,1,1
43681446,42357,1,-35.00,35.00,-41.65,37.81,-0.628,0.588,-95516,95643,7.60,212.2,113.963,3615.377,1,1,1
43691446,42367,1,-35.00,35.00,-41.90,38.77,-0.625,0.586,-95545,95671,7.59,210.7,111.220,3616.488,1,1,1
43701460,42377,1,-35.00,35.00,-42.08,37.69,-0.622,0.590,-95574,95695,7.60,207.5,106.890,3617.555,1,1,1
43711460,42387,1,-35.00,35.00,-41.76,36.49,-0.620,0.594,-95602,95718,7.60,209.7,99.085,3618.544,1,1,1
43721460,42397,1,-35.00,35.00,-41.53,34.77,-0.621,0.601,-95630,95739,7.58,209.0,88.841,3619.431,1,1,1
43731460,42407,1,-35.00,35.00,-42.26,32.69,-0.616,0.609,-95660,95758,7.59,213.0,86.037,3620.290,1,1,1
43741460,42417,1,-35.00,35.00,-42.32,32.99,-0.615,0.610,-95689,95781,7.59,213.2,86.159,3621.149,1,1,1
43751466,42427,1,-35.00,35.00,-42.37,33.64,-0.615,0.610,-95718,95805,7.58,213.5,87.988,3622.028,1,1,1
43761476,42437,1,-35.00,35.00,-42.84,34.09,-0.611,0.608,-95748,95829,7.60,215.5,94.268,3622.969,1,1,1
43771476,42447,1,-35.00,35.00,-43.17,34.41,-0.610,0.609,-95778,95853,7.59,211.8,102.927,3623.996,1,1,1
43781484,42457,1,-35.00,35.00,-45.16,35.52,-0.603,0.607,-95812,95879,7.59,209.0,111.890,3625.114,1,1,1
43791493,42467,1,-35.00,35.00,-41.72,38.04,-0.614,0.597,-95835,95909,7.59,210.2,114.329,3626.255,1,1,1
43801500,42477,1,-35.00,35.00,-39.75,37.62,-0.620,0.597,-95859,95934,7.60,206.5,103.963,3627.293,1,1,1
43811508,42487,1,-35.00,35.00,-39.69,36.88,-0.619,0.600,-95886,95958,7.60,209.5,92.988,3628.221,1,1,1
43821515,42497,1,-35.00,35.00,-40.09,33.29,-0.616,0.612,-95914,95975,7.60,214.2,86.220,3629.082,1,1,1
43831515,42507,1,-35.00,35.00,-40.37,31.21,-0.615,0.621,-95942,95993,7.59,217.0,85.000,3629.930,1,1,1
43841523,42517,1,-35.00,35.00,-39.68,31.95,-0.617,0.621,-95968,96016,7.58,221.0,86.524,3630.794,1,1,1
43851530,42527,1,-35.00,35.00,-41.84,33.35,-0.608,0.617,-96000,96041,7.60,223.0,92.744,3631.720,1,1,1
43861530,42537,1,-35.00,35.00,-42.47,33.90,-0.606,0.617,-96030,96065,7.59,216.0,106.341,3632.781,1,1,1
43871539,42547,1,-35.00,35.00,-41.16,34.71,-0.609,0.615,-96056,96090,7.60,213.2,117.988,3633.960,1,1,1
43881539,42557,1,-35.00,35.00,-40.24,37.04,-0.613,0.607,-96082,96119,7.59,214.0,114.451,3635.103,1,1,1
43891545,42567,1,-35.00,35.00,-38.27,37.80,-0.620,0.604,-96105,96146,7.59,214.2,103.415,3636.135,1,1,1
43901554,42577,1,-35.00,35.00,-38.22,36.56,-0.619,0.607,-96131,96169,7.60,213.8,95.305,3637.086,1,1,1
43911560,42587,1,-35.00,35.00,-39.50,33.94,-0.614,0.617,-96160,96188,7.59,215.0,91.159,3637.996,1,1,1
43921569,42597,1,-35.00,35.00,-39.51,30.79,-0.612,0.629,-96187,96204,7.59,219.0,88.780,3638.883,1,1,1
43931576,42607,1,-35.00,35.00,-40.40,31.22,-0.609,0.631,-96216,96226,7.58,222.5,84.939,3639.730,1,1,1
43941576,42617,1,-35.00,35.00,-40.59,32.84,-0.608,0.626,-96244,96251,7.59,220.5,83.354,3640.562,1,1,1
43951576,42627,1,-35.00,35.00,-40.28,33.54,-0.607,0.624,-96271,96275,7.60,218.2,92.378,3641.484,1,1,1
43961584,42637,1,-35.00,35.00,-38.74,34.46,-0.613,0.623,-96295,96300,7.58,220.5,99.939,3642.482,1,1,1
43971591,42647,1,-35.00,35.00,-38.10,35.99,-0.616,0.617,-96320,96327,7.58,222.8,99.512,3643.475,1,1,1
43981591,42657,1,-35.00,35.00,-38.10,37.94,-0.615,0.609,-96346,96356,7.60,218.8,98.841,3644.462,1,1,1
43991591,42667,1,-35.00,35.00,-38.53,37.98,-0.613,0.608,-96373,96382,7.60,216.5,99.878,3645.459,1,1,1
44001599,42677,1,-35.00,35.00,-38.84,37.13,-0.612,0.611,-96400,96406,7.59,214.2,103.232,3646.490,1,1,1
44011599,42687,1,-35.00,35.00,-39.05,36.10,-0.611,0.615,-96427,96429,7.59,213.8,103.354,3647.522,1,1,1
44021606,42697,1,-35.00,35.00,-41.84,33.62,-0.601,0.625,-96460,96448,7.59,216.5,97.561,3648.496,1,1,1
44031606,42707,1,-35.00,35.00,-43.35,31.00,-0.594,0.636,-96492,96465,7.59,218.0,88.171,3649.376,1,1,1
44041606,42717,1,-35.00,35.00,-42.21,32.25,-0.598,0.634,-96519,96489,7.59,218.2,81.585,3650.190,1,1,1
44051606,42727,1,-35.00,35.00,-40.09,33.12,-0.604,0.631,-96543,96513,7.59,219.2,80.854,3650.997,1,1,1
44061606,42737,1,-35.00,35.00,-36.42,34.17,-0.615,0.627,-96562,96538,7.59,220.8,83.780,3651.833,1,1,1
44071606,42747,1,-35.00,35.00,-34.28,34.91,-0.623,0.624,-96582,96563,7.59,226.0,86.890,3652.700,1,1,1
44081606,42757,1,-35.00,35.00,-34.98,37.18,-0.622,0.617,-96607,96592,7.58,225.0,87.439,3653.573,1,1,1
44091606,42767,1,-35.00,35.00,-35.91,38.33,-0.618,0.612,-96633,96620,7.59,220.2,90.549,3654.477,1,1,1
44101606,42777,1,-35.00,35.00,-37.44,37.38,-0.613,0.615,-96661,96644,7.59,218.0,97.195,3655.447,1,1,1
44111606,42787,1,-35.00,35.00,-38.95,34.51,-0.607,0.625,-96690,96663,7.59,216.8,99.390,3656.439,1,1,1
44121606,42797,1,-35.00,35.00,-40.89,32.95,-0.600,0.632,-96721,96683,7.59,219.2,93.171,3657.370,1,1,1
44131606,42807,1,-35.00,35.00,-42.69,33.61,-0.593,0.631,-96753,96707,7.59,218.0,83.780,3658.206,1,1,1
44141615,42817,1,-35.00,35.00,-40.43,34.07,-0.600,0.630,-96777,96731,7.59,218.2,84.024,3659.044,1,1,1
44151630,42827,1,-35.00,35.00,-37.09,35.28,-0.610,0.625,-96797,96757,7.60,219.2,89.329,3659.936,1,1,1
44161636,42837,1,-35.00,35.00,-35.19,36.56,-0.618,0.621,-96818,96784,7.59,219.8,91.829,3660.853,1,1,1
44171636,42847,1,-35.00,35.00,-35.62,38.78,-0.617,0.612,-96843,96814,7.59,221.0,91.951,3661.771,1,1,1
44181645,42857,1,-35.00,35.00,-36.36,39.01,-0.615,0.610,-96869,96841,7.59,219.8,96.890,3662.738,1,1,1
44191652,42867,1,-35.00,35.00,-36.44,38.29,-0.615,0.612,-96894,96866,7.58,216.0,99.756,3663.734,1,1,1
44201660,42877,1,-35.00,35.00,-37.37,35.59,-0.611,0.620,-96921,96886,7.59,216.8,93.720,3664.669,1,1,1
44211667,42887,1,-35.00,35.00,-39.34,33.27,-0.603,0.629,-96951,96905,7.59,218.2,86.829,3665.536,1,1,1
44221667,42897,1,-35.00,35.00,-38.97,33.39,-0.604,0.630,-96977,96928,7.59,219.2,79.756,3666.332,1,1,1
44231667,42907,1,-35.00,35.00,-39.58,34.36,-0.602,0.628,-97005,96953,7.59,222.5,80.488,3667.135,1,1,1
44241667,42917,1,-35.00,35.00,-37.37,35.48,-0.609,0.624,-97027,96979,7.59,219.2,88.415,3668.018,1,1,1
44251667,42927,1,-35.00,35.00,-35.83,36.26,-0.614,0.621,-97049,97005,7.59,218.8,90.854,3668.925,1,1,1
44261667,42937,1,-35.00,35.00,-36.07,38.13,-0.614,0.613,-97074,97034,7.59,223.0,88.963,3669.813,1,1,1
44271667,42947,1,-35.00,35.00,-36.67,39.43,-0.613,0.609,-97100,97063,7.59,215.2,89.939,3670.710,1,1,1
44281675,42957,1,-35.00,35.00,-36.66,38.59,-0.612,0.611,-97125,97088,7.59,218.5,93.415,3671.643,1,1,1
44291682,42967,1,-35.00,35.00,-37.09,35.36,-0.610,0.622,-97151,97107,7.59,216.2,92.439,3672.566,1,1,1
44301682,42977,1,-35.00,35.00,-37.39,33.54,-0.608,0.629,-97177,97127,7.59,220.8,87.561,3673.440,1,1,1
44311682,42987,1,-35.00,35.00,-38.91,33.59,-0.604,0.630,-97206,97150,7.59,222.0,81.463,3674.253,1,1,1
44321690,42997,1,-35.00,35.00,-38.23,35.38,-0.606,0.625,-97231,97177,7.58,221.0,82.927,3675.081,1,1,1
44331690,43007,1,-35.00,35.00,-36.43,36.19,-0.612,0.621,-97253,97203,7.58,219.8,90.732,3675.986,1,1,1
44341691,43017,1,-35.00,35.00,-35.61,36.32,-0.615,0.621,-97276,97228,7.58,218.2,94.268,3676.927,1,1,1
44351705,43027,1,-35.00,35.00,-35.03,39.49,-0.618,0.610,-97299,97260,7.58,222.8,94.268,3677.869,1,1,1
44361705,43037,1,-35.00,35.00,-35.51,40.38,-0.617,0.606,-97324,97289,7.59,220.0,91.463,3678.782,1,1,1
44371705,43047,1,-35.00,35.00,-36.28,39.69,-0.614,0.608,-97350,97315,7.59,217.2,90.732,3679.688,1,1,1
44381712,43057,1,-35.00,35.00,-36.38,36.14,-0.613,0.619,-97375,97334,7.59,215.2,93.780,3680.624,1,1,1
44391712,43067,1,-35.00,35.00,-36.02,34.08,-0.613,0.626,-97399,97354,7.60,221.0,93.171,3681.554,1,1,1
44401712,43077,1,-35.00,35.00,-36.64,33.97,-0.611,0.627,-97425,97377,7.59,227.5,89.268,3682.445,1,1,1
44411721,43087,1,-35.00,35.00,-39.27,35.64,-0.603,0.623,-97456,97404,7.59,224.3,85.976,3683.303,1,1,1
44421721,43097,1,-35.00,35.00,-39.79,36.37,-0.600,0.620,-97484,97430,7.59,217.2,91.768,3684.219,1,1,1
44431727,43107,1,-35.00,35.00,-35.77,38.21,-0.614,0.613,-97502,97459,7.60,216.8,103.232,3685.250,1,1,1
44441736,43117,1,-35.00,35.00,-33.39,39.93,-0.624,0.607,-97521,97489,7.59,218.8,106.463,3686.313,1,1,1
44451736,43127,1,-35.00,35.00,-32.60,40.25,-0.628,0.604,-97542,97517,7.59,220.2,96.951,3687.281,1,1,1
44461743,43137,1,-35.00,35.00,-32.93,39.60,-0.627,0.606,-97565,97543,7.59,219.8,84.329,3688.122,1,1,1
44471751,43147,1,-35.00,35.00,-33.60,38.27,-0.626,0.610,-97589,97567,7.59,223.2,80.061,3688.921,1,1,1
44481758,43157,1,-35.00,35.00,-34.06,34.26,-0.624,0.624,-97613,97584,7.59,223.0,83.415,3689.754,1,1,1
44491758,43167,1,-35.00,35.00,-33.51,33.65,-0.626,0.625,-97635,97606,7.59,229.0,82.500,3690.577,1,1,1
44501766,43177,1,-35.00,35.00,-33.57,34.54,-0.626,0.623,-97658,97631,7.59,229.0,76.951,3691.345,1,1,1
44511766,43187,1,-35.00,35.00,-33.16,35.60,-0.629,0.619,-97680,97657,7.59,230.8,80.244,3692.146,1,1,1
44521773,43197,1,-35.00,35.00,-33.76,36.35,-0.627,0.616,-97704,97683,7.59,230.0,89.817,3693.042,1,1,1
44531773,43207,1,-35.00,35.00,-33.74,37.31,-0.629,0.613,-97727,97710,7.59,226.5,96.890,3694.010,1,1,1
44541781,43217,1,-35.00,35.00,-34.17,37.98,-0.628,0.610,-97751,97737,7.58,225.8,100.183,3695.010,1,1,1
44551788,43227,1,-35.00,35.00,-34.02,38.01,-0.630,0.610,-97774,97763,7.58,225.8,97.439,3695.983,1,1,1
44561797,43237,1,-35.00,35.00,-33.92,38.03,-0.631,0.609,-97797,97789,7.58,224.8,93.415,3696.915,1,1,1
44571803,43247,1,-35.00,35.00,-34.73,33.66,-0.626,0.624,-97822,97805,7.59,224.8,88.902,3697.803,1,1,1
44581812,43257,1,-35.00,35.00,-34.42,34.55,-0.628,0.621,-97845,97830,7.58,230.2,85.244,3698.654,1,1,1
44591812,43267,1,-35.00,35.00,-35.52,34.73,-0.624,0.621,-97871,97854,7.59,228.0,82.744,3699.479,1,1,1
44601812,43277,1,-35.00,35.00,-35.41,35.30,-0.624,0.618,-97895,97879,7.59,225.8,87.500,3700.353,1,1,1
44611818,43287,1,-35.00,35.00,-36.65,35.25,-0.620,0.620,-97922,97903,7.58,225.3,96.829,3701.319,1,1,1
44621827,43297,1,-35.00,35.00,-36.64,36.54,-0.620,0.615,-97947,97930,7.59,222.5,108.049,3702.398,1,1,1
44631834,43307,1,-35.00,35.00,-35.76,38.76,-0.623,0.607,-97970,97960,7.59,220.2,113.232,3703.529,1,1,1
44641834,43317,1,-35.00,35.00,-35.58,39.00,-0.624,0.606,-97994,97987,7.59,218.2,107.622,3704.603,1,1,1
44651842,43327,1,-35.00,35.00,-33.69,38.29,-0.631,0.608,-98014,98012,7.58,217.5,94.390,3705.545,1,1,1
44661849,43337,1,-35.00,35.00,-32.81,36.91,-0.634,0.610,-98035,98035,7.59,219.2,82.866,3706.372,1,1,1
44671857,43347,1,-35.00,35.00,-35.27,33.75,-0.626,0.623,-98063,98053,7.59,222.5,74.390,3707.115,1,1,1
44681857,43357,1,-35.00,35.00,-35.68,32.41,-0.623,0.628,-98088,98073,7.59,227.8,73.537,3707.848,1,1,1
44691864,43367,1,-35.00,35.00,-36.40,33.23,-0.620,0.626,-98114,98097,7.59,228.3,74.573,3708.592,1,1,1
44701864,43377,1,-35.00,35.00,-36.47,33.81,-0.620,0.625,-98139,98121,7.58,225.5,76.646,3709.357,1,1,1
44711864,43387,1,-35.00,35.00,-36.95,33.34,-0.618,0.627,-98165,98143,7.58,225.5,88.110,3710.237,1,1,1
44721864,43397,1,-35.00,35.00,-38.61,34.32,-0.611,0.626,-98194,98168,7.58,224.0,101.280,3711.248,1,1,1
44731864,43407,1,-35.00,35.00,-38.01,35.01,-0.612,0.623,-98219,98193,7.59,221.0,105.305,3712.299,1,1,1
44741873,43417,1,-35.00,35.00,-34.52,35.49,-0.623,0.620,-98237,98218,7.59,220.5,97.805,3713.276,1,1,1
44751885,43427,1,-35.00,35.00,-33.39,35.39,-0.629,0.621,-98258,98242,7.57,222.5,84.329,3714.117,1,1,1
44761888,43437,1,-35.00,35.00,-33.92,34.00,-0.625,0.625,-98282,98263,7.59,228.0,75.732,3714.873,1,1,1
44771888,43447,1,-35.00,35.00,-36.49,34.79,-0.618,0.624,-98311,98288,7.58,225.0,75.976,3715.631,1,1,1
44781888,43457,1,-35.00,35.00,-35.65,36.22,-0.620,0.618,-98334,98315,7.59,220.5,85.244,3716.482,1,1,1
44791894,43467,1,-35.00,35.00,-35.50,35.90,-0.620,0.618,-98358,98339,7.59,223.0,96.280,3717.443,1,1,1
44801894,43477,1,-35.00,35.00,-36.28,34.80,-0.618,0.623,-98384,98361,7.58,224.3,105.000,3718.491,1,1,1
44811894,43487,1,-35.00,35.00,-36.38,37.10,-0.617,0.615,-98409,98390,7.59,224.0,109.939,3719.589,1,1,1
44821894,43497,1,-35.00,35.00,-36.45,39.16,-0.617,0.606,-98434,98420,7.59,217.2,107.378,3720.661,1,1,1
44831894,43507,1,-35.00,35.00,-35.18,38.39,-0.622,0.609,-98456,98445,7.58,214.2,102.866,3721.688,1,1,1
44841907,43517,1,-35.00,35.00,-34.30,33.47,-0.623,0.625,-98478,98460,7.59,219.5,91.585,3722.603,1,1,1
44851910,43527,1,-35.00,35.00,-33.68,36.17,-0.626,0.615,-98500,98489,7.59,225.0,80.366,3723.405,1,1,1
44861918,43537,1,-35.00,35.00,-35.00,32.79,-0.621,0.627,-98526,98506,7.59,222.8,77.378,3724.177,1,1,1
44871918,43547,1,-35.00,35.00,-35.93,34.38,-0.618,0.622,-98552,98532,7.59,227.3,78.049,3724.956,1,1,1
44881925,43557,1,-35.00,35.00,-36.13,35.05,-0.617,0.620,-98577,98557,7.59,223.5,81.585,3725.770,1,1,1
44891925,43567,1,-35.00,35.00,-35.40,35.08,-0.619,0.620,-98600,98581,7.59,222.2,94.085,3726.709,1,1,1
44901925,43577,1,-35.00,35.00,-36.21,35.11,-0.616,0.620,-98626,98605,7.59,224.8,104.268,3727.750,1,1,1
44911925,43587,1,-35.00,35.00,-36.33,38.64,-0.617,0.608,-98651,98637,7.59,220.0,106.098,3728.809,1,1,1
44921925,43597,1,-35.00,35.00,-35.10,38.47,-0.621,0.607,-98673,98663,7.59,213.2,102.988,3729.838,1,1,1
44931925,43607,1,-35.00,35.00,-34.68,38.79,-0.623,0.606,-98696,98690,7.59,219.5,97.988,3730.816,1,1,1
44941925,43617,1,-35.00,35.00,-34.38,37.70,-0.624,0.609,-98719,98714,7.59,217.5,86.646,3731.681,1,1,1
44951925,43627,1,-35.00,35.00,-34.61,35.62,-0.624,0.616,-98743,98735,7.59,218.2,79.390,3732.473,1,1,1
44961933,43637,1,-35.00,35.00,-34.78,34.16,-0.623,0.621,-98767,98756,7.59,222.2,77.500,3733.246,1,1,1
44971940,43647,1,-35.00,35.00,-35.33,33.58,-0.621,0.624,-98792,98778,7.59,225.3,78.659,3734.031,1,1,1
44981948,43657,1,-35.00,35.00,-35.72,33.61,-0.619,0.625,-98817,98801,7.58,225.8,80.610,3734.836,1,1,1
44991955,43667,1,-35.00,35.00,-36.43,34.52,-0.617,0.622,-98843,98826,7.59,224.3,86.402,3735.698,1,1,1
45001964,43677,1,-35.00,35.00,-36.93,35.15,-0.615,0.620,-98869,98851,7.59,223.0,95.915,3736.656,1,1,1
45011964,43687,1,-35.00,35.00,-38.15,36.03,-0.611,0.617,-98897,98877,7.59,221.5,105.427,3737.708,1,1,1
45021979,43697,1,-35.00,35.00,-36.81,36.21,-0.615,0.616,-98920,98902,7.59,217.8,107.866,3738.785,1,1,1
45031990,43707,1,-35.00,35.00,-34.56,35.45,-0.622,0.618,-98940,98925,7.59,214.8,95.061,3739.734,1,1,1
45041999,43718,1,-35.00,35.00,-34.30,35.36,-0.624,0.618,-98963,98949,7.58,223.2,78.659,3740.519,1,1,1
45052014,43728,1,-35.00,35.00,-35.00,35.30,-0.622,0.618,-98988,98973,7.59,225.5,75.061,3741.268,1,1,1
45062020,43738,1,-35.00,35.00,-35.04,35.70,-0.622,0.617,-99012,98998,7.58,220.5,84.451,3742.111,1,1,1
45072029,43748,1,-35.00,35.00,-35.52,35.97,-0.620,0.616,-99037,99023,7.59,220.8,94.756,3743.057,1,1,1
45082036,43758,1,-35.00,35.00,-35.41,37.49,-0.620,0.610,-99061,99051,7.60,221.2,98.598,3744.041,1,1,1
45092044,43768,1,-35.00,35.00,-36.21,38.55,-0.618,0.607,-99087,99079,7.60,221.2,96.951,3745.009,1,1,1
45102044,43778,1,-35.00,35.00,-37.21,37.97,-0.615,0.609,-99114,99104,7.59,215.0,96.890,3745.976,1,1,1
45112044,43788,1,-35.00,35.00,-36.60,37.56,-0.617,0.611,-99138,99129,7.59,214.2,97.866,3746.953,1,1,1
45122044,43798,1,-35.00,35.00,-36.16,33.77,-0.617,0.623,-99162,99146,7.59,218.5,92.500,3747.877,1,1,1
45132044,43808,1,-35.00,35.00,-35.42,33.30,-0.620,0.625,-99185,99168,7.59,223.5,81.341,3748.688,1,1,1
45142044,43818,1,-35.00,35.00,-35.34,33.86,-0.619,0.623,-99209,99192,7.59,222.5,75.793,3749.445,1,1,1
45152044,43828,1,-35.00,35.00,-35.73,34.69,-0.619,0.621,-99234,99217,7.59,223.5,83.293,3750.276,1,1,1
45162044,43838,1,-35.00,35.00,-35.56,35.27,-0.619,0.619,-99258,99242,7.59,224.0,98.110,3751.256,1,1,1
45172044,43848,1,-35.00,35.00,-35.44,36.11,-0.621,0.617,-99282,99268,7.58,221.8,107.256,3752.327,1,1,1
45182051,43858,1,-35.00,35.00,-34.47,38.46,-0.624,0.607,-99304,99298,7.59,222.5,106.585,3753.391,1,1,1
45192059,43868,1,-35.00,35.00,-30.28,40.11,-0.640,0.600,-99318,99328,7.59,219.2,102.561,3754.415,1,1,1
45202059,43878,1,-35.00,35.00,-21.20,40.38,-0.675,0.595,-99318,99356,7.59,223.5,101.524,3755.428,1,1,1
45212059,43888,1,-35.00,35.00,-14.84,37.93,-0.704,0.600,-99318,99378,7.58,239.2,97.622,3756.403,1,1,1
45222059,43898,1,-35.00,35.00,-10.39,34.46,-0.723,0.608,-99318,99396,7.57,266.0,85.732,3757.259,1,1,1
45232066,43908,1,-35.00,35.00,-7.71,33.35,-0.735,0.610,-99319,99417,7.56,287.2,75.488,3758.012,1,1,1
45242066,43918,1,-35.00,35.00,-5.40,34.33,-0.745,0.603,-99319,99442,7.56,303.8,75.671,3758.767,1,1,1
45252072,43928,1,-35.00,35.00,-3.78,35.46,-0.755,0.597,-99319,99468,7.55,304.5,90.000,3759.666,1,1,1
45262081,43938,1,-35.00,35.00,-2.64,36.69,-0.761,0.587,-99319,99495,7.57,305.0,102.927,3760.693,1,1,1
45272081,43948,1,-35.00,35.00,-11.96,38.42,-0.736,0.582,-99342,99524,7.55,308.5,104.939,3761.741,1,1,1
45282081,43958,1,-35.00,35.00,-20.68,39.20,-0.708,0.578,-99370,99552,7.57,280.2,103.110,3762.771,1,1,1
45292090,43968,1,-35.00,35.00,-27.66,39.31,-0.685,0.577,-99400,99579,7.59,254.2,103.110,3763.800,1,1,1
45302096,43978,1,-35.00,35.00,-32.10,35.42,-0.670,0.590,-99429,99597,7.59,236.5,105.244,3764.851,1,1,1
45312096,43988,1,-35.00,35.00,-34.78,33.59,-0.661,0.598,-99457,99617,7.58,231.8,100.976,3765.859,1,1,1
45322096,43998,1,-35.00,35.00,-37.53,34.06,-0.651,0.597,-99487,99641,7.58,229.2,91.280,3766.770,1,1,1
45332105,44008,1,-35.00,35.00,-39.01,34.39,-0.645,0.597,-99516,99665,7.59,226.3,88.963,3767.658,1,1,1
45342116,44018,1,-35.00,35.00,-40.49,35.50,-0.639,0.594,-99546,99691,7.58,222.0,97.195,3768.628,1,1,1
45352120,44028,1,-35.00,35.00,-40.65,38.03,-0.637,0.586,-99574,99721,7.58,217.0,111.159,3769.738,1,1,1
45362127,44038,1,-35.00,35.00,-41.20,39.37,-0.633,0.581,-99603,99750,7.59,212.2,118.354,3770.920,1,1,1
45372127,44048,1,-35.00,35.00,-41.58,38.98,-0.630,0.583,-99632,99776,7.59,210.5,113.902,3772.057,1,1,1
45382127,44058,1,-35.00,35.00,-41.85,37.39,-0.626,0.588,-99661,99799,7.59,209.7,108.537,3773.141,1,1,1
45392135,44068,1,-35.00,35.00,-41.60,36.28,-0.624,0.592,-99689,99822,7.60,208.7,100.976,3774.149,1,1,1
45402135,44078,1,-35.00,35.00,-41.43,32.87,-0.622,0.605,-99717,99839,7.59,209.0,86.402,3775.011,1,1,1
45412135,44088,1,-35.00,35.00,-41.74,31.36,-0.619,0.612,-99746,99858,7.59,214.2,80.000,3775.810,1,1,1
45422142,44098,1,-35.00,35.00,-41.52,32.94,-0.620,0.608,-99774,99883,7.59,217.8,79.878,3776.607,1,1,1
45432150,44108,1,-35.00,35.00,-42.25,33.16,-0.617,0.609,-99804,99906,7.59,215.0,84.390,3777.449,1,1,1
45442157,44118,1,-35.00,35.00,-41.88,34.20,-0.617,0.606,-99832,99931,7.59,217.0,95.732,3778.405,1,1,1
45452157,44128,1,-35.00,35.00,-42.94,34.49,-0.613,0.607,-99863,99955,7.59,215.5,106.220,3779.465,1,1,1
45462157,44138,1,-35.00,35.00,-44.56,36.01,-0.607,0.603,-99896,99982,7.59,212.2,114.024,3780.604,1,1,1
45472165,44148,1,-35.00,35.00,-41.74,38.39,-0.616,0.594,-99920,100012,7.60,207.5,115.976,3781.762,1,1,1
45482172,44158,1,-35.00,35.00,-39.76,37.86,-0.623,0.595,-99944,100037,7.59,206.7,109.451,3782.855,1,1,1
45492172,44168,1,-35.00,35.00,-40.14,35.73,-0.621,0.602,-99972,100058,7.59,209.5,96.524,3783.819,1,1,1
45502172,44178,1,-35.00,35.00,-40.40,32.04,-0.618,0.615,-100000,100074,7.59,212.2,84.207,3784.659,1,1,1
45512181,44188,1,-35.00,35.00,-40.59,30.78,-0.617,0.622,-100028,100093,7.59,217.0,81.037,3785.468,1,1,1
45522187,44198,1,-35.00,35.00,-40.72,31.65,-0.616,0.621,-100056,100116,7.59,222.0,83.780,3786.304,1,1,1
45532187,44208,1,-35.00,35.00,-40.81,33.14,-0.615,0.618,-100084,100141,7.59,220.0,88.354,3787.186,1,1,1
45542188,44218,1,-35.00,35.00,-41.75,33.75,-0.611,0.617,-100114,100165,7.59,217.5,99.329,3788.177,1,1,1
45552202,44228,1,-35.00,35.00,-40.21,34.61,-0.616,0.615,-100139,100190,7.59,218.2,108.963,3789.265,1,1,1
45562211,44238,1,-35.00,35.00,-39.57,36.09,-0.618,0.610,-100165,100217,7.59,217.2,109.756,3790.361,1,1,1
45572211,44248,1,-35.00,35.00,-38.69,37.13,-0.621,0.606,-100190,100244,7.59,215.2,100.549,3791.365,1,1,1
45582218,44258,1,-35.00,35.00,-39.39,36.54,-0.617,0.607,-100218,100268,7.59,217.8,95.488,3792.318,1,1,1
45592218,44268,1,-35.00,35.00,-40.31,33.93,-0.613,0.617,-100247,100287,7.59,215.2,97.195,3793.289,1,1,1
45602218,44278,1,-35.00,35.00,-40.09,31.66,-0.613,0.626,-100274,100305,7.59,216.5,97.317,3794.260,1,1,1
45612226,44288,1,-35.00,35.00,-39.92,31.83,-0.613,0.627,-100301,100327,7.59,222.0,92.134,3795.180,1,1,1
45622226,44298,1,-35.00,35.00,-40.69,33.27,-0.610,0.624,-100330,100352,7.59,224.5,87.683,3796.055,1,1,1
45632226,44308,1,-35.00,35.00,-41.23,34.27,-0.608,0.622,-100359,100377,7.59,221.5,92.195,3796.975,1,1,1
45642233,44318,1,-35.00,35.00,-39.41,34.98,-0.613,0.619,-100383,100402,7.59,218.8,99.817,3797.972,1,1,1
45652241,44328,1,-35.00,35.00,-37.69,35.47,-0.618,0.617,-100406,100427,7.60,219.2,98.902,3798.959,1,1,1
45662248,44338,1,-35.00,35.00,-37.81,37.57,-0.619,0.610,-100432,100456,7.59,219.2,93.537,3799.893,1,1,1
45672248,44348,1,-35.00,35.00,-37.89,37.73,-0.618,0.609,-100458,100482,7.59,217.5,91.341,3800.805,1,1,1
45682256,44358,1,-35.00,35.00,-38.39,37.40,-0.617,0.610,-100485,100507,7.59,217.8,93.476,3801.738,1,1,1
45692263,44368,1,-35.00,35.00,-38.30,36.28,-0.616,0.613,-100511,100530,7.59,215.8,95.976,3802.696,1,1,1
45702263,44378,1,-35.00,35.00,-39.55,33.75,-0.611,0.623,-100540,100549,7.59,217.5,95.671,3803.651,1,1,1
45712263,44388,1,-35.00,35.00,-40.87,31.53,-0.605,0.632,-100570,100567,7.59,219.2,90.854,3804.558,1,1,1
45722263,44398,1,-35.00,35.00,-40.47,32.62,-0.606,0.630,-100597,100591,7.58,219.8,83.171,3805.388,1,1,1
45732264,44408,1,-35.00,35.00,-38.88,33.82,-0.610,0.626,-100621,100616,7.60,223.8,80.305,3806.190,1,1,1
45742264,44418,1,-35.00,35.00,-36.44,34.22,-0.619,0.625,-100642,100640,7.59,219.8,83.415,3807.022,1,1,1
45752278,44428,1,-35.00,35.00,-36.50,35.38,-0.619,0.621,-100667,100666,7.59,223.5,83.354,3807.854,1,1,1
45762278,44438,1,-35.00,35.00,-37.41,36.19,-0.616,0.619,-100694,100692,7.58,221.0,83.232,3808.685,1,1,1
45772278,44448,1,-35.00,35.00,-37.62,37.20,-0.615,0.615,-100720,100719,7.59,222.2,87.805,3809.561,1,1,1
45782279,44458,1,-35.00,35.00,-36.88,35.71,-0.617,0.619,-100744,100741,7.59,218.0,92.683,3810.486,1,1,1
45792279,44468,1,-35.00,35.00,-37.68,34.22,-0.614,0.625,-100771,100762,7.59,219.0,94.390,3811.429,1,1,1
45802287,44478,1,-35.00,35.00,-39.56,34.06,-0.607,0.626,-100801,100785,7.60,222.5,91.159,3812.339,1,1,1
45812287,44488,1,-35.00,35.00,-40.88,34.83,-0.602,0.625,-100831,100810,7.60,222.5,87.927,3813.216,1,1,1
45822294,44498,1,-35.00,35.00,-39.60,35.37,-0.607,0.624,-100856,100835,7.59,217.5,88.415,3814.099,1,1,1
45832294,44508,1,-35.00,35.00,-36.95,36.18,-0.615,0.620,-100877,100861,7.59,218.0,91.768,3815.015,1,1,1
45842299,44518,1,-35.00,35.00,-35.97,37.63,-0.619,0.615,-100900,100889,7.58,221.0,90.366,3815.917,1,1,1
45852309,44528,1,-35.00,35.00,-35.73,38.65,-0.620,0.609,-100924,100917,7.59,222.0,85.122,3816.767,1,1,1
45862317,44538,1,-35.00,35.00,-36.87,38.48,-0.617,0.610,-100951,100943,7.59,217.0,88.415,3817.649,1,1,1
45872324,44548,1,-35.00,35.00,-36.80,37.04,-0.616,0.613,-100976,100966,7.59,216.2,92.805,3818.576,1,1,1
45882324,44558,1,-35.00,35.00,-37.18,34.28,-0.615,0.624,-101002,100985,7.58,219.5,89.756,3819.472,1,1,1
45892324,44568,1,-35.00,35.00,-37.89,32.78,-0.612,0.630,-101029,101005,7.58,220.0,86.524,3820.335,1,1,1
45902324,44578,1,-35.00,35.00,-38.83,33.50,-0.608,0.628,-101057,101029,7.59,221.2,82.256,3821.156,1,1,1
45912324,44588,1,-35.00,35.00,-40.80,34.43,-0.601,0.626,-101088,101054,7.59,221.0,83.659,3821.991,1,1,1
45922332,44598,1,-35.00,35.00,-39.11,35.97,-0.606,0.621,-101112,101081,7.59,219.5,91.159,3822.901,1,1,1
45932332,44608,1,-35.00,35.00,-35.73,37.48,-0.618,0.615,-101131,101109,7.59,217.2,94.756,3823.847,1,1,1
45942332,44618,1,-35.00,35.00,-35.12,38.54,-0.620,0.610,-101154,101137,7.59,219.5,89.085,3824.736,1,1,1
45952332,44628,1,-35.00,35.00,-36.01,38.85,-0.618,0.607,-101180,101164,7.59,218.5,83.841,3825.573,1,1,1
45962339,44638,1,-35.00,35.00,-36.63,37.30,-0.616,0.613,-101206,101187,7.59,216.5,85.427,3826.426,1,1,1
45972339,44648,1,-35.00,35.00,-36.63,34.46,-0.615,0.623,-101231,101206,7.58,215.8,86.768,3827.292,1,1,1
45982348,44658,1,-35.00,35.00,-36.63,32.47,-0.614,0.630,-101256,101225,7.59,221.2,82.134,3828.111,1,1,1
45992348,44668,1,-35.00,35.00,-37.50,33.28,-0.612,0.629,-101283,101249,7.58,225.5,79.756,3828.907,1,1,1
46002354,44678,1,-35.00,35.00,-36.80,35.60,-0.613,0.620,-101307,101277,7.59,224.8,83.659,3829.742,1,1,1
46012363,44688,1,-35.00,35.00,-37.19,35.91,-0.612,0.619,-101333,101302,7.59,219.0,92.256,3830.663,1,1,1
46022369,44698,1,-35.00,35.00,-36.58,37.00,-0.614,0.615,-101357,101329,7.59,221.0,96.341,3831.625,1,1,1
46032378,44708,1,-35.00,35.00,-36.15,39.52,-0.617,0.606,-101381,101360,7.59,218.2,91.829,3832.542,1,1,1
46042378,44718,1,-35.00,35.00,-35.41,39.53,-0.619,0.605,-101404,101387,7.59,217.0,87.134,3833.411,1,1,1
46052385,44728,1,-35.00,35.00,-36.21,38.66,-0.617,0.608,-101430,101412,7.59,216.0,88.293,3834.292,1,1,1
46062385,44738,1,-35.00,35.00,-36.34,34.97,-0.616,0.621,-101455,101430,7.59,219.2,88.780,3835.179,1,1,1
46072393,44748,1,-35.00,35.00,-35.98,33.27,-0.616,0.627,-101479,101450,7.59,222.8,85.671,3836.034,1,1,1
46082393,44758,1,-35.00,35.00,-36.61,33.83,-0.614,0.626,-101505,101474,7.58,225.0,84.207,3836.874,1,1,1
46092400,44768,1,-35.00,35.00,-37.49,35.55,-0.611,0.620,-101532,101501,7.59,225.0,91.646,3837.789,1,1,1
46102408,44778,1,-35.00,35.00,-38.99,36.31,-0.606,0.618,-101561,101527,7.59,222.0,101.951,3838.807,1,1,1
46112408,44788,1,-35.00,35.00,-37.84,38.16,-0.610,0.612,-101585,101556,7.59,217.2,104.939,3839.854,1,1,1
46122408,44798,1,-35.00,35.00,-34.40,39.46,-0.623,0.606,-101603,101585,7.59,213.0,99.512,3840.848,1,1,1
46132408,44808,1,-35.00,35.00,-33.31,39.49,-0.627,0.605,-101624,101612,7.59,217.2,88.171,3841.728,1,1,1
46142415,44818,1,-35.00,35.00,-33.42,39.07,-0.628,0.606,-101647,101638,7.59,222.8,77.073,3842.497,1,1,1
46152415,44828,1,-35.00,35.00,-33.50,37.45,-0.628,0.610,-101670,101661,7.59,222.8,76.768,3843.263,1,1,1
46162423,44838,1,-35.00,35.00,-34.44,33.25,-0.623,0.625,-101695,101677,7.59,223.2,81.402,3844.076,1,1,1
46172430,44848,1,-35.00,35.00,-34.65,32.94,-0.623,0.626,-101719,101699,7.59,229.2,78.659,3844.861,1,1,1
46182439,44858,1,-35.00,35.00,-34.37,34.49,-0.624,0.621,-101742,101725,7.59,231.0,80.427,3845.663,1,1,1
46192445,44868,1,-35.00,35.00,-34.16,35.13,-0.626,0.620,-101765,101750,7.58,226.0,89.268,3846.554,1,1,1
46202445,44878,1,-35.00,35.00,-33.58,36.01,-0.628,0.616,-101787,101776,7.59,227.5,95.793,3847.511,1,1,1
46212445,44888,1,-35.00,35.00,-33.61,37.07,-0.629,0.612,-101810,101803,7.59,230.8,100.122,3848.510,1,1,1
46222454,44898,1,-35.00,35.00,-34.08,38.70,-0.629,0.606,-101834,101832,7.59,226.3,99.268,3849.501,1,1,1
46232454,44908,1,-35.00,35.00,-34.40,38.51,-0.628,0.606,-101858,101858,7.59,222.0,99.268,3850.492,1,1,1
46242466,44918,1,-35.00,35.00,-34.19,37.95,-0.629,0.607,-101881,101883,7.59,222.0,96.951,3851.460,1,1,1
46252476,44928,1,-35.00,35.00,-34.48,33.59,-0.627,0.622,-101905,101899,7.59,225.0,93.110,3852.389,1,1,1
46262476,44938,1,-35.00,35.00,-35.12,33.18,-0.625,0.624,-101930,101921,7.59,230.8,87.256,3853.260,1,1,1
46272476,44948,1,-35.00,35.00,-35.57,33.78,-0.624,0.624,-101955,101945,7.57,227.8,81.585,3854.074,1,1,1
46282484,44958,1,-35.00,35.00,-36.33,34.63,-0.621,0.621,-101981,101970,7.59,229.8,83.659,3854.909,1,1,1
46292484,44968,1,-35.00,35.00,-36.41,34.79,-0.620,0.621,-102006,101994,7.58,225.8,93.476,3855.843,1,1,1
46302484,44978,1,-35.00,35.00,-37.36,35.34,-0.617,0.620,-102033,102019,7.58,223.2,104.512,3856.886,1,1,1
46312493,44988,1,-35.00,35.00,-37.13,37.92,-0.617,0.610,-102058,102049,7.59,220.2,112.988,3858.014,1,1,1
46322500,44998,1,-35.00,35.00,-36.54,38.41,-0.619,0.607,-102082,102076,7.59,219.5,112.805,3859.141,1,1,1
46332508,45008,1,-35.00,35.00,-35.25,37.87,-0.623,0.609,-102104,102101,7.59,215.2,104.390,3860.183,1,1,1
46342508,45018,1,-35.00,35.00,-33.46,36.62,-0.629,0.612,-102124,102124,7.59,219.0,90.732,3861.089,1,1,1
46352515,45028,1,-35.00,35.00,-34.41,33.98,-0.626,0.621,-102149,102143,7.59,221.5,79.268,3861.880,1,1,1
46362515,45038,1,-35.00,35.00,-35.95,32.14,-0.620,0.629,-102176,102162,7.58,226.8,71.707,3862.595,1,1,1
46372515,45048,1,-35.00,35.00,-36.15,33.04,-0.618,0.626,-102201,102186,7.59,225.0,70.549,3863.299,1,1,1
46382523,45058,1,-35.00,35.00,-35.41,33.68,-0.621,0.625,-102224,102210,7.59,223.8,72.195,3864.019,1,1,1
46392530,45068,1,-35.00,35.00,-36.66,33.68,-0.616,0.625,-102251,102233,7.59,228.0,80.854,3864.826,1,1,1
46402539,45078,1,-35.00,35.00,-38.84,33.68,-0.609,0.627,-102281,102256,7.58,224.3,94.634,3865.771,1,1,1
46412539,45088,1,-35.00,35.00,-37.74,34.57,-0.612,0.624,-102305,102281,7.59,219.5,102.500,3866.794,1,1,1
46422545,45098,1,-35.00,35.00,-36.08,34.30,-0.616,0.624,-102327,102304,7.60,223.0,102.073,3867.813,1,1,1
46432545,45108,1,-35.00,35.00,-34.05,35.44,-0.624,0.621,-102347,102330,7.59,222.2,92.500,3868.737,1,1,1
46442545,45118,1,-35.00,35.00,-33.94,33.16,-0.624,0.629,-102370,102349,7.59,223.5,80.183,3869.537,1,1,1
46452545,45128,1,-35.00,35.00,-36.50,34.64,-0.615,0.624,-102399,102375,7.59,228.8,74.146,3870.277,1,1,1
46462554,45138,1,-35.00,35.00,-35.66,35.67,-0.618,0.621,-102422,102401,7.59,222.2,77.744,3871.052,1,1,1
46472560,45148,1,-35.00,35.00,-36.39,36.40,-0.616,0.619,-102448,102427,7.59,221.0,89.878,3871.950,1,1,1
46482560,45158,1,-35.00,35.00,-36.02,34.71,-0.617,0.624,-102472,102448,7.59,220.2,101.037,3872.958,1,1,1
46492561,45168,1,-35.00,35.00,-36.20,36.16,-0.616,0.619,-102497,102475,7.59,225.8,108.171,3874.039,1,1,1
46502576,45178,1,-35.00,35.00,-36.33,38.93,-0.616,0.608,-102522,102506,7.59,221.0,107.500,3875.112,1,1,1
46512584,45188,1,-35.00,35.00,-35.97,38.24,-0.618,0.610,-102546,102531,7.59,214.5,102.927,3876.140,1,1,1
46522591,45198,1,-35.00,35.00,-34.85,37.32,-0.622,0.612,-102568,102555,7.59,217.2,96.159,3877.100,1,1,1
46532599,45208,1,-35.00,35.00,-34.06,34.47,-0.624,0.620,-102590,102574,7.59,221.2,83.780,3877.936,1,1,1
46542599,45218,1,-35.00,35.00,-34.39,32.48,-0.623,0.628,-102614,102593,7.59,222.0,76.768,3878.702,1,1,1
46552599,45228,1,-35.00,35.00,-35.50,34.16,-0.619,0.623,-102640,102619,7.59,225.3,75.000,3879.450,1,1,1
46562606,45238,1,-35.00,35.00,-35.84,34.90,-0.618,0.621,-102665,102644,7.59,225.3,78.902,3880.238,1,1,1
46572606,45248,1,-35.00,35.00,-35.63,34.98,-0.618,0.621,-102689,102668,7.59,224.3,90.793,3881.144,1,1,1
46582606,45258,1,-35.00,35.00,-35.49,35.03,-0.619,0.621,-102713,102692,7.59,223.8,102.012,3882.162,1,1,1
46592615,45268,1,-35.00,35.00,-36.27,37.27,-0.617,0.613,-102739,102721,7.59,221.5,107.439,3883.235,1,1,1
46602621,45278,1,-35.00,35.00,-35.93,38.83,-0.618,0.607,-102763,102750,7.59,220.2,106.341,3884.297,1,1,1
46612621,45288,1,-35.00,35.00,-34.82,39.05,-0.623,0.606,-102785,102777,7.59,216.2,102.683,3885.322,1,1,1
46622621,45298,1,-35.00,35.00,-34.48,37.88,-0.624,0.609,-102808,102801,7.59,215.5,93.110,3886.251,1,1,1
46632621,45308,1,-35.00,35.00,-34.68,36.18,-0.623,0.614,-102832,102823,7.59,219.5,82.134,3887.071,1,1,1
46642621,45318,1,-35.00,35.00,-34.83,34.56,-0.621,0.619,-102856,102844,7.60,223.2,76.890,3887.839,1,1,1
46652621,45328,1,-35.00,35.00,-35.36,32.54,-0.620,0.627,-102881,102863,7.59,224.3,76.768,3888.605,1,1,1
46662621,45338,1,-35.00,35.00,-36.18,32.89,-0.617,0.628,-102907,102886,7.58,226.3,78.902,3889.392,1,1,1
46672621,45348,1,-35.00,35.00,-36.75,33.57,-0.615,0.626,-102933,102910,7.58,225.0,84.085,3890.231,1,1,1
46682621,45358,1,-35.00,35.00,-38.47,34.48,-0.608,0.624,-102962,102935,7.59,224.8,94.085,3891.170,1,1,1
46692630,45368,2,-35.00,35.00,-39.67,36.00,-0.605,0.620,-102991,102962,7.59,220.0,104.817,3892.217,1,1,1
46702636,45378,2,0.00,0.00,-38.32,35.75,0.000,0.000,-103015,102986,7.69,2.0,111.280,3893.328,1,1,1
46712636,45388,2,0.00,0.00,-36.49,34.25,0.000,0.000,-103037,103007,7.69,2.2,102.561,3894.352,1,1,1
46722645,45398,2,0.00,0.00,-33.45,31.89,0.000,0.000,-103055,103025,7.69,2.0,84.268,3895.193,1,1,1
46732652,45408,2,0.00,0.00,-29.13,29.35,0.000,0.000,-103068,103041,7.69,2.2,70.000,3895.892,1,1,1
46742664,45418,2,0.00,0.00,-25.23,26.26,0.000,0.000,-103079,103054,7.68,2.0,57.683,3896.467,1,1,1
46752667,45428,2,0.00,0.00,-22.05,23.66,0.000,0.000,-103089,103066,7.69,2.0,46.037,3896.926,1,1,1
46762675,45438,2,0.00,0.00,-19.39,20.51,0.000,0.000,-103098,103075,7.69,2.0,36.280,3897.287,1,1,1
46772682,45448,2,0.00,0.00,-17.53,17.88,0.000,0.000,-103107,103083,7.69,2.2,31.220,3897.597,1,1,1
46782682,45458,2,0.00,0.00,-15.35,15.59,0.000,0.000,-103114,103090,7.69,2.0,31.768,3897.913,1,1,1
46792682,45468,2,0.00,0.00,-14.26,13.55,0.000,0.000,-103122,103096,7.69,2.0,32.683,3898.239,1,1,1
46802690,45478,2,0.00,0.00,-13.06,11.68,0.000,0.000,-103129,103101,7.69,2.0,29.207,3898.529,1,1,1
46812697,45488,2,0.00,0.00,-11.78,9.50,0.000,0.000,-103135,103104,7.68,2.2,23.598,3898.763,1,1,1
46822697,45498,2,0.00,0.00,-10.44,7.97,0.000,0.000,-103140,103107,7.68,2.2,18.476,3898.947,1,1,1
46832705,45508,2,0.00,0.00,-8.63,6.45,0.000,0.000,-103143,103109,7.68,2.0,13.293,3899.078,1,1,1
46842712,45518,2,0.00,0.00,-6.48,4.96,0.000,0.000,-103144,103110,7.68,2.0,7.744,3899.154,1,1,1
46852712,45528,2,0.00,0.00,-4.53,3.47,0.000,0.000,-103144,103110,7.69,2.0,2.561,3899.177,1,1,1
46862712,45538,2,0.00,0.00,-3.17,2.43,0.000,0.000,-103144,103110,7.69,1.8,-1.037,3899.166,1,1,1
46872712,45548,2,0.00,0.00,-2.22,1.70,0.000,0.000,-103144,103110,7.69,2.0,-0.854,3899.155,1,1,1
46882712,45558,2,0.00,0.00,-1.56,1.19,0.000,0.000,-103144,103110,7.69,2.0,0.793,3899.162,1,1,1
46892721,45568,2,0.00,0.00,-1.09,0.83,0.000,0.000,-103144,103110,7.69,2.0,0.610,3899.166,1,1,1
46902727,45578,2,0.00,0.00,-0.32,0.58,0.000,0.000,-103143,103110,7.69,1.8,-0.122,3899.163,1,1,1
46912727,45588,2,0.00,0.00,-0.67,0.41,0.000,0.000,-103144,103110,7.68,2.0,0.000,3899.161,1,1,1
46922736,45598,2,0.00,0.00,-0.03,0.29,0.000,0.000,-103143,103110,7.68,2.0,0.305,3899.163,1,1,1
46932743,45608,2,0.00,0.00,-0.46,0.20,0.000,0.000,-103144,103110,7.69,2.0,0.244,3899.164,1,1,1
46942743,45618,2,0.00,0.00,-0.32,0.14,0.000,0.000,-103144,103110,7.68,1.8,0.061,3899.163,1,1,1
46952743,45628,2,0.00,0.00,-0.22,0.10,0.000,0.000,-103144,103110,7.69,2.0,0.000,3899.161,1,1,1
46962751,45638,2,0.00,0.00,-0.16,0.07,0.000,0.000,-103144,103110,7.69,1.8,0.183,3899.161,1,1,1
46972751,45648,2,0.00,0.00,-0.11,0.05,0.000,0.000,-103144,103110,7.68,1.8,0.305,3899.163,1,1,1
46982751,45658,2,0.00,0.00,0.36,0.03,0.000,0.000,-103143,103110,7.69,2.0,0.122,3899.162,1,1,1
46992758,45668,2,0.00,0.00,-0.19,0.02,0.000,0.000,-103144,103110,7.69,2.0,0.061,3899.161,1,1,1
47002766,45678,2,0.00,0.00,-0.13,0.02,0.000,0.000,-103144,103110,7.68,1.8,0.183,3899.161,1,1,1
47012773,45688,2,0.00,0.00,-0.09,0.01,0.000,0.000,-103144,103110,7.69,2.0,0.183,3899.162,1,1,1
47022773,45698,2,0.00,0.00,-0.06,0.01,0.000,0.000,-103144,103110,7.69,2.0,0.183,3899.162,1,1,1
47032781,45708,2,0.00,0.00,-0.04,0.01,0.000,0.000,-103144,103110,7.69,1.8,0.122,3899.161,1,1,1
47042788,45718,2,0.00,0.00,-0.03,0.00,0.000,0.000,-103144,103110,7.68,2.0,0.183,3899.162,1,1,1
47052796,45728,2,0.00,0.00,-0.02,0.00,0.000,0.000,-103144,103110,7.69,1.8,0.244,3899.162,1,1,1
47062803,45738,2,0.00,0.00,-0.02,0.00,0.000,0.000,-103144,103110,7.69,1.8,0.183,3899.163,1,1,1
47072803,45748,2,0.00,0.00,-0.01,0.00,0.000,0.000,-103144,103110,7.68,1.8,0.183,3899.163,1,1,1
47082803,45758,2,0.00,0.00,-0.01,0.00,0.000,0.000,-103144,103110,7.69,2.0,0.183,3899.163,1,1,1
47092803,45768,2,0.00,0.00,-0.01,0.00,0.000,0.000,-103144,103110,7.69,2.0,0.183,3899.163,1,1,1
47102803,45778,2,0.00,0.00,-0.00,0.00,0.000,0.000,-103144,103110,7.69,1.8,0.244,3899.164,1,1,1
47112812,45788,2,0.00,0.00,-0.00,0.00,0.000,0.000,-103144,103110,7.68,1.8,0.122,3899.164,1,1,1
47122818,45798,2,0.00,0.00,-0.00,0.00,0.000,0.000,-103144,103110,7.69,2.0,0.122,3899.163,1,1,1
47132818,45808,2,0.00,0.00,-0.00,0.00,0.000,0.000,-103144,103110,7.69,1.8,0.244,3899.164,1,1,1
47142819,45818,2,0.00,0.00,-0.00,0.00,0.000,0.000,-103144,103110,7.69,1.8,0.244,3899.165,1,1,1
47152827,45828,2,0.00,0.00,-0.00,0.00,0.000,0.000,-103144,103110,7.69,1.8,0.183,3899.165,1,1,1
47162827,45838,2,0.00,0.00,-0.00,0.00,0.000,0.000,-103144,103110,7.69,1.8,0.183,3899.165,1,1,1
47172827,45848,2,0.00,0.00,-0.00,0.00,0.000,0.000,-103144,103110,7.69,1.8,0.122,3899.165,1,1,1
47182827,45858,2,0.00,0.00,-0.00,0.00,0.000,0.000,-103144,103110,7.69,1.8,0.061,3899.164,1,1,1
47192834,45868,2,0.00,0.00,-0.00,0.00,0.000,0.000,-103144,103110,7.69,1.5,0.183,3899.164,1,1,1
47202834,45878,2,0.00,0.00,0.44,0.00,0.000,0.000,-103143,103110,7.69,1.8,0.183,3899.164,1,1,1
47212842,45888,2,0.00,0.00,0.31,0.00,0.000,0.000,-103143,103110,7.69,1.8,0.244,3899.165,1,1,1
47222849,45898,2,0.00,0.00,0.22,0.00,0.000,0.000,-103143,103110,7.68,1.8,0.183,3899.165,1,1,1
47232849,45908,2,0.00,0.00,-0.29,0.00,0.000,0.000,-103144,103110,7.68,1.8,0.122,3899.165,1,1,1
47242849,45918,2,0.00,0.00,-0.20,0.00,0.000,0.000,-103144,103110,7.69,2.0,0.122,3899.164,1,1,1
47252849,45928,2,0.00,0.00,-0.14,0.00,0.000,0.000,-103144,103110,7.69,1.8,0.183,3899.164,1,1,1
47262849,45938,2,0.00,0.00,-0.10,0.00,0.000,0.000,-103144,103110,7.69,1.8,0.244,3899.165,1,1,1
47272857,45948,2,0.00,0.00,-0.07,0.00,0.000,0.000,-103144,103110,7.69,1.8,0.244,3899.166,1,1,1
47282861,45958,2,0.00,0.00,0.39,0.00,0.000,0.000,-103143,103110,7.67,1.8,0.183,3899.166,1,1,1
47292864,45968,2,0.00,0.00,-0.17,0.00,0.000,0.000,-103144,103110,7.68,1.8,0.122,3899.166,1,1,1
47302872,45978,2,0.00,0.00,-0.12,0.00,0.000,0.000,-103144,103110,7.68,1.5,0.183,3899.166,1,1,1
47312879,45988,2,0.00,0.00,-0.08,0.00,0.000,0.000,-103144,103110,7.68,1.8,0.183,3899.166,1,1,1
47322879,45998,2,0.00,0.00,-0.06,0.00,0.000,0.000,-103144,103110,7.68,1.5,0.183,3899.166,1,1,1
47332888,46008,2,0.00,0.00,-0.04,0.00,0.000,0.000,-103144,103110,7.68,1.8,0.122,3899.166,1,1,1
47342896,46018,2,0.00,0.00,-0.03,0.00,0.000,0.000,-103144,103110,7.67,1.8,0.244,3899.167,1,1,1
47352910,46028,2,0.00,0.00,-0.02,0.00,0.000,0.000,-103144,103110,7.68,1.8,0.183,3899.167,1,1,1
47362918,46038,2,0.00,0.00,0.43,0.00,0.000,0.000,-103143,103110,7.69,1.8,0.183,3899.167,1,1,1
47372925,46048,2,0.00,0.00,-0.14,0.00,0.000,0.000,-103144,103110,7.69,1.8,0.183,3899.167,1,1,1
47382925,46058,2,0.00,0.00,-0.10,0.00,0.000,0.000,-103144,103110,7.68,1.8,0.183,3899.167,1,1,1
47392933,46068,2,0.00,0.00,-0.07,0.00,0.000,0.000,-103144,103110,7.69,1.8,0.122,3899.167,1,1,1
47402933,46078,2,0.00,0.00,-0.05,0.00,0.000,0.000,-103144,103110,7.69,1.8,0.183,3899.167,1,1,1
47412933,46088,2,0.00,0.00,-0.03,0.00,0.000,0.000,-103144,103110,7.68,1.8,0.183,3899.167,1,1,1
47422933,46098,2,0.00,0.00,-0.02,0.00,0.000,0.000,-103144,103110,7.69,1.8,0.244,3899.168,1,1,1
47432933,46108,2,0.00,0.00,-0.02,0.00,0.000,0.000,-103144,103110,7.68,1.8,0.183,3899.168,1,1,1
47442940,46118,2,0.00,0.00,0.43,0.00,0.000,0.000,-103143,103110,7.68,1.5,0.183,3899.169,1,1,1
47452940,46128,2,0.00,0.00,-0.14,0.00,0.000,0.000,-103144,103110,7.68,1.8,0.122,3899.168,1,1,1
47462940,46138,2,0.00,0.00,0.34,0.00,0.000,0.000,-103143,103110,7.69,1.8,0.183,3899.168,1,1,1
47472940,46148,2,0.00,0.00,0.24,0.00,0.000,0.000,-103143,103110,7.69,1.8,0.183,3899.169,1,1,1
47482940,46158,2,0.00,0.00,0.17,0.00,0.000,0.000,-103143,103110,7.69,1.8,0.183,3899.169,1,1,1
47492940,46168,2,0.00,0.00,0.12,0.00,0.000,0.000,-103143,103110,7.69,1.5,0.183,3899.169,1,1,1
47502948,46178,2,0.00,0.00,-0.36,0.00,0.000,0.000,-103144,103110,7.69,1.8,0.244,3899.170,1,1,1
47512955,46188,2,0.00,0.00,-0.25,0.00,0.000,0.000,-103144,103110,7.69,1.8,0.183,3899.170,1,1,1
47522955,46198,2,0.00,0.00,-0.18,0.00,0.000,0.000,-103144,103110,7.68,1.5,0.183,3899.170,1,1,1
47532955,46208,2,0.00,0.00,-0.12,0.00,0.000,0.000,-103144,103110,7.69,1.8,0.183,3899.171,1,1,1
47542964,46218,2,0.00,0.00,-0.09,0.00,0.000,0.000,-103144,103110,7.69,1.8,0.183,3899.171,1,1,1
47552979,46228,2,0.00,0.00,-0.06,0.00,0.000,0.000,-103144,103110,7.68,1.5,0.183,3899.171,1,1,1
47562979,46238,2,0.00,0.00,-0.04,0.00,0.000,0.000,-103144,103110,7.68,1.5,0.244,3899.172,1,1,1
47572990,46248,2,0.00,0.00,-0.03,0.00,0.000,0.000,-103144,103110,7.69,1.8,0.122,3899.171,1,1,1
47582998,46258,2,0.00,0.00,0.42,0.00,0.000,0.000,-103143,103110,7.69,1.5,0.183,3899.172,1,1,1
47592999,46269,2,0.00,0.00,-0.15,0.00,0.000,0.000,-103144,103110,7.68,1.8,0.183,3899.172,1,1,1
47603005,46279,2,0.00,0.00,0.34,0.00,0.000,0.000,-103143,103110,7.69,1.5,0.183,3899.172,1,1,1
47613006,46289,2,0.00,0.00,-0.20,0.00,0.000,0.000,-103144,103110,7.69,1.5,0.122,3899.172,1,1,1
47623014,46299,2,0.00,0.00,-0.14,0.00,0.000,0.000,-103144,103110,7.69,1.8,0.183,3899.172,1,1,1
47633021,46309,2,0.00,0.00,0.34,0.00,0.000,0.000,-103143,103110,7.68,1.5,0.183,3899.172,1,1,1
47643029,46319,2,0.00,0.00,-0.20,0.00,0.000,0.000,-103144,103110,7.68,1.8,0.183,3899.172,1,1,1
47653036,46329,2,0.00,0.00,-0.14,0.00,0.000,0.000,-103144,103110,7.68,1.8,0.183,3899.173,1,1,1
47663044,46339,2,0.00,0.00,-0.10,0.00,0.000,0.000,-103144,103110,7.69,1.5,0.061,3899.172,1,1,1
47673044,46349,2,0.00,0.00,-0.07,0.00,0.000,0.000,-103144,103110,7.69,1.5,0.183,3899.172,1,1,1
47683044,46359,2,0.00,0.00,-0.05,0.00,0.000,0.000,-103144,103110,7.69,1.5,0.244,3899.173,1,1,1
47693051,46369,2,0.00,0.00,-0.03,0.00,0.000,0.000,-103144,103110,7.69,1.8,0.183,3899.173,1,1,1
47703051,46379,2,0.00,0.00,-0.02,0.00,0.000,0.000,-103144,103110,7.68,1.5,0.183,3899.173,1,1,1
47713051,46389,2,0.00,0.00,-0.02,0.00,0.000,0.000,-103144,103110,7.69,1.5,0.122,3899.173,1,1,1
47723059,46399,2,0.00,0.00,-0.01,0.00,0.000,0.000,-103144,103110,7.68,1.8,0.183,3899.173,1,1,1
47733066,46409,2,0.00,0.00,0.43,0.00,0.000,0.000,-103143,103110,7.69,1.5,0.183,3899.173,1,1,1
47743066,46419,2,0.00,0.00,0.30,0.00,0.000,0.000,-103143,103110,7.69,1.5,0.183,3899.173,1,1,1
47753066,46429,2,0.00,0.00,-0.23,0.00,0.000,0.000,-103144,103110,7.69,1.8,0.122,3899.173,1,1,1
47763066,46439,2,0.00,0.00,0.28,0.00,0.000,0.000,-103143,103110,7.69,1.8,0.183,3899.173,1,1,1
47773066,46449,2,0.00,0.00,-0.24,0.00,0.000,0.000,-103144,103110,7.69,1.8,0.122,3899.173,1,1,1
47783072,46459,2,0.00,0.00,-0.17,0.00,0.000,0.000,-103144,103110,7.68,1.5,0.122,3899.172,1,1,1
47793081,46469,2,0.00,0.00,-0.12,0.00,0.000,0.000,-103144,103110,7.68,1.8,0.183,3899.172,1,1,1
47803081,46479,2,0.00,0.00,-0.08,0.00,0.000,0.000,-103144,103110,7.69,1.8,0.183,3899.173,1,1,1
47813081,46489,2,0.00,0.00,-0.06,0.00,0.000,0.000,-103144,103110,7.69,1.5,0.122,3899.172,1,1,1
47823090,46499,2,0.00,0.00,-0.04,0.00,0.000,0.000,-103144,103110,7.69,1.5,0.183,3899.172,1,1,1
47833090,46509,2,0.00,0.00,-0.03,0.00,0.000,0.000,-103144,103110,7.69,1.5,0.183,3899.173,1,1,1
47843097,46519,2,0.00,0.00,-0.02,0.00,0.000,0.000,-103144,103110,7.68,1.5,0.183,3899.173,1,1,1
47853097,46529,2,0.00,0.00,-0.01,0.00,0.000,0.000,-103144,103110,7.69,1.5,0.183,3899.173,1,1,1
47863111,46539,2,0.00,0.00,-0.01,0.00,0.000,0.000,-103144,103110,7.69,1.8,0.183,3899.173,1,1,1
47873112,46549,2,0.00,0.00,-0.01,0.00,0.000,0.000,-103144,103110,7.69,1.8,0.183,3899.174,1,1,1
47883127,46559,2,0.00,0.00,-0.00,0.00,0.000,0.000,-103144,103110,7.69,1.5,0.183,3899.174,1,1,1
47893127,46569,2,0.00,0.00,-0.00,0.00,0.000,0.000,-103144,103110,7.69,1.8,0.183,3899.174,1,1,1
47903135,46579,2,0.00,0.00,-0.00,0.00,0.000,0.000,-103144,103110,7.69,1.5,0.244,3899.175,1,1,1
47913135,46589,2,0.00,0.00,-0.00,0.00,0.000,0.000,-103144,103110,7.69,1.5,0.183,3899.175,1,1,1
47923135,46599,2,0.00,0.00,-0.00,0.00,0.000,0.000,-103144,103110,7.69,1.5,0.122,3899.175,1,1,1
47933142,46609,2,0.00,0.00,-0.00,0.00,0.000,0.000,-103144,103110,7.69,1.5,0.183,3899.175,1,1,1
47943142,46619,2,0.00,0.00,-0.00,0.00,0.000,0.000,-103144,103110,7.69,1.8,0.305,3899.176,1,1,1
47953150,46629,2,0.00,0.00,0.44,0.00,0.000,0.000,-103143,103110,7.69,1.5,0.244,3899.177,1,1,1
47963157,46639,2,0.00,0.00,0.31,0.00,0.000,0.000,-103143,103110,7.68,1.5,0.122,3899.177,1,1,1
47973157,46649,2,0.00,0.00,0.22,0.00,0.000,0.000,-103143,103110,7.68,1.8,0.183,3899.177,1,1,1
47983165,46659,2,0.00,0.00,-0.29,0.00,0.000,0.000,-103144,103110,7.68,1.8,0.183,3899.177,1,1,1
47993166,46669,2,0.00,0.00,-0.20,0.00,0.000,0.000,-103144,103110,7.69,1.5,0.244,3899.178,1,1,1
48003172,46679,2,0.00,0.00,-0.14,0.00,0.000,0.000,-103144,103110,7.68,1.5,0.183,3899.178,1,1,1
48013172,46689,2,0.00,0.00,-0.10,0.00,0.000,0.000,-103144,103110,7.69,1.5,0.122,3899.177,1,1,1
48023172,46699,2,0.00,0.00,-0.07,0.00,0.000,0.000,-103144,103110,7.69,1.5,0.183,3899.178,1,1,1
48033172,46709,2,0.00,0.00,-0.05,0.00,0.000,0.000,-103144,103110,7.68,1.5,0.122,3899.177,1,1,1
48043172,46719,2,0.00,0.00,-0.03,0.00,0.000,0.000,-103144,103110,7.68,1.5,0.122,3899.177,1,1,1
48053172,46729,2,0.00,0.00,-0.02,0.00,0.000,0.000,-103144,103110,7.69,1.5,0.183,3899.177,1,1,1
48063172,46739,2,0.00,0.00,0.42,0.00,0.000,0.000,-103143,103110,7.69,1.5,0.183,3899.177,1,1,1
48073172,46749,2,0.00,0.00,-0.14,0.00,0.000,0.000,-103144,103110,7.69,1.8,0.183,3899.177,1,1,1
48083172,46759,2,0.00,0.00,-0.10,0.00,0.000,0.000,-103144,103110,7.69,1.8,0.244,3899.178,1,1,1
48093173,46769,2,0.00,0.00,-0.07,0.00,0.000,0.000,-103144,103110,7.68,1.5,0.122,3899.178,1,1,1
48103181,46779,2,0.00,0.00,-0.05,0.00,0.000,0.000,-103144,103110,7.69,1.5,0.122,3899.177,1,1,1
48113181,46789,2,0.00,0.00,-0.03,0.00,0.000,0.000,-103144,103110,7.68,1.5,0.244,3899.178,1,1,1
48123181,46799,2,0.00,0.00,-0.02,0.00,0.000,0.000,-103144,103110,7.69,1.8,0.183,3899.178,1,1,1
48133181,46809,2,0.00,0.00,0.42,0.00,0.000,0.000,-103143,103110,7.68,1.5,0.122,3899.178,1,1,1
48143188,46819,2,0.00,0.00,-0.14,0.00,0.000,0.000,-103144,103110,7.69,1.5,0.244,3899.178,1,1,1
48153202,46829,2,0.00,0.00,-0.10,0.00,0.000,0.000,-103144,103110,7.69,1.5,0.122,3899.178,1,1,1
48163202,46839,2,0.00,0.00,-0.07,0.00,0.000,0.000,-103144,103110,7.68,1.5,0.183,3899.178,1,1,1
48173211,46849,2,0.00,0.00,-0.05,0.00,0.000,0.000,-103144,103110,7.69,1.5,0.183,3899.178,1,1,1
48183211,46859,2,0.00,0.00,-0.03,0.00,0.000,0.000,-103144,103110,7.68,1.5,0.183,3899.179,1,1,1
48193218,46869,2,0.00,0.00,-0.02,0.00,0.000,0.000,-103144,103110,7.69,1.5,0.183,3899.179,1,1,1
48203218,46879,2,0.00,0.00,-0.02,0.00,0.000,0.000,-103144,103110,7.69,1.5,0.122,3899.178,1,1,1
48213226,46889,2,0.00,0.00,-0.01,0.00,0.000,0.000,-103144,103110,7.68,1.5,0.183,3899.179,1,1,1
48223233,46899,2,0.00,0.00,-0.01,0.00,0.000,0.000,-103144,103110,7.69,1.5,0.183,3899.179,1,1,1
48233233,46909,2,0.00,0.00,-0.01,0.00,0.000,0.000,-103144,103110,7.69,1.8,0.183,3899.179,1,1,1
48243242,46919,2,0.00,0.00,-0.00,0.00,0.000,0.000,-103144,103110,7.69,1.5,0.122,3899.179,1,1,1
48253256,46929,2,0.00,0.00,-0.00,0.00,0.000,0.000,-103144,103110,7.69,1.5,0.183,3899.179,1,1,1
48263256,46939,2,0.00,0.00,-0.00,0.00,0.000,0.000,-103144,103110,7.69,1.5,0.122,3899.178,1,1,1
48273256,46949,2,0.00,0.00,-0.00,0.00,0.000,0.000,-103144,103110,7.69,1.5,0.061,3899.177,1,1,1
48283256,46959,2,0.00,0.00,-0.00,0.00,0.000,0.000,-103144,103110,7.67,1.5,0.244,3899.178,1,1,1
48293263,46969,2,0.00,0.00,-0.00,0.00,0.000,0.000,-103144,103110,7.69,1.5,0.244,3899.179,1,1,1
48303272,46979,2,0.00,0.00,0.44,0.00,0.000,0.000,-103143,103110,7.68,1.5,0.122,3899.178,1,1,1
48313278,46989,2,0.00,0.00,-0.13,0.00,0.000,0.000,-103144,103110,7.69,1.5,0.122,3899.178,1,1,1
48323278,46999,2,0.00,0.00,-0.09,0.00,0.000,0.000,-103144,103110,7.69,1.5,0.244,3899.179,1,1,1
48333278,47009,2,0.00,0.00,-0.06,0.00,0.000,0.000,-103144,103110,7.69,1.5,0.183,3899.179,1,1,1
48343287,47019,2,0.00,0.00,0.39,0.00,0.000,0.000,-103143,103110,7.68,1.5,0.183,3899.179,1,1,1
48353287,47029,2,0.00,0.00,-0.16,0.00,0.000,0.000,-103144,103110,7.69,1.5,0.122,3899.179,1,1,1
48363294,47039,2,0.00,0.00,-0.11,0.00,0.000,0.000,-103144,103110,7.69,1.5,0.183,3899.179,1,1,1
48373302,47049,2,0.00,0.00,-0.08,0.00,0.000,0.000,-103144,103110,7.69,1.5,0.183,3899.179,1,1,1
48383302,47059,2,0.00,0.00,-0.06,0.00,0.000,0.000,-103144,103110,7.69,1.5,0.183,3899.179,1,1,1
48393302,47069,2,0.00,0.00,-0.04,0.00,0.000,0.000,-103144,103110,7.69,1.2,0.183,3899.180,1,1,1
48403309,47079,2,0.00,0.00,-0.03,0.00,0.000,0.000,-103144,103110,7.69,1.2,0.122,3899.179,1,1,1
48413309,47089,2,0.00,0.00,-0.02,0.00,0.000,0.000,-103144,103110,7.69,1.5,0.122,3899.179,1,1,1
48423309,47099,2,0.00,0.00,-0.01,0.00,0.000,0.000,-103144,103110,7.69,1.5,0.122,3899.178,1,1,1
48433309,47109,2,0.00,0.00,-0.01,0.00,0.000,0.000,-103144,103110,7.69,1.5,0.183,3899.178,1,1,1
48443317,47119,2,0.00,0.00,-0.01,0.00,0.000,0.000,-103144,103110,7.68,1.5,0.183,3899.179,1,1,1
48453324,47129,2,0.00,0.00,-0.00,0.00,0.000,0.000,-103144,103110,7.69,1.5,0.183,3899.179,1,1,1
48463332,47139,2,0.00,0.00,-0.00,0.00,0.000,0.000,-103144,103110,7.68,1.5,0.122,3899.178,1,1,1
48473332,47149,2,0.00,0.00,-0.00,0.00,0.000,0.000,-103144,103110,7.68,1.5,0.122,3899.178,1,1,1
48483332,47159,2,0.00,0.00,-0.00,0.00,0.000,0.000,-103144,103110,7.69,1.5,0.183,3899.178,1,1,1
48493339,47169,2,0.00,0.00,-0.00,0.00,0.000,0.000,-103144,103110,7.68,1.5,0.122,3899.178,1,1,1
48503339,47179,2,0.00,0.00,0.44,0.00,0.000,0.000,-103143,103110,7.68,1.5,0.183,3899.178,1,1,1
48513348,47189,2,0.00,0.00,0.31,0.00,0.000,0.000,-103143,103110,7.69,1.5,0.183,3899.178,1,1,1
48523348,47199,2,0.00,0.00,0.21,0.00,0.000,0.000,-103143,103110,7.69,1.5,0.122,3899.178,1,1,1
48533354,47209,2,0.00,0.00,-0.29,0.00,0.000,0.000,-103144,103110,7.69,1.5,0.244,3899.178,1,1,1
48543363,47219,2,0.00,0.00,-0.20,0.00,0.000,0.000,-103144,103110,7.69,1.5,0.183,3899.179,1,1,1
48553369,47229,2,0.00,0.00,0.30,0.00,0.000,0.000,-103143,103110,7.69,1.5,0.122,3899.178,1,1,1
48563369,47239,2,0.00,0.00,-0.23,0.00,0.000,0.000,-103144,103110,7.69,1.5,0.122,3899.178,1,1,1
48573378,47249,2,0.00,0.00,-0.16,0.00,0.000,0.000,-103144,103110,7.69,1.5,0.122,3899.177,1,1,1
48583378,47259,2,0.00,0.00,-0.11,0.00,0.000,0.000,-103144,103110,7.69,1.5,0.061,3899.176,1,1,1
48593385,47269,2,0.00,0.00,-0.08,0.00,0.000,0.000,-103144,103110,7.69,1.5,0.183,3899.177,1,1,1
48603385,47279,2,0.00,0.00,-0.06,0.00,0.000,0.000,-103144,103110,7.68,1.5,0.244,3899.177,1,1,1
48613393,47289,2,0.00,0.00,-0.04,0.00,0.000,0.000,-103144,103110,7.69,1.5,0.244,3899.178,1,1,1
48623400,47299,2,0.00,0.00,0.41,0.00,0.000,0.000,-103143,103110,7.69,1.2,0.244,3899.179,1,1,1
48633400,47309,2,0.00,0.00,0.29,0.00,0.000,0.000,-103143,103110,7.69,1.5,0.183,3899.179,1,1,1
48643408,47319,2,0.00,0.00,-0.24,0.00,0.000,0.000,-103144,103110,7.69,1.5,0.122,3899.178,1,1,1
48653415,47329,2,0.00,0.00,-0.17,0.00,0.000,0.000,-103144,103110,7.69,1.5,0.122,3899.178,1,1,1
48663423,47339,2,0.00,0.00,-0.12,0.00,0.000,0.000,-103144,103110,7.68,1.5,0.183,3899.178,1,1,1
48673423,47349,2,0.00,0.00,0.36,0.00,0.000,0.000,-103143,103110,7.69,1.5,0.122,3899.178,1,1,1
48683423,47359,2,0.00,0.00,-0.19,0.00,0.000,0.000,-103144,103110,7.69,1.5,0.183,3899.178,1,1,1
48693423,47369,2,0.00,0.00,-0.13,0.00,0.000,0.000,-103144,103110,7.69,1.8,0.183,3899.178,1,1,1
48703430,47379,2,0.00,0.00,-0.09,0.00,0.000,0.000,-103144,103110,7.69,1.5,0.244,3899.179,1,1,1
48713439,47389,2,0.00,0.00,-0.06,0.00,0.000,0.000,-103144,103110,7.69,1.5,0.244,3899.180,1,1,1
48723439,47399,2,0.00,0.00,-0.05,0.00,0.000,0.000,-103144,103110,7.69,1.5,0.122,3899.179,1,1,1
48733445,47409,2,0.00,0.00,-0.03,0.00,0.000,0.000,-103144,103110,7.69,1.5,0.183,3899.179,1,1,1
48743454,47419,2,0.00,0.00,0.42,0.00,0.000,0.000,-103143,103110,7.69,1.2,0.122,3899.179,1,1,1
48753460,47429,2,0.00,0.00,-0.15,0.00,0.000,0.000,-103144,103110,7.69,1.5,0.183,3899.179,1,1,1
48763460,47439,2,0.00,0.00,0.34,0.00,0.000,0.000,-103143,103110,7.68,1.2,0.122,3899.179,1,1,1
48773469,47449,2,0.00,0.00,0.24,0.00,0.000,0.000,-103143,103110,7.69,1.5,0.122,3899.178,1,1,1
48783469,47459,2,0.00,0.00,-0.27,0.00,0.000,0.000,-103144,103110,7.68,1.5,0.183,3899.178,1,1,1
48793469,47469,2,0.00,0.00,0.25,0.00,0.000,0.000,-103143,103110,7.68,1.5,0.183,3899.179,1,1,1
48803469,47479,2,0.00,0.00,0.17,0.00,0.000,0.000,-103143,103110,7.69,1.5,0.183,3899.179,1,1,1
48813469,47489,2,0.00,0.00,-0.32,0.00,0.000,0.000,-103144,103110,7.69,1.2,0.183,3899.179,1,1,1
48823469,47499,2,0.00,0.00,-0.22,0.00,0.000,0.000,-103144,103110,7.69,1.2,0.183,3899.179,1,1,1
48833476,47509,2,0.00,0.00,-0.16,0.00,0.000,0.000,-103144,103110,7.69,1.5,0.183,3899.180,1,1,1
48843491,47519,2,0.00,0.00,-0.11,0.00,0.000,0.000,-103144,103110,7.68,1.5,0.305,3899.181,1,1,1
48853493,47529,2,0.00,0.00,-0.08,0.00,0.000,0.000,-103144,103110,7.69,1.5,0.183,3899.181,1,1,1
48863493,47539,2,0.00,0.00,-0.05,0.00,0.000,0.000,-103144,103110,7.68,1.5,0.122,3899.181,1,1,1
48873500,47549,2,0.00,0.00,-0.04,0.00,0.000,0.000,-103144,103110,7.69,1.5,0.122,3899.180,1,1,1
48883508,47559,2,0.00,0.00,-0.03,0.00,0.000,0.000,-103144,103110,7.69,1.5,0.244,3899.181,1,1,1
48893508,47569,2,0.00,0.00,-0.02,0.00,0.000,0.000,-103144,103110,7.69,1.5,0.183,3899.181,1,1,1
48903515,47579,2,0.00,0.00,-0.01,0.00,0.000,0.000,-103144,103110,7.69,1.5,0.122,3899.181,1,1,1
48913515,47589,2,0.00,0.00,-0.01,0.00,0.000,0.000,-103144,103110,7.69,1.5,0.122,3899.180,1,1,1
48923523,47599,2,0.00,0.00,-0.01,0.00,0.000,0.000,-103144,103110,7.68,1.5,0.183,3899.181,1,1,1
48933530,47609,2,0.00,0.00,0.44,0.00,0.000,0.000,-103143,103110,7.69,1.5,0.122,3899.180,1,1,1
48943539,47619,2,0.00,0.00,-0.13,0.00,0.000,0.000,-103144,103110,7.69,1.5,0.122,3899.180,1,1,1
48953545,47629,2,0.00,0.00,-0.09,0.00,0.000,0.000,-103144,103110,7.69,1.5,0.061,3899.179,1,1,1
48963545,47639,2,0.00,0.00,-0.07,0.00,0.000,0.000,-103144,103110,7.68,1.5,0.061,3899.178,1,1,1
48973545,47649,2,0.00,0.00,-0.05,0.00,0.000,0.000,-103144,103110,7.69,1.5,0.122,3899.177,1,1,1
48983554,47659,2,0.00,0.00,0.41,0.00,0.000,0.000,-103143,103110,7.69,1.5,0.183,3899.177,1,1,1
48993554,47669,2,0.00,0.00,0.28,0.00,0.000,0.000,-103143,103110,7.69,1.2,0.244,3899.178,1,1,1
49003560,47679,2,0.00,0.00,-0.24,0.00,0.000,0.000,-103144,103110,7.69,1.5,0.183,3899.178,1,1,1
49013560,47689,2,0.00,0.00,-0.17,0.00,0.000,0.000,-103144,103110,7.68,1.5,0.183,3899.179,1,1,1
49023569,47699,2,0.00,0.00,-0.12,0.00,0.000,0.000,-103144,103110,7.69,1.5,0.244,3899.179,1,1,1
49033569,47709,2,0.00,0.00,-0.08,0.00,0.000,0.000,-103144,103110,7.69,1.5,0.244,3899.180,1,1,1
49043576,47719,2,0.00,0.00,-0.06,0.00,0.000,0.000,-103144,103110,7.69,1.5,0.244,3899.181,1,1,1
49053584,47729,2,0.00,0.00,0.40,0.00,0.000,0.000,-103143,103110,7.69,1.5,0.183,3899.181,1,1,1
49063591,47739,2,0.00,0.00,-0.16,0.00,0.000,0.000,-103144,103110,7.69,1.2,0.122,3899.181,1,1,1
49073591,47749,2,0.00,0.00,-0.11,0.00,0.000,0.000,-103144,103110,7.69,1.5,0.183,3899.181,1,1,1
49083591,47759,2,0.00,0.00,-0.08,0.00,0.000,0.000,-103144,103110,7.68,1.5,0.122,3899.180,1,1,1
49093599,47769,2,0.00,0.00,-0.05,0.00,0.000,0.000,-103144,103110,7.69,1.5,0.183,3899.181,1,1,1
49103599,47779,2,0.00,0.00,-0.04,0.00,0.000,0.000,-103144,103110,7.69,1.5,0.183,3899.181,1,1,1
49113606,47789,2,0.00,0.00,0.41,0.00,0.000,0.000,-103143,103110,7.69,1.2,0.244,3899.182,1,1,1
49123606,47799,2,0.00,0.00,0.29,0.00,0.000,0.000,-103143,103110,7.68,1.5,0.183,3899.182,1,1,1
49133606,47809,2,0.00,0.00,-0.24,0.00,0.000,0.000,-103144,103110,7.69,1.8,0.122,3899.181,1,1,1
49143606,47819,2,0.00,0.00,-0.17,0.00,0.000,0.000,-103144,103110,7.69,1.2,0.122,3899.181,1,1,1
49153606,47829,2,0.00,0.00,-0.12,0.00,0.000,0.000,-103144,103110,7.69,1.2,0.122,3899.180,1,1,1
49163606,47839,2,0.00,0.00,-0.08,0.00,0.000,0.000,-103144,103110,7.68,1.2,0.183,3899.181,1,1,1
49173606,47849,2,0.00,0.00,-0.06,0.00,0.000,0.000,-103144,103110,7.68,1.2,0.183,3899.181,1,1,1
49183606,47859,2,0.00,0.00,-0.04,0.00,0.000,0.000,-103144,103110,7.69,1.5,0.122,3899.180,1,1,1
49193606,47869,2,0.00,0.00,0.41,0.00,0.000,0.000,-103143,103110,7.68,1.5,0.061,3899.179,1,1,1
49203614,47879,2,0.00,0.00,-0.15,0.00,0.000,0.000,-103144,103110,7.69,1.5,0.122,3899.179,1,1,1
49213621,47889,2,0.00,0.00,-0.11,0.00,0.000,0.000,-103144,103110,7.69,1.2,0.183,3899.179,1,1,1
49223621,47899,2,0.00,0.00,0.37,0.00,0.000,0.000,-103143,103110,7.69,1.2,0.183,3899.179,1,1,1
49233621,47909,2,0.00,0.00,-0.18,0.00,0.000,0.000,-103144,103110,7.69,1.2,0.183,3899.180,1,1,1
49243621,47919,2,0.00,0.00,-0.13,0.00,0.000,0.000,-103144,103110,7.69,1.5,0.183,3899.180,1,1,1
49253630,47929,2,0.00,0.00,-0.09,0.00,0.000,0.000,-103144,103110,7.69,1.5,0.183,3899.180,1,1,1
49263636,47939,2,0.00,0.00,-0.06,0.00,0.000,0.000,-103144,103110,7.68,1.2,0.244,3899.181,1,1,1
49273645,47949,2,0.00,0.00,0.40,0.00,0.000,0.000,-103143,103110,7.69,1.5,0.244,3899.182,1,1,1
49283657,47959,2,0.00,0.00,-0.16,0.00,0.000,0.000,-103144,103110,7.68,1.5,0.244,3899.182,1,1,1
49293667,47969,2,0.00,0.00,-0.11,0.00,0.000,0.000,-103144,103110,7.68,1.5,0.183,3899.183,1,1,1
49303667,47979,2,0.00,0.00,-0.08,0.00,0.000,0.000,-103144,103110,7.69,1.2,0.244,3899.183,1,1,1
49313675,47989,2,0.00,0.00,-0.06,0.00,0.000,0.000,-103144,103110,7.69,1.5,0.183,3899.184,1,1,1
49323682,47999,2,0.00,0.00,-0.04,0.00,0.000,0.000,-103144,103110,7.69,1.5,0.122,3899.183,1,1,1
49333682,48009,2,0.00,0.00,0.41,0.00,0.000,0.000,-103143,103110,7.69,1.5,0.244,3899.184,1,1,1
49343690,48019,2,0.00,0.00,0.29,0.00,0.000,0.000,-103143,103110,7.68,1.5,0.244,3899.185,1,1,1
49353697,48029,2,0.00,0.00,0.20,0.00,0.000,0.000,-103143,103110,7.68,1.2,0.183,3899.185,1,1,1
49363697,48039,2,0.00,0.00,0.14,0.00,0.000,0.000,-103143,103110,7.69,1.5,0.183,3899.185,1,1,1
49373705,48049,2,0.00,0.00,-0.34,0.00,0.000,0.000,-103144,103110,7.69,1.5,0.122,3899.185,1,1,1
49383712,48059,2,0.00,0.00,-0.24,0.00,0.000,0.000,-103144,103110,7.69,1.2,0.183,3899.185,1,1,1
49393721,48069,2,0.00,0.00,-0.17,0.00,0.000,0.000,-103144,103110,7.69,1.5,0.183,3899.185,1,1,1
49403721,48079,2,0.00,0.00,-0.12,0.00,0.000,0.000,-103144,103110,7.69,1.5,0.183,3899.185,1,1,1
49413727,48089,2,0.00,0.00,-0.08,0.00,0.000,0.000,-103144,103110,7.69,1.5,0.183,3899.186,1,1,1
49423736,48099,2,0.00,0.00,-0.06,0.00,0.000,0.000,-103144,103110,7.69,1.2,0.183,3899.186,1,1,1
49433743,48109,2,0.00,0.00,-0.04,0.00,0.000,0.000,-103144,103110,7.69,1.5,0.244,3899.187,1,1,1
49443743,48119,2,0.00,0.00,-0.03,0.00,0.000,0.000,-103144,103110,7.69,1.2,0.244,3899.187,1,1,1
49453751,48129,2,0.00,0.00,-0.02,0.00,0.000,0.000,-103144,103110,7.68,1.5,0.122,3899.187,1,1,1
49463758,48139,2,0.00,0.00,-0.01,0.00,0.000,0.000,-103144,103110,7.69,1.2,0.122,3899.186,1,1,1
49473758,48149,2,0.00,0.00,-0.01,0.00,0.000,0.000,-103144,103110,7.69,1.5,0.122,3899.186,1,1,1
49483758,48159,2,0.00,0.00,0.43,0.00,0.000,0.000,-103143,103110,7.68,1.5,0.122,3899.185,1,1,1
49493758,48169,2,0.00,0.00,0.30,0.00,0.000,0.000,-103143,103110,7.69,1.5,0.183,3899.186,1,1,1
49503766,48179,2,0.00,0.00,-0.23,0.00,0.000,0.000,-103144,103110,7.69,1.5,0.183,3899.186,1,1,1
49513766,48189,2,0.00,0.00,-0.16,0.00,0.000,0.000,-103144,103110,7.69,1.5,0.183,3899.186,1,1,1
49523773,48199,2,0.00,0.00,-0.11,0.00,0.000,0.000,-103144,103110,7.69,1.2,0.122,3899.186,1,1,1
49533773,48209,2,0.00,0.00,-0.08,0.00,0.000,0.000,-103144,103110,7.69,1.2,0.244,3899.186,1,1,1
49543781,48219,2,0.00,0.00,0.38,0.00,0.000,0.000,-103143,103110,7.68,1.5,0.183,3899.187,1,1,1
49553788,48229,2,0.00,0.00,-0.17,0.00,0.000,0.000,-103144,103110,7.69,1.5,0.183,3899.187,1,1,1
49563788,48239,2,0.00,0.00,-0.12,0.00,0.000,0.000,-103144,103110,7.69,1.5,0.244,3899.188,1,1,1
49573788,48249,2,0.00,0.00,-0.08,0.00,0.000,0.000,-103144,103110,7.69,1.5,0.122,3899.187,1,1,1
49583788,48259,2,0.00,0.00,-0.06,0.00,0.000,0.000,-103144,103110,7.69,1.5,0.183,3899.187,1,1,1
49593788,48269,2,0.00,0.00,-0.04,0.00,0.000,0.000,-103144,103110,7.69,1.2,0.244,3899.188,1,1,1
49603797,48279,2,0.00,0.00,-0.03,0.00,0.000,0.000,-103144,103110,7.69,1.5,0.183,3899.188,1,1,1
49613797,48289,2,0.00,0.00,-0.02,0.00,0.000,0.000,-103144,103110,7.69,1.5,0.122,3899.188,1,1,1
49623797,48299,2,0.00,0.00,-0.01,0.00,0.000,0.000,-103144,103110,7.69,1.2,0.122,3899.187,1,1,1
49633797,48309,2,0.00,0.00,-0.01,0.00,0.000,0.000,-103144,103110,7.69,1.2,0.122,3899.187,1,1,1
49643803,48319,2,0.00,0.00,-0.01,0.00,0.000,0.000,-103144,103110,7.68,1.5,0.122,3899.186,1,1,1
49653803,48329,2,0.00,0.00,0.43,0.00,0.000,0.000,-103143,103110,7.68,1.2,0.183,3899.187,1,1,1
49663812,48339,2,0.00,0.00,-0.14,0.00,0.000,0.000,-103144,103110,7.69,1.2,0.183,3899.187,1,1,1
49673818,48349,2,0.00,0.00,-0.09,0.00,0.000,0.000,-103144,103110,7.69,1.5,0.183,3899.187,1,1,1
49683818,48359,2,0.00,0.00,-0.07,0.00,0.000,0.000,-103144,103110,7.68,1.5,0.183,3899.187,1,1,1
49693819,48369,3,0.00,0.00,-0.05,0.00,0.000,0.000,-103144,103110,7.69,1.5,0.122,3899.187,1,1,1
49703834,48379,3,35.00,-35.00,-0.03,0.00,0.719,-0.708,-103144,103110,7.69,1.5,0.122,3899.186,1,1,1
49713834,48389,3,35.00,-35.00,0.42,0.00,0.736,-0.726,-103143,103110,7.46,511.8,0.061,3899.185,1,1,1
49723834,48399,3,35.00,-35.00,1.17,0.00,0.733,-0.726,-103141,103110,7.46,565.0,-0.122,3899.182,1,1,1
49733842,48409,3,35.00,-35.00,3.46,0.00,0.724,-0.726,-103135,103110,7.48,546.2,-2.561,3899.155,1,1,1
49743849,48419,3,35.00,-35.00,5.93,-1.32,0.716,-0.723,-103127,103107,7.47,507.8,-9.634,3899.057,1,1,1
49753857,48429,3,35.00,-35.00,8.99,-4.00,0.705,-0.715,-103116,103100,7.49,471.5,-21.159,3898.844,1,1,1
49763857,48439,3,35.00,-35.00,11.13,-7.19,0.697,-0.704,-103105,103090,7.50,436.8,-35.671,3898.486,1,1,1
49773869,48449,3,35.00,-35.00,14.38,-10.75,0.687,-0.693,-103090,103077,7.51,409.5,-50.244,3897.981,1,1,1
49783879,48459,3,35.00,-35.00,15.78,-14.12,0.681,-0.681,-103077,103062,7.53,373.8,-60.122,3897.379,1,1,1
49793879,48469,3,35.00,-35.00,17.64,-17.35,0.674,-0.669,-103062,103045,7.55,344.2,-64.634,3896.731,1,1,1
49803879,48479,3,35.00,-35.00,19.82,-20.06,0.667,-0.660,-103045,103027,7.56,324.2,-64.878,3896.080,1,1,1
49813879,48489,3,35.00,-35.00,21.34,-21.95,0.664,-0.655,-103028,103009,7.55,302.2,-66.280,3895.416,1,1,1
49823879,48499,3,35.00,-35.00,22.85,-23.27,0.658,-0.650,-103010,102991,7.56,290.2,-68.780,3894.726,1,1,1
49833879,48509,3,35.00,-35.00,24.34,-22.88,0.653,-0.652,-102991,102976,7.57,285.5,-65.244,3894.072,1,1,1
49843888,48519,3,35.00,-35.00,25.39,-22.17,0.650,-0.655,-102972,102962,7.56,277.2,-57.988,3893.491,1,1,1
49853894,48529,3,35.00,-35.00,26.12,-22.55,0.646,-0.654,-102953,102946,7.57,275.5,-58.110,3892.908,1,1,1
49863894,48539,3,35.00,-35.00,27.08,-23.70,0.643,-0.651,-102933,102928,7.56,272.2,-61.585,3892.291,1,1,1
49873903,48549,3,35.00,-35.00,28.18,-24.94,0.639,-0.647,-102912,102909,7.57,269.2,-68.476,3891.604,1,1,1
49883903,48559,3,35.00,-35.00,28.96,-26.24,0.637,-0.643,-102891,102889,7.57,261.8,-79.024,3890.812,1,1,1
49893910,48569,3,35.00,-35.00,29.06,-27.60,0.636,-0.639,-102871,102868,7.57,256.5,-84.207,3889.969,1,1,1
49903910,48579,3,35.00,-35.00,30.01,-28.55,0.633,-0.636,-102849,102847,7.57,253.3,-79.512,3889.172,1,1,1
49913910,48589,3,35.00,-35.00,30.23,-28.77,0.631,-0.635,-102828,102827,7.59,249.2,-73.171,3888.438,1,1,1
49923918,48599,3,35.00,-35.00,30.83,-28.93,0.630,-0.635,-102806,102807,7.58,244.2,-70.244,3887.734,1,1,1
49933918,48609,3,35.00,-35.00,30.81,-29.48,0.630,-0.633,-102785,102786,7.58,241.8,-70.427,3887.028,1,1,1
49943918,48619,3,35.00,-35.00,31.24,-30.30,0.628,-0.631,-102763,102764,7.58,243.2,-73.232,3886.294,1,1,1
49953918,48629,3,35.00,-35.00,31.97,-30.44,0.626,-0.630,-102740,102743,7.58,242.2,-74.817,3885.545,1,1,1
49963918,48639,3,35.00,-35.00,31.61,-30.54,0.627,-0.631,-102719,102722,7.58,239.2,-76.768,3884.775,1,1,1
49973918,48649,3,35.00,-35.00,31.35,-30.60,0.627,-0.630,-102698,102701,7.59,242.8,-76.768,3884.006,1,1,1
49983918,48659,3,35.00,-35.00,32.50,-31.09,0.625,-0.630,-102674,102679,7.57,242.2,-83.780,3883.167,1,1,1
49993918,48669,3,35.00,-35.00,33.29,-31.43,0.622,-0.629,-102650,102657,7.58,239.8,-91.524,3882.250,1,1,1
50003918,48679,3,35.00,-35.00,33.41,-31.67,0.621,-0.627,-102627,102635,7.59,235.5,-96.402,3881.284,1,1,1
50013925,48689,3,35.00,-35.00,34.38,-31.84,0.617,-0.628,-102602,102613,7.58,234.7,-98.232,3880.300,1,1,1
50023933,48699,3,35.00,-35.00,35.05,-32.39,0.615,-0.627,-102577,102590,7.58,233.7,-96.707,3879.332,1,1,1
50033933,48709,3,35.00,-35.00,35.08,-32.78,0.615,-0.625,-102553,102567,7.58,229.2,-94.939,3878.381,1,1,1
50043940,48719,3,35.00,-35.00,34.22,-33.06,0.617,-0.624,-102531,102544,7.59,229.2,-93.049,3877.448,1,1,1
50053940,48729,3,35.00,-35.00,32.75,-32.37,0.623,-0.627,-102511,102523,7.57,231.5,-88.415,3876.563,1,1,1
50063948,48739,3,35.00,-35.00,33.03,-31.89,0.621,-0.628,-102488,102502,7.58,232.2,-77.866,3875.782,1,1,1
50073955,48749,3,35.00,-35.00,32.79,-31.99,0.622,-0.628,-102466,102480,7.58,233.7,-68.841,3875.093,1,1,1
50083963,48759,3,35.00,-35.00,33.50,-32.50,0.620,-0.626,-102442,102457,7.58,235.5,-73.354,3874.357,1,1,1
50093970,48769,3,35.00,-35.00,34.88,-33.30,0.615,-0.624,-102416,102433,7.58,234.2,-86.159,3873.494,1,1,1
50103970,48779,3,35.00,-35.00,34.96,-33.41,0.614,-0.624,-102392,102410,7.59,229.0,-98.598,3872.507,1,1,1
50113983,48789,3,35.00,-35.00,35.02,-33.50,0.614,-0.624,-102368,102387,7.58,230.8,-103.963,3871.465,1,1,1
50123998,48799,3,35.00,-35.00,35.94,-33.56,0.611,-0.624,-102342,102364,7.58,228.8,-103.902,3870.425,1,1,1
50134005,48810,3,35.00,-35.00,36.14,-36.23,0.610,-0.615,-102317,102335,7.59,224.0,-103.354,3869.389,1,1,1
50144014,48820,3,35.00,-35.00,34.97,-36.35,0.614,-0.613,-102295,102310,7.59,220.5,-102.683,3868.361,1,1,1
50154014,48830,3,35.00,-35.00,32.39,-36.43,0.624,-0.612,-102277,102285,7.59,223.2,-94.390,3867.415,1,1,1
50164020,48840,3,35.00,-35.00,32.78,-33.41,0.622,-0.623,-102254,102267,7.58,226.5,-80.061,3866.613,1,1,1
50174029,48850,3,35.00,-35.00,33.05,-32.18,0.621,-0.628,-102231,102247,7.58,230.5,-72.988,3865.882,1,1,1
50184036,48860,3,35.00,-35.00,33.24,-32.19,0.620,-0.627,-102208,102225,7.58,232.0,-77.195,3865.108,1,1,1
50194044,48870,3,35.00,-35.00,34.70,-33.52,0.616,-0.624,-102182,102200,7.58,231.2,-85.000,3864.256,1,1,1
50204044,48880,3,35.00,-35.00,36.15,-34.01,0.611,-0.623,-102155,102176,7.58,226.5,-93.841,3863.316,1,1,1
50214044,48890,3,35.00,-35.00,36.73,-34.79,0.608,-0.620,-102129,102151,7.58,225.0,-100.671,3862.308,1,1,1
50224051,48900,3,35.00,-35.00,37.14,-35.78,0.606,-0.617,-102103,102125,7.58,224.5,-99.939,3861.307,1,1,1
50234063,48910,3,35.00,-35.00,36.54,-34.72,0.608,-0.621,-102079,102103,7.57,220.5,-96.159,3860.344,1,1,1
50244075,48920,3,35.00,-35.00,33.05,-35.29,0.620,-0.618,-102062,102078,7.58,220.0,-92.805,3859.414,1,1,1
50254081,48930,3,35.00,-35.00,31.49,-34.37,0.626,-0.620,-102043,102056,7.58,225.5,-83.963,3858.573,1,1,1
50264090,48940,3,35.00,-35.00,29.95,-34.17,0.631,-0.620,-102025,102033,7.58,231.2,-72.500,3857.846,1,1,1
50274105,48950,3,35.00,-35.00,31.51,-35.34,0.627,-0.616,-102001,102007,7.58,232.0,-73.049,3857.114,1,1,1
50284105,48960,3,35.00,-35.00,32.17,-35.73,0.625,-0.614,-101978,101982,7.59,230.8,-83.537,3856.277,1,1,1
50294105,48970,3,35.00,-35.00,33.50,-35.99,0.622,-0.614,-101953,101957,7.58,231.5,-93.537,3855.340,1,1,1
50304105,48980,3,35.00,-35.00,35.76,-36.18,0.614,-0.613,-101925,101932,7.58,228.3,-102.134,3854.317,1,1,1
50314111,48990,3,35.00,-35.00,35.58,-38.07,0.615,-0.606,-101901,101903,7.59,221.0,-109.390,3853.222,1,1,1
50324111,49000,3,35.00,-35.00,35.45,-39.39,0.616,-0.600,-101877,101874,7.59,219.8,-112.378,3852.096,1,1,1
50334120,49010,3,35.00,-35.00,35.36,-38.56,0.616,-0.601,-101853,101849,7.58,217.8,-106.646,3851.028,1,1,1
50344127,49020,3,35.00,-35.00,34.42,-36.66,0.619,-0.607,-101831,101827,7.58,215.5,-93.415,3850.093,1,1,1
50354135,49030,3,35.00,-35.00,34.20,-34.01,0.619,-0.615,-101808,101808,7.59,219.5,-85.183,3849.239,1,1,1
50364142,49040,3,35.00,-35.00,34.05,-33.48,0.619,-0.617,-101785,101786,7.59,227.0,-79.207,3848.445,1,1,1
50374142,49050,3,35.00,-35.00,34.82,-34.86,0.618,-0.613,-101760,101760,7.58,226.3,-79.695,3847.647,1,1,1
50384142,49060,3,35.00,-35.00,34.48,-35.39,0.619,-0.612,-101737,101735,7.58,221.0,-88.293,3846.762,1,1,1
50394142,49070,3,35.00,-35.00,36.88,-36.20,0.610,-0.609,-101708,101709,7.59,222.5,-98.171,3845.779,1,1,1
50404142,49080,3,35.00,-35.00,35.92,-36.32,0.614,-0.609,-101685,101684,7.58,218.2,-104.207,3844.735,1,1,1
50414150,49090,3,35.00,-35.00,36.57,-37.29,0.612,-0.605,-101659,101657,7.57,218.5,-107.195,3843.662,1,1,1
50424157,49100,3,35.00,-35.00,36.59,-37.53,0.611,-0.603,-101634,101631,7.58,216.8,-101.524,3842.645,1,1,1
50434157,49110,3,35.00,-35.00,36.16,-35.94,0.612,-0.608,-101610,101609,7.58,216.5,-92.561,3841.718,1,1,1
50444166,49120,3,35.00,-35.00,36.74,-34.83,0.609,-0.611,-101584,101587,7.59,217.0,-85.549,3840.860,1,1,1
50454172,49130,3,35.00,-35.00,34.94,-34.05,0.615,-0.615,-101563,101565,7.58,214.5,-77.805,3840.081,1,1,1
50464181,49140,3,35.00,-35.00,35.01,-34.82,0.615,-0.612,-101539,101540,7.58,221.5,-76.280,3839.316,1,1,1
50474188,49150,3,35.00,-35.00,35.05,-35.80,0.616,-0.610,-101515,101514,7.57,221.8,-80.854,3838.506,1,1,1
50484196,49160,3,35.00,-35.00,35.96,-36.48,0.613,-0.607,-101489,101488,7.57,220.2,-93.659,3837.568,1,1,1
50494203,49170,3,35.00,-35.00,37.04,-37.84,0.610,-0.603,-101462,101460,7.56,217.8,-107.439,3836.492,1,1,1
50504203,49180,3,35.00,-35.00,38.23,-38.36,0.605,-0.600,-101434,101433,7.57,216.8,-114.817,3835.342,1,1,1
50514218,49190,3,35.00,-35.00,39.51,-38.28,0.600,-0.600,-101405,101407,7.57,211.2,-115.671,3834.184,1,1,1
50524226,49200,3,35.00,-35.00,42.60,-37.78,0.586,-0.601,-101371,101382,7.59,207.0,-111.402,3833.068,1,1,1
50534233,49210,3,35.00,-35.00,41.24,-35.23,0.587,-0.609,-101345,101362,7.59,202.8,-99.695,3832.069,1,1,1
50544233,49220,3,35.00,-35.00,40.30,-33.01,0.589,-0.619,-101319,101343,7.57,208.5,-86.768,3831.200,1,1,1
50554233,49230,3,35.00,-35.00,37.88,-32.34,0.598,-0.624,-101297,101322,7.53,210.2,-72.134,3830.477,1,1,1
50564242,49240,3,35.00,-35.00,34.42,-33.18,0.609,-0.620,-101279,101298,7.55,219.2,-65.793,3829.817,1,1,1
50574256,49250,3,35.00,-35.00,33.32,-34.65,0.614,-0.616,-101258,101272,7.54,218.2,-69.878,3829.117,1,1,1
50584263,49260,3,35.00,-35.00,34.75,-34.80,0.610,-0.616,-101232,101248,7.53,219.0,-76.890,3828.346,1,1,1
50594263,49270,3,35.00,-35.00,35.75,-35.79,0.606,-0.613,-101206,101222,7.54,220.0,-90.244,3827.442,1,1,1
50604272,49280,3,35.00,-35.00,36.89,-36.92,0.602,-0.608,-101179,101195,7.55,216.2,-103.476,3826.406,1,1,1
50614278,49290,3,35.00,-35.00,39.01,-37.27,0.592,-0.606,-101149,101169,7.56,214.0,-105.000,3825.354,1,1,1
50624287,49300,3,35.00,-35.00,38.73,-35.76,0.592,-0.611,-101123,101147,7.56,208.5,-95.427,3824.399,1,1,1
50634287,49310,3,35.00,-35.00,40.30,-33.82,0.587,-0.620,-101093,101127,7.54,210.2,-84.268,3823.554,1,1,1
50644294,49320,3,35.00,-35.00,37.87,-32.46,0.594,-0.625,-101071,101107,7.54,211.5,-75.061,3822.802,1,1,1
50654294,49330,3,35.00,-35.00,35.30,-33.27,0.603,-0.623,-101051,101083,7.53,216.2,-71.585,3822.085,1,1,1
50664302,49340,3,35.00,-35.00,34.82,-34.28,0.604,-0.620,-101028,101058,7.54,219.0,-73.537,3821.348,1,1,1
50674302,49350,3,35.00,-35.00,34.92,-34.54,0.603,-0.618,-101004,101034,7.55,221.0,-81.707,3820.529,1,1,1
50684302,49360,3,35.00,-35.00,36.31,-34.72,0.599,-0.618,-100977,101010,7.54,218.5,-94.756,3819.580,1,1,1
50694309,49370,3,35.00,-35.00,36.84,-35.29,0.596,-0.616,-100951,100985,7.56,217.0,-105.854,3818.520,1,1,1
50704317,49380,3,35.00,-35.00,38.53,-34.81,0.592,-0.620,-100922,100962,7.53,214.0,-109.695,3817.421,1,1,1
50714324,49390,3,35.00,-35.00,40.60,-34.04,0.587,-0.626,-100891,100940,7.51,214.0,-103.659,3816.383,1,1,1
50724324,49400,3,35.00,-35.00,42.48,-33.49,0.581,-0.631,-100859,100918,7.49,212.0,-91.098,3815.470,1,1,1
50734335,49410,3,35.00,-35.00,40.72,-33.55,0.592,-0.637,-100834,100895,7.42,214.8,-83.963,3814.629,1,1,1
50744339,49420,3,35.00,-35.00,39.05,-33.59,0.597,-0.638,-100810,100872,7.42,220.0,-80.671,3813.821,1,1,1
50754339,49430,3,35.00,-35.00,35.69,-34.06,0.612,-0.640,-100791,100848,7.37,216.8,-79.756,3813.021,1,1,1
50764348,49440,3,35.00,-35.00,31.57,-34.39,0.624,-0.636,-100776,100824,7.39,225.0,-80.488,3812.215,1,1,1
50774354,49450,3,35.00,-35.00,30.45,-35.06,0.632,-0.635,-100757,100799,7.36,230.2,-79.207,3811.421,1,1,1
50784363,49460,3,35.00,-35.00,33.18,-35.53,0.625,-0.635,-100730,100774,7.36,232.7,-82.195,3810.598,1,1,1
50794363,49470,3,35.00,-35.00,34.65,-35.86,0.620,-0.634,-100704,100749,7.36,228.5,-91.280,3809.683,1,1,1
50804363,49480,3,35.00,-35.00,35.68,-35.21,0.616,-0.635,-100678,100726,7.37,226.5,-96.463,3808.717,1,1,1
50814363,49490,3,35.00,-35.00,37.72,-35.19,0.608,-0.635,-100649,100702,7.37,224.3,-91.402,3807.801,1,1,1
50824363,49500,3,35.00,-35.00,39.15,-34.30,0.601,-0.639,-100620,100680,7.38,220.0,-82.561,3806.974,1,1,1
50834363,49510,3,35.00,-35.00,37.95,-33.68,0.606,-0.644,-100596,100658,7.35,219.8,-76.280,3806.209,1,1,1
50844372,49520,3,35.00,-35.00,34.48,-34.56,0.619,-0.641,-100578,100633,7.34,222.8,-73.902,3805.469,1,1,1
50854378,49530,3,35.00,-35.00,33.36,-35.62,0.623,-0.636,-100557,100607,7.34,228.0,-75.793,3804.709,1,1,1
50864385,49540,3,35.00,-35.00,32.58,-35.92,0.626,-0.634,-100536,100582,7.35,226.5,-79.573,3803.912,1,1,1
50874385,49550,3,35.00,-35.00,33.79,-35.69,0.621,-0.634,-100511,100558,7.36,228.8,-89.573,3803.014,1,1,1
50884385,49560,3,35.00,-35.00,35.52,-37.29,0.617,-0.629,-100484,100530,7.35,224.8,-100.122,3802.011,1,1,1
50894385,49570,3,35.00,-35.00,36.29,-36.21,0.614,-0.633,-100458,100507,7.35,219.5,-102.134,3800.989,1,1,1
50904393,49580,3,35.00,-35.00,36.39,-35.45,0.612,-0.634,-100433,100484,7.36,221.8,-96.280,3800.024,1,1,1
50914400,49590,3,35.00,-35.00,38.22,-35.36,0.606,-0.637,-100404,100460,7.35,223.5,-88.415,3799.138,1,1,1
50924408,49600,3,35.00,-35.00,39.94,-34.86,0.601,-0.640,-100374,100437,7.34,219.2,-88.415,3798.253,1,1,1
50934408,49610,3,35.00,-35.00,39.38,-35.39,0.603,-0.639,-100348,100412,7.33,217.2,-84.634,3797.405,1,1,1
50944415,49620,3,35.00,-35.00,37.67,-36.20,0.608,-0.635,-100325,100386,7.34,221.0,-88.780,3796.515,1,1,1
50954423,49630,3,35.00,-35.00,34.72,-36.77,0.618,-0.632,-100306,100360,7.34,221.0,-91.220,3795.602,1,1,1
50964424,49640,3,35.00,-35.00,31.34,-36.72,0.631,-0.631,-100290,100335,7.34,222.5,-90.488,3794.695,1,1,1
50974430,49650,3,35.00,-35.00,31.60,-36.69,0.630,-0.628,-100268,100310,7.35,229.0,-86.829,3793.825,1,1,1
50984430,49660,3,35.00,-35.00,33.99,-37.55,0.623,-0.625,-100241,100283,7.36,225.0,-85.000,3792.974,1,1,1
50994439,49670,3,35.00,-35.00,34.78,-37.27,0.621,-0.626,-100216,100258,7.35,221.2,-93.841,3792.034,1,1,1
51004445,49680,3,35.00,-35.00,36.21,-36.20,0.616,-0.629,-100189,100235,7.35,221.2,-104.268,3790.989,1,1,1
51014454,49690,3,35.00,-35.00,38.09,-35.01,0.608,-0.633,-100160,100213,7.35,220.0,-103.902,3789.948,1,1,1
51024460,49700,3,35.00,-35.00,39.41,-34.61,0.602,-0.635,-100131,100190,7.36,219.2,-97.073,3788.976,1,1,1
51034469,49710,3,35.00,-35.00,38.13,-35.21,0.606,-0.634,-100107,100165,7.35,216.5,-94.085,3788.034,1,1,1
51044475,49720,3,35.00,-35.00,35.92,-36.52,0.613,-0.628,-100086,100138,7.36,219.0,-96.098,3787.071,1,1,1
51054476,49730,3,35.00,-35.00,32.62,-36.55,0.625,-0.626,-100069,100113,7.36,216.8,-95.061,3786.119,1,1,1
51064484,49740,3,35.00,-35.00,32.50,-37.01,0.627,-0.625,-100047,100087,7.35,221.5,-91.341,3785.204,1,1,1
51074493,49750,3,35.00,-35.00,33.30,-37.33,0.626,-0.623,-100023,100061,7.34,223.5,-86.646,3784.336,1,1,1
51084493,49760,3,35.00,-35.00,34.73,-37.56,0.621,-0.621,-99997,100035,7.35,224.0,-90.488,3783.429,1,1,1
51094493,49770,3,35.00,-35.00,35.74,-37.28,0.618,-0.622,-99971,100010,7.35,218.8,-101.646,3782.411,1,1,1
51104500,49780,3,35.00,-35.00,38.20,-35.76,0.608,-0.628,-99941,99988,7.35,217.5,-105.549,3781.354,1,1,1
51114508,49790,3,35.00,-35.00,39.05,-34.70,0.603,-0.631,-99913,99966,7.36,217.0,-100.122,3780.351,1,1,1
51124508,49800,3,35.00,-35.00,37.88,-35.28,0.607,-0.629,-99889,99941,7.36,215.2,-94.817,3779.401,1,1,1
51134515,49810,3,35.00,-35.00,34.43,-36.56,0.619,-0.624,-99871,99914,7.36,219.0,-94.512,3778.455,1,1,1
51144524,49820,3,35.00,-35.00,32.01,-37.46,0.631,-0.623,-99853,99887,7.33,220.2,-92.561,3777.527,1,1,1
51154530,49830,3,35.00,-35.00,32.07,-38.08,0.632,-0.619,-99831,99860,7.34,224.5,-90.671,3776.619,1,1,1
51164530,49840,3,35.00,-35.00,31.68,-39.40,0.645,-0.625,-99810,99831,7.21,216.8,-88.171,3775.736,1,1,1
51174530,49850,3,35.00,-35.00,32.28,-39.89,0.635,-0.613,-99787,99803,7.33,232.5,-89.939,3774.834,1,1,1
51184539,49860,3,35.00,-35.00,34.02,-38.47,0.629,-0.617,-99761,99779,7.34,222.5,-93.780,3773.895,1,1,1
51194545,49870,3,35.00,-35.00,35.68,-35.28,0.623,-0.628,-99734,99760,7.33,219.2,-95.183,3772.942,1,1,1
51204554,49880,3,35.00,-35.00,37.72,-34.36,0.615,-0.631,-99705,99738,7.34,221.8,-92.744,3772.013,1,1,1
51214561,49890,3,35.00,-35.00,39.15,-35.04,0.609,-0.629,-99676,99713,7.34,222.5,-87.927,3771.132,1,1,1
51224561,49900,3,35.00,-35.00,38.83,-35.95,0.609,-0.627,-99650,99687,7.34,216.5,-89.207,3770.238,1,1,1
51234576,49910,3,35.00,-35.00,36.41,-36.59,0.617,-0.625,-99629,99661,7.33,215.2,-95.732,3769.279,1,1,1
51244584,49920,3,35.00,-35.00,33.40,-37.04,0.628,-0.623,-99611,99635,7.32,216.2,-96.951,3768.308,1,1,1
51254584,49930,3,35.00,-35.00,31.29,-38.23,0.636,-0.617,-99593,99607,7.34,222.8,-91.951,3767.387,1,1,1
51264584,49940,3,35.00,-35.00,31.13,-39.51,0.639,-0.612,-99572,99578,7.34,223.5,-86.220,3766.523,1,1,1
51274584,49950,3,35.00,-35.00,32.78,-39.08,0.636,-0.615,-99547,99552,7.32,223.0,-82.866,3765.693,1,1,1
51284584,49960,3,35.00,-35.00,34.37,-37.46,0.631,-0.620,-99521,99529,7.32,222.2,-87.683,3764.814,1,1,1
51294591,49970,3,35.00,-35.00,34.61,-34.57,0.629,-0.629,-99497,99510,7.32,221.5,-95.061,3763.862,1,1,1
51304599,49980,3,35.00,-35.00,36.97,-33.87,0.623,-0.634,-99468,99488,7.30,223.0,-96.037,3762.900,1,1,1
51314599,49990,3,35.00,-35.00,38.18,-34.70,0.617,-0.632,-99440,99463,7.30,227.5,-92.012,3761.978,1,1,1
51324606,50000,3,35.00,-35.00,38.15,-35.71,0.617,-0.629,-99414,99437,7.29,220.8,-95.793,3761.019,1,1,1
51334615,50010,3,35.00,-35.00,36.81,-35.55,0.622,-0.630,-99391,99413,7.29,218.2,-102.805,3759.989,1,1,1
51344615,50020,3,35.00,-35.00,35.44,-36.75,0.630,-0.629,-99369,99386,7.25,219.5,-103.049,3758.957,1,1,1
51354621,50030,3,35.00,-35.00,30.96,-37.59,0.643,-0.622,-99355,99359,7.28,224.8,-95.549,3758.000,1,1,1
51364630,50040,3,35.00,-35.00,31.34,-38.18,0.644,-0.619,-99333,99332,7.28,226.8,-86.402,3757.134,1,1,1
51374636,50050,3,35.00,-35.00,28.09,-36.39,0.657,-0.624,-99319,99310,7.28,224.8,-76.098,3756.371,1,1,1
51384645,50060,3,35.00,-35.00,19.66,-35.14,0.690,-0.625,-99319,99288,7.27,236.0,-78.841,3755.581,1,1,1
51394645,50070,3,35.00,-35.00,13.76,-33.83,0.718,-0.629,-99319,99267,7.24,256.0,-85.061,3754.729,1,1,1
51404645,50080,3,35.00,-35.00,9.63,-34.23,0.736,-0.626,-99319,99243,7.22,276.8,-90.488,3753.823,1,1,1
51414652,50090,3,35.00,-35.00,7.18,-34.94,0.744,-0.617,-99318,99218,7.25,296.2,-96.951,3752.851,1,1,1
51424652,50100,3,35.00,-35.00,5.03,-35.45,0.753,-0.611,-99318,99193,7.26,297.8,-103.171,3751.818,1,1,1
51434660,50110,3,35.00,-35.00,3.52,-35.80,0.761,-0.605,-99318,99168,7.27,303.0,-107.683,3750.740,1,1,1
51444667,50120,3,35.00,-35.00,2.90,-36.49,0.766,-0.599,-99317,99142,7.27,307.8,-106.524,3749.673,1,1,1
51454667,50130,3,35.00,-35.00,15.22,-38.28,0.729,-0.594,-99287,99113,7.27,307.8,-104.329,3748.628,1,1,1
51464667,50140,3,35.00,-35.00,24.27,-37.79,0.703,-0.599,-99256,99088,7.24,265.2,-103.963,3747.586,1,1,1
51474667,50150,3,35.00,-35.00,30.62,-35.68,0.680,-0.603,-99225,99067,7.28,248.0,-104.634,3746.538,1,1,1
51484675,50160,3,35.00,-35.00,35.49,-32.01,0.665,-0.620,-99193,99051,7.25,230.2,-104.085,3745.496,1,1,1
51494675,50170,3,35.00,-35.00,40.23,-30.75,0.648,-0.628,-99158,99032,7.24,228.0,-101.280,3744.481,1,1,1
51504682,50180,3,35.00,-35.00,42.66,-31.64,0.639,-0.629,-99125,99009,7.23,222.5,-99.329,3743.487,1,1,1
51514690,50190,3,35.00,-35.00,42.61,-32.69,0.634,-0.625,-99096,98985,7.25,221.8,-103.902,3742.446,1,1,1
51524697,50200,3,35.00,-35.00,40.81,-32.99,0.633,-0.621,-99071,98962,7.30,219.5,-104.085,3741.403,1,1,1
51534697,50210,3,35.00,-35.00,40.87,-33.64,0.630,-0.619,-99043,98938,7.31,217.0,-102.012,3740.382,1,1,1
51544697,50220,3,35.00,-35.00,42.67,-35.41,0.618,-0.610,-99011,98911,7.36,217.0,-100.366,3739.376,1,1,1
51554697,50230,3,35.00,-35.00,43.49,-36.22,0.618,-0.614,-98980,98885,7.29,206.0,-105.732,3738.317,1,1,1
51564697,50240,3,35.00,-35.00,44.07,-35.46,0.613,-0.615,-98949,98862,7.31,208.2,-108.415,3737.232,1,1,1
51574705,50250,3,35.00,-35.00,45.35,-34.49,0.607,-0.619,-98916,98840,7.32,209.5,-103.476,3736.195,1,1,1
51584706,50260,3,35.00,-35.00,43.61,-33.37,0.610,-0.623,-98889,98819,7.34,206.5,-100.366,3735.190,1,1,1
51594712,50270,3,35.00,-35.00,43.27,-32.15,0.611,-0.629,-98860,98799,7.32,209.0,-93.537,3734.253,1,1,1
51604721,50280,3,35.00,-35.00,42.16,-32.61,0.613,-0.629,-98833,98776,7.33,213.0,-83.049,3733.421,1,1,1
51614727,50290,3,35.00,-35.00,42.25,-33.37,0.612,-0.628,-98804,98752,7.33,214.5,-78.354,3732.636,1,1,1
51624736,50300,3,35.00,-35.00,43.20,-33.47,0.607,-0.628,-98773,98729,7.34,212.8,-85.061,3731.783,1,1,1
51634743,50310,3,35.00,-35.00,42.98,-33.54,0.606,-0.629,-98744,98706,7.35,211.2,-97.012,3730.812,1,1,1
51644751,50320,3,35.00,-35.00,44.15,-33.58,0.602,-0.631,-98712,98683,7.34,213.2,-102.561,3729.784,1,1,1
51654751,50330,3,35.00,-35.00,45.41,-34.49,0.597,-0.629,-98679,98658,7.34,212.8,-99.634,3728.786,1,1,1
51664758,50340,3,35.00,-35.00,43.21,-33.81,0.603,-0.632,-98653,98636,7.34,209.0,-98.354,3727.801,1,1,1
51674766,50350,3,35.00,-35.00,40.79,-33.78,0.610,-0.633,-98629,98613,7.34,212.5,-94.756,3726.852,1,1,1
51684773,50360,3,35.00,-35.00,38.66,-33.75,0.617,-0.634,-98606,98590,7.33,219.0,-88.232,3725.968,1,1,1
51694782,50370,3,35.00,-35.00,38.93,-33.73,0.616,-0.635,-98579,98567,7.33,218.5,-86.402,3725.102,1,1,1
51704788,50380,3,35.00,-35.00,39.12,-34.60,0.615,-0.633,-98552,98542,7.33,220.5,-95.915,3724.142,1,1,1
51714797,50390,3,35.00,-35.00,40.56,-34.33,0.609,-0.634,-98522,98519,7.34,220.2,-108.598,3723.054,1,1,1
51724803,50400,3,35.00,-35.00,41.14,-34.58,0.606,-0.634,-98493,98495,7.34,216.5,-112.927,3721.923,1,1,1
51734812,50410,3,35.00,-35.00,42.86,-35.63,0.603,-0.634,-98461,98469,7.31,214.8,-110.976,3720.812,1,1,1
51744825,50420,3,35.00,-35.00,42.31,-35.93,0.607,-0.636,-98433,98444,7.28,215.5,-105.976,3719.750,1,1,1
51754827,50430,3,35.00,-35.00,40.60,-34.38,0.607,-0.637,-98408,98423,7.33,216.8,-96.341,3718.785,1,1,1
51764834,50440,3,35.00,-35.00,36.77,-33.73,0.620,-0.641,-98389,98401,7.31,216.2,-81.463,3717.969,1,1,1
51774842,50450,3,35.00,-35.00,37.17,-33.72,0.619,-0.641,-98363,98378,7.31,224.0,-71.707,3717.250,1,1,1
51784842,50460,3,35.00,-35.00,37.44,-34.15,0.617,-0.640,-98337,98354,7.32,225.5,-78.415,3716.465,1,1,1
51794842,50470,3,35.00,-35.00,38.51,-34.89,0.613,-0.638,-98309,98329,7.32,222.2,-98.841,3715.475,1,1,1
51804842,50480,3,35.00,-35.00,39.70,-34.97,0.609,-0.639,-98280,98305,7.32,220.0,-115.610,3714.317,1,1,1
51814842,50490,3,35.00,-35.00,40.98,-35.03,0.605,-0.640,-98250,98281,7.31,221.2,-118.963,3713.126,1,1,1
51824842,50500,3,35.00,-35.00,40.55,-35.07,0.605,-0.640,-98223,98257,7.32,218.8,-115.976,3711.964,1,1,1
51834849,50510,3,35.00,-35.00,39.37,-38.17,0.611,-0.630,-98198,98226,7.30,216.2,-107.378,3710.889,1,1,1
51844853,50520,3,35.00,-35.00,35.47,-36.83,0.624,-0.634,-98180,98203,7.30,214.0,-87.500,3710.012,1,1,1
51854857,50530,3,35.00,-35.00,34.94,-35.89,0.626,-0.637,-98157,98180,7.29,222.2,-73.537,3709.275,1,1,1
51864864,50540,3,35.00,-35.00,35.00,-33.47,0.626,-0.645,-98133,98161,7.29,223.5,-73.902,3708.534,1,1,1
51874864,50550,3,35.00,-35.00,35.49,-33.98,0.624,-0.644,-98108,98137,7.29,229.8,-73.902,3707.794,1,1,1
51884872,50560,3,35.00,-35.00,37.59,-35.21,0.619,-0.643,-98079,98111,7.26,227.3,-84.024,3706.952,1,1,1
51894879,50570,3,35.00,-35.00,38.18,-35.63,0.622,-0.647,-98052,98086,7.21,220.8,-97.927,3705.971,1,1,1
51904879,50580,3,35.00,-35.00,39.47,-35.93,0.606,-0.635,-98023,98061,7.34,230.5,-108.293,3704.886,1,1,1
51914888,50590,3,35.00,-35.00,38.61,-37.45,0.610,-0.631,-97998,98033,7.32,218.2,-107.805,3703.807,1,1,1
51924894,50600,3,35.00,-35.00,37.14,-35.89,0.616,-0.636,-97975,98011,7.31,214.8,-101.890,3702.786,1,1,1
51934894,50610,3,35.00,-35.00,33.47,-36.55,0.631,-0.635,-97958,97985,7.28,219.0,-94.573,3701.839,1,1,1
51944894,50620,3,35.00,-35.00,32.22,-35.25,0.634,-0.637,-97938,97963,7.30,227.5,-82.317,3701.014,1,1,1
51954903,50630,3,35.00,-35.00,30.90,-35.66,0.640,-0.635,-97919,97938,7.30,230.0,-69.878,3700.314,1,1,1
51964910,50640,3,35.00,-35.00,32.62,-36.39,0.635,-0.632,-97894,97912,7.30,232.0,-72.988,3699.583,1,1,1
51974910,50650,3,35.00,-35.00,33.38,-36.90,0.634,-0.630,-97870,97886,7.30,229.2,-84.939,3698.731,1,1,1
51984910,50660,3,35.00,-35.00,34.79,-37.25,0.632,-0.630,-97844,97860,7.28,228.5,-94.878,3697.781,1,1,1
51994910,50670,3,35.00,-35.00,37.10,-37.94,0.625,-0.629,-97815,97833,7.27,225.8,-103.720,3696.742,1,1,1
52004910,50680,3,35.00,-35.00,36.08,-40.62,0.629,-0.617,-97792,97801,7.27,222.2,-112.561,3695.615,1,1,1
52014910,50690,3,35.00,-35.00,37.12,-40.30,0.624,-0.616,-97765,97774,7.28,218.8,-114.390,3694.469,1,1,1
52024910,50700,3,35.00,-35.00,36.09,-39.64,0.632,-0.621,-97742,97748,7.23,212.8,-105.915,3693.409,1,1,1
52034918,50710,3,35.00,-35.00,34.49,-36.53,0.633,-0.626,-97721,97728,7.27,218.5,-92.744,3692.480,1,1,1
52044925,50720,3,35.00,-35.00,34.69,-34.36,0.623,-0.625,-97697,97708,7.37,226.8,-83.902,3691.639,1,1,1
52054925,50730,3,35.00,-35.00,34.39,-34.60,0.625,-0.625,-97674,97684,7.36,221.5,-77.378,3690.864,1,1,1
52064925,50740,3,35.00,-35.00,34.62,-36.09,0.626,-0.621,-97650,97657,7.35,220.8,-79.573,3690.066,1,1,1
52074925,50750,3,35.00,-35.00,36.10,-36.69,0.622,-0.619,-97623,97631,7.35,220.0,-88.659,3689.178,1,1,1
52084925,50760,3,35.00,-35.00,36.26,-37.11,0.624,-0.621,-97598,97605,7.31,215.2,-98.780,3688.189,1,1,1
52094933,50770,3,35.00,-35.00,37.24,-37.84,0.621,-0.619,-97571,97578,7.30,217.2,-105.549,3687.132,1,1,1
52104933,50780,3,35.00,-35.00,36.62,-37.91,0.626,-0.622,-97547,97552,7.27,214.8,-106.768,3686.062,1,1,1
52114933,50790,3,35.00,-35.00,37.06,-37.53,0.623,-0.622,-97521,97527,7.28,217.8,-98.232,3685.078,1,1,1
52124933,50800,3,35.00,-35.00,36.93,-35.94,0.624,-0.628,-97496,97505,7.27,215.2,-90.671,3684.170,1,1,1
52134933,50810,3,35.00,-35.00,36.40,-35.26,0.629,-0.634,-97472,97482,7.23,216.2,-84.878,3683.320,1,1,1
52144933,50820,3,35.00,-35.00,35.15,-35.67,0.634,-0.633,-97450,97457,7.22,221.5,-80.000,3682.518,1,1,1
52154933,50830,3,35.00,-35.00,34.71,-35.96,0.635,-0.631,-97427,97432,7.23,226.3,-80.671,3681.710,1,1,1
52164933,50840,3,35.00,-35.00,35.72,-37.03,0.632,-0.627,-97401,97405,7.23,224.8,-86.890,3680.839,1,1,1
52174933,50850,3,35.00,-35.00,36.43,-37.79,0.628,-0.623,-97375,97378,7.25,221.5,-100.122,3679.836,1,1,1
52184933,50860,3,35.00,-35.00,37.81,-39.20,0.624,-0.619,-97347,97349,7.25,221.0,-111.098,3678.724,1,1,1
52194933,50870,3,35.00,-35.00,39.21,-39.30,0.618,-0.618,-97318,97322,7.27,215.5,-117.073,3677.551,1,1,1
52204933,50880,3,35.00,-35.00,41.07,-38.50,0.612,-0.622,-97287,97297,7.26,211.2,-117.073,3676.379,1,1,1
52214933,50890,3,35.00,-35.00,43.25,-37.50,0.604,-0.626,-97254,97273,7.26,210.5,-109.939,3675.278,1,1,1
52224940,50900,3,35.00,-35.00,41.26,-34.60,0.609,-0.636,-97229,97254,7.26,208.7,-97.134,3674.305,1,1,1
52234940,50910,3,35.00,-35.00,39.87,-33.45,0.614,-0.641,-97204,97233,7.25,216.0,-83.171,3673.472,1,1,1
52244940,50920,3,35.00,-35.00,35.82,-33.52,0.627,-0.640,-97186,97210,7.25,221.0,-69.512,3672.775,1,1,1
52254948,50930,3,35.00,-35.00,33.42,-34.89,0.626,-0.626,-97167,97184,7.36,230.0,-67.317,3672.100,1,1,1
52264955,50940,3,35.00,-35.00,34.82,-35.85,0.622,-0.623,-97141,97158,7.36,220.8,-71.890,3671.380,1,1,1
52274955,50950,3,35.00,-35.00,36.24,-36.52,0.616,-0.620,-97114,97132,7.37,219.5,-82.256,3670.555,1,1,1
52284963,50960,3,35.00,-35.00,36.79,-36.99,0.616,-0.620,-97088,97106,7.35,215.8,-97.134,3669.583,1,1,1
52294964,50970,3,35.00,-35.00,37.62,-38.20,0.614,-0.616,-97061,97078,7.35,215.0,-104.390,3668.537,1,1,1
52304970,50980,3,35.00,-35.00,39.52,-36.85,0.609,-0.623,-97031,97055,7.33,211.8,-101.220,3667.523,1,1,1
52314979,50990,3,35.00,-35.00,40.41,-34.58,0.606,-0.633,-97002,97035,7.31,213.8,-90.915,3666.612,1,1,1
52324990,51000,3,35.00,-35.00,38.83,-33.87,0.609,-0.634,-96978,97013,7.33,216.2,-81.159,3665.799,1,1,1
52334990,51010,3,35.00,-35.00,36.41,-34.26,0.618,-0.634,-96957,96989,7.32,217.8,-75.244,3665.045,1,1,1
52345001,51021,3,35.00,-35.00,36.03,-34.97,0.624,-0.636,-96933,96964,7.26,219.2,-74.939,3664.294,1,1,1
52355005,51031,3,35.00,-35.00,36.21,-35.46,0.621,-0.632,-96908,96939,7.29,225.0,-81.037,3663.482,1,1,1
52365014,51041,3,35.00,-35.00,37.21,-35.81,0.615,-0.628,-96881,96914,7.32,221.2,-93.720,3662.543,1,1,1
52375020,51051,3,35.00,-35.00,37.91,-36.05,0.615,-0.629,-96854,96889,7.30,217.8,-105.427,3661.487,1,1,1
52385029,51061,3,35.00,-35.00,38.84,-36.22,0.612,-0.630,-96826,96864,7.30,218.8,-110.976,3660.376,1,1,1
52395036,51071,3,35.00,-35.00,39.94,-35.02,0.608,-0.635,-96797,96842,7.29,214.8,-108.049,3659.294,1,1,1
52405036,51081,3,35.00,-35.00,43.34,-34.19,0.595,-0.639,-96762,96820,7.30,216.2,-96.768,3658.324,1,1,1
52415036,51091,3,35.00,-35.00,42.20,-34.48,0.598,-0.638,-96735,96796,7.30,215.5,-87.683,3657.446,1,1,1
52425036,51101,3,35.00,-35.00,40.09,-34.24,0.604,-0.640,-96711,96773,7.29,215.2,-84.817,3656.596,1,1,1
52435036,51111,3,35.00,-35.00,36.41,-34.52,0.617,-0.639,-96692,96749,7.28,216.5,-83.598,3655.759,1,1,1
52445036,51121,3,35.00,-35.00,32.08,-35.59,0.632,-0.634,-96677,96723,7.29,223.2,-83.841,3654.918,1,1,1
52455044,51131,3,35.00,-35.00,32.12,-35.90,0.634,-0.633,-96655,96698,7.28,224.5,-82.012,3654.097,1,1,1
52465051,51141,3,35.00,-35.00,33.47,-36.11,0.631,-0.633,-96630,96673,7.27,227.3,-83.354,3653.261,1,1,1
52475051,51151,3,35.00,-35.00,35.30,-36.27,0.625,-0.632,-96603,96648,7.28,225.5,-92.927,3652.331,1,1,1
52485051,51161,3,35.00,-35.00,37.45,-36.37,0.617,-0.632,-96574,96623,7.28,221.8,-100.000,3651.329,1,1,1
52495051,51171,3,35.00,-35.00,39.40,-36.45,0.610,-0.633,-96544,96598,7.27,217.8,-95.061,3650.377,1,1,1
52505059,51181,3,35.00,-35.00,40.32,-34.74,0.605,-0.639,-96515,96577,7.28,215.8,-86.402,3649.511,1,1,1
52515059,51191,3,35.00,-35.00,38.33,-34.43,0.611,-0.641,-96492,96554,7.27,217.0,-79.695,3648.712,1,1,1
52525066,51201,3,35.00,-35.00,36.06,-34.65,0.618,-0.639,-96471,96530,7.28,220.0,-75.244,3647.958,1,1,1
52535074,51211,3,35.00,-35.00,33.59,-35.24,0.630,-0.640,-96452,96505,7.24,220.0,-75.610,3647.200,1,1,1
52545081,51221,3,35.00,-35.00,33.18,-35.65,0.634,-0.640,-96430,96480,7.22,225.3,-78.963,3646.409,1,1,1
52555081,51231,3,35.00,-35.00,34.65,-36.82,0.630,-0.636,-96404,96453,7.22,229.0,-88.110,3645.526,1,1,1
52565081,51241,3,35.00,-35.00,35.68,-37.64,0.629,-0.635,-96378,96426,7.20,223.5,-99.573,3644.529,1,1,1
52575081,51251,3,35.00,-35.00,36.40,-37.33,0.627,-0.637,-96352,96401,7.19,221.5,-102.683,3643.500,1,1,1
52585090,51261,3,35.00,-35.00,36.47,-35.80,0.620,-0.636,-96327,96379,7.26,222.8,-97.866,3642.520,1,1,1
52595090,51271,3,35.00,-35.00,39.15,-34.73,0.610,-0.640,-96296,96357,7.26,219.0,-89.573,3641.623,1,1,1
52605096,51281,3,35.00,-35.00,40.15,-34.42,0.604,-0.640,-96267,96334,7.29,221.0,-85.854,3640.763,1,1,1
52615105,51291,3,35.00,-35.00,39.09,-35.08,0.607,-0.638,-96242,96309,7.29,220.5,-91.280,3639.848,1,1,1
52625105,51301,3,35.00,-35.00,35.71,-36.42,0.614,-0.629,-96223,96282,7.34,220.8,-96.646,3638.880,1,1,1
52635111,51311,3,35.00,-35.00,32.91,-37.36,0.626,-0.626,-96205,96255,7.32,216.2,-98.902,3637.889,1,1,1
52645112,51321,3,35.00,-35.00,33.58,-38.46,0.623,-0.621,-96181,96227,7.34,220.2,-96.159,3636.926,1,1,1
52655127,51331,3,35.00,-35.00,34.93,-40.10,0.620,-0.615,-96155,96197,7.34,219.5,-97.744,3635.947,1,1,1
52665127,51341,3,35.00,-35.00,35.00,-39.50,0.619,-0.616,-96131,96171,7.35,216.0,-108.171,3634.864,1,1,1
52675135,51351,3,35.00,-35.00,35.93,-38.20,0.615,-0.619,-96105,96147,7.36,213.2,-109.573,3633.767,1,1,1
52685142,51361,3,35.00,-35.00,38.33,-35.09,0.606,-0.630,-96075,96128,7.36,214.0,-99.939,3632.766,1,1,1
52695142,51371,3,35.00,-35.00,40.02,-32.91,0.599,-0.639,-96045,96109,7.36,216.5,-91.707,3631.847,1,1,1
52705150,51381,3,35.00,-35.00,39.00,-32.71,0.602,-0.641,-96020,96087,7.35,216.0,-88.171,3630.964,1,1,1
52715157,51391,3,35.00,-35.00,36.97,-34.32,0.609,-0.636,-95998,96061,7.35,222.0,-86.585,3630.096,1,1,1
52725165,51401,3,35.00,-35.00,33.79,-35.45,0.620,-0.631,-95980,96035,7.35,221.5,-85.976,3629.235,1,1,1
52735172,51411,3,35.00,-35.00,32.44,-35.80,0.626,-0.630,-95960,96010,7.34,221.2,-85.427,3628.379,1,1,1
52745178,51421,3,35.00,-35.00,32.82,-36.93,0.628,-0.628,-95937,95983,7.32,222.5,-85.915,3627.518,1,1,1
52755181,51431,3,35.00,-35.00,34.40,-37.27,0.621,-0.623,-95911,95957,7.35,224.3,-96.159,3626.555,1,1,1
52765188,51441,3,35.00,-35.00,35.06,-38.84,0.619,-0.617,-95886,95928,7.36,217.5,-106.524,3625.488,1,1,1
52775196,51451,3,35.00,-35.00,36.41,-37.29,0.613,-0.622,-95859,95905,7.37,214.5,-105.732,3624.429,1,1,1
52785202,51461,3,35.00,-35.00,38.67,-35.77,0.604,-0.628,-95829,95883,7.36,216.5,-99.451,3623.433,1,1,1
52795211,51471,3,35.00,-35.00,38.06,-34.71,0.605,-0.631,-95804,95861,7.37,215.0,-93.537,3622.496,1,1,1
52805211,51481,3,35.00,-35.00,35.87,-35.28,0.611,-0.628,-95783,95836,7.38,214.2,-93.537,3621.559,1,1,1
52815218,51491,3,35.00,-35.00,33.02,-36.56,0.623,-0.624,-95765,95809,7.37,218.0,-89.207,3620.665,1,1,1
52825218,51501,3,35.00,-35.00,31.90,-37.46,0.628,-0.620,-95745,95782,7.37,220.2,-85.793,3619.806,1,1,1
52835218,51511,3,35.00,-35.00,32.88,-38.97,0.627,-0.615,-95721,95753,7.36,221.2,-86.524,3618.939,1,1,1
52845230,51521,3,35.00,-35.00,33.56,-39.58,0.628,-0.615,-95697,95725,7.34,218.5,-92.622,3618.011,1,1,1
52855233,51531,3,35.00,-35.00,34.04,-40.01,0.624,-0.610,-95673,95697,7.37,220.2,-100.549,3617.004,1,1,1
52865241,51541,3,35.00,-35.00,35.25,-38.12,0.620,-0.616,-95647,95674,7.38,218.8,-101.585,3615.986,1,1,1
52875248,51551,3,35.00,-35.00,36.98,-35.47,0.612,-0.624,-95619,95654,7.38,215.8,-97.012,3615.015,1,1,1
52885248,51561,3,35.00,-35.00,36.87,-34.50,0.612,-0.628,-95594,95632,7.38,219.0,-91.159,3614.101,1,1,1
52895248,51571,3,35.00,-35.00,38.56,-34.69,0.605,-0.628,-95565,95608,7.38,218.5,-85.976,3613.240,1,1,1
52905248,51581,3,35.00,-35.00,36.22,-36.15,0.613,-0.623,-95544,95581,7.38,215.5,-86.402,3612.374,1,1,1
52915248,51591,3,35.00,-35.00,32.82,-36.73,0.624,-0.619,-95527,95555,7.39,216.2,-91.768,3611.455,1,1,1
52925256,51601,3,35.00,-35.00,31.33,-37.58,0.632,-0.616,-95508,95528,7.38,219.0,-91.280,3610.540,1,1,1
52935263,51611,3,35.00,-35.00,31.16,-39.05,0.636,-0.612,-95487,95499,7.36,221.8,-86.341,3609.675,1,1,1
52945263,51621,3,35.00,-35.00,32.36,-39.64,0.633,-0.609,-95463,95471,7.36,221.2,-84.817,3608.825,1,1,1
52955263,51631,3,35.00,-35.00,33.64,-39.61,0.629,-0.609,-95438,95444,7.37,221.0,-91.951,3607.904,1,1,1
52965272,51641,3,35.00,-35.00,34.09,-36.52,0.627,-0.618,-95414,95424,7.38,218.8,-98.171,3606.921,1,1,1
52975272,51651,3,35.00,-35.00,36.17,-33.91,0.620,-0.628,-95386,95405,7.37,220.2,-98.659,3605.933,1,1,1
52985278,51661,3,35.00,-35.00,37.18,-33.85,0.615,-0.629,-95359,95382,7.37,220.5,-92.988,3605.001,1,1,1
52995279,51671,3,35.00,-35.00,37.45,-35.56,0.615,-0.624,-95333,95355,7.36,220.0,-88.354,3604.116,1,1,1
53005294,51681,3,35.00,-35.00,37.20,-35.88,0.615,-0.623,-95308,95330,7.36,217.5,-94.085,3603.174,1,1,1
53015294,51691,3,35.00,-35.00,35.27,-36.54,0.621,-0.619,-95287,95304,7.37,216.8,-101.829,3602.154,1,1,1
53025302,51701,3,35.00,-35.00,33.48,-37.88,0.629,-0.615,-95267,95276,7.36,218.5,-104.756,3601.104,1,1,1
53035302,51711,3,35.00,-35.00,30.91,-38.82,0.639,-0.610,-95250,95248,7.36,219.0,-98.841,3600.114,1,1,1
53045309,51721,3,35.00,-35.00,31.74,-39.04,0.638,-0.609,-95227,95221,7.36,219.8,-88.902,3599.224,1,1,1
53055317,51731,3,35.00,-35.00,23.98,-35.68,0.666,-0.617,-95223,95202,7.36,221.0,-79.268,3598.429,1,1,1
53065324,51741,3,35.00,-35.00,16.78,-34.20,0.698,-0.621,-95223,95181,7.33,238.2,-82.927,3597.598,1,1,1
53075332,51751,3,35.00,-35.00,11.75,-33.61,0.721,-0.623,-95223,95159,7.30,263.5,-87.134,3596.725,1,1,1
53085339,51761,3,35.00,-35.00,8.22,-33.63,0.740,-0.625,-95223,95136,7.23,281.0,-90.610,3595.818,1,1,1
53095348,51771,3,35.00,-35.00,6.20,-34.97,0.750,-0.617,-95222,95110,7.24,300.0,-94.329,3594.873,1,1,1
53105348,51781,3,35.00,-35.00,4.34,-35.03,0.758,-0.612,-95222,95086,7.25,302.0,-100.488,3593.866,1,1,1
53115348,51791,3,35.00,-35.00,3.04,-35.94,0.766,-0.606,-95222,95060,7.25,307.8,-106.341,3592.801,1,1,1
53125354,51801,3,35.00,-35.00,5.64,-37.03,0.758,-0.596,-95214,95033,7.28,312.8,-105.183,3591.748,1,1,1
53135363,51811,3,35.00,-35.00,18.45,-38.22,0.716,-0.591,-95181,95005,7.31,295.5,-103.476,3590.711,1,1,1
53145369,51821,3,35.00,-35.00,25.66,-37.74,0.698,-0.597,-95152,94980,7.26,253.3,-104.268,3589.667,1,1,1
53155369,51831,3,35.00,-35.00,32.02,-34.77,0.676,-0.606,-95120,94961,7.27,240.2,-108.110,3588.584,1,1,1
53165378,51841,3,35.00,-35.00,37.36,-31.37,0.654,-0.617,-95086,94945,7.31,232.5,-108.293,3587.500,1,1,1
53175378,51851,3,35.00,-35.00,41.53,-30.75,0.637,-0.622,-95051,94925,7.32,223.8,-103.232,3586.466,1,1,1
53185385,51861,3,35.00,-35.00,41.82,-32.07,0.632,-0.618,-95022,94901,7.33,220.5,-100.305,3585.461,1,1,1
53195393,51871,3,35.00,-35.00,41.58,-33.00,0.632,-0.617,-94994,94877,7.32,213.8,-103.415,3584.425,1,1,1
53205393,51881,3,35.00,-35.00,39.65,-33.20,0.635,-0.616,-94970,94854,7.33,215.8,-102.439,3583.399,1,1,1
53215400,51891,3,35.00,-35.00,40.94,-34.23,0.629,-0.614,-94940,94829,7.33,215.2,-99.878,3582.399,1,1,1
53225408,51901,3,35.00,-35.00,41.84,-36.27,0.624,-0.608,-94910,94801,7.33,213.5,-98.780,3581.409,1,1,1
53235415,51911,3,35.00,-35.00,42.47,-36.37,0.620,-0.608,-94880,94776,7.33,205.8,-105.366,3580.354,1,1,1
53245421,51921,3,35.00,-35.00,43.35,-36.01,0.618,-0.613,-94849,94752,7.30,204.0,-108.293,3579.270,1,1,1
53255423,51931,3,35.00,-35.00,44.41,-34.43,0.610,-0.616,-94817,94731,7.34,207.7,-103.415,3578.234,1,1,1
53265423,51941,3,35.00,-35.00,42.95,-32.89,0.615,-0.624,-94790,94711,7.32,206.2,-99.085,3577.241,1,1,1
53275423,51951,3,35.00,-35.00,41.93,-32.69,0.618,-0.626,-94763,94689,7.31,210.2,-92.927,3576.310,1,1,1
53285423,51961,3,35.00,-35.00,41.22,-31.67,0.619,-0.631,-94736,94669,7.31,214.2,-80.244,3575.506,1,1,1
53295423,51971,3,35.00,-35.00,41.60,-32.72,0.617,-0.630,-94707,94645,7.31,217.5,-75.244,3574.752,1,1,1
53305430,51981,3,35.00,-35.00,41.42,-33.45,0.617,-0.628,-94679,94621,7.32,215.8,-83.110,3573.919,1,1,1
53315430,51991,3,35.00,-35.00,43.06,-33.52,0.610,-0.630,-94647,94598,7.31,215.2,-96.159,3572.956,1,1,1
53325430,52001,3,35.00,-35.00,43.76,-34.01,0.607,-0.629,-94616,94574,7.32,214.0,-102.256,3571.932,1,1,1
53335430,52011,3,35.00,-35.00,44.70,-33.92,0.604,-0.632,-94584,94551,7.30,212.0,-100.000,3570.930,1,1,1
53345439,52021,3,35.00,-35.00,42.71,-33.85,0.599,-0.623,-94558,94528,7.42,216.8,-100.305,3569.926,1,1,1
53355439,52031,3,35.00,-35.00,40.45,-33.80,0.609,-0.626,-94534,94505,7.39,210.7,-100.183,3568.922,1,1,1
53365445,52041,3,35.00,-35.00,37.54,-34.21,0.620,-0.627,-94513,94481,7.37,212.2,-92.988,3567.991,1,1,1
53375445,52051,3,35.00,-35.00,38.14,-34.49,0.619,-0.628,-94486,94457,7.35,216.2,-87.561,3567.114,1,1,1
53385454,52061,3,35.00,-35.00,39.01,-34.69,0.617,-0.630,-94458,94433,7.33,217.8,-90.793,3566.204,1,1,1
53395460,52071,3,35.00,-35.00,39.61,-34.39,0.614,-0.631,-94430,94410,7.34,220.8,-101.646,3565.186,1,1,1
53405469,52081,3,35.00,-35.00,39.59,-35.94,0.614,-0.626,-94403,94383,7.34,217.2,-107.927,3564.105,1,1,1
53415469,52091,3,35.00,-35.00,40.90,-33.07,0.609,-0.637,-94373,94365,7.34,214.0,-107.988,3563.024,1,1,1
53425476,52101,3,35.00,-35.00,42.25,-36.33,0.604,-0.627,-94342,94335,7.34,218.5,-102.683,3561.995,1,1,1
53435476,52111,3,35.00,-35.00,40.12,-34.22,0.609,-0.633,-94318,94315,7.35,213.2,-96.829,3561.025,1,1,1
53445485,52121,3,35.00,-35.00,37.75,-34.50,0.617,-0.632,-94296,94291,7.35,215.5,-86.463,3560.159,1,1,1
53455485,52131,3,35.00,-35.00,36.54,-33.82,0.620,-0.635,-94273,94269,7.35,218.0,-76.037,3559.397,1,1,1
53465493,52141,3,35.00,-35.00,37.00,-34.66,0.619,-0.633,-94247,94244,7.34,223.2,-77.683,3558.618,1,1,1
53475500,52151,3,35.00,-35.00,37.33,-34.81,0.618,-0.632,-94221,94220,7.35,221.2,-92.866,3557.688,1,1,1
53485508,52161,3,35.00,-35.00,38.43,-35.35,0.615,-0.632,-94193,94195,7.34,220.2,-106.463,3556.622,1,1,1
53495515,52171,3,35.00,-35.00,39.21,-35.29,0.611,-0.632,-94165,94171,7.35,218.0,-111.829,3555.502,1,1,1
53505523,52181,3,35.00,-35.00,39.75,-37.89,0.610,-0.623,-94137,94141,7.34,216.0,-111.707,3554.384,1,1,1
53515530,52191,3,35.00,-35.00,39.69,-37.95,0.609,-0.622,-94110,94115,7.35,212.5,-106.098,3553.321,1,1,1
53525539,52201,3,35.00,-35.00,37.01,-37.55,0.618,-0.622,-94089,94090,7.35,213.0,-97.927,3552.340,1,1,1
53535545,52211,3,35.00,-35.00,36.02,-35.07,0.621,-0.630,-94066,94070,7.35,214.8,-85.366,3551.485,1,1,1
53545554,52221,3,35.00,-35.00,35.32,-33.34,0.621,-0.635,-94043,94050,7.36,220.0,-77.134,3550.712,1,1,1
53555560,52231,3,35.00,-35.00,35.71,-33.89,0.620,-0.634,-94018,94026,7.36,223.0,-79.207,3549.918,1,1,1
53565560,52241,3,35.00,-35.00,36.86,-35.15,0.616,-0.630,-93991,94000,7.36,224.5,-89.939,3549.017,1,1,1
53575569,52251,3,35.00,-35.00,37.67,-35.15,0.613,-0.630,-93964,93976,7.36,221.2,-103.598,3547.979,1,1,1
53585576,52261,3,35.00,-35.00,38.67,-36.91,0.610,-0.624,-93936,93948,7.37,218.0,-107.927,3546.899,1,1,1
53595584,52271,3,35.00,-35.00,39.38,-36.38,0.605,-0.624,-93908,93924,7.39,215.2,-103.537,3545.862,1,1,1
53605591,52281,3,35.00,-35.00,38.55,-36.02,0.608,-0.626,-93883,93900,7.38,209.7,-98.415,3544.876,1,1,1
53615591,52291,3,35.00,-35.00,34.02,-35.76,0.623,-0.625,-93867,93876,7.38,212.2,-88.780,3543.986,1,1,1
53625599,52301,3,35.00,-35.00,33.04,-35.58,0.629,-0.627,-93846,93852,7.36,219.8,-77.256,3543.212,1,1,1
53635606,52311,3,35.00,-35.00,31.48,-35.45,0.635,-0.627,-93827,93828,7.36,224.0,-72.927,3542.481,1,1,1
53645606,52321,3,35.00,-35.00,31.70,-36.24,0.637,-0.624,-93805,93802,7.35,228.8,-82.561,3541.654,1,1,1
53655606,52331,3,35.00,-35.00,33.18,-36.79,0.634,-0.623,-93780,93776,7.34,226.5,-95.488,3540.698,1,1,1
53665606,52341,3,35.00,-35.00,34.21,-37.18,0.630,-0.619,-93755,93750,7.36,228.0,-104.756,3539.648,1,1,1
53675606,52351,3,35.00,-35.00,36.25,-38.33,0.623,-0.614,-93727,93722,7.37,223.2,-110.976,3538.537,1,1,1
53685614,52361,3,35.00,-35.00,36.80,-40.90,0.620,-0.603,-93701,93690,7.38,216.8,-114.146,3537.394,1,1,1
53695615,52371,3,35.00,-35.00,37.63,-40.05,0.617,-0.604,-93674,93664,7.38,210.5,-109.207,3536.300,1,1,1
53705630,52381,3,35.00,-35.00,36.45,-38.58,0.620,-0.608,-93651,93640,7.38,211.2,-95.915,3535.339,1,1,1
53715636,52391,3,35.00,-35.00,35.62,-35.80,0.623,-0.618,-93628,93620,7.37,212.2,-87.561,3534.462,1,1,1
53725645,52401,3,35.00,-35.00,35.04,-33.85,0.625,-0.625,-93605,93600,7.37,217.5,-80.549,3533.655,1,1,1
53735645,52411,3,35.00,-35.00,34.20,-33.80,0.627,-0.625,-93583,93577,7.37,220.8,-79.207,3532.861,1,1,1
53745651,52421,3,35.00,-35.00,34.05,-35.97,0.632,-0.620,-93560,93549,7.33,222.8,-87.134,3531.988,1,1,1
53755660,52431,3,35.00,-35.00,34.38,-36.16,0.622,-0.610,-93536,93524,7.44,227.3,-87.134,3531.115,1,1,1
53765660,52441,3,35.00,-35.00,35.93,-37.18,0.626,-0.616,-93509,93497,7.34,214.5,-98.415,3530.129,1,1,1
53775667,52451,3,35.00,-35.00,35.70,-37.89,0.627,-0.613,-93485,93470,7.34,214.8,-105.732,3529.071,1,1,1
53785675,52461,3,35.00,-35.00,36.41,-39.27,0.624,-0.608,-93459,93441,7.34,215.2,-109.817,3527.971,1,1,1
53795682,52471,3,35.00,-35.00,36.04,-37.59,0.624,-0.612,-93435,93418,7.36,213.5,-103.110,3526.938,1,1,1
53805690,52481,3,35.00,-35.00,36.21,-35.11,0.623,-0.622,-93410,93398,7.34,216.5,-93.720,3525.999,1,1,1
53815697,52491,3,35.00,-35.00,37.65,-34.68,0.618,-0.624,-93382,93375,7.34,216.0,-86.951,3525.128,1,1,1
53825705,52501,3,35.00,-35.00,35.59,-34.82,0.625,-0.623,-93361,93351,7.34,215.0,-79.756,3524.329,1,1,1
53835712,52511,3,35.00,-35.00,35.02,-36.24,0.628,-0.619,-93338,93324,7.32,221.8,-77.500,3523.552,1,1,1
53845721,52521,3,35.00,-35.00,35.94,-36.80,0.627,-0.619,-93312,93298,7.31,219.8,-83.293,3522.718,1,1,1
53855727,52531,3,35.00,-35.00,36.58,-37.18,0.622,-0.615,-93286,93272,7.35,219.0,-95.793,3521.758,1,1,1
53865736,52541,3,35.00,-35.00,37.03,-39.21,0.619,-0.606,-93260,93242,7.37,216.5,-107.134,3520.685,1,1,1
53875743,52551,3,35.00,-35.00,38.23,-38.87,0.615,-0.607,-93232,93216,7.37,213.2,-113.049,3519.553,1,1,1
53885743,52561,3,35.00,-35.00,39.94,-39.08,0.611,-0.608,-93202,93189,7.36,210.7,-115.610,3518.396,1,1,1
53895751,52571,3,35.00,-35.00,42.02,-36.58,0.603,-0.617,-93170,93168,7.36,208.7,-109.817,3517.296,1,1,1
53905758,52581,3,35.00,-35.00,42.16,-34.40,0.600,-0.625,-93141,93148,7.36,209.0,-97.378,3516.320,1,1,1
53915766,52591,3,35.00,-35.00,40.06,-33.31,0.607,-0.629,-93117,93127,7.36,212.8,-87.134,3515.447,1,1,1
53925773,52601,3,35.00,-35.00,37.27,-33.86,0.616,-0.628,-93096,93103,7.36,215.8,-76.220,3514.683,1,1,1
53935781,52611,3,35.00,-35.00,33.56,-34.69,0.630,-0.626,-93079,93078,7.34,217.2,-71.524,3513.967,1,1,1
53945781,52621,3,35.00,-35.00,33.60,-35.27,0.628,-0.621,-93056,93053,7.36,224.5,-75.488,3513.210,1,1,1
53955788,52631,3,35.00,-35.00,35.38,-36.11,0.623,-0.619,-93029,93027,7.36,222.8,-80.427,3512.404,1,1,1
53965797,52641,3,35.00,-35.00,36.63,-38.02,0.619,-0.612,-93002,92998,7.36,219.0,-92.927,3511.473,1,1,1
53975803,52651,3,35.00,-35.00,37.07,-38.92,0.618,-0.610,-92976,92970,7.36,214.2,-106.402,3510.407,1,1,1
53985803,52661,3,35.00,-35.00,39.13,-36.91,0.612,-0.618,-92946,92948,7.35,209.5,-105.854,3509.347,1,1,1
53995803,52671,3,35.00,-35.00,40.14,-34.19,0.608,-0.628,-92917,92929,7.34,211.5,-94.085,3508.405,1,1,1
54005803,52681,3,35.00,-35.00,39.52,-32.72,0.613,-0.638,-92891,92909,7.29,214.8,-83.293,3507.571,1,1,1
54015803,52691,3,35.00,-35.00,37.33,-33.45,0.619,-0.636,-92869,92885,7.30,219.5,-74.634,3506.823,1,1,1
54025812,52701,3,35.00,-35.00,35.80,-34.40,0.622,-0.630,-92847,92860,7.33,223.5,-72.439,3506.096,1,1,1
54035812,52711,3,35.00,-35.00,35.61,-34.63,0.627,-0.634,-92823,92836,7.27,218.5,-76.402,3505.331,1,1,1
54045812,52721,3,35.00,-35.00,35.91,-35.23,0.626,-0.632,-92798,92811,7.28,224.8,-84.451,3504.485,1,1,1
54055812,52731,3,35.00,-35.00,36.56,-36.08,0.623,-0.628,-92772,92785,7.29,223.5,-97.134,3503.512,1,1,1
54065818,52741,3,35.00,-35.00,37.46,-35.81,0.619,-0.628,-92745,92761,7.30,220.5,-106.890,3502.441,1,1,1
54075818,52751,3,35.00,-35.00,38.97,-35.17,0.613,-0.631,-92716,92738,7.30,218.5,-108.293,3501.357,1,1,1
54085819,52761,3,35.00,-35.00,41.78,-33.85,0.605,-0.639,-92683,92717,7.28,214.8,-98.415,3500.371,1,1,1
54095819,52771,3,35.00,-35.00,42.43,-33.80,0.598,-0.636,-92653,92694,7.33,219.8,-89.451,3499.475,1,1,1
54105834,52781,3,35.00,-35.00,42.00,-34.21,0.602,-0.639,-92625,92670,7.28,215.0,-87.317,3498.600,1,1,1
54115834,52791,3,35.00,-35.00,39.51,-34.93,0.612,-0.639,-92602,92645,7.27,216.8,-87.134,3497.727,1,1,1
54125834,52801,3,35.00,-35.00,35.13,-35.44,0.628,-0.638,-92585,92620,7.24,218.2,-85.854,3496.867,1,1,1
54135842,52811,3,35.00,-35.00,31.62,-35.35,0.640,-0.637,-92569,92596,7.24,226.8,-84.024,3496.025,1,1,1
54145849,52821,3,35.00,-35.00,32.68,-36.17,0.636,-0.631,-92545,92570,7.27,230.8,-80.122,3495.222,1,1,1
54155857,52831,3,35.00,-35.00,33.86,-36.31,0.631,-0.629,-92520,92545,7.29,226.0,-82.256,3494.398,1,1,1
54165857,52841,3,35.00,-35.00,36.01,-36.40,0.624,-0.629,-92492,92520,7.28,225.0,-93.110,3493.465,1,1,1
54175857,52851,3,35.00,-35.00,37.95,-36.03,0.616,-0.630,-92463,92496,7.30,221.0,-95.305,3492.511,1,1,1
54185857,52861,3,35.00,-35.00,39.75,-34.45,0.608,-0.636,-92433,92475,7.30,217.0,-88.598,3491.623,1,1,1
54195864,52871,3,35.00,-35.00,38.37,-34.22,0.612,-0.636,-92409,92452,7.30,218.2,-80.976,3490.812,1,1,1
54205872,52881,3,35.00,-35.00,36.09,-34.50,0.620,-0.636,-92388,92428,7.29,217.8,-76.341,3490.047,1,1,1
54215879,52891,3,35.00,-35.00,34.49,-35.58,0.626,-0.632,-92367,92402,7.29,219.5,-77.378,3489.271,1,1,1
54225888,52901,3,35.00,-35.00,34.25,-35.45,0.627,-0.633,-92344,92378,7.29,223.5,-80.793,3488.462,1,1,1
54235888,52911,3,35.00,-35.00,34.08,-37.12,0.629,-0.627,-92321,92350,7.28,224.5,-86.037,3487.600,1,1,1
54245901,52921,3,35.00,-35.00,36.16,-36.97,0.625,-0.631,-92293,92325,7.25,220.0,-94.695,3486.651,1,1,1
54255903,52931,3,35.00,-35.00,36.74,-36.43,0.618,-0.628,-92267,92301,7.30,222.2,-99.207,3485.657,1,1,1
54265910,52941,3,35.00,-35.00,36.26,-35.17,0.620,-0.633,-92243,92279,7.29,219.2,-95.854,3484.697,1,1,1
54275910,52951,3,35.00,-35.00,38.13,-34.72,0.614,-0.636,-92214,92256,7.29,220.8,-90.671,3483.789,1,1,1
54285910,52961,3,35.00,-35.00,40.75,-34.85,0.603,-0.635,-92182,92232,7.30,219.8,-87.073,3482.917,1,1,1
54295910,52971,3,35.00,-35.00,39.51,-35.38,0.607,-0.633,-92157,92207,7.31,217.5,-90.488,3482.010,1,1,1
54305910,52981,3,35.00,-35.00,38.21,-36.19,0.615,-0.635,-92133,92181,7.26,215.5,-97.195,3481.036,1,1,1
54315918,52991,3,35.00,-35.00,35.53,-36.76,0.629,-0.636,-92113,92155,7.21,215.5,-99.817,3480.037,1,1,1
54325925,53001,3,35.00,-35.00,32.78,-38.04,0.630,-0.622,-92095,92127,7.31,226.0,-98.293,3479.052,1,1,1
54335933,53011,3,35.00,-35.00,33.06,-39.37,0.631,-0.618,-92072,92098,7.30,221.5,-93.110,3478.119,1,1,1
54345940,53021,3,35.00,-35.00,34.56,-38.99,0.633,-0.625,-92046,92072,7.24,214.5,-95.366,3477.164,1,1,1
54355940,53031,3,35.00,-35.00,35.62,-38.28,0.626,-0.624,-92020,92047,7.27,222.2,-104.695,3476.115,1,1,1
54365940,53041,3,35.00,-35.00,36.36,-35.14,0.623,-0.635,-91994,92028,7.27,219.2,-104.512,3475.069,1,1,1
54375948,53051,3,35.00,-35.00,39.95,-32.95,0.610,-0.645,-91961,92009,7.25,221.5,-98.476,3474.082,1,1,1
54385955,53061,3,35.00,-35.00,41.15,-32.73,0.605,-0.647,-91931,91987,7.27,222.0,-93.110,3473.150,1,1,1
54395964,53071,3,35.00,-35.00,39.79,-33.90,0.608,-0.643,-91906,91962,7.27,221.2,-94.207,3472.206,1,1,1
54405970,53081,3,35.00,-35.00,37.52,-35.16,0.617,-0.639,-91884,91936,7.26,220.5,-94.268,3471.262,1,1,1
54415979,53091,3,35.00,-35.00,34.18,-36.03,0.629,-0.636,-91866,91910,7.25,219.5,-92.195,3470.338,1,1,1
54425990,53101,3,35.00,-35.00,31.39,-36.65,0.640,-0.633,-91849,91884,7.24,223.2,-87.866,3469.458,1,1,1
54435998,53111,3,35.00,-35.00,32.08,-37.08,0.638,-0.630,-91826,91858,7.26,230.5,-83.902,3468.617,1,1,1
54446006,53122,3,35.00,-35.00,33.44,-37.38,0.636,-0.629,-91801,91832,7.25,226.0,-88.780,3467.728,1,1,1
54456006,53132,3,35.00,-35.00,34.84,-37.15,0.633,-0.633,-91775,91807,7.22,223.8,-99.390,3466.732,1,1,1
54466014,53142,3,35.00,-35.00,37.13,-35.68,0.625,-0.638,-91746,91785,7.22,224.3,-103.963,3465.691,1,1,1
54476021,53152,3,35.00,-35.00,39.17,-35.08,0.621,-0.645,-91716,91762,7.17,222.8,-100.122,3464.688,1,1,1
54486029,53162,3,35.00,-35.00,38.41,-35.54,0.622,-0.643,-91691,91737,7.18,223.0,-98.537,3463.701,1,1,1
54496036,53172,3,35.00,-35.00,35.24,-36.75,0.632,-0.638,-91672,91710,7.18,225.3,-97.317,3462.726,1,1,1
54506036,53182,3,35.00,-35.00,32.14,-38.03,0.644,-0.632,-91655,91682,7.18,223.2,-96.159,3461.763,1,1,1
54516044,53192,3,35.00,-35.00,32.16,-39.80,0.636,-0.616,-91633,91652,7.30,232.0,-93.476,3460.827,1,1,1
54526051,53202,3,35.00,-35.00,33.06,-40.61,0.636,-0.614,-91609,91623,7.28,221.2,-91.829,3459.907,1,1,1
54536051,53212,3,35.00,-35.00,33.25,-40.29,0.635,-0.613,-91586,91596,7.30,222.8,-94.390,3458.961,1,1,1
54546059,53222,3,35.00,-35.00,34.70,-38.31,0.632,-0.621,-91560,91573,7.28,219.2,-98.659,3457.973,1,1,1
54556066,53232,3,35.00,-35.00,37.47,-35.17,0.620,-0.631,-91530,91554,7.29,220.2,-96.524,3457.006,1,1,1
54566074,53242,3,35.00,-35.00,38.54,-33.85,0.615,-0.636,-91502,91533,7.30,220.5,-89.634,3456.108,1,1,1
54576081,53252,3,35.00,-35.00,39.28,-34.68,0.612,-0.635,-91474,91508,7.29,221.5,-88.537,3455.221,1,1,1
54586081,53262,3,35.00,-35.00,38.48,-36.14,0.612,-0.628,-91449,91481,7.31,219.0,-95.000,3454.270,1,1,1
54596090,53272,3,35.00,-35.00,37.05,-36.28,0.616,-0.626,-91426,91456,7.32,214.5,-95.976,3453.308,1,1,1
54606096,53282,3,35.00,-35.00,32.08,-37.26,0.631,-0.618,-91412,91429,7.36,219.5,-90.061,3452.406,1,1,1
54616096,53292,3,35.00,-35.00,30.81,-38.83,0.640,-0.615,-91393,91400,7.32,220.2,-85.671,3451.547,1,1,1
54626105,53302,3,35.00,-35.00,31.23,-39.49,0.640,-0.611,-91371,91372,7.33,222.8,-82.561,3450.720,1,1,1
54636111,53312,3,35.00,-35.00,32.85,-39.07,0.636,-0.613,-91346,91346,7.33,223.5,-87.988,3449.839,1,1,1
54646112,53322,3,35.00,-35.00,34.42,-36.13,0.632,-0.624,-91320,91326,7.31,221.8,-96.402,3448.873,1,1,1
54656120,53332,3,35.00,-35.00,35.08,-34.52,0.631,-0.631,-91295,91305,7.29,223.5,-98.659,3447.885,1,1,1
54666127,53342,3,35.00,-35.00,37.74,-34.71,0.620,-0.631,-91265,91281,7.30,224.8,-95.122,3446.932,1,1,1
54676135,53352,3,35.00,-35.00,38.28,-35.72,0.619,-0.629,-91238,91255,7.29,221.2,-99.024,3445.940,1,1,1
54686142,53362,3,35.00,-35.00,37.78,-35.99,0.621,-0.629,-91213,91230,7.27,220.0,-105.854,3444.880,1,1,1
54696150,53372,3,35.00,-35.00,36.12,-36.62,0.627,-0.627,-91191,91204,7.27,219.2,-105.854,3443.820,1,1,1
54706151,53382,3,35.00,-35.00,34.51,-37.94,0.624,-0.613,-91170,91176,7.38,220.0,-106.829,3442.750,1,1,1
54716165,53392,3,35.00,-35.00,31.19,-38.86,0.646,-0.618,-91154,91148,7.26,212.0,-99.085,3441.758,1,1,1
54726172,53402,3,35.00,-35.00,31.50,-38.63,0.648,-0.620,-91132,91122,7.24,222.8,-89.634,3440.860,1,1,1
54736172,53412,3,35.00,-35.00,24.25,-35.83,0.678,-0.629,-91127,91102,7.21,226.0,-77.988,3440.078,1,1,1
54746172,53422,3,35.00,-35.00,16.97,-34.31,0.715,-0.637,-91127,91081,7.13,242.5,-78.537,3439.291,1,1,1
54756181,53432,3,35.00,-35.00,11.88,-33.68,0.732,-0.633,-91127,91059,7.17,277.0,-85.122,3438.438,1,1,1
54766187,53442,3,35.00,-35.00,8.32,-34.57,0.746,-0.626,-91127,91034,7.18,293.5,-90.671,3437.530,1,1,1
54776196,53452,3,35.00,-35.00,6.26,-34.74,0.755,-0.622,-91126,91010,7.18,300.8,-96.463,3436.563,1,1,1
54786196,53462,3,35.00,-35.00,4.38,-35.31,0.763,-0.615,-91126,90985,7.19,308.5,-102.317,3435.539,1,1,1
54796196,53472,3,35.00,-35.00,3.07,-35.70,0.772,-0.611,-91126,90960,7.18,312.0,-108.232,3434.455,1,1,1
54806196,53482,3,35.00,-35.00,7.42,-37.30,0.760,-0.602,-91114,90932,7.19,312.0,-108.354,3433.369,1,1,1
54816202,53492,3,35.00,-35.00,18.82,-38.41,0.725,-0.599,-91083,90904,7.20,294.8,-102.195,3432.346,1,1,1
54826211,53502,3,35.00,-35.00,26.36,-37.43,0.697,-0.599,-91053,90880,7.25,264.5,-98.659,3431.357,1,1,1
54836211,53512,3,35.00,-35.00,32.51,-34.11,0.675,-0.609,-91021,90862,7.27,241.0,-102.195,3430.334,1,1,1
54846212,53522,3,35.00,-35.00,37.26,-31.79,0.662,-0.623,-90988,90844,7.22,228.5,-104.390,3429.288,1,1,1
54856218,53532,3,35.00,-35.00,41.46,-31.48,0.642,-0.623,-90953,90823,7.27,230.0,-101.585,3428.271,1,1,1
54866226,53542,3,35.00,-35.00,42.21,-32.58,0.640,-0.624,-90923,90799,7.23,218.8,-99.939,3427.270,1,1,1
54876233,53552,3,35.00,-35.00,42.73,-33.36,0.635,-0.623,-90893,90775,7.24,218.0,-106.585,3426.202,1,1,1
54886233,53562,3,35.00,-35.00,41.34,-33.90,0.637,-0.622,-90867,90751,7.24,215.0,-108.232,3425.118,1,1,1
54896242,53572,3,35.00,-35.00,42.12,-35.15,0.632,-0.618,-90837,90725,7.24,217.2,-105.671,3424.060,1,1,1
54906248,53582,3,35.00,-35.00,43.11,-36.91,0.625,-0.611,-90806,90697,7.26,211.2,-104.207,3423.016,1,1,1
54916248,53592,3,35.00,-35.00,43.80,-36.39,0.621,-0.614,-90775,90673,7.26,207.2,-109.024,3421.924,1,1,1
54926256,53602,3,35.00,-35.00,45.16,-35.58,0.614,-0.616,-90742,90650,7.27,207.7,-111.890,3420.804,1,1,1
54936263,53612,3,35.00,-35.00,46.55,-34.13,0.611,-0.626,-90708,90629,7.24,204.5,-107.378,3419.728,1,1,1
54946272,53622,3,35.00,-35.00,44.89,-33.12,0.615,-0.630,-90680,90608,7.24,206.7,-103.354,3418.693,1,1,1
54956278,53632,3,35.00,-35.00,41.97,-32.85,0.624,-0.633,-90656,90586,7.23,210.5,-95.854,3417.733,1,1,1
54966278,53642,3,35.00,-35.00,40.81,-32.23,0.628,-0.637,-90630,90565,7.21,217.0,-81.768,3416.914,1,1,1
54976278,53652,3,35.00,-35.00,42.19,-32.67,0.627,-0.642,-90599,90542,7.17,217.8,-71.220,3416.200,1,1,1
54986279,53662,3,35.00,-35.00,42.28,-33.41,0.625,-0.640,-90570,90518,7.18,219.8,-77.012,3415.428,1,1,1
54996279,53672,3,35.00,-35.00,42.78,-33.50,0.621,-0.639,-90540,90495,7.20,221.0,-95.122,3414.475,1,1,1
55006294,53682,3,35.00,-35.00,45.32,-34.43,0.611,-0.637,-90505,90470,7.21,218.5,-105.915,3413.414,1,1,1
55016294,53692,3,35.00,-35.00,45.35,-34.21,0.609,-0.638,-90474,90447,7.22,213.2,-104.451,3412.368,1,1,1
55026302,53702,3,35.00,-35.00,44.05,-34.06,0.611,-0.639,-90446,90424,7.23,216.5,-104.451,3411.322,1,1,1
55036302,53712,3,35.00,-35.00,40.94,-33.95,0.620,-0.639,-90423,90401,7.24,216.5,-101.585,3410.304,1,1,1
55046309,53722,3,35.00,-35.00,38.77,-34.31,0.628,-0.639,-90400,90377,7.22,218.0,-95.000,3409.353,1,1,1
55056317,53732,3,35.00,-35.00,38.56,-34.56,0.629,-0.640,-90374,90353,7.21,223.5,-90.671,3408.444,1,1,1
55066317,53742,3,35.00,-35.00,39.74,-34.74,0.624,-0.640,-90345,90329,7.21,225.0,-91.707,3407.526,1,1,1
55076324,53752,3,35.00,-35.00,39.68,-34.87,0.624,-0.640,-90318,90305,7.21,221.8,-101.829,3406.506,1,1,1
55086324,53762,3,35.00,-35.00,40.96,-35.83,0.621,-0.638,-90288,90279,7.20,220.5,-109.817,3405.406,1,1,1
55096324,53772,3,35.00,-35.00,43.17,-36.07,0.624,-0.649,-90255,90254,7.09,214.8,-111.768,3404.286,1,1,1
55106324,53782,3,35.00,-35.00,41.21,-34.48,0.620,-0.646,-90230,90233,7.18,225.3,-106.402,3403.221,1,1,1
55116332,53792,3,35.00,-35.00,39.83,-34.68,0.625,-0.647,-90205,90209,7.17,219.0,-97.988,3402.239,1,1,1
55126332,53802,3,35.00,-35.00,37.55,-33.94,0.634,-0.651,-90183,90187,7.15,221.0,-85.427,3401.383,1,1,1
55136339,53812,3,35.00,-35.00,38.15,-34.31,0.645,-0.664,-90156,90163,7.00,225.8,-77.683,3400.605,1,1,1
55146339,53822,3,35.00,-35.00,38.57,-35.44,0.634,-0.651,-90129,90137,7.11,239.2,-81.646,3399.787,1,1,1
55156348,53832,3,35.00,-35.00,38.86,-35.80,0.603,-0.621,-90102,90112,7.45,240.5,-97.134,3398.814,1,1,1
55166354,53842,3,35.00,-35.00,39.07,-35.60,0.607,-0.627,-90075,90088,7.39,210.5,-110.000,3397.712,1,1,1
55176354,53852,3,35.00,-35.00,40.53,-36.79,0.595,-0.616,-90045,90061,7.47,217.8,-115.793,3396.552,1,1,1
55186363,53862,3,35.00,-35.00,41.12,-38.50,0.594,-0.611,-90016,90032,7.46,206.7,-114.817,3395.403,1,1,1
55196363,53872,3,35.00,-35.00,39.33,-37.93,0.603,-0.615,-89992,90007,7.42,203.8,-107.195,3394.329,1,1,1
55206369,53882,3,35.00,-35.00,36.76,-37.10,0.612,-0.617,-89971,89983,7.41,209.5,-93.110,3393.396,1,1,1
55216369,53892,3,35.00,-35.00,36.72,-33.88,0.612,-0.629,-89946,89965,7.40,211.2,-81.280,3392.582,1,1,1
55226378,53902,3,35.00,-35.00,36.25,-33.82,0.614,-0.631,-89922,89942,7.39,218.0,-78.415,3391.796,1,1,1
55236378,53912,3,35.00,-35.00,36.80,-35.10,0.612,-0.627,-89896,89916,7.39,222.2,-84.024,3390.954,1,1,1
55246385,53922,3,35.00,-35.00,38.06,-35.56,0.611,-0.628,-89868,89891,7.36,216.2,-96.890,3389.984,1,1,1
55256385,53932,3,35.00,-35.00,39.39,-35.88,0.604,-0.625,-89839,89866,7.39,217.8,-106.890,3388.913,1,1,1
55266393,53942,3,35.00,-35.00,39.88,-36.98,0.601,-0.620,-89811,89839,7.41,216.2,-106.524,3387.846,1,1,1
55276393,53952,3,35.00,-35.00,38.90,-35.99,0.602,-0.622,-89786,89816,7.41,211.5,-101.890,3386.826,1,1,1
55286400,53962,3,35.00,-35.00,35.14,-36.18,0.615,-0.620,-89768,89791,7.42,211.2,-94.207,3385.882,1,1,1
55296400,53972,3,35.00,-35.00,33.39,-35.87,0.622,-0.622,-89748,89767,7.40,215.5,-80.061,3385.080,1,1,1
55306400,53982,3,35.00,-35.00,31.72,-35.22,0.630,-0.624,-89729,89744,7.39,220.8,-72.561,3384.353,1,1,1
55316400,53992,3,35.00,-35.00,32.75,-36.08,0.628,-0.622,-89705,89718,7.38,226.8,-79.756,3383.553,1,1,1
55326408,54002,3,35.00,-35.00,33.91,-36.68,0.625,-0.619,-89680,89692,7.38,223.0,-89.573,3382.656,1,1,1
55336408,54012,3,35.00,-35.00,34.72,-36.66,0.623,-0.619,-89655,89667,7.38,222.8,-96.951,3381.685,1,1,1
55346408,54022,3,35.00,-35.00,36.61,-37.53,0.619,-0.618,-89627,89640,7.35,220.8,-104.756,3380.635,1,1,1
55356408,54032,3,35.00,-35.00,36.61,-39.89,0.616,-0.606,-89602,89609,7.39,219.0,-111.037,3379.523,1,1,1
55366408,54042,3,35.00,-35.00,37.06,-39.79,0.614,-0.606,-89576,89582,7.39,214.0,-109.756,3378.424,1,1,1
55376415,54052,3,35.00,-35.00,37.37,-38.40,0.611,-0.609,-89550,89558,7.41,211.5,-99.451,3377.428,1,1,1
55386423,54062,3,35.00,-35.00,35.38,-36.11,0.618,-0.617,-89529,89537,7.40,210.0,-90.061,3376.526,1,1,1
55396430,54072,3,35.00,-35.00,34.88,-34.07,0.621,-0.626,-89506,89517,7.38,215.5,-82.317,3375.701,1,1,1
55406439,54082,3,35.00,-35.00,34.08,-34.39,0.625,-0.625,-89484,89493,7.36,223.5,-78.476,3374.915,1,1,1
55416445,54092,3,35.00,-35.00,34.84,-35.50,0.624,-0.623,-89459,89467,7.35,223.0,-82.073,3374.093,1,1,1
55426454,54102,3,35.00,-35.00,34.94,-36.28,0.623,-0.619,-89435,89441,7.36,221.5,-90.244,3373.188,1,1,1
55436460,54112,3,35.00,-35.00,35.44,-36.82,0.621,-0.617,-89410,89415,7.36,221.0,-98.659,3372.200,1,1,1
55446461,54122,3,35.00,-35.00,34.92,-37.64,0.623,-0.614,-89387,89388,7.37,218.8,-103.537,3371.163,1,1,1
55456476,54132,3,35.00,-35.00,35.87,-37.77,0.620,-0.613,-89361,89362,7.37,217.2,-100.488,3370.156,1,1,1
55466484,54142,3,35.00,-35.00,35.21,-36.99,0.621,-0.615,-89338,89338,7.38,214.5,-91.890,3369.236,1,1,1
55476493,54152,3,35.00,-35.00,36.52,-35.56,0.616,-0.619,-89311,89316,7.38,217.2,-85.915,3368.375,1,1,1
55486493,54162,3,35.00,-35.00,36.55,-34.56,0.616,-0.623,-89286,89294,7.38,216.0,-80.854,3367.565,1,1,1
55496500,54172,3,35.00,-35.00,36.13,-34.74,0.618,-0.623,-89262,89270,7.37,218.2,-79.085,3366.772,1,1,1
55506508,54182,3,35.00,-35.00,36.28,-35.74,0.617,-0.620,-89237,89244,7.37,220.5,-84.756,3365.923,1,1,1
55516515,54192,3,35.00,-35.00,36.38,-36.45,0.618,-0.619,-89212,89218,7.36,217.8,-96.585,3364.956,1,1,1
55526515,54202,3,35.00,-35.00,36.45,-37.38,0.618,-0.616,-89187,89191,7.36,217.0,-106.646,3363.888,1,1,1
55536523,54212,3,35.00,-35.00,36.94,-38.03,0.616,-0.613,-89161,89164,7.37,217.5,-111.646,3362.770,1,1,1
55546530,54222,3,35.00,-35.00,39.04,-38.49,0.609,-0.612,-89131,89137,7.37,215.2,-112.683,3361.641,1,1,1
55556539,54232,3,35.00,-35.00,40.07,-38.37,0.605,-0.612,-89102,89111,7.38,211.2,-110.366,3360.536,1,1,1
55566539,54242,3,35.00,-35.00,42.11,-37.40,0.597,-0.616,-89070,89087,7.38,210.0,-102.134,3359.513,1,1,1
55576545,54252,3,35.00,-35.00,41.35,-34.97,0.598,-0.623,-89043,89067,7.39,206.7,-90.976,3358.602,1,1,1
55586554,54262,3,35.00,-35.00,39.93,-33.27,0.602,-0.630,-89018,89047,7.38,210.5,-79.451,3357.805,1,1,1
55596561,54272,3,35.00,-35.00,37.18,-33.40,0.612,-0.631,-88997,89024,7.37,217.2,-70.549,3357.098,1,1,1
55606576,54282,3,35.00,-35.00,33.50,-34.80,0.625,-0.626,-88980,88998,7.36,220.5,-71.402,3356.383,1,1,1
55616584,54292,3,35.00,-35.00,33.11,-34.91,0.628,-0.626,-88958,88974,7.36,220.2,-76.341,3355.618,1,1,1
55626591,54302,3,35.00,-35.00,35.49,-35.86,0.621,-0.624,-88930,88948,7.35,226.0,-86.098,3354.755,1,1,1
55636599,54312,3,35.00,-35.00,36.27,-36.09,0.617,-0.622,-88904,88923,7.36,224.3,-100.793,3353.746,1,1,1
55646606,54322,3,35.00,-35.00,36.37,-38.01,0.616,-0.615,-88879,88894,7.37,219.5,-100.793,3352.736,1,1,1
55656614,54332,3,35.00,-35.00,40.40,-37.59,0.602,-0.617,-88845,88869,7.37,213.8,-107.317,3351.661,1,1,1
55666621,54342,3,35.00,-35.00,39.71,-35.10,0.603,-0.625,-88819,88849,7.38,211.8,-100.793,3350.652,1,1,1
55676630,54352,3,35.00,-35.00,40.10,-33.80,0.602,-0.631,-88791,88828,7.36,213.0,-89.329,3349.757,1,1,1
55686636,54362,3,35.00,-35.00,38.18,-33.33,0.607,-0.633,-88768,88806,7.37,217.8,-79.939,3348.956,1,1,1
55696645,54372,3,35.00,-35.00,35.07,-33.88,0.618,-0.631,-88749,88782,7.36,220.8,-73.841,3348.216,1,1,1
55706652,54382,3,35.00,-35.00,34.22,-34.26,0.622,-0.631,-88727,88758,7.35,223.2,-74.512,3347.469,1,1,1
55716660,54392,3,35.00,-35.00,34.94,-34.97,0.620,-0.629,-88702,88733,7.34,225.5,-78.902,3346.678,1,1,1
55726667,54402,3,35.00,-35.00,35.88,-35.46,0.617,-0.628,-88676,88708,7.35,223.8,-88.902,3345.788,1,1,1
55736667,54412,3,35.00,-35.00,36.98,-36.25,0.614,-0.626,-88649,88682,7.34,223.2,-101.402,3344.772,1,1,1
55746675,54422,3,35.00,-35.00,39.07,-35.48,0.610,-0.633,-88619,88659,7.30,218.2,-108.963,3343.681,1,1,1
55756675,54432,3,35.00,-35.00,41.41,-34.07,0.597,-0.634,-88587,88638,7.35,220.8,-107.561,3342.604,1,1,1
55766682,54442,3,35.00,-35.00,42.17,-33.51,0.594,-0.637,-88557,88616,7.35,217.2,-95.610,3341.646,1,1,1
55776690,54452,3,35.00,-35.00,41.39,-33.57,0.595,-0.638,-88530,88593,7.36,218.8,-86.585,3340.778,1,1,1
55786690,54462,3,35.00,-35.00,38.20,-34.04,0.605,-0.636,-88509,88569,7.36,218.0,-83.659,3339.940,1,1,1
55796697,54472,3,35.00,-35.00,34.21,-34.82,0.618,-0.632,-88492,88544,7.36,223.2,-83.780,3339.101,1,1,1
55806705,54482,3,35.00,-35.00,31.42,-35.36,0.629,-0.630,-88475,88519,7.36,224.3,-84.939,3338.250,1,1,1
55816712,54492,3,35.00,-35.00,32.54,-35.74,0.628,-0.630,-88451,88494,7.33,225.8,-82.927,3337.419,1,1,1
55826721,54502,3,35.00,-35.00,34.20,-36.44,0.622,-0.627,-88425,88468,7.34,227.5,-83.354,3336.584,1,1,1
55836727,54512,3,35.00,-35.00,35.81,-36.06,0.617,-0.628,-88398,88444,7.35,225.0,-94.878,3335.633,1,1,1
55846736,54522,3,35.00,-35.00,37.81,-36.23,0.613,-0.632,-88369,88419,7.30,219.0,-103.780,3334.594,1,1,1
55856736,54532,3,35.00,-35.00,40.97,-35.03,0.597,-0.633,-88336,88397,7.35,220.5,-97.683,3333.615,1,1,1
55866743,54542,3,35.00,-35.00,40.54,-34.19,0.596,-0.634,-88309,88375,7.37,216.2,-88.415,3332.729,1,1,1
55876743,54552,3,35.00,-35.00,38.49,-34.04,0.602,-0.635,-88286,88352,7.37,217.5,-81.646,3331.911,1,1,1
55886743,54562,3,35.00,-35.00,35.73,-34.81,0.612,-0.633,-88266,88327,7.36,217.0,-76.463,3331.145,1,1,1
55896751,54572,3,35.00,-35.00,31.60,-35.36,0.628,-0.631,-88251,88302,7.34,221.5,-76.524,3330.378,1,1,1
55906751,54582,3,35.00,-35.00,30.91,-35.30,0.633,-0.632,-88231,88278,7.33,228.5,-77.439,3329.602,1,1,1
55916758,54592,3,35.00,-35.00,32.62,-36.13,0.628,-0.628,-88206,88252,7.34,230.5,-78.354,3328.817,1,1,1
55926766,54602,3,35.00,-35.00,34.70,-36.28,0.621,-0.627,-88179,88227,7.35,225.0,-86.646,3327.949,1,1,1
55936773,54612,3,35.00,-35.00,35.72,-35.94,0.616,-0.627,-88153,88203,7.36,221.2,-94.756,3327.000,1,1,1
55946773,54622,3,35.00,-35.00,35.99,-35.27,0.615,-0.630,-88128,88180,7.35,220.5,-94.695,3326.051,1,1,1
55956781,54632,3,35.00,-35.00,38.81,-34.79,0.604,-0.632,-88097,88157,7.36,221.8,-92.073,3325.129,1,1,1
55966788,54642,3,35.00,-35.00,39.48,-34.46,0.600,-0.634,-88069,88134,7.36,219.5,-90.244,3324.225,1,1,1
55976797,54652,3,35.00,-35.00,39.50,-35.11,0.600,-0.633,-88042,88109,7.35,219.8,-93.780,3323.285,1,1,1
55986803,54662,3,35.00,-35.00,36.00,-36.00,0.612,-0.628,-88023,88083,7.36,217.2,-96.524,3322.318,1,1,1
55996803,54672,3,35.00,-35.00,32.67,-36.63,0.623,-0.625,-88006,88057,7.36,219.0,-97.073,3321.346,1,1,1
56006812,54682,3,35.00,-35.00,31.66,-37.94,0.629,-0.621,-87986,88029,7.35,224.3,-93.720,3320.407,1,1,1
56016812,54692,3,35.00,-35.00,32.71,-38.43,0.628,-0.620,-87962,88002,7.34,225.3,-88.354,3319.522,1,1,1
56026812,54702,3,35.00,-35.00,34.32,-38.32,0.622,-0.619,-87936,87976,7.35,223.5,-93.476,3318.586,1,1,1
56036812,54712,3,35.00,-35.00,35.45,-37.37,0.617,-0.621,-87910,87952,7.36,220.8,-104.024,3317.544,1,1,1
56046819,54722,3,35.00,-35.00,37.12,-34.07,0.611,-0.633,-87882,87934,7.36,218.2,-101.890,3316.523,1,1,1
56056834,54732,3,35.00,-35.00,38.73,-32.64,0.605,-0.640,-87853,87914,7.35,220.5,-94.878,3315.573,1,1,1
56066834,54742,3,35.00,-35.00,38.54,-32.52,0.604,-0.642,-87827,87892,7.35,222.5,-89.756,3314.674,1,1,1
56076842,54752,3,35.00,-35.00,36.64,-34.63,0.611,-0.635,-87805,87865,7.34,225.3,-89.146,3313.781,1,1,1
56086842,54762,3,35.00,-35.00,34.00,-34.79,0.619,-0.633,-87786,87841,7.35,221.0,-88.354,3312.895,1,1,1
56096842,54772,3,35.00,-35.00,32.15,-35.34,0.627,-0.631,-87767,87816,7.35,225.3,-87.317,3312.021,1,1,1
56106842,54782,3,35.00,-35.00,32.17,-36.16,0.628,-0.628,-87745,87790,7.34,228.5,-84.695,3311.172,1,1,1
56116842,54792,3,35.00,-35.00,33.51,-36.30,0.624,-0.627,-87720,87765,7.34,225.8,-86.829,3310.302,1,1,1
56126849,54802,3,35.00,-35.00,34.88,-38.15,0.620,-0.620,-87694,87736,7.35,225.8,-98.841,3309.312,1,1,1
56136857,54812,3,35.00,-35.00,35.84,-36.38,0.616,-0.625,-87668,87714,7.36,220.8,-106.890,3308.241,1,1,1
56146864,54822,3,35.00,-35.00,38.71,-35.13,0.605,-0.631,-87637,87692,7.35,220.8,-104.329,3307.197,1,1,1
56156872,54832,3,35.00,-35.00,39.40,-34.70,0.601,-0.632,-87609,87669,7.36,217.5,-97.683,3306.218,1,1,1
56166872,54842,3,35.00,-35.00,36.81,-35.28,0.609,-0.630,-87588,87644,7.36,217.5,-93.354,3305.283,1,1,1
56176879,54852,3,35.00,-35.00,33.24,-36.12,0.622,-0.626,-87571,87618,7.36,219.8,-88.659,3304.395,1,1,1
56186879,54862,3,35.00,-35.00,31.18,-37.15,0.631,-0.622,-87553,87591,7.36,222.5,-86.768,3303.525,1,1,1
56196888,54872,3,35.00,-35.00,30.61,-38.31,0.636,-0.618,-87533,87563,7.34,224.8,-85.244,3302.671,1,1,1
56206894,54882,3,35.00,-35.00,31.98,-38.68,0.633,-0.617,-87509,87536,7.34,226.8,-85.671,3301.813,1,1,1
56216894,54892,3,35.00,-35.00,33.37,-38.94,0.629,-0.615,-87484,87509,7.35,224.8,-92.195,3300.889,1,1,1
56226894,54902,3,35.00,-35.00,34.34,-37.37,0.625,-0.619,-87459,87486,7.36,222.2,-96.646,3299.921,1,1,1
56236903,54912,3,35.00,-35.00,36.79,-35.39,0.617,-0.627,-87430,87465,7.36,223.8,-96.585,3298.954,1,1,1
56246909,54922,3,35.00,-35.00,38.05,-34.00,0.614,-0.635,-87402,87444,7.32,221.0,-91.159,3298.041,1,1,1
56256918,54932,3,35.00,-35.00,38.94,-34.79,0.607,-0.631,-87374,87419,7.35,223.2,-88.720,3297.152,1,1,1
56266925,54942,3,35.00,-35.00,36.49,-36.21,0.615,-0.625,-87353,87392,7.36,221.5,-92.561,3296.224,1,1,1
56276933,54952,3,35.00,-35.00,35.21,-36.78,0.619,-0.622,-87331,87366,7.36,221.0,-93.780,3295.285,1,1,1
56286933,54962,3,35.00,-35.00,30.36,-37.17,0.636,-0.619,-87318,87340,7.36,219.5,-88.171,3294.402,1,1,1
56296933,54972,3,35.00,-35.00,30.04,-38.76,0.642,-0.615,-87298,87311,7.34,226.3,-82.927,3293.571,1,1,1
56306933,54982,3,35.00,-35.00,30.70,-39.44,0.640,-0.611,-87276,87283,7.35,226.5,-79.756,3292.771,1,1,1
56316933,54992,3,35.00,-35.00,32.91,-39.03,0.634,-0.612,-87250,87257,7.35,226.0,-87.134,3291.898,1,1,1
56326933,55002,3,35.00,-35.00,33.15,-36.55,0.634,-0.620,-87227,87236,7.35,223.0,-94.024,3290.957,1,1,1
56336933,55012,3,35.00,-35.00,35.07,-33.50,0.628,-0.631,-87200,87218,7.34,225.8,-95.671,3289.998,1,1,1
56346940,55022,3,35.00,-35.00,36.85,-33.55,0.623,-0.634,-87172,87195,7.32,228.3,-90.671,3289.090,1,1,1
56356940,55032,3,35.00,-35.00,37.66,-34.91,0.618,-0.628,-87145,87169,7.34,227.8,-91.646,3288.172,1,1,1
56366940,55042,3,35.00,-35.00,37.35,-35.43,0.619,-0.627,-87120,87144,7.34,222.0,-99.390,3287.176,1,1,1
56376940,55052,3,35.00,-35.00,35.81,-36.22,0.624,-0.624,-87098,87118,7.33,224.0,-105.000,3286.125,1,1,1
56386948,55062,3,35.00,-35.00,33.86,-37.66,0.632,-0.619,-87078,87090,7.33,221.2,-102.866,3285.094,1,1,1
56396955,55072,3,35.00,-35.00,31.17,-38.67,0.643,-0.614,-87061,87062,7.32,222.8,-94.268,3284.150,1,1,1
56406963,55082,3,35.00,-35.00,31.49,-39.37,0.644,-0.612,-87039,87034,7.32,225.3,-83.110,3283.317,1,1,1
56416970,55092,3,35.00,-35.00,25.56,-36.79,0.667,-0.618,-87031,87013,7.31,225.3,-77.683,3282.539,1,1,1
56426970,55102,3,35.00,-35.00,17.89,-34.54,0.700,-0.625,-87031,86993,7.27,239.5,-84.512,3281.692,1,1,1
56436983,55112,3,35.00,-35.00,12.52,-32.97,0.723,-0.631,-87031,86973,7.24,268.0,-87.683,3280.813,1,1,1
56446990,55122,3,35.00,-35.00,8.77,-32.75,0.741,-0.632,-87031,86951,7.20,287.8,-89.939,3279.912,1,1,1
56456990,55132,3,35.00,-35.00,6.58,-33.91,0.753,-0.627,-87030,86926,7.18,299.5,-93.780,3278.973,1,1,1
56466998,55142,3,35.00,-35.00,4.60,-34.28,0.758,-0.618,-87030,86902,7.22,315.0,-101.829,3277.953,1,1,1
56477005,55153,3,35.00,-35.00,3.22,-35.42,0.774,-0.619,-87030,86876,7.14,306.2,-107.134,3276.880,1,1,1
56487014,55163,3,35.00,-35.00,4.45,-36.22,0.761,-0.601,-87025,86850,7.27,326.5,-104.817,3275.830,1,1,1
56497021,55173,3,35.00,-35.00,16.74,-38.54,0.724,-0.593,-86994,86820,7.28,307.0,-103.476,3274.794,1,1,1
56507029,55183,3,35.00,-35.00,24.90,-37.96,0.697,-0.594,-86964,86795,7.29,263.5,-105.549,3273.737,1,1,1
56517036,55193,3,35.00,-35.00,30.18,-35.36,0.681,-0.604,-86935,86775,7.28,241.8,-107.439,3272.661,1,1,1
56527044,55203,3,35.00,-35.00,36.06,-31.79,0.667,-0.624,-86901,86759,7.21,232.0,-105.671,3271.602,1,1,1
56537051,55213,3,35.00,-35.00,41.50,-30.60,0.649,-0.634,-86864,86740,7.18,231.5,-101.098,3270.590,1,1,1
56547059,55223,3,35.00,-35.00,42.24,-31.09,0.644,-0.635,-86834,86718,7.18,226.0,-100.244,3269.585,1,1,1
56557066,55233,3,35.00,-35.00,42.31,-31.87,0.642,-0.635,-86805,86695,7.17,223.0,-103.415,3268.550,1,1,1
56567074,55243,3,35.00,-35.00,40.16,-32.86,0.648,-0.634,-86781,86671,7.16,223.0,-105.000,3267.498,1,1,1
56577081,55253,3,35.00,-35.00,40.86,-33.98,0.641,-0.628,-86752,86646,7.19,226.5,-104.756,3266.449,1,1,1
56587081,55263,3,35.00,-35.00,42.22,-36.97,0.634,-0.618,-86721,86616,7.20,221.2,-106.402,3265.383,1,1,1
56597081,55273,3,35.00,-35.00,42.74,-37.31,0.632,-0.620,-86691,86590,7.17,213.0,-106.402,3264.317,1,1,1
56607090,55283,3,35.00,-35.00,43.54,-36.66,0.625,-0.619,-86660,86566,7.21,215.5,-113.537,3263.180,1,1,1
56617096,55293,3,35.00,-35.00,44.54,-35.77,0.628,-0.630,-86628,86543,7.12,207.7,-108.841,3262.090,1,1,1
56627105,55303,3,35.00,-35.00,43.48,-33.83,0.638,-0.645,-86600,86523,7.04,210.0,-100.305,3261.086,1,1,1
56637105,55313,3,35.00,-35.00,42.30,-32.47,0.629,-0.640,-86573,86503,7.17,228.5,-95.976,3260.124,1,1,1
56647105,55323,3,35.00,-35.00,41.92,-30.64,0.642,-0.661,-86545,86485,7.03,214.5,-86.707,3259.256,1,1,1
56657111,55333,3,35.00,-35.00,41.65,-31.11,0.643,-0.662,-86517,86463,7.01,229.2,-75.305,3258.501,1,1,1
56667112,55343,3,35.00,-35.00,42.34,-32.33,0.622,-0.642,-86487,86439,7.21,241.5,-74.085,3257.759,1,1,1
56677127,55353,3,35.00,-35.00,42.82,-32.74,0.614,-0.637,-86457,86416,7.27,222.5,-84.207,3256.915,1,1,1
56687127,55363,3,35.00,-35.00,44.91,-33.46,0.603,-0.634,-86423,86392,7.30,217.8,-98.537,3255.928,1,1,1
56697127,55373,3,35.00,-35.00,45.50,-34.41,0.601,-0.634,-86391,86367,7.29,213.8,-104.329,3254.883,1,1,1
56707135,55383,3,35.00,-35.00,43.72,-34.19,0.606,-0.635,-86364,86344,7.30,215.0,-103.659,3253.844,1,1,1
56717135,55393,3,35.00,-35.00,41.15,-34.48,0.608,-0.629,-86340,86320,7.36,216.5,-102.744,3252.815,1,1,1
56727135,55403,3,35.00,-35.00,38.03,-34.25,0.618,-0.630,-86319,86297,7.35,213.8,-95.366,3251.860,1,1,1
56737135,55413,3,35.00,-35.00,38.05,-34.52,0.618,-0.630,-86293,86273,7.35,221.5,-89.085,3250.968,1,1,1
56747148,55423,3,35.00,-35.00,38.94,-35.15,0.619,-0.632,-86265,86248,7.30,218.8,-86.524,3250.101,1,1,1
56757150,55433,3,35.00,-35.00,40.00,-35.15,0.613,-0.631,-86236,86224,7.32,221.0,-95.061,3249.148,1,1,1
56767157,55443,3,35.00,-35.00,39.87,-35.59,0.612,-0.629,-86209,86199,7.34,218.8,-108.232,3248.064,1,1,1
56777166,55453,3,35.00,-35.00,41.97,-36.34,0.605,-0.627,-86177,86173,7.34,217.2,-113.841,3246.924,1,1,1
56787181,55463,3,35.00,-35.00,42.56,-36.86,0.603,-0.626,-86147,86147,7.34,211.8,-111.768,3245.805,1,1,1
56797188,55473,3,35.00,-35.00,40.34,-35.03,0.608,-0.631,-86123,86126,7.34,210.7,-105.610,3244.747,1,1,1
56807196,55483,3,35.00,-35.00,37.91,-33.75,0.622,-0.642,-86101,86105,7.26,212.0,-94.634,3243.799,1,1,1
56817202,55493,3,35.00,-35.00,37.08,-33.73,0.625,-0.643,-86077,86082,7.26,224.0,-80.305,3242.995,1,1,1
56827211,55503,3,35.00,-35.00,37.38,-34.60,0.624,-0.641,-86051,86057,7.26,227.8,-72.073,3242.272,1,1,1
56837218,55513,3,35.00,-35.00,37.59,-35.21,0.623,-0.639,-86025,86032,7.26,227.0,-79.634,3241.474,1,1,1
56847227,55523,3,35.00,-35.00,38.18,-35.63,0.623,-0.639,-85998,86007,7.24,222.2,-95.000,3240.522,1,1,1
56857233,55533,3,35.00,-35.00,38.59,-35.05,0.618,-0.639,-85971,85984,7.27,224.3,-105.915,3239.462,1,1,1
56867233,55543,3,35.00,-35.00,39.76,-37.28,0.616,-0.633,-85942,85955,7.26,224.0,-112.805,3238.332,1,1,1
56877241,55553,3,35.00,-35.00,40.14,-38.84,0.617,-0.629,-85914,85926,7.23,215.5,-113.232,3237.198,1,1,1
56887241,55563,3,35.00,-35.00,36.88,-37.73,0.630,-0.634,-85894,85902,7.20,213.5,-105.244,3236.144,1,1,1
56897248,55573,3,35.00,-35.00,35.93,-36.08,0.632,-0.638,-85871,85880,7.21,221.2,-92.683,3235.216,1,1,1
56907248,55583,3,35.00,-35.00,35.70,-33.61,0.634,-0.648,-85847,85861,7.20,226.3,-80.854,3234.406,1,1,1
56917248,55593,3,35.00,-35.00,35.97,-33.63,0.631,-0.648,-85822,85838,7.21,231.0,-79.878,3233.605,1,1,1
56927248,55603,3,35.00,-35.00,37.49,-34.97,0.626,-0.643,-85794,85812,7.22,229.8,-86.341,3232.740,1,1,1
56937248,55613,3,35.00,-35.00,38.11,-35.90,0.623,-0.640,-85767,85786,7.22,226.5,-97.561,3231.763,1,1,1
56947257,55623,3,35.00,-35.00,38.54,-36.12,0.621,-0.638,-85740,85761,7.23,224.3,-105.549,3230.706,1,1,1
56957272,55633,3,35.00,-35.00,39.28,-36.27,0.618,-0.638,-85712,85736,7.23,220.5,-104.390,3229.660,1,1,1
56967279,55643,3,35.00,-35.00,38.04,-36.38,0.623,-0.638,-85688,85711,7.22,220.5,-100.427,3228.654,1,1,1
56977287,55653,3,35.00,-35.00,34.10,-36.01,0.636,-0.638,-85671,85687,7.22,220.5,-94.634,3227.706,1,1,1
56987287,55663,3,35.00,-35.00,33.10,-36.19,0.640,-0.637,-85650,85662,7.22,226.0,-83.415,3226.870,1,1,1
56997287,55673,3,35.00,-35.00,31.52,-35.88,0.647,-0.637,-85631,85638,7.22,231.0,-75.000,3226.119,1,1,1
57007287,55683,3,35.00,-35.00,32.61,-36.54,0.644,-0.634,-85607,85612,7.22,235.7,-80.915,3225.308,1,1,1
57017287,55693,3,35.00,-35.00,33.81,-37.45,0.641,-0.630,-85582,85585,7.22,229.8,-91.280,3224.393,1,1,1
57027294,55703,3,35.00,-35.00,35.53,-37.20,0.634,-0.629,-85555,85560,7.24,229.8,-100.854,3223.383,1,1,1
57037302,55713,3,35.00,-35.00,37.62,-38.34,0.628,-0.626,-85526,85532,7.23,225.5,-108.902,3222.292,1,1,1
57047302,55723,3,35.00,-35.00,36.44,-40.90,0.635,-0.618,-85503,85500,7.20,222.0,-114.878,3221.142,1,1,1
57057309,55733,3,35.00,-35.00,36.93,-40.50,0.633,-0.619,-85477,85473,7.19,217.0,-114.024,3220.000,1,1,1
57067317,55743,3,35.00,-35.00,36.40,-39.33,0.634,-0.622,-85453,85448,7.21,215.5,-103.171,3218.967,1,1,1
57077324,55753,3,35.00,-35.00,36.03,-36.32,0.635,-0.632,-85429,85428,7.20,220.2,-92.500,3218.040,1,1,1
57087332,55763,3,35.00,-35.00,35.33,-34.22,0.635,-0.638,-85406,85408,7.21,226.0,-83.720,3217.201,1,1,1
57097339,55773,3,35.00,-35.00,34.84,-34.50,0.639,-0.639,-85383,85384,7.19,227.0,-80.427,3216.396,1,1,1
57107348,55783,3,35.00,-35.00,34.93,-36.45,0.618,-0.611,-85359,85356,7.43,241.0,-84.939,3215.544,1,1,1
57117348,55793,3,35.00,-35.00,35.88,-36.94,0.624,-0.619,-85333,85330,7.33,210.7,-94.756,3214.595,1,1,1
57127348,55803,3,35.00,-35.00,36.54,-37.73,0.627,-0.621,-85307,85303,7.27,214.5,-102.744,3213.566,1,1,1
57137348,55813,3,35.00,-35.00,37.00,-38.27,0.629,-0.622,-85281,85276,7.24,217.5,-106.463,3212.500,1,1,1
57147348,55823,3,35.00,-35.00,37.33,-38.22,0.629,-0.623,-85255,85250,7.22,217.0,-101.280,3211.486,1,1,1
57157354,55833,3,35.00,-35.00,36.68,-36.86,0.627,-0.624,-85231,85227,7.27,217.5,-91.768,3210.566,1,1,1
57167354,55843,3,35.00,-35.00,37.10,-35.91,0.622,-0.624,-85205,85204,7.30,220.5,-87.134,3209.693,1,1,1
57177355,55853,3,35.00,-35.00,36.08,-35.24,0.638,-0.639,-85182,85181,7.15,213.5,-82.439,3208.867,1,1,1
57187355,55863,3,35.00,-35.00,35.80,-36.10,0.632,-0.629,-85158,85155,7.24,231.8,-81.220,3208.053,1,1,1
57197363,55873,3,35.00,-35.00,36.05,-37.13,0.634,-0.628,-85133,85128,7.21,221.0,-86.951,3207.182,1,1,1
57207369,55883,3,35.00,-35.00,36.22,-37.86,0.627,-0.619,-85108,85101,7.29,226.0,-97.317,3206.208,1,1,1
57217369,55893,3,35.00,-35.00,37.66,-38.81,0.624,-0.618,-85080,85073,7.27,217.5,-107.439,3205.132,1,1,1
57227369,55903,3,35.00,-35.00,38.23,-39.91,0.621,-0.612,-85053,85044,7.29,214.8,-112.927,3204.001,1,1,1
57237369,55913,3,35.00,-35.00,39.06,-38.92,0.622,-0.619,-85025,85019,7.25,209.0,-114.817,3202.851,1,1,1
57247377,55923,3,35.00,-35.00,41.41,-38.67,0.612,-0.618,-84993,84993,7.27,218.5,-110.305,3201.746,1,1,1
57257385,55933,3,35.00,-35.00,42.61,-35.86,0.604,-0.626,-84962,84973,7.30,207.2,-97.988,3200.765,1,1,1
57267393,55943,3,35.00,-35.00,41.25,-33.89,0.616,-0.642,-84936,84953,7.20,208.7,-88.841,3199.875,1,1,1
57277393,55953,3,35.00,-35.00,39.86,-33.83,0.615,-0.638,-84911,84930,7.26,222.5,-79.207,3199.081,1,1,1
57287400,55963,3,35.00,-35.00,36.69,-34.67,0.630,-0.639,-84891,84905,7.21,216.2,-74.024,3198.339,1,1,1
57297400,55973,3,35.00,-35.00,34.03,-35.69,0.639,-0.635,-84872,84879,7.21,226.3,-77.195,3197.565,1,1,1
57307400,55983,3,35.00,-35.00,35.25,-35.97,0.632,-0.631,-84846,84854,7.24,227.8,-81.037,3196.753,1,1,1
57317400,55993,3,35.00,-35.00,36.10,-36.61,0.623,-0.622,-84820,84828,7.32,226.0,-89.878,3195.853,1,1,1
57327400,56003,3,35.00,-35.00,37.58,-38.37,0.620,-0.619,-84792,84799,7.29,217.2,-101.646,3194.835,1,1,1
57337400,56013,3,35.00,-35.00,38.17,-37.84,0.616,-0.619,-84765,84774,7.32,217.5,-104.512,3193.788,1,1,1
57347409,56023,3,35.00,-35.00,39.90,-35.72,0.611,-0.628,-84735,84753,7.30,213.0,-95.610,3192.830,1,1,1
57357423,56033,3,35.00,-35.00,40.67,-34.67,0.604,-0.629,-84706,84731,7.34,215.2,-85.671,3191.972,1,1,1
57367423,56043,3,35.00,-35.00,38.14,-33.94,0.611,-0.631,-84684,84709,7.35,215.2,-78.110,3191.189,1,1,1
57377423,56053,3,35.00,-35.00,36.37,-34.74,0.617,-0.628,-84662,84684,7.34,221.0,-75.854,3190.429,1,1,1
57387430,56063,3,35.00,-35.00,36.44,-34.87,0.618,-0.629,-84637,84660,7.34,219.2,-79.512,3189.632,1,1,1
57397439,56073,3,35.00,-35.00,36.94,-35.83,0.616,-0.626,-84611,84634,7.33,220.2,-88.902,3188.741,1,1,1
57407445,56083,3,35.00,-35.00,37.72,-36.07,0.616,-0.627,-84584,84609,7.31,220.0,-100.854,3187.731,1,1,1
57417454,56093,3,35.00,-35.00,37.83,-36.67,0.612,-0.622,-84558,84583,7.35,219.8,-108.049,3186.649,1,1,1
57427454,56103,3,35.00,-35.00,38.35,-35.78,0.608,-0.624,-84531,84560,7.37,217.0,-107.744,3185.570,1,1,1
57437461,56113,3,35.00,-35.00,40.90,-34.27,0.599,-0.630,-84499,84539,7.37,216.5,-96.829,3184.600,1,1,1
57447469,56123,3,35.00,-35.00,42.26,-34.10,0.594,-0.632,-84468,84516,7.37,216.2,-87.561,3183.723,1,1,1
57457476,56133,3,35.00,-35.00,42.32,-33.98,0.593,-0.634,-84439,84493,7.36,214.5,-85.610,3182.865,1,1,1
57467476,56143,3,35.00,-35.00,40.61,-34.77,0.598,-0.631,-84414,84468,7.36,215.8,-87.012,3181.993,1,1,1
57477485,56153,3,35.00,-35.00,36.34,-34.89,0.611,-0.630,-84396,84444,7.37,218.2,-87.866,3181.113,1,1,1
57487493,56163,3,35.00,-35.00,32.47,-35.85,0.626,-0.626,-84380,84418,7.36,218.2,-86.159,3180.250,1,1,1
57497493,56173,3,35.00,-35.00,32.84,-36.08,0.626,-0.625,-84357,84393,7.36,221.8,-82.378,3179.424,1,1,1
57507500,56183,3,35.00,-35.00,33.97,-36.68,0.623,-0.623,-84332,84367,7.35,225.5,-87.927,3178.543,1,1,1
57517500,56193,3,35.00,-35.00,36.08,-36.66,0.616,-0.623,-84304,84342,7.36,222.2,-99.146,3177.550,1,1,1
57527500,56203,3,35.00,-35.00,38.00,-37.09,0.611,-0.625,-84275,84316,7.33,217.2,-97.378,3176.575,1,1,1
57537508,56213,3,35.00,-35.00,40.66,-35.19,0.601,-0.632,-84243,84295,7.33,218.0,-97.378,3175.599,1,1,1
57547508,56223,3,35.00,-35.00,39.45,-34.30,0.605,-0.636,-84218,84273,7.32,215.2,-88.659,3174.711,1,1,1
57557515,56233,3,35.00,-35.00,38.16,-33.68,0.610,-0.640,-84194,84251,7.30,218.0,-82.866,3173.881,1,1,1
57567515,56243,3,35.00,-35.00,35.50,-34.56,0.619,-0.637,-84174,84226,7.30,222.5,-76.707,3173.112,1,1,1
57577515,56253,3,35.00,-35.00,32.76,-35.18,0.630,-0.636,-84156,84201,7.28,225.0,-74.634,3172.364,1,1,1
57587515,56263,3,35.00,-35.00,33.04,-35.61,0.631,-0.634,-84133,84176,7.28,227.3,-76.098,3171.601,1,1,1
57597524,56273,3,35.00,-35.00,34.12,-36.79,0.627,-0.629,-84108,84149,7.29,228.0,-81.098,3170.789,1,1,1
57607524,56283,3,35.00,-35.00,36.62,-36.74,0.616,-0.627,-84079,84124,7.32,226.3,-90.610,3169.881,1,1,1
57617530,56293,3,35.00,-35.00,36.18,-35.83,0.616,-0.629,-84055,84101,7.33,220.8,-98.659,3168.893,1,1,1
57627539,56303,3,35.00,-35.00,37.19,-35.19,0.616,-0.636,-84028,84078,7.28,217.8,-98.049,3167.911,1,1,1
57637545,56313,3,35.00,-35.00,40.10,-34.74,0.605,-0.638,-83996,84055,7.29,221.8,-92.683,3166.982,1,1,1
57647545,56323,3,35.00,-35.00,40.37,-34.86,0.604,-0.639,-83968,84031,7.28,221.8,-87.805,3166.103,1,1,1
57657545,56333,3,35.00,-35.00,38.81,-35.83,0.611,-0.637,-83944,84005,7.26,218.8,-91.524,3165.186,1,1,1
57667545,56343,3,35.00,-35.00,35.95,-36.51,0.622,-0.636,-83924,83979,7.25,219.0,-95.732,3164.227,1,1,1
57677545,56353,3,35.00,-35.00,32.20,-37.42,0.637,-0.632,-83908,83952,7.23,226.0,-96.951,3163.255,1,1,1
57687545,56363,3,35.00,-35.00,32.21,-38.06,0.640,-0.631,-83886,83925,7.21,228.5,-93.902,3162.315,1,1,1
57697554,56373,3,35.00,-35.00,33.97,-39.39,0.636,-0.627,-83860,83896,7.21,227.5,-89.573,3161.417,1,1,1
57707554,56383,3,35.00,-35.00,34.77,-38.56,0.633,-0.629,-83835,83871,7.21,225.3,-95.854,3160.457,1,1,1
57717560,56393,3,35.00,-35.00,36.20,-37.54,0.628,-0.633,-83808,83847,7.21,223.0,-106.524,3159.390,1,1,1
57727569,56403,3,35.00,-35.00,38.52,-34.19,0.618,-0.644,-83778,83829,7.22,223.2,-104.634,3158.342,1,1,1
57737576,56413,3,35.00,-35.00,40.59,-32.72,0.610,-0.652,-83747,83809,7.21,224.5,-97.134,3157.369,1,1,1
57747576,56423,3,35.00,-35.00,38.52,-33.45,0.620,-0.653,-83724,83785,7.18,224.0,-91.829,3156.449,1,1,1
57757576,56433,3,35.00,-35.00,37.07,-35.28,0.624,-0.646,-83701,83758,7.19,227.3,-91.037,3155.537,1,1,1
57767576,56443,3,35.00,-35.00,32.98,-35.68,0.638,-0.643,-83685,83733,7.18,226.0,-89.207,3154.643,1,1,1
57777584,56453,3,35.00,-35.00,32.32,-35.96,0.642,-0.642,-83664,83708,7.18,231.2,-87.866,3153.763,1,1,1
57787591,56463,3,35.00,-35.00,33.61,-37.04,0.639,-0.639,-83639,83681,7.17,232.7,-84.878,3152.913,1,1,1
57797599,56473,3,35.00,-35.00,34.95,-37.35,0.634,-0.637,-83613,83655,7.18,228.0,-89.146,3152.020,1,1,1
57807606,56483,3,35.00,-35.00,35.89,-38.45,0.633,-0.634,-83587,83627,7.17,225.5,-101.829,3151.000,1,1,1
57817614,56493,3,35.00,-35.00,36.55,-36.58,0.628,-0.639,-83561,83605,7.19,226.5,-106.768,3149.930,1,1,1
57827614,56503,3,35.00,-35.00,38.77,-35.28,0.625,-0.650,-83531,83583,7.13,221.8,-103.659,3148.892,1,1,1
57837621,56513,3,35.00,-35.00,38.56,-35.24,0.626,-0.651,-83505,83559,7.12,225.8,-97.134,3147.919,1,1,1
57847630,56523,3,35.00,-35.00,34.90,-36.53,0.638,-0.645,-83487,83532,7.12,227.5,-93.537,3146.982,1,1,1
57857636,56533,3,35.00,-35.00,32.78,-37.00,0.638,-0.634,-83468,83506,7.21,233.7,-90.915,3146.071,1,1,1
57867636,56543,3,35.00,-35.00,33.06,-38.20,0.638,-0.630,-83445,83478,7.22,227.8,-90.000,3145.169,1,1,1
57877645,56553,3,35.00,-35.00,32.81,-40.37,0.642,-0.624,-83423,83447,7.20,226.0,-91.768,3144.250,1,1,1
57887645,56563,3,35.00,-35.00,33.95,-41.44,0.640,-0.620,-83398,83417,7.19,224.3,-98.476,3143.264,1,1,1
57897652,56573,3,35.00,-35.00,35.19,-39.99,0.631,-0.620,-83372,83392,7.25,222.2,-103.293,3142.229,1,1,1
57907652,56583,3,35.00,-35.00,37.38,-37.22,0.622,-0.629,-83343,83371,7.25,219.8,-102.256,3141.205,1,1,1
57917667,56593,3,35.00,-35.00,38.91,-34.41,0.619,-0.642,-83314,83352,7.22,218.0,-96.707,3140.236,1,1,1
57927675,56603,3,35.00,-35.00,39.98,-34.19,0.618,-0.648,-83285,83329,7.17,219.8,-89.939,3139.335,1,1,1
57937675,56613,3,35.00,-35.00,38.53,-35.80,0.627,-0.647,-83261,83302,7.12,222.8,-88.841,3138.445,1,1,1
57947675,56623,3,35.00,-35.00,36.20,-36.49,0.634,-0.643,-83240,83276,7.13,226.5,-93.598,3137.507,1,1,1
57957682,56633,3,35.00,-35.00,32.81,-37.41,0.640,-0.632,-83223,83249,7.21,230.0,-92.500,3136.581,1,1,1
57967690,56643,3,35.00,-35.00,31.32,-38.05,0.644,-0.626,-83204,83222,7.24,228.5,-87.317,3135.706,1,1,1
57977697,56653,3,35.00,-35.00,32.03,-39.82,0.652,-0.628,-83181,83192,7.15,225.0,-82.561,3134.879,1,1,1
57987705,56663,3,35.00,-35.00,32.97,-40.18,0.644,-0.620,-83157,83164,7.22,231.5,-85.793,3134.019,1,1,1
57997712,56673,3,35.00,-35.00,34.50,-37.35,0.641,-0.632,-83131,83143,7.18,222.8,-94.268,3133.075,1,1,1
58007721,56683,3,35.00,-35.00,35.14,-34.94,0.634,-0.636,-83106,83123,7.24,230.8,-98.841,3132.085,1,1,1
58017727,56693,3,35.00,-35.00,38.22,-35.00,0.621,-0.635,-83075,83099,7.26,229.2,-96.707,3131.116,1,1,1
58027736,56703,3,35.00,-35.00,38.62,-35.93,0.621,-0.634,-83048,83073,7.24,221.2,-94.573,3130.169,1,1,1
58037743,56713,3,35.00,-35.00,38.46,-36.14,0.624,-0.637,-83022,83048,7.19,221.5,-101.585,3129.151,1,1,1
58047743,56723,3,35.00,-35.00,36.59,-36.72,0.627,-0.632,-83000,83022,7.23,222.2,-108.354,3128.066,1,1,1
58057743,56733,3,35.00,-35.00,35.28,-38.45,0.634,-0.628,-82978,82993,7.20,220.5,-106.951,3126.995,1,1,1
58067743,56743,3,35.00,-35.00,31.73,-39.66,0.649,-0.623,-82962,82964,7.19,219.5,-98.537,3126.008,1,1,1
58077751,56753,3,35.00,-35.00,31.88,-40.07,0.652,-0.624,-82940,82936,7.16,225.8,-89.024,3125.116,1,1,1
58087758,56763,3,35.00,-35.00,24.51,-37.27,0.677,-0.627,-82935,82915,7.19,229.2,-80.976,3124.305,1,1,1
58097758,56773,3,35.00,-35.00,17.16,-34.88,0.707,-0.632,-82935,82895,7.18,245.0,-85.793,3123.445,1,1,1
58107766,56783,3,35.00,-35.00,12.01,-33.65,0.737,-0.640,-82935,82874,7.11,269.0,-90.610,3122.538,1,1,1
58117773,56793,3,35.00,-35.00,8.41,-33.66,0.751,-0.637,-82935,82851,7.10,294.2,-92.744,3121.609,1,1,1
58127773,56803,3,35.00,-35.00,6.32,-34.11,0.763,-0.634,-82934,82827,7.08,307.5,-95.793,3120.649,1,1,1
58137781,56813,3,35.00,-35.00,4.43,-34.86,0.772,-0.628,-82934,82802,7.09,314.0,-104.207,3119.605,1,1,1
58147788,56823,3,35.00,-35.00,3.10,-36.27,0.781,-0.620,-82934,82775,7.08,317.8,-111.829,3118.486,1,1,1
58157788,56833,3,35.00,-35.00,8.32,-38.13,0.770,-0.614,-82920,82746,7.05,322.5,-109.634,3117.388,1,1,1
58167788,56843,3,35.00,-35.00,19.45,-39.00,0.727,-0.604,-82889,82718,7.14,309.2,-106.646,3116.320,1,1,1
58177788,56853,3,35.00,-35.00,27.68,-37.84,0.695,-0.602,-82857,82694,7.21,264.8,-107.195,3115.246,1,1,1
58187788,56863,3,35.00,-35.00,33.44,-35.28,0.674,-0.609,-82825,82674,7.23,237.2,-107.683,3114.168,1,1,1
58197797,56873,3,35.00,-35.00,38.79,-31.29,0.653,-0.625,-82790,82659,7.24,229.0,-105.183,3113.114,1,1,1
58207797,56883,3,35.00,-35.00,42.53,-30.69,0.639,-0.631,-82755,82639,7.23,223.2,-101.220,3112.100,1,1,1
58217803,56893,3,35.00,-35.00,42.52,-31.59,0.640,-0.633,-82726,82616,7.19,218.5,-101.829,3111.080,1,1,1
58227803,56903,3,35.00,-35.00,42.94,-32.66,0.642,-0.638,-82696,82592,7.12,218.2,-105.183,3110.027,1,1,1
58237803,56913,3,35.00,-35.00,41.93,-33.41,0.642,-0.635,-82669,82568,7.14,223.2,-107.195,3108.953,1,1,1
58247812,56923,3,35.00,-35.00,42.09,-34.81,0.642,-0.634,-82640,82542,7.11,220.2,-105.366,3107.898,1,1,1
58257812,56933,3,35.00,-35.00,43.09,-37.11,0.637,-0.628,-82609,82513,7.09,218.5,-105.183,3106.845,1,1,1
58267812,56943,3,35.00,-35.00,43.78,-36.97,0.632,-0.627,-82578,82488,7.12,215.5,-110.793,3105.735,1,1,1
58277812,56953,3,35.00,-35.00,44.27,-36.86,0.633,-0.631,-82547,82463,7.08,210.2,-109.817,3104.635,1,1,1
58287812,56963,3,35.00,-35.00,45.49,-35.47,0.629,-0.638,-82514,82441,7.07,212.0,-105.244,3103.581,1,1,1
58297819,56973,3,35.00,-35.00,44.15,-34.06,0.626,-0.638,-82486,82420,7.13,217.5,-100.000,3102.580,1,1,1
58307834,56983,3,35.00,-35.00,42.77,-33.51,0.634,-0.645,-82459,82398,7.08,214.5,-89.573,3101.682,1,1,1
58317842,56993,3,35.00,-35.00,42.68,-31.37,0.636,-0.657,-82430,82380,7.05,218.5,-79.573,3100.885,1,1,1
58327842,57003,3,35.00,-35.00,43.06,-31.62,0.635,-0.660,-82400,82358,7.03,227.0,-79.329,3100.090,1,1,1
58337842,57013,3,35.00,-35.00,43.33,-33.12,0.636,-0.659,-82370,82333,7.01,228.3,-87.439,3099.214,1,1,1
58347842,57023,3,35.00,-35.00,45.27,-33.73,0.628,-0.658,-82336,82309,7.02,226.5,-97.866,3098.234,1,1,1
58357849,57033,3,35.00,-35.00,46.63,-34.16,0.605,-0.642,-82302,82285,7.20,233.0,-102.927,3097.203,1,1,1
58367849,57043,3,35.00,-35.00,45.82,-34.46,0.609,-0.644,-82272,82261,7.18,213.2,-104.939,3096.152,1,1,1
58377857,57053,3,35.00,-35.00,43.50,-34.23,0.618,-0.648,-82246,82238,7.14,215.8,-102.073,3095.129,1,1,1
58387857,57063,3,35.00,-35.00,40.12,-34.07,0.625,-0.646,-82224,82215,7.18,221.2,-94.146,3094.186,1,1,1
58397857,57073,3,35.00,-35.00,39.07,-34.39,0.630,-0.646,-82199,82191,7.16,222.2,-89.329,3093.291,1,1,1
58407857,57083,3,35.00,-35.00,39.21,-35.06,0.633,-0.648,-82172,82166,7.12,226.0,-92.073,3092.369,1,1,1
58417857,57093,3,35.00,-35.00,40.19,-35.09,0.628,-0.648,-82143,82142,7.13,226.0,-104.939,3091.318,1,1,1
58427857,57103,3,35.00,-35.00,40.88,-35.11,0.621,-0.645,-82114,82118,7.17,225.5,-115.366,3090.162,1,1,1
58437864,57113,3,35.00,-35.00,42.68,-35.12,0.616,-0.647,-82082,82094,7.17,221.8,-116.585,3088.995,1,1,1
58447873,57123,3,35.00,-35.00,44.38,-32.06,0.611,-0.662,-82049,82077,7.14,218.5,-113.110,3087.862,1,1,1
58457888,57133,3,35.00,-35.00,42.05,-36.94,0.627,-0.653,-82024,82044,7.05,220.0,-102.378,3086.837,1,1,1
58467894,57143,3,35.00,-35.00,39.10,-35.97,0.630,-0.650,-82002,82021,7.11,225.3,-87.195,3085.963,1,1,1
58477903,57153,3,35.00,-35.00,37.48,-34.84,0.629,-0.648,-81979,81999,7.18,226.8,-87.195,3085.090,1,1,1
58487903,57163,3,35.00,-35.00,38.10,-35.38,0.627,-0.646,-81952,81974,7.18,225.3,-76.707,3084.321,1,1,1
58497910,57173,3,35.00,-35.00,38.98,-35.75,0.623,-0.645,-81924,81949,7.19,226.8,-77.683,3083.542,1,1,1
58507910,57183,3,35.00,-35.00,40.03,-36.01,0.611,-0.636,-81895,81924,7.28,229.8,-92.134,3082.619,1,1,1
58517910,57193,3,35.00,-35.00,39.44,-36.19,0.610,-0.633,-81869,81899,7.31,220.0,-105.427,3081.563,1,1,1
58527918,57203,3,35.00,-35.00,40.79,-36.32,0.604,-0.632,-81839,81874,7.32,215.5,-113.354,3080.428,1,1,1
58537925,57213,3,35.00,-35.00,41.74,-38.61,0.602,-0.625,-81809,81844,7.31,214.8,-116.768,3079.259,1,1,1
58547925,57223,3,35.00,-35.00,38.45,-38.45,0.624,-0.635,-81788,81818,7.19,208.5,-114.329,3078.114,1,1,1
58557925,57233,3,35.00,-35.00,37.02,-38.34,0.629,-0.634,-81765,81792,7.18,218.2,-100.732,3077.104,1,1,1
58567925,57243,3,35.00,-35.00,36.46,-35.19,0.630,-0.645,-81741,81773,7.17,221.2,-87.866,3076.224,1,1,1
58577925,57253,3,35.00,-35.00,37.39,-33.42,0.627,-0.652,-81714,81753,7.18,226.3,-84.573,3075.377,1,1,1
58587933,57263,3,35.00,-35.00,38.04,-34.82,0.625,-0.648,-81687,81727,7.17,227.3,-87.561,3074.500,1,1,1
58597933,57273,3,35.00,-35.00,38.49,-34.92,0.622,-0.647,-81660,81703,7.19,226.0,-94.207,3073.556,1,1,1
58607933,57283,3,35.00,-35.00,40.57,-35.87,0.614,-0.644,-81629,81677,7.20,225.5,-101.280,3072.542,1,1,1
58617933,57293,3,35.00,-35.00,40.26,-36.54,0.616,-0.643,-81602,81651,7.18,220.0,-104.695,3071.493,1,1,1
58627933,57303,3,35.00,-35.00,37.41,-35.68,0.628,-0.648,-81581,81628,7.15,217.0,-104.390,3070.447,1,1,1
58637933,57313,3,35.00,-35.00,34.54,-36.40,0.639,-0.646,-81562,81602,7.13,223.8,-98.598,3069.460,1,1,1
58647940,57323,3,35.00,-35.00,32.97,-36.03,0.650,-0.650,-81542,81578,7.08,228.0,-83.720,3068.621,1,1,1
58657940,57333,3,35.00,-35.00,32.74,-36.21,0.652,-0.650,-81520,81553,7.08,233.2,-74.573,3067.874,1,1,1
58667948,57343,3,35.00,-35.00,34.35,-36.77,0.643,-0.644,-81494,81527,7.12,237.5,-79.268,3067.079,1,1,1
58677948,57353,3,35.00,-35.00,35.47,-37.17,0.640,-0.642,-81468,81501,7.12,232.0,-90.000,3066.177,1,1,1
58687948,57363,3,35.00,-35.00,37.57,-37.44,0.634,-0.643,-81439,81475,7.10,228.0,-100.244,3065.173,1,1,1
58697955,57373,3,35.00,-35.00,36.85,-37.63,0.633,-0.640,-81415,81449,7.13,227.8,-109.390,3064.078,1,1,1
58707955,57383,3,35.00,-35.00,38.10,-40.41,0.630,-0.631,-81387,81417,7.13,225.0,-116.341,3062.913,1,1,1
58717955,57393,3,35.00,-35.00,38.09,-40.59,0.632,-0.631,-81361,81389,7.11,218.5,-114.146,3061.770,1,1,1
58727963,57403,3,35.00,-35.00,37.21,-39.40,0.637,-0.637,-81337,81364,7.09,216.2,-105.061,3060.718,1,1,1
58737963,57413,3,35.00,-35.00,35.72,-36.81,0.643,-0.647,-81315,81343,7.07,221.5,-96.037,3059.756,1,1,1
58747976,57423,3,35.00,-35.00,35.99,-34.55,0.637,-0.650,-81290,81323,7.12,230.2,-87.622,3058.878,1,1,1
58757979,57433,3,35.00,-35.00,35.30,-35.17,0.643,-0.651,-81267,81298,7.08,228.0,-82.195,3058.054,1,1,1
58767979,57443,3,35.00,-35.00,35.70,-36.49,0.641,-0.646,-81242,81271,7.09,230.8,-83.110,3057.221,1,1,1
58777990,57453,3,35.00,-35.00,36.41,-36.97,0.639,-0.644,-81216,81245,7.09,229.0,-91.524,3056.304,1,1,1
58787990,57463,3,35.00,-35.00,36.48,-37.30,0.635,-0.639,-81191,81219,7.13,229.2,-100.854,3055.294,1,1,1
58797990,57473,3,35.00,-35.00,37.40,-37.98,0.633,-0.638,-81164,81192,7.12,221.5,-105.854,3054.234,1,1,1
58807998,57483,3,35.00,-35.00,37.60,-38.45,0.633,-0.637,-81138,81165,7.11,220.8,-103.963,3053.193,1,1,1
58818005,57494,3,35.00,-35.00,37.75,-37.90,0.633,-0.639,-81112,81140,7.11,221.8,-98.902,3052.202,1,1,1
58828005,57504,3,35.00,-35.00,37.41,-36.64,0.633,-0.643,-81087,81117,7.12,222.2,-90.854,3051.292,1,1,1
58838005,57514,3,35.00,-35.00,36.29,-36.19,0.639,-0.646,-81064,81093,7.09,222.8,-82.866,3050.462,1,1,1
58848011,57524,3,35.00,-35.00,36.39,-36.32,0.639,-0.646,-81039,81068,7.09,229.0,-79.756,3049.662,1,1,1
58858020,57534,3,35.00,-35.00,36.90,-37.29,0.637,-0.643,-81013,81041,7.09,229.2,-85.427,3048.806,1,1,1
58868020,57544,3,35.00,-35.00,38.57,-37.97,0.633,-0.642,-80984,81014,7.09,226.3,-98.902,3047.816,1,1,1
58878020,57554,3,35.00,-35.00,38.87,-38.44,0.631,-0.640,-80957,80987,7.10,227.0,-111.524,3046.699,1,1,1
58888020,57564,3,35.00,-35.00,39.51,-39.21,0.630,-0.639,-80929,80959,7.08,219.8,-117.439,3045.523,1,1,1
58898029,57574,3,35.00,-35.00,42.16,-39.32,0.622,-0.639,-80896,80932,7.08,218.2,-115.793,3044.363,1,1,1
58908036,57584,3,35.00,-35.00,43.57,-39.39,0.618,-0.641,-80864,80905,7.07,216.2,-111.524,3043.246,1,1,1
58918044,57594,3,35.00,-35.00,41.93,-37.24,0.626,-0.651,-80838,80883,7.03,213.8,-103.110,3042.213,1,1,1
58928044,57604,3,35.00,-35.00,40.34,-35.73,0.607,-0.634,-80813,80861,7.28,232.5,-88.780,3041.324,1,1,1
58938051,57614,3,35.00,-35.00,37.02,-35.12,0.616,-0.634,-80793,80838,7.29,217.0,-77.622,3040.546,1,1,1
58948059,57624,3,35.00,-35.00,34.27,-36.01,0.626,-0.631,-80774,80812,7.29,219.0,-74.085,3039.804,1,1,1
58958066,57634,3,35.00,-35.00,35.85,-36.63,0.621,-0.629,-80747,80786,7.29,221.0,-76.159,3039.041,1,1,1
58968066,57644,3,35.00,-35.00,36.96,-37.07,0.618,-0.628,-80720,80760,7.28,218.2,-84.939,3038.189,1,1,1
58978074,57654,3,35.00,-35.00,37.74,-37.37,0.616,-0.629,-80693,80734,7.27,218.8,-97.073,3037.217,1,1,1
58988074,57664,3,35.00,-35.00,39.60,-38.91,0.611,-0.624,-80663,80705,7.27,217.0,-105.854,3036.157,1,1,1
58998081,57674,3,35.00,-35.00,40.90,-38.22,0.606,-0.627,-80633,80680,7.28,211.8,-105.244,3035.103,1,1,1
59008081,57684,3,35.00,-35.00,40.94,-36.42,0.605,-0.633,-80605,80658,7.27,212.8,-96.220,3034.139,1,1,1
59018081,57694,3,35.00,-35.00,39.20,-35.16,0.612,-0.639,-80581,80636,7.25,213.2,-85.610,3033.281,1,1,1
59028081,57704,3,35.00,-35.00,37.11,-34.72,0.619,-0.641,-80559,80613,7.24,219.5,-76.280,3032.517,1,1,1
59038090,57714,3,35.00,-35.00,36.08,-35.29,0.623,-0.640,-80536,80588,7.23,223.8,-73.963,3031.776,1,1,1
59048090,57724,3,35.00,-35.00,37.12,-35.69,0.621,-0.640,-80509,80563,7.22,221.5,-79.573,3030.979,1,1,1
59058096,57734,3,35.00,-35.00,37.41,-35.97,0.619,-0.639,-80483,80538,7.23,223.5,-91.463,3030.062,1,1,1
59068105,57744,3,35.00,-35.00,37.61,-36.17,0.619,-0.638,-80457,80513,7.23,222.8,-101.159,3029.049,1,1,1
59078111,57754,3,35.00,-35.00,38.64,-36.74,0.619,-0.641,-80429,80487,7.18,219.8,-105.061,3027.997,1,1,1
59088120,57764,3,35.00,-35.00,41.55,-35.83,0.620,-0.656,-80396,80464,7.06,216.8,-103.232,3026.963,1,1,1
59098120,57774,3,35.00,-35.00,42.71,-35.19,0.618,-0.661,-80365,80441,7.04,224.3,-96.098,3026.000,1,1,1
59108120,57784,3,35.00,-35.00,42.64,-35.18,0.610,-0.655,-80336,80417,7.12,232.5,-88.780,3025.111,1,1,1
59118120,57794,3,35.00,-35.00,39.51,-35.17,0.615,-0.650,-80314,80393,7.17,225.0,-86.037,3024.249,1,1,1
59128120,57804,3,35.00,-35.00,36.01,-35.17,0.634,-0.657,-80295,80369,7.08,220.0,-86.220,3023.385,1,1,1
59138120,57814,3,35.00,-35.00,33.12,-36.04,0.648,-0.657,-80277,80343,7.05,232.0,-85.427,3022.529,1,1,1
59148120,57824,3,35.00,-35.00,34.17,-35.78,0.657,-0.669,-80252,80319,6.92,234.5,-85.000,3021.677,1,1,1
59158120,57834,3,35.00,-35.00,35.34,-36.47,0.651,-0.666,-80226,80293,6.94,246.0,-91.585,3020.760,1,1,1
59168120,57844,3,35.00,-35.00,37.05,-36.95,0.637,-0.656,-80198,80267,7.03,243.5,-101.098,3019.747,1,1,1
59178120,57854,3,35.00,-35.00,39.12,-36.41,0.627,-0.656,-80168,80243,7.05,231.8,-102.744,3018.718,1,1,1
59188127,57864,3,35.00,-35.00,41.44,-36.92,0.624,-0.660,-80136,80217,7.01,225.3,-95.610,3017.760,1,1,1
59198127,57874,3,35.00,-35.00,40.00,-35.51,0.626,-0.663,-80111,80195,7.02,225.0,-86.220,3016.897,1,1,1
59208135,57884,3,35.00,-35.00,37.67,-35.40,0.631,-0.661,-80089,80171,7.05,233.0,-79.024,3016.105,1,1,1
59218135,57894,3,35.00,-35.00,35.15,-35.77,0.638,-0.657,-80069,80146,7.07,230.2,-75.793,3015.345,1,1,1
59228142,57904,3,35.00,-35.00,34.28,-36.90,0.644,-0.656,-80047,80119,7.04,230.0,-77.195,3014.572,1,1,1
59238150,57914,3,35.00,-35.00,34.98,-36.82,0.643,-0.658,-80022,80094,7.02,233.0,-84.329,3013.727,1,1,1
59248150,57924,3,35.00,-35.00,36.35,-38.08,0.642,-0.656,-79995,80066,7.00,233.0,-96.890,3012.756,1,1,1
59258157,57934,3,35.00,-35.00,36.87,-37.64,0.638,-0.656,-79969,80041,7.01,233.2,-104.573,3011.709,1,1,1
59268165,57944,3,35.00,-35.00,37.24,-37.33,0.639,-0.659,-79943,80016,7.00,228.8,-104.024,3010.667,1,1,1
59278165,57954,3,35.00,-35.00,40.57,-36.68,0.627,-0.661,-79910,79992,7.00,232.2,-95.061,3009.715,1,1,1
59288165,57964,3,35.00,-35.00,41.58,-36.22,0.623,-0.664,-79880,79968,7.00,227.5,-90.183,3008.811,1,1,1
59298172,57974,3,35.00,-35.00,40.97,-35.90,0.629,-0.669,-79853,79944,6.96,227.0,-93.476,3007.875,1,1,1
59308181,57984,3,35.00,-35.00,38.35,-37.44,0.639,-0.666,-79831,79916,6.94,232.5,-95.793,3006.915,1,1,1
59318187,57994,3,35.00,-35.00,35.63,-37.63,0.603,-0.619,-79811,79890,7.44,254.2,-96.585,3005.948,1,1,1
59328187,58004,3,35.00,-35.00,33.29,-38.21,0.622,-0.627,-79792,79863,7.32,208.0,-94.573,3005.000,1,1,1
59338196,58014,3,35.00,-35.00,34.73,-38.61,0.630,-0.637,-79766,79836,7.18,217.8,-93.598,3004.063,1,1,1
59348208,58024,3,35.00,-35.00,36.62,-39.33,0.617,-0.628,-79738,79808,7.26,227.8,-100.549,3003.056,1,1,1
59358211,58034,3,35.00,-35.00,37.06,-39.84,0.624,-0.634,-79712,79780,7.17,212.5,-110.122,3001.953,1,1,1
59368218,58044,3,35.00,-35.00,37.81,-38.43,0.621,-0.639,-79685,79756,7.17,218.2,-109.695,3000.854,1,1,1
59378226,58054,3,35.00,-35.00,39.65,-35.69,0.615,-0.650,-79655,79736,7.15,220.8,-102.378,2999.829,1,1,1
59388233,58064,3,35.00,-35.00,39.18,-35.09,0.612,-0.648,-79629,79713,7.20,225.0,-94.451,2998.883,1,1,1
59398233,58074,3,35.00,-35.00,36.65,-35.55,0.617,-0.643,-79608,79688,7.24,223.0,-86.341,2998.018,1,1,1
59408233,58084,3,35.00,-35.00,34.45,-36.31,0.623,-0.638,-79588,79662,7.26,223.8,-86.341,2997.153,1,1,1
59418233,58094,3,35.00,-35.00,33.78,-36.84,0.628,-0.638,-79566,79636,7.23,224.3,-83.963,2996.312,1,1,1
59428241,58104,3,35.00,-35.00,35.51,-37.66,0.623,-0.636,-79539,79609,7.23,226.8,-87.134,2995.439,1,1,1
59438248,58114,3,35.00,-35.00,35.84,-38.66,0.624,-0.634,-79514,79581,7.21,222.0,-97.012,2994.467,1,1,1
59448257,58124,3,35.00,-35.00,37.40,-39.37,0.619,-0.632,-79486,79553,7.21,221.2,-111.037,2993.355,1,1,1
59458272,58134,3,35.00,-35.00,39.36,-39.42,0.612,-0.632,-79456,79526,7.22,218.5,-119.085,2992.163,1,1,1
59468278,58144,3,35.00,-35.00,41.18,-36.83,0.602,-0.637,-79425,79505,7.26,218.0,-112.378,2991.037,1,1,1
59478278,58154,3,35.00,-35.00,38.93,-35.89,0.610,-0.642,-79402,79482,7.24,215.2,-104.207,2989.993,1,1,1
59488279,58164,3,35.00,-35.00,36.04,-35.67,0.620,-0.642,-79382,79458,7.23,219.2,-94.268,2989.049,1,1,1
59498279,58174,3,35.00,-35.00,32.70,-36.39,0.632,-0.639,-79365,79432,7.23,224.8,-82.683,2988.221,1,1,1
59508294,58184,3,35.00,-35.00,31.24,-37.34,0.639,-0.635,-79346,79405,7.23,229.5,-79.817,2987.421,1,1,1
59518294,58194,3,35.00,-35.00,31.97,-39.32,0.640,-0.630,-79323,79375,7.21,230.8,-81.890,2986.600,1,1,1
59528302,58204,3,35.00,-35.00,32.93,-40.71,0.635,-0.621,-79299,79345,7.25,230.2,-89.268,2985.706,1,1,1
59538309,58214,3,35.00,-35.00,34.48,-41.24,0.628,-0.617,-79273,79316,7.28,224.3,-101.220,2984.692,1,1,1
59548309,58224,3,35.00,-35.00,36.00,-39.41,0.621,-0.621,-79246,79292,7.30,219.8,-107.256,2983.618,1,1,1
59558309,58234,3,35.00,-35.00,38.82,-36.38,0.607,-0.628,-79215,79272,7.34,220.0,-103.720,2982.579,1,1,1
59568309,58244,3,35.00,-35.00,39.92,-34.69,0.599,-0.632,-79186,79251,7.37,215.8,-95.976,2981.618,1,1,1
59578309,58254,3,35.00,-35.00,37.61,-35.27,0.606,-0.630,-79164,79226,7.37,218.2,-91.768,2980.698,1,1,1
59588309,58264,3,35.00,-35.00,36.44,-36.56,0.611,-0.627,-79141,79199,7.35,218.0,-91.220,2979.784,1,1,1
59598309,58274,3,35.00,-35.00,33.42,-37.01,0.620,-0.622,-79123,79173,7.38,220.0,-87.195,2978.911,1,1,1
59608309,58284,3,35.00,-35.00,30.42,-37.34,0.639,-0.628,-79107,79147,7.28,219.2,-83.598,2978.073,1,1,1
59618309,58294,3,35.00,-35.00,30.52,-39.76,0.644,-0.621,-79086,79116,7.26,228.8,-81.951,2977.252,1,1,1
59628317,58304,3,35.00,-35.00,32.79,-39.70,0.634,-0.618,-79060,79089,7.29,227.3,-81.585,2976.435,1,1,1
59638324,58314,3,35.00,-35.00,33.94,-39.21,0.631,-0.619,-79035,79063,7.30,225.0,-90.793,2975.525,1,1,1
59648324,58324,3,35.00,-35.00,34.75,-36.24,0.627,-0.628,-79010,79043,7.30,222.8,-99.268,2974.531,1,1,1
59658324,58334,3,35.00,-35.00,37.51,-34.60,0.618,-0.635,-78980,79022,7.30,223.0,-99.817,2973.531,1,1,1
59668324,58344,3,35.00,-35.00,38.12,-34.76,0.615,-0.635,-78953,78998,7.29,223.2,-93.354,2972.596,1,1,1
59678332,58354,3,35.00,-35.00,38.11,-36.20,0.615,-0.632,-78927,78971,7.29,222.5,-92.927,2971.665,1,1,1
59688332,58364,3,35.00,-35.00,36.34,-36.33,0.623,-0.633,-78905,78946,7.26,219.0,-99.939,2970.664,1,1,1
59698339,58374,3,35.00,-35.00,34.23,-36.85,0.633,-0.633,-78885,78920,7.23,220.5,-101.220,2969.650,1,1,1
59708348,58384,3,35.00,-35.00,30.99,-38.10,0.648,-0.630,-78869,78892,7.21,225.8,-95.000,2968.698,1,1,1
59718355,58394,3,35.00,-35.00,31.80,-38.10,0.648,-0.630,-78846,78866,7.19,232.2,-88.293,2967.814,1,1,1
59728363,58404,3,35.00,-35.00,25.34,-38.53,0.675,-0.629,-78839,78839,7.16,228.8,-82.073,2966.992,1,1,1
59738369,58414,3,35.00,-35.00,17.74,-35.76,0.707,-0.636,-78839,78819,7.14,247.5,-84.817,2966.142,1,1,1
59748369,58424,3,35.00,-35.00,12.42,-34.26,0.733,-0.641,-78839,78798,7.10,267.8,-93.720,2965.203,1,1,1
59758378,58434,3,35.00,-35.00,8.69,-34.09,0.750,-0.641,-78839,78775,7.07,292.0,-95.183,2964.250,1,1,1
59768378,58444,3,35.00,-35.00,6.52,-34.85,0.757,-0.632,-78838,78750,7.11,313.2,-94.939,2963.299,1,1,1
59778385,58454,3,35.00,-35.00,4.57,-34.94,0.768,-0.630,-78838,78726,7.09,310.0,-100.549,2962.292,1,1,1
59788393,58464,3,35.00,-35.00,3.20,-35.89,0.779,-0.625,-78838,78700,7.06,316.0,-106.524,2961.225,1,1,1
59798393,58474,3,35.00,-35.00,4.87,-36.55,0.778,-0.621,-78832,78674,7.05,324.8,-104.207,2960.181,1,1,1
59808400,58484,3,35.00,-35.00,17.91,-37.89,0.737,-0.618,-78799,78646,7.05,317.8,-100.061,2959.179,1,1,1
59818408,58494,3,35.00,-35.00,25.28,-38.39,0.711,-0.612,-78770,78619,7.10,275.0,-102.439,2958.153,1,1,1
59828408,58504,3,35.00,-35.00,31.76,-36.54,0.690,-0.620,-78738,78597,7.09,251.3,-107.012,2957.081,1,1,1
59838408,58514,3,35.00,-35.00,36.73,-33.49,0.675,-0.634,-78705,78579,7.07,238.8,-107.683,2956.003,1,1,1
59848415,58524,3,35.00,-35.00,41.10,-30.91,0.659,-0.647,-78670,78562,7.05,233.7,-102.683,2954.974,1,1,1
59858415,58534,3,35.00,-35.00,41.51,-31.31,0.645,-0.637,-78641,78540,7.17,235.5,-97.866,2953.994,1,1,1
59868415,58544,3,35.00,-35.00,41.80,-32.46,0.641,-0.634,-78612,78516,7.18,225.5,-97.927,2953.013,1,1,1
59878423,58554,3,35.00,-35.00,41.13,-33.27,0.645,-0.637,-78585,78492,7.13,222.0,-97.561,2952.036,1,1,1
59888430,58564,3,35.00,-35.00,42.85,-33.40,0.625,-0.627,-78553,78469,7.26,229.0,-100.061,2951.033,1,1,1
59898439,58574,3,35.00,-35.00,43.18,-34.80,0.620,-0.622,-78523,78443,7.28,219.0,-107.134,2949.960,1,1,1
59908445,58584,3,35.00,-35.00,44.29,-37.11,0.614,-0.615,-78491,78414,7.28,213.0,-116.646,2948.792,1,1,1
59918454,58594,3,35.00,-35.00,46.38,-36.52,0.606,-0.618,-78456,78390,7.28,206.0,-119.451,2947.596,1,1,1
59928454,58604,3,35.00,-35.00,47.85,-35.67,0.600,-0.621,-78421,78367,7.28,207.0,-113.537,2946.459,1,1,1
59938454,58614,3,35.00,-35.00,46.24,-35.52,0.603,-0.622,-78392,78343,7.28,206.5,-107.927,2945.378,1,1,1
59948454,58624,3,35.00,-35.00,43.79,-33.65,0.610,-0.629,-78366,78323,7.28,206.0,-97.744,2944.399,1,1,1
59958454,58634,3,35.00,-35.00,40.76,-32.34,0.619,-0.635,-78343,78303,7.28,212.0,-87.256,2943.525,1,1,1
59968454,58644,3,35.00,-35.00,39.96,-31.87,0.623,-0.639,-78317,78282,7.26,219.8,-75.854,2942.765,1,1,1
59978461,58654,3,35.00,-35.00,41.16,-32.42,0.618,-0.640,-78287,78259,7.26,223.2,-69.329,2942.070,1,1,1
59988476,58664,3,35.00,-35.00,41.55,-33.68,0.616,-0.637,-78258,78234,7.25,221.0,-79.878,2941.270,1,1,1
59998476,58674,3,35.00,-35.00,43.15,-34.12,0.609,-0.636,-78226,78210,7.27,220.5,-96.768,2940.300,1,1,1
60008493,58684,3,35.00,-35.00,44.71,-34.43,0.603,-0.636,-78193,78186,7.27,219.2,-103.354,2939.265,1,1,1
60018493,58694,3,35.00,-35.00,43.16,-33.77,0.607,-0.639,-78166,78164,7.27,216.2,-102.256,2938.241,1,1,1
60028500,58704,3,35.00,-35.00,40.76,-33.75,0.614,-0.640,-78142,78141,7.27,217.8,-97.561,2937.264,1,1,1
60038508,58714,3,35.00,-35.00,39.08,-33.73,0.619,-0.641,-78118,78118,7.27,222.8,-90.549,2936.356,1,1,1
60048515,58724,3,35.00,-35.00,39.22,-34.16,0.618,-0.640,-78091,78094,7.27,224.3,-86.890,2935.486,1,1,1
60058515,58734,3,35.00,-35.00,39.76,-34.90,0.616,-0.638,-78063,78069,7.27,221.8,-92.561,2934.559,1,1,1
60068523,58744,3,35.00,-35.00,40.14,-34.54,0.615,-0.641,-78035,78046,7.26,222.8,-105.183,2933.505,1,1,1
60078530,58754,3,35.00,-35.00,40.40,-34.72,0.613,-0.640,-78007,78022,7.27,224.5,-112.927,2932.374,1,1,1
60088530,58764,3,35.00,-35.00,42.34,-36.17,0.606,-0.636,-77975,77995,7.28,220.5,-112.744,2931.245,1,1,1
60098539,58774,3,35.00,-35.00,41.94,-36.31,0.606,-0.635,-77947,77970,7.28,216.0,-108.841,2930.155,1,1,1
60108545,58784,3,35.00,-35.00,39.47,-35.96,0.613,-0.635,-77924,77946,7.28,218.0,-99.146,2929.162,1,1,1
60118554,58794,3,35.00,-35.00,37.74,-33.52,0.622,-0.648,-77901,77927,7.23,217.8,-83.902,2928.321,1,1,1
60128560,58804,3,35.00,-35.00,36.96,-33.57,0.629,-0.653,-77877,77904,7.18,225.0,-73.720,2927.583,1,1,1
60138560,58814,3,35.00,-35.00,37.74,-34.05,0.628,-0.654,-77850,77880,7.16,233.2,-76.890,2926.812,1,1,1
60148561,58824,3,35.00,-35.00,39.16,-34.82,0.627,-0.656,-77821,77855,7.12,231.2,-91.098,2925.899,1,1,1
60158569,58834,3,35.00,-35.00,38.84,-34.92,0.630,-0.658,-77795,77831,7.10,228.5,-102.378,2924.874,1,1,1
60168569,58844,3,35.00,-35.00,38.61,-35.43,0.634,-0.660,-77769,77806,7.06,229.8,-109.146,2923.781,1,1,1
60178576,58854,3,35.00,-35.00,39.33,-35.35,0.631,-0.660,-77741,77782,7.07,233.7,-111.707,2922.662,1,1,1
60188576,58864,3,35.00,-35.00,38.52,-38.81,0.639,-0.653,-77716,77750,7.01,229.8,-109.573,2921.565,1,1,1
60198576,58874,3,35.00,-35.00,36.63,-38.59,0.644,-0.650,-77694,77724,7.03,229.5,-98.598,2920.577,1,1,1
60208576,58884,3,35.00,-35.00,36.63,-38.00,0.647,-0.655,-77669,77699,7.00,230.0,-86.280,2919.713,1,1,1
60218576,58894,3,35.00,-35.00,36.19,-34.95,0.646,-0.663,-77645,77680,7.01,232.7,-85.610,2918.855,1,1,1
60228576,58904,3,35.00,-35.00,37.20,-33.69,0.635,-0.661,-77618,77659,7.09,240.0,-90.610,2917.948,1,1,1
60238576,58914,3,35.00,-35.00,37.46,-34.13,0.635,-0.661,-77592,77635,7.08,235.2,-95.244,2916.993,1,1,1
60248582,58924,3,35.00,-35.00,38.97,-35.32,0.635,-0.663,-77563,77609,7.02,232.5,-99.695,2915.995,1,1,1
60258591,58934,3,35.00,-35.00,39.14,-35.71,0.636,-0.664,-77536,77584,7.00,232.0,-103.659,2914.957,1,1,1
60268591,58944,3,35.00,-35.00,39.27,-37.30,0.634,-0.657,-77509,77556,7.02,233.5,-104.329,2913.912,1,1,1
60278599,58954,3,35.00,-35.00,37.59,-36.66,0.638,-0.657,-77486,77532,7.03,229.8,-101.585,2912.894,1,1,1
60288599,58964,3,35.00,-35.00,33.79,-37.53,0.652,-0.653,-77469,77505,7.02,228.8,-90.610,2911.986,1,1,1
60298606,58974,3,35.00,-35.00,32.00,-35.94,0.663,-0.661,-77450,77483,6.98,232.5,-75.976,2911.225,1,1,1
60308606,58984,3,35.00,-35.00,31.63,-36.58,0.665,-0.658,-77429,77457,6.98,246.0,-75.793,2910.465,1,1,1
60318606,58994,3,35.00,-35.00,34.44,-36.59,0.654,-0.655,-77401,77432,7.01,245.2,-83.780,2909.626,1,1,1
60328614,59004,3,35.00,-35.00,35.10,-37.48,0.651,-0.650,-77376,77405,7.03,240.5,-94.146,2908.683,1,1,1
60338614,59014,3,35.00,-35.00,37.31,-37.66,0.644,-0.650,-77347,77379,7.02,236.5,-105.671,2907.625,1,1,1
60348618,59024,3,35.00,-35.00,37.10,-38.23,0.649,-0.652,-77322,77352,6.97,230.8,-116.037,2906.462,1,1,1
60358630,59034,3,35.00,-35.00,36.96,-42.14,0.645,-0.634,-77297,77317,7.02,235.7,-116.037,2905.300,1,1,1
60368636,59044,3,35.00,-35.00,37.30,-41.80,0.643,-0.633,-77271,77289,7.03,224.3,-119.756,2904.101,1,1,1
60378636,59054,3,35.00,-35.00,36.66,-40.69,0.644,-0.635,-77247,77263,7.05,223.5,-112.134,2902.978,1,1,1
60388636,59064,3,35.00,-35.00,35.77,-38.59,0.644,-0.639,-77224,77240,7.07,224.0,-100.122,2901.975,1,1,1
60398645,59074,3,35.00,-35.00,36.02,-34.48,0.645,-0.655,-77199,77223,7.05,225.8,-89.512,2901.078,1,1,1
60408652,59084,3,35.00,-35.00,36.20,-34.69,0.647,-0.658,-77174,77199,7.01,232.5,-83.049,2900.246,1,1,1
60418652,59094,3,35.00,-35.00,35.89,-36.58,0.649,-0.652,-77150,77171,7.01,235.5,-82.439,2899.420,1,1,1
60428652,59104,3,35.00,-35.00,36.99,-37.47,0.647,-0.650,-77123,77144,7.00,231.8,-88.902,2898.530,1,1,1
60438652,59114,3,35.00,-35.00,36.00,-38.54,0.649,-0.644,-77100,77116,7.02,232.0,-98.598,2897.542,1,1,1
60448652,59124,3,35.00,-35.00,37.06,-38.84,0.647,-0.645,-77073,77089,7.00,228.5,-104.512,2896.495,1,1,1
60458660,59134,3,35.00,-35.00,36.93,-39.05,0.640,-0.637,-77048,77062,7.08,228.3,-103.354,2895.460,1,1,1
60468660,59144,3,35.00,-35.00,37.28,-37.88,0.634,-0.636,-77022,77038,7.13,225.5,-97.012,2894.489,1,1,1
60478667,59154,3,35.00,-35.00,37.96,-36.63,0.633,-0.642,-76995,77015,7.11,221.5,-90.549,2893.581,1,1,1
60488675,59164,3,35.00,-35.00,37.12,-36.19,0.636,-0.643,-76971,76991,7.11,222.2,-84.878,2892.731,1,1,1
60498682,59174,3,35.00,-35.00,36.97,-37.20,0.639,-0.642,-76946,76964,7.09,224.8,-82.683,2891.903,1,1,1
60508682,59184,3,35.00,-35.00,37.74,-37.90,0.639,-0.642,-76919,76937,7.07,226.8,-88.293,2891.018,1,1,1
60518682,59194,3,35.00,-35.00,37.85,-38.40,0.639,-0.641,-76893,76910,7.06,226.5,-100.671,2890.010,1,1,1
60528690,59204,3,35.00,-35.00,38.80,-39.18,0.636,-0.639,-76865,76882,7.06,227.0,-110.122,2888.907,1,1,1
60538690,59214,3,35.00,-35.00,39.46,-39.73,0.633,-0.636,-76837,76854,7.07,224.3,-114.268,2887.763,1,1,1
60548697,59224,3,35.00,-35.00,40.37,-39.68,0.632,-0.638,-76808,76827,7.06,221.5,-114.024,2886.621,1,1,1
60558697,59234,3,35.00,-35.00,43.64,-39.20,0.620,-0.640,-76773,76801,7.06,220.0,-111.829,2885.501,1,1,1
60568705,59244,3,35.00,-35.00,42.41,-37.11,0.622,-0.647,-76746,76779,7.07,217.2,-103.720,2884.462,1,1,1
60578705,59254,3,35.00,-35.00,41.11,-36.08,0.626,-0.650,-76720,76756,7.06,219.8,-93.110,2883.530,1,1,1
60588705,59264,3,35.00,-35.00,38.01,-35.81,0.636,-0.651,-76699,76732,7.06,221.8,-83.293,2882.695,1,1,1
60598706,59274,3,35.00,-35.00,34.96,-36.49,0.647,-0.648,-76680,76706,7.06,229.2,-78.354,2881.910,1,1,1
60608721,59284,3,35.00,-35.00,35.46,-36.97,0.647,-0.648,-76655,76680,7.04,230.5,-78.171,2881.126,1,1,1
60618721,59294,3,35.00,-35.00,36.68,-37.30,0.645,-0.649,-76628,76654,7.02,230.5,-83.659,2880.288,1,1,1
60628727,59304,3,35.00,-35.00,37.98,-37.98,0.636,-0.643,-76600,76627,7.07,233.7,-96.829,2879.318,1,1,1
60638736,59314,3,35.00,-35.00,39.33,-39.77,0.630,-0.635,-76571,76597,7.10,224.8,-108.171,2878.235,1,1,1
60648736,59324,3,35.00,-35.00,41.16,-38.82,0.623,-0.638,-76540,76572,7.10,217.2,-108.537,2877.148,1,1,1
60658736,59334,3,35.00,-35.00,41.55,-36.41,0.624,-0.650,-76511,76551,7.06,216.2,-98.659,2876.160,1,1,1
60668736,59344,3,35.00,-35.00,39.19,-35.15,0.635,-0.657,-76488,76529,7.03,221.5,-88.232,2875.276,1,1,1
60678743,59354,3,35.00,-35.00,37.10,-35.15,0.643,-0.659,-76466,76505,7.00,227.0,-78.537,2874.489,1,1,1
60688743,59364,3,35.00,-35.00,36.96,-36.03,0.643,-0.655,-76441,76479,7.01,233.2,-74.451,2873.743,1,1,1
60698751,59374,3,35.00,-35.00,37.30,-36.21,0.643,-0.657,-76415,76454,7.00,232.2,-80.122,2872.940,1,1,1
60708758,59384,3,35.00,-35.00,37.97,-36.77,0.642,-0.655,-76388,76428,6.99,233.2,-93.598,2872.002,1,1,1
60718758,59394,3,35.00,-35.00,38.01,-37.61,0.642,-0.653,-76362,76401,6.99,231.2,-105.061,2870.950,1,1,1
60728758,59404,3,35.00,-35.00,39.35,-36.87,0.637,-0.656,-76333,76377,6.99,228.5,-110.976,2869.839,1,1,1
60738766,59414,3,35.00,-35.00,41.61,-36.36,0.625,-0.655,-76301,76353,7.03,231.0,-109.207,2868.745,1,1,1
60748770,59424,3,35.00,-35.00,44.07,-36.00,0.621,-0.662,-76267,76329,6.99,222.8,-99.146,2867.752,1,1,1
60758781,59434,3,35.00,-35.00,43.15,-35.74,0.617,-0.658,-76239,76305,7.05,228.5,-92.500,2866.825,1,1,1
60768788,59444,3,35.00,-35.00,39.87,-36.01,0.628,-0.657,-76217,76280,7.04,223.2,-89.756,2865.926,1,1,1
60778797,59454,3,35.00,-35.00,36.70,-36.19,0.639,-0.656,-76197,76255,7.03,227.3,-88.841,2865.036,1,1,1
60788803,59464,3,35.00,-35.00,33.16,-36.76,0.655,-0.657,-76180,76229,7.00,230.8,-88.110,2864.153,1,1,1
60798812,59474,3,35.00,-35.00,35.08,-36.72,0.649,-0.658,-76153,76204,6.99,238.2,-86.402,2863.288,1,1,1
60808812,59484,3,35.00,-35.00,36.42,-38.45,0.645,-0.652,-76126,76175,7.00,236.0,-90.427,2862.382,1,1,1
60818818,59494,3,35.00,-35.00,37.80,-37.90,0.642,-0.655,-76098,76150,6.98,229.5,-100.671,2861.373,1,1,1
60828818,59504,3,35.00,-35.00,40.08,-38.83,0.635,-0.654,-76067,76122,6.97,230.2,-103.780,2860.334,1,1,1
60838827,59514,3,35.00,-35.00,40.80,-37.29,0.631,-0.658,-76038,76099,6.99,225.0,-95.732,2859.375,1,1,1
60848834,59524,3,35.00,-35.00,39.99,-36.65,0.636,-0.663,-76012,76075,6.95,223.2,-88.354,2858.490,1,1,1
60858834,59534,3,35.00,-35.00,37.22,-35.76,0.640,-0.661,-75991,76052,7.01,231.2,-80.732,2857.681,1,1,1
60868834,59544,3,35.00,-35.00,35.28,-36.46,0.646,-0.658,-75970,76026,7.00,232.0,-74.817,2856.931,1,1,1
60878834,59554,3,35.00,-35.00,34.80,-36.51,0.651,-0.661,-75947,76001,6.97,231.8,-73.841,2856.191,1,1,1
60888842,59564,3,35.00,-35.00,35.79,-37.42,0.647,-0.656,-75921,75974,6.98,235.2,-82.317,2855.366,1,1,1
60898849,59574,3,35.00,-35.00,37.36,-37.62,0.644,-0.658,-75893,75948,6.97,232.2,-94.817,2854.417,1,1,1
60908857,59584,3,35.00,-35.00,37.58,-37.76,0.642,-0.656,-75867,75922,6.98,231.0,-99.634,2853.418,1,1,1
60918857,59594,3,35.00,-35.00,37.73,-37.86,0.642,-0.656,-75841,75896,6.98,228.8,-100.061,2852.416,1,1,1
60928864,59604,3,35.00,-35.00,40.91,-37.05,0.632,-0.661,-75808,75872,6.97,230.2,-97.683,2851.438,1,1,1
60938873,59614,3,35.00,-35.00,40.94,-36.48,0.632,-0.664,-75780,75848,6.96,226.8,-95.732,2850.479,1,1,1
60948873,59624,3,35.00,-35.00,41.40,-37.40,0.633,-0.664,-75751,75821,6.93,227.8,-99.024,2849.487,1,1,1
60958888,59634,3,35.00,-35.00,37.77,-38.05,0.645,-0.661,-75731,75794,6.93,229.5,-100.915,2848.476,1,1,1
60968888,59644,3,35.00,-35.00,34.35,-38.50,0.657,-0.659,-75713,75767,6.93,233.5,-101.159,2847.463,1,1,1
60978894,59654,3,35.00,-35.00,33.71,-40.13,0.661,-0.653,-75691,75737,6.92,236.5,-96.829,2846.493,1,1,1
60988903,59664,3,35.00,-35.00,36.34,-41.28,0.652,-0.649,-75662,75707,6.93,235.2,-96.159,2845.530,1,1,1
60998903,59674,3,35.00,-35.00,36.43,-40.32,0.653,-0.652,-75637,75681,6.92,231.0,-105.366,2844.475,1,1,1
61008903,59684,3,35.00,-35.00,37.36,-39.21,0.649,-0.655,-75610,75656,6.93,232.2,-109.451,2843.378,1,1,1
61018910,59694,3,35.00,-35.00,38.90,-36.24,0.641,-0.664,-75581,75636,6.94,230.5,-104.756,2842.329,1,1,1
61028910,59704,3,35.00,-35.00,40.41,-35.03,0.635,-0.668,-75551,75614,6.95,233.7,-98.720,2841.340,1,1,1
61038910,59714,3,35.00,-35.00,39.28,-35.51,0.638,-0.666,-75526,75589,6.96,233.0,-94.329,2840.396,1,1,1
61048918,59724,3,35.00,-35.00,36.72,-36.72,0.645,-0.661,-75505,75562,6.97,232.2,-90.244,2839.491,1,1,1
61058918,59734,3,35.00,-35.00,35.37,-37.13,0.648,-0.657,-75483,75536,6.98,233.5,-88.902,2838.601,1,1,1
61068918,59744,3,35.00,-35.00,35.31,-37.86,0.650,-0.656,-75459,75509,6.97,234.0,-89.695,2837.702,1,1,1
61078925,59754,3,35.00,-35.00,36.58,-38.37,0.646,-0.654,-75432,75482,6.98,234.5,-96.890,2836.732,1,1,1
61088933,59764,3,35.00,-35.00,37.03,-39.60,0.644,-0.649,-75406,75453,6.99,229.5,-108.354,2835.646,1,1,1
61098933,59774,3,35.00,-35.00,37.35,-39.59,0.643,-0.649,-75380,75426,6.99,229.0,-110.915,2834.536,1,1,1
61108933,59784,3,35.00,-35.00,39.77,-37.82,0.635,-0.656,-75349,75403,6.98,227.3,-106.646,2833.468,1,1,1
61118940,59794,3,35.00,-35.00,39.26,-37.02,0.637,-0.659,-75323,75379,6.98,226.3,-100.854,2832.457,1,1,1
61128940,59804,3,35.00,-35.00,37.15,-37.78,0.644,-0.656,-75301,75352,6.97,228.5,-95.183,2831.504,1,1,1
61138940,59814,3,35.00,-35.00,34.80,-38.31,0.655,-0.656,-75281,75325,6.94,230.8,-89.695,2830.605,1,1,1
61148948,59824,3,35.00,-35.00,34.46,-39.12,0.656,-0.652,-75258,75297,6.96,235.7,-89.268,2829.711,1,1,1
61158955,59834,3,35.00,-35.00,35.11,-41.45,0.657,-0.645,-75233,75265,6.94,232.7,-96.585,2828.743,1,1,1
61168963,59844,3,35.00,-35.00,35.56,-41.32,0.653,-0.643,-75208,75237,6.97,233.0,-105.061,2827.691,1,1,1
61178970,59854,3,35.00,-35.00,36.32,-41.23,0.650,-0.642,-75182,75209,6.97,229.2,-105.427,2826.635,1,1,1
61188970,59864,3,35.00,-35.00,38.17,-38.53,0.644,-0.651,-75153,75187,6.97,224.5,-101.159,2825.622,1,1,1
61198983,59874,3,35.00,-35.00,39.46,-36.64,0.638,-0.657,-75124,75165,6.98,229.2,-94.634,2824.674,1,1,1
61208998,59884,3,35.00,-35.00,39.93,-36.63,0.639,-0.660,-75096,75140,6.96,227.3,-90.488,2823.768,1,1,1
61219005,59895,3,35.00,-35.00,39.81,-37.51,0.639,-0.658,-75069,75113,6.95,230.0,-94.207,2822.824,1,1,1
61229014,59905,3,35.00,-35.00,37.54,-38.56,0.645,-0.651,-75047,75085,6.98,231.0,-99.634,2821.826,1,1,1
61239020,59915,3,35.00,-35.00,34.19,-38.86,0.654,-0.647,-75029,75058,7.00,230.2,-96.829,2820.856,1,1,1
61249033,59925,3,35.00,-35.00,33.16,-40.38,0.663,-0.645,-75008,75028,6.96,230.2,-92.439,2819.930,1,1,1
61259044,59935,3,35.00,-35.00,33.32,-41.89,0.663,-0.638,-74985,74997,6.97,236.0,-91.280,2819.015,1,1,1
61269044,59945,3,35.00,-35.00,34.75,-42.51,0.658,-0.634,-74959,74967,6.98,233.5,-97.683,2818.037,1,1,1
61279051,59955,3,35.00,-35.00,36.19,-39.86,0.655,-0.645,-74932,74944,6.97,228.5,-104.024,2816.995,1,1,1
61289059,59965,3,35.00,-35.00,37.20,-36.25,0.643,-0.650,-74905,74925,7.04,234.0,-104.024,2815.953,1,1,1
61299059,59975,3,35.00,-35.00,39.22,-35.48,0.636,-0.654,-74875,74902,7.03,230.2,-104.573,2814.906,1,1,1
61309066,59985,3,35.00,-35.00,39.76,-35.83,0.636,-0.655,-74847,74877,7.02,229.5,-98.415,2813.920,1,1,1
61319066,59995,3,35.00,-35.00,39.70,-36.94,0.644,-0.659,-74820,74850,6.93,222.8,-97.744,2812.941,1,1,1
61329075,60005,3,35.00,-35.00,37.90,-37.73,0.650,-0.657,-74797,74823,6.93,230.0,-104.146,2811.897,1,1,1
61339090,60015,3,35.00,-35.00,34.44,-39.59,0.646,-0.633,-74779,74793,7.10,239.8,-106.707,2810.829,1,1,1
61349097,60025,3,35.00,-35.00,32.46,-40.02,0.653,-0.629,-74760,74765,7.11,225.3,-101.037,2809.817,1,1,1
61359105,60035,3,35.00,-35.00,30.19,-40.32,0.664,-0.628,-74743,74737,7.10,228.3,-92.622,2808.889,1,1,1
61369112,60045,3,35.00,-35.00,21.13,-37.45,0.697,-0.633,-74743,74716,7.10,235.0,-83.720,2808.050,1,1,1
61379120,60055,3,35.00,-35.00,14.79,-35.88,0.728,-0.638,-74743,74694,7.07,257.8,-89.573,2807.153,1,1,1
61389120,60065,3,35.00,-35.00,10.36,-35.23,0.752,-0.641,-74743,74671,7.02,281.8,-94.939,2806.202,1,1,1
61399127,60075,3,35.00,-35.00,7.69,-35.64,0.767,-0.640,-74742,74646,6.98,299.8,-97.073,2805.229,1,1,1
61409135,60085,3,35.00,-35.00,5.38,-35.94,0.775,-0.633,-74742,74621,7.01,320.8,-100.244,2804.225,1,1,1
61419142,60095,3,35.00,-35.00,3.77,-37.02,0.780,-0.622,-74742,74594,7.05,322.8,-108.171,2803.142,1,1,1
61429150,60105,3,35.00,-35.00,4.39,-38.22,0.789,-0.621,-74738,74566,6.97,316.5,-114.390,2801.997,1,1,1
61439150,60115,3,35.00,-35.00,17.14,-40.38,0.755,-0.619,-74706,74535,6.93,320.2,-111.159,2800.883,1,1,1
61449150,60125,3,35.00,-35.00,25.62,-39.69,0.719,-0.613,-74675,74509,7.03,285.0,-110.000,2799.782,1,1,1
61459150,60135,3,35.00,-35.00,31.56,-37.45,0.699,-0.621,-74644,74487,7.03,252.8,-112.317,2798.657,1,1,1
61469157,60145,3,35.00,-35.00,37.91,-33.25,0.682,-0.642,-74608,74471,6.97,238.5,-113.415,2797.521,1,1,1
61479165,60155,3,35.00,-35.00,42.80,-31.62,0.660,-0.648,-74571,74452,7.00,236.5,-108.354,2796.436,1,1,1
61489172,60165,3,35.00,-35.00,43.58,-32.24,0.660,-0.653,-74540,74429,6.94,228.3,-103.232,2795.402,1,1,1
61499181,60175,3,35.00,-35.00,43.25,-33.56,0.653,-0.645,-74511,74404,6.99,232.7,-103.780,2794.363,1,1,1
61509181,60185,3,35.00,-35.00,42.14,-34.04,0.649,-0.639,-74484,74380,7.05,227.5,-104.207,2793.319,1,1,1
61519181,60195,3,35.00,-35.00,42.24,-34.81,0.647,-0.639,-74455,74355,7.04,222.5,-105.427,2792.263,1,1,1
61529188,60205,3,35.00,-35.00,43.19,-37.11,0.640,-0.629,-74424,74326,7.07,224.0,-103.476,2791.227,1,1,1
61539196,60215,3,35.00,-35.00,44.30,-37.84,0.634,-0.626,-74392,74299,7.08,215.8,-108.476,2790.140,1,1,1
61549203,60225,3,35.00,-35.00,45.51,-37.48,0.629,-0.627,-74359,74274,7.09,213.2,-117.927,2788.959,1,1,1
61559218,60235,3,35.00,-35.00,47.68,-36.78,0.623,-0.633,-74323,74250,7.06,211.0,-117.073,2787.787,1,1,1
61569218,60245,3,35.00,-35.00,46.56,-35.85,0.627,-0.638,-74293,74227,7.05,209.2,-111.829,2786.667,1,1,1
61579218,60255,3,35.00,-35.00,44.02,-35.64,0.636,-0.640,-74267,74203,7.03,212.8,-103.780,2785.627,1,1,1
61589218,60265,3,35.00,-35.00,42.68,-33.30,0.640,-0.650,-74240,74184,7.01,217.8,-91.890,2784.707,1,1,1
61599218,60275,3,35.00,-35.00,42.18,-32.10,0.642,-0.657,-74212,74164,7.00,222.8,-79.939,2783.906,1,1,1
61609226,60285,3,35.00,-35.00,42.27,-32.58,0.642,-0.659,-74183,74141,6.98,227.0,-74.268,2783.161,1,1,1
61619226,60295,3,35.00,-35.00,43.21,-33.79,0.639,-0.656,-74152,74116,6.98,227.5,-81.707,2782.343,1,1,1
61629233,60305,3,35.00,-35.00,44.75,-34.20,0.631,-0.655,-74119,74092,7.00,228.0,-94.878,2781.392,1,1,1
61639241,60315,3,35.00,-35.00,44.51,-34.49,0.632,-0.656,-74089,74068,6.99,222.2,-102.195,2780.369,1,1,1
61649241,60325,3,35.00,-35.00,43.90,-34.25,0.632,-0.658,-74060,74045,6.99,225.5,-104.878,2779.318,1,1,1
61659248,60335,3,35.00,-35.00,41.28,-34.52,0.646,-0.662,-74036,74021,6.93,223.8,-102.744,2778.289,1,1,1
61669248,60345,3,35.00,-35.00,40.76,-34.71,0.649,-0.665,-74009,73997,6.91,230.5,-97.378,2777.314,1,1,1
61679257,60355,3,35.00,-35.00,40.84,-35.72,0.649,-0.662,-73981,73971,6.91,234.0,-95.732,2776.355,1,1,1
61689263,60365,3,35.00,-35.00,41.77,-35.55,0.645,-0.663,-73951,73947,6.91,233.2,-103.415,2775.319,1,1,1
61699263,60375,3,35.00,-35.00,42.42,-35.43,0.642,-0.664,-73921,73923,6.91,230.5,-114.207,2774.175,1,1,1
61709263,60385,3,35.00,-35.00,43.76,-36.23,0.637,-0.662,-73889,73897,6.91,229.8,-117.622,2772.997,1,1,1
61719264,60395,3,35.00,-35.00,44.25,-35.91,0.632,-0.661,-73858,73873,6.94,228.5,-113.902,2771.857,1,1,1
61729278,60405,3,35.00,-35.00,42.40,-35.68,0.635,-0.660,-73832,73849,6.96,227.0,-106.585,2770.789,1,1,1
61739278,60415,3,35.00,-35.00,38.91,-35.09,0.648,-0.663,-73811,73826,6.94,224.8,-92.073,2769.867,1,1,1
61749284,60425,3,35.00,-35.00,38.22,-35.11,0.656,-0.670,-73786,73802,6.87,228.3,-79.146,2769.074,1,1,1
61759294,60435,3,35.00,-35.00,39.06,-35.56,0.649,-0.665,-73758,73777,6.92,242.0,-77.622,2768.296,1,1,1
61769294,60445,3,35.00,-35.00,40.53,-36.32,0.642,-0.661,-73728,73751,6.94,236.2,-92.256,2767.372,1,1,1
61779302,60455,3,35.00,-35.00,40.67,-36.41,0.644,-0.663,-73700,73726,6.91,228.3,-108.720,2766.283,1,1,1
61789302,60465,3,35.00,-35.00,40.78,-36.47,0.643,-0.664,-73672,73701,6.90,233.2,-117.378,2765.107,1,1,1
61799309,60475,3,35.00,-35.00,42.61,-37.84,0.591,-0.614,-73640,73673,7.41,248.5,-120.122,2763.904,1,1,1
61809309,60485,3,35.00,-35.00,41.25,-40.55,0.595,-0.604,-73614,73641,7.42,203.8,-117.805,2762.725,1,1,1
61819309,60495,3,35.00,-35.00,38.54,-39.37,0.609,-0.612,-73592,73616,7.36,201.5,-105.610,2761.667,1,1,1
61829309,60505,3,35.00,-35.00,37.53,-38.11,0.612,-0.616,-73568,73592,7.36,208.5,-90.976,2760.756,1,1,1
61839317,60515,3,35.00,-35.00,37.26,-35.46,0.614,-0.627,-73543,73572,7.34,211.5,-83.841,2759.916,1,1,1
61849320,60525,3,35.00,-35.00,37.94,-33.61,0.612,-0.635,-73516,73552,7.32,215.5,-87.439,2759.040,1,1,1
61859332,60535,3,35.00,-35.00,38.87,-34.52,0.610,-0.634,-73488,73527,7.31,222.0,-94.939,2758.089,1,1,1
61869339,60545,3,35.00,-35.00,39.95,-35.15,0.608,-0.634,-73459,73502,7.29,218.2,-101.402,2757.073,1,1,1
61879348,60555,3,35.00,-35.00,41.15,-36.03,0.600,-0.629,-73429,73476,7.33,218.8,-106.220,2756.009,1,1,1
61889354,60565,3,35.00,-35.00,40.23,-36.21,0.599,-0.624,-73403,73451,7.38,212.8,-105.732,2754.950,1,1,1
61899354,60575,3,35.00,-35.00,36.07,-36.33,0.614,-0.625,-73385,73426,7.36,210.0,-100.305,2753.946,1,1,1
61909354,60585,3,35.00,-35.00,34.48,-36.42,0.618,-0.622,-73364,73401,7.38,216.2,-85.488,2753.089,1,1,1
61919363,60595,3,35.00,-35.00,32.48,-36.04,0.626,-0.623,-73345,73377,7.37,218.5,-73.902,2752.349,1,1,1
61929363,60605,3,35.00,-35.00,32.85,-36.21,0.626,-0.623,-73322,73352,7.36,223.5,-76.951,2751.577,1,1,1
61939363,60615,3,35.00,-35.00,34.86,-36.78,0.618,-0.619,-73295,73326,7.39,224.0,-86.890,2750.707,1,1,1
61949363,60625,3,35.00,-35.00,35.83,-36.73,0.615,-0.620,-73269,73301,7.38,218.5,-96.524,2749.740,1,1,1
61959363,60635,3,35.00,-35.00,36.94,-37.14,0.609,-0.617,-73242,73275,7.40,222.8,-106.037,2748.678,1,1,1
61969369,60645,3,35.00,-35.00,37.29,-38.30,0.610,-0.616,-73216,73247,7.38,215.5,-115.671,2747.520,1,1,1
61979369,60655,3,35.00,-35.00,37.53,-41.31,0.611,-0.606,-73190,73214,7.37,213.5,-117.561,2746.342,1,1,1
61989370,60665,3,35.00,-35.00,37.69,-40.34,0.612,-0.610,-73164,73188,7.36,209.7,-108.598,2745.255,1,1,1
61999385,60675,3,35.00,-35.00,36.49,-38.79,0.617,-0.616,-73141,73164,7.34,212.2,-96.768,2744.285,1,1,1
62009385,60685,3,35.00,-35.00,35.65,-35.50,0.621,-0.628,-73118,73145,7.32,214.0,-86.220,2743.422,1,1,1
62019393,60695,3,35.00,-35.00,34.62,-33.20,0.624,-0.636,-73096,73126,7.32,222.5,-78.293,2742.637,1,1,1
62029400,60705,3,35.00,-35.00,34.78,-33.79,0.625,-0.636,-73072,73102,7.30,227.0,-76.524,2741.870,1,1,1
62039400,60715,3,35.00,-35.00,34.46,-35.96,0.625,-0.627,-73049,73074,7.32,227.8,-83.354,2741.035,1,1,1
62049408,60725,3,35.00,-35.00,35.11,-36.16,0.621,-0.625,-73024,73049,7.34,223.8,-93.841,2740.095,1,1,1
62059415,60735,3,35.00,-35.00,35.12,-36.73,0.620,-0.621,-73000,73023,7.35,222.2,-101.890,2739.074,1,1,1
62069415,60745,3,35.00,-35.00,35.57,-37.14,0.619,-0.619,-72975,72997,7.36,218.2,-103.110,2738.042,1,1,1
62079423,60755,3,35.00,-35.00,35.89,-37.86,0.618,-0.617,-72950,72970,7.36,217.2,-98.902,2737.051,1,1,1
62089430,60765,3,35.00,-35.00,36.55,-36.61,0.616,-0.621,-72924,72947,7.35,216.5,-92.378,2736.125,1,1,1
62099430,60775,3,35.00,-35.00,36.57,-35.30,0.616,-0.626,-72899,72925,7.35,218.0,-84.817,2735.276,1,1,1
62109430,60785,3,35.00,-35.00,36.14,-34.81,0.617,-0.628,-72875,72902,7.34,218.0,-78.476,2734.489,1,1,1
62119430,60795,3,35.00,-35.00,36.29,-35.36,0.618,-0.628,-72850,72877,7.33,223.0,-79.817,2733.689,1,1,1
62129430,60805,3,35.00,-35.00,35.95,-35.74,0.618,-0.626,-72826,72852,7.34,224.0,-89.390,2732.794,1,1,1
62139439,60815,3,35.00,-35.00,36.59,-36.44,0.616,-0.624,-72800,72826,7.34,222.8,-102.012,2731.772,1,1,1
62149445,60825,3,35.00,-35.00,37.04,-36.93,0.617,-0.624,-72774,72800,7.32,218.0,-110.976,2730.661,1,1,1
62159446,60835,3,35.00,-35.00,38.23,-38.60,0.610,-0.616,-72746,72771,7.36,221.2,-113.476,2729.524,1,1,1
62169446,60845,3,35.00,-35.00,39.51,-38.44,0.606,-0.616,-72717,72745,7.36,214.5,-110.793,2728.415,1,1,1
62179454,60855,3,35.00,-35.00,43.04,-37.90,0.596,-0.621,-72682,72720,7.33,211.0,-107.195,2727.341,1,1,1
62189460,60865,3,35.00,-35.00,41.55,-36.64,0.599,-0.625,-72656,72697,7.34,210.2,-97.866,2726.361,1,1,1
62199469,60875,3,35.00,-35.00,40.07,-34.87,0.605,-0.633,-72631,72676,7.32,213.8,-84.390,2725.516,1,1,1
62209476,60885,3,35.00,-35.00,36.40,-33.64,0.620,-0.641,-72612,72655,7.27,217.2,-72.866,2724.785,1,1,1
62219484,60895,3,35.00,-35.00,33.39,-33.66,0.629,-0.639,-72594,72632,7.28,227.5,-67.744,2724.106,1,1,1
62229484,60905,3,35.00,-35.00,34.80,-34.55,0.623,-0.634,-72568,72607,7.31,233.0,-70.427,2723.401,1,1,1
62239484,60915,3,35.00,-35.00,35.35,-35.17,0.622,-0.633,-72543,72582,7.30,226.5,-70.427,2722.695,1,1,1
62249500,60925,3,35.00,-35.00,36.17,-36.04,0.616,-0.628,-72517,72556,7.33,228.3,-82.622,2721.867,1,1,1
62259508,60935,3,35.00,-35.00,36.74,-36.66,0.615,-0.626,-72491,72530,7.33,222.8,-94.146,2720.924,1,1,1
62269515,60945,3,35.00,-35.00,37.59,-38.40,0.612,-0.620,-72464,72501,7.33,219.0,-101.890,2719.903,1,1,1
62279515,60955,3,35.00,-35.00,38.61,-37.43,0.608,-0.622,-72436,72477,7.34,216.5,-102.622,2718.875,1,1,1
62289523,60965,3,35.00,-35.00,39.33,-34.55,0.604,-0.632,-72408,72458,7.35,216.8,-93.902,2717.935,1,1,1
62299524,60975,3,35.00,-35.00,37.20,-33.41,0.610,-0.636,-72386,72437,7.35,217.5,-82.012,2717.113,1,1,1
62309539,60985,3,35.00,-35.00,36.15,-33.50,0.614,-0.637,-72363,72414,7.34,222.0,-73.293,2716.378,1,1,1
62319545,60995,3,35.00,-35.00,36.29,-34.43,0.614,-0.634,-72338,72389,7.34,226.5,-69.695,2715.680,1,1,1
62329554,61005,3,35.00,-35.00,36.39,-35.09,0.611,-0.630,-72313,72364,7.37,225.5,-77.073,2714.907,1,1,1
62339560,61015,3,35.00,-35.00,37.34,-35.11,0.610,-0.633,-72286,72340,7.34,220.2,-91.646,2713.989,1,1,1
62349567,61025,3,35.00,-35.00,38.00,-35.56,0.609,-0.633,-72259,72315,7.32,221.8,-102.439,2712.963,1,1,1
62359569,61035,3,35.00,-35.00,38.91,-35.00,0.602,-0.632,-72231,72292,7.36,223.8,-105.488,2711.907,1,1,1
62369576,61045,3,35.00,-35.00,41.74,-35.05,0.595,-0.636,-72198,72268,7.33,217.0,-102.927,2710.876,1,1,1
62379576,61055,3,35.00,-35.00,42.40,-34.20,0.591,-0.639,-72168,72246,7.34,217.5,-97.317,2709.901,1,1,1
62389576,61065,3,35.00,-35.00,40.67,-34.49,0.600,-0.642,-72143,72222,7.29,216.5,-89.573,2709.003,1,1,1
62399584,61075,3,35.00,-35.00,37.69,-34.25,0.610,-0.644,-72122,72199,7.28,220.8,-84.207,2708.160,1,1,1
62409591,61085,3,35.00,-35.00,34.30,-34.52,0.623,-0.643,-72104,72175,7.27,225.0,-81.098,2707.347,1,1,1
62419591,61095,3,35.00,-35.00,31.04,-34.71,0.636,-0.643,-72088,72151,7.25,230.2,-79.085,2706.555,1,1,1
62429599,61105,3,35.00,-35.00,32.71,-34.85,0.632,-0.644,-72063,72127,7.25,236.5,-77.439,2705.779,1,1,1
62439606,61115,3,35.00,-35.00,34.76,-35.38,0.626,-0.642,-72036,72102,7.24,233.0,-81.829,2704.959,1,1,1
62449606,61125,3,35.00,-35.00,35.76,-35.75,0.630,-0.648,-72010,72077,7.16,226.8,-92.988,2704.027,1,1,1
62459606,61135,3,35.00,-35.00,38.22,-35.57,0.619,-0.648,-71980,72053,7.19,233.2,-99.573,2703.030,1,1,1
62469615,61145,3,35.00,-35.00,40.81,-35.45,0.605,-0.645,-71948,72029,7.23,227.8,-98.171,2702.047,1,1,1
62479630,61155,3,35.00,-35.00,39.12,-34.92,0.614,-0.650,-71924,72006,7.19,219.8,-89.085,2701.154,1,1,1
62489636,61165,3,35.00,-35.00,37.05,-34.55,0.612,-0.643,-71902,71983,7.28,229.5,-80.854,2700.344,1,1,1
62499637,61175,3,35.00,-35.00,35.16,-34.73,0.621,-0.645,-71881,71959,7.25,224.5,-75.915,2699.583,1,1,1
62509645,61185,3,35.00,-35.00,32.08,-35.74,0.633,-0.642,-71864,71933,7.24,226.5,-75.366,2698.828,1,1,1
62519652,61195,3,35.00,-35.00,32.57,-36.00,0.633,-0.641,-71841,71908,7.23,232.7,-76.951,2698.057,1,1,1
62529660,61205,3,35.00,-35.00,34.66,-36.19,0.636,-0.650,-71814,71883,7.13,228.0,-83.963,2697.215,1,1,1
62539667,61215,3,35.00,-35.00,36.13,-37.64,0.626,-0.639,-71787,71855,7.19,235.7,-96.280,2696.251,1,1,1
62549675,61225,3,35.00,-35.00,36.28,-36.45,0.622,-0.640,-71762,71832,7.22,227.3,-102.622,2695.223,1,1,1
62559682,61235,3,35.00,-35.00,37.26,-35.62,0.622,-0.647,-71735,71809,7.18,224.5,-100.976,2694.212,1,1,1
62569682,61245,3,35.00,-35.00,40.14,-34.61,0.616,-0.656,-71703,71787,7.13,224.0,-91.585,2693.294,1,1,1
62579682,61255,3,35.00,-35.00,39.97,-34.77,0.607,-0.647,-71676,71763,7.23,231.5,-85.244,2692.440,1,1,1
62589690,61265,3,35.00,-35.00,38.08,-35.77,0.610,-0.641,-71653,71737,7.26,226.5,-87.134,2691.567,1,1,1
62599697,61275,3,35.00,-35.00,34.57,-36.02,0.621,-0.639,-71635,71712,7.27,223.2,-89.390,2690.672,1,1,1
62609697,61285,3,35.00,-35.00,32.11,-36.64,0.620,-0.625,-71617,71686,7.39,230.8,-90.305,2689.767,1,1,1
62619697,61295,3,35.00,-35.00,33.02,-36.64,0.617,-0.624,-71593,71661,7.40,225.0,-88.476,2688.880,1,1,1
62629697,61305,3,35.00,-35.00,34.54,-37.51,0.613,-0.621,-71567,71634,7.40,223.5,-89.512,2687.984,1,1,1
62639705,61315,3,35.00,-35.00,35.17,-37.68,0.610,-0.620,-71542,71608,7.40,218.2,-98.415,2686.998,1,1,1
62649712,61325,3,35.00,-35.00,36.92,-37.36,0.605,-0.622,-71514,71583,7.40,216.8,-106.098,2685.935,1,1,1
62659721,61335,3,35.00,-35.00,37.71,-35.82,0.604,-0.630,-71487,71561,7.36,214.5,-107.317,2684.861,1,1,1
62669721,61345,3,35.00,-35.00,39.58,-34.30,0.598,-0.638,-71457,71540,7.35,216.5,-99.512,2683.864,1,1,1
62679727,61355,3,35.00,-35.00,38.25,-34.12,0.601,-0.638,-71433,71517,7.36,220.0,-92.500,2682.937,1,1,1
62689736,61365,3,35.00,-35.00,35.13,-35.31,0.614,-0.635,-71414,71491,7.33,221.8,-87.134,2682.064,1,1,1
62699736,61375,3,35.00,-35.00,32.50,-35.70,0.623,-0.633,-71396,71466,7.34,223.5,-83.537,2681.227,1,1,1
62709743,61385,3,35.00,-35.00,32.42,-35.98,0.625,-0.632,-71374,71441,7.33,227.3,-82.317,2680.403,1,1,1
62719743,61395,3,35.00,-35.00,34.12,-36.17,0.620,-0.631,-71348,71416,7.33,229.0,-84.695,2679.554,1,1,1
62729743,61405,3,35.00,-35.00,34.87,-36.75,0.618,-0.630,-71323,71390,7.32,225.8,-94.817,2678.604,1,1,1
62739751,61415,3,35.00,-35.00,35.39,-37.15,0.617,-0.629,-71298,71364,7.32,224.5,-103.720,2677.565,1,1,1
62749758,61425,3,35.00,-35.00,36.20,-36.99,0.615,-0.631,-71272,71339,7.31,220.5,-105.488,2676.509,1,1,1
62759758,61435,3,35.00,-35.00,37.65,-35.56,0.609,-0.636,-71244,71317,7.31,223.8,-99.024,2675.517,1,1,1
62769766,61445,3,35.00,-35.00,36.90,-34.56,0.614,-0.643,-71220,71295,7.27,220.2,-91.829,2674.597,1,1,1
62779773,61455,3,35.00,-35.00,33.30,-35.18,0.627,-0.640,-71203,71270,7.26,225.0,-84.451,2673.751,1,1,1
62789773,61465,3,35.00,-35.00,32.98,-36.05,0.619,-0.626,-71181,71244,7.38,234.5,-79.268,2672.957,1,1,1
62799781,61475,3,35.00,-35.00,32.75,-36.66,0.626,-0.629,-71159,71218,7.32,221.8,-81.341,2672.142,1,1,1
62809788,61485,3,35.00,-35.00,32.59,-37.53,0.631,-0.630,-71137,71191,7.28,225.0,-92.561,2671.214,1,1,1
62819796,61495,3,35.00,-35.00,33.80,-39.45,0.630,-0.625,-71112,71161,7.26,229.2,-104.451,2670.168,1,1,1
62829803,61505,3,35.00,-35.00,34.21,-39.48,0.630,-0.624,-71088,71134,7.27,225.3,-108.293,2669.084,1,1,1
62839812,61515,3,35.00,-35.00,35.81,-38.18,0.628,-0.632,-71061,71110,7.22,220.8,-100.732,2668.075,1,1,1
62849819,61525,3,35.00,-35.00,36.93,-35.52,0.620,-0.638,-71034,71090,7.25,226.8,-91.341,2667.160,1,1,1
62859827,61535,3,35.00,-35.00,37.72,-34.09,0.617,-0.644,-71007,71069,7.25,225.3,-84.817,2666.310,1,1,1
62869834,61545,3,35.00,-35.00,37.39,-33.97,0.618,-0.646,-70982,71046,7.24,226.8,-82.561,2665.483,1,1,1
62879834,61555,3,35.00,-35.00,35.84,-35.65,0.621,-0.638,-70960,71019,7.26,229.2,-85.366,2664.627,1,1,1
62889842,61565,3,35.00,-35.00,33.00,-36.38,0.634,-0.637,-70942,70993,7.23,224.3,-86.220,2663.764,1,1,1
62899849,61575,3,35.00,-35.00,31.01,-36.89,0.642,-0.634,-70924,70967,7.23,228.8,-83.598,2662.926,1,1,1
62909857,61585,3,35.00,-35.00,31.37,-37.25,0.641,-0.631,-70902,70941,7.25,233.5,-82.622,2662.098,1,1,1
62919857,61595,3,35.00,-35.00,32.95,-39.26,0.638,-0.625,-70877,70911,7.24,231.0,-89.268,2661.204,1,1,1
62929857,61605,3,35.00,-35.00,34.05,-38.91,0.636,-0.626,-70852,70885,7.24,227.8,-98.720,2660.215,1,1,1
62939864,61615,3,35.00,-35.00,34.38,-37.78,0.634,-0.628,-70828,70861,7.25,226.8,-99.207,2659.221,1,1,1
62949872,61625,3,35.00,-35.00,35.05,-34.80,0.627,-0.634,-70803,70842,7.30,228.5,-93.720,2658.283,1,1,1
62959879,61635,3,35.00,-35.00,35.96,-34.03,0.622,-0.637,-70777,70820,7.30,228.0,-86.646,2657.415,1,1,1
62969879,61645,3,35.00,-35.00,36.60,-34.80,0.619,-0.634,-70751,70795,7.31,227.3,-86.585,2656.547,1,1,1
62979888,61655,3,35.00,-35.00,37.49,-35.35,0.615,-0.631,-70724,70770,7.32,224.0,-93.659,2655.609,1,1,1
62989888,61665,3,35.00,-35.00,34.59,-36.17,0.628,-0.631,-70705,70744,7.28,222.5,-100.732,2654.600,1,1,1
62999894,61675,3,35.00,-35.00,33.00,-36.74,0.635,-0.629,-70685,70718,7.27,226.8,-99.207,2653.606,1,1,1
63009903,61685,3,35.00,-35.00,32.77,-38.03,0.633,-0.620,-70663,70690,7.32,230.0,-92.500,2652.680,1,1,1
63019910,61695,3,35.00,-35.00,29.97,-38.04,0.644,-0.619,-70647,70664,7.32,225.8,-87.683,2651.801,1,1,1
63029910,61705,3,35.00,-35.00,20.98,-37.18,0.681,-0.620,-70647,70640,7.29,230.0,-88.537,2650.914,1,1,1
63039910,61715,3,35.00,-35.00,14.69,-34.81,0.709,-0.626,-70647,70620,7.27,252.3,-93.659,2649.976,1,1,1
63049918,61725,3,35.00,-35.00,10.28,-33.60,0.724,-0.627,-70647,70599,7.28,276.8,-94.878,2649.026,1,1,1
63059918,61735,3,35.00,-35.00,7.64,-33.63,0.737,-0.625,-70646,70576,7.26,290.2,-93.171,2648.092,1,1,1
63069918,61745,3,35.00,-35.00,5.34,-34.52,0.748,-0.619,-70646,70551,7.26,301.0,-97.927,2647.111,1,1,1
63079918,61755,3,35.00,-35.00,3.74,-34.71,0.757,-0.616,-70646,70527,7.25,303.0,-104.329,2646.066,1,1,1
63089925,61765,3,35.00,-35.00,2.62,-35.29,0.762,-0.608,-70646,70502,7.27,312.2,-101.220,2645.052,1,1,1
63099925,61775,3,35.00,-35.00,12.38,-36.13,0.730,-0.602,-70622,70476,7.31,311.5,-97.134,2644.080,1,1,1
63109925,61785,3,35.00,-35.00,22.29,-37.59,0.699,-0.596,-70591,70448,7.32,278.5,-100.427,2643.074,1,1,1
63119925,61795,3,35.00,-35.00,29.23,-37.30,0.674,-0.595,-70560,70423,7.35,248.5,-104.512,2642.027,1,1,1
63129933,61805,3,35.00,-35.00,34.08,-35.34,0.661,-0.605,-70529,70402,7.32,230.8,-105.976,2640.966,1,1,1
63139933,61815,3,35.00,-35.00,38.36,-32.21,0.644,-0.617,-70496,70385,7.34,227.0,-102.439,2639.939,1,1,1
63149940,61825,3,35.00,-35.00,41.79,-30.46,0.633,-0.629,-70462,70367,7.29,221.8,-98.293,2638.955,1,1,1
63159948,61835,3,35.00,-35.00,42.00,-30.55,0.631,-0.633,-70433,70346,7.27,222.2,-96.341,2637.990,1,1,1
63169955,61845,3,35.00,-35.00,40.82,-31.93,0.631,-0.628,-70407,70322,7.30,223.5,-93.598,2637.052,1,1,1
63179955,61855,3,35.00,-35.00,40.88,-32.46,0.629,-0.628,-70379,70299,7.29,222.2,-93.598,2636.115,1,1,1
63189955,61865,3,35.00,-35.00,41.80,-32.83,0.624,-0.629,-70349,70276,7.29,223.0,-96.098,2635.152,1,1,1
63199955,61875,3,35.00,-35.00,42.88,-33.53,0.619,-0.629,-70318,70252,7.27,219.8,-100.671,2634.144,1,1,1
63209955,61885,3,35.00,-35.00,43.64,-35.77,0.614,-0.622,-70287,70224,7.28,217.2,-109.939,2633.043,1,1,1
63219955,61895,3,35.00,-35.00,45.93,-35.59,0.605,-0.624,-70252,70200,7.28,214.2,-116.646,2631.875,1,1,1
63229955,61905,3,35.00,-35.00,45.77,-34.58,0.605,-0.629,-70221,70178,7.27,210.7,-113.780,2630.735,1,1,1
63239963,61915,3,35.00,-35.00,43.91,-34.31,0.607,-0.628,-70194,70155,7.30,213.0,-107.439,2629.659,1,1,1
63249963,61925,3,35.00,-35.00,42.16,-32.81,0.615,-0.638,-70168,70135,7.26,213.2,-96.890,2628.689,1,1,1
63259963,61935,3,35.00,-35.00,40.06,-31.75,0.616,-0.637,-70144,70115,7.32,220.2,-86.890,2627.818,1,1,1
63269963,61945,3,35.00,-35.00,40.35,-31.46,0.615,-0.641,-70116,70094,7.31,219.8,-78.476,2627.032,1,1,1
63279963,61955,3,35.00,-35.00,40.11,-32.57,0.617,-0.640,-70089,70070,7.29,224.0,-72.805,2626.302,1,1,1
63289964,61965,3,35.00,-35.00,41.26,-33.34,0.612,-0.639,-70059,70046,7.30,224.3,-80.549,2625.495,1,1,1
63299970,61975,3,35.00,-35.00,43.38,-33.89,0.605,-0.639,-70026,70022,7.29,221.0,-95.793,2624.535,1,1,1
63309979,61985,3,35.00,-35.00,43.99,-33.83,0.599,-0.639,-69995,69999,7.32,222.2,-103.780,2623.496,1,1,1
63319990,61995,3,35.00,-35.00,43.10,-33.79,0.600,-0.638,-69967,69976,7.34,220.0,-102.622,2622.468,1,1,1
63329998,62005,3,35.00,-35.00,39.84,-33.76,0.610,-0.639,-69945,69953,7.33,217.8,-96.524,2621.501,1,1,1
63340005,62016,3,35.00,-35.00,37.99,-33.74,0.609,-0.633,-69922,69930,7.41,225.3,-87.927,2620.620,1,1,1
63350019,62026,3,35.00,-35.00,38.02,-33.72,0.617,-0.642,-69896,69907,7.31,218.5,-82.927,2619.790,1,1,1
63360029,62036,3,35.00,-35.00,38.92,-34.15,0.613,-0.641,-69868,69883,7.32,228.3,-85.610,2618.932,1,1,1
63370036,62046,3,35.00,-35.00,38.67,-34.45,0.613,-0.640,-69842,69859,7.33,226.0,-98.659,2617.944,1,1,1
63380044,62056,3,35.00,-35.00,40.25,-34.23,0.610,-0.644,-69812,69836,7.29,223.5,-110.183,2616.840,1,1,1
63390044,62066,3,35.00,-35.00,41.36,-35.38,0.607,-0.642,-69782,69810,7.28,224.8,-113.841,2615.700,1,1,1
63400051,62076,3,35.00,-35.00,41.26,-34.00,0.606,-0.648,-69754,69789,7.28,220.8,-112.012,2614.578,1,1,1
63410051,62086,3,35.00,-35.00,38.99,-36.54,0.614,-0.640,-69731,69760,7.28,225.3,-106.707,2613.510,1,1,1
63420051,62096,3,35.00,-35.00,36.52,-34.81,0.619,-0.642,-69710,69739,7.31,225.3,-91.707,2612.591,1,1,1
63430051,62106,3,35.00,-35.00,35.67,-33.59,0.621,-0.646,-69687,69718,7.32,225.8,-76.585,2611.823,1,1,1
63440051,62116,3,35.00,-35.00,36.83,-33.62,0.618,-0.648,-69660,69695,7.30,229.8,-70.732,2611.114,1,1,1
63450051,62126,3,35.00,-35.00,38.09,-34.52,0.614,-0.647,-69632,69670,7.29,230.5,-79.756,2610.315,1,1,1
63460051,62136,3,35.00,-35.00,38.53,-35.15,0.612,-0.644,-69605,69645,7.30,229.8,-95.915,2609.354,1,1,1
63470059,62146,3,35.00,-35.00,38.40,-35.15,0.611,-0.643,-69579,69621,7.31,225.5,-105.244,2608.300,1,1,1
63480059,62156,3,35.00,-35.00,39.18,-35.59,0.606,-0.640,-69551,69596,7.34,227.0,-108.598,2607.213,1,1,1
63490066,62166,3,35.00,-35.00,38.41,-37.22,0.605,-0.631,-69526,69568,7.38,226.0,-110.549,2606.105,1,1,1
63500074,62176,3,35.00,-35.00,35.68,-38.80,0.616,-0.626,-69506,69539,7.36,217.2,-107.378,2605.030,1,1,1
63510081,62186,3,35.00,-35.00,35.08,-38.15,0.619,-0.627,-69483,69514,7.35,218.0,-93.049,2604.098,1,1,1
63520090,62196,3,35.00,-35.00,34.66,-35.49,0.622,-0.637,-69460,69494,7.33,222.0,-81.890,2603.277,1,1,1
63530097,62206,3,35.00,-35.00,35.25,-34.07,0.620,-0.643,-69435,69473,7.32,226.5,-83.415,2602.442,1,1,1
63540105,62216,3,35.00,-35.00,36.98,-33.08,0.613,-0.646,-69407,69452,7.34,230.2,-89.634,2601.544,1,1,1
63550112,62226,3,35.00,-35.00,38.19,-34.14,0.609,-0.644,-69379,69427,7.33,228.3,-95.122,2600.591,1,1,1
63560127,62236,3,35.00,-35.00,39.04,-35.32,0.606,-0.641,-69351,69401,7.34,225.5,-99.390,2599.595,1,1,1
63570135,62246,3,35.00,-35.00,38.31,-35.71,0.608,-0.639,-69326,69376,7.34,221.5,-102.317,2598.570,1,1,1
63580142,62256,3,35.00,-35.00,37.37,-35.99,0.611,-0.638,-69302,69351,7.34,222.2,-101.463,2597.554,1,1,1
63590142,62266,3,35.00,-35.00,32.75,-36.18,0.626,-0.635,-69287,69326,7.34,222.2,-94.695,2596.605,1,1,1
63600150,62276,3,35.00,-35.00,31.71,-35.87,0.632,-0.636,-69267,69302,7.33,225.8,-81.159,2595.792,1,1,1
63610157,62286,3,35.00,-35.00,30.99,-36.10,0.637,-0.635,-69247,69277,7.32,231.0,-71.646,2595.074,1,1,1
63620157,62296,3,35.00,-35.00,31.36,-35.81,0.638,-0.637,-69225,69253,7.30,234.0,-75.305,2594.320,1,1,1
63630165,62306,3,35.00,-35.00,32.50,-36.50,0.636,-0.634,-69201,69227,7.30,236.2,-83.841,2593.479,1,1,1
63640165,62316,3,35.00,-35.00,34.61,-36.53,0.629,-0.634,-69174,69202,7.31,232.7,-93.049,2592.547,1,1,1
63650166,62326,3,35.00,-35.00,36.10,-37.44,0.623,-0.630,-69147,69175,7.32,231.8,-102.683,2591.519,1,1,1
63660172,62336,3,35.00,-35.00,36.25,-38.95,0.623,-0.623,-69122,69146,7.32,227.5,-111.646,2590.401,1,1,1
63670172,62346,3,35.00,-35.00,35.92,-40.89,0.624,-0.614,-69098,69115,7.33,221.2,-113.354,2589.265,1,1,1
63680172,62356,3,35.00,-35.00,35.69,-39.61,0.624,-0.616,-69074,69090,7.34,219.2,-104.207,2588.222,1,1,1
63690181,62366,3,35.00,-35.00,34.65,-37.83,0.628,-0.622,-69052,69067,7.32,220.2,-92.500,2587.295,1,1,1
63700181,62376,3,35.00,-35.00,34.36,-35.27,0.629,-0.630,-69029,69047,7.32,222.5,-83.902,2586.455,1,1,1
63710181,62386,3,35.00,-35.00,33.72,-33.92,0.632,-0.635,-69007,69026,7.32,226.8,-77.317,2585.680,1,1,1
63720181,62396,3,35.00,-35.00,34.15,-34.73,0.631,-0.632,-68983,69001,7.32,232.5,-78.171,2584.896,1,1,1
63730181,62406,3,35.00,-35.00,34.89,-36.18,0.629,-0.627,-68958,68974,7.32,228.8,-86.646,2584.028,1,1,1
63740181,62416,3,35.00,-35.00,35.85,-36.31,0.626,-0.627,-68932,68949,7.31,225.0,-96.524,2583.061,1,1,1
63750193,62426,3,35.00,-35.00,35.64,-37.28,0.625,-0.622,-68908,68922,7.33,223.2,-103.537,2582.024,1,1,1
63760203,62436,3,35.00,-35.00,35.94,-37.52,0.623,-0.618,-68883,68896,7.35,224.5,-104.817,2580.974,1,1,1
63770203,62446,3,35.00,-35.00,35.70,-38.13,0.623,-0.615,-68859,68869,7.35,218.5,-99.024,2579.982,1,1,1
63780218,62456,3,35.00,-35.00,35.98,-36.80,0.622,-0.619,-68834,68846,7.36,217.2,-91.890,2579.062,1,1,1
63790218,62466,3,35.00,-35.00,36.61,-35.43,0.619,-0.624,-68808,68824,7.36,220.2,-84.878,2578.211,1,1,1
63800218,62476,3,35.00,-35.00,35.30,-34.47,0.626,-0.630,-68786,68802,7.32,220.2,-78.232,2577.427,1,1,1
63810218,62486,3,35.00,-35.00,34.81,-35.55,0.628,-0.626,-68763,68776,7.32,224.8,-77.195,2576.654,1,1,1
63820226,62496,3,35.00,-35.00,35.36,-35.87,0.626,-0.625,-68738,68751,7.32,226.8,-83.720,2575.815,1,1,1
63830233,62506,3,35.00,-35.00,35.74,-36.98,0.625,-0.622,-68713,68724,7.32,225.3,-97.439,2574.839,1,1,1
63840241,62516,3,35.00,-35.00,36.88,-37.31,0.621,-0.620,-68686,68698,7.32,222.5,-109.756,2573.740,1,1,1
63850244,62526,3,35.00,-35.00,38.12,-38.86,0.614,-0.613,-68658,68669,7.35,221.5,-115.305,2572.585,1,1,1
63860256,62536,3,35.00,-35.00,39.87,-38.63,0.608,-0.615,-68628,68643,7.34,214.8,-114.817,2571.435,1,1,1
63870264,62546,3,35.00,-35.00,42.41,-38.47,0.599,-0.617,-68595,68617,7.34,213.8,-110.061,2570.333,1,1,1
63880278,62556,3,35.00,-35.00,41.11,-36.15,0.602,-0.624,-68569,68596,7.34,208.0,-98.780,2569.343,1,1,1
63890278,62566,3,35.00,-35.00,40.20,-34.10,0.603,-0.630,-68543,68576,7.36,215.2,-84.573,2568.496,1,1,1
63900287,62576,3,35.00,-35.00,37.81,-33.10,0.608,-0.632,-68521,68555,7.38,218.0,-71.402,2567.780,1,1,1
63910287,62586,3,35.00,-35.00,33.50,-33.27,0.627,-0.636,-68505,68532,7.32,219.0,-66.829,2567.110,1,1,1
63920287,62596,3,35.00,-35.00,33.12,-34.72,0.625,-0.626,-68483,68506,7.38,232.0,-69.390,2566.415,1,1,1
63930294,62606,3,35.00,-35.00,34.61,-34.85,0.621,-0.627,-68457,68482,7.37,224.8,-78.841,2565.625,1,1,1
63940309,62616,3,35.00,-35.00,36.09,-35.82,0.616,-0.624,-68430,68456,7.37,224.0,-95.305,2564.670,1,1,1
63950309,62626,3,35.00,-35.00,37.13,-37.38,0.614,-0.620,-68403,68428,7.35,221.2,-106.585,2563.603,1,1,1
63960309,62636,3,35.00,-35.00,39.17,-38.03,0.607,-0.618,-68373,68401,7.35,218.2,-105.854,2562.543,1,1,1
63970309,62646,3,35.00,-35.00,39.29,-37.17,0.606,-0.621,-68346,68377,7.36,214.5,-95.854,2561.583,1,1,1
63980317,62656,3,35.00,-35.00,40.24,-34.37,0.603,-0.632,-68317,68358,7.34,213.8,-85.305,2560.728,1,1,1
63990324,62666,3,35.00,-35.00,37.84,-32.85,0.609,-0.636,-68295,68338,7.35,218.0,-74.695,2559.979,1,1,1
64000324,62676,3,35.00,-35.00,35.28,-33.10,0.617,-0.636,-68275,68315,7.35,222.5,-67.256,2559.305,1,1,1
64010332,62686,3,35.00,-35.00,34.36,-33.72,0.621,-0.634,-68253,68291,7.35,227.3,-68.780,2558.615,1,1,1
64020333,62696,3,35.00,-35.00,35.48,-34.59,0.618,-0.633,-68227,68266,7.34,229.0,-80.854,2557.805,1,1,1
64030339,62706,3,35.00,-35.00,36.26,-34.76,0.616,-0.633,-68201,68242,7.33,224.3,-96.280,2556.841,1,1,1
64040348,62716,3,35.00,-35.00,36.37,-35.32,0.618,-0.634,-68176,68217,7.30,222.2,-104.756,2555.792,1,1,1
64050348,62726,3,35.00,-35.00,37.32,-35.27,0.617,-0.637,-68149,68193,7.27,224.8,-106.220,2554.728,1,1,1
64060354,62736,3,35.00,-35.00,38.87,-34.36,0.611,-0.640,-68120,68171,7.28,225.3,-99.695,2553.729,1,1,1
64070354,62746,3,35.00,-35.00,40.83,-33.72,0.605,-0.646,-68089,68149,7.26,221.8,-87.866,2552.849,1,1,1
64080354,62756,3,35.00,-35.00,40.89,-33.71,0.601,-0.643,-68061,68126,7.30,226.5,-81.341,2552.034,1,1,1
64090363,62766,3,35.00,-35.00,39.17,-33.70,0.604,-0.642,-68037,68103,7.32,224.5,-81.098,2551.222,1,1,1
64100363,62776,3,35.00,-35.00,34.89,-34.14,0.618,-0.639,-68020,68079,7.33,224.3,-82.744,2550.393,1,1,1
64110363,62786,3,35.00,-35.00,32.77,-34.88,0.631,-0.642,-68001,68054,7.26,226.0,-82.805,2549.563,1,1,1
64120363,62796,3,35.00,-35.00,33.05,-35.41,0.629,-0.638,-67978,68029,7.29,234.7,-82.805,2548.733,1,1,1
64130363,62806,3,35.00,-35.00,34.12,-35.77,0.630,-0.640,-67953,68004,7.24,231.0,-82.744,2547.904,1,1,1
64140363,62816,3,35.00,-35.00,35.31,-36.03,0.625,-0.638,-67927,67979,7.25,233.0,-90.488,2546.998,1,1,1
64150363,62826,3,35.00,-35.00,36.58,-35.76,0.621,-0.640,-67900,67955,7.25,229.0,-100.183,2545.994,1,1,1
64160363,62836,3,35.00,-35.00,40.11,-36.46,0.608,-0.638,-67867,67929,7.25,226.0,-102.805,2544.965,1,1,1
64170363,62846,3,35.00,-35.00,40.38,-34.31,0.607,-0.647,-67839,67909,7.24,218.5,-95.061,2544.012,1,1,1
64180363,62856,3,35.00,-35.00,39.69,-34.13,0.607,-0.646,-67813,67886,7.26,226.5,-87.134,2543.139,1,1,1
64190363,62866,3,35.00,-35.00,37.01,-34.43,0.619,-0.648,-67792,67862,7.23,224.0,-80.488,2542.333,1,1,1
64200363,62876,3,35.00,-35.00,33.82,-34.65,0.615,-0.633,-67774,67838,7.39,233.2,-76.524,2541.566,1,1,1
64210363,62886,3,35.00,-35.00,31.58,-35.68,0.629,-0.633,-67756,67812,7.33,222.2,-76.220,2540.802,1,1,1
64220369,62896,3,35.00,-35.00,32.66,-35.96,0.629,-0.634,-67732,67787,7.30,229.5,-77.927,2540.021,1,1,1
64230369,62906,3,35.00,-35.00,34.72,-37.04,0.630,-0.638,-67705,67760,7.22,226.3,-83.963,2539.180,1,1,1
64240369,62916,3,35.00,-35.00,34.85,-36.47,0.622,-0.631,-67681,67736,7.31,231.5,-93.720,2538.241,1,1,1
64250375,62926,3,35.00,-35.00,34.94,-35.64,0.624,-0.637,-67657,67713,7.28,224.0,-97.073,2537.269,1,1,1
64260385,62936,3,35.00,-35.00,37.64,-35.06,0.613,-0.639,-67627,67690,7.29,228.0,-94.329,2536.324,1,1,1
64270385,62946,3,35.00,-35.00,39.97,-35.09,0.604,-0.639,-67596,67666,7.29,224.5,-89.024,2535.432,1,1,1
64280400,62956,3,35.00,-35.00,38.97,-35.11,0.608,-0.641,-67571,67642,7.28,222.0,-88.354,2534.547,1,1,1
64290408,62966,3,35.00,-35.00,36.07,-36.44,0.618,-0.635,-67551,67615,7.27,223.5,-91.768,2533.627,1,1,1
64300415,62976,3,35.00,-35.00,33.16,-36.93,0.630,-0.633,-67533,67589,7.26,223.5,-94.268,2532.683,1,1,1
64310415,62986,3,35.00,-35.00,32.88,-36.84,0.632,-0.634,-67511,67564,7.25,226.5,-93.293,2531.749,1,1,1
64320423,62996,3,35.00,-35.00,34.00,-38.09,0.633,-0.633,-67486,67536,7.22,228.0,-89.207,2530.855,1,1,1
64330430,63006,3,35.00,-35.00,34.79,-38.97,0.633,-0.632,-67461,67508,7.19,225.8,-92.256,2529.930,1,1,1
64340430,63016,3,35.00,-35.00,35.34,-38.27,0.631,-0.634,-67436,67483,7.20,224.0,-101.951,2528.909,1,1,1
64350430,63026,3,35.00,-35.00,36.16,-36.45,0.629,-0.641,-67410,67461,7.18,225.3,-105.671,2527.851,1,1,1
64360439,63036,3,35.00,-35.00,37.62,-33.87,0.621,-0.649,-67382,67442,7.19,229.0,-99.634,2526.853,1,1,1
64370445,63046,3,35.00,-35.00,38.20,-33.37,0.618,-0.651,-67355,67420,7.20,226.0,-91.707,2525.934,1,1,1
64380446,63056,3,35.00,-35.00,35.97,-33.91,0.625,-0.649,-67334,67396,7.21,228.8,-87.500,2525.057,1,1,1
64390454,63066,3,35.00,-35.00,33.97,-35.60,0.629,-0.640,-67314,67369,7.23,232.5,-85.549,2524.200,1,1,1
64400454,63076,3,35.00,-35.00,33.88,-35.91,0.625,-0.633,-67291,67344,7.30,231.5,-84.024,2523.358,1,1,1
64410454,63086,3,35.00,-35.00,33.83,-36.56,0.627,-0.632,-67268,67318,7.28,226.3,-85.854,2522.498,1,1,1
64420460,63096,3,35.00,-35.00,35.10,-37.02,0.628,-0.635,-67242,67292,7.23,224.5,-94.634,2521.550,1,1,1
64430469,63106,3,35.00,-35.00,35.56,-37.78,0.621,-0.627,-67217,67265,7.29,228.3,-105.732,2520.491,1,1,1
64440469,63116,3,35.00,-35.00,35.88,-37.43,0.619,-0.627,-67192,67240,7.30,221.5,-109.390,2519.396,1,1,1
64450476,63126,3,35.00,-35.00,38.74,-35.87,0.609,-0.633,-67161,67218,7.30,221.0,-103.354,2518.361,1,1,1
64460476,63136,3,35.00,-35.00,38.54,-35.22,0.609,-0.636,-67135,67195,7.29,217.8,-96.098,2517.398,1,1,1
64470485,63146,3,35.00,-35.00,35.33,-35.64,0.619,-0.633,-67116,67170,7.30,221.2,-91.890,2516.478,1,1,1
64480500,63156,3,35.00,-35.00,32.20,-36.37,0.631,-0.630,-67099,67144,7.30,224.3,-86.646,2515.609,1,1,1
64490508,63166,3,35.00,-35.00,31.77,-36.89,0.631,-0.625,-67078,67118,7.33,231.0,-83.049,2514.777,1,1,1
64500508,63176,3,35.00,-35.00,32.35,-38.13,0.630,-0.620,-67055,67090,7.34,228.3,-85.549,2513.920,1,1,1
64510515,63186,3,35.00,-35.00,34.07,-39.43,0.625,-0.615,-67029,67061,7.35,225.8,-96.829,2512.950,1,1,1
64520515,63196,3,35.00,-35.00,34.83,-40.79,0.623,-0.610,-67004,67031,7.34,222.0,-105.854,2511.890,1,1,1
64530515,63206,3,35.00,-35.00,34.93,-39.10,0.623,-0.615,-66980,67007,7.35,218.0,-103.902,2510.849,1,1,1
64540523,63216,3,35.00,-35.00,36.76,-36.60,0.618,-0.625,-66952,66986,7.33,218.0,-96.951,2509.878,1,1,1
64550530,63226,3,35.00,-35.00,36.72,-33.97,0.617,-0.635,-66927,66967,7.32,222.0,-89.085,2508.986,1,1,1
64560539,63236,3,35.00,-35.00,36.25,-33.88,0.619,-0.636,-66903,66944,7.31,224.3,-82.927,2508.155,1,1,1
64570539,63246,3,35.00,-35.00,35.48,-35.14,0.622,-0.632,-66880,66918,7.31,224.5,-82.683,2507.326,1,1,1
64580545,63256,3,35.00,-35.00,33.19,-36.03,0.631,-0.629,-66861,66892,7.30,226.3,-86.829,2506.457,1,1,1
64590554,63266,3,35.00,-35.00,31.58,-36.64,0.638,-0.626,-66842,66866,7.30,229.0,-85.244,2505.603,1,1,1
64600554,63276,3,35.00,-35.00,31.77,-37.52,0.640,-0.624,-66820,66839,7.28,227.8,-82.500,2504.776,1,1,1
64610554,63286,3,35.00,-35.00,32.79,-39.01,0.639,-0.620,-66796,66810,7.27,229.2,-86.585,2503.908,1,1,1
64620560,63296,3,35.00,-35.00,33.94,-39.61,0.636,-0.617,-66771,66782,7.28,229.2,-96.463,2502.942,1,1,1
64630560,63306,3,35.00,-35.00,34.74,-36.95,0.632,-0.625,-66746,66761,7.29,223.8,-100.854,2501.932,1,1,1
64640569,63316,3,35.00,-35.00,35.75,-34.66,0.629,-0.634,-66720,66741,7.27,223.8,-97.744,2500.953,1,1,1
64650569,63326,3,35.00,-35.00,36.45,-33.93,0.627,-0.638,-66694,66719,7.26,228.8,-89.634,2500.055,1,1,1
64660576,63336,3,35.00,-35.00,36.50,-35.18,0.628,-0.634,-66669,66693,7.26,229.5,-87.012,2499.183,1,1,1
64670576,63346,3,35.00,-35.00,36.54,-35.61,0.623,-0.630,-66644,66668,7.30,228.0,-91.951,2498.262,1,1,1
64680576,63356,3,35.00,-35.00,35.68,-35.91,0.621,-0.623,-66621,66643,7.36,225.0,-97.866,2497.282,1,1,1
64690576,63366,3,35.00,-35.00,32.89,-37.00,0.635,-0.622,-66603,66616,7.31,221.2,-101.463,2496.265,1,1,1
64700576,63376,3,35.00,-35.00,31.81,-37.77,0.640,-0.619,-66583,66589,7.31,223.8,-95.976,2495.304,1,1,1
64710584,63386,3,35.00,-35.00,33.25,-38.30,0.637,-0.618,-66558,66562,7.30,226.8,-86.890,2494.433,1,1,1
64720591,63396,3,35.00,-35.00,26.35,-36.92,0.663,-0.620,-66551,66539,7.30,226.5,-84.817,2493.583,1,1,1
64730591,63406,3,35.00,-35.00,18.45,-34.63,0.695,-0.625,-66551,66519,7.28,239.5,-91.159,2492.670,1,1,1
64740599,63416,3,35.00,-35.00,12.91,-33.03,0.718,-0.629,-66551,66499,7.27,263.5,-92.195,2491.747,1,1,1
64750606,63426,3,35.00,-35.00,9.04,-33.23,0.735,-0.628,-66551,66476,7.24,284.5,-90.427,2490.841,1,1,1
64760606,63436,3,35.00,-35.00,6.77,-34.25,0.744,-0.619,-66550,66451,7.26,299.8,-92.744,2489.912,1,1,1
64770614,63446,3,35.00,-35.00,4.74,-34.52,0.753,-0.614,-66550,66427,7.27,303.8,-98.780,2488.922,1,1,1
64780621,63456,3,35.00,-35.00,3.32,-35.15,0.762,-0.609,-66550,66402,7.26,308.0,-102.744,2487.893,1,1,1
64790630,63466,3,35.00,-35.00,4.52,-35.59,0.762,-0.605,-66545,66377,7.25,312.0,-100.915,2486.882,1,1,1
64800630,63476,3,35.00,-35.00,17.23,-38.10,0.723,-0.597,-66513,66347,7.26,307.5,-103.293,2485.848,1,1,1
64810630,63486,3,35.00,-35.00,25.24,-37.65,0.695,-0.596,-66483,66322,7.29,267.2,-106.220,2484.784,1,1,1
64820636,63496,3,35.00,-35.00,30.85,-35.59,0.674,-0.601,-66453,66301,7.33,245.0,-106.098,2483.721,1,1,1
64830645,63506,3,35.00,-35.00,35.66,-31.94,0.656,-0.613,-66421,66285,7.34,230.8,-103.841,2482.681,1,1,1
64840652,63516,3,35.00,-35.00,39.90,-30.27,0.640,-0.623,-66387,66267,7.33,228.3,-99.634,2481.683,1,1,1
64850652,63526,3,35.00,-35.00,41.99,-30.42,0.633,-0.628,-66355,66246,7.30,223.0,-97.134,2480.710,1,1,1
64860652,63536,3,35.00,-35.00,41.70,-31.84,0.628,-0.622,-66327,66222,7.34,224.0,-100.122,2479.708,1,1,1
64870652,63546,3,35.00,-35.00,40.18,-32.39,0.631,-0.620,-66302,66199,7.35,219.8,-100.305,2478.703,1,1,1
64880660,63556,3,35.00,-35.00,41.31,-32.78,0.624,-0.620,-66272,66176,7.36,220.5,-100.000,2477.701,1,1,1
64890667,63566,3,35.00,-35.00,42.54,-34.81,0.619,-0.615,-66241,66149,7.34,215.5,-103.598,2476.664,1,1,1
64900675,63576,3,35.00,-35.00,42.96,-36.23,0.615,-0.612,-66211,66122,7.34,213.8,-112.256,2475.539,1,1,1
64910682,63586,3,35.00,-35.00,44.57,-35.91,0.609,-0.614,-66178,66098,7.33,211.2,-112.500,2474.413,1,1,1
64920682,63596,3,35.00,-35.00,45.26,-35.68,0.604,-0.615,-66146,66074,7.35,209.0,-105.122,2473.360,1,1,1
64930690,63606,3,35.00,-35.00,43.99,-34.21,0.608,-0.621,-66118,66053,7.34,205.5,-100.366,2472.354,1,1,1
64940697,63616,3,35.00,-35.00,41.78,-32.73,0.613,-0.626,-66093,66033,7.35,211.5,-91.341,2471.439,1,1,1
64950697,63626,3,35.00,-35.00,41.11,-32.14,0.615,-0.631,-66066,66012,7.34,216.0,-80.061,2470.637,1,1,1
64960697,63636,3,35.00,-35.00,40.64,-30.85,0.616,-0.638,-66039,65993,7.33,217.5,-73.354,2469.902,1,1,1
64970706,63646,3,35.00,-35.00,41.19,-31.26,0.614,-0.639,-66010,65971,7.32,223.5,-78.293,2469.117,1,1,1
64980712,63656,3,35.00,-35.00,42.46,-31.99,0.609,-0.639,-65979,65948,7.32,223.5,-89.695,2468.219,1,1,1
64990712,63666,3,35.00,-35.00,43.78,-32.50,0.604,-0.639,-65947,65925,7.32,220.5,-97.744,2467.240,1,1,1
65000721,63676,3,35.00,-35.00,45.59,-33.30,0.597,-0.639,-65913,65901,7.32,220.2,-99.756,2466.240,1,1,1
65010727,63686,3,35.00,-35.00,43.34,-33.42,0.603,-0.639,-65887,65878,7.32,217.8,-101.220,2465.227,1,1,1
65020727,63696,3,35.00,-35.00,41.32,-33.50,0.608,-0.639,-65862,65855,7.33,218.8,-97.134,2464.254,1,1,1
65030736,63706,3,35.00,-35.00,38.59,-33.12,0.615,-0.639,-65840,65833,7.35,222.2,-89.268,2463.359,1,1,1
65040736,63716,3,35.00,-35.00,36.68,-33.29,0.620,-0.638,-65818,65810,7.36,226.0,-83.720,2462.521,1,1,1
65050743,63726,3,35.00,-35.00,37.98,-34.29,0.614,-0.634,-65790,65785,7.37,229.2,-88.293,2461.636,1,1,1
65060751,63736,3,35.00,-35.00,38.89,-34.11,0.613,-0.638,-65762,65762,7.35,223.0,-100.671,2460.628,1,1,1
65070758,63746,3,35.00,-35.00,38.65,-33.98,0.612,-0.638,-65736,65739,7.35,224.0,-100.671,2459.619,1,1,1
65080766,63756,3,35.00,-35.00,40.68,-33.90,0.604,-0.638,-65705,65716,7.37,225.8,-108.598,2458.532,1,1,1
65090766,63766,3,35.00,-35.00,41.66,-33.83,0.599,-0.639,-65675,65693,7.38,222.0,-109.878,2457.431,1,1,1
65100773,63776,3,35.00,-35.00,39.71,-34.67,0.606,-0.637,-65651,65668,7.37,219.2,-106.159,2456.368,1,1,1
65110773,63786,3,35.00,-35.00,37.02,-34.38,0.614,-0.637,-65630,65645,7.38,223.0,-97.378,2455.393,1,1,1
65120781,63796,3,35.00,-35.00,36.02,-34.17,0.616,-0.638,-65607,65622,7.38,225.0,-82.866,2454.562,1,1,1
65130788,63806,3,35.00,-35.00,37.08,-34.03,0.614,-0.641,-65580,65599,7.36,225.8,-73.110,2453.830,1,1,1
65140788,63816,3,35.00,-35.00,37.82,-34.37,0.611,-0.640,-65553,65575,7.36,228.3,-77.927,2453.049,1,1,1
65150797,63826,3,35.00,-35.00,38.34,-35.04,0.609,-0.638,-65526,65550,7.37,228.5,-95.000,2452.097,1,1,1
65160803,63836,3,35.00,-35.00,37.83,-35.52,0.612,-0.637,-65501,65525,7.36,225.0,-108.598,2451.010,1,1,1
65170803,63846,3,35.00,-35.00,38.34,-35.41,0.609,-0.637,-65474,65501,7.37,224.3,-114.817,2449.860,1,1,1
65180803,63856,3,35.00,-35.00,40.02,-39.29,0.604,-0.624,-65444,65468,7.36,224.0,-115.671,2448.701,1,1,1
65190803,63866,3,35.00,-35.00,37.68,-38.49,0.611,-0.624,-65422,65443,7.38,214.8,-113.232,2447.567,1,1,1
65200812,63876,3,35.00,-35.00,35.17,-37.93,0.620,-0.625,-65402,65418,7.36,215.2,-102.988,2446.536,1,1,1
65210818,63886,3,35.00,-35.00,34.73,-34.90,0.621,-0.635,-65379,65399,7.36,221.5,-85.122,2445.683,1,1,1
65220827,63896,3,35.00,-35.00,34.85,-31.90,0.620,-0.646,-65355,65382,7.36,226.8,-74.268,2444.938,1,1,1
65230827,63906,3,35.00,-35.00,35.38,-32.44,0.619,-0.647,-65330,65359,7.34,232.7,-76.341,2444.173,1,1,1
65240834,63916,3,35.00,-35.00,35.76,-33.69,0.617,-0.643,-65305,65334,7.35,232.7,-83.902,2443.333,1,1,1
65250839,63926,3,35.00,-35.00,38.21,-34.57,0.612,-0.643,-65275,65309,7.32,229.8,-94.390,2442.387,1,1,1
65260849,63936,3,35.00,-35.00,39.05,-35.19,0.605,-0.638,-65247,65284,7.36,228.3,-102.805,2441.357,1,1,1
65270857,63946,3,35.00,-35.00,37.88,-36.06,0.609,-0.635,-65223,65258,7.37,221.2,-103.780,2440.318,1,1,1
65280857,63956,3,35.00,-35.00,36.63,-35.79,0.612,-0.634,-65200,65234,7.38,222.0,-99.329,2439.323,1,1,1
65290864,63966,3,35.00,-35.00,32.23,-35.60,0.627,-0.634,-65185,65210,7.37,222.2,-91.341,2438.408,1,1,1
65300873,63976,3,35.00,-35.00,30.91,-35.46,0.635,-0.635,-65166,65186,7.36,228.0,-77.622,2437.630,1,1,1
65310879,63986,3,35.00,-35.00,29.99,-35.37,0.639,-0.634,-65147,65162,7.36,232.7,-70.305,2436.926,1,1,1
65320879,63996,3,35.00,-35.00,31.98,-35.75,0.635,-0.634,-65122,65137,7.35,237.5,-77.805,2436.146,1,1,1
65330888,64006,3,35.00,-35.00,33.37,-36.45,0.630,-0.630,-65097,65111,7.36,234.2,-88.720,2435.257,1,1,1
65340894,64016,3,35.00,-35.00,35.66,-37.38,0.623,-0.627,-65069,65084,7.36,227.8,-99.756,2434.258,1,1,1
65350894,64026,3,35.00,-35.00,36.39,-38.03,0.621,-0.625,-65043,65057,7.35,226.8,-110.000,2433.156,1,1,1
65360903,64036,3,35.00,-35.00,35.58,-41.12,0.623,-0.610,-65020,65024,7.38,226.3,-116.098,2431.993,1,1,1
65370903,64046,3,35.00,-35.00,36.33,-40.21,0.620,-0.612,-64994,64998,7.38,218.5,-114.939,2430.842,1,1,1
65380903,64056,3,35.00,-35.00,35.10,-38.70,0.627,-0.617,-64972,64974,7.35,215.5,-104.146,2429.799,1,1,1
65390910,64066,3,35.00,-35.00,34.68,-36.32,0.628,-0.624,-64949,64953,7.35,222.2,-91.341,2428.884,1,1,1
65400918,64076,3,35.00,-35.00,33.94,-33.33,0.631,-0.635,-64927,64935,7.34,224.3,-82.195,2428.061,1,1,1
65410918,64086,3,35.00,-35.00,33.87,-33.00,0.633,-0.639,-64904,64913,7.31,228.8,-76.890,2427.290,1,1,1
65420918,64096,3,35.00,-35.00,34.25,-35.40,0.631,-0.630,-64880,64885,7.33,236.0,-77.073,2426.518,1,1,1
65430925,64106,3,35.00,-35.00,35.40,-36.21,0.626,-0.626,-64854,64859,7.34,229.2,-86.768,2425.648,1,1,1
65440925,64116,3,35.00,-35.00,35.33,-36.33,0.625,-0.623,-64830,64834,7.36,225.0,-97.561,2424.671,1,1,1
65450925,64126,3,35.00,-35.00,35.28,-36.86,0.626,-0.621,-64806,64808,7.36,225.8,-104.268,2423.626,1,1,1
65460925,64136,3,35.00,-35.00,36.12,-38.11,0.623,-0.616,-64780,64780,7.36,222.2,-105.549,2422.569,1,1,1
65470925,64146,3,35.00,-35.00,35.83,-37.22,0.624,-0.618,-64756,64756,7.36,217.5,-97.195,2421.596,1,1,1
65480925,64156,3,35.00,-35.00,36.07,-35.72,0.623,-0.624,-64731,64734,7.35,220.5,-89.756,2420.697,1,1,1
65490925,64166,3,35.00,-35.00,35.79,-34.67,0.623,-0.627,-64707,64712,7.36,222.8,-82.378,2419.871,1,1,1
65500925,64176,3,35.00,-35.00,35.60,-35.26,0.624,-0.626,-64683,64687,7.35,222.5,-77.927,2419.090,1,1,1
65510925,64186,3,35.00,-35.00,35.47,-35.67,0.626,-0.625,-64659,64662,7.34,223.5,-81.220,2418.276,1,1,1
65520925,64196,3,35.00,-35.00,36.25,-36.39,0.623,-0.623,-64633,64636,7.34,226.5,-92.805,2417.347,1,1,1
65530933,64206,3,35.00,-35.00,37.24,-37.34,0.620,-0.619,-64606,64609,7.34,222.8,-105.122,2416.294,1,1,1
65540940,64216,3,35.00,-35.00,37.94,-38.44,0.619,-0.617,-64579,64581,7.31,218.5,-111.646,2415.176,1,1,1
65550951,64226,3,35.00,-35.00,38.86,-39.21,0.614,-0.612,-64551,64553,7.33,217.8,-113.537,2414.039,1,1,1
65560959,64236,3,35.00,-35.00,39.95,-38.44,0.609,-0.614,-64522,64528,7.35,214.5,-112.012,2412.917,1,1,1
65570974,64246,3,35.00,-35.00,42.46,-37.45,0.600,-0.618,-64489,64504,7.35,210.2,-105.000,2411.865,1,1,1
65580974,64256,3,35.00,-35.00,41.59,-34.57,0.607,-0.634,-64462,64485,7.28,207.2,-93.232,2410.932,1,1,1
65590986,64266,3,35.00,-35.00,40.10,-32.99,0.612,-0.641,-64437,64465,7.27,218.2,-82.622,2410.104,1,1,1
65601000,64277,3,35.00,-35.00,36.86,-33.20,0.624,-0.642,-64417,64442,7.24,221.8,-72.317,2409.379,1,1,1
65611008,64287,3,35.00,-35.00,34.15,-34.22,0.632,-0.637,-64398,64417,7.26,229.2,-70.610,2408.671,1,1,1
65621017,64297,3,35.00,-35.00,34.01,-34.94,0.632,-0.634,-64375,64392,7.27,230.2,-75.244,2407.917,1,1,1
65631017,64307,3,35.00,-35.00,35.67,-35.45,0.625,-0.631,-64348,64367,7.28,229.0,-82.927,2407.086,1,1,1
65641017,64317,3,35.00,-35.00,36.40,-36.24,0.622,-0.628,-64322,64341,7.29,226.0,-96.220,2406.122,1,1,1
65651030,64327,3,35.00,-35.00,37.34,-37.67,0.619,-0.622,-64295,64313,7.30,223.0,-105.000,2405.071,1,1,1
65661032,64337,3,35.00,-35.00,39.76,-36.92,0.612,-0.627,-64264,64289,7.28,216.2,-101.829,2404.051,1,1,1
65671032,64347,3,35.00,-35.00,40.14,-34.19,0.607,-0.634,-64236,64270,7.31,217.2,-90.183,2403.147,1,1,1
65681032,64357,3,35.00,-35.00,39.08,-33.60,0.613,-0.639,-64211,64248,7.28,219.2,-80.244,2402.343,1,1,1
65691038,64367,3,35.00,-35.00,37.03,-33.63,0.615,-0.636,-64189,64225,7.32,224.8,-74.085,2401.601,1,1,1
65701047,64377,3,35.00,-35.00,35.59,-34.09,0.619,-0.634,-64167,64201,7.33,224.8,-73.415,2400.865,1,1,1
65711047,64387,3,35.00,-35.00,35.46,-34.41,0.620,-0.634,-64143,64177,7.32,225.3,-78.293,2400.080,1,1,1
65721054,64397,3,35.00,-35.00,36.69,-35.07,0.617,-0.633,-64116,64152,7.31,225.3,-90.122,2399.177,1,1,1
65731054,64407,3,35.00,-35.00,37.55,-35.54,0.614,-0.632,-64089,64127,7.31,223.0,-102.439,2398.151,1,1,1
65741054,64417,3,35.00,-35.00,37.71,-35.86,0.613,-0.630,-64063,64102,7.32,224.3,-108.049,2397.069,1,1,1
65751062,64427,3,35.00,-35.00,40.02,-34.77,0.608,-0.638,-64032,64080,7.28,219.5,-106.402,2396.004,1,1,1
65761069,64437,3,35.00,-35.00,42.51,-34.01,0.596,-0.639,-63999,64058,7.31,223.0,-96.098,2395.041,1,1,1
65771069,64447,3,35.00,-35.00,42.94,-33.47,0.592,-0.641,-63969,64036,7.32,219.2,-86.463,2394.175,1,1,1
65781069,64457,3,35.00,-35.00,40.61,-33.54,0.602,-0.644,-63945,64013,7.30,219.2,-82.805,2393.345,1,1,1
65791069,64467,3,35.00,-35.00,37.21,-34.02,0.612,-0.642,-63925,63989,7.30,222.8,-82.988,2392.514,1,1,1
65801081,64477,3,35.00,-35.00,33.52,-34.80,0.626,-0.639,-63908,63964,7.29,226.3,-84.512,2391.667,1,1,1
65811089,64487,3,35.00,-35.00,32.25,-34.91,0.633,-0.641,-63888,63940,7.26,228.8,-82.073,2390.845,1,1,1
65821097,64497,3,35.00,-35.00,33.12,-34.98,0.631,-0.641,-63864,63916,7.26,233.2,-81.341,2390.030,1,1,1
65831111,64507,3,35.00,-35.00,35.05,-35.91,0.626,-0.639,-63837,63890,7.25,231.2,-91.585,2389.112,1,1,1
65841111,64517,3,35.00,-35.00,36.84,-35.25,0.619,-0.641,-63809,63867,7.25,228.0,-101.402,2388.097,1,1,1
65851115,64527,3,35.00,-35.00,40.29,-35.22,0.605,-0.641,-63776,63843,7.27,227.5,-97.622,2387.119,1,1,1
65861120,64537,3,35.00,-35.00,40.51,-34.76,0.601,-0.640,-63748,63820,7.31,223.5,-87.927,2386.238,1,1,1
65871127,64547,3,35.00,-35.00,39.34,-34.44,0.602,-0.639,-63723,63797,7.33,221.5,-81.890,2385.417,1,1,1
65881127,64557,3,35.00,-35.00,37.65,-34.66,0.608,-0.640,-63700,63773,7.32,222.8,-79.085,2384.625,1,1,1
65891135,64567,3,35.00,-35.00,34.70,-35.24,0.620,-0.639,-63681,63748,7.30,221.8,-78.902,2383.834,1,1,1
65901142,64577,3,35.00,-35.00,32.20,-35.66,0.625,-0.632,-63663,63723,7.35,227.0,-79.573,2383.037,1,1,1
65911150,64587,3,35.00,-35.00,32.65,-35.51,0.629,-0.638,-63640,63699,7.29,225.5,-82.073,2382.215,1,1,1
65921151,64597,3,35.00,-35.00,34.28,-37.16,0.626,-0.633,-63614,63671,7.27,231.5,-92.988,2381.283,1,1,1
65931157,64607,3,35.00,-35.00,34.98,-36.56,0.626,-0.636,-63589,63647,7.25,225.5,-102.683,2380.255,1,1,1
65941157,64617,3,35.00,-35.00,35.91,-35.70,0.620,-0.638,-63563,63624,7.27,227.3,-101.585,2379.237,1,1,1
65951166,64627,3,35.00,-35.00,39.20,-35.10,0.611,-0.643,-63531,63601,7.24,225.5,-92.073,2378.315,1,1,1
65961172,64637,3,35.00,-35.00,41.50,-34.24,0.601,-0.647,-63499,63579,7.25,223.2,-87.134,2377.442,1,1,1
65971181,64647,3,35.00,-35.00,40.92,-34.51,0.598,-0.642,-63472,63555,7.30,222.8,-90.366,2376.536,1,1,1
65981181,64657,3,35.00,-35.00,38.75,-35.58,0.605,-0.638,-63449,63529,7.31,221.8,-93.963,2375.595,1,1,1
65991187,64667,3,35.00,-35.00,35.04,-35.90,0.616,-0.635,-63431,63504,7.32,223.5,-96.646,2374.627,1,1,1
66001196,64677,3,35.00,-35.00,32.43,-36.55,0.627,-0.633,-63413,63478,7.30,221.8,-93.902,2373.687,1,1,1
66011202,64687,3,35.00,-35.00,31.49,-38.33,0.627,-0.620,-63393,63449,7.36,231.2,-93.902,2372.746,1,1,1
66021211,64697,3,35.00,-35.00,33.03,-38.70,0.625,-0.621,-63368,63422,7.33,222.8,-88.963,2371.854,1,1,1
66031211,64707,3,35.00,-35.00,34.11,-38.07,0.623,-0.624,-63343,63397,7.33,221.0,-90.915,2370.944,1,1,1
66041218,64717,3,35.00,-35.00,35.74,-37.20,0.619,-0.628,-63316,63373,7.31,222.0,-103.598,2369.906,1,1,1
66051226,64727,3,35.00,-35.00,39.52,-34.39,0.600,-0.635,-63283,63354,7.36,225.0,-109.817,2368.806,1,1,1
66061233,64737,3,35.00,-35.00,40.41,-32.86,0.595,-0.641,-63254,63334,7.36,218.0,-103.537,2367.769,1,1,1
66071241,64747,3,35.00,-35.00,38.83,-33.11,0.600,-0.641,-63230,63311,7.36,221.0,-96.280,2366.805,1,1,1
66081241,64757,3,35.00,-35.00,37.29,-34.60,0.605,-0.637,-63207,63285,7.35,224.3,-89.756,2365.906,1,1,1
66091248,64767,3,35.00,-35.00,34.45,-34.77,0.615,-0.636,-63188,63261,7.35,223.5,-85.244,2365.052,1,1,1
66101248,64777,3,35.00,-35.00,31.15,-35.32,0.627,-0.633,-63172,63236,7.35,226.0,-85.305,2364.197,1,1,1
66111248,64787,3,35.00,-35.00,31.91,-36.15,0.628,-0.631,-63149,63210,7.33,227.0,-84.634,2363.349,1,1,1
66121248,64797,3,35.00,-35.00,33.32,-36.29,0.624,-0.630,-63124,63185,7.34,229.2,-84.634,2362.501,1,1,1
66131256,64807,3,35.00,-35.00,33.87,-38.15,0.625,-0.625,-63100,63156,7.32,225.3,-93.537,2361.564,1,1,1
66141256,64817,3,35.00,-35.00,36.02,-36.37,0.616,-0.630,-63072,63134,7.33,221.5,-103.720,2360.525,1,1,1
66151263,64827,3,35.00,-35.00,37.96,-35.13,0.608,-0.634,-63043,63112,7.34,222.2,-104.207,2359.481,1,1,1
66161272,64837,3,35.00,-35.00,37.12,-35.14,0.608,-0.632,-63019,63088,7.36,220.2,-99.268,2358.487,1,1,1
66171278,64847,3,35.00,-35.00,33.45,-35.14,0.620,-0.631,-63002,63064,7.36,221.0,-92.561,2357.560,1,1,1
66181279,64857,3,35.00,-35.00,32.64,-36.03,0.623,-0.627,-62981,63038,7.37,227.3,-86.707,2356.691,1,1,1
66191287,64867,3,35.00,-35.00,32.52,-36.64,0.626,-0.626,-62959,63012,7.36,225.5,-83.659,2355.853,1,1,1
66201294,64877,3,35.00,-35.00,34.19,-38.83,0.621,-0.618,-62933,62982,7.36,223.5,-86.159,2354.990,1,1,1
66211294,64887,3,35.00,-35.00,34.04,-38.61,0.622,-0.618,-62910,62956,7.36,221.2,-95.366,2354.034,1,1,1
66221294,64897,3,35.00,-35.00,34.81,-38.01,0.620,-0.620,-62885,62931,7.36,223.0,-101.890,2353.014,1,1,1
66231294,64907,3,35.00,-35.00,36.24,-36.28,0.615,-0.627,-62858,62909,7.35,221.0,-99.329,2352.019,1,1,1
66241294,64917,3,35.00,-35.00,37.67,-34.62,0.609,-0.633,-62830,62888,7.35,222.0,-92.683,2351.091,1,1,1
66251294,64927,3,35.00,-35.00,38.23,-34.34,0.607,-0.635,-62803,62865,7.34,222.0,-87.256,2350.216,1,1,1
66261294,64937,3,35.00,-35.00,38.63,-35.47,0.605,-0.632,-62776,62839,7.34,223.0,-88.232,2349.332,1,1,1
66271294,64947,3,35.00,-35.00,34.95,-36.25,0.617,-0.628,-62758,62813,7.34,219.8,-91.951,2348.411,1,1,1
66281302,64957,3,35.00,-35.00,31.50,-36.80,0.633,-0.628,-62742,62787,7.31,221.2,-90.549,2347.504,1,1,1
66291302,64967,3,35.00,-35.00,30.84,-37.19,0.641,-0.630,-62722,62761,7.26,227.8,-87.317,2346.629,1,1,1
66301309,64977,3,35.00,-35.00,31.69,-38.34,0.641,-0.627,-62699,62733,7.25,230.2,-83.841,2345.789,1,1,1
66311317,64987,3,35.00,-35.00,32.73,-39.14,0.639,-0.624,-62675,62705,7.25,229.0,-85.854,2344.929,1,1,1
66321324,64997,3,35.00,-35.00,33.90,-38.38,0.637,-0.628,-62650,62680,7.23,228.0,-94.756,2343.980,1,1,1
66331332,65007,3,35.00,-35.00,33.84,-35.22,0.639,-0.639,-62627,62661,7.21,224.3,-96.646,2343.012,1,1,1
66341339,65017,3,35.00,-35.00,35.99,-33.44,0.625,-0.640,-62599,62641,7.28,234.2,-92.500,2342.085,1,1,1
66351345,65027,3,35.00,-35.00,37.06,-33.96,0.620,-0.639,-62572,62617,7.29,231.2,-86.524,2341.218,1,1,1
66361348,65037,3,35.00,-35.00,36.93,-34.76,0.614,-0.630,-62547,62592,7.36,230.0,-87.134,2340.345,1,1,1
66371355,65047,3,35.00,-35.00,36.40,-35.32,0.618,-0.631,-62523,62567,7.33,221.2,-95.183,2339.392,1,1,1
66381369,65057,3,35.00,-35.00,35.15,-36.15,0.627,-0.633,-62501,62541,7.27,223.5,-102.256,2338.368,1,1,1
66391369,65067,3,35.00,-35.00,32.51,-37.17,0.629,-0.620,-62483,62514,7.36,231.0,-100.183,2337.364,1,1,1
66401370,65077,3,35.00,-35.00,32.87,-37.44,0.628,-0.618,-62460,62488,7.38,225.0,-93.232,2336.430,1,1,1
66411384,65087,3,35.00,-35.00,25.20,-38.08,0.656,-0.612,-62455,62461,7.39,221.5,-86.585,2335.563,1,1,1
66421385,65097,3,35.00,-35.00,17.64,-35.44,0.688,-0.618,-62455,62441,7.36,235.0,-85.488,2334.707,1,1,1
66431385,65107,3,35.00,-35.00,12.35,-34.04,0.712,-0.623,-62455,62420,7.33,259.5,-90.915,2333.796,1,1,1
66441393,65117,3,35.00,-35.00,8.64,-33.06,0.728,-0.625,-62455,62399,7.31,279.2,-91.951,2332.875,1,1,1
66451393,65127,3,35.00,-35.00,6.49,-33.25,0.739,-0.623,-62454,62376,7.29,294.0,-91.951,2331.953,1,1,1
66461400,65137,3,35.00,-35.00,4.54,-34.70,0.749,-0.615,-62454,62350,7.28,298.5,-97.622,2330.976,1,1,1
66471400,65147,3,35.00,-35.00,3.18,-35.27,0.757,-0.610,-62454,62325,7.28,305.8,-106.768,2329.906,1,1,1
66481400,65157,3,35.00,-35.00,5.74,-35.68,0.748,-0.602,-62446,62300,7.33,311.5,-105.427,2328.850,1,1,1
66491408,65167,3,35.00,-35.00,17.64,-36.84,0.712,-0.599,-62415,62273,7.33,296.8,-101.402,2327.835,1,1,1
66501408,65177,3,35.00,-35.00,25.53,-38.09,0.685,-0.592,-62385,62245,7.36,260.5,-104.939,2326.784,1,1,1
66511408,65187,3,35.00,-35.00,31.50,-36.33,0.667,-0.599,-62354,62223,7.35,238.2,-108.476,2325.697,1,1,1
66521408,65197,3,35.00,-35.00,36.11,-33.34,0.651,-0.611,-62322,62205,7.35,229.8,-107.378,2324.622,1,1,1
66531415,65207,3,35.00,-35.00,41.54,-29.93,0.630,-0.626,-62285,62190,7.34,224.3,-102.439,2323.596,1,1,1
66541423,65217,3,35.00,-35.00,42.26,-29.74,0.626,-0.631,-62255,62170,7.32,220.8,-96.829,2322.626,1,1,1
66551423,65227,3,35.00,-35.00,42.33,-30.93,0.622,-0.629,-62226,62147,7.33,224.5,-94.939,2321.675,1,1,1
66561430,65237,3,35.00,-35.00,40.17,-31.76,0.629,-0.629,-62202,62124,7.32,220.2,-93.720,2320.736,1,1,1
66571430,65247,3,35.00,-35.00,40.87,-32.34,0.629,-0.633,-62173,62101,7.27,218.8,-95.122,2319.783,1,1,1
66581439,65257,3,35.00,-35.00,41.79,-32.74,0.620,-0.630,-62143,62078,7.30,225.5,-97.073,2318.811,1,1,1
66591445,65267,3,35.00,-35.00,42.00,-34.35,0.614,-0.623,-62114,62052,7.34,223.2,-104.695,2317.762,1,1,1
66601454,65277,3,35.00,-35.00,43.02,-35.91,0.611,-0.620,-62083,62025,7.32,213.8,-109.817,2316.662,1,1,1
66611454,65287,3,35.00,-35.00,44.18,-35.24,0.608,-0.625,-62051,62002,7.30,212.8,-108.659,2315.574,1,1,1
66621454,65297,3,35.00,-35.00,42.79,-34.78,0.616,-0.631,-62024,61979,7.25,211.5,-103.354,2314.539,1,1,1
66631460,65307,3,35.00,-35.00,42.26,-33.57,0.621,-0.641,-61996,61958,7.20,214.5,-94.207,2313.595,1,1,1
66641460,65317,3,35.00,-35.00,41.45,-31.85,0.619,-0.644,-61969,61939,7.24,222.0,-85.427,2312.740,1,1,1
66651469,65327,3,35.00,-35.00,41.76,-31.52,0.616,-0.647,-61940,61918,7.25,225.3,-83.293,2311.905,1,1,1
66661476,65337,3,35.00,-35.00,41.53,-31.30,0.615,-0.649,-61912,61897,7.25,223.5,-83.537,2311.068,1,1,1
66671476,65347,3,35.00,-35.00,42.70,-32.01,0.610,-0.648,-61881,61874,7.26,224.5,-86.707,2310.199,1,1,1
66681476,65357,3,35.00,-35.00,43.51,-32.96,0.606,-0.647,-61850,61850,7.26,225.5,-92.195,2309.276,1,1,1
66691484,65367,3,35.00,-35.00,44.96,-33.62,0.602,-0.648,-61817,61826,7.25,223.2,-97.622,2308.298,1,1,1
66701484,65377,3,35.00,-35.00,43.34,-33.64,0.608,-0.650,-61790,61803,7.23,218.2,-100.976,2307.287,1,1,1
66711493,65387,3,35.00,-35.00,40.88,-33.65,0.610,-0.646,-61766,61780,7.28,225.3,-96.646,2306.319,1,1,1
66721500,65397,3,35.00,-35.00,37.85,-33.67,0.620,-0.646,-61745,61757,7.28,225.3,-87.012,2305.447,1,1,1
66731508,65407,3,35.00,-35.00,37.92,-33.23,0.618,-0.648,-61719,61735,7.29,227.3,-81.890,2304.626,1,1,1
66741515,65417,3,35.00,-35.00,38.85,-33.81,0.612,-0.644,-61691,61711,7.33,231.0,-85.976,2303.765,1,1,1
66751523,65427,3,35.00,-35.00,39.94,-34.65,0.613,-0.648,-61662,61686,7.26,224.5,-97.866,2302.785,1,1,1
66761530,65437,3,35.00,-35.00,39.82,-34.37,0.610,-0.646,-61635,61663,7.30,228.0,-107.500,2301.708,1,1,1
66771530,65447,3,35.00,-35.00,40.62,-34.60,0.613,-0.652,-61606,61639,7.23,223.2,-112.561,2300.581,1,1,1
66781539,65457,3,35.00,-35.00,42.06,-35.65,0.605,-0.646,-61575,61613,7.26,228.5,-112.561,2299.454,1,1,1
66791545,65467,3,35.00,-35.00,40.43,-31.98,0.612,-0.663,-61550,61597,7.22,220.8,-108.354,2298.368,1,1,1
66801545,65477,3,35.00,-35.00,37.97,-38.21,0.621,-0.641,-61528,61561,7.23,233.2,-94.817,2297.419,1,1,1
66811554,65487,3,35.00,-35.00,37.12,-34.66,0.624,-0.653,-61504,61543,7.21,221.2,-80.610,2296.611,1,1,1
66821554,65497,3,35.00,-35.00,36.97,-34.37,0.624,-0.655,-61479,61520,7.21,231.5,-77.012,2295.839,1,1,1
66831560,65507,3,35.00,-35.00,38.19,-34.60,0.620,-0.655,-61451,61496,7.21,234.2,-84.817,2294.990,1,1,1
66841561,65517,3,35.00,-35.00,38.60,-35.21,0.618,-0.653,-61424,61471,7.22,230.0,-97.195,2294.016,1,1,1
66851575,65527,3,35.00,-35.00,39.32,-35.63,0.614,-0.651,-61396,61446,7.23,229.2,-105.061,2292.964,1,1,1
66861584,65537,3,35.00,-35.00,39.83,-35.93,0.613,-0.651,-61368,61421,7.22,229.2,-107.988,2291.882,1,1,1
66871584,65547,3,35.00,-35.00,40.19,-36.14,0.611,-0.650,-61340,61396,7.22,224.3,-109.756,2290.783,1,1,1
66881591,65557,3,35.00,-35.00,36.92,-38.04,0.623,-0.643,-61320,61367,7.22,222.2,-102.866,2289.753,1,1,1
66891591,65567,3,35.00,-35.00,35.95,-37.61,0.624,-0.641,-61297,61342,7.24,226.8,-87.805,2288.873,1,1,1
66901591,65577,3,35.00,-35.00,35.27,-36.88,0.626,-0.642,-61274,61318,7.24,223.2,-79.634,2288.075,1,1,1
66911591,65587,3,35.00,-35.00,35.68,-34.60,0.622,-0.648,-61249,61298,7.27,227.8,-84.451,2287.229,1,1,1
66921599,65597,3,35.00,-35.00,36.84,-34.33,0.620,-0.652,-61222,61275,7.24,229.0,-92.378,2286.303,1,1,1
66931599,65607,3,35.00,-35.00,37.21,-35.46,0.616,-0.646,-61196,61249,7.27,230.5,-99.268,2285.309,1,1,1
66941599,65617,3,35.00,-35.00,38.79,-35.81,0.612,-0.646,-61167,61224,7.26,225.5,-104.451,2284.263,1,1,1
66951599,65627,3,35.00,-35.00,39.02,-36.49,0.612,-0.644,-61140,61198,7.25,223.8,-104.451,2283.217,1,1,1
66961606,65637,3,35.00,-35.00,37.86,-37.85,0.614,-0.638,-61116,61170,7.27,224.0,-106.463,2282.150,1,1,1
66971606,65647,3,35.00,-35.00,34.41,-36.60,0.621,-0.636,-61098,61147,7.33,221.5,-102.378,2281.125,1,1,1
66981606,65657,3,35.00,-35.00,32.88,-37.05,0.630,-0.635,-61078,61121,7.29,222.2,-92.744,2280.196,1,1,1
66991606,65667,3,35.00,-35.00,31.36,-35.60,0.637,-0.641,-61059,61099,7.27,227.8,-77.622,2279.418,1,1,1
67001615,65677,3,35.00,-35.00,31.62,-35.91,0.639,-0.640,-61037,61074,7.26,233.2,-69.878,2278.718,1,1,1
67011621,65687,3,35.00,-35.00,33.12,-36.56,0.634,-0.637,-61012,61048,7.27,234.2,-75.854,2277.958,1,1,1
67021621,65697,3,35.00,-35.00,34.17,-37.02,0.634,-0.638,-60987,61022,7.24,231.0,-87.317,2277.083,1,1,1
67031630,65707,3,35.00,-35.00,36.66,-36.90,0.625,-0.637,-60958,60997,7.25,231.2,-98.232,2276.099,1,1,1
67041636,65717,3,35.00,-35.00,36.21,-37.69,0.627,-0.634,-60934,60970,7.25,225.5,-107.195,2275.025,1,1,1
67051645,65727,3,35.00,-35.00,35.90,-40.45,0.631,-0.626,-60910,60938,7.22,226.5,-113.293,2273.891,1,1,1
67061645,65737,3,35.00,-35.00,36.55,-40.62,0.625,-0.619,-60884,60910,7.27,222.8,-111.037,2272.779,1,1,1
67071652,65747,3,35.00,-35.00,34.82,-39.86,0.631,-0.620,-60863,60884,7.26,216.2,-102.561,2271.751,1,1,1
67081652,65757,3,35.00,-35.00,34.48,-37.13,0.625,-0.622,-60840,60863,7.34,222.2,-93.415,2270.816,1,1,1
67091652,65767,3,35.00,-35.00,34.24,-34.34,0.630,-0.635,-60817,60844,7.28,220.8,-84.756,2269.967,1,1,1
67101660,65777,3,35.00,-35.00,34.52,-34.15,0.630,-0.637,-60793,60821,7.28,228.8,-79.329,2269.172,1,1,1
67111660,65787,3,35.00,-35.00,35.15,-35.77,0.629,-0.632,-60768,60794,7.27,226.8,-80.610,2268.364,1,1,1
67121660,65797,3,35.00,-35.00,36.03,-36.46,0.624,-0.628,-60742,60768,7.29,225.3,-89.939,2267.463,1,1,1
67131667,65807,3,35.00,-35.00,35.77,-36.95,0.627,-0.628,-60718,60742,7.27,221.2,-100.976,2266.451,1,1,1
67141675,65817,3,35.00,-35.00,36.46,-37.73,0.626,-0.627,-60692,60715,7.25,221.0,-107.439,2265.375,1,1,1
67151682,65827,3,35.00,-35.00,36.07,-38.72,0.625,-0.620,-60668,60687,7.28,220.0,-106.402,2264.310,1,1,1
67161690,65837,3,35.00,-35.00,36.68,-38.09,0.624,-0.624,-60642,60662,7.26,216.5,-101.524,2263.293,1,1,1
67171697,65847,3,35.00,-35.00,37.98,-35.89,0.619,-0.632,-60614,60641,7.27,218.5,-94.085,2262.351,1,1,1
67181705,65857,3,35.00,-35.00,35.81,-35.23,0.626,-0.634,-60593,60618,7.26,219.5,-84.939,2261.500,1,1,1
67191712,65867,3,35.00,-35.00,34.74,-34.77,0.630,-0.636,-60571,60595,7.25,226.5,-76.402,2260.734,1,1,1
67201721,65877,3,35.00,-35.00,34.86,-36.20,0.630,-0.631,-60547,60568,7.25,227.5,-73.354,2259.999,1,1,1
67211721,65887,3,35.00,-35.00,35.39,-36.33,0.628,-0.630,-60522,60543,7.26,225.3,-80.244,2259.195,1,1,1
67221721,65897,3,35.00,-35.00,36.64,-36.42,0.624,-0.630,-60495,60518,7.26,226.0,-95.549,2258.238,1,1,1
67231727,65907,3,35.00,-35.00,37.51,-36.92,0.623,-0.631,-60468,60492,7.23,223.5,-108.841,2257.148,1,1,1
67241736,65917,3,35.00,-35.00,39.44,-37.27,0.614,-0.627,-60438,60466,7.27,223.2,-113.780,2256.008,1,1,1
67251749,65927,3,35.00,-35.00,42.55,-37.51,0.605,-0.630,-60404,60440,7.24,218.0,-110.366,2254.903,1,1,1
67261751,65937,3,35.00,-35.00,41.21,-36.81,0.603,-0.627,-60378,60416,7.31,216.8,-105.000,2253.852,1,1,1
67271751,65947,3,35.00,-35.00,40.71,-35.43,0.606,-0.634,-60351,60394,7.29,213.2,-95.061,2252.899,1,1,1
67281758,65957,3,35.00,-35.00,37.29,-34.47,0.616,-0.636,-60331,60372,7.29,217.0,-80.366,2252.094,1,1,1
67291758,65967,3,35.00,-35.00,34.01,-34.68,0.629,-0.636,-60313,60348,7.27,221.8,-71.707,2251.375,1,1,1
67301758,65977,3,35.00,-35.00,33.04,-36.14,0.636,-0.633,-60292,60321,7.24,225.0,-71.951,2250.654,1,1,1
67311766,65987,3,35.00,-35.00,34.55,-35.84,0.629,-0.632,-60266,60297,7.26,229.0,-76.585,2249.887,1,1,1
67321766,65997,3,35.00,-35.00,36.49,-36.52,0.621,-0.629,-60238,60271,7.28,228.8,-89.817,2248.987,1,1,1
67331773,66007,3,35.00,-35.00,36.97,-37.43,0.619,-0.626,-60212,60244,7.28,221.5,-102.805,2247.957,1,1,1
67341781,66017,3,35.00,-35.00,39.06,-38.06,0.611,-0.623,-60182,60217,7.31,223.2,-105.488,2246.901,1,1,1
67351783,66027,3,35.00,-35.00,39.65,-36.75,0.606,-0.626,-60154,60194,7.33,217.5,-98.902,2245.910,1,1,1
67361797,66037,3,35.00,-35.00,40.06,-34.08,0.603,-0.635,-60126,60175,7.33,214.2,-88.963,2245.019,1,1,1
67371803,66047,3,35.00,-35.00,37.27,-33.52,0.610,-0.636,-60105,60153,7.35,218.5,-78.293,2244.234,1,1,1
67381803,66057,3,35.00,-35.00,35.32,-33.13,0.614,-0.635,-60084,60131,7.37,226.0,-69.451,2243.538,1,1,1
67391803,66067,3,35.00,-35.00,34.83,-34.18,0.617,-0.633,-60061,60106,7.36,225.3,-68.293,2242.853,1,1,1
67401803,66077,3,35.00,-35.00,35.37,-34.47,0.616,-0.632,-60036,60082,7.36,226.8,-77.866,2242.073,1,1,1
67411812,66087,3,35.00,-35.00,36.18,-35.12,0.613,-0.630,-60010,60057,7.36,224.8,-92.927,2241.142,1,1,1
67421812,66097,3,35.00,-35.00,37.19,-35.13,0.612,-0.633,-59983,60033,7.33,222.0,-103.354,2240.107,1,1,1
67431819,66107,3,35.00,-35.00,38.34,-35.14,0.607,-0.633,-59955,60009,7.34,223.2,-106.829,2239.037,1,1,1
67441834,66117,3,35.00,-35.00,41.34,-34.70,0.596,-0.635,-59922,59986,7.35,219.5,-104.207,2237.993,1,1,1
67451842,66127,3,35.00,-35.00,42.56,-33.96,0.592,-0.640,-59891,59964,7.34,216.5,-97.012,2237.022,1,1,1
67461842,66137,3,35.00,-35.00,41.22,-33.88,0.595,-0.640,-59865,59941,7.34,219.5,-88.780,2236.132,1,1,1
67471842,66147,3,35.00,-35.00,38.52,-33.82,0.604,-0.641,-59843,59918,7.34,220.0,-83.171,2235.299,1,1,1
67481842,66157,3,35.00,-35.00,34.87,-34.22,0.617,-0.641,-59825,59894,7.32,226.0,-80.610,2234.491,1,1,1
67491842,66167,3,35.00,-35.00,31.44,-34.50,0.631,-0.640,-59809,59870,7.30,227.8,-80.366,2233.686,1,1,1
67501849,66177,3,35.00,-35.00,31.68,-34.70,0.632,-0.640,-59787,59846,7.29,234.5,-78.598,2232.899,1,1,1
67511857,66187,3,35.00,-35.00,33.60,-35.28,0.626,-0.639,-59761,59821,7.29,236.7,-81.890,2232.078,1,1,1
67521857,66197,3,35.00,-35.00,34.95,-35.68,0.621,-0.636,-59735,59796,7.30,232.2,-93.720,2231.139,1,1,1
67531864,66207,3,35.00,-35.00,36.33,-35.08,0.616,-0.639,-59708,59773,7.30,225.0,-100.610,2230.132,1,1,1
67541872,66217,3,35.00,-35.00,39.49,-35.10,0.604,-0.639,-59676,59749,7.31,225.5,-98.171,2229.148,1,1,1
67551879,66227,3,35.00,-35.00,39.95,-34.68,0.601,-0.641,-59648,59726,7.32,221.8,-89.024,2228.256,1,1,1
67561879,66237,3,35.00,-35.00,38.51,-33.94,0.604,-0.644,-59624,59704,7.32,221.8,-80.549,2227.449,1,1,1
67571879,66247,3,35.00,-35.00,36.19,-34.31,0.612,-0.643,-59603,59680,7.31,221.5,-74.695,2226.701,1,1,1
67581879,66257,3,35.00,-35.00,32.36,-34.56,0.627,-0.642,-59587,59656,7.30,224.8,-73.537,2225.964,1,1,1
67591879,66267,3,35.00,-35.00,32.32,-35.62,0.629,-0.639,-59565,59630,7.28,233.0,-74.756,2225.214,1,1,1
67601888,66277,3,35.00,-35.00,33.17,-35.48,0.627,-0.640,-59541,59606,7.28,231.5,-80.427,2224.408,1,1,1
67611888,66287,3,35.00,-35.00,34.65,-37.58,0.624,-0.633,-59515,59577,7.27,231.0,-92.195,2223.485,1,1,1
67621888,66297,3,35.00,-35.00,35.24,-35.97,0.622,-0.638,-59490,59555,7.27,226.8,-99.329,2222.490,1,1,1
67631894,66307,3,35.00,-35.00,35.65,-35.73,0.620,-0.638,-59465,59531,7.28,226.5,-99.512,2221.493,1,1,1
67641894,66317,3,35.00,-35.00,38.58,-35.12,0.601,-0.633,-59434,59508,7.37,229.2,-91.646,2220.575,1,1,1
67651894,66327,3,35.00,-35.00,40.19,-34.25,0.594,-0.637,-59404,59486,7.38,220.0,-84.756,2219.726,1,1,1
67661903,66337,3,35.00,-35.00,39.56,-34.08,0.594,-0.637,-59378,59463,7.39,219.8,-87.256,2218.852,1,1,1
67671910,66347,3,35.00,-35.00,36.92,-35.72,0.601,-0.629,-59357,59436,7.42,219.5,-91.037,2217.939,1,1,1
67681910,66357,3,35.00,-35.00,33.75,-35.99,0.615,-0.630,-59339,59411,7.38,218.0,-93.415,2217.004,1,1,1
67691918,66367,3,35.00,-35.00,31.98,-36.18,0.625,-0.631,-59320,59386,7.34,222.8,-92.683,2216.075,1,1,1
67701918,66377,3,35.00,-35.00,32.49,-37.63,0.625,-0.626,-59297,59358,7.34,227.8,-88.415,2215.189,1,1,1
67711925,66387,3,35.00,-35.00,34.17,-38.21,0.621,-0.624,-59271,59331,7.33,224.3,-92.561,2214.262,1,1,1
67721925,66397,3,35.00,-35.00,34.47,-38.17,0.625,-0.628,-59247,59305,7.28,220.8,-102.744,2213.233,1,1,1
67731925,66407,3,35.00,-35.00,35.11,-37.27,0.627,-0.635,-59222,59281,7.24,221.8,-106.159,2212.170,1,1,1
67741933,66417,3,35.00,-35.00,38.20,-34.44,0.619,-0.649,-59191,59262,7.19,222.8,-100.244,2211.166,1,1,1
67751937,66427,3,35.00,-35.00,39.49,-32.89,0.615,-0.658,-59162,59242,7.17,228.8,-93.780,2210.226,1,1,1
67761948,66437,3,35.00,-35.00,36.87,-33.13,0.619,-0.653,-59141,59219,7.21,232.2,-87.500,2209.350,1,1,1
67771955,66447,3,35.00,-35.00,35.04,-34.18,0.623,-0.647,-59120,59194,7.24,231.0,-81.646,2208.531,1,1,1
67781963,66457,3,35.00,-35.00,32.44,-34.91,0.631,-0.643,-59102,59169,7.25,230.5,-81.524,2207.715,1,1,1
67791970,66467,3,35.00,-35.00,32.81,-35.86,0.634,-0.642,-59079,59143,7.22,233.0,-84.207,2206.871,1,1,1
67801983,66477,3,35.00,-35.00,33.95,-36.53,0.636,-0.645,-59054,59117,7.16,230.2,-92.622,2205.943,1,1,1
67811990,66487,3,35.00,-35.00,34.75,-37.00,0.627,-0.637,-59029,59091,7.23,236.5,-104.939,2204.892,1,1,1
67821990,66497,3,35.00,-35.00,35.75,-38.64,0.623,-0.630,-59003,59062,7.25,228.8,-110.061,2203.790,1,1,1
67831990,66507,3,35.00,-35.00,37.33,-37.16,0.620,-0.638,-58975,59039,7.22,221.2,-104.634,2202.742,1,1,1
67841998,66517,3,35.00,-35.00,38.44,-35.24,0.615,-0.644,-58947,59018,7.22,222.0,-97.622,2201.764,1,1,1
67852006,66528,3,35.00,-35.00,37.01,-35.21,0.621,-0.646,-58924,58994,7.20,222.8,-90.671,2200.855,1,1,1
67862006,66538,3,35.00,-35.00,33.38,-35.20,0.628,-0.640,-58907,58970,7.25,229.8,-82.378,2200.030,1,1,1
67872020,66548,3,35.00,-35.00,32.16,-36.06,0.632,-0.635,-58887,58944,7.27,229.0,-79.085,2199.238,1,1,1
67882020,66558,3,35.00,-35.00,32.18,-37.11,0.632,-0.629,-58865,58917,7.29,230.2,-84.207,2198.394,1,1,1
67892029,66568,3,35.00,-35.00,33.07,-39.16,0.629,-0.621,-58841,58887,7.31,230.2,-84.207,2197.550,1,1,1
67902036,66578,3,35.00,-35.00,33.26,-40.16,0.639,-0.626,-58818,58858,7.20,221.5,-97.439,2196.574,1,1,1
67912036,66588,3,35.00,-35.00,34.71,-39.97,0.637,-0.629,-58792,58831,7.18,225.5,-107.561,2195.497,1,1,1
67922036,66598,3,35.00,-35.00,36.16,-38.53,0.628,-0.630,-58765,58807,7.22,227.8,-105.732,2194.438,1,1,1
67932044,66608,3,35.00,-35.00,37.62,-35.32,0.619,-0.638,-58737,58788,7.25,221.8,-98.110,2193.455,1,1,1
67942051,66618,3,35.00,-35.00,38.20,-33.95,0.615,-0.643,-58710,58767,7.26,222.8,-89.756,2192.556,1,1,1
67952051,66628,3,35.00,-35.00,35.97,-34.31,0.620,-0.640,-58689,58743,7.28,226.8,-84.085,2191.714,1,1,1
67962051,66638,3,35.00,-35.00,34.40,-35.45,0.624,-0.634,-58668,58717,7.30,228.8,-83.354,2190.878,1,1,1
67972051,66648,3,35.00,-35.00,31.55,-36.68,0.634,-0.628,-58651,58690,7.31,226.0,-85.122,2190.026,1,1,1
67982059,66658,3,35.00,-35.00,31.76,-37.54,0.632,-0.621,-58629,58663,7.34,230.2,-83.659,2189.188,1,1,1
67992066,66668,3,35.00,-35.00,32.78,-39.02,0.630,-0.615,-58605,58634,7.35,227.8,-83.841,2188.347,1,1,1
68002066,66678,3,35.00,-35.00,33.93,-39.62,0.627,-0.614,-58580,58606,7.34,223.8,-91.829,2187.427,1,1,1
68012066,66688,3,35.00,-35.00,34.30,-39.16,0.627,-0.615,-58556,58580,7.34,218.8,-101.951,2186.406,1,1,1
68022066,66698,3,35.00,-35.00,35.43,-36.20,0.621,-0.623,-58530,58560,7.36,220.5,-103.354,2185.371,1,1,1
68032074,66708,3,35.00,-35.00,36.67,-34.13,0.616,-0.631,-58503,58540,7.35,223.0,-96.159,2184.408,1,1,1
68042081,66718,3,35.00,-35.00,36.22,-34.00,0.617,-0.632,-58479,58517,7.36,223.0,-87.439,2183.532,1,1,1
68052090,66728,3,35.00,-35.00,36.34,-35.22,0.618,-0.629,-58454,58491,7.34,227.3,-85.671,2182.674,1,1,1
68062096,66738,3,35.00,-35.00,35.98,-35.64,0.618,-0.627,-58430,58466,7.35,225.8,-91.768,2181.754,1,1,1
68072096,66748,3,35.00,-35.00,33.98,-36.38,0.626,-0.624,-58410,58440,7.34,222.8,-99.207,2180.760,1,1,1
68082105,66758,3,35.00,-35.00,31.69,-38.21,0.635,-0.616,-58392,58411,7.35,223.8,-100.183,2179.757,1,1,1
68092111,66768,3,35.00,-35.00,32.73,-38.17,0.634,-0.618,-58368,58385,7.33,224.8,-92.500,2178.831,1,1,1
68102120,66778,3,35.00,-35.00,26.87,-38.58,0.656,-0.614,-58359,58358,7.33,223.0,-87.012,2177.959,1,1,1
68112120,66788,3,35.00,-35.00,18.81,-35.36,0.690,-0.624,-58359,58339,7.30,235.2,-88.963,2177.067,1,1,1
68122127,66798,3,35.00,-35.00,13.17,-33.98,0.717,-0.629,-58359,58318,7.25,260.2,-94.329,2176.123,1,1,1
68132127,66808,3,35.00,-35.00,9.22,-33.45,0.735,-0.631,-58359,58296,7.21,282.8,-93.171,2175.189,1,1,1
68142127,66818,3,35.00,-35.00,6.89,-33.53,0.748,-0.629,-58358,58273,7.19,298.5,-90.061,2174.287,1,1,1
68152135,66828,3,35.00,-35.00,4.82,-34.45,0.755,-0.620,-58358,58248,7.22,311.5,-93.659,2173.349,1,1,1
68162142,66838,3,35.00,-35.00,3.38,-35.10,0.761,-0.613,-58358,58223,7.24,310.2,-102.500,2172.322,1,1,1
68172142,66848,3,35.00,-35.00,3.24,-35.56,0.766,-0.609,-58356,58198,7.23,311.5,-104.085,2171.280,1,1,1
68182142,66858,3,35.00,-35.00,15.89,-37.64,0.727,-0.601,-58325,58169,7.24,314.5,-99.634,2170.281,1,1,1
68192142,66868,3,35.00,-35.00,24.31,-37.77,0.698,-0.598,-58295,58143,7.27,272.2,-103.598,2169.244,1,1,1
68202150,66878,3,35.00,-35.00,30.20,-36.55,0.676,-0.600,-58265,58120,7.31,246.0,-105.610,2168.186,1,1,1
68212157,66888,3,35.00,-35.00,35.64,-33.49,0.658,-0.612,-58232,58102,7.30,232.5,-104.390,2167.141,1,1,1
68222165,66898,3,35.00,-35.00,38.57,-30.92,0.646,-0.622,-58201,58085,7.31,226.8,-100.732,2166.132,1,1,1
68232165,66908,3,35.00,-35.00,41.50,-30.43,0.634,-0.627,-58168,58065,7.31,225.3,-96.402,2165.166,1,1,1
68242172,66918,3,35.00,-35.00,40.92,-30.97,0.632,-0.627,-58141,58043,7.32,224.0,-95.610,2164.208,1,1,1
68252185,66928,3,35.00,-35.00,40.51,-32.23,0.636,-0.628,-58114,58019,7.27,221.2,-96.280,2163.244,1,1,1
68262196,66938,3,35.00,-35.00,41.98,-33.10,0.626,-0.625,-58083,57995,7.30,223.8,-98.476,2162.258,1,1,1
68272196,66948,3,35.00,-35.00,43.01,-34.16,0.620,-0.623,-58052,57970,7.30,218.5,-105.915,2161.197,1,1,1
68282202,66958,3,35.00,-35.00,43.29,-36.22,0.614,-0.613,-58022,57942,7.34,218.0,-113.537,2160.060,1,1,1
68292211,66968,3,35.00,-35.00,45.24,-35.90,0.605,-0.616,-57988,57918,7.34,210.2,-117.439,2158.884,1,1,1
68302218,66978,3,35.00,-35.00,45.73,-35.68,0.603,-0.617,-57956,57894,7.33,208.0,-112.500,2157.757,1,1,1
68312218,66988,3,35.00,-35.00,44.76,-35.52,0.604,-0.618,-57927,57870,7.34,207.0,-105.915,2156.696,1,1,1
68322218,66998,3,35.00,-35.00,42.76,-34.53,0.607,-0.619,-57901,57848,7.37,209.7,-99.268,2155.702,1,1,1
68332218,67008,3,35.00,-35.00,40.92,-32.96,0.613,-0.626,-57876,57828,7.36,210.7,-88.598,2154.814,1,1,1
68342226,67018,3,35.00,-35.00,40.51,-31.42,0.611,-0.631,-57849,57809,7.38,216.0,-78.780,2154.025,1,1,1
68352230,67028,3,35.00,-35.00,41.10,-31.22,0.610,-0.635,-57820,57788,7.36,218.5,-74.756,2153.275,1,1,1
68362233,67038,3,35.00,-35.00,41.95,-31.52,0.606,-0.636,-57790,57766,7.36,221.2,-82.256,2152.451,1,1,1
68372233,67048,3,35.00,-35.00,43.43,-32.17,0.602,-0.638,-57758,57743,7.34,218.8,-91.159,2151.538,1,1,1
68382233,67058,3,35.00,-35.00,44.46,-32.63,0.597,-0.639,-57726,57720,7.34,220.0,-95.732,2150.579,1,1,1
68392233,67068,3,35.00,-35.00,42.99,-33.39,0.601,-0.637,-57699,57696,7.35,219.0,-97.317,2149.604,1,1,1
68402242,67078,3,35.00,-35.00,41.08,-33.48,0.608,-0.639,-57674,57673,7.33,216.5,-98.171,2148.621,1,1,1
68412248,67088,3,35.00,-35.00,37.98,-33.54,0.616,-0.638,-57653,57650,7.34,223.0,-91.585,2147.703,1,1,1
68422248,67098,3,35.00,-35.00,37.57,-33.59,0.620,-0.641,-57628,57627,7.31,225.0,-84.268,2146.859,1,1,1
68432248,67108,3,35.00,-35.00,38.17,-34.06,0.620,-0.643,-57601,57603,7.28,227.0,-83.780,2146.020,1,1,1
68442248,67118,3,35.00,-35.00,38.58,-33.95,0.620,-0.645,-57574,57580,7.27,226.0,-95.549,2145.062,1,1,1
68452248,67128,3,35.00,-35.00,39.75,-34.31,0.608,-0.638,-57545,57556,7.35,230.5,-106.463,2143.996,1,1,1
68462256,67138,3,35.00,-35.00,40.13,-34.56,0.606,-0.637,-57517,57532,7.36,222.8,-111.280,2142.882,1,1,1
68472263,67148,3,35.00,-35.00,41.28,-35.62,0.601,-0.633,-57487,57506,7.37,220.5,-110.488,2141.775,1,1,1
68482263,67158,3,35.00,-35.00,40.32,-35.48,0.601,-0.631,-57461,57482,7.40,218.2,-106.159,2140.712,1,1,1
68492263,67168,3,35.00,-35.00,37.45,-34.50,0.613,-0.638,-57440,57460,7.36,215.2,-94.451,2139.766,1,1,1
68502272,67178,3,35.00,-35.00,36.32,-33.82,0.620,-0.644,-57417,57438,7.31,222.8,-78.902,2138.975,1,1,1
68512278,67188,3,35.00,-35.00,36.41,-33.34,0.620,-0.647,-57392,57416,7.30,227.8,-71.037,2138.263,1,1,1
68522278,67198,3,35.00,-35.00,37.79,-34.77,0.611,-0.639,-57364,57390,7.36,234.0,-78.963,2137.472,1,1,1
68532287,67208,3,35.00,-35.00,37.44,-34.88,0.612,-0.638,-57339,57366,7.36,224.3,-93.537,2136.535,1,1,1
68542287,67218,3,35.00,-35.00,37.20,-34.96,0.610,-0.636,-57314,57342,7.39,225.0,-102.927,2135.504,1,1,1
68552294,67228,3,35.00,-35.00,37.46,-35.46,0.610,-0.636,-57288,57317,7.37,224.8,-108.659,2134.416,1,1,1
68562302,67238,3,35.00,-35.00,38.53,-35.81,0.608,-0.636,-57260,57292,7.36,223.8,-110.610,2133.308,1,1,1
68572309,67248,3,35.00,-35.00,38.40,-38.25,0.613,-0.631,-57234,57262,7.32,220.2,-107.561,2132.231,1,1,1
68582317,67258,3,35.00,-35.00,35.67,-37.76,0.623,-0.632,-57214,57237,7.30,216.8,-95.854,2131.271,1,1,1
68592317,67268,3,35.00,-35.00,35.95,-36.54,0.617,-0.631,-57189,57214,7.36,228.3,-83.963,2130.430,1,1,1
68602317,67278,3,35.00,-35.00,35.71,-34.37,0.618,-0.639,-57165,57194,7.35,222.2,-82.561,2129.603,1,1,1
68612317,67288,3,35.00,-35.00,35.55,-32.85,0.622,-0.649,-57141,57174,7.30,225.5,-86.585,2128.735,1,1,1
68622317,67298,3,35.00,-35.00,36.31,-33.98,0.617,-0.644,-57115,57149,7.33,234.7,-91.585,2127.818,1,1,1
68632324,67308,3,35.00,-35.00,37.28,-35.21,0.611,-0.637,-57088,57123,7.37,229.8,-97.805,2126.838,1,1,1
68642324,67318,3,35.00,-35.00,37.52,-35.19,0.614,-0.641,-57062,57099,7.32,220.8,-101.341,2125.823,1,1,1
68652333,67328,3,35.00,-35.00,37.69,-36.50,0.608,-0.632,-57036,57072,7.38,229.5,-100.671,2124.814,1,1,1
68662348,67338,3,35.00,-35.00,37.37,-35.66,0.609,-0.635,-57011,57049,7.37,221.0,-98.293,2123.830,1,1,1
68672348,67348,3,35.00,-35.00,33.19,-36.39,0.626,-0.632,-56995,57023,7.35,220.5,-89.207,2122.936,1,1,1
68682348,67358,3,35.00,-35.00,32.02,-35.58,0.631,-0.635,-56975,57000,7.34,224.8,-74.817,2122.186,1,1,1
68692354,67368,3,35.00,-35.00,30.77,-35.45,0.637,-0.635,-56956,56976,7.34,231.2,-72.500,2121.460,1,1,1
68702363,67378,3,35.00,-35.00,32.08,-36.24,0.637,-0.635,-56932,56950,7.30,234.5,-80.732,2120.651,1,1,1
68712363,67388,3,35.00,-35.00,32.57,-36.80,0.634,-0.630,-56909,56924,7.33,233.2,-90.915,2119.740,1,1,1
68722363,67398,3,35.00,-35.00,34.22,-37.18,0.629,-0.628,-56883,56898,7.34,232.7,-101.707,2118.721,1,1,1
68732363,67408,3,35.00,-35.00,36.70,-37.45,0.622,-0.628,-56854,56872,7.32,230.2,-110.671,2117.613,1,1,1
68742369,67418,3,35.00,-35.00,35.80,-39.84,0.626,-0.619,-56831,56841,7.32,223.2,-114.878,2116.462,1,1,1
68752382,67428,3,35.00,-35.00,36.48,-40.63,0.621,-0.611,-56805,56812,7.36,221.0,-110.854,2115.352,1,1,1
68762393,67438,3,35.00,-35.00,35.21,-39.87,0.627,-0.614,-56783,56786,7.33,217.2,-98.598,2114.365,1,1,1
68772393,67448,3,35.00,-35.00,34.75,-37.58,0.628,-0.620,-56760,56764,7.34,221.0,-86.890,2113.494,1,1,1
68782393,67458,3,35.00,-35.00,33.99,-33.77,0.631,-0.633,-56738,56747,7.33,222.8,-79.451,2112.698,1,1,1
68792393,67468,3,35.00,-35.00,34.34,-33.75,0.630,-0.634,-56714,56724,7.33,230.5,-78.720,2111.909,1,1,1
68802400,67478,3,35.00,-35.00,35.03,-35.05,0.628,-0.630,-56689,56698,7.33,230.5,-84.268,2111.065,1,1,1
68812408,67488,3,35.00,-35.00,35.07,-35.96,0.627,-0.625,-56665,56672,7.34,226.3,-93.780,2110.125,1,1,1
68822415,67498,3,35.00,-35.00,36.41,-36.60,0.622,-0.623,-56638,56646,7.34,224.8,-100.000,2109.124,1,1,1
68832424,67508,3,35.00,-35.00,35.16,-37.48,0.626,-0.618,-56616,56619,7.36,222.2,-100.000,2108.122,1,1,1
68842439,67518,3,35.00,-35.00,35.60,-37.23,0.624,-0.618,-56591,56594,7.35,219.2,-102.683,2107.094,1,1,1
68852443,67528,3,35.00,-35.00,35.02,-36.60,0.627,-0.620,-56568,56570,7.34,219.0,-96.768,2106.124,1,1,1
68862445,67538,3,35.00,-35.00,35.50,-36.17,0.624,-0.620,-56543,56546,7.36,222.2,-87.561,2105.247,1,1,1
68872454,67548,3,35.00,-35.00,35.84,-34.99,0.623,-0.625,-56518,56524,7.35,222.8,-82.805,2104.417,1,1,1
68882454,67558,3,35.00,-35.00,35.63,-35.48,0.623,-0.623,-56494,56499,7.36,221.5,-80.610,2103.610,1,1,1
68892460,67568,3,35.00,-35.00,35.49,-35.82,0.623,-0.621,-56470,56474,7.36,223.2,-82.012,2102.788,1,1,1
68902461,67578,3,35.00,-35.00,36.71,-36.50,0.620,-0.619,-56443,56448,7.35,224.8,-89.207,2101.894,1,1,1
68912469,67588,3,35.00,-35.00,37.12,-37.42,0.617,-0.615,-56417,56421,7.36,220.2,-100.671,2100.886,1,1,1
68922469,67598,3,35.00,-35.00,37.41,-38.06,0.616,-0.613,-56391,56394,7.37,218.8,-108.232,2099.802,1,1,1
68932476,67608,3,35.00,-35.00,38.49,-38.50,0.611,-0.612,-56363,56367,7.37,214.2,-110.793,2098.692,1,1,1
68942484,67618,3,35.00,-35.00,38.81,-37.94,0.609,-0.613,-56336,56342,7.38,212.2,-110.183,2097.589,1,1,1
68952484,67628,3,35.00,-35.00,40.79,-37.10,0.602,-0.615,-56305,56318,7.39,214.8,-105.976,2096.528,1,1,1
68962493,67638,3,35.00,-35.00,41.30,-34.76,0.599,-0.624,-56276,56298,7.39,211.2,-95.549,2095.571,1,1,1
68972493,67648,3,35.00,-35.00,39.45,-33.12,0.605,-0.631,-56252,56278,7.37,214.5,-84.817,2094.721,1,1,1
68982500,67658,3,35.00,-35.00,36.85,-32.85,0.613,-0.632,-56231,56256,7.37,219.2,-75.854,2093.960,1,1,1
68992500,67668,3,35.00,-35.00,34.14,-34.42,0.623,-0.627,-56212,56230,7.37,224.0,-70.854,2093.250,1,1,1
69002508,67678,3,35.00,-35.00,34.45,-34.64,0.623,-0.628,-56188,56206,7.35,224.5,-71.524,2092.533,1,1,1
69012515,67688,3,35.00,-35.00,35.98,-35.24,0.618,-0.626,-56161,56181,7.36,224.3,-77.927,2091.752,1,1,1
69022523,67698,3,35.00,-35.00,36.61,-35.65,0.615,-0.624,-56135,56156,7.36,224.0,-93.049,2090.820,1,1,1
69032523,67708,3,35.00,-35.00,37.49,-38.14,0.612,-0.615,-56108,56126,7.37,220.5,-106.098,2089.758,1,1,1
69042530,67718,3,35.00,-35.00,40.31,-37.24,0.603,-0.619,-56076,56102,7.37,214.5,-106.159,2088.695,1,1,1
69052530,67728,3,35.00,-35.00,39.64,-34.86,0.603,-0.626,-56050,56082,7.38,213.8,-96.220,2087.731,1,1,1
69062539,67738,3,35.00,-35.00,39.17,-33.19,0.604,-0.633,-56024,56062,7.37,218.2,-85.366,2086.875,1,1,1
69072545,67748,3,35.00,-35.00,37.09,-32.46,0.611,-0.637,-56002,56041,7.36,220.2,-75.122,2086.123,1,1,1
69082554,67758,3,35.00,-35.00,34.75,-33.27,0.618,-0.634,-55982,56017,7.37,225.3,-68.293,2085.438,1,1,1
69092560,67768,3,35.00,-35.00,34.43,-33.40,0.620,-0.634,-55959,55994,7.36,227.8,-67.561,2084.761,1,1,1
69102569,67778,3,35.00,-35.00,35.53,-34.36,0.617,-0.632,-55933,55969,7.35,227.3,-76.951,2083.990,1,1,1
69112576,67788,3,35.00,-35.00,36.30,-34.60,0.613,-0.631,-55907,55945,7.36,226.0,-93.232,2083.056,1,1,1
69122584,67798,3,35.00,-35.00,36.83,-35.65,0.611,-0.627,-55881,55919,7.37,224.5,-105.244,2082.002,1,1,1
69132584,67808,3,35.00,-35.00,38.97,-34.62,0.603,-0.631,-55851,55897,7.38,220.2,-109.573,2080.904,1,1,1
69142591,67818,3,35.00,-35.00,41.34,-33.90,0.595,-0.636,-55819,55875,7.36,218.2,-105.183,2079.851,1,1,1
69152599,67828,3,35.00,-35.00,42.12,-32.96,0.591,-0.640,-55789,55854,7.37,219.0,-93.415,2078.915,1,1,1
69162606,67838,3,35.00,-35.00,41.35,-32.74,0.593,-0.642,-55762,55832,7.37,221.5,-83.476,2078.079,1,1,1
69172606,67848,3,35.00,-35.00,38.17,-33.47,0.603,-0.640,-55741,55808,7.37,221.0,-79.024,2077.287,1,1,1
69182614,67858,3,35.00,-35.00,32.87,-33.53,0.621,-0.639,-55727,55785,7.36,223.0,-77.622,2076.509,1,1,1
69192621,67868,3,35.00,-35.00,30.92,-34.46,0.631,-0.637,-55709,55760,7.35,233.0,-77.439,2075.733,1,1,1
69202630,67878,3,35.00,-35.00,32.63,-34.67,0.626,-0.637,-55684,55736,7.34,237.0,-75.915,2074.972,1,1,1
69212636,67888,3,35.00,-35.00,33.39,-35.25,0.624,-0.634,-55660,55711,7.35,232.2,-81.220,2074.158,1,1,1
69222645,67898,3,35.00,-35.00,34.80,-35.66,0.619,-0.633,-55634,55686,7.35,231.2,-92.012,2073.236,1,1,1
69232652,67908,3,35.00,-35.00,37.54,-35.51,0.609,-0.634,-55604,55662,7.36,227.0,-97.988,2072.255,1,1,1
69242652,67918,3,35.00,-35.00,39.02,-34.97,0.603,-0.636,-55575,55639,7.36,222.5,-94.268,2071.311,1,1,1
69252658,67928,3,35.00,-35.00,38.30,-33.70,0.605,-0.643,-55550,55618,7.34,220.2,-85.244,2070.457,1,1,1
69262667,67938,3,35.00,-35.00,36.48,-33.26,0.608,-0.641,-55528,55596,7.37,227.3,-77.439,2069.680,1,1,1
69272675,67948,3,35.00,-35.00,33.89,-33.83,0.617,-0.640,-55509,55572,7.37,225.3,-70.671,2068.972,1,1,1
69282682,67958,3,35.00,-35.00,32.51,-34.23,0.623,-0.639,-55489,55548,7.36,228.8,-69.207,2068.279,1,1,1
69292682,67968,3,35.00,-35.00,33.30,-34.95,0.621,-0.637,-55465,55523,7.36,232.2,-73.780,2067.539,1,1,1
69302682,67978,3,35.00,-35.00,33.86,-35.45,0.619,-0.634,-55441,55498,7.36,231.8,-87.073,2066.667,1,1,1
69312690,67988,3,35.00,-35.00,35.13,-37.56,0.616,-0.627,-55415,55469,7.36,225.5,-100.000,2065.665,1,1,1
69322697,67998,3,35.00,-35.00,35.14,-36.40,0.615,-0.630,-55391,55446,7.37,222.2,-102.927,2064.634,1,1,1
69332706,68008,3,35.00,-35.00,35.58,-34.71,0.614,-0.636,-55366,55425,7.37,224.3,-98.415,2063.648,1,1,1
69342712,68018,3,35.00,-35.00,38.09,-33.96,0.604,-0.639,-55336,55403,7.37,227.0,-88.415,2062.762,1,1,1
69352717,68028,3,35.00,-35.00,38.97,-33.44,0.602,-0.645,-55308,55381,7.34,221.0,-80.305,2061.958,1,1,1
69362721,68038,3,35.00,-35.00,36.51,-33.96,0.607,-0.640,-55287,55357,7.37,228.0,-81.951,2061.137,1,1,1
69372727,68048,3,35.00,-35.00,33.90,-35.63,0.617,-0.634,-55268,55330,7.37,226.5,-85.427,2060.281,1,1,1
69382727,68058,3,35.00,-35.00,32.52,-35.49,0.622,-0.633,-55248,55306,7.37,225.3,-87.439,2059.405,1,1,1
69392736,68068,3,35.00,-35.00,33.31,-36.27,0.622,-0.632,-55224,55280,7.36,230.2,-86.829,2058.535,1,1,1
69402736,68078,3,35.00,-35.00,33.87,-37.25,0.620,-0.627,-55200,55253,7.36,229.0,-91.037,2057.623,1,1,1
69412743,68088,3,35.00,-35.00,34.69,-38.38,0.617,-0.622,-55175,55225,7.38,224.5,-100.610,2056.615,1,1,1
69422751,68098,3,35.00,-35.00,36.15,-38.29,0.612,-0.621,-55148,55199,7.38,220.8,-108.476,2055.529,1,1,1
69432758,68108,3,35.00,-35.00,37.61,-36.91,0.608,-0.627,-55120,55176,7.35,219.2,-108.049,2054.447,1,1,1
69442766,68118,3,35.00,-35.00,39.07,-33.75,0.600,-0.637,-55091,55158,7.37,218.0,-99.085,2053.454,1,1,1
69452773,68128,3,35.00,-35.00,38.78,-32.41,0.602,-0.645,-55065,55138,7.35,219.2,-92.378,2052.529,1,1,1
69462781,68138,3,35.00,-35.00,36.37,-32.80,0.609,-0.643,-55044,55115,7.36,225.0,-87.561,2051.651,1,1,1
69472788,68148,3,35.00,-35.00,34.25,-34.38,0.617,-0.639,-55024,55089,7.34,229.0,-81.585,2050.834,1,1,1
69482797,68158,3,35.00,-35.00,31.88,-34.62,0.626,-0.637,-55006,55065,7.34,227.0,-79.512,2050.037,1,1,1
69492803,68168,3,35.00,-35.00,31.55,-35.22,0.629,-0.635,-54985,55040,7.34,230.5,-79.268,2049.243,1,1,1
69502803,68178,3,35.00,-35.00,32.63,-36.52,0.627,-0.631,-54961,55013,7.34,231.5,-85.061,2048.390,1,1,1
69512803,68188,3,35.00,-35.00,34.27,-36.55,0.621,-0.629,-54935,54988,7.35,227.8,-98.841,2047.400,1,1,1
69522803,68198,3,35.00,-35.00,34.09,-37.89,0.623,-0.624,-54912,54960,7.34,226.0,-107.439,2046.324,1,1,1
69532812,68208,3,35.00,-35.00,36.61,-36.19,0.613,-0.629,-54883,54938,7.35,225.5,-104.329,2045.279,1,1,1
69542812,68218,3,35.00,-35.00,38.37,-34.56,0.605,-0.635,-54854,54917,7.36,221.8,-96.951,2044.308,1,1,1
69552819,68228,3,35.00,-35.00,36.53,-34.74,0.611,-0.634,-54832,54893,7.36,220.5,-91.707,2043.390,1,1,1
69562827,68238,3,35.00,-35.00,33.48,-35.30,0.623,-0.633,-54814,54868,7.35,223.0,-85.610,2042.532,1,1,1
69572834,68248,3,35.00,-35.00,31.35,-36.14,0.630,-0.627,-54796,54842,7.36,229.8,-83.049,2041.700,1,1,1
69582834,68258,3,35.00,-35.00,31.61,-37.16,0.631,-0.624,-54774,54815,7.35,228.3,-84.756,2040.850,1,1,1
69592834,68268,3,35.00,-35.00,32.23,-38.76,0.632,-0.618,-54751,54786,7.34,227.5,-92.012,2039.929,1,1,1
69602834,68278,3,35.00,-35.00,32.67,-39.87,0.631,-0.613,-54728,54757,7.35,228.0,-101.707,2038.910,1,1,1
69612842,68288,3,35.00,-35.00,33.86,-39.34,0.627,-0.613,-54703,54731,7.36,223.8,-104.085,2037.867,1,1,1
69622849,68298,3,35.00,-35.00,36.44,-36.77,0.616,-0.620,-54674,54710,7.38,220.8,-98.780,2036.878,1,1,1
69632849,68308,3,35.00,-35.00,38.25,-34.09,0.607,-0.628,-54645,54691,7.40,219.8,-90.427,2035.972,1,1,1
69642849,68318,3,35.00,-35.00,38.64,-33.09,0.607,-0.636,-54618,54670,7.36,220.5,-84.817,2035.122,1,1,1
69652857,68328,3,35.00,-35.00,37.60,-34.15,0.609,-0.632,-54594,54645,7.37,224.5,-85.366,2034.267,1,1,1
69662857,68338,3,35.00,-35.00,35.99,-34.89,0.614,-0.630,-54572,54620,7.37,224.3,-88.476,2033.381,1,1,1
69672857,68348,3,35.00,-35.00,31.78,-36.29,0.628,-0.622,-54557,54593,7.38,224.0,-87.134,2032.508,1,1,1
69682864,68358,3,35.00,-35.00,30.16,-36.39,0.637,-0.622,-54539,54568,7.37,224.3,-84.268,2031.663,1,1,1
69692864,68368,3,35.00,-35.00,30.34,-38.66,0.641,-0.615,-54518,54538,7.35,228.8,-80.488,2030.857,1,1,1
69702864,68378,3,35.00,-35.00,31.78,-38.48,0.639,-0.617,-54494,54512,7.32,228.3,-85.610,2029.999,1,1,1
69712872,68388,3,35.00,-35.00,33.67,-38.36,0.639,-0.623,-54468,54486,7.27,226.8,-94.207,2029.055,1,1,1
69722879,68398,3,35.00,-35.00,34.12,-35.64,0.635,-0.630,-54444,54466,7.29,227.0,-96.707,2028.087,1,1,1
69732879,68408,3,35.00,-35.00,34.87,-33.30,0.632,-0.638,-54419,54447,7.29,231.0,-91.463,2027.170,1,1,1
69742888,68418,3,35.00,-35.00,36.71,-33.42,0.625,-0.639,-54391,54424,7.29,236.5,-85.976,2026.309,1,1,1
69752893,68428,3,35.00,-35.00,37.13,-34.38,0.621,-0.633,-54365,54399,7.32,228.3,-90.793,2025.399,1,1,1
69762894,68438,3,35.00,-35.00,37.41,-35.05,0.618,-0.630,-54339,54374,7.34,225.5,-99.390,2024.404,1,1,1
69772894,68448,3,35.00,-35.00,35.86,-35.52,0.621,-0.626,-54317,54349,7.36,224.5,-103.902,2023.363,1,1,1
69782903,68458,3,35.00,-35.00,33.01,-37.17,0.630,-0.619,-54299,54321,7.37,223.0,-103.902,2022.323,1,1,1
69792910,68468,3,35.00,-35.00,31.46,-37.88,0.640,-0.618,-54280,54294,7.33,222.2,-98.537,2021.335,1,1,1
69802918,68478,3,35.00,-35.00,29.49,-38.38,0.655,-0.621,-54263,54267,7.27,226.8,-90.305,2020.431,1,1,1
69812918,68488,3,35.00,-35.00,20.64,-35.22,0.690,-0.629,-54263,54248,7.25,231.0,-81.037,2019.619,1,1,1
69822925,68498,3,35.00,-35.00,14.45,-33.44,0.713,-0.632,-54263,54228,7.24,261.5,-82.378,2018.793,1,1,1
69832925,68508,3,35.00,-35.00,10.12,-32.64,0.728,-0.631,-54263,54207,7.26,283.5,-91.402,2017.878,1,1,1
69842933,68518,3,35.00,-35.00,7.52,-32.51,0.742,-0.631,-54262,54185,7.23,292.0,-94.756,2016.928,1,1,1
69852948,68528,3,35.00,-35.00,5.26,-33.75,0.752,-0.624,-54262,54160,7.23,305.0,-94.390,2015.983,1,1,1
69862955,68538,3,35.00,-35.00,3.68,-34.61,0.758,-0.615,-54262,54135,7.26,312.8,-100.854,2014.973,1,1,1
69872955,68548,3,35.00,-35.00,2.58,-34.77,0.762,-0.609,-54262,54111,7.29,310.2,-106.585,2013.905,1,1,1
69882955,68558,3,35.00,-35.00,11.91,-35.77,0.737,-0.608,-54239,54085,7.26,308.0,-101.829,2012.885,1,1,1
69892955,68568,3,35.00,-35.00,21.08,-37.34,0.711,-0.603,-54210,54057,7.24,282.2,-96.890,2011.915,1,1,1
69902955,68578,3,35.00,-35.00,29.26,-36.69,0.681,-0.603,-54177,54033,7.29,258.2,-98.537,2010.928,1,1,1
69912963,68588,3,35.00,-35.00,34.54,-34.47,0.662,-0.610,-54145,54013,7.30,236.5,-107.500,2009.851,1,1,1
69922970,68598,3,35.00,-35.00,40.00,-30.72,0.640,-0.625,-54109,53998,7.31,228.8,-111.037,2008.739,1,1,1
69932979,68608,3,35.00,-35.00,42.50,-29.85,0.629,-0.630,-54076,53979,7.31,226.8,-105.427,2007.683,1,1,1
69942979,68618,3,35.00,-35.00,43.38,-30.57,0.623,-0.631,-54045,53957,7.31,223.2,-101.646,2006.665,1,1,1
69952983,68628,3,35.00,-35.00,41.79,-31.94,0.621,-0.623,-54019,53933,7.37,223.0,-98.780,2005.676,1,1,1
69962990,68638,3,35.00,-35.00,40.24,-32.47,0.625,-0.624,-53994,53910,7.35,218.5,-97.256,2004.701,1,1,1
69972998,68648,3,35.00,-35.00,40.47,-32.83,0.627,-0.628,-53966,53887,7.30,218.2,-98.232,2003.717,1,1,1
69983005,68659,3,35.00,-35.00,42.39,-34.41,0.620,-0.627,-53934,53861,7.28,218.0,-97.500,2002.741,1,1,1
69993005,68669,3,35.00,-35.00,42.42,-35.51,0.614,-0.619,-53905,53835,7.33,220.0,-102.988,2001.709,1,1,1
70003006,68679,3,35.00,-35.00,42.88,-35.41,0.612,-0.620,-53875,53811,7.33,212.5,-108.415,2000.623,1,1,1
70013020,68689,3,35.00,-35.00,43.64,-34.45,0.611,-0.627,-53844,53789,7.30,210.2,-104.878,1999.573,1,1,1
70023029,68699,3,35.00,-35.00,42.85,-33.34,0.611,-0.631,-53816,53768,7.31,213.8,-100.305,1998.568,1,1,1
70033029,68709,3,35.00,-35.00,41.86,-32.13,0.613,-0.637,-53789,53748,7.31,217.0,-92.622,1997.641,1,1,1
70043029,68719,3,35.00,-35.00,42.05,-31.28,0.613,-0.643,-53760,53728,7.29,218.2,-85.549,1996.783,1,1,1
70053036,68729,3,35.00,-35.00,42.18,-31.56,0.612,-0.645,-53731,53706,7.28,222.0,-82.744,1995.954,1,1,1
70063036,68739,3,35.00,-35.00,42.27,-32.20,0.611,-0.645,-53702,53683,7.28,224.8,-84.024,1995.112,1,1,1
70073036,68749,3,35.00,-35.00,43.21,-33.09,0.607,-0.643,-53671,53659,7.29,223.8,-90.183,1994.209,1,1,1
70083036,68759,3,35.00,-35.00,44.31,-33.27,0.602,-0.644,-53639,53636,7.29,220.5,-95.976,1993.247,1,1,1
70093036,68769,3,35.00,-35.00,44.20,-33.84,0.601,-0.643,-53609,53612,7.29,219.8,-97.805,1992.268,1,1,1
70103036,68779,3,35.00,-35.00,42.37,-33.35,0.604,-0.643,-53583,53590,7.32,220.8,-97.561,1991.290,1,1,1
70113036,68789,3,35.00,-35.00,38.45,-33.45,0.620,-0.647,-53563,53567,7.27,219.5,-92.317,1990.366,1,1,1
70123036,68799,3,35.00,-35.00,38.34,-33.53,0.616,-0.644,-53537,53544,7.31,230.8,-85.488,1989.509,1,1,1
70133044,68809,3,35.00,-35.00,38.70,-34.01,0.615,-0.643,-53510,53520,7.32,228.3,-83.780,1988.670,1,1,1
70143051,68819,3,35.00,-35.00,39.84,-34.36,0.610,-0.642,-53481,53496,7.32,224.5,-91.951,1987.748,1,1,1
70153059,68829,3,35.00,-35.00,39.31,-34.16,0.612,-0.645,-53455,53473,7.31,223.0,-104.085,1986.706,1,1,1
70163066,68839,3,35.00,-35.00,40.70,-34.46,0.609,-0.646,-53425,53449,7.29,225.3,-110.915,1985.595,1,1,1
70173066,68849,3,35.00,-35.00,42.11,-34.67,0.598,-0.641,-53394,53425,7.35,227.5,-112.012,1984.473,1,1,1
70183074,68859,3,35.00,-35.00,41.34,-33.06,0.600,-0.647,-53367,53405,7.35,220.2,-110.671,1983.365,1,1,1
70193081,68869,3,35.00,-35.00,38.17,-35.88,0.611,-0.638,-53346,53376,7.34,223.2,-103.537,1982.328,1,1,1
70203081,68879,3,35.00,-35.00,36.39,-34.35,0.621,-0.648,-53324,53355,7.28,221.0,-86.829,1981.458,1,1,1
70213090,68889,3,35.00,-35.00,36.46,-34.15,0.623,-0.651,-53299,53332,7.25,228.3,-73.476,1980.722,1,1,1
70223090,68899,3,35.00,-35.00,38.26,-34.45,0.617,-0.651,-53270,53308,7.26,232.0,-73.354,1979.986,1,1,1
70233090,68909,3,35.00,-35.00,38.65,-35.10,0.613,-0.647,-53243,53283,7.28,231.5,-87.866,1979.106,1,1,1
70243096,68919,3,35.00,-35.00,38.48,-35.12,0.611,-0.645,-53217,53259,7.31,226.8,-100.244,1978.102,1,1,1
70253109,68929,3,35.00,-35.00,38.80,-35.57,0.608,-0.642,-53190,53234,7.33,226.8,-106.951,1977.031,1,1,1
70263111,68939,3,35.00,-35.00,39.03,-35.45,0.604,-0.640,-53163,53210,7.36,225.0,-109.634,1975.933,1,1,1
70273111,68949,3,35.00,-35.00,38.74,-37.12,0.606,-0.635,-53137,53182,7.36,220.8,-110.244,1974.829,1,1,1
70283120,68959,3,35.00,-35.00,36.35,-38.29,0.614,-0.629,-53116,53154,7.36,218.8,-104.085,1973.786,1,1,1
70293127,68969,3,35.00,-35.00,35.55,-37.35,0.616,-0.631,-53093,53130,7.36,220.5,-89.817,1972.887,1,1,1
70303135,68979,3,35.00,-35.00,34.99,-34.93,0.617,-0.639,-53070,53110,7.36,222.8,-82.378,1972.061,1,1,1
70313142,68989,3,35.00,-35.00,36.36,-33.68,0.612,-0.644,-53043,53089,7.36,226.0,-86.037,1971.199,1,1,1
70323150,68999,3,35.00,-35.00,36.44,-33.68,0.613,-0.645,-53018,53066,7.35,226.3,-91.159,1970.286,1,1,1
70333151,69009,3,35.00,-35.00,37.81,-35.00,0.607,-0.640,-52990,53040,7.36,228.0,-96.280,1969.321,1,1,1
70343165,69019,3,35.00,-35.00,38.77,-35.05,0.603,-0.640,-52962,53016,7.37,223.0,-100.915,1968.311,1,1,1
70353172,69029,3,35.00,-35.00,39.01,-35.96,0.605,-0.640,-52935,52990,7.34,221.2,-102.805,1967.281,1,1,1
70363172,69039,3,35.00,-35.00,36.97,-36.16,0.610,-0.637,-52913,52965,7.36,221.5,-100.244,1966.277,1,1,1
70373181,69049,3,35.00,-35.00,33.35,-36.30,0.626,-0.639,-52896,52940,7.31,221.5,-91.463,1965.361,1,1,1
70383187,69059,3,35.00,-35.00,31.26,-35.52,0.637,-0.643,-52878,52917,7.28,226.5,-76.280,1964.596,1,1,1
70393187,69069,3,35.00,-35.00,30.67,-35.85,0.641,-0.642,-52858,52892,7.27,236.0,-71.585,1963.879,1,1,1
70403188,69079,3,35.00,-35.00,32.01,-35.64,0.639,-0.643,-52834,52868,7.26,237.2,-77.988,1963.097,1,1,1
70413202,69089,3,35.00,-35.00,33.40,-36.37,0.629,-0.634,-52809,52842,7.34,239.5,-87.439,1962.221,1,1,1
70423202,69099,3,35.00,-35.00,36.12,-36.89,0.623,-0.635,-52780,52816,7.30,229.5,-96.646,1961.253,1,1,1
70433202,69109,3,35.00,-35.00,36.27,-36.81,0.623,-0.637,-52755,52791,7.29,227.8,-105.915,1960.192,1,1,1
70443202,69119,3,35.00,-35.00,35.94,-39.39,0.625,-0.627,-52731,52760,7.28,227.0,-113.293,1959.058,1,1,1
70453203,69129,3,35.00,-35.00,36.14,-40.76,0.624,-0.619,-52706,52730,7.30,222.0,-111.646,1957.940,1,1,1
70463211,69139,3,35.00,-35.00,35.85,-39.95,0.624,-0.620,-52682,52704,7.31,219.8,-102.256,1956.916,1,1,1
70473218,69149,3,35.00,-35.00,33.88,-38.52,0.632,-0.623,-52662,52680,7.30,220.2,-91.159,1956.002,1,1,1
70483218,69159,3,35.00,-35.00,33.82,-34.87,0.632,-0.636,-52639,52662,7.29,224.8,-82.378,1955.177,1,1,1
70493226,69169,3,35.00,-35.00,35.10,-33.64,0.627,-0.640,-52613,52641,7.30,229.0,-78.598,1954.389,1,1,1
70503233,69179,3,35.00,-35.00,34.24,-34.53,0.631,-0.637,-52591,52616,7.29,230.5,-81.037,1953.577,1,1,1
70513241,69189,3,35.00,-35.00,35.83,-36.04,0.619,-0.626,-52564,52589,7.37,234.2,-88.841,1952.687,1,1,1
70523248,69199,3,35.00,-35.00,36.07,-36.65,0.624,-0.629,-52539,52563,7.30,217.8,-97.317,1951.713,1,1,1
70533248,69209,3,35.00,-35.00,36.24,-37.52,0.623,-0.626,-52514,52536,7.30,224.8,-103.293,1950.678,1,1,1
70543256,69219,3,35.00,-35.00,36.79,-38.13,0.622,-0.623,-52488,52509,7.30,219.0,-101.890,1949.657,1,1,1
70553257,69229,3,35.00,-35.00,36.74,-37.24,0.619,-0.623,-52463,52485,7.33,218.8,-96.402,1948.692,1,1,1
70563264,69239,3,35.00,-35.00,37.14,-36.61,0.614,-0.622,-52437,52461,7.36,218.5,-87.805,1947.812,1,1,1
70573278,69249,3,35.00,-35.00,36.11,-35.30,0.622,-0.631,-52414,52439,7.30,216.0,-79.573,1947.015,1,1,1
70583278,69259,3,35.00,-35.00,34.50,-34.82,0.628,-0.633,-52393,52416,7.29,222.0,-74.756,1946.266,1,1,1
70593279,69269,3,35.00,-35.00,34.26,-35.80,0.630,-0.630,-52370,52390,7.28,227.8,-74.268,1945.521,1,1,1
70603279,69279,3,35.00,-35.00,35.41,-36.48,0.626,-0.628,-52344,52364,7.29,225.0,-82.866,1944.691,1,1,1
70613294,69289,3,35.00,-35.00,36.21,-36.96,0.623,-0.625,-52318,52338,7.30,222.0,-97.378,1943.716,1,1,1
70623302,69299,3,35.00,-35.00,36.77,-36.86,0.621,-0.625,-52292,52313,7.29,224.0,-107.256,1942.641,1,1,1
70633302,69309,3,35.00,-35.00,38.05,-37.23,0.616,-0.624,-52264,52287,7.30,222.8,-111.037,1941.529,1,1,1
70643302,69319,3,35.00,-35.00,39.38,-37.49,0.611,-0.623,-52235,52261,7.30,216.8,-109.085,1940.437,1,1,1
70653309,69329,3,35.00,-35.00,42.50,-37.23,0.600,-0.625,-52201,52236,7.30,215.2,-104.390,1939.391,1,1,1
70663309,69339,3,35.00,-35.00,41.18,-35.73,0.602,-0.629,-52175,52214,7.32,212.8,-94.573,1938.444,1,1,1
70673317,69349,3,35.00,-35.00,40.25,-34.68,0.605,-0.634,-52149,52192,7.31,213.2,-81.098,1937.631,1,1,1
70683324,69359,3,35.00,-35.00,36.96,-33.94,0.616,-0.637,-52129,52170,7.30,220.2,-72.073,1936.909,1,1,1
70693332,69369,3,35.00,-35.00,33.35,-34.75,0.628,-0.633,-52112,52145,7.31,223.2,-72.195,1936.185,1,1,1
70703339,69379,3,35.00,-35.00,33.45,-35.31,0.631,-0.633,-52089,52120,7.28,226.5,-76.159,1935.422,1,1,1
70713339,69389,3,35.00,-35.00,34.84,-35.70,0.626,-0.631,-52063,52095,7.29,228.5,-85.610,1934.564,1,1,1
70723339,69399,3,35.00,-35.00,36.25,-36.42,0.621,-0.629,-52036,52069,7.29,226.3,-85.610,1933.706,1,1,1
70733348,69409,3,35.00,-35.00,36.80,-37.80,0.619,-0.624,-52010,52041,7.30,223.2,-99.085,1932.714,1,1,1
70743348,69419,3,35.00,-35.00,41.14,-37.44,0.604,-0.626,-51975,52016,7.30,218.5,-105.915,1931.653,1,1,1
70753360,69429,3,35.00,-35.00,41.10,-35.88,0.606,-0.634,-51947,51994,7.27,212.8,-101.890,1930.633,1,1,1
70763363,69439,3,35.00,-35.00,40.20,-33.90,0.604,-0.638,-51921,51974,7.31,218.0,-92.012,1929.711,1,1,1
70773363,69449,3,35.00,-35.00,38.25,-32.96,0.610,-0.642,-51898,51953,7.31,218.8,-81.159,1928.898,1,1,1
70783369,69459,3,35.00,-35.00,35.12,-33.62,0.621,-0.640,-51879,51929,7.30,222.5,-72.927,1928.167,1,1,1
70793378,69469,3,35.00,-35.00,34.25,-34.52,0.624,-0.637,-51857,51904,7.29,227.8,-71.463,1927.450,1,1,1
70803385,69479,3,35.00,-35.00,34.52,-34.71,0.625,-0.639,-51833,51880,7.27,228.5,-74.268,1926.706,1,1,1
70813393,69489,3,35.00,-35.00,35.59,-34.41,0.623,-0.642,-51807,51857,7.26,229.2,-81.341,1925.891,1,1,1
70823393,69499,3,35.00,-35.00,36.78,-34.63,0.618,-0.641,-51780,51833,7.27,229.0,-93.963,1924.950,1,1,1
70833400,69509,3,35.00,-35.00,38.05,-34.79,0.613,-0.641,-51752,51809,7.27,227.3,-103.293,1923.915,1,1,1
70843400,69519,3,35.00,-35.00,40.70,-34.46,0.603,-0.642,-51720,51786,7.28,224.3,-103.049,1922.883,1,1,1
70853412,69529,3,35.00,-35.00,42.55,-34.23,0.600,-0.649,-51688,51763,7.23,219.8,-95.610,1921.925,1,1,1
70863423,69539,3,35.00,-35.00,40.77,-34.07,0.602,-0.646,-51663,51740,7.28,223.8,-87.134,1921.052,1,1,1
70873423,69549,3,35.00,-35.00,37.77,-33.52,0.611,-0.648,-51642,51718,7.28,222.8,-82.927,1920.222,1,1,1
70883423,69559,3,35.00,-35.00,34.35,-34.45,0.623,-0.644,-51624,51693,7.27,228.3,-82.927,1919.391,1,1,1
70893430,69569,3,35.00,-35.00,31.95,-34.66,0.631,-0.643,-51606,51669,7.27,231.8,-83.537,1918.554,1,1,1
70903439,69579,3,35.00,-35.00,33.79,-34.81,0.626,-0.642,-51580,51645,7.28,233.0,-82.134,1917.731,1,1,1
70913439,69589,3,35.00,-35.00,35.08,-35.35,0.621,-0.641,-51554,51620,7.28,230.0,-85.244,1916.876,1,1,1
70923445,69599,3,35.00,-35.00,36.42,-35.73,0.615,-0.638,-51527,51595,7.29,228.5,-95.671,1915.918,1,1,1
70933445,69609,3,35.00,-35.00,39.12,-35.12,0.605,-0.642,-51496,51572,7.29,224.5,-100.793,1914.909,1,1,1
70943454,69619,3,35.00,-35.00,41.01,-35.13,0.599,-0.642,-51465,51548,7.29,221.5,-97.378,1913.933,1,1,1
70953460,69629,3,35.00,-35.00,39.69,-34.26,0.600,-0.644,-51440,51526,7.32,219.0,-89.024,1913.041,1,1,1
70963460,69639,3,35.00,-35.00,37.89,-34.09,0.607,-0.646,-51417,51503,7.30,222.2,-81.707,1912.223,1,1,1
70973469,69649,3,35.00,-35.00,35.31,-34.41,0.616,-0.645,-51397,51479,7.29,224.3,-77.195,1911.449,1,1,1
70983476,69659,3,35.00,-35.00,31.31,-35.51,0.630,-0.640,-51382,51453,7.29,227.8,-76.829,1910.679,1,1,1
70993476,69669,3,35.00,-35.00,32.02,-35.84,0.630,-0.639,-51359,51428,7.29,231.5,-77.988,1909.898,1,1,1
71003493,69679,3,35.00,-35.00,33.84,-36.08,0.625,-0.638,-51333,51403,7.29,231.2,-82.683,1909.069,1,1,1
71013493,69689,3,35.00,-35.00,35.56,-36.68,0.619,-0.635,-51306,51377,7.29,227.8,-95.366,1908.114,1,1,1
71023500,69699,3,35.00,-35.00,35.88,-36.22,0.616,-0.636,-51281,51353,7.30,225.3,-104.329,1907.069,1,1,1
71033508,69709,3,35.00,-35.00,36.98,-35.46,0.612,-0.638,-51254,51330,7.30,225.3,-102.927,1906.038,1,1,1
71043515,69719,3,35.00,-35.00,39.95,-34.93,0.600,-0.641,-51222,51307,7.31,223.0,-91.707,1905.119,1,1,1
71053515,69729,3,35.00,-35.00,39.39,-34.56,0.601,-0.642,-51196,51284,7.31,221.0,-85.244,1904.265,1,1,1
71063523,69739,3,35.00,-35.00,38.12,-35.18,0.605,-0.641,-51172,51259,7.31,224.8,-87.256,1903.391,1,1,1
71073523,69749,3,35.00,-35.00,35.47,-36.05,0.614,-0.637,-51152,51233,7.31,221.5,-89.268,1902.497,1,1,1
71083523,69759,3,35.00,-35.00,31.42,-35.78,0.629,-0.636,-51137,51209,7.31,223.5,-89.573,1901.599,1,1,1
71093530,69769,3,35.00,-35.00,32.54,-36.47,0.628,-0.635,-51113,51183,7.29,231.5,-87.012,1900.728,1,1,1
71103539,69779,3,35.00,-35.00,33.77,-36.96,0.623,-0.632,-51088,51157,7.30,231.0,-86.220,1899.864,1,1,1
71113545,69789,3,35.00,-35.00,34.62,-37.74,0.622,-0.630,-51063,51130,7.29,225.5,-96.220,1898.900,1,1,1
71123554,69799,3,35.00,-35.00,36.10,-36.96,0.616,-0.632,-51036,51106,7.30,226.3,-107.561,1897.823,1,1,1
71133554,69809,3,35.00,-35.00,37.58,-35.54,0.609,-0.636,-51008,51084,7.31,222.8,-108.537,1896.736,1,1,1
71143554,69819,3,35.00,-35.00,39.49,-34.11,0.601,-0.641,-50978,51063,7.32,220.0,-100.488,1895.729,1,1,1
71153554,69829,3,35.00,-35.00,38.63,-33.54,0.602,-0.644,-50953,51041,7.32,221.8,-94.512,1894.782,1,1,1
71163554,69839,3,35.00,-35.00,35.83,-34.47,0.612,-0.640,-50933,51016,7.32,225.0,-88.171,1893.899,1,1,1
71173554,69849,3,35.00,-35.00,32.99,-35.55,0.622,-0.636,-50915,50990,7.32,223.5,-84.451,1893.053,1,1,1
71183560,69859,3,35.00,-35.00,31.44,-35.87,0.629,-0.634,-50896,50965,7.32,227.5,-84.146,1892.210,1,1,1
71193569,69869,3,35.00,-35.00,31.68,-36.10,0.630,-0.633,-50874,50940,7.31,229.5,-83.354,1891.375,1,1,1
71203576,69879,3,35.00,-35.00,33.60,-37.13,0.625,-0.630,-50848,50913,7.31,231.2,-89.634,1890.477,1,1,1
71213584,69889,3,35.00,-35.00,34.95,-37.42,0.620,-0.628,-50822,50887,7.32,226.5,-103.598,1889.439,1,1,1
71223591,69899,3,35.00,-35.00,36.77,-38.06,0.613,-0.625,-50794,50860,7.33,223.2,-110.915,1888.328,1,1,1
71233591,69909,3,35.00,-35.00,38.92,-35.43,0.603,-0.634,-50764,50840,7.34,221.0,-104.695,1887.280,1,1,1
71243599,69919,3,35.00,-35.00,38.67,-34.47,0.602,-0.637,-50738,50818,7.34,219.0,-97.988,1886.298,1,1,1
71253599,69929,3,35.00,-35.00,35.42,-34.68,0.616,-0.639,-50719,50794,7.30,218.2,-89.024,1885.406,1,1,1
71263599,69939,3,35.00,-35.00,32.26,-35.26,0.626,-0.635,-50702,50769,7.32,227.3,-80.732,1884.597,1,1,1
71273606,69949,3,35.00,-35.00,30.93,-36.55,0.633,-0.631,-50683,50742,7.31,228.8,-78.902,1883.807,1,1,1
71283614,69959,3,35.00,-35.00,30.88,-37.45,0.634,-0.627,-50662,50715,7.32,228.8,-80.610,1882.999,1,1,1
71293621,69969,3,35.00,-35.00,32.16,-39.40,0.632,-0.619,-50638,50685,7.32,229.8,-89.512,1882.102,1,1,1
71303621,69979,3,35.00,-35.00,33.50,-39.88,0.628,-0.617,-50613,50657,7.32,226.5,-101.098,1881.090,1,1,1
71313621,69989,3,35.00,-35.00,34.00,-38.90,0.626,-0.619,-50589,50632,7.33,222.5,-102.927,1880.059,1,1,1
71323621,69999,3,35.00,-35.00,36.54,-36.02,0.617,-0.629,-50560,50612,7.34,221.8,-97.500,1879.082,1,1,1
71333630,70009,3,35.00,-35.00,38.76,-34.00,0.607,-0.636,-50530,50592,7.34,224.3,-90.793,1878.172,1,1,1
71343630,70019,3,35.00,-35.00,38.56,-33.91,0.607,-0.638,-50504,50569,7.34,220.8,-86.220,1877.309,1,1,1
71353630,70029,3,35.00,-35.00,36.66,-34.72,0.615,-0.637,-50482,50544,7.32,221.5,-86.037,1876.447,1,1,1
71363630,70039,3,35.00,-35.00,33.57,-35.73,0.624,-0.631,-50464,50518,7.33,227.0,-85.610,1875.589,1,1,1
71373636,70049,3,35.00,-35.00,30.09,-36.00,0.638,-0.629,-50449,50493,7.32,227.0,-82.561,1874.762,1,1,1
71383636,70059,3,35.00,-35.00,29.85,-36.63,0.641,-0.627,-50429,50467,7.32,230.8,-79.146,1873.969,1,1,1
71393645,70069,3,35.00,-35.00,31.01,-38.82,0.639,-0.618,-50406,50437,7.33,231.0,-81.280,1873.154,1,1,1
71403652,70079,3,35.00,-35.00,33.13,-39.04,0.634,-0.618,-50380,50410,7.32,228.8,-92.622,1872.226,1,1,1
71413660,70089,3,35.00,-35.00,33.74,-37.87,0.632,-0.621,-50356,50386,7.32,224.8,-100.061,1871.224,1,1,1
71423660,70099,3,35.00,-35.00,35.04,-34.86,0.627,-0.632,-50330,50367,7.32,226.3,-97.683,1870.245,1,1,1
71433660,70109,3,35.00,-35.00,36.39,-33.63,0.622,-0.637,-50303,50346,7.32,227.0,-89.512,1869.349,1,1,1
71443667,70119,3,35.00,-35.00,36.90,-34.09,0.621,-0.637,-50277,50322,7.31,228.5,-86.768,1868.479,1,1,1
71453675,70129,3,35.00,-35.00,36.82,-34.85,0.619,-0.633,-50252,50297,7.32,228.8,-92.805,1867.550,1,1,1
71463675,70139,3,35.00,-35.00,35.44,-35.82,0.624,-0.629,-50230,50271,7.33,226.3,-99.756,1866.551,1,1,1
71473675,70149,3,35.00,-35.00,34.04,-36.06,0.627,-0.626,-50209,50246,7.35,226.3,-98.963,1865.559,1,1,1
71483682,70159,3,35.00,-35.00,31.30,-37.99,0.636,-0.616,-50192,50217,7.37,224.3,-92.439,1864.633,1,1,1
71493690,70169,3,35.00,-35.00,31.58,-37.58,0.647,-0.627,-50170,50192,7.25,221.5,-84.878,1863.783,1,1,1
71503697,70179,3,35.00,-35.00,23.42,-37.73,0.678,-0.623,-50167,50166,7.25,231.8,-80.976,1862.972,1,1,1
71513697,70189,3,35.00,-35.00,16.39,-34.76,0.705,-0.630,-50167,50147,7.24,251.0,-86.341,1862.107,1,1,1
71523705,70199,3,35.00,-35.00,11.48,-33.56,0.724,-0.632,-50167,50126,7.23,276.0,-90.854,1861.196,1,1,1
71533705,70209,3,35.00,-35.00,8.03,-33.16,0.734,-0.627,-50167,50104,7.27,293.5,-91.402,1860.281,1,1,1
71543712,70219,3,35.00,-35.00,6.06,-33.32,0.743,-0.623,-50166,50081,7.27,297.5,-93.841,1859.341,1,1,1
71553721,70229,3,35.00,-35.00,4.24,-34.31,0.752,-0.617,-50166,50056,7.27,302.8,-102.195,1858.317,1,1,1
71563727,70239,3,35.00,-35.00,2.97,-35.00,0.760,-0.611,-50166,50031,7.27,305.8,-106.524,1857.250,1,1,1
71573736,70249,3,35.00,-35.00,6.03,-36.37,0.754,-0.604,-50157,50004,7.27,310.8,-102.744,1856.221,1,1,1
71583736,70259,3,35.00,-35.00,18.29,-38.20,0.715,-0.597,-50125,49975,7.28,301.8,-105.671,1855.163,1,1,1
71593736,70269,3,35.00,-35.00,25.98,-37.29,0.687,-0.596,-50095,49951,7.33,262.2,-109.024,1854.071,1,1,1
71603736,70279,3,35.00,-35.00,31.81,-35.77,0.666,-0.600,-50064,49929,7.36,239.5,-107.134,1852.998,1,1,1
71613743,70289,3,35.00,-35.00,36.33,-32.95,0.650,-0.611,-50032,49911,7.36,229.2,-102.378,1851.973,1,1,1
71623751,70299,3,35.00,-35.00,41.25,-29.66,0.631,-0.626,-49996,49896,7.35,224.8,-96.829,1851.003,1,1,1
71633751,70309,3,35.00,-35.00,41.62,-29.55,0.627,-0.629,-49967,49876,7.35,222.5,-94.085,1850.060,1,1,1
71643751,70319,3,35.00,-35.00,41.88,-30.79,0.624,-0.628,-49938,49853,7.35,223.0,-94.085,1849.118,1,1,1
71653751,70329,3,35.00,-35.00,39.86,-31.66,0.626,-0.623,-49914,49830,7.38,222.5,-95.854,1848.157,1,1,1
71663751,70339,3,35.00,-35.00,40.65,-32.27,0.625,-0.626,-49885,49807,7.34,221.5,-95.854,1847.197,1,1,1
71673751,70349,3,35.00,-35.00,41.64,-33.58,0.617,-0.621,-49855,49782,7.36,220.2,-97.866,1846.217,1,1,1
71683751,70359,3,35.00,-35.00,41.89,-35.81,0.616,-0.616,-49826,49754,7.35,215.2,-103.354,1845.182,1,1,1
71693751,70369,3,35.00,-35.00,44.26,-35.61,0.604,-0.616,-49792,49730,7.36,214.2,-112.500,1844.055,1,1,1
71703751,70379,3,35.00,-35.00,45.49,-35.48,0.598,-0.616,-49759,49706,7.38,210.2,-113.110,1842.922,1,1,1
71713751,70389,3,35.00,-35.00,43.71,-34.94,0.605,-0.621,-49732,49683,7.35,206.7,-106.585,1841.855,1,1,1
71723751,70399,3,35.00,-35.00,41.58,-33.25,0.613,-0.630,-49707,49663,7.33,212.2,-99.817,1840.855,1,1,1
71733758,70409,3,35.00,-35.00,40.53,-31.18,0.615,-0.638,-49681,49645,7.33,216.8,-88.476,1839.969,1,1,1
71743758,70419,3,35.00,-35.00,40.68,-31.06,0.614,-0.641,-49653,49624,7.32,222.0,-79.329,1839.174,1,1,1
71753764,70429,3,35.00,-35.00,40.34,-30.97,0.617,-0.646,-49626,49603,7.29,222.0,-74.573,1838.427,1,1,1
71763773,70439,3,35.00,-35.00,41.42,-31.79,0.611,-0.643,-49596,49580,7.31,228.0,-78.780,1837.637,1,1,1
71773781,70449,3,35.00,-35.00,42.62,-32.36,0.605,-0.643,-49565,49557,7.32,224.0,-89.207,1836.743,1,1,1
71783788,70459,3,35.00,-35.00,44.77,-33.20,0.596,-0.641,-49531,49533,7.33,221.5,-98.049,1835.761,1,1,1
71793788,70469,3,35.00,-35.00,43.65,-33.78,0.598,-0.640,-49503,49509,7.34,218.5,-101.280,1834.747,1,1,1
71803797,70479,3,35.00,-35.00,41.10,-33.76,0.604,-0.638,-49479,49486,7.36,220.8,-101.220,1833.733,1,1,1
71813797,70489,3,35.00,-35.00,38.00,-33.30,0.613,-0.639,-49458,49464,7.37,219.8,-93.049,1832.801,1,1,1
71823797,70499,3,35.00,-35.00,36.27,-32.98,0.629,-0.652,-49436,49442,7.24,220.0,-84.939,1831.950,1,1,1
71833797,70509,3,35.00,-35.00,38.13,-33.63,0.624,-0.652,-49407,49418,7.22,235.5,-81.098,1831.137,1,1,1
71843803,70519,3,35.00,-35.00,38.12,-34.53,0.624,-0.649,-49381,49393,7.23,232.5,-87.744,1830.258,1,1,1
71853812,70529,3,35.00,-35.00,38.55,-34.28,0.623,-0.652,-49354,49370,7.21,227.8,-99.573,1829.261,1,1,1
71863818,70539,3,35.00,-35.00,39.73,-34.54,0.619,-0.652,-49325,49346,7.22,232.2,-109.024,1828.169,1,1,1
71873818,70549,3,35.00,-35.00,40.99,-36.04,0.614,-0.647,-49295,49319,7.22,228.3,-112.805,1827.039,1,1,1
71883827,70559,3,35.00,-35.00,40.12,-36.22,0.620,-0.650,-49269,49294,7.18,221.2,-110.549,1825.932,1,1,1
71893834,70569,3,35.00,-35.00,36.87,-35.90,0.632,-0.652,-49249,49270,7.16,226.5,-102.256,1824.908,1,1,1
71903842,70579,3,35.00,-35.00,35.92,-33.48,0.635,-0.660,-49226,49251,7.16,231.5,-86.341,1824.043,1,1,1
71913842,70589,3,35.00,-35.00,36.13,-33.54,0.624,-0.651,-49201,49228,7.27,241.8,-74.146,1823.300,1,1,1
71923849,70599,3,35.00,-35.00,37.60,-34.03,0.615,-0.647,-49173,49204,7.31,233.0,-74.024,1822.558,1,1,1
71933857,70609,3,35.00,-35.00,37.74,-35.24,0.616,-0.644,-49147,49178,7.30,228.5,-86.951,1821.687,1,1,1
71943857,70619,3,35.00,-35.00,38.72,-35.22,0.612,-0.644,-49119,49154,7.30,227.3,-99.817,1820.687,1,1,1
71953864,70629,3,35.00,-35.00,38.09,-35.64,0.614,-0.643,-49094,49129,7.30,225.3,-107.561,1819.610,1,1,1
71963872,70639,3,35.00,-35.00,39.41,-35.49,0.608,-0.643,-49065,49105,7.31,227.5,-110.732,1818.501,1,1,1
71973879,70649,3,35.00,-35.00,38.57,-38.91,0.611,-0.630,-49040,49073,7.32,223.8,-111.402,1817.385,1,1,1
71983888,70659,3,35.00,-35.00,35.79,-39.10,0.619,-0.626,-49020,49046,7.34,216.5,-104.268,1816.341,1,1,1
71993894,70669,3,35.00,-35.00,34.72,-37.92,0.623,-0.629,-48998,49022,7.33,220.5,-90.244,1815.437,1,1,1
72003903,70679,3,35.00,-35.00,34.85,-35.77,0.623,-0.637,-48974,49001,7.32,223.0,-82.622,1814.609,1,1,1
72013910,70689,3,35.00,-35.00,35.82,-33.39,0.619,-0.645,-48948,48982,7.32,226.3,-84.939,1813.758,1,1,1
72023918,70699,3,35.00,-35.00,36.50,-33.92,0.617,-0.644,-48922,48958,7.32,228.8,-88.720,1812.869,1,1,1
72033918,70709,3,35.00,-35.00,36.54,-34.73,0.617,-0.642,-48897,48933,7.32,227.5,-92.317,1811.944,1,1,1
72043925,70719,3,35.00,-35.00,37.44,-35.30,0.614,-0.641,-48870,48908,7.31,226.5,-96.829,1810.974,1,1,1
72053933,70729,3,35.00,-35.00,38.51,-36.13,0.609,-0.637,-48842,48882,7.33,225.0,-99.024,1809.983,1,1,1
72063940,70739,3,35.00,-35.00,36.63,-35.84,0.615,-0.637,-48820,48858,7.34,222.0,-97.439,1809.007,1,1,1
72073940,70749,3,35.00,-35.00,33.55,-36.07,0.625,-0.635,-48802,48833,7.34,222.8,-94.207,1808.063,1,1,1
72083948,70759,3,35.00,-35.00,31.83,-36.24,0.633,-0.633,-48783,48808,7.33,226.0,-83.232,1807.229,1,1,1
72093955,70769,3,35.00,-35.00,31.07,-35.91,0.637,-0.634,-48763,48784,7.33,229.2,-76.280,1806.464,1,1,1
72103955,70779,3,35.00,-35.00,32.30,-36.57,0.636,-0.633,-48739,48758,7.31,235.7,-80.488,1805.658,1,1,1
72113963,70789,3,35.00,-35.00,32.72,-37.02,0.635,-0.630,-48716,48732,7.32,232.2,-89.268,1804.764,1,1,1
72123963,70799,3,35.00,-35.00,34.77,-37.34,0.628,-0.628,-48689,48706,7.32,231.0,-98.476,1803.777,1,1,1
72133970,70809,3,35.00,-35.00,36.64,-37.56,0.619,-0.625,-48661,48680,7.35,227.0,-106.707,1802.708,1,1,1
72143970,70819,3,35.00,-35.00,35.76,-39.48,0.623,-0.617,-48638,48650,7.35,221.0,-112.927,1801.578,1,1,1
72153983,70829,3,35.00,-35.00,36.02,-40.82,0.623,-0.611,-48613,48620,7.35,219.5,-112.622,1800.450,1,1,1
72163990,70839,3,35.00,-35.00,34.88,-39.56,0.627,-0.613,-48591,48595,7.35,218.5,-103.171,1799.417,1,1,1
72173998,70849,3,35.00,-35.00,34.08,-37.36,0.628,-0.618,-48569,48573,7.36,219.8,-92.378,1798.491,1,1,1
72183999,70860,3,35.00,-35.00,34.41,-34.50,0.628,-0.629,-48545,48554,7.34,220.5,-84.207,1797.647,1,1,1
72194005,70870,3,35.00,-35.00,34.63,-33.82,0.627,-0.631,-48521,48532,7.34,226.5,-80.854,1796.837,1,1,1
72204014,70880,3,35.00,-35.00,34.79,-35.54,0.628,-0.626,-48497,48505,7.34,228.5,-82.866,1796.007,1,1,1
72214020,70890,3,35.00,-35.00,34.90,-36.30,0.629,-0.624,-48473,48479,7.33,223.5,-90.793,1795.097,1,1,1
72224029,70900,3,35.00,-35.00,35.85,-36.40,0.625,-0.623,-48447,48454,7.33,224.5,-98.598,1794.110,1,1,1
72234036,70910,3,35.00,-35.00,35.21,-37.34,0.627,-0.619,-48424,48427,7.34,223.5,-102.988,1793.078,1,1,1
72244044,70920,3,35.00,-35.00,35.63,-37.57,0.625,-0.617,-48399,48401,7.34,221.2,-101.098,1792.066,1,1,1
72254044,70930,3,35.00,-35.00,35.05,-36.84,0.630,-0.621,-48376,48377,7.31,216.5,-91.829,1791.146,1,1,1
72264044,70940,3,35.00,-35.00,35.52,-35.90,0.626,-0.622,-48351,48354,7.33,223.5,-85.244,1790.292,1,1,1
72274051,70950,3,35.00,-35.00,35.85,-34.80,0.624,-0.625,-48326,48332,7.34,220.2,-80.122,1789.489,1,1,1
72284059,70960,3,35.00,-35.00,35.64,-34.90,0.624,-0.624,-48302,48308,7.35,221.0,-78.049,1788.707,1,1,1
72294066,70970,3,35.00,-35.00,35.50,-35.86,0.625,-0.621,-48278,48282,7.34,222.0,-83.598,1787.869,1,1,1
72304075,70980,3,35.00,-35.00,36.27,-36.53,0.622,-0.620,-48252,48256,7.34,221.0,-96.220,1786.905,1,1,1
72314081,70990,3,35.00,-35.00,36.38,-37.43,0.622,-0.617,-48227,48229,7.34,221.0,-107.195,1785.831,1,1,1
72324090,71000,3,35.00,-35.00,36.89,-38.51,0.620,-0.613,-48201,48201,7.34,221.5,-112.134,1784.708,1,1,1
72334090,71010,3,35.00,-35.00,38.57,-39.26,0.613,-0.610,-48172,48173,7.35,217.2,-112.805,1783.579,1,1,1
72344097,71020,3,35.00,-35.00,39.30,-38.03,0.609,-0.613,-48144,48149,7.36,212.0,-110.183,1782.475,1,1,1
72354112,71030,3,35.00,-35.00,40.26,-37.17,0.610,-0.621,-48115,48125,7.32,210.7,-101.037,1781.463,1,1,1
72364120,71040,3,35.00,-35.00,40.48,-33.93,0.605,-0.629,-48087,48107,7.35,216.2,-88.354,1780.578,1,1,1
72374127,71050,3,35.00,-35.00,40.20,-32.54,0.605,-0.636,-48060,48087,7.34,218.2,-79.634,1779.780,1,1,1
72384127,71060,3,35.00,-35.00,37.37,-32.88,0.614,-0.635,-48039,48064,7.35,219.5,-72.256,1779.056,1,1,1
72394127,71070,3,35.00,-35.00,34.07,-34.01,0.626,-0.632,-48021,48039,7.33,224.5,-71.341,1778.341,1,1,1
72404127,71080,3,35.00,-35.00,33.96,-34.79,0.627,-0.629,-47998,48014,7.34,229.0,-75.122,1777.588,1,1,1
72414135,71090,3,35.00,-35.00,35.63,-35.34,0.621,-0.627,-47971,47989,7.34,225.0,-82.988,1776.757,1,1,1
72424135,71100,3,35.00,-35.00,36.81,-35.72,0.617,-0.626,-47944,47964,7.34,223.5,-95.915,1775.796,1,1,1
72434135,71110,3,35.00,-35.00,36.75,-37.75,0.617,-0.618,-47919,47935,7.35,220.0,-103.537,1774.759,1,1,1
72444135,71120,3,35.00,-35.00,38.91,-36.97,0.609,-0.620,-47889,47911,7.35,217.5,-100.061,1773.757,1,1,1
72454142,71130,3,35.00,-35.00,39.54,-34.67,0.606,-0.628,-47861,47891,7.36,217.5,-89.146,1772.864,1,1,1
72464150,71140,3,35.00,-35.00,39.11,-33.50,0.606,-0.632,-47835,47870,7.36,217.0,-79.878,1772.063,1,1,1
72474150,71150,3,35.00,-35.00,37.04,-33.12,0.613,-0.635,-47813,47848,7.35,219.2,-73.049,1771.331,1,1,1
72484157,71160,3,35.00,-35.00,35.60,-33.73,0.617,-0.633,-47791,47824,7.35,223.2,-72.317,1770.606,1,1,1
72494157,71170,3,35.00,-35.00,35.46,-34.16,0.619,-0.633,-47767,47800,7.34,226.8,-79.085,1769.814,1,1,1
72504157,71180,3,35.00,-35.00,35.81,-34.90,0.617,-0.631,-47742,47775,7.34,226.0,-90.915,1768.903,1,1,1
72514157,71190,3,35.00,-35.00,36.93,-34.97,0.614,-0.631,-47715,47751,7.34,223.8,-100.854,1767.893,1,1,1
72524157,71200,3,35.00,-35.00,36.84,-35.91,0.613,-0.627,-47690,47725,7.36,222.8,-105.976,1766.831,1,1,1
72534157,71210,3,35.00,-35.00,38.97,-34.80,0.605,-0.631,-47660,47703,7.36,221.2,-105.122,1765.778,1,1,1
72544165,71220,3,35.00,-35.00,40.90,-34.03,0.599,-0.636,-47629,47681,7.34,218.8,-95.244,1764.824,1,1,1
72554172,71230,3,35.00,-35.00,41.82,-33.49,0.595,-0.639,-47599,47659,7.34,219.2,-85.366,1763.969,1,1,1
72564172,71240,3,35.00,-35.00,41.14,-33.55,0.595,-0.639,-47572,47636,7.36,220.8,-82.073,1763.147,1,1,1
72574172,71250,3,35.00,-35.00,38.46,-34.03,0.604,-0.638,-47550,47612,7.36,221.8,-83.354,1762.311,1,1,1
72584172,71260,3,35.00,-35.00,34.40,-34.37,0.616,-0.634,-47533,47588,7.37,223.2,-84.756,1761.462,1,1,1
72594172,71270,3,35.00,-35.00,31.55,-34.61,0.629,-0.635,-47516,47564,7.34,226.8,-83.110,1760.629,1,1,1
72604173,71280,3,35.00,-35.00,32.63,-35.21,0.627,-0.633,-47492,47539,7.34,231.8,-81.890,1759.809,1,1,1
72614187,71290,3,35.00,-35.00,33.83,-36.07,0.624,-0.631,-47467,47513,7.33,228.5,-81.890,1758.988,1,1,1
72624196,71300,3,35.00,-35.00,35.54,-35.80,0.617,-0.631,-47440,47489,7.34,227.8,-88.963,1758.097,1,1,1
72634196,71310,3,35.00,-35.00,37.63,-36.04,0.610,-0.630,-47411,47464,7.35,225.3,-97.439,1757.121,1,1,1
72644202,71320,3,35.00,-35.00,39.52,-35.34,0.601,-0.633,-47381,47441,7.36,220.2,-96.098,1756.158,1,1,1
72654203,71330,3,35.00,-35.00,38.65,-33.53,0.603,-0.639,-47356,47421,7.36,218.2,-86.524,1755.292,1,1,1
72664211,71340,3,35.00,-35.00,36.72,-33.58,0.609,-0.640,-47334,47398,7.35,222.0,-79.878,1754.491,1,1,1
72674218,71350,3,35.00,-35.00,34.50,-33.61,0.616,-0.639,-47314,47375,7.36,227.0,-73.902,1753.750,1,1,1
72684218,71360,3,35.00,-35.00,32.94,-34.95,0.624,-0.636,-47294,47349,7.34,226.8,-72.012,1753.029,1,1,1
72694218,71370,3,35.00,-35.00,33.60,-35.01,0.622,-0.636,-47270,47325,7.34,229.5,-74.390,1752.283,1,1,1
72704218,71380,3,35.00,-35.00,34.51,-36.38,0.619,-0.630,-47245,47298,7.34,229.5,-82.622,1751.455,1,1,1
72714218,71390,3,35.00,-35.00,36.46,-36.89,0.612,-0.627,-47217,47272,7.36,225.5,-94.878,1750.505,1,1,1
72724226,71400,3,35.00,-35.00,36.07,-36.37,0.613,-0.629,-47193,47248,7.36,220.0,-99.085,1749.512,1,1,1
72734233,71410,3,35.00,-35.00,36.23,-35.13,0.611,-0.632,-47168,47226,7.36,222.0,-97.012,1748.541,1,1,1
72744241,71420,3,35.00,-35.00,37.67,-34.26,0.606,-0.636,-47140,47204,7.36,221.0,-90.488,1747.634,1,1,1
72754241,71430,3,35.00,-35.00,38.67,-34.09,0.605,-0.641,-47112,47181,7.32,221.8,-82.866,1746.804,1,1,1
72764241,71440,3,35.00,-35.00,37.18,-34.85,0.607,-0.636,-47089,47156,7.35,226.3,-83.232,1745.970,1,1,1
72774248,71450,3,35.00,-35.00,34.37,-35.82,0.616,-0.631,-47070,47130,7.36,225.0,-87.561,1745.093,1,1,1
72784248,71460,3,35.00,-35.00,32.85,-36.06,0.623,-0.630,-47050,47105,7.35,223.2,-90.000,1744.191,1,1,1
72794248,71470,3,35.00,-35.00,32.66,-36.23,0.626,-0.630,-47028,47080,7.34,226.5,-89.756,1743.292,1,1,1
72804257,71480,3,35.00,-35.00,34.29,-38.10,0.621,-0.623,-47002,47051,7.34,228.8,-89.817,1742.392,1,1,1
72814263,71490,3,35.00,-35.00,34.55,-38.54,0.621,-0.620,-46978,47024,7.34,223.8,-97.744,1741.413,1,1,1
72824272,71500,3,35.00,-35.00,36.49,-37.96,0.612,-0.620,-46950,46999,7.36,219.5,-106.707,1740.344,1,1,1
72834278,71510,3,35.00,-35.00,37.41,-35.80,0.608,-0.628,-46923,46978,7.36,216.5,-107.500,1739.268,1,1,1
72844278,71520,3,35.00,-35.00,38.49,-33.41,0.603,-0.637,-46895,46959,7.36,221.8,-98.902,1738.277,1,1,1
72854279,71530,3,35.00,-35.00,38.37,-32.62,0.607,-0.645,-46869,46938,7.31,216.8,-91.646,1737.359,1,1,1
72864287,71540,3,35.00,-35.00,36.09,-33.38,0.611,-0.639,-46848,46914,7.35,227.0,-87.500,1736.482,1,1,1
72874287,71550,3,35.00,-35.00,33.61,-34.35,0.619,-0.635,-46829,46889,7.36,225.0,-83.598,1735.645,1,1,1
72884287,71560,3,35.00,-35.00,31.44,-35.03,0.628,-0.632,-46811,46864,7.35,226.0,-82.561,1734.817,1,1,1
72894287,71570,3,35.00,-35.00,32.55,-35.95,0.626,-0.629,-46787,46838,7.35,230.8,-83.354,1733.982,1,1,1
72904294,71580,3,35.00,-35.00,33.33,-36.59,0.624,-0.626,-46763,46812,7.35,228.8,-88.780,1733.093,1,1,1
72914302,71590,3,35.00,-35.00,34.76,-37.92,0.620,-0.622,-46737,46784,7.35,226.5,-102.073,1732.070,1,1,1
72924302,71600,3,35.00,-35.00,36.20,-37.53,0.614,-0.622,-46710,46759,7.36,220.5,-111.402,1730.955,1,1,1
72934302,71610,3,35.00,-35.00,38.52,-35.50,0.604,-0.629,-46680,46738,7.37,219.0,-106.524,1729.888,1,1,1
72944309,71620,3,35.00,-35.00,39.27,-34.08,0.600,-0.634,-46652,46717,7.37,220.8,-97.988,1728.906,1,1,1
72954309,71630,3,35.00,-35.00,37.16,-34.40,0.607,-0.634,-46630,46693,7.36,218.0,-92.378,1727.981,1,1,1
72964309,71640,3,35.00,-35.00,33.48,-35.07,0.620,-0.630,-46613,46668,7.36,220.8,-85.488,1727.124,1,1,1
72974309,71650,3,35.00,-35.00,29.59,-35.97,0.636,-0.627,-46599,46642,7.35,227.0,-82.012,1726.303,1,1,1
72984309,71660,3,35.00,-35.00,30.38,-37.49,0.635,-0.621,-46577,46614,7.35,232.0,-83.354,1725.467,1,1,1
72994309,71670,3,35.00,-35.00,31.37,-39.42,0.635,-0.615,-46554,46584,7.35,227.8,-86.402,1724.602,1,1,1
73004309,71680,3,35.00,-35.00,32.51,-40.34,0.632,-0.611,-46530,46555,7.35,225.3,-95.000,1723.650,1,1,1
73014309,71690,3,35.00,-35.00,34.18,-38.79,0.627,-0.616,-46504,46531,7.35,223.8,-102.073,1722.628,1,1,1
73024309,71700,3,35.00,-35.00,36.23,-36.38,0.619,-0.623,-46476,46510,7.36,220.8,-102.683,1721.599,1,1,1
73034317,71710,3,35.00,-35.00,38.55,-33.37,0.608,-0.633,-46446,46492,7.37,222.5,-94.451,1720.653,1,1,1
73044317,71720,3,35.00,-35.00,38.41,-33.03,0.609,-0.638,-46420,46470,7.35,223.8,-87.439,1719.777,1,1,1
73054317,71730,3,35.00,-35.00,36.55,-34.11,0.615,-0.634,-46398,46445,7.35,225.3,-87.012,1718.906,1,1,1
73064317,71740,3,35.00,-35.00,34.82,-35.30,0.621,-0.629,-46377,46419,7.35,223.8,-88.902,1718.015,1,1,1
73074317,71750,3,35.00,-35.00,30.52,-36.14,0.637,-0.626,-46363,46393,7.34,226.0,-85.610,1717.157,1,1,1
73084317,71760,3,35.00,-35.00,29.72,-37.16,0.642,-0.621,-46344,46366,7.34,232.2,-82.744,1716.328,1,1,1
73094317,71770,3,35.00,-35.00,30.47,-39.20,0.642,-0.613,-46322,46336,7.35,231.0,-80.122,1715.525,1,1,1
73104317,71780,3,35.00,-35.00,32.31,-39.74,0.636,-0.610,-46297,46308,7.36,228.5,-87.134,1714.652,1,1,1
73114324,71790,3,35.00,-35.00,33.61,-37.93,0.632,-0.615,-46272,46285,7.36,223.0,-95.305,1713.698,1,1,1
73124332,71800,3,35.00,-35.00,34.07,-34.46,0.630,-0.626,-46248,46267,7.36,222.8,-96.524,1712.731,1,1,1
73134339,71810,3,35.00,-35.00,34.84,-32.91,0.628,-0.633,-46223,46247,7.36,228.8,-93.110,1711.798,1,1,1
73144348,71820,3,35.00,-35.00,36.25,-33.14,0.623,-0.634,-46196,46224,7.35,231.2,-87.683,1710.919,1,1,1
73154348,71830,3,35.00,-35.00,37.24,-34.19,0.618,-0.631,-46169,46199,7.36,228.3,-89.207,1710.026,1,1,1
73164348,71840,3,35.00,-35.00,37.05,-34.92,0.615,-0.625,-46144,46174,7.40,227.3,-97.805,1709.046,1,1,1
73174354,71850,3,35.00,-35.00,35.17,-35.87,0.624,-0.624,-46123,46148,7.37,222.0,-104.268,1708.002,1,1,1
73184354,71860,3,35.00,-35.00,32.09,-37.41,0.636,-0.618,-46106,46120,7.36,222.5,-100.122,1706.999,1,1,1
73194355,71870,3,35.00,-35.00,31.25,-38.05,0.641,-0.615,-46086,46093,7.35,225.8,-91.037,1706.087,1,1,1
73204369,71880,3,35.00,-35.00,28.47,-38.06,0.653,-0.613,-46071,46067,7.36,229.0,-81.707,1705.268,1,1,1
73214369,71890,3,35.00,-35.00,19.93,-34.99,0.687,-0.621,-46071,46048,7.33,232.5,-81.585,1704.451,1,1,1
73224369,71900,3,35.00,-35.00,13.95,-33.28,0.712,-0.628,-46071,46028,7.29,257.8,-87.683,1703.572,1,1,1
73234369,71910,3,35.00,-35.00,9.76,-32.53,0.729,-0.629,-46071,46007,7.26,279.5,-89.329,1702.677,1,1,1
73244369,71920,3,35.00,-35.00,7.27,-32.88,0.744,-0.629,-46070,45984,7.22,297.2,-90.976,1701.766,1,1,1
73254378,71930,3,35.00,-35.00,5.09,-33.56,0.758,-0.628,-46070,45960,7.18,303.8,-97.317,1700.791,1,1,1
73264384,71940,3,35.00,-35.00,3.56,-34.48,0.762,-0.617,-46070,45935,7.23,318.2,-105.915,1699.730,1,1,1
73274385,71950,3,35.00,-35.00,2.50,-35.56,0.767,-0.608,-46070,45909,7.25,318.2,-105.671,1698.672,1,1,1
73284385,71960,3,35.00,-35.00,12.73,-37.20,0.737,-0.602,-46045,45881,7.25,315.2,-102.256,1697.648,1,1,1
73294385,71970,3,35.00,-35.00,22.98,-37.46,0.701,-0.597,-46013,45855,7.30,279.5,-104.634,1696.600,1,1,1
73304385,71980,3,35.00,-35.00,29.27,-36.33,0.677,-0.598,-45983,45832,7.34,250.0,-107.073,1695.527,1,1,1
73314393,71990,3,35.00,-35.00,34.55,-33.34,0.656,-0.606,-45951,45814,7.38,234.0,-105.610,1694.470,1,1,1
73324393,72000,3,35.00,-35.00,39.57,-29.93,0.636,-0.620,-45916,45799,7.38,225.8,-100.976,1693.458,1,1,1
73334393,72010,3,35.00,-35.00,42.20,-29.74,0.624,-0.623,-45883,45779,7.39,223.8,-96.829,1692.488,1,1,1
73344400,72020,3,35.00,-35.00,42.72,-30.93,0.620,-0.622,-45853,45756,7.39,221.8,-98.659,1691.500,1,1,1
73354411,72030,3,35.00,-35.00,40.89,-32.20,0.626,-0.621,-45828,45732,7.37,216.0,-99.939,1690.499,1,1,1
73364415,72040,3,35.00,-35.00,40.49,-32.20,0.619,-0.617,-45801,45710,7.43,221.5,-101.098,1689.487,1,1,1
73374415,72050,3,35.00,-35.00,41.97,-33.53,0.613,-0.615,-45770,45685,7.42,217.0,-99.939,1688.486,1,1,1
73384423,72060,3,35.00,-35.00,42.56,-35.78,0.610,-0.609,-45740,45657,7.41,213.0,-106.037,1687.424,1,1,1
73394430,72070,3,35.00,-35.00,43.41,-35.59,0.604,-0.609,-45709,45633,7.43,208.5,-113.720,1686.285,1,1,1
73404430,72080,3,35.00,-35.00,44.89,-35.46,0.598,-0.611,-45676,45609,7.43,208.2,-108.902,1685.194,1,1,1
73414430,72090,3,35.00,-35.00,44.17,-34.93,0.599,-0.613,-45647,45586,7.43,208.0,-102.744,1684.165,1,1,1
73424430,72100,3,35.00,-35.00,42.34,-33.68,0.604,-0.618,-45621,45565,7.43,206.2,-94.390,1683.220,1,1,1
73434439,72110,3,35.00,-35.00,41.07,-31.92,0.607,-0.626,-45595,45546,7.42,210.5,-84.390,1682.374,1,1,1
73444439,72120,3,35.00,-35.00,41.05,-30.70,0.606,-0.632,-45567,45527,7.42,216.5,-77.073,1681.602,1,1,1
73454445,72130,3,35.00,-35.00,41.48,-30.28,0.605,-0.638,-45538,45507,7.40,218.2,-76.707,1680.833,1,1,1
73464445,72140,3,35.00,-35.00,41.78,-31.30,0.604,-0.637,-45509,45484,7.39,223.0,-84.634,1679.985,1,1,1
73474454,72150,3,35.00,-35.00,43.75,-32.02,0.596,-0.636,-45476,45461,7.40,222.2,-93.963,1679.044,1,1,1
73484454,72160,3,35.00,-35.00,44.69,-32.52,0.591,-0.636,-45444,45438,7.41,218.0,-98.415,1678.058,1,1,1
73494460,72170,3,35.00,-35.00,44.46,-33.31,0.591,-0.635,-45414,45414,7.41,216.0,-100.122,1677.055,1,1,1
73504469,72180,3,35.00,-35.00,42.55,-32.99,0.595,-0.636,-45388,45392,7.42,216.5,-97.378,1676.080,1,1,1
73514476,72190,3,35.00,-35.00,38.57,-33.20,0.608,-0.636,-45368,45369,7.41,220.0,-88.841,1675.190,1,1,1
73524476,72200,3,35.00,-35.00,37.11,-32.91,0.614,-0.638,-45345,45347,7.39,222.8,-82.622,1674.362,1,1,1
73534476,72210,3,35.00,-35.00,37.84,-33.14,0.612,-0.639,-45318,45324,7.38,226.8,-84.024,1673.520,1,1,1
73544484,72220,3,35.00,-35.00,38.35,-33.75,0.610,-0.638,-45291,45300,7.38,226.8,-84.024,1672.678,1,1,1
73554493,72230,3,35.00,-35.00,38.71,-34.17,0.608,-0.636,-45264,45276,7.39,226.8,-96.463,1671.712,1,1,1
73564500,72240,3,35.00,-35.00,40.72,-34.03,0.601,-0.638,-45233,45253,7.39,223.0,-108.049,1670.629,1,1,1
73574508,72250,3,35.00,-35.00,42.13,-34.36,0.595,-0.638,-45202,45229,7.39,220.2,-112.622,1669.502,1,1,1
73584515,72260,3,35.00,-35.00,40.92,-31.09,0.597,-0.649,-45176,45213,7.40,219.8,-110.610,1668.394,1,1,1
73594523,72270,3,35.00,-35.00,37.87,-35.38,0.608,-0.635,-45155,45182,7.39,226.8,-105.122,1667.341,1,1,1
73604530,72280,3,35.00,-35.00,35.74,-34.44,0.614,-0.637,-45134,45160,7.40,221.5,-89.329,1666.446,1,1,1
73614539,72290,3,35.00,-35.00,34.68,-34.21,0.617,-0.638,-45112,45137,7.40,227.5,-74.451,1665.700,1,1,1
73624545,72300,3,35.00,-35.00,36.14,-34.50,0.614,-0.638,-45085,45113,7.38,227.0,-69.512,1665.003,1,1,1
73634554,72310,3,35.00,-35.00,38.04,-34.69,0.607,-0.638,-45056,45089,7.39,227.8,-82.439,1664.177,1,1,1
73644554,72320,3,35.00,-35.00,38.50,-34.83,0.604,-0.637,-45029,45065,7.40,225.3,-101.829,1663.157,1,1,1
73654561,72330,3,35.00,-35.00,38.81,-35.37,0.603,-0.636,-45002,45040,7.40,224.3,-111.159,1662.044,1,1,1
73664576,72340,3,35.00,-35.00,39.03,-34.87,0.602,-0.638,-44975,45017,7.40,221.5,-112.927,1660.913,1,1,1
73674576,72350,3,35.00,-35.00,38.31,-38.47,0.605,-0.626,-44950,44985,7.40,221.8,-112.805,1659.784,1,1,1
73684584,72360,3,35.00,-35.00,35.61,-37.91,0.612,-0.624,-44930,44960,7.42,219.0,-107.805,1658.704,1,1,1
73694591,72370,3,35.00,-35.00,34.15,-37.53,0.618,-0.625,-44909,44935,7.41,219.2,-91.220,1657.790,1,1,1
73704591,72380,3,35.00,-35.00,33.58,-34.18,0.620,-0.636,-44887,44917,7.40,221.5,-78.354,1657.005,1,1,1
73714591,72390,3,35.00,-35.00,34.93,-32.71,0.617,-0.643,-44861,44897,7.38,228.5,-77.073,1656.233,1,1,1
73724599,72400,3,35.00,-35.00,35.88,-33.01,0.613,-0.644,-44835,44874,7.38,231.0,-83.902,1655.392,1,1,1
73734599,72410,3,35.00,-35.00,37.42,-34.09,0.608,-0.641,-44807,44849,7.38,230.2,-91.890,1654.471,1,1,1
73744599,72420,3,35.00,-35.00,38.50,-34.41,0.604,-0.641,-44779,44825,7.38,226.5,-98.659,1653.483,1,1,1
73754611,72430,3,35.00,-35.00,38.37,-35.51,0.607,-0.640,-44753,44799,7.35,224.5,-102.744,1652.454,1,1,1
73764621,72440,3,35.00,-35.00,36.53,-35.41,0.610,-0.638,-44731,44775,7.38,223.0,-101.768,1651.435,1,1,1
73774621,72450,3,35.00,-35.00,33.04,-35.77,0.622,-0.635,-44714,44750,7.39,222.5,-95.793,1650.475,1,1,1
73784621,72460,3,35.00,-35.00,32.36,-35.15,0.624,-0.636,-44693,44727,7.39,229.0,-84.390,1649.630,1,1,1
73794630,72470,3,35.00,-35.00,30.12,-35.15,0.634,-0.635,-44676,44703,7.38,228.8,-70.854,1648.919,1,1,1
73804636,72480,3,35.00,-35.00,30.75,-35.15,0.635,-0.636,-44654,44679,7.37,232.2,-70.610,1648.212,1,1,1
73814645,72490,3,35.00,-35.00,32.51,-36.03,0.630,-0.633,-44629,44653,7.37,236.0,-80.000,1647.410,1,1,1
73824652,72500,3,35.00,-35.00,33.75,-36.21,0.627,-0.633,-44604,44628,7.36,235.0,-90.305,1646.505,1,1,1
73834652,72510,3,35.00,-35.00,35.93,-36.77,0.619,-0.629,-44576,44602,7.38,232.0,-100.549,1645.498,1,1,1
73844652,72520,3,35.00,-35.00,35.26,-37.17,0.622,-0.627,-44553,44576,7.38,224.8,-110.488,1644.392,1,1,1
73854660,72530,3,35.00,-35.00,35.67,-40.08,0.622,-0.617,-44528,44544,7.36,225.0,-115.732,1643.233,1,1,1
73864660,72540,3,35.00,-35.00,35.95,-39.92,0.618,-0.613,-44503,44517,7.41,222.2,-111.280,1642.118,1,1,1
73874660,72550,3,35.00,-35.00,34.83,-38.93,0.623,-0.615,-44481,44492,7.40,216.8,-101.829,1641.099,1,1,1
73884667,72560,3,35.00,-35.00,33.61,-36.04,0.628,-0.625,-44460,44472,7.38,220.2,-92.256,1640.174,1,1,1
73894675,72570,3,35.00,-35.00,33.20,-33.58,0.629,-0.633,-44438,44453,7.38,226.8,-82.256,1639.350,1,1,1
73904675,72580,3,35.00,-35.00,33.78,-33.61,0.628,-0.634,-44414,44430,7.37,230.8,-76.524,1638.583,1,1,1
73914675,72590,3,35.00,-35.00,34.20,-35.39,0.628,-0.629,-44390,44403,7.37,231.2,-77.256,1637.809,1,1,1
73924675,72600,3,35.00,-35.00,34.92,-36.20,0.625,-0.625,-44365,44377,7.38,228.5,-86.280,1636.945,1,1,1
73934675,72610,3,35.00,-35.00,34.99,-36.33,0.626,-0.625,-44341,44352,7.37,224.5,-95.854,1635.984,1,1,1
73944682,72620,3,35.00,-35.00,35.48,-37.29,0.624,-0.620,-44316,44325,7.38,226.8,-101.463,1634.968,1,1,1
73954690,72630,3,35.00,-35.00,35.38,-37.09,0.623,-0.620,-44292,44300,7.39,222.5,-99.268,1633.974,1,1,1
73964697,72640,3,35.00,-35.00,35.32,-36.51,0.624,-0.622,-44268,44276,7.38,220.2,-91.037,1633.062,1,1,1
73974697,72650,3,35.00,-35.00,36.15,-35.23,0.620,-0.625,-44242,44254,7.39,222.0,-84.817,1632.212,1,1,1
73984705,72660,3,35.00,-35.00,35.41,-34.77,0.623,-0.627,-44219,44231,7.38,223.8,-80.549,1631.405,1,1,1
73994706,72670,3,35.00,-35.00,35.33,-35.76,0.624,-0.625,-44195,44205,7.37,224.0,-79.146,1630.612,1,1,1
74004712,72680,3,35.00,-35.00,35.72,-36.02,0.622,-0.623,-44170,44180,7.38,224.8,-83.841,1629.772,1,1,1
74014712,72690,3,35.00,-35.00,36.43,-36.20,0.619,-0.622,-44144,44155,7.38,224.3,-94.573,1628.824,1,1,1
74024712,72700,3,35.00,-35.00,36.93,-36.77,0.618,-0.620,-44118,44129,7.38,222.2,-104.268,1627.780,1,1,1
74034721,72710,3,35.00,-35.00,37.71,-37.60,0.614,-0.617,-44091,44102,7.38,220.0,-109.695,1626.682,1,1,1
74044727,72720,3,35.00,-35.00,38.70,-37.75,0.609,-0.615,-44063,44076,7.39,218.0,-110.061,1625.579,1,1,1
74054736,72730,3,35.00,-35.00,40.72,-36.97,0.600,-0.617,-44032,44052,7.40,214.0,-107.744,1624.500,1,1,1
74064743,72740,3,35.00,-35.00,42.12,-35.55,0.595,-0.624,-44001,44030,7.39,211.0,-101.098,1623.488,1,1,1
74074751,72750,3,35.00,-35.00,40.47,-34.11,0.599,-0.628,-43976,44009,7.40,213.5,-89.756,1622.588,1,1,1
74084751,72760,3,35.00,-35.00,38.88,-33.55,0.603,-0.631,-43952,43987,7.40,216.8,-78.171,1621.805,1,1,1
74094758,72770,3,35.00,-35.00,35.12,-33.59,0.616,-0.631,-43934,43964,7.38,220.0,-71.280,1621.091,1,1,1
74104766,72780,3,35.00,-35.00,33.38,-34.94,0.623,-0.626,-43914,43938,7.38,224.0,-73.780,1620.351,1,1,1
74114773,72790,3,35.00,-35.00,34.35,-35.44,0.621,-0.625,-43889,43913,7.38,225.5,-78.537,1619.564,1,1,1
74124773,72800,3,35.00,-35.00,35.91,-35.80,0.616,-0.625,-43862,43888,7.37,225.3,-87.561,1618.687,1,1,1
74134782,72810,3,35.00,-35.00,36.12,-36.92,0.614,-0.619,-43837,43861,7.39,221.0,-99.756,1617.688,1,1,1
74144797,72820,3,35.00,-35.00,38.47,-37.71,0.606,-0.616,-43807,43834,7.39,217.2,-104.207,1616.644,1,1,1
74154797,72830,3,35.00,-35.00,39.67,-36.51,0.601,-0.620,-43778,43811,7.40,215.0,-98.963,1615.653,1,1,1
74164797,72840,3,35.00,-35.00,40.08,-33.90,0.599,-0.630,-43750,43792,7.39,212.8,-88.598,1614.765,1,1,1
74174797,72850,3,35.00,-35.00,38.16,-32.52,0.605,-0.635,-43727,43772,7.39,216.2,-78.110,1613.983,1,1,1
74184797,72860,3,35.00,-35.00,35.94,-32.87,0.612,-0.635,-43706,43749,7.38,223.8,-70.793,1613.273,1,1,1
74194803,72870,3,35.00,-35.00,34.83,-33.56,0.617,-0.634,-43684,43725,7.37,224.5,-70.610,1612.565,1,1,1
74204812,72880,3,35.00,-35.00,34.93,-34.04,0.617,-0.634,-43660,43701,7.36,225.3,-76.585,1611.798,1,1,1
74214812,72890,3,35.00,-35.00,36.31,-34.37,0.613,-0.633,-43633,43677,7.36,227.5,-87.927,1610.917,1,1,1
74224812,72900,3,35.00,-35.00,36.41,-34.61,0.611,-0.631,-43608,43653,7.38,227.3,-98.476,1609.931,1,1,1
74234812,72910,3,35.00,-35.00,36.91,-35.21,0.610,-0.630,-43582,43628,7.37,221.8,-104.817,1608.881,1,1,1
74244812,72920,3,35.00,-35.00,39.02,-34.32,0.602,-0.634,-43552,43606,7.38,219.8,-104.146,1607.838,1,1,1
74254818,72930,3,35.00,-35.00,41.82,-33.69,0.595,-0.641,-43519,43584,7.34,219.8,-95.305,1606.883,1,1,1
74264818,72940,3,35.00,-35.00,42.45,-33.25,0.589,-0.641,-43489,43562,7.37,221.8,-86.585,1606.016,1,1,1
74274818,72950,3,35.00,-35.00,40.27,-32.94,0.595,-0.642,-43465,43540,7.38,220.0,-83.293,1605.181,1,1,1
74284827,72960,3,35.00,-35.00,36.54,-33.61,0.607,-0.640,-43446,43516,7.37,222.2,-83.415,1604.345,1,1,1
74294834,72970,3,35.00,-35.00,33.05,-34.51,0.620,-0.637,-43429,43491,7.37,228.3,-83.415,1603.509,1,1,1
74304834,72980,3,35.00,-35.00,31.48,-34.70,0.627,-0.637,-43410,43467,7.36,228.5,-81.463,1602.693,1,1,1
74314842,72990,3,35.00,-35.00,33.02,-34.84,0.622,-0.636,-43385,43443,7.36,231.8,-81.951,1601.872,1,1,1
74324842,73000,3,35.00,-35.00,34.54,-35.37,0.618,-0.635,-43359,43418,7.36,231.5,-90.549,1600.965,1,1,1
74334842,73010,3,35.00,-35.00,36.04,-34.87,0.612,-0.636,-43332,43395,7.36,226.3,-97.683,1599.986,1,1,1
74344842,73020,3,35.00,-35.00,38.41,-34.96,0.603,-0.637,-43302,43371,7.37,223.5,-95.793,1599.027,1,1,1
74354846,73030,3,35.00,-35.00,40.07,-34.14,0.599,-0.643,-43272,43349,7.33,222.2,-86.951,1598.156,1,1,1
74364849,73040,3,35.00,-35.00,38.60,-34.00,0.599,-0.640,-43248,43326,7.38,223.2,-79.573,1597.358,1,1,1
74374857,73050,3,35.00,-35.00,36.25,-33.91,0.608,-0.642,-43227,43303,7.37,220.5,-74.878,1596.608,1,1,1
74384864,73060,3,35.00,-35.00,33.72,-34.28,0.616,-0.640,-43208,43279,7.37,227.0,-74.756,1595.859,1,1,1
74394864,73070,3,35.00,-35.00,32.40,-35.42,0.622,-0.636,-43188,43253,7.37,229.5,-76.037,1595.097,1,1,1
74404864,73080,3,35.00,-35.00,32.78,-35.34,0.622,-0.636,-43165,43229,7.36,230.2,-81.707,1594.278,1,1,1
74414872,73090,3,35.00,-35.00,34.37,-36.17,0.616,-0.632,-43139,43203,7.37,229.0,-93.049,1593.346,1,1,1
74424872,73100,3,35.00,-35.00,35.49,-36.30,0.612,-0.631,-43113,43178,7.38,224.8,-99.329,1592.351,1,1,1
74434872,73110,3,35.00,-35.00,35.39,-35.52,0.612,-0.634,-43089,43155,7.38,223.2,-98.415,1591.365,1,1,1
74444872,73120,3,35.00,-35.00,37.08,-34.53,0.607,-0.639,-43061,43133,7.36,221.8,-90.671,1590.457,1,1,1
74454879,73130,3,35.00,-35.00,40.02,-34.28,0.596,-0.641,-43029,43110,7.37,223.0,-84.573,1589.609,1,1,1
74464879,73140,3,35.00,-35.00,39.44,-34.10,0.596,-0.642,-43003,43087,7.37,223.5,-87.073,1588.737,1,1,1
74474888,73150,3,35.00,-35.00,38.15,-34.86,0.601,-0.640,-42979,43062,7.37,222.8,-90.549,1587.830,1,1,1
74484894,73160,3,35.00,-35.00,35.06,-35.83,0.611,-0.635,-42960,43036,7.37,223.2,-90.549,1586.923,1,1,1
74494903,73170,3,35.00,-35.00,32.01,-36.07,0.622,-0.633,-42943,43011,7.37,224.8,-91.890,1586.002,1,1,1
74504903,73180,3,35.00,-35.00,31.20,-36.23,0.627,-0.632,-42923,42986,7.36,228.3,-90.915,1585.092,1,1,1
74514910,73190,3,35.00,-35.00,33.70,-37.67,0.620,-0.628,-42896,42958,7.36,230.8,-87.378,1584.216,1,1,1
74524910,73200,3,35.00,-35.00,34.58,-37.79,0.617,-0.626,-42871,42932,7.37,225.8,-90.366,1583.311,1,1,1
74534910,73210,3,35.00,-35.00,35.63,-37.00,0.613,-0.627,-42845,42908,7.37,224.3,-99.268,1582.317,1,1,1
74544910,73220,3,35.00,-35.00,36.37,-35.13,0.609,-0.633,-42819,42887,7.38,220.8,-105.000,1581.265,1,1,1
74554910,73230,3,35.00,-35.00,38.20,-33.38,0.602,-0.641,-42790,42867,7.37,220.8,-100.854,1580.255,1,1,1
74564910,73240,3,35.00,-35.00,38.61,-33.03,0.599,-0.643,-42763,42845,7.37,224.5,-93.659,1579.317,1,1,1
74574918,73250,3,35.00,-35.00,34.93,-34.55,0.611,-0.637,-42745,42819,7.37,224.8,-89.329,1578.422,1,1,1
74584918,73260,3,35.00,-35.00,32.80,-35.17,0.620,-0.635,-42726,42794,7.37,224.5,-85.793,1577.562,1,1,1
74594918,73270,3,35.00,-35.00,31.75,-35.17,0.624,-0.634,-42706,42770,7.36,226.8,-84.878,1576.712,1,1,1
74604918,73280,3,35.00,-35.00,33.65,-36.04,0.619,-0.631,-42680,42744,7.37,231.5,-82.988,1575.880,1,1,1
74614918,73290,3,35.00,-35.00,34.54,-36.66,0.616,-0.628,-42655,42718,7.37,225.8,-86.646,1575.012,1,1,1
74624918,73300,3,35.00,-35.00,35.17,-37.08,0.614,-0.626,-42630,42692,7.37,225.0,-97.073,1574.040,1,1,1
74634925,73310,3,35.00,-35.00,35.16,-36.95,0.614,-0.626,-42606,42667,7.38,222.0,-104.695,1572.991,1,1,1
74644925,73320,3,35.00,-35.00,37.80,-35.53,0.604,-0.631,-42576,42645,7.38,220.5,-102.500,1571.964,1,1,1
74654933,73330,3,35.00,-35.00,37.44,-34.54,0.604,-0.634,-42551,42623,7.38,219.2,-96.220,1571.001,1,1,1
74664940,73340,3,35.00,-35.00,34.12,-34.72,0.615,-0.633,-42533,42599,7.38,222.5,-90.244,1570.097,1,1,1
74674948,73350,3,35.00,-35.00,32.23,-35.73,0.624,-0.630,-42514,42573,7.36,224.0,-83.720,1569.258,1,1,1
74684955,73360,3,35.00,-35.00,32.23,-36.44,0.625,-0.627,-42492,42547,7.37,226.5,-80.366,1568.452,1,1,1
74694964,73370,3,35.00,-35.00,32.23,-37.37,0.626,-0.622,-42470,42520,7.37,227.8,-82.744,1567.623,1,1,1
74704964,73380,3,35.00,-35.00,33.55,-39.34,0.624,-0.615,-42445,42490,7.36,227.8,-93.354,1566.688,1,1,1
74714970,73390,3,35.00,-35.00,34.47,-38.97,0.621,-0.616,-42420,42464,7.37,222.2,-103.963,1565.647,1,1,1
74724970,73400,3,35.00,-35.00,35.12,-37.82,0.618,-0.619,-42395,42440,7.38,219.8,-104.878,1564.596,1,1,1
74734970,73410,3,35.00,-35.00,37.32,-35.27,0.610,-0.629,-42366,42420,7.37,220.5,-97.134,1563.623,1,1,1
74744979,73420,3,35.00,-35.00,38.43,-33.91,0.605,-0.634,-42338,42399,7.37,222.0,-90.000,1562.722,1,1,1
74754979,73430,3,35.00,-35.00,37.89,-33.85,0.609,-0.638,-42313,42376,7.33,219.5,-85.549,1561.865,1,1,1
74764979,73440,3,35.00,-35.00,36.63,-34.68,0.609,-0.632,-42290,42351,7.38,226.0,-85.671,1561.006,1,1,1
74774990,73450,3,35.00,-35.00,32.67,-36.14,0.623,-0.626,-42274,42324,7.37,222.8,-86.463,1560.140,1,1,1
74784990,73460,3,35.00,-35.00,29.46,-36.28,0.635,-0.623,-42259,42299,7.38,226.3,-84.756,1559.291,1,1,1
74794998,73470,3,35.00,-35.00,30.29,-36.83,0.635,-0.621,-42237,42273,7.37,228.5,-82.622,1558.463,1,1,1
74805006,73481,3,35.00,-35.00,31.31,-38.96,0.635,-0.615,-42214,42243,7.36,228.5,-81.707,1557.644,1,1,1
74815014,73491,3,35.00,-35.00,32.90,-38.70,0.630,-0.615,-42189,42217,7.37,226.3,-90.061,1556.742,1,1,1
74825021,73501,3,35.00,-35.00,33.14,-37.64,0.629,-0.617,-42166,42193,7.38,225.3,-98.598,1555.754,1,1,1
74835029,73511,3,35.00,-35.00,34.62,-34.26,0.624,-0.629,-42140,42175,7.37,224.8,-97.317,1554.779,1,1,1
74845036,73521,3,35.00,-35.00,36.10,-32.77,0.619,-0.636,-42113,42155,7.36,226.3,-90.305,1553.875,1,1,1
74855045,73531,3,35.00,-35.00,36.70,-33.04,0.620,-0.640,-42087,42132,7.32,226.0,-84.634,1553.027,1,1,1
74865051,73541,3,35.00,-35.00,37.11,-34.56,0.615,-0.632,-42061,42106,7.36,232.0,-87.866,1552.146,1,1,1
74875051,73551,3,35.00,-35.00,35.21,-35.62,0.622,-0.628,-42040,42080,7.35,225.0,-96.585,1551.179,1,1,1
74885051,73561,3,35.00,-35.00,34.31,-35.92,0.623,-0.625,-42018,42055,7.37,226.0,-101.829,1550.159,1,1,1
74895051,73571,3,35.00,-35.00,31.49,-37.45,0.634,-0.618,-42001,42027,7.38,224.3,-97.012,1549.187,1,1,1
74905059,73581,3,35.00,-35.00,31.71,-37.64,0.635,-0.616,-41979,42001,7.38,225.0,-89.451,1548.291,1,1,1
74915059,73591,3,35.00,-35.00,23.96,-37.77,0.665,-0.613,-41975,41975,7.37,226.0,-83.110,1547.458,1,1,1
74925059,73601,3,35.00,-35.00,16.77,-34.35,0.694,-0.622,-41975,41957,7.36,244.0,-84.512,1546.612,1,1,1
74935066,73611,3,35.00,-35.00,11.74,-33.27,0.716,-0.626,-41975,41936,7.31,264.8,-91.037,1545.700,1,1,1
74945074,73621,3,35.00,-35.00,8.22,-32.52,0.732,-0.628,-41975,41915,7.29,282.0,-90.854,1544.789,1,1,1
74955075,73631,3,35.00,-35.00,6.19,-32.87,0.742,-0.626,-41974,41892,7.27,300.2,-90.244,1543.885,1,1,1
74965090,73641,3,35.00,-35.00,4.33,-33.56,0.754,-0.622,-41974,41868,7.25,306.8,-96.524,1542.918,1,1,1
74975097,73651,3,35.00,-35.00,3.03,-34.04,0.761,-0.618,-41974,41844,7.25,311.0,-103.171,1541.885,1,1,1
74985111,73661,3,35.00,-35.00,5.20,-35.25,0.758,-0.611,-41967,41818,7.24,313.0,-100.366,1540.880,1,1,1
74995111,73671,3,35.00,-35.00,18.14,-36.54,0.716,-0.606,-41934,41791,7.26,307.5,-98.293,1539.895,1,1,1
75005112,73681,3,35.00,-35.00,25.44,-37.44,0.689,-0.599,-41905,41764,7.32,266.0,-103.659,1538.857,1,1,1
75015120,73691,3,35.00,-35.00,31.43,-36.32,0.667,-0.600,-41874,41741,7.36,243.0,-107.439,1537.781,1,1,1
75025120,73701,3,35.00,-35.00,36.07,-33.33,0.648,-0.608,-41842,41723,7.39,230.2,-107.134,1536.708,1,1,1
75035120,73711,3,35.00,-35.00,41.07,-29.92,0.627,-0.622,-41806,41708,7.40,224.5,-102.500,1535.681,1,1,1
75045120,73721,3,35.00,-35.00,41.93,-29.74,0.622,-0.626,-41776,41688,7.39,219.2,-97.805,1534.702,1,1,1
75055127,73731,3,35.00,-35.00,42.10,-30.48,0.619,-0.626,-41747,41666,7.39,219.2,-95.244,1533.748,1,1,1
75065135,73741,3,35.00,-35.00,40.45,-31.45,0.621,-0.624,-41722,41643,7.40,220.5,-92.744,1532.818,1,1,1
75075135,73751,3,35.00,-35.00,40.18,-31.68,0.621,-0.625,-41695,41621,7.39,219.2,-93.720,1531.880,1,1,1
75085142,73761,3,35.00,-35.00,41.75,-32.72,0.614,-0.624,-41664,41597,7.39,221.5,-95.488,1530.923,1,1,1
75095142,73771,3,35.00,-35.00,41.97,-33.89,0.610,-0.621,-41635,41572,7.39,220.2,-104.939,1529.872,1,1,1
75105150,73781,3,35.00,-35.00,43.88,-35.59,0.602,-0.616,-41602,41545,7.39,215.5,-113.354,1528.737,1,1,1
75115157,73791,3,35.00,-35.00,44.78,-35.02,0.598,-0.619,-41570,41522,7.40,210.7,-111.402,1527.621,1,1,1
75125165,73801,3,35.00,-35.00,43.21,-35.06,0.601,-0.618,-41543,41498,7.42,210.5,-105.000,1526.570,1,1,1
75135172,73811,3,35.00,-35.00,41.67,-34.21,0.605,-0.622,-41517,41476,7.41,212.0,-94.634,1525.622,1,1,1
75145181,73821,3,35.00,-35.00,41.04,-31.86,0.606,-0.631,-41490,41458,7.41,212.8,-83.659,1524.783,1,1,1
75155188,73831,3,35.00,-35.00,40.59,-31.09,0.606,-0.636,-41463,41438,7.40,216.2,-78.902,1523.993,1,1,1
75165196,73841,3,35.00,-35.00,41.16,-30.99,0.605,-0.639,-41434,41417,7.39,222.0,-79.939,1523.192,1,1,1
75175196,73851,3,35.00,-35.00,41.99,-31.80,0.602,-0.640,-41404,41394,7.38,222.8,-85.671,1522.333,1,1,1
75185202,73861,3,35.00,-35.00,43.46,-32.37,0.596,-0.639,-41372,41371,7.39,220.5,-93.049,1521.401,1,1,1
75195202,73871,3,35.00,-35.00,44.92,-33.20,0.590,-0.639,-41339,41347,7.39,220.2,-98.110,1520.418,1,1,1
75205203,73881,3,35.00,-35.00,43.31,-33.35,0.594,-0.639,-41312,41324,7.39,217.8,-100.366,1519.413,1,1,1
75215211,73891,3,35.00,-35.00,40.86,-33.45,0.601,-0.638,-41288,41301,7.39,218.2,-95.061,1518.461,1,1,1
75225218,73901,3,35.00,-35.00,37.39,-33.09,0.612,-0.640,-41268,41279,7.39,222.2,-85.183,1517.607,1,1,1
75235218,73911,3,35.00,-35.00,36.28,-33.27,0.617,-0.641,-41245,41256,7.37,227.0,-79.085,1516.815,1,1,1
75245226,73921,3,35.00,-35.00,37.70,-33.39,0.612,-0.641,-41217,41233,7.37,229.0,-81.707,1515.996,1,1,1
75255237,73931,3,35.00,-35.00,38.26,-33.92,0.611,-0.641,-41190,41209,7.36,226.8,-95.427,1515.040,1,1,1
75265248,73941,3,35.00,-35.00,39.08,-33.85,0.605,-0.639,-41162,41186,7.39,227.8,-106.951,1513.969,1,1,1
75275248,73951,3,35.00,-35.00,39.66,-33.80,0.603,-0.641,-41134,41163,7.38,224.3,-112.683,1512.841,1,1,1
75285248,73961,3,35.00,-35.00,41.39,-35.09,0.596,-0.637,-41103,41137,7.39,222.5,-112.195,1511.717,1,1,1
75295248,73971,3,35.00,-35.00,40.40,-33.35,0.598,-0.643,-41077,41117,7.40,219.5,-108.415,1510.631,1,1,1
75305248,73981,3,35.00,-35.00,37.07,-36.53,0.609,-0.631,-41057,41087,7.40,222.2,-94.146,1509.688,1,1,1
75315256,73991,3,35.00,-35.00,35.18,-34.36,0.616,-0.639,-41036,41067,7.39,220.0,-77.988,1508.907,1,1,1
75325256,74001,3,35.00,-35.00,35.61,-33.72,0.615,-0.642,-41011,41045,7.38,225.0,-69.695,1508.208,1,1,1
75335256,74011,3,35.00,-35.00,37.23,-33.71,0.609,-0.643,-40983,41022,7.38,228.0,-75.366,1507.453,1,1,1
75345256,74021,3,35.00,-35.00,37.93,-34.14,0.606,-0.641,-40956,40998,7.39,227.8,-90.000,1506.551,1,1,1
75355256,74031,3,35.00,-35.00,37.10,-34.45,0.611,-0.643,-40932,40974,7.36,225.5,-101.646,1505.533,1,1,1
75365256,74041,3,35.00,-35.00,37.83,-35.10,0.606,-0.639,-40905,40949,7.39,230.8,-108.049,1504.451,1,1,1
75375263,74051,3,35.00,-35.00,38.35,-35.12,0.603,-0.638,-40878,40925,7.40,223.5,-110.427,1503.345,1,1,1
75385263,74061,3,35.00,-35.00,38.27,-37.77,0.604,-0.629,-40852,40895,7.40,222.5,-109.024,1502.253,1,1,1
75395272,74071,3,35.00,-35.00,35.14,-38.74,0.613,-0.622,-40833,40867,7.41,219.0,-97.073,1501.281,1,1,1
75405279,74081,3,35.00,-35.00,34.26,-38.10,0.616,-0.623,-40811,40842,7.41,220.0,-83.902,1500.440,1,1,1
75415294,74091,3,35.00,-35.00,34.53,-35.46,0.617,-0.633,-40787,40822,7.39,220.0,-81.585,1499.623,1,1,1
75425294,74101,3,35.00,-35.00,35.60,-33.61,0.614,-0.641,-40761,40802,7.38,224.8,-81.585,1498.805,1,1,1
75435302,74111,3,35.00,-35.00,36.34,-32.32,0.610,-0.646,-40735,40782,7.38,227.8,-87.134,1497.932,1,1,1
75445309,74121,3,35.00,-35.00,36.87,-33.61,0.609,-0.644,-40709,40757,7.37,230.8,-92.744,1497.003,1,1,1
75455309,74131,3,35.00,-35.00,38.11,-34.51,0.605,-0.641,-40681,40732,7.38,226.0,-94.939,1496.052,1,1,1
75465309,74141,3,35.00,-35.00,38.10,-35.15,0.604,-0.639,-40655,40707,7.39,225.8,-97.622,1495.074,1,1,1
75475309,74151,3,35.00,-35.00,36.34,-35.59,0.610,-0.637,-40633,40682,7.39,225.5,-99.451,1494.078,1,1,1
75485309,74161,3,35.00,-35.00,32.91,-35.46,0.621,-0.635,-40616,40658,7.39,223.2,-96.159,1493.115,1,1,1
75495309,74171,3,35.00,-35.00,31.83,-35.37,0.626,-0.635,-40596,40634,7.39,226.8,-86.707,1492.246,1,1,1
75505309,74181,3,35.00,-35.00,30.19,-35.30,0.634,-0.635,-40578,40610,7.38,231.2,-72.195,1491.522,1,1,1
75515317,74191,3,35.00,-35.00,30.36,-35.70,0.636,-0.634,-40557,40585,7.37,235.2,-70.488,1490.816,1,1,1
75525317,74201,3,35.00,-35.00,32.24,-35.98,0.631,-0.633,-40532,40560,7.37,235.2,-79.512,1490.019,1,1,1
75535317,74211,3,35.00,-35.00,33.99,-36.17,0.626,-0.633,-40506,40535,7.37,235.7,-90.793,1489.110,1,1,1
75545324,74221,3,35.00,-35.00,35.66,-36.74,0.621,-0.631,-40479,40509,7.37,232.5,-100.915,1488.099,1,1,1
75555324,74231,3,35.00,-35.00,35.07,-38.03,0.622,-0.625,-40456,40481,7.38,227.8,-110.244,1486.995,1,1,1
75565324,74241,3,35.00,-35.00,35.10,-41.12,0.624,-0.613,-40432,40448,7.37,224.8,-116.341,1485.830,1,1,1
75575332,74251,3,35.00,-35.00,35.55,-40.21,0.623,-0.614,-40407,40422,7.37,223.0,-112.866,1484.699,1,1,1
75585332,74261,3,35.00,-35.00,34.12,-38.69,0.626,-0.616,-40386,40398,7.39,221.5,-102.439,1483.673,1,1,1
75595339,74271,3,35.00,-35.00,33.11,-35.87,0.630,-0.625,-40365,40378,7.38,222.0,-91.037,1482.761,1,1,1
75605347,74281,3,35.00,-35.00,33.28,-33.46,0.631,-0.634,-40342,40359,7.37,228.3,-80.366,1481.956,1,1,1
75615348,74291,3,35.00,-35.00,33.85,-33.09,0.630,-0.637,-40318,40337,7.36,230.5,-74.634,1481.208,1,1,1
75625348,74301,3,35.00,-35.00,34.24,-35.47,0.628,-0.628,-40294,40309,7.37,232.0,-76.524,1480.441,1,1,1
75635363,74311,3,35.00,-35.00,34.95,-35.81,0.625,-0.626,-40269,40284,7.38,228.8,-87.317,1479.567,1,1,1
75645369,74321,3,35.00,-35.00,34.57,-36.50,0.626,-0.622,-40246,40258,7.39,224.8,-99.146,1478.574,1,1,1
75655369,74331,3,35.00,-35.00,35.19,-37.85,0.625,-0.618,-40221,40230,7.38,226.0,-106.280,1477.509,1,1,1
75665369,74341,3,35.00,-35.00,35.62,-38.36,0.624,-0.615,-40196,40203,7.38,222.2,-105.305,1476.454,1,1,1
75675369,74351,3,35.00,-35.00,35.48,-37.84,0.625,-0.616,-40172,40178,7.38,219.8,-97.988,1475.473,1,1,1
75685369,74361,3,35.00,-35.00,35.82,-35.72,0.622,-0.622,-40147,40157,7.39,220.8,-91.829,1474.553,1,1,1
75695378,74371,3,35.00,-35.00,35.18,-34.23,0.623,-0.626,-40124,40136,7.40,223.5,-84.024,1473.711,1,1,1
75705378,74381,3,35.00,-35.00,35.17,-34.07,0.624,-0.628,-40100,40113,7.39,223.0,-74.634,1472.963,1,1,1
75715378,74391,3,35.00,-35.00,35.17,-35.27,0.625,-0.625,-40076,40087,7.38,224.5,-74.085,1472.221,1,1,1
75725378,74401,3,35.00,-35.00,36.48,-36.12,0.620,-0.622,-40049,40061,7.38,225.8,-86.098,1471.358,1,1,1
75735385,74411,3,35.00,-35.00,36.96,-36.27,0.618,-0.621,-40023,40036,7.38,223.5,-101.463,1470.342,1,1,1
75745393,74421,3,35.00,-35.00,37.30,-37.25,0.616,-0.617,-39997,40009,7.39,220.5,-109.695,1469.243,1,1,1
75755406,74431,3,35.00,-35.00,38.42,-38.38,0.615,-0.616,-39969,39981,7.35,215.8,-111.402,1468.128,1,1,1
75765408,74441,3,35.00,-35.00,39.63,-37.85,0.605,-0.612,-39940,39956,7.41,218.5,-110.122,1467.025,1,1,1
75775415,74451,3,35.00,-35.00,41.81,-37.48,0.595,-0.614,-39908,39931,7.41,212.8,-105.183,1465.971,1,1,1
75785415,74461,3,35.00,-35.00,40.69,-35.03,0.598,-0.622,-39882,39911,7.41,207.5,-95.122,1465.018,1,1,1
75795415,74471,3,35.00,-35.00,39.47,-33.31,0.601,-0.629,-39857,39891,7.40,213.2,-85.366,1464.163,1,1,1
75805415,74481,3,35.00,-35.00,35.54,-33.42,0.615,-0.630,-39839,39868,7.39,215.8,-75.122,1463.410,1,1,1
75815415,74491,3,35.00,-35.00,33.67,-34.38,0.622,-0.626,-39819,39843,7.39,222.0,-70.610,1462.702,1,1,1
75825423,74501,3,35.00,-35.00,33.67,-34.61,0.623,-0.626,-39796,39819,7.38,224.8,-71.402,1461.987,1,1,1
75835430,74511,3,35.00,-35.00,35.44,-35.22,0.618,-0.626,-39769,39794,7.37,225.3,-78.659,1461.198,1,1,1
75845430,74521,3,35.00,-35.00,36.23,-36.08,0.615,-0.623,-39743,39768,7.37,222.2,-93.232,1460.265,1,1,1
75855430,74531,3,35.00,-35.00,37.67,-37.56,0.614,-0.620,-39715,39740,7.34,220.0,-103.841,1459.224,1,1,1
75865438,74541,3,35.00,-35.00,39.55,-36.84,0.602,-0.618,-39685,39716,7.40,220.0,-102.622,1458.197,1,1,1
75875439,74551,3,35.00,-35.00,39.99,-34.58,0.599,-0.626,-39657,39696,7.39,211.2,-92.500,1457.270,1,1,1
75885439,74561,3,35.00,-35.00,38.54,-33.43,0.604,-0.632,-39633,39675,7.38,215.5,-83.049,1456.438,1,1,1
75895445,74571,3,35.00,-35.00,36.21,-33.07,0.612,-0.633,-39612,39653,7.38,221.2,-75.366,1455.683,1,1,1
75905454,74581,3,35.00,-35.00,34.57,-33.70,0.617,-0.632,-39591,39629,7.38,224.5,-71.890,1454.962,1,1,1
75915454,74591,3,35.00,-35.00,34.75,-34.13,0.618,-0.631,-39567,39605,7.37,225.8,-74.695,1454.214,1,1,1
75925460,74601,3,35.00,-35.00,35.31,-34.88,0.616,-0.629,-39542,39580,7.37,225.0,-84.817,1453.364,1,1,1
75935460,74611,3,35.00,-35.00,36.58,-34.96,0.611,-0.629,-39515,39556,7.37,225.0,-97.012,1452.392,1,1,1
75945460,74621,3,35.00,-35.00,36.59,-35.46,0.611,-0.627,-39490,39531,7.37,221.5,-104.268,1451.348,1,1,1
75955460,74631,3,35.00,-35.00,37.92,-34.49,0.606,-0.631,-39462,39509,7.38,221.8,-106.159,1450.284,1,1,1
75965460,74641,3,35.00,-35.00,40.61,-33.81,0.596,-0.634,-39430,39487,7.38,222.5,-98.963,1449.293,1,1,1
75975460,74651,3,35.00,-35.00,42.05,-33.34,0.591,-0.638,-39399,39465,7.38,218.5,-88.598,1448.406,1,1,1
75985460,74661,3,35.00,-35.00,40.86,-33.44,0.593,-0.638,-39373,39442,7.38,218.8,-84.268,1447.561,1,1,1
75995460,74671,3,35.00,-35.00,37.39,-33.96,0.604,-0.636,-39353,39418,7.38,220.8,-84.085,1446.719,1,1,1
76005461,74681,3,35.00,-35.00,33.20,-34.32,0.620,-0.635,-39337,39394,7.37,224.5,-84.085,1445.876,1,1,1
76015476,74691,3,35.00,-35.00,30.71,-35.01,0.630,-0.632,-39320,39369,7.36,227.8,-82.134,1445.053,1,1,1
76025476,74701,3,35.00,-35.00,32.93,-35.05,0.623,-0.632,-39294,39345,7.38,230.8,-80.305,1444.248,1,1,1
76035485,74711,3,35.00,-35.00,34.47,-35.96,0.619,-0.629,-39268,39319,7.37,228.5,-86.098,1443.386,1,1,1
76045493,74721,3,35.00,-35.00,35.56,-35.28,0.615,-0.631,-39242,39296,7.37,226.5,-95.122,1442.433,1,1,1
76055500,74731,3,35.00,-35.00,37.19,-35.68,0.607,-0.629,-39214,39271,7.39,222.8,-97.683,1441.454,1,1,1
76065500,74741,3,35.00,-35.00,39.22,-34.65,0.599,-0.633,-39184,39249,7.39,220.5,-90.305,1440.550,1,1,1
76075500,74751,3,35.00,-35.00,38.00,-33.92,0.601,-0.635,-39160,39227,7.40,221.0,-82.500,1439.723,1,1,1
76085508,74761,3,35.00,-35.00,36.27,-33.41,0.607,-0.638,-39138,39205,7.39,220.0,-76.159,1438.960,1,1,1
76095508,74771,3,35.00,-35.00,33.74,-33.94,0.617,-0.637,-39119,39181,7.38,225.5,-72.805,1438.230,1,1,1
76105508,74781,3,35.00,-35.00,31.97,-34.74,0.624,-0.634,-39100,39156,7.37,227.8,-72.988,1437.499,1,1,1
76115515,74791,3,35.00,-35.00,32.92,-35.31,0.622,-0.633,-39076,39131,7.37,229.5,-77.927,1436.718,1,1,1
76125515,74801,3,35.00,-35.00,34.03,-35.70,0.619,-0.631,-39051,39106,7.37,227.3,-89.512,1435.821,1,1,1
76135523,74811,3,35.00,-35.00,35.69,-36.42,0.613,-0.628,-39024,39080,7.38,226.8,-98.171,1434.838,1,1,1
76145530,74821,3,35.00,-35.00,35.53,-36.04,0.613,-0.629,-39000,39056,7.38,222.8,-99.146,1433.844,1,1,1
76155539,74831,3,35.00,-35.00,35.86,-34.89,0.612,-0.633,-38975,39034,7.38,222.0,-94.024,1432.903,1,1,1
76165545,74841,3,35.00,-35.00,37.40,-34.09,0.606,-0.637,-38947,39012,7.37,224.5,-85.488,1432.046,1,1,1
76175554,74851,3,35.00,-35.00,38.49,-34.41,0.601,-0.636,-38919,38988,7.37,224.5,-82.744,1431.217,1,1,1
76185560,74861,3,35.00,-35.00,37.05,-35.08,0.605,-0.633,-38896,38963,7.38,222.5,-85.793,1430.357,1,1,1
76195569,74871,3,35.00,-35.00,33.84,-35.54,0.617,-0.632,-38878,38938,7.37,221.5,-87.805,1429.478,1,1,1
76205576,74881,3,35.00,-35.00,32.48,-35.86,0.622,-0.630,-38858,38913,7.37,227.0,-87.866,1428.597,1,1,1
76215576,74891,3,35.00,-35.00,32.40,-36.09,0.623,-0.628,-38836,38888,7.38,227.0,-87.256,1427.723,1,1,1
76225576,74901,3,35.00,-35.00,34.11,-37.13,0.618,-0.624,-38810,38861,7.38,227.8,-94.207,1426.780,1,1,1
76235584,74911,3,35.00,-35.00,34.86,-37.86,0.617,-0.621,-38785,38834,7.38,225.3,-106.463,1425.713,1,1,1
76245584,74921,3,35.00,-35.00,36.27,-37.49,0.612,-0.622,-38758,38809,7.38,221.0,-110.976,1424.602,1,1,1
76255595,74931,3,35.00,-35.00,37.69,-35.47,0.607,-0.630,-38730,38788,7.36,216.5,-102.561,1423.575,1,1,1
76265606,74941,3,35.00,-35.00,39.13,-33.18,0.598,-0.636,-38701,38769,7.39,221.2,-94.024,1422.633,1,1,1
76275606,74951,3,35.00,-35.00,38.38,-33.33,0.600,-0.636,-38676,38746,7.39,221.5,-89.939,1421.732,1,1,1
76285606,74961,3,35.00,-35.00,36.53,-34.32,0.607,-0.634,-38654,38721,7.38,221.2,-87.561,1420.854,1,1,1
76295606,74971,3,35.00,-35.00,34.36,-35.01,0.614,-0.631,-38634,38696,7.39,221.5,-85.610,1419.997,1,1,1
76305606,74981,3,35.00,-35.00,30.21,-35.49,0.629,-0.628,-38620,38671,7.39,223.5,-83.963,1419.155,1,1,1
76315614,74991,3,35.00,-35.00,30.81,-35.83,0.630,-0.627,-38598,38646,7.38,229.2,-81.524,1418.339,1,1,1
76325621,75001,3,35.00,-35.00,32.99,-36.51,0.624,-0.625,-38572,38620,7.38,228.5,-87.988,1417.457,1,1,1
76335621,75011,3,35.00,-35.00,33.64,-37.42,0.623,-0.621,-38548,38593,7.38,225.5,-99.329,1416.462,1,1,1
76345621,75021,3,35.00,-35.00,34.54,-36.74,0.620,-0.622,-38523,38569,7.38,225.3,-102.439,1415.436,1,1,1
76355634,75031,3,35.00,-35.00,36.48,-35.39,0.618,-0.632,-38495,38547,7.32,219.8,-98.171,1414.453,1,1,1
76365636,75041,3,35.00,-35.00,37.84,-34.00,0.607,-0.633,-38467,38526,7.37,224.3,-98.171,1413.469,1,1,1
76375636,75051,3,35.00,-35.00,35.72,-34.35,0.614,-0.632,-38446,38502,7.37,223.5,-91.951,1412.548,1,1,1
76385636,75061,3,35.00,-35.00,32.47,-35.91,0.626,-0.626,-38429,38475,7.37,223.8,-88.476,1411.662,1,1,1
76395645,75071,3,35.00,-35.00,31.08,-36.56,0.632,-0.622,-38410,38449,7.37,226.5,-85.488,1410.805,1,1,1
76405645,75081,3,35.00,-35.00,31.86,-37.02,0.632,-0.622,-38387,38423,7.36,229.5,-84.512,1409.958,1,1,1
76415652,75091,3,35.00,-35.00,32.85,-38.66,0.630,-0.615,-38363,38394,7.36,226.5,-87.439,1409.083,1,1,1
76425652,75101,3,35.00,-35.00,32.66,-38.93,0.630,-0.612,-38341,38367,7.38,225.8,-95.671,1408.124,1,1,1
76435660,75111,3,35.00,-35.00,33.85,-37.79,0.625,-0.615,-38316,38343,7.40,225.0,-99.939,1407.123,1,1,1
76445667,75121,3,35.00,-35.00,35.56,-35.25,0.621,-0.626,-38289,38323,7.37,221.0,-96.220,1406.159,1,1,1
76455675,75131,3,35.00,-35.00,36.76,-33.90,0.617,-0.631,-38262,38302,7.37,223.8,-90.671,1405.251,1,1,1
76465682,75141,3,35.00,-35.00,35.84,-33.40,0.619,-0.633,-38239,38280,7.37,227.0,-83.841,1404.411,1,1,1
76475682,75151,3,35.00,-35.00,35.63,-34.80,0.620,-0.629,-38215,38254,7.36,225.8,-80.549,1403.604,1,1,1
76485682,75161,3,35.00,-35.00,33.29,-35.35,0.629,-0.627,-38196,38229,7.36,224.3,-83.720,1402.765,1,1,1
76495690,75171,3,35.00,-35.00,31.65,-36.17,0.636,-0.623,-38177,38203,7.36,230.2,-87.378,1401.890,1,1,1
76505697,75181,3,35.00,-35.00,32.27,-36.75,0.635,-0.620,-38154,38177,7.36,231.8,-85.915,1401.029,1,1,1
76515706,75191,3,35.00,-35.00,32.69,-38.91,0.635,-0.612,-38131,38147,7.36,226.8,-86.524,1400.162,1,1,1
76525712,75201,3,35.00,-35.00,33.87,-39.10,0.632,-0.611,-38106,38120,7.37,226.3,-94.329,1399.217,1,1,1
76535721,75211,3,35.00,-35.00,34.70,-38.36,0.629,-0.613,-38081,38095,7.37,223.5,-102.134,1398.194,1,1,1
76545721,75221,3,35.00,-35.00,35.27,-35.20,0.626,-0.623,-38056,38076,7.38,221.5,-100.854,1397.184,1,1,1
76555727,75231,3,35.00,-35.00,35.24,-32.55,0.625,-0.633,-38032,38058,7.37,225.0,-93.293,1396.249,1,1,1
76565727,75241,3,35.00,-35.00,35.65,-32.45,0.624,-0.635,-38007,38036,7.37,230.2,-85.000,1395.398,1,1,1
76575736,75251,3,35.00,-35.00,35.50,-34.14,0.625,-0.630,-37983,38010,7.36,229.2,-82.012,1394.576,1,1,1
76585736,75261,3,35.00,-35.00,34.96,-34.89,0.626,-0.627,-37960,37985,7.37,226.3,-87.012,1393.704,1,1,1
76595743,75271,3,35.00,-35.00,33.26,-35.41,0.634,-0.626,-37940,37960,7.36,226.5,-94.085,1392.762,1,1,1
76605743,75281,3,35.00,-35.00,32.51,-36.65,0.637,-0.620,-37919,37933,7.36,230.2,-98.110,1391.779,1,1,1
76615751,75291,3,35.00,-35.00,32.87,-36.64,0.637,-0.620,-37896,37908,7.36,227.0,-92.439,1390.853,1,1,1
76625751,75301,3,35.00,-35.00,30.48,-37.51,0.645,-0.613,-37879,37881,7.38,228.3,-88.415,1389.967,1,1,1
76635758,75311,3,35.00,-35.00,21.33,-34.61,0.678,-0.620,-37879,37862,7.37,230.2,-90.122,1389.064,1,1,1
76645766,75321,3,35.00,-35.00,14.93,-33.46,0.706,-0.626,-37879,37841,7.31,253.0,-95.915,1388.103,1,1,1
76655773,75331,3,35.00,-35.00,10.45,-32.65,0.725,-0.628,-37879,37820,7.28,274.0,-95.183,1387.150,1,1,1
76665773,75341,3,35.00,-35.00,7.76,-32.96,0.738,-0.626,-37878,37797,7.26,292.0,-92.317,1386.225,1,1,1
76675773,75351,3,35.00,-35.00,5.43,-34.06,0.751,-0.621,-37878,37772,7.24,299.2,-95.976,1385.264,1,1,1
76685781,75361,3,35.00,-35.00,3.80,-34.39,0.761,-0.618,-37878,37748,7.23,307.5,-103.902,1384.223,1,1,1
76695788,75371,3,35.00,-35.00,2.66,-35.50,0.768,-0.611,-37878,37722,7.23,314.2,-106.037,1383.161,1,1,1
76705788,75381,3,35.00,-35.00,12.41,-37.15,0.740,-0.605,-37854,37694,7.22,314.5,-98.841,1382.171,1,1,1
76715797,75391,3,35.00,-35.00,22.31,-37.43,0.705,-0.600,-37823,37668,7.27,283.8,-97.866,1381.191,1,1,1
76725797,75401,3,35.00,-35.00,29.24,-36.31,0.678,-0.599,-37792,37645,7.33,253.8,-101.098,1380.178,1,1,1
76735797,75411,3,35.00,-35.00,34.09,-33.77,0.658,-0.605,-37761,37626,7.37,235.5,-101.402,1379.162,1,1,1
76745803,75421,3,35.00,-35.00,37.93,-29.79,0.643,-0.622,-37729,37612,7.37,225.3,-97.500,1378.186,1,1,1
76755803,75431,3,35.00,-35.00,41.05,-29.20,0.633,-0.630,-37696,37593,7.34,224.3,-93.720,1377.247,1,1,1
76765803,75441,3,35.00,-35.00,40.16,-30.11,0.630,-0.625,-37670,37571,7.38,227.0,-92.622,1376.319,1,1,1
76775803,75451,3,35.00,-35.00,40.42,-31.62,0.628,-0.622,-37642,37547,7.38,224.3,-95.244,1375.365,1,1,1
76785803,75461,3,35.00,-35.00,41.48,-32.24,0.621,-0.621,-37612,37524,7.39,222.2,-96.951,1374.394,1,1,1
76795812,75471,3,35.00,-35.00,42.66,-33.56,0.614,-0.618,-37581,37499,7.39,219.0,-104.817,1373.344,1,1,1
76805819,75481,3,35.00,-35.00,43.48,-35.36,0.608,-0.613,-37550,37472,7.40,217.8,-113.049,1372.212,1,1,1
76815827,75491,3,35.00,-35.00,44.50,-36.17,0.601,-0.610,-37518,37446,7.41,210.2,-116.829,1371.042,1,1,1
76825834,75501,3,35.00,-35.00,45.65,-35.43,0.596,-0.613,-37485,37423,7.41,206.2,-113.476,1369.906,1,1,1
76835842,75511,3,35.00,-35.00,45.14,-34.91,0.598,-0.617,-37455,37400,7.40,207.0,-105.854,1368.845,1,1,1
76845842,75521,3,35.00,-35.00,43.02,-34.10,0.604,-0.621,-37429,37378,7.39,208.2,-99.268,1367.851,1,1,1
76855853,75531,3,35.00,-35.00,40.66,-32.22,0.615,-0.632,-37405,37359,7.34,208.5,-89.024,1366.959,1,1,1
76865857,75541,3,35.00,-35.00,40.33,-30.47,0.613,-0.638,-37378,37341,7.36,221.2,-78.902,1366.169,1,1,1
76875864,75551,3,35.00,-35.00,40.54,-29.68,0.610,-0.643,-37350,37322,7.36,223.2,-69.939,1365.468,1,1,1
76885864,75561,3,35.00,-35.00,40.68,-30.44,0.610,-0.644,-37322,37300,7.35,223.8,-72.866,1364.737,1,1,1
76895864,75571,3,35.00,-35.00,41.22,-31.86,0.607,-0.640,-37293,37276,7.36,225.3,-86.280,1363.873,1,1,1
76905864,75581,3,35.00,-35.00,43.80,-32.85,0.599,-0.640,-37259,37252,7.35,224.8,-98.110,1362.890,1,1,1
76915864,75591,3,35.00,-35.00,44.72,-32.66,0.593,-0.642,-37227,37230,7.36,220.2,-101.037,1361.878,1,1,1
76925864,75601,3,35.00,-35.00,42.29,-32.97,0.601,-0.642,-37202,37207,7.35,219.5,-100.671,1360.870,1,1,1
76935864,75611,3,35.00,-35.00,39.27,-33.19,0.610,-0.641,-37180,37184,7.36,222.0,-94.268,1359.926,1,1,1
76945872,75621,3,35.00,-35.00,37.16,-32.90,0.617,-0.642,-37158,37162,7.35,224.8,-87.195,1359.052,1,1,1
76955879,75631,3,35.00,-35.00,37.44,-33.58,0.615,-0.640,-37132,37138,7.36,226.5,-82.805,1358.222,1,1,1
76965888,75641,3,35.00,-35.00,38.07,-34.05,0.613,-0.640,-37105,37114,7.35,227.8,-86.524,1357.355,1,1,1
76975894,75651,3,35.00,-35.00,38.51,-33.94,0.611,-0.640,-37078,37091,7.35,226.8,-97.744,1356.376,1,1,1
76985894,75661,3,35.00,-35.00,38.83,-33.87,0.610,-0.641,-37051,37068,7.35,224.8,-107.988,1355.295,1,1,1
76995894,75671,3,35.00,-35.00,40.80,-34.69,0.603,-0.640,-37020,37043,7.35,225.8,-112.317,1354.170,1,1,1
77005894,75681,3,35.00,-35.00,41.30,-33.95,0.600,-0.642,-36991,37021,7.36,223.5,-110.549,1353.063,1,1,1
77015903,75691,3,35.00,-35.00,39.02,-35.63,0.608,-0.637,-36968,36994,7.36,220.8,-102.866,1352.033,1,1,1
77025903,75701,3,35.00,-35.00,36.10,-34.17,0.616,-0.641,-36948,36973,7.36,220.8,-86.585,1351.165,1,1,1
77035910,75711,3,35.00,-35.00,35.82,-33.59,0.617,-0.644,-36924,36951,7.35,227.0,-74.146,1350.422,1,1,1
77045910,75721,3,35.00,-35.00,36.06,-33.62,0.617,-0.645,-36899,36928,7.34,230.2,-72.378,1349.697,1,1,1
77055918,75731,3,35.00,-35.00,37.55,-34.52,0.612,-0.642,-36871,36903,7.35,229.2,-85.854,1348.836,1,1,1
77065918,75741,3,35.00,-35.00,37.27,-34.71,0.612,-0.641,-36846,36879,7.35,227.8,-100.793,1347.827,1,1,1
77075925,75751,3,35.00,-35.00,37.95,-35.28,0.609,-0.639,-36819,36854,7.36,227.0,-110.854,1346.717,1,1,1
77085925,75761,3,35.00,-35.00,39.31,-35.25,0.604,-0.639,-36790,36830,7.37,223.0,-114.024,1345.575,1,1,1
77095925,75771,3,35.00,-35.00,38.50,-37.42,0.607,-0.631,-36765,36801,7.37,220.2,-113.841,1344.435,1,1,1
77105925,75781,3,35.00,-35.00,37.06,-38.94,0.612,-0.625,-36742,36772,7.37,218.8,-105.488,1343.378,1,1,1
77115925,75791,3,35.00,-35.00,34.73,-38.24,0.618,-0.624,-36722,36747,7.38,217.8,-90.427,1342.472,1,1,1
77125925,75801,3,35.00,-35.00,34.86,-36.00,0.620,-0.633,-36698,36726,7.36,219.2,-80.305,1341.668,1,1,1
77135933,75811,3,35.00,-35.00,34.95,-33.55,0.619,-0.642,-36674,36707,7.36,224.8,-81.585,1340.850,1,1,1
77145933,75821,3,35.00,-35.00,35.45,-32.27,0.617,-0.648,-36649,36687,7.35,229.5,-87.805,1339.971,1,1,1
77155940,75831,3,35.00,-35.00,36.24,-33.14,0.615,-0.646,-36623,36663,7.34,230.0,-93.354,1339.035,1,1,1
77165940,75841,3,35.00,-35.00,38.11,-34.62,0.608,-0.641,-36594,36637,7.36,230.5,-98.659,1338.047,1,1,1
77175948,75851,3,35.00,-35.00,38.10,-35.22,0.605,-0.637,-36568,36612,7.39,227.0,-101.829,1337.027,1,1,1
77185955,75861,3,35.00,-35.00,37.66,-35.64,0.607,-0.636,-36543,36587,7.38,219.2,-100.366,1336.022,1,1,1
77195955,75871,3,35.00,-35.00,34.71,-35.94,0.617,-0.634,-36524,36562,7.38,222.2,-94.207,1335.078,1,1,1
77205964,75881,3,35.00,-35.00,32.21,-35.70,0.626,-0.634,-36506,36538,7.38,224.0,-79.268,1334.284,1,1,1
77215979,75891,3,35.00,-35.00,30.90,-35.10,0.632,-0.636,-36487,36515,7.37,229.5,-69.451,1333.588,1,1,1
77225990,75901,3,35.00,-35.00,30.42,-35.56,0.637,-0.635,-36467,36490,7.35,233.7,-74.329,1332.843,1,1,1
77235998,75911,3,35.00,-35.00,32.72,-35.88,0.631,-0.634,-36441,36465,7.35,235.2,-85.305,1331.988,1,1,1
77245998,75921,3,35.00,-35.00,33.45,-36.54,0.629,-0.631,-36417,36439,7.36,233.2,-95.915,1331.027,1,1,1
77256009,75932,3,35.00,-35.00,35.28,-36.56,0.626,-0.634,-36390,36414,7.32,229.8,-105.976,1329.966,1,1,1
77266020,75942,3,35.00,-35.00,35.68,-37.02,0.621,-0.628,-36365,36388,7.36,230.8,-113.659,1328.828,1,1,1
77276020,75952,3,35.00,-35.00,35.08,-40.42,0.625,-0.616,-36342,36355,7.36,225.0,-114.085,1327.685,1,1,1
77286021,75962,3,35.00,-35.00,35.99,-40.16,0.620,-0.613,-36316,36328,7.38,221.8,-105.366,1326.630,1,1,1
77296036,75972,3,35.00,-35.00,33.98,-39.10,0.627,-0.615,-36296,36303,7.38,219.0,-105.366,1325.575,1,1,1
77306036,75982,3,35.00,-35.00,33.89,-36.60,0.628,-0.622,-36273,36282,7.38,222.8,-94.207,1324.631,1,1,1
77316036,75992,3,35.00,-35.00,34.27,-33.53,0.627,-0.634,-36249,36264,7.37,223.8,-85.183,1323.778,1,1,1
77326044,76002,3,35.00,-35.00,34.10,-33.58,0.628,-0.634,-36226,36241,7.37,230.0,-78.171,1322.994,1,1,1
77336051,76012,3,35.00,-35.00,34.42,-35.37,0.627,-0.628,-36202,36214,7.37,230.8,-78.171,1322.211,1,1,1
77346051,76022,3,35.00,-35.00,35.96,-36.18,0.621,-0.625,-36175,36188,7.38,224.8,-86.037,1321.349,1,1,1
77356059,76032,3,35.00,-35.00,36.16,-36.32,0.626,-0.629,-36150,36163,7.31,220.2,-96.341,1320.384,1,1,1
77366066,76042,3,35.00,-35.00,36.30,-37.29,0.621,-0.621,-36125,36136,7.37,228.3,-103.171,1319.350,1,1,1
77376066,76052,3,35.00,-35.00,36.83,-37.53,0.617,-0.618,-36099,36110,7.39,220.2,-105.549,1318.293,1,1,1
77386066,76062,3,35.00,-35.00,36.33,-36.81,0.618,-0.620,-36075,36086,7.38,215.8,-99.268,1317.299,1,1,1
77396066,76072,3,35.00,-35.00,36.86,-35.44,0.616,-0.624,-36049,36064,7.38,219.2,-91.280,1316.385,1,1,1
77406075,76082,3,35.00,-35.00,35.91,-34.47,0.618,-0.628,-36026,36042,7.38,220.8,-82.988,1315.553,1,1,1
77416081,76092,3,35.00,-35.00,33.48,-34.68,0.627,-0.626,-36007,36018,7.38,223.0,-76.098,1314.791,1,1,1
77426090,76102,3,35.00,-35.00,33.99,-35.70,0.627,-0.624,-35983,35992,7.37,226.0,-75.488,1314.034,1,1,1
77436096,76112,3,35.00,-35.00,34.78,-36.42,0.625,-0.621,-35958,35966,7.37,227.3,-81.159,1313.221,1,1,1
77446096,76122,3,35.00,-35.00,36.65,-36.48,0.618,-0.621,-35930,35941,7.37,223.2,-94.512,1312.274,1,1,1
77456105,76132,3,35.00,-35.00,37.08,-37.84,0.616,-0.615,-35904,35913,7.38,220.0,-107.805,1311.194,1,1,1
77466111,76142,3,35.00,-35.00,38.70,-38.35,0.609,-0.613,-35875,35886,7.39,218.2,-114.634,1310.046,1,1,1
77476120,76152,3,35.00,-35.00,41.59,-37.83,0.597,-0.614,-35842,35861,7.40,214.2,-114.634,1308.898,1,1,1
77486127,76162,3,35.00,-35.00,41.86,-37.47,0.595,-0.614,-35813,35836,7.41,206.5,-110.366,1307.793,1,1,1
77496135,76172,3,35.00,-35.00,40.73,-34.58,0.598,-0.624,-35787,35817,7.40,208.7,-100.000,1306.792,1,1,1
77506135,76182,3,35.00,-35.00,39.06,-32.99,0.602,-0.630,-35763,35797,7.40,216.2,-84.573,1305.944,1,1,1
77516142,76192,3,35.00,-35.00,34.81,-32.76,0.618,-0.633,-35746,35775,7.38,218.8,-68.232,1305.260,1,1,1
77526150,76202,3,35.00,-35.00,32.72,-34.36,0.628,-0.629,-35727,35749,7.36,224.3,-63.354,1304.625,1,1,1
77536157,76212,3,35.00,-35.00,33.89,-34.60,0.623,-0.628,-35702,35725,7.37,227.3,-67.195,1303.951,1,1,1
77546165,76222,3,35.00,-35.00,35.15,-35.21,0.620,-0.626,-35676,35700,7.37,225.5,-77.927,1303.171,1,1,1
77556172,76232,3,35.00,-35.00,36.47,-35.63,0.615,-0.625,-35649,35675,7.37,224.3,-94.085,1302.228,1,1,1
77566181,76242,3,35.00,-35.00,36.95,-37.25,0.613,-0.619,-35623,35647,7.37,223.0,-104.573,1301.181,1,1,1
77576188,76252,3,35.00,-35.00,39.93,-37.06,0.602,-0.619,-35591,35622,7.38,217.5,-103.415,1300.145,1,1,1
77586196,76262,3,35.00,-35.00,39.82,-34.29,0.601,-0.628,-35564,35603,7.39,212.0,-94.390,1299.199,1,1,1
77596196,76272,3,35.00,-35.00,39.30,-33.23,0.602,-0.633,-35538,35582,7.38,217.0,-84.268,1298.355,1,1,1
77606203,76282,3,35.00,-35.00,36.74,-32.49,0.609,-0.636,-35517,35561,7.38,221.0,-75.000,1297.603,1,1,1
77616211,76292,3,35.00,-35.00,34.50,-33.29,0.618,-0.634,-35497,35537,7.37,223.8,-70.000,1296.902,1,1,1
77626218,76302,3,35.00,-35.00,34.70,-33.85,0.618,-0.634,-35473,35513,7.36,225.3,-71.280,1296.187,1,1,1
77636218,76312,3,35.00,-35.00,35.28,-34.24,0.616,-0.632,-35448,35489,7.37,228.8,-78.354,1295.402,1,1,1
77646218,76322,3,35.00,-35.00,36.12,-34.52,0.613,-0.632,-35422,35465,7.36,225.8,-91.829,1294.482,1,1,1
77656226,76332,3,35.00,-35.00,36.71,-34.71,0.611,-0.632,-35396,35441,7.36,223.8,-103.780,1293.443,1,1,1
77666233,76342,3,35.00,-35.00,38.88,-34.40,0.603,-0.634,-35366,35418,7.37,224.0,-107.805,1292.363,1,1,1
77676241,76352,3,35.00,-35.00,41.72,-33.75,0.593,-0.638,-35333,35396,7.36,223.2,-103.476,1291.327,1,1,1
77686241,76362,3,35.00,-35.00,42.39,-32.85,0.588,-0.641,-35303,35375,7.38,219.2,-93.293,1290.392,1,1,1
77696248,76372,3,35.00,-35.00,40.66,-33.10,0.593,-0.641,-35278,35352,7.39,219.2,-86.341,1289.527,1,1,1
77706257,76382,3,35.00,-35.00,37.69,-33.28,0.602,-0.640,-35257,35329,7.39,222.5,-82.073,1288.705,1,1,1
77716272,76392,3,35.00,-35.00,33.85,-33.84,0.617,-0.640,-35240,35305,7.36,224.5,-80.000,1287.903,1,1,1
77726278,76402,3,35.00,-35.00,30.29,-34.24,0.630,-0.637,-35225,35281,7.36,228.3,-78.902,1287.112,1,1,1
77736278,76412,3,35.00,-35.00,31.75,-34.51,0.628,-0.638,-35201,35257,7.35,235.2,-76.585,1286.345,1,1,1
77746287,76422,3,35.00,-35.00,33.21,-34.71,0.624,-0.638,-35176,35233,7.35,234.5,-81.037,1285.533,1,1,1
77756298,76432,3,35.00,-35.00,35.11,-34.84,0.622,-0.642,-35149,35209,7.30,228.5,-91.159,1284.620,1,1,1
77766309,76442,3,35.00,-35.00,37.76,-34.50,0.609,-0.641,-35119,35186,7.34,232.0,-96.341,1283.655,1,1,1
77776309,76452,3,35.00,-35.00,39.62,-34.25,0.600,-0.642,-35089,35163,7.35,225.8,-92.378,1282.729,1,1,1
77786309,76462,3,35.00,-35.00,38.72,-34.09,0.601,-0.642,-35064,35140,7.36,223.0,-83.902,1281.889,1,1,1
77796309,76472,3,35.00,-35.00,36.77,-33.97,0.607,-0.643,-35042,35117,7.36,222.0,-78.476,1281.102,1,1,1
77806317,76482,3,35.00,-35.00,34.97,-34.32,0.613,-0.642,-35021,35093,7.35,225.8,-76.951,1280.331,1,1,1
77816324,76492,3,35.00,-35.00,31.95,-35.01,0.626,-0.640,-35004,35068,7.34,227.3,-77.805,1279.551,1,1,1
77826332,76502,3,35.00,-35.00,32.47,-35.50,0.626,-0.639,-34981,35043,7.33,231.2,-78.963,1278.760,1,1,1
77836339,76512,3,35.00,-35.00,34.16,-35.39,0.620,-0.639,-34955,35019,7.33,232.0,-85.305,1277.905,1,1,1
77846339,76522,3,35.00,-35.00,36.21,-36.64,0.613,-0.634,-34927,34992,7.34,230.8,-96.768,1276.936,1,1,1
77856348,76532,3,35.00,-35.00,36.34,-35.76,0.612,-0.637,-34902,34969,7.34,221.5,-101.890,1275.916,1,1,1
77866355,76542,3,35.00,-35.00,37.30,-34.70,0.605,-0.638,-34875,34947,7.38,225.0,-98.049,1274.933,1,1,1
77876363,76552,3,35.00,-35.00,39.29,-34.40,0.598,-0.641,-34845,34924,7.37,224.5,-88.110,1274.051,1,1,1
77886363,76562,3,35.00,-35.00,40.69,-34.18,0.593,-0.642,-34815,34901,7.37,222.8,-84.817,1273.201,1,1,1
77896369,76572,3,35.00,-35.00,39.03,-34.48,0.598,-0.642,-34791,34877,7.37,221.2,-87.744,1272.322,1,1,1
77906369,76582,3,35.00,-35.00,36.11,-35.56,0.606,-0.637,-34771,34851,7.38,224.3,-89.512,1271.425,1,1,1
77916369,76592,3,35.00,-35.00,31.87,-35.88,0.622,-0.635,-34756,34826,7.37,224.5,-88.902,1270.534,1,1,1
77926369,76602,3,35.00,-35.00,31.10,-35.66,0.627,-0.635,-34736,34802,7.36,229.0,-85.366,1269.679,1,1,1
77936369,76612,3,35.00,-35.00,32.31,-35.95,0.624,-0.634,-34712,34777,7.36,232.0,-82.866,1268.849,1,1,1
77946369,76622,3,35.00,-35.00,33.61,-37.03,0.620,-0.630,-34687,34750,7.36,231.0,-89.085,1267.956,1,1,1
77956369,76632,3,35.00,-35.00,34.95,-36.47,0.615,-0.630,-34661,34726,7.38,226.0,-99.878,1266.956,1,1,1
77966369,76642,3,35.00,-35.00,36.33,-35.20,0.610,-0.635,-34634,34704,7.38,222.5,-105.061,1265.904,1,1,1
77976378,76652,3,35.00,-35.00,38.18,-34.30,0.602,-0.638,-34605,34682,7.38,224.3,-99.817,1264.904,1,1,1
77986378,76662,3,35.00,-35.00,39.03,-33.68,0.598,-0.642,-34577,34660,7.37,223.5,-94.024,1263.962,1,1,1
77996378,76672,3,35.00,-35.00,36.11,-34.56,0.607,-0.638,-34557,34635,7.38,223.2,-91.037,1263.050,1,1,1
78006378,76682,3,35.00,-35.00,33.63,-35.62,0.616,-0.634,-34538,34609,7.38,225.0,-87.500,1262.173,1,1,1
78016385,76692,3,35.00,-35.00,31.45,-35.48,0.625,-0.634,-34520,34585,7.37,227.0,-84.573,1261.326,1,1,1
78026393,76702,3,35.00,-35.00,32.56,-35.82,0.624,-0.634,-34496,34560,7.35,230.5,-81.402,1260.510,1,1,1
78036400,76712,3,35.00,-35.00,33.78,-36.06,0.621,-0.634,-34471,34535,7.35,229.0,-86.098,1259.648,1,1,1
78046408,76722,3,35.00,-35.00,34.63,-36.23,0.620,-0.634,-34446,34510,7.33,228.8,-97.500,1258.671,1,1,1
78056408,76732,3,35.00,-35.00,35.23,-36.35,0.618,-0.634,-34421,34485,7.33,226.8,-103.902,1257.630,1,1,1
78066415,76742,3,35.00,-35.00,36.96,-35.55,0.611,-0.636,-34393,34462,7.34,224.8,-100.305,1256.626,1,1,1
78076424,76752,3,35.00,-35.00,37.30,-34.99,0.609,-0.638,-34367,34439,7.34,225.8,-94.146,1255.683,1,1,1
78086430,76762,3,35.00,-35.00,35.78,-34.60,0.612,-0.638,-34345,34416,7.35,225.0,-89.695,1254.784,1,1,1
78096430,76772,3,35.00,-35.00,32.96,-35.65,0.623,-0.634,-34327,34390,7.34,224.8,-84.390,1253.938,1,1,1
78106439,76782,3,35.00,-35.00,31.42,-36.38,0.630,-0.631,-34308,34364,7.34,229.8,-82.561,1253.111,1,1,1
78116446,76792,3,35.00,-35.00,32.10,-37.33,0.630,-0.627,-34285,34337,7.34,230.8,-86.829,1252.241,1,1,1
78126454,76802,3,35.00,-35.00,33.46,-38.44,0.627,-0.623,-34260,34309,7.33,229.8,-97.195,1251.268,1,1,1
78136454,76812,3,35.00,-35.00,33.97,-38.77,0.626,-0.621,-34236,34282,7.33,225.3,-104.329,1250.223,1,1,1
78146454,76822,3,35.00,-35.00,35.20,-38.13,0.622,-0.622,-34210,34257,7.34,223.0,-101.524,1249.206,1,1,1
78156454,76832,3,35.00,-35.00,36.07,-35.92,0.617,-0.629,-34184,34236,7.34,221.8,-93.659,1248.268,1,1,1
78166454,76842,3,35.00,-35.00,37.55,-34.37,0.612,-0.635,-34156,34215,7.34,224.5,-87.195,1247.394,1,1,1
78176454,76852,3,35.00,-35.00,38.59,-33.73,0.606,-0.638,-34128,34193,7.34,224.8,-85.244,1246.540,1,1,1
78186460,76862,3,35.00,-35.00,37.56,-34.60,0.610,-0.635,-34104,34168,7.34,223.2,-88.659,1245.652,1,1,1
78196469,76872,3,35.00,-35.00,34.20,-35.64,0.621,-0.631,-34086,34142,7.33,224.3,-89.329,1244.757,1,1,1
78206469,76882,3,35.00,-35.00,31.41,-36.38,0.630,-0.626,-34069,34116,7.35,227.0,-86.951,1243.886,1,1,1
78216469,76892,3,35.00,-35.00,29.90,-36.89,0.637,-0.623,-34051,34090,7.36,226.3,-83.720,1243.047,1,1,1
78226476,76902,3,35.00,-35.00,31.48,-38.57,0.635,-0.618,-34027,34061,7.35,229.2,-83.354,1242.212,1,1,1
78236476,76912,3,35.00,-35.00,33.02,-38.86,0.630,-0.616,-34002,34034,7.35,228.8,-91.220,1241.298,1,1,1
78246484,76922,3,35.00,-35.00,33.22,-38.63,0.630,-0.616,-33979,34008,7.36,224.3,-91.220,1240.384,1,1,1
78256500,76932,3,35.00,-35.00,33.80,-35.83,0.634,-0.630,-33955,33988,7.29,221.0,-95.366,1239.429,1,1,1
78266500,76942,3,35.00,-35.00,35.09,-32.99,0.625,-0.637,-33929,33970,7.33,231.2,-93.963,1238.488,1,1,1
78276508,76952,3,35.00,-35.00,36.43,-33.20,0.620,-0.637,-33902,33947,7.34,229.2,-88.476,1237.601,1,1,1
78286515,76962,3,35.00,-35.00,37.36,-34.23,0.616,-0.634,-33875,33922,7.34,227.0,-84.329,1236.756,1,1,1
78296515,76972,3,35.00,-35.00,36.70,-34.95,0.617,-0.632,-33851,33897,7.34,226.0,-89.573,1235.859,1,1,1
78306515,76982,3,35.00,-35.00,35.36,-35.45,0.622,-0.630,-33829,33872,7.34,225.3,-97.866,1234.879,1,1,1
78316523,76992,3,35.00,-35.00,32.22,-36.24,0.631,-0.624,-33812,33846,7.36,224.8,-99.451,1233.882,1,1,1
78326523,77002,3,35.00,-35.00,32.22,-36.79,0.633,-0.622,-33790,33820,7.36,227.8,-93.415,1232.947,1,1,1
78336530,77012,3,35.00,-35.00,25.63,-37.18,0.657,-0.616,-33783,33794,7.37,229.8,-86.707,1232.078,1,1,1
78346530,77022,3,35.00,-35.00,17.94,-35.26,0.688,-0.620,-33783,33773,7.36,237.8,-83.598,1231.240,1,1,1
78356536,77032,3,35.00,-35.00,12.56,-33.91,0.716,-0.629,-33783,33752,7.27,255.5,-87.683,1230.362,1,1,1
78366539,77042,3,35.00,-35.00,8.79,-32.52,0.731,-0.632,-33783,33732,7.26,284.2,-90.244,1229.458,1,1,1
78376545,77052,3,35.00,-35.00,6.59,-33.31,0.743,-0.628,-33782,33708,7.23,298.0,-90.122,1228.555,1,1,1
78386545,77062,3,35.00,-35.00,4.62,-34.31,0.755,-0.624,-33782,33683,7.20,301.8,-93.110,1227.622,1,1,1
78396545,77072,3,35.00,-35.00,3.23,-34.56,0.763,-0.620,-33782,33659,7.21,309.8,-101.280,1226.608,1,1,1
78406554,77082,3,35.00,-35.00,4.02,-35.18,0.764,-0.615,-33778,33634,7.20,312.8,-104.451,1225.562,1,1,1
78416560,77092,3,35.00,-35.00,17.32,-36.49,0.725,-0.613,-33745,33607,7.19,310.8,-100.549,1224.555,1,1,1
78426569,77102,3,35.00,-35.00,24.43,-37.41,0.697,-0.603,-33717,33580,7.26,273.5,-103.720,1223.516,1,1,1
78436569,77112,3,35.00,-35.00,30.28,-36.29,0.674,-0.604,-33687,33557,7.30,249.0,-108.049,1222.434,1,1,1
78446576,77122,3,35.00,-35.00,35.70,-34.63,0.653,-0.607,-33654,33536,7.34,233.5,-107.622,1221.356,1,1,1
78456576,77132,3,35.00,-35.00,40.37,-30.84,0.634,-0.623,-33619,33521,7.35,223.0,-104.573,1220.308,1,1,1
78466584,77142,3,35.00,-35.00,42.32,-29.50,0.624,-0.630,-33587,33503,7.35,221.0,-99.756,1219.309,1,1,1
78476591,77152,3,35.00,-35.00,42.81,-29.88,0.619,-0.631,-33557,33482,7.35,222.8,-96.707,1218.341,1,1,1
78486599,77162,3,35.00,-35.00,40.95,-31.46,0.623,-0.628,-33532,33458,7.35,220.2,-93.598,1217.403,1,1,1
78496599,77172,3,35.00,-35.00,40.97,-31.69,0.621,-0.629,-33504,33436,7.35,220.0,-93.171,1216.470,1,1,1
78506606,77182,3,35.00,-35.00,41.86,-32.29,0.616,-0.630,-33474,33413,7.34,222.0,-94.512,1215.523,1,1,1
78516606,77192,3,35.00,-35.00,42.05,-33.15,0.612,-0.627,-33445,33389,7.35,220.0,-100.122,1214.520,1,1,1
78526606,77202,3,35.00,-35.00,43.50,-35.51,0.607,-0.621,-33413,33361,7.35,215.5,-109.329,1213.425,1,1,1
78536614,77212,3,35.00,-35.00,44.51,-35.40,0.601,-0.621,-33381,33337,7.36,211.8,-111.220,1212.311,1,1,1
78546614,77222,3,35.00,-35.00,43.02,-34.89,0.604,-0.622,-33354,33314,7.38,213.2,-107.866,1211.231,1,1,1
78556621,77232,3,35.00,-35.00,41.54,-34.09,0.608,-0.626,-33328,33292,7.37,212.2,-100.122,1210.228,1,1,1
78566621,77242,3,35.00,-35.00,41.38,-32.65,0.608,-0.632,-33300,33272,7.36,214.5,-87.866,1209.348,1,1,1
78576621,77252,3,35.00,-35.00,41.71,-31.21,0.606,-0.639,-33271,33253,7.36,216.8,-82.439,1208.522,1,1,1
78586621,77262,3,35.00,-35.00,41.50,-31.07,0.606,-0.643,-33243,33232,7.35,220.0,-84.207,1207.678,1,1,1
78596621,77272,3,35.00,-35.00,42.24,-31.86,0.604,-0.643,-33213,33209,7.34,223.0,-86.341,1206.813,1,1,1
78606630,77282,3,35.00,-35.00,43.19,-32.85,0.599,-0.640,-33182,33185,7.36,223.0,-89.390,1205.918,1,1,1
78616630,77292,3,35.00,-35.00,45.17,-32.66,0.591,-0.643,-33148,33163,7.36,220.0,-94.024,1204.976,1,1,1
78626630,77302,3,35.00,-35.00,43.93,-32.97,0.593,-0.643,-33120,33140,7.36,217.2,-99.024,1203.984,1,1,1
78636636,77312,3,35.00,-35.00,40.86,-33.63,0.606,-0.644,-33097,33116,7.33,217.5,-98.232,1203.000,1,1,1
78646636,77322,3,35.00,-35.00,37.83,-33.65,0.616,-0.645,-33076,33093,7.32,224.5,-88.354,1202.115,1,1,1
78656645,77332,3,35.00,-35.00,37.47,-33.22,0.617,-0.647,-33051,33071,7.32,225.5,-80.305,1201.310,1,1,1
78666652,77342,3,35.00,-35.00,38.09,-33.36,0.614,-0.647,-33024,33048,7.32,229.2,-78.659,1200.522,1,1,1
78676660,77352,3,35.00,-35.00,38.53,-33.90,0.613,-0.646,-32997,33024,7.32,230.2,-90.610,1199.614,1,1,1
78686660,77362,3,35.00,-35.00,39.27,-33.84,0.610,-0.647,-32969,33001,7.31,227.5,-104.329,1198.569,1,1,1
78696667,77372,3,35.00,-35.00,40.24,-34.23,0.605,-0.646,-32940,32977,7.32,226.8,-111.646,1197.451,1,1,1
78706667,77382,3,35.00,-35.00,41.79,-34.95,0.599,-0.644,-32909,32952,7.33,226.0,-113.537,1196.314,1,1,1
78716675,77392,3,35.00,-35.00,40.24,-36.33,0.604,-0.639,-32884,32925,7.33,221.5,-112.134,1195.191,1,1,1
78726682,77402,3,35.00,-35.00,37.83,-36.86,0.612,-0.636,-32862,32899,7.33,220.5,-104.085,1194.149,1,1,1
78736690,77412,3,35.00,-35.00,35.71,-35.03,0.618,-0.642,-32841,32878,7.33,221.8,-87.866,1193.269,1,1,1
78746690,77422,3,35.00,-35.00,35.55,-32.87,0.618,-0.649,-32817,32859,7.34,227.5,-75.732,1192.510,1,1,1
78756690,77432,3,35.00,-35.00,37.19,-32.68,0.617,-0.656,-32789,32837,7.28,228.5,-74.207,1191.766,1,1,1
78766697,77442,3,35.00,-35.00,37.90,-33.86,0.612,-0.651,-32762,32812,7.30,233.5,-84.268,1190.922,1,1,1
78776705,77452,3,35.00,-35.00,37.95,-34.25,0.611,-0.649,-32736,32788,7.31,231.0,-95.549,1189.964,1,1,1
78786712,77462,3,35.00,-35.00,38.87,-34.96,0.607,-0.646,-32708,32763,7.32,228.8,-103.354,1188.929,1,1,1
78796721,77472,3,35.00,-35.00,39.08,-35.02,0.605,-0.646,-32681,32739,7.32,224.0,-108.232,1187.845,1,1,1
78806721,77482,3,35.00,-35.00,38.34,-35.94,0.607,-0.643,-32656,32713,7.33,225.5,-111.585,1186.728,1,1,1
78816727,77492,3,35.00,-35.00,36.07,-38.78,0.614,-0.630,-32635,32682,7.35,225.0,-105.488,1185.671,1,1,1
78826736,77502,3,35.00,-35.00,34.91,-38.57,0.618,-0.629,-32613,32656,7.35,219.0,-91.402,1184.756,1,1,1
78836743,77512,3,35.00,-35.00,34.55,-37.11,0.618,-0.632,-32590,32633,7.36,220.8,-84.512,1183.909,1,1,1
78846751,77522,3,35.00,-35.00,35.17,-34.76,0.617,-0.641,-32565,32613,7.35,224.8,-88.293,1183.024,1,1,1
78856763,77532,3,35.00,-35.00,36.04,-33.12,0.616,-0.650,-32539,32593,7.32,224.3,-95.183,1182.071,1,1,1
78866773,77542,3,35.00,-35.00,37.98,-33.29,0.608,-0.650,-32510,32570,7.33,230.2,-97.561,1181.094,1,1,1
78876781,77552,3,35.00,-35.00,38.45,-34.73,0.609,-0.648,-32483,32544,7.30,228.8,-96.646,1180.125,1,1,1
78886788,77562,3,35.00,-35.00,37.90,-34.86,0.610,-0.647,-32458,32520,7.31,226.8,-99.268,1179.131,1,1,1
78896797,77572,3,35.00,-35.00,36.64,-35.83,0.613,-0.643,-32435,32494,7.32,226.8,-98.780,1178.142,1,1,1
78906803,77582,3,35.00,-35.00,31.80,-36.07,0.627,-0.637,-32421,32469,7.35,226.3,-91.037,1177.230,1,1,1
78916803,77592,3,35.00,-35.00,31.05,-35.79,0.633,-0.639,-32401,32445,7.33,231.5,-76.768,1176.461,1,1,1
78926812,77602,3,35.00,-35.00,30.08,-36.04,0.638,-0.637,-32382,32420,7.33,232.5,-70.915,1175.750,1,1,1
78936812,77612,3,35.00,-35.00,31.61,-35.78,0.635,-0.638,-32358,32396,7.33,235.2,-77.866,1174.969,1,1,1
78946818,77622,3,35.00,-35.00,33.11,-36.47,0.632,-0.637,-32333,32370,7.32,233.0,-89.146,1174.076,1,1,1
78956827,77632,3,35.00,-35.00,35.04,-36.51,0.625,-0.636,-32306,32345,7.32,232.2,-99.024,1173.085,1,1,1
78966827,77642,3,35.00,-35.00,35.96,-36.99,0.621,-0.633,-32280,32319,7.33,230.8,-106.768,1172.015,1,1,1
78976834,77652,3,35.00,-35.00,35.28,-37.76,0.623,-0.629,-32257,32292,7.34,228.3,-111.402,1170.900,1,1,1
78986834,77662,3,35.00,-35.00,35.68,-40.49,0.623,-0.619,-32232,32260,7.34,225.0,-108.171,1169.816,1,1,1
78996842,77672,3,35.00,-35.00,33.76,-39.77,0.629,-0.618,-32212,32234,7.35,219.5,-98.049,1168.834,1,1,1
79006842,77682,3,35.00,-35.00,33.74,-38.83,0.630,-0.620,-32189,32209,7.34,222.2,-88.720,1167.945,1,1,1
79016842,77692,3,35.00,-35.00,33.73,-35.53,0.630,-0.630,-32166,32190,7.34,222.5,-81.341,1167.130,1,1,1
79026842,77702,3,35.00,-35.00,33.28,-34.10,0.632,-0.635,-32144,32169,7.33,227.0,-79.512,1166.333,1,1,1
79036849,77712,3,35.00,-35.00,34.72,-34.85,0.628,-0.633,-32118,32144,7.33,233.0,-83.110,1165.501,1,1,1
79046849,77722,3,35.00,-35.00,35.29,-36.26,0.627,-0.629,-32093,32117,7.33,228.8,-90.732,1164.592,1,1,1
79056857,77732,3,35.00,-35.00,36.13,-36.81,0.623,-0.626,-32067,32091,7.34,224.5,-98.902,1163.601,1,1,1
79066857,77742,3,35.00,-35.00,35.84,-36.75,0.624,-0.625,-32043,32066,7.34,225.0,-104.390,1162.556,1,1,1
79076864,77752,3,35.00,-35.00,36.95,-37.59,0.620,-0.622,-32016,32039,7.34,224.0,-103.659,1161.517,1,1,1
79086872,77762,3,35.00,-35.00,35.53,-37.74,0.624,-0.620,-31994,32013,7.35,219.0,-98.537,1160.530,1,1,1
79096879,77772,3,35.00,-35.00,36.30,-36.97,0.622,-0.622,-31968,31989,7.34,220.8,-91.037,1159.618,1,1,1
79106879,77782,3,35.00,-35.00,36.40,-35.54,0.620,-0.626,-31943,31967,7.35,220.2,-82.439,1158.792,1,1,1
79116888,77792,3,35.00,-35.00,32.95,-34.55,0.632,-0.629,-31926,31945,7.34,220.2,-74.329,1158.047,1,1,1
79126894,77802,3,35.00,-35.00,33.17,-34.73,0.634,-0.630,-31903,31921,7.32,226.8,-71.829,1157.328,1,1,1
79136894,77812,3,35.00,-35.00,34.21,-35.74,0.630,-0.627,-31878,31895,7.33,230.5,-79.512,1156.531,1,1,1
79146903,77822,3,35.00,-35.00,35.37,-36.44,0.627,-0.624,-31852,31869,7.32,227.0,-95.854,1155.571,1,1,1
79156903,77832,3,35.00,-35.00,36.18,-36.50,0.623,-0.622,-31826,31844,7.34,225.3,-109.085,1154.478,1,1,1
79166910,77842,3,35.00,-35.00,36.76,-37.41,0.621,-0.619,-31800,31817,7.34,223.2,-114.390,1153.333,1,1,1
79176918,77852,3,35.00,-35.00,38.91,-38.05,0.613,-0.618,-31770,31790,7.34,219.8,-113.171,1152.199,1,1,1
79186918,77862,3,35.00,-35.00,42.18,-38.06,0.599,-0.618,-31736,31764,7.36,214.2,-113.171,1151.066,1,1,1
79196918,77872,3,35.00,-35.00,40.95,-37.63,0.600,-0.618,-31710,31739,7.37,209.2,-110.061,1149.964,1,1,1
79206918,77882,3,35.00,-35.00,40.09,-34.69,0.601,-0.627,-31684,31720,7.38,211.2,-100.793,1148.954,1,1,1
79216918,77892,3,35.00,-35.00,37.73,-33.07,0.610,-0.635,-31662,31700,7.35,214.8,-85.305,1148.099,1,1,1
79226925,77902,3,35.00,-35.00,33.88,-33.26,0.624,-0.635,-31645,31677,7.34,222.0,-70.671,1147.391,1,1,1
79236925,77912,3,35.00,-35.00,32.95,-34.27,0.629,-0.632,-31624,31652,7.33,229.8,-65.793,1146.731,1,1,1
79246925,77922,3,35.00,-35.00,34.49,-34.53,0.623,-0.631,-31598,31628,7.34,229.8,-67.744,1146.052,1,1,1
79256942,77932,3,35.00,-35.00,35.13,-35.16,0.627,-0.635,-31573,31603,7.27,223.2,-76.890,1145.282,1,1,1
79266948,77942,3,35.00,-35.00,36.89,-36.04,0.617,-0.628,-31545,31577,7.32,230.2,-92.622,1144.354,1,1,1
79276955,77952,3,35.00,-35.00,37.69,-37.53,0.612,-0.621,-31518,31549,7.34,224.3,-103.110,1143.321,1,1,1
79286955,77962,3,35.00,-35.00,39.13,-36.82,0.606,-0.622,-31489,31525,7.36,216.0,-103.659,1142.283,1,1,1
79296963,77972,3,35.00,-35.00,39.69,-34.56,0.603,-0.630,-31461,31505,7.36,215.2,-96.098,1141.320,1,1,1
79306964,77982,3,35.00,-35.00,37.89,-33.42,0.608,-0.635,-31438,31484,7.36,219.0,-85.671,1140.462,1,1,1
79316979,77992,3,35.00,-35.00,35.75,-32.62,0.615,-0.638,-31417,31463,7.35,221.2,-75.854,1139.702,1,1,1
79326990,78002,3,35.00,-35.00,34.70,-33.82,0.620,-0.635,-31395,31438,7.34,224.0,-69.268,1139.008,1,1,1
79336998,78012,3,35.00,-35.00,34.83,-34.22,0.620,-0.635,-31371,31414,7.34,226.5,-70.671,1138.299,1,1,1
79347005,78023,3,35.00,-35.00,36.25,-34.50,0.615,-0.635,-31344,31390,7.33,227.3,-80.854,1137.489,1,1,1
79357007,78033,3,35.00,-35.00,36.80,-34.70,0.619,-0.640,-31318,31366,7.27,222.5,-94.634,1136.541,1,1,1
79367020,78043,3,35.00,-35.00,37.19,-35.28,0.614,-0.635,-31292,31341,7.31,228.0,-103.537,1135.504,1,1,1
79377029,78053,3,35.00,-35.00,39.21,-34.80,0.605,-0.635,-31262,31318,7.33,224.3,-105.122,1134.451,1,1,1
79387036,78063,3,35.00,-35.00,41.95,-34.03,0.595,-0.640,-31229,31296,7.33,219.0,-100.610,1133.443,1,1,1
79397036,78073,3,35.00,-35.00,42.11,-33.49,0.594,-0.643,-31200,31274,7.33,218.8,-91.402,1132.528,1,1,1
79407044,78083,3,35.00,-35.00,39.58,-33.55,0.601,-0.643,-31177,31251,7.33,221.8,-84.695,1131.679,1,1,1
79417044,78093,3,35.00,-35.00,36.50,-34.03,0.611,-0.642,-31157,31227,7.32,224.0,-82.927,1130.848,1,1,1
79427051,78103,3,35.00,-35.00,32.58,-34.37,0.626,-0.641,-31141,31203,7.31,226.0,-82.317,1130.023,1,1,1
79437051,78113,3,35.00,-35.00,32.03,-34.60,0.630,-0.641,-31120,31179,7.29,233.2,-80.732,1129.214,1,1,1
79447059,78123,3,35.00,-35.00,32.97,-34.77,0.628,-0.640,-31096,31155,7.30,232.5,-79.085,1128.422,1,1,1
79457059,78133,3,35.00,-35.00,34.94,-35.76,0.621,-0.636,-31069,31129,7.31,232.2,-85.976,1127.561,1,1,1
79467059,78143,3,35.00,-35.00,36.77,-35.14,0.614,-0.638,-31041,31106,7.32,227.8,-96.098,1126.598,1,1,1
79477059,78153,3,35.00,-35.00,39.36,-35.15,0.604,-0.639,-31010,31082,7.32,226.0,-99.329,1125.603,1,1,1
79487059,78163,3,35.00,-35.00,39.86,-34.71,0.600,-0.640,-30982,31059,7.33,219.8,-92.988,1124.672,1,1,1
79497066,78173,3,35.00,-35.00,38.45,-34.40,0.605,-0.642,-30958,31036,7.32,219.5,-84.207,1123.828,1,1,1
79507066,78183,3,35.00,-35.00,35.70,-34.19,0.613,-0.643,-30938,31013,7.32,223.8,-77.012,1123.056,1,1,1
79517066,78193,3,35.00,-35.00,32.90,-34.48,0.624,-0.642,-30920,30989,7.31,227.3,-73.110,1122.323,1,1,1
79527066,78203,3,35.00,-35.00,32.26,-35.12,0.628,-0.640,-30899,30964,7.31,229.5,-73.354,1121.588,1,1,1
79537066,78213,3,35.00,-35.00,33.13,-35.57,0.625,-0.638,-30875,30939,7.31,232.2,-77.012,1120.816,1,1,1
79547066,78223,3,35.00,-35.00,34.62,-36.77,0.620,-0.632,-30849,30912,7.32,230.8,-88.293,1119.932,1,1,1
79557075,78233,3,35.00,-35.00,35.66,-37.16,0.617,-0.631,-30823,30886,7.32,224.8,-99.512,1118.935,1,1,1
79567075,78243,3,35.00,-35.00,35.95,-36.56,0.616,-0.633,-30798,30862,7.31,222.0,-102.622,1117.907,1,1,1
79577075,78253,3,35.00,-35.00,37.03,-34.38,0.610,-0.640,-30771,30842,7.33,223.8,-98.110,1116.924,1,1,1
79587075,78263,3,35.00,-35.00,39.10,-33.73,0.603,-0.645,-30741,30820,7.31,223.2,-87.744,1116.045,1,1,1
79597090,78273,3,35.00,-35.00,38.80,-33.72,0.604,-0.645,-30715,30797,7.32,224.3,-82.744,1115.216,1,1,1
79607097,78283,3,35.00,-35.00,36.39,-34.15,0.609,-0.642,-30694,30773,7.34,226.3,-85.366,1114.361,1,1,1
79617105,78293,3,35.00,-35.00,33.38,-35.77,0.621,-0.636,-30676,30746,7.33,227.3,-89.451,1113.465,1,1,1
79627111,78303,3,35.00,-35.00,31.72,-36.47,0.626,-0.631,-30657,30720,7.35,228.8,-91.646,1112.547,1,1,1
79637111,78313,3,35.00,-35.00,33.19,-37.39,0.623,-0.628,-30632,30693,7.34,229.8,-90.061,1111.645,1,1,1
79647111,78323,3,35.00,-35.00,34.22,-38.92,0.620,-0.620,-30607,30664,7.35,226.8,-94.329,1110.700,1,1,1
79657112,78333,3,35.00,-35.00,34.94,-38.67,0.617,-0.619,-30582,30638,7.36,218.8,-104.451,1109.653,1,1,1
79667126,78343,3,35.00,-35.00,36.32,-37.61,0.614,-0.625,-30555,30614,7.34,216.0,-109.634,1108.555,1,1,1
79677127,78353,3,35.00,-35.00,37.29,-35.12,0.609,-0.634,-30528,30594,7.34,219.8,-103.720,1107.517,1,1,1
79687135,78363,3,35.00,-35.00,39.73,-32.49,0.599,-0.644,-30497,30576,7.34,222.5,-94.817,1106.567,1,1,1
79697142,78373,3,35.00,-35.00,37.92,-32.41,0.605,-0.646,-30474,30554,7.33,221.2,-89.024,1105.675,1,1,1
79707142,78383,3,35.00,-35.00,35.33,-33.68,0.614,-0.642,-30454,30529,7.32,228.3,-82.317,1104.850,1,1,1
79717142,78393,3,35.00,-35.00,32.20,-34.12,0.626,-0.641,-30437,30505,7.31,229.2,-78.110,1104.067,1,1,1
79727150,78403,3,35.00,-35.00,30.89,-34.87,0.633,-0.638,-30418,30480,7.30,230.5,-78.354,1103.282,1,1,1
79737157,78413,3,35.00,-35.00,32.61,-35.83,0.628,-0.635,-30393,30454,7.31,234.7,-81.098,1102.470,1,1,1
79747157,78423,3,35.00,-35.00,33.37,-36.51,0.626,-0.632,-30369,30428,7.31,231.0,-92.439,1101.544,1,1,1
79757163,78433,3,35.00,-35.00,34.79,-37.86,0.626,-0.630,-30343,30400,7.27,225.8,-104.573,1100.496,1,1,1
79767165,78443,3,35.00,-35.00,35.34,-37.49,0.619,-0.626,-30318,30375,7.32,228.0,-107.622,1099.418,1,1,1
79777165,78453,3,35.00,-35.00,37.04,-35.47,0.612,-0.632,-30290,30354,7.34,221.5,-101.402,1098.403,1,1,1
79787172,78463,3,35.00,-35.00,36.92,-34.50,0.612,-0.636,-30265,30332,7.33,221.5,-93.659,1097.464,1,1,1
79797172,78473,3,35.00,-35.00,34.19,-34.70,0.621,-0.636,-30246,30308,7.32,224.0,-86.890,1096.594,1,1,1
79807173,78483,3,35.00,-35.00,32.72,-35.27,0.627,-0.633,-30226,30283,7.32,228.0,-80.366,1095.789,1,1,1
79817181,78493,3,35.00,-35.00,32.57,-36.12,0.630,-0.631,-30204,30257,7.31,228.0,-79.146,1094.996,1,1,1
79827187,78503,3,35.00,-35.00,32.03,-37.59,0.633,-0.625,-30183,30229,7.32,229.0,-88.476,1094.109,1,1,1
79837196,78513,3,35.00,-35.00,33.41,-39.05,0.629,-0.620,-30158,30200,7.32,228.8,-102.988,1093.078,1,1,1
79847196,78523,3,35.00,-35.00,33.93,-40.08,0.628,-0.615,-30134,30171,7.34,223.8,-109.451,1091.982,1,1,1
79857203,78533,3,35.00,-35.00,34.74,-39.04,0.630,-0.622,-30109,30146,7.28,217.8,-103.780,1090.942,1,1,1
79867218,78543,3,35.00,-35.00,36.62,-36.56,0.619,-0.627,-30081,30125,7.33,224.8,-94.634,1089.994,1,1,1
79877226,78553,3,35.00,-35.00,37.50,-33.94,0.614,-0.636,-30054,30106,7.33,221.2,-87.561,1089.117,1,1,1
79887226,78563,3,35.00,-35.00,38.12,-33.43,0.611,-0.639,-30027,30084,7.33,223.5,-83.171,1088.284,1,1,1
79897233,78573,3,35.00,-35.00,35.47,-34.39,0.618,-0.634,-30007,30059,7.34,225.3,-83.171,1087.450,1,1,1
79907242,78583,3,35.00,-35.00,31.86,-35.93,0.632,-0.628,-29991,30032,7.34,226.3,-84.817,1086.600,1,1,1
79917242,78593,3,35.00,-35.00,30.65,-36.14,0.638,-0.626,-29972,30007,7.34,227.8,-82.988,1085.769,1,1,1
79927248,78603,3,35.00,-35.00,30.68,-37.16,0.640,-0.623,-29951,29980,7.33,229.5,-82.256,1084.945,1,1,1
79937256,78613,3,35.00,-35.00,32.47,-39.20,0.636,-0.616,-29926,29950,7.33,232.5,-89.573,1084.047,1,1,1
79947256,78623,3,35.00,-35.00,33.71,-39.30,0.633,-0.615,-29901,29923,7.33,224.8,-98.902,1083.057,1,1,1
79957263,78633,3,35.00,-35.00,33.71,-37.62,0.632,-0.619,-29878,29900,7.35,223.2,-99.390,1082.061,1,1,1
79967263,78643,3,35.00,-35.00,35.02,-34.24,0.627,-0.630,-29852,29882,7.35,225.3,-93.963,1081.120,1,1,1
79977272,78653,3,35.00,-35.00,35.50,-33.20,0.625,-0.635,-29827,29861,7.34,226.8,-86.098,1080.257,1,1,1
79987278,78663,3,35.00,-35.00,34.96,-33.79,0.628,-0.634,-29804,29837,7.33,229.0,-82.805,1079.427,1,1,1
79997287,78673,3,35.00,-35.00,35.46,-35.08,0.627,-0.631,-29779,29811,7.33,228.8,-87.988,1078.546,1,1,1
80007287,78683,3,35.00,-35.00,33.61,-35.54,0.632,-0.627,-29759,29786,7.34,228.3,-95.976,1077.585,1,1,1
80017294,78693,3,35.00,-35.00,32.75,-36.30,0.636,-0.624,-29738,29760,7.34,228.3,-99.573,1076.587,1,1,1
80027294,78703,3,35.00,-35.00,33.48,-37.72,0.636,-0.619,-29714,29732,7.33,227.5,-95.610,1075.630,1,1,1
80037294,78713,3,35.00,-35.00,34.42,-38.27,0.633,-0.617,-29689,29705,7.34,224.8,-95.671,1074.671,1,1,1
80047302,78723,3,35.00,-35.00,24.97,-37.77,0.667,-0.615,-29687,29680,7.33,223.2,-96.768,1073.702,1,1,1
80057302,78733,3,35.00,-35.00,17.48,-34.79,0.697,-0.624,-29687,29661,7.30,240.8,-97.805,1072.722,1,1,1
80067309,78743,3,35.00,-35.00,12.24,-33.14,0.721,-0.632,-29687,29641,7.24,266.2,-93.841,1071.782,1,1,1
80077309,78753,3,35.00,-35.00,8.57,-32.43,0.738,-0.634,-29687,29620,7.21,288.0,-89.573,1070.885,1,1,1
80087309,78763,3,35.00,-35.00,6.44,-33.69,0.751,-0.629,-29686,29595,7.18,299.8,-92.927,1069.954,1,1,1
80097317,78773,3,35.00,-35.00,4.50,-34.13,0.762,-0.626,-29686,29571,7.16,307.0,-100.366,1068.948,1,1,1
80107324,78783,3,35.00,-35.00,3.15,-34.88,0.769,-0.620,-29686,29546,7.17,313.8,-100.549,1067.941,1,1,1
80117332,78793,3,35.00,-35.00,7.04,-35.40,0.759,-0.615,-29675,29521,7.18,316.2,-94.939,1066.990,1,1,1
80127339,78803,3,35.00,-35.00,18.55,-36.64,0.723,-0.611,-29644,29494,7.19,300.2,-94.939,1066.039,1,1,1
80137348,78813,3,35.00,-35.00,26.17,-37.08,0.694,-0.605,-29614,29468,7.24,267.2,-97.805,1065.060,1,1,1
80147354,78823,3,35.00,-35.00,31.94,-36.06,0.672,-0.605,-29583,29445,7.29,246.0,-102.012,1064.038,1,1,1
80157363,78833,3,35.00,-35.00,35.98,-33.15,0.655,-0.614,-29552,29427,7.32,231.2,-104.756,1062.989,1,1,1
80167369,78843,3,35.00,-35.00,40.13,-30.24,0.637,-0.625,-29518,29411,7.33,226.5,-102.012,1061.967,1,1,1
80177370,78853,3,35.00,-35.00,40.83,-30.40,0.633,-0.627,-29489,29390,7.33,225.5,-97.744,1060.988,1,1,1
80187385,78863,3,35.00,-35.00,41.33,-31.38,0.630,-0.627,-29460,29367,7.32,223.2,-95.366,1060.032,1,1,1
80197385,78873,3,35.00,-35.00,40.80,-32.08,0.627,-0.624,-29433,29344,7.34,221.8,-94.634,1059.084,1,1,1
80207393,78883,3,35.00,-35.00,42.62,-33.00,0.619,-0.624,-29401,29320,7.34,221.8,-96.220,1058.121,1,1,1
80217393,78893,3,35.00,-35.00,43.02,-33.65,0.615,-0.622,-29371,29296,7.34,216.8,-104.512,1057.074,1,1,1
80227393,78903,3,35.00,-35.00,44.17,-36.30,0.609,-0.615,-29339,29267,7.34,215.0,-112.622,1055.946,1,1,1
80237400,78913,3,35.00,-35.00,45.86,-35.52,0.600,-0.617,-29305,29244,7.36,210.2,-116.341,1054.781,1,1,1
80247400,78923,3,35.00,-35.00,46.61,-35.41,0.596,-0.618,-29272,29220,7.37,207.7,-113.049,1053.649,1,1,1
80257408,78933,3,35.00,-35.00,44.93,-34.89,0.604,-0.624,-29244,29197,7.32,203.0,-107.683,1052.570,1,1,1
80267415,78943,3,35.00,-35.00,42.00,-33.65,0.609,-0.625,-29220,29176,7.36,210.7,-100.305,1051.566,1,1,1
80277423,78953,3,35.00,-35.00,39.94,-32.79,0.615,-0.629,-29196,29155,7.35,214.8,-89.451,1050.670,1,1,1
80287430,78963,3,35.00,-35.00,39.39,-31.30,0.617,-0.637,-29170,29136,7.34,218.5,-79.512,1049.873,1,1,1
80297430,78973,3,35.00,-35.00,40.75,-31.14,0.612,-0.641,-29140,29115,7.33,221.5,-72.012,1049.151,1,1,1
80307430,78983,3,35.00,-35.00,41.27,-31.90,0.609,-0.639,-29111,29092,7.34,224.0,-76.951,1048.380,1,1,1
80317439,78993,3,35.00,-35.00,42.51,-32.44,0.605,-0.640,-29080,29069,7.33,221.5,-87.195,1047.506,1,1,1
80327439,79003,3,35.00,-35.00,44.70,-32.82,0.596,-0.640,-29046,29046,7.34,219.2,-94.939,1046.555,1,1,1
80337446,79013,3,35.00,-35.00,42.72,-33.52,0.601,-0.638,-29020,29022,7.35,217.5,-98.598,1045.568,1,1,1
80347454,79023,3,35.00,-35.00,40.45,-33.57,0.608,-0.640,-28996,28999,7.34,220.5,-99.329,1044.573,1,1,1
80357460,79033,3,35.00,-35.00,37.54,-33.61,0.620,-0.642,-28975,28976,7.30,220.0,-92.439,1043.647,1,1,1
80367469,79043,3,35.00,-35.00,37.71,-33.19,0.617,-0.642,-28949,28954,7.33,227.0,-85.854,1042.787,1,1,1
80377476,79053,3,35.00,-35.00,38.70,-33.78,0.613,-0.642,-28921,28930,7.33,228.8,-84.939,1041.936,1,1,1
80387484,79063,3,35.00,-35.00,39.39,-34.19,0.611,-0.641,-28893,28906,7.33,226.8,-95.000,1040.984,1,1,1
80397485,79073,3,35.00,-35.00,39.88,-34.04,0.608,-0.642,-28865,28883,7.33,224.0,-106.646,1039.916,1,1,1
80407493,79083,3,35.00,-35.00,40.66,-34.82,0.605,-0.641,-28836,28858,7.33,224.5,-112.012,1038.794,1,1,1
80417500,79093,3,35.00,-35.00,42.52,-35.36,0.599,-0.640,-28804,28833,7.33,223.5,-111.220,1037.680,1,1,1
80427508,79103,3,35.00,-35.00,39.87,-35.30,0.606,-0.639,-28781,28809,7.34,218.5,-108.171,1036.597,1,1,1
80437515,79113,3,35.00,-35.00,36.70,-35.26,0.617,-0.639,-28761,28785,7.34,219.2,-96.646,1035.629,1,1,1
80447515,79123,3,35.00,-35.00,36.68,-33.47,0.616,-0.646,-28736,28765,7.33,224.0,-81.463,1034.812,1,1,1
80457524,79133,3,35.00,-35.00,36.66,-33.53,0.617,-0.647,-28711,28742,7.32,227.0,-73.415,1034.077,1,1,1
80467530,79143,3,35.00,-35.00,37.09,-34.46,0.615,-0.644,-28685,28717,7.32,229.2,-78.476,1033.290,1,1,1
80477538,79153,3,35.00,-35.00,37.39,-34.67,0.615,-0.645,-28659,28693,7.31,227.5,-92.134,1032.367,1,1,1
80487545,79163,3,35.00,-35.00,38.48,-35.25,0.613,-0.645,-28631,28668,7.30,228.0,-104.390,1031.322,1,1,1
80497554,79173,3,35.00,-35.00,39.68,-35.23,0.607,-0.644,-28602,28644,7.31,227.5,-111.646,1030.204,1,1,1
80507561,79183,3,35.00,-35.00,39.20,-36.52,0.608,-0.639,-28576,28617,7.32,222.8,-113.293,1029.069,1,1,1
80517576,79193,3,35.00,-35.00,37.11,-39.63,0.617,-0.628,-28554,28585,7.31,221.2,-111.524,1027.952,1,1,1
80527584,79203,3,35.00,-35.00,35.64,-38.73,0.623,-0.631,-28532,28560,7.29,217.0,-99.146,1026.959,1,1,1
80537584,79213,3,35.00,-35.00,35.06,-36.78,0.626,-0.638,-28509,28538,7.28,220.0,-85.854,1026.099,1,1,1
80547584,79223,3,35.00,-35.00,35.09,-34.53,0.627,-0.647,-28485,28518,7.26,227.8,-81.402,1025.283,1,1,1
80557591,79233,3,35.00,-35.00,35.99,-32.52,0.624,-0.655,-28459,28499,7.25,232.5,-86.463,1024.417,1,1,1
80567591,79243,3,35.00,-35.00,36.62,-33.75,0.622,-0.652,-28433,28474,7.24,234.2,-92.805,1023.488,1,1,1
80577599,79253,3,35.00,-35.00,38.38,-35.05,0.616,-0.648,-28404,28448,7.25,232.2,-96.829,1022.518,1,1,1
80587606,79263,3,35.00,-35.00,38.73,-35.08,0.615,-0.649,-28377,28424,7.25,228.0,-100.244,1021.514,1,1,1
80597606,79273,3,35.00,-35.00,37.66,-35.54,0.617,-0.646,-28353,28399,7.26,227.5,-101.524,1020.497,1,1,1
80607615,79283,3,35.00,-35.00,35.59,-36.31,0.624,-0.643,-28332,28373,7.26,226.0,-98.841,1019.507,1,1,1
80617630,79293,3,35.00,-35.00,32.82,-35.96,0.633,-0.642,-28314,28349,7.27,224.3,-88.110,1018.624,1,1,1
80627636,79303,3,35.00,-35.00,31.32,-35.72,0.640,-0.643,-28295,28325,7.26,230.0,-73.476,1017.887,1,1,1
80637645,79313,3,35.00,-35.00,30.28,-35.99,0.646,-0.642,-28276,28300,7.25,235.5,-72.805,1017.158,1,1,1
80647652,79323,3,35.00,-35.00,33.06,-36.62,0.639,-0.641,-28249,28274,7.24,237.2,-83.293,1016.323,1,1,1
80657660,79333,3,35.00,-35.00,34.13,-37.06,0.636,-0.638,-28224,28248,7.24,234.5,-95.854,1015.363,1,1,1
80667667,79343,3,35.00,-35.00,36.19,-37.37,0.629,-0.636,-28196,28222,7.25,232.5,-107.073,1014.291,1,1,1
80677675,79353,3,35.00,-35.00,35.88,-38.46,0.629,-0.631,-28172,28194,7.26,229.2,-115.671,1013.132,1,1,1
80687675,79363,3,35.00,-35.00,36.10,-41.43,0.629,-0.619,-28147,28161,7.26,224.5,-119.024,1011.940,1,1,1
80697682,79373,3,35.00,-35.00,36.70,-40.86,0.626,-0.618,-28121,28134,7.28,219.5,-112.378,1010.815,1,1,1
80707690,79383,3,35.00,-35.00,35.80,-39.59,0.630,-0.622,-28098,28109,7.26,218.2,-100.061,1009.813,1,1,1
80717690,79393,3,35.00,-35.00,34.29,-36.94,0.636,-0.631,-28077,28088,7.24,219.5,-89.207,1008.919,1,1,1
80727697,79403,3,35.00,-35.00,34.11,-33.77,0.637,-0.642,-28054,28070,7.23,226.8,-80.671,1008.111,1,1,1
80737697,79413,3,35.00,-35.00,33.98,-33.75,0.638,-0.642,-28031,28047,7.23,231.8,-77.195,1007.337,1,1,1
80747705,79423,3,35.00,-35.00,34.77,-35.93,0.636,-0.636,-28006,28019,7.23,235.0,-80.671,1006.529,1,1,1
80757718,79433,3,35.00,-35.00,35.77,-36.14,0.637,-0.639,-27980,27994,7.18,225.0,-92.134,1005.606,1,1,1
80767721,79443,3,35.00,-35.00,35.58,-36.72,0.634,-0.632,-27956,27968,7.22,231.8,-102.256,1004.582,1,1,1
80777721,79453,3,35.00,-35.00,35.90,-38.01,0.633,-0.627,-27931,27940,7.23,225.0,-107.195,1003.508,1,1,1
80787721,79463,3,35.00,-35.00,36.11,-38.91,0.632,-0.622,-27906,27912,7.24,221.0,-103.598,1002.470,1,1,1
80797721,79473,3,35.00,-35.00,35.83,-37.78,0.632,-0.625,-27882,27888,7.24,219.2,-96.280,1001.506,1,1,1
80807721,79483,3,35.00,-35.00,36.50,-35.68,0.629,-0.632,-27856,27867,7.24,221.5,-89.512,1000.609,1,1,1
80817727,79493,3,35.00,-35.00,36.10,-34.64,0.631,-0.637,-27832,27845,7.23,221.8,-80.610,999.802,1,1,1
80827727,79503,3,35.00,-35.00,35.82,-35.24,0.631,-0.634,-27808,27820,7.23,224.3,-76.768,999.032,1,1,1
80837727,79513,3,35.00,-35.00,36.06,-36.09,0.630,-0.631,-27783,27794,7.24,226.3,-82.744,998.203,1,1,1
80847727,79523,3,35.00,-35.00,36.67,-36.69,0.627,-0.629,-27757,27768,7.24,224.3,-96.951,997.232,1,1,1
80857740,79533,3,35.00,-35.00,37.53,-37.55,0.630,-0.632,-27730,27741,7.18,219.0,-109.451,996.136,1,1,1
80867743,79543,3,35.00,-35.00,38.14,-39.03,0.625,-0.623,-27703,27712,7.22,224.0,-116.463,994.970,1,1,1
80877751,79553,3,35.00,-35.00,39.44,-39.62,0.620,-0.621,-27674,27684,7.23,219.5,-117.256,993.795,1,1,1
80887751,79563,3,35.00,-35.00,42.55,-39.16,0.609,-0.623,-27640,27658,7.24,213.5,-113.537,992.658,1,1,1
80897758,79573,3,35.00,-35.00,42.09,-37.52,0.608,-0.627,-27612,27635,7.25,212.5,-102.561,991.631,1,1,1
80907758,79583,3,35.00,-35.00,40.89,-34.61,0.613,-0.639,-27586,27616,7.23,213.2,-88.902,990.740,1,1,1
80917758,79593,3,35.00,-35.00,38.73,-33.46,0.622,-0.647,-27563,27595,7.19,218.2,-75.244,989.986,1,1,1
80927758,79603,3,35.00,-35.00,35.46,-33.53,0.633,-0.647,-27544,27572,7.18,225.3,-68.780,989.297,1,1,1
80937758,79613,3,35.00,-35.00,33.61,-34.46,0.642,-0.645,-27524,27547,7.17,232.7,-70.183,988.593,1,1,1
80947766,79623,3,35.00,-35.00,34.51,-35.11,0.640,-0.644,-27499,27522,7.16,234.0,-76.402,987.828,1,1,1
80957773,79633,3,35.00,-35.00,36.46,-35.56,0.633,-0.642,-27471,27497,7.16,230.5,-90.671,986.919,1,1,1
80967773,79643,3,35.00,-35.00,37.39,-36.76,0.629,-0.638,-27444,27470,7.17,230.5,-104.512,985.873,1,1,1
80977781,79653,3,35.00,-35.00,38.92,-38.47,0.624,-0.632,-27415,27441,7.18,226.3,-108.110,984.790,1,1,1
80987788,79663,3,35.00,-35.00,39.99,-37.48,0.620,-0.636,-27386,27417,7.17,219.0,-99.756,983.791,1,1,1
80997797,79673,3,35.00,-35.00,41.17,-34.58,0.613,-0.644,-27356,27398,7.19,219.8,-88.537,982.904,1,1,1
81007803,79683,3,35.00,-35.00,38.93,-33.44,0.620,-0.649,-27333,27377,7.19,220.8,-79.024,982.112,1,1,1
81017803,79693,3,35.00,-35.00,36.48,-33.51,0.629,-0.650,-27312,27354,7.17,224.8,-72.866,981.382,1,1,1
81027803,79703,3,35.00,-35.00,35.20,-34.45,0.633,-0.647,-27290,27329,7.17,230.8,-73.963,980.640,1,1,1
81037803,79713,3,35.00,-35.00,35.63,-35.10,0.633,-0.646,-27265,27304,7.16,231.2,-82.805,979.811,1,1,1
81047803,79723,3,35.00,-35.00,36.81,-35.56,0.630,-0.645,-27238,27279,7.16,229.8,-96.951,978.839,1,1,1
81057803,79733,3,35.00,-35.00,36.75,-35.88,0.629,-0.643,-27213,27254,7.16,227.8,-107.683,977.761,1,1,1
81067803,79743,3,35.00,-35.00,38.47,-35.66,0.622,-0.644,-27184,27230,7.17,229.2,-110.305,976.656,1,1,1
81077803,79753,3,35.00,-35.00,41.43,-35.07,0.612,-0.647,-27151,27207,7.18,224.0,-110.305,975.552,1,1,1
81087812,79763,3,35.00,-35.00,43.50,-34.22,0.605,-0.652,-27118,27185,7.17,220.5,-102.744,974.523,1,1,1
81097818,79773,3,35.00,-35.00,42.32,-34.06,0.608,-0.653,-27091,27162,7.17,222.5,-91.280,973.608,1,1,1
81107827,79783,3,35.00,-35.00,40.61,-33.95,0.612,-0.654,-27066,27139,7.17,226.8,-86.037,972.746,1,1,1
81117827,79793,3,35.00,-35.00,36.78,-34.75,0.625,-0.651,-27047,27114,7.16,226.5,-85.183,971.893,1,1,1
81127827,79803,3,35.00,-35.00,31.90,-35.31,0.643,-0.649,-27033,27089,7.15,228.8,-86.402,971.027,1,1,1
81137827,79813,3,35.00,-35.00,32.43,-36.14,0.634,-0.637,-27010,27063,7.25,241.0,-86.463,970.161,1,1,1
81147827,79823,3,35.00,-35.00,35.01,-36.73,0.626,-0.635,-26982,27037,7.25,230.2,-84.573,969.313,1,1,1
81157834,79833,3,35.00,-35.00,35.93,-36.69,0.623,-0.635,-26956,27012,7.25,223.2,-90.122,968.411,1,1,1
81167834,79843,3,35.00,-35.00,38.78,-36.67,0.612,-0.635,-26925,26987,7.26,223.0,-100.671,967.402,1,1,1
81177834,79853,3,35.00,-35.00,41.21,-36.66,0.603,-0.636,-26893,26962,7.26,220.2,-101.098,966.390,1,1,1
81187842,79863,3,35.00,-35.00,40.27,-34.45,0.604,-0.643,-26867,26942,7.27,215.2,-91.890,965.469,1,1,1
81197849,79873,3,35.00,-35.00,38.30,-34.22,0.613,-0.647,-26844,26919,7.24,220.0,-84.329,964.624,1,1,1
81207849,79883,3,35.00,-35.00,35.60,-34.06,0.624,-0.649,-26824,26896,7.21,222.2,-76.829,963.854,1,1,1
81217849,79893,3,35.00,-35.00,32.39,-34.83,0.638,-0.648,-26807,26871,7.19,230.5,-72.378,963.129,1,1,1
81227849,79903,3,35.00,-35.00,32.78,-35.37,0.639,-0.648,-26784,26846,7.17,232.7,-72.744,962.400,1,1,1
81237849,79913,3,35.00,-35.00,35.25,-36.18,0.631,-0.646,-26756,26820,7.16,235.5,-79.329,961.605,1,1,1
81247857,79923,3,35.00,-35.00,36.54,-36.31,0.626,-0.644,-26729,26795,7.17,229.5,-92.317,960.680,1,1,1
81257864,79933,3,35.00,-35.00,36.56,-36.41,0.625,-0.643,-26704,26770,7.18,225.3,-101.402,959.664,1,1,1
81267872,79943,3,35.00,-35.00,38.34,-36.03,0.620,-0.647,-26675,26746,7.16,224.0,-101.402,958.649,1,1,1
81277879,79953,3,35.00,-35.00,40.90,-34.89,0.611,-0.652,-26643,26724,7.17,227.5,-93.963,957.707,1,1,1
81287879,79963,3,35.00,-35.00,40.93,-34.97,0.610,-0.652,-26615,26700,7.17,225.0,-89.817,956.808,1,1,1
81297888,79973,3,35.00,-35.00,39.20,-35.47,0.615,-0.650,-26591,26675,7.17,222.8,-92.439,955.882,1,1,1
81307894,79983,3,35.00,-35.00,36.23,-36.25,0.624,-0.646,-26571,26649,7.17,226.8,-94.512,954.935,1,1,1
81317903,79993,3,35.00,-35.00,33.71,-36.80,0.634,-0.644,-26552,26623,7.17,227.0,-96.159,953.972,1,1,1
81327910,80003,3,35.00,-35.00,31.95,-37.63,0.641,-0.641,-26533,26596,7.16,229.2,-93.598,953.034,1,1,1
81337910,80013,3,35.00,-35.00,34.23,-38.20,0.636,-0.640,-26506,26569,7.15,232.7,-88.902,952.143,1,1,1
81347918,80023,3,35.00,-35.00,34.51,-38.17,0.634,-0.638,-26482,26543,7.17,226.8,-92.317,951.219,1,1,1
81357931,80033,3,35.00,-35.00,36.02,-37.70,0.629,-0.641,-26455,26518,7.16,224.8,-102.378,950.193,1,1,1
81367940,80043,3,35.00,-35.00,37.52,-35.18,0.620,-0.647,-26427,26498,7.19,228.0,-105.915,949.132,1,1,1
81377940,80053,3,35.00,-35.00,39.89,-33.42,0.611,-0.654,-26396,26478,7.19,227.0,-100.488,948.126,1,1,1
81387948,80063,3,35.00,-35.00,38.47,-33.50,0.616,-0.655,-26372,26455,7.18,224.8,-94.573,947.178,1,1,1
81397955,80073,3,35.00,-35.00,36.59,-35.31,0.623,-0.650,-26350,26428,7.17,228.8,-88.841,946.288,1,1,1
81407955,80083,3,35.00,-35.00,33.97,-35.27,0.631,-0.648,-26331,26404,7.19,230.8,-86.341,945.423,1,1,1
81417955,80093,3,35.00,-35.00,33.44,-35.67,0.633,-0.646,-26309,26379,7.19,232.2,-87.073,944.551,1,1,1
81427955,80103,3,35.00,-35.00,34.40,-36.84,0.632,-0.643,-26284,26352,7.17,230.5,-88.293,943.666,1,1,1
81437963,80113,3,35.00,-35.00,35.50,-37.21,0.629,-0.642,-26258,26326,7.17,228.8,-96.341,942.701,1,1,1
81447963,80123,3,35.00,-35.00,36.72,-38.35,0.624,-0.638,-26231,26298,7.18,225.8,-108.780,941.612,1,1,1
81457970,80133,3,35.00,-35.00,38.45,-36.95,0.616,-0.641,-26202,26275,7.20,222.8,-111.646,940.494,1,1,1
81467970,80143,3,35.00,-35.00,39.22,-35.54,0.613,-0.647,-26174,26253,7.19,222.5,-103.293,939.459,1,1,1
81477970,80153,3,35.00,-35.00,38.00,-34.98,0.619,-0.650,-26150,26230,7.17,222.5,-95.305,938.505,1,1,1
81487979,80163,3,35.00,-35.00,34.95,-35.47,0.628,-0.647,-26131,26205,7.19,228.8,-86.768,937.635,1,1,1
81497990,80173,3,35.00,-35.00,32.81,-36.70,0.638,-0.644,-26112,26178,7.16,230.2,-81.707,936.816,1,1,1
81507999,80184,3,35.00,-35.00,32.64,-37.11,0.640,-0.642,-26090,26152,7.16,231.8,-82.256,935.992,1,1,1
81518006,80194,3,35.00,-35.00,32.95,-38.72,0.641,-0.637,-26067,26123,7.16,231.8,-88.232,935.108,1,1,1
81528020,80204,3,35.00,-35.00,34.05,-39.41,0.638,-0.635,-26042,26095,7.15,230.2,-99.451,934.112,1,1,1
81538029,80214,3,35.00,-35.00,35.26,-39.89,0.634,-0.633,-26016,26067,7.16,227.0,-107.378,933.037,1,1,1
81548036,80224,3,35.00,-35.00,36.99,-38.03,0.628,-0.639,-25988,26044,7.15,223.8,-104.451,931.991,1,1,1
81558036,80234,3,35.00,-35.00,39.52,-35.41,0.618,-0.649,-25957,26024,7.15,224.0,-96.890,931.020,1,1,1
81568036,80244,3,35.00,-35.00,39.97,-34.46,0.616,-0.653,-25929,26002,7.15,225.5,-90.671,930.112,1,1,1
81578036,80254,3,35.00,-35.00,38.08,-35.11,0.621,-0.650,-25906,25977,7.16,226.5,-89.512,929.215,1,1,1
81588044,80264,3,35.00,-35.00,35.45,-36.44,0.630,-0.645,-25886,25950,7.16,226.8,-88.293,928.330,1,1,1
81598044,80274,3,35.00,-35.00,31.40,-36.93,0.642,-0.639,-25871,25924,7.19,228.3,-84.756,927.481,1,1,1
81608044,80284,3,35.00,-35.00,30.77,-37.28,0.647,-0.638,-25851,25898,7.18,232.7,-83.171,926.648,1,1,1
81618051,80294,3,35.00,-35.00,31.65,-38.40,0.648,-0.637,-25828,25870,7.15,230.2,-82.317,925.823,1,1,1
81628051,80304,3,35.00,-35.00,34.02,-39.62,0.643,-0.634,-25801,25841,7.13,232.7,-89.817,924.923,1,1,1
81638059,80314,3,35.00,-35.00,34.36,-39.16,0.641,-0.633,-25777,25815,7.16,228.0,-98.902,923.933,1,1,1
81648066,80324,3,35.00,-35.00,34.60,-36.64,0.640,-0.642,-25753,25794,7.15,226.3,-98.963,922.941,1,1,1
81658074,80334,3,35.00,-35.00,36.52,-34.00,0.634,-0.653,-25725,25775,7.13,230.0,-93.780,922.002,1,1,1
81668081,80344,3,35.00,-35.00,37.43,-34.35,0.632,-0.653,-25698,25751,7.12,232.0,-88.963,921.111,1,1,1
81678081,80354,3,35.00,-35.00,38.51,-35.47,0.627,-0.650,-25670,25725,7.12,230.0,-92.134,920.188,1,1,1
81688090,80364,3,35.00,-35.00,36.18,-36.25,0.635,-0.647,-25649,25699,7.11,228.0,-100.549,919.180,1,1,1
81698096,80374,3,35.00,-35.00,35.44,-36.80,0.636,-0.643,-25626,25673,7.13,232.7,-102.622,918.153,1,1,1
81708105,80384,3,35.00,-35.00,33.15,-37.63,0.635,-0.631,-25607,25646,7.23,233.5,-97.195,917.179,1,1,1
81718111,80394,3,35.00,-35.00,30.24,-37.77,0.645,-0.627,-25591,25620,7.26,226.0,-91.341,916.264,1,1,1
81728111,80404,3,35.00,-35.00,21.17,-38.30,0.681,-0.622,-25591,25593,7.25,228.0,-85.549,915.407,1,1,1
81738111,80414,3,35.00,-35.00,14.82,-35.60,0.714,-0.634,-25591,25573,7.17,246.2,-86.768,914.538,1,1,1
81748112,80424,3,35.00,-35.00,10.37,-34.59,0.738,-0.639,-25591,25551,7.11,273.2,-93.293,913.603,1,1,1
81758120,80434,3,35.00,-35.00,7.70,-33.88,0.749,-0.638,-25590,25529,7.11,296.0,-93.963,912.662,1,1,1
81768120,80444,3,35.00,-35.00,5.39,-34.70,0.753,-0.626,-25590,25504,7.18,312.8,-96.524,911.695,1,1,1
81778127,80454,3,35.00,-35.00,3.77,-35.28,0.758,-0.617,-25590,25479,7.22,309.0,-104.268,910.651,1,1,1
81788135,80464,3,35.00,-35.00,2.64,-35.68,0.765,-0.611,-25590,25454,7.23,306.8,-105.244,909.596,1,1,1
81798142,80474,3,35.00,-35.00,12.84,-36.40,0.734,-0.609,-25565,25428,7.23,309.5,-101.341,908.581,1,1,1
81808150,80484,3,35.00,-35.00,23.05,-37.35,0.699,-0.603,-25533,25401,7.27,278.0,-104.268,907.537,1,1,1
81818150,80494,3,35.00,-35.00,28.88,-38.01,0.681,-0.601,-25504,25374,7.28,244.5,-109.756,906.438,1,1,1
81828151,80504,3,35.00,-35.00,34.28,-36.71,0.663,-0.605,-25472,25351,7.28,234.7,-111.646,905.320,1,1,1
81838165,80514,3,35.00,-35.00,39.37,-33.17,0.642,-0.618,-25437,25334,7.30,226.3,-109.268,904.226,1,1,1
81848172,80524,3,35.00,-35.00,43.38,-30.69,0.627,-0.631,-25401,25317,7.28,218.0,-103.476,903.189,1,1,1
81858178,80534,3,35.00,-35.00,43.99,-30.71,0.625,-0.637,-25370,25296,7.24,216.2,-99.817,902.189,1,1,1
81868187,80544,3,35.00,-35.00,42.22,-32.04,0.625,-0.631,-25344,25272,7.27,223.8,-95.183,901.236,1,1,1
81878187,80554,3,35.00,-35.00,40.98,-32.10,0.623,-0.628,-25318,25250,7.32,221.8,-96.159,900.273,1,1,1
81888196,80564,3,35.00,-35.00,41.43,-33.02,0.623,-0.630,-25289,25226,7.28,216.0,-96.951,899.302,1,1,1
81898196,80574,3,35.00,-35.00,42.18,-33.66,0.616,-0.628,-25259,25202,7.29,219.5,-101.524,898.285,1,1,1
81908203,80584,3,35.00,-35.00,42.71,-35.43,0.614,-0.623,-25229,25175,7.29,217.0,-108.537,897.198,1,1,1
81918211,80594,3,35.00,-35.00,43.96,-35.78,0.608,-0.622,-25197,25150,7.30,211.8,-110.122,896.095,1,1,1
81928218,80604,3,35.00,-35.00,43.08,-36.04,0.611,-0.622,-25169,25125,7.30,212.8,-107.439,895.019,1,1,1
81938218,80614,3,35.00,-35.00,42.46,-35.33,0.612,-0.624,-25141,25102,7.30,212.8,-98.720,894.030,1,1,1
81948226,80624,3,35.00,-35.00,42.90,-34.40,0.609,-0.629,-25111,25080,7.30,211.5,-90.000,893.128,1,1,1
81958233,80634,3,35.00,-35.00,42.34,-32.43,0.611,-0.638,-25083,25061,7.29,214.0,-88.293,892.244,1,1,1
81968241,80644,3,35.00,-35.00,42.38,-31.49,0.610,-0.643,-25054,25041,7.29,219.2,-87.195,891.370,1,1,1
81978248,80654,3,35.00,-35.00,42.41,-31.71,0.609,-0.645,-25025,25019,7.28,219.5,-85.854,890.510,1,1,1
81988256,80664,3,35.00,-35.00,43.75,-32.31,0.603,-0.645,-24993,24996,7.28,221.8,-86.037,889.648,1,1,1
81998263,80674,3,35.00,-35.00,44.25,-32.72,0.602,-0.647,-24962,24973,7.26,220.2,-90.488,888.741,1,1,1
82008263,80684,3,35.00,-35.00,43.28,-33.01,0.604,-0.647,-24934,24950,7.26,221.8,-96.341,887.776,1,1,1
82018263,80694,3,35.00,-35.00,40.84,-33.66,0.612,-0.646,-24910,24926,7.26,220.5,-95.061,886.824,1,1,1
82028263,80704,3,35.00,-35.00,39.14,-33.67,0.617,-0.646,-24886,24903,7.26,222.8,-95.061,885.872,1,1,1
82038263,80714,3,35.00,-35.00,38.82,-33.23,0.618,-0.649,-24860,24881,7.26,227.5,-86.768,885.003,1,1,1
82048263,80724,3,35.00,-35.00,39.48,-33.37,0.617,-0.652,-24832,24858,7.23,226.5,-84.451,884.156,1,1,1
82058272,80734,3,35.00,-35.00,39.94,-33.91,0.614,-0.650,-24804,24834,7.25,229.0,-92.805,883.227,1,1,1
82068278,80744,3,35.00,-35.00,40.70,-34.28,0.610,-0.649,-24775,24810,7.25,227.3,-104.695,882.178,1,1,1
82078278,80754,3,35.00,-35.00,41.68,-34.10,0.608,-0.652,-24745,24787,7.24,223.8,-110.732,881.069,1,1,1
82088287,80764,3,35.00,-35.00,42.80,-34.86,0.602,-0.650,-24714,24762,7.25,226.8,-112.195,879.946,1,1,1
82098287,80774,3,35.00,-35.00,41.38,-35.39,0.606,-0.648,-24688,24737,7.25,222.5,-112.134,878.823,1,1,1
82108287,80784,3,35.00,-35.00,37.32,-36.20,0.623,-0.648,-24669,24711,7.21,221.5,-108.293,877.738,1,1,1
82118287,80794,3,35.00,-35.00,36.23,-34.57,0.625,-0.653,-24646,24690,7.22,225.8,-93.598,876.800,1,1,1
82128293,80804,3,35.00,-35.00,37.23,-33.43,0.623,-0.658,-24619,24669,7.21,229.8,-79.207,876.007,1,1,1
82138302,80814,3,35.00,-35.00,38.36,-33.94,0.619,-0.658,-24591,24645,7.20,233.0,-76.037,875.245,1,1,1
82148302,80824,3,35.00,-35.00,38.28,-34.31,0.620,-0.658,-24565,24621,7.20,231.2,-83.841,874.405,1,1,1
82158309,80834,3,35.00,-35.00,38.66,-35.00,0.618,-0.656,-24538,24596,7.20,232.0,-94.756,873.456,1,1,1
82168309,80844,3,35.00,-35.00,40.25,-35.49,0.612,-0.655,-24508,24571,7.20,231.8,-104.146,872.412,1,1,1
82178309,80854,3,35.00,-35.00,39.60,-35.39,0.614,-0.655,-24482,24547,7.20,227.0,-109.146,871.319,1,1,1
82188309,80864,3,35.00,-35.00,37.83,-36.20,0.619,-0.652,-24459,24521,7.20,225.8,-111.280,870.205,1,1,1
82198309,80874,3,35.00,-35.00,35.71,-38.96,0.629,-0.643,-24438,24490,7.19,226.0,-106.524,869.138,1,1,1
82208309,80884,3,35.00,-35.00,35.54,-38.26,0.631,-0.645,-24414,24465,7.17,222.8,-94.146,868.195,1,1,1
82218309,80894,3,35.00,-35.00,35.87,-36.45,0.629,-0.651,-24389,24443,7.17,227.0,-84.939,867.344,1,1,1
82228309,80904,3,35.00,-35.00,36.53,-34.30,0.626,-0.658,-24363,24423,7.17,230.5,-87.256,866.470,1,1,1
82238309,80914,3,35.00,-35.00,37.00,-33.68,0.625,-0.662,-24337,24401,7.16,232.7,-93.232,865.536,1,1,1
82248309,80924,3,35.00,-35.00,38.20,-34.56,0.622,-0.661,-24309,24376,7.15,233.5,-95.488,864.579,1,1,1
82258309,80934,3,35.00,-35.00,39.05,-35.62,0.618,-0.657,-24281,24350,7.16,232.7,-96.707,863.610,1,1,1
82268314,80944,3,35.00,-35.00,38.76,-35.92,0.622,-0.659,-24255,24325,7.13,224.3,-100.610,862.603,1,1,1
82278324,80954,3,35.00,-35.00,35.92,-36.57,0.627,-0.652,-24235,24299,7.17,231.5,-101.951,861.582,1,1,1
82288324,80964,3,35.00,-35.00,33.93,-36.59,0.636,-0.653,-24215,24274,7.15,228.5,-96.037,860.620,1,1,1
82298324,80974,3,35.00,-35.00,31.66,-36.60,0.644,-0.650,-24197,24249,7.16,233.7,-82.622,859.792,1,1,1
82308332,80984,3,35.00,-35.00,31.39,-36.16,0.647,-0.651,-24176,24225,7.16,236.7,-74.329,859.047,1,1,1
82318333,80994,3,35.00,-35.00,33.40,-36.30,0.641,-0.651,-24150,24200,7.15,238.5,-78.537,858.260,1,1,1
82328348,81004,3,35.00,-35.00,34.37,-36.84,0.640,-0.650,-24125,24174,7.14,236.7,-88.537,857.373,1,1,1
82338348,81014,3,35.00,-35.00,36.80,-37.21,0.631,-0.648,-24096,24148,7.14,233.0,-99.207,856.379,1,1,1
82348348,81024,3,35.00,-35.00,36.75,-37.91,0.633,-0.646,-24071,24121,7.13,227.8,-107.988,855.298,1,1,1
82358355,81034,3,35.00,-35.00,36.71,-39.72,0.636,-0.642,-24046,24091,7.10,227.8,-114.390,854.152,1,1,1
82368369,81044,3,35.00,-35.00,36.68,-41.43,0.636,-0.634,-24021,24060,7.10,226.0,-111.585,853.035,1,1,1
82378369,81054,3,35.00,-35.00,35.79,-40.43,0.634,-0.630,-23998,24034,7.16,225.3,-103.902,851.994,1,1,1
82388369,81064,3,35.00,-35.00,34.72,-39.28,0.629,-0.623,-23976,24009,7.26,225.8,-96.585,851.026,1,1,1
82398378,81074,3,35.00,-35.00,34.41,-35.85,0.629,-0.634,-23953,23990,7.26,219.5,-87.744,850.147,1,1,1
82408385,81084,3,35.00,-35.00,34.63,-34.32,0.628,-0.639,-23929,23969,7.26,222.5,-81.098,849.335,1,1,1
82418400,81094,3,35.00,-35.00,35.23,-35.45,0.626,-0.635,-23904,23943,7.26,225.3,-81.829,848.515,1,1,1
82428408,81104,3,35.00,-35.00,36.09,-36.68,0.626,-0.633,-23878,23916,7.24,224.3,-89.268,847.620,1,1,1
82438415,81114,3,35.00,-35.00,35.81,-37.54,0.627,-0.631,-23854,23889,7.23,220.8,-99.146,846.627,1,1,1
82448423,81124,3,35.00,-35.00,37.37,-37.71,0.622,-0.631,-23826,23863,7.23,220.5,-105.732,845.568,1,1,1
82458430,81134,3,35.00,-35.00,36.71,-38.70,0.624,-0.626,-23802,23835,7.24,220.8,-104.695,844.520,1,1,1
82468439,81144,3,35.00,-35.00,38.00,-38.51,0.619,-0.627,-23774,23809,7.24,217.5,-101.707,843.501,1,1,1
82478439,81154,3,35.00,-35.00,37.59,-37.07,0.621,-0.633,-23749,23786,7.23,214.8,-93.659,842.563,1,1,1
82488445,81164,3,35.00,-35.00,35.98,-36.05,0.626,-0.636,-23727,23763,7.23,219.2,-84.024,841.721,1,1,1
82498445,81174,3,35.00,-35.00,34.85,-35.35,0.630,-0.638,-23705,23740,7.23,223.2,-76.341,840.956,1,1,1
82508445,81184,3,35.00,-35.00,34.94,-36.17,0.630,-0.635,-23681,23714,7.22,225.3,-75.183,840.202,1,1,1
82518445,81194,3,35.00,-35.00,35.45,-36.74,0.630,-0.634,-23656,23688,7.22,225.3,-84.512,839.356,1,1,1
82528454,81204,3,35.00,-35.00,36.68,-37.15,0.627,-0.634,-23629,23662,7.20,225.3,-100.976,838.344,1,1,1
82538460,81214,3,35.00,-35.00,37.54,-37.43,0.621,-0.631,-23602,23636,7.24,224.5,-113.537,837.207,1,1,1
82548469,81224,3,35.00,-35.00,39.90,-38.50,0.616,-0.630,-23571,23608,7.21,218.8,-116.463,836.041,1,1,1
82558469,81234,3,35.00,-35.00,42.43,-38.38,0.607,-0.631,-23538,23582,7.22,216.5,-112.805,834.911,1,1,1
82568476,81244,3,35.00,-35.00,41.57,-37.85,0.609,-0.633,-23511,23557,7.22,214.5,-109.451,833.815,1,1,1
82578476,81254,3,35.00,-35.00,40.96,-36.60,0.610,-0.637,-23484,23534,7.22,214.8,-97.073,832.843,1,1,1
82588476,81264,3,35.00,-35.00,38.34,-34.41,0.618,-0.644,-23462,23514,7.22,216.8,-78.841,832.053,1,1,1
82598484,81274,3,35.00,-35.00,34.31,-34.63,0.632,-0.644,-23445,23490,7.20,224.3,-70.122,831.350,1,1,1
82608485,81284,3,35.00,-35.00,32.81,-35.23,0.639,-0.642,-23425,23465,7.19,229.5,-68.780,830.660,1,1,1
82618500,81294,3,35.00,-35.00,35.27,-35.65,0.634,-0.643,-23397,23440,7.17,231.2,-73.293,829.926,1,1,1
82628500,81304,3,35.00,-35.00,36.11,-35.94,0.631,-0.643,-23371,23415,7.16,231.8,-87.317,829.051,1,1,1
82638508,81314,3,35.00,-35.00,36.71,-36.58,0.629,-0.641,-23345,23389,7.16,229.0,-100.793,828.041,1,1,1
82648515,81324,3,35.00,-35.00,38.88,-38.35,0.622,-0.635,-23315,23360,7.17,227.8,-106.585,826.974,1,1,1
82658515,81334,3,35.00,-35.00,40.84,-38.27,0.614,-0.635,-23284,23334,7.19,222.2,-102.805,825.944,1,1,1
82668515,81344,3,35.00,-35.00,39.57,-36.02,0.617,-0.643,-23259,23313,7.18,217.5,-93.415,825.008,1,1,1
82678515,81354,3,35.00,-35.00,38.25,-34.44,0.621,-0.648,-23235,23292,7.18,220.8,-82.195,824.185,1,1,1
82688515,81364,3,35.00,-35.00,36.00,-33.34,0.629,-0.653,-23214,23271,7.16,225.3,-73.110,823.452,1,1,1
82698523,81374,3,35.00,-35.00,35.31,-34.32,0.631,-0.650,-23191,23246,7.17,234.0,-70.793,822.743,1,1,1
82708530,81384,3,35.00,-35.00,35.70,-34.57,0.630,-0.649,-23166,23222,7.17,232.0,-78.354,821.957,1,1,1
82718530,81394,3,35.00,-35.00,36.42,-35.63,0.628,-0.646,-23140,23196,7.17,230.0,-94.146,821.014,1,1,1
82728539,81404,3,35.00,-35.00,36.92,-35.49,0.625,-0.646,-23114,23172,7.18,229.2,-107.073,819.942,1,1,1
82738545,81414,3,35.00,-35.00,39.03,-36.27,0.618,-0.644,-23084,23146,7.18,227.3,-111.037,818.830,1,1,1
82748554,81424,3,35.00,-35.00,41.82,-35.49,0.608,-0.647,-23051,23123,7.18,221.0,-107.378,817.755,1,1,1
82758565,81434,3,35.00,-35.00,43.78,-34.51,0.601,-0.653,-23018,23101,7.17,220.0,-98.720,816.766,1,1,1
82768569,81444,3,35.00,-35.00,42.51,-34.27,0.604,-0.653,-22991,23078,7.18,223.5,-89.207,815.872,1,1,1
82778576,81454,3,35.00,-35.00,38.98,-34.09,0.614,-0.654,-22970,23055,7.18,221.8,-82.378,815.047,1,1,1
82788584,81464,3,35.00,-35.00,35.20,-34.41,0.627,-0.652,-22952,23031,7.18,226.8,-80.793,814.237,1,1,1
82798591,81474,3,35.00,-35.00,31.23,-35.08,0.642,-0.650,-22937,23006,7.17,233.0,-80.488,813.430,1,1,1
82808591,81484,3,35.00,-35.00,32.41,-35.54,0.640,-0.649,-22913,22981,7.16,235.7,-81.037,812.618,1,1,1
82818599,81494,3,35.00,-35.00,34.55,-35.86,0.633,-0.648,-22886,22956,7.16,236.7,-89.695,811.720,1,1,1
82828599,81504,3,35.00,-35.00,36.49,-36.53,0.625,-0.644,-22858,22930,7.18,233.7,-102.073,810.698,1,1,1
82838606,81514,3,35.00,-35.00,39.61,-36.12,0.613,-0.646,-22826,22906,7.19,226.0,-105.061,809.645,1,1,1
82848606,81524,3,35.00,-35.00,41.79,-36.27,0.605,-0.646,-22794,22881,7.19,221.8,-98.110,808.663,1,1,1
82858606,81534,3,35.00,-35.00,40.68,-35.06,0.611,-0.654,-22768,22859,7.15,219.0,-88.171,807.779,1,1,1
82868614,81544,3,35.00,-35.00,38.58,-34.65,0.619,-0.657,-22745,22836,7.14,224.3,-79.573,806.982,1,1,1
82878621,81554,3,35.00,-35.00,35.80,-34.36,0.628,-0.658,-22725,22813,7.13,226.3,-73.415,806.246,1,1,1
82888630,81564,3,35.00,-35.00,31.21,-35.48,0.646,-0.654,-22711,22787,7.12,231.2,-71.037,805.534,1,1,1
82898636,81574,3,35.00,-35.00,31.51,-35.82,0.643,-0.649,-22689,22762,7.15,240.2,-73.720,804.795,1,1,1
82908645,81584,3,35.00,-35.00,33.93,-36.06,0.637,-0.649,-22662,22737,7.14,238.2,-85.610,803.938,1,1,1
82918652,81594,3,35.00,-35.00,35.61,-37.11,0.633,-0.647,-22635,22710,7.13,231.8,-99.573,802.940,1,1,1
82928652,81604,3,35.00,-35.00,35.48,-36.52,0.628,-0.644,-22611,22686,7.19,231.8,-104.817,801.890,1,1,1
82938652,81614,3,35.00,-35.00,37.58,-35.67,0.615,-0.642,-22582,22663,7.24,228.5,-99.695,800.892,1,1,1
82948652,81624,3,35.00,-35.00,40.81,-35.52,0.601,-0.643,-22549,22639,7.26,221.5,-90.915,799.981,1,1,1
82958660,81634,3,35.00,-35.00,40.87,-34.97,0.599,-0.644,-22521,22616,7.27,219.2,-90.915,799.070,1,1,1
82968660,81644,3,35.00,-35.00,39.16,-35.47,0.604,-0.642,-22497,22591,7.27,220.8,-89.573,798.173,1,1,1
82978660,81654,3,35.00,-35.00,35.76,-36.25,0.615,-0.638,-22478,22565,7.28,219.5,-90.122,797.270,1,1,1
82988667,81664,3,35.00,-35.00,32.94,-36.80,0.626,-0.636,-22460,22539,7.27,222.0,-91.280,796.356,1,1,1
82998675,81674,3,35.00,-35.00,32.73,-36.75,0.629,-0.637,-22438,22514,7.26,228.0,-91.280,795.441,1,1,1
83008682,81684,3,35.00,-35.00,33.46,-37.15,0.628,-0.636,-22414,22488,7.25,227.8,-88.354,794.556,1,1,1
83018682,81694,3,35.00,-35.00,33.97,-37.87,0.627,-0.633,-22390,22461,7.25,225.3,-89.146,793.663,1,1,1
83028690,81704,3,35.00,-35.00,35.20,-37.93,0.622,-0.632,-22364,22435,7.27,226.0,-98.841,792.673,1,1,1
83038697,81714,3,35.00,-35.00,36.95,-36.66,0.616,-0.637,-22336,22412,7.26,223.5,-108.171,791.589,1,1,1
83048706,81724,3,35.00,-35.00,39.49,-34.45,0.605,-0.645,-22305,22392,7.26,221.8,-106.646,790.521,1,1,1
83058712,81734,3,35.00,-35.00,38.63,-33.78,0.607,-0.648,-22280,22370,7.26,223.2,-99.268,789.527,1,1,1
83068721,81744,3,35.00,-35.00,36.27,-34.64,0.616,-0.646,-22259,22345,7.25,226.3,-92.012,788.605,1,1,1
83078727,81754,3,35.00,-35.00,34.18,-35.67,0.623,-0.641,-22239,22319,7.26,225.8,-85.610,787.748,1,1,1
83088727,81764,3,35.00,-35.00,32.27,-35.96,0.629,-0.639,-22220,22294,7.27,227.0,-85.061,786.895,1,1,1
83098727,81774,3,35.00,-35.00,33.58,-36.59,0.627,-0.637,-22195,22268,7.25,230.2,-86.280,786.031,1,1,1
83108727,81784,3,35.00,-35.00,34.93,-37.92,0.624,-0.633,-22169,22240,7.25,227.0,-90.610,785.123,1,1,1
83118727,81794,3,35.00,-35.00,35.44,-37.97,0.621,-0.632,-22144,22214,7.26,225.0,-101.829,784.103,1,1,1
83128736,81804,3,35.00,-35.00,36.67,-38.88,0.617,-0.629,-22117,22186,7.26,222.0,-110.610,782.996,1,1,1
83138743,81814,3,35.00,-35.00,37.97,-36.01,0.611,-0.639,-22089,22166,7.27,219.0,-106.768,781.926,1,1,1
83148743,81824,3,35.00,-35.00,37.57,-34.43,0.611,-0.643,-22064,22145,7.27,221.8,-99.268,780.932,1,1,1
83158743,81834,3,35.00,-35.00,34.65,-34.65,0.620,-0.642,-22045,22121,7.28,224.8,-90.122,780.029,1,1,1
83168743,81844,3,35.00,-35.00,32.16,-35.24,0.631,-0.641,-22027,22096,7.26,224.8,-80.061,779.227,1,1,1
83178751,81854,3,35.00,-35.00,32.18,-36.10,0.632,-0.637,-22005,22070,7.26,230.2,-76.280,778.462,1,1,1
83188751,81864,3,35.00,-35.00,32.20,-38.01,0.634,-0.631,-21983,22041,7.26,230.8,-80.915,777.652,1,1,1
83198751,81874,3,35.00,-35.00,33.52,-40.23,0.632,-0.623,-21958,22010,7.25,229.5,-95.366,776.696,1,1,1
83208758,81884,3,35.00,-35.00,34.89,-40.47,0.627,-0.621,-21932,21982,7.27,224.3,-107.744,775.617,1,1,1
83218766,81894,3,35.00,-35.00,36.29,-39.31,0.620,-0.623,-21905,21957,7.28,221.8,-108.598,774.530,1,1,1
83228766,81904,3,35.00,-35.00,38.15,-36.75,0.613,-0.632,-21876,21936,7.29,219.0,-100.061,773.527,1,1,1
83238773,81914,3,35.00,-35.00,39.01,-33.63,0.607,-0.643,-21848,21918,7.29,217.8,-91.646,772.609,1,1,1
83248781,81924,3,35.00,-35.00,37.85,-33.21,0.612,-0.647,-21824,21896,7.27,223.0,-87.500,771.733,1,1,1
83258781,81934,3,35.00,-35.00,36.16,-35.11,0.618,-0.640,-21802,21869,7.27,226.8,-85.671,770.874,1,1,1
83268794,81944,3,35.00,-35.00,32.79,-36.00,0.634,-0.641,-21785,21843,7.22,223.2,-83.293,770.040,1,1,1
83278803,81954,3,35.00,-35.00,30.42,-36.19,0.642,-0.637,-21768,21818,7.24,232.2,-82.256,769.215,1,1,1
83288812,81964,3,35.00,-35.00,30.96,-37.20,0.643,-0.633,-21746,21791,7.23,233.0,-81.037,768.403,1,1,1
83298812,81974,3,35.00,-35.00,32.22,-40.10,0.641,-0.624,-21722,21759,7.23,232.2,-83.049,767.571,1,1,1
83308819,81984,3,35.00,-35.00,33.10,-39.50,0.638,-0.624,-21698,21733,7.24,226.5,-93.537,766.634,1,1,1
83318827,81994,3,35.00,-35.00,34.16,-38.63,0.634,-0.626,-21673,21708,7.25,226.0,-101.463,765.618,1,1,1
83328834,82004,3,35.00,-35.00,34.90,-35.39,0.631,-0.636,-21648,21689,7.26,226.0,-100.488,764.612,1,1,1
83338842,82014,3,35.00,-35.00,36.29,-33.56,0.626,-0.644,-21621,21669,7.24,226.0,-92.988,763.680,1,1,1
83348849,82024,3,35.00,-35.00,37.71,-33.60,0.619,-0.644,-21593,21646,7.26,229.0,-87.073,762.808,1,1,1
83358855,82034,3,35.00,-35.00,37.38,-34.95,0.625,-0.645,-21568,21620,7.20,224.8,-88.841,761.918,1,1,1
83368864,82044,3,35.00,-35.00,35.40,-35.89,0.627,-0.636,-21547,21594,7.25,231.0,-97.256,760.943,1,1,1
83378872,82054,3,35.00,-35.00,32.25,-36.99,0.642,-0.634,-21530,21567,7.22,226.0,-99.634,759.945,1,1,1
83388872,82064,3,35.00,-35.00,31.36,-38.20,0.650,-0.633,-21510,21539,7.18,230.2,-93.780,759.006,1,1,1
83398879,82074,3,35.00,-35.00,28.55,-38.16,0.661,-0.631,-21495,21513,7.18,231.2,-87.500,758.129,1,1,1
83408879,82084,3,35.00,-35.00,19.98,-38.14,0.695,-0.627,-21495,21487,7.18,238.5,-86.220,757.265,1,1,1
83418888,82094,3,35.00,-35.00,13.99,-34.61,0.722,-0.638,-21495,21469,7.15,259.2,-92.317,756.341,1,1,1
83428894,82104,3,35.00,-35.00,9.79,-33.01,0.741,-0.644,-21495,21449,7.11,286.5,-98.415,755.355,1,1,1
83438903,82114,3,35.00,-35.00,7.29,-33.22,0.753,-0.642,-21494,21426,7.09,303.2,-95.366,754.400,1,1,1
83448903,82124,3,35.00,-35.00,5.11,-34.24,0.763,-0.635,-21494,21401,7.10,311.0,-95.915,753.439,1,1,1
83458910,82134,3,35.00,-35.00,3.57,-34.95,0.773,-0.631,-21494,21376,7.08,317.0,-103.476,752.402,1,1,1
83468925,82144,3,35.00,-35.00,2.50,-35.45,0.779,-0.625,-21494,21351,7.09,322.2,-104.878,751.352,1,1,1
83478925,82154,3,35.00,-35.00,13.62,-36.68,0.748,-0.623,-21467,21324,7.06,321.2,-99.634,750.354,1,1,1
83488933,82164,3,35.00,-35.00,23.15,-38.42,0.714,-0.612,-21436,21295,7.12,287.5,-97.927,749.373,1,1,1
83498933,82174,3,35.00,-35.00,29.83,-37.44,0.688,-0.611,-21405,21271,7.17,256.8,-101.098,748.360,1,1,1
83508933,82184,3,35.00,-35.00,34.50,-35.88,0.671,-0.616,-21374,21249,7.19,237.5,-103.415,747.325,1,1,1
83518940,82194,3,35.00,-35.00,37.78,-32.15,0.658,-0.629,-21343,21233,7.20,229.5,-101.159,746.311,1,1,1
83528940,82204,3,35.00,-35.00,41.38,-30.41,0.642,-0.637,-21309,21215,7.20,228.8,-99.085,745.319,1,1,1
83538948,82214,3,35.00,-35.00,42.15,-30.52,0.636,-0.639,-21279,21194,7.21,226.3,-96.768,744.350,1,1,1
83548955,82224,3,35.00,-35.00,41.37,-32.35,0.637,-0.634,-21252,21169,7.21,223.0,-93.841,743.410,1,1,1
83558964,82234,3,35.00,-35.00,42.14,-32.75,0.632,-0.635,-21222,21146,7.20,224.8,-95.427,742.454,1,1,1
83568979,82244,3,35.00,-35.00,43.12,-33.03,0.626,-0.637,-21191,21123,7.20,221.8,-102.561,741.426,1,1,1
83578979,82254,3,35.00,-35.00,43.81,-34.11,0.622,-0.635,-21160,21098,7.19,219.2,-112.378,740.301,1,1,1
83588990,82264,3,35.00,-35.00,45.61,-36.62,0.615,-0.628,-21126,21069,7.19,218.0,-118.720,739.112,1,1,1
83598990,82274,3,35.00,-35.00,46.43,-35.74,0.610,-0.631,-21093,21046,7.20,213.2,-116.037,737.950,1,1,1
83608990,82284,3,35.00,-35.00,45.24,-36.01,0.613,-0.631,-21064,21021,7.20,209.7,-110.244,736.846,1,1,1
83618990,82294,3,35.00,-35.00,43.54,-35.75,0.620,-0.634,-21037,20997,7.17,209.5,-100.915,735.835,1,1,1
83628990,82304,3,35.00,-35.00,41.02,-34.25,0.627,-0.638,-21013,20976,7.18,215.8,-90.061,734.933,1,1,1
83638998,82314,3,35.00,-35.00,41.02,-33.21,0.627,-0.645,-20985,20955,7.16,220.0,-82.073,734.111,1,1,1
83649005,82325,3,35.00,-35.00,41.02,-31.59,0.625,-0.651,-20957,20936,7.18,221.0,-77.805,733.331,1,1,1
83659014,82335,3,35.00,-35.00,41.90,-31.78,0.621,-0.652,-20927,20914,7.17,225.0,-82.317,732.506,1,1,1
83669020,82345,3,35.00,-35.00,42.51,-32.80,0.619,-0.651,-20897,20890,7.17,224.5,-87.256,731.632,1,1,1
83679020,82355,3,35.00,-35.00,43.82,-33.06,0.613,-0.652,-20865,20867,7.17,224.5,-92.683,730.704,1,1,1
83689029,82365,3,35.00,-35.00,43.42,-33.69,0.613,-0.650,-20836,20843,7.18,223.5,-97.378,729.728,1,1,1
83699036,82375,3,35.00,-35.00,41.38,-34.13,0.615,-0.646,-20811,20819,7.22,224.3,-98.110,728.745,1,1,1
83709044,82385,3,35.00,-35.00,39.07,-34.00,0.621,-0.645,-20788,20796,7.23,222.5,-90.427,727.840,1,1,1
83719051,82395,3,35.00,-35.00,38.78,-33.91,0.622,-0.647,-20762,20773,7.23,224.8,-85.793,726.980,1,1,1
83729051,82405,3,35.00,-35.00,39.45,-34.28,0.619,-0.646,-20734,20749,7.23,228.0,-91.037,726.068,1,1,1
83739051,82415,3,35.00,-35.00,39.92,-34.98,0.614,-0.642,-20706,20724,7.26,226.8,-101.402,725.052,1,1,1
83749051,82425,3,35.00,-35.00,40.69,-34.60,0.611,-0.643,-20677,20701,7.27,220.5,-108.598,723.965,1,1,1
83759051,82435,3,35.00,-35.00,40.79,-34.76,0.608,-0.642,-20649,20677,7.29,220.8,-111.524,722.848,1,1,1
83769063,82445,3,35.00,-35.00,41.73,-35.32,0.601,-0.638,-20619,20652,7.32,223.0,-110.488,721.741,1,1,1
83779066,82455,3,35.00,-35.00,39.76,-36.15,0.604,-0.632,-20595,20626,7.36,217.5,-106.585,720.674,1,1,1
83789074,82465,3,35.00,-35.00,37.50,-36.29,0.611,-0.630,-20573,20601,7.37,217.0,-92.683,719.745,1,1,1
83799081,82475,3,35.00,-35.00,37.24,-33.75,0.613,-0.641,-20548,20582,7.34,218.2,-78.720,718.957,1,1,1
83809081,82485,3,35.00,-35.00,37.49,-33.74,0.613,-0.643,-20522,20559,7.32,224.3,-77.439,718.181,1,1,1
83819081,82495,3,35.00,-35.00,38.55,-34.16,0.610,-0.643,-20494,20535,7.32,225.0,-87.134,717.308,1,1,1
83829090,82505,3,35.00,-35.00,38.41,-34.90,0.611,-0.642,-20468,20510,7.31,224.3,-99.268,716.313,1,1,1
83839096,82515,3,35.00,-35.00,39.19,-34.98,0.608,-0.642,-20440,20486,7.31,223.5,-107.439,715.237,1,1,1
83849105,82525,3,35.00,-35.00,39.74,-35.47,0.604,-0.639,-20412,20461,7.34,222.5,-111.098,714.125,1,1,1
83859109,82535,3,35.00,-35.00,39.24,-35.38,0.605,-0.640,-20386,20437,7.33,219.8,-112.500,712.998,1,1,1
83869120,82545,3,35.00,-35.00,37.58,-38.83,0.609,-0.624,-20363,20405,7.36,223.0,-107.561,711.921,1,1,1
83879127,82555,3,35.00,-35.00,35.09,-38.60,0.617,-0.623,-20343,20379,7.36,215.8,-92.866,710.990,1,1,1
83889135,82565,3,35.00,-35.00,35.55,-37.57,0.617,-0.627,-20318,20355,7.35,216.2,-83.598,710.153,1,1,1
83899142,82575,3,35.00,-35.00,35.43,-35.53,0.618,-0.634,-20294,20334,7.34,223.0,-85.488,709.296,1,1,1
83909142,82585,3,35.00,-35.00,35.79,-33.22,0.613,-0.640,-20269,20315,7.37,226.0,-85.488,708.440,1,1,1
83919150,82595,3,35.00,-35.00,37.36,-32.92,0.609,-0.644,-20241,20293,7.36,223.2,-92.256,707.516,1,1,1
83929150,82605,3,35.00,-35.00,38.02,-34.03,0.607,-0.641,-20214,20268,7.35,226.3,-96.341,706.551,1,1,1
83939157,82615,3,35.00,-35.00,38.48,-34.81,0.606,-0.640,-20187,20243,7.34,225.0,-96.768,705.581,1,1,1
83949165,82625,3,35.00,-35.00,37.92,-35.35,0.608,-0.639,-20162,20218,7.34,220.2,-99.024,704.589,1,1,1
83959172,82635,3,35.00,-35.00,35.33,-35.73,0.617,-0.637,-20142,20193,7.34,222.0,-99.573,703.592,1,1,1
83969181,82645,3,35.00,-35.00,32.64,-36.00,0.628,-0.636,-20124,20168,7.32,221.8,-92.927,702.661,1,1,1
83979187,82655,3,35.00,-35.00,30.76,-35.31,0.635,-0.637,-20106,20145,7.33,228.0,-79.146,701.868,1,1,1
83989196,82665,3,35.00,-35.00,30.32,-35.70,0.639,-0.635,-20086,20120,7.32,232.7,-69.085,701.175,1,1,1
83999196,82675,3,35.00,-35.00,32.21,-35.98,0.635,-0.635,-20061,20095,7.30,233.2,-74.756,700.426,1,1,1
84009203,82685,3,35.00,-35.00,32.66,-36.17,0.633,-0.632,-20038,20070,7.33,232.5,-84.329,699.581,1,1,1
84019218,82695,3,35.00,-35.00,35.60,-36.75,0.623,-0.630,-20009,20044,7.33,233.0,-92.805,698.652,1,1,1
84029226,82705,3,35.00,-35.00,35.91,-36.71,0.620,-0.629,-19984,20019,7.34,226.5,-101.646,697.634,1,1,1
84039233,82715,3,35.00,-35.00,34.80,-39.32,0.626,-0.619,-19962,19988,7.34,224.8,-110.366,696.528,1,1,1
84049233,82725,3,35.00,-35.00,35.79,-40.71,0.622,-0.611,-19936,19958,7.36,220.0,-113.293,695.394,1,1,1
84059233,82735,3,35.00,-35.00,34.28,-39.48,0.627,-0.613,-19915,19933,7.36,217.2,-106.037,694.332,1,1,1
84069233,82745,3,35.00,-35.00,33.66,-37.74,0.631,-0.619,-19893,19910,7.34,220.5,-94.695,693.383,1,1,1
84079233,82755,3,35.00,-35.00,33.67,-34.33,0.631,-0.631,-19870,19892,7.33,223.5,-84.085,692.541,1,1,1
84089241,82765,3,35.00,-35.00,34.12,-33.26,0.629,-0.635,-19846,19871,7.33,228.5,-77.683,691.762,1,1,1
84099242,82775,3,35.00,-35.00,34.43,-34.27,0.629,-0.632,-19822,19846,7.32,232.0,-78.171,690.979,1,1,1
84109242,82785,3,35.00,-35.00,35.09,-35.41,0.627,-0.628,-19797,19820,7.33,228.3,-84.695,690.130,1,1,1
84119248,82795,3,35.00,-35.00,35.99,-36.22,0.623,-0.625,-19771,19794,7.34,227.0,-94.573,689.183,1,1,1
84129248,82805,3,35.00,-35.00,34.86,-36.78,0.627,-0.622,-19749,19768,7.34,224.0,-102.195,688.159,1,1,1
84139248,82815,3,35.00,-35.00,35.83,-37.61,0.624,-0.618,-19723,19741,7.34,222.5,-104.756,687.110,1,1,1
84149248,82825,3,35.00,-35.00,35.19,-37.75,0.626,-0.617,-19700,19715,7.35,219.2,-99.573,686.113,1,1,1
84159248,82835,3,35.00,-35.00,34.74,-36.09,0.628,-0.623,-19677,19693,7.34,219.5,-92.561,685.185,1,1,1
84169257,82845,3,35.00,-35.00,34.86,-34.93,0.627,-0.626,-19653,19671,7.34,222.5,-84.085,684.343,1,1,1
84179263,82855,3,35.00,-35.00,34.95,-34.12,0.626,-0.630,-19629,19649,7.34,223.0,-74.939,683.592,1,1,1
84189272,82865,3,35.00,-35.00,35.01,-35.31,0.626,-0.625,-19605,19623,7.34,225.5,-72.927,682.861,1,1,1
84199278,82875,3,35.00,-35.00,35.93,-35.70,0.624,-0.625,-19579,19598,7.34,224.8,-81.951,682.040,1,1,1
84209287,82885,3,35.00,-35.00,36.14,-36.42,0.623,-0.623,-19554,19572,7.34,224.0,-97.378,681.065,1,1,1
84219294,82895,3,35.00,-35.00,37.16,-36.48,0.618,-0.622,-19527,19547,7.34,221.5,-107.561,679.987,1,1,1
84229294,82905,3,35.00,-35.00,37.88,-37.84,0.615,-0.617,-19500,19519,7.35,221.0,-110.183,678.884,1,1,1
84239294,82915,3,35.00,-35.00,38.82,-37.47,0.611,-0.619,-19472,19494,7.35,216.0,-108.049,677.802,1,1,1
84249294,82925,3,35.00,-35.00,40.80,-37.22,0.602,-0.620,-19441,19469,7.35,213.2,-105.061,676.749,1,1,1
84259302,82935,3,35.00,-35.00,40.86,-36.16,0.601,-0.624,-19413,19446,7.36,212.8,-98.476,675.763,1,1,1
84269302,82945,3,35.00,-35.00,40.03,-34.10,0.607,-0.635,-19387,19426,7.31,211.2,-87.988,674.882,1,1,1
84279309,82955,3,35.00,-35.00,37.25,-33.54,0.612,-0.634,-19366,19404,7.34,220.5,-78.354,674.096,1,1,1
84289309,82965,3,35.00,-35.00,33.55,-33.58,0.625,-0.634,-19349,19381,7.34,223.8,-71.829,673.376,1,1,1
84299317,82975,3,35.00,-35.00,33.59,-34.50,0.627,-0.632,-19326,19356,7.33,228.5,-70.610,672.669,1,1,1
84309317,82985,3,35.00,-35.00,35.38,-35.13,0.620,-0.630,-19299,19331,7.33,228.3,-76.159,671.906,1,1,1
84319324,82995,3,35.00,-35.00,36.19,-36.02,0.617,-0.626,-19273,19305,7.34,225.0,-91.037,670.994,1,1,1
84329324,83005,3,35.00,-35.00,36.32,-37.52,0.616,-0.620,-19248,19277,7.34,222.2,-103.415,669.958,1,1,1
84339332,83015,3,35.00,-35.00,39.05,-38.13,0.608,-0.619,-19217,19250,7.34,217.8,-105.366,668.902,1,1,1
84349339,83025,3,35.00,-35.00,39.20,-36.80,0.606,-0.624,-19190,19227,7.35,214.0,-97.805,667.923,1,1,1
84359348,83035,3,35.00,-35.00,39.30,-33.67,0.606,-0.636,-19163,19209,7.33,214.0,-86.585,667.055,1,1,1
84369354,83045,3,35.00,-35.00,36.74,-32.36,0.612,-0.640,-19142,19189,7.34,220.8,-76.829,666.285,1,1,1
84379363,83055,3,35.00,-35.00,35.39,-32.76,0.618,-0.640,-19120,19166,7.33,225.3,-69.695,665.587,1,1,1
84389363,83065,3,35.00,-35.00,34.88,-33.92,0.620,-0.636,-19097,19141,7.33,226.5,-69.146,664.894,1,1,1
84399363,83075,3,35.00,-35.00,35.84,-34.29,0.618,-0.637,-19071,19117,7.31,226.8,-79.268,664.099,1,1,1
84409369,83085,3,35.00,-35.00,36.51,-34.99,0.616,-0.636,-19045,19092,7.31,226.3,-93.902,663.159,1,1,1
84419369,83095,3,35.00,-35.00,36.55,-35.04,0.615,-0.635,-19020,19068,7.32,225.8,-103.049,662.127,1,1,1
84429369,83105,3,35.00,-35.00,37.45,-35.07,0.611,-0.635,-18993,19044,7.32,224.5,-105.122,661.074,1,1,1
84439369,83115,3,35.00,-35.00,39.84,-34.22,0.603,-0.639,-18962,19022,7.32,221.8,-101.707,660.055,1,1,1
84449378,83125,3,35.00,-35.00,41.07,-33.62,0.598,-0.642,-18932,19000,7.33,220.5,-91.951,659.134,1,1,1
84459378,83135,3,35.00,-35.00,41.05,-33.64,0.597,-0.643,-18904,18977,7.33,220.5,-83.841,658.294,1,1,1
84469378,83145,3,35.00,-35.00,38.41,-33.66,0.606,-0.643,-18882,18954,7.32,221.5,-82.561,657.467,1,1,1
84479385,83155,3,35.00,-35.00,35.23,-34.11,0.616,-0.642,-18863,18930,7.32,223.5,-83.537,656.630,1,1,1
84489393,83165,3,35.00,-35.00,32.13,-34.86,0.629,-0.640,-18846,18905,7.30,227.8,-83.354,655.794,1,1,1
84499393,83175,3,35.00,-35.00,32.60,-34.95,0.628,-0.639,-18823,18881,7.30,234.2,-81.951,654.973,1,1,1
84509393,83185,3,35.00,-35.00,34.25,-35.45,0.623,-0.638,-18797,18856,7.30,232.0,-85.488,654.117,1,1,1
84519400,83195,3,35.00,-35.00,35.40,-36.24,0.620,-0.635,-18771,18830,7.30,227.8,-95.854,653.157,1,1,1
84529400,83205,3,35.00,-35.00,37.96,-35.48,0.609,-0.638,-18741,18807,7.31,225.3,-100.610,652.149,1,1,1
84539400,83215,3,35.00,-35.00,39.32,-35.82,0.604,-0.637,-18712,18782,7.32,223.8,-94.207,651.205,1,1,1
84549408,83225,3,35.00,-35.00,38.51,-34.30,0.605,-0.642,-18687,18761,7.32,219.8,-84.329,650.360,1,1,1
84559415,83235,3,35.00,-35.00,36.62,-34.12,0.612,-0.643,-18665,18738,7.31,223.8,-77.012,649.589,1,1,1
84569423,83245,3,35.00,-35.00,34.43,-33.99,0.619,-0.643,-18645,18715,7.31,225.5,-70.549,648.881,1,1,1
84579430,83255,3,35.00,-35.00,32.89,-34.34,0.625,-0.642,-18625,18691,7.31,227.0,-69.512,648.185,1,1,1
84589430,83265,3,35.00,-35.00,33.57,-35.46,0.623,-0.638,-18601,18665,7.31,231.0,-75.915,647.424,1,1,1
84599439,83275,3,35.00,-35.00,33.60,-35.81,0.623,-0.636,-18578,18640,7.32,229.2,-90.854,646.514,1,1,1
84609446,83285,3,35.00,-35.00,35.39,-38.25,0.619,-0.628,-18551,18610,7.31,228.0,-103.720,645.475,1,1,1
84619460,83295,3,35.00,-35.00,37.08,-36.88,0.611,-0.631,-18523,18587,7.32,220.8,-107.317,644.400,1,1,1
84629469,83305,3,35.00,-35.00,37.38,-35.93,0.610,-0.634,-18497,18564,7.32,220.5,-102.317,643.375,1,1,1
84639476,83315,3,35.00,-35.00,39.35,-34.38,0.603,-0.641,-18467,18543,7.32,220.2,-91.220,642.461,1,1,1
84649476,83325,3,35.00,-35.00,40.29,-33.73,0.598,-0.644,-18438,18521,7.32,221.5,-84.451,641.615,1,1,1
84659476,83335,3,35.00,-35.00,38.75,-33.72,0.603,-0.645,-18414,18498,7.32,220.8,-86.463,640.749,1,1,1
84669484,83345,3,35.00,-35.00,35.91,-35.47,0.613,-0.638,-18394,18471,7.32,226.0,-90.244,639.845,1,1,1
84679484,83355,3,35.00,-35.00,32.61,-35.81,0.625,-0.637,-18377,18446,7.31,225.0,-92.439,638.919,1,1,1
84689493,83365,3,35.00,-35.00,31.18,-36.50,0.631,-0.633,-18358,18420,7.31,227.8,-89.939,638.018,1,1,1
84699493,83375,3,35.00,-35.00,31.93,-37.85,0.633,-0.629,-18335,18392,7.29,229.5,-87.256,637.144,1,1,1
84709493,83385,3,35.00,-35.00,33.34,-38.80,0.628,-0.624,-18310,18364,7.30,227.5,-95.122,636.191,1,1,1
84719500,83395,3,35.00,-35.00,34.76,-38.15,0.624,-0.627,-18284,18339,7.29,222.0,-106.402,635.125,1,1,1
84729500,83405,3,35.00,-35.00,35.76,-37.25,0.622,-0.630,-18258,18315,7.28,222.8,-107.988,634.044,1,1,1
84739508,83415,3,35.00,-35.00,38.22,-33.99,0.611,-0.642,-18228,18297,7.29,222.2,-99.695,633.045,1,1,1
84749508,83425,3,35.00,-35.00,39.06,-32.58,0.606,-0.648,-18200,18277,7.29,223.2,-92.073,632.123,1,1,1
84759515,83435,3,35.00,-35.00,37.01,-32.91,0.613,-0.648,-18178,18254,7.28,225.3,-85.183,631.269,1,1,1
84769523,83445,3,35.00,-35.00,34.69,-34.03,0.624,-0.647,-18158,18229,7.25,227.8,-80.244,630.465,1,1,1
84779523,83455,3,35.00,-35.00,32.64,-34.80,0.628,-0.641,-18139,18204,7.28,231.0,-80.549,629.658,1,1,1
84789523,83465,3,35.00,-35.00,32.51,-35.35,0.631,-0.639,-18117,18179,7.27,231.2,-82.012,628.836,1,1,1
84799523,83475,3,35.00,-35.00,33.31,-36.17,0.629,-0.636,-18093,18153,7.27,231.2,-91.159,627.923,1,1,1
84809530,83485,3,35.00,-35.00,34.74,-37.18,0.625,-0.633,-18067,18126,7.27,227.8,-104.695,626.874,1,1,1
84819539,83495,3,35.00,-35.00,34.86,-38.77,0.623,-0.625,-18043,18097,7.29,226.0,-109.695,625.776,1,1,1
84829545,83505,3,35.00,-35.00,37.15,-36.37,0.614,-0.632,-18014,18076,7.31,222.5,-104.451,624.730,1,1,1
84839554,83515,3,35.00,-35.00,38.75,-35.13,0.617,-0.647,-17985,18054,7.19,214.5,-97.439,623.754,1,1,1
84849560,83525,3,35.00,-35.00,37.23,-34.70,0.619,-0.646,-17962,18031,7.22,227.3,-97.439,622.778,1,1,1
84859561,83535,3,35.00,-35.00,34.41,-34.83,0.629,-0.645,-17943,18007,7.21,224.5,-89.878,621.877,1,1,1
84869569,83545,3,35.00,-35.00,31.56,-35.81,0.637,-0.638,-17926,17981,7.24,231.2,-82.378,621.052,1,1,1
84879569,83555,3,35.00,-35.00,31.76,-36.49,0.637,-0.635,-17904,17955,7.24,231.5,-79.634,620.254,1,1,1
84889569,83565,3,35.00,-35.00,32.78,-39.17,0.636,-0.626,-17880,17924,7.24,232.5,-82.805,619.424,1,1,1
84899576,83575,3,35.00,-35.00,33.93,-39.72,0.632,-0.623,-17855,17896,7.26,228.0,-94.451,618.478,1,1,1
84909584,83585,3,35.00,-35.00,34.74,-39.67,0.630,-0.623,-17830,17869,7.25,223.8,-105.488,617.422,1,1,1
84919591,83595,3,35.00,-35.00,36.18,-37.44,0.624,-0.629,-17803,17847,7.27,222.8,-105.244,616.367,1,1,1
84929599,83605,3,35.00,-35.00,38.07,-34.56,0.616,-0.640,-17774,17828,7.27,223.0,-98.537,615.380,1,1,1
84939599,83615,3,35.00,-35.00,38.08,-33.42,0.615,-0.645,-17748,17807,7.26,223.8,-90.610,614.473,1,1,1
84949599,83625,3,35.00,-35.00,37.20,-34.38,0.616,-0.641,-17724,17782,7.27,225.0,-85.366,613.617,1,1,1
84959599,83635,3,35.00,-35.00,34.39,-35.49,0.627,-0.638,-17705,17756,7.25,226.5,-86.098,612.755,1,1,1
84969606,83645,3,35.00,-35.00,31.98,-36.27,0.636,-0.633,-17687,17730,7.26,228.3,-86.707,611.886,1,1,1
84979614,83655,3,35.00,-35.00,30.74,-36.81,0.644,-0.633,-17668,17704,7.23,227.3,-84.939,611.035,1,1,1
84989621,83665,3,35.00,-35.00,31.18,-38.51,0.645,-0.627,-17646,17675,7.24,234.7,-82.500,610.208,1,1,1
84999630,83675,3,35.00,-35.00,33.25,-39.26,0.639,-0.624,-17620,17647,7.23,230.5,-84.390,609.363,1,1,1
85009630,83685,3,35.00,-35.00,33.83,-38.91,0.637,-0.624,-17596,17621,7.24,227.0,-94.573,608.416,1,1,1
85019636,83695,3,35.00,-35.00,33.79,-36.03,0.638,-0.634,-17573,17601,7.24,228.3,-99.390,607.420,1,1,1
85029645,83705,3,35.00,-35.00,35.51,-33.57,0.632,-0.643,-17546,17582,7.23,231.8,-96.524,606.453,1,1,1
85039645,83715,3,35.00,-35.00,36.29,-33.61,0.629,-0.644,-17520,17559,7.23,230.8,-88.415,605.567,1,1,1
85049652,83725,3,35.00,-35.00,37.27,-34.95,0.626,-0.641,-17493,17533,7.22,230.8,-85.305,604.713,1,1,1
85059660,83735,3,35.00,-35.00,36.63,-35.45,0.630,-0.642,-17469,17508,7.19,228.8,-92.378,603.787,1,1,1
85069660,83745,3,35.00,-35.00,34.87,-36.24,0.632,-0.634,-17448,17482,7.24,231.0,-101.098,602.775,1,1,1
85079667,83755,3,35.00,-35.00,32.76,-37.67,0.640,-0.628,-17429,17454,7.24,224.5,-102.073,601.752,1,1,1
85089675,83765,3,35.00,-35.00,32.60,-37.80,0.642,-0.627,-17407,17428,7.24,227.3,-95.305,600.798,1,1,1
85099675,83775,3,35.00,-35.00,26.34,-38.32,0.666,-0.623,-17399,17401,7.23,228.3,-87.683,599.919,1,1,1
85109682,83785,3,35.00,-35.00,18.43,-35.62,0.699,-0.630,-17399,17381,7.21,239.0,-84.512,599.072,1,1,1
85119690,83795,3,35.00,-35.00,12.90,-34.16,0.726,-0.636,-17399,17360,7.16,264.5,-90.915,598.162,1,1,1
85129697,83805,3,35.00,-35.00,9.03,-32.70,0.743,-0.641,-17399,17340,7.13,288.2,-92.866,597.231,1,1,1
85139697,83815,3,35.00,-35.00,6.76,-33.00,0.755,-0.639,-17398,17317,7.11,302.0,-90.427,596.325,1,1,1
85149705,83825,3,35.00,-35.00,4.73,-34.52,0.762,-0.628,-17398,17291,7.14,316.2,-94.390,595.380,1,1,1
85159706,83835,3,35.00,-35.00,3.31,-34.71,0.770,-0.624,-17398,17267,7.14,314.0,-102.866,594.350,1,1,1
85169721,83845,3,35.00,-35.00,4.52,-35.73,0.770,-0.618,-17393,17241,7.13,317.5,-103.415,593.314,1,1,1
85179727,83855,3,35.00,-35.00,17.22,-36.87,0.730,-0.614,-17361,17214,7.15,310.5,-99.695,592.315,1,1,1
85189736,83865,3,35.00,-35.00,25.24,-37.68,0.700,-0.606,-17331,17187,7.20,272.8,-104.268,591.271,1,1,1
85199743,83875,3,35.00,-35.00,30.85,-36.92,0.679,-0.605,-17301,17163,7.25,249.0,-108.598,590.183,1,1,1
85209751,83885,3,35.00,-35.00,36.54,-34.63,0.655,-0.610,-17267,17143,7.29,235.0,-111.159,589.070,1,1,1
85219751,83895,3,35.00,-35.00,41.84,-30.84,0.629,-0.621,-17230,17128,7.35,225.3,-108.902,587.979,1,1,1
85229751,83905,3,35.00,-35.00,42.91,-30.37,0.629,-0.631,-17199,17108,7.28,216.8,-103.963,586.938,1,1,1
85239758,83915,3,35.00,-35.00,43.66,-30.93,0.624,-0.633,-17168,17086,7.27,221.0,-101.280,585.924,1,1,1
85249766,83925,3,35.00,-35.00,42.43,-32.20,0.620,-0.625,-17141,17062,7.33,220.5,-96.585,584.956,1,1,1
85259773,83935,3,35.00,-35.00,40.68,-32.65,0.625,-0.626,-17116,17039,7.31,216.8,-97.195,583.983,1,1,1
85269779,83945,3,35.00,-35.00,41.66,-32.96,0.621,-0.629,-17086,17016,7.29,218.8,-97.805,583.003,1,1,1
85279788,83955,3,35.00,-35.00,41.91,-35.38,0.617,-0.620,-17057,16988,7.32,218.8,-100.793,581.993,1,1,1
85289797,83965,3,35.00,-35.00,43.40,-36.19,0.611,-0.618,-17025,16962,7.32,214.2,-109.207,580.900,1,1,1
85299803,83975,3,35.00,-35.00,44.88,-35.88,0.606,-0.620,-16992,16938,7.31,209.7,-111.463,579.783,1,1,1
85309812,83985,3,35.00,-35.00,43.72,-34.78,0.608,-0.624,-16964,16916,7.31,208.2,-106.768,578.714,1,1,1
85319818,83995,3,35.00,-35.00,42.47,-34.02,0.612,-0.628,-16937,16894,7.31,212.2,-98.232,577.730,1,1,1
85329818,84005,3,35.00,-35.00,42.03,-32.60,0.613,-0.635,-16909,16874,7.30,215.0,-87.927,576.849,1,1,1
85339827,84015,3,35.00,-35.00,41.73,-31.61,0.612,-0.639,-16881,16854,7.30,217.5,-82.744,576.020,1,1,1
85349834,84025,3,35.00,-35.00,41.95,-31.36,0.610,-0.642,-16852,16833,7.30,220.2,-81.951,575.199,1,1,1
85359842,84035,3,35.00,-35.00,42.99,-32.06,0.608,-0.644,-16821,16810,7.28,220.0,-85.061,574.347,1,1,1
85369849,84045,3,35.00,-35.00,43.72,-32.55,0.603,-0.643,-16790,16787,7.30,222.8,-90.732,573.438,1,1,1
85379849,84055,3,35.00,-35.00,45.54,-32.89,0.596,-0.645,-16756,16764,7.29,219.5,-96.037,572.476,1,1,1
85389849,84065,3,35.00,-35.00,43.31,-33.57,0.603,-0.643,-16730,16740,7.29,218.8,-100.000,571.474,1,1,1
85399857,84075,3,35.00,-35.00,39.98,-33.61,0.613,-0.643,-16708,16717,7.29,220.8,-97.866,570.494,1,1,1
85409864,84085,3,35.00,-35.00,38.09,-33.63,0.619,-0.644,-16685,16694,7.29,223.8,-90.366,569.589,1,1,1
85419872,84095,3,35.00,-35.00,38.09,-33.21,0.619,-0.647,-16659,16672,7.28,227.8,-84.695,568.740,1,1,1
85429879,84105,3,35.00,-35.00,39.85,-33.35,0.613,-0.648,-16629,16649,7.27,229.2,-87.439,567.864,1,1,1
85439887,84115,3,35.00,-35.00,39.32,-33.90,0.615,-0.648,-16603,16625,7.27,225.8,-98.232,566.880,1,1,1
85449888,84125,3,35.00,-35.00,40.27,-34.27,0.612,-0.648,-16574,16601,7.27,226.8,-107.256,565.806,1,1,1
85459888,84135,3,35.00,-35.00,41.37,-34.54,0.608,-0.649,-16544,16577,7.26,226.5,-112.256,564.682,1,1,1
85469888,84145,3,35.00,-35.00,42.14,-34.72,0.605,-0.649,-16514,16553,7.26,224.0,-112.622,563.554,1,1,1
85479888,84155,3,35.00,-35.00,40.93,-35.73,0.609,-0.646,-16488,16527,7.25,222.2,-108.780,562.464,1,1,1
85489888,84165,3,35.00,-35.00,37.44,-35.56,0.620,-0.646,-16468,16503,7.25,223.2,-94.451,561.518,1,1,1
85499894,84175,3,35.00,-35.00,36.75,-33.24,0.622,-0.655,-16444,16484,7.25,226.3,-79.878,560.718,1,1,1
85509903,84185,3,35.00,-35.00,37.15,-33.38,0.623,-0.658,-16418,16461,7.22,230.8,-74.085,559.975,1,1,1
85519903,84195,3,35.00,-35.00,37.43,-34.35,0.624,-0.657,-16392,16436,7.20,231.0,-82.561,559.148,1,1,1
85529910,84205,3,35.00,-35.00,38.95,-35.03,0.619,-0.656,-16363,16411,7.20,233.7,-96.463,558.182,1,1,1
85539918,84215,3,35.00,-35.00,39.13,-35.07,0.617,-0.655,-16336,16387,7.21,230.2,-106.402,557.116,1,1,1
85549925,84225,3,35.00,-35.00,39.25,-35.53,0.616,-0.654,-16309,16362,7.21,229.5,-111.524,555.999,1,1,1
85559925,84235,3,35.00,-35.00,39.34,-34.98,0.616,-0.657,-16282,16339,7.20,227.3,-113.537,554.862,1,1,1
85569925,84245,3,35.00,-35.00,37.65,-38.11,0.622,-0.645,-16259,16308,7.20,228.3,-109.268,553.768,1,1,1
85579933,84255,3,35.00,-35.00,35.58,-38.54,0.628,-0.641,-16238,16281,7.21,225.0,-95.244,552.814,1,1,1
85589933,84265,3,35.00,-35.00,35.01,-37.53,0.630,-0.644,-16215,16257,7.21,226.5,-85.122,551.961,1,1,1
85599940,84275,3,35.00,-35.00,35.94,-35.06,0.628,-0.653,-16189,16237,7.20,228.5,-86.098,551.098,1,1,1
85609940,84285,3,35.00,-35.00,37.02,-33.33,0.623,-0.660,-16162,16217,7.20,232.0,-92.805,550.169,1,1,1
85619940,84295,3,35.00,-35.00,37.78,-34.32,0.621,-0.658,-16135,16192,7.19,234.7,-97.500,549.192,1,1,1
85629940,84305,3,35.00,-35.00,38.75,-35.01,0.618,-0.656,-16107,16167,7.19,230.5,-98.780,548.203,1,1,1
85639940,84315,3,35.00,-35.00,38.99,-35.49,0.616,-0.654,-16080,16142,7.20,228.3,-101.159,547.189,1,1,1
85649940,84325,3,35.00,-35.00,38.28,-36.27,0.618,-0.651,-16055,16116,7.20,227.0,-100.671,546.181,1,1,1
85659940,84335,3,35.00,-35.00,33.83,-35.94,0.633,-0.650,-16039,16092,7.21,225.8,-94.085,545.238,1,1,1
85669948,84345,3,35.00,-35.00,32.91,-36.58,0.638,-0.648,-16018,16066,7.19,229.5,-79.634,544.440,1,1,1
85679955,84355,3,35.00,-35.00,30.95,-36.15,0.645,-0.648,-16000,16042,7.20,232.5,-72.378,543.715,1,1,1
85689963,84365,3,35.00,-35.00,31.77,-36.29,0.645,-0.648,-15977,16017,7.19,238.0,-78.598,542.927,1,1,1
85699970,84375,3,35.00,-35.00,33.66,-36.83,0.640,-0.646,-15951,15991,7.18,236.7,-88.110,542.045,1,1,1
85709970,84385,3,35.00,-35.00,34.99,-37.21,0.635,-0.643,-15925,15965,7.20,234.2,-96.341,541.080,1,1,1
85719970,84395,3,35.00,-35.00,36.36,-37.47,0.629,-0.641,-15898,15939,7.21,233.5,-105.427,540.024,1,1,1
85729979,84405,3,35.00,-35.00,36.44,-37.66,0.629,-0.640,-15873,15913,7.20,227.8,-114.085,538.881,1,1,1
85739979,84415,3,35.00,-35.00,36.49,-40.42,0.629,-0.629,-15848,15881,7.21,227.3,-113.659,537.743,1,1,1
85749979,84425,3,35.00,-35.00,36.53,-40.60,0.628,-0.626,-15823,15853,7.22,222.0,-105.671,536.685,1,1,1
85759990,84435,3,35.00,-35.00,35.68,-39.85,0.630,-0.626,-15800,15827,7.23,219.8,-97.195,535.711,1,1,1
85769996,84445,3,35.00,-35.00,35.08,-37.12,0.637,-0.639,-15777,15806,7.17,218.5,-89.207,534.817,1,1,1
85779998,84455,3,35.00,-35.00,34.67,-34.33,0.635,-0.645,-15754,15787,7.20,228.3,-82.561,533.990,1,1,1
85790005,84466,3,35.00,-35.00,34.81,-34.58,0.634,-0.644,-15730,15763,7.20,230.8,-80.488,533.184,1,1,1
85800005,84476,3,35.00,-35.00,34.92,-36.51,0.636,-0.639,-15706,15735,7.18,230.5,-80.488,532.377,1,1,1
85810006,84486,3,35.00,-35.00,35.43,-36.54,0.634,-0.638,-15681,15710,7.19,227.0,-85.854,531.517,1,1,1
85820014,84496,3,35.00,-35.00,34.91,-37.01,0.635,-0.635,-15658,15684,7.20,228.0,-94.756,530.568,1,1,1
85830020,84506,3,35.00,-35.00,35.42,-38.65,0.634,-0.628,-15633,15655,7.20,226.0,-101.402,529.552,1,1,1
85840029,84516,3,35.00,-35.00,35.34,-38.04,0.634,-0.630,-15609,15630,7.20,221.8,-101.159,528.539,1,1,1
85850029,84526,3,35.00,-35.00,36.60,-37.18,0.629,-0.633,-15582,15606,7.20,223.0,-97.073,527.566,1,1,1
85860032,84536,3,35.00,-35.00,37.05,-36.13,0.631,-0.641,-15556,15583,7.16,218.2,-90.366,526.661,1,1,1
85870036,84546,3,35.00,-35.00,36.48,-35.40,0.629,-0.639,-15532,15560,7.19,225.8,-82.744,525.832,1,1,1
85880036,84556,3,35.00,-35.00,36.08,-35.77,0.630,-0.638,-15508,15535,7.20,226.0,-78.354,525.047,1,1,1
85890044,84566,3,35.00,-35.00,36.24,-36.46,0.630,-0.635,-15483,15509,7.20,226.3,-82.378,524.221,1,1,1
85900044,84576,3,35.00,-35.00,37.24,-36.95,0.628,-0.635,-15456,15483,7.19,222.5,-93.049,523.289,1,1,1
85910051,84586,3,35.00,-35.00,37.49,-36.85,0.627,-0.636,-15430,15458,7.18,222.2,-103.659,522.251,1,1,1
85920059,84596,3,35.00,-35.00,38.99,-37.66,0.622,-0.633,-15401,15431,7.19,225.8,-110.000,521.149,1,1,1
85930066,84606,3,35.00,-35.00,40.04,-38.23,0.618,-0.632,-15372,15404,7.19,219.2,-110.915,520.039,1,1,1
85940066,84616,3,35.00,-35.00,42.97,-37.75,0.608,-0.635,-15338,15379,7.19,217.0,-107.805,518.959,1,1,1
85950075,84626,3,35.00,-35.00,41.94,-36.53,0.610,-0.638,-15311,15356,7.20,215.0,-103.293,517.924,1,1,1
85960081,84636,3,35.00,-35.00,40.35,-35.24,0.615,-0.643,-15286,15334,7.20,217.8,-93.537,516.987,1,1,1
85970090,84646,3,35.00,-35.00,37.03,-34.33,0.627,-0.648,-15266,15312,7.17,219.8,-80.366,516.182,1,1,1
85980090,84656,3,35.00,-35.00,34.27,-35.02,0.638,-0.646,-15247,15287,7.16,227.5,-73.354,515.447,1,1,1
85990097,84666,3,35.00,-35.00,34.10,-35.94,0.639,-0.643,-15224,15261,7.15,231.2,-72.317,514.722,1,1,1
86000105,84676,3,35.00,-35.00,35.73,-36.14,0.634,-0.643,-15197,15236,7.15,231.2,-76.524,513.955,1,1,1
86010112,84686,3,35.00,-35.00,36.88,-36.73,0.630,-0.641,-15170,15210,7.15,228.8,-88.902,513.065,1,1,1
86020120,84696,3,35.00,-35.00,37.68,-37.57,0.627,-0.638,-15143,15183,7.15,228.0,-100.976,512.053,1,1,1
86030120,84706,3,35.00,-35.00,39.56,-37.73,0.621,-0.639,-15113,15157,7.15,222.8,-105.000,511.002,1,1,1
86040127,84716,3,35.00,-35.00,40.00,-36.52,0.618,-0.642,-15085,15134,7.17,219.8,-100.000,510.000,1,1,1
86050127,84726,3,35.00,-35.00,39.42,-34.35,0.620,-0.651,-15059,15114,7.15,221.8,-89.939,509.099,1,1,1
86060135,84736,3,35.00,-35.00,36.82,-33.71,0.628,-0.652,-15038,15092,7.15,227.0,-79.268,508.305,1,1,1
86070135,84746,3,35.00,-35.00,35.88,-34.15,0.631,-0.652,-15015,15068,7.15,228.0,-71.280,507.590,1,1,1
86080135,84756,3,35.00,-35.00,36.11,-34.45,0.632,-0.653,-14990,15044,7.13,231.8,-70.305,506.885,1,1,1
86090142,84766,3,35.00,-35.00,36.70,-35.10,0.630,-0.650,-14964,15019,7.14,234.7,-80.244,506.081,1,1,1
86100142,84776,3,35.00,-35.00,37.56,-35.56,0.626,-0.648,-14937,14994,7.15,230.5,-93.902,505.141,1,1,1
86110150,84786,3,35.00,-35.00,37.71,-35.44,0.625,-0.649,-14911,14970,7.15,226.8,-102.561,504.113,1,1,1
86120157,84796,3,35.00,-35.00,39.14,-35.35,0.620,-0.650,-14882,14946,7.15,228.5,-105.122,503.061,1,1,1
86130157,84806,3,35.00,-35.00,42.34,-34.85,0.608,-0.652,-14848,14923,7.16,225.5,-102.866,502.030,1,1,1
86140157,84816,3,35.00,-35.00,42.82,-34.51,0.605,-0.654,-14818,14900,7.16,221.5,-95.610,501.073,1,1,1
86150165,84826,3,35.00,-35.00,41.84,-34.26,0.608,-0.656,-14791,14877,7.16,225.8,-87.561,500.195,1,1,1
86160172,84836,3,35.00,-35.00,38.08,-34.53,0.620,-0.654,-14771,14853,7.16,225.5,-84.024,499.353,1,1,1
86170172,84846,3,35.00,-35.00,34.13,-34.72,0.634,-0.654,-14754,14829,7.14,227.0,-83.293,498.519,1,1,1
86180181,84856,3,35.00,-35.00,32.68,-35.29,0.641,-0.652,-14734,14804,7.13,234.2,-82.317,497.694,1,1,1
86190181,84866,3,35.00,-35.00,33.42,-35.69,0.638,-0.650,-14710,14779,7.14,238.2,-81.707,496.875,1,1,1
86200181,84876,3,35.00,-35.00,35.26,-35.97,0.633,-0.651,-14683,14754,7.13,235.5,-88.902,495.985,1,1,1
86210181,84886,3,35.00,-35.00,37.43,-36.16,0.624,-0.649,-14654,14729,7.14,230.8,-100.122,494.982,1,1,1
86220181,84896,3,35.00,-35.00,40.26,-35.42,0.614,-0.652,-14622,14706,7.15,227.5,-102.744,493.953,1,1,1
86230181,84906,3,35.00,-35.00,40.49,-35.78,0.613,-0.652,-14594,14681,7.14,223.5,-96.280,492.988,1,1,1
86240187,84916,3,35.00,-35.00,39.33,-34.72,0.617,-0.657,-14569,14659,7.13,222.0,-86.646,492.120,1,1,1
86250187,84926,3,35.00,-35.00,37.20,-34.41,0.625,-0.659,-14547,14636,7.11,226.3,-79.329,491.325,1,1,1
86260196,84936,3,35.00,-35.00,34.39,-35.07,0.636,-0.657,-14528,14611,7.10,233.2,-75.610,490.568,1,1,1
86270196,84946,3,35.00,-35.00,32.42,-35.98,0.640,-0.650,-14509,14585,7.14,234.7,-75.610,489.810,1,1,1
86280196,84956,3,35.00,-35.00,33.68,-36.17,0.634,-0.647,-14484,14560,7.17,234.5,-78.841,489.020,1,1,1
86290202,84966,3,35.00,-35.00,35.44,-36.74,0.629,-0.646,-14457,14534,7.16,232.2,-89.329,488.125,1,1,1
86300202,84976,3,35.00,-35.00,35.80,-36.71,0.639,-0.657,-14432,14509,7.04,222.5,-100.549,487.118,1,1,1
86310203,84986,3,35.00,-35.00,37.36,-36.68,0.603,-0.628,-14404,14484,7.38,247.2,-104.878,486.067,1,1,1
86320218,84996,3,35.00,-35.00,39.78,-35.78,0.588,-0.625,-14373,14461,7.45,219.8,-97.744,485.088,1,1,1
86330226,85006,3,35.00,-35.00,41.03,-35.16,0.581,-0.626,-14343,14438,7.48,213.2,-89.268,484.194,1,1,1
86340233,85016,3,35.00,-35.00,41.46,-35.16,0.579,-0.627,-14314,14414,7.48,211.5,-89.878,483.293,1,1,1
86350233,85026,3,35.00,-35.00,38.69,-35.60,0.586,-0.623,-14292,14389,7.50,212.5,-92.256,482.369,1,1,1
86360233,85036,3,35.00,-35.00,34.56,-36.34,0.611,-0.631,-14275,14363,7.37,209.5,-93.963,481.428,1,1,1
86370233,85046,3,35.00,-35.00,32.10,-36.43,0.617,-0.626,-14257,14338,7.40,221.5,-93.476,480.492,1,1,1
86380241,85056,3,35.00,-35.00,32.14,-37.36,0.619,-0.624,-14235,14311,7.39,221.2,-89.817,479.592,1,1,1
86390241,85066,3,35.00,-35.00,33.48,-38.02,0.618,-0.623,-14210,14284,7.37,223.8,-89.756,478.693,1,1,1
86400248,85076,3,35.00,-35.00,34.86,-38.48,0.614,-0.622,-14184,14257,7.37,222.5,-99.207,477.699,1,1,1
86410248,85086,3,35.00,-35.00,35.83,-37.48,0.609,-0.624,-14158,14233,7.38,219.0,-108.780,476.609,1,1,1
86420248,85096,3,35.00,-35.00,38.26,-35.47,0.600,-0.632,-14128,14212,7.38,219.5,-106.341,475.544,1,1,1
86430248,85106,3,35.00,-35.00,39.53,-33.62,0.595,-0.640,-14099,14192,7.37,219.8,-98.110,474.562,1,1,1
86440248,85116,3,35.00,-35.00,37.34,-33.20,0.602,-0.642,-14077,14170,7.37,219.2,-88.841,473.672,1,1,1
86450248,85126,3,35.00,-35.00,34.49,-33.79,0.612,-0.640,-14058,14146,7.36,223.0,-80.915,472.861,1,1,1
86460248,85136,3,35.00,-35.00,32.49,-34.64,0.621,-0.638,-14039,14121,7.34,224.5,-78.598,472.073,1,1,1
86470256,85146,3,35.00,-35.00,31.97,-35.23,0.625,-0.637,-14018,14096,7.33,226.8,-79.939,471.272,1,1,1
86480263,85156,3,35.00,-35.00,33.81,-36.09,0.621,-0.636,-13992,14070,7.31,230.2,-87.988,470.391,1,1,1
86490272,85166,3,35.00,-35.00,35.09,-36.69,0.617,-0.633,-13966,14044,7.32,227.8,-101.890,469.370,1,1,1
86500278,85176,3,35.00,-35.00,35.55,-37.55,0.614,-0.628,-13941,14017,7.33,222.8,-110.366,468.265,1,1,1
86510279,85186,3,35.00,-35.00,37.63,-37.27,0.606,-0.629,-13912,13992,7.35,222.0,-107.622,467.187,1,1,1
86520294,85196,3,35.00,-35.00,38.64,-35.32,0.600,-0.635,-13884,13971,7.36,218.5,-100.183,466.184,1,1,1
86530294,85206,3,35.00,-35.00,36.28,-34.39,0.608,-0.638,-13863,13949,7.35,217.2,-90.793,465.274,1,1,1
86540294,85216,3,35.00,-35.00,33.75,-34.62,0.617,-0.637,-13844,13925,7.34,222.8,-79.695,464.475,1,1,1
86550294,85226,3,35.00,-35.00,31.53,-35.22,0.626,-0.635,-13826,13900,7.33,227.8,-74.939,463.724,1,1,1
86560294,85236,3,35.00,-35.00,30.86,-36.08,0.629,-0.631,-13806,13874,7.34,230.0,-77.378,462.949,1,1,1
86570302,85246,3,35.00,-35.00,32.59,-37.12,0.625,-0.627,-13781,13847,7.34,228.8,-91.037,462.037,1,1,1
86580302,85256,3,35.00,-35.00,33.80,-39.17,0.622,-0.620,-13756,13817,7.35,226.8,-107.195,460.963,1,1,1
86590309,85266,3,35.00,-35.00,34.65,-40.16,0.620,-0.616,-13731,13788,7.35,221.8,-113.049,459.831,1,1,1
86600309,85276,3,35.00,-35.00,35.68,-39.10,0.616,-0.619,-13705,13763,7.36,216.8,-105.549,458.774,1,1,1
86610309,85286,3,35.00,-35.00,38.60,-36.60,0.605,-0.628,-13674,13742,7.35,218.5,-95.915,457.813,1,1,1
86620317,85296,3,35.00,-35.00,38.44,-33.53,0.603,-0.639,-13648,13724,7.36,217.5,-90.244,456.909,1,1,1
86630317,85306,3,35.00,-35.00,36.14,-33.14,0.609,-0.640,-13627,13702,7.36,222.8,-84.329,456.064,1,1,1
86640317,85316,3,35.00,-35.00,34.09,-34.62,0.618,-0.636,-13607,13676,7.35,226.3,-76.280,455.300,1,1,1
86650324,85326,3,35.00,-35.00,30.45,-35.22,0.632,-0.633,-13592,13651,7.34,226.5,-74.390,454.554,1,1,1
86660324,85336,3,35.00,-35.00,29.67,-35.64,0.637,-0.631,-13573,13626,7.33,230.0,-75.244,453.800,1,1,1
86670324,85346,3,35.00,-35.00,29.99,-36.38,0.639,-0.629,-13552,13600,7.33,231.5,-80.915,452.989,1,1,1
86680332,85356,3,35.00,-35.00,31.98,-38.65,0.635,-0.621,-13527,13570,7.32,233.7,-95.488,452.033,1,1,1
86690332,85366,3,35.00,-35.00,32.93,-39.36,0.632,-0.617,-13503,13542,7.34,229.8,-106.829,450.963,1,1,1
86700339,85376,3,35.00,-35.00,34.48,-38.54,0.627,-0.620,-13477,13517,7.34,224.3,-104.939,449.912,1,1,1
86710339,85386,3,35.00,-35.00,35.12,-34.89,0.623,-0.631,-13452,13499,7.34,222.5,-95.488,448.956,1,1,1
86720339,85396,3,35.00,-35.00,37.33,-32.77,0.616,-0.640,-13423,13480,7.34,228.0,-88.232,448.072,1,1,1
86730348,85406,3,35.00,-35.00,37.12,-33.49,0.616,-0.639,-13398,13456,7.34,227.3,-88.232,447.188,1,1,1
86740348,85416,3,35.00,-35.00,36.09,-34.43,0.619,-0.635,-13375,13431,7.34,225.5,-87.195,446.314,1,1,1
86750348,85426,3,35.00,-35.00,34.49,-35.52,0.623,-0.630,-13354,13405,7.35,226.3,-92.256,445.390,1,1,1
86760354,85436,3,35.00,-35.00,30.30,-35.85,0.640,-0.628,-13340,13380,7.34,226.0,-94.024,444.448,1,1,1
86770354,85446,3,35.00,-35.00,30.88,-36.96,0.644,-0.628,-13318,13353,7.29,229.0,-89.756,443.549,1,1,1
86780363,85456,3,35.00,-35.00,28.20,-37.30,0.653,-0.622,-13303,13327,7.32,233.7,-84.634,442.701,1,1,1
86790363,85466,3,35.00,-35.00,19.74,-37.54,0.684,-0.617,-13303,13301,7.33,237.5,-84.634,441.853,1,1,1
86800363,85476,3,35.00,-35.00,13.82,-34.62,0.707,-0.625,-13303,13282,7.31,253.5,-91.402,440.937,1,1,1
86810363,85486,3,35.00,-35.00,9.67,-33.03,0.726,-0.630,-13303,13262,7.27,274.2,-98.293,439.953,1,1,1
86820369,85496,3,35.00,-35.00,7.21,-32.79,0.738,-0.630,-13302,13240,7.25,293.0,-95.793,438.993,1,1,1
86830369,85506,3,35.00,-35.00,5.05,-33.94,0.749,-0.624,-13302,13215,7.24,300.2,-92.744,438.064,1,1,1
86840378,85516,3,35.00,-35.00,3.53,-34.30,0.759,-0.621,-13302,13191,7.22,307.0,-98.537,437.077,1,1,1
86850385,85526,3,35.00,-35.00,2.47,-35.00,0.766,-0.615,-13302,13166,7.22,312.8,-102.561,436.050,1,1,1
86860393,85536,3,35.00,-35.00,10.96,-35.92,0.743,-0.614,-13281,13140,7.20,314.0,-97.439,435.074,1,1,1
86870400,85546,3,35.00,-35.00,20.86,-37.01,0.706,-0.603,-13251,13113,7.28,290.0,-93.720,434.135,1,1,1
86880408,85556,3,35.00,-35.00,28.22,-36.89,0.680,-0.601,-13220,13088,7.31,256.2,-99.024,433.143,1,1,1
86890415,85566,3,35.00,-35.00,33.38,-35.93,0.662,-0.603,-13189,13065,7.33,236.5,-104.695,432.094,1,1,1
86900415,85576,3,35.00,-35.00,37.43,-32.62,0.646,-0.616,-13157,13048,7.34,225.8,-104.085,431.052,1,1,1
86910415,85586,3,35.00,-35.00,41.14,-29.87,0.631,-0.628,-13123,13032,7.34,223.2,-99.695,430.053,1,1,1
86920415,85596,3,35.00,-35.00,41.10,-29.70,0.627,-0.630,-13095,13012,7.35,224.0,-95.366,429.098,1,1,1
86930415,85606,3,35.00,-35.00,41.08,-30.90,0.625,-0.628,-13067,12989,7.34,221.0,-93.476,428.162,1,1,1
86940415,85616,3,35.00,-35.00,40.62,-31.73,0.626,-0.629,-13040,12966,7.33,219.5,-91.463,427.245,1,1,1
86950415,85626,3,35.00,-35.00,41.18,-31.88,0.623,-0.631,-13011,12944,7.32,224.3,-94.329,426.300,1,1,1
86960415,85636,3,35.00,-35.00,42.45,-32.86,0.616,-0.630,-12980,12920,7.32,222.5,-100.976,425.289,1,1,1
86970423,85646,3,35.00,-35.00,42.90,-35.31,0.612,-0.622,-12950,12892,7.32,219.0,-110.610,424.181,1,1,1
86980423,85656,3,35.00,-35.00,44.53,-35.70,0.605,-0.621,-12917,12867,7.33,216.2,-115.183,423.028,1,1,1
86990423,85666,3,35.00,-35.00,45.23,-35.54,0.602,-0.623,-12885,12843,7.33,211.5,-111.707,421.909,1,1,1
87000423,85676,3,35.00,-35.00,43.09,-34.98,0.608,-0.626,-12859,12820,7.32,208.7,-106.098,420.847,1,1,1
87010423,85686,3,35.00,-35.00,40.71,-33.72,0.615,-0.630,-12835,12799,7.32,212.2,-95.976,419.885,1,1,1
87020423,85696,3,35.00,-35.00,40.36,-31.95,0.615,-0.638,-12808,12780,7.32,219.2,-84.512,419.038,1,1,1
87030423,85706,3,35.00,-35.00,40.12,-30.72,0.616,-0.645,-12781,12761,7.30,221.2,-77.134,418.265,1,1,1
87040430,85716,3,35.00,-35.00,40.83,-30.73,0.613,-0.648,-12752,12740,7.30,223.5,-77.195,417.492,1,1,1
87050430,85726,3,35.00,-35.00,41.32,-31.62,0.611,-0.647,-12723,12717,7.29,227.3,-83.049,416.660,1,1,1
87060430,85736,3,35.00,-35.00,43.43,-32.24,0.603,-0.648,-12690,12694,7.29,226.0,-89.390,415.764,1,1,1
87070439,85746,3,35.00,-35.00,44.46,-32.68,0.599,-0.648,-12658,12671,7.29,221.8,-95.000,414.813,1,1,1
87080445,85756,3,35.00,-35.00,42.99,-33.42,0.603,-0.647,-12631,12647,7.29,221.0,-100.366,413.807,1,1,1
87090445,85766,3,35.00,-35.00,40.20,-33.50,0.612,-0.648,-12608,12624,7.29,223.2,-98.841,412.817,1,1,1
87100446,85776,3,35.00,-35.00,36.93,-33.56,0.624,-0.649,-12588,12601,7.26,224.5,-88.780,411.928,1,1,1
87110454,85786,3,35.00,-35.00,36.84,-33.16,0.626,-0.653,-12563,12579,7.24,230.8,-80.976,411.116,1,1,1
87120454,85796,3,35.00,-35.00,38.53,-33.76,0.620,-0.652,-12534,12555,7.24,233.2,-81.037,410.304,1,1,1
87130460,85806,3,35.00,-35.00,38.40,-34.18,0.620,-0.650,-12508,12531,7.25,230.0,-92.744,409.375,1,1,1
87140460,85816,3,35.00,-35.00,38.74,-34.47,0.619,-0.651,-12481,12507,7.24,228.3,-104.268,408.331,1,1,1
87150460,85826,3,35.00,-35.00,39.86,-34.24,0.614,-0.652,-12452,12484,7.24,228.5,-111.951,407.210,1,1,1
87160460,85836,3,35.00,-35.00,41.97,-35.83,0.607,-0.648,-12420,12457,7.24,227.8,-112.744,406.081,1,1,1
87170460,85846,3,35.00,-35.00,39.48,-36.51,0.616,-0.646,-12397,12431,7.23,221.2,-109.085,404.988,1,1,1
87180460,85856,3,35.00,-35.00,36.43,-36.10,0.625,-0.645,-12377,12407,7.24,224.3,-96.951,404.017,1,1,1
87190461,85866,3,35.00,-35.00,36.49,-33.18,0.624,-0.656,-12352,12389,7.24,227.5,-80.610,403.209,1,1,1
87200476,85876,3,35.00,-35.00,36.09,-33.33,0.627,-0.658,-12328,12366,7.21,232.2,-73.476,402.473,1,1,1
87210485,85886,3,35.00,-35.00,37.13,-33.88,0.624,-0.658,-12301,12342,7.21,235.5,-79.207,401.679,1,1,1
87220500,85896,3,35.00,-35.00,37.41,-34.70,0.623,-0.655,-12275,12317,7.21,235.5,-92.988,400.748,1,1,1
87230500,85906,3,35.00,-35.00,39.37,-34.84,0.617,-0.656,-12245,12293,7.21,232.2,-104.146,399.705,1,1,1
87240508,85916,3,35.00,-35.00,39.43,-35.37,0.617,-0.656,-12218,12268,7.19,228.8,-109.878,398.604,1,1,1
87250515,85926,3,35.00,-35.00,38.15,-35.31,0.620,-0.655,-12194,12244,7.20,229.8,-112.500,397.478,1,1,1
87260515,85936,3,35.00,-35.00,36.81,-39.66,0.626,-0.639,-12171,12210,7.20,231.5,-110.610,396.370,1,1,1
87270515,85946,3,35.00,-35.00,35.00,-38.75,0.633,-0.641,-12150,12185,7.19,222.2,-97.439,395.394,1,1,1
87280523,85956,3,35.00,-35.00,35.04,-38.11,0.632,-0.641,-12126,12160,7.20,228.5,-84.817,394.544,1,1,1
87290523,85966,3,35.00,-35.00,35.08,-35.47,0.632,-0.650,-12102,12140,7.19,225.3,-83.415,393.708,1,1,1
87300530,85976,3,35.00,-35.00,35.98,-33.61,0.630,-0.658,-12076,12120,7.18,229.8,-88.293,392.824,1,1,1
87310530,85986,3,35.00,-35.00,36.61,-33.64,0.627,-0.659,-12050,12097,7.18,235.2,-92.317,391.899,1,1,1
87320530,85996,3,35.00,-35.00,37.93,-34.53,0.623,-0.657,-12022,12072,7.18,232.5,-93.659,390.961,1,1,1
87330539,86006,3,35.00,-35.00,37.98,-35.16,0.621,-0.654,-11996,12047,7.20,232.0,-97.866,389.980,1,1,1
87340539,86016,3,35.00,-35.00,38.01,-36.48,0.620,-0.648,-11970,12020,7.21,229.0,-100.732,388.971,1,1,1
87350545,86026,3,35.00,-35.00,35.84,-36.08,0.626,-0.648,-11949,11996,7.22,225.3,-99.512,387.975,1,1,1
87360545,86036,3,35.00,-35.00,33.43,-37.12,0.641,-0.649,-11930,11969,7.15,224.0,-91.951,387.054,1,1,1
87370554,86046,3,35.00,-35.00,31.75,-36.09,0.643,-0.647,-11911,11946,7.20,234.2,-77.073,386.281,1,1,1
87380561,86056,3,35.00,-35.00,31.02,-35.81,0.647,-0.646,-11891,11922,7.20,236.0,-74.390,385.536,1,1,1
87390576,86066,3,35.00,-35.00,33.14,-36.49,0.641,-0.644,-11865,11896,7.20,237.8,-81.768,384.716,1,1,1
87400576,86076,3,35.00,-35.00,33.74,-36.97,0.638,-0.641,-11841,11870,7.22,235.5,-92.134,383.793,1,1,1
87410576,86086,3,35.00,-35.00,35.92,-37.31,0.631,-0.639,-11813,11844,7.22,233.5,-102.927,382.762,1,1,1
87420584,86096,3,35.00,-35.00,36.13,-37.98,0.629,-0.634,-11788,11817,7.24,229.8,-113.049,381.630,1,1,1
87430591,86106,3,35.00,-35.00,35.40,-40.21,0.632,-0.625,-11765,11786,7.23,225.3,-118.476,380.444,1,1,1
87440599,86116,3,35.00,-35.00,36.21,-41.33,0.629,-0.619,-11739,11756,7.24,223.5,-112.988,379.312,1,1,1
87450606,86126,3,35.00,-35.00,35.01,-40.80,0.632,-0.617,-11717,11729,7.26,221.2,-102.561,378.285,1,1,1
87460615,86136,3,35.00,-35.00,34.18,-38.23,0.635,-0.624,-11695,11707,7.26,218.0,-91.829,377.365,1,1,1
87470621,86146,3,35.00,-35.00,34.47,-34.67,0.634,-0.637,-11671,11689,7.25,222.5,-83.720,376.526,1,1,1
87480621,86156,3,35.00,-35.00,34.68,-33.94,0.634,-0.640,-11647,11667,7.24,227.3,-81.098,375.714,1,1,1
87490621,86166,3,35.00,-35.00,35.26,-36.06,0.634,-0.634,-11622,11639,7.23,230.2,-83.476,374.877,1,1,1
87500621,86176,3,35.00,-35.00,36.11,-36.23,0.629,-0.632,-11596,11614,7.24,225.3,-92.805,373.948,1,1,1
87510621,86186,3,35.00,-35.00,35.82,-37.22,0.630,-0.628,-11572,11587,7.25,225.3,-101.585,372.930,1,1,1
87520630,86196,3,35.00,-35.00,36.94,-38.36,0.626,-0.624,-11545,11559,7.25,223.8,-105.488,371.874,1,1,1
87530636,86206,3,35.00,-35.00,35.97,-38.28,0.633,-0.627,-11522,11533,7.21,215.8,-100.732,370.865,1,1,1
87540636,86216,3,35.00,-35.00,35.72,-37.34,0.632,-0.628,-11498,11509,7.23,222.0,-92.866,369.934,1,1,1
87550645,86226,3,35.00,-35.00,35.99,-35.81,0.630,-0.633,-11473,11487,7.23,224.3,-85.976,369.073,1,1,1
87560652,86236,3,35.00,-35.00,35.74,-35.17,0.632,-0.636,-11449,11464,7.22,221.8,-78.780,368.284,1,1,1
87570652,86246,3,35.00,-35.00,35.13,-35.61,0.633,-0.633,-11426,11439,7.23,224.5,-78.110,367.501,1,1,1
87580660,86256,3,35.00,-35.00,36.45,-36.35,0.629,-0.632,-11399,11413,7.23,226.3,-86.341,366.636,1,1,1
87590667,86266,3,35.00,-35.00,36.50,-37.31,0.627,-0.627,-11374,11386,7.24,224.0,-99.634,365.638,1,1,1
87600675,86276,3,35.00,-35.00,36.98,-37.54,0.627,-0.628,-11348,11360,7.22,220.2,-108.598,364.550,1,1,1
87610682,86286,3,35.00,-35.00,37.75,-38.59,0.622,-0.622,-11321,11332,7.26,223.2,-111.220,363.436,1,1,1
87620682,86296,3,35.00,-35.00,38.29,-38.87,0.621,-0.621,-11294,11305,7.25,216.8,-111.037,362.324,1,1,1
87630682,86306,3,35.00,-35.00,40.43,-38.20,0.614,-0.624,-11263,11280,7.25,215.5,-107.805,361.245,1,1,1
87640690,86316,3,35.00,-35.00,41.92,-37.29,0.609,-0.629,-11232,11256,7.25,216.0,-98.598,360.257,1,1,1
87650697,86326,3,35.00,-35.00,41.21,-34.89,0.609,-0.636,-11205,11236,7.26,216.0,-88.902,359.366,1,1,1
87660706,86336,3,35.00,-35.00,39.39,-34.09,0.616,-0.640,-11181,11214,7.24,216.2,-79.634,358.569,1,1,1
87670721,86346,3,35.00,-35.00,35.93,-33.97,0.627,-0.641,-11162,11191,7.23,222.2,-79.634,357.771,1,1,1
87680721,86356,3,35.00,-35.00,33.94,-34.77,0.634,-0.638,-11142,11166,7.23,228.3,-73.659,357.032,1,1,1
87690721,86366,3,35.00,-35.00,34.74,-35.32,0.632,-0.636,-11117,11141,7.23,229.5,-73.415,356.297,1,1,1
87700727,86376,3,35.00,-35.00,35.75,-36.15,0.629,-0.634,-11091,11115,7.23,226.8,-78.171,355.513,1,1,1
87710727,86386,3,35.00,-35.00,37.33,-36.73,0.623,-0.632,-11063,11089,7.24,224.5,-91.037,354.601,1,1,1
87720736,86396,3,35.00,-35.00,37.99,-38.02,0.621,-0.627,-11036,11061,7.24,223.0,-103.171,353.568,1,1,1
87730736,86406,3,35.00,-35.00,39.78,-36.72,0.614,-0.632,-11006,11038,7.25,218.8,-104.451,352.522,1,1,1
87740736,86416,3,35.00,-35.00,39.71,-34.49,0.612,-0.638,-10979,11018,7.26,216.5,-95.305,351.567,1,1,1
87750743,86426,3,35.00,-35.00,37.47,-33.37,0.621,-0.645,-10957,10997,7.23,219.8,-84.451,350.721,1,1,1
87760751,86436,3,35.00,-35.00,35.89,-33.91,0.628,-0.645,-10935,10973,7.21,224.3,-75.488,349.964,1,1,1
87770762,86446,3,35.00,-35.00,35.67,-34.72,0.626,-0.640,-10911,10948,7.24,229.5,-72.012,349.243,1,1,1
87780773,86456,3,35.00,-35.00,36.84,-34.85,0.623,-0.640,-10884,10924,7.23,229.0,-76.037,348.481,1,1,1
87790773,86466,3,35.00,-35.00,36.77,-35.38,0.623,-0.638,-10859,10899,7.24,225.5,-87.927,347.600,1,1,1
87800781,86476,3,35.00,-35.00,37.61,-35.75,0.620,-0.637,-10832,10874,7.24,223.8,-99.512,346.603,1,1,1
87810781,86486,3,35.00,-35.00,37.75,-35.14,0.619,-0.640,-10806,10851,7.23,224.0,-105.061,345.551,1,1,1
87820788,86496,3,35.00,-35.00,40.49,-34.70,0.609,-0.642,-10774,10828,7.24,224.0,-105.122,344.498,1,1,1
87830797,86506,3,35.00,-35.00,41.96,-33.96,0.604,-0.647,-10743,10806,7.23,221.5,-98.171,343.514,1,1,1
87840803,86516,3,35.00,-35.00,41.68,-33.88,0.605,-0.648,-10715,10783,7.23,221.5,-89.329,342.620,1,1,1
87850812,86526,3,35.00,-35.00,39.28,-34.26,0.617,-0.652,-10692,10759,7.17,223.5,-85.122,341.767,1,1,1
87860825,86536,3,35.00,-35.00,35.41,-34.53,0.629,-0.650,-10674,10735,7.17,228.3,-84.024,340.925,1,1,1
87870827,86546,3,35.00,-35.00,32.26,-35.16,0.641,-0.648,-10657,10710,7.17,231.0,-83.171,340.091,1,1,1
87880834,86556,3,35.00,-35.00,33.13,-35.16,0.640,-0.649,-10633,10686,7.16,237.2,-80.976,339.280,1,1,1
87890842,86566,3,35.00,-35.00,34.17,-35.60,0.638,-0.648,-10608,10661,7.15,235.7,-81.037,338.468,1,1,1
87900842,86576,3,35.00,-35.00,35.79,-36.34,0.638,-0.650,-10581,10635,7.10,231.2,-90.610,337.560,1,1,1
87910849,86586,3,35.00,-35.00,38.23,-35.99,0.633,-0.657,-10551,10611,7.05,232.2,-98.841,336.570,1,1,1
87920849,86596,3,35.00,-35.00,39.51,-36.18,0.632,-0.660,-10522,10586,7.01,229.2,-97.927,335.589,1,1,1
87930849,86606,3,35.00,-35.00,39.52,-34.55,0.634,-0.669,-10495,10565,6.97,229.2,-89.146,334.696,1,1,1
87940849,86616,3,35.00,-35.00,37.33,-34.29,0.640,-0.669,-10473,10542,6.98,235.2,-81.524,333.879,1,1,1
87950849,86626,3,35.00,-35.00,34.04,-34.55,0.649,-0.665,-10455,10518,7.01,239.2,-74.085,333.137,1,1,1
87960849,86636,3,35.00,-35.00,33.94,-35.61,0.651,-0.662,-10432,10492,7.00,239.2,-70.793,332.427,1,1,1
87970849,86646,3,35.00,-35.00,33.86,-35.92,0.650,-0.659,-10409,10467,7.01,240.2,-74.390,331.682,1,1,1
87980857,86656,3,35.00,-35.00,35.57,-36.57,0.647,-0.659,-10382,10441,6.99,241.5,-87.317,330.807,1,1,1
87990864,86666,3,35.00,-35.00,36.76,-37.90,0.646,-0.658,-10355,10413,6.96,235.0,-100.305,329.802,1,1,1
88000864,86676,3,35.00,-35.00,37.16,-36.64,0.643,-0.661,-10329,10390,6.97,233.7,-103.720,328.764,1,1,1
88010873,86686,3,35.00,-35.00,37.00,-36.19,0.644,-0.664,-10304,10366,6.96,233.7,-99.756,327.764,1,1,1
88020887,86696,3,35.00,-35.00,39.08,-35.44,0.636,-0.666,-10274,10343,6.97,236.7,-90.854,326.854,1,1,1
88030888,86706,3,35.00,-35.00,39.66,-34.92,0.636,-0.670,-10246,10320,6.95,231.8,-84.634,326.006,1,1,1
88040894,86716,3,35.00,-35.00,38.31,-35.87,0.640,-0.667,-10222,10294,6.95,235.7,-87.378,325.131,1,1,1
88050903,86726,3,35.00,-35.00,35.61,-36.97,0.655,-0.669,-10202,10267,6.89,232.7,-91.159,324.218,1,1,1
88060910,86736,3,35.00,-35.00,33.71,-37.31,0.664,-0.669,-10182,10241,6.87,240.2,-92.866,323.287,1,1,1
88070918,86746,3,35.00,-35.00,34.59,-37.98,0.656,-0.661,-10157,10214,6.93,249.0,-91.951,322.366,1,1,1
88080918,86756,3,35.00,-35.00,36.08,-38.89,0.649,-0.656,-10130,10186,6.95,242.8,-95.000,321.414,1,1,1
88090925,86766,3,35.00,-35.00,37.12,-39.53,0.642,-0.650,-10103,10158,6.99,235.0,-105.427,320.359,1,1,1
88100933,86776,3,35.00,-35.00,37.85,-38.66,0.637,-0.650,-10076,10133,7.02,230.5,-112.744,319.230,1,1,1
88110933,86786,3,35.00,-35.00,38.80,-36.73,0.634,-0.657,-10048,10111,7.01,226.3,-109.512,318.133,1,1,1
88120933,86796,3,35.00,-35.00,40.78,-34.94,0.627,-0.665,-10017,10090,7.01,226.5,-101.524,317.116,1,1,1
88130940,86806,3,35.00,-35.00,39.09,-35.00,0.635,-0.668,-9993,10066,6.97,228.3,-96.037,316.154,1,1,1
88140940,86816,3,35.00,-35.00,37.03,-35.93,0.644,-0.666,-9971,10040,6.96,232.5,-90.549,315.247,1,1,1
88150940,86826,3,35.00,-35.00,34.27,-36.14,0.655,-0.666,-9952,10015,6.94,234.5,-87.500,314.370,1,1,1
88160948,86836,3,35.00,-35.00,34.10,-37.16,0.654,-0.660,-9929,9988,6.96,241.5,-88.537,313.483,1,1,1
88170955,86846,3,35.00,-35.00,35.29,-38.76,0.645,-0.649,-9903,9959,7.02,241.5,-93.110,312.550,1,1,1
88180963,86856,3,35.00,-35.00,36.13,-38.99,0.641,-0.647,-9877,9932,7.04,230.8,-103.659,311.512,1,1,1
88190970,86866,3,35.00,-35.00,36.72,-40.92,0.643,-0.644,-9851,9901,7.00,226.5,-112.012,310.390,1,1,1
88200979,86876,3,35.00,-35.00,38.01,-37.87,0.640,-0.656,-9823,9880,6.98,224.0,-110.793,309.281,1,1,1
88210990,86886,3,35.00,-35.00,40.23,-36.18,0.633,-0.663,-9792,9858,6.98,229.0,-104.451,308.235,1,1,1
88220998,86896,3,35.00,-35.00,38.27,-36.31,0.642,-0.665,-9769,9833,6.94,227.5,-97.012,307.263,1,1,1
88230998,86906,3,35.00,-35.00,34.70,-36.40,0.653,-0.663,-9751,9808,6.95,234.0,-87.683,306.384,1,1,1
88241005,86917,3,35.00,-35.00,33.96,-36.91,0.658,-0.663,-9729,9782,6.93,235.5,-82.805,305.555,1,1,1
88251006,86927,3,35.00,-35.00,33.88,-38.58,0.659,-0.657,-9706,9753,6.94,240.8,-85.549,304.698,1,1,1
88261006,86937,3,35.00,-35.00,35.14,-40.63,0.654,-0.648,-9680,9722,6.95,239.2,-97.134,303.725,1,1,1
88271018,86947,3,35.00,-35.00,35.58,-41.62,0.659,-0.650,-9655,9692,6.90,229.8,-106.585,302.657,1,1,1
88281029,86957,3,35.00,-35.00,35.90,-40.56,0.656,-0.650,-9630,9666,6.92,232.7,-105.000,301.606,1,1,1
88291036,86967,3,35.00,-35.00,37.87,-38.06,0.651,-0.661,-9601,9644,6.90,229.8,-100.061,300.603,1,1,1
88301036,86977,3,35.00,-35.00,38.81,-35.43,0.649,-0.673,-9573,9624,6.87,232.5,-93.415,299.668,1,1,1
88311044,86987,3,35.00,-35.00,39.04,-35.79,0.649,-0.672,-9546,9599,6.87,238.8,-88.537,298.781,1,1,1
88321051,86997,3,35.00,-35.00,36.99,-36.92,0.657,-0.670,-9524,9572,6.86,238.0,-90.427,297.875,1,1,1
88331059,87007,3,35.00,-35.00,34.24,-38.15,0.660,-0.658,-9505,9544,6.92,241.2,-92.195,296.951,1,1,1
88341066,87017,3,35.00,-35.00,34.08,-38.57,0.667,-0.662,-9482,9517,6.86,234.0,-90.183,296.048,1,1,1
88351066,87027,3,35.00,-35.00,34.40,-39.74,0.662,-0.653,-9458,9488,6.91,241.8,-90.976,295.136,1,1,1
88361066,87037,3,35.00,-35.00,35.07,-41.44,0.670,-0.656,-9433,9457,6.82,232.0,-98.963,294.145,1,1,1
88371066,87047,3,35.00,-35.00,35.97,-41.31,0.665,-0.653,-9407,9429,6.84,239.0,-107.317,293.070,1,1,1
88381074,87057,3,35.00,-35.00,36.61,-38.59,0.657,-0.657,-9381,9407,6.90,236.7,-106.646,292.002,1,1,1
88391081,87067,3,35.00,-35.00,38.81,-35.80,0.652,-0.670,-9351,9387,6.87,231.5,-99.451,291.006,1,1,1
88401090,87077,3,35.00,-35.00,39.47,-35.17,0.651,-0.674,-9323,9364,6.86,239.0,-93.354,290.071,1,1,1
88411097,87087,3,35.00,-35.00,39.49,-36.92,0.653,-0.671,-9296,9336,6.83,237.2,-95.915,289.110,1,1,1
88421105,87097,3,35.00,-35.00,38.19,-37.27,0.612,-0.625,-9272,9310,7.32,259.8,-104.329,288.065,1,1,1
88431111,87107,3,35.00,-35.00,36.84,-38.39,0.611,-0.615,-9249,9282,7.38,216.2,-106.768,286.996,1,1,1
88441111,87117,3,35.00,-35.00,33.70,-39.62,0.628,-0.615,-9231,9253,7.32,209.5,-100.915,285.985,1,1,1
88451111,87127,3,35.00,-35.00,33.26,-40.48,0.634,-0.614,-9209,9224,7.28,215.8,-93.598,285.047,1,1,1
88461120,87137,3,35.00,-35.00,24.16,-40.20,0.668,-0.612,-9207,9197,7.28,217.5,-87.561,284.170,1,1,1
88471120,87147,3,35.00,-35.00,16.91,-36.93,0.700,-0.621,-9207,9177,7.25,237.0,-93.232,283.236,1,1,1
88481120,87157,3,35.00,-35.00,11.84,-35.52,0.727,-0.626,-9207,9155,7.20,259.2,-101.280,282.222,1,1,1
88491127,87167,3,35.00,-35.00,8.73,-34.97,0.737,-0.622,-9206,9132,7.24,286.2,-101.159,281.208,1,1,1
88501127,87177,3,35.00,-35.00,6.11,-35.03,0.749,-0.619,-9206,9108,7.23,292.5,-102.622,280.181,1,1,1
88511135,87187,3,35.00,-35.00,4.28,-35.94,0.760,-0.614,-9206,9082,7.21,297.8,-110.122,279.078,1,1,1
88521142,87197,3,35.00,-35.00,2.99,-36.59,0.769,-0.609,-9206,9056,7.20,302.8,-110.305,277.973,1,1,1
88531142,87207,3,35.00,-35.00,11.32,-37.92,0.745,-0.605,-9185,9028,7.19,308.5,-105.976,276.912,1,1,1
88541151,87217,3,35.00,-35.00,20.67,-39.28,0.713,-0.597,-9156,8999,7.23,284.0,-101.037,275.900,1,1,1
88551165,87227,3,35.00,-35.00,28.97,-38.93,0.682,-0.594,-9123,8973,7.29,250.5,-104.512,274.853,1,1,1
88561172,87237,3,35.00,-35.00,33.90,-36.48,0.662,-0.599,-9092,8952,7.33,231.8,-108.659,273.765,1,1,1
88571172,87247,3,35.00,-35.00,38.23,-32.56,0.643,-0.611,-9059,8936,7.36,226.0,-103.476,272.728,1,1,1
88581172,87257,3,35.00,-35.00,41.71,-30.71,0.631,-0.622,-9025,8918,7.34,218.5,-100.061,271.726,1,1,1
88591181,87267,3,35.00,-35.00,42.82,-31.16,0.622,-0.621,-8994,8896,7.36,219.5,-98.415,270.740,1,1,1
88601187,87277,3,35.00,-35.00,41.40,-32.36,0.634,-0.628,-8968,8872,7.25,213.2,-97.500,269.764,1,1,1
88611188,87287,3,35.00,-35.00,41.72,-33.20,0.627,-0.623,-8939,8848,7.30,222.5,-100.061,268.761,1,1,1
88621196,87297,3,35.00,-35.00,42.39,-33.79,0.630,-0.630,-8909,8824,7.21,213.8,-100.061,267.759,1,1,1
88631202,87307,3,35.00,-35.00,43.30,-35.52,0.626,-0.627,-8878,8797,7.19,218.5,-103.659,266.721,1,1,1
88641211,87317,3,35.00,-35.00,44.37,-36.29,0.622,-0.626,-8846,8771,7.18,213.5,-111.768,265.602,1,1,1
88651218,87327,3,35.00,-35.00,46.44,-36.39,0.615,-0.627,-8811,8746,7.18,210.7,-117.561,264.424,1,1,1
88661218,87337,3,35.00,-35.00,45.69,-35.58,0.618,-0.633,-8781,8723,7.15,209.2,-113.049,263.292,1,1,1
88671226,87347,3,35.00,-35.00,44.29,-35.01,0.620,-0.634,-8753,8700,7.17,214.0,-107.500,262.216,1,1,1
88681233,87357,3,35.00,-35.00,42.43,-33.30,0.626,-0.641,-8727,8680,7.16,212.2,-98.293,261.231,1,1,1
88691242,87367,3,35.00,-35.00,41.13,-32.54,0.619,-0.635,-8701,8659,7.27,224.3,-88.598,260.343,1,1,1
88701256,87377,3,35.00,-35.00,41.09,-31.13,0.615,-0.638,-8673,8640,7.31,220.0,-77.683,259.565,1,1,1
88711257,87387,3,35.00,-35.00,41.51,-31.46,0.612,-0.639,-8644,8618,7.31,221.2,-73.293,258.830,1,1,1
88721272,87397,3,35.00,-35.00,43.12,-32.57,0.606,-0.637,-8612,8594,7.31,220.5,-81.037,258.018,1,1,1
88731272,87407,3,35.00,-35.00,45.12,-32.90,0.598,-0.639,-8578,8571,7.31,218.2,-93.537,257.081,1,1,1
88741278,87417,3,35.00,-35.00,45.21,-34.02,0.597,-0.636,-8547,8546,7.31,216.8,-100.610,256.074,1,1,1
88751278,87427,3,35.00,-35.00,43.07,-33.48,0.603,-0.639,-8521,8524,7.31,213.2,-102.805,255.044,1,1,1
88761279,87437,3,35.00,-35.00,39.82,-33.54,0.614,-0.641,-8499,8501,7.29,218.5,-99.939,254.043,1,1,1
88771287,87447,3,35.00,-35.00,37.98,-33.59,0.623,-0.644,-8476,8478,7.26,221.2,-91.402,253.127,1,1,1
88781294,87457,3,35.00,-35.00,38.45,-33.62,0.619,-0.643,-8449,8455,7.28,226.5,-85.305,252.273,1,1,1
88791294,87467,3,35.00,-35.00,39.22,-34.08,0.615,-0.641,-8421,8431,7.30,226.3,-86.890,251.402,1,1,1
88801302,87477,3,35.00,-35.00,40.20,-34.40,0.611,-0.640,-8392,8407,7.30,226.0,-98.598,250.414,1,1,1
88811309,87487,3,35.00,-35.00,40.88,-34.19,0.609,-0.643,-8363,8384,7.29,222.0,-110.305,249.310,1,1,1
88821309,87497,3,35.00,-35.00,42.68,-35.36,0.603,-0.641,-8331,8358,7.28,222.8,-114.817,248.160,1,1,1
88831309,87507,3,35.00,-35.00,42.18,-35.74,0.603,-0.639,-8303,8333,7.29,219.5,-112.561,247.033,1,1,1
88841309,87517,3,35.00,-35.00,38.76,-35.12,0.614,-0.641,-8282,8310,7.29,219.8,-103.476,245.996,1,1,1
88851309,87527,3,35.00,-35.00,35.92,-32.94,0.622,-0.648,-8262,8291,7.29,222.0,-87.073,245.124,1,1,1
88861320,87537,3,35.00,-35.00,37.01,-33.60,0.625,-0.653,-8235,8267,7.22,226.8,-75.305,244.369,1,1,1
88871332,87547,3,35.00,-35.00,38.21,-34.07,0.615,-0.647,-8207,8243,7.28,235.5,-72.805,243.640,1,1,1
88881339,87557,3,35.00,-35.00,38.17,-34.83,0.615,-0.645,-8181,8218,7.28,228.0,-85.061,242.787,1,1,1
88891348,87567,3,35.00,-35.00,38.15,-34.49,0.615,-0.647,-8155,8195,7.28,225.3,-99.878,241.787,1,1,1
88901348,87577,3,35.00,-35.00,39.89,-35.13,0.609,-0.646,-8125,8170,7.28,226.8,-108.902,240.696,1,1,1
88911354,87587,3,35.00,-35.00,39.35,-35.14,0.610,-0.646,-8099,8146,7.28,226.3,-112.805,239.567,1,1,1
88921354,87597,3,35.00,-35.00,38.53,-38.66,0.612,-0.632,-8074,8114,7.30,222.8,-112.073,238.444,1,1,1
88931354,87607,3,35.00,-35.00,36.20,-38.05,0.619,-0.631,-8053,8089,7.31,218.8,-102.500,237.418,1,1,1
88941363,87617,3,35.00,-35.00,35.45,-37.18,0.621,-0.633,-8030,8065,7.31,219.5,-88.171,236.534,1,1,1
88951363,87627,3,35.00,-35.00,35.36,-34.38,0.621,-0.643,-8006,8046,7.30,221.2,-81.951,235.713,1,1,1
88961369,87637,3,35.00,-35.00,36.62,-32.85,0.618,-0.651,-7979,8026,7.29,229.0,-86.098,234.850,1,1,1
88971369,87647,3,35.00,-35.00,37.06,-33.54,0.617,-0.650,-7953,8002,7.28,230.0,-91.951,233.929,1,1,1
88981369,87657,3,35.00,-35.00,38.24,-34.47,0.613,-0.648,-7925,7977,7.28,227.8,-96.768,232.960,1,1,1
88991369,87667,3,35.00,-35.00,39.52,-35.11,0.607,-0.645,-7896,7952,7.29,227.5,-100.366,231.955,1,1,1
89001378,87677,3,35.00,-35.00,38.65,-35.57,0.610,-0.644,-7871,7927,7.29,224.8,-102.134,230.932,1,1,1
89011384,87687,3,35.00,-35.00,35.40,-35.44,0.620,-0.643,-7852,7903,7.30,222.0,-99.695,229.933,1,1,1
89021385,87697,3,35.00,-35.00,33.13,-36.24,0.628,-0.639,-7833,7877,7.30,226.0,-90.610,229.025,1,1,1
89031400,87707,3,35.00,-35.00,31.54,-35.47,0.633,-0.640,-7814,7854,7.31,229.2,-75.000,228.274,1,1,1
89041400,87717,3,35.00,-35.00,30.43,-35.82,0.640,-0.638,-7795,7829,7.30,231.2,-71.402,227.558,1,1,1
89051400,87727,3,35.00,-35.00,33.17,-36.06,0.634,-0.640,-7768,7804,7.28,232.7,-79.573,226.761,1,1,1
89061400,87737,3,35.00,-35.00,34.20,-36.23,0.631,-0.639,-7743,7779,7.27,234.0,-91.646,225.843,1,1,1
89071400,87747,3,35.00,-35.00,36.69,-36.78,0.622,-0.637,-7714,7753,7.28,231.5,-102.622,224.815,1,1,1
89081408,87757,3,35.00,-35.00,36.67,-37.18,0.621,-0.634,-7689,7727,7.29,226.3,-111.280,223.700,1,1,1
89091415,87767,3,35.00,-35.00,36.21,-39.21,0.623,-0.626,-7665,7697,7.29,226.8,-116.585,222.533,1,1,1
89101415,87777,3,35.00,-35.00,36.34,-40.63,0.621,-0.618,-7640,7667,7.31,221.8,-112.012,221.411,1,1,1
89111423,87787,3,35.00,-35.00,35.54,-39.87,0.623,-0.618,-7617,7641,7.32,217.0,-103.232,220.377,1,1,1
89121430,87797,3,35.00,-35.00,34.11,-38.01,0.629,-0.623,-7596,7618,7.31,217.5,-93.902,219.437,1,1,1
89131430,87807,3,35.00,-35.00,33.98,-34.52,0.631,-0.636,-7573,7600,7.29,222.5,-84.329,218.592,1,1,1
89141430,87817,3,35.00,-35.00,33.90,-33.39,0.632,-0.642,-7550,7579,7.27,226.3,-77.683,217.813,1,1,1
89151430,87827,3,35.00,-35.00,35.15,-34.80,0.628,-0.638,-7524,7553,7.27,229.5,-77.622,217.035,1,1,1
89161430,87837,3,35.00,-35.00,35.59,-35.79,0.627,-0.634,-7499,7527,7.27,229.2,-87.012,216.164,1,1,1
89171439,87847,3,35.00,-35.00,35.46,-36.48,0.626,-0.630,-7475,7501,7.29,226.0,-98.415,215.178,1,1,1
89181439,87857,3,35.00,-35.00,35.37,-36.96,0.626,-0.627,-7451,7475,7.30,223.0,-105.671,214.119,1,1,1
89191439,87867,3,35.00,-35.00,35.31,-38.18,0.627,-0.622,-7427,7447,7.30,221.0,-104.817,213.070,1,1,1
89201439,87877,3,35.00,-35.00,36.14,-38.15,0.624,-0.622,-7401,7421,7.29,220.2,-99.512,212.073,1,1,1
89211445,87887,3,35.00,-35.00,36.72,-36.37,0.620,-0.626,-7375,7399,7.31,219.0,-91.829,211.153,1,1,1
89221446,87897,3,35.00,-35.00,35.37,-35.13,0.625,-0.631,-7353,7377,7.30,218.8,-81.951,210.332,1,1,1
89231454,87907,3,35.00,-35.00,35.31,-34.26,0.625,-0.634,-7329,7355,7.30,224.3,-73.902,209.591,1,1,1
89241454,87917,3,35.00,-35.00,36.14,-35.41,0.623,-0.631,-7303,7329,7.29,223.8,-75.732,208.832,1,1,1
89251460,87927,3,35.00,-35.00,36.29,-36.21,0.622,-0.628,-7278,7303,7.29,224.3,-88.963,207.941,1,1,1
89261460,87937,3,35.00,-35.00,36.83,-36.33,0.620,-0.628,-7252,7278,7.29,223.8,-102.927,206.910,1,1,1
89271466,87947,3,35.00,-35.00,37.64,-36.42,0.620,-0.631,-7225,7253,7.26,219.2,-110.305,205.805,1,1,1
89281476,87957,3,35.00,-35.00,38.66,-37.36,0.612,-0.624,-7197,7226,7.31,221.8,-110.793,204.696,1,1,1
89291493,87967,3,35.00,-35.00,41.12,-37.58,0.602,-0.622,-7165,7200,7.34,218.5,-107.866,203.615,1,1,1
89301493,87977,3,35.00,-35.00,41.97,-36.85,0.598,-0.624,-7135,7176,7.34,212.2,-104.817,202.566,1,1,1
89311493,87987,3,35.00,-35.00,40.80,-35.90,0.605,-0.632,-7109,7153,7.30,209.5,-94.756,201.616,1,1,1
89321493,87997,3,35.00,-35.00,39.11,-34.36,0.610,-0.638,-7085,7132,7.29,216.2,-80.793,200.807,1,1,1
89331500,88007,3,35.00,-35.00,36.17,-34.16,0.622,-0.640,-7065,7109,7.26,221.5,-72.744,200.078,1,1,1
89341508,88017,3,35.00,-35.00,33.23,-34.90,0.633,-0.638,-7047,7084,7.25,225.8,-72.378,199.352,1,1,1
89351515,88027,3,35.00,-35.00,34.24,-34.98,0.632,-0.640,-7022,7060,7.23,227.5,-75.488,198.596,1,1,1
89361527,88037,3,35.00,-35.00,35.40,-35.47,0.659,-0.669,-6996,7035,6.90,217.8,-86.037,197.734,1,1,1
89371530,88047,3,35.00,-35.00,36.64,-36.25,0.611,-0.623,-6969,7009,7.38,270.0,-99.146,196.741,1,1,1
89381530,88057,3,35.00,-35.00,37.95,-38.12,0.602,-0.612,-6941,6980,7.44,218.8,-104.939,195.690,1,1,1
89391530,88067,3,35.00,-35.00,39.75,-37.23,0.594,-0.615,-6911,6956,7.45,211.8,-101.098,194.677,1,1,1
89401538,88077,3,35.00,-35.00,39.69,-35.29,0.595,-0.622,-6884,6935,7.44,209.2,-91.220,193.763,1,1,1
89411539,88087,3,35.00,-35.00,38.33,-33.93,0.600,-0.629,-6860,6914,7.42,211.8,-80.671,192.955,1,1,1
89421539,88097,3,35.00,-35.00,36.06,-32.98,0.606,-0.631,-6839,6893,7.44,217.5,-72.378,192.230,1,1,1
89431545,88107,3,35.00,-35.00,34.91,-33.63,0.611,-0.631,-6817,6869,7.41,223.5,-70.549,191.522,1,1,1
89441554,88117,3,35.00,-35.00,35.86,-34.53,0.607,-0.627,-6791,6844,7.43,224.8,-77.927,190.742,1,1,1
89451554,88127,3,35.00,-35.00,36.53,-34.72,0.604,-0.626,-6765,6820,7.43,220.8,-90.976,189.830,1,1,1
89461554,88137,3,35.00,-35.00,37.00,-34.85,0.604,-0.628,-6739,6796,7.42,219.8,-101.159,188.817,1,1,1
89471560,88147,3,35.00,-35.00,37.32,-34.94,0.603,-0.628,-6713,6772,7.41,220.8,-105.000,187.765,1,1,1
89481560,88157,3,35.00,-35.00,39.31,-34.57,0.595,-0.630,-6683,6749,7.42,219.5,-103.049,186.733,1,1,1
89491569,88167,3,35.00,-35.00,42.02,-34.30,0.586,-0.633,-6650,6726,7.41,215.0,-96.220,185.769,1,1,1
89501569,88177,3,35.00,-35.00,42.60,-33.68,0.582,-0.635,-6620,6704,7.42,217.0,-87.988,184.888,1,1,1
89511576,88187,3,35.00,-35.00,40.36,-33.68,0.589,-0.636,-6596,6681,7.43,214.5,-84.146,184.045,1,1,1
89521576,88197,3,35.00,-35.00,37.04,-33.69,0.600,-0.637,-6576,6658,7.41,218.5,-83.171,183.211,1,1,1
89531576,88207,3,35.00,-35.00,33.40,-33.69,0.613,-0.636,-6559,6635,7.41,223.8,-82.134,182.388,1,1,1
89541584,88217,3,35.00,-35.00,31.73,-34.57,0.620,-0.633,-6540,6610,7.41,226.0,-80.244,181.584,1,1,1
89551591,88227,3,35.00,-35.00,32.76,-34.30,0.617,-0.634,-6516,6587,7.41,227.8,-81.951,180.763,1,1,1
89561591,88237,3,35.00,-35.00,34.36,-35.00,0.612,-0.632,-6490,6562,7.41,229.0,-81.951,179.942,1,1,1
89571599,88247,3,35.00,-35.00,35.91,-35.05,0.607,-0.632,-6463,6538,7.41,226.0,-92.012,179.020,1,1,1
89581606,88257,3,35.00,-35.00,38.76,-34.64,0.595,-0.633,-6432,6515,7.43,222.5,-98.598,178.033,1,1,1
89591614,88267,3,35.00,-35.00,39.44,-34.36,0.591,-0.635,-6404,6492,7.43,217.2,-96.098,177.070,1,1,1
89601621,88277,3,35.00,-35.00,37.71,-33.72,0.597,-0.638,-6381,6470,7.42,219.2,-87.134,176.197,1,1,1
89611621,88287,3,35.00,-35.00,36.07,-33.71,0.604,-0.641,-6359,6447,7.39,221.2,-78.537,175.410,1,1,1
89621630,88297,3,35.00,-35.00,33.16,-34.14,0.615,-0.639,-6341,6423,7.38,225.0,-73.659,174.672,1,1,1
89631636,88307,3,35.00,-35.00,32.00,-34.89,0.620,-0.636,-6321,6398,7.39,229.5,-72.927,173.941,1,1,1
89641636,88317,3,35.00,-35.00,32.95,-34.97,0.618,-0.637,-6297,6374,7.38,229.5,-74.085,173.198,1,1,1
89651645,88327,3,35.00,-35.00,34.49,-35.02,0.616,-0.639,-6271,6350,7.35,228.0,-81.463,172.382,1,1,1
89661652,88337,3,35.00,-35.00,35.13,-35.94,0.613,-0.635,-6246,6324,7.36,229.8,-92.622,171.454,1,1,1
89671660,88347,3,35.00,-35.00,35.14,-35.27,0.612,-0.636,-6222,6301,7.37,225.8,-98.963,170.463,1,1,1
89681660,88357,3,35.00,-35.00,37.34,-34.79,0.603,-0.638,-6193,6278,7.38,224.5,-99.024,169.471,1,1,1
89691660,88367,3,35.00,-35.00,39.32,-34.46,0.595,-0.640,-6163,6255,7.38,221.8,-90.183,168.568,1,1,1
89701667,88377,3,35.00,-35.00,39.39,-34.23,0.596,-0.643,-6136,6232,7.36,220.0,-85.183,167.714,1,1,1
89711667,88387,3,35.00,-35.00,36.80,-34.51,0.606,-0.644,-6115,6208,7.34,222.8,-86.524,166.847,1,1,1
89721675,88397,3,35.00,-35.00,33.67,-35.14,0.616,-0.640,-6097,6183,7.35,226.3,-87.561,165.970,1,1,1
89731675,88407,3,35.00,-35.00,31.92,-35.59,0.619,-0.634,-6078,6158,7.39,228.5,-87.012,165.098,1,1,1
89741682,88417,3,35.00,-35.00,32.45,-35.90,0.621,-0.636,-6055,6133,7.36,228.3,-85.854,164.238,1,1,1
89751682,88427,3,35.00,-35.00,33.26,-36.55,0.619,-0.633,-6031,6107,7.36,228.0,-86.890,163.368,1,1,1
89761690,88437,3,35.00,-35.00,34.71,-37.01,0.616,-0.631,-6005,6081,7.35,228.0,-95.732,162.409,1,1,1
89771697,88447,3,35.00,-35.00,35.72,-36.46,0.613,-0.634,-5979,6057,7.34,225.0,-103.354,161.374,1,1,1
89781706,88457,3,35.00,-35.00,36.87,-35.63,0.604,-0.633,-5952,6034,7.39,224.3,-106.280,160.309,1,1,1
89791712,88467,3,35.00,-35.00,38.55,-33.73,0.599,-0.642,-5923,6014,7.37,220.8,-100.732,159.300,1,1,1
89801712,88477,3,35.00,-35.00,37.97,-33.28,0.600,-0.645,-5898,5992,7.36,221.8,-94.085,158.358,1,1,1
89811721,88487,3,35.00,-35.00,35.81,-34.28,0.607,-0.641,-5877,5967,7.37,222.2,-88.171,157.474,1,1,1
89821721,88497,3,35.00,-35.00,32.98,-34.98,0.617,-0.638,-5859,5942,7.36,227.3,-83.293,156.640,1,1,1
89831721,88507,3,35.00,-35.00,31.43,-35.47,0.625,-0.637,-5840,5917,7.35,227.5,-82.378,155.814,1,1,1
89841727,88517,3,35.00,-35.00,31.67,-35.82,0.626,-0.636,-5818,5892,7.34,230.0,-81.037,155.002,1,1,1
89851736,88527,3,35.00,-35.00,33.60,-36.50,0.620,-0.633,-5792,5866,7.35,231.2,-85.183,154.149,1,1,1
89861749,88537,3,35.00,-35.00,34.50,-36.10,0.617,-0.634,-5767,5842,7.35,227.0,-97.317,153.174,1,1,1
89871758,88547,3,35.00,-35.00,35.58,-37.13,0.610,-0.627,-5741,5815,7.39,226.3,-106.037,152.112,1,1,1
89881766,88557,3,35.00,-35.00,37.21,-35.66,0.604,-0.631,-5713,5793,7.39,218.2,-103.841,151.072,1,1,1
89891766,88567,3,35.00,-35.00,37.91,-34.63,0.601,-0.636,-5686,5771,7.39,219.5,-96.280,150.108,1,1,1
89901773,88577,3,35.00,-35.00,34.45,-34.35,0.612,-0.637,-5668,5748,7.38,221.5,-88.902,149.217,1,1,1
89911773,88587,3,35.00,-35.00,31.58,-35.03,0.625,-0.635,-5651,5723,7.36,224.5,-81.159,148.404,1,1,1
89921781,88597,3,35.00,-35.00,32.22,-35.95,0.623,-0.631,-5628,5697,7.37,230.0,-78.354,147.619,1,1,1
89931788,88607,3,35.00,-35.00,32.22,-37.03,0.622,-0.624,-5606,5670,7.40,231.0,-82.134,146.796,1,1,1
89941797,88617,3,35.00,-35.00,32.22,-38.66,0.623,-0.616,-5584,5641,7.41,225.0,-94.390,145.850,1,1,1
89951803,88627,3,35.00,-35.00,33.98,-39.37,0.620,-0.615,-5558,5613,7.39,222.2,-105.793,144.790,1,1,1
89961803,88637,3,35.00,-35.00,35.21,-38.98,0.616,-0.616,-5532,5587,7.39,220.8,-107.927,143.710,1,1,1
89971803,88647,3,35.00,-35.00,36.51,-37.40,0.612,-0.622,-5505,5564,7.38,217.0,-99.390,142.714,1,1,1
89981803,88657,3,35.00,-35.00,37.86,-34.53,0.606,-0.632,-5477,5545,7.38,218.0,-91.159,141.801,1,1,1
89991812,88667,3,35.00,-35.00,38.37,-32.96,0.604,-0.640,-5450,5525,7.37,221.0,-86.585,140.933,1,1,1
90001818,88677,3,35.00,-35.00,36.09,-33.62,0.611,-0.637,-5429,5501,7.37,224.5,-83.963,140.092,1,1,1
90011819,88687,3,35.00,-35.00,33.17,-34.96,0.622,-0.633,-5411,5475,7.36,225.8,-81.768,139.273,1,1,1
90021827,88697,3,35.00,-35.00,30.25,-35.46,0.633,-0.629,-5395,5450,7.37,225.3,-79.634,138.475,1,1,1
90031827,88707,3,35.00,-35.00,29.53,-35.81,0.639,-0.629,-5376,5425,7.34,230.2,-78.476,137.688,1,1,1
90041827,88717,3,35.00,-35.00,30.78,-36.93,0.637,-0.625,-5353,5398,7.34,234.0,-79.390,136.893,1,1,1
90051827,88727,3,35.00,-35.00,32.53,-38.16,0.634,-0.621,-5328,5370,7.33,230.2,-89.390,135.997,1,1,1
90061827,88737,3,35.00,-35.00,33.32,-38.57,0.631,-0.618,-5304,5343,7.35,228.3,-100.061,134.995,1,1,1
90071827,88747,3,35.00,-35.00,33.87,-36.23,0.628,-0.625,-5280,5322,7.36,225.8,-99.939,133.994,1,1,1
90081827,88757,3,35.00,-35.00,36.01,-33.71,0.622,-0.636,-5252,5303,7.34,225.8,-92.561,133.067,1,1,1
90091834,88767,3,35.00,-35.00,36.63,-33.27,0.619,-0.638,-5226,5281,7.34,227.5,-85.732,132.208,1,1,1
90101834,88777,3,35.00,-35.00,37.07,-34.27,0.618,-0.636,-5200,5256,7.33,228.8,-87.073,131.335,1,1,1
90111834,88787,3,35.00,-35.00,36.06,-34.98,0.620,-0.633,-5177,5231,7.34,227.3,-95.244,130.381,1,1,1
90121834,88797,3,35.00,-35.00,34.47,-35.47,0.625,-0.630,-5156,5206,7.35,225.5,-100.549,129.374,1,1,1
90131842,88807,3,35.00,-35.00,32.04,-36.25,0.635,-0.627,-5138,5180,7.34,227.3,-96.037,128.412,1,1,1
90141849,88817,3,35.00,-35.00,31.65,-37.24,0.638,-0.623,-5117,5153,7.34,228.5,-89.878,127.512,1,1,1
90151857,88827,3,35.00,-35.00,24.80,-37.50,0.664,-0.619,-5111,5127,7.33,228.0,-84.756,126.663,1,1,1
90161857,88837,3,35.00,-35.00,17.36,-35.92,0.694,-0.622,-5111,5105,7.31,243.0,-86.159,125.799,1,1,1
90171857,88847,3,35.00,-35.00,12.15,-33.93,0.715,-0.628,-5111,5085,7.29,263.2,-92.805,124.870,1,1,1
90181864,88857,3,35.00,-35.00,8.50,-32.54,0.732,-0.633,-5111,5065,7.24,280.2,-94.268,123.925,1,1,1
90191872,88867,3,35.00,-35.00,6.39,-32.45,0.743,-0.632,-5110,5043,7.23,297.5,-91.585,123.008,1,1,1
90201872,88877,3,35.00,-35.00,4.47,-33.26,0.751,-0.625,-5110,5019,7.25,305.0,-96.707,122.039,1,1,1
90211879,88887,3,35.00,-35.00,3.13,-34.27,0.760,-0.620,-5110,4994,7.24,309.0,-105.427,120.983,1,1,1
90221879,88897,3,35.00,-35.00,4.39,-34.97,0.759,-0.615,-5105,4969,7.23,311.5,-103.841,119.943,1,1,1
90231888,88907,3,35.00,-35.00,16.70,-37.23,0.721,-0.607,-5074,4940,7.24,306.0,-100.915,118.932,1,1,1
90241888,88917,3,35.00,-35.00,24.87,-37.48,0.689,-0.599,-5044,4914,7.32,269.0,-104.573,117.885,1,1,1
90251894,88927,3,35.00,-35.00,30.15,-36.35,0.669,-0.600,-5015,4891,7.36,241.2,-110.427,116.779,1,1,1
90261894,88937,3,35.00,-35.00,35.61,-34.67,0.649,-0.605,-4982,4870,7.38,230.0,-106.646,115.711,1,1,1
90271900,88947,3,35.00,-35.00,40.31,-30.42,0.632,-0.624,-4947,4856,7.36,221.8,-97.805,114.731,1,1,1
90281910,88957,3,35.00,-35.00,41.84,-28.77,0.624,-0.633,-4916,4839,7.35,221.8,-92.683,113.803,1,1,1
90291910,88967,3,35.00,-35.00,42.03,-29.80,0.620,-0.632,-4887,4817,7.36,223.0,-89.207,112.909,1,1,1
90301918,88977,3,35.00,-35.00,39.97,-30.97,0.625,-0.629,-4863,4794,7.37,223.2,-86.463,112.043,1,1,1
90311925,88987,3,35.00,-35.00,40.28,-31.35,0.622,-0.630,-4835,4772,7.36,222.8,-88.659,111.155,1,1,1
90321925,88997,3,35.00,-35.00,42.26,-32.05,0.613,-0.631,-4803,4749,7.36,222.8,-94.817,110.205,1,1,1
90331925,89007,3,35.00,-35.00,42.33,-32.54,0.610,-0.630,-4774,4726,7.36,220.8,-106.829,109.135,1,1,1
90341933,89017,3,35.00,-35.00,42.37,-34.65,0.607,-0.623,-4745,4699,7.37,219.5,-113.232,108.001,1,1,1
90351940,89027,3,35.00,-35.00,44.60,-35.24,0.599,-0.622,-4711,4674,7.38,213.5,-112.256,106.877,1,1,1
90361940,89037,3,35.00,-35.00,43.53,-35.21,0.601,-0.623,-4683,4650,7.37,210.0,-107.317,105.802,1,1,1
90371940,89047,3,35.00,-35.00,41.02,-35.20,0.606,-0.620,-4659,4626,7.41,212.8,-95.793,104.843,1,1,1
90381940,89057,3,35.00,-35.00,41.02,-33.43,0.605,-0.628,-4631,4606,7.41,212.8,-84.573,103.995,1,1,1
90391940,89067,3,35.00,-35.00,40.58,-31.75,0.604,-0.633,-4604,4587,7.42,215.8,-82.195,103.172,1,1,1
90401940,89077,3,35.00,-35.00,41.15,-31.01,0.602,-0.639,-4575,4567,7.41,220.0,-85.183,102.318,1,1,1
90411940,89087,3,35.00,-35.00,41.55,-30.50,0.600,-0.644,-4546,4547,7.40,221.5,-86.463,101.452,1,1,1
90421940,89097,3,35.00,-35.00,42.71,-31.02,0.595,-0.644,-4515,4525,7.40,222.5,-85.549,100.595,1,1,1
90431940,89107,3,35.00,-35.00,43.52,-31.82,0.590,-0.642,-4484,4502,7.42,222.2,-87.439,99.719,1,1,1
90441940,89117,3,35.00,-35.00,44.09,-32.38,0.585,-0.640,-4453,4479,7.44,222.2,-94.451,98.773,1,1,1
90451940,89127,3,35.00,-35.00,40.97,-33.21,0.595,-0.637,-4430,4455,7.44,217.2,-95.244,97.818,1,1,1
90461948,89137,3,35.00,-35.00,37.03,-33.36,0.607,-0.636,-4411,4432,7.44,218.5,-85.610,96.961,1,1,1
90471955,89147,3,35.00,-35.00,36.90,-33.02,0.608,-0.638,-4386,4410,7.43,226.3,-78.902,96.170,1,1,1
90481955,89157,3,35.00,-35.00,37.26,-32.78,0.606,-0.640,-4360,4388,7.43,227.0,-83.171,95.337,1,1,1
90491963,89167,3,35.00,-35.00,38.83,-33.05,0.601,-0.640,-4331,4365,7.42,225.8,-83.171,94.503,1,1,1
90501963,89177,3,35.00,-35.00,38.60,-33.68,0.601,-0.638,-4305,4341,7.43,225.0,-97.256,93.529,1,1,1
90511970,89187,3,35.00,-35.00,39.77,-34.13,0.597,-0.637,-4276,4317,7.43,224.5,-106.341,92.464,1,1,1
90521979,89197,3,35.00,-35.00,41.02,-34.00,0.591,-0.638,-4246,4294,7.45,222.0,-109.390,91.369,1,1,1
90531990,89207,3,35.00,-35.00,40.14,-34.34,0.593,-0.637,-4220,4270,7.45,219.5,-109.634,90.271,1,1,1
90541998,89217,3,35.00,-35.00,37.33,-31.51,0.601,-0.646,-4199,4253,7.44,220.8,-108.476,89.184,1,1,1
90552005,89228,3,35.00,-35.00,35.36,-37.00,0.612,-0.630,-4178,4219,7.41,226.5,-98.659,88.196,1,1,1
90562014,89238,3,35.00,-35.00,35.74,-33.81,0.610,-0.641,-4153,4201,7.41,221.0,-82.439,87.370,1,1,1
90572020,89248,3,35.00,-35.00,35.56,-33.77,0.610,-0.642,-4129,4178,7.41,229.8,-73.232,86.636,1,1,1
90582029,89258,3,35.00,-35.00,36.76,-34.19,0.607,-0.642,-4102,4154,7.40,228.3,-76.829,85.866,1,1,1
90592036,89268,3,35.00,-35.00,38.04,-34.48,0.602,-0.641,-4074,4130,7.41,226.0,-89.695,84.968,1,1,1
90602044,89278,3,35.00,-35.00,38.93,-34.68,0.598,-0.641,-4046,4106,7.41,226.0,-100.976,83.956,1,1,1
90612051,89288,3,35.00,-35.00,38.68,-34.82,0.598,-0.640,-4020,4082,7.41,223.2,-107.134,82.883,1,1,1
90622059,89298,3,35.00,-35.00,38.06,-34.48,0.599,-0.641,-3995,4059,7.42,221.2,-110.549,81.776,1,1,1
90632066,89308,3,35.00,-35.00,35.43,-37.32,0.609,-0.630,-3975,4029,7.42,224.0,-109.451,80.680,1,1,1
90642074,89318,3,35.00,-35.00,33.59,-37.99,0.615,-0.626,-3955,4002,7.43,222.8,-98.902,79.689,1,1,1
90652081,89328,3,35.00,-35.00,33.62,-37.58,0.616,-0.626,-3932,3977,7.42,221.2,-85.366,78.834,1,1,1
90662082,89338,3,35.00,-35.00,34.08,-35.10,0.612,-0.632,-3908,3957,7.45,223.2,-82.012,78.012,1,1,1
90672096,89348,3,35.00,-35.00,35.72,-33.80,0.608,-0.639,-3881,3936,7.42,223.8,-88.293,77.128,1,1,1
90682096,89358,3,35.00,-35.00,35.99,-32.89,0.605,-0.642,-3856,3915,7.45,227.0,-95.732,76.169,1,1,1
90692096,89368,3,35.00,-35.00,37.94,-33.57,0.599,-0.642,-3827,3891,7.42,226.3,-97.866,75.188,1,1,1
90702105,89378,3,35.00,-35.00,37.98,-34.48,0.600,-0.640,-3801,3866,7.42,224.3,-95.915,74.228,1,1,1
90712112,89388,3,35.00,-35.00,37.13,-35.12,0.602,-0.638,-3777,3841,7.43,223.0,-97.927,73.247,1,1,1
90722127,89398,3,35.00,-35.00,34.34,-35.13,0.610,-0.636,-3758,3817,7.44,221.2,-96.524,72.280,1,1,1
90732135,89408,3,35.00,-35.00,31.95,-35.58,0.620,-0.634,-3740,3792,7.42,224.3,-88.293,71.395,1,1,1
90742135,89418,3,35.00,-35.00,29.84,-35.45,0.630,-0.635,-3723,3768,7.41,228.0,-75.122,70.642,1,1,1
90752135,89428,3,35.00,-35.00,29.67,-35.36,0.634,-0.636,-3703,3744,7.39,231.2,-68.537,69.955,1,1,1
90762142,89438,3,35.00,-35.00,31.32,-35.74,0.631,-0.635,-3679,3719,7.38,235.7,-75.671,69.197,1,1,1
90772142,89448,3,35.00,-35.00,32.47,-36.01,0.627,-0.633,-3655,3694,7.39,236.5,-86.646,68.329,1,1,1
90782157,89458,3,35.00,-35.00,35.03,-36.19,0.624,-0.638,-3627,3669,7.34,228.8,-95.488,67.372,1,1,1
90792157,89468,3,35.00,-35.00,35.07,-36.32,0.622,-0.634,-3603,3644,7.36,233.5,-103.537,66.335,1,1,1
90802165,89478,3,35.00,-35.00,35.10,-37.73,0.620,-0.626,-3579,3616,7.39,230.2,-111.280,65.221,1,1,1
90812166,89488,3,35.00,-35.00,35.11,-41.35,0.621,-0.612,-3555,3582,7.40,225.5,-112.012,64.099,1,1,1
90822172,89498,3,35.00,-35.00,33.81,-39.93,0.623,-0.612,-3534,3557,7.43,218.8,-105.000,63.048,1,1,1
90832172,89508,3,35.00,-35.00,33.33,-38.50,0.622,-0.612,-3512,3533,7.46,222.8,-96.098,62.085,1,1,1
90842172,89518,3,35.00,-35.00,33.00,-35.74,0.627,-0.624,-3490,3513,7.42,220.5,-85.183,61.232,1,1,1
90852181,89528,3,35.00,-35.00,32.77,-33.37,0.629,-0.633,-3468,3494,7.40,226.3,-78.659,60.443,1,1,1
90862181,89538,3,35.00,-35.00,34.36,-33.46,0.630,-0.640,-3442,3471,7.34,229.0,-78.171,59.660,1,1,1
90872187,89548,3,35.00,-35.00,34.60,-35.29,0.627,-0.631,-3418,3444,7.37,237.2,-82.378,58.835,1,1,1
90882196,89558,3,35.00,-35.00,35.65,-35.69,0.622,-0.628,-3392,3419,7.39,228.5,-91.341,57.920,1,1,1
90892196,89568,3,35.00,-35.00,35.06,-36.41,0.621,-0.622,-3369,3393,7.42,224.8,-99.817,56.920,1,1,1
90902202,89578,3,35.00,-35.00,35.09,-38.23,0.620,-0.613,-3345,3364,7.45,224.5,-104.146,55.877,1,1,1
90912203,89588,3,35.00,-35.00,35.55,-37.75,0.619,-0.614,-3320,3339,7.44,219.5,-99.817,54.877,1,1,1
90922218,89598,3,35.00,-35.00,35.87,-37.41,0.619,-0.616,-3295,3314,7.42,218.2,-93.293,53.942,1,1,1
90932218,89608,3,35.00,-35.00,35.66,-34.98,0.617,-0.622,-3271,3294,7.45,218.0,-85.061,53.090,1,1,1
90942218,89618,3,35.00,-35.00,34.63,-34.15,0.619,-0.624,-3249,3272,7.45,222.0,-76.707,52.321,1,1,1
90952226,89628,3,35.00,-35.00,34.35,-34.01,0.623,-0.628,-3226,3249,7.42,223.8,-71.524,51.604,1,1,1
90962226,89638,3,35.00,-35.00,34.59,-35.23,0.625,-0.626,-3202,3223,7.39,226.5,-75.549,50.847,1,1,1
90972226,89648,3,35.00,-35.00,35.20,-36.09,0.622,-0.622,-3177,3197,7.40,227.0,-90.793,49.938,1,1,1
90982233,89658,3,35.00,-35.00,36.07,-36.69,0.619,-0.619,-3151,3171,7.42,222.5,-107.195,48.864,1,1,1
90992241,89668,3,35.00,-35.00,37.11,-37.99,0.614,-0.613,-3124,3143,7.43,220.0,-115.793,47.705,1,1,1
91002241,89678,3,35.00,-35.00,39.16,-38.90,0.605,-0.608,-3094,3115,7.44,218.5,-115.305,46.550,1,1,1
91012248,89688,3,35.00,-35.00,41.91,-38.21,0.592,-0.608,-3061,3090,7.47,212.8,-112.317,45.425,1,1,1
91022248,89698,3,35.00,-35.00,41.21,-36.86,0.591,-0.612,-3034,3067,7.48,205.0,-104.817,44.375,1,1,1
91032248,89708,3,35.00,-35.00,39.83,-34.15,0.593,-0.621,-3009,3048,7.48,209.2,-89.512,43.479,1,1,1
91042248,89718,3,35.00,-35.00,37.11,-32.25,0.602,-0.629,-2988,3029,7.47,212.5,-72.988,42.747,1,1,1
91052256,89728,3,35.00,-35.00,33.45,-32.25,0.618,-0.633,-2971,3007,7.42,218.0,-63.780,42.108,1,1,1
91062263,89738,3,35.00,-35.00,32.64,-33.56,0.623,-0.631,-2950,2982,7.40,224.8,-62.805,41.478,1,1,1
91072263,89748,3,35.00,-35.00,34.28,-34.04,0.619,-0.630,-2924,2958,7.39,227.8,-69.024,40.786,1,1,1
91082263,89758,3,35.00,-35.00,34.98,-34.37,0.616,-0.629,-2899,2934,7.40,227.3,-84.573,39.939,1,1,1
91092272,89768,3,35.00,-35.00,36.35,-35.05,0.611,-0.627,-2872,2909,7.40,223.8,-97.744,38.960,1,1,1
91102272,89778,3,35.00,-35.00,37.75,-37.28,0.605,-0.618,-2844,2880,7.42,222.0,-103.537,37.923,1,1,1
91112279,89788,3,35.00,-35.00,38.73,-37.08,0.598,-0.616,-2816,2855,7.45,217.2,-99.817,36.923,1,1,1
91122287,89798,3,35.00,-35.00,38.98,-35.18,0.596,-0.621,-2789,2834,7.47,212.0,-90.732,36.014,1,1,1
91132294,89808,3,35.00,-35.00,37.83,-32.98,0.598,-0.629,-2765,2815,7.47,214.8,-80.183,35.210,1,1,1
91142294,89818,3,35.00,-35.00,35.27,-32.31,0.608,-0.634,-2745,2794,7.44,220.5,-70.671,34.502,1,1,1
91152294,89828,3,35.00,-35.00,34.36,-32.73,0.613,-0.635,-2723,2771,7.41,224.0,-66.037,33.840,1,1,1
91162294,89838,3,35.00,-35.00,34.60,-33.90,0.614,-0.633,-2699,2746,7.40,225.8,-72.256,33.116,1,1,1
91172302,89848,3,35.00,-35.00,35.64,-33.83,0.610,-0.634,-2673,2723,7.40,227.0,-87.500,32.239,1,1,1
91182302,89858,3,35.00,-35.00,36.38,-34.23,0.607,-0.632,-2647,2699,7.41,228.3,-99.451,31.243,1,1,1
91192302,89868,3,35.00,-35.00,36.89,-34.51,0.604,-0.631,-2621,2675,7.42,222.5,-103.902,30.202,1,1,1
91202302,89878,3,35.00,-35.00,38.13,-34.26,0.600,-0.633,-2593,2652,7.42,222.0,-102.317,29.178,1,1,1
91212309,89888,3,35.00,-35.00,41.19,-34.09,0.588,-0.633,-2560,2629,7.44,222.0,-96.463,28.211,1,1,1
91222309,89898,3,35.00,-35.00,41.58,-33.53,0.583,-0.634,-2531,2607,7.47,217.5,-87.683,27.333,1,1,1
91232309,89908,3,35.00,-35.00,40.09,-33.14,0.590,-0.639,-2506,2585,7.43,215.5,-82.622,26.505,1,1,1
91242317,89918,3,35.00,-35.00,36.41,-33.31,0.603,-0.640,-2487,2562,7.41,220.8,-80.610,25.697,1,1,1
91252317,89928,3,35.00,-35.00,32.96,-33.86,0.616,-0.638,-2470,2538,7.41,227.5,-80.610,24.890,1,1,1
91262317,89938,3,35.00,-35.00,30.54,-34.25,0.624,-0.635,-2453,2514,7.42,230.0,-78.963,24.098,1,1,1
91272324,89948,3,35.00,-35.00,32.37,-34.52,0.623,-0.638,-2428,2490,7.37,231.8,-78.659,23.310,1,1,1
91282324,89958,3,35.00,-35.00,33.64,-35.59,0.624,-0.639,-2403,2464,7.33,230.8,-88.171,22.427,1,1,1
91292332,89968,3,35.00,-35.00,34.98,-35.46,0.617,-0.637,-2377,2440,7.36,231.0,-97.195,21.453,1,1,1
91302332,89978,3,35.00,-35.00,37.23,-34.93,0.607,-0.638,-2348,2417,7.37,228.3,-97.378,20.478,1,1,1
91312332,89988,3,35.00,-35.00,39.68,-34.56,0.596,-0.639,-2317,2394,7.39,226.5,-89.573,19.580,1,1,1
91322339,89998,3,35.00,-35.00,38.76,-33.86,0.596,-0.641,-2292,2372,7.40,220.0,-81.646,18.762,1,1,1
91332348,90008,3,35.00,-35.00,35.92,-33.81,0.605,-0.640,-2272,2349,7.41,221.5,-75.000,18.011,1,1,1
91342348,90018,3,35.00,-35.00,33.06,-34.21,0.615,-0.638,-2254,2325,7.41,225.0,-72.317,17.286,1,1,1
91352363,90028,3,35.00,-35.00,31.49,-34.94,0.622,-0.636,-2235,2300,7.40,229.0,-72.500,16.559,1,1,1
91362369,90038,3,35.00,-35.00,32.15,-35.44,0.626,-0.639,-2212,2275,7.34,228.0,-77.073,15.787,1,1,1
91372369,90048,3,35.00,-35.00,33.49,-35.36,0.620,-0.637,-2187,2251,7.37,232.5,-89.024,14.895,1,1,1
91382369,90058,3,35.00,-35.00,35.31,-37.05,0.615,-0.631,-2160,2223,7.37,229.2,-98.415,13.909,1,1,1
91392378,90068,3,35.00,-35.00,34.82,-36.48,0.616,-0.632,-2137,2199,7.37,224.5,-100.366,12.904,1,1,1
91402378,90078,3,35.00,-35.00,35.80,-35.21,0.612,-0.636,-2111,2177,7.38,224.3,-94.878,11.953,1,1,1
91412378,90088,3,35.00,-35.00,37.37,-34.31,0.606,-0.640,-2083,2155,7.38,226.3,-85.915,11.093,1,1,1
91422385,90098,3,35.00,-35.00,38.90,-33.69,0.598,-0.642,-2054,2133,7.39,224.5,-84.634,10.245,1,1,1
91432393,90108,3,35.00,-35.00,36.90,-34.13,0.604,-0.641,-2032,2109,7.39,224.0,-88.293,9.360,1,1,1
91442400,90118,3,35.00,-35.00,34.18,-35.32,0.614,-0.637,-2013,2083,7.38,226.3,-88.293,8.476,1,1,1
91452408,90128,3,35.00,-35.00,32.27,-36.15,0.621,-0.632,-1994,2057,7.39,225.3,-91.280,7.561,1,1,1
91462415,90138,3,35.00,-35.00,32.26,-37.17,0.622,-0.628,-1972,2030,7.39,228.3,-91.768,6.642,1,1,1
91472415,90148,3,35.00,-35.00,33.13,-39.20,0.620,-0.619,-1948,2000,7.40,228.0,-90.610,5.734,1,1,1
91482423,90158,3,35.00,-35.00,33.74,-38.87,0.618,-0.618,-1924,1974,7.41,221.5,-95.976,4.773,1,1,1
91492430,90168,3,35.00,-35.00,34.60,-37.31,0.613,-0.621,-1899,1951,7.43,219.2,-104.512,3.726,1,1,1
91502439,90178,3,35.00,-35.00,36.09,-36.23,0.608,-0.625,-1872,1928,7.42,220.2,-105.915,2.665,1,1,1
91512439,90188,3,35.00,-35.00,37.57,-32.83,0.601,-0.637,-1844,1911,7.43,219.5,-97.988,1.684,1,1,1
91522445,90198,3,35.00,-35.00,38.16,-31.77,0.600,-0.644,-1817,1891,7.40,221.0,-89.573,0.786,1,1,1
91532454,90208,3,35.00,-35.00,35.50,-32.79,0.608,-0.640,-1797,1867,7.41,225.8,-84.268,-0.058,1,1,1
91542454,90218,3,35.00,-35.00,33.20,-34.38,0.616,-0.634,-1778,1841,7.42,229.0,-80.854,-0.868,1,1,1
91552454,90228,3,35.00,-35.00,32.47,-34.61,0.619,-0.633,-1757,1817,7.42,226.0,-79.024,-1.660,1,1,1
91562454,90238,3,35.00,-35.00,31.96,-35.21,0.622,-0.631,-1736,1792,7.41,227.5,-78.902,-2.451,1,1,1
91572460,90248,3,35.00,-35.00,33.36,-36.08,0.619,-0.628,-1711,1766,7.41,230.0,-83.354,-3.286,1,1,1
91582469,90258,3,35.00,-35.00,33.90,-36.24,0.618,-0.627,-1687,1741,7.41,226.0,-94.329,-4.231,1,1,1
91592476,90268,3,35.00,-35.00,35.15,-36.79,0.613,-0.624,-1661,1715,7.42,224.5,-103.415,-5.267,1,1,1
91602476,90278,3,35.00,-35.00,36.03,-35.42,0.609,-0.628,-1635,1693,7.42,223.2,-103.598,-6.304,1,1,1
91612493,90288,3,35.00,-35.00,36.65,-34.46,0.605,-0.631,-1609,1671,7.43,223.2,-95.488,-7.261,1,1,1
91622500,90298,3,35.00,-35.00,34.88,-34.23,0.611,-0.632,-1588,1648,7.43,221.2,-89.390,-8.156,1,1,1
91632508,90308,3,35.00,-35.00,31.89,-34.95,0.623,-0.630,-1571,1623,7.42,225.8,-85.488,-9.013,1,1,1
91642515,90318,3,35.00,-35.00,31.55,-35.89,0.628,-0.628,-1550,1597,7.40,230.8,-80.183,-9.816,1,1,1
91652523,90328,3,35.00,-35.00,32.19,-36.55,0.627,-0.625,-1527,1571,7.39,228.0,-79.756,-10.616,1,1,1
91662524,90338,3,35.00,-35.00,32.64,-38.77,0.626,-0.615,-1504,1541,7.41,227.8,-89.573,-11.513,1,1,1
91672539,90348,3,35.00,-35.00,33.40,-39.44,0.624,-0.611,-1480,1513,7.42,224.8,-100.671,-12.521,1,1,1
91682539,90358,3,35.00,-35.00,33.92,-38.60,0.623,-0.612,-1456,1488,7.42,223.0,-104.695,-13.570,1,1,1
91692545,90368,3,35.00,-35.00,34.29,-36.69,0.622,-0.618,-1432,1466,7.42,221.0,-99.573,-14.567,1,1,1
91702554,90378,3,35.00,-35.00,36.31,-34.03,0.614,-0.627,-1404,1447,7.42,223.5,-91.524,-15.484,1,1,1
91712561,90388,3,35.00,-35.00,36.40,-32.61,0.614,-0.634,-1379,1427,7.41,223.5,-84.146,-16.327,1,1,1
91722569,90398,3,35.00,-35.00,36.03,-33.37,0.615,-0.632,-1355,1403,7.40,225.3,-79.695,-17.126,1,1,1
91732576,90408,3,35.00,-35.00,33.57,-34.79,0.623,-0.626,-1336,1377,7.41,225.5,-81.220,-17.940,1,1,1
91742576,90418,3,35.00,-35.00,31.41,-35.78,0.631,-0.621,-1318,1351,7.42,228.3,-85.488,-18.796,1,1,1
91752576,90428,3,35.00,-35.00,30.78,-36.03,0.636,-0.621,-1298,1326,7.40,228.0,-83.659,-19.634,1,1,1
91762576,90438,3,35.00,-35.00,30.77,-37.09,0.639,-0.617,-1277,1299,7.39,228.8,-81.646,-20.452,1,1,1
91772576,90448,3,35.00,-35.00,32.97,-38.70,0.633,-0.611,-1251,1270,7.39,232.7,-87.988,-21.334,1,1,1
91782581,90458,3,35.00,-35.00,34.06,-38.52,0.635,-0.616,-1226,1244,7.34,223.5,-99.024,-22.326,1,1,1
91792591,90468,3,35.00,-35.00,33.95,-37.07,0.631,-0.616,-1203,1221,7.39,226.3,-101.951,-23.347,1,1,1
91802599,90478,3,35.00,-35.00,35.19,-33.42,0.623,-0.626,-1177,1204,7.42,226.0,-97.378,-24.322,1,1,1
91812606,90488,3,35.00,-35.00,36.94,-32.62,0.617,-0.630,-1149,1183,7.42,228.3,-89.573,-25.220,1,1,1
91822606,90498,3,35.00,-35.00,36.40,-32.94,0.619,-0.631,-1125,1160,7.41,225.5,-85.061,-26.072,1,1,1
91832614,90508,3,35.00,-35.00,36.47,-34.05,0.619,-0.628,-1100,1135,7.40,225.0,-88.171,-26.955,1,1,1
91842621,90518,3,35.00,-35.00,34.76,-34.82,0.624,-0.625,-1079,1110,7.40,226.3,-94.573,-27.903,1,1,1
91852630,90528,3,35.00,-35.00,33.12,-35.36,0.631,-0.624,-1059,1085,7.40,224.8,-97.683,-28.881,1,1,1
91862636,90538,3,35.00,-35.00,31.09,-36.62,0.645,-0.624,-1041,1058,7.33,224.3,-92.683,-29.810,1,1,1
91872636,90548,3,35.00,-35.00,31.87,-37.06,0.641,-0.619,-1018,1032,7.36,236.2,-85.732,-30.669,1,1,1
91882636,90558,3,35.00,-35.00,23.63,-36.49,0.670,-0.616,-1015,1008,7.37,230.8,-80.732,-31.478,1,1,1
91892645,90568,3,35.00,-35.00,16.54,-33.89,0.697,-0.624,-1015,989,7.34,244.8,-85.549,-32.335,1,1,1
91902652,90578,3,35.00,-35.00,11.58,-32.95,0.720,-0.629,-1015,968,7.28,265.8,-88.659,-33.223,1,1,1
91912652,90588,3,35.00,-35.00,8.10,-32.73,0.736,-0.630,-1015,946,7.25,287.5,-88.963,-34.114,1,1,1
91922652,90598,3,35.00,-35.00,6.11,-33.46,0.748,-0.626,-1014,922,7.23,301.2,-90.610,-35.022,1,1,1
91932652,90608,3,35.00,-35.00,4.28,-33.97,0.757,-0.622,-1014,898,7.23,304.8,-96.585,-35.989,1,1,1
91942652,90618,3,35.00,-35.00,3.00,-34.33,0.766,-0.619,-1014,874,7.21,309.8,-103.354,-37.025,1,1,1
91952652,90628,3,35.00,-35.00,5.61,-35.45,0.769,-0.620,-1006,848,7.12,314.5,-102.744,-38.054,1,1,1
91962660,90638,3,35.00,-35.00,17.99,-37.12,0.747,-0.631,-974,820,6.95,302.5,-105.183,-39.107,1,1,1
91972667,90648,3,35.00,-35.00,25.78,-36.97,0.720,-0.629,-944,795,6.98,286.0,-108.415,-40.193,1,1,1
91982667,90658,3,35.00,-35.00,31.67,-35.55,0.696,-0.630,-913,773,7.04,263.2,-108.963,-41.284,1,1,1
91992667,90668,3,35.00,-35.00,36.67,-32.35,0.676,-0.640,-880,756,7.06,244.8,-105.671,-42.342,1,1,1
92002667,90678,3,35.00,-35.00,41.49,-29.24,0.655,-0.652,-844,741,7.08,237.0,-100.305,-43.347,1,1,1
92012667,90688,3,35.00,-35.00,42.23,-29.70,0.657,-0.661,-814,720,7.00,232.5,-97.439,-44.323,1,1,1
92022675,90698,3,35.00,-35.00,41.86,-31.33,0.658,-0.659,-786,696,6.98,237.8,-97.195,-45.297,1,1,1
92032682,90708,3,35.00,-35.00,40.29,-32.04,0.662,-0.659,-761,673,6.97,235.5,-97.012,-46.268,1,1,1
92042682,90718,3,35.00,-35.00,40.95,-32.54,0.661,-0.662,-732,650,6.94,236.0,-97.134,-47.241,1,1,1
92052682,90728,3,35.00,-35.00,42.29,-33.32,0.645,-0.653,-701,626,7.03,241.8,-98.902,-48.232,1,1,1
92062690,90738,3,35.00,-35.00,42.78,-36.07,0.648,-0.651,-671,597,6.96,224.5,-107.439,-49.308,1,1,1
92072697,90748,3,35.00,-35.00,44.01,-35.80,0.647,-0.656,-639,573,6.92,225.0,-112.134,-50.431,1,1,1
92082705,90758,3,35.00,-35.00,44.87,-35.16,0.644,-0.661,-607,550,6.91,226.3,-107.866,-51.511,1,1,1
92092712,90768,3,35.00,-35.00,44.15,-34.72,0.642,-0.660,-578,527,6.94,227.5,-102.561,-52.539,1,1,1
92102721,90778,3,35.00,-35.00,42.77,-33.53,0.645,-0.665,-551,506,6.94,226.3,-94.024,-53.481,1,1,1
92112727,90788,3,35.00,-35.00,41.81,-32.26,0.646,-0.670,-524,486,6.95,233.2,-86.037,-54.343,1,1,1
92122727,90798,3,35.00,-35.00,42.01,-32.25,0.647,-0.674,-495,464,6.92,232.5,-82.866,-55.173,1,1,1
92132736,90808,3,35.00,-35.00,43.03,-32.68,0.648,-0.679,-464,441,6.87,234.5,-84.939,-56.024,1,1,1
92142743,90818,3,35.00,-35.00,43.30,-33.43,0.645,-0.677,-434,417,6.88,240.0,-91.768,-56.943,1,1,1
92152743,90828,3,35.00,-35.00,44.81,-33.94,0.631,-0.670,-401,393,6.96,239.5,-98.171,-57.927,1,1,1
92162751,90838,3,35.00,-35.00,45.87,-34.31,0.625,-0.668,-368,369,6.98,230.0,-101.524,-58.943,1,1,1
92172758,90848,3,35.00,-35.00,43.54,-34.56,0.633,-0.669,-342,345,6.97,226.5,-102.073,-59.966,1,1,1
92182766,90858,3,35.00,-35.00,40.58,-34.74,0.645,-0.672,-319,321,6.94,231.2,-95.183,-60.919,1,1,1
92192766,90868,3,35.00,-35.00,38.95,-34.87,0.656,-0.678,-295,297,6.87,231.2,-87.622,-61.797,1,1,1
92202766,90878,3,35.00,-35.00,39.57,-34.95,0.649,-0.673,-267,273,6.92,244.2,-86.951,-62.668,1,1,1
92212766,90888,3,35.00,-35.00,40.45,-35.45,0.648,-0.674,-238,248,6.90,238.5,-98.476,-63.655,1,1,1
92222773,90898,3,35.00,-35.00,40.62,-35.36,0.649,-0.677,-210,224,6.88,239.2,-111.463,-64.771,1,1,1
92232773,90908,3,35.00,-35.00,42.05,-35.74,0.644,-0.677,-179,199,6.87,240.8,-116.829,-65.941,1,1,1
92242773,90918,3,35.00,-35.00,43.06,-37.32,0.636,-0.668,-148,171,6.92,237.5,-116.280,-67.105,1,1,1
