timestamp,sequence,range_raw_m,range_calibrated_m,rssi_dbm,tTx1,tRx1,tRx2,tTx2,temp_uwb_1,temp_uwb_2,temp_esp_1,temp_esp_2
1113,1,42.0389,12.5162,-64.76,1234160692,1330024829,341388902152,341484748288,30.8,34.1,32.3,35.6
1166,2,42.0797,12.5513,-66.16,4811763252,4907627632,344966484515,345062330880,30.8,34.1,32.3,35.6
1219,3,42.0436,12.5202,-63.98,8197988404,8293852469,348352690513,348448536576,30.8,34.1,32.3,35.6
1272,4,42.0530,12.5283,-63.62,11584657972,11680522290,351739340888,351835187200,30.8,34.1,32.3,35.6
1325,5,42.0469,12.5231,-66.14,14971327028,15067191090,355125990738,355221836800,30.8,34.1,32.3,35.6
1378,6,42.0905,12.5606,-63.54,18357996596,18453860985,358512641057,358608487424,30.8,34.1,32.3,35.6
1431,7,42.1093,12.5768,-63.76,21744666164,21840530370,361899291360,361995137536,30.8,34.1,32.3,35.6
1484,8,42.0623,12.5364,-64.56,25131335732,25227199792,365285941599,365381787648,31.8,34.1,33.3,35.6
1537,9,42.0891,12.5594,-66.02,28518005300,28613869241,368672591838,368768437760,30.8,34.1,32.3,35.6
1590,10,42.1360,12.5998,-65.40,31904674868,32000539215,372059242075,372155088384,30.8,34.1,32.3,35.6
1643,11,42.0999,12.5687,-64.24,35291344436,35387208713,375445892246,375541738496,30.8,34.1,32.3,35.6
1696,12,42.0952,12.5646,-64.44,38678014004,38773878259,378832542377,378928388608,30.8,34.1,32.3,35.6
1749,13,42.1126,12.5796,-65.06,42064683572,42160547794,382219192527,382315038720,30.8,34.1,32.3,35.6
1802,14,42.0938,12.5635,-66.45,45451353140,45547217377,385605842616,385701688832,30.8,34.1,32.3,35.6
1855,15,42.1093,12.5768,-64.58,48838022708,48933886990,388992492692,389088338944,31.8,34.1,33.3,35.6
1908,16,42.0858,12.5566,-63.29,52224692276,52320556611,392379142742,392474989056,30.8,34.1,32.3,35.6
1961,17,42.1219,12.5877,-65.19,55611361844,55707225773,395765792760,395861638656,30.8,34.1,32.3,35.6
2014,18,42.1093,12.5768,-63.65,58998031412,59093895438,399152442772,399248288768,30.8,34.1,32.3,35.6
2067,19,42.1139,12.5808,-64.85,62384700980,62480565166,402539092726,402634938880,30.8,34.1,32.3,35.6
2120,20,42.0938,12.5635,-65.02,65771370548,65867234884,405925742677,406021588992,30.8,34.1,32.3,35.6
2173,21,42.0905,12.5606,-64.33,69158040116,69253904133,409312392597,409408238592,30.8,34.1,32.3,35.6
2226,22,42.1280,12.5929,-63.96,72544709684,72640573937,412699042490,412794888704,30.8,34.1,32.3,35.6
2279,23,42.1266,12.5917,-65.90,75931379764,76027243733,416085692881,416181538816,30.8,34.1,32.3,35.6
2332,24,42.1421,12.6050,-64.80,79318049332,79413913583,419472342721,419568188928,30.8,34.1,32.3,35.6
2385,25,42.0717,12.5445,-63.96,82704718900,82800582904,422858992539,422954838528,30.8,34.1,32.3,35.6
2438,26,42.0811,12.5525,-64.26,86091388468,86187252797,426245642330,426341488640,30.8,34.1,32.3,35.6
2491,27,42.0905,12.5606,-64.56,89478058036,89573922184,429632292114,429728138240,30.8,34.1,32.3,35.6
2544,28,42.0717,12.5445,-63.79,92864727604,92960591605,433018941854,433114787840,30.8,34.1,32.3,35.6
2597,29,42.0858,12.5566,-63.74,96251397684,96347262075,436405592094,436501438464,30.8,34.1,32.3,35.6
2650,30,42.1515,12.6131,-64.93,99638067252,99733931562,439792241803,439888088064,30.8,34.1,32.3,35.6
2703,31,42.0952,12.5646,-64.12,103024736820,103120601029,443178891479,443274737664,30.8,34.1,32.3,35.6
2756,32,42.1186,12.5848,-64.98,106411406388,106507270550,446565541136,446661387264,30.8,34.1,32.3,35.6
2809,33,42.1093,12.5768,-63.44,109798076468,109893940605,449952191270,450048037376,30.8,34.1,32.3,35.6
2862,34,42.1515,12.6131,-63.81,113184746036,113280610173,453338840888,453434686976,31.8,34.1,33.3,35.6
2915,35,42.0999,12.5687,-63.16,116571415604,116667279731,456725490475,456821336576,30.8,34.1,32.3,35.6
2968,36,42.1656,12.6252,-64.49,119958085684,120053949874,460112140553,460207986688,30.8,34.1,32.3,35.6
3021,37,42.1702,12.6293,-64.22,123344755252,123440619499,463498790098,463594636288,30.8,34.1,32.3,35.6
3074,38,42.1515,12.6131,-63.71,126731424820,126827289146,466885439611,466981285888,30.8,34.1,32.3,35.6
3127,39,42.1421,12.6050,-63.95,130118094900,130213959317,470272089627,470367936000,30.8,34.1,32.3,35.6
3180,40,42.1186,12.5848,-63.83,133504764468,133600628488,473658739102,473754585088,30.8,34.1,32.3,35.6
3233,41,42.1890,12.6454,-64.44,136891434036,136987298232,477045388556,477141234688,30.8,34.1,32.3,35.6
3286,42,42.1186,12.5848,-64.80,140278104116,140373968457,480432038494,480527884800,30.8,34.1,32.3,35.6
3339,43,42.1173,12.5836,-65.55,143664773684,143760637702,483818687901,483914533888,30.8,34.1,32.3,35.6
3392,44,42.1937,12.6494,-64.62,147051443764,147147308018,487205337813,487301184000,30.8,34.1,32.3,35.6
3445,45,42.0999,12.5687,-64.30,150438113332,150533977278,490591987169,490687833088,30.8,34.1,32.3,35.6
3498,46,42.1186,12.5848,-63.95,153824783412,153920647630,493978637016,494074483200,30.8,34.1,32.3,35.6
3551,47,42.1736,12.6321,-66.16,157211452980,157307316970,497365286352,497461132288,30.8,34.1,32.3,35.6
3604,48,42.1360,12.5998,-65.30,160598123060,160693987343,500751936155,500847782400,30.8,34.1,32.3,35.6
3657,49,42.1139,12.5808,-63.95,163984792628,164080656710,504138585438,504234431488,30.8,34.1,32.3,35.6
3710,50,42.2125,12.6656,-64.74,167371462708,167467327155,507525235228,507621081600,30.8,34.1,32.3,35.6
3763,51,42.1280,12.5929,-63.47,170758132276,170853996556,510911884447,511007730688,31.8,34.1,33.3,35.6
3816,52,42.0999,12.5687,-63.45,174144802356,174240666497,514298534174,514394380288,30.8,34.1,32.3,35.6
3869,53,42.1970,12.6523,-65.84,177531471924,177627335976,517685183389,517781029376,30.8,34.1,32.3,35.6
3922,54,42.1173,12.5836,-65.32,180918142004,181014005947,521071833064,521167678976,30.8,34.1,32.3,35.6
3975,55,42.1515,12.6131,-64.31,184304811572,184400675966,524458482231,524554328576,30.8,34.1,32.3,35.6
4028,56,42.1374,12.6010,-64.97,187691481652,187787345996,527845131874,527940978176,30.8,34.1,32.3,35.6
4081,57,42.1984,12.6535,-64.44,191078151220,191174015552,531231781000,531327627264,30.8,34.1,32.3,35.6
4134,58,42.2219,12.6737,-63.84,194464821300,194560685629,534618430614,534714276864,30.8,34.1,32.3,35.6
4187,59,42.1702,12.6293,-64.08,197851491380,197947355712,538005080189,538100926464,30.8,34.1,32.3,35.6
4240,60,42.1749,12.6333,-64.56,201238160948,201334025317,541391729241,541487575552,30.8,34.1,32.3,35.6
4293,61,42.1548,12.6159,-65.06,204624831028,204720695438,544778378788,544874225152,30.8,34.1,32.3,35.6
4346,62,42.1890,12.6454,-64.98,208011500596,208107364576,548165027812,548260873728,30.8,34.1,32.3,35.6
4399,63,42.1970,12.6523,-65.47,211398170676,211494034745,551551677323,551647523328,30.8,34.1,32.3,35.6
4452,64,42.1876,12.6442,-65.61,214784840756,214880704948,554938326796,555034172928,30.8,34.1,32.3,35.6
4505,65,42.2031,12.6575,-63.95,218171510324,218267374654,558324975757,558420822016,30.8,34.1,32.3,35.6
4558,66,42.1562,12.6171,-63.83,221558180404,221654044359,561711625199,561807471104,30.8,34.1,32.3,35.6
4611,67,42.1890,12.6454,-63.20,224944850484,225040714614,565098274638,565194120704,30.8,34.1,32.3,35.6
4664,68,42.2172,12.6696,-63.19,228331520052,228427384378,568484923542,568580769792,30.8,34.1,32.3,35.6
4717,69,42.1702,12.6293,-64.60,231718190132,231814054153,571871572915,571967418880,30.8,34.1,32.3,35.6
4770,70,42.2265,12.6777,-64.44,235104860212,235200724474,575258222299,575354068480,30.8,34.1,32.3,35.6
4823,71,42.2392,12.6886,-65.25,238491529780,238587393779,578644871139,578740717056,30.8,34.1,32.3,35.6
4876,72,42.2078,12.6616,-64.51,241878199860,241974064123,582031520465,582127366656,30.8,34.1,32.3,35.6
4929,73,42.1642,12.6240,-65.84,245264869940,245360733968,585418169767,585514015744,30.8,34.1,32.3,35.6
4982,74,42.1890,12.6454,-64.01,248651540020,248747404358,588804819070,588900665344,30.8,34.1,32.3,35.6
5035,75,42.1562,12.6171,-64.49,252038209588,252134073730,592191467828,592287313920,30.8,34.1,32.3,35.6
5088,76,42.2111,12.6644,-65.23,255424879668,255520743659,595578117087,595673963008,30.8,34.1,32.3,35.6
5141,77,42.1327,12.5969,-63.95,258811549748,258907414086,598964766311,599060612608,30.8,34.1,32.3,35.6
5194,78,42.1609,12.6212,-64.00,262198219828,262294084050,602351415527,602447261696,30.8,34.1,32.3,35.6
5247,79,42.1796,12.6373,-64.74,265584889908,265680754018,605738064735,605833910784,30.8,34.1,32.3,35.6
5300,80,42.1937,12.6494,-64.33,268971559476,269067423487,609124713416,609220559360,30.8,34.1,32.3,35.6
5353,81,42.2252,12.6765,-65.75,272358229556,272454094017,612511362575,612607208960,30.8,34.1,32.3,35.6
5406,82,42.2265,12.6777,-63.50,275744899636,275840764034,615898011730,615993858048,30.8,34.1,32.3,35.6
5459,83,42.1689,12.6281,-65.65,279131569716,279227434071,619284660833,619380507136,30.8,34.1,32.3,35.6
5512,84,42.1796,12.6373,-64.76,282518239796,282614104132,622671309949,622767156224,30.8,34.1,32.3,35.6
5565,85,42.2125,12.6656,-63.44,285904909364,286000773706,626057958533,626153804800,30.8,34.1,32.3,35.6
5618,86,42.1937,12.6494,-64.17,289291579444,289387443802,629444607597,629540453888,30.8,34.1,32.3,35.6
5671,87,42.2125,12.6656,-63.79,292678249524,292774113916,632831256658,632927102976,30.8,34.1,32.3,35.6
5724,88,42.2172,12.6696,-64.44,296064919604,296160784061,636217905684,636313752064,30.8,34.1,32.3,35.6
5777,89,42.2158,12.6684,-65.40,299451589684,299547453690,639604554706,639700400640,30.8,34.1,32.3,35.6
5830,90,42.1984,12.6535,-64.12,302838259764,302934123847,642991203713,643087049728,30.8,34.1,32.3,35.6
5883,91,42.2205,12.6725,-65.59,306224929844,306320794039,646377852696,646473698816,30.8,34.1,32.3,35.6
5936,92,42.2031,12.6575,-63.69,309611599924,309707464254,649764501644,649860347904,30.8,34.1,32.3,35.6
5989,93,42.1937,12.6494,-64.49,312998270004,313094134463,653151150599,653246996992,30.8,34.1,32.3,35.6
6042,94,42.2125,12.6656,-64.69,316384939572,316480803694,656537799008,656633645056,30.8,34.1,32.3,35.6
6095,95,42.2125,12.6656,-64.40,319771609652,319867473949,659924447922,660020294144,30.8,34.1,32.3,35.6
6148,96,42.2125,12.6656,-63.69,323158279732,323254143703,663311096823,663406942720,30.8,34.1,32.3,35.6
6201,97,42.2265,12.6777,-64.69,326544949812,326640814004,666697745696,666793591808,30.8,34.1,32.3,35.6
6254,98,42.2031,12.6575,-64.49,329931619892,330027484301,670084394558,670180240896,30.8,34.1,32.3,35.6
6307,99,42.2017,12.6563,-65.10,333318289972,333414154109,673471043402,673566889472,30.8,34.1,32.3,35.6
6360,100,42.2252,12.6765,-65.19,336704960052,336800824472,676857692217,676953538560,30.8,34.1,32.3,35.6
6413,101,42.2219,12.6737,-64.12,340091630132,340187494327,680244341020,680340187136,30.8,34.1,32.3,35.6
6466,102,42.2031,12.6575,-63.93,343478300212,343574164182,683630989813,683726835712,30.8,34.1,32.3,35.6
6519,103,42.2078,12.6616,-64.05,346864970292,346960834587,687017638577,687113484800,30.8,34.1,32.3,35.6
6572,104,42.2265,12.6777,-64.28,350251640372,350347504497,690404287331,690500133376,30.8,34.1,32.3,35.6
6625,105,42.1984,12.6535,-64.89,353638310452,353734174909,693790936076,693886782464,30.8,34.1,32.3,35.6
6678,106,42.2219,12.6737,-64.98,357024980532,357120844867,697177584784,697273431040,30.8,34.1,32.3,35.6
6731,107,42.2392,12.6886,-65.32,360411650612,360507514817,700564233493,700660079616,30.8,34.1,32.3,35.6
6784,108,42.2453,12.6939,-64.97,363798320692,363894184786,703950882186,704046728192,30.8,34.1,32.3,35.6
6837,109,42.2486,12.6967,-65.27,367184990772,367280854776,707337530851,707433376768,30.8,34.1,32.3,35.6
6890,110,42.2533,12.7007,-66.72,370571660852,370667525303,710724179494,710820025856,30.8,34.1,32.3,35.6
6943,111,42.2533,12.7007,-66.57,373958330932,374054195323,714110828130,714206674432,30.8,34.1,32.3,35.6
6996,112,42.2219,12.6737,-63.84,377345001524,377440865862,717497477260,717593323520,30.8,34.1,32.3,35.6
7049,113,42.2219,12.6737,-63.77,380731671604,380827535929,720884125849,720979972096,30.8,34.1,32.3,35.6
7102,114,42.2533,12.7007,-65.46,384118341684,384214206011,724270774434,724366620672,30.8,34.1,32.3,35.6
7155,115,42.2312,12.6817,-63.72,387505011764,387600876099,727657422996,727753269248,30.8,34.1,32.3,35.6
7208,116,42.2406,12.6898,-64.21,390891681844,390987546198,731044071557,731139917824,30.8,34.1,32.3,35.6
7261,117,42.2486,12.6967,-65.49,394278351924,394374216325,734430720085,734526566400,30.8,34.1,32.3,35.6
7314,118,42.2406,12.6898,-64.56,397665022004,397760886463,737817368603,737913214976,30.8,34.1,32.3,35.6
7367,119,42.2486,12.6967,-65.38,401051692084,401147556103,741204017108,741299863040,30.8,34.1,32.3,35.6
7420,120,42.2359,12.6858,-63.96,404438362164,404534226295,744590665569,744686511616,30.8,34.1,32.3,35.6
7473,121,42.2815,12.7250,-65.73,407825032756,407920897004,747977314557,748073160704,30.8,34.1,32.3,35.6
7526,122,42.2828,12.7262,-64.60,411211702836,411307567211,751363963009,751459809280,30.8,34.1,32.3,35.6
7579,123,42.2219,12.6737,-64.28,414598372916,414694236917,754750611422,754846457344,30.8,34.1,32.3,35.6
7632,124,42.2359,12.6858,-64.40,417985042996,418080907151,758137259849,758233105920,30.8,34.1,32.3,35.6
7685,125,42.2359,12.6858,-63.74,421371713076,421467577414,761523908242,761619754496,30.8,34.1,32.3,35.6
7738,126,42.2533,12.7007,-65.55,424758383156,424854247176,764910556629,765006402560,30.8,34.1,32.3,35.6
7791,127,42.2862,12.7290,-65.36,428145053748,428240917994,768297205505,768393051648,30.8,34.1,32.3,35.6
7844,128,42.2406,12.6898,-63.42,431531723828,431627588291,771683853847,771779700224,30.8,34.1,32.3,35.6
7897,129,42.2359,12.6858,-63.91,434918393908,435014258107,775070502173,775166348288,30.8,34.1,32.3,35.6
7950,130,42.2219,12.6737,-64.30,438305063988,438400928444,778457150487,778552996864,30.8,34.1,32.3,35.6
8003,131,42.2627,12.7088,-65.46,441691734068,441787598296,781843798792,781939644928,30.8,34.1,32.3,35.6
8056,132,42.2500,12.6979,-64.80,445078404660,445174268674,785230447580,785326293504,30.8,34.1,32.3,35.6
8109,133,42.2735,12.7181,-64.21,448465074740,448560939077,788617095844,788712942080,30.8,34.1,32.3,35.6
8162,134,42.2392,12.6886,-65.00,451851744820,451947608958,792003744088,792099590144,30.8,34.1,32.3,35.6
8215,135,42.2392,12.6886,-65.36,455238414900,455334279369,795390392334,795486238720,30.8,34.1,32.3,35.6
8268,136,42.2406,12.6898,-63.52,458625085492,458720949825,798777041050,798872887296,30.8,34.1,32.3,35.6
8321,137,42.2533,12.7007,-65.32,462011755572,462107619778,802163689243,802259535360,30.8,34.1,32.3,35.6
8374,138,42.2594,12.7060,-63.42,465398425652,465494289737,805550337434,805646183424,30.8,34.1,32.3,35.6
8427,139,42.2486,12.6967,-65.59,468785095732,468880960207,808936985611,809032832000,30.8,34.1,32.3,35.6
8480,140,42.2735,12.7181,-63.25,472171766324,472267630736,812323634265,812419480576,31.8,34.1,33.3,35.6
8533,141,42.2641,12.7100,-63.67,475558436404,475654300742,815710282399,815806128640,30.8,34.1,32.3,35.6
8586,142,42.2875,12.7302,-63.60,478945106484,479040970773,819096930522,819192776704,31.8,34.1,33.3,35.6
8639,143,42.2922,12.7342,-64.35,482331777076,482427641323,822483579141,822579425280,30.8,34.1,32.3,35.6
8692,144,42.2828,12.7262,-63.82,485718447156,485814311384,825870227220,825966073344,30.8,34.1,32.3,35.6
8745,145,42.2782,12.7221,-64.74,489105117236,489200981456,829256875290,829352721408,30.8,34.1,32.3,35.6
8798,146,42.2580,12.7048,-65.46,492491787828,492587652048,832643523855,832739369984,30.8,34.1,32.3,35.6
8851,147,42.2875,12.7302,-64.98,495878457908,495974322166,836030171896,836126018048,30.8,34.1,32.3,35.6
8904,148,42.2641,12.7100,-63.96,499265127988,499360992279,839416819918,839512666112,30.8,34.1,32.3,35.6
8957,149,42.2768,12.7209,-65.88,502651798580,502747662925,842803468442,842899314688,30.8,34.1,32.3,35.6
9010,150,42.2782,12.7221,-64.74,506038468660,506134333081,846190116434,846285962752,30.8,34.1,32.3,35.6
9063,151,42.3002,12.7411,-65.53,509425138740,509521002747,849576764406,849672610304,30.8,34.1,32.3,35.6
9116,152,42.2782,12.7221,-63.91,512811809332,512907673430,852963412884,853059258880,30.8,34.1,32.3,35.6
9169,153,42.2641,12.7100,-64.21,516198479412,516294343638,856350060815,856445906944,30.8,34.1,32.3,35.6
9222,154,42.2735,12.7181,-63.95,519585150004,519681014362,859736709263,859832555520,30.8,34.1,32.3,35.6
9275,155,42.2828,12.7262,-64.44,522971820084,523067684081,863123357179,863219203072,30.8,34.1,32.3,35.6
9328,156,42.2862,12.7290,-65.84,526358490164,526454354326,866510005076,866605851136,30.8,34.1,32.3,35.6
9381,157,42.2641,12.7100,-64.58,529745160756,529841025096,869896653469,869992499712,30.8,34.1,32.3,35.6
9434,158,42.2735,12.7181,-64.26,533131830836,533227694862,873283301339,873379147264,30.8,34.1,32.3,35.6
9487,159,42.3425,12.7775,-65.63,536518501428,536614365693,876669949702,876765795840,30.8,34.1,32.3,35.6
9540,160,42.2486,12.6967,-65.55,539905171508,540001035969,880056597530,880152443904,30.8,34.1,32.3,35.6
9593,161,42.2828,12.7262,-64.60,543291842100,543387706309,883443245863,883539091968,30.8,34.1,32.3,35.6
9646,162,42.2782,12.7221,-63.76,546678512180,546774376647,886829893668,886925740032,30.8,34.1,32.3,35.6
9699,163,42.3049,12.7451,-65.11,550065182260,550161046495,890216541459,890312387584,30.8,34.1,32.3,35.6
9752,164,42.2875,12.7302,-64.37,553451852852,553547716860,893603189747,893699035648,30.8,34.1,32.3,35.6
9805,165,42.3157,12.7544,-64.89,556838522932,556934387250,896989837512,897085683712,30.8,34.1,32.3,35.6
9858,166,42.3251,12.7625,-64.74,560225193524,560321057647,900376485776,900472331776,30.8,34.1,32.3,35.6
9911,167,42.3190,12.7573,-66.24,563611863604,563707728064,903763133496,903858979840,30.8,34.1,32.3,35.6
9964,168,42.2735,12.7181,-63.91,566998534196,567094398483,907149781718,907245627904,30.8,34.1,32.3,35.6
10017,169,42.3110,12.7504,-64.82,570385204276,570481068422,910536429427,910632275456,30.8,34.1,32.3,35.6
10070,170,42.3110,12.7504,-64.95,573771874868,573867738877,913923077627,914018923520,30.8,34.1,32.3,35.6
10123,171,42.2735,12.7181,-64.56,577158544948,577254409351,917309725281,917405571584,30.8,34.1,32.3,35.6
10176,172,42.3016,12.7423,-63.88,580545215540,580641079838,920696373463,920792219648,30.8,34.1,32.3,35.6
10229,173,42.3110,12.7504,-64.00,583931885620,584027749833,924083021104,924178867200,30.8,34.1,32.3,35.6
10282,174,42.3251,12.7625,-64.10,587318556212,587414420352,927469669246,927565515264,30.8,34.1,32.3,35.6
10335,175,42.3110,12.7504,-64.64,590705226804,590801090880,930856317369,930952163328,30.8,34.1,32.3,35.6
10388,176,42.2688,12.7140,-63.62,594091896884,594187760901,934242964962,934338810880,30.8,34.1,32.3,35.6
10441,177,42.3298,12.7665,-64.01,597478567476,597574431995,937629613062,937725459456,31.8,34.1,33.3,35.6
10494,178,42.3251,12.7625,-64.55,600865237556,600961102060,941016260627,941112107008,30.8,34.1,32.3,35.6
10547,179,42.3204,12.7585,-64.38,604251908148,604347772642,944402908698,944498755072,30.8,34.1,32.3,35.6
10600,180,42.3485,12.7827,-63.62,607638578228,607734442741,947789556244,947885402624,30.8,34.1,32.3,35.6
10653,181,42.2641,12.7100,-63.64,611025248820,611121112832,951176204261,951272050176,30.8,34.1,32.3,35.6
10706,182,42.3331,12.7694,-65.40,614411919412,614507783480,954562852295,954658698240,30.8,34.1,32.3,35.6
10759,183,42.3518,12.7855,-65.10,617798589492,617894453626,957949499789,958045345792,30.8,34.1,32.3,35.6
10812,184,42.3063,12.7463,-64.24,621185260084,621281124281,961336147774,961431993856,30.8,34.1,32.3,35.6
10865,185,42.3157,12.7544,-64.35,624571930164,624667794446,964722795244,964818641408,30.8,34.1,32.3,35.6
10918,186,42.3378,12.7734,-65.27,627958600756,628054465143,968109443210,968205289472,30.8,34.1,32.3,35.6
10971,187,42.3298,12.7665,-64.37,631345271348,631441135846,971496091162,971591937536,30.8,34.1,32.3,35.6
11024,188,42.3378,12.7734,-65.77,634731941428,634827805539,974882738589,974978584576,30.8,34.1,32.3,35.6
11077,189,42.3532,12.7867,-64.69,638118612020,638214476285,978269386509,978365232640,30.8,34.1,32.3,35.6
11130,190,42.3110,12.7504,-64.74,641505282612,641601147031,981656034401,981751880704,30.8,34.1,32.3,35.6
11183,191,42.3157,12.7544,-64.28,644891952692,644987816764,985042681790,985138527744,30.8,34.1,32.3,35.6
11236,192,42.3204,12.7585,-64.44,648278623284,648374487547,988429329666,988525175808,30.8,34.1,32.3,35.6
11289,193,42.3345,12.7706,-63.55,651665293364,651761157829,991815977022,991911823360,30.8,34.1,32.3,35.6
11342,194,42.2969,12.7383,-63.69,655051963956,655147828105,995202624873,995298470912,30.8,34.1,32.3,35.6
11395,195,42.3237,12.7613,-65.19,658438634548,658534498937,998589272706,998685118976,30.8,34.1,32.3,35.6
11448,196,42.3565,12.7896,-65.77,661825305140,661921169264,1001975920536,1002071766528,30.8,34.1,32.3,35.6
11501,197,42.3612,12.7936,-65.51,665211975220,665307839603,1005362567831,1005458414080,30.8,34.1,32.3,35.6
11554,198,42.3579,12.7908,-64.21,668598645812,668694509951,1008749215630,1008845061632,30.8,34.1,32.3,35.6
11607,199,42.2969,12.7383,-64.91,671985316404,672081180816,1012135863395,1012231709696,30.8,34.1,32.3,35.6
11660,200,42.3471,12.7815,-65.04,675371986484,675467850692,1015522510657,1015618356736,30.8,34.1,32.3,35.6
11713,201,42.3673,12.7988,-63.96,678758657076,678854521596,1018909158420,1019005004800,30.8,34.1,32.3,35.6
11766,202,42.3612,12.7936,-65.21,682145327668,682241192001,1022295806153,1022391652352,30.8,34.1,32.3,35.6
11819,203,42.3251,12.7625,-63.86,685531997748,685627861899,1025682453363,1025778299392,30.8,34.1,32.3,35.6
11872,204,42.3720,12.8029,-64.37,688918668340,689014532856,1029069101083,1029164947456,30.8,34.1,32.3,35.6
11925,205,42.3345,12.7706,-64.15,692305338932,692401203302,1032455748765,1032551595008,30.8,34.1,32.3,35.6
11978,206,42.2922,12.7342,-64.28,695692009524,695787873744,1035842396449,1035938242560,30.8,34.1,32.3,35.6
12031,207,42.3485,12.7827,-64.07,699078679604,699174543722,1039229043614,1039324889600,30.8,34.1,32.3,35.6
12084,208,42.3626,12.7948,-63.32,702465350196,702561214725,1042615691274,1042711537664,30.8,34.1,32.3,35.6
12137,209,42.3345,12.7706,-64.33,705852020788,705947885228,1046002338902,1046098185216,31.8,34.1,33.3,35.6
12190,210,42.3391,12.7746,-63.69,709238691380,709334555743,1049388986533,1049484832768,30.8,34.1,32.3,35.6
12243,211,42.3110,12.7504,-64.30,712625361972,712721226263,1052775634146,1052871480320,30.8,34.1,32.3,35.6
12296,212,42.3331,12.7694,-66.14,716012032052,716107896301,1056162281233,1056258127360,30.8,34.1,32.3,35.6
12349,213,42.3298,12.7665,-63.52,719398702644,719494566851,1059548928829,1059644774912,30.8,34.1,32.3,35.6
12402,214,42.3298,12.7665,-64.56,722785373236,722881237425,1062935576400,1063031422464,31.8,34.1,33.3,35.6
12455,215,42.3391,12.7746,-64.60,726172043828,726267908005,1066322223968,1066418070016,31.8,34.1,33.3,35.6
12508,216,42.3391,12.7746,-64.37,729558714420,729654578605,1069708871512,1069804717568,30.8,34.1,32.3,35.6
12561,217,42.3706,12.8017,-65.53,732945384500,733041248706,1073095518541,1073191364608,30.8,34.1,32.3,35.6
12614,218,42.3251,12.7625,-63.93,736332055092,736427919321,1076482166053,1076578012160,31.8,34.1,33.3,35.6
12667,219,42.3485,12.7827,-64.67,739718725684,739814589966,1079868813563,1079964659712,30.8,34.1,32.3,35.6
12720,220,42.3767,12.8069,-63.79,743105396276,743201260618,1083255461066,1083351307264,30.8,34.1,32.3,35.6
12773,221,42.3298,12.7665,-64.35,746492066868,746587931269,1086642108539,1086737954816,30.8,34.1,32.3,35.6
12826,222,42.3298,12.7665,-63.89,749878737460,749974601939,1090028756013,1090124602368,30.8,34.1,32.3,35.6
12879,223,42.3720,12.8029,-63.60,753265407540,753361271621,1093415402957,1093511248896,30.8,34.1,32.3,35.6
12932,224,42.3673,12.7988,-64.33,756652078132,756747942328,1096802050393,1096897896448,30.8,34.1,32.3,35.6
12985,225,42.3438,12.7786,-64.82,760038748724,760134613045,677070033,772916224,30.8,34.1,32.3,35.6
13038,226,42.3767,12.8069,-64.76,763425419316,763521283778,4063717458,4159563776,30.8,34.1,32.3,35.6
13091,227,42.3485,12.7827,-63.44,766812089908,766907953996,7450364861,7546210816,30.8,34.1,32.3,35.6
13144,228,42.3941,12.8219,-65.25,770198760500,770294624768,10837012248,10932858368,30.8,34.1,32.3,35.6
13197,229,42.3659,12.7976,-65.40,773585431092,773681295533,14223659616,14319505920,30.8,34.1,32.3,35.6
13250,230,42.3391,12.7746,-64.30,776972101684,777067965785,17610306988,17706152960,30.8,34.1,32.3,35.6
13303,231,42.3753,12.8057,-65.36,780358771764,780454636089,20996953816,21092800000,30.8,34.1,32.3,35.6
13356,232,42.3720,12.8029,-63.65,783745442356,783841306884,24383601166,24479447552,30.8,34.1,32.3,35.6
13409,233,42.3532,12.7867,-64.64,787132112948,787227977199,27770248475,27866094592,31.8,34.1,33.3,35.6
13462,234,42.3391,12.7746,-64.28,790518783540,790614648024,31156895789,31252742144,30.8,34.1,32.3,35.6
13515,235,42.3284,12.7653,-65.00,793905454132,794001318355,34543543082,34639389184,30.8,34.1,32.3,35.6
13568,236,42.3579,12.7908,-64.38,797292124724,797387989229,37930190367,38026036736,30.8,34.1,32.3,35.6
13621,237,42.3814,12.8109,-64.89,800678795316,800774659591,41316837647,41412683776,30.8,34.1,32.3,35.6
13674,238,42.3720,12.8029,-64.64,804065465908,804161329959,44703484908,44799330816,31.8,34.1,33.3,35.6
13727,239,42.3673,12.7988,-63.89,807452136500,807548000858,48090132150,48185978368,30.8,34.1,32.3,35.6
13780,240,42.3438,12.7786,-63.83,810838807092,810934671244,51476779387,51572625408,30.8,34.1,32.3,35.6
13833,241,42.3767,12.8069,-64.19,814225477684,814321342183,54863426605,54959272960,30.8,34.1,32.3,35.6
13886,242,42.3861,12.8150,-63.81,817612148276,817708012612,58250073812,58345920000,30.8,34.1,32.3,35.6
13939,243,42.3659,12.7976,-65.88,820998818868,821094683040,61636721005,61732567040,30.8,34.1,32.3,35.6
13992,244,42.3485,12.7827,-63.45,824385489460,824481353487,65023368186,65119214080,30.8,34.1,32.3,35.6
14045,245,42.3861,12.8150,-64.08,827772160052,827868024474,68410015358,68505861632,30.8,34.1,32.3,35.6
14098,246,42.3814,12.8109,-64.73,831158830644,831254694951,71796662511,71892508672,30.8,34.1,32.3,35.6
14151,247,42.3861,12.8150,-64.42,834545501236,834641365442,75183309655,75279155712,30.8,34.1,32.3,35.6
14204,248,42.3579,12.7908,-63.84,837932171828,838028035929,78569956788,78665802752,30.8,34.1,32.3,35.6
14257,249,42.3345,12.7706,-63.55,841318842420,841414706946,81956603904,82052450304,30.8,34.1,32.3,35.6
14310,250,42.3814,12.8109,-64.17,844705513012,844801377487,85343251015,85439097344,30.8,34.1,32.3,35.6
14363,251,42.3800,12.8097,-66.28,848092183604,848188048022,88729898108,88825744384,30.8,34.1,32.3,35.6
14416,252,42.3800,12.8097,-66.80,851478854196,851574718587,92116545176,92212391424,30.8,34.1,32.3,35.6
14469,253,42.3706,12.8017,-65.51,854865524788,854961389138,95503192253,95599038464,30.8,34.1,32.3,35.6
14522,254,42.3720,12.8029,-64.01,858252195380,858348059724,98889839303,98985685504,30.8,34.1,32.3,35.6
14575,255,42.3814,12.8109,-63.14,861638865972,861734730318,102276486345,102372332544,30.8,34.1,32.3,35.6
14628,256,42.3626,12.7948,-64.84,865025536564,865121400913,105663133373,105758979584,30.8,34.1,32.3,35.6
14681,257,42.4001,12.8271,-64.69,868412207156,868508071545,109049780389,109145626624,30.8,34.1,32.3,35.6
14734,258,42.3908,12.8190,-63.50,871798877748,871894742158,112436427405,112532273664,30.8,34.1,32.3,35.6
14787,259,42.3861,12.8150,-64.28,875185548340,875281412802,115823074391,115918920704,30.8,34.1,32.3,35.6
14840,260,42.3988,12.8259,-65.06,878572218932,878668083460,119209721366,119305567744,30.8,34.1,32.3,35.6
14893,261,42.3673,12.7988,-64.38,881958889524,882054753601,122596368336,122692214272,30.8,34.1,32.3,35.6
14946,262,42.3673,12.7988,-64.40,885345560116,885441424282,125983015287,126078861312,30.8,34.1,32.3,35.6
14999,263,42.3955,12.8231,-63.91,888732230708,888828094985,129369662228,129465508352,30.8,34.1,32.3,35.6
15052,264,42.3767,12.8069,-64.62,892118901300,892214765688,132756309149,132852155392,30.8,34.1,32.3,35.6
15105,265,42.4048,12.8311,-64.42,895505572404,895601436917,136142956587,136238802944,30.8,34.1,32.3,35.6
15158,266,42.4128,12.8380,-65.19,898892242996,898988107133,139529603492,139625449472,30.8,34.1,32.3,35.6
15211,267,42.3720,12.8029,-63.39,902278913588,902374777865,142916250378,143012096512,30.8,34.1,32.3,35.6
15264,268,42.4035,12.8299,-65.96,905665584180,905761448626,146302897258,146398743552,30.8,34.1,32.3,35.6
15317,269,42.4001,12.8271,-63.19,909052254772,909148118873,149689544133,149785390080,30.8,34.1,32.3,35.6
15370,270,42.3955,12.8231,-64.84,912438925364,912534789651,153076190985,153172037120,30.8,34.1,32.3,35.6
15423,271,42.3955,12.8231,-63.64,915825595956,915921460440,156462837828,156558684160,30.8,34.1,32.3,35.6
15476,272,42.4048,12.8311,-64.89,919212266548,919308130736,159849484656,159945330688,30.8,34.1,32.3,35.6
15529,273,42.4095,12.8352,-64.00,922598937140,922694801553,163236131473,163331977728,30.8,34.1,32.3,35.6
15582,274,42.4189,12.8432,-64.33,925985608244,926081472376,166622778798,166718624768,30.8,34.1,32.3,35.6
15635,275,42.4222,12.8461,-66.53,929372278836,929468143220,170009425584,170105271808,30.8,34.1,32.3,35.6
15688,276,42.4048,12.8311,-64.56,932758949428,932854813555,173396072366,173491918336,30.8,34.1,32.3,35.6
15741,277,42.4001,12.8271,-64.24,936145620020,936241484418,176782719132,176878565376,30.8,34.1,32.3,35.6
15794,278,42.4081,12.8340,-65.46,939532290612,939628154775,180169365896,180265211904,30.8,34.1,32.3,35.6
15847,279,42.3861,12.8150,-63.95,942918961204,943014825664,183556012633,183651858944,30.8,34.1,32.3,35.6
15900,280,42.4142,12.8392,-64.46,946305632308,946401496575,186942659877,187038505984,30.8,34.1,32.3,35.6
15953,281,42.3814,12.8109,-64.65,949692302900,949788166969,190329306589,190425152512,30.8,34.1,32.3,35.6
16006,282,42.4095,12.8352,-64.44,953078973492,953174837896,193715953306,193811799552,30.8,34.1,32.3,35.6
16059,283,42.4048,12.8311,-64.14,956465644084,956561508315,197102600005,197198446080,30.8,34.1,32.3,35.6
16112,284,42.3720,12.8029,-63.72,959852314676,959948178748,200489246679,200585092608,30.8,34.1,32.3,35.6
16165,285,42.4236,12.8473,-64.84,963238985268,963334849731,203875893350,203971739648,30.8,34.1,32.3,35.6
16218,286,42.4222,12.8461,-65.42,966625656372,966721520694,207262540527,207358386688,30.8,34.1,32.3,35.6
16271,287,42.4330,12.8554,-64.98,970012326964,970108191167,210649187181,210745033216,30.8,34.1,32.3,35.6
16324,288,42.4048,12.8311,-63.72,973398997556,973494861642,214035833815,214131679744,30.8,34.1,32.3,35.6
16377,289,42.4236,12.8473,-64.65,976785668148,976881532656,217422480441,217518326784,30.8,34.1,32.3,35.6
16430,290,42.4283,12.8513,-63.47,980172339252,980268203678,220809127564,220904973824,30.8,34.1,32.3,35.6
16483,291,42.3845,12.8136,-62.86,983559009844,983654874195,224195774153,224291620352,30.8,34.1,32.3,35.6
16536,292,42.3908,12.8190,-63.76,986945680436,987041544722,227582420745,227678266880,30.8,34.1,32.3,35.6
16589,293,42.4363,12.8582,-65.77,990332351028,990428215277,230969067326,231064913408,30.8,34.1,32.3,35.6
16642,294,42.4142,12.8392,-63.64,993719021620,993814885830,234355713887,234451559936,30.8,34.1,32.3,35.6
16695,295,42.4142,12.8392,-64.17,997105692724,997201556910,237742360950,237838206976,30.8,34.1,32.3,35.6
16748,296,42.4236,12.8473,-63.83,1000492363316,1000588227483,241129007502,241224853504,30.8,34.1,32.3,35.6
16801,297,42.4142,12.8392,-64.37,1003879033908,1003974898076,244515654025,244611500032,30.8,34.1,32.3,35.6
16854,298,42.4142,12.8392,-64.37,1007265705012,1007361569192,247902301053,247998147072,30.8,34.1,32.3,35.6
16907,299,42.4377,12.8594,-64.19,1010652375604,1010748239816,251288947558,251384793600,30.8,34.1,32.3,35.6
16960,300,42.4189,12.8432,-64.51,1014039046196,1014134910432,254675594055,254771440128,30.8,34.1,32.3,35.6
17013,301,42.4142,12.8392,-63.69,1017425716788,1017521581073,258062240531,258158086656,30.8,34.1,32.3,35.6
17066,302,42.4175,12.8420,-65.92,1020812387892,1020908252233,261448887514,261544733696,30.8,34.1,32.3,35.6
17119,303,42.3720,12.8029,-63.77,1024199058484,1024294922882,264835533968,264931380224,30.8,34.1,32.3,35.6
17172,304,42.4189,12.8432,-64.00,1027585729076,1027681593564,268222180427,268318026752,30.8,34.1,32.3,35.6
17225,305,42.4236,12.8473,-64.46,1030972399668,1031068263751,271608826849,271704672768,30.8,34.1,32.3,35.6
17278,306,42.4267,12.8499,-62.80,1034359070772,1034454934953,274995473798,275091319808,30.8,34.1,32.3,35.6
17331,307,42.4283,12.8513,-64.82,1037745741364,1037841605662,278382120204,278477966336,30.8,34.1,32.3,35.6
17384,308,42.4095,12.8352,-64.53,1041132411956,1041228276378,281768766600,281864612864,30.8,34.1,32.3,35.6
17437,309,42.4175,12.8420,-66.89,1044519083060,1044614947617,285155413505,285251259904,30.8,34.1,32.3,35.6
17490,310,42.4236,12.8473,-64.69,1047905753652,1048001617855,288542059881,288637905920,30.8,34.1,32.3,35.6
17543,311,42.4142,12.8392,-64.93,1051292424244,1051388288608,291928706245,292024552448,30.8,34.1,32.3,35.6
17596,312,42.4048,12.8311,-63.84,1054679095348,1054774959881,295315353112,295411199488,30.8,34.1,32.3,35.6
17649,313,42.4283,12.8513,-63.65,1058065765940,1058161630155,298701999455,298797845504,30.8,34.1,32.3,35.6
17702,314,42.4330,12.8554,-64.49,1061452436532,1061548300943,302088645789,302184492032,30.8,34.1,32.3,35.6
17755,315,42.4269,12.8501,-65.08,1064839107636,1064934971747,305475292612,305571138560,30.8,34.1,32.3,35.6
17808,316,42.4564,12.8755,-64.76,1068225778228,1068321642569,308861938925,308957785088,30.8,34.1,32.3,35.6
17861,317,42.4377,12.8594,-64.64,1071612448820,1071708313384,312248585222,312344431616,30.8,34.1,32.3,35.6
17914,318,42.4283,12.8513,-63.93,1074999119924,1075094984220,315635232015,315731078144,30.8,34.1,32.3,35.6
17967,319,42.4236,12.8473,-64.42,1078385790516,1078481655063,319021878290,319117724672,30.8,34.1,32.3,35.6
18020,320,42.4424,12.8634,-64.95,1081772461620,1081868325933,322408525060,322504371200,30.8,34.1,32.3,35.6
18073,321,42.4330,12.8554,-64.21,1085159132212,1085254996286,325795171311,325891017216,30.8,34.1,32.3,35.6
18126,322,42.4377,12.8594,-63.74,1088545802804,1088641667171,329181817548,329277663744,30.8,34.1,32.3,35.6
18179,323,42.4283,12.8513,-63.77,1091932473908,1092028338052,332568464294,332664310272,30.8,34.1,32.3,35.6
18232,324,42.4283,12.8513,-64.31,1095319144500,1095415008962,335955110505,336050956800,30.8,34.1,32.3,35.6
18285,325,42.4316,12.8542,-65.82,1098705815604,1098801679879,339341757218,339437603328,31.8,34.1,33.3,35.6
18338,326,42.4377,12.8594,-63.98,2580858420,2676722516,342728403418,342824249344,30.8,34.1,32.3,35.6
18391,327,42.4611,12.8796,-64.05,5967529012,6063393461,346115049603,346210895872,30.8,34.1,32.3,35.6
18444,328,42.4330,12.8554,-63.45,9354200116,9450064412,349501696272,349597542400,30.8,34.1,32.3,35.6
18497,329,42.4471,12.8675,-63.52,12740870708,12836734855,352888342444,352984188416,30.8,34.1,32.3,35.6
18550,330,42.4551,12.8744,-65.15,16127541812,16223406340,356274989102,356370835456,31.8,34.1,33.3,35.6
18603,331,42.4316,12.8542,-65.75,19514212404,19610076811,359661635230,359757481472,30.8,34.1,32.3,35.6
18656,332,42.4424,12.8634,-64.30,22900882996,22996747292,363048281364,363144127488,30.8,34.1,32.3,35.6
18709,333,42.4611,12.8796,-63.96,26287554100,26383418300,366434927996,366530774016,30.8,34.1,32.3,35.6
18762,334,42.4363,12.8582,-65.04,29674224692,29770088793,369821574098,369917420032,30.8,34.1,32.3,35.6
18815,335,42.4189,12.8432,-64.58,33060895796,33156760331,373208220700,373304067072,30.8,34.1,32.3,35.6
18868,336,42.4283,12.8513,-63.62,36447566388,36543430862,376594866780,376690713088,30.8,34.1,32.3,35.6
18921,337,42.4518,12.8715,-63.62,39834237492,39930101920,379981513364,380077359616,30.8,34.1,32.3,35.6
18974,338,42.4785,12.8945,-65.25,43220908084,43316772478,383368159423,383464005632,30.8,34.1,32.3,35.6
19027,339,42.4564,12.8755,-64.76,46607579188,46703443546,386754805981,386850652160,30.8,34.1,32.3,35.6
19080,340,42.4377,12.8594,-64.74,49994249780,50090114115,390141452012,390237298176,30.8,34.1,32.3,35.6
19133,341,42.4691,12.8865,-65.65,53380920884,53476785211,393528098558,393623944704,30.8,34.1,32.3,35.6
19186,342,42.4518,12.8715,-64.55,56767591476,56863455805,396914744568,397010590720,31.8,34.1,33.3,35.6
19239,343,42.4424,12.8634,-63.79,60154262068,60250126408,400301390569,400397236736,30.8,34.1,32.3,35.6
19292,344,42.4471,12.8675,-64.30,63540933172,63636797530,403688037080,403783883264,30.8,34.1,32.3,35.6
19345,345,42.4658,12.8836,-64.91,66927603764,67023468163,407074683063,407170529280,30.8,34.1,32.3,35.6
19398,346,42.4658,12.8836,-64.44,70314274868,70410139315,410461329544,410557175808,30.8,34.1,32.3,35.6
19451,347,42.4424,12.8634,-63.52,73700945460,73796809956,413847975501,413943821824,30.8,34.1,32.3,35.6
19504,348,42.4457,12.8663,-65.27,77087616564,77183481124,417234621963,417330468352,30.8,34.1,32.3,35.6
19557,349,42.4691,12.8865,-66.02,80474287156,80570151288,420621267904,420717113856,31.8,34.1,33.3,35.6
19610,350,42.4551,12.8744,-65.94,83860958260,83956822477,424007914342,424103760384,30.8,34.1,32.3,35.6
19663,351,42.4926,12.9067,-65.08,87247628852,87343493184,427394560258,427490406400,30.8,34.1,32.3,35.6
19716,352,42.4658,12.8836,-64.78,90634299956,90730164389,430781206677,430877052928,30.8,34.1,32.3,35.6
19769,353,42.4424,12.8634,-64.17,94020971060,94116835607,434167853081,434263699456,30.8,34.1,32.3,35.6
19822,354,42.4410,12.8622,-65.73,97407641652,97503505811,437554498970,437650344960,30.8,34.1,32.3,35.6
19875,355,42.4832,12.8986,-66.84,100794312756,100890177079,440941145352,441036991488,30.8,34.1,32.3,35.6
19928,356,42.4658,12.8836,-64.46,104180983348,104276847822,444327791213,444423637504,30.8,34.1,32.3,35.6
19981,357,42.4973,12.9107,-66.14,107567654452,107663518579,447714437586,447810283520,30.8,34.1,32.3,35.6
20034,358,42.4644,12.8824,-65.77,110954325044,111050189337,451101083421,451196929536,30.8,34.1,32.3,35.6
20087,359,42.4283,12.8513,-63.09,114340996148,114436860622,454487729756,454583576064,30.8,34.1,32.3,35.6
20140,360,42.4471,12.8675,-63.67,117727666740,117823530897,457874375586,457970221568,30.8,34.1,32.3,35.6
20193,361,42.4518,12.8715,-64.56,121114337844,121210202215,461261021902,461356868096,30.8,34.1,32.3,35.6
20246,362,42.4611,12.8796,-63.77,124501008948,124596873025,464647668215,464743514112,30.8,34.1,32.3,35.6
20299,363,42.4752,12.8917,-64.51,127887679540,127983543852,468034314003,468130160128,30.8,34.1,32.3,35.6
20352,364,42.4424,12.8634,-63.83,131274350644,131370215180,471420960293,471516806656,30.8,34.1,32.3,35.6
20405,365,42.4752,12.8917,-64.31,134661021236,134756885518,474807606064,474903452160,30.8,34.1,32.3,35.6
20458,366,42.4752,12.8917,-63.95,138047692340,138143556880,478194252334,478290098688,31.8,34.1,33.3,35.6
20511,367,42.4658,12.8836,-64.78,141434362932,141530227234,481580898073,481676744192,30.8,34.1,32.3,35.6
20564,368,42.4611,12.8796,-64.51,144821034036,144916898617,484967544320,485063390720,30.8,34.1,32.3,35.6
20617,369,42.4564,12.8755,-64.14,148207705140,148303569493,488354190562,488450036736,30.8,34.1,32.3,35.6
20670,370,42.4658,12.8836,-64.44,151594375732,151690239882,491740836272,491836682240,30.8,34.1,32.3,35.6
20723,371,42.4564,12.8755,-64.42,154981046836,155076911299,495127482483,495223328768,31.8,34.1,33.3,35.6
20776,372,42.4752,12.8917,-64.58,158367717428,158463581701,498514128185,498609974272,30.8,34.1,32.3,35.6
20829,373,42.4738,12.8905,-65.90,161754388532,161850252618,501900774384,501996620288,31.8,34.1,33.3,35.6
20882,374,42.4846,12.8998,-64.46,165141059636,165236924073,505287420570,505383266816,30.8,34.1,32.3,35.6
20935,375,42.4879,12.9026,-65.59,168527730228,168623594507,508674066230,508769912320,30.8,34.1,32.3,35.6
20988,376,42.4879,12.9026,-65.82,171914401332,172010265467,512060712389,512156558336,30.8,34.1,32.3,35.6
21041,377,42.4785,12.8945,-65.49,175301072436,175396936940,515447358545,515543204864,30.8,34.1,32.3,35.6
21094,378,42.4832,12.8986,-66.80,178687743028,178783607408,518834004175,518929850368,30.8,34.1,32.3,35.6
21147,379,42.4893,12.9038,-64.80,182074414132,182170278396,522220650312,522316496384,30.8,34.1,32.3,35.6
21200,380,42.4752,12.8917,-63.71,185461085236,185556949386,525607296436,525703142400,30.8,34.1,32.3,35.6
21253,381,42.4658,12.8836,-64.49,188847755828,188943620392,528993942035,529089788416,30.8,34.1,32.3,35.6
21306,382,42.4564,12.8755,-64.42,192234426932,192330291402,532380588141,532476434432,30.8,34.1,32.3,35.6
21359,383,42.4785,12.8945,-66.00,195621098036,195716962438,535767234230,535863080448,30.8,34.1,32.3,35.6
21412,384,42.4705,12.8877,-64.58,199007768628,199103632966,539153879798,539249725952,30.8,34.1,32.3,35.6
21465,385,42.4832,12.8986,-66.16,202394439732,202490304010,542540525877,542636371968,30.8,34.1,32.3,35.6
21518,386,42.4752,12.8917,-64.03,205781110836,205876975070,545927171937,546023017984,30.8,34.1,32.3,35.6
21571,387,42.5301,12.9390,-65.94,209167781428,209263645639,549313817484,549409663488,30.8,34.1,32.3,35.6
21624,388,42.4846,12.8998,-64.37,212554452532,212650316702,552700463524,552796309504,30.8,34.1,32.3,35.6
21677,389,42.4658,12.8836,-63.84,215941123636,216036987792,556087109546,556182955520,30.8,34.1,32.3,35.6
21730,390,42.4799,12.8957,-64.03,219327794228,219423658380,559473755060,559569601024,30.8,34.1,32.3,35.6
21783,391,42.4846,12.8998,-64.15,222714465332,222810329489,562860401073,562956247040,30.8,34.1,32.3,35.6
21836,392,42.4658,12.8836,-64.87,226101136436,226197000606,566247047069,566342893056,30.8,34.1,32.3,35.6
21889,393,42.4893,12.9038,-64.93,229487807028,229583671229,569633692551,569729538560,30.8,34.1,32.3,35.6
21942,394,42.4832,12.8986,-65.44,232874478132,232970342367,573020338528,573116184576,30.8,34.1,32.3,35.6
21995,395,42.4799,12.8957,-64.14,236261149236,236357013519,576406984497,576502830592,31.8,34.1,33.3,35.6
22048,396,42.4940,12.9078,-64.10,239647820340,239743684680,579793630463,579889476608,30.8,34.1,32.3,35.6
22101,397,42.4893,12.9038,-63.96,243034490932,243130355338,583180275898,583276122112,30.8,34.1,32.3,35.6
22154,398,42.4658,12.8836,-63.77,246421162036,246517026507,586566921839,586662768128,30.8,34.1,32.3,35.6
22207,399,42.4752,12.8917,-64.78,249807833140,249903697709,589953567762,590049414144,30.8,34.1,32.3,35.6
22260,400,42.4973,12.9107,-65.84,253194504244,253290368393,593340213691,593436059648,30.8,34.1,32.3,35.6
22313,401,42.5034,12.9159,-64.89,256581174836,256677039105,596726859082,596822705152,30.8,34.1,32.3,35.6
22366,402,42.4973,12.9107,-65.21,259967845940,260063710322,600113504978,600209351168,30.8,34.1,32.3,35.6
22419,403,42.5067,12.9188,-65.15,263354517044,263450381551,603500150874,603595997184,30.8,34.1,32.3,35.6
22472,404,42.5081,12.9200,-64.74,266741188148,266837052287,606886796749,606982642688,30.8,34.1,32.3,35.6
22525,405,42.4940,12.9078,-63.83,270127858740,270223723021,610273442106,610369288192,30.8,34.1,32.3,35.6
22578,406,42.4846,12.8998,-64.38,273514529844,273610394277,613660087965,613755934208,30.8,34.1,32.3,35.6
22631,407,42.4471,12.8675,-63.98,276901200948,276997065028,617046733806,617142579712,30.8,34.1,32.3,35.6
22684,408,42.5034,12.9159,-64.42,280287872052,280383736321,620433379658,620529225728,30.8,34.1,32.3,35.6
22737,409,42.4893,12.9038,-64.84,283674542644,283770407101,623820024967,623915871232,30.8,34.1,32.3,35.6
22790,410,42.4846,12.8998,-64.64,287061213748,287157077886,627206670788,627302516736,30.8,34.1,32.3,35.6
22843,411,42.4832,12.8986,-66.06,290447884852,290543749195,630593316596,630689162752,30.8,34.1,32.3,35.6
22896,412,42.5207,12.9309,-65.34,293834555956,293930420525,633979962402,634075808768,30.8,34.1,32.3,35.6
22949,413,42.4846,12.8998,-63.98,297221227060,297317091336,637366608186,637462454272,30.8,34.1,32.3,35.6
23002,414,42.4987,12.9119,-64.67,300607897652,300703762172,640753253453,640849099776,30.8,34.1,32.3,35.6
23055,415,42.5081,12.9200,-64.98,303994568756,304090433018,644139899218,644235745280,30.8,34.1,32.3,35.6
23108,416,42.5034,12.9159,-64.76,307381239860,307477104367,647526544987,647622391296,30.8,34.1,32.3,35.6
23161,417,42.4940,12.9078,-64.87,310767910964,310863775228,650913190731,651009036800,30.8,34.1,32.3,35.6
23214,418,42.4893,12.9038,-64.30,314154582068,314250446601,654299836476,654395682816,30.8,34.1,32.3,35.6
23267,419,42.5161,12.9268,-65.17,317541253172,317637117488,657686482204,657782328320,30.8,34.1,32.3,35.6
23320,420,42.5034,12.9159,-63.89,320927923764,321023787854,661073127420,661168973312,30.8,34.1,32.3,35.6
23373,421,42.5081,12.9200,-64.73,324314594868,324410459264,664459773133,664555619328,30.8,34.1,32.3,35.6
23426,422,42.5395,12.9470,-65.61,327701265972,327797130174,667846418840,667942264832,30.8,34.1,32.3,35.6
23479,423,42.5161,12.9268,-66.55,331087937076,331183801590,671233064534,671328910848,30.8,34.1,32.3,35.6
23532,424,42.5020,12.9147,-66.04,334474608180,334570472518,674619710209,674715556352,30.8,34.1,32.3,35.6
23585,425,42.5221,12.9321,-64.24,337861279284,337957143453,678006355893,678102201856,30.8,34.1,32.3,35.6
23638,426,42.4940,12.9078,-64.76,341247949876,341343814392,681393001038,681488847360,30.8,34.1,32.3,35.6
23691,427,42.5395,12.9470,-65.38,344634620980,344730485356,684779646698,684875492864,30.8,34.1,32.3,35.6
23744,428,42.4893,12.9038,-64.00,348021292084,348117156303,688166292341,688262138368,30.8,34.1,32.3,35.6
23797,429,42.5207,12.9309,-65.38,351407963188,351503827281,691552937982,691648783872,30.8,34.1,32.3,35.6
23850,430,42.5114,12.9228,-65.27,354794634292,354890498774,694939583605,695035429888,30.8,34.1,32.3,35.6
23903,431,42.5020,12.9147,-65.61,358181305396,358277169769,698326229214,698422075392,30.8,34.1,32.3,35.6
23956,432,42.5348,12.9430,-66.55,361567976500,361663840775,701712874829,701808720896,30.8,34.1,32.3,35.6
24009,433,42.5174,12.9280,-64.26,364954647604,365050511773,705099520436,705195366400,30.8,34.1,32.3,35.6
24062,434,42.5020,12.9147,-65.92,368341318196,368437182787,708486165507,708582011904,30.8,34.1,32.3,35.6
24115,435,42.5081,12.9200,-64.95,371727989300,371823853822,711872811087,711968657408,30.8,34.1,32.3,35.6
24168,436,42.5081,12.9200,-64.60,375114660404,375210524862,715259456654,715355302912,30.8,34.1,32.3,35.6
24221,437,42.5081,12.9200,-64.24,378501331508,378597195910,718646102215,718741948416,30.8,34.1,32.3,35.6
24274,438,42.5221,12.9321,-63.98,381888002612,381983866969,722032747769,722128593920,30.8,34.1,32.3,35.6
24327,439,42.5489,12.9551,-66.37,385274673716,385370538043,725419393311,725515239424,30.8,34.1,32.3,35.6
24380,440,42.5268,12.9361,-64.03,388661344820,388757209111,728806038845,728901884928,30.8,34.1,32.3,35.6
24433,441,42.5254,12.9349,-65.38,392048015924,392143880195,732192684366,732288530432,30.8,34.1,32.3,35.6
24486,442,42.5395,12.9470,-66.99,395434687028,395530551296,735579329879,735675175936,30.8,34.1,32.3,35.6
24539,443,42.5207,12.9309,-66.57,398821358132,398917222393,738965975382,739061821440,30.8,34.1,32.3,35.6
24592,444,42.5254,12.9349,-66.51,402208029236,402303893506,742352620878,742448466944,30.8,34.1,32.3,35.6
24645,445,42.5315,12.9401,-64.37,405594700340,405690564634,745739266364,745835112448,30.8,34.1,32.3,35.6
24698,446,42.5362,12.9442,-64.93,408981371444,409077235773,749125911836,749221757952,30.8,34.1,32.3,35.6
24751,447,42.5268,12.9361,-64.51,412368042036,412463906394,752512556794,752608402944,31.8,34.1,33.3,35.6
24804,448,42.5081,12.9200,-63.88,415754713140,415850577552,755899202237,755995048448,30.8,34.1,32.3,35.6
24857,449,42.5081,12.9200,-64.40,419141384244,419237248702,759285847694,759381693952,30.8,34.1,32.3,35.6
24910,450,42.5034,12.9159,-64.30,422528055348,422623919870,762672493133,762768339456,30.8,34.1,32.3,35.6
24963,451,42.5034,12.9159,-64.73,425914726452,426010590540,766059138558,766154984448,30.8,34.1,32.3,35.6
25016,452,42.5221,12.9321,-64.33,429301397556,429397261729,769445783986,769541629952,30.8,34.1,32.3,35.6
25069,453,42.5268,12.9361,-64.76,432688068660,432783932932,772832429392,772928275456,30.8,34.1,32.3,35.6
25122,454,42.5362,12.9442,-64.62,436074739764,436170604143,776219074794,776314920960,30.8,34.1,32.3,35.6
25175,455,42.5174,12.9280,-64.10,439461410868,439557275351,779605720186,779701566464,30.8,34.1,32.3,35.6
25228,456,42.4987,12.9119,-63.67,442848081972,442943946058,782992365567,783088211456,30.8,34.1,32.3,35.6
25281,457,42.5362,12.9442,-64.69,446234753076,446330617309,786379010939,786474856960,30.8,34.1,32.3,35.6
25334,458,42.5442,12.9511,-65.23,449621424180,449717288555,789765656302,789861502464,30.8,34.1,32.3,35.6
25387,459,42.5174,12.9280,-64.93,453008095284,453103959801,793152301655,793248147968,30.8,34.1,32.3,35.6
25440,460,42.5301,12.9390,-65.42,456394766388,456490630550,796538947004,796634792960,30.8,34.1,32.3,35.6
25493,461,42.5221,12.9321,-64.80,459781437492,459877301829,799925592333,800021438464,30.8,34.1,32.3,35.6
25546,462,42.5127,12.9240,-64.73,463168108596,463263973116,803312237651,803408083968,30.8,34.1,32.3,35.6
25599,463,42.5536,12.9591,-65.06,466554779700,466650643896,806698882981,806794728960,30.8,34.1,32.3,35.6
25652,464,42.5301,12.9390,-65.21,469941450804,470037315193,810085528282,810181374464,30.8,34.1,32.3,35.6
25705,465,42.5362,12.9442,-64.40,473328121908,473423986499,813472173589,813568019968,30.8,34.1,32.3,35.6
25758,466,42.5409,12.9482,-64.62,476714793012,476810657319,816858818868,816954664960,30.8,34.1,32.3,35.6
25811,467,42.5442,12.9511,-65.21,480101464116,480197328639,820245464153,820341310464,30.8,34.1,32.3,35.6
25864,468,42.5630,12.9672,-65.08,483488135220,483583999473,823632109423,823727955456,30.8,34.1,32.3,35.6
25917,469,42.5348,12.9430,-65.02,486874806324,486970670812,827018754680,827114600960,30.8,34.1,32.3,35.6
25970,470,42.5221,12.9321,-64.46,490261477428,490357341656,830405399931,830501245952,30.8,34.1,32.3,35.6
26023,471,42.5348,12.9430,-65.06,493648149044,493744013534,833792045686,833887891968,30.8,34.1,32.3,35.6
26076,472,42.5724,12.9753,-65.46,497034820148,497130684412,837178690920,837274536960,30.8,34.1,32.3,35.6
26129,473,42.5221,12.9321,-63.77,500421491252,500517355782,840565336141,840661182464,30.8,34.1,32.3,35.6
26182,474,42.5583,12.9632,-65.53,503808162356,503904026672,843951981359,844047827456,30.8,34.1,32.3,35.6
26235,475,42.5268,12.9361,-63.83,507194833460,507290698062,847338626567,847434472960,31.8,34.1,33.3,35.6
26288,476,42.5268,12.9361,-64.00,510581504564,510677368969,850725271755,850821117952,30.8,34.1,32.3,35.6
26341,477,42.5503,12.9563,-64.10,513968175668,514064039878,854111916952,854207762944,30.8,34.1,32.3,35.6
26394,478,42.5174,12.9280,-64.62,517354846772,517450711300,857498562124,857594408448,31.8,34.1,33.3,35.6
26447,479,42.5536,12.9591,-65.61,520741517876,520837382241,860885207292,860981053440,30.8,34.1,32.3,35.6
26500,480,42.5817,12.9834,-65.06,524128188980,524224053180,864271852461,864367698432,30.8,34.1,32.3,35.6
26553,481,42.5301,12.9390,-65.46,527514860084,527610724622,867658497605,867754343936,30.8,34.1,32.3,35.6
26606,482,42.5503,12.9563,-64.55,530901531188,530997395587,871045142747,871140988928,30.8,34.1,32.3,35.6
26659,483,42.5911,12.9914,-65.42,534288202292,534384066559,874431787885,874527633920,30.8,34.1,32.3,35.6
26712,484,42.5770,12.9793,-65.92,537674873908,537770738038,877818433521,877914279424,30.8,34.1,32.3,35.6
26765,485,42.5644,12.9684,-64.56,541061545012,541157409533,881205078631,881300924928,30.8,34.1,32.3,35.6
26818,486,42.5409,12.9482,-64.17,544448216116,544544080519,884591723732,884687569920,30.8,34.1,32.3,35.6
26871,487,42.5536,12.9591,-65.10,547834887220,547930751522,887978368826,888074214912,30.8,34.1,32.3,35.6
26924,488,42.5737,12.9765,-64.51,551221558324,551317422531,891365013925,891460859904,30.8,34.1,32.3,35.6
26977,489,42.5536,12.9591,-66.22,554608229428,554704093546,894751658994,894847504896,30.8,34.1,32.3,35.6
27030,490,42.5583,12.9632,-65.21,557994900532,558090765090,898138304060,898234150400,30.8,34.1,32.3,35.6
27083,491,42.5315,12.9401,-64.08,561381571636,561477436119,901524949119,901620795392,30.8,34.1,32.3,35.6
27136,492,42.5442,12.9511,-65.88,564768243252,564864107682,904911594679,905007440896,30.8,34.1,32.3,35.6
27189,493,42.5677,12.9713,-66.28,568154914356,568250778736,908298239730,908394085888,30.8,34.1,32.3,35.6
27242,494,42.5315,12.9401,-64.46,571541585460,571637449797,911684884754,911780730880,30.8,34.1,32.3,35.6
27295,495,42.5536,12.9591,-65.34,574928256564,575024120876,915071529777,915167375872,30.8,34.1,32.3,35.6
27348,496,42.5630,12.9672,-65.00,578314927668,578410791957,918458174796,918554020864,30.8,34.1,32.3,35.6
27401,497,42.5550,12.9603,-64.17,581701598772,581797463046,921844819803,921940665856,30.8,34.1,32.3,35.6
27454,498,42.5503,12.9563,-64.56,585088269876,585184134142,925231464801,925327310848,30.8,34.1,32.3,35.6
27507,499,42.5550,12.9603,-64.56,588474941492,588570805765,928618110300,928713956352,30.8,34.1,32.3,35.6
27560,500,42.5690,12.9724,-64.51,591861612596,591957476886,932004755280,932100601344,30.8,34.1,32.3,35.6
27613,501,42.5456,12.9523,-64.47,595248283700,595344148011,935391400241,935487246336,30.8,34.1,32.3,35.6
27666,502,42.5630,12.9672,-65.49,598634954804,598730819144,938778045209,938873891328,30.8,34.1,32.3,35.6
27719,503,42.5770,12.9793,-65.32,602021625908,602117490297,942164690157,942260536320,30.8,34.1,32.3,35.6
27772,504,42.5583,12.9632,-65.08,605408297524,605504161954,945551335612,945647181824,30.8,34.1,32.3,35.6
27825,505,42.5456,12.9523,-64.51,608794968628,608890833110,948937980550,949033826816,30.8,34.1,32.3,35.6
27878,506,42.5442,12.9511,-65.57,612181639732,612277504274,952324625479,952420471808,30.8,34.1,32.3,35.6
27931,507,42.5362,12.9442,-64.35,615568310836,615664174945,955711270392,955807116288,30.8,34.1,32.3,35.6
27984,508,42.5831,12.9846,-64.60,618954981940,619050846142,959097915311,959193761280,31.8,34.1,33.3,35.6
28037,509,42.5550,12.9603,-64.05,622341653556,622437517846,962484560714,962580406784,31.8,34.1,33.3,35.6
28090,510,42.5770,12.9793,-65.06,625728324660,625824189059,965871205603,965967051776,30.8,34.1,32.3,35.6
28143,511,42.5409,12.9482,-64.44,629114995764,629210860266,969257850481,969353696768,31.8,34.1,33.3,35.6
28196,512,42.5409,12.9482,-63.96,632501666868,632597530975,972644495355,972740341248,31.8,34.1,33.3,35.6
28249,513,42.5737,12.9765,-64.10,635888337972,635984202214,976031140226,976126986240,30.8,34.1,32.3,35.6
28302,514,42.5690,12.9724,-64.74,639275009588,639370873969,979417785590,979513631744,30.8,34.1,32.3,35.6
28355,515,42.5737,12.9765,-64.33,642661680692,642757545216,982804430440,982900276736,30.8,34.1,32.3,35.6
28408,516,42.5597,12.9644,-63.83,646048351796,646144215959,986191075275,986286921216,30.8,34.1,32.3,35.6
28461,517,42.5770,12.9793,-65.73,649435022900,649530887232,989577720102,989673566208,30.8,34.1,32.3,35.6
28514,518,42.5677,12.9713,-65.77,652821694516,652917559017,992964365434,993060211712,30.8,34.1,32.3,35.6
28567,519,42.5690,12.9724,-64.31,656208365620,656304229791,996351010248,996446856192,30.8,34.1,32.3,35.6
28620,520,42.5503,12.9563,-64.60,659595036724,659690901085,999737655041,999833501184,30.8,34.1,32.3,35.6
28673,521,42.5677,12.9713,-65.53,662981707828,663077572389,1003124299838,1003220146176,30.8,34.1,32.3,35.6
28726,522,42.5644,12.9684,-64.82,666368379444,666464243705,1006510945132,1006606791168,30.8,34.1,32.3,35.6
28779,523,42.5690,12.9724,-63.86,669755050548,669850915018,1009897589916,1009993436160,30.8,34.1,32.3,35.6
28832,524,42.5644,12.9684,-64.60,673141721652,673237585841,1013284234676,1013380080640,30.8,34.1,32.3,35.6
28885,525,42.5550,12.9603,-64.05,676528392756,676624257175,1016670879434,1016766725632,30.8,34.1,32.3,35.6
28938,526,42.5644,12.9684,-63.83,679915064372,680010928523,1020057524697,1020153370624,30.8,34.1,32.3,35.6
28991,527,42.5770,12.9793,-65.96,683301735476,683397599887,1023444169432,1023540015616,30.8,34.1,32.3,35.6
29044,528,42.5690,12.9724,-64.26,686688406580,686784270731,1026830814172,1026926660096,30.8,34.1,32.3,35.6
29097,529,42.5737,12.9765,-64.14,690075077684,690170942112,1030217458889,1030313305088,30.8,34.1,32.3,35.6
29150,530,42.5690,12.9724,-64.78,693461749300,693557613487,1033604104120,1033699950080,30.8,34.1,32.3,35.6
29203,531,42.5503,12.9563,-64.10,696848420404,696944284880,1036990748815,1037086595072,30.8,34.1,32.3,35.6
29256,532,42.6146,13.0116,-65.10,700235091508,700330955780,1040377393523,1040473239552,31.8,34.1,33.3,35.6
29309,533,42.5737,12.9765,-64.55,703621763124,703717627690,1043764038719,1043859885056,30.8,34.1,32.3,35.6
29362,534,42.5784,12.9805,-64.33,707008434228,707104298602,1047150683393,1047246529536,31.8,34.1,33.3,35.6
29415,535,42.5784,12.9805,-64.64,710395105332,710490969514,1050537328065,1050633174016,30.8,34.1,32.3,35.6
29468,536,42.5737,12.9765,-64.87,713781776948,713877641461,1053923973236,1054019819520,30.8,34.1,32.3,35.6
29521,537,42.5724,12.9753,-66.59,717168448052,717264312385,1057310617892,1057406464000,30.8,34.1,32.3,35.6
29574,538,42.5831,12.9846,-64.60,720555119156,720650983330,1060697262538,1060793108480,30.8,34.1,32.3,35.6
29627,539,42.5911,12.9914,-65.17,723941790260,724037654791,1064083907173,1064179753472,30.8,34.1,32.3,35.6
29680,540,42.5784,12.9805,-64.82,727328461876,727424326269,1067470552302,1067566398464,30.8,34.1,32.3,35.6
29733,541,42.5864,12.9874,-65.82,730715132980,730810997232,1070857196923,1070953042944,30.8,34.1,32.3,35.6
29786,542,42.5644,12.9684,-64.47,734101804084,734197668205,1074243841527,1074339687424,30.8,34.1,32.3,35.6
29839,543,42.5817,12.9834,-65.84,737488475700,737584340213,1077630486643,1077726332928,30.8,34.1,32.3,35.6
29892,544,42.5878,12.9886,-64.33,740875146804,740971011213,1081017131234,1081112977408,30.8,34.1,32.3,35.6
29945,545,42.6193,13.0157,-65.27,744261817908,744357682222,1084403775818,1084499621888,30.8,34.1,32.3,35.6
29998,546,42.5817,12.9834,-66.41,747648489524,747744353725,1087790420907,1087886266880,31.8,34.1,33.3,35.6
30051,547,42.5878,12.9886,-64.58,751035160628,751131024751,1091177065471,1091272911360,30.8,34.1,32.3,35.6
30104,548,42.5925,12.9926,-64.28,754421832244,754517696802,1094563710543,1094659556864,30.8,34.1,32.3,35.6
30157,549,42.5831,12.9846,-64.55,757808503348,757904367838,1097950355087,1098046201344,31.8,34.1,33.3,35.6
30210,550,42.5690,12.9724,-64.56,761195174452,761291038884,1825371843,1921218048,30.8,34.1,32.3,35.6
30263,551,42.5925,12.9926,-64.87,764581846068,764677710457,5212016888,5307863040,31.8,34.1,33.3,35.6
30316,552,42.5878,12.9886,-64.38,767968517172,768064381508,8598661418,8694507520,30.8,34.1,32.3,35.6
30369,553,42.5925,12.9926,-64.69,771355188276,771451052589,11985305924,12081152000,30.8,34.1,32.3,35.6
30422,554,42.5972,12.9967,-64.00,774741859892,774837724181,15371950942,15467796992,30.8,34.1,32.3,35.6
30475,555,42.6240,13.0197,-66.89,778128530996,778224395267,18758595448,18854441472,30.8,34.1,32.3,35.6
30528,556,42.6099,13.0076,-66.02,781515202612,781611066880,22145240437,22241086464,30.8,34.1,32.3,35.6
30581,557,42.6099,13.0076,-65.15,784901873716,784997737982,25531884918,25627730944,30.8,34.1,32.3,35.6
30634,558,42.6193,13.0157,-65.51,788288544820,788384409095,28918529393,29014375424,30.8,34.1,32.3,35.6
30687,559,42.5925,12.9926,-64.24,791675216436,791771080727,32305174361,32401020416,30.8,34.1,32.3,35.6
30740,560,42.6099,13.0076,-66.28,795061887540,795157751867,35691818809,35787664896,30.8,34.1,32.3,35.6
30793,561,42.6005,12.9995,-65.44,798448559156,798544423511,39078463769,39174309888,30.8,34.1,32.3,35.6
30846,562,42.6019,13.0007,-64.80,801835230260,801931094659,42465108209,42560954368,30.8,34.1,32.3,35.6
30899,563,42.5958,12.9955,-66.18,805221901364,805317765825,45851752622,45947598848,30.8,34.1,32.3,35.6
30952,564,42.5878,12.9886,-64.74,808608572980,808704437498,49238397556,49334243840,30.8,34.1,32.3,35.6
31005,565,42.6019,13.0007,-64.74,811995244084,812091108676,52625041968,52720888320,30.8,34.1,32.3,35.6
31058,566,42.6113,13.0088,-64.17,815381915700,815477779855,56011686889,56107532800,30.8,34.1,32.3,35.6
31111,567,42.6019,13.0007,-64.60,818768586804,818864451051,59398331274,59494177280,30.8,34.1,32.3,35.6
31164,568,42.5958,12.9955,-66.41,822155257908,822251122243,62784975660,62880821760,30.8,34.1,32.3,35.6
31217,569,42.5878,12.9886,-64.97,825541929524,825637793973,66171620538,66267466752,30.8,34.1,32.3,35.6
31270,570,42.5972,12.9967,-64.44,828928600628,829024465188,69558264911,69654111232,30.8,34.1,32.3,35.6
31323,571,42.6005,12.9995,-65.08,832315272244,832411136413,72944909779,73040755712,31.8,34.1,33.3,35.6
31376,572,42.6160,13.0128,-64.98,835701943348,835797807656,76331554130,76427400192,30.8,34.1,32.3,35.6
31429,573,42.6005,12.9995,-66.32,839088614964,839184479405,79718198980,79814045184,31.8,34.1,33.3,35.6
31482,574,42.6099,13.0076,-65.71,842475286068,842571150654,83104843318,83200689664,30.8,34.1,32.3,35.6
31535,575,42.6052,13.0036,-66.20,845861957684,845957821920,86491488147,86587334144,31.8,34.1,33.3,35.6
31588,576,42.5958,12.9955,-65.75,849248628788,849344493187,89878132459,89973978624,30.8,34.1,32.3,35.6
31641,577,42.5925,12.9926,-64.62,852635300404,852731164973,93264777283,93360623616,30.8,34.1,32.3,35.6
31694,578,42.5972,12.9967,-64.60,856021971508,856117835753,96651421578,96747267584,30.8,34.1,32.3,35.6
31747,579,42.5925,12.9926,-64.22,859408642612,859504507051,100038065861,100133912064,30.8,34.1,32.3,35.6
31800,580,42.6019,13.0007,-64.37,862795314228,862891178859,103424710666,103520557056,30.8,34.1,32.3,35.6
31853,581,42.6052,13.0036,-65.67,866181985332,866277849664,106811354930,106907201024,31.8,34.1,33.3,35.6
31906,582,42.6005,12.9995,-65.90,869568656948,869664521494,110197999707,110293846016,31.8,34.1,33.3,35.6
31959,583,42.6240,13.0197,-65.25,872955328052,873051192318,113584643964,113680489984,30.8,34.1,32.3,35.6
32012,584,42.5784,12.9805,-64.49,876341999668,876437864163,116971288712,117067134976,30.8,34.1,32.3,35.6
32065,585,42.6287,13.0237,-65.57,879728670772,879824534998,120357932966,120453778944,30.8,34.1,32.3,35.6
32118,586,42.6005,12.9995,-65.79,883115342388,883211206864,123744577697,123840423936,30.8,34.1,32.3,35.6
32171,587,42.6207,13.0169,-64.07,886502013492,886597877721,127131221923,127227067904,30.8,34.1,32.3,35.6
32224,588,42.5831,12.9846,-64.38,889888685108,889984549595,130517866641,130613712896,30.8,34.1,32.3,35.6
32277,589,42.6193,13.0157,-65.06,893275356212,893371220470,133904510851,134000356864,30.8,34.1,32.3,35.6
32330,590,42.6113,13.0088,-64.12,896662027828,896757892365,137291155564,137387001856,30.8,34.1,32.3,35.6
32383,591,42.5972,12.9967,-64.82,900048698932,900144563261,140677799733,140773645824,31.8,34.1,33.3,35.6
32436,592,42.6193,13.0157,-65.94,903435370548,903531235169,144064444440,144160290816,30.8,34.1,32.3,35.6
32489,593,42.6380,13.0318,-65.79,906822042164,906917906585,147451089127,147546935296,31.8,34.1,33.3,35.6
32542,594,42.6253,13.0209,-63.84,910208713268,910304577494,150837733289,150933579264,31.8,34.1,33.3,35.6
32595,595,42.6005,12.9995,-66.12,913595384884,913691249436,154224377941,154320224256,30.8,34.1,32.3,35.6
32648,596,42.5972,12.9967,-64.91,916982055988,917077920365,157611022086,157706868224,31.8,34.1,33.3,35.6
32701,597,42.5925,12.9926,-64.71,920368727604,920464591814,160997666731,161093512704,30.8,34.1,32.3,35.6
32754,598,42.6207,13.0169,-64.37,923755398708,923851263267,164384310873,164480157184,30.8,34.1,32.3,35.6
32807,599,42.6193,13.0157,-65.51,927142070324,927237934736,167770955497,167866801664,30.8,34.1,32.3,35.6
32860,600,42.6146,13.0116,-65.15,930528741428,930624605697,171157599606,171253445632,30.8,34.1,32.3,35.6
32913,601,42.6146,13.0116,-65.04,933915413044,934011277685,174544244226,174640090624,30.8,34.1,32.3,35.6
32966,602,42.6193,13.0157,-65.25,937302084148,937397948666,177930888319,178026734592,31.8,34.1,33.3,35.6
33019,603,42.6099,13.0076,-66.63,940688755764,940784620157,181317532919,181413379072,30.8,34.1,32.3,35.6
33072,604,42.6380,13.0318,-66.45,944075427380,944171291665,184704177519,184800023552,30.8,34.1,32.3,35.6
33125,605,42.6300,13.0249,-64.74,947462098484,947557962668,188090821588,188186667520,30.8,34.1,32.3,35.6
33178,606,42.6207,13.0169,-63.76,950848770100,950944634697,191477466164,191573312512,30.8,35.1,32.3,36.6
33231,607,42.6113,13.0088,-64.87,954235441204,954331305722,194864110207,194959956480,30.8,34.1,32.3,35.6
33284,608,42.6160,13.0128,-64.73,957622112820,957717977262,198250754765,198346600960,30.8,34.1,32.3,35.6
33337,609,42.5972,12.9967,-64.46,961008783924,961104648295,201637398796,201733244928,30.8,34.1,32.3,35.6
33390,610,42.6474,13.0399,-65.63,964395455540,964491319866,205024043339,205119889408,30.8,34.1,32.3,35.6
33443,611,42.6207,13.0169,-64.97,967782127156,967877991418,208410687874,208506533888,30.8,34.1,32.3,35.6
33496,612,42.6347,13.0290,-64.55,971168798260,971264662476,211797331895,211893177856,30.8,34.1,32.3,35.6
33549,613,42.6146,13.0116,-65.65,974555469876,974651334051,215183976404,215279822336,30.8,34.1,32.3,35.6
33602,614,42.6441,13.0370,-64.14,977942140980,978038005133,218570620409,218666466304,30.8,34.1,32.3,35.6
33655,615,42.6347,13.0290,-64.93,981328812596,981424677240,221957264907,222053111296,30.8,34.1,32.3,35.6
33708,616,42.6253,13.0209,-64.80,984715484212,984811348843,225343909395,225439755776,30.8,34.1,32.3,35.6
33761,617,42.6113,13.0088,-64.51,988102155316,988198019942,228730553363,228826399744,30.8,34.1,32.3,35.6
33814,618,42.6099,13.0076,-66.68,991488826932,991584691561,232117197836,232213044224,30.8,34.1,32.3,35.6
33867,619,42.6447,13.0375,-67.06,994875498036,994971362682,235503841795,235599688192,30.8,34.1,32.3,35.6
33920,620,42.6300,13.0249,-64.33,998262169652,998358033807,238890486258,238986332160,30.8,34.1,32.3,35.6
33973,621,42.6240,13.0197,-66.49,1001648841268,1001744705445,242277130710,242372976640,30.8,34.1,32.3,35.6
34026,622,42.6427,13.0359,-66.22,1005035512372,1005131376587,245663774647,245759620608,30.8,34.1,32.3,35.6
34079,623,42.6427,13.0359,-66.04,1008422183988,1008518048258,249050419072,249146265088,31.8,34.1,33.3,35.6
34132,624,42.6427,13.0359,-65.25,1011808855604,1011904719929,252437063497,252532909568,30.8,34.1,32.3,35.6
34185,625,42.6066,13.0047,-64.80,1015195526708,1015291391085,255823707401,255919553536,30.8,34.1,32.3,35.6
34238,626,42.6160,13.0128,-64.93,1018582198324,1018678062769,259210351818,259306198016,31.8,34.1,33.3,35.6
34291,627,42.6193,13.0157,-65.61,1021968869940,1022064734463,262596996218,262692842496,30.8,34.1,32.3,35.6
34344,628,42.6253,13.0209,-64.07,1025355541044,1025451405647,265983640111,266079486464,31.8,34.1,33.3,35.6
34397,629,42.6113,13.0088,-64.89,1028742212660,1028838076847,269370284490,269466130432,30.8,34.1,32.3,35.6
34450,630,42.6488,13.0411,-64.42,1032128883764,1032224748060,272756928365,272852774400,30.8,34.1,32.3,35.6
34503,631,42.6427,13.0359,-65.06,1035515555380,1035611419786,276143572729,276239418880,30.8,34.1,32.3,35.6
34556,632,42.6160,13.0128,-64.74,1038902226996,1038998091515,279530217087,279626063360,30.8,34.1,32.3,35.6
34609,633,42.6333,13.0278,-65.34,1042288898100,1042384762746,282916860933,283012707328,30.8,34.1,32.3,35.6
34662,634,42.6253,13.0209,-64.97,1045675569716,1045771433983,286303505279,286399351296,30.8,34.1,32.3,35.6
34715,635,42.6347,13.0290,-64.64,1049062241332,1049158105741,289690149622,289785995776,30.8,34.1,32.3,35.6
34768,636,42.6474,13.0399,-65.98,1052448912436,1052544776986,293076793450,293172639744,31.8,34.1,33.3,35.6
34821,637,42.5972,12.9967,-64.97,1055835584052,1055931448241,296463437762,296559283712,30.8,34.1,32.3,35.6
34874,638,42.6347,13.0290,-64.44,1059222255668,1059318120032,299850082082,299945928192,31.8,34.1,33.3,35.6
34927,639,42.6427,13.0359,-65.61,1062608926772,1062704791308,303236725879,303332572160,31.8,34.1,33.3,35.6
34980,640,42.6521,13.0439,-65.55,1065995598388,1066091462595,306623370180,306719216128,31.8,34.1,33.3,35.6
35033,641,42.6427,13.0359,-66.45,1069382270004,1069478134403,310010014464,310105860608,31.8,34.1,33.3,35.6
35086,642,42.6474,13.0399,-65.77,1072768941620,1072864806216,313396658749,313492505088,31.8,34.1,33.3,35.6
35139,643,42.6535,13.0451,-64.10,1076155612724,1076251477015,316783302515,316879148544,31.8,34.1,33.3,35.6
35192,644,42.6474,13.0399,-65.79,1079542284340,1079638148841,320169946779,320265793024,30.8,34.1,32.3,35.6
35245,645,42.6427,13.0359,-66.57,1082928955956,1083024820164,323556591039,323652436992,31.8,34.1,33.3,35.6
35298,646,42.6427,13.0359,-65.63,1086315627060,1086411491501,326943234773,327039080960,30.8,34.1,32.3,35.6
35351,647,42.6488,13.0411,-63.96,1089702298676,1089798162841,330329879024,330425724928,30.8,34.1,32.3,35.6
35404,648,42.6240,13.0197,-66.57,1093088970292,1093184834700,333716523247,333812369408,30.8,34.1,32.3,35.6
35457,649,42.6207,13.0169,-64.80,1096475641908,1096571506055,337103167478,337199013376,31.8,34.1,33.3,35.6
35510,650,42.6521,13.0439,-65.11,350685236,446549648,340489811190,340585657344,30.8,34.1,32.3,35.6
35563,651,42.6568,13.0480,-65.51,3737356852,3833221019,343876455406,343972301312,30.8,34.1,32.3,35.6
35616,652,42.6441,13.0370,-64.76,7124028468,7219892910,347263099608,347358945792,30.8,34.1,32.3,35.6
35669,653,42.6333,13.0278,-66.45,10510699572,10606563788,350649743283,350745589248,31.8,34.1,33.3,35.6
35722,654,42.6394,13.0330,-64.73,13897371188,13993235700,354036387472,354132233728,30.8,34.1,32.3,35.6
35775,655,42.6629,13.0532,-64.44,17284042804,17379907104,357423031662,357518877696,30.8,34.1,32.3,35.6
35828,656,42.6113,13.0088,-63.89,20670714420,20766579018,360809675822,360905522176,31.8,34.1,33.3,35.6
35881,657,42.6146,13.0116,-66.18,24057385524,24153249931,364196319468,364292165632,31.8,34.1,33.3,35.6
35934,658,42.6535,13.0451,-64.19,27444057140,27539921358,367582963644,367678809600,31.8,34.1,33.3,35.6
35987,659,42.6474,13.0399,-65.65,30830728756,30926593306,370969607787,371065454080,30.8,34.1,32.3,35.6
36040,660,42.6615,13.0520,-66.70,34217400372,34313264749,374356251934,374452098048,30.8,34.1,32.3,35.6
36093,661,42.6474,13.0399,-66.28,37604071476,37699935694,377742895542,377838741504,31.8,34.1,33.3,35.6
36146,662,42.6488,13.0411,-64.69,40990743092,41086607658,381129539679,381225385984,31.8,34.1,33.3,35.6
36199,663,42.6347,13.0290,-64.33,44377414708,44473279125,384516183789,384612029952,30.8,34.1,32.3,35.6
36252,664,42.6568,13.0480,-65.15,47764086324,47859950604,387902827900,387998673920,31.8,34.1,33.3,35.6
36305,665,42.6441,13.0370,-64.84,51150757428,51246622083,391289471491,391385317888,30.8,35.1,32.3,36.6
36358,666,42.6099,13.0076,-66.39,54537429044,54633293566,394676115575,394771961856,31.8,34.1,33.3,35.6
36411,667,42.6207,13.0169,-64.69,57924100660,58019965072,398062759661,398158605824,31.8,34.1,33.3,35.6
36464,668,42.6582,13.0492,-64.24,61310772276,61406636578,401449403755,401545249792,30.8,34.1,32.3,35.6
36517,669,42.6535,13.0451,-64.89,64697443892,64793308088,404836047827,404931893760,30.8,34.1,32.3,35.6
36570,670,42.6333,13.0278,-66.18,68084114996,68179979602,408222691373,408318537728,31.8,34.1,33.3,35.6
36623,671,42.6300,13.0249,-64.74,71470786612,71566651133,411609335427,411705181696,31.8,34.1,33.3,35.6
36676,672,42.6535,13.0451,-64.74,74857458228,74953322669,414995979486,415091825664,30.8,34.1,32.3,35.6
36729,673,42.6816,13.0693,-64.69,78244129844,78339994219,418382623531,418478469632,31.8,34.1,33.3,35.6
36782,674,42.6896,13.0762,-66.39,81630801460,81726665767,421769267568,421865113600,30.8,34.1,32.3,35.6
36835,675,42.6770,13.0653,-64.80,85017472564,85113336812,425155911081,425251757056,30.8,34.1,32.3,35.6
36888,676,42.6300,13.0249,-64.80,88404144180,88500008368,428542555089,428638401024,30.8,34.1,32.3,35.6
36941,677,42.6629,13.0532,-64.58,91790815796,91886679953,431929199101,432025044992,30.8,34.1,32.3,35.6
36994,678,42.6990,13.0843,-65.63,95177487412,95273352044,435315843118,435411689472,30.8,34.1,32.3,35.6
37047,679,42.6582,13.0492,-64.28,98564159028,98660023628,438702487105,438798333440,31.8,34.1,33.3,35.6
37100,680,42.6427,13.0359,-66.68,101950830132,102046694701,442089130582,442184976896,30.8,34.1,32.3,35.6
37153,681,42.6629,13.0532,-64.74,105337501748,105433366307,445475774571,445571620864,30.8,34.1,32.3,35.6
37206,682,42.6676,13.0572,-64.30,108724173364,108820037920,448862418545,448958264832,31.8,34.1,33.3,35.6
37259,683,42.6629,13.0532,-64.49,112110844980,112206709535,452249062512,452344908800,30.8,34.1,32.3,35.6
37312,684,42.6488,13.0411,-64.82,115497516596,115593381160,455635706465,455731552768,31.8,34.1,33.3,35.6
37365,685,42.6474,13.0399,-65.10,118884188212,118980052793,459022350412,459118196736,30.8,34.1,32.3,35.6
37418,686,42.6535,13.0451,-64.33,122270859316,122366723922,462408993848,462504840192,30.8,34.1,32.3,35.6
37471,687,42.6615,13.0520,-65.08,125657530932,125753395566,465795637789,465891484160,30.8,34.1,32.3,35.6
37524,688,42.6756,13.0641,-65.21,129044202548,129140066717,469182281715,469278127616,30.8,34.1,32.3,35.6
37577,689,42.6568,13.0480,-65.19,132430874164,132526738372,472568925637,472664771584,31.8,34.1,33.3,35.6
37630,690,42.6850,13.0722,-66.45,135817545780,135913410047,475955569558,476051415552,31.8,34.1,33.3,35.6
37683,691,42.6629,13.0532,-64.95,139204217396,139300081721,479342213462,479438059520,30.8,34.1,32.3,35.6
37736,692,42.6869,13.0738,-67.16,142590888500,142686752892,482728856850,482824702976,30.8,34.1,32.3,35.6
37789,693,42.6535,13.0451,-64.78,145977560116,146073424583,486115500740,486211346944,30.8,34.1,32.3,35.6
37842,694,42.6582,13.0492,-64.53,149364231732,149460096283,489502144626,489597990912,30.8,34.1,32.3,35.6
37895,695,42.6756,13.0641,-65.02,152750903348,152846767984,492888788513,492984634880,30.8,34.1,32.3,35.6
37948,696,42.6770,13.0653,-64.55,156137574964,156233439195,496275432378,496371278336,31.8,34.1,33.3,35.6
38001,697,42.6850,13.0722,-65.61,159524246580,159620110912,499662076244,499757922304,30.8,34.1,32.3,35.6
38054,698,42.6723,13.0613,-64.64,162910918196,163006782634,503048720105,503144566272,30.8,34.1,32.3,35.6
38107,699,42.6709,13.0601,-65.61,166297589812,166393454363,506435363955,506531210240,31.8,34.1,33.3,35.6
38160,700,42.6896,13.0762,-65.94,169684260916,169780125089,509822007285,509917853184,30.8,34.1,32.3,35.6
38213,701,42.6723,13.0613,-64.74,173070932532,173166796841,513208651114,513304497152,30.8,34.1,32.3,35.6
38266,702,42.6662,13.0560,-66.22,176457604148,176553468592,516595294940,516691141120,30.8,34.1,32.3,35.6
38319,703,42.6535,13.0451,-64.53,179844275764,179940140361,519981938753,520077785088,30.8,34.1,32.3,35.6
38372,704,42.6957,13.0815,-64.73,183230947380,183326811627,523368582577,523464428544,30.8,34.1,32.3,35.6
38425,705,42.6488,13.0411,-64.97,186617618996,186713483394,526755226375,526851072512,30.8,34.1,32.3,35.6
38478,706,42.6756,13.0641,-65.02,190004290612,190100155181,530141870179,530237716480,30.8,34.1,32.3,35.6
38531,707,42.6850,13.0722,-66.32,193390962228,193486826467,533528513969,533624359936,31.8,34.1,33.3,35.6
38584,708,42.6535,13.0451,-64.26,196777633844,196873498272,536915157739,537011003904,30.8,34.1,32.3,35.6
38637,709,42.6535,13.0451,-64.31,200164305460,200260170076,540301801518,540397647872,30.8,34.1,32.3,35.6
38690,710,42.7178,13.1005,-65.92,203550976564,203646840886,543688444781,543784290816,31.8,34.1,33.3,35.6
38743,711,42.6850,13.0722,-65.75,206937648180,207033512692,547075088544,547170934784,30.8,34.1,32.3,35.6
38796,712,42.6676,13.0572,-64.40,210324319796,210420184014,550461732290,550557578240,30.8,34.1,32.3,35.6
38849,713,42.6957,13.0815,-64.74,213710991412,213806855851,553848376050,553944222208,31.8,34.1,33.3,35.6
38902,714,42.6863,13.0734,-64.55,217097663028,217193527702,557235019778,557330866176,31.8,34.1,33.3,35.6
38955,715,42.6850,13.0722,-65.92,220484334644,220580199042,560621663507,560717509632,31.8,34.1,33.3,35.6
39008,716,42.7098,13.0936,-64.53,223871006260,223966870901,564008307246,564104153600,30.8,34.1,32.3,35.6
39061,717,42.6910,13.0774,-64.80,227257677876,227353542252,567394950958,567490797056,30.8,34.1,32.3,35.6
39114,718,42.6957,13.0815,-64.73,230644349492,230740214124,570781594672,570877441024,31.8,34.1,33.3,35.6
39167,719,42.7197,13.1021,-67.10,234031021108,234126885498,574168238371,574264084480,30.8,34.1,32.3,35.6
39220,720,42.6803,13.0682,-65.11,237417692724,237513557387,577554882055,577650728448,30.8,34.1,32.3,35.6
39273,721,42.6662,13.0560,-65.15,240804364340,240900228773,580941525736,581037371904,30.8,34.1,32.3,35.6
39326,722,42.6850,13.0722,-65.59,244191035956,244286900167,584328169422,584424015360,31.8,34.1,33.3,35.6
39379,723,42.6943,13.0803,-66.39,247577707572,247673572076,587714813101,587810659328,30.8,34.1,32.3,35.6
39432,724,42.6957,13.0815,-64.98,250964379188,251060243489,591101456764,591197302784,30.8,34.1,32.3,35.6
39485,725,42.6676,13.0572,-64.47,254351050804,254446915406,594488100419,594583946752,30.8,34.1,32.3,35.6
39538,726,42.6676,13.0572,-64.85,257737722420,257833586830,597874744067,597970590208,30.8,34.1,32.3,35.6
39591,727,42.6723,13.0613,-64.49,261124394036,261220258258,601261387713,601357233664,31.8,34.1,33.3,35.6
39644,728,42.6676,13.0572,-64.15,264511065140,264606929690,604648030838,604743877120,30.8,34.1,32.3,35.6
39697,729,42.6756,13.0641,-66.37,267897736756,267993601131,608034674469,608130520576,30.8,34.1,32.3,35.6
39750,730,42.6850,13.0722,-65.69,271284408372,271380272584,611421318092,611517164032,30.8,34.1,32.3,35.6
39803,731,42.7084,13.0924,-66.14,274671079988,274766944552,614807961718,614903808000,30.8,34.1,32.3,35.6
39856,732,42.6568,13.0480,-65.71,278057751604,278153616012,618194605309,618290451456,30.8,34.1,32.3,35.6
39909,733,42.6990,13.0843,-65.17,281444423220,281540287489,621581248921,621677094912,30.8,34.1,32.3,35.6
39962,734,42.7272,13.1085,-65.84,284831094836,284926959479,624967892527,625063738880,30.8,34.1,32.3,35.6
40015,735,42.6676,13.0572,-64.67,288217766452,288313630953,628354536104,628450382336,31.8,34.1,33.3,35.6
40068,736,42.7098,13.0936,-64.87,291604438068,291700302453,631741179693,631837025792,30.8,34.1,32.3,35.6
40121,737,42.6990,13.0843,-65.10,294991109684,295086973947,635127823264,635223669248,30.8,35.1,32.3,36.6
40174,738,42.6910,13.0774,-64.30,298377781300,298473645963,638514466832,638610313216,30.8,34.1,32.3,35.6
40227,739,42.6756,13.0641,-65.69,301764452916,301860317469,641901110387,641996956672,30.8,34.1,32.3,35.6
40280,740,42.6943,13.0803,-65.32,305151124532,305246988994,645287753942,645383600128,30.8,34.1,32.3,35.6
40333,741,42.6863,13.0734,-64.69,308537796148,308633660519,648674397490,648770243584,31.8,35.1,33.3,36.6
40386,742,42.7004,13.0855,-64.78,311924467764,312020332059,652061041027,652156887040,31.8,35.1,33.3,36.6
40439,743,42.6863,13.0734,-64.76,315311139380,315407003589,655447684563,655543530496,30.8,34.1,32.3,35.6
40492,744,42.7037,13.0883,-65.51,318697810996,318793675647,658834328093,658930174464,30.8,34.1,32.3,35.6
40545,745,42.6723,13.0613,-64.78,322084482612,322180347198,662220971605,662316817920,30.8,34.1,32.3,35.6
40598,746,42.6863,13.0734,-64.44,325471154228,325567018760,665607615120,665703461376,30.8,34.1,32.3,35.6
40651,747,42.6629,13.0532,-64.58,328857826356,328953690842,668994259125,669090105344,31.8,34.1,33.3,35.6
40704,748,42.6803,13.0682,-66.86,332244497972,332340362414,672380902629,672476748800,30.8,34.1,32.3,35.6
40757,749,42.6943,13.0803,-65.61,335631169588,335727034004,675767546116,675863392256,30.8,34.1,32.3,35.6
40810,750,42.6990,13.0843,-65.04,339017841204,339113705583,679154189611,679250035712,31.8,34.1,33.3,35.6
40863,751,42.6676,13.0572,-64.24,342404512820,342500377184,682540833073,682636679168,30.8,34.1,32.3,35.6
40916,752,42.7037,13.0883,-65.77,345791184436,345887048794,685927476546,686023322624,30.8,34.1,32.3,35.6
40969,753,42.7004,13.0855,-64.55,349177856052,349273720398,689314120016,689409966080,30.8,34.1,32.3,35.6
41022,754,42.6770,13.0653,-64.93,352564527668,352660392012,692700763465,692796609536,30.8,34.1,32.3,35.6
41075,755,42.6990,13.0843,-65.40,355951199284,356047063643,696087406912,696183252992,31.8,34.1,33.3,35.6
41128,756,42.6816,13.0693,-64.73,359337870900,359433735272,699474050351,699569896448,30.8,34.1,32.3,35.6
41181,757,42.7225,13.1045,-65.08,362724542516,362820406905,702860693803,702956539904,31.8,34.1,33.3,35.6
41234,758,42.6990,13.0843,-66.49,366111214132,366207078552,706247337218,706343183360,30.8,34.1,32.3,35.6
41287,759,42.7131,13.0964,-66.68,369497885748,369593750199,709633980649,709729826816,31.8,34.1,33.3,35.6
41340,760,42.7131,13.0964,-66.45,372884557364,372980421859,713020624061,713116470272,30.8,34.1,32.3,35.6
41393,761,42.7004,13.0855,-64.60,376271228980,376367093524,716407267466,716503113728,31.8,34.1,33.3,35.6
41446,762,42.7084,13.0924,-65.27,379657900596,379753765193,719793910869,719889757184,30.8,34.1,32.3,35.6
41499,763,42.7004,13.0855,-64.62,383044572212,383140436869,723180554265,723276400640,30.8,34.1,32.3,35.6
41552,764,42.7004,13.0855,-64.51,386431244340,386527108556,726567198163,726663044096,30.8,34.1,32.3,35.6
41605,765,42.7366,13.1166,-65.40,389817915956,389913780259,729953841543,730049687552,30.8,35.1,32.3,36.6
41658,766,42.6957,13.0815,-64.74,393204587572,393300451949,733340484912,733436331008,31.8,34.1,33.3,35.6
41711,767,42.7131,13.0964,-65.34,396591259188,396687123651,736727128285,736822974464,31.8,34.1,33.3,35.6
41764,768,42.6990,13.0843,-65.94,399977930804,400073795363,740113771640,740209617920,30.8,34.1,32.3,35.6
41817,769,42.7004,13.0855,-64.37,403364602420,403460467080,743500414999,743596261376,30.8,34.1,32.3,35.6
41870,770,42.7131,13.0964,-65.08,406751274036,406847138297,746887058344,746982904320,30.8,34.1,32.3,35.6
41923,771,42.6910,13.0774,-64.74,410137945652,410233810031,750273701675,750369547776,31.8,34.1,33.3,35.6
41976,772,42.6816,13.0693,-64.44,413524617268,413620481762,753660345013,753756191232,30.8,34.1,32.3,35.6
42029,773,42.6850,13.0722,-66.43,416911288884,417007153504,757046988341,757142834688,31.8,34.1,33.3,35.6
42082,774,42.7131,13.0964,-65.11,420297961012,420393825266,760433632175,760529478144,30.8,34.1,32.3,35.6
42135,775,42.7319,13.1126,-66.06,423684632628,423780497024,763820275497,763916121600,30.8,34.1,32.3,35.6
42188,776,42.7004,13.0855,-64.33,427071304244,427167168789,767206918793,767302765056,30.8,34.1,32.3,35.6
42241,777,42.6896,13.0762,-65.13,430457975860,430553840039,770593562095,770689408000,30.8,34.1,32.3,35.6
42294,778,42.7004,13.0855,-64.74,433844647476,433940511823,773980205391,774076051456,31.8,34.1,33.3,35.6
42347,779,42.7037,13.0883,-65.02,437231319092,437327183606,777366848679,777462694912,30.8,34.1,32.3,35.6
42400,780,42.6863,13.0734,-64.35,440617990708,440713854890,780753491951,780849337856,30.8,34.1,32.3,35.6
42453,781,42.7004,13.0855,-64.64,444004662324,444100526687,784140135232,784235981312,30.8,34.1,32.3,35.6
42506,782,42.7225,13.1045,-65.28,447391334452,447487199009,787526779011,787622625280,31.8,34.1,33.3,35.6
42559,783,42.6863,13.0734,-64.31,450778006068,450873870304,790913422265,791009268224,30.8,34.1,32.3,35.6
42612,784,42.6756,13.0641,-65.69,454164677684,454260542118,794300065515,794395911680,30.8,34.1,32.3,35.6
42665,785,42.6990,13.0843,-65.04,457551349300,457647213940,797686708775,797782555136,31.8,34.1,33.3,35.6
42718,786,42.7051,13.0895,-64.74,460938020916,461033885261,801073352019,801169198080,30.8,34.1,32.3,35.6
42771,787,42.6896,13.0762,-65.67,464324692532,464420557091,804459995252,804555841536,30.8,34.1,32.3,35.6
42824,788,42.7098,13.0936,-64.78,467711364148,467807228433,807846638481,807942484480,30.8,34.1,32.3,35.6
42877,789,42.6943,13.0803,-65.10,471098036276,471193900786,811233282214,811329128448,30.8,34.1,32.3,35.6
42930,790,42.7098,13.0936,-64.56,474484707892,474580572143,814619925428,814715771392,30.8,34.1,32.3,35.6
42983,791,42.6990,13.0843,-65.57,477871379508,477967244006,818006568629,818102414848,30.8,34.1,32.3,35.6
43036,792,42.7272,13.1085,-65.67,481258051124,481353915364,821393211842,821489057792,31.8,34.1,33.3,35.6
43089,793,42.6910,13.0774,-64.40,484644722740,484740587239,824779855028,824875701248,31.8,34.1,33.3,35.6
43142,794,42.7333,13.1138,-64.42,488031394356,488127258616,828166498228,828262344192,31.8,34.1,33.3,35.6
43195,795,42.7192,13.1016,-64.56,491418066484,491513931003,831553141931,831648988160,30.8,34.1,32.3,35.6
43248,796,42.7272,13.1085,-66.37,494804738100,494900602395,834939785099,835035631104,31.8,34.1,33.3,35.6
43301,797,42.7084,13.0924,-66.61,498191409716,498287274288,838326428271,838422274560,30.8,34.1,32.3,35.6
43354,798,42.7098,13.0936,-64.35,501578081332,501673945691,841713071432,841808917504,30.8,34.1,32.3,35.6
43407,799,42.7272,13.1085,-65.73,504964752948,505060617600,845099714599,845195560960,30.8,34.1,32.3,35.6
43460,800,42.7319,13.1126,-66.02,508351425076,508447289529,848486358256,848582204416,31.8,34.1,33.3,35.6
43513,801,42.7098,13.0936,-64.38,511738096692,511833960943,851873001395,851968847360,30.8,34.1,32.3,35.6
43566,802,42.6770,13.0653,-64.28,515124768308,515220632868,855259644528,855355490816,30.8,34.1,32.3,35.6
43619,803,42.7098,13.0936,-64.71,518511439924,518607304303,858646287668,858742133760,31.8,34.1,33.3,35.6
43672,804,42.7239,13.1057,-64.87,521898111540,521993975736,862032930801,862128776704,31.8,34.1,33.3,35.6
43725,805,42.7192,13.1016,-64.33,525284783668,525380648209,865419574421,865515420672,31.8,34.1,33.3,35.6
43778,806,42.7084,13.0924,-66.20,528671455284,528767319657,868806217525,868902063616,31.8,34.1,33.3,35.6
43831,807,42.7366,13.1166,-66.30,532058126900,532153991106,872192860648,872288706560,31.8,34.1,33.3,35.6
43884,808,42.6957,13.0815,-64.35,535444798516,535540663080,875579503733,875675350016,30.8,34.1,32.3,35.6
43937,809,42.7051,13.0895,-64.19,538831470132,538927334558,878966146819,879061992960,30.8,34.1,32.3,35.6
43990,810,42.7192,13.1016,-64.97,542218142260,542314006541,882352790425,882448636416,30.8,34.1,32.3,35.6
44043,811,42.7379,13.1178,-64.58,545604813876,545700678534,885739433513,885835279872,30.8,34.1,32.3,35.6
44096,812,42.7145,13.0976,-64.42,548991485492,549087350019,889126076578,889221922816,30.8,34.1,32.3,35.6
44149,813,42.7379,13.1178,-64.73,552378157108,552474021526,892512719641,892608565760,31.8,34.1,33.3,35.6
44202,814,42.7426,13.1218,-64.74,555764828724,555860693027,895899362701,895995208704,30.8,34.1,32.3,35.6
44255,815,42.6990,13.0843,-65.94,559151500852,559247365032,899286006259,899381852160,30.8,34.1,32.3,35.6
44308,816,42.7333,13.1138,-64.73,562538172468,562634037070,902672649311,902768495616,31.8,34.1,33.3,35.6
44361,817,42.6957,13.0815,-64.65,565924844084,566020708583,906059292341,906155138560,30.8,34.1,32.3,35.6
44414,818,42.7333,13.1138,-64.56,569311515700,569407380124,909445935376,909541781504,30.8,35.1,32.3,36.6
44467,819,42.7647,13.1408,-65.13,572698187828,572794052169,912832578926,912928424960,30.8,34.1,32.3,35.6
44520,820,42.7225,13.1045,-65.13,576084859444,576180723703,916219221933,916315067904,30.8,34.1,32.3,35.6
44573,821,42.7178,13.1005,-65.61,579471531060,579567395251,919605864943,919701710848,31.8,34.1,33.3,35.6
44626,822,42.7051,13.0895,-64.64,582858202676,582954067316,922992507948,923088354304,31.8,34.1,33.3,35.6
44679,823,42.6957,13.0815,-64.97,586244874804,586340739383,926379151461,926474997760,31.8,34.1,33.3,35.6
44732,824,42.7379,13.1178,-64.37,589631546420,589727410954,929765794468,929861640704,31.8,34.1,33.3,35.6
44785,825,42.7192,13.1016,-64.51,593018218036,593114082524,933152437450,933248283648,30.8,34.1,32.3,35.6
44838,826,42.7379,13.1178,-64.91,596404889652,596500754111,936539080431,936634926592,31.8,34.1,33.3,35.6
44891,827,42.7145,13.0976,-64.21,599791561780,599887426202,939925723915,940021570048,30.8,34.1,32.3,35.6
44944,828,42.7286,13.1097,-64.98,603178233396,603274097800,943312366883,943408212992,30.8,34.1,32.3,35.6
44997,829,42.7098,13.0936,-64.76,606564905012,606660769389,946699009845,946794855936,30.8,34.1,32.3,35.6
45050,830,42.7192,13.1016,-64.58,609951577140,610047441514,950085653309,950181499392,30.8,34.1,32.3,35.6
45103,831,42.7379,13.1178,-64.49,613338248756,613434113127,953472296264,953568142336,31.8,34.1,33.3,35.6
45156,832,42.7379,13.1178,-64.62,616724920372,616820784746,956858939205,956954785280,31.8,34.1,33.3,35.6
45209,833,42.7333,13.1138,-64.46,620111591988,620207456368,960245582140,960341428224,30.8,34.1,32.3,35.6
45262,834,42.7178,13.1005,-66.72,623498264116,623594128497,963632225586,963728071680,30.8,34.1,32.3,35.6
45315,835,42.7286,13.1097,-64.82,626884935732,626980800141,967018868510,967114714624,31.8,34.1,33.3,35.6
45368,836,42.7178,13.1005,-66.24,630271607348,630367471784,970405511418,970501357568,30.8,34.1,32.3,35.6
45421,837,42.7473,13.1259,-64.74,633658279476,633754143950,973792154852,973888001024,31.8,34.1,33.3,35.6
45474,838,42.7145,13.0976,-64.91,637044951092,637140815595,977178797753,977274643968,31.8,34.1,33.3,35.6
45527,839,42.7145,13.0976,-64.31,640431622708,640527487261,980565440647,980661286912,30.8,34.1,32.3,35.6
45580,840,42.7333,13.1138,-64.38,643818294324,643914158934,983952083543,984047929856,30.8,34.1,32.3,35.6
45633,841,42.7520,13.1299,-64.84,647204966452,647300831121,987338726947,987434573312,31.8,34.1,33.3,35.6
45686,842,42.7647,13.1408,-65.11,650591638068,650687502296,990725369823,990821215744,31.8,34.1,33.3,35.6
45739,843,42.7661,13.1420,-64.31,653978309684,654074173984,994112012698,994207858688,31.8,34.1,33.3,35.6
45792,844,42.7319,13.1126,-66.02,657364981812,657460846181,997498656067,997594502144,31.8,34.1,33.3,35.6
45845,845,42.7098,13.0936,-64.69,660751653428,660847517880,1000885298922,1000981145088,31.8,34.1,33.3,35.6
45898,846,42.7239,13.1057,-64.38,664138325044,664234189591,1004271941778,1004367788032,30.8,34.1,32.3,35.6
45951,847,42.7192,13.1016,-64.87,667524997172,667620861810,1007658585141,1007754431488,31.8,34.1,33.3,35.6
46004,848,42.7553,13.1328,-65.23,670911668788,671007533032,1011045227979,1011141073920,31.8,34.1,33.3,35.6
46057,849,42.7755,13.1501,-64.30,674298340404,674394204759,1014431870823,1014527716864,31.8,34.1,33.3,35.6
46110,850,42.7520,13.1299,-64.76,677685012532,677780876998,1017818514159,1017914360320,30.8,34.1,32.3,35.6
46163,851,42.7272,13.1085,-65.44,681071684148,681167548731,1021205156971,1021301003264,31.8,34.1,33.3,35.6
46216,852,42.7366,13.1166,-66.84,684458355764,684554219967,1024591799787,1024687645696,30.8,34.1,32.3,35.6
46269,853,42.7614,13.1380,-64.71,687845027892,687940892238,1027978443114,1028074289152,30.8,34.1,32.3,35.6
46322,854,42.7098,13.0936,-64.69,691231699508,691327563995,1031365085896,1031460932096,31.8,34.1,33.3,35.6
46375,855,42.7145,13.0976,-64.76,694618371124,694714235758,1034751728694,1034847575040,31.8,34.1,33.3,35.6
46428,856,42.7600,13.1368,-66.37,698005043252,698100907541,1038138372000,1038234217984,30.8,34.1,32.3,35.6
46481,857,42.7145,13.0976,-64.56,701391714868,701487579311,1041525014774,1041620860928,31.8,34.1,33.3,35.6
46534,858,42.7379,13.1178,-64.87,704778386484,704874251107,1044911657548,1045007503872,30.8,34.1,32.3,35.6
46587,859,42.7473,13.1259,-64.31,708165058612,708260922893,1048298300838,1048394146816,31.8,34.1,33.3,35.6
46640,860,42.7567,13.1339,-64.78,711551730228,711647594691,1051684943603,1051780789760,30.8,34.1,32.3,35.6
46693,861,42.7413,13.1206,-65.08,714938402356,715034267004,1055071586864,1055167433216,30.8,34.1,32.3,35.6
46746,862,42.7413,13.1206,-66.78,718325073972,718420938303,1058458229614,1058554075648,30.8,34.1,32.3,35.6
46799,863,42.7426,13.1218,-64.58,721711745588,721807610119,1061844872361,1061940718592,31.8,34.1,33.3,35.6
46852,864,42.7379,13.1178,-64.53,725098417716,725194281951,1065231515600,1065327361536,30.8,34.1,32.3,35.6
46905,865,42.7239,13.1057,-64.51,728485089332,728580953780,1068618158325,1068714004480,30.8,34.1,32.3,35.6
46958,866,42.7741,13.1489,-66.39,731871760948,731967625615,1072004801067,1072100647424,31.8,34.1,33.3,35.6
47011,867,42.7286,13.1097,-64.49,735258433076,735354297456,1075391444282,1075487290368,30.8,34.1,32.3,35.6
47064,868,42.7882,13.1610,-66.08,738645104692,738740969311,1078778087009,1078873933312,31.8,34.1,33.3,35.6
47117,869,42.7333,13.1138,-64.93,742031776820,742127641155,1082164730218,1082260576256,31.8,34.1,33.3,35.6
47170,870,42.7051,13.0895,-64.85,745418448436,745514313010,1085551372911,1085647219200,30.8,34.1,32.3,35.6
47223,871,42.7333,13.1138,-64.98,748805120052,748900984377,1088938015603,1089033861632,30.8,34.1,32.3,35.6
47276,872,42.7272,13.1085,-66.18,752191792180,752287656753,1092324658806,1092420505088,30.8,34.1,32.3,35.6
47329,873,42.7366,13.1166,-65.44,755578463796,755674328127,1095711301484,1095807147520,30.8,34.1,32.3,35.6
47382,874,42.7426,13.1218,-64.62,758965135924,759061000525,1099097944676,1099193790976,30.8,34.1,32.3,35.6
47435,875,42.7520,13.1299,-64.98,762351807540,762447671914,2972959563,3068805632,31.8,34.1,33.3,35.6
47488,876,42.7473,13.1259,-64.76,765738479156,765834343806,6359602228,6455448576,31.8,34.1,33.3,35.6
47541,877,42.7694,13.1449,-65.25,769125151284,769221015714,9746245399,9842091520,31.8,34.1,33.3,35.6
47594,878,42.7413,13.1206,-66.84,772511822900,772607687109,13132888040,13228733952,30.8,35.1,32.3,36.6
47647,879,42.7413,13.1206,-65.28,775898495028,775994359537,16519531196,16615377408,31.8,34.1,33.3,35.6
47700,880,42.7755,13.1501,-64.73,779285166644,779381030959,19906173839,20002019840,31.8,34.1,33.3,35.6
47753,881,42.7694,13.1449,-65.79,782671838260,782767702878,23292816474,23388662784,30.8,34.1,32.3,35.6
47806,882,42.7647,13.1408,-65.63,786058510388,786154374814,26679459608,26775305728,30.8,34.1,32.3,35.6
47859,883,42.7473,13.1259,-64.58,789445182004,789541046248,30066102219,30161948160,31.8,34.1,33.3,35.6
47912,884,42.7647,13.1408,-65.86,792831854132,792927718704,33452745351,33548591616,31.8,34.1,33.3,35.6
47965,885,42.7426,13.1218,-64.87,796218525748,796314390151,36839387946,36935234048,30.8,34.1,32.3,35.6
48018,886,42.7802,13.1541,-64.19,799605197876,799701062111,40226031074,40321876992,31.8,34.1,33.3,35.6
48071,887,42.7225,13.1045,-66.26,802991869492,803087734061,43612673655,43708519936,31.8,34.1,33.3,35.6
48124,888,42.7802,13.1541,-64.64,806378541108,806474405541,46999316251,47095162368,30.8,34.1,32.3,35.6
48177,889,42.7666,13.1425,-67.08,809765213236,809861077507,50385959341,50481805312,30.8,34.1,32.3,35.6
48230,890,42.7426,13.1218,-64.76,813151884852,813247749495,53772601914,53868448256,30.8,34.1,32.3,35.6
48283,891,42.7366,13.1166,-65.25,816538556980,816634421485,57159244990,57255091200,31.8,34.1,33.3,35.6
48336,892,42.7520,13.1299,-64.46,819925228596,820021092974,60545887558,60641733632,30.8,34.1,32.3,35.6
48389,893,42.7614,13.1380,-64.58,823311900724,823407764983,63932530625,64028376576,31.8,34.1,33.3,35.6
48442,894,42.7567,13.1339,-64.74,826698572340,826794436982,67319173184,67415019520,30.8,34.1,32.3,35.6
48495,895,42.7426,13.1218,-64.98,830085244468,830181108998,70705816235,70801662464,31.8,34.1,33.3,35.6
48548,896,42.7835,13.1570,-65.57,833471916084,833567780513,74092458781,74188304896,31.8,34.1,33.3,35.6
48601,897,42.7647,13.1408,-65.90,836858588212,836954452541,77479101818,77574947840,31.8,34.1,33.3,35.6
48654,898,42.7708,13.1461,-64.49,840245259828,840341124052,80865744360,80961590272,31.8,34.1,33.3,35.6
48707,899,42.7379,13.1178,-64.98,843631931444,843727796088,84252386871,84348233216,31.8,34.1,33.3,35.6
48760,900,42.7520,13.1299,-64.56,847018603572,847114468137,87639029899,87734876160,31.8,34.1,33.3,35.6
48813,901,42.7520,13.1299,-64.21,850405275188,850501139676,91025672409,91121518592,30.8,34.1,32.3,35.6
48866,902,42.7708,13.1461,-64.58,853791947316,853887811740,94412315425,94508161536,31.8,34.1,33.3,35.6
48919,903,42.7788,13.1529,-66.49,857178618932,857274483287,97798957925,97894803968,31.8,34.1,33.3,35.6
48972,904,42.8023,13.1731,-66.14,860565291060,860661155365,101185600929,101281446912,30.8,34.1,32.3,35.6
49025,905,42.7520,13.1299,-64.55,863951962676,864047826918,104572243407,104668089344,31.8,34.1,33.3,35.6
49078,906,42.7426,13.1218,-64.84,867338634804,867434498998,107958886395,108054732288,30.8,34.1,32.3,35.6
49131,907,42.7567,13.1339,-64.93,870725306420,870821171088,111345528871,111441375232,30.8,34.1,32.3,35.6
49184,908,42.7614,13.1380,-64.67,874111978548,874207843179,114732171854,114828018176,30.8,34.1,32.3,35.6
49237,909,42.7708,13.1461,-64.80,877498650164,877594514768,118118814317,118214660608,31.8,34.1,33.3,35.6
49290,910,42.7333,13.1138,-64.91,880885322292,880981186869,121505457272,121601303552,31.8,34.1,33.3,35.6
49343,911,42.7379,13.1178,-64.22,884271993908,884367858464,124892099726,124987945984,31.8,34.1,33.3,35.6
49396,912,42.7741,13.1489,-66.06,887658666036,887754530583,128278742691,128374588928,31.8,34.1,33.3,35.6
49449,913,42.7802,13.1541,-64.69,891045337652,891141202198,131665385130,131761231360,30.8,34.1,32.3,35.6
49502,914,42.7661,13.1420,-64.40,894432009780,894527874324,135052028070,135147874304,30.8,34.1,32.3,35.6
49555,915,42.7426,13.1218,-64.35,897818681396,897914545944,138438670489,138534516736,30.8,34.1,32.3,35.6
49608,916,42.7286,13.1097,-64.12,901205353524,901301218081,141825313417,141921159680,30.8,34.1,32.3,35.6
49661,917,42.7098,13.0936,-64.71,904592025140,904687889710,145211955829,145307802112,30.8,34.1,32.3,35.6
49714,918,42.7788,13.1529,-65.17,907978697268,908074561877,148598598759,148694445056,31.8,34.1,33.3,35.6
49767,919,42.7647,13.1408,-65.49,911365368884,911461233517,151985241162,152081087488,30.8,34.1,32.3,35.6
49820,920,42.7755,13.1501,-64.91,914752041012,914847905682,155371884077,155467730432,31.8,34.1,33.3,35.6
49873,921,42.7614,13.1380,-64.93,918138712628,918234576825,158758526463,158854372352,30.8,34.1,32.3,35.6
49926,922,42.7882,13.1610,-66.35,921525384756,921621249008,162145169361,162241015296,31.8,34.1,33.3,35.6
49979,923,42.8130,13.1824,-64.69,924912056372,925007920677,165531811754,165627657728,31.8,34.1,33.3,35.6
50032,924,42.7755,13.1501,-64.80,928298728500,928394592855,168918454632,169014300672,30.8,34.1,32.3,35.6
50085,925,42.8023,13.1731,-65.49,931685400116,931781264534,172305097008,172400943104,31.8,34.1,33.3,35.6
50138,926,42.7896,13.1622,-64.67,935072072244,935167936727,175691739885,175787586048,30.8,34.1,32.3,35.6
50191,927,42.7755,13.1501,-64.30,938458743860,938554608412,179078382242,179174228480,30.8,34.1,32.3,35.6
50244,928,42.7614,13.1380,-64.40,941845415988,941941280622,182465025099,182560871424,31.8,34.1,33.3,35.6
50297,929,42.7506,13.1287,-65.13,945232088116,945327952314,185851667959,185947513856,31.8,34.1,33.3,35.6
50350,930,42.7943,13.1662,-64.65,948618759732,948714624031,189238310312,189334156288,31.8,34.1,33.3,35.6
50403,931,42.7506,13.1287,-66.91,952005431860,952101296249,192624953143,192720799232,31.8,34.1,33.3,35.6
50456,932,42.7976,13.1691,-65.06,955392103476,955487967972,196011595489,196107441664,31.8,34.1,33.3,35.6
50509,933,42.7600,13.1368,-65.06,958778775604,958874640202,199398238314,199494084608,30.8,34.1,32.3,35.6
50562,934,42.7661,13.1420,-64.95,962165447220,962261311421,202784880637,202880726528,30.8,34.1,32.3,35.6
50615,935,42.7661,13.1420,-64.87,965552119348,965647983667,206171523463,206267369472,30.8,34.1,32.3,35.6
50668,936,42.7741,13.1489,-65.63,968938790964,969034655409,209558165769,209654011904,31.8,34.1,33.3,35.6
50721,937,42.7473,13.1259,-64.67,972325463092,972421327660,212944808583,213040654848,30.8,34.1,32.3,35.6
50774,938,42.7600,13.1368,-66.76,975712134708,975807999406,216331450886,216427297280,30.8,34.1,32.3,35.6
50827,939,42.7426,13.1218,-64.76,979098806836,979194671169,219718093680,219813939712,30.8,34.1,32.3,35.6
50880,940,42.7755,13.1501,-64.07,982485478964,982581343445,223104736489,223200582656,30.8,34.1,32.3,35.6
50933,941,42.7520,13.1299,-64.89,985872150580,985968015217,226491378755,226587225088,30.8,34.1,32.3,35.6
50986,942,42.7989,13.1703,-64.74,989258822708,989354687001,229878021551,229973867520,30.8,34.1,32.3,35.6
51039,943,42.7694,13.1449,-65.46,992645494324,992741358776,233264663808,233360509952,31.8,34.1,33.3,35.6
51092,944,42.8023,13.1731,-65.02,996032166452,996128031076,236651306594,236747152896,30.8,34.1,32.3,35.6
51145,945,42.7943,13.1662,-64.85,999418838068,999514702359,240037948847,240133794816,31.8,34.1,33.3,35.6
51198,946,42.7567,13.1339,-64.74,1002805510196,1002901374666,243424591597,243520437760,30.8,34.1,32.3,35.6
51251,947,42.7600,13.1368,-65.10,1006192182324,1006288046970,246811234362,246907080704,31.8,34.1,33.3,35.6
51304,948,42.7694,13.1449,-66.59,1009578853940,1009674718271,250197876602,250293722624,30.8,34.1,32.3,35.6
51357,949,42.7614,13.1380,-64.89,1012965526068,1013061390600,253584519344,253680365568,31.8,34.1,33.3,35.6
51410,950,42.7755,13.1501,-64.28,1016352197684,1016448061908,256971161578,257067007488,31.8,34.1,33.3,35.6
51463,951,42.7661,13.1420,-64.21,1019738869812,1019834734243,260357804311,260453650432,30.8,34.1,32.3,35.6
51516,952,42.7647,13.1408,-65.25,1023125541428,1023221406076,263744446522,263840292864,30.8,34.1,32.3,35.6
51569,953,42.8083,13.1784,-64.55,1026512213556,1026608077919,267131089261,267226935296,30.8,34.1,32.3,35.6
51622,954,42.7553,13.1328,-66.63,1029898885684,1029994750262,270517731965,270613578240,30.8,34.1,32.3,35.6
51675,955,42.8210,13.1893,-65.80,1033285557300,1033381421609,273904374182,274000220160,31.8,34.1,33.3,35.6
51728,956,42.7708,13.1461,-64.69,1036672229428,1036768093971,277291016874,277386863104,30.8,34.1,32.3,35.6
51781,957,42.7929,13.1651,-65.02,1040058901044,1040154765319,280677659068,280773505024,30.8,34.1,32.3,35.6
51834,958,42.7473,13.1259,-64.84,1043445573172,1043541437690,284064301753,284160147968,30.8,35.1,32.3,36.6
51887,959,42.7647,13.1408,-65.10,1046832245300,1046928109558,287450944449,287546790400,30.8,34.1,32.3,35.6
51940,960,42.7506,13.1287,-65.00,1050218916916,1050314781426,290837586622,290933432832,31.8,34.1,33.3,35.6
51993,961,42.7882,13.1610,-66.12,1053605589044,1053701453312,294224229313,294320075264,30.8,34.1,32.3,35.6
52046,962,42.7755,13.1501,-64.82,1056992260660,1057088125200,297610871471,297706717696,31.8,34.1,33.3,35.6
52099,963,42.8083,13.1784,-64.65,1060378932788,1060474797096,300997514149,301093360128,31.8,34.1,33.3,35.6
52152,964,42.7413,13.1206,-65.34,1063765604916,1063861469491,304384156793,304480003072,30.8,34.1,32.3,35.6
52205,965,42.8083,13.1784,-64.67,1067152276532,1067248140900,307770798953,307866644992,30.8,34.1,32.3,35.6
52258,966,42.7553,13.1328,-66.91,1070538948660,1070634813304,311157441595,311253287936,31.8,34.1,33.3,35.6
52311,967,42.7708,13.1461,-64.82,1073925620788,1074021485225,314544084243,314639930368,30.8,34.1,32.3,35.6
52364,968,42.8257,13.1933,-65.15,1077312292404,1077408156640,317930726384,318026572288,30.8,34.1,32.3,35.6
52417,969,42.7882,13.1610,-66.74,1080698964532,1080794829070,321317369011,321413215232,31.8,34.1,33.3,35.6
52470,970,42.7976,13.1691,-65.04,1084085636148,1084181500490,324704011130,324799857152,30.8,34.1,32.3,35.6
52523,971,42.7976,13.1691,-66.00,1087472308276,1087568172934,328090653758,328186500096,30.8,34.1,32.3,35.6
52576,972,42.7835,13.1570,-65.30,1090858980404,1090954844874,331477296373,331573142528,31.8,34.1,33.3,35.6
52629,973,42.8083,13.1784,-64.80,1094245652020,1094341516312,334863938484,334959784448,30.8,34.1,32.3,35.6
52682,974,42.8083,13.1784,-64.78,1097632324148,1097728188778,338250581090,338346427392,30.8,34.1,32.3,35.6
52735,975,42.7882,13.1610,-65.38,1507368500,1603232950,341637223690,341733069824,31.8,34.1,33.3,35.6
52788,976,42.7835,13.1570,-65.47,4894040116,4989904397,345023865778,345119711744,31.8,34.1,33.3,35.6
52841,977,42.7943,13.1662,-64.46,8280712244,8376576875,348410508379,348506354688,30.8,34.1,32.3,35.6
52894,978,42.7741,13.1489,-65.04,11667383860,11763248334,351797150445,351892996608,30.8,34.1,32.3,35.6
52947,979,42.7741,13.1489,-65.28,15054055988,15149920312,355183793026,355279639040,31.8,34.1,33.3,35.6
53000,980,42.8210,13.1893,-66.37,18440728116,18536592808,358570435622,358666281984,31.8,34.1,33.3,35.6
53053,981,42.8116,13.1812,-65.46,21827399732,21923264290,361957077672,362052923904,30.8,34.1,32.3,35.6
53106,982,42.7929,13.1651,-66.93,25214071860,25309936274,365343720241,365439566336,30.8,34.1,32.3,35.6
53159,983,42.8023,13.1731,-65.08,28600743988,28696608278,368730362800,368826208768,31.8,34.1,33.3,35.6
53212,984,42.7661,13.1420,-64.73,31987415604,32083280277,372117004838,372212851200,31.8,34.1,33.3,35.6
53265,985,42.8177,13.1864,-64.62,35374087732,35469952294,375503647403,375599493632,31.8,34.1,33.3,35.6
53318,986,42.7802,13.1541,-64.82,38760759860,38856624295,378890289945,378986136064,31.8,34.1,33.3,35.6
53371,987,42.7882,13.1610,-65.75,42147431476,42243295806,382276931971,382372777984,30.8,34.1,32.3,35.6
53424,988,42.7802,13.1541,-64.53,45534103604,45629967830,385663574507,385759420416,31.8,34.1,33.3,35.6
53477,989,42.7755,13.1501,-64.93,48920775732,49016640371,389050217035,389146063360,31.8,34.1,33.3,35.6
53530,990,42.7614,13.1380,-64.49,52307447348,52403311896,392436859041,392532705280,31.8,34.1,33.3,35.6
53583,991,42.7666,13.1425,-67.06,55694119476,55789983932,395823501556,395919347712,31.8,34.1,33.3,35.6
53636,992,42.7882,13.1610,-65.44,59080791604,59176655985,399210144080,399305990144,31.8,34.1,33.3,35.6
53689,993,42.8023,13.1731,-66.39,62467463220,62563327525,402596786082,402692632064,30.8,34.1,32.3,35.6
53742,994,42.8224,13.1905,-64.62,65854135348,65949999594,405983428584,406079274496,31.8,34.1,33.3,35.6
53795,995,42.7989,13.1703,-64.60,69240807476,69336672158,409370071083,409465917440,31.8,34.1,33.3,35.6
53848,996,42.7802,13.1541,-64.46,72627479092,72723343710,412756713059,412852559360,31.8,34.1,33.3,35.6
53901,997,42.7943,13.1662,-64.56,76014151220,76110015788,416143355546,416239201792,31.8,34.1,33.3,35.6
53954,998,42.7741,13.1489,-65.06,79400823348,79496687864,419529998018,419625844224,31.8,34.1,33.3,35.6
54007,999,42.7741,13.1489,-65.40,82787494964,82883359439,422916639980,423012486144,31.8,34.1,33.3,35.6
54060,1000,42.8177,13.1864,-64.74,86174167092,86270031531,426303282469,426399128576,31.8,34.1,33.3,35.6
54113,1001,42.7694,13.1449,-65.13,89560839220,89656703626,429689924910,429785771008,31.8,34.1,33.3,35.6
54166,1002,42.8318,13.1985,-64.82,92947510836,93043375220,433076566883,433172412928,30.8,34.1,32.3,35.6
54219,1003,42.8116,13.1812,-65.69,96334182964,96430047328,436463209323,436559055360,31.8,34.1,33.3,35.6
54272,1004,42.7989,13.1703,-64.98,99720855092,99816719437,439849851772,439945697792,31.8,34.1,33.3,35.6
54325,1005,42.7882,13.1610,-66.10,103107527220,103203391549,443236494212,443332340224,30.8,34.1,32.3,35.6
54378,1006,42.8116,13.1812,-66.53,106494198836,106590063169,446623136138,446718982144,31.8,34.1,33.3,35.6
54431,1007,42.8116,13.1812,-66.04,109880870964,109976735290,450009778577,450105624576,30.8,34.1,32.3,35.6
54484,1008,42.7882,13.1610,-65.11,113267543092,113363407421,453396420996,453492267008,31.8,34.1,33.3,35.6
54537,1009,42.8163,13.1852,-66.12,116654214708,116750079059,456783062905,456878908928,31.8,34.1,33.3,35.6
54590,1010,42.8257,13.1933,-65.04,120040886836,120136751197,460169705331,460265551360,30.8,34.1,32.3,35.6
54643,1011,42.8318,13.1985,-64.91,123427558964,123523423352,463556347743,463652193792,30.8,34.1,32.3,35.6
54696,1012,42.8023,13.1731,-66.89,126814231092,126910095503,466942990135,467038836224,31.8,34.1,33.3,35.6
54749,1013,42.8130,13.1824,-64.91,130200902708,130296767151,470329632031,470425478144,31.8,34.1,33.3,35.6
54802,1014,42.7943,13.1662,-64.93,133587574836,133683439319,473716274415,473812120576,31.8,34.1,33.3,35.6
54855,1015,42.7882,13.1610,-66.74,136974246964,137070111488,477102916800,477198763008,31.8,34.1,33.3,35.6
54908,1016,42.7943,13.1662,-64.91,140360918580,140456783152,480489558678,480585404928,31.8,34.1,33.3,35.6
54961,1017,42.8036,13.1743,-64.64,143747590708,143843455336,483876201059,483972047360,31.8,34.1,33.3,35.6
55014,1018,42.8177,13.1864,-64.76,147134262836,147230127530,487262843431,487358689792,31.8,34.1,33.3,35.6
55067,1019,42.8257,13.1933,-66.39,150520934964,150616799209,490649485799,490745331712,31.8,34.1,33.3,35.6
55120,1020,42.8271,13.1945,-64.89,153907606580,154003470897,494036127652,494131973632,31.8,34.1,33.3,35.6
55173,1021,42.7788,13.1529,-66.76,157294278708,157390143094,497422769990,497518616064,31.8,34.1,33.3,35.6
55226,1022,42.7989,13.1703,-64.93,160680950836,160776815315,500809412341,500905258496,30.8,34.1,32.3,35.6
55279,1023,42.7989,13.1703,-64.46,164067622964,164163487523,504196054694,504291900928,31.8,34.1,33.3,35.6
55332,1024,42.8130,13.1824,-64.87,167454294580,167550159237,507582696521,507678542848,31.8,34.1,33.3,35.6
55385,1025,42.8318,13.1985,-64.65,170840966708,170936830954,510969338861,511065184768,31.8,34.1,33.3,35.6
55438,1026,42.7976,13.1691,-65.42,174227638836,174323503177,514355981179,514451827200,31.8,34.1,33.3,35.6
55491,1027,42.7943,13.1662,-64.91,177614310964,177710175416,517742623502,517838469632,30.8,34.1,32.3,35.6
55544,1028,42.8210,13.1893,-66.24,181000982580,181096847144,521129265319,521225111552,30.8,34.1,32.3,35.6
55597,1029,42.8271,13.1945,-64.40,184387654708,184483519398,524515907630,524611753984,31.8,34.1,33.3,35.6
55650,1030,42.8224,13.1905,-64.38,187774326836,187870191141,527902549934,527998395904,30.8,34.1,32.3,35.6
55703,1031,42.8224,13.1905,-64.47,191160998964,191256863400,531289192234,531385038336,31.8,34.1,33.3,35.6
55756,1032,42.8083,13.1784,-64.42,194547670580,194643535146,534675834019,534771680256,31.8,34.1,33.3,35.6
55809,1033,42.8069,13.1772,-65.10,197934342708,198030207412,538062476309,538158322688,31.8,34.1,33.3,35.6
55862,1034,42.7882,13.1610,-65.19,201321014836,201416879174,541449118587,541544964608,31.8,34.1,33.3,35.6
55915,1035,42.7989,13.1703,-64.40,204707686964,204803551455,544835760873,544931607040,31.8,34.1,33.3,35.6
55968,1036,42.7896,13.1622,-64.91,208094358580,208190223234,548222402626,548318248960,31.8,34.1,33.3,35.6
56021,1037,42.8365,13.2026,-64.73,211481030708,211576895020,551609044909,551704890880,30.8,34.1,32.3,35.6
56074,1038,42.7929,13.1651,-65.10,214867702836,214963567305,554995687162,555091533312,31.8,34.1,33.3,35.6
56127,1039,42.8163,13.1852,-65.96,218254374964,218350239611,558382329426,558478175744,30.8,34.1,32.3,35.6
56180,1040,42.8445,13.2095,-66.14,221641047092,221736911411,561768971685,561864817664,31.8,34.1,33.3,35.6
56233,1041,42.8177,13.1864,-64.37,225027718708,225123583210,565155613414,565251459584,31.8,34.1,33.3,35.6
56286,1042,42.8224,13.1905,-64.64,228414390836,228510255531,568542255656,568638102016,31.8,34.1,33.3,35.6
56339,1043,42.8271,13.1945,-64.73,231801062964,231896927341,571928897896,572024743936,30.8,34.1,32.3,35.6
56392,1044,42.8177,13.1864,-64.74,235187735092,235283599665,575315540127,575411386368,30.8,34.1,32.3,35.6
56445,1045,42.8257,13.1933,-65.25,238574406708,238670270985,578702181832,578798027776,31.8,34.1,33.3,35.6
56498,1046,42.8116,13.1812,-65.40,241961078836,242056943326,582088824044,582184670208,31.8,34.1,33.3,35.6
56551,1047,42.8412,13.2066,-64.89,245347750964,245443615665,585475466281,585571312640,31.8,34.1,33.3,35.6
56604,1048,42.7943,13.1662,-64.73,248734423092,248830287510,588862108464,588957954560,31.8,34.1,33.3,35.6
56657,1049,42.8271,13.1945,-64.73,252121095220,252216959861,592248750688,592344596992,31.8,34.1,33.3,35.6
56710,1050,42.8036,13.1743,-64.53,255507766836,255603631203,595635392359,595731238400,31.8,34.1,33.3,35.6
56763,1051,42.7882,13.1610,-65.90,258894438964,258990303567,599022034545,599117880832,30.8,34.1,32.3,35.6
56816,1052,42.8069,13.1772,-65.15,262281111092,262376975432,602408676736,602504522752,30.8,34.1,32.3,35.6
56869,1053,42.7802,13.1541,-64.97,265667783220,265763647799,605795318922,605891165184,31.8,34.1,33.3,35.6
56922,1054,42.8036,13.1743,-64.97,269054455348,269150319676,609181961103,609277807104,31.8,34.1,33.3,35.6
56975,1055,42.8023,13.1731,-65.00,272441127476,272536992069,612568603266,612664449536,30.8,34.1,32.3,35.6
57028,1056,42.8257,13.1933,-65.06,275827799092,275923663443,615955244925,616051090944,30.8,34.1,32.3,35.6
57081,1057,42.7989,13.1703,-64.40,279214471220,279310335840,619341887081,619437733376,30.8,34.1,32.3,35.6
57134,1058,42.8257,13.1933,-65.00,282601143348,282697007728,622728529248,622824375296,31.8,34.1,33.3,35.6
57187,1059,42.8069,13.1772,-65.80,285987815476,286083680137,626115171391,626211017728,31.8,34.1,33.3,35.6
57240,1060,42.8130,13.1824,-64.49,289374487604,289470352050,629501813532,629597659648,31.8,34.1,33.3,35.6
57293,1061,42.8163,13.1852,-65.15,292761159220,292857023442,632888455162,632984301056,31.8,34.1,33.3,35.6
57346,1062,42.8163,13.1852,-65.51,296147831348,296243695860,636275097304,636370943488,31.8,34.1,33.3,35.6
57399,1063,42.8318,13.1985,-64.89,299534503476,299630367786,639661739437,639757585408,31.8,34.1,33.3,35.6
57452,1064,42.8271,13.1945,-64.84,302921175604,303017040232,643048381548,643144227840,31.8,34.1,33.3,35.6
57505,1065,42.8163,13.1852,-66.72,306307847732,306403712147,646435023673,646530869760,31.8,34.1,33.3,35.6
57558,1066,42.8083,13.1784,-64.85,309694519860,309790384083,649821665786,649917511680,30.8,34.1,32.3,35.6
57611,1067,42.7929,13.1651,-66.80,313081191476,313177056024,653208307371,653304153600,31.8,34.1,33.3,35.6
57664,1068,42.8552,13.2187,-64.91,316467863604,316563727984,656594949489,656690795520,31.8,34.1,33.3,35.6
57717,1069,42.8318,13.1985,-64.84,319854535732,319950400427,659981591596,660077437952,31.8,34.1,33.3,35.6
57770,1070,42.7989,13.1703,-64.97,323241207860,323337072376,663368233680,663464079872,31.8,34.1,33.3,35.6
57823,1071,42.8130,13.1824,-64.49,326627879988,326723744349,666754875761,666850721792,31.8,34.1,33.3,35.6
57876,1072,42.8351,13.2014,-65.32,330014552116,330110416819,670141517858,670237364224,31.8,34.1,33.3,35.6
57929,1073,42.8036,13.1743,-64.62,333401224244,333497088795,673528159920,673624006144,31.8,34.1,33.3,35.6
57982,1074,42.8163,13.1852,-65.36,336787895860,336883760263,676914801478,677010647552,30.8,34.1,32.3,35.6
58035,1075,42.8459,13.2107,-64.74,340174567988,340270432243,680301443561,680397289472,31.8,34.1,33.3,35.6
58088,1076,42.8083,13.1784,-64.97,343561240116,343657104741,683688085608,683783931904,31.8,34.1,33.3,35.6
58141,1077,42.7943,13.1662,-64.65,346947912244,347043776740,687074727650,687170573824,31.8,34.1,33.3,35.6
58194,1078,42.8083,13.1784,-64.53,350334584372,350430448733,690461369711,690557215744,31.8,34.1,33.3,35.6
58247,1079,42.8083,13.1784,-64.47,353721256500,353817120734,693848011758,693943857664,31.8,34.1,33.3,35.6
58300,1080,42.8083,13.1784,-64.74,357107928628,357203793252,697234653801,697330500096,31.8,35.1,33.3,36.6
58353,1081,42.8271,13.1945,-64.78,360494600244,360590464749,700621295335,700717141504,31.8,34.1,33.3,35.6
58406,1082,42.8464,13.2111,-67.25,363881272372,363977136769,704007937361,704103783424,31.8,34.1,33.3,35.6
58459,1083,42.8539,13.2175,-65.36,367267944500,367363808806,707394579383,707490425344,30.8,34.1,32.3,35.6
58512,1084,42.8365,13.2026,-64.74,370654616628,370750481331,710781221414,710877067776,30.8,34.1,32.3,35.6
58565,1085,42.8271,13.1945,-64.40,374041288756,374137153372,714167863416,714263709696,31.8,34.1,33.3,35.6
58618,1086,42.8351,13.2014,-65.06,377427960884,377523825398,717554505439,717650351616,31.8,34.1,33.3,35.6
58671,1087,42.8632,13.2256,-66.10,380814633012,380910497456,720941147441,721036993536,31.8,34.1,33.3,35.6
58724,1088,42.8177,13.1864,-64.74,384201305140,384297169495,724327789434,724423635456,30.8,34.1,32.3,35.6
58777,1089,42.8257,13.1933,-65.98,387587977268,387683841549,727714431428,727810277376,30.8,34.1,32.3,35.6
58830,1090,42.8163,13.1852,-65.28,390974648884,391070513604,731101072905,731196919296,31.8,34.1,33.3,35.6
58883,1091,42.8163,13.1852,-65.30,394361321012,394457185669,734487714887,734583561216,31.8,34.1,33.3,35.6
58936,1092,42.7929,13.1651,-66.06,397747993140,397843857730,737874356865,737970203136,30.8,34.1,32.3,35.6
58989,1093,42.8210,13.1893,-65.63,401134665268,401230529807,741260998848,741356845056,31.8,34.1,33.3,35.6
59042,1094,42.8210,13.1893,-65.30,404521337396,404617201887,744647640815,744743486976,31.8,34.1,33.3,35.6
59095,1095,42.8351,13.2014,-66.72,407908009524,408003873967,748034282790,748130128896,31.8,34.1,33.3,35.6
59148,1096,42.8177,13.1864,-64.78,411294681652,411390546065,751420924735,751516770816,31.8,34.1,33.3,35.6
59201,1097,42.8318,13.1985,-64.98,414681353780,414777218162,754807566692,754903412736,31.8,34.1,33.3,35.6
59254,1098,42.8177,13.1864,-64.93,418068025908,418163890258,758194208638,758290054656,31.8,34.1,33.3,35.6
59307,1099,42.8492,13.2135,-65.69,421454698036,421550562359,761580850595,761676696576,31.8,34.1,33.3,35.6
59360,1100,42.8224,13.1905,-64.85,424841369652,424937233962,764967492008,765063337984,31.8,34.1,33.3,35.6
59413,1101,42.8445,13.2095,-65.10,428228041780,428323906086,768354133939,768449979904,30.8,34.1,32.3,35.6
59466,1102,42.8370,13.2030,-67.01,431614713908,431710578194,771740775868,771836621824,31.8,34.1,33.3,35.6
59519,1103,42.8492,13.2135,-65.13,435001386036,435097250323,775127417799,775223263744,31.8,34.1,33.3,35.6
59572,1104,42.8492,13.2135,-65.13,438388058164,438483922460,778514059711,778609905664,31.8,34.1,33.3,35.6
59625,1105,42.8412,13.2066,-64.93,441774730292,441870594596,781900701623,781996547584,31.8,34.1,33.3,35.6
59678,1106,42.8398,13.2054,-65.79,445161402420,445257266736,785287343527,785383189504,30.8,34.1,32.3,35.6
59731,1107,42.8646,13.2268,-64.78,448548074548,448643938873,788673985452,788769831424,31.8,34.1,33.3,35.6
59784,1108,42.8398,13.2054,-65.42,451934746676,452030611023,792060627336,792156473344,31.8,34.1,33.3,35.6
59837,1109,42.8224,13.1905,-64.97,455321418804,455417283179,795447269223,795543115264,31.8,34.1,33.3,35.6
59890,1110,42.8116,13.1812,-65.61,458708090932,458803955335,798833911107,798929757184,31.8,34.1,33.3,35.6
59943,1111,42.8318,13.1985,-64.69,462094763060,462190627505,802220552998,802316399104,31.8,34.1,33.3,35.6
59996,1112,42.8304,13.1974,-65.61,465481435188,465577299681,805607194866,805703041024,31.8,34.1,33.3,35.6
60049,1113,42.8210,13.1893,-65.59,468868106804,468963971341,808993836226,809089682432,30.8,34.1,32.3,35.6
60102,1114,42.8459,13.2107,-64.89,472254778932,472350643518,812380478111,812476324352,30.8,34.1,32.3,35.6
60155,1115,42.8492,13.2135,-66.91,475641451060,475737315699,815767119975,815862966272,31.8,34.1,33.3,35.6
60208,1116,42.8459,13.2107,-64.69,479028123188,479123987891,819153761833,819249608192,31.8,34.1,33.3,35.6
60261,1117,42.8586,13.2216,-65.19,482414795316,482510659585,822540403677,822636249600,31.8,34.1,33.3,35.6
60314,1118,42.8398,13.2054,-66.45,485801467444,485897331781,825927045521,826022891520,30.8,34.1,32.3,35.6
60367,1119,42.8412,13.2066,-64.69,489188139572,489284003992,829313687362,829409533440,31.8,34.1,33.3,35.6
60420,1120,42.8036,13.1743,-64.65,492574811700,492670676199,832700329187,832796175360,30.8,34.1,32.3,35.6
60473,1121,42.8257,13.1933,-66.84,495961483828,496057348404,836086971037,836182817280,31.8,34.1,33.3,35.6
60526,1122,42.8271,13.1945,-64.64,499348155956,499444020642,839473612850,839569459200,30.8,34.1,32.3,35.6
60579,1123,42.8632,13.2256,-65.42,502734828084,502830692347,842860254693,842956100608,30.8,34.1,32.3,35.6
60632,1124,42.8271,13.1945,-64.60,506121500212,506217364583,846246896493,846342742528,30.8,34.1,32.3,35.6
60685,1125,42.8271,13.1945,-64.51,509508172340,509604036818,849633538307,849729384448,31.8,34.1,33.3,35.6
60738,1126,42.8318,13.1985,-64.95,512894844468,512990709048,853020180126,853116026368,31.8,34.1,33.3,35.6
60791,1127,42.8679,13.2297,-65.28,516281516596,516377381301,856406821933,856502668288,31.8,34.1,33.3,35.6
60844,1128,42.8679,13.2297,-65.49,519668188724,519764053051,859793463719,859889309696,31.8,34.1,33.3,35.6
60897,1129,42.8398,13.2054,-65.46,523054860852,523150725297,863180105510,863275951616,30.8,34.1,32.3,35.6
60950,1130,42.8351,13.2014,-65.75,526441532980,526537397555,866566747298,866662593536,30.8,34.1,32.3,35.6
61003,1131,42.8792,13.2394,-67.25,529828205108,529924069823,869953389090,870049235456,30.8,34.1,32.3,35.6
61056,1132,42.8679,13.2297,-66.30,533214877236,533310741588,873340030863,873435876864,31.8,34.1,33.3,35.6
61109,1133,42.7976,13.1691,-66.43,536601549364,536697413856,876726672613,876822518784,31.8,34.1,33.3,35.6
61162,1134,42.8679,13.2297,-66.18,539988221492,540084086143,880113314403,880209160704,31.8,34.1,33.3,35.6
61215,1135,42.8914,13.2498,-66.49,543374893620,543470757933,883499956159,883595802112,30.8,34.1,32.3,35.6
61268,1136,42.8586,13.2216,-66.45,546761565748,546857430202,886886597924,886982444032,31.8,34.1,33.3,35.6
61321,1137,42.8304,13.1974,-66.37,550148237876,550244102495,890273239668,890369085952,30.8,34.1,32.3,35.6
61374,1138,42.8445,13.2095,-66.43,553534910004,553630774288,893659881416,893755727360,30.8,34.1,32.3,35.6
61427,1139,42.8632,13.2256,-65.00,556921582132,557017446590,897046523170,897142369280,31.8,34.1,33.3,35.6
61480,1140,42.8271,13.1945,-64.97,560308254260,560404118899,900433164898,900529011200,31.8,34.1,33.3,35.6
61533,1141,42.8459,13.2107,-64.69,563694926388,563790790705,903819806635,903915652608,30.8,34.1,32.3,35.6
61586,1142,42.8506,13.2147,-64.44,567081598516,567177463023,907206448367,907302294528,31.8,34.1,33.3,35.6
61639,1143,42.8679,13.2297,-65.15,570468270644,570564135347,910593090096,910688936448,31.8,34.1,33.3,35.6
61692,1144,42.8586,13.2216,-66.02,573854942772,573950807162,913979731813,914075577856,31.8,34.1,33.3,35.6
61745,1145,42.8304,13.1974,-65.10,577241614900,577337479499,917366373511,917462219776,31.8,34.1,33.3,35.6
61798,1146,42.8459,13.2107,-64.89,580628287028,580724151339,920753015218,920848861184,31.8,34.1,33.3,35.6
61851,1147,42.8365,13.2026,-64.87,584014959156,584110823667,924139656934,924235503104,31.8,34.1,33.3,35.6
61904,1148,42.8459,13.2107,-64.64,587401631284,587497495519,927526298622,927622144512,30.8,34.1,32.3,35.6
61957,1149,42.8412,13.2066,-64.67,590788303412,590884167860,930912940327,931008786432,31.8,34.1,33.3,35.6
62010,1150,42.8646,13.2268,-64.40,594174975540,594270840230,934299582015,934395428352,31.8,34.1,33.3,35.6
62063,1151,42.8632,13.2256,-65.82,597561647668,597657512079,937686223698,937782069760,31.8,34.1,33.3,35.6
62116,1152,42.8492,13.2135,-66.35,600948319796,601044184439,941072865380,941168711680,30.8,34.1,32.3,35.6
62169,1153,42.8459,13.2107,-64.98,604334991924,604430856303,944459507054,944555353088,30.8,34.1,32.3,35.6
62222,1154,42.8318,13.1985,-64.73,607721664052,607817528683,947846148716,947941995008,30.8,34.1,32.3,35.6
62275,1155,42.8130,13.1824,-64.62,611108336180,611204200556,951232790371,951328636416,31.8,35.1,33.3,36.6
62328,1156,42.8412,13.2066,-64.74,614495008308,614590872942,954619432045,954715278336,31.8,34.1,33.3,35.6
62381,1157,42.8552,13.2187,-64.60,617881680436,617977544825,958006073704,958101919744,31.8,34.1,33.3,35.6
62434,1158,42.8552,13.2187,-64.87,621268352564,621364217224,961392715352,961488561664,30.8,34.1,32.3,35.6
62487,1159,42.8365,13.2026,-64.55,624655024692,624750889119,964779356985,964875203072,30.8,34.1,32.3,35.6
62540,1160,42.8412,13.2066,-64.64,628041696820,628137561523,968165998631,968261844992,30.8,34.1,32.3,35.6
62593,1161,42.8445,13.2095,-65.00,631428368948,631524233430,971552640258,971648486400,31.8,34.1,33.3,35.6
62646,1162,42.8586,13.2216,-65.86,634815041076,634910905334,974939281896,975035127808,31.8,34.1,33.3,35.6
62699,1163,42.8398,13.2054,-66.39,638201713204,638297577758,978325923512,978421769728,30.8,34.1,32.3,35.6
62752,1164,42.8773,13.2377,-66.91,641588385332,641684249673,981712565150,981808411136,30.8,34.1,32.3,35.6
62805,1165,42.8445,13.2095,-65.51,644975057460,645070922100,985099206757,985195053056,30.8,34.1,32.3,35.6
62858,1166,42.8398,13.2054,-66.61,648361729588,648457594029,988485848361,988581694464,31.8,34.1,33.3,35.6
62911,1167,42.8679,13.2297,-65.77,651748401716,651844265972,991872489967,991968335872,30.8,34.1,32.3,35.6
62964,1168,42.8257,13.1933,-66.22,655135073844,655230938407,995259131562,995354977792,30.8,34.1,32.3,35.6
63017,1169,42.8365,13.2026,-64.80,658521745972,658617610351,998645773162,998741619200,30.8,34.1,32.3,35.6
63070,1170,42.8632,13.2256,-65.73,661908418100,662004282810,1002032414758,1002128261120,30.8,34.1,32.3,35.6
63123,1171,42.8506,13.2147,-64.67,665295090228,665390954760,1005419056343,1005514902528,31.8,34.1,33.3,35.6
63176,1172,42.8412,13.2066,-64.69,668681762356,668777626728,1008805697907,1008901543936,30.8,34.1,32.3,35.6
63229,1173,42.8459,13.2107,-64.62,672068434996,672164299698,1012192340011,1012288186368,31.8,34.1,33.3,35.6
63282,1174,42.8412,13.2066,-64.58,675455107124,675550971667,1015578981576,1015674827776,30.8,34.1,32.3,35.6
63335,1175,42.8506,13.2147,-64.84,678841779252,678937643635,1018965623148,1019061469184,31.8,34.1,33.3,35.6
63388,1176,42.8412,13.2066,-64.55,682228451380,682324315616,1022352264699,1022448110592,30.8,34.1,32.3,35.6
63441,1177,42.8632,13.2256,-66.65,685615123508,685710988102,1025738906266,1025834752512,30.8,34.1,32.3,35.6
63494,1178,42.8459,13.2107,-64.93,689001795636,689097660085,1029125547815,1029221393920,30.8,34.1,32.3,35.6
63547,1179,42.8459,13.2107,-64.95,692388467764,692484332079,1032512189357,1032608035328,30.8,34.1,32.3,35.6
63600,1180,42.8351,13.2014,-66.22,695775139892,695871004580,1035898830896,1035994677248,30.8,34.1,32.3,35.6
63653,1181,42.8083,13.1784,-64.56,699161812020,699257676582,1039285472422,1039381318656,30.8,34.1,32.3,35.6
63706,1182,42.8492,13.2135,-65.73,702548484148,702644348589,1042672113965,1042767960064,30.8,34.1,32.3,35.6
63759,1183,42.8773,13.2377,-65.00,705935156276,706031020600,1046058755502,1046154601472,31.8,34.1,33.3,35.6
63812,1184,42.8961,13.2539,-66.16,709321828404,709417693125,1049445397033,1049541243392,30.8,34.1,32.3,35.6
63865,1185,42.8365,13.2026,-64.73,712708500532,712804365145,1052832038528,1052927884800,30.8,34.1,32.3,35.6
63918,1186,42.8365,13.2026,-64.76,716095173172,716191037676,1056218680557,1056314526720,31.8,34.1,33.3,35.6
63971,1187,42.8886,13.2475,-67.38,719481845300,719577709695,1059605322086,1059701168128,31.8,34.1,33.3,35.6
64024,1188,42.8632,13.2256,-66.72,722868517428,722964381740,1062991963572,1063087809536,31.8,34.1,33.3,35.6
64077,1189,42.8867,13.2458,-66.89,726255189556,726351054282,1066378605088,1066474451456,31.8,34.1,33.3,35.6
64130,1190,42.8304,13.1974,-66.74,729641861684,729737726317,1069765246565,1069861092864,31.8,34.1,33.3,35.6
64183,1191,42.8599,13.2228,-64.49,733028533812,733124398375,1073151888059,1073247734272,30.8,34.1,32.3,35.6
64236,1192,42.8552,13.2187,-64.98,736415205940,736511070428,1076538529540,1076634375680,31.8,34.1,33.3,35.6
64289,1193,42.8881,13.2470,-64.91,739801878068,739897742488,1079925171030,1080021017088,31.8,34.1,33.3,35.6
64342,1194,42.9055,13.2620,-66.22,743188550196,743284414545,1083311812513,1083407658496,30.8,34.1,32.3,35.6
64395,1195,42.8773,13.2377,-65.51,746575222324,746671086607,1086698453975,1086794299904,30.8,34.1,32.3,35.6
64448,1196,42.8914,13.2498,-65.53,749961894452,750057759199,1090085095438,1090180941824,30.8,34.1,32.3,35.6
64501,1197,42.8459,13.2107,-64.37,753348567092,753444431772,1093471737409,1093567583744,30.8,34.1,32.3,35.6
64554,1198,42.8318,13.1985,-64.67,756735239220,756831103849,1096858378861,1096954225152,31.8,34.1,33.3,35.6
64607,1199,42.8679,13.2297,-65.11,760121911348,760217775933,733392550,829238784,31.8,34.1,33.3,35.6
64660,1200,42.8599,13.2228,-64.38,763508583476,763604448032,4120033987,4215880192,31.8,34.1,33.3,35.6
64713,1201,42.8398,13.2054,-66.84,766895255604,766991120110,7506675432,7602521600,31.8,34.1,33.3,35.6
64766,1202,42.8539,13.2175,-65.10,770281927732,770377792221,10893316864,10989163008,30.8,34.1,32.3,35.6
64819,1203,42.8726,13.2337,-66.30,773668599860,773764464312,14279958316,14375804416,31.8,34.1,33.3,35.6
64872,1204,42.8726,13.2337,-66.10,777055271988,777151136429,17666599735,17762445824,31.8,34.1,33.3,35.6
64925,1205,42.8679,13.2297,-66.74,780441944116,780537808539,21053241159,21149087232,30.8,34.1,32.3,35.6
64978,1206,42.8914,13.2498,-66.97,783828616756,783924481164,24439883104,24535729152,31.8,34.1,33.3,35.6
65031,1207,42.8867,13.2458,-65.17,787215288884,787311153281,27826524521,27922370560,30.8,34.1,32.3,35.6
65084,1208,42.8820,13.2418,-65.08,790601961012,790697825408,31213165928,31309011968,31.8,34.1,33.3,35.6
65137,1209,42.8914,13.2498,-65.15,793988633140,794084497537,34599807340,34695653376,31.8,34.1,33.3,35.6
65190,1210,42.8961,13.2539,-65.47,797375305268,797471169671,37986448744,38082294784,31.8,34.1,33.3,35.6
65243,1211,42.8773,13.2377,-65.02,800761977396,800857841808,41373090134,41468936192,31.8,34.1,33.3,35.6
65296,1212,42.8726,13.2337,-65.19,804148649524,804244513956,44759731521,44855577600,31.8,34.1,33.3,35.6
65349,1213,42.8646,13.2268,-64.78,807535321652,807631186103,48146372909,48242219008,31.8,34.1,33.3,35.6
65402,1214,42.8820,13.2418,-65.10,810921994292,811017858763,51533014814,51628860928,31.8,34.1,33.3,35.6
65455,1215,42.8506,13.2147,-64.46,814308666420,814404530919,54919656183,55015502336,31.8,34.1,33.3,35.6
65508,1216,42.8726,13.2337,-66.84,817695338548,817791203079,58306297565,58402143744,31.8,34.1,33.3,35.6
65561,1217,42.8506,13.2147,-64.55,821082007604,821177872174,61692935857,61788782080,31.8,34.1,33.3,35.6
65614,1218,42.8445,13.2095,-66.68,824468681268,824564545876,65079578757,65175425024,31.8,34.1,33.3,35.6
65667,1219,42.8679,13.2297,-66.87,827855353396,827951218048,68466220131,68562066432,30.8,34.1,32.3,35.6
65720,1220,42.8445,13.2095,-66.30,831242025524,831337890231,71852861474,71948707840,30.8,34.1,32.3,35.6
65773,1221,42.8632,13.2256,-66.76,834628697652,834724561905,75239502831,75335348736,30.8,34.1,32.3,35.6
65826,1222,42.8867,13.2458,-65.40,838015371828,838111236153,78626146226,78721992192,31.8,34.1,33.3,35.6
65879,1223,42.8787,13.2389,-64.74,841402043956,841497908346,82012787568,82108633600,30.8,34.1,32.3,35.6
65932,1224,42.8365,13.2026,-64.95,844788716084,844884580535,85399428898,85495275008,30.8,34.1,32.3,35.6
65985,1225,42.8726,13.2337,-65.02,848175388212,848271252737,88786070244,88881916416,31.8,34.1,33.3,35.6
66038,1226,42.8881,13.2470,-64.69,851562060340,851657924952,92172711574,92268557824,31.8,34.1,33.3,35.6
66091,1227,42.8599,13.2228,-64.35,854948732980,855044597670,95559353405,95655199744,31.8,35.1,33.3,36.6
66144,1228,42.8726,13.2337,-65.23,858335405108,858431269369,98945994732,99041840640,31.8,34.1,33.3,35.6
66197,1229,42.8928,13.2510,-64.95,861722077236,861817941603,102332636046,102428482048,31.8,34.1,33.3,35.6
66250,1230,42.8506,13.2147,-64.85,865108749364,865204613816,105719277351,105815123456,31.8,34.1,33.3,35.6
66303,1231,42.8599,13.2228,-64.24,868495421492,868591286046,109105918660,109201764864,31.8,34.1,33.3,35.6
66356,1232,42.8961,13.2539,-65.13,871882093620,871977958289,112492559966,112588406272,31.8,34.1,33.3,35.6
66409,1233,42.8506,13.2147,-64.89,875268766260,875364630517,115879201769,115975047680,31.8,34.1,33.3,35.6
66462,1234,42.8740,13.2349,-64.51,878655438388,878751302771,119265843061,119361689088,31.8,34.1,33.3,35.6
66515,1235,42.8552,13.2187,-64.37,882042110516,882137975014,122652484346,122748330496,31.8,34.1,33.3,35.6
66568,1236,42.8412,13.2066,-64.31,885428782644,885524647263,126039125627,126134971904,31.8,34.1,33.3,35.6
66621,1237,42.8693,13.2308,-64.64,888815454772,888911319527,129425766912,129521613312,31.8,34.1,33.3,35.6
66674,1238,42.8646,13.2268,-64.73,892202126900,892297991276,132812408185,132908254208,31.8,34.1,33.3,35.6
66727,1239,42.8599,13.2228,-64.42,895588799540,895684664051,136199049968,136294896128,30.8,34.1,32.3,35.6
66780,1240,42.8459,13.2107,-64.76,898975471668,899071336314,139585691234,139681537536,31.8,34.1,33.3,35.6
66833,1241,42.9102,13.2660,-66.78,902362143796,902458008087,142972332510,143068178432,31.8,34.1,33.3,35.6
66886,1242,42.8599,13.2228,-64.62,905748815924,905844680363,146358973751,146454819840,31.8,34.1,33.3,35.6
66939,1243,42.8599,13.2228,-64.60,909135488052,909231352639,149745615012,149841461248,31.8,35.1,33.3,36.6
66992,1244,42.8867,13.2458,-65.04,912522160180,912618024429,153132256254,153228102144,31.8,34.1,33.3,35.6
67045,1245,42.8914,13.2498,-66.43,915908832820,916004697222,156518898022,156614744064,31.8,34.1,33.3,35.6
67098,1246,42.8459,13.2107,-64.40,919295504948,919391369516,159905539248,160001385472,31.8,34.1,33.3,35.6
67151,1247,42.8834,13.2430,-64.87,922682177076,922778041826,163292180490,163388026880,31.8,34.1,33.3,35.6
67204,1248,42.9262,13.2798,-67.23,926068849204,926164713615,166678821733,166774667776,31.8,35.1,33.3,36.6
67257,1249,42.9102,13.2660,-65.38,929455521332,929551385929,170065462956,170161309184,31.8,34.1,33.3,35.6
67310,1250,42.8632,13.2256,-65.15,932842193972,932938058237,173452104675,173547950592,31.8,34.1,33.3,35.6
67363,1251,42.8646,13.2268,-64.95,936228866100,936324730556,176838745897,176934592000,31.8,35.1,33.3,36.6
67416,1252,42.8820,13.2418,-65.86,939615538228,939711402881,180225387111,180321233408,31.8,34.1,33.3,35.6
67469,1253,42.9195,13.2741,-65.17,943002210356,943098074701,183612028331,183707874304,30.8,34.1,32.3,35.6
67522,1254,42.8928,13.2510,-64.76,946388882484,946484747035,186998669525,187094515712,31.8,34.1,33.3,35.6
67575,1255,42.8552,13.2187,-64.58,949775555124,949871419371,190385311222,190481157120,31.8,34.1,33.3,35.6
67628,1256,42.8646,13.2268,-64.89,953162227252,953258091711,193771952422,193867798528,31.8,34.1,33.3,35.6
67681,1257,42.8881,13.2470,-64.67,956548899380,956644764062,197158593617,197254439936,31.8,34.1,33.3,35.6
67734,1258,42.8679,13.2297,-65.02,959935571508,960031435893,200545234798,200641080832,30.8,34.1,32.3,35.6
67787,1259,42.8787,13.2389,-64.51,963322244148,963418108762,203931876497,204027722752,31.8,34.1,33.3,35.6
67840,1260,42.9256,13.2793,-64.64,966708916276,966804780620,207318517683,207414363648,30.8,34.1,32.3,35.6
67893,1261,42.8599,13.2228,-64.07,970095588404,970191452977,210705158833,210801005056,31.8,34.1,33.3,35.6
67946,1262,42.9149,13.2700,-66.26,973482260532,973578124837,214091800018,214187645952,31.8,34.1,33.3,35.6
67999,1263,42.9069,13.2631,-64.17,976868932660,976964797209,217478441181,217574287360,31.8,34.1,33.3,35.6
68052,1264,42.9162,13.2712,-64.91,980255605300,980351469587,220865082856,220960928768,31.8,34.1,33.3,35.6
68105,1265,42.8928,13.2510,-64.97,983642277428,983738141959,224251724009,224347570176,31.8,34.1,33.3,35.6
68158,1266,42.9242,13.2781,-65.34,987028949556,987124813842,227638365160,227734211072,30.8,34.1,32.3,35.6
68211,1267,42.9149,13.2700,-65.19,990415621684,990511486231,231025006303,231120852480,31.8,34.1,33.3,35.6
68264,1268,42.9289,13.2821,-66.49,993802293812,993898158116,234411647448,234507493376,31.8,34.1,33.3,35.6
68317,1269,42.8398,13.2054,-65.17,997188966452,997284831012,237798289075,237894135296,30.8,34.1,32.3,35.6
68370,1270,42.8914,13.2498,-65.13,1000575638580,1000671502905,241184930228,241280776192,31.8,34.1,33.3,35.6
68423,1271,42.8834,13.2430,-64.44,1003962310708,1004058175316,244571571353,244667417600,31.8,34.1,33.3,35.6
68476,1272,42.8881,13.2470,-64.93,1007348982836,1007444847222,247958212472,248054058496,31.8,34.1,33.3,35.6
68529,1273,42.9102,13.2660,-66.35,1010735655476,1010831520149,251344854112,251440700416,31.8,34.1,33.3,35.6
68582,1274,42.8552,13.2187,-64.74,1014122327604,1014218192049,254731495216,254827341312,31.8,34.1,33.3,35.6
68635,1275,42.9115,13.2672,-64.58,1017508999732,1017604864490,258118136335,258213982720,30.8,34.1,32.3,35.6
68688,1276,42.9102,13.2660,-65.15,1020895671860,1020991536400,261504777444,261600623616,31.8,34.1,33.3,35.6
68741,1277,42.8773,13.2377,-66.93,1024282344500,1024378208827,264891419052,264987265024,31.8,34.1,33.3,35.6
68794,1278,42.8646,13.2268,-64.97,1027669016628,1027764881268,268278060145,268373906432,31.8,34.1,33.3,35.6
68847,1279,42.8787,13.2389,-64.33,1031055688756,1031151553202,271664701240,271760547328,31.8,34.1,33.3,35.6
68900,1280,42.8867,13.2458,-65.00,1034442360884,1034538225136,275051342330,275147188224,31.8,34.1,33.3,35.6
68953,1281,42.8365,13.2026,-64.40,1037829033524,1037924898091,278437983917,278533830144,31.8,34.1,33.3,35.6
69006,1282,42.8740,13.2349,-64.95,1041215705652,1041311570038,281824625010,281920471040,31.8,34.1,33.3,35.6
69059,1283,42.8740,13.2349,-64.84,1044602377780,1044698242500,285211266085,285307112448,31.8,34.1,33.3,35.6
69112,1284,42.9242,13.2781,-66.95,1047989049908,1048084914455,288597907172,288693753344,31.8,34.1,33.3,35.6
69165,1285,42.8975,13.2551,-64.19,1051375722548,1051471586930,291984548736,292080394752,31.8,34.1,33.3,35.6
69218,1286,42.8820,13.2418,-65.17,1054762394676,1054858259392,295371189800,295467036160,31.8,34.1,33.3,35.6
69271,1287,42.8646,13.2268,-64.74,1058149066804,1058244931361,298757830852,298853677056,31.8,34.1,33.3,35.6
69324,1288,42.8820,13.2418,-65.28,1061535738932,1061631603329,302144471912,302240317952,31.8,34.1,33.3,35.6
69377,1289,42.8914,13.2498,-65.82,1064922411572,1065018276332,305531113473,305626959872,31.8,34.1,33.3,35.6
69430,1290,42.8881,13.2470,-64.74,1068309083700,1068404948305,308917754526,309013600768,30.8,34.1,32.3,35.6
69483,1291,42.8928,13.2510,-64.84,1071695755828,1071791620292,312304395565,312400241664,31.8,34.1,33.3,35.6
69536,1292,42.9008,13.2579,-65.19,1075082427956,1075178292287,315691036594,315786882560,30.8,34.1,32.3,35.6
69589,1293,42.8726,13.2337,-66.02,1078469100596,1078564965290,319077678139,319173524480,31.8,34.1,33.3,35.6
69642,1294,42.8928,13.2510,-64.17,1081855772724,1081951637293,322464319171,322560165376,31.8,34.1,33.3,35.6
69695,1295,42.9022,13.2591,-64.73,1085242444852,1085338309296,325850960197,325946806272,31.8,34.1,33.3,35.6
69748,1296,42.8975,13.2551,-64.47,1088629117492,1088724981819,329237601720,329333447680,31.8,34.1,33.3,35.6
69801,1297,42.8834,13.2430,-64.71,1092015789620,1092111654323,332624242745,332720089088,31.8,34.1,33.3,35.6
69854,1298,42.8820,13.2418,-65.34,1095402461748,1095498326340,336010883749,336106729984,31.8,34.1,33.3,35.6
69907,1299,42.9115,13.2672,-64.80,1098789133876,1098884998365,339397524763,339493370880,31.8,35.1,33.3,36.6
69960,1300,42.8740,13.2349,-64.82,2664178740,2760043119,342784166266,342880012288,31.8,34.1,33.3,35.6
70013,1301,42.9102,13.2660,-65.59,6050850868,6146715147,346170807273,346266653184,31.8,34.1,33.3,35.6
70066,1302,42.9022,13.2591,-64.47,9437522996,9533387693,349557448263,349653294592,31.8,34.1,33.3,35.6
70119,1303,42.8975,13.2551,-64.95,12824195636,12920060230,352944089772,353039936000,31.8,34.1,33.3,35.6
70172,1304,42.8726,13.2337,-65.65,16210867764,16306732270,356330730743,356426576896,30.8,34.1,32.3,35.6
70225,1305,42.9162,13.2712,-64.80,19597539892,19693404322,359717371737,359813217792,30.8,34.1,32.3,35.6
70278,1306,42.9289,13.2821,-65.32,22984212020,23080076371,363104012713,363199858688,31.8,34.1,33.3,35.6
70331,1307,42.8881,13.2470,-64.87,26370884660,26466748926,366490654193,366586500096,31.8,34.1,33.3,35.6
70384,1308,42.8646,13.2268,-64.58,29757556788,29853421492,369877295153,369973141504,31.8,35.1,33.3,36.6
70437,1309,42.8740,13.2349,-64.49,33144228916,33240093553,373263936120,373359782400,31.8,34.1,33.3,35.6
70490,1310,42.8834,13.2430,-64.53,36530901556,36626766128,376650577596,376746423808,30.8,35.1,32.3,36.6
70543,1311,42.8552,13.2187,-64.95,39917573684,40013438193,380037218544,380133064704,31.8,34.1,33.3,35.6
70596,1312,42.8679,13.2297,-66.16,43304245812,43400110260,383423859503,383519705600,30.8,34.1,32.3,35.6
70649,1313,42.9008,13.2579,-65.08,46690917940,46786782341,386810500460,386906346496,31.8,34.1,33.3,35.6
70702,1314,42.9491,13.2995,-64.82,50077590580,50173454944,390197141928,390292987904,31.8,34.1,33.3,35.6
70755,1315,42.9115,13.2672,-64.71,53464262708,53560127027,393583782854,393679628800,31.8,34.1,33.3,35.6
70808,1316,42.9102,13.2660,-65.11,56850934836,56946799109,396970423792,397066269696,31.8,34.1,33.3,35.6
70861,1317,42.9162,13.2712,-64.55,60237607476,60333472227,400357065239,400452911616,31.8,34.1,33.3,35.6
70914,1318,42.8867,13.2458,-65.42,63624279604,63720144311,403743706163,403839552512,31.8,34.1,33.3,35.6
70967,1319,42.8881,13.2470,-64.31,67010951732,67106816423,407130347080,407226193408,31.8,34.1,33.3,35.6
71020,1320,42.9022,13.2591,-64.97,70397624372,70493489041,410516988515,410612834816,31.8,34.1,33.3,35.6
71073,1321,42.8539,13.2175,-65.13,73784296500,73880161133,413903629423,413999475712,31.8,34.1,33.3,35.6
71126,1322,42.8693,13.2308,-64.49,77170968628,77266833260,417290270331,417386116608,31.8,34.1,33.3,35.6
71179,1323,42.8834,13.2430,-64.82,80557641268,80653505885,420676911759,420772758016,31.8,34.1,33.3,35.6
71232,1324,42.8928,13.2510,-64.89,83944313396,84040178016,424063552657,424159398912,31.8,34.1,33.3,35.6
71285,1325,42.9209,13.2753,-64.80,87330985524,87426850141,427450193567,427546039808,31.8,34.1,33.3,35.6
71338,1326,42.9336,13.2862,-65.32,90717658164,90813522784,430836834975,430932681216,31.8,34.1,33.3,35.6
71391,1327,42.9069,13.2631,-64.51,94104330292,94200194914,434223475861,434319322112,31.8,34.1,33.3,35.6
71444,1328,42.8914,13.2498,-65.00,97491002420,97586867052,437610116737,437705963008,31.8,34.1,33.3,35.6
71497,1329,42.8820,13.2418,-65.04,100877675060,100973539700,440996758133,441092604416,31.8,34.1,33.3,35.6
71550,1330,42.9055,13.2620,-65.00,104264347188,104360211850,444383399016,444479245312,31.8,34.1,33.3,35.6
71603,1331,42.9069,13.2631,-64.33,107651019316,107746883999,447770039895,447865886208,31.8,34.1,33.3,35.6
71656,1332,42.8773,13.2377,-65.00,111037691956,111133556662,451156681265,451252527616,31.8,34.1,33.3,35.6
71709,1333,42.9350,13.2874,-64.56,114424364084,114520228837,454543322142,454639168512,31.8,34.1,33.3,35.6
71762,1334,42.9149,13.2700,-65.63,117811036212,117906900485,457929962993,458025808896,31.8,34.1,33.3,35.6
71815,1335,42.8881,13.2470,-64.42,121197708852,121293573162,461316604357,461412450304,31.8,34.1,33.3,35.6
71868,1336,42.9209,13.2753,-64.74,124584380980,124680245343,464703245214,464799091200,31.8,34.1,33.3,35.6
71921,1337,42.8961,13.2539,-66.84,127971053108,128066917508,468089886059,468185732096,31.8,34.1,33.3,35.6
71974,1338,42.8693,13.2308,-64.97,131357725748,131453590200,471476527407,471572373504,31.8,34.1,33.3,35.6
72027,1339,42.8552,13.2187,-64.40,134744397876,134840262383,474863168242,474959014400,31.8,34.1,33.3,35.6
72080,1340,42.8726,13.2337,-66.16,138131070004,138226934570,478249809083,478345655296,31.8,34.1,33.3,35.6
72133,1341,42.8881,13.2470,-64.35,141517742644,141613607283,481636450427,481732296704,31.8,34.1,33.3,35.6
72186,1342,42.8820,13.2418,-65.96,144904414772,145000279473,485023091256,485118937600,31.8,34.1,33.3,35.6
72239,1343,42.9102,13.2660,-65.96,148291086900,148386951172,488409732080,488505577984,31.8,34.1,33.3,35.6
72292,1344,42.9055,13.2620,-66.99,151677759540,151773623887,491796373412,491892219392,30.8,34.1,32.3,35.6
72345,1345,42.9115,13.2672,-64.33,155064431668,155160296105,495183014224,495278860288,31.8,34.1,33.3,35.6
72398,1346,42.8914,13.2498,-65.47,158451103796,158546968313,498569655028,498665501184,31.8,34.1,33.3,35.6
72451,1347,42.9162,13.2712,-64.73,161837776436,161933641049,501956296354,502052142592,31.8,34.1,33.3,35.6
72504,1348,42.8599,13.2228,-64.56,165224448564,165320313264,505342937138,505438783488,31.8,34.1,33.3,35.6
72557,1349,42.9383,13.2902,-65.57,168611121204,168706985501,508729578468,508825424384,31.8,34.1,33.3,35.6
72610,1350,42.8914,13.2498,-65.36,171997793332,172093657723,512116219249,512212065280,31.8,34.1,33.3,35.6
72663,1351,42.9069,13.2631,-64.55,175384465460,175480329969,515502860037,515598706176,31.8,34.1,33.3,35.6
72716,1352,42.9242,13.2781,-65.82,178771138100,178867002718,518889501341,518985347584,31.8,34.1,33.3,35.6
72769,1353,42.9350,13.2874,-64.78,182157810228,182253674968,522276142122,522371988480,31.8,34.1,33.3,35.6
72822,1354,42.8961,13.2539,-66.76,185544482356,185640346698,525662782884,525758628864,31.8,34.1,33.3,35.6
72875,1355,42.8914,13.2498,-66.47,188931154996,189027019463,529049424166,529145270272,31.8,34.1,33.3,35.6
72928,1356,42.9008,13.2579,-66.51,192317827124,192413691724,532436064932,532531911168,30.8,34.1,32.3,35.6
72981,1357,42.9336,13.2862,-65.02,195704499764,195800364503,535822706216,535918552576,31.8,34.1,33.3,35.6
73034,1358,42.9477,13.2983,-65.13,199091171892,199187036261,539209346976,539305192960,31.8,34.1,33.3,35.6
73087,1359,42.9022,13.2591,-64.28,202477844020,202573708523,542595987722,542691833856,30.8,34.1,32.3,35.6
73140,1360,42.8820,13.2418,-66.24,205864516660,205960381305,545982628976,546078475264,31.8,34.1,33.3,35.6
73193,1361,42.9397,13.2914,-64.95,209251188788,209347053089,549369269731,549465115648,30.8,34.1,32.3,35.6
73246,1362,42.8975,13.2551,-64.51,212637860916,212733725366,552755910461,552851756544,31.8,34.1,33.3,35.6
73299,1363,42.9115,13.2672,-64.69,216024533556,216120398165,556142551716,556238397952,31.8,34.1,33.3,35.6
73352,1364,42.8881,13.2470,-64.93,219411205684,219507069943,559529192439,559625038336,31.8,34.1,33.3,35.6
73405,1365,42.9350,13.2874,-64.82,222797878324,222893742757,562915833694,563011679744,31.8,34.1,33.3,35.6
73458,1366,42.8881,13.2470,-64.74,226184550452,226280415044,566302474410,566398320640,31.8,34.1,33.3,35.6
73511,1367,42.9055,13.2620,-65.15,229571222580,229667086840,569689115131,569784961024,31.8,34.1,33.3,35.6
73564,1368,42.9022,13.2591,-64.67,232957895220,233053759667,573075756353,573171602432,31.8,34.1,33.3,35.6
73617,1369,42.9069,13.2631,-64.28,236344567348,236440431980,576462397067,576558243328,31.8,34.1,33.3,35.6
73670,1370,42.9538,13.3035,-64.49,239731239988,239827104307,579849038295,579944884224,31.8,34.1,33.3,35.6
73723,1371,42.9242,13.2781,-65.10,243117912116,243213776621,583235678989,583331525120,31.8,34.1,33.3,35.6
73776,1372,42.9115,13.2672,-64.47,246504584244,246600448945,586622319688,586718166016,31.8,34.1,33.3,35.6
73829,1373,42.8787,13.2389,-64.71,249891256884,249987121268,590008960886,590104806912,30.8,34.1,32.3,35.6
73882,1374,42.9102,13.2660,-65.77,253277929012,253373793604,593395601584,593491447808,31.8,34.1,33.3,35.6
73935,1375,42.9430,13.2943,-65.11,256664601652,256760465950,596782242789,596878088704,31.8,34.1,33.3,35.6
73988,1376,42.8928,13.2510,-64.46,260051273780,260147138288,600168883457,600264729600,31.8,34.1,33.3,35.6
74041,1377,42.9102,13.2660,-65.17,263437946420,263533811141,603555524655,603651371008,31.8,34.1,33.3,35.6
74094,1378,42.9336,13.2862,-65.06,266824618548,266920482992,606942165326,607038011392,30.8,34.1,32.3,35.6
74147,1379,42.8834,13.2430,-64.85,270211290676,270307155335,610328805990,610424652288,31.8,34.1,33.3,35.6
74200,1380,42.9022,13.2591,-64.47,273597963316,273693827703,613715447166,613811293184,31.8,34.1,33.3,35.6
74253,1381,42.9209,13.2753,-64.64,276984635444,277080500064,617102087837,617197934080,31.8,34.1,33.3,35.6
74306,1382,42.9149,13.2700,-65.55,280371308084,280467172429,620488729001,620584574976,30.8,34.1,32.3,35.6
74359,1383,42.8599,13.2228,-64.98,283757980212,283853844789,623875369646,623971215872,31.8,34.1,33.3,35.6
74412,1384,42.8881,13.2470,-64.62,287144652340,287240516661,627262010298,627357856256,31.8,34.1,33.3,35.6
74465,1385,42.8975,13.2551,-64.44,290531324980,290627189554,630648651456,630744497664,31.8,34.1,33.3,35.6
74518,1386,42.9303,13.2833,-64.47,293917997108,294013861431,634035292105,634131138048,31.8,34.1,33.3,35.6
74571,1387,42.8914,13.2498,-66.12,297304669748,297400534325,637421933239,637517779456,31.8,34.1,33.3,35.6
74624,1388,42.9008,13.2579,-65.17,300691341876,300787206209,640808573872,640904419840,31.8,34.1,33.3,35.6
74677,1389,42.9195,13.2741,-65.04,304078014516,304173879118,644195215018,644291061248,31.8,34.1,33.3,35.6
74730,1390,42.9524,13.3023,-66.76,307464686644,307560551014,647581855649,647677701632,31.8,34.1,33.3,35.6
74783,1391,42.8928,13.2510,-64.67,310851359284,310947223922,650968496767,651064343040,31.8,34.1,33.3,35.6
74836,1392,42.9008,13.2579,-65.17,314238031412,314333895816,654355137385,654450983424,31.8,34.1,33.3,35.6
74889,1393,42.9444,13.2954,-64.44,317624703540,317720568235,657741778012,657837624320,31.8,34.1,33.3,35.6
74942,1394,42.9289,13.2821,-65.13,321011376180,321107240653,661128419119,661224265216,31.8,34.1,33.3,35.6
74995,1395,42.9430,13.2943,-65.86,324398048308,324493913072,664515059730,664610906112,31.8,34.1,33.3,35.6
75048,1396,42.9102,13.2660,-65.86,327784720948,327880585497,667901700828,667997547008,31.8,34.1,33.3,35.6
75101,1397,42.9242,13.2781,-65.19,331171393076,331267257414,671288341428,671384187392,31.8,34.1,33.3,35.6
75154,1398,42.8740,13.2349,-64.47,334558065716,334653930354,674674982518,674770828800,31.8,34.1,33.3,35.6
75207,1399,42.9303,13.2833,-64.64,337944737844,338040602290,678061623118,678157469184,31.8,34.1,33.3,35.6
75260,1400,42.9491,13.2995,-64.65,341331410484,341427275251,681448264214,681544110592,31.8,34.1,33.3,35.6
75313,1401,42.9444,13.2954,-64.40,344718082612,344813947181,684834904793,684930750976,31.8,34.1,33.3,35.6
75366,1402,42.9350,13.2874,-64.65,348104754740,348200619120,688221545362,688317391360,31.8,34.1,33.3,35.6
75419,1403,42.9242,13.2781,-65.27,351491427380,351587292088,691608186434,691704032768,31.8,34.1,33.3,35.6
75472,1404,42.8820,13.2418,-65.55,354878099508,354973964024,694994826993,695090673152,30.8,34.1,32.3,35.6
75525,1405,42.9383,13.2902,-65.30,358264772148,358360636502,698381468075,698477314048,30.8,34.1,32.3,35.6
75578,1406,42.9397,13.2914,-64.78,361651444276,361747308966,701768108639,701863954944,31.8,34.1,33.3,35.6
75631,1407,42.9022,13.2591,-64.82,365038116916,365133981437,705154749687,705250595840,31.8,34.1,33.3,35.6
75684,1408,42.9303,13.2833,-64.78,368424789044,368520653408,708541390241,708637236224,31.8,34.1,33.3,35.6
75737,1409,42.8881,13.2470,-64.62,371811461684,371907326388,711928031291,712023877632,31.8,34.1,33.3,35.6
75790,1410,42.9491,13.2995,-64.58,375198133812,375293998375,715314671842,715410518016,31.8,34.1,33.3,35.6
75843,1411,42.9008,13.2579,-66.82,378584806452,378680670852,718701312876,718797158912,31.8,34.1,33.3,35.6
75896,1412,42.9149,13.2700,-65.61,381971478580,382067343346,722087953413,722183799808,31.8,34.1,33.3,35.6
75949,1413,42.9430,13.2943,-65.00,385358151220,385454015847,725474594460,725570440704,31.8,34.1,33.3,35.6
76002,1414,42.9303,13.2833,-64.71,388744823348,388840687841,728861234975,728957081088,31.8,34.1,33.3,35.6
76055,1415,42.9383,13.2902,-65.19,392131495988,392227360345,732247876008,732343721984,31.8,35.1,33.3,36.6
76108,1416,42.9195,13.2741,-65.30,395518168116,395614032847,735634516521,735730362880,31.8,34.1,33.3,35.6
76161,1417,42.9008,13.2579,-65.11,398904840244,399000704846,739021157027,739117003264,30.8,34.1,32.3,35.6
76214,1418,42.9477,13.2983,-65.40,402291512884,402387377371,742407798057,742503644160,31.8,34.1,33.3,35.6
76267,1419,42.9772,13.3237,-64.74,405678185012,405774049389,745794438567,745890284544,31.8,34.1,33.3,35.6
76320,1420,42.9430,13.2943,-65.80,409064857652,409160722410,749181079576,749276925952,31.8,34.1,33.3,35.6
76373,1421,42.9102,13.2660,-65.21,412451529780,412547394429,752567720055,752663566336,31.8,34.1,33.3,35.6
76426,1422,42.9397,13.2914,-64.64,415838202420,415934066973,755954361063,756050207232,31.8,34.1,33.3,35.6
76479,1423,42.9491,13.2995,-64.47,419224874548,419320738991,759341001561,759436847616,30.8,34.1,32.3,35.6
76532,1424,42.9289,13.2821,-65.13,422611547188,422707411530,762727642546,762823488512,31.8,34.1,33.3,35.6
76585,1425,42.9524,13.3023,-66.00,425998219316,426094084076,766114283035,766210129408,31.8,34.1,33.3,35.6
76638,1426,42.9102,13.2660,-65.19,429384891956,429480756630,769500923999,769596770304,30.8,34.1,32.3,35.6
76691,1427,42.8928,13.2510,-64.74,432771564084,432867428656,772887564481,772983410688,31.8,35.1,33.3,36.6
76744,1428,42.9632,13.3116,-64.58,436158236724,436254101230,776274205472,776370051584,31.8,34.1,33.3,35.6
76797,1429,42.9350,13.2874,-64.78,439544908852,439640773279,779660845923,779756691968,31.8,34.1,33.3,35.6
76850,1430,42.9336,13.2862,-65.10,442931581492,443027445843,783047486892,783143332864,31.8,34.1,33.3,35.6
76903,1431,42.9149,13.2700,-66.72,446318253620,446414117892,786434127347,786529973248,31.8,34.1,33.3,35.6
76956,1432,42.9289,13.2821,-65.06,449704926260,449800790978,789820768315,789916614656,31.8,34.1,33.3,35.6
77009,1433,42.9102,13.2660,-65.27,453091598388,453187463040,793207408756,793303255040,31.8,34.1,33.3,35.6
77062,1434,42.9055,13.2620,-65.11,456478271028,456574135620,796594049710,796689895936,31.8,34.1,33.3,35.6
77115,1435,42.9162,13.2712,-64.97,459864943156,459960807701,799980690149,800076536320,31.8,34.1,33.3,35.6
77168,1436,42.9571,13.3064,-65.02,463251615796,463347480295,803367331106,803463177216,31.8,34.1,33.3,35.6
77221,1437,42.9289,13.2821,-66.55,466638288436,466734152875,806753972049,806849818112,31.8,34.1,33.3,35.6
77274,1438,42.9430,13.2943,-65.15,470024960564,470120824965,810140612477,810236458496,31.8,34.1,33.3,35.6
77327,1439,42.9491,13.2995,-64.78,473411633204,473507497572,813527253413,813623099392,31.8,34.1,33.3,35.6
77380,1440,42.9102,13.2660,-65.30,476798305332,476894169654,816913893823,817009739776,31.8,34.1,33.3,35.6
77433,1441,42.9524,13.3023,-66.91,480184977972,480280842269,820300534761,820396380672,31.8,34.1,33.3,35.6
77486,1442,42.9102,13.2660,-65.11,483571650100,483667514362,823687175163,823783021056,31.8,34.1,33.3,35.6
77539,1443,42.9852,13.3306,-66.08,486958322740,487054187506,827073816099,827169662464,31.8,34.1,33.3,35.6
77592,1444,42.9590,13.3080,-67.27,490344994868,490440859606,830460456492,830556302848,31.8,34.1,33.3,35.6
77645,1445,42.9008,13.2579,-65.21,493731667508,493827532222,833847097395,833942943744,31.8,34.1,33.3,35.6
77698,1446,42.9303,13.2833,-64.85,497118339636,497214204342,837233737802,837329584128,31.8,34.1,33.3,35.6
77751,1447,42.9256,13.2793,-64.64,500505012276,500600876970,840620378708,840716225024,31.8,34.1,33.3,35.6
77804,1448,42.9350,13.2874,-64.51,503891684404,503987549099,844007019096,844102865408,31.8,34.1,33.3,35.6
77857,1449,42.9678,13.3156,-64.53,507278357044,507374221745,847393659999,847489506304,31.8,34.1,33.3,35.6
77910,1450,42.9524,13.3023,-65.27,510665029172,510760893873,850780300373,850876146688,31.8,34.1,33.3,35.6
77963,1451,42.9209,13.2753,-64.71,514051701812,514147566520,854166941253,854262787584,31.8,34.1,33.3,35.6
78016,1452,42.9149,13.2700,-65.61,517438373940,517534238655,857553581623,857649427968,31.8,34.1,33.3,35.6
78069,1453,42.9430,13.2943,-65.36,520825046580,520920911320,860940222507,861036068864,31.8,34.1,33.3,35.6
78122,1454,42.9538,13.3035,-64.98,524211719220,524307583977,864326863393,864422709760,31.8,34.1,33.3,35.6
78175,1455,42.9336,13.2862,-65.08,527598391348,527694256119,867713503752,867809350144,31.8,34.1,33.3,35.6
78228,1456,42.9805,13.3266,-65.02,530985063988,531080928287,871100144628,871195990528,31.8,34.1,33.3,35.6
78281,1457,42.9242,13.2781,-66.35,534371736116,534467600431,874486784971,874582630912,31.8,35.1,33.3,36.6
78334,1458,42.9524,13.3023,-66.68,537758408756,537854273117,877873425833,877969271808,31.8,34.1,33.3,35.6
78387,1459,42.9008,13.2579,-65.77,541145080884,541240945272,881260066169,881355912192,31.8,34.1,33.3,35.6
78440,1460,42.9946,13.3387,-65.57,544531753524,544627617974,884646707042,884742553088,31.8,34.1,33.3,35.6
78493,1461,42.9383,13.2902,-65.88,547918425652,548014290141,888033347364,888129193472,30.8,35.1,32.3,36.6
78546,1462,42.9115,13.2672,-64.93,551305098292,551400962821,891419988211,891515834368,31.8,34.1,33.3,35.6
78599,1463,42.9055,13.2620,-65.08,554691770420,554787635000,894806628538,894902474752,31.8,34.1,33.3,35.6
78652,1464,42.9069,13.2631,-64.74,558078443060,558174307697,898193269381,898289115648,31.8,34.1,33.3,35.6
78705,1465,42.9256,13.2793,-64.76,561465115700,561560980401,901579910222,901675756544,31.8,34.1,33.3,35.6
78758,1466,42.9242,13.2781,-66.39,564851787828,564947652600,904966550531,905062396928,31.8,34.1,33.3,35.6
78811,1467,42.9262,13.2798,-67.01,568238460468,568334324792,908353191356,908449037312,31.8,34.1,33.3,35.6
78864,1468,42.9383,13.2902,-65.51,571625132596,571720996996,911739831676,911835677696,31.8,34.1,33.3,35.6
78917,1469,42.9242,13.2781,-65.00,575011805236,575107669719,915126472484,915222318592,31.8,34.1,33.3,35.6
78970,1470,42.9491,13.2995,-64.49,578398477364,578494341924,918513112804,918608958976,31.8,34.1,33.3,35.6
79023,1471,42.9149,13.2700,-65.92,581785150004,581881014640,921899753606,921995599872,31.8,34.1,33.3,35.6
79076,1472,42.9336,13.2862,-65.34,585171822644,585267687383,925286394408,925382240768,31.8,34.1,33.3,35.6
79129,1473,42.9725,13.3197,-64.73,588558494772,588654359091,928673034719,928768880640,31.8,34.1,33.3,35.6
79182,1474,42.9477,13.2983,-65.17,591945167412,592041031827,932059675505,932155521536,31.8,34.1,33.3,35.6
79235,1475,42.9618,13.3104,-66.24,595331839540,595427704048,935446315803,935542161920,31.8,34.1,33.3,35.6
79288,1476,42.9430,13.2943,-65.82,598718512180,598814376798,938832956580,938928802816,31.8,34.1,33.3,35.6
79341,1477,42.9336,13.2862,-65.57,602105184308,602201049029,942219596858,942315443200,31.8,34.1,33.3,35.6
79394,1478,42.9678,13.3156,-64.89,605491856948,605587721273,945606237655,945702083584,31.8,34.1,33.3,35.6
79447,1479,42.9772,13.3237,-64.58,608878529588,608974394030,948992878438,949088724480,31.8,34.1,33.3,35.6
79500,1480,42.9444,13.2954,-64.40,612265201716,612361066272,952379518694,952475364864,31.8,34.1,33.3,35.6
79553,1481,42.9491,13.2995,-64.91,615651874356,615747739044,955766159460,955862005760,31.8,34.1,33.3,35.6
79606,1482,42.9618,13.3104,-65.21,619038546484,619134410783,959152799723,959248645632,31.8,34.1,33.3,35.6
79659,1483,42.9444,13.2954,-64.85,622425219124,622521083550,962539440488,962635286528,31.8,35.1,33.3,36.6
79712,1484,42.9397,13.2914,-64.47,625811891764,625907756321,965926081251,966021927424,31.8,34.1,33.3,35.6
79765,1485,42.9538,13.3035,-64.35,629198563892,629294428586,969312721504,969408567808,31.8,34.1,33.3,35.6
79818,1486,42.9524,13.3023,-65.06,632585236532,632681100855,972699362255,972795208192,31.8,34.1,33.3,35.6
79871,1487,42.9402,13.2919,-67.12,635971908660,636067773122,976086002489,976181848576,31.8,34.1,33.3,35.6
79924,1488,42.9491,13.2995,-64.46,639358581300,639454445919,979472643242,979568489472,31.8,34.1,33.3,35.6
79977,1489,42.9585,13.3076,-64.64,642745253428,642841118199,982859283478,982955129856,31.8,34.1,33.3,35.6
80030,1490,42.9524,13.3023,-65.69,646131926068,646227790489,986245924205,986341770240,31.8,34.1,33.3,35.6
80083,1491,42.9209,13.2753,-64.55,649518598708,649614463274,989632564946,989728411136,31.8,35.1,33.3,36.6
80136,1492,42.9402,13.2919,-67.01,652905270836,653001135576,993019205154,993115051520,31.8,34.1,33.3,35.6
80189,1493,42.9289,13.2821,-65.49,656291943476,656387807865,996405845892,996501691904,31.8,34.1,33.3,35.6
80242,1494,42.9665,13.3144,-66.14,659678615604,659774480169,999792486115,999888332288,31.8,34.1,33.3,35.6
80295,1495,42.9632,13.3116,-64.85,663065288244,663161152991,1003179126831,1003274973184,31.8,34.1,33.3,35.6
80348,1496,42.9402,13.2919,-67.18,666451960884,666547825288,1006565767538,1006661613568,31.8,34.1,33.3,35.6
80401,1497,42.9055,13.2620,-65.53,669838633012,669934497595,1009952407736,1010048253952,31.8,34.1,33.3,35.6
80454,1498,42.9383,13.2902,-65.38,673225305652,673321170430,1013339048451,1013434894848,31.8,34.1,33.3,35.6
80507,1499,42.9524,13.3023,-65.67,676611978292,676707842749,1016725689162,1016821535232,31.8,34.1,33.3,35.6
80560,1500,42.9350,13.2874,-64.93,679998650420,680094515067,1020112329351,1020208175616,31.8,34.1,33.3,35.6
80613,1501,42.9242,13.2781,-65.15,683385323060,683481187387,1023498970047,1023594816000,31.8,34.1,33.3,35.6
80666,1502,42.9069,13.2631,-64.95,686771995188,686867859716,1026885610227,1026981456384,31.8,34.1,33.3,35.6
80719,1503,42.9632,13.3116,-64.87,690158667828,690254532579,1030272250924,1030368097280,31.8,34.1,33.3,35.6
80772,1504,42.9899,13.3346,-65.88,693545340468,693641204917,1033658891618,1033754737664,31.8,34.1,33.3,35.6
80825,1505,42.9336,13.2862,-66.35,696932012596,697027877239,1037045531784,1037141378048,31.8,34.1,33.3,35.6
80878,1506,42.9524,13.3023,-65.10,700318685236,700414549592,1040432172462,1040528018432,31.8,34.1,33.3,35.6
80931,1507,42.9538,13.3035,-64.35,703705357364,703801221934,1043818812637,1043914658816,30.8,34.1,32.3,35.6
80984,1508,42.9149,13.2700,-65.88,707092030004,707187894282,1047205453292,1047301299200,31.8,34.1,33.3,35.6
81037,1509,42.9585,13.3076,-64.28,710478702644,710574567151,1050592093982,1050687940096,31.8,34.1,33.3,35.6
81090,1510,42.9618,13.3104,-65.27,713865374772,713961239512,1053978734131,1054074580480,31.8,34.1,33.3,35.6
81143,1511,42.9397,13.2914,-64.82,717252047412,717347911861,1057365374799,1057461220864,31.8,34.1,33.3,35.6
81196,1512,42.9524,13.3023,-66.35,720638720052,720734584745,1060752015454,1060847861760,31.8,34.1,33.3,35.6
81249,1513,42.9430,13.2943,-65.11,724025392180,724121256605,1064138655590,1064234501632,31.8,34.1,33.3,35.6
81302,1514,42.9336,13.2862,-65.25,727412064820,727507929489,1067525296238,1067621142528,31.8,34.1,33.3,35.6
81355,1515,42.9430,13.2943,-66.57,730798736948,730894601349,1070911936381,1071007782400,31.8,34.1,33.3,35.6
81408,1516,42.9571,13.3064,-65.06,734185409588,734281274246,1074298577026,1074394423296,31.8,34.1,33.3,35.6
81461,1517,42.9383,13.2902,-66.65,737572082228,737667946626,1077685217662,1077781063680,31.8,34.1,33.3,35.6
81514,1518,42.9069,13.2631,-64.89,740958754356,741054619010,1081071857781,1081167704064,31.8,34.1,33.3,35.6
81567,1519,42.9336,13.2862,-65.34,744345426996,744441291404,1084458498418,1084554344448,31.8,34.1,33.3,35.6
81620,1520,42.9538,13.3035,-64.46,747732099636,747827964316,1087845139055,1087940985344,31.8,34.1,33.3,35.6
81673,1521,42.9772,13.3237,-64.47,751118771764,751214636205,1091231779176,1091327625216,31.8,34.1,33.3,35.6
81726,1522,42.9678,13.3156,-64.56,754505444404,754601309111,1094618419801,1094714266112,31.8,34.1,33.3,35.6
81779,1523,42.9477,13.2983,-65.00,757892117044,757987981522,1098005060403,1098100906496,31.8,34.1,33.3,35.6
81832,1524,42.9819,13.3277,-64.49,761278789172,761374653932,1880072746,1975919104,31.8,34.1,33.3,35.6
81885,1525,42.9430,13.2943,-65.42,764665461812,764761326336,5266713346,5362559488,31.8,34.1,33.3,35.6
81938,1526,42.9852,13.3306,-65.06,768052134452,768147998761,8653353964,8749199872,31.8,34.1,33.3,35.6
81991,1527,42.9242,13.2781,-65.19,771438806580,771534671174,12039994036,12135840256,31.8,34.1,33.3,35.6
82044,1528,42.9725,13.3197,-64.67,774825479220,774921343605,15426634654,15522480640,31.8,34.1,33.3,35.6
82097,1529,42.9758,13.3225,-65.47,778212151348,778308016036,18813274733,18909121024,31.8,34.1,33.3,35.6
82150,1530,42.9402,13.2919,-67.34,781598823988,781694688449,22199915321,22295761408,31.8,34.1,33.3,35.6
82203,1531,42.9585,13.3076,-64.80,784985496628,785081361403,25586555922,25682402304,31.8,34.1,33.3,35.6
82256,1532,42.9491,13.2995,-64.73,788372168756,788468033321,28973195999,29069042176,31.8,34.1,33.3,35.6
82309,1533,42.9819,13.3277,-64.76,791758841396,791854705779,32359836580,32455682560,31.8,34.1,33.3,35.6
82362,1534,42.9538,13.3035,-64.55,795145514036,795241378732,35746477150,35842323456,31.8,34.1,33.3,35.6
82415,1535,42.9712,13.3185,-66.24,798532186164,798628050665,39133117221,39228963328,31.8,34.1,33.3,35.6
82468,1536,42.9946,13.3387,-65.28,801918858804,802014723126,42519757795,42615603712,31.8,34.1,33.3,35.6
82521,1537,42.9758,13.3225,-65.00,805305531444,805401396087,45906398361,46002244608,31.8,34.1,33.3,35.6
82574,1538,42.9449,13.2959,-67.18,808692203572,808788068022,49293038407,49388884480,31.8,34.1,33.3,35.6
82627,1539,42.9665,13.3144,-65.51,812078876212,812174740503,52679678965,52775524864,31.8,34.1,33.3,35.6
82680,1540,42.9758,13.3225,-65.44,815465548852,815561413477,56066319531,56162165760,31.8,34.1,33.3,35.6
82733,1541,42.9632,13.3116,-64.97,818852220980,818948085433,59452959574,59548805632,31.8,34.1,33.3,35.6
82786,1542,42.9712,13.3185,-65.15,822238893620,822334757916,62839600114,62935446016,31.8,34.1,33.3,35.6
82839,1543,42.9632,13.3116,-64.76,825625566260,825721430899,66226240667,66322086912,31.8,34.1,33.3,35.6
82892,1544,42.9477,13.2983,-65.32,829012238388,829108102877,69612880679,69708726784,31.8,34.1,33.3,35.6
82945,1545,42.9866,13.3318,-64.85,832398911028,832494775359,72999521242,73095367168,31.8,34.1,33.3,35.6
82998,1546,42.9444,13.2954,-64.67,835785583668,835881448356,76386161762,76482008064,31.8,34.1,33.3,35.6
83051,1547,42.9665,13.3144,-66.91,839172255796,839268120340,79772801785,79868647936,31.8,34.1,33.3,35.6
83104,1548,42.9430,13.2943,-66.04,842558928436,842654792832,83159442307,83255288320,31.8,34.1,33.3,35.6
83157,1549,43.0040,13.3467,-65.21,845945601076,846041465852,86546082848,86641929216,31.8,34.1,33.3,35.6
83210,1550,42.9538,13.3035,-64.73,849332273716,849428138350,89932723357,90028569600,31.8,34.1,33.3,35.6
83263,1551,42.9866,13.3318,-64.51,852718945844,852814810350,93319363370,93415209472,31.8,34.1,33.3,35.6
83316,1552,42.9866,13.3318,-64.53,856105618484,856201482865,96706003879,96801849856,31.8,34.1,33.3,35.6
83369,1553,42.9960,13.3399,-64.47,859492291124,859588155893,100092644392,100188490752,31.8,34.1,33.3,35.6
83422,1554,42.9538,13.3035,-64.69,862878963252,862974827891,103479284375,103575130624,31.8,34.1,33.3,35.6
83475,1555,42.9303,13.2833,-64.97,866265635892,866361500414,106865924867,106961771008,31.8,35.1,33.3,36.6
83528,1556,42.9712,13.3185,-66.68,869652308532,869748172948,110252565370,110348411392,31.8,34.1,33.3,35.6
83581,1557,42.9866,13.3318,-64.78,873038980660,873134844964,113639205364,113735051264,31.8,34.1,33.3,35.6
83634,1558,42.9678,13.3156,-64.82,876425653300,876521518001,117025845855,117121692160,31.8,34.1,33.3,35.6
83687,1559,42.9008,13.2579,-66.97,879812325940,879908190525,120412486324,120508332544,31.8,34.1,33.3,35.6
83740,1560,42.9538,13.3035,-64.91,883198998068,883294862571,123799126304,123894972416,31.8,34.1,33.3,35.6
83793,1561,42.9758,13.3225,-65.38,886585670708,886681535102,127185766803,127281612800,31.8,34.1,33.3,35.6
83846,1562,42.9852,13.3306,-65.08,889972343348,890068207661,130572407272,130668253184,31.8,34.1,33.3,35.6
83899,1563,42.9571,13.3064,-65.67,893359015476,893454880200,133959047232,134054893568,31.8,34.1,33.3,35.6
83952,1564,42.9678,13.3156,-64.69,896745688116,896841552755,137345687709,137441533952,31.8,34.1,33.3,35.6
84005,1565,42.9444,13.2954,-64.65,900132360756,900228225310,140732328169,140828174336,31.8,34.1,33.3,35.6
84058,1566,42.9665,13.3144,-65.53,903519033396,903614897875,144118968633,144214814720,31.8,34.1,33.3,35.6
84111,1567,42.9758,13.3225,-65.47,906905705524,907001569920,147505608592,147601454592,31.8,34.1,33.3,35.6
84164,1568,42.9852,13.3306,-65.02,910292378164,910388242482,150892249058,150988094976,31.8,34.1,33.3,35.6
84217,1569,42.9632,13.3116,-64.89,913679050804,913774915575,154278889496,154374735872,31.8,34.1,33.3,35.6
84270,1570,42.9852,13.3306,-66.39,917065722932,917161587632,157665529444,157761375744,31.8,34.1,33.3,35.6
84323,1571,42.9758,13.3225,-65.27,920452395572,920548260209,161052169887,161148016128,31.8,34.1,33.3,35.6
84376,1572,42.9524,13.3023,-66.04,923839068212,923934932784,164438810326,164534656512,31.8,34.1,33.3,35.6
84429,1573,42.9571,13.3064,-65.34,927225740340,927321604863,167825450249,167921296384,31.8,34.1,33.3,35.6
84482,1574,42.9571,13.3064,-66.95,930612412980,930708277457,171212090679,171307936768,31.8,34.1,33.3,35.6
84535,1575,42.9866,13.3318,-64.65,933999085620,934094950058,174598731119,174694577152,31.8,35.1,33.3,36.6
84588,1576,42.9772,13.3237,-64.60,937385758260,937481622645,177985371552,178081217536,31.8,34.1,33.3,35.6
84641,1577,42.9758,13.3225,-66.97,940772430388,940868294734,181372011458,181467857408,31.8,34.1,33.3,35.6
84694,1578,42.9632,13.3116,-64.73,944159103028,944254967337,184758651878,184854497792,31.8,34.1,33.3,35.6
84747,1579,42.9758,13.3225,-65.98,947545775668,947641640456,188145292296,188241138688,31.8,35.1,33.3,36.6
84800,1580,42.9866,13.3318,-64.46,950932447796,951028312558,191531932203,191627778560,31.8,34.1,33.3,35.6
84853,1581,42.9430,13.2943,-65.23,954319120436,954414985156,194918572607,195014418944,31.8,34.1,33.3,35.6
84906,1582,42.9758,13.3225,-65.92,957705793076,957801657776,198305213025,198401059328,31.8,34.1,33.3,35.6
84959,1583,42.9444,13.2954,-64.42,961092465716,961188330399,201691853415,201787699712,31.8,35.1,33.3,36.6
85012,1584,42.9209,13.2753,-64.89,964479137844,964575002508,205078493296,205174339584,31.8,34.1,33.3,35.6
85065,1585,42.9618,13.3104,-65.53,967865810484,967961675129,208465133713,208560979968,31.8,34.1,33.3,35.6
85118,1586,42.9993,13.3427,-65.34,971252483124,971348347763,211851774120,211947620352,31.8,34.1,33.3,35.6
85171,1587,42.9678,13.3156,-64.56,974639155764,974735020402,215238414495,215334260736,31.8,34.1,33.3,35.6
85224,1588,42.9725,13.3197,-64.47,978025827892,978121692522,218625054376,218720900608,31.8,34.1,33.3,35.6
85277,1589,42.9665,13.3144,-65.30,981412500532,981508365163,222011694754,222107540992,31.8,34.1,33.3,35.6
85330,1590,42.9491,13.2995,-64.31,984799173172,984895037802,225398335135,225494181376,31.8,34.1,33.3,35.6
85383,1591,42.9772,13.3237,-64.49,988185845300,988281709935,228784975013,228880821248,31.8,34.1,33.3,35.6
85436,1592,42.9430,13.2943,-65.11,991572517940,991668382584,232171615370,232267461632,31.8,34.1,33.3,35.6
85489,1593,42.9524,13.3023,-65.86,994959190580,995055055251,235558255731,235654102016,31.8,34.1,33.3,35.6
85542,1594,42.9571,13.3064,-65.11,998345863220,998441727907,238944896101,239040742400,31.8,34.1,33.3,35.6
85595,1595,42.9819,13.3277,-64.65,1001732535348,1001828400052,242331535970,242427382272,31.8,34.1,33.3,35.6
85648,1596,42.9758,13.3225,-65.15,1005119207988,1005215072718,245718176323,245814022656,31.8,34.1,33.3,35.6
85701,1597,42.9725,13.3197,-64.55,1008505880628,1008601745387,249104816679,249200663040,31.8,34.1,33.3,35.6
85754,1598,42.9758,13.3225,-65.30,1011892553268,1011988418051,252491457037,252587303424,31.8,34.1,33.3,35.6
85807,1599,42.9993,13.3427,-65.61,1015279225396,1015375089718,255878096869,255973942784,31.8,34.1,33.3,35.6
85860,1600,42.9712,13.3185,-65.21,1018665898036,1018761762387,259264737212,259360583168,31.8,34.1,33.3,35.6
85913,1601,42.9772,13.3237,-64.47,1022052570676,1022148435065,262651377563,262747223552,31.8,34.1,33.3,35.6
85966,1602,42.9913,13.3358,-64.73,1025439243316,1025535107759,266038017900,266133863936,31.8,34.1,33.3,35.6
86019,1603,42.9538,13.3035,-64.64,1028825915444,1028921779927,269424657716,269520503808,31.8,35.1,33.3,36.6
86072,1604,42.9618,13.3104,-65.25,1032212588084,1032308452618,272811298048,272907144192,31.8,34.1,33.3,35.6
86125,1605,42.9712,13.3185,-65.28,1035599260724,1035695125302,276197938393,276293784576,31.8,34.1,33.3,35.6
86178,1606,42.9899,13.3346,-66.41,1038985933364,1039081798009,279584578718,279680424960,31.8,35.1,33.3,36.6
86231,1607,42.9678,13.3156,-64.76,1042372605492,1042468470193,282971218527,283067064832,31.8,34.1,33.3,35.6
86284,1608,42.9772,13.3237,-64.71,1045759278132,1045855142904,286357858845,286453705216,31.8,34.1,33.3,35.6
86337,1609,42.9866,13.3318,-64.85,1049145950772,1049241815103,289744499161,289840345088,31.8,34.1,33.3,35.6
86390,1610,42.9712,13.3185,-66.86,1052532623412,1052628487820,293131139458,293226985472,31.8,34.1,33.3,35.6
86443,1611,42.9805,13.3266,-65.21,1055919295540,1056015160032,296517779251,296613625344,31.8,34.1,33.3,35.6
86496,1612,42.9632,13.3116,-64.55,1059305968180,1059401832745,299904419557,300000265728,31.8,34.1,33.3,35.6
86549,1613,42.9758,13.3225,-66.37,1062692640820,1062788505463,303291059866,303386906112,31.8,34.1,33.3,35.6
86602,1614,42.9571,13.3064,-66.93,1066079313460,1066175178192,306677700153,306773546496,31.8,34.1,33.3,35.6
86655,1615,42.9819,13.3277,-64.51,1069465985588,1069561849903,310064339944,310160185856,31.8,34.1,33.3,35.6
86708,1616,43.0134,13.3548,-65.11,1072852658228,1072948522637,313450980244,313546826240,31.8,34.1,33.3,35.6
86761,1617,42.9538,13.3035,-64.28,1076239330868,1076335195372,316837620511,316933466624,31.8,34.1,33.3,35.6
86814,1618,42.9637,13.3121,-67.01,1079626003508,1079721868097,320224260803,320320107008,31.8,34.1,33.3,35.6
86867,1619,42.9805,13.3266,-65.06,1083012675636,1083108540336,323610900578,323706746880,31.8,34.1,33.3,35.6
86920,1620,42.9866,13.3318,-64.80,1086399348276,1086495212587,326997540845,327093386752,31.8,35.1,33.3,36.6
86973,1621,42.9946,13.3387,-66.06,1089786020916,1089881885330,330384181126,330480027136,31.8,34.1,33.3,35.6
87026,1622,42.9491,13.2995,-64.71,1093172693556,1093268558068,333770821397,333866667520,31.8,34.1,33.3,35.6
87079,1623,42.9712,13.3185,-65.02,1096559366196,1096655230831,337157461663,337253307904,31.8,34.1,33.3,35.6
87132,1624,42.9913,13.3358,-64.47,434410548,530275317,340544101414,340639947776,31.8,34.1,33.3,35.6
87185,1625,42.9852,13.3306,-65.34,3821083188,3916947564,343930741673,344026587648,31.8,34.1,33.3,35.6
87238,1626,42.9772,13.3237,-64.49,7207755828,7303620334,347317381927,347413228032,31.8,34.1,33.3,35.6
87291,1627,42.9805,13.3266,-66.04,10594428468,10690293102,350704022180,350799868416,31.8,34.1,33.3,35.6
87344,1628,42.9866,13.3318,-64.49,13981100596,14076965369,354090661919,354186508288,31.8,34.1,33.3,35.6
87397,1629,42.9960,13.3399,-64.49,17367773236,17463637624,357477302181,357573148160,31.8,35.1,33.3,36.6
87450,1630,42.9712,13.3185,-66.84,20754445876,20850310398,360863942416,360959788544,31.8,34.1,33.3,35.6
87503,1631,42.9491,13.2995,-64.95,24141118516,24236983193,364250582640,364346428928,30.8,34.1,32.3,35.6
87556,1632,42.9913,13.3358,-64.87,27527791156,27623655473,367637222889,367733068800,31.8,34.1,33.3,35.6
87609,1633,42.9772,13.3237,-64.93,30914463284,31010327744,371023862612,371119708672,31.8,34.1,33.3,35.6
87662,1634,42.9538,13.3035,-64.62,34301135924,34397000543,374410502827,374506349056,31.8,34.1,33.3,35.6
87715,1635,43.0040,13.3467,-65.23,37687808564,37783673345,377797143068,377892989440,31.8,34.1,33.3,35.6
87768,1636,43.0040,13.3467,-66.53,41074481204,41170345638,381183783286,381279629312,31.8,34.1,33.3,35.6
87821,1637,42.9585,13.3076,-64.95,44461153844,44557018428,384570423504,384666269696,31.8,34.1,33.3,35.6
87874,1638,43.0054,13.3479,-64.76,47847825972,47943690741,387957063212,388052909568,31.8,34.1,33.3,35.6
87927,1639,42.9946,13.3387,-65.42,51234498612,51330363045,391343703411,391439549440,31.8,34.1,33.3,35.6
87980,1640,42.9618,13.3104,-65.06,54621171252,54717035842,394730343624,394826189824,31.8,34.1,33.3,35.6
88033,1641,43.0181,13.3589,-65.79,58007843892,58103708670,398116983844,398212830208,31.8,34.1,33.3,35.6
88086,1642,42.9866,13.3318,-64.78,61394516020,61490380469,401503623523,401599469568,31.8,34.1,33.3,35.6
88139,1643,42.9819,13.3277,-64.60,64781188660,64877053291,404890263723,404986109952,31.8,34.1,33.3,35.6
88192,1644,43.0054,13.3479,-64.49,68167861300,68263725626,408276903910,408372749824,31.8,34.1,33.3,35.6
88245,1645,42.9758,13.3225,-66.28,71554533940,71650398440,411663544105,411759390208,31.8,34.1,33.3,35.6
88298,1646,42.9819,13.3277,-64.58,74941206580,75037071278,415050184297,415146030592,31.8,34.1,33.3,35.6
88351,1647,43.0228,13.3629,-65.19,78327879220,78423743606,418436824494,418532670464,31.8,34.1,33.3,35.6
88404,1648,42.9758,13.3225,-65.13,81714551348,81810415927,421823464153,421919310336,31.8,34.1,33.3,35.6
88457,1649,42.9852,13.3306,-65.25,85101223988,85197088278,425210104318,425305950208,31.8,34.1,33.3,35.6
88510,1650,42.9725,13.3197,-64.85,88487896628,88583761122,428596744496,428692590592,31.8,34.1,33.3,35.6
88563,1651,43.0054,13.3479,-64.60,91874569268,91970433975,431983384682,432079230976,31.8,34.1,33.3,35.6
88616,1652,42.9946,13.3387,-65.00,95261241908,95357106326,435370024834,435465870848,31.8,34.1,33.3,35.6
88669,1653,42.9632,13.3116,-64.53,98647914036,98743778667,438756664484,438852510720,31.8,34.1,33.3,35.6
88722,1654,42.9946,13.3387,-65.08,102034586676,102130451017,442143304655,442239150592,31.8,34.1,33.3,35.6
88775,1655,42.9866,13.3318,-64.33,105421259316,105517123887,445529944809,445625790976,31.8,34.1,33.3,35.6
88828,1656,42.9946,13.3387,-65.08,108807931956,108903796252,448916584957,449012430848,31.8,34.1,33.3,35.6
88881,1657,42.9678,13.3156,-64.69,112194604596,112290469113,452303225111,452399071232,31.8,34.1,33.3,35.6
88934,1658,43.0228,13.3629,-65.42,115581276724,115677141493,455689864751,455785711104,31.8,34.1,33.3,35.6
88987,1659,42.9678,13.3156,-64.87,118967949364,119063813860,459076504876,459172350976,31.8,34.1,33.3,35.6
89040,1660,42.9899,13.3346,-65.15,122354622004,122450486734,462463145033,462558991360,31.8,34.1,33.3,35.6
89093,1661,42.9852,13.3306,-66.80,125741294644,125837159101,465849785176,465945631232,31.8,34.1,33.3,35.6
89146,1662,42.9913,13.3358,-64.69,129127967284,129223831996,469236425311,469332271616,31.8,34.1,33.3,35.6
89199,1663,42.9852,13.3306,-65.06,132514639924,132610504377,472623065435,472718911488,31.8,34.1,33.3,35.6
89252,1664,43.0054,13.3479,-64.58,135901312052,135997176764,476009705060,476105551360,31.8,34.1,33.3,35.6
89305,1665,42.9993,13.3427,-65.38,139287984692,139383849150,479396345180,479492191232,31.8,34.1,33.3,35.6
89358,1666,42.9712,13.3185,-65.02,142674657332,142770522054,482782985289,482878831616,31.8,34.1,33.3,35.6
89411,1667,42.9712,13.3185,-65.25,146061329972,146157194455,486169625399,486265471488,31.8,34.1,33.3,35.6
89464,1668,43.0007,13.3439,-64.73,149448002612,149543867369,489556265525,489652111872,30.8,34.1,32.3,35.6
89517,1669,42.9772,13.3237,-64.56,152834675252,152930539764,492942905632,493038751744,31.8,34.1,33.3,35.6
89570,1670,43.0040,13.3467,-65.34,156221347380,156317212174,496329545231,496425391616,31.8,34.1,33.3,35.6
89623,1671,42.9585,13.3076,-64.24,159608020020,159703884578,499716185322,499812031488,31.8,34.1,33.3,35.6
89676,1672,43.0101,13.3520,-64.67,162994692660,163090556989,503102825446,503198671360,31.8,34.1,33.3,35.6
89729,1673,42.9899,13.3346,-65.21,166381365300,166477229922,506489465524,506585311744,31.8,34.1,33.3,35.6
89782,1674,43.0007,13.3439,-64.53,169768037940,169863902331,509876105636,509971951616,31.8,34.1,33.3,35.6
89835,1675,42.9819,13.3277,-64.21,173154710580,173250575274,513262745709,513358592000,31.8,34.1,33.3,35.6
89888,1676,43.0228,13.3629,-65.10,176541382708,176637247183,516649385301,516745231360,31.8,34.1,33.3,35.6
89941,1677,43.0087,13.3508,-65.04,179928055348,180023920121,520036025382,520131871744,31.8,34.1,33.3,35.6
89994,1678,42.9585,13.3076,-64.47,183314727988,183410592552,523422665444,523518511616,31.8,34.1,33.3,35.6
90047,1679,43.0040,13.3467,-66.74,186701400628,186797264993,526809305531,526905151488,31.8,34.1,33.3,35.6
90100,1680,42.9805,13.3266,-66.97,190088073268,190183937933,530195945606,530291791872,31.8,34.1,33.3,35.6
90153,1681,43.0040,13.3467,-65.13,193474745908,193570610379,533582585682,533678431744,31.8,34.1,33.3,35.6
90206,1682,43.0134,13.3548,-65.00,196861418548,196957283330,536969225758,537065072128,31.8,34.1,33.3,35.6
90259,1683,42.9946,13.3387,-65.06,200248090676,200343955264,540355865304,540451711488,31.8,34.1,33.3,35.6
90312,1684,43.0087,13.3508,-65.46,203634763316,203730627719,543742505367,543838351360,31.8,34.1,33.3,35.6
90365,1685,42.9946,13.3387,-65.11,207021435956,207117300691,547129145414,547224991744,31.8,34.1,33.3,35.6
90418,1686,42.9491,13.2995,-64.69,210408108596,210503973148,550515785453,550611631616,31.8,34.1,33.3,35.6
90471,1687,42.9913,13.3358,-64.53,213794781236,213890645615,553902425515,553998271488,31.8,34.1,33.3,35.6
90524,1688,42.9946,13.3387,-66.22,217181453876,217277318581,557289065572,557384911872,31.8,34.1,33.3,35.6
90577,1689,43.0007,13.3439,-64.80,220568126516,220663991057,560675705613,560771551744,31.8,34.1,33.3,35.6
90630,1690,43.0275,13.3669,-65.46,223954798644,224050663028,564062345138,564158191104,31.8,34.1,33.3,35.6
90683,1691,43.0228,13.3629,-65.55,227341471284,227437336000,567448985189,567544831488,31.8,34.1,33.3,35.6
90736,1692,42.9678,13.3156,-64.26,230728143924,230824008487,570835625194,570931471360,31.8,34.1,33.3,35.6
90789,1693,43.0181,13.3589,-66.12,234114816564,234210680962,574222265248,574318111232,31.8,34.1,33.3,35.6
90842,1694,43.0040,13.3467,-65.51,237501489204,237597353966,577608905262,577704751616,31.8,34.1,33.3,35.6
90895,1695,42.9819,13.3277,-64.71,240888161844,240984026447,580995545287,581091391488,31.8,34.1,33.3,35.6
90948,1696,43.0101,13.3520,-64.76,244274834484,244370698940,584382185319,584478031360,31.8,34.1,33.3,35.6
91001,1697,43.0148,13.3560,-64.31,247661507124,247757371447,587768825325,587864671232,31.8,34.1,33.3,35.6
91054,1698,42.9946,13.3387,-65.86,251048179252,251144043939,591155464822,591251311104,31.8,34.1,33.3,35.6
91107,1699,42.9993,13.3427,-65.17,254434851892,254530716442,594542104833,594637950976,31.8,34.1,33.3,35.6
91160,1700,43.0087,13.3508,-65.23,257821524532,257917388935,597928744855,598024590848,31.8,34.1,33.3,35.6
91213,1701,43.0134,13.3548,-65.96,261208197172,261304061958,601315384859,601411231232,31.8,35.1,33.3,36.6
91266,1702,43.0087,13.3508,-65.02,264594869812,264690734475,604702024852,604797871104,31.8,34.1,33.3,35.6
91319,1703,43.0087,13.3508,-65.17,267981542452,268077406982,608088664856,608184510976,31.8,34.1,33.3,35.6
91372,1704,43.0228,13.3629,-65.21,271368215092,271464079509,611475304848,611571150848,31.8,34.1,33.3,35.6
91425,1705,43.0134,13.3548,-65.04,274754887732,274850752039,614861944825,614957790720,31.8,34.1,33.3,35.6
91478,1706,42.9913,13.3358,-64.58,278141559860,278237424558,618248584300,618344430592,31.8,34.1,33.3,35.6
91531,1707,42.9866,13.3318,-64.49,281528232500,281624097077,621635224292,621731070464,31.8,34.1,33.3,35.6
91584,1708,43.0195,13.3600,-64.95,284914905140,285010769615,625021864279,625117710336,31.8,34.1,33.3,35.6
91637,1709,43.0007,13.3439,-64.82,288301577780,288397442151,628408504247,628504350208,31.8,35.1,33.3,36.6
91690,1710,43.0101,13.3520,-64.49,291688250420,291784115197,631795144230,631890990592,31.8,34.1,33.3,35.6
91743,1711,43.0241,13.3641,-64.73,295074923060,295170787753,635181784191,635277630464,31.8,34.1,33.3,35.6
91796,1712,42.9913,13.3358,-64.91,298461595700,298557460282,638568424160,638664270336,31.8,34.1,33.3,35.6
91849,1713,42.9960,13.3399,-64.89,301848268340,301944132844,641955064113,642050910208,31.8,35.1,33.3,36.6
91902,1714,43.0275,13.3669,-65.08,305234940980,305330805383,645341704096,645437550080,31.8,34.1,33.3,35.6
91955,1715,43.0007,13.3439,-64.95,308621613620,308717477944,648728344038,648824189952,31.8,34.1,33.3,35.6
92008,1716,43.0054,13.3479,-64.56,312008285748,312104150510,652114983474,652210829824,31.8,34.1,33.3,35.6
92061,1717,42.9913,13.3358,-64.95,315394958388,315490823068,655501623422,655597469696,31.8,34.1,33.3,35.6
92114,1718,42.9960,13.3399,-64.89,318781631028,318877495628,658888263376,658984109568,31.8,34.1,33.3,35.6
92167,1719,43.0101,13.3520,-64.97,322168303668,322264168195,662274903327,662370749440,31.8,34.1,33.3,35.6
92220,1720,42.9960,13.3399,-64.89,325554976308,325650840765,665661543264,665757389312,31.8,34.1,33.3,35.6
92273,1721,43.0087,13.3508,-65.11,328941648948,329037513341,669048183201,669144029184,31.8,34.1,33.3,35.6
92326,1722,43.0368,13.3750,-65.04,332328321588,332424185927,672434823139,672530669056,31.8,34.1,33.3,35.6
92379,1723,43.0321,13.3710,-65.73,335714994228,335810859024,675821463065,675917309440,31.8,34.1,33.3,35.6
92432,1724,43.0040,13.3467,-65.71,339101666868,339197531609,679208102979,679303949312,31.8,34.1,33.3,35.6
92485,1725,43.0007,13.3439,-64.35,342488339508,342584204202,682594742900,682690589184,31.8,34.1,33.3,35.6
92538,1726,42.9758,13.3225,-65.23,345875011636,345970876270,685981382306,686077228544,31.8,35.1,33.3,36.6
92591,1727,43.0040,13.3467,-65.80,349261684276,349357548863,689368022238,689463868416,31.8,34.1,33.3,35.6
92644,1728,42.9725,13.3197,-64.62,352648356916,352744221476,692754662126,692850508288,31.8,34.1,33.3,35.6
92697,1729,42.9899,13.3346,-66.45,356035029556,356130894066,696141302053,696237148160,31.8,34.1,33.3,35.6
92750,1730,43.0134,13.3548,-65.55,359421702196,359517566683,699527941957,699623788032,31.8,34.1,33.3,35.6
92803,1731,42.9819,13.3277,-64.49,362808374836,362904239289,702914581854,703010427904,31.8,34.1,33.3,35.6
92856,1732,42.9960,13.3399,-64.64,366195047476,366290911903,706301221758,706397067776,31.8,34.1,33.3,35.6
92909,1733,42.9819,13.3277,-64.98,369581720116,369677584506,709687861660,709783707648,31.8,34.1,33.3,35.6
92962,1734,43.0007,13.3439,-64.49,372968392756,373064257133,713074501553,713170347520,31.8,34.1,33.3,35.6
93015,1735,43.0101,13.3520,-64.73,376355065396,376450929765,716461141438,716556987392,31.8,34.1,33.3,35.6
93068,1736,43.0368,13.3750,-65.10,379741738036,379837602383,719847781339,719943627264,31.8,34.1,33.3,35.6
93121,1737,43.0087,13.3508,-66.53,383128410676,383224275001,723234421221,723330267136,31.8,35.1,33.3,36.6
93174,1738,43.0148,13.3560,-64.62,386515083316,386610947646,726621061095,726716907008,31.8,34.1,33.3,35.6
93227,1739,43.0054,13.3479,-64.44,389901755444,389997619765,730007700459,730103546368,31.8,34.1,33.3,35.6
93280,1740,43.0195,13.3600,-64.73,393288428084,393384292410,733394340332,733490186240,31.8,35.1,33.3,36.6
93333,1741,43.0007,13.3439,-64.74,396675100724,396770965045,736780980201,736876826112,31.8,34.1,33.3,35.6
93386,1742,42.9913,13.3358,-64.69,400061773364,400157637685,740167620070,740263465984,31.8,34.1,33.3,35.6
93439,1743,42.9899,13.3346,-65.98,403448446004,403544310326,743554259936,743650105856,31.8,34.1,33.3,35.6
93492,1744,43.0509,13.3871,-65.40,406835118644,406930982989,746940899811,747036745728,31.8,34.1,33.3,35.6
93545,1745,43.0321,13.3710,-65.15,410221791284,410317655648,750327539656,750423385600,31.8,34.1,33.3,35.6
93598,1746,42.9960,13.3399,-64.46,413608463924,413704328303,753714179502,753810025472,31.8,34.1,33.3,35.6
93651,1747,42.9960,13.3399,-64.98,416995136564,417091000953,757100819363,757196665344,31.8,34.1,33.3,35.6
93704,1748,43.0415,13.3790,-65.06,420381809204,420477673623,760487459222,760583305216,31.8,34.1,33.3,35.6
93757,1749,42.9960,13.3399,-64.55,423768481844,423864346290,763874099051,763969945088,31.8,34.1,33.3,35.6
93810,1750,43.0368,13.3750,-65.04,427155154484,427251018958,767260738908,767356584960,31.8,34.1,33.3,35.6
93863,1751,42.9866,13.3318,-64.60,430541827124,430637691629,770647378732,770743224832,31.8,34.1,33.3,35.6
93916,1752,43.0181,13.3589,-65.10,433928499764,434024364306,774034018577,774129864704,31.8,34.1,33.3,35.6
93969,1753,42.9913,13.3358,-64.38,437315172404,437411036981,777420658405,777516504576,31.8,34.1,33.3,35.6
94022,1754,42.9866,13.3318,-64.55,440701845044,440797709669,780807298228,780903144448,31.8,34.1,33.3,35.6
94075,1755,43.0134,13.3548,-65.61,444088517684,444184382349,784193938067,784289784320,31.8,34.1,33.3,35.6
94128,1756,42.9772,13.3237,-64.89,447475190324,447571055037,787580577879,787676424192,31.8,34.1,33.3,35.6
94181,1757,42.9913,13.3358,-64.56,450861862452,450957727222,790967217189,791063063552,31.8,34.1,33.3,35.6
94234,1758,43.0054,13.3479,-64.46,454248535092,454344399410,794353857006,794449702912,31.8,34.1,33.3,35.6
94287,1759,43.0368,13.3750,-65.36,457635207732,457731072115,797740496824,797836342784,31.8,34.1,33.3,35.6
94340,1760,43.0101,13.3520,-64.55,461021880372,461117744808,801127136635,801222982656,31.8,34.1,33.3,35.6
94393,1761,43.0101,13.3520,-64.71,464408553012,464504417511,804513776444,804609622528,31.8,34.1,33.3,35.6
94446,1762,42.9946,13.3387,-66.41,467795225652,467891090213,807900416244,807996262400,31.8,34.1,33.3,35.6
94499,1763,42.9913,13.3358,-64.40,471181898292,471277762926,811287056044,811382902272,31.8,34.1,33.3,35.6
94552,1764,42.9960,13.3399,-64.67,474568570932,474664435636,814673695848,814769542144,31.8,34.1,33.3,35.6
94605,1765,43.0241,13.3641,-64.74,477955243572,478051108352,818060335656,818156182016,31.8,34.1,33.3,35.6
94658,1766,43.0134,13.3548,-65.40,481341916212,481437780560,821446975440,821542821376,31.8,34.1,33.3,35.6
94711,1767,43.0087,13.3508,-66.12,484728588852,484824453286,824833615225,824929461248,31.8,34.1,33.3,35.6
94764,1768,42.9772,13.3237,-64.53,488115261492,488211126002,828220255011,828316101120,31.8,34.1,33.3,35.6
94817,1769,43.0228,13.3629,-65.02,491501934132,491597798732,831606894809,831702740992,31.8,34.1,33.3,35.6
94870,1770,42.9866,13.3318,-64.82,494888606772,494984471473,834993534568,835089380864,31.8,34.1,33.3,35.6
94923,1771,43.0148,13.3560,-64.95,498275279412,498371144205,838380174360,838476020736,31.8,34.1,33.3,35.6
94976,1772,43.0148,13.3560,-64.35,501661952052,501757816432,841766814132,841862660096,31.8,34.1,33.3,35.6
95029,1773,43.0241,13.3641,-64.95,505048624692,505144489171,845153453910,845249299968,31.8,34.1,33.3,35.6
95082,1774,42.9960,13.3399,-64.44,508435297332,508531161910,848540093671,848635939840,31.8,34.1,33.3,35.6
95135,1775,43.0368,13.3750,-66.06,511821969972,511917834672,851926733434,852022579712,31.8,34.1,33.3,35.6
95188,1776,43.0481,13.3847,-67.03,515208642612,515304507410,855313373206,855409219584,31.8,34.1,33.3,35.6
95241,1777,42.9993,13.3427,-66.53,518595315252,518691179640,858700012962,858795858944,31.8,35.1,33.3,36.6
95294,1778,42.9866,13.3318,-64.47,521981987892,522077852407,862086652706,862182498816,31.8,34.1,33.3,35.6
95347,1779,43.0007,13.3439,-64.85,525368660532,525464525177,865473292454,865569138688,31.8,34.1,33.3,35.6
95400,1780,43.0087,13.3508,-65.23,528755333172,528851197938,868859932204,868955778560,31.8,34.1,33.3,35.6
95453,1781,43.0335,13.3722,-64.93,532142005812,532237870195,872246571961,872342417920,31.8,34.1,33.3,35.6
95506,1782,43.0101,13.3520,-64.21,535528678452,535624542959,875633211699,875729057792,31.8,34.1,33.3,35.6
95559,1783,42.9866,13.3318,-64.35,538915351092,539011215728,879019851433,879115697664,31.8,34.1,33.3,35.6
95612,1784,43.0007,13.3439,-64.71,542302023732,542397888502,882406491176,882502337536,31.8,34.1,33.3,35.6
95665,1785,43.0054,13.3479,-64.76,545688696372,545784560769,885793130912,885888976896,31.8,34.1,33.3,35.6
95718,1786,43.0275,13.3669,-65.10,549075369012,549171233545,889179770653,889275616768,31.8,34.1,33.3,35.6
95771,1787,43.0195,13.3600,-64.67,552462041652,552557906342,892566410368,892662256640,31.8,34.1,33.3,35.6
95824,1788,43.0321,13.3710,-65.34,555848714292,555944578620,895953050093,896048896000,31.8,34.1,33.3,35.6
95877,1789,43.0040,13.3467,-66.91,559235386932,559331251390,899339689822,899435535872,31.8,34.1,33.3,35.6
95930,1790,42.9960,13.3399,-64.74,562622059572,562717924194,902726329531,902822175744,31.8,34.1,33.3,35.6
95983,1791,43.0101,13.3520,-64.58,566008732212,566104596982,906112969261,906208815616,31.8,34.1,33.3,35.6
96036,1792,43.0148,13.3560,-64.73,569395404852,569491269279,909499608966,909595454976,31.8,34.1,33.3,35.6
96089,1793,42.9819,13.3277,-64.71,572782077492,572877942072,912886248671,912982094848,31.8,34.1,33.3,35.6
96142,1794,42.9819,13.3277,-64.47,576168750132,576264614886,916272888369,916368734720,31.8,34.1,33.3,35.6
96195,1795,43.0556,13.3912,-65.08,579555422772,579651287180,919659528103,919755374080,31.8,35.1,33.3,36.6
96248,1796,42.9899,13.3346,-65.96,582942095412,583037959983,923046167783,923142013952,31.8,34.1,33.3,35.6
96301,1797,43.0148,13.3560,-64.60,586328768052,586424632804,926432807488,926528653824,31.8,34.1,33.3,35.6
96354,1798,43.0697,13.4033,-65.04,589715440692,589811305120,929819447192,929915293184,31.8,35.1,33.3,36.6
96407,1799,43.0054,13.3479,-64.93,593102113332,593197977920,933206086881,933301933056,31.8,34.1,33.3,35.6
96460,1800,42.9913,13.3358,-64.55,596488785972,596584650746,936592726561,936688572928,31.8,34.1,33.3,35.6
96513,1801,43.0054,13.3479,-64.55,599875458612,599971323065,939979366248,940075212288,31.8,34.1,33.3,35.6
96566,1802,42.9946,13.3387,-65.77,603262131252,603357995891,943366005925,943461852160,31.8,34.1,33.3,35.6
96619,1803,43.0228,13.3629,-66.18,606648803892,606744668215,946752645614,946848491520,31.8,34.1,33.3,35.6
96672,1804,43.0007,13.3439,-64.55,610035476532,610131341047,950139285288,950235131392,31.8,34.1,33.3,35.6
96725,1805,43.0040,13.3467,-66.61,613422149172,613518013880,953525924964,953621771264,31.8,34.1,33.3,35.6
96778,1806,43.0368,13.3750,-65.00,616808821812,616904686217,956912564641,957008410624,31.8,34.1,33.3,35.6
96831,1807,43.0288,13.3681,-64.87,620195494452,620291359066,960299204304,960395050496,31.8,35.1,33.3,36.6
96884,1808,43.0335,13.3722,-64.74,623582167092,623678031409,963685843963,963781689856,31.8,34.1,33.3,35.6
96937,1809,42.9899,13.3346,-66.28,626968839732,627064704239,967072483624,967168329728,31.8,34.1,33.3,35.6
96990,1810,43.0382,13.3762,-64.85,630355512372,630451377099,970459123299,970554969600,31.8,34.1,33.3,35.6
97043,1811,43.0275,13.3669,-65.23,633742185012,633838049452,973845762939,973941608960,31.8,34.1,33.3,35.6
97096,1812,42.9899,13.3346,-66.12,637128857652,637224722295,977232402591,977328248832,31.8,34.1,33.3,35.6
97149,1813,43.0509,13.3871,-65.44,640515530292,640611394658,980619042255,980714888192,31.8,35.1,33.3,36.6
97202,1814,42.9993,13.3427,-66.16,643902202932,643998067509,984005681894,984101528064,31.8,34.1,33.3,35.6
97255,1815,43.0321,13.3710,-65.13,647288875572,647384740393,987392321536,987488167936,31.8,34.1,33.3,35.6
97308,1816,42.9913,13.3358,-64.65,650675548212,650771412733,990778961181,990874807296,31.8,34.1,33.3,35.6
97361,1817,43.0241,13.3641,-64.55,654062220852,654158085616,994165600825,994261447168,31.8,34.1,33.3,35.6
97414,1818,43.0288,13.3681,-64.67,657448893492,657544757979,997552240463,997648086528,31.8,34.1,33.3,35.6
97467,1819,43.0288,13.3681,-64.97,660835566132,660931430856,1000938880099,1001034726400,31.8,34.1,33.3,35.6
97520,1820,43.0054,13.3479,-64.56,664222238772,664318103222,1004325519723,1004421365760,31.8,34.1,33.3,35.6
97573,1821,42.9993,13.3427,-65.21,667608911412,667704776110,1007712159340,1007808005632,31.8,34.1,33.3,35.6
97626,1822,43.0335,13.3722,-64.62,670995584052,671091448493,1011098798975,1011194644992,31.8,34.1,33.3,35.6
97679,1823,42.9913,13.3358,-64.46,674382256692,674478121376,1014485438586,1014581284864,31.8,34.1,33.3,35.6
97732,1824,43.0335,13.3722,-64.60,677768929844,677864794273,1017872078732,1017967924736,31.8,34.1,33.3,35.6
97785,1825,43.0148,13.3560,-64.60,681155602484,681251467173,1021258718336,1021354564608,31.8,34.1,33.3,35.6
97838,1826,43.0476,13.3843,-64.82,684542275124,684638139563,1024645357959,1024741203968,31.8,34.1,33.3,35.6
97891,1827,42.9913,13.3358,-64.51,687928947764,688024812457,1028031997553,1028127843840,31.8,35.1,33.3,36.6
97944,1828,43.0181,13.3589,-65.36,691315620404,691411484846,1031418637173,1031514483200,31.8,35.1,33.3,36.6
97997,1829,43.0241,13.3641,-64.64,694702293044,694798157760,1034805276777,1034901123072,31.8,34.1,33.3,35.6
98050,1830,43.0509,13.3871,-65.06,698088965684,698184830148,1038191916396,1038287762432,31.8,34.1,33.3,35.6
98103,1831,43.0101,13.3520,-64.97,701475638324,701571503077,1041578555966,1041674402304,31.8,35.1,33.3,36.6
98156,1832,42.9866,13.3318,-64.51,704862310964,704958175469,1044965195563,1045061041664,31.8,35.1,33.3,36.6
98209,1833,43.0603,13.3952,-65.86,708248983604,708344848395,1048351835178,1048447681536,31.8,34.1,33.3,35.6
98262,1834,43.0054,13.3479,-64.46,711635656244,711731520807,1051738474745,1051834320896,31.8,34.1,33.3,35.6
98315,1835,43.0288,13.3681,-64.76,715022328884,715118193220,1055125114342,1055220960256,31.8,34.1,33.3,35.6
98368,1836,43.0101,13.3520,-64.60,718409001524,718504866148,1058511753919,1058607600128,31.8,34.1,33.3,35.6
98421,1837,43.0415,13.3790,-65.44,721795674164,721891538560,1061898393516,1061994239488,31.8,34.1,33.3,35.6
98474,1838,43.0007,13.3439,-64.65,725182346804,725278211495,1065285033079,1065380879360,31.8,35.1,33.3,36.6
98527,1839,43.0791,13.4113,-65.11,728569019444,728664883926,1068671672678,1068767518720,30.8,34.1,32.3,35.6
98580,1840,42.9960,13.3399,-64.69,731955692084,732051556859,1072058312226,1072154158592,31.8,34.1,33.3,35.6
98633,1841,43.0054,13.3479,-64.93,735342364724,735438229297,1075444951792,1075540797952,31.8,34.1,33.3,35.6
98686,1842,43.0603,13.3952,-65.80,738729037364,738824901734,1078831591375,1078927437312,31.8,34.1,33.3,35.6
98739,1843,43.0228,13.3629,-65.00,742115710516,742211575183,1082218231445,1082314077696,31.8,34.1,33.3,35.6
98792,1844,43.0275,13.3669,-65.10,745502383156,745598247622,1085604871008,1085700717056,31.8,34.1,33.3,35.6
98845,1845,43.0228,13.3629,-65.69,748889055796,748984920576,1088991510565,1089087356928,31.8,34.1,33.3,35.6
98898,1846,42.9819,13.3277,-64.62,752275728436,752371593014,1092378150113,1092473996288,30.8,34.1,32.3,35.6
98951,1847,43.0195,13.3600,-64.67,755662401076,755758265464,1095764789679,1095860635648,31.8,34.1,33.3,35.6
99004,1848,43.0007,13.3439,-64.76,759049073716,759144938426,1099151429220,1099247275520,31.8,34.1,33.3,35.6
99057,1849,43.0275,13.3669,-65.25,762435746356,762531610887,3026440991,3122287104,31.8,35.1,33.3,36.6
99110,1850,43.0603,13.3952,-65.32,765822418996,765918283345,6413080547,6508926464,31.8,34.1,33.3,35.6
99163,1851,43.0288,13.3681,-64.65,769209091636,769304956320,9799720074,9895566336,31.8,34.1,33.3,35.6
99216,1852,43.0241,13.3641,-64.28,772595764276,772691628782,13186359610,13282205696,31.8,34.1,33.3,35.6
99269,1853,43.0195,13.3600,-64.60,775982436916,776078301247,16572999144,16668845056,31.8,34.1,33.3,35.6
99322,1854,43.0288,13.3681,-64.89,779369109556,779464974223,19959638683,20055484928,31.8,34.1,33.3,35.6
99375,1855,43.0228,13.3629,-66.06,782755782196,782851646705,23346278196,23442124288,31.8,35.1,33.3,36.6
99428,1856,43.0321,13.3710,-65.04,786142454836,786238319175,26732917729,26828763648,31.8,35.1,33.3,36.6
99481,1857,43.0415,13.3790,-65.08,789529127988,789624992684,30119557761,30215404032,31.8,34.1,33.3,35.6
99534,1858,43.0040,13.3467,-65.75,792915800628,793011665149,33506197279,33602043392,31.8,35.1,33.3,36.6
99587,1859,43.0476,13.3843,-64.56,796302473268,796398337644,36892836807,36988682752,31.8,34.1,33.3,35.6
99640,1860,43.0368,13.3750,-65.71,799689145908,799785010631,40279476324,40375322624,31.8,34.1,33.3,35.6
99693,1861,42.9960,13.3399,-64.44,803075818548,803171683120,43666115820,43761961984,31.8,34.1,33.3,35.6
99746,1862,43.0523,13.3883,-64.69,806462491188,806558355616,47052755348,47148601344,31.8,35.1,33.3,36.6
99799,1863,43.0697,13.4033,-65.00,809849163828,809945028625,50439394855,50535241216,31.8,34.1,33.3,35.6
99852,1864,43.0054,13.3479,-64.65,813235836468,813331701116,53826034340,53921880576,31.8,34.1,33.3,35.6
99905,1865,43.0148,13.3560,-64.33,816622509108,816718373621,57212673840,57308519936,31.8,34.1,33.3,35.6
99958,1866,43.0101,13.3520,-64.33,820009181748,820105046125,60599313334,60695159296,31.8,34.1,33.3,35.6
100011,1867,43.0321,13.3710,-66.47,823395854388,823491719152,63985952825,64081799168,31.8,34.1,33.3,35.6
100064,1868,43.0228,13.3629,-65.47,826782527540,826878392165,67372592832,67468439040,31.8,34.1,33.3,35.6
100117,1869,43.0650,13.3992,-66.68,830169200180,830265064684,70759232330,70855078400,31.8,35.1,33.3,36.6
100170,1870,43.0148,13.3560,-64.49,833555872820,833651737197,74145871800,74241717760,31.8,34.1,33.3,35.6
100223,1871,43.0335,13.3722,-64.78,836942545460,837038410225,77532511291,77628357632,31.8,34.1,33.3,35.6
100276,1872,42.9866,13.3318,-64.37,840329218100,840425082736,80919150761,81014996992,31.8,35.1,33.3,36.6
100329,1873,42.9960,13.3399,-64.73,843715890740,843811755260,84305790240,84401636352,31.8,34.1,33.3,35.6
100382,1874,43.0744,13.4073,-65.04,847102563380,847198427795,87692429735,87788275712,31.8,34.1,33.3,35.6
100435,1875,43.0476,13.3843,-64.49,850489236020,850585100843,91079069192,91174915584,31.8,34.1,33.3,35.6
100488,1876,42.9866,13.3318,-64.67,853875908660,853971773361,94465708648,94561554944,31.8,34.1,33.3,35.6
100541,1877,43.0275,13.3669,-65.10,857262581300,857358445900,97852348123,97948194304,31.8,34.1,33.3,35.6
100594,1878,43.0007,13.3439,-64.44,860649254452,860745118949,101238988089,101334834176,31.8,34.1,33.3,35.6
100647,1879,43.0288,13.3681,-64.87,864035927092,864131791489,104625627561,104721473536,31.8,34.1,33.3,35.6
100700,1880,43.0838,13.4154,-66.08,867422599732,867518464567,108012267016,108108113408,31.8,35.1,33.3,36.6
100753,1881,43.0509,13.3871,-65.19,870809272372,870905137097,111398906472,111494752768,31.8,34.1,33.3,35.6
100806,1882,42.9913,13.3358,-64.60,874195945012,874291809648,114785545899,114881392128,31.8,34.1,33.3,35.6
100859,1883,43.0382,13.3762,-64.49,877582617652,877678482204,118172185362,118268031488,31.8,35.1,33.3,36.6
100912,1884,43.0556,13.3912,-65.11,880969290292,881065154761,121558824809,121654670848,31.8,35.1,33.3,36.6
100965,1885,43.0054,13.3479,-64.76,884355962932,884451827318,124945464235,125041310208,31.8,34.1,33.3,35.6
101018,1886,43.0335,13.3722,-64.47,887742635572,887838499894,128332103671,128427949568,31.8,34.1,33.3,35.6
101071,1887,43.0335,13.3722,-64.44,891129308212,891225172971,131718743105,131814589440,31.8,34.1,33.3,35.6
101124,1888,43.0556,13.3912,-66.51,894515981364,894611846050,135105383056,135201229312,31.8,34.1,33.3,35.6
101177,1889,43.0603,13.3952,-65.04,897902654004,897998518620,138492022488,138587868672,31.8,34.1,33.3,35.6
101230,1890,43.0509,13.3871,-65.10,901289326644,901385191185,141878661919,141974508032,31.8,34.1,33.3,35.6
101283,1891,43.0758,13.4085,-64.80,904675999284,904771863774,145265301345,145361147392,31.8,34.1,33.3,35.6
101336,1892,43.0650,13.3992,-66.22,908062671924,908158536351,148651940759,148747786752,31.8,34.1,33.3,35.6
101389,1893,43.0744,13.4073,-65.63,911449344564,911545208940,152038580175,152134426112,31.8,34.1,33.3,35.6
101442,1894,43.0556,13.3912,-65.96,914836017204,914931881528,155425219578,155521065472,31.8,34.1,33.3,35.6
101495,1895,43.0101,13.3520,-64.65,918222689844,918318554615,158811858988,158907705344,31.8,34.1,33.3,35.6
101548,1896,43.0228,13.3629,-66.72,921609362996,921705227714,162198498914,162294345216,31.8,34.1,33.3,35.6
101601,1897,43.0804,13.4125,-64.93,924996035636,925091900320,165585138336,165680984576,31.8,34.1,33.3,35.6
101654,1898,43.0007,13.3439,-64.35,928382708276,928478572904,168971777718,169067623936,31.8,34.1,33.3,35.6
101707,1899,43.0195,13.3600,-64.91,931769380916,931865245506,172358417124,172454263296,31.8,34.1,33.3,35.6
101760,1900,43.0429,13.3802,-64.78,935156053556,935251918122,175745056518,175840902656,31.8,34.1,33.3,35.6
101813,1901,42.9866,13.3318,-64.71,938542726196,938638590712,179131695904,179227542016,31.8,35.1,33.3,36.6
101866,1902,43.0650,13.3992,-65.13,941929398836,942025263342,182518335305,182614181376,31.8,35.1,33.3,36.6
101919,1903,43.0697,13.4033,-65.98,945316071476,945411935952,185904974696,186000820736,31.8,34.1,33.3,35.6
101972,1904,43.0087,13.3508,-66.10,948702744628,948798609069,189291614577,189387460608,31.8,34.1,33.3,35.6
102025,1905,43.0884,13.4194,-65.63,952089417268,952185281703,192678253978,192774099968,31.8,34.1,33.3,35.6
102078,1906,43.0007,13.3439,-64.97,955476089908,955571954308,196064893338,196160739328,31.8,34.1,33.3,35.6
102131,1907,43.0148,13.3560,-64.78,958862762548,958958626933,199451532719,199547378688,31.8,35.1,33.3,36.6
102184,1908,43.0195,13.3600,-64.26,962249435188,962345299569,202838172085,202934018048,31.8,34.1,33.3,35.6
102237,1909,43.0335,13.3722,-64.49,965636107828,965731972201,206224811460,206320657408,31.8,35.1,33.3,36.6
102290,1910,43.0838,13.4154,-65.13,969022780468,969118644834,209611450844,209707296768,31.8,34.1,33.3,35.6
102343,1911,43.0838,13.4154,-65.13,972409453620,972505317981,212998090721,213093936640,31.8,34.1,33.3,35.6
102396,1912,43.0838,13.4154,-65.00,975796126260,975891990623,216384730079,216480576000,31.8,35.1,33.3,36.6
102449,1913,43.0931,13.4235,-66.08,979182798900,979278663261,219771369445,219867215360,30.8,34.1,32.3,35.6
102502,1914,43.0838,13.4154,-65.15,982569471540,982665335914,223158008789,223253854720,31.8,34.1,33.3,35.6
102555,1915,43.0617,13.3964,-64.80,985956144180,986052008563,226544648133,226640494080,31.8,34.1,33.3,35.6
102608,1916,43.0556,13.3912,-66.32,989342816820,989438681208,229931287483,230027133440,31.8,34.1,33.3,35.6
102661,1917,43.0335,13.3722,-64.47,992729489460,992825353849,233317926836,233413772800,31.8,34.1,33.3,35.6
102714,1918,43.0368,13.3750,-65.30,996116162612,996212027018,236704566689,236800412672,31.8,35.1,33.3,36.6
102767,1919,43.0945,13.4246,-64.67,999502835252,999598699687,240091206047,240187052032,31.8,35.1,33.3,36.6
102820,1920,43.0509,13.3871,-65.53,1002889507892,1002985372346,243477845367,243573691392,31.8,34.1,33.3,35.6
102873,1921,43.0509,13.3871,-65.59,1006276180532,1006372045000,246864484712,246960330752,31.8,34.1,33.3,35.6
102926,1922,43.0650,13.3992,-66.41,1009662853172,1009758717677,250251124041,250346970112,31.8,34.1,33.3,35.6
102979,1923,43.0087,13.3508,-65.30,1013049525812,1013145390334,253637763361,253733609472,31.8,34.1,33.3,35.6
103032,1924,43.0476,13.3843,-64.24,1016436198452,1016532063017,257024402697,257120248832,31.8,34.1,33.3,35.6
103085,1925,43.0040,13.3467,-65.02,1019822871604,1019918736184,260411042532,260506888704,31.8,34.1,33.3,35.6
103138,1926,43.0275,13.3669,-66.20,1023209544244,1023305408880,263797681847,263893528064,31.8,34.1,33.3,35.6
103191,1927,43.0664,13.4004,-64.87,1026596216884,1026692081563,267184321184,267280167424,31.8,34.1,33.3,35.6
103244,1928,43.0228,13.3629,-66.08,1029982889524,1030078754233,270570960491,270666806784,31.8,34.1,33.3,35.6
103297,1929,43.0195,13.3600,-64.47,1033369562164,1033465426930,273957599797,274053446144,31.8,34.1,33.3,35.6
103350,1930,43.0697,13.4033,-65.00,1036756234804,1036852099624,277344239120,277440085504,31.8,35.1,33.3,36.6
103403,1931,43.0697,13.4033,-65.42,1040142907444,1040238771803,280730878430,280826724352,31.8,34.1,33.3,35.6
103456,1932,43.0791,13.4113,-66.10,1043529580596,1043625445007,284117518254,284213364224,31.8,34.1,33.3,35.6
103509,1933,43.0241,13.3641,-64.64,1046916253236,1047012117696,287504157545,287600003584,31.8,34.1,33.3,35.6
103562,1934,43.0382,13.3762,-64.73,1050302925876,1050398790402,290890796845,290986642944,31.8,34.1,33.3,35.6
103615,1935,42.9960,13.3399,-64.80,1053689598516,1053785463096,294277436133,294373282304,31.8,34.1,33.3,35.6
103668,1936,43.0007,13.3439,-64.87,1057076271156,1057172135805,297664075425,297759921664,31.8,34.1,33.3,35.6
103721,1937,42.9899,13.3346,-66.53,1060462943796,1060558808501,301050714722,301146561024,31.8,34.1,33.3,35.6
103774,1938,43.0462,13.3831,-65.49,1063849616948,1063945481741,304437354530,304533200896,31.8,34.1,33.3,35.6
103827,1939,43.0838,13.4154,-65.38,1067236289588,1067332153951,307823993824,307919839744,31.8,34.1,33.3,35.6
103880,1940,43.0931,13.4235,-65.15,1070622962228,1070718826673,311210633105,311306479104,31.8,34.1,33.3,35.6
103933,1941,43.0382,13.3762,-64.95,1074009634868,1074105499385,314597272373,314693118464,31.8,35.1,33.3,36.6
103986,1942,42.9913,13.3358,-64.95,1077396307508,1077492172085,317983911653,318079757824,31.8,34.1,33.3,35.6
104039,1943,43.0884,13.4194,-66.14,1080782980148,1080878844837,321370550940,321466397184,31.8,34.1,33.3,35.6
104092,1944,43.0241,13.3641,-64.60,1084169653300,1084265518065,324757190711,324853037056,31.8,34.1,33.3,35.6
104145,1945,43.0556,13.3912,-65.47,1087556325940,1087652190287,328143829988,328239675904,31.8,34.1,33.3,35.6
104198,1946,43.0476,13.3843,-64.53,1090942998580,1091038863017,331530469257,331626315264,31.8,34.1,33.3,35.6
104251,1947,43.0321,13.3710,-65.28,1094329671220,1094425535744,334917108520,335012954624,31.8,34.1,33.3,35.6
104304,1948,43.0195,13.3600,-64.22,1097716343860,1097812208487,338303747776,338399593984,31.8,34.1,33.3,35.6
104357,1949,43.0528,13.3888,-67.21,1591389236,1687253964,341690387551,341786233856,31.8,34.1,33.3,35.6
104410,1950,43.0195,13.3600,-64.65,4978061876,5073926200,345077026799,345172872704,31.8,34.1,33.3,35.6
104463,1951,43.0711,13.4045,-64.76,8364734516,8460598955,348463666065,348559512064,31.8,34.1,33.3,35.6
104516,1952,43.0509,13.3871,-65.11,11751407156,11847271703,351850305305,351946151424,31.8,35.1,33.3,36.6
104569,1953,43.0087,13.3508,-65.51,15138079796,15233944444,355236944546,355332790784,31.8,34.1,33.3,35.6
104622,1954,43.0429,13.3802,-64.51,18524752436,18620617208,358623583801,358719430144,31.8,34.1,33.3,35.6
104675,1955,43.0476,13.3843,-64.53,21911425588,22007289967,362010223555,362106069504,31.8,34.1,33.3,35.6
104728,1956,43.0804,13.4125,-64.80,25298098228,25393962734,365396862803,365492708864,31.8,34.1,33.3,35.6
104781,1957,43.0804,13.4125,-64.85,28684770868,28780635497,368783502039,368879348224,31.8,34.1,33.3,35.6
104834,1958,43.0884,13.4194,-65.21,32071443508,32167308264,372170141272,372265987584,31.8,34.1,33.3,35.6
104887,1959,43.1025,13.4315,-65.82,35458116148,35553980522,375556780508,375652626432,31.8,34.1,33.3,35.6
104940,1960,43.0945,13.4246,-64.89,38844789300,38940653798,378943420256,379039266304,31.8,34.1,33.3,35.6
104993,1961,43.0570,13.3923,-64.53,42231461940,42327326571,382330059467,382425905664,31.8,34.1,33.3,35.6
105046,1962,43.0744,13.4073,-66.02,45618134580,45713999354,385716698689,385812545024,31.8,34.1,33.3,35.6
105099,1963,43.0241,13.3641,-64.62,49004807220,49100671611,389103337901,389199183872,31.8,34.1,33.3,35.6
105152,1964,43.0054,13.3479,-64.91,52391479860,52487344385,392489977120,392585823232,31.8,34.1,33.3,35.6
105205,1965,43.0791,13.4113,-65.08,55778153012,55874017695,395876616862,395972463104,31.8,34.1,33.3,35.6
105258,1966,43.0523,13.3883,-64.58,59164825652,59260690484,399263256065,399359102464,31.8,34.1,33.3,35.6
105311,1967,43.0429,13.3802,-64.80,62551498292,62647362750,402649895282,402745741312,31.8,34.1,33.3,35.6
105364,1968,43.0617,13.3964,-64.93,65938170932,66034035551,406036534489,406132380672,31.8,35.1,33.3,36.6
105417,1969,43.0288,13.3681,-64.73,69324843572,69420708342,409423173684,409519020032,31.8,34.1,33.3,35.6
105470,1970,43.0884,13.4194,-65.32,72711516724,72807381149,412809813412,412905659392,31.8,34.1,33.3,35.6
105523,1971,43.0054,13.3479,-64.64,76098189364,76194053939,416196452590,416292298752,31.8,34.1,33.3,35.6
105576,1972,43.0744,13.4073,-65.08,79484862004,79580726750,419583091804,419678938112,31.8,34.1,33.3,35.6
105629,1973,43.0288,13.3681,-64.55,82871534644,82967399036,422969730990,423065576960,31.8,34.1,33.3,35.6
105682,1974,43.0335,13.3722,-64.47,86258207284,86354071848,426356370180,426452216320,31.8,34.1,33.3,35.6
105735,1975,43.0931,13.4235,-65.34,89644880436,89740745182,429743009893,429838856192,31.8,34.1,33.3,35.6
105788,1976,43.0462,13.3831,-65.15,93031553076,93127417471,433129649072,433225495040,31.8,34.1,33.3,35.6
105841,1977,42.9960,13.3399,-64.44,96418225716,96514090288,436516288237,436612134400,31.8,34.1,33.3,35.6
105894,1978,43.0556,13.3912,-65.67,99804898356,99900763124,439902927423,439998773760,31.8,34.1,33.3,35.6
105947,1979,43.0804,13.4125,-64.91,103191570996,103287435433,443289566616,443385412608,31.8,34.1,33.3,35.6
106000,1980,43.0791,13.4113,-65.59,106578244148,106674108769,446676206300,446772052480,31.8,34.1,33.3,35.6
106053,1981,43.0978,13.4275,-65.49,109964916788,110060781600,450062845476,450158691840,31.8,34.1,33.3,35.6
106106,1982,43.0978,13.4275,-65.36,113351589428,113447453919,453449484645,453545330688,31.8,34.1,33.3,35.6
106159,1983,43.0945,13.4246,-64.95,116738262068,116834126760,456836123806,456931970048,31.8,34.1,33.3,35.6
106212,1984,43.1072,13.4356,-66.45,120124935220,120220799602,460222763478,460318609408,31.8,34.1,33.3,35.6
106265,1985,43.0335,13.3722,-64.67,123511607860,123607472427,463609402626,463705248768,31.8,34.1,33.3,35.6
106318,1986,43.0368,13.3750,-65.92,126898280500,126994145269,466996041782,467091888128,31.8,35.1,33.3,36.6
106371,1987,43.0228,13.3629,-65.19,130284953140,130380817597,470382680935,470478526976,31.8,34.1,33.3,35.6
106424,1988,43.0603,13.3952,-65.47,133671625780,133767490458,473769320091,473865166336,31.8,34.1,33.3,35.6
106477,1989,43.0744,13.4073,-66.41,137058298932,137154163313,477155959753,477251805696,31.8,34.1,33.3,35.6
106530,1990,43.0415,13.3790,-65.00,140444971572,140540836155,480542598898,480638445056,31.8,34.1,33.3,35.6
106583,1991,43.0838,13.4154,-65.40,143831644212,143927509024,483929238047,484025084416,31.8,34.1,33.3,35.6
106636,1992,43.0195,13.3600,-64.58,147218316852,147314181362,487315877172,487411723264,31.8,34.1,33.3,35.6
106689,1993,43.0791,13.4113,-65.96,150604990004,150700854750,490702516830,490798363136,31.8,34.1,33.3,35.6
106742,1994,43.0462,13.3831,-65.96,153991662644,154087527094,494089155961,494185001984,31.8,35.1,33.3,36.6
106795,1995,43.0898,13.4206,-64.91,157378335284,157474199974,497475795102,497571641344,31.8,34.1,33.3,35.6
106848,1996,43.0321,13.3710,-65.34,160765007924,160860872319,500862434218,500958280192,31.8,35.1,33.3,36.6
106901,1997,43.0195,13.3600,-64.53,164151681076,164247545711,504249073848,504344920064,31.8,35.1,33.3,36.6
106954,1998,43.0884,13.4194,-66.97,167538353716,167634218089,507635712984,507731558912,31.8,34.1,33.3,35.6
107007,1999,43.0087,13.3508,-66.49,170925026356,171020890954,511022352085,511118198272,31.8,35.1,33.3,36.6
107060,2000,43.0481,13.3847,-67.10,174311698996,174407563328,514408991208,514504837120,31.8,34.1,33.3,35.6
107113,2001,43.0275,13.3669,-65.46,177698372148,177794236726,517795630832,517891476992,31.8,34.1,33.3,35.6
107166,2002,43.0101,13.3520,-64.74,181085044788,181180909105,521182269938,521278115840,31.8,35.1,33.3,36.6
107219,2003,43.0415,13.3790,-65.32,184471717428,184567582006,524568909047,524664755200,31.8,34.1,33.3,35.6
107272,2004,43.0758,13.4085,-64.49,187858390068,187954254907,527955548163,528051394560,31.8,34.1,33.3,35.6
107325,2005,43.0382,13.3762,-64.62,191245063220,191340927791,531342187776,531438033920,30.8,34.1,32.3,35.6
107378,2006,43.0429,13.3802,-64.78,194631735860,194727600186,534728826871,534824672768,31.8,34.1,33.3,35.6
107431,2007,43.0134,13.3548,-65.17,198018408500,198114273079,538115465962,538211312128,31.8,34.1,33.3,35.6
107484,2008,43.0669,13.4009,-67.23,201405081140,201500945480,541502105065,541597950976,31.8,34.1,33.3,35.6
107537,2009,43.0697,13.4033,-65.17,204791754292,204887618907,544888744669,544984590848,31.8,34.1,33.3,35.6
107590,2010,43.0884,13.4194,-65.02,208178426932,208274291308,548275383764,548371229696,31.8,34.1,33.3,35.6
107643,2011,43.0241,13.3641,-64.89,211565099572,211660964212,551662022837,551757869056,31.8,34.1,33.3,35.6
107696,2012,43.0744,13.4073,-65.84,214951772212,215047636627,555048661927,555144507904,31.8,34.1,33.3,35.6
107749,2013,43.0758,13.4085,-64.67,218338445364,218434310059,558435301524,558531147776,31.8,34.1,33.3,35.6
107802,2014,43.0509,13.3871,-65.42,221725118004,221820982460,561821940596,561917786624,31.8,34.1,33.3,35.6
107855,2015,43.0978,13.4275,-65.59,225111790644,225207655396,565208579680,565304425984,31.8,34.1,33.3,35.6
107908,2016,43.0195,13.3600,-64.89,228498463284,228594327801,568595218733,568691064832,31.8,34.1,33.3,35.6
107961,2017,43.0978,13.4275,-65.23,231885136436,231981001257,571981858331,572077704704,31.8,35.1,33.3,36.6
108014,2018,43.0435,13.3807,-67.16,235271809076,235367673661,575368497385,575464343552,31.8,34.1,33.3,35.6
108067,2019,43.0898,13.4206,-64.84,238658481716,238754346105,578755136459,578850982400,31.8,34.1,33.3,35.6
108120,2020,43.0838,13.4154,-66.93,242045154868,242141019550,582141776032,582237622272,31.8,35.1,33.3,36.6
108173,2021,43.0321,13.3710,-65.34,245431827508,245527691974,585528415075,585624261120,31.8,34.1,33.3,35.6
108226,2022,43.0429,13.3802,-64.76,248818500148,248914364925,588915054131,589010900480,31.8,34.1,33.3,35.6
108279,2023,43.0429,13.3802,-64.76,252205172788,252301037353,592301693192,592397539328,31.8,34.1,33.3,35.6
108332,2024,43.0978,13.4275,-65.27,255591845940,255687710315,595688332762,595784178688,31.8,34.1,33.3,35.6
108385,2025,43.0978,13.4275,-66.10,258978518580,259074383267,599074971809,599170818048,31.8,34.1,33.3,35.6
108438,2026,43.0697,13.4033,-66.93,262365191220,262461055705,602461610847,602557456896,31.8,34.1,33.3,35.6
108491,2027,43.0978,13.4275,-66.74,265751863860,265847728666,605848249898,605944096256,31.8,35.1,33.3,36.6
108544,2028,43.0697,13.4033,-65.57,269138537012,269234401621,609234889443,609330735616,31.8,35.1,33.3,36.6
108597,2029,43.0791,13.4113,-66.78,272525209652,272621074077,612621528480,612717374464,31.8,34.1,33.3,35.6
108650,2030,43.0978,13.4275,-66.28,275911882292,276007747045,616008167520,616104013824,31.8,34.1,33.3,35.6
108703,2031,43.1072,13.4356,-66.68,279298555444,279394420011,619394807069,619490653184,31.8,34.1,33.3,35.6
108756,2032,43.0884,13.4194,-66.12,282685228084,282781092468,622781446092,622877292032,31.8,34.1,33.3,35.6
108809,2033,43.0181,13.3589,-66.10,286071900724,286167765424,626168085107,626263931392,31.8,34.1,33.3,35.6
108862,2034,43.0288,13.3681,-64.80,289458573364,289554437889,629554724137,629650570240,31.8,34.1,33.3,35.6
108915,2035,43.0978,13.4275,-65.23,292845246516,292941110882,632941363683,633037209600,31.8,35.1,33.3,36.6
108968,2036,43.0288,13.3681,-64.47,296231919156,296327783852,636328002687,636423848960,31.8,35.1,33.3,36.6
109021,2037,43.0101,13.3520,-64.76,299618591796,299714456315,639714641704,639810487808,31.8,34.1,33.3,35.6
109074,2038,43.1119,13.4396,-65.21,303005264948,303101129321,643101281249,643197127168,31.8,34.1,33.3,35.6
109127,2039,43.0382,13.3762,-64.73,306391937588,306487802291,646487920252,646583766528,31.8,34.1,33.3,35.6
109180,2040,43.0744,13.4073,-65.21,309778610228,309874474776,649874559266,649970405376,31.8,34.1,33.3,35.6
109233,2041,43.0476,13.3843,-64.55,313165283380,313261147769,653261198777,653357044736,31.8,34.1,33.3,35.6
109286,2042,43.0884,13.4194,-65.04,316551956020,316647820767,656647837793,656743684096,31.8,34.1,33.3,35.6
109339,2043,43.0462,13.3831,-66.26,319938628660,320034493237,660034476793,660130322944,31.8,34.1,33.3,35.6
109392,2044,43.1260,13.4517,-66.63,323325301300,323421165742,663421115810,663516961792,31.8,34.1,33.3,35.6
109445,2045,43.0697,13.4033,-66.00,326711974452,326807839250,666807755302,666903601664,31.8,35.1,33.3,36.6
109498,2046,43.0241,13.3641,-64.55,330098647092,330194511735,670194394289,670290240512,31.8,35.1,33.3,36.6
109551,2047,43.0884,13.4194,-65.80,333485319732,333581184239,673581033297,673676879360,31.8,35.1,33.3,36.6
109604,2048,43.0898,13.4206,-64.87,336871992884,336967857255,676967672798,677063518720,31.8,34.1,33.3,35.6
109657,2049,43.0838,13.4154,-66.00,340258665524,340354530267,680354311780,680450158080,31.8,34.1,33.3,35.6
109710,2050,43.0388,13.3767,-67.03,343645338164,343741202757,683740950751,683836796928,31.8,35.1,33.3,36.6
109763,2051,43.0523,13.3883,-64.82,347032011316,347127875777,687127590259,687223436288,31.8,34.1,33.3,35.6
109816,2052,43.0617,13.3964,-64.69,350418683956,350514548293,690514229236,690610075136,31.8,34.1,33.3,35.6
109869,2053,43.0321,13.3710,-65.06,353805356596,353901221312,693900868201,693996714496,31.8,34.1,33.3,35.6
109922,2054,43.0228,13.3629,-66.78,357192029748,357287894331,697287507690,697383353856,31.8,34.1,33.3,35.6
109975,2055,43.0744,13.4073,-65.55,360578702388,360674566861,700674146669,700769992704,31.8,34.1,33.3,35.6
110028,2056,43.0931,13.4235,-65.30,363965375028,364061239389,704060785637,704156631552,31.8,34.1,33.3,35.6
110081,2057,43.1133,13.4408,-64.80,367352047668,367447912431,707447424608,707543270912,31.8,34.1,33.3,35.6
110134,2058,43.0650,13.3992,-66.16,370738720820,370834585453,710834064073,710929910272,31.8,34.1,33.3,35.6
110187,2059,43.0275,13.3669,-65.13,374125393460,374221257975,714220703024,714316549120,31.8,35.1,33.3,36.6
110240,2060,43.0791,13.4113,-65.55,377512066100,377607930523,717607341986,717703187968,31.8,34.1,33.3,35.6
110293,2061,43.1307,13.4558,-66.28,380898739252,380994604091,720993981463,721089827840,31.8,34.1,33.3,35.6
110346,2062,43.0228,13.3629,-66.49,384285411892,384381276598,724380620398,724476466688,31.8,34.1,33.3,35.6
110399,2063,43.0992,13.4287,-64.56,387672084532,387767949160,727767259360,727863105536,31.8,34.1,33.3,35.6
110452,2064,43.0462,13.3831,-65.04,391058757684,391154622201,731153898806,731249744896,31.8,35.1,33.3,36.6
110505,2065,43.0791,13.4113,-65.00,394445430324,394541294749,734540537759,734636383744,31.8,34.1,33.3,35.6
110558,2066,43.0429,13.3802,-64.85,397832102964,397927967296,737927176688,738023022592,31.8,34.1,33.3,35.6
110611,2067,43.0851,13.4166,-64.37,401218776116,401314640882,741313816145,741409662464,31.8,35.1,33.3,36.6
110664,2068,43.0556,13.3912,-65.17,404605448756,404701313433,744700455066,744796301312,31.8,35.1,33.3,36.6
110717,2069,43.0195,13.3600,-64.78,407992121396,408087985976,748087093998,748182940160,31.8,34.1,33.3,35.6
110770,2070,43.0664,13.4004,-64.71,411378794548,411474659058,751473733448,751569579520,31.8,34.1,33.3,35.6
110823,2071,43.1307,13.4558,-66.74,414765467188,414861331627,754860372391,754956218368,31.8,35.1,33.3,36.6
110876,2072,43.1025,13.4315,-65.25,418152139828,418248004192,758247011303,758342857216,31.8,34.1,33.3,35.6
110929,2073,43.0904,13.4211,-67.18,421538812980,421634677774,761633650732,761729497088,31.8,34.1,33.3,35.6
110982,2074,43.0415,13.3790,-65.13,424925485620,425021350340,765020289640,765116135936,31.8,34.1,33.3,35.6
111035,2075,43.0148,13.3560,-64.62,428312158260,428408022909,768406928551,768502774784,31.8,34.1,33.3,35.6
111088,2076,43.0368,13.3750,-65.00,431698831412,431794695998,771793567980,771889414144,31.8,34.1,33.3,35.6
111141,2077,43.0415,13.3790,-66.00,435085504052,435181368584,775180206884,775276052992,31.8,34.1,33.3,35.6
111194,2078,43.0556,13.3912,-65.82,438472176692,438568041165,778566845797,778662691840,31.8,34.1,33.3,35.6
111247,2079,43.0791,13.4113,-65.19,441858849844,441954714268,781953485217,782049331200,31.8,34.1,33.3,35.6
111300,2080,43.0978,13.4275,-65.46,445245522484,445341386863,785340124118,785435970048,31.8,34.1,33.3,35.6
111353,2081,43.0851,13.4166,-64.60,448632195124,448728059952,788726763027,788822609408,31.8,34.1,33.3,35.6
111406,2082,43.0288,13.3681,-64.60,452018868276,452114733052,792113402414,792209248768,31.8,34.1,33.3,35.6
111459,2083,43.0556,13.3912,-65.25,455405540916,455501405649,795500041313,795595887616,31.8,34.1,33.3,35.6
111512,2084,43.0758,13.4085,-64.55,458792214068,458888078766,798886680721,798982526976,31.8,35.1,33.3,36.6
111565,2085,43.0195,13.3600,-64.76,462178886708,462274751353,802273319598,802369165824,31.8,34.1,33.3,35.6
111618,2086,43.0697,13.4033,-65.25,465565559348,465661423969,805659958487,805755804672,31.8,35.1,33.3,36.6
111671,2087,43.0288,13.3681,-64.65,468952232500,469048097078,809046597877,809142444032,31.8,34.1,33.3,35.6
111724,2088,43.0838,13.4154,-65.92,472338905140,472434769697,812433236766,812529082880,31.8,35.1,33.3,36.6
111777,2089,43.0241,13.3641,-64.95,475725577780,475821442297,815819875632,815915721728,31.8,34.1,33.3,35.6
111830,2090,43.1180,13.4448,-64.56,479112250932,479208115444,819206515037,819302361088,31.8,34.1,33.3,35.6
111883,2091,43.1166,13.4436,-66.47,482498923572,482594788068,822593153896,822688999936,31.8,35.1,33.3,36.6
111936,2092,43.0288,13.3681,-64.80,485885596212,485981460665,825979792754,826075638784,31.8,34.1,33.3,35.6
111989,2093,43.0945,13.4246,-64.42,489272269364,489368133816,829366432142,829462278144,31.8,35.1,33.3,36.6
112042,2094,43.0945,13.4246,-64.62,492658942004,492754806444,832753071002,832848916992,31.8,34.1,33.3,35.6
112095,2095,43.0898,13.4206,-64.95,496045615156,496141479588,836139710368,836235556352,31.8,34.1,33.3,35.6
112148,2096,43.0978,13.4275,-65.90,499432287796,499528152223,839526349222,839622195200,31.8,34.1,33.3,35.6
112201,2097,43.0791,13.4113,-65.28,502818960436,502914824858,842912988066,843008834048,31.8,34.1,33.3,35.6
112254,2098,43.0978,13.4275,-65.36,506205633588,506301498010,846299627434,846395473408,31.8,34.1,33.3,35.6
112307,2099,43.1091,13.4372,-67.12,509592306228,509688170650,849686266280,849782112256,31.8,35.1,33.3,36.6
112360,2100,43.0931,13.4235,-65.32,512978978868,513074843294,853072905124,853168751104,31.8,34.1,33.3,35.6
112413,2101,43.1494,13.4719,-65.02,516365652020,516461516471,856459544484,856555390464,31.8,35.1,33.3,36.6
112466,2102,43.1260,13.4517,-66.49,519752324660,519848189113,859846183319,859942029312,31.8,35.1,33.3,36.6
112519,2103,43.0697,13.4033,-65.21,523138997300,523234861748,863232822148,863328668160,31.8,35.1,33.3,36.6
112572,2104,43.0288,13.3681,-64.98,526525670452,526621534911,866619461484,866715307520,31.8,35.1,33.3,36.6
112625,2105,43.0978,13.4275,-66.80,529912343092,530008207582,870006100326,870101946368,31.8,34.1,33.3,35.6
112678,2106,43.0758,13.4085,-64.53,533299016244,533394880752,873392739662,873488585728,31.8,34.1,33.3,35.6
112731,2107,43.0429,13.3802,-64.82,536685688884,536781553405,876779378484,876875224576,31.8,35.1,33.3,36.6
112784,2108,43.0945,13.4246,-64.87,540072361524,540168226085,880166017313,880261863424,31.8,35.1,33.3,36.6
112837,2109,43.0275,13.3669,-65.06,543459034676,543554899255,883552656624,883648502784,31.8,35.1,33.3,36.6
112890,2110,43.0992,13.4287,-64.64,546845707316,546941571941,886939295459,887035141632,31.8,35.1,33.3,36.6
112943,2111,43.0509,13.3871,-65.00,550232380468,550328245116,890325934772,890421780992,31.8,34.1,33.3,35.6
112996,2112,43.1025,13.4315,-66.18,553619053108,553714917807,893712573592,893808419840,31.8,35.1,33.3,36.6
113049,2113,43.0509,13.3871,-65.28,557005725748,557101590476,897099212388,897195058688,31.8,34.1,33.3,35.6
113102,2114,43.0838,13.4154,-65.65,560392398900,560488263681,900485851710,900581698048,31.8,34.1,33.3,35.6
113155,2115,43.1321,13.4570,-64.40,563779071540,563874936375,903872490527,903968336896,31.8,34.1,33.3,35.6
113208,2116,43.1354,13.4598,-65.30,567165744180,567261608554,907259129323,907354975232,31.8,34.1,33.3,35.6
113261,2117,43.0697,13.4033,-66.51,570552417332,570648281741,910645768619,910741614592,31.8,35.1,33.3,36.6
113314,2118,43.0462,13.3831,-65.13,573939089972,574034954434,914032407405,914128253440,31.8,34.1,33.3,35.6
113367,2119,43.0335,13.3722,-64.69,577325763124,577421627637,917419046712,917514892800,31.8,34.1,33.3,35.6
113420,2120,43.0429,13.3802,-64.56,580712435764,580808300341,920805685500,920901531648,31.8,34.1,33.3,35.6
113473,2121,43.0195,13.3600,-64.62,584099108404,584194973046,924192324272,924288170496,31.8,34.1,33.3,35.6
113526,2122,43.0523,13.3883,-64.69,587485781556,587581646271,927578963573,927674809856,31.8,34.1,33.3,35.6
113579,2123,43.0228,13.3629,-65.28,590872454196,590968318977,930965602340,931061448704,31.8,34.1,33.3,35.6
113632,2124,43.0884,13.4194,-65.27,594259127348,594354991699,934352241645,934448087552,31.8,34.1,33.3,35.6
113685,2125,43.1072,13.4356,-65.42,597645799988,597741664416,937738880425,937834726400,31.8,34.1,33.3,35.6
113738,2126,43.1307,13.4558,-66.35,601032472628,601128337135,941125519203,941221365248,31.8,34.1,33.3,35.6
113791,2127,43.0321,13.3710,-65.96,604419145780,604515010351,944512158458,944608004608,31.8,34.1,33.3,35.6
113844,2128,43.0368,13.3750,-65.57,607805818420,607901683079,947898797219,947994643456,31.8,34.1,33.3,35.6
113897,2129,43.1274,13.4529,-64.49,611192491572,611288356335,951285436518,951381282816,31.8,34.1,33.3,35.6
113950,2130,43.0509,13.3871,-65.06,614579164212,614675028539,954672075254,954767921152,31.8,34.1,33.3,35.6
114003,2131,43.1119,13.4396,-65.63,617965836852,618061701287,958058714020,958154560000,31.8,34.1,33.3,35.6
114056,2132,43.0664,13.4004,-64.35,621352510004,621448374520,961445353283,961541199360,31.8,34.1,33.3,35.6
114109,2133,43.0851,13.4166,-64.82,624739182644,624835047270,964831992029,964927838208,31.8,34.1,33.3,35.6
114162,2134,43.0570,13.3923,-64.74,628125855796,628221720512,968218631287,968314477568,31.8,34.1,33.3,35.6
114215,2135,43.1367,13.4610,-64.76,631512528436,631608393267,971605270054,971701116416,31.8,34.1,33.3,35.6
114268,2136,43.0744,13.4073,-66.12,634899201588,634995066001,974991909289,975087755264,31.8,34.1,33.3,35.6
114321,2137,43.0570,13.3923,-64.73,638285874228,638381738751,978378548024,978474394112,31.8,34.1,33.3,35.6
114374,2138,43.0711,13.4045,-64.51,641672546868,641768411501,981765186768,981861032960,31.8,34.1,33.3,35.6
114427,2139,43.0945,13.4246,-64.93,645059220020,645155084778,985151826012,985247672320,31.8,34.1,33.3,35.6
114480,2140,43.0884,13.4194,-65.25,648445892660,648541757026,988538464735,988634310656,31.8,34.1,33.3,35.6
114533,2141,43.0744,13.4073,-65.25,651832565812,651928430295,991925103972,992020950016,31.8,34.1,33.3,35.6
114586,2142,43.0415,13.3790,-65.94,655219238452,655315103052,995311742689,995407588864,31.8,34.1,33.3,35.6
114639,2143,43.0744,13.4073,-65.15,658605911092,658701775826,998698381417,998794227712,31.8,34.1,33.3,35.6
114692,2144,43.0931,13.4235,-65.32,661992584244,662088448600,1002085020650,1002180866560,31.8,34.1,33.3,35.6
114745,2145,43.0884,13.4194,-66.89,665379256884,665475121370,1005471659366,1005567505408,31.8,34.1,33.3,35.6
114798,2146,43.0884,13.4194,-65.19,668765930036,668861794665,1008858298584,1008954144768,31.8,34.1,33.3,35.6
114851,2147,43.0851,13.4166,-64.55,672152602676,672248467437,1012244937302,1012340783616,31.8,34.1,33.3,35.6
114904,2148,43.0851,13.4166,-64.60,675539275828,675635140214,1015631576525,1015727422464,31.8,34.1,33.3,35.6
114957,2149,43.0476,13.3843,-64.80,678925948468,679021812989,1019018215221,1019114061312,31.8,34.1,33.3,35.6
115010,2150,43.0884,13.4194,-66.22,682312621108,682408485792,1022404853920,1022500700160,31.8,34.1,33.3,35.6
115063,2151,43.1086,13.4368,-64.71,685699294260,685795159090,1025791493146,1025887339520,31.8,35.1,33.3,36.6
115116,2152,43.0509,13.3871,-65.08,689085966900,689181831358,1029178131827,1029273977856,31.8,34.1,33.3,35.6
115169,2153,43.0898,13.4206,-64.42,692472640052,692568504676,1032564771041,1032660617216,31.8,34.1,33.3,35.6
115222,2154,43.0617,13.3964,-64.80,695859312692,695955177472,1035951409720,1036047256064,31.8,34.1,33.3,35.6
115275,2155,43.1133,13.4408,-64.82,699245985844,699341850284,1039338048931,1039433894912,31.8,35.1,33.3,36.6
115328,2156,43.0462,13.3831,-65.00,702632658484,702728523066,1042724687605,1042820533760,31.8,34.1,33.3,35.6
115381,2157,43.0898,13.4206,-64.71,706019331636,706115196395,1046111326810,1046207173120,31.8,34.1,33.3,35.6
115434,2158,43.1138,13.4413,-67.16,709406004276,709501868692,1049497965488,1049593811456,31.8,34.1,33.3,35.6
115487,2159,43.0476,13.3843,-64.44,712792676916,712888541491,1052884604160,1052980450304,31.8,34.1,33.3,35.6
115540,2160,43.1227,13.4489,-64.60,716179350068,716275214834,1056271243360,1056367089664,31.8,34.1,33.3,35.6
115593,2161,43.1072,13.4356,-65.10,719566022708,719661887141,1059657882019,1059753728000,31.8,34.1,33.3,35.6
115646,2162,43.0368,13.3750,-65.19,722952695860,723048560449,1063044521193,1063140367360,31.8,34.1,33.3,35.6
115699,2163,43.0509,13.3871,-65.55,726339368500,726435233275,1066431159862,1066527006208,31.8,34.1,33.3,35.6
115752,2164,43.1086,13.4368,-64.37,729726041652,729821906113,1069817799052,1069913645056,31.8,34.1,33.3,35.6
115805,2165,43.0711,13.4045,-64.47,733112714292,733208578927,1073204437709,1073300283904,31.8,34.1,33.3,35.6
115858,2166,43.0992,13.4287,-64.38,736499387444,736595252277,1076591076883,1076686923264,31.8,34.1,33.3,35.6
115911,2167,43.0945,13.4246,-64.65,739886060084,739981924589,1079977715546,1080073561600,31.8,34.1,33.3,35.6
115964,2168,43.0992,13.4287,-64.56,743272732724,743368597429,1083364354195,1083460200448,31.8,34.1,33.3,35.6
116017,2169,43.0884,13.4194,-65.04,746659405876,746755270260,1086750993357,1086846839296,31.8,34.1,33.3,35.6
116070,2170,43.0429,13.3802,-64.49,750046078516,750141943096,1090137631992,1090233478144,31.8,34.1,33.3,35.6
116123,2171,43.0603,13.3952,-65.00,753432751668,753528616456,1093524271149,1093620117504,31.8,34.1,33.3,35.6
116176,2172,43.0898,13.4206,-64.85,756819424308,756915288802,1096910909794,1097006755840,31.8,34.1,33.3,35.6
116229,2173,43.0851,13.4166,-64.47,760206097460,760301962152,785921179,881767424,31.8,35.1,33.3,36.6
116282,2174,43.0851,13.4166,-64.51,763592770100,763688634483,4172559823,4268405760,31.8,34.1,33.3,35.6
116335,2175,43.0335,13.3722,-64.91,766979443252,767075307840,7559198957,7655045120,31.8,34.1,33.3,35.6
116388,2176,43.1260,13.4517,-65.27,770366115892,770461980711,10945837609,11041683968,31.8,34.1,33.3,35.6
116441,2177,43.0838,13.4154,-65.17,773752789044,773848653556,14332476747,14428322816,31.8,34.1,33.3,35.6
116494,2178,43.0978,13.4275,-65.36,777139461684,777235326425,17719115372,17814961664,31.8,34.1,33.3,35.6
116547,2179,43.0898,13.4206,-64.14,780526134324,780621998766,21105754006,21201600000,31.8,34.1,33.3,35.6
116600,2180,43.0556,13.3912,-65.44,783912807476,784008672139,24492393127,24588239360,31.8,34.1,33.3,35.6
116653,2181,43.1227,13.4489,-64.38,787299480116,787395344506,27879031768,27974877696,31.8,34.1,33.3,35.6
116706,2182,43.0711,13.4045,-64.84,790686153268,790782017883,31265670881,31361517056,31.8,34.1,33.3,35.6
116759,2183,43.0476,13.3843,-64.93,794072825908,794168690234,34652309496,34748155392,31.8,34.1,33.3,35.6
116812,2184,43.1133,13.4408,-64.49,797459499060,797555363628,38038948643,38134794752,31.8,34.1,33.3,35.6
116865,2185,43.1213,13.4477,-65.13,800846171700,800942036518,41425587240,41521433600,31.8,34.1,33.3,35.6
116918,2186,43.0368,13.3750,-65.86,804232844852,804328709373,44812226349,44908072448,31.8,34.1,33.3,35.6
116971,2187,43.1166,13.4436,-65.28,807619517492,807715382268,48198864976,48294711296,31.8,34.1,33.3,35.6
117024,2188,43.1227,13.4489,-64.26,811006190644,811102055150,51585504101,51681350144,31.8,34.1,33.3,35.6
117077,2189,43.0804,13.4125,-64.67,814392863284,814488728045,54972142676,55067988992,31.8,34.1,33.3,35.6
117130,2190,43.1307,13.4558,-65.75,817779536436,817875400938,58358781800,58454627840,31.8,34.1,33.3,35.6
117183,2191,43.0791,13.4113,-65.02,821166209076,821262073822,61745420382,61841266688,31.8,34.1,33.3,35.6
117236,2192,43.1274,13.4529,-64.91,824552882228,824648746724,65132059504,65227905536,31.8,34.1,33.3,35.6
117289,2193,43.0791,13.4113,-65.11,827939554868,828035419616,68518698076,68614544384,31.8,34.1,33.3,35.6
117342,2194,43.1119,13.4396,-66.68,831326228020,831422092520,71905337186,72001183232,31.8,35.1,33.3,36.6
117395,2195,43.1133,13.4408,-64.82,834712900660,834808765423,75291975776,75387822080,31.8,35.1,33.3,36.6
117448,2196,43.1086,13.4368,-64.69,838099573812,838195438327,78678614869,78774460928,31.8,34.1,33.3,35.6
117501,2197,43.0992,13.4287,-64.64,841486246452,841582111224,82065253457,82161099776,31.8,34.1,33.3,35.6
117554,2198,43.0462,13.3831,-65.13,844872919604,844968784124,85451892530,85547738624,31.8,34.1,33.3,35.6
117607,2199,43.1025,13.4315,-66.08,848259592244,848355457056,88838531111,88934377472,31.8,34.1,33.3,35.6
117660,2200,43.1025,13.4315,-65.67,851646265396,851742129967,92225170199,92321016320,31.8,34.1,33.3,35.6
117713,2201,43.0898,13.4206,-64.60,855032938036,855128802881,95611808772,95707655168,31.8,34.1,33.3,35.6
117766,2202,43.0978,13.4275,-65.15,858419611188,858515475808,98998447845,99094294016,31.8,34.1,33.3,35.6
117819,2203,43.1086,13.4368,-64.62,861806283828,861902148213,102385086424,102480932352,31.8,34.1,33.3,35.6
117872,2204,43.0556,13.3912,-65.23,865192956468,865288821136,105771724963,105867571200,31.8,34.1,33.3,35.6
117925,2205,43.1180,13.4448,-64.89,868579629620,868675494065,109158364063,109254210048,31.8,34.1,33.3,35.6
117978,2206,43.0791,13.4113,-66.97,871966302260,872062166997,112545002600,112640848896,31.8,34.1,33.3,35.6
118031,2207,43.0898,13.4206,-64.98,875352975412,875448839929,115931641675,116027487744,31.8,34.1,33.3,35.6
118084,2208,43.1227,13.4489,-64.74,878739648052,878835512878,119318280229,119414126592,31.8,34.1,33.3,35.6
118137,2209,43.0335,13.3722,-64.98,882126321204,882222185791,122704919278,122800765440,31.8,35.1,33.3,36.6
118190,2210,43.1119,13.4396,-65.80,885512993844,885608858232,126091557842,126187403776,31.8,34.1,33.3,35.6
118243,2211,43.0978,13.4275,-65.06,888899666996,888995531699,129478196882,129574043136,31.8,34.1,33.3,35.6
118296,2212,43.0992,13.4287,-64.98,892286339636,892382204133,132864835428,132960681472,31.8,34.1,33.3,35.6
118349,2213,43.0791,13.4113,-65.21,895673012788,895768877579,136251474482,136347320832,31.8,34.1,33.3,35.6
118402,2214,43.0288,13.3681,-64.65,899059685428,899155550001,139638113017,139733959168,31.8,34.1,33.3,35.6
118455,2215,43.0851,13.4166,-64.38,902446358580,902542222973,143024752070,143120598016,31.8,34.1,33.3,35.6
118508,2216,43.1086,13.4368,-64.38,905833031220,905928895930,146411390610,146507236864,31.8,34.1,33.3,35.6
118561,2217,43.1227,13.4489,-64.78,909219704372,909315568888,149798029658,149893875712,31.8,35.1,33.3,36.6
118614,2218,43.1354,13.4598,-65.63,912606377012,912702241845,153184668191,153280514560,31.8,35.1,33.3,36.6
118667,2219,43.1180,13.4448,-64.65,915993050164,916088914807,156571307226,156667153408,31.8,34.1,33.3,35.6
118720,2220,43.0898,13.4206,-64.56,919379722804,919475587254,159957945743,160053791744,31.8,34.1,33.3,35.6
118773,2221,43.0884,13.4194,-65.79,922766395956,922862260738,163344584766,163440431104,31.8,34.1,33.3,35.6
118826,2222,43.0509,13.3871,-65.57,926153069108,926248933697,166731223792,166827069952,31.8,34.1,33.3,35.6
118879,2223,43.1227,13.4489,-64.87,929539741748,929635606182,170117862316,170213708288,31.8,34.1,33.3,35.6
118932,2224,43.1086,13.4368,-64.64,932926414900,933022279666,173504501339,173600347648,31.8,34.1,33.3,35.6
118985,2225,43.0945,13.4246,-64.30,936313087540,936408952118,176891139856,176986985984,31.8,34.1,33.3,35.6
119038,2226,43.0664,13.4004,-64.65,939699760692,939795625097,180277778865,180373624832,31.8,34.1,33.3,35.6
119091,2227,43.0804,13.4125,-64.64,943086433332,943182298086,183664417370,183760263680,31.8,34.1,33.3,35.6
119144,2228,43.0711,13.4045,-64.31,946473106484,946568971057,187051056396,187146902528,31.8,35.1,33.3,36.6
119197,2229,43.1213,13.4477,-65.02,949859779124,949955643553,190437694893,190533540864,31.8,34.1,33.3,35.6
119250,2230,43.1086,13.4368,-64.44,953246452276,953342317045,193824333912,193920180224,31.8,34.1,33.3,35.6
119303,2231,43.0851,13.4166,-64.87,956633124916,956728989524,197210972398,197306818560,31.8,34.1,33.3,35.6
119356,2232,43.1367,13.4610,-64.38,960019798068,960115662525,200597611419,200693457408,31.8,35.1,33.3,36.6
119409,2233,43.1307,13.4558,-66.12,963406470708,963502335528,203984249898,204080096256,31.8,34.1,33.3,35.6
119462,2234,43.0744,13.4073,-66.10,966793143860,966889008508,207370888895,207466735104,31.8,35.1,33.3,36.6
119515,2235,43.1414,13.4650,-64.93,970179816500,970275681016,210757527395,210853373440,31.8,34.1,33.3,35.6
119568,2236,43.1213,13.4477,-65.19,973566489652,973662354017,214144166381,214240012288,31.8,34.1,33.3,35.6
119621,2237,43.0650,13.3992,-65.86,976953162292,977049027013,217530804849,217626651136,31.8,34.1,33.3,35.6
119674,2238,43.1133,13.4408,-64.97,980339835444,980435700025,220917443861,221013289984,31.8,35.1,33.3,36.6
119727,2239,43.1133,13.4408,-64.51,983726508084,983822372524,224304082339,224399928320,31.8,34.1,33.3,35.6
119780,2240,43.1227,13.4489,-64.87,987113181236,987209046065,227690721313,227786567680,31.8,35.1,33.3,36.6
119833,2241,43.1166,13.4436,-65.38,990499853876,990595718570,231077359779,231173206016,31.8,35.1,33.3,36.6
119886,2242,43.1039,13.4327,-64.95,993886527028,993982391586,234463998761,234559844864,31.8,35.1,33.3,36.6
119939,2243,43.1072,13.4356,-65.49,997273200180,997369064605,237850637740,237946483712,31.8,34.1,33.3,35.6
119992,2244,43.1119,13.4396,-65.90,1000659872820,1000755737630,241237276204,241333122560,31.8,34.1,33.3,35.6
120045,2245,43.1025,13.4315,-65.90,1004046545972,1004142410665,244623915166,244719761408,31.8,35.1,33.3,36.6
120098,2246,43.1039,13.4327,-64.58,1007433218612,1007529083170,248010553640,248106399744,31.8,34.1,33.3,35.6
120151,2247,43.1072,13.4356,-65.47,1010819891764,1010915756202,251397192607,251493038592,31.8,34.1,33.3,35.6
120204,2248,43.1133,13.4408,-64.71,1014206564404,1014302429235,254783831067,254879677440,31.8,34.1,33.3,35.6
120257,2249,43.0664,13.4004,-64.76,1017593237556,1017689102270,258170470012,258266316288,31.8,34.1,33.3,35.6
120310,2250,43.0650,13.3992,-65.82,1020979910196,1021075774799,261557108456,261652954624,31.8,34.1,33.3,35.6
120363,2251,43.0978,13.4275,-65.15,1024366583348,1024462447846,264943747423,265039593472,31.8,35.1,33.3,36.6
120416,2252,43.1086,13.4368,-64.56,1027753255988,1027849120378,268330385875,268426231808,31.8,34.1,33.3,35.6
120469,2253,43.0791,13.4113,-65.13,1031139929140,1031235793936,271717024812,271812871168,31.8,34.1,33.3,35.6
120522,2254,43.0884,13.4194,-66.51,1034526601780,1034622466476,275103663253,275199509504,31.8,35.1,33.3,36.6
120575,2255,43.0570,13.3923,-64.85,1037913274932,1038009139512,278490302207,278586148352,31.8,35.1,33.3,36.6
120628,2256,43.0758,13.4085,-64.87,1041299948084,1041395812585,281876941141,281972787200,31.8,35.1,33.3,36.6
120681,2257,43.0884,13.4194,-66.28,1044686620724,1044782485118,285263579586,285359425536,31.8,35.1,33.3,36.6
120734,2258,43.1133,13.4408,-64.82,1048073293876,1048169158699,288650218531,288746064896,31.8,35.1,33.3,36.6
120787,2259,43.0744,13.4073,-65.30,1051459966516,1051555831241,292036856945,292132703232,31.8,34.1,33.3,35.6
120840,2260,43.1072,13.4356,-65.11,1054846639668,1054942504304,295423495897,295519342080,31.8,35.1,33.3,36.6
120893,2261,43.1227,13.4489,-64.78,1058233312308,1058329176880,298810134306,298905980416,31.8,35.1,33.3,36.6
120946,2262,43.0884,13.4194,-65.19,1061619985460,1061715849929,302196773240,302292619264,31.8,35.1,33.3,36.6
120999,2263,43.1166,13.4436,-65.27,1065006658100,1065102522495,305583411662,305679257600,31.8,35.1,33.3,36.6
121052,2264,43.1447,13.4679,-65.84,1068393331252,1068489196088,308970050593,309065896960,31.8,35.1,33.3,36.6
121105,2265,43.1039,13.4327,-64.74,1071780004404,1071875869167,312356689500,312452535808,31.8,35.1,33.3,36.6
121158,2266,43.1180,13.4448,-64.91,1075166677044,1075262541743,315743327905,315839174144,31.8,35.1,33.3,36.6
121211,2267,43.1354,13.4598,-65.02,1078553350196,1078649214819,319129966833,319225812992,31.8,35.1,33.3,36.6
121264,2268,43.0791,13.4113,-65.17,1081940022836,1082035887386,322516605219,322612451328,31.8,34.1,33.3,35.6
121317,2269,43.1119,13.4396,-65.02,1085326695988,1085422560474,325903244144,325999090176,31.8,35.1,33.3,36.6
121370,2270,43.1166,13.4436,-65.40,1088713368628,1088809233054,329289882543,329385728512,31.8,35.1,33.3,36.6
121423,2271,43.1354,13.4598,-65.25,1092100041780,1092195906155,332676521449,332772367360,31.8,35.1,33.3,36.6
121476,2272,43.1354,13.4598,-65.65,1095486714420,1095582579251,336063159842,336159006208,31.8,34.1,33.3,35.6
121529,2273,43.1321,13.4570,-64.73,1098873387572,1098969252344,339449798751,339545645056,31.8,35.1,33.3,36.6
121582,2274,43.1039,13.4327,-64.89,2748432948,2844297656,342836437651,342932283904,31.8,35.1,33.3,36.6
121635,2275,43.0462,13.3831,-65.82,6135105588,6230970238,346223076017,346318922240,31.8,34.1,33.3,35.6
121688,2276,43.1025,13.4315,-65.17,9521778740,9617643364,349609714914,349705561088,31.8,34.1,33.3,35.6
121741,2277,43.0851,13.4166,-64.82,12908451380,13004315944,352996353306,353092199424,31.8,34.1,33.3,35.6
121794,2278,43.0804,13.4125,-64.91,16295124532,16390989050,356382992198,356478838272,31.8,35.1,33.3,36.6
121847,2279,43.1260,13.4517,-65.19,19681797172,19777661671,359769630569,359865476608,31.8,35.1,33.3,36.6
121900,2280,43.1086,13.4368,-64.87,23068470324,23164334770,363156269467,363252115456,31.8,35.1,33.3,36.6
121953,2281,43.1119,13.4396,-66.20,26455143476,26551007898,366542908336,366638754304,31.8,34.1,33.3,35.6
122006,2282,43.1213,13.4477,-65.34,29841816116,29937680499,369929546716,370025392640,31.8,34.1,33.3,35.6
122059,2283,43.0931,13.4235,-65.79,33228489268,33324353626,373316185576,373412031488,31.8,35.1,33.3,36.6
122112,2284,43.1133,13.4408,-64.85,36615161908,36711026743,376702823960,376798670336,31.8,34.1,33.3,35.6
122165,2285,43.1494,13.4719,-65.23,40001835060,40097699885,380089462829,380185309184,31.8,34.1,33.3,35.6
122218,2286,43.0744,13.4073,-65.28,43388507700,43484372486,383476101173,383571947520,31.8,35.1,33.3,36.6
122271,2287,43.1039,13.4327,-64.80,46775180852,46871045621,386862740053,386958586368,31.8,34.1,33.3,35.6
122324,2288,43.1279,13.4534,-67.23,50161854004,50257718760,390249378915,390345225216,31.8,35.1,33.3,36.6
122377,2289,43.0697,13.4033,-65.25,53548526644,53644391372,393636017260,393731863552,31.8,34.1,33.3,35.6
122430,2290,43.0945,13.4246,-64.78,56935199796,57031064512,397022656134,397118502400,31.8,35.1,33.3,36.6
122483,2291,43.1072,13.4356,-66.47,60321872436,60417737140,400409294485,400505140736,31.8,34.1,33.3,35.6
122536,2292,43.0851,13.4166,-64.44,63708545588,63804410281,403795933338,403891779584,31.8,35.1,33.3,36.6
122589,2293,43.1086,13.4368,-64.51,67095218740,67191083437,407182572192,407278418432,31.8,35.1,33.3,36.6
122642,2294,43.1180,13.4448,-64.51,70481891380,70577756078,410569210530,410665056768,31.8,34.1,33.3,35.6
122695,2295,43.0898,13.4206,-64.97,73868564532,73964429227,413955849369,414051695616,31.8,35.1,33.3,36.6
122748,2296,43.1025,13.4315,-66.39,77255237172,77351101869,417342487705,417438333952,31.8,35.1,33.3,36.6
122801,2297,43.0851,13.4166,-64.97,80641910324,80737775013,420729126557,420824972800,31.8,35.1,33.3,36.6
122854,2298,43.0945,13.4246,-64.60,84028583476,84124448172,424115765402,424211611648,31.8,34.1,33.3,35.6
122907,2299,43.1227,13.4489,-64.85,87415256116,87511120827,427502403735,427598249984,31.8,34.1,33.3,35.6
122960,2300,43.1119,13.4396,-66.59,90801929268,90897793979,430889042575,430984888832,31.8,35.1,33.3,36.6
123013,2301,43.0763,13.4090,-67.01,94188601908,94284466622,434275680886,434371527168,31.8,34.1,33.3,35.6
123066,2302,43.1307,13.4558,-65.96,97575275060,97671139814,437662319724,437758166016,31.8,35.1,33.3,36.6
123119,2303,43.1354,13.4598,-66.47,100961948212,101057812987,441048958554,441144804864,31.8,35.1,33.3,36.6
123172,2304,43.1213,13.4477,-66.28,104348620852,104444485629,444435596881,444531443200,31.8,35.1,33.3,36.6
123225,2305,43.0838,13.4154,-65.25,107735294004,107831158806,447822235689,447918082048,31.8,34.1,33.3,35.6
123278,2306,43.1086,13.4368,-64.51,111121966644,111217831472,451208874013,451304720384,31.8,35.1,33.3,36.6
123331,2307,43.0884,13.4194,-66.37,114508639796,114604504635,454595512838,454691359232,31.8,35.1,33.3,36.6
123384,2308,43.1133,13.4408,-64.95,117895312948,117991177319,457982151656,458077997568,31.8,34.1,33.3,35.6
123437,2309,43.1227,13.4489,-64.67,121281985588,121377849981,461368789973,461464635904,31.8,35.1,33.3,36.6
123490,2310,43.1307,13.4558,-65.25,124668658740,124764523181,464755428774,464851274752,31.8,34.1,33.3,35.6
123543,2311,43.1232,13.4493,-67.08,128055331380,128151195833,468142067088,468237913088,31.8,34.1,33.3,35.6
123596,2312,43.1354,13.4598,-66.84,131442004532,131537869038,471528705894,471624551936,31.8,35.1,33.3,36.6
123649,2313,43.0998,13.4292,-67.34,134828677684,134924542222,474915344689,475011190784,31.8,35.1,33.3,36.6
123702,2314,43.1025,13.4315,-66.30,138215350324,138311214897,478301982997,478397829120,31.8,34.1,33.3,35.6
123755,2315,43.1086,13.4368,-64.80,141602023476,141697888110,481688621790,481784467968,31.8,35.1,33.3,36.6
123808,2316,43.0931,13.4235,-65.34,144988696116,145084560789,485075260077,485171106304,31.8,35.1,33.3,36.6
123861,2317,43.0998,13.4292,-67.06,148375369268,148471233975,488461898888,488557745152,31.8,34.1,33.3,35.6
123914,2318,43.1133,13.4408,-64.80,151762042420,151857907191,491848537688,491944384000,31.8,34.1,33.3,35.6
123967,2319,43.1508,13.4731,-64.60,155148715060,155244579897,495235175973,495331022336,31.8,35.1,33.3,36.6
124020,2320,43.1508,13.4731,-64.95,158535388212,158631252591,498621814767,498717660672,31.8,34.1,33.3,35.6
124073,2321,43.1447,13.4679,-65.38,161922060852,162017925291,502008453037,502104299008,31.8,34.1,33.3,35.6
124126,2322,43.1166,13.4436,-65.28,165308734004,165404598497,505395091819,505490937856,30.8,34.1,32.3,35.6
124179,2323,43.1119,13.4396,-65.10,168695407156,168791271709,508781730605,508877576704,31.8,35.1,33.3,36.6
124232,2324,43.1119,13.4396,-65.42,172082079796,172177944414,512168368876,512264215040,31.8,35.1,33.3,36.6
124285,2325,43.0884,13.4194,-65.61,175468752948,175564617627,515555007654,515650853888,31.8,34.1,33.3,35.6
124338,2326,43.1119,13.4396,-65.34,178855426100,178951290854,518941646437,519037492736,31.8,35.1,33.3,36.6
124391,2327,43.1180,13.4448,-64.91,182242098740,182337963562,522328284711,522424131072,31.8,34.1,33.3,35.6
124444,2328,43.1321,13.4570,-64.37,185628771892,185724636278,525714923489,525810769408,31.8,34.1,33.3,35.6
124497,2329,43.1321,13.4570,-64.73,189015444532,189111308990,529101561752,529197407744,31.8,34.1,33.3,35.6
124550,2330,43.0744,13.4073,-66.61,192402117684,192497982204,532488200511,532584046592,31.8,34.1,33.3,35.6
124603,2331,43.1180,13.4448,-64.87,195788790836,195884655456,535874839280,535970685440,31.8,34.1,33.3,35.6
124656,2332,43.0758,13.4085,-64.26,199175463476,199271328168,539261477527,539357323776,31.8,35.1,33.3,36.6
124709,2333,43.1119,13.4396,-65.75,202562136628,202658001405,542648116302,542743962624,31.8,35.1,33.3,36.6
124762,2334,43.1260,13.4517,-65.30,205948809780,206044674147,546034755054,546130600960,31.8,35.1,33.3,36.6
124815,2335,43.1776,13.4961,-65.04,209335482420,209431346878,549421393320,549517239296,31.8,35.1,33.3,36.6
124868,2336,43.1072,13.4356,-65.06,212722155572,212818020112,552808032057,552903878144,31.8,35.1,33.3,36.6
124921,2337,43.1039,13.4327,-64.74,216108828212,216204692847,556194670300,556290516480,31.8,35.1,33.3,36.6
124974,2338,43.0744,13.4073,-65.11,219495501364,219591366095,559581309035,559677155328,31.8,35.1,33.3,36.6
125027,2339,43.1508,13.4731,-64.37,222882174516,222978039354,562967947812,563063794176,31.8,35.1,33.3,36.6
125080,2340,43.1072,13.4356,-65.06,226268847156,226364711581,566354586028,566450432000,31.8,34.1,33.3,35.6
125133,2341,43.0884,13.4194,-66.16,229655520308,229751384821,569741224780,569837070848,31.8,35.1,33.3,36.6
125186,2342,43.0898,13.4206,-64.17,233042193460,233138058094,573127863510,573223709696,31.8,34.1,33.3,35.6
125239,2343,43.1119,13.4396,-65.46,236428866100,236524730852,576514501735,576610348032,31.8,34.1,33.3,35.6
125292,2344,43.1260,13.4517,-65.02,239815539252,239911404105,579901140487,579996986880,31.8,34.1,33.3,35.6
125345,2345,43.1367,13.4610,-64.53,243202211892,243298076347,583287778717,583383624704,31.8,35.1,33.3,36.6
125398,2346,43.1025,13.4315,-65.96,246588885044,246684749618,586674417429,586770263552,31.8,34.1,33.3,35.6
125451,2347,43.1180,13.4448,-64.49,249975558196,250071422897,590061056159,590156902400,31.8,35.1,33.3,36.6
125504,2348,43.1213,13.4477,-65.00,253362230836,253458095660,593447694370,593543540736,31.8,34.1,33.3,35.6
125557,2349,43.1260,13.4517,-65.38,256748903988,256844768423,596834333098,596930179072,31.8,35.1,33.3,36.6
125610,2350,43.0978,13.4275,-65.79,260135577140,260231441693,600220971816,600316817920,31.8,35.1,33.3,36.6
125663,2351,43.1072,13.4356,-65.04,263522249780,263618114468,603607610020,603703456256,31.8,35.1,33.3,36.6
125716,2352,43.1166,13.4436,-65.10,266908922932,267004787755,606994248737,607090095104,31.8,35.1,33.3,36.6
125769,2353,43.1227,13.4489,-64.55,270295596084,270391460519,610380887467,610476733440,31.8,35.1,33.3,36.6
125822,2354,43.1086,13.4368,-64.10,273682268724,273778133299,613767525657,613863371776,31.8,35.1,33.3,36.6
125875,2355,43.1166,13.4436,-65.42,277068941876,277164806581,617154164375,617250010624,31.8,34.1,33.3,35.6
125928,2356,43.1274,13.4529,-64.56,280455614516,280551479358,620540802582,620636648960,31.8,34.1,33.3,35.6
125981,2357,43.1166,13.4436,-65.02,283842287668,283938152135,623927441286,624023287296,31.8,34.1,33.3,35.6
126034,2358,43.1072,13.4356,-65.44,287228960820,287324825445,627314079972,627409926144,31.8,34.1,33.3,35.6
126087,2359,43.1180,13.4448,-64.35,290615633460,290711498227,630700718173,630796564480,31.8,34.1,33.3,35.6
126140,2360,43.1213,13.4477,-65.25,294002306612,294098171003,634087356884,634183202816,31.8,35.1,33.3,36.6
126193,2361,43.1086,13.4368,-64.84,297388979764,297484844325,637473995559,637569841664,31.8,35.1,33.3,36.6
126246,2362,43.1227,13.4489,-64.37,300775652404,300871517107,640860633759,640956480000,31.8,34.1,33.3,35.6
126299,2363,43.1166,13.4436,-65.46,304162325556,304258189907,644247272442,644343118336,31.8,35.1,33.3,36.6
126352,2364,43.1321,13.4570,-64.65,307548998708,307644863224,647633911135,647729757184,31.8,34.1,33.3,35.6
126405,2365,43.0931,13.4235,-65.73,310935671348,311031536010,651020549305,651116395520,31.8,35.1,33.3,36.6
126458,2366,43.1180,13.4448,-64.37,314322344500,314418209335,654407187993,654503034368,31.8,35.1,33.3,36.6
126511,2367,43.1227,13.4489,-64.87,317709017652,317804882143,657793826676,657889672704,31.8,35.1,33.3,36.6
126564,2368,43.1039,13.4327,-64.44,321095690292,321191554932,661180464855,661276311040,31.8,35.1,33.3,36.6
126617,2369,43.1555,13.4771,-64.74,324482363444,324578228282,664567103526,664662949888,31.8,34.1,33.3,35.6
126670,2370,43.1307,13.4558,-65.40,327869036596,327964901080,667953742202,668049588224,31.8,35.1,33.3,36.6
126723,2371,43.1119,13.4396,-66.24,331255709236,331351573878,671340380372,671436226560,31.8,35.1,33.3,36.6
126776,2372,43.1180,13.4448,-64.53,334642382388,334738247226,674727019031,674822865408,31.8,34.1,33.3,35.6
126829,2373,43.1321,13.4570,-64.62,338029055540,338124920045,678113657706,678209503744,31.8,35.1,33.3,36.6
126882,2374,43.1213,13.4477,-65.02,341415728180,341511592867,681500295851,681596142080,31.8,34.1,33.3,35.6
126935,2375,43.1260,13.4517,-65.11,344802401332,344898265689,684886934520,684982780416,31.8,34.1,33.3,35.6
126988,2376,43.1072,13.4356,-65.11,348189074484,348284939017,688273573183,688369419264,31.8,35.1,33.3,36.6
127041,2377,43.0791,13.4113,-66.72,351575747124,351671611839,691660211326,691756057600,31.8,34.1,33.3,35.6
127094,2378,43.1119,13.4396,-66.89,354962420276,355058284679,695046849987,695142695936,31.8,35.1,33.3,36.6
127147,2379,43.0791,13.4113,-65.00,358349093428,358444958019,698433488633,698529334784,31.8,34.1,33.3,35.6
127200,2380,43.1307,13.4558,-65.80,361735766068,361831630871,701820126779,701915973120,31.8,35.1,33.3,36.6
127253,2381,43.1401,13.4638,-65.11,365122439220,365218303716,705206765426,705302611456,31.8,35.1,33.3,36.6
127306,2382,43.1307,13.4558,-65.63,368509112372,368604977067,708593404071,708689250304,31.8,34.1,33.3,35.6
127359,2383,43.1635,13.4840,-65.49,371895785012,371991649405,711980042212,712075888128,31.8,34.1,33.3,35.6
127412,2384,43.1227,13.4489,-64.42,375282458164,375378322746,715366680856,715462526976,31.8,35.1,33.3,36.6
127465,2385,43.0884,13.4194,-65.47,378669131316,378764996107,718753319478,718849165824,31.8,35.1,33.3,36.6
127518,2386,43.1180,13.4448,-64.69,382055803956,382151668453,722139957612,722235803648,31.8,35.1,33.3,36.6
127571,2387,43.1414,13.4650,-64.71,385442477108,385538341821,725526596254,725622442496,31.8,35.1,33.3,36.6
127624,2388,43.1025,13.4315,-65.25,388829150260,388925014667,728913234875,729009080832,31.8,35.1,33.3,36.6
127677,2389,43.1086,13.4368,-64.58,392215822900,392311687533,732299872991,732395719168,31.8,34.1,33.3,35.6
127730,2390,43.1541,13.4759,-65.32,395602496052,395698360900,735686511641,735782358016,31.8,34.1,33.3,35.6
127783,2391,43.1307,13.4558,-66.57,398989169204,399085033774,739073150245,739168996352,31.8,34.1,33.3,35.6
127836,2392,43.1307,13.4558,-65.84,402375841844,402471706619,742459788376,742555634688,31.8,35.1,33.3,36.6
127889,2393,43.1447,13.4679,-65.11,405762514996,405858379500,745846426989,745942273024,31.8,35.1,33.3,36.6
127942,2394,43.0945,13.4246,-64.97,409149188148,409245052861,749233065610,749328911872,31.8,35.1,33.3,36.6
127995,2395,43.1180,13.4448,-64.95,412535860788,412631725236,752619703708,752715549696,31.8,35.1,33.3,36.6
128048,2396,43.1307,13.4558,-65.32,415922533940,416018398623,756006342323,756102188544,31.8,34.1,33.3,35.6
128101,2397,43.1180,13.4448,-64.80,419309207092,419405071481,759392980951,759488826880,31.8,35.1,33.3,36.6
128154,2398,43.0992,13.4287,-64.38,422695880244,422791744874,762779619550,762875465728,31.8,35.1,33.3,36.6
128207,2399,43.1354,13.4598,-65.28,426082552884,426178417256,766166257645,766262103552,31.8,35.1,33.3,36.6
128260,2400,43.0931,13.4235,-65.28,429469226036,429565090631,769552896251,769648742400,31.8,34.1,33.3,35.6
128313,2401,43.1494,13.4719,-66.20,432855899188,432951764029,772939534877,773035381248,31.8,34.1,33.3,35.6
128366,2402,43.1039,13.4327,-64.53,436242571828,436338436398,776326172956,776422019072,31.8,34.1,33.3,35.6
128419,2403,43.1414,13.4650,-64.44,439629244980,439725109812,779712811559,779808657920,31.8,35.1,33.3,36.6
128472,2404,43.1039,13.4327,-64.84,443015918132,443111782698,783099450145,783195296256,31.8,35.1,33.3,36.6
128525,2405,43.1401,13.4638,-65.11,446402590772,446498455603,786486088227,786581934592,31.8,35.1,33.3,36.6
128578,2406,43.1274,13.4529,-64.93,449789263924,449885128490,789872726827,789968572928,31.8,35.1,33.3,36.6
128631,2407,43.1307,13.4558,-65.13,453175937076,453271801895,793259365420,793355211776,31.8,35.1,33.3,36.6
128684,2408,43.1274,13.4529,-64.89,456562609716,456658474277,796646003504,796741849600,31.8,35.1,33.3,36.6
128737,2409,43.1494,13.4719,-65.49,459949282868,460045147695,800032642091,800128488448,31.8,35.1,33.3,36.6
128790,2410,43.1086,13.4368,-64.44,463335956020,463431820590,803419280670,803515126784,31.8,34.1,33.3,35.6
128843,2411,43.1541,13.4759,-65.65,466722629172,466818494013,806805919264,806901765632,31.8,34.1,33.3,35.6
128896,2412,43.1039,13.4327,-64.87,470109301812,470205166388,810192557334,810288403456,31.8,35.1,33.3,36.6
128949,2413,43.1260,13.4517,-66.95,473495974964,473591839815,813579195914,813675042304,31.8,35.1,33.3,36.6
129002,2414,43.0978,13.4275,-65.90,476882648116,476978512731,816965834474,817061680640,31.8,35.1,33.3,36.6
129055,2415,43.1367,13.4610,-64.82,480269320756,480365185138,820352472550,820448318464,31.8,34.1,33.3,35.6
129108,2416,43.1119,13.4396,-65.59,483655993908,483751858548,823739111126,823834957312,31.8,34.1,33.3,35.6
129161,2417,43.1307,13.4558,-65.55,487042667060,487138531482,827125749688,827221595648,31.8,34.1,33.3,35.6
129214,2418,43.1086,13.4368,-64.56,490429340212,490525204911,830512388253,830608234496,31.8,34.1,33.3,35.6
129267,2419,43.1213,13.4477,-65.27,493816012852,493911877318,833899026313,833994872320,31.8,35.1,33.3,36.6
129320,2420,43.1166,13.4436,-66.39,497202686004,497298550770,837285664859,837381511168,31.8,35.1,33.3,36.6
129373,2421,43.1119,13.4396,-65.17,500589359156,500685223679,840672303436,840768149504,31.8,35.1,33.3,36.6
129426,2422,43.1180,13.4448,-64.65,503976031796,504071896624,844058941473,844154787840,31.8,35.1,33.3,36.6
129479,2423,43.1185,13.4453,-67.29,507362704948,507458569552,847445580023,847541426176,31.8,34.1,33.3,35.6
129532,2424,43.1321,13.4570,-64.51,510749378100,510845242491,850832218587,850928064512,31.8,35.1,33.3,36.6
129585,2425,43.1133,13.4408,-64.65,514136051252,514231915948,854218857123,854314703360,31.8,35.1,33.3,36.6
129638,2426,43.1307,13.4558,-65.47,517522723892,517618588372,857605495167,857701341184,31.8,34.1,33.3,35.6
129691,2427,43.1354,13.4598,-65.86,520909397044,521005261823,860992133718,861087980032,31.8,34.1,33.3,35.6
129744,2428,43.1213,13.4477,-65.38,524296070196,524391934768,864378772254,864474618368,31.8,35.1,33.3,36.6
129797,2429,43.1461,13.4691,-64.87,527682742836,527778607224,867765410276,867861256192,31.8,35.1,33.3,36.6
129850,2430,43.1494,13.4719,-65.10,531069415988,531165280686,871152048813,871247895040,31.8,34.1,33.3,35.6
129903,2431,43.1447,13.4679,-65.77,534456089140,534551953632,874538687352,874634533376,31.8,35.1,33.3,36.6
129956,2432,43.1494,13.4719,-66.26,537842762292,537938627099,877925325888,878021172224,31.8,35.1,33.3,36.6
130009,2433,43.1025,13.4315,-65.30,541229434932,541325299525,881311963906,881407810048,31.8,35.1,33.3,36.6
130062,2434,43.1354,13.4598,-65.34,544616108084,544711972495,884698602438,884794448384,31.8,34.1,33.3,35.6
130115,2435,43.1213,13.4477,-66.10,548002781236,548098645968,888085240959,888181087232,31.8,34.1,33.3,35.6
130168,2436,43.1260,13.4517,-65.32,551389454388,551485318931,891471879486,891567725568,31.8,35.1,33.3,36.6
130221,2437,43.1307,13.4558,-65.47,554776127028,554871991397,894858517486,894954363392,31.8,34.1,33.3,35.6
130274,2438,43.1354,13.4598,-66.14,558162800180,558258664880,898245156004,898341002240,31.8,34.1,33.3,35.6
130327,2439,43.1321,13.4570,-64.55,561549473332,561645337839,901631794536,901727640576,31.8,35.1,33.3,36.6
130380,2440,43.1274,13.4529,-64.64,564936145972,565032010811,905018432538,905114278912,31.8,35.1,33.3,36.6
130433,2441,43.1260,13.4517,-65.84,568322819124,568418683777,908405071056,908500917248,31.8,34.1,33.3,35.6
130486,2442,43.1508,13.4731,-64.85,571709492276,571805356774,911791709560,911887555584,31.8,35.1,33.3,36.6
130539,2443,43.1461,13.4691,-64.62,575096165428,575192030266,915178348067,915274194432,31.8,35.1,33.3,36.6
130592,2444,43.1461,13.4691,-64.82,578482838068,578578702723,918564986073,918660832256,31.8,34.1,33.3,35.6
130645,2445,43.1508,13.4731,-64.78,581869511220,581965375727,921951624560,922047470592,31.8,34.1,33.3,35.6
130698,2446,43.1508,13.4731,-64.67,585256184372,585352049211,925338263076,925434109440,31.8,34.1,33.3,35.6
130751,2447,43.1180,13.4448,-64.98,588642857524,588738722208,928724901553,928820747776,31.8,35.1,33.3,36.6
130804,2448,43.1133,13.4408,-64.47,592029530164,592125394672,932111539550,932207385600,31.8,35.1,33.3,36.6
130857,2449,43.1514,13.4736,-67.25,595416203316,595512067674,935498178042,935594023936,31.8,34.1,33.3,35.6
130910,2450,43.1414,13.4650,-64.67,598802876468,598898741179,938884816544,938980662784,31.8,35.1,33.3,36.6
130963,2451,43.1227,13.4489,-64.73,602189549620,602285414191,942271455011,942367301120,31.8,34.1,33.3,35.6
131016,2452,43.1307,13.4558,-66.74,605576222260,605672086654,945658093012,945753938944,31.8,34.1,33.3,35.6
131069,2453,43.1354,13.4598,-66.12,608962895412,609058760190,949044731479,949140577792,31.8,35.1,33.3,36.6
131122,2454,43.1166,13.4436,-65.27,612349567028,612445431649,952431368427,952527214592,31.8,35.1,33.3,36.6
131175,2455,43.1401,13.4638,-66.24,615736239668,615832104138,955818006412,955913852416,31.8,34.1,33.3,35.6
131228,2456,43.1555,13.4771,-64.58,619122912820,619218777661,959204644899,959300491264,31.8,35.1,33.3,36.6
131281,2457,43.1367,13.4610,-64.46,622509585972,622605450675,962591283365,962687129600,31.8,35.1,33.3,36.6
131334,2458,43.1274,13.4529,-64.51,625896259124,625992123687,965977921837,966073767936,31.8,35.1,33.3,36.6
131387,2459,43.1588,13.4800,-65.17,629282933812,629378798247,969364561847,969460407808,31.8,35.1,33.3,36.6
131440,2460,43.1213,13.4477,-66.91,632669606452,632765471254,972751199801,972847046144,31.8,34.1,33.3,35.6
131493,2461,43.1354,13.4598,-65.69,636056279604,636152144266,976137838282,976233684480,31.8,35.1,33.3,36.6
131546,2462,43.1133,13.4408,-64.98,639442952756,639538817278,979524476752,979620322816,31.8,34.1,33.3,35.6
131599,2463,43.1260,13.4517,-65.86,642829625908,642925490312,982911115208,983006961152,31.8,34.1,33.3,35.6
131652,2464,43.1260,13.4517,-65.10,646216298548,646312163337,986297753160,986393599488,31.8,35.1,33.3,36.6
131705,2465,43.1260,13.4517,-66.53,649602971700,649698836362,989684391623,989780237824,31.8,35.1,33.3,36.6
131758,2466,43.1588,13.4800,-65.17,652989644852,653085509405,993071030082,993166876160,31.8,34.1,33.3,35.6
131811,2467,43.1541,13.4759,-65.15,656376318004,656472182440,996457668533,996553514496,31.8,35.1,33.3,36.6
131864,2468,43.1321,13.4570,-64.71,659762990644,659858855472,999844306471,999940152832,31.8,35.1,33.3,36.6
131917,2469,43.1227,13.4489,-64.33,663149663796,663245528500,1003230944926,1003326791168,31.8,35.1,33.3,36.6
131970,2470,43.1213,13.4477,-66.28,666536336948,666632201531,1006617583379,1006713429504,31.8,35.1,33.3,36.6
132023,2471,43.1494,13.4719,-65.13,669923010100,670018874577,1010004221834,1010100067840,31.8,35.1,33.3,36.6
132076,2472,43.1260,13.4517,-65.15,673309682740,673405547116,1013390859749,1013486705664,31.8,35.1,33.3,36.6
132129,2473,43.1260,13.4517,-65.04,676696355892,676792220661,1016777498204,1016873344512,31.8,34.1,33.3,35.6
132182,2474,43.1180,13.4448,-64.98,680083029044,680178893702,1020164136651,1020259982848,31.8,34.1,33.3,35.6
132235,2475,43.1227,13.4489,-64.73,683469702196,683565566762,1023550775081,1023646621184,31.8,35.1,33.3,36.6
132288,2476,43.1321,13.4570,-64.84,686856375348,686952239798,1026937413536,1027033259520,31.8,35.1,33.3,36.6
132341,2477,43.1588,13.4800,-65.19,690243047988,690338912357,1030324051450,1030419897344,31.8,35.1,33.3,36.6
132394,2478,43.1180,13.4448,-64.62,693629721140,693725585909,1033710689883,1033806536192,31.8,35.1,33.3,36.6
132447,2479,43.1307,13.4558,-65.11,697016394292,697112258978,1037097328304,1037193174528,31.8,35.1,33.3,36.6
132500,2480,43.1274,13.4529,-64.38,700403067444,700498932024,1040483966749,1040579812864,31.8,35.1,33.3,36.6
132553,2481,43.1367,13.4610,-64.98,703789740084,703885604586,1043870604655,1043966450688,31.8,35.1,33.3,36.6
132606,2482,43.1354,13.4598,-65.02,707176413236,707272277631,1047257243093,1047353089024,31.8,35.1,33.3,36.6
132659,2483,43.1649,13.4852,-64.56,710563086388,710658951230,1050643881511,1050739727872,31.8,35.1,33.3,36.6
132712,2484,43.1307,13.4558,-65.15,713949759540,714045624296,1054030519915,1054126366208,31.8,35.1,33.3,36.6
132765,2485,43.1447,13.4679,-65.13,717336432692,717432297344,1057417158360,1057513004544,31.8,35.1,33.3,36.6
132818,2486,43.0945,13.4246,-64.47,720723105332,720818969906,1060803796244,1060899642368,31.8,35.1,33.3,36.6
132871,2487,43.1180,13.4448,-64.38,724109778484,724205642987,1064190434662,1064286280704,31.8,35.1,33.3,36.6
132924,2488,43.1461,13.4691,-64.85,727496451636,727592316075,1067577073073,1067672919040,31.8,35.1,33.3,36.6
132977,2489,43.1748,13.4938,-67.34,730883124788,730978989151,1070963711487,1071059557376,31.8,35.1,33.3,36.6
133030,2490,43.1541,13.4759,-65.02,734269797428,734365662218,1074350349394,1074446195712,31.8,35.1,33.3,36.6
133083,2491,43.1354,13.4598,-66.57,737656470580,737752335294,1077736987798,1077832834048,31.8,35.1,33.3,36.6
133136,2492,43.1274,13.4529,-64.51,741043143732,741139008374,1081123626206,1081219472384,31.8,35.1,33.3,36.6
133189,2493,43.1321,13.4570,-64.55,744429816884,744525681467,1084510264604,1084606110720,31.8,34.1,33.3,35.6
133242,2494,43.1414,13.4650,-64.69,747816490036,747912354558,1087896903005,1087992749056,31.8,35.1,33.3,36.6
133295,2495,43.1541,13.4759,-65.34,751203162676,751299027137,1091283540891,1091379386880,31.8,35.1,33.3,36.6
133348,2496,43.1555,13.4771,-64.67,754589835828,754685700227,1094670179294,1094766025216,31.8,34.1,33.3,35.6
133401,2497,43.1494,13.4719,-65.80,757976508980,758072373831,1098056817684,1098152664064,31.8,35.1,33.3,36.6
133454,2498,43.1401,13.4638,-65.28,761363182132,761459046935,1931828288,2027674624,31.8,35.1,33.3,36.6
133507,2499,43.1508,13.4731,-64.91,764749854772,764845719535,5318466159,5414312448,31.8,35.1,33.3,36.6
133560,2500,43.1086,13.4368,-64.53,768136527924,768232392618,8705104547,8800950784,31.8,35.1,33.3,36.6
133613,2501,43.1321,13.4570,-64.38,771523201076,771619065719,12091742943,12187589120,31.8,34.1,33.3,35.6
133666,2502,43.1461,13.4691,-64.91,774909874228,775005738817,15478381339,15574227456,31.8,35.1,33.3,36.6
133719,2503,43.1682,13.4881,-65.10,778296547380,778392411938,18865019713,18960865792,31.8,34.1,33.3,35.6
133772,2504,43.1321,13.4570,-64.73,781683220020,781779084527,22251657575,22347503616,31.8,34.1,33.3,35.6
133825,2505,43.1682,13.4881,-65.17,785069893172,785165757634,25638295968,25734141952,31.8,35.1,33.3,36.6
133878,2506,43.1607,13.4816,-67.12,788456566324,788552430759,29024934321,29120780288,31.8,35.1,33.3,36.6
133931,2507,43.1307,13.4558,-66.22,791843239476,791939103860,32411572702,32507418624,31.8,35.1,33.3,36.6
133984,2508,43.1494,13.4719,-65.67,795229912628,795325777499,35798211072,35894057472,31.8,35.1,33.3,36.6
134037,2509,43.1367,13.4610,-64.44,798616585268,798712450105,39184848927,39280695296,31.8,35.1,33.3,36.6
134090,2510,43.1654,13.4857,-67.16,802003258420,802099123230,42571487292,42667333632,31.8,35.1,33.3,36.6
134143,2511,43.1321,13.4570,-64.60,805389931572,805485796348,45958125659,46053971968,31.8,35.1,33.3,36.6
134196,2512,43.1260,13.4517,-65.11,808776604724,808872469480,49344764008,49440610304,31.8,34.1,33.3,35.6
134249,2513,43.1321,13.4570,-64.97,812163277364,812259142080,52731401879,52827248128,31.8,35.1,33.3,36.6
134302,2514,43.1321,13.4570,-64.33,815549950516,815645815219,56118040228,56213886464,31.8,35.1,33.3,36.6
134355,2515,43.1401,13.4638,-65.04,818936623668,819032488356,59504678578,59600524800,31.8,35.1,33.3,36.6
134408,2516,43.1307,13.4558,-66.91,822323296820,822419161469,62891316950,62987163136,31.8,35.1,33.3,36.6
134461,2517,43.1274,13.4529,-64.21,825709969972,825805834616,66277955292,66373801472,31.8,35.1,33.3,36.6
134514,2518,43.1541,13.4759,-66.26,829096642612,829192507255,69664593125,69760439296,31.8,35.1,33.3,36.6
134567,2519,43.1274,13.4529,-64.80,832483315764,832579180393,73051231467,73147077632,31.8,35.1,33.3,36.6
134620,2520,43.1776,13.4961,-65.17,835869988916,835965853541,76437869825,76533715968,31.8,35.1,33.3,36.6
134673,2521,43.1307,13.4558,-65.10,839256662068,839352526667,79824508168,79920354304,31.8,35.1,33.3,36.6
134726,2522,43.1321,13.4570,-64.73,842643335220,842739199812,83211146515,83306992640,31.8,35.1,33.3,36.6
134779,2523,43.1166,13.4436,-65.30,846030007860,846125872444,86597784337,86693630464,31.8,34.1,33.3,35.6
134832,2524,43.1354,13.4598,-65.65,849416681012,849512545600,89984422677,90080268800,31.8,35.1,33.3,36.6
134885,2525,43.1227,13.4489,-64.74,852803354164,852899218746,93371061016,93466907136,31.8,34.1,33.3,35.6
134938,2526,43.1213,13.4477,-66.74,856190027316,856285891907,96757699340,96853545472,31.8,34.1,33.3,35.6
134991,2527,43.1696,13.4893,-64.89,859576700468,859672565082,100144337677,100240183808,31.8,35.1,33.3,36.6
135044,2528,43.1180,13.4448,-64.97,862963373108,863059237728,103530975473,103626821632,31.8,35.1,33.3,36.6
135097,2529,43.1260,13.4517,-65.21,866350046260,866445910890,106917613799,107013459968,31.8,35.1,33.3,36.6
135150,2530,43.1307,13.4558,-66.39,869736719412,869832584048,110304252131,110400098304,31.8,35.1,33.3,36.6
135203,2531,43.1307,13.4558,-66.63,873123392564,873219257210,113690890457,113786736640,31.8,35.1,33.3,36.6
135256,2532,43.1401,13.4638,-65.69,876510065716,876605930382,117077528777,117173374976,31.8,35.1,33.3,36.6
135309,2533,43.1367,13.4610,-64.44,879896738356,879992603053,120464166572,120560012800,31.8,35.1,33.3,36.6
135362,2534,43.1321,13.4570,-64.24,883283411508,883379276214,123850804897,123946651136,31.8,35.1,33.3,36.6
135415,2535,43.1494,13.4719,-66.16,886670084660,886765949393,127237443209,127333289472,31.8,35.1,33.3,36.6
135468,2536,43.1274,13.4529,-64.46,890056757812,890152622577,130624081508,130719927808,31.8,35.1,33.3,36.6
135521,2537,43.1508,13.4731,-64.85,893443430964,893539295749,134010719833,134106566144,31.8,35.1,33.3,36.6
135574,2538,43.1321,13.4570,-64.93,896830103604,896925968430,137397357608,137493203968,31.8,35.1,33.3,36.6
135627,2539,43.1321,13.4570,-64.67,900216776756,900312641594,140783995933,140879842304,31.8,35.1,33.3,36.6
135680,2540,43.1682,13.4881,-65.15,903603449908,903699314291,144170634223,144266480128,31.8,35.1,33.3,36.6
135733,2541,43.1588,13.4800,-65.08,906990123060,907085987457,147557272541,147653118464,31.8,35.1,33.3,36.6
135786,2542,43.1555,13.4771,-64.38,910376796212,910472660659,150943910829,151039756800,31.8,35.1,33.3,36.6
135839,2543,43.1635,13.4840,-66.12,913763469364,913859333847,154330549130,154426395136,31.8,35.1,33.3,36.6
135892,2544,43.1461,13.4691,-64.21,917150142004,917246006520,157717186917,157813032960,31.8,35.1,33.3,36.6
135945,2545,43.1401,13.4638,-65.00,920536815156,920632679726,161103825193,161199671296,31.8,34.1,33.3,35.6
135998,2546,43.1461,13.4691,-64.97,923923488308,924019352914,164490463498,164586309632,31.8,34.1,33.3,35.6
136051,2547,43.1166,13.4436,-66.65,927310161460,927406026099,167877101786,167972947968,31.8,34.1,33.3,35.6
136104,2548,43.1274,13.4529,-64.62,930696834612,930792699311,171263740070,171359586304,31.8,35.1,33.3,36.6
136157,2549,43.1213,13.4477,-66.04,934083507252,934179372010,174650377829,174746224128,31.8,34.1,33.3,35.6
136210,2550,43.1682,13.4881,-65.94,937470180404,937566045218,178037016129,178132862464,31.8,35.1,33.3,36.6
136263,2551,43.1870,13.5042,-65.42,940856853556,940952718414,181423654428,181519500800,31.8,34.1,33.3,35.6
136316,2552,43.1461,13.4691,-64.58,944243526708,944339391104,184810292701,184906138624,31.8,35.1,33.3,36.6
136369,2553,43.1541,13.4759,-66.18,947630199860,947726064314,188196930978,188292776960,31.8,34.1,33.3,35.6
136422,2554,43.1555,13.4771,-64.44,951016873012,951112737531,191583569253,191679415296,31.8,35.1,33.3,36.6
136475,2555,43.1307,13.4558,-65.75,954403545652,954499410229,194970207006,195066053120,31.8,35.1,33.3,36.6
136528,2556,43.1414,13.4650,-64.47,957790218804,957886083445,198356845285,198452691456,31.8,34.1,33.3,35.6
136581,2557,43.1307,13.4558,-65.06,961176891956,961272756663,201743483547,201839329792,31.8,35.1,33.3,36.6
136634,2558,43.1321,13.4570,-64.51,964563565108,964659429878,205130121825,205225968128,31.8,35.1,33.3,36.6
136687,2559,43.1743,13.4933,-64.78,967950238260,968046103104,208516760104,208612606464,31.8,35.1,33.3,36.6
136740,2560,43.1602,13.4812,-64.89,971336911412,971432775809,211903398369,211999244288,31.8,34.1,33.3,35.6
136793,2561,43.1790,13.4973,-64.93,974723584052,974819448526,215290036124,215385882112,31.8,35.1,33.3,36.6
136846,2562,43.1555,13.4771,-64.95,978110257204,978206121761,218676674367,218772520448,31.8,35.1,33.3,36.6
136899,2563,43.1508,13.4731,-64.95,981496930356,981592794993,222063312622,222159158784,31.8,35.1,33.3,36.6
136952,2564,43.1180,13.4448,-64.03,984883603508,984979468215,225449950874,225545797120,31.8,34.1,33.3,35.6
137005,2565,43.1541,13.4759,-65.25,988270276660,988366141447,228836589141,228932435456,31.8,35.1,33.3,36.6
137058,2566,43.1635,13.4840,-65.10,991656949812,991752814183,232223227386,232319073280,31.8,35.1,33.3,36.6
137111,2567,43.1508,13.4731,-64.33,995043622452,995139486896,235609865135,235705711104,31.8,34.1,33.3,35.6
137164,2568,43.1729,13.4921,-65.27,998430295604,998526160135,238996503389,239092349440,31.8,35.1,33.3,36.6
137217,2569,43.1227,13.4489,-64.44,1001816968756,1001912833386,242383141609,242478987776,31.8,35.1,33.3,36.6
137270,2570,43.1588,13.4800,-65.25,1005203641908,1005299506628,245769779867,245865626112,31.8,34.1,33.3,35.6
137323,2571,43.1321,13.4570,-64.60,1008590315060,1008686179890,249156418085,249252264448,31.8,34.1,33.3,35.6
137376,2572,43.1682,13.4881,-65.15,1011976988212,1012072852624,252543056339,252638902272,31.8,35.1,33.3,36.6
137429,2573,43.1447,13.4679,-66.26,1015363660852,1015459525361,255929694056,256025540096,31.8,35.1,33.3,36.6
137482,2574,43.1461,13.4691,-64.74,1018750334004,1018846198629,259316332279,259412178432,31.8,34.1,33.3,35.6
137535,2575,43.1461,13.4691,-64.74,1022137007156,1022232871877,262702970519,262798816768,31.8,35.1,33.3,36.6
137588,2576,43.1461,13.4691,-64.33,1025523680308,1025619545144,266089608741,266185455104,31.8,34.1,33.3,35.6
137641,2577,43.1555,13.4771,-64.46,1028910353460,1029006217906,269476246958,269572092928,31.8,35.1,33.3,36.6
137694,2578,43.1555,13.4771,-64.71,1032297026612,1032392891173,272862885180,272958731264,31.8,35.1,33.3,36.6
137747,2579,43.1729,13.4921,-65.11,1035683699764,1035779564435,276249523409,276345369600,31.8,35.1,33.3,36.6
137800,2580,43.1776,13.4961,-65.15,1039070372404,1039166237198,279636161113,279732007424,31.8,35.1,33.3,36.6
137853,2581,43.1588,13.4800,-65.21,1042457045556,1042552909958,283022799321,283118645248,31.8,35.1,33.3,36.6
137906,2582,43.1401,13.4638,-65.86,1045843718708,1045939583228,286409437531,286505283584,31.8,35.1,33.3,36.6
137959,2583,43.1307,13.4558,-66.35,1049230391860,1049326256502,289796075740,289891921920,31.8,34.1,33.3,35.6
138012,2584,43.1508,13.4731,-64.80,1052617065012,1052712929796,293182713947,293278560256,31.8,35.1,33.3,36.6
138065,2585,43.1729,13.4921,-65.42,1056003738164,1056099602569,296569352155,296665198080,31.8,34.1,33.3,35.6
138118,2586,43.1823,13.5002,-65.15,1059390411316,1059486275866,299955990351,300051836416,31.8,35.1,33.3,36.6
138171,2587,43.1635,13.4840,-65.02,1062777083956,1062872948642,303342628030,303438474240,31.8,35.1,33.3,36.6
138224,2588,43.1274,13.4529,-64.56,1066163757108,1066259621937,306729266212,306825112576,31.8,35.1,33.3,36.6
138277,2589,43.1414,13.4650,-64.17,1069550430260,1069646294716,310115904415,310211750400,31.8,34.1,33.3,35.6
138330,2590,43.1367,13.4610,-64.74,1072937103412,1073032968004,313502542613,313598388736,31.8,35.1,33.3,36.6
138383,2591,43.1447,13.4679,-65.06,1076323776564,1076419641309,316889180796,316985027072,31.8,35.1,33.3,36.6
138436,2592,43.1649,13.4852,-64.08,1079710449716,1079806314105,320275818987,320371664896,31.8,35.1,33.3,36.6
138489,2593,43.1555,13.4771,-64.78,1083097122868,1083192987397,323662457180,323758303232,31.8,35.1,33.3,36.6
138542,2594,43.1461,13.4691,-64.37,1086483796020,1086579660716,327049095344,327144941568,31.8,35.1,33.3,36.6
138595,2595,43.1274,13.4529,-64.67,1089870468660,1089966333499,330435733018,330531579392,31.8,35.1,33.3,36.6
138648,2596,43.1649,13.4852,-64.64,1093257141812,1093353006315,333822371193,333918217216,31.8,35.1,33.3,36.6
138701,2597,43.1180,13.4448,-64.98,1096643814964,1096739679607,337209009369,337304855552,31.8,35.1,33.3,36.6
138754,2598,43.1602,13.4812,-64.53,518860340,614725168,340595647539,340691493888,31.8,35.1,33.3,36.6
138807,2599,43.1823,13.5002,-65.51,3905533492,4001397970,343982285719,344078131712,31.8,35.1,33.3,36.6
138860,2600,43.1461,13.4691,-64.37,7292206644,7388071291,347368923873,347464770048,31.8,35.1,33.3,36.6
138913,2601,43.1555,13.4771,-64.80,10678879796,10774744623,350755562033,350851408384,31.8,35.1,33.3,36.6
138966,2602,43.1696,13.4893,-64.95,14065552948,14161417422,354142200217,354238046208,31.8,35.1,33.3,36.6
139019,2603,43.1367,13.4610,-64.53,17452225588,17548090237,357528837852,357624684032,31.8,35.1,33.3,36.6
139072,2604,43.1447,13.4679,-65.65,20838898740,20934763568,360915476009,361011322368,31.8,35.1,33.3,36.6
139125,2605,43.1508,13.4731,-64.49,24225571892,24321436398,364302114161,364397960192,31.8,34.1,33.3,35.6
139178,2606,43.1729,13.4921,-66.95,27612245044,27708109733,367688752320,367784598528,31.8,35.1,33.3,36.6
139231,2607,43.1917,13.5082,-65.27,30998918196,31094783075,371075390474,371171236864,31.8,35.1,33.3,36.6
139284,2608,43.1729,13.4921,-65.21,34385591348,34481455892,374462028624,374557874688,31.8,35.1,33.3,36.6
139337,2609,43.1870,13.5042,-65.44,37772264500,37868129238,377848666773,377944513024,31.8,35.1,33.3,36.6
139390,2610,43.1917,13.5082,-65.57,41158937652,41254802076,381235304913,381331150848,31.8,34.1,33.3,35.6
139443,2611,43.1936,13.5099,-67.34,44545610804,44641475419,384621943051,384717789184,31.8,35.1,33.3,36.6
139496,2612,43.1588,13.4800,-66.24,47932283444,48028148257,388008580670,388104427008,31.8,35.1,33.3,36.6
139549,2613,43.1682,13.4881,-66.72,51318956596,51414821096,391395218810,391491064832,31.8,35.1,33.3,36.6
139602,2614,43.1541,13.4759,-65.84,54705629748,54801494456,394781856933,394877703168,31.8,35.1,33.3,36.6
139655,2615,43.1461,13.4691,-64.73,58092302900,58188167286,398168495079,398264340992,31.8,35.1,33.3,36.6
139708,2616,43.1414,13.4650,-64.85,61478976052,61574840641,401555133210,401650979328,31.8,35.1,33.3,36.6
139761,2617,43.1729,13.4921,-65.17,64865649204,64961514019,404941771330,405037617664,31.8,35.1,33.3,36.6
139814,2618,43.1588,13.4800,-65.28,68252322356,68348186864,408328409455,408424255488,31.8,35.1,33.3,36.6
139867,2619,43.1133,13.4408,-64.46,71638995508,71734860215,411715047576,411810893824,31.8,35.1,33.3,36.6
139920,2620,43.1823,13.5002,-65.25,75025668660,75121533088,415101685705,415197531648,31.8,35.1,33.3,36.6
139973,2621,43.1180,13.4448,-64.47,78412341300,78508205934,418488323299,418584169472,31.8,35.1,33.3,36.6
140026,2622,43.1823,13.5002,-66.06,81799014452,81894879302,421874961442,421970807808,31.8,35.1,33.3,36.6
140079,2623,43.1555,13.4771,-64.65,85185687604,85281552171,425261599542,425357445632,31.8,35.1,33.3,36.6
140132,2624,43.1541,13.4759,-65.11,88572360756,88668225537,428648237660,428744083968,31.8,35.1,33.3,36.6
140185,2625,43.1635,13.4840,-65.36,91959033908,92054898410,432034875767,432130721792,31.8,35.1,33.3,36.6
140238,2626,43.1555,13.4771,-64.91,95345707060,95441571777,435421513887,435517360128,31.8,35.1,33.3,36.6
140291,2627,43.1541,13.4759,-65.15,98732380212,98828244659,438808151977,438903997952,31.8,35.1,33.3,36.6
140344,2628,43.1729,13.4921,-65.00,102119053364,102214918031,442194790101,442290636288,31.8,35.1,33.3,36.6
140397,2629,43.1743,13.4933,-64.58,105505726516,105601590910,445581428203,445677274112,31.8,35.1,33.3,36.6
140450,2630,43.1790,13.4973,-64.80,108892399668,108988264301,448968066301,449063912448,31.8,35.1,33.3,36.6
140503,2631,43.1541,13.4759,-65.73,112279072308,112374937159,452354703893,452450550272,31.8,35.1,33.3,36.6
140556,2632,43.0898,13.4206,-64.46,115665745460,115761610028,455741341976,455837188096,31.8,35.1,33.3,36.6
140609,2633,43.1635,13.4840,-66.93,119052418612,119148283447,459127980073,459223826432,31.8,35.1,33.3,36.6
140662,2634,43.1743,13.4933,-64.87,122439091764,122534956321,462514618183,462610464256,31.8,35.1,33.3,36.6
140715,2635,43.1776,13.4961,-65.02,125825764916,125921629713,465901256278,465997102592,31.8,35.1,33.3,36.6
140768,2636,43.1367,13.4610,-64.53,129212438068,129308302588,469287894364,469383740416,31.8,35.1,33.3,36.6
140821,2637,43.1508,13.4731,-64.47,132599111220,132694975997,472674532450,472770378752,31.8,35.1,33.3,36.6
140874,2638,43.1461,13.4691,-64.44,135985784372,136081648887,476061170533,476157016576,31.8,35.1,33.3,36.6
140927,2639,43.1227,13.4489,-64.60,139372457524,139468322295,479447808603,479543654912,31.8,35.1,33.3,36.6
140980,2640,43.1227,13.4489,-64.44,142759130676,142854995184,482834446691,482930292736,31.8,35.1,33.3,36.6
141033,2641,43.1461,13.4691,-64.47,146145803316,146241668088,486221084260,486316930560,31.8,35.1,33.3,36.6
141086,2642,43.1588,13.4800,-65.51,149532476468,149628340980,489607722346,489703568384,31.8,35.1,33.3,36.6
141139,2643,43.1635,13.4840,-65.00,152919149620,153015014400,492994360416,493090206720,31.8,35.1,33.3,36.6
141192,2644,43.1555,13.4771,-64.85,156305822772,156401687300,496380998492,496476844544,31.8,35.1,33.3,36.6
141245,2645,43.2011,13.5163,-66.49,159692495924,159788360743,499767636554,499863482880,31.8,35.1,33.3,36.6
141298,2646,43.1649,13.4852,-64.33,163079169076,163175033645,503154274616,503250120704,31.8,35.1,33.3,36.6
141351,2647,43.1555,13.4771,-64.38,166465842228,166561707067,506540912678,506636759040,31.8,35.1,33.3,36.6
141404,2648,43.1447,13.4679,-66.91,169852515380,169948379967,509927550745,510023396864,31.8,35.1,33.3,36.6
141457,2649,43.2151,13.5284,-65.75,173239188532,173335053421,513314188809,513410035200,31.8,35.1,33.3,36.6
141510,2650,43.1180,13.4448,-64.42,176625861684,176721726315,516700826853,516796673024,31.8,35.1,33.3,36.6
141563,2651,43.1748,13.4938,-67.16,180012534836,180108399231,520087464927,520183310848,31.8,35.1,33.3,36.6
141616,2652,43.1823,13.5002,-65.00,183399207988,183495072691,523474102965,523569949184,31.8,35.1,33.3,36.6
141669,2653,43.1414,13.4650,-64.69,186785880628,186881745078,526860740516,526956586496,31.8,35.1,33.3,36.6
141722,2654,43.1588,13.4800,-65.30,190172553780,190268418534,530247378553,530343224832,31.8,35.1,33.3,36.6
141775,2655,43.1447,13.4679,-66.55,193559226932,193655091441,533634016615,533729862656,31.8,35.1,33.3,36.6
141828,2656,43.1776,13.4961,-65.59,196945900084,197041764909,537020654649,537116500992,31.8,35.1,33.3,36.6
141881,2657,43.1588,13.4800,-65.55,200332573236,200428437825,540407292701,540503138816,31.8,35.1,33.3,36.6
141934,2658,43.1635,13.4840,-66.89,203719246388,203815110775,543793930729,543889776640,31.8,35.1,33.3,36.6
141987,2659,43.1729,13.4921,-65.69,207105919540,207201784222,547180568774,547276414976,31.8,35.1,33.3,36.6
142040,2660,43.1696,13.4893,-64.76,210492592692,210588457154,550567206821,550663052800,31.8,35.1,33.3,36.6
142093,2661,43.1696,13.4893,-64.80,213879265844,213975130620,553953844843,554049691136,31.8,35.1,33.3,36.6
142146,2662,43.1964,13.5123,-65.30,217265938996,217361803564,557340482882,557436328960,31.8,35.1,33.3,36.6
142199,2663,43.1870,13.5042,-65.80,220652612148,220748477012,560727120918,560822967296,31.8,35.1,33.3,36.6
142252,2664,43.1367,13.4610,-64.82,224039285300,224135149944,564113758944,564209605120,31.8,35.1,33.3,36.6
142305,2665,43.1494,13.4719,-65.40,227425958452,227521822901,567500396966,567596242944,31.8,35.1,33.3,36.6
142358,2666,43.1870,13.5042,-66.74,230812631604,230908496379,570887034992,570982881280,31.8,35.1,33.3,36.6
142411,2667,43.1823,13.5002,-65.42,234199304244,234295168816,574273672504,574369518592,31.8,35.1,33.3,36.6
142464,2668,43.1917,13.5082,-65.53,237585977396,237681841776,577660310524,577756156416,31.8,35.1,33.3,36.6
142517,2669,43.1823,13.5002,-65.77,240972650548,241068515240,581046948544,581142794752,31.8,35.1,33.3,36.6
297450,4606,42.1595,12.6200,-65.56,245499365428,245595229432,585505657789,585601503744,33.8,35.1,35.3,36.6
297503,4607,42.1702,12.6293,-64.81,248887283252,248983147372,588893555536,588989401600,33.8,35.1,35.3,36.6
297556,4608,42.1661,12.6257,-67.02,252273938484,252369802721,592280190672,592376036864,32.8,35.1,34.3,36.6
297609,4609,42.1689,12.6281,-66.53,255660609588,255756473961,595666841680,595762688000,33.8,35.1,35.3,36.6
297662,4610,42.1562,12.6171,-64.64,259047280692,259143144688,599053492679,599149338624,32.8,35.1,34.3,36.6
297715,4611,42.0717,12.5445,-64.90,262433951796,262529815931,602440143640,602535989760,32.8,35.1,34.3,36.6
297768,4612,42.1890,12.6454,-64.92,265820622900,265916487216,605826794644,605922640896,32.8,35.1,34.3,36.6
297821,4613,42.1782,12.6361,-65.60,269207294004,269303157985,609213445595,609309291520,32.8,35.1,34.3,36.6
297874,4614,42.1515,12.6131,-64.96,272593965108,272689829281,612600096532,612695942656,32.8,35.1,34.3,36.6
297927,4615,42.1890,12.6454,-64.44,275980636212,276076500601,615986747468,616082593792,32.8,35.1,34.3,36.6
297980,4616,42.0985,12.5675,-66.26,279367307316,279463171394,619373398361,619469244416,32.8,35.1,34.3,36.6
298033,4617,42.1093,12.5768,-64.61,282753978420,282849842752,622760049250,622855895552,32.8,35.1,34.3,36.6
298086,4618,42.1093,12.5768,-64.48,286140650036,286236514118,626146700636,626242546688,32.8,35.1,34.3,36.6
298139,4619,42.1890,12.6454,-64.26,289527321140,289623185530,629533351498,629629197824,32.8,35.1,34.3,36.6
298192,4620,42.2064,12.6604,-65.25,292913992244,293009856436,632920002324,633015848448,32.8,35.1,34.3,36.6
298245,4621,42.1562,12.6171,-64.19,296300663348,296396527341,636306653129,636402499072,32.8,35.1,34.3,36.6
298298,4622,42.1280,12.5929,-64.72,299687334452,299783198797,639693303901,639789150208,32.8,35.1,34.3,36.6
298351,4623,42.1280,12.5929,-64.98,303074005556,303169869763,643079954663,643175800832,32.8,35.1,34.3,36.6
298404,4624,42.1280,12.5929,-64.37,306460676660,306556540748,646466605406,646562451456,32.8,35.1,34.3,36.6
298457,4625,42.1562,12.6171,-64.21,309847347764,309943211758,649853256137,649949102080,32.8,35.1,34.3,36.6
298510,4626,42.1923,12.6482,-65.04,313234018868,313329883325,653239906821,653335753216,32.8,35.1,34.3,36.6
298563,4627,42.1233,12.5889,-63.84,316620690484,316716554885,656626557988,656722404352,32.8,35.1,34.3,36.6
298616,4628,42.2158,12.6684,-65.34,320007361588,320103225985,660013208652,660109054976,32.8,35.1,34.3,36.6
298669,4629,42.1749,12.6333,-64.94,323394032692,323489897084,663399859267,663495705600,32.8,35.1,34.3,36.6
298722,4630,42.1749,12.6333,-65.00,326780703796,326876568223,666786509856,666882356224,32.8,35.1,34.3,36.6
298775,4631,42.1046,12.5727,-64.64,330167374900,330263238852,670173160412,670269006336,32.8,35.1,34.3,36.6
298828,4632,42.1876,12.6442,-66.43,333554046004,333649910056,673559810968,673655656960,32.8,35.1,34.3,36.6
298881,4633,42.1360,12.5998,-65.92,336940717620,337036581764,676946461991,677042308096,32.8,35.1,34.3,36.6
298934,4634,42.1327,12.5969,-64.87,340327388724,340423253008,680333112476,680428958720,32.8,35.1,34.3,36.6
298987,4635,42.2125,12.6656,-64.98,343714059828,343809924284,683719762963,683815609344,32.8,35.1,34.3,36.6
299040,4636,42.1796,12.6373,-64.79,347100730932,347196595046,687106413403,687202259456,32.8,35.1,34.3,36.6
299093,4637,42.1937,12.6494,-64.52,350487402548,350583266874,690493064333,690588910592,32.8,35.1,34.3,36.6
299146,4638,42.1782,12.6361,-65.62,353874073652,353969937692,693879714721,693975560704,32.8,35.1,34.3,36.6
299199,4639,42.1970,12.6523,-65.04,357260744756,357356609060,697266365088,697362211328,32.8,35.1,34.3,36.6
299252,4640,42.2031,12.6575,-63.89,360647415860,360743279929,700653015442,700748861440,32.8,35.1,34.3,36.6
299305,4641,42.2345,12.6846,-65.11,364034087476,364129951867,704039666266,704135512576,32.8,35.1,34.3,36.6
299358,4642,42.1890,12.6454,-63.96,367420758580,367516622772,707426316561,707522162688,32.8,35.1,34.3,36.6
299411,4643,42.1689,12.6281,-65.19,370807429684,370903293723,710812966813,710908812800,32.8,35.1,34.3,36.6
299464,4644,42.1749,12.6333,-64.83,374194101300,374289965721,714199617573,714295463936,32.8,35.1,34.3,36.6
299517,4645,42.2219,12.6737,-64.57,377580772404,377676636728,717586267803,717682114048,32.8,35.1,34.3,36.6
299570,4646,42.2111,12.6644,-65.40,380967443508,381063307752,720972917986,721068764160,32.8,35.1,34.3,36.6
299623,4647,42.2111,12.6644,-66.81,384354115124,384449979314,724359568664,724455414784,32.8,35.1,34.3,36.6
299676,4648,42.1937,12.6494,-65.00,387740786228,387836650369,727746218821,727842064896,32.8,35.1,34.3,36.6
299729,4649,42.2158,12.6684,-65.86,391127457332,391223321467,731132868945,731228715008,32.8,35.1,34.3,36.6
299782,4650,42.1642,12.6240,-65.92,394514128948,394609993094,734519519537,734615365632,32.8,35.1,34.3,36.6
299835,4651,42.1937,12.6494,-63.96,397900800052,397996664253,737906169610,738002015744,32.8,35.1,34.3,36.6
299888,4652,42.2172,12.6696,-64.37,401287471156,401383335423,741292819665,741388665856,32.8,35.1,34.3,36.6
299941,4653,42.2031,12.6575,-64.21,404674142772,404770007125,744679470198,744775316480,32.8,35.1,34.3,36.6
299994,4654,42.2031,12.6575,-64.12,408060813876,408156678338,748066120200,748161966592,32.8,35.1,34.3,36.6
300047,4655,42.1890,12.6454,-63.96,411447484980,411543349055,751452770181,751548616192,32.8,35.1,34.3,36.6
300100,4656,42.2392,12.6886,-66.60,414834156596,414930020854,754839420641,754935266816,32.8,35.1,34.3,36.6
300153,4657,42.2125,12.6656,-64.77,418220827700,418316692133,758226070570,758321916928,32.8,35.1,34.3,36.6
300206,4658,42.2392,12.6886,-65.46,421607499316,421703363447,761612720991,761708567040,32.8,35.1,34.3,36.6
300259,4659,42.2219,12.6737,-64.12,424994170420,425090034758,764999370892,765095217152,32.8,35.1,34.3,36.6
300312,4660,42.2265,12.6777,-64.24,428380841524,428476705599,768386020757,768481866752,32.8,35.1,34.3,36.6
300365,4661,42.1923,12.6482,-66.20,431767513140,431863377476,771772671102,771868517376,32.8,35.1,34.3,36.6
300418,4662,42.2359,12.6858,-64.21,435154184244,435250048383,775159320922,775255166976,32.8,35.1,34.3,36.6
300471,4663,42.2359,12.6858,-64.41,438540855860,438636720318,778545971226,778641817600,32.8,35.1,34.3,36.6
300524,4664,42.2500,12.6979,-64.24,441927526964,442023391242,781932621013,782028467200,32.8,35.1,34.3,36.6
300577,4665,42.2392,12.6886,-66.70,445314198580,445410062704,785319271270,785415117312,32.8,35.1,34.3,36.6
300630,4666,42.2453,12.6939,-64.85,448700869684,448796733674,788705921010,788801766912,32.8,35.1,34.3,36.6
300683,4667,42.2265,12.6777,-64.70,452087540788,452183405173,792092570720,792188417024,32.8,35.1,34.3,36.6
300736,4668,42.2453,12.6939,-64.30,455474212404,455570076691,795479220937,795575067136,32.8,35.1,34.3,36.6
300789,4669,42.2252,12.6765,-65.17,458860883508,458956747716,798865870605,798961716736,32.8,35.1,34.3,36.6
300842,4670,42.2299,12.6805,-66.37,462247555124,462343419274,802252520776,802348366848,32.8,35.1,34.3,36.6
300895,4671,42.2500,12.6979,-64.08,465634226228,465730090366,805639170401,805735016448,32.8,35.1,34.3,36.6
300948,4672,42.2547,12.7019,-64.74,469020897844,469116761970,809025820527,809121666560,32.8,35.1,34.3,36.6
301001,4673,42.2392,12.6886,-65.64,472407568948,472503433073,812412470117,812508316160,32.8,35.1,34.3,36.6
301054,4674,42.2265,12.6777,-63.73,475794240052,475890104194,815799119698,815894965760,32.8,35.1,34.3,36.6
301107,4675,42.2219,12.6737,-64.07,479180911668,479276775863,819185769755,819281615872,32.8,35.1,34.3,36.6
301160,4676,42.2580,12.7048,-66.24,482567582772,482663447040,822572419294,822668265472,32.8,35.1,34.3,36.6
301213,4677,42.2533,12.7007,-65.92,485954254388,486050118724,825959069336,826054915584,32.8,35.1,34.3,36.6
301266,4678,42.2547,12.7019,-64.76,489340925492,489436789942,829345718826,829441565184,32.8,35.1,34.3,36.6
301319,4679,42.2721,12.7169,-66.00,492727597108,492823461161,832732368828,832828214784,32.8,35.1,34.3,36.6
301372,4680,42.2627,12.7088,-66.60,496114268212,496210132399,836119018289,836214864384,32.8,35.1,34.3,36.6
301425,4681,42.2627,12.7088,-65.04,499500939828,499596804170,839505668247,839601514496,32.8,35.1,34.3,36.6
301478,4682,42.2721,12.7169,-65.32,502887610932,502983474930,842892317683,842988163584,32.8,35.1,34.3,36.6
301531,4683,42.2674,12.7128,-65.82,506274282548,506370146734,846278967604,846374813696,32.8,35.1,34.3,36.6
301584,4684,42.2580,12.7048,-65.13,509660953652,509756818044,849665616995,849761463296,32.8,35.1,34.3,36.6
301637,4685,42.2359,12.6858,-64.96,513047624756,513143488838,853052266386,853148112384,32.8,35.1,34.3,36.6
301690,4686,42.2594,12.7060,-64.79,516434296372,516530160710,856438916253,856534762496,32.8,35.1,34.3,36.6
301743,4687,42.2580,12.7048,-65.58,519820967476,519916831547,859825565603,859921411584,32.8,35.1,34.3,36.6
301796,4688,42.2547,12.7019,-64.59,523207639092,523303503433,863212215447,863308061696,32.8,35.1,34.3,36.6
301849,4689,42.2688,12.7140,-64.90,526594310196,526690174312,866598864766,866694710784,32.8,35.1,34.3,36.6
301902,4690,42.2359,12.6858,-63.92,529980981812,530076846216,869985514576,870081360896,32.8,35.1,34.3,36.6
301955,4691,42.2547,12.7019,-63.96,533367652916,533463517129,873372163864,873468009984,32.8,35.1,34.3,36.6
302008,4692,42.2547,12.7019,-64.32,536754324020,536850188044,876758813140,876854659072,32.8,35.1,34.3,36.6
302061,4693,42.2768,12.7209,-66.08,540140995636,540236860020,880145462898,880241309184,32.8,35.1,34.3,36.6
302114,4694,42.2735,12.7181,-64.50,543527666740,543623530969,883532112143,883627958272,32.8,35.1,34.3,36.6
302167,4695,42.2172,12.6696,-63.89,546914338356,547010202424,886918761881,887014607872,32.8,35.1,34.3,36.6
302220,4696,42.2486,12.6967,-65.80,550301009460,550396873925,890305411093,890401257472,32.8,35.1,34.3,36.6
302273,4697,42.2815,12.7250,-66.62,553687680564,553783544927,893692060297,893787906560,32.8,35.1,34.3,36.6
302326,4698,42.2547,12.7019,-64.14,557074352180,557170216448,897078709984,897174556160,32.8,35.1,34.3,36.6
302379,4699,42.3049,12.7451,-65.17,560461023284,560556887478,900465359164,900561205248,32.8,35.1,34.3,36.6
302432,4700,42.3016,12.7423,-64.59,563847694388,563943558505,903852008332,903947854336,32.8,35.1,34.3,36.6
302485,4701,42.3096,12.7492,-65.60,567234366004,567330230060,907238657992,907334503936,32.8,35.1,34.3,36.6
302538,4702,42.2359,12.6858,-63.98,570621037108,570716901111,910625307105,910721153024,32.8,35.1,34.3,36.6
302591,4703,42.2547,12.7019,-64.42,574007708212,574103572690,914011956239,914107802624,32.8,35.1,34.3,36.6
302644,4704,42.2439,12.6927,-65.50,577394379828,577490244284,917398605852,917494452224,32.8,35.1,34.3,36.6
302697,4705,42.2862,12.7290,-65.58,580781050932,580876915398,920785254949,920881101312,32.8,35.1,34.3,36.6
302750,4706,42.2500,12.6979,-64.12,584167722036,584263586490,924171904036,924267750400,32.8,35.1,34.3,36.6
302803,4707,42.2641,12.7100,-64.21,587554393652,587650258122,927558553627,927654400000,32.8,35.1,34.3,36.6
302856,4708,42.2862,12.7290,-65.09,590941064756,591036929244,930945202703,931041049088,32.8,35.1,34.3,36.6
302909,4709,42.2500,12.6979,-64.08,594327735860,594423599872,934331851743,934427697664,32.8,35.1,34.3,36.6
302962,4710,42.2782,12.7221,-64.72,597714406964,597810271026,937718500792,937814346752,32.8,35.1,34.3,36.6
303015,4711,42.3049,12.7451,-66.77,601101078580,601196942698,941105150344,941200996352,32.8,35.1,34.3,36.6
303068,4712,42.3143,12.7532,-65.11,604487749684,604583613877,944491799361,944587645440,32.8,35.1,34.3,36.6
303121,4713,42.3110,12.7504,-64.90,607874420788,607970285060,947878448373,947974294528,32.8,35.1,34.3,36.6
303174,4714,42.2688,12.7140,-64.05,611261091892,611356956233,951265097373,951360943616,32.8,35.1,34.3,36.6
303227,4715,42.3063,12.7463,-65.00,614647763508,614743627950,954651746889,954747593216,32.8,35.1,34.3,36.6
303280,4716,42.2627,12.7088,-65.83,618034434612,618130298620,958038395876,958134241792,32.8,35.1,34.3,36.6
303333,4717,42.2955,12.7371,-65.36,621421105716,621516969854,961425044848,961520890880,32.8,35.1,34.3,36.6
303386,4718,42.3063,12.7463,-64.90,624807776820,624903641080,964811693823,964907539968,32.8,35.1,34.3,36.6
303439,4719,42.3063,12.7463,-64.92,628194447924,628290312312,968198342782,968294189056,32.8,35.1,34.3,36.6
303492,4720,42.2922,12.7342,-64.87,631581119028,631676983036,971584991732,971680837632,32.8,35.1,34.3,36.6
303545,4721,42.2500,12.6979,-64.14,634967790644,635063654786,974971641180,975067487232,32.8,35.1,34.3,36.6
303598,4722,42.3063,12.7463,-64.94,638354461748,638450326061,978358290121,978454136320,32.8,35.1,34.3,36.6
303651,4723,42.2641,12.7100,-63.87,641741132852,641836997309,981744939048,981840785408,32.8,35.1,34.3,36.6
303704,4724,42.3110,12.7504,-64.63,645127803956,645223668079,985131587977,985227433984,32.8,35.1,34.3,36.6
303757,4725,42.2782,12.7221,-64.39,648514475060,648610339350,988518236885,988614083072,32.8,35.1,34.3,36.6
303810,4726,42.2815,12.7250,-65.28,651901146164,651997010633,991904885792,992000732160,32.8,35.1,34.3,36.6
303863,4727,42.2453,12.6939,-63.92,655287817268,655383681407,995291534686,995387380736,32.8,35.1,34.3,36.6
303916,4728,42.2453,12.6939,-64.98,658674488372,658770352709,998678183575,998774029824,32.8,35.1,34.3,36.6
303969,4729,42.2721,12.7169,-65.72,662061159476,662157023499,1002064832473,1002160678400,32.8,35.1,34.3,36.6
304022,4730,42.3378,12.7734,-65.25,665447830580,665543694833,1005451481360,1005547327488,32.8,35.1,34.3,36.6
304075,4731,42.2828,12.7262,-64.28,668834501684,668930366139,1008838130226,1008933976576,32.8,35.1,34.3,36.6
304128,4732,42.2782,12.7221,-64.90,672221172788,672317036944,1012224779099,1012320625152,32.8,35.1,34.3,36.6
304181,4733,42.3063,12.7463,-64.42,675607843892,675703708291,1015611427956,1015707274240,32.8,35.1,34.3,36.6
304234,4734,42.3049,12.7451,-65.42,678994514996,679090379111,1018998076812,1019093922816,32.8,35.1,34.3,36.6
304287,4735,42.2641,12.7100,-65.00,682381186100,682477050445,1022384725655,1022480571904,32.8,35.1,34.3,36.6
304340,4736,42.2594,12.7060,-63.89,685767856692,685863720758,1025771373997,1025867219968,32.8,35.1,34.3,36.6
304393,4737,42.3016,12.7423,-64.92,689154527796,689250392129,1029158022835,1029253869056,32.8,35.1,34.3,36.6
304446,4738,42.3251,12.7625,-64.55,692541198900,692637062977,1032544671678,1032640517632,32.8,35.1,34.3,36.6
304499,4739,42.3110,12.7504,-64.30,695927870004,696023734334,1035931320506,1036027166720,32.8,35.1,34.3,36.6
304552,4740,42.2782,12.7221,-63.89,699314541108,699410405180,1039317969326,1039413815296,32.8,35.1,34.3,36.6
304605,4741,42.2922,12.7342,-64.21,702701212212,702797076564,1042704618140,1042800464384,32.8,35.1,34.3,36.6
304658,4742,42.2815,12.7250,-65.19,706087882804,706183746895,1046091266457,1046187112448,32.8,35.1,34.3,36.6
304711,4743,42.3251,12.7625,-64.94,709474553908,709570418295,1049477915272,1049573761536,32.8,35.1,34.3,36.6
304764,4744,42.2406,12.6898,-64.14,712861225012,712957089148,1052864564063,1052960410112,32.8,35.1,34.3,36.6
304817,4745,42.3190,12.7573,-65.66,716247895604,716343760041,1056251212368,1056347058688,32.8,35.1,34.3,36.6
304870,4746,42.2721,12.7169,-65.28,719634566708,719730430914,1059637861154,1059733707264,32.8,35.1,34.3,36.6
304923,4747,42.3096,12.7492,-66.62,723021237812,723117102312,1063024509964,1063120356352,32.8,35.1,34.3,36.6
304976,4748,42.2547,12.7019,-64.39,726407908404,726503772681,1066411158232,1066507004416,32.8,35.1,34.3,36.6
305029,4749,42.3190,12.7573,-65.19,729794579508,729890443585,1069797807031,1069893652992,32.8,35.1,34.3,36.6
305082,4750,42.3471,12.7815,-65.62,733181250612,733277115004,1073184455817,1073280302080,32.8,35.1,34.3,36.6
305135,4751,42.2875,12.7302,-64.87,736567921204,736663785372,1076571104082,1076666950144,32.8,35.1,34.3,36.6
305188,4752,42.2688,12.7140,-64.05,739954592308,740050456780,1079957752859,1080053599232,32.8,35.1,34.3,36.6
305241,4753,42.2875,12.7302,-63.99,743341262900,743437127182,1083344401120,1083440247296,32.8,35.1,34.3,36.6
305294,4754,42.2674,12.7128,-65.40,746727934004,746823798082,1086731049889,1086826895872,32.8,35.1,34.3,36.6
305347,4755,42.2875,12.7302,-63.51,750114604596,750210468998,1090117698152,1090213544448,32.8,35.1,34.3,36.6
305400,4756,42.2674,12.7128,-65.30,753501275700,753597139907,1093504346912,1093600193024,32.8,35.1,34.3,36.6
305453,4757,42.2688,12.7140,-63.84,756887946292,756983810310,1096890995168,1096986841088,32.8,35.1,34.3,36.6
305506,4758,42.2768,12.7209,-65.62,760274617396,760370481740,766016154,861862400,32.8,35.1,34.3,36.6
305559,4759,42.2828,12.7262,-64.90,763661287988,763757152148,4152664409,4248510464,32.8,35.1,34.3,36.6
305612,4760,42.3345,12.7706,-64.63,767047959092,767143823601,7539313169,7635159552,32.8,35.1,34.3,36.6
305665,4761,42.3391,12.7746,-64.92,770434629684,770530494014,10925961415,11021807616,32.8,35.1,34.3,36.6
305718,4762,42.2875,12.7302,-63.68,773821300276,773917164414,14312609649,14408455680,32.8,35.1,34.3,36.6
305771,4763,42.2955,12.7371,-65.02,777207971380,777303835848,17699258407,17795104768,32.8,35.1,34.3,36.6
305824,4764,42.3190,12.7573,-66.64,780594641972,780690506279,21085906641,21181752832,32.8,35.1,34.3,36.6
305877,4765,42.3110,12.7504,-64.41,783981312564,784077176695,24472554881,24568400896,33.8,35.1,35.3,36.6
305930,4766,42.2547,12.7019,-63.82,787367983668,787463848124,27859203620,27955049984,32.8,35.1,34.3,36.6
305983,4767,42.3284,12.7653,-65.72,790754654260,790850518569,31245851860,31341698048,32.8,35.1,34.3,36.6
306036,4768,42.3425,12.7775,-66.77,794141324852,794237188987,34632500103,34728346112,32.8,35.1,34.3,36.6
306089,4769,42.2594,12.7060,-64.07,797527995444,797623859903,38019148323,38114994688,32.8,35.1,34.3,36.6
306142,4770,42.3378,12.7734,-65.98,800914666036,801010530346,41405796567,41501642752,32.8,35.1,34.3,36.6
306195,4771,42.3157,12.7544,-64.21,804301337140,804397201277,44792445310,44888291328,32.8,35.1,34.3,36.6
306248,4772,42.2922,12.7342,-64.28,807688007732,807783872208,48179093536,48274939904,32.8,35.1,34.3,36.6
306301,4773,42.3491,12.7831,-67.00,811074678324,811170542649,51565741766,51661587968,32.8,35.1,34.3,36.6
306354,4774,42.2688,12.7140,-63.91,814461348916,814557213056,54952389990,55048236032,32.8,35.1,34.3,36.6
306407,4775,42.3063,12.7463,-64.96,817848019508,817943883997,58339038234,58434884608,32.8,35.1,34.3,36.6
306460,4776,42.2735,12.7181,-64.03,821234690100,821330554415,61725686457,61821532672,32.8,35.1,34.3,36.6
306513,4777,42.2782,12.7221,-64.19,824621360692,824717224845,65112334685,65208180736,32.8,35.1,34.3,36.6
306566,4778,42.3438,12.7786,-64.63,828008031284,828103895802,68498982925,68594829312,32.8,35.1,34.3,36.6
306619,4779,42.2688,12.7140,-63.91,831394701876,831490566215,71885631135,71981477376,32.8,35.1,34.3,36.6
306672,4780,42.3425,12.7775,-65.32,834781372468,834877236657,75272279378,75368125440,32.8,35.1,34.3,36.6
306725,4781,42.2908,12.7330,-65.88,838168043060,838263907064,78658927605,78754773504,32.8,35.1,34.3,36.6
306778,4782,42.3157,12.7544,-64.57,841554713652,841650578022,82045575828,82141422080,32.8,35.1,34.3,36.6
306831,4783,42.3143,12.7532,-65.96,844941383732,845037247935,85432223544,85528069632,32.8,35.1,34.3,36.6
306884,4784,42.2908,12.7330,-65.62,848328054324,848423918348,88818871777,88914717696,32.8,35.1,34.3,36.6
306937,4785,42.3471,12.7815,-66.39,851714724916,851810589313,92205520004,92301366272,32.8,35.1,34.3,36.6
306990,4786,42.2547,12.7019,-64.66,855101395508,855197259722,95592168214,95688014336,32.8,35.1,34.3,36.6
307043,4787,42.3378,12.7734,-65.88,858488066100,858583930173,98978816451,99074662400,32.8,35.1,34.3,36.6
307096,4788,42.2908,12.7330,-65.98,861874736180,861970600593,102365464156,102461310464,32.8,35.1,34.3,36.6
307149,4789,42.3485,12.7827,-64.64,865261406772,865357271044,105752112388,105847958528,32.8,35.1,34.3,36.6
307202,4790,42.2641,12.7100,-64.41,868648077364,868743941449,109138760603,109234606592,32.8,35.1,34.3,36.6
307255,4791,42.3345,12.7706,-64.94,872034747956,872130612420,112525408830,112621255168,32.8,35.1,34.3,36.6
307308,4792,42.3110,12.7504,-64.52,875421418036,875517282342,115912056531,116007902720,32.8,35.1,34.3,36.6
307361,4793,42.2641,12.7100,-63.89,878808088628,878903952760,119298704749,119394550784,32.8,35.1,34.3,36.6
307414,4794,42.3284,12.7653,-65.56,882194758708,882290623219,122685352458,122781198848,32.8,35.1,34.3,36.6
307467,4795,42.2875,12.7302,-64.42,885581429300,885677293649,126072000669,126167846912,32.8,35.1,34.3,36.6
307520,4796,42.3157,12.7544,-64.74,888968099892,889063964097,129458648890,129554494976,32.8,35.1,34.3,36.6
307573,4797,42.3063,12.7463,-64.81,892354769972,892450634017,132845296598,132941142528,32.8,35.1,34.3,36.6
307626,4798,42.2735,12.7181,-64.26,895741440564,895837304968,136231944801,136327791104,32.8,35.1,34.3,36.6
307679,4799,42.3425,12.7775,-65.34,899128110644,899223974911,139618592515,139714438656,32.8,35.1,34.3,36.6
307732,4800,42.2862,12.7290,-66.85,902514781236,902610645338,143005240721,143101086720,32.8,35.1,34.3,36.6
307785,4801,42.2594,12.7060,-64.08,905901451316,905997315779,146391888416,146487734784,32.8,35.1,34.3,36.6
307838,4802,42.3063,12.7463,-64.28,909288121908,909383986245,149778536626,149874382848,32.8,35.1,34.3,36.6
307891,4803,42.3016,12.7423,-64.90,912674791988,912770656176,153165184324,153261030400,32.8,35.1,34.3,36.6
307944,4804,42.2768,12.7209,-66.06,916061462068,916157326101,156551832018,156647677952,32.8,35.1,34.3,36.6
307997,4805,42.2688,12.7140,-64.07,919448132660,919543997059,159938480228,160034326528,32.8,35.1,34.3,36.6
308050,4806,42.3016,12.7423,-64.48,922834802740,922930667014,163325127918,163420974080,32.8,35.1,34.3,36.6
308103,4807,42.3378,12.7734,-65.38,926221473332,926317337465,166711776135,166807622144,32.8,35.1,34.3,36.6
308156,4808,42.3345,12.7706,-64.76,929608143412,929704007925,170098423821,170194270208,32.8,35.1,34.3,36.6
308209,4809,42.3016,12.7423,-64.98,932994813492,933090677858,173485071507,173580917760,32.8,35.1,34.3,36.6
308262,4810,42.2908,12.7330,-65.19,936381483572,936477347799,176871719190,176967565312,32.8,35.1,34.3,36.6
308315,4811,42.2735,12.7181,-64.17,939768154164,939864018245,180258367396,180354213376,32.8,35.1,34.3,36.6
308368,4812,42.2875,12.7302,-64.89,943154824244,943250688711,183645015080,183740861440,32.8,35.1,34.3,36.6
308421,4813,42.2828,12.7262,-63.84,946541494324,946637358661,187031662760,187127508992,32.8,35.1,34.3,36.6
308474,4814,42.2875,12.7302,-63.89,949928164404,950024028610,190418310444,190514156544,32.8,35.1,34.3,36.6
308527,4815,42.2735,12.7181,-64.05,953314834996,953410699065,193804958640,193900804608,32.8,35.1,34.3,36.6
308580,4816,42.2862,12.7290,-65.32,956701505076,956797369534,197191606317,197287452672,32.8,35.1,34.3,36.6
308633,4817,42.2862,12.7290,-65.07,960088175156,960184039496,200578253986,200674100224,32.8,35.1,34.3,36.6
308686,4818,42.2594,12.7060,-64.46,963474845236,963570709446,203964901661,204060747776,32.8,35.1,34.3,36.6
308739,4819,42.2908,12.7330,-65.72,966861515316,966957379402,207351549346,207447395328,32.8,35.1,34.3,36.6
308792,4820,42.3063,12.7463,-64.98,970248185396,970344049887,210738197016,210834043392,32.8,35.1,34.3,36.6
308845,4821,42.3157,12.7544,-64.79,973634855476,973730719857,214124844681,214220690944,32.8,35.1,34.3,36.6
308898,4822,42.3298,12.7665,-64.98,977021525556,977117389818,217511492358,217607338496,32.8,35.1,34.3,36.6
308951,4823,42.3016,12.7423,-64.07,980408195636,980504059778,220898140019,220993986048,32.8,35.1,34.3,36.6
309004,4824,42.2688,12.7140,-64.05,983794865716,983890729739,224284787675,224380633600,32.8,35.1,34.3,36.6
309057,4825,42.3378,12.7734,-65.34,987181535796,987277400241,227671435344,227767281664,32.8,35.1,34.3,36.6
309110,4826,42.3110,12.7504,-64.50,990568205876,990664070212,231058082997,231153929216,32.8,35.1,34.3,36.6
309163,4827,42.2828,12.7262,-64.79,993954875956,994050740180,234444730648,234540576768,32.8,35.1,34.3,36.6
309216,4828,42.3284,12.7653,-66.64,997341546036,997437410171,237831378305,237927224320,32.8,35.1,34.3,36.6
309269,4829,42.2721,12.7169,-65.64,1000728216116,1000824080130,241218025955,241313871872,32.8,35.1,34.3,36.6
309322,4830,42.3565,12.7896,-66.14,1004114886196,1004210750653,244604673612,244700519936,32.8,35.1,34.3,36.6
309375,4831,42.2815,12.7250,-65.94,1007501556276,1007597420616,247991321249,248087167488,32.8,35.1,34.3,36.6
309428,4832,42.3378,12.7734,-65.66,1010888226356,1010984090624,251377968897,251473815040,32.8,35.1,34.3,36.6
309481,4833,42.3110,12.7504,-64.68,1014274896436,1014370760606,254764616538,254860462592,32.8,35.1,34.3,36.6
309534,4834,42.3049,12.7451,-65.13,1017661566516,1017757430596,258151264175,258247110144,32.8,35.1,34.3,36.6
309587,4835,42.3237,12.7613,-65.38,1021048236596,1021144101112,261537911811,261633758208,32.8,35.1,34.3,36.6
309640,4836,42.3425,12.7775,-65.36,1024434906164,1024530770610,264924558928,265020405248,32.8,35.1,34.3,36.6
309693,4837,42.3331,12.7694,-65.25,1027821576244,1027917440615,268311206551,268407052800,32.8,35.1,34.3,36.6
309746,4838,42.3002,12.7411,-65.07,1031208246324,1031304110616,271697854169,271793700352,32.8,35.1,34.3,36.6
309799,4839,42.2721,12.7169,-66.14,1034594916404,1034690780616,275084501788,275180347904,32.8,35.1,34.3,36.6
309852,4840,42.2828,12.7262,-64.10,1037981586484,1038077450634,278471149410,278566995456,32.8,35.1,34.3,36.6
309905,4841,42.2735,12.7181,-64.46,1041368256052,1041464120130,281857796518,281953642496,32.8,35.1,34.3,36.6
309958,4842,42.2688,12.7140,-64.26,1044754926132,1044850790157,285244444121,285340290048,32.8,35.1,34.3,36.6
310011,4843,42.3298,12.7665,-64.79,1048141596212,1048237460710,288631091738,288726938112,32.8,35.1,34.3,36.6
310064,4844,42.3471,12.7815,-65.21,1051528265780,1051624130237,292017738824,292113585152,32.8,35.1,34.3,36.6
310117,4845,42.3157,12.7544,-63.92,1054914935860,1055010800262,295404386421,295500232704,32.8,35.1,34.3,36.6
310170,4846,42.3016,12.7423,-64.52,1058301605940,1058397470293,298791034015,298886880256,32.8,35.1,34.3,36.6
310223,4847,42.3345,12.7706,-64.98,1061688275508,1061784139834,302177681097,302273527296,32.8,35.1,34.3,36.6
310276,4848,42.3237,12.7613,-65.76,1065074945588,1065170809866,305564328689,305660174848,32.8,35.1,34.3,36.6
310329,4849,42.3491,12.7831,-67.18,1068461615668,1068557479917,308950976274,309046822400,32.8,35.1,34.3,36.6
310382,4850,42.2969,12.7383,-63.98,1071848285236,1071944149450,312337623336,312433469440,32.8,35.1,34.3,36.6
310435,4851,42.3425,12.7775,-65.94,1075234955316,1075330819521,315724270914,315820116992,32.8,35.1,34.3,36.6
310488,4852,42.3049,12.7451,-65.98,1078621625396,1078717489569,319110918482,319206764544,32.8,35.1,34.3,36.6
310541,4853,42.2594,12.7060,-64.32,1082008294964,1082104159108,322497565534,322593411584,32.8,35.1,34.3,36.6
310594,4854,42.3110,12.7504,-64.50,1085394965044,1085490829191,325884213105,325980059136,32.8,35.1,34.3,36.6
310647,4855,42.3016,12.7423,-63.77,1088781634612,1088877498751,329270860150,329366706176,32.8,35.1,34.3,36.6
310700,4856,42.3063,12.7463,-64.12,1092168304692,1092264168832,332657507703,332753353728,32.8,35.1,34.3,36.6
310753,4857,42.3237,12.7613,-66.14,1095554974772,1095650838921,336044155250,336140001280,32.8,35.1,34.3,36.6
310806,4858,42.2782,12.7221,-64.89,1098941644340,1099037508483,339430802280,339526648320,32.8,35.1,34.3,36.6
310859,4859,42.2782,12.7221,-64.42,2816686644,2912550798,342817449821,342913295872,32.8,35.1,34.3,36.6
310912,4860,42.3331,12.7694,-65.11,6203356212,6299220397,346204096849,346299942912,32.8,35.1,34.3,36.6
310965,4861,42.3284,12.7653,-65.92,9590026292,9685890498,349590744379,349686590464,32.8,35.1,34.3,36.6
311018,4862,42.2969,12.7383,-64.68,12976695860,13072560089,352977391386,353073237504,32.8,35.1,34.3,36.6
311071,4863,42.3251,12.7625,-64.35,16363365940,16459230214,356364038905,356459885056,32.8,35.1,34.3,36.6
311124,4864,42.3331,12.7694,-65.32,19750035508,19845899825,359750685901,359846532096,32.8,35.1,34.3,36.6
311177,4865,42.3204,12.7585,-64.23,23136705588,23232569943,363137333413,363233179648,32.8,35.1,34.3,36.6
311230,4866,42.3143,12.7532,-65.48,26523375156,26619239559,366523980400,366619826688,32.8,35.1,34.3,36.6
311283,4867,42.2875,12.7302,-64.17,29910044724,30005909177,369910627382,370006473728,32.8,35.1,34.3,36.6
311336,4868,42.3251,12.7625,-64.33,33296714804,33392579321,373297274886,373393121280,32.8,35.1,34.3,36.6
311389,4869,42.3284,12.7653,-65.58,36683384372,36779248445,376683921855,376779767808,32.8,35.1,34.3,36.6
311442,4870,42.2875,12.7302,-63.63,40070054452,40165918585,380070569333,380166415360,32.8,35.1,34.3,36.6
311495,4871,42.2875,12.7302,-63.85,43456724020,43552588240,383457216287,383553062400,32.8,35.1,34.3,36.6
311548,4872,42.3518,12.7855,-65.74,46843394100,46939258425,386843863757,386939709952,32.8,35.1,34.3,36.6
311601,4873,42.3204,12.7585,-64.35,50230063668,50325928070,390230510710,390326356992,32.8,35.1,34.3,36.6
311654,4874,42.3518,12.7855,-65.09,53616733236,53712597746,393617157653,393713004032,32.8,35.1,34.3,36.6
311707,4875,42.2922,12.7342,-63.98,57003403316,57099267398,397003805098,397099651072,32.8,35.1,34.3,36.6
311760,4876,42.3298,12.7665,-64.81,60390072884,60485937085,400390452035,400486298112,32.8,35.1,34.3,36.6
311813,4877,42.3706,12.8017,-65.92,63776742964,63872607295,403777099471,403872945664,32.8,35.1,34.3,36.6
311866,4878,42.3579,12.7908,-64.94,67163412532,67259276982,407163746390,407259592704,32.8,35.1,34.3,36.6
311919,4879,42.3518,12.7855,-66.62,70550082100,70645946158,410550393304,410646239232,32.8,35.1,34.3,36.6
311972,4880,42.3378,12.7734,-65.06,73936752180,74032616380,413937040709,414032886784,32.8,35.1,34.3,36.6
312025,4881,42.3518,12.7855,-65.48,77323421748,77419286084,417323687619,417419533824,32.8,35.1,34.3,36.6
312078,4882,42.2875,12.7302,-64.28,80710091316,80805955788,420710334499,420806180864,32.8,35.1,34.3,36.6
312131,4883,42.3518,12.7855,-65.68,84096761396,84192625523,424096981907,424192827904,32.8,35.1,34.3,36.6
312184,4884,42.3157,12.7544,-64.08,87483430964,87579295250,427483628777,427579474944,32.8,35.1,34.3,36.6
312237,4885,42.3485,12.7827,-64.61,90870100532,90965964986,430870275662,430966121984,32.8,35.1,34.3,36.6
312290,4886,42.3378,12.7734,-65.02,94256770612,94352634727,434256923034,434352769024,32.8,35.1,34.3,36.6
312343,4887,42.3016,12.7423,-64.64,97643440180,97739304467,437643569890,437739416064,32.8,35.1,34.3,36.6
312396,4888,42.3063,12.7463,-64.23,101030109748,101125974226,441030216741,441126063104,32.8,35.1,34.3,36.6
312449,4889,42.2735,12.7181,-64.14,104416779828,104512643982,444416864090,444512710144,32.8,35.1,34.3,36.6
312502,4890,42.3237,12.7613,-65.52,107803449396,107899313761,447803510937,447899357184,32.8,35.1,34.3,36.6
312555,4891,42.3720,12.8029,-64.87,111190118964,111285983034,451190157784,451286003712,32.8,35.1,34.3,36.6
312608,4892,42.3345,12.7706,-64.03,114576788532,114672652810,454576804601,454672650752,32.8,35.1,34.3,36.6
312661,4893,42.3425,12.7775,-65.38,117963458612,118059323107,457963451935,458059298304,32.8,35.1,34.3,36.6
312714,4894,42.3438,12.7786,-64.30,121350128180,121445992396,461350098747,461445944832,32.8,35.1,34.3,36.6
312767,4895,42.3706,12.8017,-65.04,124736797748,124832662207,464736745552,464832591872,32.8,35.1,34.3,36.6
312820,4896,42.3063,12.7463,-64.83,128123467316,128219331488,468123392343,468219238400,32.8,35.1,34.3,36.6
312873,4897,42.3002,12.7411,-65.72,131510137396,131606001814,471510039643,471605885952,32.8,35.1,34.3,36.6
312926,4898,42.3096,12.7492,-66.39,134896806964,134992671128,474896686429,474992532480,32.8,35.1,34.3,36.6
312979,4899,42.3565,12.7896,-65.66,138283476532,138379340972,478283333212,478379179520,32.8,35.1,34.3,36.6
313032,4900,42.3706,12.8017,-65.34,141670146612,141766010814,481669980496,481765826560,32.8,35.1,34.3,36.6
313085,4901,42.3157,12.7544,-64.17,145056816180,145152680644,485056627254,485152473600,32.8,35.1,34.3,36.6
313138,4902,42.3471,12.7815,-65.25,148443485748,148539350001,488443274004,488539120128,32.8,35.1,34.3,36.6
313191,4903,42.3204,12.7585,-64.21,151830155316,151926019332,491829920760,491925766656,32.8,35.1,34.3,36.6
313244,4904,42.3565,12.7896,-66.08,155216825396,155312689733,495216568004,495312414208,32.8,35.1,34.3,36.6
313297,4905,42.3720,12.8029,-64.81,158603494964,158699359097,498603214746,498699060736,32.8,35.1,34.3,36.6
313350,4906,42.3659,12.7976,-65.30,161990164532,162086028984,501989861461,502085707776,32.8,35.1,34.3,36.6
313403,4907,42.3659,12.7976,-65.27,165376834100,165472698366,505376508175,505472354304,32.8,35.1,34.3,36.6
313456,4908,42.3579,12.7908,-64.63,168763503668,168859367740,508763154896,508859000832,32.8,35.1,34.3,36.6
313509,4909,42.3251,12.7625,-64.26,172150173748,172246038153,512149802102,512245648384,32.8,35.1,34.3,36.6
313562,4910,42.3471,12.7815,-65.07,175536843316,175632707569,515536448787,515632294912,32.8,35.1,34.3,36.6
313615,4911,42.3157,12.7544,-64.07,178923512884,179019376966,518923095477,519018941440,32.8,35.1,34.3,36.6
313668,4912,42.3659,12.7976,-66.14,182310182452,182406046910,522309742158,522405588480,32.8,35.1,34.3,36.6
313721,4913,42.3706,12.8017,-66.81,185696852532,185792716862,525696389329,525792235520,32.8,35.1,34.3,36.6
313774,4914,42.3251,12.7625,-65.00,189083522100,189179386283,529083035987,529178882048,32.8,35.1,34.3,36.6
313827,4915,42.3800,12.8097,-65.44,192470191668,192566055736,532469682650,532565528576,32.8,35.1,34.3,36.6
313880,4916,42.3579,12.7908,-64.96,195856861236,195952725702,535856329287,535952175616,32.8,35.1,34.3,36.6
313933,4917,42.3298,12.7665,-64.17,199243530804,199339395152,539242975920,539338822144,32.8,35.1,34.3,36.6
313986,4918,42.3988,12.8259,-65.23,202630200884,202726065149,542629623070,542725469184,32.8,35.1,34.3,36.6
314039,4919,42.3518,12.7855,-65.40,206016870452,206112734610,546016269684,546112115712,32.8,35.1,34.3,36.6
314092,4920,42.3378,12.7734,-65.72,209403540020,209499404093,549402916291,549498762240,32.8,35.1,34.3,36.6
314145,4921,42.3814,12.8109,-64.41,212790209588,212886074115,552789562899,552885409280,32.8,35.1,34.3,36.6
314198,4922,42.3800,12.8097,-65.34,216176879668,216272744132,556176209998,556272056320,32.8,35.1,34.3,36.6
314251,4923,42.3485,12.7827,-64.12,219563549236,219659413634,559562856582,559658702848,32.8,35.1,34.3,36.6
314304,4924,42.3157,12.7544,-64.33,222950218804,223046083146,562949503153,563045349376,32.8,35.1,34.3,36.6
314357,4925,42.3847,12.8138,-65.58,226336888372,226432752699,566336149722,566431995904,32.8,35.1,34.3,36.6
314410,4926,42.3298,12.7665,-64.23,229723557940,229819422220,569722796277,569818642432,32.8,35.1,34.3,36.6
314463,4927,42.3673,12.7988,-64.68,233110228020,233206092296,573109443337,573205289472,32.8,35.1,34.3,36.6
314516,4928,42.3800,12.8097,-65.56,236496897588,236592761853,576496089877,576591936000,32.8,35.1,34.3,36.6
314569,4929,42.3800,12.8097,-66.45,239883567156,239979431422,579882736405,579978582528,32.8,35.1,34.3,36.6
314622,4930,42.3753,12.8057,-66.64,243270236724,243366100993,583269382928,583365229056,32.8,35.1,34.3,36.6
314675,4931,42.3345,12.7706,-64.12,246656906292,246752770564,586656029439,586751875584,32.8,35.1,34.3,36.6
314728,4932,42.3471,12.7815,-66.70,250043576372,250139440675,590042676449,590138522624,32.8,35.1,34.3,36.6
314781,4933,42.3565,12.7896,-66.53,253430245940,253526110272,593429322952,593525169152,32.8,35.1,34.3,36.6
314834,4934,42.3518,12.7855,-66.24,256816915508,256912779891,596815969427,596911815680,32.8,35.1,34.3,36.6
314887,4935,42.3847,12.8138,-65.13,260203585076,260299449521,600202615908,600298462208,32.8,35.1,34.3,36.6
314940,4936,42.3425,12.7775,-65.30,263590255156,263686119649,603589262882,603685109248,32.8,35.1,34.3,36.6
314993,4937,42.3800,12.8097,-65.15,266976924724,267072788785,606975909345,607071755264,32.8,35.1,34.3,36.6
315046,4938,42.3800,12.8097,-66.47,270363594292,270459458433,610362555793,610458401792,32.8,35.1,34.3,36.6
315099,4939,42.3471,12.7815,-66.12,273750263860,273846128085,613749202223,613845048320,32.8,35.1,34.3,36.6
315152,4940,42.3753,12.8057,-66.68,277136933428,277232797764,617135848653,617231694848,32.8,35.1,34.3,36.6
315205,4941,42.3847,12.8138,-65.23,280523603508,280619467960,620522495581,620618341888,32.8,35.1,34.3,36.6
315258,4942,42.3438,12.7786,-64.48,283910273076,284006137125,623909141986,624004987904,32.8,35.1,34.3,36.6
315311,4943,42.3565,12.7896,-66.81,287296942644,287392806824,627295788385,627391634432,32.8,35.1,34.3,36.6
315364,4944,42.3800,12.8097,-65.56,290683612212,290779476539,630682434775,630778280960,32.8,35.1,34.3,36.6
315417,4945,42.3626,12.7948,-63.85,294070282292,294166146750,634069081680,634164928000,32.8,35.1,34.3,36.6
315470,4946,42.3659,12.7976,-65.21,297456951860,297552815967,637455728046,637551574016,32.8,35.1,34.3,36.6
315523,4947,42.3800,12.8097,-65.23,300843621428,300939485711,640842374403,640938220544,32.8,35.1,34.3,36.6
315576,4948,42.3814,12.8109,-64.48,304230290996,304326155462,644229020753,644324867072,32.8,35.1,34.3,36.6
315629,4949,42.3814,12.8109,-64.72,307616961076,307712825214,647615667608,647711513600,32.8,35.1,34.3,36.6
315682,4950,42.3753,12.8057,-66.53,311003630644,311099494981,651002313932,651098160128,32.8,35.1,34.3,36.6
315735,4951,42.3471,12.7815,-65.68,314390300212,314486164231,654388960253,654484806144,32.8,35.1,34.3,36.6
315788,4952,42.4035,12.8299,-66.62,317776969780,317872834035,657775606569,657871452672,32.8,35.1,34.3,36.6
315841,4953,42.3706,12.8017,-65.27,321163639860,321259504329,661162253382,661258099712,32.8,35.1,34.3,36.6
315894,4954,42.3753,12.8057,-65.09,324550309428,324646173624,664548899673,664644745728,32.8,35.1,34.3,36.6
315947,4955,42.3988,12.8259,-65.17,327936978996,328032843448,667935545954,668031392256,32.8,35.1,34.3,36.6
316000,4956,42.3847,12.8138,-65.19,331323648564,331419512755,671322192226,671418038272,32.8,35.1,34.3,36.6
316053,4957,42.3894,12.8178,-66.89,334710318644,334806183102,674708839000,674804685312,32.8,35.1,34.3,36.6
316106,4958,42.3720,12.8029,-64.59,338096988212,338192852429,678095485253,678191331328,32.8,35.1,34.3,36.6
316159,4959,42.3861,12.8150,-64.64,341483657780,341579522290,681482131495,681577977856,32.8,35.1,34.3,36.6
316212,4960,42.3720,12.8029,-64.94,344870327348,344966191633,684868777730,684964623872,32.8,35.1,34.3,36.6
316265,4961,42.3720,12.8029,-63.61,348256997428,348352861507,688255424463,688351270400,32.8,35.1,34.3,36.6
316318,4962,42.3800,12.8097,-65.40,351643666996,351739531400,691642070666,691737916928,32.8,35.1,34.3,36.6
316371,4963,42.3579,12.7908,-63.70,355030336564,355126200769,695028716875,695124562944,32.8,35.1,34.3,36.6
316424,4964,42.3438,12.7786,-64.01,358417006132,358512870164,698415363059,698511208960,32.8,35.1,34.3,36.6
316477,4965,42.3908,12.8190,-64.79,361803676212,361899540606,701802009756,701897856000,32.8,35.1,34.3,36.6
316530,4966,42.3391,12.7746,-64.10,365190345780,365286210003,705188655922,705284502016,32.8,35.1,34.3,36.6
316583,4967,42.3626,12.7948,-63.98,368577015348,368672879422,708575302096,708671148032,32.8,35.1,34.3,36.6
316636,4968,42.4035,12.8299,-65.98,371963685428,372059549896,711961948757,712057795072,32.8,35.1,34.3,36.6
316689,4969,42.3767,12.8069,-63.94,375350354996,375446219336,715348594893,715444441088,32.8,35.1,34.3,36.6
316742,4970,42.3941,12.8219,-65.62,378737024564,378832888789,718735241028,718831087104,32.8,35.1,34.3,36.6
316795,4971,42.3988,12.8259,-66.60,382123694644,382219558770,722121887657,722217733632,32.8,35.1,34.3,36.6
316848,4972,42.3485,12.7827,-64.64,385510364212,385606228737,725508533767,725604380160,32.8,35.1,34.3,36.6
316901,4973,42.3861,12.8150,-64.94,388897033780,388992898238,728895179866,728991026176,32.8,35.1,34.3,36.6
316954,4974,42.3955,12.8231,-64.77,392283703348,392379567741,732281825951,732377672192,32.8,35.1,34.3,36.6
317007,4975,42.4081,12.8340,-66.64,395670373428,395766237759,735668472544,735764318720,32.8,35.1,34.3,36.6
317060,4976,42.3941,12.8219,-65.98,399057042996,399152907269,739055118612,739150964736,32.8,35.1,34.3,36.6
317113,4977,42.3988,12.8259,-65.38,402443712564,402539576791,742441764675,742537610752,32.8,35.1,34.3,36.6
317166,4978,42.3955,12.8231,-64.46,405830382644,405926246846,745828411231,745924257280,32.8,35.1,34.3,36.6
317219,4979,42.4081,12.8340,-66.37,409217052212,409312916387,749215057275,749310903296,32.8,35.1,34.3,36.6
317272,4980,42.3894,12.8178,-66.12,412603721780,412699585939,752601703300,752697549312,32.8,35.1,34.3,36.6
317325,4981,42.3579,12.7908,-64.53,415990391860,416086256014,755988349823,756084195840,32.8,35.1,34.3,36.6
317378,4982,42.3767,12.8069,-64.74,419377061428,419472925599,759374995829,759470841856,32.8,35.1,34.3,36.6
317431,4983,42.3955,12.8231,-64.81,422763731508,422859595712,762761642332,762857488384,32.8,35.1,34.3,36.6
317484,4984,42.3988,12.8259,-65.02,426150401076,426246265305,766148288321,766244134400,32.8,35.1,34.3,36.6
317537,4985,42.3814,12.8109,-64.66,429537070644,429632934919,769534934288,769630780416,32.8,35.1,34.3,36.6
317590,4986,42.4189,12.8432,-64.79,432923740724,433019605058,772921580772,773017426944,32.8,35.1,34.3,36.6
317643,4987,42.4035,12.8299,-65.82,436310410292,436406274682,776308226722,776404072960,32.8,35.1,34.3,36.6
317696,4988,42.4081,12.8340,-66.28,439697079860,439792944326,779694872665,779790718976,32.8,35.1,34.3,36.6
317749,4989,42.3847,12.8138,-65.66,443083749940,443179614477,783081519111,783177365504,32.8,35.1,34.3,36.6
317802,4990,42.4048,12.8311,-64.68,446470419508,446566283640,786468165032,786564011008,32.8,35.1,34.3,36.6
317855,4991,42.4035,12.8299,-65.83,449857089588,449952953815,789854811461,789950657536,32.8,35.1,34.3,36.6
317908,4992,42.3814,12.8109,-64.96,453243759156,453339623498,793241457357,793337303552,32.8,35.1,34.3,36.6
317961,4993,42.4035,12.8299,-65.68,456630428724,456726293194,796628103250,796723949568,32.8,35.1,34.3,36.6
318014,4994,42.3861,12.8150,-64.08,460017098804,460112962891,800014749646,800110595584,32.8,35.1,34.3,36.6
318067,4995,42.4363,12.8582,-65.11,463403768372,463499632631,803401395508,803497241600,32.8,35.1,34.3,36.6
318120,4996,42.3908,12.8190,-63.73,466790438452,466886302853,806788041877,806883888128,32.8,35.1,34.3,36.6
318173,4997,42.4048,12.8311,-64.96,470177108020,470272972082,810174687726,810270533632,32.8,35.1,34.3,36.6
318226,4998,42.4330,12.8554,-64.61,473563777588,473659641838,813561333566,813657179648,32.8,35.1,34.3,36.6
318279,4999,42.4142,12.8392,-64.61,476950447668,477046312100,816947979905,817043826176,32.8,35.1,34.3,36.6
318332,5000,42.4236,12.8473,-64.61,480337117236,480432981361,820334625719,820430471680,32.8,35.1,34.3,36.6
318385,5001,42.4175,12.8420,-66.57,483723787316,483819651647,823721272035,823817118208,32.8,35.1,34.3,36.6
318438,5002,42.4001,12.8271,-64.53,487110456884,487206321429,827107917834,827203764224,32.8,35.1,34.3,36.6
318491,5003,42.4128,12.8380,-66.51,490497126964,490592991237,830494564124,830590410240,32.8,35.1,34.3,36.6
318544,5004,42.4142,12.8392,-64.81,493883796532,493979661045,833881209904,833977056256,32.8,35.1,34.3,36.6
318597,5005,42.4316,12.8542,-66.72,497270466100,497366330360,837267855665,837363701760,32.8,35.1,34.3,36.6
318650,5006,42.4316,12.8542,-66.62,500657136180,500753000695,840654501937,840750348288,32.8,35.1,34.3,36.6
318703,5007,42.4095,12.8352,-63.98,504043805748,504139670026,844041147672,844136993792,32.8,35.1,34.3,36.6
318756,5008,42.4269,12.8501,-65.25,507430475828,507526340390,847427793921,847523640320,32.8,35.1,34.3,36.6
318809,5009,42.4001,12.8271,-64.15,510817145396,510913009739,850814439636,850910285824,32.8,35.1,34.3,36.6
318862,5010,42.4377,12.8594,-64.23,514203815476,514299679620,854201085866,854296931840,32.8,35.1,34.3,36.6
318915,5011,42.4236,12.8473,-64.50,517590485044,517686349507,857587731558,857683577856,32.8,35.1,34.3,36.6
318968,5012,42.4048,12.8311,-64.03,520977155124,521073019396,860974377756,861070223872,32.8,35.1,34.3,36.6
319021,5013,42.3955,12.8231,-64.83,524363824692,524459688779,864361023442,864456869376,32.8,35.1,34.3,36.6
319074,5014,42.4410,12.8622,-66.79,527750494772,527846359227,867747669618,867843515904,32.8,35.1,34.3,36.6
319127,5015,42.3908,12.8190,-64.57,531137164340,531233028627,871134315271,871230161408,32.8,35.1,34.3,36.6
319180,5016,42.4504,12.8703,-65.46,534523834420,534619698578,874520961439,874616807424,32.8,35.1,34.3,36.6
319233,5017,42.4001,12.8271,-64.68,537910503988,538006368520,877907607062,878003453440,32.8,35.1,34.3,36.6
319286,5018,42.4048,12.8311,-64.21,541297174068,541393038482,881294253198,881390099456,32.8,35.1,34.3,36.6
319339,5019,42.4551,12.8744,-66.96,544683843636,544779707954,884680898816,884776744960,32.8,35.1,34.3,36.6
319392,5020,42.4189,12.8432,-64.05,548070513716,548166377926,888067544928,888163390976,32.8,35.1,34.3,36.6
319445,5021,42.4377,12.8594,-64.92,551457183796,551553047927,891454191032,891550036992,32.8,35.1,34.3,36.6
319498,5022,42.4236,12.8473,-65.00,554843853364,554939717417,894840836607,894936682496,32.8,35.1,34.3,36.6
319551,5023,42.4504,12.8703,-65.04,558230523444,558326387947,898227482694,898323329024,32.8,35.1,34.3,36.6
319604,5024,42.4363,12.8582,-65.32,561617193012,561713057465,901614128241,901709974528,32.8,35.1,34.3,36.6
319657,5025,42.3955,12.8231,-64.10,565003863092,565099727491,905000774298,905096620544,32.8,35.1,34.3,36.6
319710,5026,42.4189,12.8432,-64.87,568390532660,568486397032,908387419839,908483266048,32.8,35.1,34.3,36.6
319763,5027,42.4081,12.8340,-65.92,571777202740,571873067084,911774065875,911869912064,32.8,35.1,34.3,36.6
319816,5028,42.4236,12.8473,-64.32,575163872308,575259736652,915160711388,915256557568,32.8,35.1,34.3,36.6
319869,5029,42.4283,12.8513,-64.46,578550542388,578646406730,918547357409,918643203584,32.8,35.1,34.3,36.6
319922,5030,42.3955,12.8231,-64.30,581937212468,582033076817,921934003403,922029849600,32.8,35.1,34.3,36.6
319975,5031,42.4598,12.8784,-65.11,585323882036,585419746417,925320648899,925416495104,32.8,35.1,34.3,36.6
320028,5032,42.4095,12.8352,-64.42,588710552116,588806416520,928707294874,928803141120,32.8,35.1,34.3,36.6
320081,5033,42.4377,12.8594,-64.72,592097221684,592193086144,932093940334,932189786624,32.8,35.1,34.3,36.6
320134,5034,42.4598,12.8784,-65.74,595483891764,595579756277,935480586303,935576432640,32.8,35.1,34.3,36.6
320187,5035,42.4128,12.8380,-65.58,598870561844,598966425909,938867232236,938963078144,32.8,35.1,34.3,36.6
320240,5036,42.4424,12.8634,-64.23,602257231412,602353095554,942253877678,942349723648,32.8,35.1,34.3,36.6
320293,5037,42.4095,12.8352,-64.44,605643901492,605739765713,945640523602,945736369664,32.8,35.1,34.3,36.6
320346,5038,42.4564,12.8755,-64.76,609030571572,609126435905,949027169525,949123015680,32.8,35.1,34.3,36.6
320399,5039,42.4598,12.8784,-66.72,612417241140,612513105584,952413814917,952509661184,32.8,35.1,34.3,36.6
320452,5040,42.4598,12.8784,-65.56,615803911220,615899775776,955800460820,955896307200,32.8,35.1,34.3,36.6
320505,5041,42.4330,12.8554,-64.46,619190581300,619286445477,959187106695,959282952704,32.8,35.1,34.3,36.6
320558,5042,42.4410,12.8622,-65.04,622577250868,622673115194,962573752051,962669598208,32.8,35.1,34.3,36.6
320611,5043,42.4424,12.8634,-64.14,625963920948,626059785422,965960397923,966056244224,32.8,35.1,34.3,36.6
320664,5044,42.4611,12.8796,-64.81,629350591028,629446455166,969347043771,969442889728,32.8,35.1,34.3,36.6
320717,5045,42.4471,12.8675,-64.74,632737260596,632833124899,972733689104,972829535232,32.8,35.1,34.3,36.6
320770,5046,42.4236,12.8473,-64.41,636123930676,636219795156,976120334933,976216181248,32.8,35.1,34.3,36.6
320823,5047,42.4377,12.8594,-64.68,639510600756,639606464927,979506980751,979602826752,32.8,35.1,34.3,36.6
320876,5048,42.4504,12.8703,-65.19,642897270324,642993134710,982893626043,982989472256,32.8,35.1,34.3,36.6
320929,5049,42.4330,12.8554,-63.77,646283940404,646379804485,986280271847,986376117760,32.8,35.1,34.3,36.6
320982,5050,42.4504,12.8703,-65.23,649670610484,649766474808,989666917625,989762763776,32.8,35.1,34.3,36.6
321035,5051,42.4471,12.8675,-64.41,653057280052,653153144607,993053562899,993149409280,32.8,35.1,34.3,36.6
321088,5052,42.4377,12.8594,-64.21,656443950132,656539814426,996440208660,996536054784,32.8,35.1,34.3,36.6
321141,5053,42.4095,12.8352,-64.53,659830620212,659926484758,999826854412,999922700800,32.8,35.1,34.3,36.6
321194,5054,42.4691,12.8865,-65.06,663217290292,663313154619,1003213500158,1003309346304,32.8,35.1,34.3,36.6
321247,5055,42.4283,12.8513,-63.75,666603959860,666699823942,1006600145381,1006695991296,32.8,35.1,34.3,36.6
321300,5056,42.4551,12.8744,-66.30,669990629940,670086494328,1009986791099,1010082637312,32.8,35.1,34.3,36.6
321353,5057,42.4377,12.8594,-64.52,673377300020,673473164194,1013373436812,1013469282816,32.8,35.1,34.3,36.6
321406,5058,42.4316,12.8542,-66.00,676763970100,676859834588,1016760082509,1016855928832,32.8,35.1,34.3,36.6
321459,5059,42.4611,12.8796,-64.74,680150639668,680246503984,1020146727689,1020242573824,32.8,35.1,34.3,36.6
321512,5060,42.4658,12.8836,-64.70,683537309748,683633173888,1023533373370,1023629219328,32.8,35.1,34.3,36.6
321565,5061,42.4564,12.8755,-64.64,686923979828,687019844305,1026920019046,1027015865344,32.8,35.1,34.3,36.6
321618,5062,42.4611,12.8796,-64.92,690310649908,690406514240,1030306664697,1030402510848,32.8,35.1,34.3,36.6
321671,5063,42.4705,12.8877,-64.76,693697319476,693793183664,1033693309837,1033789155840,32.8,35.1,34.3,36.6
321724,5064,42.4551,12.8744,-66.53,697083989556,697179854113,1037079955473,1037175801856,32.8,35.1,34.3,36.6
321777,5065,42.4785,12.8945,-65.25,700470659636,700566524086,1040466601094,1040562447360,32.8,35.1,34.3,36.6
321830,5066,42.4611,12.8796,-64.89,703857329716,703953194054,1043853246707,1043949092864,32.8,35.1,34.3,36.6
321883,5067,42.4471,12.8675,-65.00,707243999796,707339864031,1047239892308,1047335738368,32.8,35.1,34.3,36.6
321936,5068,42.4598,12.8784,-66.26,710630669364,710726533504,1050626537396,1050722383360,32.8,35.1,34.3,36.6
321989,5069,42.4691,12.8865,-66.70,714017339444,714113204024,1054013182976,1054109029376,32.8,35.1,34.3,36.6
322042,5070,42.4644,12.8824,-65.72,717404009524,717499874032,1057399828551,1057495674880,32.8,35.1,34.3,36.6
322095,5071,42.4738,12.8905,-65.09,720790679604,720886544056,1060786474114,1060882320384,32.8,35.1,34.3,36.6
322148,5072,42.4424,12.8634,-64.24,724177349684,724273214082,1064173119662,1064268965888,32.8,35.1,34.3,36.6
322201,5073,42.4424,12.8634,-64.37,727564019764,727659884130,1067559765199,1067655611392,32.8,35.1,34.3,36.6
322254,5074,42.4518,12.8715,-64.21,730950689332,731046553673,1070946410220,1071042256384,32.8,35.1,34.3,36.6
322307,5075,42.4738,12.8905,-66.79,734337359412,734433223736,1074333055747,1074428901888,32.8,35.1,34.3,36.6
322360,5076,42.4973,12.9107,-65.02,737724029492,737819893822,1077719701254,1077815547392,32.8,35.1,34.3,36.6
322413,5077,42.4973,12.9107,-65.02,741110699572,741206563907,1081106346753,1081202192896,32.8,35.1,34.3,36.6
322466,5078,42.4471,12.8675,-64.55,744497369652,744593233991,1084492992235,1084588838400,32.8,35.1,34.3,36.6
322519,5079,42.4738,12.8905,-65.92,747884039732,747979904094,1087879637725,1087975483904,32.8,35.1,34.3,36.6
322572,5080,42.4658,12.8836,-64.48,751270709812,751366574214,1091266283188,1091362129408,32.8,35.1,34.3,36.6
322625,5081,42.4926,12.9067,-66.77,754657379380,754753243836,1094652928134,1094748774400,32.8,35.1,34.3,36.6
322678,5082,42.4598,12.8784,-66.43,758044049460,758139913956,1098039573584,1098135419904,32.8,35.1,34.3,36.6
322731,5083,42.4879,12.9026,-65.27,761430719540,761526584108,1914591253,2010437632,32.8,35.1,34.3,36.6
322784,5084,42.4705,12.8877,-64.76,764817389620,764913253753,5301236676,5397082624,32.8,35.1,34.3,36.6
322837,5085,42.4564,12.8755,-64.12,768204059700,768299923918,8687882088,8783728128,32.8,35.1,34.3,36.6
322890,5086,42.4987,12.9119,-64.94,771590729780,771686594113,12074527496,12170373632,32.8,35.1,34.3,36.6
322943,5087,42.4598,12.8784,-66.18,774977399860,775073264289,15461172884,15557019136,32.8,35.1,34.3,36.6
322996,5088,42.4518,12.8715,-64.05,778364069940,778459934479,18847818277,18943664640,32.8,35.1,34.3,36.6
323049,5089,42.4424,12.8634,-64.14,781750740020,781846604179,22234463646,22330309632,32.8,35.1,34.3,36.6
323102,5090,42.4644,12.8824,-65.72,785137410100,785233274410,25621109005,25716955136,32.8,35.1,34.3,36.6
323155,5091,42.4893,12.9038,-64.89,788524080180,788619944642,29007754370,29103600640,32.8,35.1,34.3,36.6
323208,5092,42.4564,12.8755,-64.89,791910749748,792006613856,32394399190,32490245120,32.8,35.1,34.3,36.6
323261,5093,42.4879,12.9026,-65.07,795297419828,795393284116,35781044524,35876890624,32.8,35.1,34.3,36.6
323314,5094,42.4738,12.8905,-66.47,798684089908,798779954373,39167689846,39263536128,32.8,35.1,34.3,36.6
323367,5095,42.4564,12.8755,-64.32,802070759988,802166624132,42554335154,42650181120,32.8,35.1,34.3,36.6
323420,5096,42.4752,12.8917,-64.66,805457430068,805553294425,45940980454,46036826624,32.8,35.1,34.3,36.6
323473,5097,42.4738,12.8905,-66.14,808844100148,808939964720,49327625738,49423472128,32.8,35.1,34.3,36.6
323526,5098,42.4424,12.8634,-64.94,812230770228,812326634513,52714271008,52810117120,32.8,35.1,34.3,36.6
323579,5099,42.4705,12.8877,-64.77,815617440308,815713304833,56100916284,56196762624,32.8,35.1,34.3,36.6
323632,5100,42.4832,12.8986,-65.32,819004110388,819099974655,59487561536,59583407616,32.8,35.1,34.3,36.6
323685,5101,42.4926,12.9067,-65.42,822390780468,822486644992,62874206787,62970053120,32.8,35.1,34.3,36.6
323738,5102,42.4658,12.8836,-64.70,825777450548,825873314828,66260852015,66356698112,32.8,35.1,34.3,36.6
323791,5103,42.4705,12.8877,-64.76,829164120628,829259985184,69647497245,69743343616,32.8,35.1,34.3,36.6
323844,5104,42.4879,12.9026,-65.17,832550790708,832646655047,73034142457,73129988608,32.8,35.1,34.3,36.6
323897,5105,42.5254,12.9349,-65.02,835937460788,836033324927,76420787665,76516633600,32.8,35.1,34.3,36.6
323950,5106,42.5067,12.9188,-66.79,839324130868,839419995320,79807432849,79903279104,32.8,35.1,34.3,36.6
324003,5107,42.5161,12.9268,-65.32,842710800948,842806665213,83194078031,83289924096,32.8,35.1,34.3,36.6
324056,5108,42.4785,12.8945,-66.68,846097471028,846193335611,86580723202,86676569600,32.8,35.1,34.3,36.6
324109,5109,42.4611,12.8796,-64.12,849484141108,849580005520,89967368361,90063214592,32.8,35.1,34.3,36.6
324162,5110,42.5067,12.9188,-66.30,852870811188,852966675453,93354013516,93449859584,32.8,35.1,34.3,36.6
324215,5111,42.4879,12.9026,-65.06,856257481780,856353345886,96740659170,96836505088,32.8,35.1,34.3,36.6
324268,5112,42.4738,12.8905,-66.08,859644151860,859740016340,100127304295,100223150592,32.8,35.1,34.3,36.6
324321,5113,42.4658,12.8836,-64.44,863030821940,863126686291,103513949416,103609795584,32.8,35.1,34.3,36.6
324374,5114,42.4987,12.9119,-64.76,866417492020,866513356260,106900594532,106996440576,32.8,35.1,34.3,36.6
324427,5115,42.4705,12.8877,-64.89,869804162100,869900026230,110287239623,110383085568,32.8,35.1,34.3,36.6
324480,5116,42.4846,12.8998,-64.08,873190832180,873286696720,113673884722,113769731072,32.8,35.1,34.3,36.6
324533,5117,42.4940,12.9078,-64.50,876577502260,876673366725,117060529793,117156376064,32.8,35.1,34.3,36.6
324586,5118,42.4940,12.9078,-64.90,879964172340,880060036733,120447174857,120543021056,32.8,35.1,34.3,36.6
324639,5119,42.5254,12.9349,-65.54,883350842420,883446706750,123833819922,123929666048,32.8,36.1,34.3,37.6
324692,5120,42.4846,12.8998,-64.89,886737512500,886833376775,127220464956,127316311040,32.8,35.1,34.3,36.6
324745,5121,42.4893,12.9038,-64.28,890124182580,890220046807,130607109998,130702956032,32.8,35.1,34.3,36.6
324798,5122,42.5254,12.9349,-65.82,893510852660,893606716862,133993755027,134089601024,32.8,36.1,34.3,37.6
324851,5123,42.5067,12.9188,-65.38,896897523252,896993387422,137380400554,137476246528,32.8,35.1,34.3,36.6
324904,5124,42.5020,12.9147,-66.00,900284193332,900380057487,140767045559,140862891520,32.8,35.1,34.3,36.6
324957,5125,42.4611,12.8796,-64.79,903670863412,903766727562,144153690542,144249536512,32.8,35.1,34.3,36.6
325010,5126,42.4846,12.8998,-64.23,907057533492,907153397656,147540335531,147636181504,32.8,35.1,34.3,36.6
325063,5127,42.4926,12.9067,-65.82,910444203572,910540067752,150926980506,151022826496,32.8,35.1,34.3,36.6
325116,5128,42.4846,12.8998,-64.21,913830873652,913926737858,154313625472,154409471488,32.8,35.1,34.3,36.6
325169,5129,42.5348,12.9430,-65.28,917217543732,917313407990,157700270430,157796116480,32.8,35.1,34.3,36.6
325222,5130,42.5020,12.9147,-66.14,920604214324,920700078621,161086915882,161182761984,32.8,36.1,34.3,37.6
325275,5131,42.4973,12.9107,-65.78,923990884404,924086748765,164473560807,164569406976,32.8,35.1,34.3,36.6
325328,5132,42.5114,12.9228,-65.50,927377554484,927473418914,167860205736,167956051968,32.8,35.1,34.3,36.6
325381,5133,42.5034,12.9159,-64.89,930764224564,930860089080,171246850643,171342696960,32.8,35.1,34.3,36.6
325434,5134,42.4987,12.9119,-64.53,934150894644,934246759238,174633495554,174729341952,32.8,35.1,34.3,36.6
325487,5135,42.5020,12.9147,-66.74,937537565236,937633429416,178020140959,178115986944,32.8,35.1,34.3,36.6
325540,5136,42.5034,12.9159,-64.66,940924235316,941020099605,181406785845,181502631936,32.8,35.1,34.3,36.6
325593,5137,42.4846,12.8998,-64.39,944310905396,944406769806,184793430709,184889276928,32.8,35.1,34.3,36.6
325646,5138,42.4705,12.8877,-64.94,947697575476,947793440008,188180075573,188275921920,32.8,35.1,34.3,36.6
325699,5139,42.4987,12.9119,-64.15,951084245556,951180109716,191566720436,191662566400,32.8,35.1,34.3,36.6
325752,5140,42.5367,12.9446,-67.07,954470916148,954566780474,194953365780,195049211904,32.8,35.1,34.3,36.6
325805,5141,42.4799,12.8957,-64.48,957857586228,957953450696,198340010617,198435856896,32.8,35.1,34.3,36.6
325858,5142,42.5207,12.9309,-65.07,961244256308,961340120441,201726655446,201822501376,32.8,35.1,34.3,36.6
325911,5143,42.5301,12.9390,-65.90,964630926388,964726790714,205113300249,205209146368,32.8,35.1,34.3,36.6
325964,5144,42.5114,12.9228,-66.34,968017596980,968113461476,208499945574,208595791872,32.8,35.1,34.3,36.6
326017,5145,42.5348,12.9430,-65.02,971404267060,971500131257,211886590363,211982436352,32.8,35.1,34.3,36.6
326070,5146,42.5221,12.9321,-64.81,974790937140,974886801547,215273235144,215369081344,32.8,35.1,34.3,36.6
326123,5147,42.5067,12.9188,-65.30,978177607220,978273471316,218659879924,218755725824,32.8,35.1,34.3,36.6
326176,5148,42.5067,12.9188,-65.17,981564277812,981660142145,222046525191,222142371328,32.8,35.1,34.3,36.6
326229,5149,42.5221,12.9321,-64.74,984950947892,985046812465,225433169954,225529016320,32.8,35.1,34.3,36.6
326282,5150,42.5315,12.9401,-64.68,988337617972,988433482285,228819814697,228915660800,32.8,35.1,34.3,36.6
326335,5151,42.5020,12.9147,-66.45,991724288052,991820152608,232206459430,232302305792,32.8,35.1,34.3,36.6
326388,5152,42.5395,12.9470,-65.15,995110958644,995206822968,235593104670,235688950784,32.8,35.1,34.3,36.6
326441,5153,42.4940,12.9078,-64.12,998497628724,998593493311,238979749384,239075595776,32.8,35.1,34.3,36.6
326494,5154,42.5114,12.9228,-66.57,1001884298804,1001980163180,242366394079,242462240256,32.8,35.1,34.3,36.6
326547,5155,42.5174,12.9280,-64.52,1005270969396,1005366833556,245753039293,245848885248,32.8,35.1,34.3,36.6
326600,5156,42.5409,12.9482,-64.90,1008657639476,1008753503950,249139683980,249235530240,32.8,35.1,34.3,36.6
326653,5157,42.5174,12.9280,-64.85,1012044309556,1012140173826,252526328655,252622174720,32.8,35.1,34.3,36.6
326706,5158,42.5174,12.9280,-64.64,1015430980148,1015526844741,255912973836,256008820224,32.8,35.1,34.3,36.6
326759,5159,42.5221,12.9321,-64.15,1018817650228,1018913514647,259299618491,259395464704,32.8,35.1,34.3,36.6
326812,5160,42.5409,12.9482,-64.85,1022204320308,1022300184569,262686263138,262782109184,32.8,35.1,34.3,36.6
326865,5161,42.4987,12.9119,-64.32,1025590990900,1025686854990,266072908282,266168754176,32.8,35.1,34.3,36.6
326918,5162,42.5127,12.9240,-65.00,1028977660980,1029073525438,269459552913,269555399168,32.8,35.1,34.3,36.6
326971,5163,42.5348,12.9430,-65.74,1032364331060,1032460195390,272846197527,272942043648,32.8,35.1,34.3,36.6
327024,5164,42.5583,12.9632,-65.17,1035751001652,1035846865847,276232842664,276328688640,32.8,35.1,34.3,36.6
327077,5165,42.5207,12.9309,-66.60,1039137671732,1039233536309,279619487257,279715333632,32.8,35.1,34.3,36.6
327130,5166,42.5081,12.9200,-64.21,1042524341812,1042620206282,283006131843,283101978112,32.8,35.1,34.3,36.6
327183,5167,42.4987,12.9119,-64.76,1045911012404,1046006876772,286392776933,286488623104,32.8,35.1,34.3,36.6
327236,5168,42.5127,12.9240,-64.66,1049297682484,1049393546765,289779421505,289875267584,32.8,35.1,34.3,36.6
327289,5169,42.5536,12.9591,-65.13,1052684353076,1052780217281,293166066587,293261912576,32.8,35.1,34.3,36.6
327342,5170,42.5395,12.9470,-65.06,1056071023156,1056166887288,296552711135,296648557056,32.8,35.1,34.3,36.6
327395,5171,42.5536,12.9591,-65.86,1059457693236,1059553557820,299939355681,300035202048,32.8,35.1,34.3,36.6
327448,5172,42.5081,12.9200,-64.76,1062844363828,1062940228348,303326000721,303421847040,32.8,35.1,34.3,36.6
327501,5173,42.5207,12.9309,-65.58,1066231033908,1066326898388,306712645243,306808491520,32.8,36.1,34.3,37.6
327554,5174,42.5362,12.9442,-64.83,1069617704500,1069713568958,310099290266,310195136512,32.8,35.1,34.3,36.6
327607,5175,42.5221,12.9321,-64.42,1073004374580,1073100239001,313485934778,313581780992,32.8,35.1,34.3,36.6
327660,5176,42.5301,12.9390,-65.92,1076391044660,1076486909066,316872579273,316968425472,32.8,35.1,34.3,36.6
327713,5177,42.5221,12.9321,-64.63,1079777713716,1079873578121,320259222729,320355068928,32.8,35.1,34.3,36.6
327766,5178,42.5174,12.9280,-64.52,1083164383796,1083260248202,323645867207,323741713408,32.8,35.1,34.3,36.6
327819,5179,42.5127,12.9240,-64.37,1086551054388,1086646918804,327032512187,327128358400,32.8,35.1,34.3,36.6
327872,5180,42.5442,12.9511,-66.70,1089937724468,1090033588922,330419156638,330515002880,32.8,35.1,34.3,36.6
327925,5181,42.4940,12.9078,-64.28,1093324395060,1093420259532,333805801595,333901647872,32.8,35.1,34.3,36.6
327978,5182,42.5456,12.9523,-64.96,1096711066676,1096806931204,337192447577,337288293888,32.8,35.1,34.3,36.6
328031,5183,42.5724,12.9753,-66.74,586109492,681974070,340579092526,340674938880,32.8,35.1,34.3,36.6
328084,5184,42.5817,12.9834,-65.62,3972779572,4068643705,343965736943,344061582848,32.8,35.1,34.3,36.6
328137,5185,42.5602,12.9648,-67.00,7359450164,7455314364,347352381853,347448227840,32.8,35.1,34.3,36.6
328190,5186,42.5301,12.9390,-66.28,10746120244,10841984518,350739026252,350834872320,32.8,35.1,34.3,36.6
328243,5187,42.5221,12.9321,-64.63,14132790836,14228655199,354125671156,354221517312,32.8,35.1,34.3,36.6
328296,5188,42.5348,12.9430,-66.32,17519460916,17615325381,357512315536,357608161792,32.8,35.1,34.3,36.6
328349,5189,42.5724,12.9753,-65.04,20906131508,21001996089,360898960428,360994806784,32.8,35.1,34.3,36.6
328402,5190,42.5362,12.9442,-64.61,24292801588,24388665773,364285604780,364381450752,32.8,35.1,34.3,36.6
328455,5191,42.5864,12.9874,-65.09,27679472180,27775336503,367672249651,367768095744,32.8,35.1,34.3,36.6
328508,5192,42.5442,12.9511,-66.79,31066142260,31162006710,371058893986,371154740224,32.8,35.1,34.3,36.6
328561,5193,42.5456,12.9523,-64.59,34452812852,34548677449,374445538835,374541385216,32.8,35.1,34.3,36.6
328614,5194,42.5254,12.9349,-66.20,37839482932,37935347165,377832183156,377928029184,32.8,35.1,34.3,36.6
328667,5195,42.5442,12.9511,-65.96,41226153524,41322017923,381218827990,381314674176,32.8,35.1,34.3,36.6
328720,5196,42.5550,12.9603,-64.90,44612823604,44708688184,384605472297,384701318656,32.8,35.1,34.3,36.6
328773,5197,42.5644,12.9684,-64.92,47999494196,48095358455,387992117102,388087963136,32.8,35.1,34.3,36.6
328826,5198,42.5301,12.9390,-65.25,51386164276,51482028714,391378761384,391474607616,32.8,35.1,34.3,36.6
328879,5199,42.5442,12.9511,-66.79,54772834868,54868699004,394765406173,394861252096,32.8,35.1,34.3,36.6
328932,5200,42.5315,12.9401,-64.24,58159505460,58255369802,398152050956,398247897088,32.8,35.1,34.3,36.6
328985,5201,42.5395,12.9470,-66.28,61546175540,61642040101,401538695217,401634541568,32.8,35.1,34.3,36.6
329038,5202,42.5550,12.9603,-64.96,64932846132,65028710415,404925339986,405021186048,32.8,35.1,34.3,36.6
329091,5203,42.5536,12.9591,-65.07,68319516212,68415380734,408311984222,408407830528,32.8,35.1,34.3,36.6
329144,5204,42.5630,12.9672,-65.23,71706186804,71802051061,411698628972,411794475008,32.8,35.1,34.3,36.6
329197,5205,42.5770,12.9793,-65.06,75092856884,75188721401,415085273198,415181119488,32.8,35.1,34.3,36.6
329250,5206,42.5630,12.9672,-66.70,78479527476,78575391739,418471917925,418567763968,32.8,35.1,34.3,36.6
329303,5207,42.5362,12.9442,-64.05,81866198068,81962062601,421858562639,421954408960,32.8,35.1,34.3,36.6
329356,5208,42.5550,12.9603,-64.77,85252868148,85348732462,425245206835,425341052928,32.8,35.1,34.3,36.6
329409,5209,42.5395,12.9470,-65.04,88639538740,88735403331,428631851540,428727697920,32.8,35.1,34.3,36.6
329462,5210,42.5597,12.9644,-64.89,92026208820,92122073218,432018495713,432114341888,32.8,35.1,34.3,36.6
329515,5211,42.5724,12.9753,-65.19,95412879412,95508743601,435405140403,435500986368,32.8,35.1,34.3,36.6
329568,5212,42.5456,12.9523,-64.79,98799550004,98895414510,438791785071,438887631360,32.8,35.1,34.3,36.6
329621,5213,42.5724,12.9753,-65.23,102186220084,102282084414,442178429222,442274275328,32.8,35.1,34.3,36.6
329674,5214,42.5456,12.9523,-64.74,105572890676,105668754819,445565073881,445660919808,32.8,35.1,34.3,36.6
329727,5215,42.5362,12.9442,-64.30,108959561268,109055425755,448951718526,449047564800,32.8,35.1,34.3,36.6
329780,5216,42.5724,12.9753,-65.07,112346231348,112442095682,452338362659,452434208768,32.8,35.1,34.3,36.6
329833,5217,42.5644,12.9684,-65.00,115732901940,115828766124,455725007288,455820853248,32.8,35.1,34.3,36.6
329886,5218,42.5409,12.9482,-64.32,119119572532,119215437087,459111651899,459207498240,32.8,35.1,34.3,36.6
329939,5219,42.5456,12.9523,-64.32,122506242612,122602107039,462498295997,462594142208,32.8,35.1,34.3,36.6
329992,5220,42.5503,12.9563,-64.41,125892913204,125988777508,465884940603,465980786688,32.8,35.1,34.3,36.6
330045,5221,42.5864,12.9874,-65.36,129279583796,129375447985,469271585209,469367431168,32.8,35.1,34.3,36.6
330098,5222,42.5536,12.9591,-65.32,132666253876,132762118463,472658229278,472754075648,32.8,35.1,34.3,36.6
330151,5223,42.5409,12.9482,-64.81,136052924468,136148788960,476044873850,476140720128,32.8,35.1,34.3,36.6
330204,5224,42.5644,12.9684,-64.72,139439595060,139535459468,479431518424,479527364608,32.8,35.1,34.3,36.6
330257,5225,42.5770,12.9793,-65.32,142826265140,142922129475,482818162467,482914008576,32.8,35.1,34.3,36.6
330310,5226,42.5958,12.9955,-65.07,146212935732,146308799996,486204807027,486300653056,32.8,35.1,34.3,36.6
330363,5227,42.5911,12.9914,-66.72,149599606324,149695470520,489591451572,489687297536,32.8,35.1,34.3,36.6
330416,5228,42.5770,12.9793,-66.02,152986276404,153082140536,492978095598,493073941504,32.8,35.1,34.3,36.6
330469,5229,42.5597,12.9644,-64.87,156372946996,156468811597,496364740117,496460586496,32.8,35.1,34.3,36.6
330522,5230,42.5770,12.9793,-66.14,159759617588,159855482153,499751384637,499847230976,32.8,35.1,34.3,36.6
330575,5231,42.5503,12.9563,-64.68,163146288180,163242152715,503138029139,503233875456,32.8,35.1,34.3,36.6
330628,5232,42.6005,12.9995,-66.70,166532958260,166628822784,506524673136,506620519424,32.8,35.1,34.3,36.6
330681,5233,42.5737,12.9765,-64.94,169919628852,170015493360,509911317624,510007163904,32.8,35.1,34.3,36.6
330734,5234,42.5770,12.9793,-65.40,173306299444,173402163948,513297962106,513393808384,32.8,35.1,34.3,36.6
330787,5235,42.5690,12.9724,-64.72,176692970036,176788834551,516684606575,516780452864,32.8,35.1,34.3,36.6
330840,5236,42.5724,12.9753,-66.02,180079640116,180175504639,520071250534,520167096832,32.8,35.1,34.3,36.6
330893,5237,42.5503,12.9563,-64.72,183466310708,183562175249,523457894989,523553741312,32.8,35.1,34.3,36.6
330946,5238,42.5911,12.9914,-65.44,186852981300,186948845878,526844539447,526940385792,32.8,35.1,34.3,36.6
330999,5239,42.5583,12.9632,-65.54,190239651892,190335516501,530231183882,530327030272,32.8,35.1,34.3,36.6
331052,5240,42.5737,12.9765,-63.99,193626321972,193722186128,533617827800,533713673728,32.8,35.1,34.3,36.6
331105,5241,42.5784,12.9805,-64.66,197012992564,197108856769,537004472234,537100318208,32.8,35.1,34.3,36.6
331158,5242,42.5724,12.9753,-66.96,200399663156,200495527427,540391116642,540486962688,32.8,35.1,34.3,36.6
331211,5243,42.5724,12.9753,-66.43,203786333748,203882198097,543777761043,543873607168,32.8,35.1,34.3,36.6
331264,5244,42.5550,12.9603,-64.53,207173003828,207268868258,547164404927,547260251136,32.8,35.1,34.3,36.6
331317,5245,42.5817,12.9834,-66.41,210559674420,210655538939,550551049326,550646895616,32.8,35.1,34.3,36.6
331370,5246,42.5583,12.9632,-66.16,213946345012,214042209623,553937693703,554033540096,32.8,35.1,34.3,36.6
331423,5247,42.5784,12.9805,-64.35,217333015604,217428879817,557324338082,557420184064,32.8,35.1,34.3,36.6
331476,5248,42.5817,12.9834,-65.83,220719686196,220815550528,560710982441,560806828544,32.8,35.1,34.3,36.6
331529,5249,42.6052,13.0036,-65.15,224106356276,224202220737,564097626290,564193472512,32.8,36.1,34.3,37.6
331582,5250,42.5724,12.9753,-66.72,227493026868,227588891447,567484270637,567580116992,32.8,35.1,34.3,36.6
331635,5251,42.6066,13.0047,-64.85,230879697460,230975561677,570870914985,570966760960,32.8,36.1,34.3,37.6
331688,5252,42.5737,12.9765,-65.00,234266368052,234362232413,574257559308,574353405440,32.8,35.1,34.3,36.6
331741,5253,42.5864,12.9874,-65.11,237653038644,237748903164,577644203630,577740049920,32.8,35.1,34.3,36.6
331794,5254,42.5677,12.9713,-65.34,241039708724,241135572884,581030847439,581126693376,32.8,35.1,34.3,36.6
331847,5255,42.5690,12.9724,-64.94,244426379316,244522243653,584417491746,584513337856,32.8,35.1,34.3,36.6
331900,5256,42.5630,12.9672,-66.06,247813049908,247908914427,587804136038,587899982336,32.8,35.1,34.3,36.6
331953,5257,42.6052,13.0036,-65.23,251199720500,251295584701,591190780342,591286626304,32.8,35.1,34.3,36.6
332006,5258,42.5864,12.9874,-65.28,254586391092,254682255487,594577424620,594673270784,32.8,35.1,34.3,36.6
332059,5259,42.5644,12.9684,-64.39,257973061684,258068926276,597964068896,598059915264,32.8,35.1,34.3,36.6
332112,5260,42.5831,12.9846,-64.66,261359731764,261455596068,601350712648,601446558720,32.8,35.1,34.3,36.6
332165,5261,42.5925,12.9926,-64.98,264746402356,264842266879,604737356914,604833203200,32.8,35.1,34.3,36.6
332218,5262,42.5817,12.9834,-66.28,268133072948,268228937179,608124001166,608219847168,32.8,35.1,34.3,36.6
332271,5263,42.5737,12.9765,-64.96,271519743540,271615608010,611510645407,611606491648,32.8,35.1,34.3,36.6
332324,5264,42.6019,13.0007,-64.90,274906414132,275002278340,614897289648,614993135616,32.8,35.1,34.3,36.6
332377,5265,42.5977,12.9971,-67.05,278293084724,278388949177,618283933872,618379780096,32.8,35.1,34.3,36.6
332430,5266,42.6193,13.0157,-66.89,281679755316,281775619524,621670578100,621766424064,32.8,35.1,34.3,36.6
332483,5267,42.5864,12.9874,-66.06,285066425908,285162290378,625057222305,625153068544,32.8,35.1,34.3,36.6
332536,5268,42.5925,12.9926,-64.66,288453095988,288548960225,628443865999,628539712000,32.8,35.1,34.3,36.6
332589,5269,42.5831,12.9846,-64.72,291839766580,291935631102,631830510191,631926356480,32.8,35.1,34.3,36.6
332642,5270,42.5831,12.9846,-64.77,295226437172,295322301481,635217154372,635313000448,32.8,35.1,34.3,36.6
332695,5271,42.6019,13.0007,-64.37,298613107764,298708972372,638603798561,638699644928,32.8,35.1,34.3,36.6
332748,5272,42.5690,12.9724,-64.76,301999778356,302095642758,641990442720,642086288896,32.8,35.1,34.3,36.6
332801,5273,42.5958,12.9955,-66.55,305386448948,305482313151,645377086895,645472932864,32.8,35.1,34.3,36.6
332854,5274,42.5724,12.9753,-66.32,308773119540,308868984068,648763731040,648859577344,32.8,35.1,34.3,36.6
332907,5275,42.5925,12.9926,-64.74,312159790132,312255654486,652150375194,652246221312,32.8,35.1,34.3,36.6
332960,5276,42.5784,12.9805,-64.76,315546460724,315642324906,655537019329,655632865280,32.8,35.1,34.3,36.6
333013,5277,42.5724,12.9753,-66.16,318933131316,319028995839,658923663461,659019509760,32.8,35.1,34.3,36.6
333066,5278,42.5831,12.9846,-64.98,322319801908,322415666287,662310307581,662406153728,32.8,35.1,34.3,36.6
333119,5279,42.5784,12.9805,-64.28,325706471988,325802336208,665696951195,665792797184,32.8,35.1,34.3,36.6
333172,5280,42.5831,12.9846,-64.53,329093142580,329189007173,669083595303,669179441664,32.8,35.1,34.3,36.6
333225,5281,42.6019,13.0007,-64.59,332479813172,332575677636,672470239408,672566085632,32.8,35.1,34.3,36.6
333278,5282,42.5817,12.9834,-65.02,335866483764,335962348099,675856883494,675952729600,32.8,35.1,34.3,36.6
333331,5283,42.6160,13.0128,-64.70,339253154356,339349018582,679243527589,679339373568,32.8,35.1,34.3,36.6
333384,5284,42.5958,12.9955,-66.53,342639824948,342735689572,682630171658,682726018048,32.8,35.1,34.3,36.6
333437,5285,42.6052,13.0036,-65.23,346026495540,346122360059,686016815736,686112662016,32.8,35.1,34.3,36.6
333490,5286,42.5784,12.9805,-64.63,349413166132,349509030553,689403459794,689499305984,32.8,35.1,34.3,36.6
333543,5287,42.6146,13.0116,-66.39,352799836724,352895701065,692790103853,692885949952,32.8,35.1,34.3,36.6
333596,5288,42.6287,13.0237,-65.28,356186507316,356282371582,696176747903,696272593920,32.8,35.1,34.3,36.6
333649,5289,42.6287,13.0237,-66.83,359573177908,359669042094,699563391950,699659237888,32.8,35.1,34.3,36.6
333702,5290,42.5972,12.9967,-64.70,362959848500,363055713132,702950035974,703045882368,32.8,35.1,34.3,36.6
333755,5291,42.6052,13.0036,-65.88,366346519092,366442383672,706336679995,706432526336,32.8,35.1,34.3,36.6
333808,5292,42.6019,13.0007,-64.87,369733189684,369829054209,709723324020,709819170304,32.8,35.1,34.3,36.6
333861,5293,42.5690,12.9724,-64.24,373119860276,373215724749,713109968026,713205814272,32.8,35.1,34.3,36.6
333914,5294,42.6240,13.0197,-65.68,376506530868,376602395325,716496612030,716592458240,32.8,35.1,34.3,36.6
333967,5295,42.6113,13.0088,-64.59,379893201460,379989065888,719883256025,719979102208,32.8,35.1,34.3,36.6
334020,5296,42.6052,13.0036,-65.34,383279872052,383375736450,723269900017,723365746176,32.8,35.1,34.3,36.6
334073,5297,42.6099,13.0076,-65.48,386666542644,386762407031,726656543997,726752390144,32.8,35.1,34.3,36.6
334126,5298,42.6146,13.0116,-65.56,390053213236,390149077622,730043187969,730139034112,32.8,36.1,34.3,37.6
334179,5299,42.6253,13.0209,-65.00,393439883828,393535748214,733429831944,733525678080,32.8,35.1,34.3,36.6
334232,5300,42.6099,13.0076,-66.43,396826554420,396922418818,736816475891,736912322048,32.8,35.1,34.3,36.6
334285,5301,42.5831,12.9846,-64.70,400213225012,400309089413,740203119847,740298966016,32.8,35.1,34.3,36.6
334338,5302,42.6052,13.0036,-66.00,403599895604,403695760031,743589763796,743685609984,32.8,35.1,34.3,36.6
334391,5303,42.5958,12.9955,-65.78,406986566196,407082430653,746976407730,747072253952,32.8,35.1,34.3,36.6
334444,5304,42.5972,12.9967,-64.72,410373236788,410469101282,750363051664,750458897920,32.8,35.1,34.3,36.6
334497,5305,42.5831,12.9846,-64.32,413759907380,413855771912,753749695589,753845541888,32.8,35.1,34.3,36.6
334550,5306,42.6052,13.0036,-66.87,417146577972,417242442555,757136339511,757232185856,32.8,35.1,34.3,36.6
334603,5307,42.6052,13.0036,-65.23,420533248564,420629112702,760522983413,760618829312,32.8,35.1,34.3,36.6
334656,5308,42.6099,13.0076,-66.94,423919919156,424015783360,763909627317,764005473280,32.8,35.1,34.3,36.6
334709,5309,42.6066,13.0047,-64.66,427306589748,427402454023,767296271215,767392117248,32.8,35.1,34.3,36.6
334762,5310,42.6019,13.0007,-64.66,430693260340,430789124698,770682915098,770778761216,32.8,35.1,34.3,36.6
334815,5311,42.6005,12.9995,-66.85,434079930932,434175795374,774069558979,774165405184,32.8,35.1,34.3,36.6
334868,5312,42.5864,12.9874,-65.04,437466601524,437562466054,777456202852,777552049152,32.8,35.1,34.3,36.6
334921,5313,42.6240,13.0197,-65.38,440853272116,440949136754,780842846729,780938693120,32.8,35.1,34.3,36.6
334974,5314,42.6287,13.0237,-65.21,444239942708,444335806945,784229490587,784325336576,32.8,35.1,34.3,36.6
335027,5315,42.6287,13.0237,-66.10,447626613300,447722477647,787616134446,787711980544,32.8,35.1,34.3,36.6
335080,5316,42.5831,12.9846,-64.89,451013284404,451109148868,791002778792,791098625024,32.8,35.1,34.3,36.6
335133,5317,42.6113,13.0088,-63.98,454399954996,454495819591,794389422642,794485268992,32.8,35.1,34.3,36.6
335186,5318,42.6240,13.0197,-66.10,457786625588,457882489807,797776066475,797871912448,32.8,35.1,34.3,36.6
335239,5319,42.6207,13.0169,-64.50,461173296180,461269160552,801162710293,801258556416,32.8,35.1,34.3,36.6
335292,5320,42.6066,13.0047,-64.92,464559966772,464655831293,804549354106,804645200384,32.8,35.1,34.3,36.6
335345,5321,42.6019,13.0007,-64.59,467946637364,468042501525,807935997919,808031843840,32.8,35.1,34.3,36.6
335398,5322,42.6333,13.0278,-65.64,471333307956,471429172294,811322641720,811418487808,32.8,35.1,34.3,36.6
335451,5323,42.6099,13.0076,-65.06,474719978548,474815843053,814709285512,814805131776,32.8,35.1,34.3,36.6
335504,5324,42.6240,13.0197,-65.62,478106649140,478202513306,818095929313,818191775232,32.8,35.1,34.3,36.6
335557,5325,42.6441,13.0370,-64.92,481493319732,481589184098,821482573093,821578419200,32.8,35.1,34.3,36.6
335610,5326,42.6005,12.9995,-65.78,484879990324,484975854868,824869216861,824965063168,32.8,35.1,34.3,36.6
335663,5327,42.6160,13.0128,-64.68,488266661428,488362525665,828255861146,828351707136,32.8,35.1,34.3,36.6
335716,5328,42.6193,13.0157,-65.38,491653332020,491749196472,831642504897,831738351104,32.8,35.1,34.3,36.6
335769,5329,42.6146,13.0116,-66.49,495040002612,495135866754,835029148660,835124994560,32.8,35.1,34.3,36.6
335822,5330,42.6300,13.0249,-64.50,498426673204,498522537573,838415792412,838511638528,32.8,35.1,34.3,36.6
335875,5331,42.6146,13.0116,-65.38,501813343796,501909208387,841802436147,841898282496,32.8,35.1,34.3,36.6
335928,5332,42.6521,13.0439,-65.42,505200014388,505295878714,845189079885,845284925952,32.8,35.1,34.3,36.6
335981,5333,42.6066,13.0047,-64.35,508586684980,508682549527,848575723615,848671569920,32.8,35.1,34.3,36.6
336034,5334,42.6380,13.0318,-65.04,511973356084,512069220375,851962367849,852058213888,32.8,35.1,34.3,36.6
336087,5335,42.5784,12.9805,-64.76,515360026676,515455891211,855349011552,855444857856,32.8,35.1,34.3,36.6
336140,5336,42.6347,13.0290,-64.72,518746697268,518842561564,858735655271,858831501312,32.8,35.1,34.3,36.6
336193,5337,42.6099,13.0076,-65.78,522133367860,522229232421,862122298959,862218145280,32.8,35.1,34.3,36.6
336246,5338,42.6427,13.0359,-65.64,525520038452,525615902782,865508942661,865604788736,32.8,35.1,34.3,36.6
336299,5339,42.6146,13.0116,-65.96,528906709044,529002573636,868895586355,868991432704,32.8,35.1,34.3,36.6
336352,5340,42.6287,13.0237,-65.30,532293379636,532389244022,872282230023,872378076160,32.8,35.1,34.3,36.6
336405,5341,42.6441,13.0370,-64.21,535680050740,535775914899,875668874227,875764720128,32.8,35.1,34.3,36.6
336458,5342,42.6287,13.0237,-65.86,539066721332,539162585794,879055517882,879151364096,32.8,35.1,34.3,36.6
336511,5343,42.6333,13.0278,-65.06,542453391924,542549256177,882442161550,882538007552,32.8,35.1,34.3,36.6
336564,5344,42.6066,13.0047,-64.92,545840062516,545935927075,885828805203,885924651520,32.8,35.1,34.3,36.6
336617,5345,42.6113,13.0088,-64.70,549226733108,549322597482,889215448846,889311294976,32.8,35.1,34.3,36.6
336670,5346,42.6099,13.0076,-66.51,552613404212,552709268394,892602093003,892697938944,32.8,35.1,34.3,36.6
336723,5347,42.6193,13.0157,-65.60,556000074804,556095939324,895988736636,896084582912,32.8,35.1,34.3,36.6
336776,5348,42.6333,13.0278,-65.07,559386745396,559482609745,899375380270,899471226368,32.8,35.1,34.3,36.6
336829,5349,42.6333,13.0278,-65.30,562773415988,562869280170,902762023892,902857869824,32.8,35.1,34.3,36.6
336882,5350,42.6347,13.0290,-64.79,566160086580,566255951115,906148667512,906244513792,32.8,35.1,34.3,36.6
336935,5351,42.6521,13.0439,-66.64,569546757172,569642621567,909535311111,909631157248,32.8,35.1,34.3,36.6
336988,5352,42.6709,13.0601,-65.96,572933428276,573029292518,912921955240,913017801216,32.8,35.1,34.3,36.6
337041,5353,42.6347,13.0290,-64.57,576320098868,576415963478,916308598829,916404445184,32.8,35.1,34.3,36.6
337094,5354,42.6333,13.0278,-65.98,579706769460,579802633935,919695242415,919791088640,32.8,35.1,34.3,36.6
337147,5355,42.6568,13.0480,-66.20,583093440052,583189304413,923081885995,923177732096,32.8,35.1,34.3,36.6
337200,5356,42.6568,13.0480,-66.51,586480110644,586575974877,926468529579,926564375552,32.8,35.1,34.3,36.6
337253,5357,42.6347,13.0290,-64.68,589866781748,589962646382,929855173653,929951020032,32.8,35.1,34.3,36.6
337306,5358,42.6193,13.0157,-65.72,593253452340,593349316865,933241817208,933337663488,32.8,35.1,34.3,36.6
337359,5359,42.6427,13.0359,-65.23,596640122932,596735987369,936628460761,936724306944,32.8,35.1,34.3,36.6
337412,5360,42.6193,13.0157,-66.49,600026793524,600122657864,940015104304,940110950400,32.8,35.1,34.3,36.6
337465,5361,42.6521,13.0439,-65.21,603413464628,603509328891,943401748363,943497594368,32.8,35.1,34.3,36.6
337518,5362,42.6380,13.0318,-66.72,606800135220,606895999395,946788391902,946884237824,32.8,35.1,34.3,36.6
337571,5363,42.6380,13.0318,-65.70,610186805812,610282670431,950175035425,950270881792,32.8,35.1,34.3,36.6
337624,5364,42.6052,13.0036,-65.74,613573476404,613669340948,953561678943,953657525248,32.8,35.1,34.3,36.6
337677,5365,42.6300,13.0249,-64.48,616960147508,617056012004,956948322973,957044169216,32.8,35.1,34.3,36.6
337730,5366,42.6333,13.0278,-65.13,620346818100,620442682546,960334966476,960430812672,32.8,35.1,34.3,36.6
337783,5367,42.6300,13.0249,-64.96,623733488692,623829353096,963721609976,963817456128,32.8,35.1,34.3,36.6
337836,5368,42.6568,13.0480,-65.92,627120159284,627216023649,967108253479,967204099584,32.8,35.1,34.3,36.6
337889,5369,42.6333,13.0278,-65.70,630506830388,630602694725,970494897465,970590743552,32.8,35.1,34.3,36.6
337942,5370,42.6568,13.0480,-65.23,633893500980,633989365290,973881540959,973977387008,32.8,35.1,34.3,36.6
337995,5371,42.6488,13.0411,-64.48,637280171572,637376035864,977268184433,977364030464,32.8,35.1,34.3,36.6
338048,5372,42.6193,13.0157,-65.72,640666842164,640762706437,980654827892,980750673920,32.8,35.1,34.3,36.6
338101,5373,42.6474,13.0399,-65.19,644053513268,644149377544,984041471868,984137317888,32.8,35.1,34.3,36.6
338154,5374,42.6615,13.0520,-66.30,647440183860,647536048139,987428115327,987523961344,32.8,35.1,34.3,36.6
338207,5375,42.6287,13.0237,-66.66,650826854452,650922718731,990814758770,990910604800,32.8,35.1,34.3,36.6
338260,5376,42.6488,13.0411,-64.59,654213525044,654309389338,994201402222,994297248256,32.8,35.1,34.3,36.6
338313,5377,42.6615,13.0520,-66.34,657600196148,657696060469,997588046166,997683892224,32.8,35.1,34.3,36.6
338366,5378,42.6193,13.0157,-66.06,660986866740,661082731079,1000974689586,1001070535680,32.8,35.1,34.3,36.6
338419,5379,42.6568,13.0480,-66.26,664373537332,664469401708,1004361333020,1004457179136,32.8,35.1,34.3,36.6
338472,5380,42.6380,13.0318,-65.70,667760208436,667856072850,1007747976943,1007843823104,32.8,35.1,34.3,36.6
338525,5381,42.6427,13.0359,-66.81,671146879028,671242743492,1011134620351,1011230466560,32.8,35.1,34.3,36.6
338578,5382,42.6521,13.0439,-65.15,674533549620,674629414135,1014521263759,1014617110016,32.8,35.1,34.3,36.6
338631,5383,42.6240,13.0197,-65.44,677920220212,678016084783,1017907907148,1018003753472,32.8,35.1,34.3,36.6
338684,5384,42.6521,13.0439,-65.23,681306891316,681402755956,1021294551058,1021390397440,32.8,35.1,34.3,36.6
338737,5385,42.6474,13.0399,-65.09,684693561908,684789426111,1024681194437,1024777040384,32.8,35.1,34.3,36.6
338790,5386,42.6427,13.0359,-66.53,688080232500,688176096782,1028067837813,1028163683840,32.8,35.1,34.3,36.6
338843,5387,42.6568,13.0480,-66.32,691466903604,691562767978,1031454481694,1031550327808,32.8,35.1,34.3,36.6
338896,5388,42.6347,13.0290,-64.76,694853574196,694949438660,1034841125055,1034936971264,32.8,35.1,34.3,36.6
338949,5389,42.6394,13.0330,-64.21,698240244788,698336109351,1038227768413,1038323614720,32.8,35.1,34.3,36.6
339002,5390,42.6394,13.0330,-64.90,701626915892,701722780048,1041614412276,1041710258176,32.8,35.1,34.3,36.6
339055,5391,42.6474,13.0399,-66.00,705013586484,705109450750,1045001055623,1045096901632,32.8,35.1,34.3,36.6
339108,5392,42.6380,13.0318,-65.17,708400257076,708496121468,1048387698949,1048483545088,32.8,35.1,34.3,36.6
339161,5393,42.6474,13.0399,-66.16,711786928180,711882792698,1051774342795,1051870189056,32.8,35.1,34.3,36.6
339214,5394,42.6380,13.0318,-65.13,715173598772,715269463422,1055160986115,1055256832512,32.8,35.1,34.3,36.6
339267,5395,42.6347,13.0290,-64.59,718560269364,718656133641,1058547629433,1058643475456,32.8,35.1,34.3,36.6
339320,5396,42.6582,13.0492,-64.42,721946940468,722042804897,1061934273259,1062030119424,32.8,35.1,34.3,36.6
339373,5397,42.6474,13.0399,-66.83,725333611060,725429475637,1065320916560,1065416762880,32.8,35.1,34.3,36.6
339426,5398,42.6582,13.0492,-64.77,728720281652,728816145878,1068707559862,1068803405824,32.8,35.1,34.3,36.6
339479,5399,42.6253,13.0209,-64.98,732106952756,732202817156,1072094203642,1072190049792,32.8,35.1,34.3,36.6
339532,5400,42.6676,13.0572,-65.00,735493623348,735589487920,1075480846945,1075576693248,32.8,35.1,34.3,36.6
339585,5401,42.6709,13.0601,-66.06,738880293940,738976158180,1078867490219,1078963336192,32.8,35.1,34.3,36.6
339638,5402,42.6535,13.0451,-64.59,742266965044,742362829474,1082254133992,1082349980160,32.8,35.1,34.3,36.6
339691,5403,42.6394,13.0330,-64.83,745653635636,745749500249,1085640777259,1085736623616,32.8,35.1,34.3,36.6
339744,5404,42.6582,13.0492,-64.74,749040306740,749136171063,1089027421014,1089123267072,32.8,35.1,34.3,36.6
339797,5405,42.6287,13.0237,-65.36,752426977332,752522841853,1092414064256,1092509910528,32.8,35.1,34.3,36.6
339850,5406,42.6582,13.0492,-64.32,755813647924,755909512150,1095800707511,1095896553472,32.8,35.1,34.3,36.6
339903,5407,42.6709,13.0601,-65.07,759200319028,759296183478,1099187351256,1099283197440,32.8,35.1,34.3,36.6
339956,5408,42.6723,13.0613,-64.63,762586989620,762682853786,3062366712,3158212608,32.8,35.1,34.3,36.6
340009,5409,42.6333,13.0278,-65.15,765973660724,766069525120,6449010430,6544856576,32.8,35.1,34.3,36.6
340062,5410,42.6300,13.0249,-64.66,769360331316,769456195956,9835653644,9931500032,32.8,35.1,34.3,36.6
340115,5411,42.6709,13.0601,-65.17,772747001908,772842866290,13222296860,13318142976,32.8,35.1,34.3,36.6
340168,5412,42.6770,13.0653,-64.72,776133673012,776229537646,16608940583,16704786944,32.8,35.1,34.3,36.6
340221,5413,42.6629,13.0532,-64.87,779520343604,779616207995,19995583763,20091429888,32.8,35.1,34.3,36.6
340274,5414,42.6568,13.0480,-65.32,782907014708,783002879362,23382227462,23478073856,32.8,35.1,34.3,36.6
340327,5415,42.6896,13.0762,-65.60,786293685300,786389549727,26768870647,26864716800,32.8,35.1,34.3,36.6
340380,5416,42.6615,13.0520,-66.72,789680355892,789776220080,30155513818,30251359744,32.8,35.1,34.3,36.6
340433,5417,42.6394,13.0330,-64.76,793067026996,793162891471,33542157494,33638003712,32.8,35.1,34.3,36.6
340486,5418,42.6615,13.0520,-65.30,796453697588,796549561859,36928800647,37024646656,32.8,35.1,34.3,36.6
340539,5419,42.6535,13.0451,-64.87,799840368692,799936233256,40315444322,40411290624,32.8,35.1,34.3,36.6
340592,5420,42.6723,13.0613,-64.19,803227039284,803322903654,43702087469,43797933568,32.8,35.1,34.3,36.6
340645,5421,42.6770,13.0653,-63.24,806613710388,806709574565,47088731120,47184577024,32.8,35.1,34.3,36.6
340698,5422,42.6488,13.0411,-63.61,810000380980,810096245472,50475374249,50571220480,32.8,35.1,34.3,36.6
340751,5423,42.6896,13.0762,-66.08,813387051572,813482915889,53862017382,53957863424,32.8,35.1,34.3,36.6
340804,5424,42.6756,13.0641,-66.51,816773722676,816869587328,57248661008,57344507392,32.8,35.1,34.3,36.6
340857,5425,42.6441,13.0370,-63.75,820160393268,820256257753,60635304109,60731150336,32.8,35.1,34.3,36.6
340910,5426,42.6676,13.0572,-64.32,823547064372,823642928701,64021947732,64117793792,32.8,35.1,34.3,36.6
340963,5427,42.6756,13.0641,-65.21,826933734964,827029599132,67408590837,67504436736,32.8,35.1,34.3,36.6
341016,5428,42.6488,13.0411,-64.46,830320406068,830416270602,70795234430,70891080704,32.8,35.1,34.3,36.6
341069,5429,42.6676,13.0572,-64.48,833707076660,833802941060,74181877517,74277723648,32.8,35.1,34.3,36.6
341122,5430,42.6850,13.0722,-65.42,837093747764,837189612032,77568521109,77664367104,32.8,35.1,34.3,36.6
341175,5431,42.6629,13.0532,-65.00,840480418356,840576283004,80955164178,81051010560,32.8,35.1,34.3,36.6
341228,5432,42.6568,13.0480,-65.32,843867089460,843962953990,84341807747,84437654016,32.8,35.1,34.3,36.6
341281,5433,42.6615,13.0520,-65.83,847253760052,847349624467,87728450807,87824296960,32.8,35.1,34.3,36.6
341334,5434,42.6850,13.0722,-66.12,850640431156,850736295464,91115094380,91210940416,32.8,35.1,34.3,36.6
341387,5435,42.6582,13.0492,-64.57,854027101748,854122965956,94501737417,94597583360,32.8,35.1,34.3,36.6
341440,5436,42.6629,13.0532,-64.30,857413772852,857509637476,97888380970,97984227328,32.8,35.1,34.3,36.6
341493,5437,42.6629,13.0532,-64.08,860800443444,860896307989,101275023994,101370870272,32.8,35.1,34.3,36.6
341546,5438,42.6615,13.0520,-65.23,864187114548,864282979009,104661667529,104757513728,32.8,35.1,34.3,36.6
341599,5439,42.6803,13.0682,-66.41,867573785140,867669649532,108048310550,108144156672,32.8,35.1,34.3,36.6
341652,5440,42.6709,13.0601,-66.81,870960456244,871056320565,111434954073,111530800128,32.8,35.1,34.3,36.6
341705,5441,42.6770,13.0653,-64.85,874347126836,874442991100,114821597080,114917443072,32.8,35.1,34.3,36.6
341758,5442,42.6709,13.0601,-65.11,877733797940,877829662147,118208240588,118304086528,32.8,35.1,34.3,36.6
341811,5443,42.6488,13.0411,-64.41,881120468532,881216332688,121594883577,121690729472,32.8,35.1,34.3,36.6
341864,5444,42.7084,13.0924,-65.15,884507139636,884603004268,124981527090,125077373440,32.8,35.1,34.3,36.6
341917,5445,42.6488,13.0411,-64.28,887893810228,887989674819,128368170053,128464016384,32.8,35.1,34.3,36.6
341970,5446,42.6676,13.0572,-64.63,891280481332,891376345900,131754813541,131850659840,32.8,35.1,34.3,36.6
342023,5447,42.6441,13.0370,-64.76,894667151924,894763016474,135141456492,135237302784,32.8,35.1,34.3,36.6
342076,5448,42.6441,13.0370,-64.42,898053823028,898149687560,138528099967,138623946240,32.8,35.1,34.3,36.6
342129,5449,42.6709,13.0601,-65.86,901440493620,901536358148,141914742923,142010589184,32.8,35.1,34.3,36.6
342182,5450,42.6394,13.0330,-64.77,904827164724,904923029245,145301386376,145397232640,32.8,35.1,34.3,36.6
342235,5451,42.6582,13.0492,-64.89,908213835316,908309699848,148688029316,148783875584,32.8,35.1,34.3,36.6
342288,5452,42.6535,13.0451,-64.39,911600506420,911696370969,152074672754,152170519040,32.8,35.1,34.3,36.6
342341,5453,42.6957,13.0815,-64.52,914987177012,915083041586,155461315691,155557161984,32.8,35.1,34.3,36.6
342394,5454,42.6850,13.0722,-66.49,918373848116,918469712711,158847959117,158943805440,32.8,35.1,34.3,36.6
342447,5455,42.6850,13.0722,-66.30,921760519220,921856383856,162234602532,162330448896,32.8,35.1,34.3,36.6
342500,5456,42.6662,13.0560,-66.60,925147189812,925243053969,165621245435,165717091328,32.8,35.1,34.3,36.6
342553,5457,42.6582,13.0492,-64.76,928533860916,928629725128,169007888836,169103734784,32.8,35.1,34.3,36.6
342606,5458,42.6662,13.0560,-65.74,931920531508,932016395774,172394531727,172490377728,32.8,35.1,34.3,36.6
342659,5459,42.6863,13.0734,-64.89,935307202612,935403066945,175781175127,175877021184,32.8,35.1,34.3,36.6
342712,5460,42.6709,13.0601,-65.13,938693873204,938789737604,179167817994,179263664128,32.8,35.1,34.3,36.6
342765,5461,42.6629,13.0532,-64.72,942080544308,942176408782,182554461376,182650307584,32.8,35.1,34.3,36.6
342818,5462,42.6756,13.0641,-65.36,945467215412,945563079968,185941104752,186036951040,32.8,35.1,34.3,36.6
342871,5463,42.6896,13.0762,-65.25,948853886004,948949750649,189327747613,189423593984,32.8,35.1,34.3,36.6
342924,5464,42.6816,13.0693,-64.98,952240557108,952336421344,192714390966,192810236928,32.8,35.1,34.3,36.6
342977,5465,42.6863,13.0734,-64.96,955627227700,955723092045,196101033803,196196879872,32.8,35.1,34.3,36.6
343030,5466,42.7084,13.0924,-65.78,959013898804,959109763253,199487677161,199583523328,32.8,35.1,34.3,36.6
343083,5467,42.6770,13.0653,-64.57,962400569908,962496434469,202874320496,202970166784,32.8,35.1,34.3,36.6
343136,5468,42.6816,13.0693,-64.63,965787240500,965883104674,206260963317,206356809216,32.8,35.1,34.3,36.6
343189,5469,42.7037,13.0883,-65.92,969173911604,969269775918,209647606638,209743452672,32.8,35.1,34.3,36.6
343242,5470,42.6910,13.0774,-64.85,972560582196,972656446639,213034249451,213130095616,32.8,35.1,34.3,36.6
343295,5471,42.6850,13.0722,-65.52,975947253300,976043117883,216420892761,216516739072,32.8,35.1,34.3,36.6
343348,5472,42.6582,13.0492,-64.26,979333924404,979429788624,219807536061,219903382016,32.8,35.1,34.3,36.6
343401,5473,42.6943,13.0803,-65.09,982720594996,982816459381,223194178852,223290024960,32.8,35.1,34.3,36.6
343454,5474,42.6676,13.0572,-64.30,986107266100,986203130644,226580822141,226676668416,32.8,35.1,34.3,36.6
343507,5475,42.6756,13.0641,-65.02,989493937204,989589801404,229967465429,230063311360,32.8,35.1,34.3,36.6
343560,5476,42.6990,13.0843,-66.14,992880607796,992976472173,233354108206,233449954304,32.8,35.1,34.3,36.6
343613,5477,42.6896,13.0762,-66.04,996267278900,996363143461,236740751473,236836597760,32.8,35.1,34.3,36.6
343666,5478,42.6910,13.0774,-64.66,999653949492,999749813738,240127394225,240223240192,32.8,35.1,34.3,36.6
343719,5479,42.6723,13.0613,-64.77,1003040620596,1003136485032,243514037482,243609883648,32.8,35.1,34.3,36.6
343772,5480,42.6863,13.0734,-64.74,1006427291700,1006523156332,246900680749,246996527104,32.8,35.1,34.3,36.6
343825,5481,42.7225,13.1045,-65.90,1009813962292,1009909826626,250287323490,250383169536,32.8,35.1,34.3,36.6
343878,5482,42.6441,13.0370,-64.28,1013200633396,1013296497934,253673966713,253769812992,32.8,35.1,34.3,36.6
343931,5483,42.7178,13.1005,-65.13,1016587304500,1016683168759,257060609964,257156455936,32.8,35.1,34.3,36.6
343984,5484,42.6488,13.0411,-64.37,1019973975092,1020069839573,260447252660,260543098880,32.8,35.1,34.3,36.6
344037,5485,42.6896,13.0762,-65.98,1023360646196,1023456510402,263833895892,263929741824,32.8,35.1,34.3,36.6
344090,5486,42.6803,13.0682,-65.92,1026747317300,1026843181745,267220539105,267316385280,32.8,35.1,34.3,36.6
344143,5487,42.6723,13.0613,-64.87,1030133987892,1030229852075,270607181800,270703027712,32.8,35.1,34.3,36.6
344196,5488,42.6943,13.0803,-66.30,1033520658996,1033616523436,273993825005,274089671168,32.8,35.1,34.3,36.6
344249,5489,42.7178,13.1005,-65.66,1036907330100,1037003194288,277380468210,277476314112,32.8,35.1,34.3,36.6
344302,5490,42.7197,13.1021,-67.11,1040294000692,1040389865148,280767110881,280862957056,32.8,35.1,34.3,36.6
344355,5491,42.6816,13.0693,-64.85,1043680671796,1043776536015,284153754056,284249600000,32.8,35.1,34.3,36.6
344408,5492,42.6770,13.0653,-64.42,1047067342900,1047163207401,287540397227,287636243456,32.8,35.1,34.3,36.6
344461,5493,42.7225,13.1045,-66.14,1050454014004,1050549878284,290927040408,291022886400,32.8,35.1,34.3,36.6
344514,5494,42.6816,13.0693,-64.37,1053840684596,1053936549162,294313683053,294409529344,32.8,35.1,34.3,36.6
344567,5495,42.6863,13.0734,-64.19,1057227355700,1057323220061,297700326204,297796172288,32.8,35.1,34.3,36.6
344620,5496,42.6943,13.0803,-65.48,1060614026804,1060709891467,301086969358,301182815744,32.8,35.1,34.3,36.6
344673,5497,42.6723,13.0613,-64.85,1064000697396,1064096561862,304473611980,304569458176,32.8,35.1,34.3,36.6
344726,5498,42.7037,13.0883,-66.87,1067387368500,1067483232772,307860255128,307956101120,32.8,35.1,34.3,36.6
344779,5499,42.6770,13.0653,-64.63,1070774039604,1070869904200,311246898253,311342744576,32.8,35.1,34.3,36.6
344832,5500,42.6441,13.0370,-64.35,1074160710196,1074256574606,314633540857,314729387008,32.8,35.1,34.3,36.6
344885,5501,42.6990,13.0843,-66.14,1077547381300,1077643245543,318020183988,318116029952,32.8,35.1,34.3,36.6
344938,5502,42.7037,13.0883,-65.78,1080934052404,1081029916992,321406827100,321502673408,32.8,35.1,34.3,36.6
344991,5503,42.6803,13.0682,-65.78,1084320723508,1084416587940,324793470190,324889316352,32.8,35.1,34.3,36.6
345044,5504,42.7131,13.0964,-65.34,1087707394100,1087803258378,328180112791,328275958784,32.8,35.1,34.3,36.6
345097,5505,42.7178,13.1005,-66.14,1091094065204,1091189929840,331566755890,331662602240,32.8,35.1,34.3,36.6
345150,5506,42.7131,13.0964,-65.96,1094480736308,1094576600812,334953398964,335049245184,32.8,35.1,34.3,36.6
345203,5507,42.6910,13.0774,-64.24,1097867407412,1097963271783,338340042035,338435888128,32.8,35.1,34.3,36.6
345256,5508,42.7037,13.0883,-65.56,1742450228,1838314469,341726684599,341822530560,32.8,35.1,34.3,36.6
345309,5509,42.7004,13.0855,-64.81,5129121332,5224985963,345113327668,345209174016,32.8,35.1,34.3,36.6
345362,5510,42.7004,13.0855,-64.53,8515792436,8611656951,348499970728,348595816960,32.8,35.1,34.3,36.6
345415,5511,42.6816,13.0693,-64.87,11902463540,11998327948,351886613771,351982459904,32.8,35.1,34.3,36.6
345468,5512,42.6910,13.0774,-64.21,15289134132,15384998444,355273256303,355369102336,32.8,35.1,34.3,36.6
345521,5513,42.7192,13.1016,-64.94,18675805236,18771669447,358659899359,358755745280,32.8,35.1,34.3,36.6
345574,5514,42.7098,13.0936,-64.70,22062476340,22158340974,362046542389,362142388736,32.8,35.1,34.3,36.6
345627,5515,42.6676,13.0572,-64.30,25449147444,25545011993,365433185400,365529031680,32.8,35.1,34.3,36.6
345680,5516,42.6803,13.0682,-65.34,28835818036,28931682512,368819827907,368915674112,32.8,35.1,34.3,36.6
345733,5517,42.7037,13.0883,-65.19,32222489140,32318353552,372206470925,372302317056,32.8,35.1,34.3,36.6
345786,5518,42.7178,13.1005,-65.02,35609160244,35705024599,375593113931,375688960000,32.8,35.1,34.3,36.6
345839,5519,42.7084,13.0924,-66.64,38995831348,39091695640,378979756934,379075602944,32.8,35.1,34.3,36.6
345892,5520,42.7084,13.0924,-66.04,42382501940,42478366187,382366399411,382462245376,32.8,35.1,34.3,36.6
345945,5521,42.7225,13.1045,-66.00,45769173044,45865037244,385753042408,385848888320,32.8,35.1,34.3,36.6
345998,5522,42.6863,13.0734,-64.50,49155844148,49251708315,389139685374,389235531264,32.8,35.1,34.3,36.6
346051,5523,42.7366,13.1166,-65.64,52542515252,52638379901,392526328366,392622174720,32.8,35.1,34.3,36.6
346104,5524,42.7004,13.0855,-64.79,55929186356,56025050984,395912971319,396008817664,32.8,35.1,34.3,36.6
346157,5525,42.6756,13.0641,-65.02,59315856948,59411721554,399299613759,399395460096,32.8,35.1,34.3,36.6
346210,5526,42.6910,13.0774,-64.48,62702528052,62798392655,402686256715,402782103040,32.8,35.1,34.3,36.6
346263,5527,42.6990,13.0843,-66.16,66089199156,66185063756,406072899662,406168745984,32.8,35.1,34.3,36.6
346316,5528,42.6896,13.0762,-66.28,69475870260,69571734862,409459542601,409555388928,32.8,35.1,34.3,36.6
346369,5529,42.6910,13.0774,-64.48,72862541364,72958405981,412846185534,412942031872,32.8,35.1,34.3,36.6
346422,5530,42.7051,13.0895,-64.92,76249212468,76345077103,416232828465,416328674816,32.8,35.1,34.3,36.6
346475,5531,42.6816,13.0693,-64.74,79635883060,79731747712,419619470870,419715317248,32.8,35.1,34.3,36.6
346528,5532,42.6990,13.0843,-65.78,83022554164,83118418343,423006113780,423101959680,32.8,35.1,34.3,36.6
346581,5533,42.7037,13.0883,-65.82,86409225268,86505089492,426392756681,426488602624,32.8,35.1,34.3,36.6
346634,5534,42.7553,13.1328,-66.20,89795896372,89891760644,429779399599,429875245568,32.8,35.1,34.3,36.6
346687,5535,42.7333,13.1138,-64.74,93182567476,93278431810,433166042475,433261888512,32.8,35.1,34.3,36.6
346740,5536,42.7051,13.0895,-64.72,96569238580,96665102966,436552685354,436648531456,32.8,35.1,34.3,36.6
346793,5537,42.6863,13.0734,-64.87,99955909172,100051773624,439939327713,440035173888,32.8,35.1,34.3,36.6
346846,5538,42.7145,13.0976,-64.87,103342580276,103438444797,443325970600,443421816832,32.8,35.1,34.3,36.6
346899,5539,42.6957,13.0815,-64.68,106729251380,106825115979,446712613458,446808459776,32.8,35.1,34.3,36.6
346952,5540,42.7098,13.0936,-64.64,110115922484,110211786663,450099256316,450195102208,32.8,35.1,34.3,36.6
347005,5541,42.7506,13.1287,-65.23,113502593588,113598457859,453485899181,453581745152,32.8,35.1,34.3,36.6
347058,5542,42.6957,13.0815,-64.21,116889264692,116985129062,456872542006,456968388096,32.8,35.1,34.3,36.6
347111,5543,42.6990,13.0843,-66.66,120275935796,120371800265,460259184849,460355031040,32.8,35.1,34.3,36.6
347164,5544,42.7319,13.1126,-65.25,123662606900,123758471490,463645827687,463741673984,32.8,35.1,34.3,36.6
347217,5545,42.7037,13.0883,-66.30,127049277492,127145141675,467032470001,467128315904,32.8,35.1,34.3,36.6
347270,5546,42.7098,13.0936,-64.72,130435948596,130531812912,470419112819,470514958848,32.8,35.1,34.3,36.6
347323,5547,42.7004,13.0855,-64.66,133822619700,133918484137,473805755637,473901601792,32.8,35.1,34.3,36.6
347376,5548,42.7272,13.1085,-66.08,137209290804,137305155383,477192398448,477288244736,32.8,35.1,34.3,36.6
347429,5549,42.7379,13.1178,-64.87,140595961908,140691826122,480579041253,480674887168,32.8,35.1,34.3,36.6
347482,5550,42.7084,13.0924,-65.96,143982633012,144078497376,483965684030,484061530112,32.8,35.1,34.3,36.6
347535,5551,42.7084,13.0924,-66.68,147369304116,147465168627,487352326828,487448173056,32.8,35.1,34.3,36.6
347588,5552,42.7051,13.0895,-65.00,150755975220,150851839902,490738969602,490834816000,32.8,35.1,34.3,36.6
347641,5553,42.7426,13.1218,-65.00,154142646324,154238510664,494125612392,494221458432,32.8,35.1,34.3,36.6
347694,5554,42.7004,13.0855,-64.68,157529317428,157625181934,497512255153,497608101376,32.8,35.1,34.3,36.6
347747,5555,42.7131,13.0964,-65.13,160915988532,161011852710,500898897915,500994743808,32.8,35.1,34.3,36.6
347800,5556,42.7239,13.1057,-64.44,164302659124,164398523506,504285540150,504381386240,32.8,35.1,34.3,36.6
347853,5557,42.7225,13.1045,-65.98,167689330228,167785194788,507672182912,507768029184,32.8,35.1,34.3,36.6
347906,5558,42.7131,13.0964,-66.06,171076001332,171171865583,511058825650,511154671616,32.8,35.1,34.3,36.6
347959,5559,42.7333,13.1138,-64.81,174462672436,174558536893,514445468400,514541314560,32.8,35.1,34.3,36.6
348012,5560,42.7098,13.0936,-64.08,177849343540,177945208204,517832111126,517927957504,32.8,35.1,34.3,36.6
348065,5561,42.7239,13.1057,-64.39,181236014644,181331879019,521218753854,521314599936,32.8,35.1,34.3,36.6
348118,5562,42.7192,13.1016,-64.41,184622685748,184718550339,524605396579,524701242880,32.8,35.1,34.3,36.6
348171,5563,42.7051,13.0895,-64.50,188009356852,188105221163,527992039285,528087885312,32.8,35.1,34.3,36.6
348224,5564,42.7272,13.1085,-65.60,191396027956,191491892505,531378681997,531474528256,32.8,35.1,34.3,36.6
348277,5565,42.7286,13.1097,-64.74,194782699060,194878563335,534765324708,534861170688,32.8,35.1,34.3,36.6
348330,5566,42.7225,13.1045,-65.50,198169370164,198265234682,538151967402,538247813632,32.8,35.1,34.3,36.6
348383,5567,42.7520,13.1299,-64.85,201556041268,201651905535,541538610101,541634456064,32.8,35.1,34.3,36.6
348436,5568,42.7286,13.1097,-64.52,204942712372,205038576891,544925252783,545021099008,32.8,35.1,34.3,36.6
348489,5569,42.7426,13.1218,-64.90,208329383476,208425247749,548311895468,548407741440,32.8,35.1,34.3,36.6
348542,5570,42.6957,13.0815,-64.08,211716054580,211811919119,551698538125,551794384384,32.8,35.1,34.3,36.6
348595,5571,42.7319,13.1126,-65.32,215102725684,215198589994,555085180798,555181026816,32.8,35.1,34.3,36.6
348648,5572,42.7098,13.0936,-64.37,218489396788,218585261374,558471823460,558567669760,32.8,35.1,34.3,36.6
348701,5573,42.7379,13.1178,-63.98,221876067892,221971932264,561858466118,561954312192,32.8,35.1,34.3,36.6
348754,5574,42.7379,13.1178,-64.17,225262738996,225358603656,565245108775,565340955136,32.8,35.1,34.3,36.6
348807,5575,42.7239,13.1057,-64.53,228649410100,228745274550,568631751411,568727597568,32.8,35.1,34.3,36.6
348860,5576,42.7192,13.1016,-64.30,232036081204,232131945445,572018394049,572114240000,32.8,36.1,34.3,37.6
348913,5577,42.7004,13.0855,-64.03,235422752308,235518616861,575405036673,575500882944,32.8,35.1,34.3,36.6
348966,5578,42.7379,13.1178,-64.10,238809423412,238905287781,578791679305,578887525376,32.8,35.1,34.3,36.6
349019,5579,42.7192,13.1016,-64.44,242196094516,242291959199,582178321927,582274168320,32.8,35.1,34.3,36.6
349072,5580,42.7131,13.0964,-66.04,245582765620,245678630122,585564964534,585660810752,32.8,35.1,34.3,36.6
349125,5581,42.7286,13.1097,-64.63,248969436724,249065301052,588951607151,589047453184,32.8,35.1,34.3,36.6
349178,5582,42.7426,13.1218,-64.53,252356107828,252451972496,592338249761,592434096128,32.8,35.1,34.3,36.6
349231,5583,42.7051,13.0895,-64.28,255742778932,255838643432,595724892345,595820738560,32.8,35.1,34.3,36.6
349284,5584,42.7459,13.1247,-65.04,259129450036,259225314381,599111534946,599207380992,32.8,35.1,34.3,36.6
349337,5585,42.7272,13.1085,-65.88,262516121140,262611985332,602498177523,602594023424,32.8,35.1,34.3,36.6
349390,5586,42.7178,13.1005,-65.90,265902792244,265998656800,605884820099,605980666368,32.8,35.1,34.3,36.6
349443,5587,42.7239,13.1057,-64.14,269289463348,269385327762,609271462678,609367308800,32.8,35.1,34.3,36.6
349496,5588,42.7506,13.1287,-66.62,272676134452,272771998729,612658105255,612753951232,32.8,35.1,34.3,36.6
349549,5589,42.7506,13.1287,-66.60,276062805556,276158670212,616044747820,616140594176,32.8,35.1,34.3,36.6
349602,5590,42.7098,13.0936,-64.77,279449476660,279545341194,619431390361,619527236608,32.8,35.1,34.3,36.6
349655,5591,42.7286,13.1097,-64.15,282836147764,282932012179,622818032919,622913879040,32.8,35.1,34.3,36.6
349708,5592,42.7239,13.1057,-65.00,286222818868,286318683171,626204675461,626300521472,32.8,35.1,34.3,36.6
349761,5593,42.7379,13.1178,-64.96,289609489972,289705354167,629591318008,629687163904,32.8,35.1,34.3,36.6
349814,5594,42.7333,13.1138,-64.05,292996161076,293092025676,632977960544,633073806848,32.8,35.1,34.3,36.6
349867,5595,42.7098,13.0936,-64.59,296382832180,296478696685,636364603062,636460449280,32.8,35.1,34.3,36.6
349920,5596,42.7567,13.1339,-64.59,299769503284,299865367696,639751245606,639847091712,32.8,35.1,34.3,36.6
349973,5597,42.7366,13.1166,-65.02,303156174388,303252038718,643137888108,643233734144,32.8,35.1,34.3,36.6
350026,5598,42.7413,13.1206,-65.13,306542845492,306638709741,646524530624,646620376576,32.8,35.1,34.3,36.6
350079,5599,42.7426,13.1218,-64.46,309929516596,310025381285,649911173132,650007019520,32.8,35.1,34.3,36.6
350132,5600,42.7366,13.1166,-65.27,313316187700,313412052319,653297815628,653393661952,32.8,35.1,34.3,36.6
350185,5601,42.7192,13.1016,-64.63,316702858804,316798723352,656684458126,656780304384,32.8,35.1,34.3,36.6
350238,5602,42.7192,13.1016,-64.32,320089529908,320185394398,660071100616,660166946816,32.8,35.1,34.3,36.6
350291,5603,42.7333,13.1138,-64.66,323476201012,323572065457,663457743099,663553589248,32.8,35.1,34.3,36.6
350344,5604,42.7272,13.1085,-66.79,326862872116,326958736507,666844385579,666940231680,32.8,35.1,34.3,36.6
350397,5605,42.7506,13.1287,-66.47,330249543732,330345408080,670231028576,670326874624,32.8,35.1,34.3,36.6
350450,5606,42.7614,13.1380,-64.64,333636214836,333732079158,673617671042,673713517056,32.8,35.1,34.3,36.6
350503,5607,42.7694,13.1449,-66.08,337022885940,337118750223,677004313514,677100159488,32.8,35.1,34.3,36.6
350556,5608,42.7459,13.1247,-66.53,340409557044,340505421301,680390955962,680486801920,32.8,35.1,34.3,36.6
350609,5609,42.7379,13.1178,-64.48,343796228148,343892092384,683777598415,683873444352,32.8,35.1,34.3,36.6
350662,5610,42.7520,13.1299,-64.66,347182899252,347278763468,687164240873,687260086784,32.8,35.1,34.3,36.6
350715,5611,42.7614,13.1380,-64.94,350569570356,350665434565,690550883315,690646729216,32.8,35.1,34.3,36.6
350768,5612,42.7366,13.1166,-66.06,353956241460,354052105658,693937525744,694033371648,32.8,35.1,34.3,36.6
350821,5613,42.7413,13.1206,-65.68,357342912564,357438776764,697324168177,697420014080,32.8,35.1,34.3,36.6
350874,5614,42.7379,13.1178,-64.76,360729583668,360825447865,700710810614,700806656512,32.8,35.1,34.3,36.6
350927,5615,42.7473,13.1259,-64.96,364116254772,364212118982,704097453037,704193298944,32.8,35.1,34.3,36.6
350980,5616,42.7473,13.1259,-64.64,367502925876,367598790095,707484095460,707579941376,32.8,35.1,34.3,36.6
351033,5617,42.7459,13.1247,-66.08,370889596980,370985461219,710870737867,710966583808,32.8,35.1,34.3,36.6
351086,5618,42.7647,13.1408,-65.15,374276268596,374372132866,714257380789,714353226752,32.8,35.1,34.3,36.6
351139,5619,42.7755,13.1501,-64.39,377662939700,377758803992,717644023207,717739869184,32.8,35.1,34.3,36.6
351192,5620,42.7426,13.1218,-64.52,381049610804,381145475127,721030665593,721126511616,32.8,35.1,34.3,36.6
351245,5621,42.7473,13.1259,-64.35,384436281908,384532146267,724417307991,724513154048,32.8,35.1,34.3,36.6
351298,5622,42.7379,13.1178,-64.90,387822953012,387918817412,727803950378,727899796480,32.8,35.1,34.3,36.6
351351,5623,42.7426,13.1218,-64.35,391209624116,391305488566,731190592762,731286438912,32.8,35.1,34.3,36.6
351404,5624,42.7366,13.1166,-65.32,394596295220,394692159718,734577235140,734673081344,32.8,35.1,34.3,36.6
351457,5625,42.7366,13.1166,-65.60,397982966324,398078830879,737963877516,738059723776,32.8,35.1,34.3,36.6
351510,5626,42.7379,13.1178,-64.85,401369637428,401465502045,741350519889,741446366208,32.8,35.1,34.3,36.6
351563,5627,42.7473,13.1259,-63.99,404756308532,404852173221,744737162254,744833008640,32.8,35.1,34.3,36.6
351616,5628,42.7614,13.1380,-64.37,408142980148,408238844401,748123805128,748219651072,32.8,35.1,34.3,36.6
351669,5629,42.7379,13.1178,-64.61,411529651252,411625515576,751510447479,751606293504,32.8,35.1,34.3,36.6
351722,5630,42.7520,13.1299,-64.76,414916322356,415012186757,754897089840,754992935936,32.8,35.1,34.3,36.6
351775,5631,42.7379,13.1178,-64.33,418302993460,418398857951,758283732175,758379578368,32.8,35.1,34.3,36.6
351828,5632,42.7426,13.1218,-64.64,421689664564,421785529144,761670374521,761766220800,32.8,35.1,34.3,36.6
351881,5633,42.7647,13.1408,-66.39,425076335668,425172200345,765057016861,765152863232,32.8,35.1,34.3,36.6
351934,5634,42.7413,13.1206,-65.42,428463006772,428558871038,768443659182,768539505152,32.8,35.1,34.3,36.6
351987,5635,42.7333,13.1138,-64.46,431849677876,431945542253,771830301504,771926147584,32.8,35.1,34.3,36.6
352040,5636,42.7473,13.1259,-64.41,435236348980,435332213464,775216943834,775312790016,32.8,35.1,34.3,36.6
352093,5637,42.7520,13.1299,-64.44,438623020596,438718885193,778603586668,778699432960,32.8,35.1,34.3,36.6
352146,5638,42.7553,13.1328,-65.25,442009691700,442105555908,781990228974,782086074880,32.8,35.1,34.3,36.6
352199,5639,42.7473,13.1259,-64.77,445396362804,445492227140,785376871278,785472717312,32.8,35.1,34.3,36.6
352252,5640,42.7379,13.1178,-64.59,448783033908,448878898377,788763513574,788859359744,32.8,35.1,34.3,36.6
352305,5641,42.7413,13.1206,-66.45,452169705012,452265569615,792150155869,792246002176,32.8,35.1,34.3,36.6
352358,5642,42.7708,13.1461,-64.59,455556376116,455652240365,795536798160,795632644096,32.8,35.1,34.3,36.6
352411,5643,42.7239,13.1057,-64.79,458943047220,459038911602,798923440439,799019286528,32.8,35.1,34.3,36.6
352464,5644,42.7520,13.1299,-64.64,462329718836,462425583371,802310083242,802405929472,32.8,35.1,34.3,36.6
352517,5645,42.7600,13.1368,-65.58,465716389940,465812254639,805696725510,805792571904,32.8,35.1,34.3,36.6
352570,5646,42.7835,13.1570,-66.79,469103061044,469198925394,809083367789,809179213824,32.8,35.1,34.3,36.6
352623,5647,42.7366,13.1166,-65.38,472489732148,472585596662,812470010037,812565856256,32.8,35.1,34.3,36.6
352676,5648,42.7520,13.1299,-64.39,475876403252,475972267935,815856652309,815952498688,32.8,35.1,34.3,36.6
352729,5649,42.7708,13.1461,-64.81,479263074356,479358938711,819243294566,819339140608,32.8,35.1,34.3,36.6
352782,5650,42.7567,13.1339,-64.55,482649745460,482745609993,822629936814,822725783040,32.8,35.1,34.3,36.6
352835,5651,42.7413,13.1206,-66.79,486036417076,486132281282,826016579562,826112425472,32.8,35.1,34.3,36.6
352888,5652,42.7553,13.1328,-66.08,489423088180,489518952583,829403221804,829499067904,32.8,35.1,34.3,36.6
352941,5653,42.7473,13.1259,-64.52,492809759284,492905623882,832789864041,832885710336,32.8,36.1,34.3,37.6
352994,5654,42.7849,13.1582,-64.28,496196430388,496292294686,836176506276,836272352256,32.8,35.1,34.3,36.6
353047,5655,42.7286,13.1097,-64.98,499583101492,499678965993,839563148482,839658994688,32.8,35.1,34.3,36.6
353100,5656,42.7741,13.1489,-65.42,502969772596,503065636808,842949790707,843045636608,32.8,35.1,34.3,36.6
353153,5657,42.7426,13.1218,-64.42,506356444212,506452308638,846336433426,846432279552,32.8,35.1,34.3,36.6
353206,5658,42.7614,13.1380,-64.90,509743115316,509838979971,849723075637,849818921984,32.8,35.1,34.3,36.6
353259,5659,42.7473,13.1259,-64.94,513129786420,513225650789,853109717837,853205563904,32.8,36.1,34.3,37.6
353312,5660,42.7647,13.1408,-65.15,516516457524,516612322125,856496360041,856592206336,32.8,35.1,34.3,36.6
353365,5661,42.7647,13.1408,-65.09,519903128628,519998992959,859883002231,859978848256,32.8,35.1,34.3,36.6
353418,5662,42.7413,13.1206,-66.47,523289800244,523385664817,863269644924,863365491200,32.8,36.1,34.3,37.6
353471,5663,42.7473,13.1259,-64.77,526676471348,526772335667,866656287104,866752133120,32.8,35.1,34.3,36.6
353524,5664,42.7426,13.1218,-64.90,530063142452,530159007023,870042929281,870138775552,32.8,36.1,34.3,37.6
353577,5665,42.7600,13.1368,-66.49,533449813556,533545677876,873429571456,873525417472,32.8,35.1,34.3,36.6
353630,5666,42.7319,13.1126,-66.79,536836484660,536932349234,876816213622,876912059904,32.8,35.1,34.3,36.6
353683,5667,42.7835,13.1570,-66.06,540223156276,540319020621,880202856305,880298702336,32.8,35.1,34.3,36.6
353736,5668,42.7473,13.1259,-64.24,543609827380,543705691988,883589498462,883685344768,32.8,35.1,34.3,36.6
353789,5669,42.7835,13.1570,-65.28,546996498484,547092362878,886976140608,887071986688,32.8,35.1,34.3,36.6
353842,5670,42.7802,13.1541,-64.28,550383169588,550479034263,890362782761,890458629120,32.8,35.1,34.3,36.6
353895,5671,42.7506,13.1287,-65.04,553769840692,553865705147,893749424886,893845271040,32.8,35.1,34.3,36.6
353948,5672,42.7882,13.1610,-65.15,557156512308,557252376553,897136067543,897231913472,32.8,35.1,34.3,36.6
354001,5673,42.7473,13.1259,-64.76,560543183412,560639047945,900522709673,900618555904,32.8,35.1,34.3,36.6
354054,5674,42.7600,13.1368,-65.11,563929854516,564025718851,903909351794,904005197824,32.8,35.1,34.3,36.6
354107,5675,42.7573,13.1344,-67.42,567316525620,567412390258,907295993914,907391840256,32.8,35.1,34.3,36.6
354160,5676,42.7567,13.1339,-64.94,570703196724,570799061177,910682636029,910778482176,32.8,35.1,34.3,36.6
354213,5677,42.7694,13.1449,-66.53,574089868340,574185732610,914069278647,914165124608,32.8,35.1,34.3,36.6
354266,5678,42.7473,13.1259,-64.87,577476539444,577572404027,917455920760,917551767040,32.8,35.1,34.3,36.6
354319,5679,42.7741,13.1489,-65.78,580863210548,580959074955,920842562863,920938408960,32.8,36.1,34.3,37.6
354372,5680,42.7802,13.1541,-64.37,584249881652,584345745882,924229204966,924325050880,32.8,35.1,34.3,36.6
354425,5681,42.7426,13.1218,-64.61,587636553268,587732417839,927615847554,927711693824,32.8,35.1,34.3,36.6
354478,5682,42.7473,13.1259,-64.96,591023224372,591119088772,931002489647,931098335744,32.8,35.1,34.3,36.6
354531,5683,42.7661,13.1420,-64.52,594409895476,594505759720,934389131731,934484977664,32.8,35.1,34.3,36.6
354584,5684,42.7426,13.1218,-64.55,597796566580,597892431169,937775773807,937871620096,32.8,35.1,34.3,36.6
354637,5685,42.7520,13.1299,-64.92,601183238196,601279102639,941162416389,941258262528,32.8,35.1,34.3,36.6
354690,5686,42.7943,13.1662,-64.44,604569909300,604665773599,944549058471,944644904448,32.8,35.1,34.3,36.6
354743,5687,42.7647,13.1408,-66.51,607956580404,608052445060,947935700530,948031546880,32.8,35.1,34.3,36.6
354796,5688,42.7426,13.1218,-64.55,611343251508,611439116025,951322342583,951418188800,32.8,35.1,34.3,36.6
354849,5689,42.7239,13.1057,-64.77,614729923124,614825787504,954708985144,954804831232,32.8,35.1,34.3,36.6
354902,5690,42.7708,13.1461,-64.61,618116594228,618212458488,958095627205,958191473152,32.8,35.1,34.3,36.6
354955,5691,42.7614,13.1380,-64.90,621503265332,621599129974,961482269250,961578115584,32.8,35.1,34.3,36.6
355008,5692,42.7286,13.1097,-64.92,624889936436,624985800951,964868911284,964964757504,32.8,35.1,34.3,36.6
355061,5693,42.7755,13.1501,-64.77,628276608052,628372472464,968255553838,968351399936,32.8,35.1,34.3,36.6
355114,5694,42.7943,13.1662,-64.79,631663279156,631759143455,971642195879,971738041856,32.8,36.1,34.3,37.6
355167,5695,42.7520,13.1299,-64.77,635049950260,635145814956,975028837897,975124684288,32.8,35.1,34.3,36.6
355220,5696,42.7708,13.1461,-64.21,638436621364,638532485965,978415479920,978511326208,32.8,35.1,34.3,36.6
355273,5697,42.7614,13.1380,-64.48,641823292980,641919157485,981802122443,981897968640,32.8,35.1,34.3,36.6
355326,5698,42.7929,13.1651,-65.80,645209964084,645305828496,985188764466,985284610560,32.8,35.1,34.3,36.6
355379,5699,42.7788,13.1529,-65.48,648596635188,648692499521,988575406459,988671252480,32.8,35.1,34.3,36.6
355432,5700,42.7849,13.1582,-64.64,651983306292,652079170546,991962048465,992057894400,32.8,35.1,34.3,36.6
355485,5701,42.7943,13.1662,-64.74,655369977908,655465842594,995348690981,995444537344,32.8,35.1,34.3,36.6
355538,5702,42.7741,13.1489,-65.76,658756649012,658852513618,998735332969,998831179264,32.8,35.1,34.3,36.6
355591,5703,42.7882,13.1610,-65.58,662143320116,662239184661,1002121974955,1002217821184,32.8,35.1,34.3,36.6
355644,5704,42.7849,13.1582,-64.77,665529991732,665625856217,1005508617449,1005604463616,32.8,35.1,34.3,36.6
355697,5705,42.7849,13.1582,-64.81,668916662836,669012527262,1008895259428,1008991105536,32.8,35.1,34.3,36.6
355750,5706,42.7708,13.1461,-64.48,672303333940,672399198316,1012281901392,1012377747456,32.8,35.1,34.3,36.6
355803,5707,42.7506,13.1287,-65.36,675690005044,675785869365,1015668543355,1015764389376,32.8,35.1,34.3,36.6
355856,5708,42.7741,13.1489,-65.09,679076676660,679172540945,1019055185834,1019151031808,32.8,35.1,34.3,36.6
355909,5709,42.7708,13.1461,-64.77,682463347764,682559212015,1022441827789,1022537673728,32.8,35.1,34.3,36.6
355962,5710,42.7694,13.1449,-65.52,685850018868,685945883083,1025828469741,1025924315648,32.8,35.1,34.3,36.6
356015,5711,42.7661,13.1420,-64.50,689236690484,689332555188,1029215112198,1029310958592,32.8,35.1,34.3,36.6
356068,5712,42.8069,13.1772,-65.28,692623361588,692719226275,1032601754150,1032697600512,32.8,35.1,34.3,36.6
356121,5713,42.7661,13.1420,-64.87,696010032692,696105897354,1035988396081,1036084242432,32.8,35.1,34.3,36.6
356174,5714,42.7567,13.1339,-64.81,699396703796,699492568448,1039375038006,1039470884352,32.8,35.1,34.3,36.6
356227,5715,42.7379,13.1178,-64.90,702783375412,702879240057,1042761680437,1042857526784,32.8,36.1,34.3,37.6
356280,5716,42.7835,13.1570,-65.09,706170046516,706265911171,1046148322364,1046244168704,32.8,35.1,34.3,36.6
356333,5717,42.7694,13.1449,-65.92,709556717620,709652582272,1049534964281,1049630810624,32.8,35.1,34.3,36.6
356386,5718,42.7379,13.1178,-64.85,712943389236,713039253894,1052921606697,1053017453056,32.8,35.1,34.3,36.6
356439,5719,42.7989,13.1703,-64.12,716330060340,716425925024,1056308248617,1056404094976,32.8,35.1,34.3,36.6
356492,5720,42.7882,13.1610,-65.66,719716731444,719812596146,1059694890511,1059790736896,32.8,36.1,34.3,37.6
356545,5721,42.7694,13.1449,-65.50,723103403060,723199267265,1063081532920,1063177378816,32.8,35.1,34.3,36.6
356598,5722,42.8036,13.1743,-64.21,726490074164,726585938401,1066468174826,1066564020736,32.8,35.1,34.3,36.6
356651,5723,42.7788,13.1529,-65.82,729876745268,729972609537,1069854816699,1069950662656,32.8,35.1,34.3,36.6
356704,5724,42.8398,13.2054,-65.90,733263416884,733359281204,1073241459107,1073337305088,32.8,35.1,34.3,36.6
356757,5725,42.7741,13.1489,-65.50,736650087988,736745952330,1076628100976,1076723947008,32.8,35.1,34.3,36.6
356810,5726,42.7600,13.1368,-65.13,740036759092,740132623480,1080014742845,1080110588928,32.8,35.1,34.3,36.6
356863,5727,42.8069,13.1772,-65.94,743423430708,743519295158,1083401385234,1083497231360,32.8,35.1,34.3,36.6
356916,5728,42.8036,13.1743,-64.61,746810101812,746905966311,1086788027108,1086883873280,32.8,35.1,34.3,36.6
356969,5729,42.7708,13.1461,-63.96,750196772916,750292637467,1090174668961,1090270515200,32.8,35.1,34.3,36.6
357022,5730,42.7802,13.1541,-64.32,753583444020,753679308637,1093561310820,1093657157120,32.8,35.1,34.3,36.6
357075,5731,42.7896,13.1622,-63.91,756970115636,757065980324,1096947953184,1097043799552,32.8,36.1,34.3,37.6
357128,5732,42.7755,13.1501,-64.85,760356786740,760452650990,822967248,918813184,32.8,35.1,34.3,36.6
357181,5733,42.7835,13.1570,-65.13,763743457844,763839322178,4209609084,4305455104,32.8,35.1,34.3,36.6
357234,5734,42.7741,13.1489,-65.52,767130129460,767225993870,7596251436,7692097536,32.8,36.1,34.3,37.6
357287,5735,42.7849,13.1582,-64.32,770516800564,770612665059,10982893279,11078739456,32.8,35.1,34.3,36.6
357340,5736,42.7661,13.1420,-64.68,773903471668,773999336252,14369535102,14465381376,32.8,35.1,34.3,36.6
357393,5737,42.8036,13.1743,-64.33,777290143284,777386007975,17756177443,17852023808,32.8,35.1,34.3,36.6
357446,5738,42.7802,13.1541,-64.64,780676814388,780772678667,21142819254,21238665216,32.8,35.1,34.3,36.6
357499,5739,42.7929,13.1651,-65.90,784063486004,784159350389,24529461582,24625307648,32.8,36.1,34.3,37.6
357552,5740,42.8036,13.1743,-64.26,787450157108,787546021603,27916103399,28011949568,32.8,35.1,34.3,36.6
357605,5741,42.7788,13.1529,-65.48,790836828212,790932692810,31302745202,31398591488,32.8,35.1,34.3,36.6
460938,7033,42.0811,12.5525,-63.60,796687639604,796783504006,37110429713,37206276096,33.8,36.1,35.3,37.6
460991,7034,42.1313,12.5958,-65.83,800075541044,800171405394,40498311254,40594157568,33.8,36.1,35.3,37.6
461044,7035,42.1702,12.6293,-64.87,803462212148,803558076449,43884962459,43980808704,33.8,36.1,35.3,37.6
461097,7036,42.1876,12.6442,-65.44,806848882740,806944746992,47271613137,47367459328,33.8,36.1,35.3,37.6
461150,7037,42.0952,12.5646,-63.94,810235553844,810331418043,50658264290,50754110464,33.8,36.1,35.3,37.6
461203,7038,42.1829,12.6402,-65.06,813622224436,813718088616,54044914966,54140761088,33.8,36.1,35.3,37.6
461256,7039,42.0717,12.5445,-65.00,817008895540,817104759676,57431566103,57527412224,33.8,36.1,35.3,37.6
461309,7040,42.1032,12.5715,-65.21,820395566132,820491430270,60818216735,60914062848,33.8,36.1,35.3,37.6
461362,7041,42.1313,12.5958,-65.19,823782237236,823878101399,64204867858,64300713984,33.8,36.1,35.3,37.6
461415,7042,42.1468,12.6091,-63.87,827168907828,827264772027,67591518455,67687364608,33.8,36.1,35.3,37.6
461468,7043,42.1890,12.6454,-64.50,830555578420,830651442671,70978169046,71074015232,33.8,36.1,35.3,37.6
461521,7044,42.2252,12.6765,-65.54,833942249524,834038113847,74364820122,74460666368,33.8,36.1,35.3,37.6
461574,7045,42.1562,12.6171,-63.84,837328920116,837424784513,77751470645,77847316992,33.8,36.1,35.3,37.6
461627,7046,42.1890,12.6454,-64.33,840715591220,840811455212,81138121688,81233967616,33.8,36.1,35.3,37.6
461680,7047,42.1548,12.6159,-66.62,844102261812,844198125926,84524772172,84620618240,33.8,36.1,35.3,37.6
461733,7048,42.1327,12.5969,-63.80,847488932916,847584797172,87911423161,88007269376,33.8,36.1,35.3,37.6
461786,7049,42.1782,12.6361,-65.07,850875604020,850971468458,91298074131,91393920512,33.8,36.1,35.3,37.6
461839,7050,42.1749,12.6333,-64.32,854262274612,854358138736,94684724559,94780570624,33.8,36.1,35.3,37.6
461892,7051,42.1407,12.6038,-65.62,857648945716,857744810045,98071375471,98167221760,33.8,36.1,35.3,37.6
461945,7052,42.2031,12.6575,-64.87,861035616308,861131480379,101458025871,101553871872,33.8,36.1,35.3,37.6
461998,7053,42.1749,12.6333,-63.82,864422287412,864518151744,104844676734,104940523008,33.8,36.1,35.3,37.6
462051,7054,42.1421,12.6050,-64.21,867808958004,867904822107,108231327062,108327173120,33.8,36.1,35.3,37.6
462104,7055,42.1454,12.6079,-66.10,871195629108,871291493529,111617977878,111713824256,33.8,36.1,35.3,37.6
462157,7056,42.2219,12.6737,-64.52,874582299700,874678163965,115004628181,115100474368,33.8,36.1,35.3,37.6
462210,7057,42.1609,12.6212,-64.64,877968970804,878064834916,118391278932,118487124992,33.8,36.1,35.3,37.6
462263,7058,42.1843,12.6414,-64.59,881355641908,881451505904,121777929683,121873775616,33.8,36.1,35.3,37.6
462316,7059,42.1186,12.5848,-64.08,884742312500,884838176899,125164579876,125260426240,33.8,36.1,35.3,37.6
462369,7060,42.1421,12.6050,-63.96,888128983604,888224847937,128551230575,128647076864,33.8,36.1,35.3,37.6
462422,7061,42.1782,12.6361,-66.30,891515654708,891611519018,131937881235,132033727488,33.8,36.1,35.3,37.6
462475,7062,42.1233,12.5889,-64.23,894902325300,894998189581,135324531355,135420377600,33.8,36.1,35.3,37.6
462528,7063,42.1782,12.6361,-66.77,898288996404,898384860711,138711181973,138807028224,33.8,36.1,35.3,37.6
462581,7064,42.2017,12.6563,-65.72,901675667508,901771531851,142097832572,142193678848,33.8,36.1,35.3,37.6
462634,7065,42.1689,12.6281,-65.92,905062338100,905158202498,145484482615,145580328960,33.8,36.1,35.3,37.6
462687,7066,42.1970,12.6523,-65.70,908449009204,908544873202,148871133138,148966979072,33.8,36.1,35.3,37.6
462740,7067,42.1642,12.6240,-66.45,911835680308,911931544418,152257783636,152353629696,33.8,36.1,35.3,37.6
462793,7068,42.2252,12.6765,-66.37,915222351412,915318215679,155644434129,155740280320,33.8,36.1,35.3,37.6
462846,7069,42.2224,12.6741,-67.00,918609022004,918704886440,159031084064,159126930432,33.8,36.1,35.3,37.6
462899,7070,42.2125,12.6656,-64.74,921995693108,922091557239,162417734487,162513580544,33.8,36.1,35.3,37.6
462952,7071,42.1515,12.6131,-64.07,925382364212,925478228556,165804384872,165900231168,33.8,36.1,35.3,37.6
463005,7072,42.1548,12.6159,-65.88,928769035316,928864899394,169191035249,169286881280,33.8,36.1,35.3,37.6
463058,7073,42.2219,12.6737,-65.00,932155705908,932251570297,172577685081,172673531392,33.8,36.1,35.3,37.6
463111,7074,42.1876,12.6442,-65.62,935542377012,935638241185,175964335391,176060181504,33.8,36.1,35.3,37.6
463164,7075,42.2078,12.6616,-64.39,938929048116,939024912119,179350985685,179446831616,33.8,36.1,35.3,37.6
463217,7076,42.1829,12.6402,-66.60,942315719220,942411583583,182737635936,182833482240,33.8,36.1,35.3,37.6
463270,7077,42.1923,12.6482,-65.42,945702390324,945798254563,186124286176,186220132352,33.8,36.1,35.3,37.6
463323,7078,42.2205,12.6725,-65.04,949089061428,949184925567,189510936400,189606782464,33.8,36.1,35.3,37.6
463376,7079,42.2172,12.6696,-64.37,952475732532,952571596602,192897586582,192993432576,33.8,36.1,35.3,37.6
463429,7080,42.1702,12.6293,-64.26,955862403636,955958267651,196284236729,196380082688,33.8,36.1,35.3,37.6
463482,7081,42.1876,12.6442,-65.88,959249074228,959344938228,199670886349,199766732288,33.8,36.1,35.3,37.6
463535,7082,42.1749,12.6333,-64.57,962635745332,962731609337,203057536454,203153382400,33.8,36.1,35.3,37.6
463588,7083,42.2078,12.6616,-64.96,966022416436,966118280500,206444186521,206540032512,33.8,36.1,35.3,37.6
463641,7084,42.2345,12.6846,-66.47,969409087540,969504951670,209830836575,209926682624,33.8,36.1,35.3,37.6
463694,7085,42.2017,12.6563,-66.00,972795758644,972891622843,213217486603,213313332736,33.8,36.1,35.3,37.6
463747,7086,42.2031,12.6575,-64.14,976182429748,976278294077,216604136589,216699982848,33.8,36.1,35.3,37.6
463800,7087,42.1890,12.6454,-63.80,979569100852,979664965310,219990786566,220086632960,33.8,36.1,35.3,37.6
463853,7088,42.2299,12.6805,-65.74,982955771956,983051636086,223377436508,223473282560,33.8,36.1,35.3,37.6
463906,7089,42.2392,12.6886,-66.66,986342443060,986438307382,226764086432,226859932672,33.8,36.1,35.3,37.6
463959,7090,42.1843,12.6414,-64.17,989729114164,989824978159,230150736339,230246582272,33.8,36.1,35.3,37.6
464012,7091,42.2453,12.6939,-64.21,993115785268,993211649538,233537386202,233633232384,33.8,36.1,35.3,37.6
464065,7092,42.2078,12.6616,-64.03,996502456372,996598320374,236924036055,237019881984,33.8,36.1,35.3,37.6
464118,7093,42.2125,12.6656,-64.79,999889127476,999984991796,240310685851,240406532096,33.8,36.1,35.3,37.6
464171,7094,42.2439,12.6927,-65.86,1003275799092,1003371663218,243697336166,243793182208,33.8,36.1,35.3,37.6
464224,7095,42.2359,12.6858,-64.89,1006662470196,1006758334657,247083985943,247179832320,33.8,36.1,35.3,37.6
464277,7096,42.2500,12.6979,-64.57,1010049141300,1010145005635,250470635676,250566481920,33.8,36.1,35.3,37.6
464330,7097,42.2406,12.6898,-63.65,1013435812404,1013531676606,253857285404,253953131520,33.8,36.1,35.3,37.6
464383,7098,42.2594,12.7060,-64.37,1016822483508,1016918347621,257243935102,257339781120,33.8,36.1,35.3,37.6
464436,7099,42.2406,12.6898,-64.63,1020209154612,1020305018645,260630584774,260726430720,33.8,36.1,35.3,37.6
464489,7100,42.2580,12.7048,-65.23,1023595825716,1023691689720,264017234406,264113080320,33.8,36.1,35.3,37.6
464542,7101,42.2172,12.6696,-64.44,1026982497332,1027078361801,267403884551,267499730944,33.8,36.1,35.3,37.6
464595,7102,42.2219,12.6737,-64.44,1030369168436,1030465032912,270790534147,270886380544,33.8,36.1,35.3,37.6
464648,7103,42.2265,12.6777,-64.28,1033755839540,1033851703541,274177183711,274273029632,33.8,36.1,35.3,37.6
464701,7104,42.2674,12.7128,-66.70,1037142510644,1037238374701,277563833269,277659679232,33.8,36.1,35.3,37.6
464754,7105,42.2486,12.6967,-66.83,1040529181748,1040625045877,280950482789,281046328832,33.8,36.1,35.3,37.6
464807,7106,42.2359,12.6858,-64.15,1043915853364,1044011717580,284337132813,284432978944,33.8,36.1,35.3,37.6
464860,7107,42.2359,12.6858,-63.99,1047302524468,1047398388806,287723782290,287819628544,33.8,36.1,35.3,37.6
464913,7108,42.2688,12.7140,-64.74,1050689195572,1050785060056,291110431758,291206278144,33.8,36.1,35.3,37.6
464966,7109,42.2500,12.6979,-64.79,1054075866676,1054171730822,294497081176,294592927232,33.8,36.1,35.3,37.6
465019,7110,42.2533,12.7007,-65.82,1057462538292,1057558402629,297883731096,297979577344,33.8,36.1,35.3,37.6
465072,7111,42.2265,12.6777,-64.32,1060849209396,1060945073411,301270380497,301366226432,33.8,36.1,35.3,37.6
465125,7112,42.2312,12.6817,-64.12,1064235880500,1064331744765,304657029849,304752876032,33.8,36.1,35.3,37.6
465178,7113,42.2500,12.6979,-63.80,1067622551604,1067718415615,308043679199,308139525120,33.8,36.1,35.3,37.6
465231,7114,42.2406,12.6898,-64.21,1071009223220,1071105087500,311430329038,311526175232,33.8,36.1,35.3,37.6
465284,7115,42.2674,12.7128,-65.42,1074395894324,1074491758394,314816978345,314912824320,33.8,36.1,35.3,37.6
465337,7116,42.2641,12.7100,-63.94,1077782565428,1077878429829,318203627615,318299473920,33.8,36.1,35.3,37.6
465390,7117,42.2392,12.6886,-65.50,1081169237044,1081265101257,321590277389,321686123520,33.8,36.1,35.3,37.6
465443,7118,42.2219,12.6737,-64.15,1084555908148,1084651772217,324976926618,325072772608,33.8,36.1,35.3,37.6
465496,7119,42.2453,12.6939,-64.77,1087942579252,1088038443711,328363575837,328459422208,33.8,36.1,35.3,37.6
465549,7120,42.2735,12.7181,-64.35,1091329250868,1091425115226,331750225551,331846071808,33.8,36.1,35.3,37.6
465602,7121,42.2688,12.7140,-63.80,1094715921972,1094811786249,335136874718,335232720896,33.8,36.1,35.3,37.6
465655,7122,42.2486,12.6967,-65.38,1098102593076,1098198457284,338523523863,338619369984,33.8,36.1,35.3,37.6
465708,7123,42.3002,12.7411,-66.10,1977636916,2073501090,341910173519,342006019584,33.8,36.1,35.3,37.6
465761,7124,42.2453,12.6939,-63.87,5364308020,5460172159,345296822621,345392668672,33.8,36.1,35.3,37.6
465814,7125,42.2688,12.7140,-63.72,8750979636,8846843783,348683472223,348779318272,33.8,36.1,35.3,37.6
465867,7126,42.3049,12.7451,-66.68,12137650740,12233514917,352070121293,352165967360,33.8,36.1,35.3,37.6
465920,7127,42.2547,12.7019,-63.84,15524322356,15620186565,355456770843,355552616960,33.8,36.1,35.3,37.6
465973,7128,42.2547,12.7019,-64.17,18910993460,19006857734,358843419867,358939266048,33.8,36.1,35.3,37.6
466026,7129,42.2721,12.7169,-65.70,22297664564,22393528916,362230068881,362325915136,33.8,36.1,35.3,37.6
466079,7130,42.2688,12.7140,-63.66,25684336180,25780200639,365616718375,365712564736,33.8,36.1,35.3,37.6
466132,7131,42.3049,12.7451,-65.50,29071007284,29166871355,369003367351,369099213312,33.8,36.1,35.3,37.6
466185,7132,42.2594,12.7060,-63.78,32457678900,32553543110,372390016796,372485862912,33.8,36.1,35.3,37.6
466238,7133,42.3204,12.7585,-64.70,35844350004,35940214388,375776665736,375872512000,33.8,36.1,35.3,37.6
466291,7134,42.2688,12.7140,-64.77,39231021620,39326885655,379163315152,379259161088,33.8,36.1,35.3,37.6
466344,7135,42.3471,12.7815,-65.78,42617692724,42713556990,382549964038,382645810176,33.8,36.1,35.3,37.6
466397,7136,42.2782,12.7221,-64.77,46004364340,46100228801,385936613417,386032459776,33.8,36.1,35.3,37.6
466450,7137,42.3204,12.7585,-63.80,49391035444,49486899649,389323262267,389419108352,33.8,36.1,35.3,37.6
466503,7138,42.3471,12.7815,-65.30,52777707060,52873571525,392709911615,392805757952,33.8,36.1,35.3,37.6
466556,7139,42.2735,12.7181,-63.66,56164378164,56260242376,396096560417,396192406528,33.8,36.1,35.3,37.6
466609,7140,42.3251,12.7625,-63.41,59551049780,59646914303,399483209728,399579056128,33.8,36.1,35.3,37.6
466662,7141,42.3532,12.7867,-64.15,62937720884,63033585227,402869858496,402965704704,33.8,36.1,35.3,37.6
466715,7142,42.3016,12.7423,-63.61,66324392500,66420256652,406256507752,406352353792,33.8,36.1,35.3,37.6
466768,7143,42.3298,12.7665,-64.15,69711063604,69806928118,409643156491,409739002880,33.8,36.1,35.3,37.6
466821,7144,42.3204,12.7585,-64.07,73097735220,73193599594,413029805714,413125651968,33.8,36.1,35.3,37.6
466874,7145,42.3532,12.7867,-64.26,76484406836,76580271097,416416454930,416512301056,33.8,36.1,35.3,37.6
466927,7146,42.2718,12.7167,-62.84,79871077940,79966942073,419803103604,419898949632,33.8,36.1,35.3,37.6
466980,7147,42.3157,12.7544,-64.32,83257749556,83353613617,423189752777,423285598720,33.8,36.1,35.3,37.6
467033,7148,42.3345,12.7706,-63.77,86644420660,86740285175,426576401419,426672247808,33.8,36.1,35.3,37.6
467086,7149,42.3204,12.7585,-63.61,90031092276,90126956743,429963050549,430058896896,33.8,36.1,35.3,37.6
467139,7150,42.3438,12.7786,-64.42,93417763892,93513628341,433349699665,433445545984,33.8,36.1,35.3,37.6
467192,7151,42.3143,12.7532,-65.36,96804434996,96900299417,436736348253,436832194560,33.8,36.1,35.3,37.6
467245,7152,42.3237,12.7613,-65.76,100191106612,100286971048,440122997330,440218843648,33.8,36.1,35.3,37.6
467298,7153,42.3438,12.7786,-63.65,103577777716,103673642183,443509645887,443605492224,33.8,36.1,35.3,37.6
467351,7154,42.3331,12.7694,-65.11,106964449332,107060313833,446896294934,446992141312,33.8,36.1,35.3,37.6
467404,7155,42.3298,12.7665,-63.73,110351120948,110446984997,450282943963,450378789888,33.8,36.1,35.3,37.6
467457,7156,42.3438,12.7786,-64.42,113737792052,113833656186,453669592460,453765438464,33.8,36.1,35.3,37.6
467510,7157,42.2969,12.7383,-64.42,117124463668,117220327884,457056241446,457152087552,33.8,36.1,35.3,37.6
467563,7158,42.3438,12.7786,-64.90,120511135284,120606999623,460442890432,460538736640,33.8,36.1,35.3,37.6
467616,7159,42.3016,12.7423,-64.87,123897806388,123993670842,463829538874,463925385216,33.8,36.1,35.3,37.6
467669,7160,42.3110,12.7504,-63.85,127284478004,127380342098,467216187814,467312033792,33.8,36.1,35.3,37.6
467722,7161,42.3673,12.7988,-63.68,130671149620,130767013897,470602836744,470698682880,33.8,36.1,35.3,37.6
467775,7162,42.3391,12.7746,-63.89,134057820724,134153685181,473989485127,474085331456,33.8,36.1,35.3,37.6
467828,7163,42.3626,12.7948,-64.12,137444492340,137540356480,477376134030,477471980032,33.8,36.1,35.3,37.6
467881,7164,42.2969,12.7383,-64.23,140831163956,140927028300,480762782887,480858629120,33.8,36.1,35.3,37.6
467934,7165,42.3720,12.8029,-64.46,144217835060,144313699139,484149431247,484245277184,33.8,36.1,35.3,37.6
467987,7166,42.3720,12.8029,-64.28,147604506676,147700371015,487536080076,487631926272,33.8,35.1,35.3,36.6
468040,7167,42.3345,12.7706,-63.99,150991178292,151087042370,490922728897,491018574848,33.8,36.1,35.3,37.6
468093,7168,42.3204,12.7585,-64.55,154377849908,154473714266,494309377699,494405223936,33.8,36.1,35.3,37.6
468146,7169,42.3345,12.7706,-63.32,157764521012,157860385144,497696025994,497791872000,33.8,36.1,35.3,37.6
468199,7170,42.3814,12.8109,-63.75,161151192628,161247057094,501082674768,501178521088,33.8,35.1,35.3,36.6
468252,7171,42.3612,12.7936,-65.27,164537864244,164633728523,504469323520,504565169664,33.8,36.1,35.3,37.6
468305,7172,42.3565,12.7896,-65.54,167924535860,168020399976,507855972257,507951818240,33.8,36.1,35.3,37.6
468358,7173,42.3298,12.7665,-63.02,171311206964,171407071432,511242620473,511338466816,33.8,36.1,35.3,37.6
468411,7174,42.3391,12.7746,-63.32,174697878580,174793742920,514629269181,514725115392,33.8,36.1,35.3,37.6
468464,7175,42.3157,12.7544,-63.46,178084550196,178180414414,518015917869,518111763968,33.8,36.1,35.3,37.6
468517,7176,42.3626,12.7948,-63.82,181471221812,181567085945,521402566549,521498412544,33.8,36.1,35.3,37.6
468570,7177,42.3143,12.7532,-65.11,184857892916,184953756945,524789214694,524885060608,33.8,36.1,35.3,37.6
468623,7178,42.3298,12.7665,-63.29,188244564532,188340429009,528175863343,528271709696,33.8,36.1,35.3,37.6
468676,7179,42.3612,12.7936,-65.15,191631236148,191727100585,531562511970,531658358272,33.8,36.1,35.3,37.6
468729,7180,42.3767,12.8069,-63.72,195017907764,195113772172,534949160584,535045006848,33.8,36.1,35.3,37.6
468782,7181,42.3485,12.7827,-63.92,198404578868,198500443244,538335808669,538431654912,33.8,36.1,35.3,37.6
468835,7182,42.3485,12.7827,-63.56,201791250484,201887114853,541722457252,541818303488,33.8,36.1,35.3,37.6
468888,7183,42.3706,12.8017,-65.92,205177922100,205273786484,545109105818,545204952064,33.8,36.1,35.3,37.6
468941,7184,42.3767,12.8069,-63.49,208564593716,208660458121,548495754380,548591600640,33.8,36.1,35.3,37.6
468994,7185,42.3565,12.7896,-65.70,211951265332,212047129768,551882402913,551978249216,33.8,36.1,35.3,37.6
469047,7186,42.3485,12.7827,-64.81,215337936436,215433800915,555269050933,555364897280,33.8,36.1,35.3,37.6
469100,7187,42.3204,12.7585,-64.79,218724608052,218820472087,558655699429,558751545344,33.8,36.1,35.3,37.6
469153,7188,42.3847,12.8138,-65.07,222111279668,222207143802,562042347930,562138193920,32.8,36.1,34.3,37.6
469206,7189,42.3532,12.7867,-64.52,225497951284,225593815507,565428996407,565524842496,33.8,36.1,35.3,37.6
469259,7190,42.3626,12.7948,-63.36,228884622900,228980487242,568815644868,568911491072,33.8,36.1,35.3,37.6
469312,7191,42.3438,12.7786,-63.09,232271294516,232367158975,572202293320,572298139648,33.8,36.1,35.3,37.6
469365,7192,42.3532,12.7867,-63.32,235657965620,235753829713,575588941241,575684787200,33.8,36.1,35.3,37.6
469418,7193,42.3814,12.8109,-64.85,239044637236,239140501504,578975589655,579071435776,33.8,36.1,35.3,37.6
469471,7194,42.3612,12.7936,-65.42,242431308852,242527173288,582362238050,582458084352,33.8,36.1,35.3,37.6
469524,7195,42.3471,12.7815,-65.11,245817980468,245913844567,585748886446,585844732416,33.8,36.1,35.3,37.6
469577,7196,42.3673,12.7988,-64.76,249204652084,249300516400,589135534816,589231380992,33.8,36.1,35.3,37.6
469630,7197,42.3563,12.7894,-62.99,252591323700,252687188223,592522183185,592618029568,33.8,36.1,35.3,37.6
469683,7198,42.4081,12.8340,-65.28,255977995316,256073859572,595908831530,596004677632,33.8,36.1,35.3,37.6
469736,7199,42.3579,12.7908,-64.17,259364666420,259460530899,599295479354,599391325696,33.8,36.1,35.3,37.6
469789,7200,42.3532,12.7867,-64.90,262751338036,262847202263,602682127668,602777973760,33.8,36.1,35.3,37.6
469842,7201,42.3908,12.8190,-63.73,266138009652,266233874162,606068775977,606164622336,33.8,36.1,35.3,37.6
469895,7202,42.3626,12.7948,-64.48,269524681268,269620545548,609455424258,609551270400,33.8,36.1,35.3,37.6
469948,7203,42.3767,12.8069,-63.84,272911352884,273007216955,612842072538,612937918464,33.8,36.1,35.3,37.6
470001,7204,42.3941,12.8219,-65.32,276298024500,276393888892,616228720797,616324567040,33.8,36.1,35.3,37.6
470054,7205,42.3941,12.8219,-65.72,279684696116,279780560318,619615369051,619711215104,33.8,36.1,35.3,37.6
470107,7206,42.3141,12.7530,-62.88,283071367732,283167232254,623002017281,623097863680,33.8,36.1,35.3,37.6
470160,7207,42.4095,12.8352,-64.10,286458038836,286553903235,626388664991,626484511232,33.8,36.1,35.3,37.6
470213,7208,42.4048,12.8311,-64.08,289844710452,289940574697,629775313208,629871159296,33.8,36.1,35.3,37.6
470266,7209,42.3861,12.8150,-63.68,293231382068,293327246172,633161961405,633257807360,33.8,36.1,35.3,37.6
470319,7210,42.3908,12.8190,-64.52,296618053684,296713918192,636548609578,636644455936,33.8,36.1,35.3,37.6
470372,7211,42.4001,12.8271,-63.66,300004725300,300100589707,639935257747,640031104000,33.8,36.1,35.3,37.6
470425,7212,42.4001,12.8271,-64.66,303391396916,303487261238,643321905897,643417752064,33.8,36.1,35.3,37.6
470478,7213,42.3673,12.7988,-64.70,306778068532,306873932756,646708554045,646804400128,33.8,36.1,35.3,37.6
470531,7214,42.3847,12.8138,-65.11,310164740148,310260604304,650095202180,650191048192,33.8,36.1,35.3,37.6
470584,7215,42.3861,12.8150,-64.08,313551411764,313647275883,653481850285,653577696256,33.8,36.1,35.3,37.6
470637,7216,42.3847,12.8138,-65.17,316938083380,317033947455,656868498389,656964344320,33.8,36.1,35.3,37.6
470690,7217,42.3988,12.8259,-65.54,320324754484,320420618544,660255145963,660350991872,33.8,36.1,35.3,37.6
470743,7218,42.3861,12.8150,-64.76,323711426100,323807290137,663641794047,663737639936,33.8,36.1,35.3,37.6
470796,7219,42.3673,12.7988,-63.19,327098097716,327193961755,667028442101,667124288000,33.8,36.1,35.3,37.6
470849,7220,42.3955,12.8231,-63.89,330484769332,330580633396,670415090153,670510936064,33.8,36.1,35.3,37.6
470902,7221,42.3516,12.7853,-62.79,333871440948,333967305019,673801738196,673897584128,33.8,36.1,35.3,37.6
470955,7222,42.4095,12.8352,-64.61,337258112564,337353976696,677188386218,677284232192,33.8,36.1,35.3,37.6
471008,7223,42.3861,12.8150,-63.94,340644784180,340740648352,680575034233,680670880256,33.8,36.1,35.3,37.6
471061,7224,42.4001,12.8271,-63.87,344031455796,344127320041,683961682229,684057528320,33.8,36.1,35.3,37.6
471114,7225,42.4001,12.8271,-64.30,347418127412,347513991739,687348330211,687444176384,33.8,36.1,35.3,37.6
471167,7226,42.3673,12.7988,-63.22,350804799028,350900663430,690734978186,690830824448,33.8,36.1,35.3,37.6
471220,7227,42.4142,12.8392,-63.91,354191470644,354287335164,694121626153,694217472512,33.8,36.1,35.3,37.6
471273,7228,42.4035,12.8299,-65.40,357578142260,357674006367,697508274109,697604120064,33.8,36.1,35.3,37.6
471326,7229,42.4142,12.8392,-64.17,360964813876,361060678120,700894922045,700990768128,33.8,36.1,35.3,37.6
471379,7230,42.4189,12.8432,-64.14,364351485492,364447349878,704281569968,704377416192,33.8,36.1,35.3,37.6
471432,7231,42.3720,12.8029,-63.06,367738157108,367834021630,707668217876,707764064256,33.8,36.1,35.3,37.6
471485,7232,42.4095,12.8352,-63.77,371124828212,371220692389,711054865277,711150711296,33.8,36.1,35.3,37.6
471538,7233,42.3610,12.7934,-62.99,374511499828,374607364173,714441513157,714537359360,33.8,36.1,35.3,37.6
471591,7234,42.3955,12.8231,-64.50,377898171444,377994035979,717828161042,717924007424,33.8,36.1,35.3,37.6
471644,7235,42.3861,12.8150,-63.01,381284843060,381380707280,721214808904,721310654976,33.8,36.1,35.3,37.6
471697,7236,42.4424,12.8634,-63.73,384671514676,384767379122,724601456766,724697303040,33.8,36.1,35.3,37.6
471750,7237,42.4048,12.8311,-63.77,388058186292,388154050437,727988104603,728083950592,33.8,36.1,35.3,37.6
471803,7238,42.4363,12.8582,-66.06,391444857908,391540722291,731374752439,731470598656,33.8,36.1,35.3,37.6
471856,7239,42.4095,12.8352,-64.01,394831529524,394927393630,734761400261,734857246208,33.8,36.1,35.3,37.6
471909,7240,42.3955,12.8231,-64.77,398218201140,398314065503,738148048061,738243894272,33.8,36.1,35.3,37.6
471962,7241,42.4189,12.8432,-63.96,401604872756,401700736880,741534695863,741630541824,33.8,36.1,35.3,37.6
472015,7242,42.4189,12.8432,-63.77,404991544372,405087408773,744921343650,745017189888,33.8,36.1,35.3,37.6
472068,7243,42.3908,12.8190,-64.98,408378215988,408474080157,748307991421,748403837440,33.8,36.1,35.3,37.6
472121,7244,42.3767,12.8069,-64.64,411764887604,411860752067,751694639186,751790485504,33.8,36.1,35.3,37.6
472174,7245,42.4142,12.8392,-63.07,415151559220,415247423498,755081286939,755177133056,33.8,36.1,35.3,37.6
472227,7246,42.4001,12.8271,-63.01,418538230836,418634094912,758467934687,758563780608,33.8,36.1,35.3,37.6
472280,7247,42.3908,12.8190,-63.17,421924902452,422020766866,761854582408,761950428672,33.8,36.1,35.3,37.6
472333,7248,42.4424,12.8634,-64.24,425311574068,425407438327,765241230137,765337076224,33.8,36.1,35.3,37.6
472386,7249,42.3938,12.8217,-62.84,428698245172,428794109254,768627877338,768723723264,33.8,36.1,35.3,37.6
472439,7250,42.4175,12.8420,-65.90,432084916788,432180781248,772014525027,772110371328,33.8,36.1,35.3,37.6
472492,7251,42.4236,12.8473,-64.30,435471588404,435567452732,775401172716,775497018880,33.8,36.1,35.3,37.6
472545,7252,42.4377,12.8594,-63.99,438858260020,438954124224,778787820398,778883666432,33.8,36.1,35.3,37.6
472598,7253,42.4048,12.8311,-64.98,442244931636,442340795711,782174468065,782270313984,33.8,36.1,35.3,37.6
472651,7254,42.3814,12.8109,-63.32,445631603252,445727467730,785561115716,785656962048,33.8,36.1,35.3,37.6
472704,7255,42.4189,12.8432,-63.63,449018274868,449114139270,788947763360,789043609600,33.8,36.1,35.3,37.6
472757,7256,42.4424,12.8634,-63.98,452404946484,452500810804,792334411004,792430257152,33.8,36.1,35.3,37.6
472810,7257,42.4142,12.8392,-63.87,455791618100,455887482341,795721058623,795816904704,33.8,36.1,35.3,37.6
472863,7258,42.4236,12.8473,-63.56,459178289716,459274153887,799107706249,799203552256,33.8,36.1,35.3,37.6
472916,7259,42.4551,12.8744,-65.68,462564961332,462660825457,802494353858,802590199808,33.8,36.1,35.3,37.6
472969,7260,42.4095,12.8352,-63.39,465951632948,466047497025,805881001441,805976847360,33.8,36.1,35.3,37.6
473022,7261,42.4095,12.8352,-64.28,469338304564,469434169114,809267649032,809363495424,33.8,36.1,35.3,37.6
473075,7262,42.4048,12.8311,-63.75,472724976180,472820840708,812654296605,812750142976,33.8,36.1,35.3,37.6
473128,7263,42.4142,12.8392,-63.99,476111647796,476207512316,816040944169,816136790528,33.8,36.1,35.3,37.6
473181,7264,42.4189,12.8432,-63.66,479498319412,479594183931,819427591723,819523438080,33.8,36.1,35.3,37.6
473234,7265,42.4236,12.8473,-63.98,482884990516,482980855041,822814238760,822910085120,33.8,36.1,35.3,37.6
473287,7266,42.3908,12.8190,-64.55,486271662132,486367526663,826200886291,826296732672,33.8,36.1,35.3,37.6
473340,7267,42.4424,12.8634,-64.68,489658333748,489754198319,829587533825,829683380224,33.8,36.1,35.3,37.6
473393,7268,42.4048,12.8311,-63.01,493045005364,493140869447,832974181337,833070027264,33.8,36.1,35.3,37.6
473446,7269,42.4142,12.8392,-63.99,496431676980,496527541119,836360828838,836456674816,33.8,36.1,35.3,37.6
473499,7270,42.4551,12.8744,-65.46,499818348596,499914212800,839747476338,839843322368,33.8,36.1,35.3,37.6
473552,7271,42.4518,12.8715,-64.24,503205020212,503300884488,843134123821,843229969920,33.8,36.1,35.3,37.6
473605,7272,42.4377,12.8594,-63.53,506591691828,506687556167,846520771303,846616617472,33.8,36.1,35.3,37.6
473658,7273,42.4048,12.8311,-63.17,509978363444,510074227853,849907418772,850003265024,33.8,36.1,35.3,37.6
473711,7274,42.4189,12.8432,-64.23,513365035060,513460899573,853294066226,853389912576,33.8,36.1,35.3,37.6
473764,7275,42.4189,12.8432,-63.70,516751706676,516847570772,856680713683,856776559616,33.8,36.1,35.3,37.6
473817,7276,42.4330,12.8554,-64.37,520138378292,520234242505,860067361124,860163207168,33.8,36.1,35.3,37.6
473870,7277,42.4457,12.8663,-65.78,523525049908,523620914245,863454008553,863549854720,33.8,36.1,35.3,37.6
473923,7278,42.4377,12.8594,-63.61,526911721012,527007585479,866840655464,866936501760,33.8,36.1,35.3,37.6
473976,7279,42.4048,12.8311,-63.11,530298392628,530394256705,870227302880,870323148800,33.8,36.1,35.3,37.6
474029,7280,42.4377,12.8594,-63.63,533685064244,533780928482,873613950284,873709796352,33.8,36.1,35.3,37.6
474082,7281,42.4518,12.8715,-64.23,537071735860,537167600258,877000597683,877096443904,33.8,36.1,35.3,37.6
474135,7282,42.4142,12.8392,-63.61,540458407476,540554272025,880387245068,880483091456,33.8,36.1,35.3,37.6
474188,7283,42.4283,12.8513,-63.48,543845079092,543940943304,883773892450,883869738496,33.8,36.1,35.3,37.6
474241,7284,42.4330,12.8554,-63.72,547231750708,547327615112,887160539813,887256386048,33.8,36.1,35.3,37.6
474294,7285,42.4330,12.8554,-64.52,550618422324,550714286405,890547187176,890643033088,33.8,36.1,35.3,37.6
474347,7286,42.4283,12.8513,-63.17,554005093940,554100958217,893933834529,894029680640,33.8,36.1,35.3,37.6
474400,7287,42.4236,12.8473,-63.77,557391765044,557487629530,897320481359,897416327680,33.8,36.1,35.3,37.6
474453,7288,42.4564,12.8755,-64.33,560778436660,560874300857,900707128701,900802974720,33.8,36.1,35.3,37.6
474506,7289,42.4283,12.8513,-64.35,564165108276,564260972692,904093776023,904189622272,33.8,36.1,35.3,37.6
474559,7290,42.4377,12.8594,-64.07,567551779892,567647644033,907480423341,907576269312,33.8,36.1,35.3,37.6
474612,7291,42.4644,12.8824,-65.76,570938451508,571034315898,910867070653,910962916864,33.8,36.1,35.3,37.6
474665,7292,42.4705,12.8877,-64.05,574325123124,574420987254,914253717959,914349563904,33.8,36.1,35.3,37.6
474718,7293,42.4799,12.8957,-64.37,577711794740,577807659133,917640365252,917736211456,33.8,36.1,35.3,37.6
474771,7294,42.4410,12.8622,-65.38,581098465844,581194329980,921027012017,921122857984,33.8,36.1,35.3,37.6
474824,7295,42.4377,12.8594,-63.02,584485137460,584581001869,924413659298,924509505536,33.8,36.1,35.3,37.6
474877,7296,42.4283,12.8513,-63.92,587871809076,587967673257,927800306561,927896152576,33.8,36.1,35.3,37.6
474930,7297,42.4267,12.8499,-62.97,591258480692,591354345160,931186953830,931282800128,33.8,36.1,35.3,37.6
474983,7298,42.4504,12.8703,-66.00,594645152308,594741016572,934573601077,934669447168,33.8,36.1,35.3,37.6
475036,7299,42.4564,12.8755,-63.99,598031823924,598127688489,937960248333,938056094720,33.8,36.1,35.3,37.6
475089,7300,42.4551,12.8744,-65.32,601418495540,601514359909,941346895565,941442741760,33.8,36.1,35.3,37.6
475142,7301,42.4424,12.8634,-63.44,604805166644,604901030821,944733542283,944829388288,33.8,36.1,35.3,37.6
475195,7302,42.4471,12.8675,-64.26,608191838260,608287702769,948120189505,948216035840,33.8,36.1,35.3,37.6
475248,7303,42.4518,12.8715,-64.76,611578509876,611674374208,951506836724,951602682880,33.8,36.1,35.3,37.6
475301,7304,42.4189,12.8432,-63.04,614965181492,615061045641,954893483934,954989329920,33.8,36.1,35.3,37.6
475354,7305,42.4658,12.8836,-64.17,618351853108,618447717629,958280131134,958375977472,33.8,36.1,35.3,37.6
475407,7306,42.4471,12.8675,-63.39,621738524212,621834388572,961666777814,961762624000,33.8,36.1,35.3,37.6
475460,7307,42.4377,12.8594,-63.39,625125195828,625221060039,965053425000,965149271040,33.8,36.1,35.3,37.6
475513,7308,42.4658,12.8836,-64.08,628511867444,628607731524,968440072182,968535918080,33.8,36.1,35.3,37.6
475566,7309,42.4551,12.8744,-65.88,631898539060,631994403516,971826719350,971922565632,33.8,36.1,35.3,37.6
475619,7310,42.4658,12.8836,-64.23,635285210676,635381075008,975213366522,975309212672,33.8,36.1,35.3,37.6
475672,7311,42.4564,12.8755,-63.72,638671881780,638767745990,978600013169,978695859200,33.8,36.1,35.3,37.6
475725,7312,42.4283,12.8513,-63.16,642058553396,642154417478,981986660325,982082506240,33.8,36.1,35.3,37.6
475778,7313,42.4471,12.8675,-63.75,645445225012,645541089512,985373307466,985469153792,33.8,36.1,35.3,37.6
475831,7314,42.4564,12.8755,-63.14,648831896628,648927761029,988759954609,988855800832,33.8,36.1,35.3,37.6
475884,7315,42.4564,12.8755,-64.50,652218567732,652314432051,992146601220,992242447360,33.8,36.1,35.3,37.6
475937,7316,42.4377,12.8594,-63.29,655605239348,655701103566,995533248353,995629094400,33.8,36.1,35.3,37.6
475990,7317,42.4705,12.8877,-63.72,658991910964,659087775110,998919895478,999015741440,33.8,36.1,35.3,37.6
476043,7318,42.4471,12.8675,-64.48,662378582580,662474446654,1002306542581,1002402388480,33.8,36.1,35.3,37.6
476096,7319,42.4832,12.8986,-65.15,665765253684,665861118213,1005693189177,1005789035520,33.8,36.1,35.3,37.6
476149,7320,42.4424,12.8634,-64.05,669151925300,669247789762,1009079836271,1009175682560,33.8,36.1,35.3,37.6
476202,7321,42.4705,12.8877,-64.55,672538596916,672634461327,1012466483374,1012562329600,33.8,36.1,35.3,37.6
476255,7322,42.4283,12.8513,-63.46,675925268532,676021132886,1015853130453,1015948976640,33.8,36.1,35.3,37.6
476308,7323,42.4752,12.8917,-64.21,679311939636,679407803968,1019239777023,1019335623168,33.8,36.1,35.3,37.6
476361,7324,42.4424,12.8634,-63.14,682698611252,682794475527,1022626424105,1022722270208,33.8,36.1,35.3,37.6
476414,7325,42.4893,12.9038,-64.28,686085282868,686181147136,1026013071173,1026108917248,33.8,36.1,35.3,37.6
476467,7326,42.4564,12.8755,-63.59,689471953972,689567818205,1029399717721,1029495563776,33.8,36.1,35.3,37.6
476520,7327,42.4705,12.8877,-63.49,692858625588,692954489802,1032786364786,1032882210816,33.8,35.1,35.3,36.6
476573,7328,42.4705,12.8877,-64.32,696245297204,696341161411,1036173011833,1036268857856,33.8,36.1,35.3,37.6
476626,7329,42.4785,12.8945,-66.22,699631968308,699727832506,1039559658371,1039655504384,33.8,36.1,35.3,37.6
476679,7330,42.4705,12.8877,-64.28,703018639924,703114504125,1042946305408,1043042151424,33.8,36.1,35.3,37.6
476732,7331,42.4799,12.8957,-64.94,706405311540,706501175745,1046332952448,1046428798464,33.8,36.1,35.3,37.6
476785,7332,42.4611,12.8796,-63.65,709791982644,709887846854,1049719598963,1049815444992,33.8,36.1,35.3,37.6
476838,7333,42.4518,12.8715,-63.26,713178654260,713274518483,1053106245986,1053202092032,33.8,36.1,35.3,37.6
476891,7334,42.4879,12.9026,-65.86,716565325876,716661190137,1056492893000,1056588739072,33.8,36.1,35.3,37.6
476944,7335,42.4752,12.8917,-63.48,719951996980,720047861262,1059879539505,1059975385600,33.8,36.1,35.3,37.6
476997,7336,42.4752,12.8917,-63.91,723338668596,723434532917,1063266186506,1063362032640,33.8,36.1,35.3,37.6
477050,7337,42.4410,12.8622,-65.25,726725339700,726821204050,1066652832986,1066748679168,33.8,36.1,35.3,37.6
477103,7338,42.4471,12.8675,-64.01,730112011316,730207875718,1070039479981,1070135326208,33.8,36.1,35.3,37.6
477156,7339,42.4752,12.8917,-64.33,733498682932,733594547387,1073426126979,1073521973248,33.8,36.1,35.3,37.6
477209,7340,42.4611,12.8796,-64.03,736885354036,736981218545,1076812773448,1076908619776,33.8,36.1,35.3,37.6
477262,7341,42.4879,12.9026,-65.70,740272025652,740367890230,1080199420426,1080295266816,33.8,36.1,35.3,37.6
477315,7342,42.4799,12.8957,-64.28,743658696756,743754560892,1083586066885,1083681912832,33.8,36.1,35.3,37.6
477368,7343,42.4785,12.8945,-66.06,747045368372,747141232572,1086972713857,1087068559872,33.8,36.1,35.3,37.6
477421,7344,42.4564,12.8755,-63.04,750432039988,750527904268,1090359360811,1090455206912,33.8,36.1,35.3,37.6
477474,7345,42.4705,12.8877,-64.57,753818711092,753914575464,1093746007252,1093841853440,33.8,36.1,35.3,37.6
477527,7346,42.4738,12.8905,-65.92,757205382708,757301247164,1097132654206,1097228500480,33.8,36.1,35.3,37.6
477580,7347,42.4424,12.8634,-63.94,760592053812,760687918356,1007672861,1103519232,33.8,36.1,35.3,37.6
477633,7348,42.4799,12.8957,-63.46,763978725428,764074589571,4394319805,4490165760,33.8,36.1,35.3,37.6
477686,7349,42.4893,12.9038,-64.77,767365396532,767461260789,7780966223,7876812288,33.8,36.1,35.3,37.6
477739,7350,42.4330,12.8554,-63.49,770752068148,770847932507,11167613138,11263459328,33.8,36.1,35.3,37.6
477792,7351,42.4518,12.8715,-63.44,774138739252,774234603725,14554259560,14650105856,33.8,36.1,35.3,37.6
477845,7352,42.4752,12.8917,-64.90,777525410868,777621274955,17940906484,18036752384,33.8,36.1,35.3,37.6
477898,7353,42.4799,12.8957,-64.68,780912081972,781007946191,21327552881,21423398912,33.8,36.1,35.3,37.6
477951,7354,42.4424,12.8634,-64.39,784298753588,784394617935,24714199778,24810045952,33.8,36.1,35.3,37.6
478004,7355,42.4611,12.8796,-63.44,787685424692,787781289176,28100846177,28196692480,33.8,36.1,35.3,37.6
478057,7356,42.4846,12.8998,-63.91,791072096308,791167960431,31487493075,31583339008,33.8,36.1,35.3,37.6
478110,7357,42.4940,12.9078,-64.32,794458767412,794554631685,34874139457,34969985536,33.8,36.1,35.3,37.6
478163,7358,42.4564,12.8755,-63.96,797845439028,797941303444,38260786338,38356632576,32.8,36.1,34.3,37.6
478216,7359,42.4879,12.9026,-65.90,801232110132,801327974706,41647432718,41743279104,33.8,36.1,35.3,37.6
478269,7360,42.4752,12.8917,-63.42,804618781236,804714645465,45034079078,45129925120,33.8,36.1,35.3,37.6
478322,7361,42.4846,12.8998,-64.03,808005452852,808101317256,48420725946,48516572160,33.8,36.1,35.3,37.6
478375,7362,42.4893,12.9038,-63.77,811392123956,811487988526,51807372310,51903218688,33.8,36.1,35.3,37.6
478428,7363,42.4658,12.8836,-63.66,814778795572,814874659799,55194019172,55289865216,33.8,36.1,35.3,37.6
478481,7364,42.4611,12.8796,-63.14,818165466676,818261331081,58580665519,58676511744,33.8,36.1,35.3,37.6
478534,7365,42.4611,12.8796,-63.75,821552138292,821648002372,61967312372,62063158272,33.8,36.1,35.3,37.6
478587,7366,42.4846,12.8998,-63.70,824938809396,825034673671,65353958716,65449804800,33.8,36.1,35.3,37.6
478640,7367,42.4752,12.8917,-64.83,828325480500,828421344971,68740605044,68836451328,33.8,36.1,35.3,37.6
478693,7368,42.4799,12.8957,-64.70,831712152116,831808016264,72127251896,72223097856,33.8,36.1,35.3,37.6
478746,7369,42.4752,12.8917,-63.65,835098823220,835194687572,75513898219,75609744384,33.8,36.1,35.3,37.6
478799,7370,42.4799,12.8957,-63.41,838485494324,838581358880,78900544544,78996390912,33.8,36.1,35.3,37.6
478852,7371,42.5081,12.9200,-63.91,841872165940,841968030206,82287191374,82383037440,33.8,36.1,35.3,37.6
478905,7372,42.4518,12.8715,-63.66,845258837044,845354701508,85673837681,85769683968,33.8,36.1,35.3,37.6
478958,7373,42.4705,12.8877,-63.31,848645508148,848741372322,89060483994,89156329984,33.8,36.1,35.3,37.6
479011,7374,42.4752,12.8917,-64.08,852032179764,852128044169,92447130805,92542977024,33.8,36.1,35.3,37.6
479064,7375,42.4471,12.8675,-63.46,855418850868,855514714964,95833777118,95929623040,33.8,36.1,35.3,37.6
479117,7376,42.4705,12.8877,-64.21,858805521972,858901386309,99220423415,99316269568,33.8,36.1,35.3,37.6
479170,7377,42.4705,12.8877,-64.08,862192193588,862288058156,102607070225,102702916608,33.8,36.1,35.3,37.6
479223,7378,42.4377,12.8594,-63.53,865578864692,865674728979,105993716508,106089562624,33.8,36.1,35.3,37.6
479276,7379,42.4705,12.8877,-63.92,868965535796,869061400328,109380362805,109476209152,33.8,36.1,35.3,37.6
479329,7380,42.4973,12.9107,-65.32,872352206900,872448071170,112767009090,112862855168,33.8,36.1,35.3,37.6
479382,7381,42.4846,12.8998,-64.07,875738878516,875834743033,116153655881,116249502208,33.8,36.1,35.3,37.6
479435,7382,42.5161,12.9268,-65.62,879125549620,879221413887,119540302158,119636148224,33.8,36.1,35.3,37.6
479488,7383,42.4846,12.8998,-64.57,882512220724,882608085239,122926948427,123022794752,32.8,36.1,34.3,37.6
479541,7384,42.4879,12.9026,-65.74,885898891828,885994756089,126313594696,126409440768,33.8,36.1,35.3,37.6
479594,7385,42.4893,12.9038,-63.75,889285562932,889381427455,129700240966,129796087296,33.8,36.1,35.3,37.6
479647,7386,42.4893,12.9038,-63.66,892672234548,892768098824,133086887740,133182733824,33.8,36.1,35.3,37.6
479700,7387,42.4501,12.8701,-62.83,896058905652,896154770185,136473534000,136569380352,33.8,36.1,35.3,37.6
479753,7388,42.4785,12.8945,-65.25,899445576756,899541441059,139860180249,139956026368,33.8,36.1,35.3,37.6
479806,7389,42.4893,12.9038,-63.80,902832247860,902928112433,143246826515,143342672896,33.8,36.1,35.3,37.6
479859,7390,42.4501,12.8701,-62.84,906218918964,906314783302,146633472755,146729318912,33.8,36.1,35.3,37.6
479912,7391,42.4893,12.9038,-63.31,909605590068,909701454179,150020119010,150115964928,33.8,36.1,35.3,37.6
479965,7392,42.4644,12.8824,-65.13,912992261684,913088126077,153406765754,153502611968,33.8,36.1,35.3,37.6
480018,7393,42.4846,12.8998,-63.42,916378932788,916474796953,156793412009,156889257984,33.8,36.1,35.3,37.6
480071,7394,42.4658,12.8836,-64.33,919765603892,919861468350,160180058237,160275904512,33.8,36.1,35.3,37.6
480124,7395,42.4893,12.9038,-63.77,923152274996,923248139239,163566704478,163662550528,32.8,36.1,34.3,37.6
480177,7396,42.4893,12.9038,-64.48,926538946100,926634810638,166953350710,167049197056,33.8,36.1,35.3,37.6
480230,7397,42.4940,12.9078,-64.33,929925617204,930021481531,170339996939,170435843072,33.8,36.1,35.3,37.6
480283,7398,42.4987,12.9119,-63.70,933312288308,933408152424,173726643169,173822489088,33.8,36.1,35.3,37.6
480336,7399,42.4658,12.8836,-63.11,936698959412,936794823828,177113289382,177209135616,33.8,36.1,35.3,37.6
480389,7400,42.4752,12.8917,-63.48,940085630516,940181494732,180499935603,180595781632,33.8,36.1,35.3,37.6
480442,7401,42.4832,12.8986,-65.34,943472301620,943568166145,183886581821,183982428160,33.8,36.1,35.3,37.6
480495,7402,42.5034,12.9159,-63.85,946858972724,946954837062,187273228036,187369074176,33.8,36.1,35.3,37.6
480548,7403,42.4940,12.9078,-64.52,950245643828,950341507968,190659874247,190755720192,33.8,36.1,35.3,37.6
480601,7404,42.4987,12.9119,-63.99,953632314932,953728179395,194046520453,194142366720,33.8,36.1,35.3,37.6
480654,7405,42.4893,12.9038,-64.30,957018986036,957114850301,197433166664,197529012736,33.8,36.1,35.3,37.6
480707,7406,42.4752,12.8917,-64.48,960405657140,960501521720,200819812871,200915659264,33.8,36.1,35.3,37.6
480760,7407,42.4893,12.9038,-64.26,963792328244,963888192642,204206459075,204302305280,33.8,36.1,35.3,37.6
480813,7408,42.4846,12.8998,-63.51,967178999348,967274863558,207593105277,207688951296,33.8,36.1,35.3,37.6
480866,7409,42.4611,12.8796,-64.53,970565670452,970661534980,210979751477,211075597824,33.8,36.1,35.3,37.6
480919,7410,42.4879,12.9026,-65.19,973952341556,974048205911,214366397673,214462243840,33.8,36.1,35.3,37.6
480972,7411,42.4658,12.8836,-63.80,977339012660,977434876833,217753043865,217848889856,33.8,36.1,35.3,37.6
481025,7412,42.4987,12.9119,-64.50,980725683764,980821548280,221139690065,221235536384,33.8,36.1,35.3,37.6
481078,7413,42.5207,12.9309,-65.17,984112354868,984208219211,224526336259,224622182400,33.8,36.1,35.3,37.6
481131,7414,42.4752,12.8917,-63.01,987499025460,987594889611,227912981940,228008827904,33.8,36.1,35.3,37.6
481184,7415,42.4752,12.8917,-63.07,990885696564,990981561057,231299628125,231395474432,33.8,36.1,35.3,37.6
481237,7416,42.5127,12.9240,-63.96,994272367668,994368231998,234686274321,234782120448,33.8,36.1,35.3,37.6
481290,7417,42.4691,12.8865,-65.40,997659038772,997754902911,238072920506,238168766464,33.8,36.1,35.3,37.6
481343,7418,42.4595,12.8782,-62.91,1001045709876,1001141574352,241459566701,241555412992,33.8,36.1,35.3,37.6
481396,7419,42.5034,12.9159,-64.57,1004432380468,1004528244793,244846212369,244942058496,33.8,36.1,35.3,37.6
481449,7420,42.4879,12.9026,-65.88,1007819051572,1007914915707,248232858565,248328704512,33.8,36.1,35.3,37.6
481502,7421,42.4752,12.8917,-63.48,1011205722676,1011301587150,251619504753,251715351040,33.8,36.1,35.3,37.6
481555,7422,42.5034,12.9159,-64.70,1014592393780,1014688258092,255006150943,255101997056,33.8,36.1,35.3,37.6
481608,7423,42.4987,12.9119,-63.91,1017979064372,1018074928509,258392796620,258488642560,33.8,36.1,35.3,37.6
481661,7424,42.4691,12.8865,-65.04,1021365735476,1021461599943,261779442801,261875289088,33.8,36.1,35.3,37.6
481714,7425,42.4785,12.8945,-65.02,1024752406580,1024848270874,265166088994,265261935104,33.8,36.1,35.3,37.6
481767,7426,42.5020,12.9147,-65.58,1028139077172,1028234941289,268552734686,268648580608,33.8,36.1,35.3,37.6
481820,7427,42.5174,12.9280,-64.10,1031525748276,1031621612740,271939380877,272035227136,33.8,36.1,35.3,37.6
481873,7428,42.4785,12.8945,-65.68,1034912419380,1035008283651,275326027066,275421873152,33.8,36.1,35.3,37.6
481926,7429,42.4752,12.8917,-63.09,1038299089972,1038394954069,278712672746,278808518656,33.8,36.1,35.3,37.6
481979,7430,42.4799,12.8957,-63.65,1041685761076,1041781625517,282099318932,282195165184,33.8,36.1,35.3,37.6
482032,7431,42.4893,12.9038,-64.55,1045072432180,1045168296445,285485965128,285581811200,33.8,36.1,35.3,37.6
482085,7432,42.4705,12.8877,-63.85,1048459102772,1048554966854,288872610807,288968456704,33.8,36.1,35.3,37.6
482138,7433,42.4691,12.8865,-65.30,1051845773876,1051941638285,292259257004,292355103232,33.8,36.1,35.3,37.6
482191,7434,42.4926,12.9067,-65.50,1055232444468,1055328308710,295645902684,295741748736,33.8,36.1,35.3,37.6
482244,7435,42.4846,12.8998,-64.96,1058619115572,1058714980148,299032548878,299128395264,33.8,36.1,35.3,37.6
482297,7436,42.4799,12.8957,-64.53,1062005786164,1062101650566,302419194555,302515040768,33.8,36.1,35.3,37.6
482350,7437,42.4705,12.8877,-64.10,1065392457268,1065488321487,305805840750,305901686784,33.8,36.1,35.3,37.6
482403,7438,42.4705,12.8877,-63.42,1068779127860,1068874992409,309192486436,309288332800,33.8,36.1,35.3,37.6
482456,7439,42.5081,12.9200,-63.98,1072165798964,1072261663356,312579132624,312674978816,32.8,36.1,34.3,37.6
482509,7440,42.4752,12.8917,-64.12,1075552469556,1075648333758,315965778305,316061624320,33.8,36.1,35.3,37.6
482562,7441,42.4799,12.8957,-63.21,1078939140660,1079035005195,319352424501,319448270848,33.8,36.1,35.3,37.6
482615,7442,42.4658,12.8836,-64.81,1082325811252,1082421675613,322739070174,322834916352,32.8,36.1,34.3,37.6
482668,7443,42.4973,12.9107,-65.64,1085712481844,1085808346024,326125715869,326221561856,33.8,36.1,35.3,37.6
482721,7444,42.4987,12.9119,-64.35,1089099152948,1089195017474,329512362054,329608208384,33.8,36.1,35.3,37.6
482774,7445,42.4752,12.8917,-65.00,1092485823540,1092581687875,332899007739,332994853888,33.8,36.1,35.3,37.6
482827,7446,42.4832,12.8986,-65.32,1095872494132,1095968358286,336285653424,336381499392,33.8,36.1,35.3,37.6
482880,7447,42.4691,12.8865,-65.78,1099259165236,1099355029730,339672299607,339768145920,33.8,36.1,35.3,37.6
482933,7448,42.4940,12.9078,-64.08,3134208052,3230072385,343058945286,343154791424,33.8,36.1,35.3,37.6
482986,7449,42.4752,12.8917,-64.03,6520878644,6616742784,346445590975,346541436928,33.8,36.1,35.3,37.6
483039,7450,42.4408,12.8620,-62.99,9907549748,10003414211,349832237169,349928083456,33.8,36.1,35.3,37.6
483092,7451,42.4940,12.9078,-64.64,13294220340,13390084641,353218882854,353314728960,33.8,36.1,35.3,37.6
483145,7452,42.4893,12.9038,-63.68,16680890932,16776755044,356605528545,356701374464,33.8,36.1,35.3,37.6
483198,7453,42.4987,12.9119,-63.87,20067561524,20163425972,359992174229,360088020480,33.8,36.1,35.3,37.6
483251,7454,42.4987,12.9119,-64.07,23454232628,23550096900,363378820420,363474666496,33.8,36.1,35.3,37.6
483304,7455,42.4785,12.8945,-65.83,26840903220,26936767803,366765466114,366861312512,33.8,36.1,35.3,37.6
483357,7456,42.4611,12.8796,-63.48,30227573812,30323438213,370152111796,370247958016,33.8,36.1,35.3,37.6
483410,7457,42.4408,12.8620,-62.71,33614244404,33710108613,373538757488,373634603520,33.8,36.1,35.3,37.6
483463,7458,42.4799,12.8957,-64.77,37000914996,37096779536,376925403184,377021249536,33.8,36.1,35.3,37.6
483516,7459,42.4846,12.8998,-63.70,40387585588,40483449950,380312048869,380407895040,33.8,36.1,35.3,37.6
483569,7460,42.4893,12.9038,-63.78,43774256180,43870120351,383698694565,383794540544,33.8,36.1,35.3,37.6
483622,7461,42.4846,12.8998,-64.10,47160927284,47256791783,387085340763,387181187072,33.8,36.1,35.3,37.6
483675,7462,42.5127,12.9240,-64.32,50547597876,50643462196,390471986459,390567832576,33.8,36.1,35.3,37.6
483728,7463,42.4846,12.8998,-63.84,53934268468,54030132592,393858632147,393954478080,33.8,36.1,35.3,37.6
483781,7464,42.5174,12.9280,-64.01,57320939060,57416803516,397245277844,397341124096,33.8,36.1,35.3,37.6
483834,7465,42.5020,12.9147,-65.36,60707609652,60803473909,400631923537,400727769600,33.8,36.1,35.3,37.6
483887,7466,42.4940,12.9078,-64.66,64094280244,64190144825,404018569230,404114415616,33.8,36.1,35.3,37.6
483940,7467,42.5081,12.9200,-64.15,67480950836,67576815229,407405214928,407501061120,33.8,36.1,35.3,37.6
483993,7468,42.5034,12.9159,-64.01,70867621428,70963485623,410791860628,410887706624,33.8,36.1,35.3,37.6
484046,7469,42.4846,12.8998,-63.91,74254292020,74350156522,414178506329,414274352640,33.8,36.1,35.3,37.6
484099,7470,42.4940,12.9078,-63.99,77640962612,77736826930,417565152021,417660998144,32.8,36.1,34.3,37.6
484152,7471,42.4611,12.8796,-63.51,81027633204,81123497305,420951797727,421047643648,33.8,36.1,35.3,37.6
484205,7472,42.4658,12.8836,-63.29,84414303796,84510168216,424338443426,424434289664,33.8,36.1,35.3,37.6
484258,7473,42.4705,12.8877,-64.81,87800973876,87896838095,427725088622,427820934656,33.8,36.1,35.3,37.6
484311,7474,42.4564,12.8755,-63.34,91187644468,91283508993,431111734326,431207580672,33.8,36.1,35.3,37.6
484364,7475,42.4799,12.8957,-63.78,94574315060,94670179404,434498380020,434594226176,33.8,36.1,35.3,37.6
484417,7476,42.4658,12.8836,-64.61,97960985652,98056849790,437885025724,437980871680,33.8,36.1,35.3,37.6
484470,7477,42.4973,12.9107,-65.06,101347656244,101443520711,441271671422,441367517696,33.8,36.1,35.3,37.6
484523,7478,42.5221,12.9321,-64.14,104734326836,104830191107,444658317135,444754163200,33.8,36.1,35.3,37.6
484576,7479,42.4973,12.9107,-65.13,108120997428,108216862005,448044962832,448140809216,33.8,36.1,35.3,37.6
484629,7480,42.4832,12.8986,-65.45,111507932212,111603796592,451431872719,451527718912,33.8,36.1,35.3,37.6
484682,7481,42.4705,12.8877,-63.62,114894487604,114990351778,454818403226,454914249216,33.8,36.1,35.3,37.6
484735,7482,42.4752,12.8917,-63.54,118281008692,118376873183,458204899423,458300745728,33.8,36.1,35.3,37.6
484788,7483,42.4752,12.8917,-63.54,121667679284,121763543577,461591545126,461687391232,33.8,36.1,35.3,37.6
484841,7484,42.4893,12.9038,-63.48,125054349364,125150213452,464978190328,465074036224,33.8,36.1,35.3,37.6
484894,7485,42.4471,12.8675,-64.92,128441019956,128536884362,468364836009,468460682240,33.8,36.1,35.3,37.6
484947,7486,42.4799,12.8957,-63.41,131827690548,131923554767,471751481714,471847327744,33.8,36.1,35.3,37.6
485000,7487,42.4611,12.8796,-63.04,135214361140,135310225668,475138127413,475233973760,33.8,36.1,35.3,37.6
485053,7488,42.4752,12.8917,-63.27,138601031220,138696895565,478524772594,478620618752,33.8,36.1,35.3,37.6
485106,7489,42.4705,12.8877,-63.77,141987701812,142083565958,481911418294,482007264256,32.8,36.1,34.3,37.6
485159,7490,42.4752,12.8917,-65.00,145374372404,145470236871,485298063992,485393910272,33.8,36.1,35.3,37.6
485212,7491,42.4752,12.8917,-64.41,148761042484,148856906758,488684709176,488780555264,33.8,36.1,35.3,37.6
485265,7492,42.4799,12.8957,-64.23,152147713076,152243577155,492071354877,492167200768,33.8,36.1,35.3,37.6
485318,7493,42.4846,12.8998,-63.77,155534383156,155630247561,495458000057,495553846272,33.8,36.1,35.3,37.6
485371,7494,42.4940,12.9078,-64.55,158921053748,159016917963,498844645755,498940491776,33.8,36.1,35.3,37.6
485424,7495,42.4548,12.8742,-62.81,162307724340,162403588863,502231291451,502327137792,33.8,36.1,35.3,37.6
485477,7496,42.4658,12.8836,-64.94,165694394420,165790258762,505617936624,505713782784,32.8,36.1,34.3,37.6
485530,7497,42.4564,12.8755,-63.63,169081065012,169176929159,509004582319,509100428288,33.8,36.1,35.3,37.6
485583,7498,42.4799,12.8957,-63.82,172467735092,172563599578,512391227495,512487073792,33.8,36.1,35.3,37.6
485636,7499,42.4926,12.9067,-65.44,175854405684,175950269990,515777873180,515873719296,33.8,36.1,35.3,37.6
485689,7500,42.4846,12.8998,-63.73,179241075764,179336939886,519164518356,519260364288,33.8,36.1,35.3,37.6
485742,7501,42.5034,12.9159,-64.07,182627746356,182723610815,522551164043,522647010304,33.8,36.1,35.3,37.6
485795,7502,42.4987,12.9119,-64.19,186014416436,186110280713,525937809216,526033655296,33.8,36.1,35.3,37.6
485848,7503,42.4518,12.8715,-63.65,189401087028,189496951103,529324454902,529420300800,33.8,36.1,35.3,37.6
485901,7504,42.4752,12.8917,-64.61,192787757108,192883621525,532711100074,532806946304,33.8,36.1,35.3,37.6
485954,7505,42.4926,12.9067,-65.28,196174427700,196270291937,536097745762,536193591808,33.8,36.1,35.3,37.6
486007,7506,42.5174,12.9280,-63.99,199561097780,199656962361,539484390935,539580237312,33.8,36.1,35.3,37.6
486060,7507,42.5207,12.9309,-65.09,202947768372,203043632773,542871036618,542966882816,33.8,36.1,35.3,37.6
486113,7508,42.4799,12.8957,-63.53,206334438452,206430302670,546257681779,546353527808,33.8,36.1,35.3,37.6
486166,7509,42.4738,12.8905,-65.09,209721109044,209816973584,549644327466,549740173824,33.8,36.1,35.3,37.6
486219,7510,42.5174,12.9280,-64.55,213107779124,213203643512,553030972633,553126818816,33.8,36.1,35.3,37.6
486272,7511,42.4973,12.9107,-65.90,216494449716,216590313921,556417618308,556513464320,33.8,36.1,35.3,37.6
486325,7512,42.4658,12.8836,-63.48,219881119796,219976984323,559804263480,559900109824,33.8,36.1,35.3,37.6
486378,7513,42.4644,12.8824,-65.21,223267789876,223363654234,563190908637,563286754816,33.8,36.1,35.3,37.6
486431,7514,42.4893,12.9038,-64.12,226654460468,226750324657,566577554324,566673400320,33.8,36.1,35.3,37.6
486484,7515,42.4846,12.8998,-63.78,230041130548,230136995076,569964199487,570060045824,33.8,36.1,35.3,37.6
486537,7516,42.4846,12.8998,-63.75,233427800628,233523664981,573350844654,573446690816,33.8,36.1,35.3,37.6
486590,7517,42.5174,12.9280,-64.39,236814471220,236910335416,576737490328,576833336320,33.8,36.1,35.3,37.6
486643,7518,42.4893,12.9038,-63.92,240201141300,240297005831,580124135486,580219981824,33.8,36.1,35.3,37.6
486696,7519,42.4893,12.9038,-63.26,243587811380,243683675736,583510780653,583606626816,33.8,36.1,35.3,37.6
486749,7520,42.5127,12.9240,-64.14,246974481972,247070346171,586897426323,586993272320,33.8,36.1,35.3,37.6
486802,7521,42.4987,12.9119,-63.77,250361152052,250457016592,590284071480,590379917824,33.8,36.1,35.3,37.6
486855,7522,42.5221,12.9321,-64.05,253747822132,253843686513,593670716641,593766562816,33.8,36.1,35.3,37.6
486908,7523,42.5034,12.9159,-64.28,257134492212,257230356423,597057361795,597153207808,33.8,36.1,35.3,37.6
486961,7524,42.4893,12.9038,-63.73,260521162804,260617027354,600444007466,600539853824,33.8,36.1,35.3,37.6
487014,7525,42.4879,12.9026,-65.09,263907832884,264003697285,603830652603,603926498816,32.8,36.1,34.3,37.6
487067,7526,42.4893,12.9038,-63.80,267294502964,267390367195,607217297769,607313143808,33.8,36.1,35.3,37.6
487120,7527,42.5034,12.9159,-64.53,270681173044,270777037637,610603942918,610699789312,33.8,36.1,35.3,37.6
487173,7528,42.4752,12.8917,-63.87,274067843124,274163707553,613990588062,614086434304,33.8,36.1,35.3,37.6
487226,7529,42.4893,12.9038,-63.91,277454513716,277550377992,617377233724,617473079808,33.8,36.1,35.3,37.6
487279,7530,42.5348,12.9430,-65.28,280841183796,280937047929,620763878875,620859724800,33.8,36.1,35.3,37.6
487332,7531,42.4705,12.8877,-63.53,284227853876,284323718352,624150524013,624246370304,33.8,36.1,35.3,37.6
487385,7532,42.4893,12.9038,-64.41,287614523956,287710388291,627537169153,627633015296,33.8,36.1,35.3,37.6
487438,7533,42.5127,12.9240,-64.32,291001194036,291097058229,630923814297,631019660288,33.8,36.1,35.3,37.6
487491,7534,42.4893,12.9038,-63.84,294387864628,294483729172,634310459953,634406306304,33.8,36.1,35.3,37.6
487544,7535,42.4799,12.8957,-64.15,297774534708,297870399119,637697105073,637792951296,33.8,36.1,35.3,37.6
487597,7536,42.4893,12.9038,-64.32,301161204788,301257069061,641083750208,641179596288,33.8,36.1,35.3,37.6
487650,7537,42.5081,12.9200,-64.42,304547874868,304643739007,644470395342,644566241280,32.8,36.1,34.3,37.6
487703,7538,42.4799,12.8957,-64.15,307934544948,308030409458,647857040463,647952886784,33.8,36.1,35.3,37.6
487756,7539,42.5127,12.9240,-64.15,311321215028,311417079411,651243685595,651339531776,33.8,36.1,35.3,37.6
487809,7540,42.5254,12.9349,-65.98,314707885108,314803749357,654630330723,654726176768,33.8,36.1,35.3,37.6
487862,7541,42.5081,12.9200,-64.15,318094555188,318190419302,658016975846,658112821760,33.8,36.1,35.3,37.6
487915,7542,42.4893,12.9038,-63.77,321481225268,321577089768,661403620957,661499467264,33.8,36.1,35.3,37.6
487968,7543,42.5081,12.9200,-64.24,324867895348,324963759740,664790266065,664886112256,33.8,36.1,35.3,37.6
488021,7544,42.5207,12.9309,-66.04,328254565940,328350430208,668176911694,668272757760,33.8,36.1,35.3,37.6
488074,7545,42.4987,12.9119,-64.26,331641236020,331737100162,671563556806,671659402752,33.8,36.1,35.3,37.6
488127,7546,42.4940,12.9078,-63.49,335027906100,335123770631,674950201919,675046048256,33.8,36.1,35.3,37.6
488180,7547,42.4893,12.9038,-63.22,338414576180,338510440598,678336847023,678432693248,33.8,36.1,35.3,37.6
488233,7548,42.4987,12.9119,-63.82,341801246260,341897110579,681723492118,681819338240,33.8,36.1,35.3,37.6
488286,7549,42.5174,12.9280,-64.28,345187916340,345283780548,685110137229,685205983232,33.8,36.1,35.3,37.6
488339,7550,42.4611,12.8796,-64.85,348574586420,348670450505,688496782320,688592628224,33.8,36.1,35.3,37.6
488392,7551,42.4705,12.8877,-64.07,351961256500,352057121002,691883427411,691979273728,33.8,36.1,35.3,37.6
488445,7552,42.4799,12.8957,-63.21,355347926580,355443790985,695270072503,695365918720,33.8,36.1,35.3,37.6
488498,7553,42.5127,12.9240,-64.19,358734596660,358830460988,698656717587,698752563712,33.8,36.1,35.3,37.6
488551,7554,42.4752,12.8917,-63.87,362121266740,362217130952,702043362678,702139208704,33.8,36.1,35.3,37.6
488604,7555,42.5034,12.9159,-64.07,365507936820,365603800958,705430007756,705525853696,33.8,36.1,35.3,37.6
488657,7556,42.4940,12.9078,-63.27,368894606900,368990471453,708816652841,708912499200,33.8,36.1,35.3,37.6
488710,7557,42.4611,12.8796,-64.83,372281276980,372377141444,712203297909,712299144192,33.8,36.1,35.3,37.6
488763,7558,42.4987,12.9119,-64.63,375667947060,375763811462,715589942978,715685789184,33.8,36.1,35.3,37.6
488816,7559,42.5254,12.9349,-65.09,379054617140,379150481473,718976588047,719072434176,33.8,36.1,35.3,37.6
488869,7560,42.5161,12.9268,-65.06,382441286708,382537150960,722363232605,722459078656,32.8,36.1,34.3,37.6
488922,7561,42.4832,12.8986,-65.44,385827956788,385923820963,725749877659,725845723648,33.8,36.1,35.3,37.6
488975,7562,42.5034,12.9159,-63.44,389214626868,389310490982,729136522724,729232368640,33.8,36.1,35.3,37.6
489028,7563,42.5034,12.9159,-63.70,392601296948,392697161508,732523167783,732619014144,32.8,36.1,34.3,37.6
489081,7564,42.4987,12.9119,-63.92,395987967028,396083831542,735909812819,736005659136,33.8,36.1,35.3,37.6
489134,7565,42.5221,12.9321,-64.28,399374637108,399470501570,739296457872,739392304128,33.8,36.1,35.3,37.6
489187,7566,42.4940,12.9078,-63.77,402761307188,402857171592,742683102910,742778949120,33.8,36.1,35.3,37.6
489240,7567,42.5034,12.9159,-63.31,406147977268,406243841626,746069747952,746165594112,33.8,36.1,35.3,37.6
489293,7568,42.5268,12.9361,-63.96,409534647348,409630511680,749456392981,749552239104,33.8,36.1,35.3,37.6
489346,7569,42.4940,12.9078,-63.16,412921317428,413017181713,752843038005,752938884096,32.8,36.1,34.3,37.6
489399,7570,42.5081,12.9200,-65.00,416307987508,416403851763,756229683033,756325529088,33.8,36.1,35.3,37.6
489452,7571,42.5081,12.9200,-63.89,419694657588,419790521812,759616328057,759712174080,32.8,36.1,34.3,37.6
489505,7572,42.5114,12.9228,-65.86,423081327156,423177191349,763002972566,763098818560,33.8,36.1,35.3,37.6
489558,7573,42.5067,12.9188,-65.34,426467997236,426563861408,766389617576,766485463552,32.8,36.1,34.3,37.6
489611,7574,42.5067,12.9188,-65.02,429854667316,429950531469,769776262587,769872108544,33.8,36.1,35.3,37.6
489664,7575,42.4893,12.9038,-64.74,433241337396,433337201541,773162907583,773258753536,33.8,36.1,35.3,37.6
489717,7576,42.5081,12.9200,-64.35,436628007476,436723871625,776549552580,776645398528,33.8,36.1,35.3,37.6
489770,7577,42.5081,12.9200,-64.01,440014677556,440110541698,779936197579,780032043520,33.8,36.1,35.3,37.6
489823,7578,42.4893,12.9038,-64.28,443401347636,443497211781,783322842560,783418688512,33.8,36.1,35.3,37.6
489876,7579,42.4973,12.9107,-65.80,446788017716,446883881865,786709487548,786805333504,33.8,36.1,35.3,37.6
489929,7580,42.4940,12.9078,-63.73,450174687284,450270551447,790096132015,790191977984,33.8,36.1,35.3,37.6
489982,7581,42.5315,12.9401,-64.57,453561357364,453657221560,793482776990,793578622976,32.8,36.1,34.3,37.6
490035,7582,42.4987,12.9119,-64.08,456948027444,457043891651,796869421958,796965267968,32.8,36.1,34.3,37.6
490088,7583,42.4940,12.9078,-63.96,460334697524,460430561758,800256066920,800351912960,33.8,36.1,35.3,37.6
490141,7584,42.5207,12.9309,-65.66,463721367604,463817231881,803642711878,803738557952,32.8,36.1,34.3,37.6
490194,7585,42.5348,12.9430,-66.45,467108037684,467203901999,807029356838,807125202944,33.8,36.1,35.3,37.6
490247,7586,42.5020,12.9147,-65.15,470494707252,470590571596,810416001275,810511847424,33.8,36.1,35.3,37.6
490300,7587,42.5207,12.9309,-65.32,473881377332,473977241732,813802646219,813898492416,33.8,36.1,35.3,37.6
490353,7588,42.5067,12.9188,-65.40,477268047412,477363911858,817189291158,817285137408,33.8,36.1,35.3,37.6
490406,7589,42.5034,12.9159,-64.57,480654717492,480750581988,820575936102,820671782400,33.8,36.1,35.3,37.6
490459,7590,42.5081,12.9200,-64.64,484041387572,484137252131,823962581033,824058427392,33.8,36.1,35.3,37.6
490512,7591,42.5020,12.9147,-65.02,487428057652,487523921760,827349225959,827445071872,33.8,36.1,35.3,37.6
490565,7592,42.5254,12.9349,-66.62,490814727220,490910591408,830735870368,830831716352,32.8,36.1,34.3,37.6
490618,7593,42.5174,12.9280,-65.00,494201397300,494297261576,834122515272,834218361344,33.8,36.1,35.3,37.6
490671,7594,42.5081,12.9200,-63.70,497588067380,497683931728,837509160189,837605006336,32.8,36.1,34.3,37.6
490724,7595,42.5067,12.9188,-66.02,500974737460,501070601898,840895805087,840991651328,33.8,36.1,35.3,37.6
490777,7596,42.4799,12.8957,-64.15,504361407540,504457272062,844282449987,844378296320,33.8,36.1,35.3,37.6
490830,7597,42.5268,12.9361,-64.21,507748077108,507843941224,847669094381,847764940288,33.8,36.1,35.3,37.6
490883,7598,42.4879,12.9026,-65.88,511134747188,511230611399,851055739258,851151585280,33.8,36.1,35.3,37.6
490936,7599,42.5034,12.9159,-64.81,514521417268,514617281595,854442384143,854538230272,33.8,36.1,35.3,37.6
490989,7600,42.5081,12.9200,-64.66,517908087348,518003951792,857829029020,857924875264,33.8,36.1,35.3,37.6
491042,7601,42.4893,12.9038,-63.87,521294757428,521390621973,861215673903,861311520256,33.8,36.1,35.3,37.6
491095,7602,42.4846,12.8998,-63.99,524681426996,524777291150,864602318260,864698164224,33.8,36.1,35.3,37.6
491148,7603,42.5207,12.9309,-66.22,528068097076,528163961372,867988963122,868084809216,33.8,36.1,35.3,37.6
491201,7604,42.5034,12.9159,-64.21,531454767156,531550631585,871375607977,871471454208,33.8,36.1,35.3,37.6
491254,7605,42.4846,12.8998,-64.55,534841437236,534937301799,874762252828,874858099200,33.8,36.1,35.3,37.6
491307,7606,42.5301,12.9390,-65.13,538228107316,538323971522,878148897680,878244743680,33.8,36.1,35.3,37.6
491360,7607,42.5174,12.9280,-64.01,541614776884,541710641238,881535542010,881631388160,33.8,36.1,35.3,37.6
491413,7608,42.4987,12.9119,-64.32,545001446964,545097311465,884922186847,885018033152,33.8,36.1,35.3,37.6
491466,7609,42.4987,12.9119,-63.85,548388117044,548483981191,888308831681,888404677632,33.8,36.1,35.3,37.6
491519,7610,42.5503,12.9563,-64.85,551774787124,551870651455,891695476512,891791322624,33.8,36.1,35.3,37.6
491572,7611,42.4658,12.8836,-63.66,555161456692,555257321166,895082120813,895177967104,33.8,36.1,35.3,37.6
491625,7612,42.5161,12.9268,-65.27,558548126772,558643990920,898468765637,898564611584,33.8,36.1,35.3,37.6
491678,7613,42.5268,12.9361,-64.74,561934796852,562030661193,901855410444,901951256576,33.8,36.1,35.3,37.6
491731,7614,42.5221,12.9321,-64.74,565321466932,565417331456,905242055250,905337901568,33.8,36.1,35.3,37.6
491784,7615,42.5395,12.9470,-65.02,568708137012,568804001217,908628700054,908724546048,32.8,36.1,34.3,37.6
491837,7616,42.5081,12.9200,-64.64,572094806580,572190670978,912015344330,912111190528,33.8,36.1,35.3,37.6
491890,7617,42.5067,12.9188,-65.68,575481476660,575577341254,915401989122,915497835520,33.8,36.1,35.3,37.6
491943,7618,42.5221,12.9321,-64.44,578868146740,578964011038,918788633908,918884480000,33.8,36.1,35.3,37.6
491996,7619,42.5114,12.9228,-66.16,582254816820,582350681329,922175278682,922271124992,33.8,36.1,35.3,37.6
492049,7620,42.4987,12.9119,-63.63,585641486388,585737350601,925561922944,925657768960,33.8,36.1,35.3,37.6
492102,7621,42.5301,12.9390,-65.98,589028156468,589124020919,928948567708,929044413952,33.8,36.1,35.3,37.6
492155,7622,42.5020,12.9147,-65.54,592414826548,592510690701,932335212473,932431058432,33.8,36.1,35.3,37.6
492208,7623,42.5034,12.9159,-64.94,595801496628,595897361032,935721857218,935817703424,33.8,36.1,35.3,37.6
492261,7624,42.5315,12.9401,-64.92,599188166196,599284030335,939108501463,939204347392,33.8,36.1,35.3,37.6
492314,7625,42.5301,12.9390,-65.15,602574836276,602670700665,942495146202,942590992384,33.8,36.1,35.3,37.6
492367,7626,42.5536,12.9591,-65.27,605961506356,606057370485,945881790952,945977636864,32.8,36.1,34.3,37.6
492420,7627,42.5315,12.9401,-64.59,609348176436,609444040821,949268435682,949364281856,33.8,36.1,35.3,37.6
492473,7628,42.5395,12.9470,-66.37,612734846004,612830710141,952655079897,952750925824,33.8,36.1,35.3,37.6
492526,7629,42.5067,12.9188,-65.80,616121516084,616217380484,956041724613,956137570816,33.8,36.1,35.3,37.6
492579,7630,42.5254,12.9349,-65.19,619508186164,619604050330,959428369334,959524215296,33.8,36.1,35.3,37.6
492632,7631,42.5268,12.9361,-64.76,622894856244,622990720703,962815014037,962910860288,33.8,36.1,35.3,37.6
492685,7632,42.5315,12.9401,-64.17,626281525812,626377390039,966201658240,966297504256,33.8,36.1,35.3,37.6
492738,7633,42.5207,12.9309,-66.10,629668195892,629764060410,969588302933,969684149248,33.8,36.1,35.3,37.6
492791,7634,42.5315,12.9401,-64.39,633054865972,633150730287,972974947623,973070793728,33.8,36.1,35.3,37.6
492844,7635,42.4799,12.8957,-63.82,636441536052,636537400131,976361592318,976457438208,33.8,36.1,35.3,37.6
492897,7636,42.4940,12.9078,-64.81,639828205620,639924070031,979748236472,979844082688,33.8,36.1,35.3,37.6
492950,7637,42.5114,12.9228,-66.37,643214875700,643310739909,983134881158,983230727168,33.8,36.1,35.3,37.6
493003,7638,42.5081,12.9200,-64.32,646601545780,646697410313,986521525828,986617372160,33.8,36.1,35.3,37.6
493056,7639,42.4987,12.9119,-64.33,649988215860,650084080207,989908170490,990004016640,32.8,36.1,34.3,37.6
493109,7640,42.5161,12.9268,-65.90,653374885428,653470749591,993294814646,993390660608,32.8,36.1,34.3,37.6
493162,7641,42.5127,12.9240,-64.92,656761555508,656857420019,996681459291,996777305600,33.8,36.1,35.3,37.6
493215,7642,42.5114,12.9228,-65.21,660148225588,660244089928,1000068103939,1000163950080,33.8,36.1,35.3,37.6
493268,7643,42.5221,12.9321,-64.68,663534895156,663630759338,1003454748072,1003550594048,33.8,36.1,35.3,37.6
493321,7644,42.5081,12.9200,-63.70,666921565236,667017429768,1006841392708,1006937239040,33.8,36.1,35.3,37.6
493374,7645,42.5395,12.9470,-65.34,670308235316,670404099714,1010228037333,1010323883520,32.8,36.1,34.3,37.6
493427,7646,42.5409,12.9482,-64.79,673694905396,673790769649,1013614681962,1013710528000,33.8,36.1,35.3,37.6
493480,7647,42.5174,12.9280,-65.00,677081574964,677177439069,1017001326067,1017097171968,32.8,36.1,34.3,37.6
493533,7648,42.5034,12.9159,-64.12,680468245044,680564109526,1020387970677,1020483816960,33.8,36.1,35.3,37.6
493586,7649,42.5127,12.9240,-64.90,683854915124,683950779486,1023774615281,1023870461440,33.8,36.1,35.3,37.6
493639,7650,42.5503,12.9563,-64.79,687241585204,687337449463,1027161259880,1027257105920,33.8,36.1,35.3,37.6
493692,7651,42.5409,12.9482,-64.57,690628254772,690724118912,1030547903963,1030643749888,33.8,36.1,35.3,37.6
493745,7652,42.5127,12.9240,-64.83,694014924852,694110789386,1033934548549,1034030394880,33.8,36.1,35.3,37.6
493798,7653,42.5536,12.9591,-66.08,697401594932,697497459373,1037321193136,1037417039360,33.8,36.1,35.3,37.6
493851,7654,42.5315,12.9401,-64.23,700788265012,700884129355,1040707837708,1040803683840,33.8,36.1,35.3,37.6
493904,7655,42.5550,12.9603,-64.83,704174934580,704270798846,1044094481763,1044190327808,33.8,36.1,35.3,37.6
493957,7656,42.5081,12.9200,-64.35,707561604660,707657468827,1047481126321,1047576972288,32.8,36.1,34.3,37.6
494010,7657,42.5409,12.9482,-64.39,710948274740,711044139350,1050867770884,1050963617280,33.8,36.1,35.3,37.6
494063,7658,42.5114,12.9228,-65.86,714334944820,714430809350,1054254415429,1054350261760,33.8,36.1,35.3,37.6
494116,7659,42.5268,12.9361,-64.94,717721614388,717817478860,1057641059464,1057736905728,33.8,36.1,35.3,37.6
494169,7660,42.5034,12.9159,-63.89,721108284468,721204148876,1061027703998,1061123550208,33.8,36.1,35.3,37.6
494222,7661,42.5362,12.9442,-64.12,724494954548,724590818914,1064414348535,1064510194688,33.8,36.1,35.3,37.6
494275,7662,42.5348,12.9430,-66.34,727881624116,727977488435,1067800992545,1067896838656,33.8,36.1,35.3,37.6
494328,7663,42.5442,12.9511,-65.09,731268294196,731364158473,1071187637071,1071283483136,33.8,36.1,35.3,37.6
494381,7664,42.5442,12.9511,-65.56,734654964276,734750828522,1074574281582,1074670127616,33.8,36.1,35.3,37.6
494434,7665,42.5301,12.9390,-65.94,738041634356,738137498566,1077960926093,1078056772096,33.8,36.1,35.3,37.6
494487,7666,42.5456,12.9523,-64.98,741428303924,741524168124,1081347570081,1081443416064,33.8,36.1,35.3,37.6
494540,7667,42.5268,12.9361,-64.37,744814974004,744910838180,1084734214576,1084830060544,33.8,36.1,35.3,37.6
494593,7668,42.5442,12.9511,-65.44,748201644084,748297508251,1088120859070,1088216705024,32.8,36.1,34.3,37.6
494646,7669,42.5395,12.9470,-65.44,751588314164,751684178331,1091507503548,1091603349504,33.8,36.1,35.3,37.6
494699,7670,42.5221,12.9321,-64.32,754974983732,755070847898,1094894147512,1094989993472,33.8,36.1,35.3,37.6
494752,7671,42.5442,12.9511,-65.07,758361653812,758457517990,1098280791986,1098376637952,32.8,36.1,34.3,37.6
494805,7672,42.5550,12.9603,-64.68,761748323892,761844188096,2155808673,2251654656,32.8,36.1,34.3,37.6
494858,7673,42.5550,12.9603,-64.24,765134993972,765230858201,5542453127,5638299136,33.8,36.1,35.3,37.6
494911,7674,42.5784,12.9805,-64.79,768521663540,768617527807,8929097067,9024943104,33.8,36.1,35.3,37.6
494964,7675,42.5081,12.9200,-63.80,771908333620,772004197902,12315741503,12411587584,32.8,36.1,34.3,37.6
495017,7676,42.5911,12.9914,-65.76,775295003700,775390868047,15702385950,15798232064,33.8,36.1,35.3,37.6
495070,7677,42.5456,12.9523,-64.79,778681673780,778777538160,19089030381,19184876544,33.8,36.1,35.3,37.6
495123,7678,42.5489,12.9551,-65.02,782068343348,782164207779,22475674296,22571520512,33.8,36.1,35.3,37.6
495176,7679,42.5315,12.9401,-64.10,785455013428,785550877911,25862318719,25958164992,33.8,36.1,35.3,37.6
495229,7680,42.5315,12.9401,-64.30,788841683508,788937548055,29248963135,29344809472,32.8,36.1,34.3,37.6
495282,7681,42.5395,12.9470,-65.21,792228353588,792324217699,32635607540,32731453440,32.8,36.1,34.3,37.6
495335,7682,42.5770,12.9793,-65.04,795615023668,795710887868,36022251946,36118097920,33.8,36.1,35.3,37.6
495388,7683,42.5409,12.9482,-64.81,799001693236,799097557516,39408895822,39504741888,33.8,36.1,35.3,37.6
495441,7684,42.5831,12.9846,-64.48,802388363316,802484227696,42795540220,42891386368,33.8,36.1,35.3,37.6
495494,7685,42.5409,12.9482,-64.19,805775033396,805870897866,46182184593,46278030848,33.8,36.1,35.3,37.6
495547,7686,42.5456,12.9523,-64.50,809161703476,809257568048,49568828973,49664675328,33.8,36.1,35.3,37.6
495600,7687,42.5362,12.9442,-64.24,812548373044,812644237208,52955472833,53051318784,33.8,36.1,35.3,37.6
495653,7688,42.5409,12.9482,-64.63,815935043124,816030907411,56342117191,56437963264,33.8,36.1,35.3,37.6
495706,7689,42.5442,12.9511,-66.06,819321713204,819417577607,59728761553,59824607744,33.8,36.1,35.3,37.6
495759,7690,42.5395,12.9470,-66.22,822708383284,822804247809,63115405909,63211252224,33.8,36.1,35.3,37.6
495812,7691,42.5456,12.9523,-64.23,826095052852,826190917006,66502049743,66597895680,33.8,36.1,35.3,37.6
495865,7692,42.5409,12.9482,-64.24,829481722932,829577587228,69888694078,69984540160,33.8,36.1,35.3,37.6
495918,7693,42.5550,12.9603,-64.66,832868393012,832964257457,73275338416,73371184640,33.8,36.1,35.3,37.6
495971,7694,42.5456,12.9523,-64.48,836255063092,836350927683,76661982746,76757829120,33.8,36.1,35.3,37.6
496024,7695,42.5690,12.9724,-64.55,839641733172,839737597424,80048627062,80144473088,33.8,36.1,35.3,37.6
496077,7696,42.5409,12.9482,-64.35,843028402740,843124267151,83435270859,83531117056,33.8,36.1,35.3,37.6
496130,7697,42.5690,12.9724,-64.68,846415072820,846510937406,86821915177,86917761536,33.8,36.1,35.3,37.6
496183,7698,42.5911,12.9914,-65.34,849801742900,849897607160,90208559477,90304405504,33.8,36.1,35.3,37.6
496236,7699,42.5456,12.9523,-64.83,853188412980,853284277418,93595203763,93691049984,33.8,36.1,35.3,37.6
496289,7700,42.5315,12.9401,-63.92,856575082548,856670946657,96981847542,97077693440,33.8,36.1,35.3,37.6
496342,7701,42.5630,12.9672,-65.92,859961752628,860057616946,100368491823,100464337920,33.8,36.1,35.3,37.6
496395,7702,42.5536,12.9591,-66.20,863348422708,863444287221,103755136104,103850982400,33.8,36.1,35.3,37.6
496448,7703,42.5409,12.9482,-64.03,866735092788,866830957000,107141780370,107237626368,32.8,36.1,34.3,37.6
496501,7704,42.5362,12.9442,-63.78,870121762868,870217627297,110528424631,110624270848,33.8,36.1,35.3,37.6
496554,7705,42.5362,12.9442,-64.26,873508432436,873604296576,113915068376,114010914304,32.8,36.1,34.3,37.6
496607,7706,42.5690,12.9724,-64.08,876895102516,876990966895,117301712632,117397558784,33.8,36.1,35.3,37.6
496660,7707,42.5268,12.9361,-63.59,880281772596,880377637194,120688356875,120784203264,33.8,36.1,35.3,37.6
496713,7708,42.5724,12.9753,-66.20,883668442676,883764307016,124075001116,124170847232,33.8,36.1,35.3,37.6
496766,7709,42.5864,12.9874,-65.13,887055112756,887150977348,127461645351,127557491712,32.8,36.1,34.3,37.6
496819,7710,42.5489,12.9551,-66.45,890441782836,890537647166,130848289564,130944135680,33.8,36.1,35.3,37.6
496872,7711,42.5456,12.9523,-64.44,893828452404,893924316992,134234933276,134330779648,33.8,36.1,35.3,37.6
496925,7712,42.5362,12.9442,-63.89,897215122484,897310986834,137621577479,137717423616,33.8,36.1,35.3,37.6
496978,7713,42.5409,12.9482,-64.46,900601792564,900697656674,141008221689,141104067584,33.8,36.1,35.3,37.6
497031,7714,42.5644,12.9684,-64.70,903988462644,904084327044,144394865888,144490712064,33.8,36.1,35.3,37.6
497084,7715,42.5221,12.9321,-63.72,907375132724,907470996884,147781510078,147877356032,32.8,36.1,34.3,37.6
497137,7716,42.5690,12.9724,-64.59,910761802292,910857666763,151168153756,151264000000,33.8,36.1,35.3,37.6
497190,7717,42.5878,12.9886,-64.81,914148472372,914244336637,154554797937,154650643968,33.8,36.1,35.3,37.6
497243,7718,42.5630,12.9672,-65.02,917535142452,917631007015,157941442105,158037288448,33.8,36.1,35.3,37.6
497296,7719,42.5503,12.9563,-64.26,920921812532,921017676896,161328086271,161423932416,33.8,36.1,35.3,37.6
497349,7720,42.5456,12.9523,-63.84,924308482612,924404346782,164714730430,164810576384,32.8,36.1,34.3,37.6
497402,7721,42.5409,12.9482,-64.14,927695152692,927791017187,168101374584,168197220864,33.8,36.1,35.3,37.6
497455,7722,42.5864,12.9874,-66.04,931081822772,931177687104,171488018730,171583864832,33.8,36.1,35.3,37.6
497508,7723,42.5644,12.9684,-63.99,934468492340,934564356492,174874662361,174970508288,33.8,36.1,35.3,37.6
497561,7724,42.5503,12.9563,-64.07,937855162420,937951026914,178261306492,178357152768,33.8,36.1,35.3,37.6
497614,7725,42.5644,12.9684,-64.44,941241832500,941337696837,181647950623,181743796736,32.8,36.1,34.3,37.6
497667,7726,42.5690,12.9724,-64.63,944628502580,944724366768,185034594742,185130440704,33.8,36.1,35.3,37.6
497720,7727,42.5456,12.9523,-64.57,948015172660,948111037207,188421238853,188517085184,33.8,36.1,35.3,37.6
497773,7728,42.5456,12.9523,-64.23,951401842740,951497707152,191807882956,191903729152,33.8,36.1,35.3,37.6
497826,7729,42.5864,12.9874,-65.36,954788512820,954884377114,195194527057,195290373120,33.8,36.1,35.3,37.6
497879,7730,42.5630,12.9672,-65.32,958175182388,958271046546,198581170639,198677016576,33.8,36.1,35.3,37.6
497932,7731,42.5362,12.9442,-64.55,961561852468,961657717008,201967814728,202063661056,33.8,36.1,35.3,37.6
497985,7732,42.5550,12.9603,-64.57,964948522548,965044386991,205354458802,205450305024,33.8,36.1,35.3,37.6
498038,7733,42.5644,12.9684,-64.85,968335192628,968431056968,208741102877,208836948992,33.8,36.1,35.3,37.6
498091,7734,42.5644,12.9684,-64.63,971721862708,971817726944,212127746949,212223592960,33.8,36.1,35.3,37.6
498144,7735,42.5784,12.9805,-64.61,975108532788,975204396932,215514391015,215610236928,33.8,36.1,35.3,37.6
498197,7736,42.5690,12.9724,-64.85,978495202868,978591067438,218901035064,218996881408,33.8,36.1,35.3,37.6
498250,7737,42.5362,12.9442,-63.99,981881872436,981977736921,222287678591,222383524864,33.8,36.1,35.3,37.6
498303,7738,42.5456,12.9523,-64.79,985268542516,985364406929,225674322635,225770168832,33.8,36.1,35.3,37.6
498356,7739,42.5362,12.9442,-64.03,988655212596,988751076935,229060966674,229156812800,33.8,36.1,35.3,37.6
498409,7740,42.5737,12.9765,-64.94,992041882676,992137746965,232447610708,232543456768,33.8,36.1,35.3,37.6
498462,7741,42.5737,12.9765,-64.03,995428552756,995524416990,235834254730,235930100736,33.8,36.1,35.3,37.6
498515,7742,42.5864,12.9874,-65.90,998815222836,998911087020,239220898751,239316744704,33.8,36.1,35.3,37.6
498568,7743,42.5597,12.9644,-64.87,1002201892916,1002297757054,242607542757,242703388672,32.8,36.1,34.3,37.6
498621,7744,42.5536,12.9591,-65.34,1005588562996,1005684427609,245994186756,246090033152,32.8,36.1,34.3,37.6
498674,7745,42.5644,12.9684,-64.57,1008975233076,1009071097665,249380830756,249476677120,33.8,36.1,35.3,37.6
498727,7746,42.5583,12.9632,-66.24,1012361903156,1012457767717,252767474746,252863321088,33.8,36.1,35.3,37.6
498780,7747,42.5348,12.9430,-65.78,1015748572724,1015844437264,256154118212,256249964544,33.8,36.1,35.3,37.6
498833,7748,42.5597,12.9644,-64.68,1019135242804,1019231107355,259540762184,259636608512,33.8,36.1,35.3,37.6
498886,7749,42.5677,12.9713,-65.02,1022521912884,1022617777427,262927406160,263023252480,32.8,36.1,34.3,37.6
498939,7750,42.5362,12.9442,-64.05,1025908582964,1026004447507,266314050117,266409896448,33.8,36.1,35.3,37.6
498992,7751,42.5503,12.9563,-64.55,1029295253044,1029391117608,269700694070,269796540416,33.8,36.1,35.3,37.6
499045,7752,42.5864,12.9874,-66.45,1032681923124,1032777787709,273087338030,273183184384,33.8,36.1,35.3,37.6
499098,7753,42.5737,12.9765,-64.03,1036068593204,1036164457819,276473981965,276569828352,33.8,36.1,35.3,37.6
499151,7754,42.6146,13.0116,-65.88,1039455263284,1039551127432,279860625902,279956471808,32.8,36.1,34.3,37.6
499204,7755,42.5644,12.9684,-64.66,1042841933364,1042937797550,283247269815,283343115776,32.8,36.1,34.3,37.6
499257,7756,42.5784,12.9805,-64.19,1046228603444,1046324467681,286633913737,286729759744,32.8,36.1,34.3,37.6
499310,7757,42.5630,12.9672,-65.58,1049615273524,1049711137815,290020557641,290116403712,33.8,36.1,35.3,37.6
499363,7758,42.5597,12.9644,-63.96,1053001943604,1053097807964,293407201543,293503047680,32.8,36.1,34.3,37.6
499416,7759,42.5644,12.9684,-64.42,1056388613684,1056484478117,296793845439,296889691648,32.8,36.1,34.3,37.6
499469,7760,42.5911,12.9914,-65.25,1059775283764,1059871148280,300180489333,300276335616,33.8,36.1,35.3,37.6
499522,7761,42.5583,12.9632,-65.66,1063161953844,1063257818438,303567133209,303662979584,33.8,36.1,35.3,37.6
499575,7762,42.5724,12.9753,-66.57,1066548623924,1066644488108,306953777081,307049623040,32.8,36.1,34.3,37.6
499628,7763,42.5911,12.9914,-65.32,1069935294004,1070031158296,310340420948,310436267008,33.8,36.1,35.3,37.6
499681,7764,42.5878,12.9886,-64.81,1073321964084,1073417828489,313727064806,313822910976,33.8,36.1,35.3,37.6
499734,7765,42.5831,12.9846,-64.61,1076708634164,1076804498682,317113708659,317209554944,33.8,36.1,35.3,37.6
499787,7766,42.6019,13.0007,-64.87,1080095304244,1080191168378,320500352506,320596198400,33.8,36.1,35.3,37.6
499840,7767,42.6146,13.0116,-66.81,1083481974324,1083577838594,323886996341,323982842368,32.8,36.1,34.3,37.6
499893,7768,42.6019,13.0007,-64.72,1086868644404,1086964508811,327273640170,327369486336,32.8,36.1,34.3,37.6
499946,7769,42.5784,12.9805,-64.07,1090255314484,1090351179031,330660283987,330756130304,33.8,36.1,35.3,37.6
499999,7770,42.5878,12.9886,-64.85,1093641984564,1093737848759,334046927800,334142773760,32.8,36.1,34.3,37.6
500052,7771,42.6052,13.0036,-65.46,1097028654644,1097124518996,337433571615,337529417728,32.8,36.1,34.3,37.6
500105,7772,42.5831,12.9846,-64.68,903696948,999561469,340820215407,340916061696,33.8,36.1,35.3,37.6
500158,7773,42.5972,12.9967,-64.39,4290367028,4386231214,344206859205,344302705152,33.8,36.1,35.3,37.6
500211,7774,42.5737,12.9765,-64.53,7677037108,7772901474,347593502983,347689349120,33.8,36.1,35.3,37.6
500264,7775,42.5503,12.9563,-64.17,11063707188,11159571735,350980146760,351075993088,32.8,36.1,34.3,37.6
500317,7776,42.5737,12.9765,-64.21,14450377268,14546241501,354366790540,354462636544,33.8,36.1,35.3,37.6
500370,7777,42.5831,12.9846,-64.89,17837047348,17932911792,357753434300,357849280512,33.8,36.1,35.3,37.6
500423,7778,42.6193,13.0157,-65.58,21223717428,21319581571,361140078069,361235923968,32.8,36.1,34.3,37.6
500476,7779,42.5784,12.9805,-64.48,24610387508,24706251858,364526721816,364622567936,32.8,36.1,34.3,37.6
500529,7780,42.6052,13.0036,-65.74,27997057588,28092922168,367913365563,368009211904,33.8,36.1,35.3,37.6
500582,7781,42.6066,13.0047,-63.82,31383727668,31479591968,371300009302,371395855360,33.8,36.1,35.3,37.6
500635,7782,42.6005,12.9995,-65.25,34770397748,34866262280,374686653033,374782499328,32.8,36.1,34.3,37.6
500688,7783,42.6005,12.9995,-65.86,38157067828,38252932099,378073296749,378169142784,33.8,36.1,35.3,37.6
500741,7784,42.5925,12.9926,-64.55,41543737908,41639602425,381459940472,381555786752,33.8,36.1,35.3,37.6
500794,7785,42.6193,13.0157,-66.26,44930407988,45026272255,384846584186,384942430208,32.8,36.1,34.3,37.6
500847,7786,42.6005,12.9995,-65.34,48317078068,48412942595,388233227885,388329074176,33.8,36.1,35.3,37.6
500900,7787,42.6019,13.0007,-64.24,51703748148,51799612435,391619871586,391715717632,32.8,36.1,34.3,37.6
500953,7788,42.5831,12.9846,-64.74,55090418228,55186282791,395006515270,395102361600,32.8,36.1,34.3,37.6
501006,7789,42.6099,13.0076,-65.44,58477088820,58572953159,398393159469,398489005568,32.8,36.1,34.3,37.6
501059,7790,42.5831,12.9846,-64.66,61863758900,61959623521,401779803147,401875649536,33.8,36.1,35.3,37.6
501112,7791,42.6066,13.0047,-64.44,65250428980,65346293392,405166446822,405262292992,33.8,36.1,35.3,37.6
501165,7792,42.5817,12.9834,-66.47,68637099060,68732963260,408553090477,408648936448,33.8,36.1,35.3,37.6
501218,7793,42.5770,12.9793,-65.78,72023769140,72119633647,411939734135,412035580416,33.8,36.1,35.3,37.6
501271,7794,42.6160,13.0128,-64.28,75410439220,75506303544,415326377794,415422223872,33.8,36.1,35.3,37.6
501324,7795,42.6099,13.0076,-65.58,78797109300,78892973430,418713021439,418808867328,32.8,36.1,34.3,37.6
501377,7796,42.5925,12.9926,-64.55,82183779380,82279643841,422099665071,422195511296,33.8,36.1,35.3,37.6
501430,7797,42.6066,13.0047,-64.24,85570449460,85666313742,425486308712,425582154752,32.8,36.1,34.3,37.6
501483,7798,42.5925,12.9926,-64.23,88957119540,89052984163,428872952333,428968798720,33.8,36.1,35.3,37.6
501536,7799,42.5925,12.9926,-64.57,92343790132,92439654595,432259596462,432355442688,33.8,36.1,35.3,37.6
501589,7800,42.5925,12.9926,-63.89,95730460212,95826324520,435646240073,435742086144,32.8,36.1,34.3,37.6
501642,7801,42.6066,13.0047,-64.08,99117130292,99212994448,439032883687,439128729600,32.8,36.1,34.3,37.6
501695,7802,42.6052,13.0036,-66.02,102503800372,102599664898,442419527280,442515373568,33.8,36.1,35.3,37.6
501748,7803,42.6193,13.0157,-65.15,105890470452,105986334850,445806170870,445902017024,33.8,36.1,35.3,37.6
501801,7804,42.6207,13.0169,-64.41,109277140532,109373004802,449192814458,449288660480,33.8,36.1,35.3,37.6
501854,7805,42.6019,13.0007,-64.92,112663810612,112759674757,452579458032,452675303936,33.8,36.1,35.3,37.6
501907,7806,42.6019,13.0007,-63.82,116050480692,116146345230,455966101607,456061947904,32.8,36.1,34.3,37.6
501960,7807,42.5958,12.9955,-65.80,119437151284,119533015711,459352745679,459448591872,33.8,36.1,35.3,37.6
502013,7808,42.6066,13.0047,-64.57,122823821364,122919685700,462739389234,462835235328,32.8,36.1,34.3,37.6
502066,7809,42.6160,13.0128,-64.07,126210491444,126306355684,466126032791,466221878784,33.8,36.1,35.3,37.6
502119,7810,42.6207,13.0169,-64.07,129597161524,129693025676,469512676336,469608522240,33.8,36.1,35.3,37.6
502172,7811,42.6052,13.0036,-65.83,132983831604,133079696185,472899319865,472995166208,33.8,36.1,35.3,37.6
502225,7812,42.6066,13.0047,-64.46,136370501684,136466366202,476285963388,476381809664,33.8,36.1,35.3,37.6
502278,7813,42.5972,12.9967,-64.44,139757172276,139853036728,479672607419,479768453632,33.8,36.1,35.3,37.6
502331,7814,42.6066,13.0047,-64.52,143143842356,143239706749,483059250938,483155097088,33.8,36.1,35.3,37.6
502384,7815,42.6146,13.0116,-66.06,146530512436,146626376773,486445894450,486541740544,33.8,36.1,35.3,37.6
502437,7816,42.5925,12.9926,-63.44,149917182516,150013046805,489832537947,489928384000,33.8,36.1,35.3,37.6
502490,7817,42.6207,13.0169,-64.28,153303852596,153399716854,493219181447,493315027456,32.8,36.1,34.3,37.6
502543,7818,42.6441,13.0370,-63.59,156690522676,156786386897,496605824949,496701670912,33.8,36.1,35.3,37.6
502596,7819,42.6160,13.0128,-63.99,160077193268,160173057464,499992468930,500088314880,32.8,36.1,34.3,37.6
502649,7820,42.6113,13.0088,-63.36,163463863348,163559727528,503379112400,503474958336,33.8,36.1,35.3,37.6
502702,7821,42.5878,12.9886,-64.96,166850533428,166946397587,506765755868,506861601792,33.8,36.1,35.3,37.6
502755,7822,42.6160,13.0128,-63.53,170237203508,170333067664,510152399338,510248245248,33.8,36.1,35.3,37.6
502808,7823,42.6160,13.0128,-63.49,173623874100,173719738263,513539043299,513634889216,32.8,36.1,34.3,37.6
502861,7824,42.5972,12.9967,-63.89,177010544180,177106408347,516925686743,517021532672,33.8,36.1,35.3,37.6
502914,7825,42.6207,13.0169,-64.41,180397214260,180493078452,520312330184,520408176128,33.8,36.1,35.3,37.6
502967,7826,42.6193,13.0157,-65.06,183783884340,183879748549,523698973620,523794819584,32.8,36.1,34.3,37.6
503020,7827,42.6333,13.0278,-65.54,187170554420,187266418677,527085617034,527181463040,33.8,36.1,35.3,37.6
503073,7828,42.6160,13.0128,-63.98,190557225012,190653089299,530472260968,530568107008,32.8,36.1,34.3,37.6
503126,7829,42.6207,13.0169,-64.14,193943895092,194039759431,533858904374,533954750464,32.8,36.1,34.3,37.6
503179,7830,42.6113,13.0088,-64.70,197330565172,197426429568,537245547769,537341393920,33.8,36.1,35.3,37.6
503232,7831,42.6287,13.0237,-65.13,200717235252,200813099707,540632191169,540728037376,32.8,36.1,34.3,37.6
503285,7832,42.5925,12.9926,-64.87,204103905844,204199770365,544018835059,544114681344,33.8,36.1,35.3,37.6
503338,7833,42.6207,13.0169,-63.91,207490575924,207586440522,547405478451,547501324800,32.8,36.1,34.3,37.6
503391,7834,42.6066,13.0047,-64.24,210877246004,210973110172,550792121819,550887967744,33.8,36.1,35.3,37.6
503444,7835,42.6380,13.0318,-66.47,214263916084,214359780351,554178765186,554274611200,33.8,36.1,35.3,37.6
503497,7836,42.5925,12.9926,-64.08,217650586676,217746451030,557565409050,557661255168,32.8,36.1,34.3,37.6
503550,7837,42.6113,13.0088,-64.24,221037256756,221133121220,560952052405,561047898624,33.8,36.1,35.3,37.6
503603,7838,42.6160,13.0128,-64.33,224423926836,224519791417,564338695745,564434542080,32.8,36.1,34.3,37.6
503656,7839,42.6146,13.0116,-66.02,227810597428,227906461616,567725339591,567821185536,33.8,36.1,35.3,37.6
503709,7840,42.6347,13.0290,-63.99,231197267508,231293131833,571111982922,571207828992,33.8,36.1,35.3,37.6
503762,7841,42.6099,13.0076,-65.21,234583937588,234679802043,574498626234,574594472448,32.8,36.1,34.3,37.6
503815,7842,42.6066,13.0047,-63.98,237970607668,238066472258,577885269557,577981115904,33.8,36.1,35.3,37.6
503868,7843,42.6441,13.0370,-64.14,241357278260,241453142490,581271913389,581367759360,32.8,36.1,34.3,37.6
503921,7844,42.6333,13.0278,-66.18,244743948340,244839812728,584658556679,584754402816,32.8,36.1,34.3,37.6
503974,7845,42.6193,13.0157,-65.13,248130618420,248226482958,588045199978,588141046272,33.8,36.1,35.3,37.6
504027,7846,42.6113,13.0088,-64.87,251517289012,251613153216,591431843768,591527689728,32.8,36.1,34.3,37.6
504080,7847,42.6113,13.0088,-64.44,254903959092,254999823473,594818487047,594914333184,33.8,36.1,35.3,37.6
504133,7848,42.6160,13.0128,-64.03,258290629172,258386493735,598205130324,598300976640,33.8,36.1,35.3,37.6
504186,7849,42.6441,13.0370,-64.17,261677299764,261773164014,601591774104,601687620096,33.8,36.1,35.3,37.6
504239,7850,42.6253,13.0209,-64.30,265063969844,265159834295,604978417351,605074263552,33.8,36.1,35.3,37.6
504292,7851,42.6535,13.0451,-64.24,268450639924,268546504583,608365060611,608460907008,32.8,36.1,34.3,37.6
504345,7852,42.6488,13.0411,-63.89,271837310516,271933174873,611751704368,611847550464,33.8,36.1,35.3,37.6
504398,7853,42.6066,13.0047,-64.46,275223980596,275319845168,615138347591,615234193920,33.8,36.1,35.3,37.6
504451,7854,42.6394,13.0330,-64.03,278610650676,278706514966,618524990831,618620836864,33.8,36.1,35.3,37.6
504504,7855,42.6066,13.0047,-64.61,281997321268,282093185793,621911634550,622007480832,33.8,36.1,35.3,37.6
504557,7856,42.6347,13.0290,-64.87,285383991348,285479855613,625298277766,625394123776,33.8,36.1,35.3,37.6
504610,7857,42.6253,13.0209,-64.35,288770661428,288866525937,628684920973,628780767232,32.8,36.1,34.3,37.6
504663,7858,42.6394,13.0330,-64.48,292157332020,292253196285,632071564680,632167410688,33.8,36.1,35.3,37.6
504716,7859,42.6066,13.0047,-64.72,295544002100,295639866621,635458207865,635554054144,33.8,36.1,35.3,37.6
504769,7860,42.6333,13.0278,-66.32,298930672692,299026536972,638844851570,638940697600,33.8,36.1,35.3,37.6
504822,7861,42.6300,13.0249,-64.32,302317342772,302413207338,642231494742,642327341056,33.8,36.1,35.3,37.6
504875,7862,42.6253,13.0209,-63.75,305704012852,305799877194,645618137908,645713984000,32.8,36.1,34.3,37.6
504928,7863,42.6066,13.0047,-64.61,309090683444,309186547578,649004781565,649100627456,33.8,36.1,35.3,37.6
504981,7864,42.6207,13.0169,-64.76,312477353524,312573217963,652391424722,652487270912,33.8,36.1,35.3,37.6
505034,7865,42.6488,13.0411,-64.52,315864024116,315959888359,655778068386,655873914368,32.8,36.1,34.3,37.6
505087,7866,42.6333,13.0278,-65.17,319250694196,319346558756,659164711515,659260557824,33.8,36.1,35.3,37.6
505140,7867,42.6347,13.0290,-64.98,322637364276,322733228664,662551354634,662647200768,33.8,36.1,35.3,37.6
505193,7868,42.6394,13.0330,-64.81,326024034868,326119899070,665937998278,666033844224,32.8,36.1,34.3,37.6
505246,7869,42.6113,13.0088,-63.80,329410704948,329506569489,669324641383,669420487680,33.8,36.1,35.3,37.6
505299,7870,42.6207,13.0169,-64.89,332797375540,332893239934,672711284991,672807131136,32.8,36.1,34.3,37.6
505352,7871,42.6488,13.0411,-64.15,336184045620,336279909858,676097928102,676193774080,33.8,36.1,35.3,37.6
505405,7872,42.6347,13.0290,-64.03,339570716212,339666580813,679484571702,679580418048,33.8,36.1,35.3,37.6
505458,7873,42.6253,13.0209,-64.83,342957386292,343053250753,682871214781,682967060992,32.8,36.1,34.3,37.6
505511,7874,42.6474,13.0399,-65.19,346344056372,346439920710,686257857855,686353703936,33.8,36.1,35.3,37.6
505564,7875,42.6380,13.0318,-65.56,349730726964,349826591173,689644501436,689740347392,32.8,36.1,34.3,37.6
505617,7876,42.6488,13.0411,-63.80,353117397044,353213261647,693031144505,693126990848,32.8,36.1,34.3,37.6
505670,7877,42.6146,13.0116,-66.04,356504067636,356599932122,696417788060,696513634304,32.8,36.1,34.3,37.6
505723,7878,42.6240,13.0197,-65.06,359890737716,359986602112,699804431098,699900277248,33.8,36.1,35.3,37.6
505776,7879,42.6535,13.0451,-64.28,363277408308,363373272604,703191074670,703286920704,32.8,36.1,34.3,37.6
505829,7880,42.6347,13.0290,-64.76,366664078388,366759942598,706577717692,706673563648,32.8,36.1,34.3,37.6
505882,7881,42.6333,13.0278,-66.41,370050748980,370146613614,709964361232,710060207616,32.8,36.1,34.3,37.6
505935,7882,42.6207,13.0169,-64.41,373437419060,373533283622,713351004247,713446850560,33.8,36.1,35.3,37.6
505988,7883,42.6488,13.0411,-64.39,376824089652,376919954149,716737647779,716833494016,33.8,36.1,35.3,37.6
506041,7884,42.6347,13.0290,-64.15,380210759732,380306624168,720124290778,720220136960,32.8,36.1,34.3,37.6
506094,7885,42.6394,13.0330,-64.50,383597430324,383693294709,723510934288,723606780416,33.8,36.1,35.3,37.6
506147,7886,42.6488,13.0411,-64.79,386984100404,387079964743,726897577281,726993423360,33.8,36.1,35.3,37.6
506200,7887,42.6380,13.0318,-65.68,390370770996,390466635289,730284220776,730380066816,33.8,36.1,35.3,37.6
506253,7888,42.6615,13.0520,-65.32,393757441076,393853305342,733670863757,733766709760,33.8,36.1,35.3,37.6
506306,7889,42.6300,13.0249,-64.12,397144111668,397239975895,737057507242,737153353216,33.8,36.1,35.3,37.6
506359,7890,42.6146,13.0116,-65.04,400530781748,400626645955,740444150196,740539996160,33.8,36.1,35.3,37.6
506412,7891,42.6394,13.0330,-64.90,403917452340,404013316538,743830793675,743926639616,33.8,36.1,35.3,37.6
506465,7892,42.6287,13.0237,-65.38,407304122420,407399986609,747217436620,747313282560,33.8,36.1,35.3,37.6
506518,7893,42.6207,13.0169,-64.85,410690793012,410786657201,750604080075,750699926016,32.8,36.1,34.3,37.6
506571,7894,42.6394,13.0330,-64.55,414077463092,414173327290,753990723019,754086568960,33.8,36.1,35.3,37.6
506624,7895,42.6488,13.0411,-64.92,417464133684,417559997896,757377366464,757473212416,32.8,36.1,34.3,37.6
506677,7896,42.6582,13.0492,-64.50,420850804276,420946668510,760764009902,760859855872,33.8,36.1,35.3,37.6
506730,7897,42.6535,13.0451,-64.85,424237474356,424333338620,764150652815,764246498816,33.8,36.1,35.3,37.6
506783,7898,42.6629,13.0532,-64.35,427624144948,427720009243,767537296243,767633142272,33.8,36.1,35.3,37.6
506836,7899,42.6441,13.0370,-64.83,431010815028,431106679358,770923939145,771019785216,32.8,36.1,34.3,37.6
506889,7900,42.6427,13.0359,-66.00,434397485620,434493349993,774310582553,774406428672,33.8,36.1,35.3,37.6
506942,7901,42.6723,13.0613,-64.19,437784155700,437880020131,777697225456,777793071616,33.8,36.1,35.3,37.6
506995,7902,42.6300,13.0249,-64.15,441170826292,441266690774,781083868842,781179715072,32.8,36.1,34.3,37.6
507048,7903,42.6662,13.0560,-65.78,444557496372,444653360923,784470511730,784566358016,32.8,36.1,34.3,37.6
507101,7904,42.6629,13.0532,-64.15,447944166964,448040031590,787857155113,787953001472,33.8,36.1,35.3,37.6
507154,7905,42.6629,13.0532,-64.89,451330837556,451426701753,791243798486,791339644416,33.8,36.1,35.3,37.6
507207,7906,42.6394,13.0330,-64.76,454717507636,454813371910,794630441342,794726287360,33.8,36.1,35.3,37.6
507260,7907,42.6441,13.0370,-64.44,458104178228,458200042599,798017084704,798112930816,32.8,36.1,34.3,37.6
507313,7908,42.6441,13.0370,-64.57,461490848308,461586712776,801403727551,801499573760,33.8,36.1,35.3,37.6
507366,7909,42.6474,13.0399,-65.42,464877518900,464973383471,804790370901,804886217216,32.8,36.1,34.3,37.6
507419,7910,42.6394,13.0330,-64.39,468264188980,468360053145,808177013739,808272859648,33.8,36.1,35.3,37.6
507472,7911,42.6347,13.0290,-64.53,471650859572,471746723860,811563657070,811659503104,33.8,36.1,35.3,37.6
507525,7912,42.6380,13.0318,-65.52,475037530164,475133394571,814950300405,815046146560,33.8,36.1,35.3,37.6
507578,7913,42.6347,13.0290,-63.82,478424200244,478520064784,818336943219,818432789504,33.8,36.1,35.3,37.6
507631,7914,42.6629,13.0532,-64.12,481810870836,481906735007,821723586543,821819432448,33.8,36.1,35.3,37.6
507684,7915,42.6723,13.0613,-64.79,485197541428,485293405754,825110229849,825206075904,33.8,36.1,35.3,37.6
507737,7916,42.6300,13.0249,-64.72,488584211508,488680075976,828496872633,828592718848,32.8,36.1,34.3,37.6
507790,7917,42.6723,13.0613,-64.37,491970882100,492066746731,831883515944,831979362304,33.8,36.1,35.3,37.6
507843,7918,42.6662,13.0560,-65.64,495357552180,495453416468,835270158713,835366004736,32.8,36.1,34.3,37.6
507896,7919,42.6662,13.0560,-65.09,498744222772,498840087232,838656801996,838752648192,33.8,36.1,35.3,37.6
507949,7920,42.6803,13.0682,-65.44,502130893364,502226758009,842043445273,842139291648,33.8,36.1,35.3,37.6
508002,7921,42.6709,13.0601,-65.06,505517563444,505613427761,845430088029,845525934080,33.8,36.1,35.3,37.6
508055,7922,42.6394,13.0330,-64.89,508904234036,509000098542,848816731286,848912577536,33.8,36.1,35.3,37.6
508108,7923,42.6723,13.0613,-64.94,512290904628,512386768836,852203374543,852299220480,33.8,36.1,35.3,37.6
508161,7924,42.6535,13.0451,-64.28,515677574708,515773439121,855590017273,855685863424,33.8,36.1,35.3,37.6
508214,7925,42.6770,13.0653,-64.41,519064245300,519160109928,858976660524,859072506880,33.8,36.1,35.3,37.6
508267,7926,42.6662,13.0560,-65.19,522450915892,522546780234,862363303746,862459149824,32.8,36.1,34.3,37.6
508320,7927,42.6535,13.0451,-64.79,525837585972,525933450545,865749946458,865845792768,33.8,36.1,35.3,37.6
508373,7928,42.6756,13.0641,-65.36,529224256564,529320120866,869136589679,869232435712,32.8,36.1,34.3,37.6
508426,7929,42.6441,13.0370,-64.44,532610927156,532706791692,872523232890,872619079168,32.8,36.1,34.3,37.6
508479,7930,42.6394,13.0330,-64.90,535997597236,536093461508,875909875585,876005721600,32.8,36.1,34.3,37.6
508532,7931,42.6300,13.0249,-64.53,539384267828,539480132362,879296518774,879392365056,32.8,36.1,34.3,37.6
508585,7932,42.6676,13.0572,-64.79,542770938420,542866802707,882683161981,882779008000,32.8,36.1,34.3,37.6
508638,7933,42.6756,13.0641,-65.15,546157608500,546253473053,886069804659,886165650944,33.8,36.1,35.3,37.6
508691,7934,42.7051,13.0895,-64.90,549544279092,549640143422,889456447842,889552293888,33.8,36.1,35.3,37.6
508744,7935,42.6662,13.0560,-66.04,552930949684,553026814282,892843091010,892938937344,33.8,36.1,35.3,37.6
508797,7936,42.6582,13.0492,-64.44,556317619764,556413484145,896229733659,896325579776,32.8,36.1,34.3,37.6
508850,7937,42.6300,13.0249,-63.91,559704290356,559800154510,899616376819,899712222720,33.8,36.1,35.3,37.6
508903,7938,42.6300,13.0249,-64.53,563090960948,563186825414,903003019963,903098866176,33.8,36.1,35.3,37.6
508956,7939,42.6816,13.0693,-64.77,566477631540,566573495806,906389663128,906485509120,32.8,36.1,34.3,37.6
509009,7940,42.6441,13.0370,-64.46,569864301620,569960166191,909776305751,909872152064,32.8,36.1,34.3,37.6
509062,7941,42.6709,13.0601,-66.47,573250972212,573346836592,913162948895,913258795008,33.8,36.1,35.3,37.6
509115,7942,42.6427,13.0359,-66.53,576637642804,576733506994,916549592016,916645437952,32.8,36.1,34.3,37.6
509168,7943,42.6300,13.0249,-64.76,580024313396,580120177928,919936235129,920032081408,33.8,36.1,35.3,37.6
509221,7944,42.6662,13.0560,-65.68,583410983476,583506847838,923322877742,923418723840,33.8,36.1,35.3,37.6
509274,7945,42.6770,13.0653,-64.87,586797654068,586893518265,926709520860,926805366784,32.8,36.1,34.3,37.6
509327,7946,42.6441,13.0370,-64.50,590184324660,590280189205,930096163953,930192010240,33.8,36.1,35.3,37.6
509380,7947,42.6676,13.0572,-64.90,593570995252,593666859650,933482807055,933578653184,32.8,36.1,34.3,37.6
509433,7948,42.7084,13.0924,-66.60,596957665332,597053529584,936869449647,936965295616,33.8,36.1,35.3,37.6
509486,7949,42.6676,13.0572,-64.12,600344335924,600440200544,940256092721,940351939072,32.8,36.1,34.3,37.6
509539,7950,42.6629,13.0532,-64.63,603731006516,603826871001,943642735798,943738582016,32.8,36.1,34.3,37.6
509592,7951,42.6582,13.0492,-64.12,607117677108,607213541469,947029378863,947125224960,32.8,36.1,34.3,37.6
509645,7952,42.6629,13.0532,-64.17,610504347188,610600211419,950416021427,950511867392,33.8,36.1,35.3,37.6
509698,7953,42.6756,13.0641,-65.21,613891017780,613986882405,953802664491,953898510848,32.8,36.1,34.3,37.6
509751,7954,42.6629,13.0532,-64.87,617277688372,617373552887,957189307543,957285153792,32.8,36.1,34.3,37.6
509804,7955,42.6380,13.0318,-65.44,620664358964,620760223368,960575950585,960671796736,32.8,36.1,34.3,37.6
509857,7956,42.7051,13.0895,-64.85,624051029044,624146893368,963962593128,964058439168,33.8,36.1,35.3,37.6
509910,7957,42.6629,13.0532,-64.66,627437699636,627533563855,967349236159,967445082112,32.8,36.1,34.3,37.6
509963,7958,42.6957,13.0815,-64.83,630824370228,630920234873,970735879204,970831725568,33.8,36.1,35.3,37.6
510016,7959,42.6676,13.0572,-64.83,634211040820,634306905380,974122522220,974218368512,33.8,36.1,35.3,37.6
510069,7960,42.6662,13.0560,-65.98,637597711412,637693575891,977509165242,977605011456,32.8,36.1,34.3,37.6
510122,7961,42.6347,13.0290,-64.57,640984381492,641080245906,980895807729,980991653888,33.8,36.1,35.3,37.6
510175,7962,42.6662,13.0560,-65.07,644371052084,644466916432,984282450748,984378296832,32.8,36.1,34.3,37.6
510228,7963,42.6770,13.0653,-64.32,647757722676,647853586967,987669093758,987764939776,33.8,36.1,35.3,37.6
510281,7964,42.6943,13.0803,-65.46,651144393268,651240257506,991055736758,991151582720,32.8,36.1,34.3,37.6
510334,7965,42.6723,13.0613,-64.46,654531063860,654626928044,994442379751,994538225664,33.8,36.1,35.3,37.6
510387,7966,42.6629,13.0532,-65.00,657917733940,658013598597,997829022217,997924868608,33.8,36.1,35.3,37.6
510440,7967,42.6629,13.0532,-64.46,661304404532,661400269147,1001215665204,1001311511552,32.8,36.1,34.3,37.6
510493,7968,42.6582,13.0492,-64.70,664691075124,664786939711,1004602308174,1004698154496,33.8,36.1,35.3,37.6
510546,7969,42.6850,13.0722,-65.46,668077745716,668173610275,1007988951154,1008084797440,33.8,36.1,35.3,37.6
510599,7970,42.6535,13.0451,-64.72,671464416308,671560280848,1011375594106,1011471440384,33.8,36.1,35.3,37.6
510652,7971,42.6615,13.0520,-65.04,674851086900,674946951424,1014762237066,1014858083328,33.8,36.1,35.3,37.6
510705,7972,42.6615,13.0520,-66.14,678237756980,678333621497,1018148879506,1018244725760,33.8,36.1,35.3,37.6
510758,7973,42.6723,13.0613,-64.61,681624427572,681720292087,1021535522459,1021631368704,33.8,36.1,35.3,37.6
510811,7974,42.6850,13.0722,-65.64,685011098164,685106962681,1024922165404,1025018011648,33.8,36.1,35.3,37.6
510864,7975,42.6803,13.0682,-66.55,688397768756,688493633275,1028308808343,1028404654592,32.8,36.1,34.3,37.6
510917,7976,42.6427,13.0359,-65.60,691784439348,691880303874,1031695451264,1031791297536,33.8,36.1,35.3,37.6
510970,7977,42.6629,13.0532,-64.14,695171109428,695266973982,1035082093681,1035177939968,33.8,36.1,35.3,37.6
511023,7978,42.6756,13.0641,-65.23,698557780020,698653644594,1038468736607,1038564582912,32.8,36.1,34.3,37.6
511076,7979,42.6582,13.0492,-64.03,701944450612,702040315216,1041855379516,1041951225856,32.8,36.1,34.3,37.6
511129,7980,42.6943,13.0803,-66.18,705331121204,705426985840,1045242022440,1045337868800,32.8,36.1,34.3,37.6
511182,7981,42.6535,13.0451,-64.35,708717791796,708813655955,1048628665336,1048724511232,33.8,36.1,35.3,37.6
511235,7982,42.6990,13.0843,-65.06,712104462388,712200326599,1052015308243,1052111154176,33.8,36.1,35.3,37.6
511288,7983,42.7037,13.0883,-65.25,715491132980,715586997243,1055401951138,1055497797120,33.8,36.1,35.3,37.6
511341,7984,42.7098,13.0936,-64.89,718877803060,718973667381,1058788593517,1058884439552,33.8,36.1,35.3,37.6
511394,7985,42.7037,13.0883,-66.00,722264473652,722360338026,1062175236402,1062271082496,33.8,36.1,35.3,37.6
511447,7986,42.7084,13.0924,-66.14,725651144244,725747008690,1065561879277,1065657725440,32.8,36.1,34.3,37.6
511500,7987,42.6816,13.0693,-64.85,729037814836,729133679352,1068948522142,1069044368384,32.8,36.1,34.3,37.6
511553,7988,42.6756,13.0641,-66.53,732424485428,732520350019,1072335165005,1072431011328,33.8,36.1,35.3,37.6
511606,7989,42.6629,13.0532,-64.41,735811156020,735907020178,1075721807868,1075817653760,33.8,36.1,35.3,37.6
511659,7990,42.6990,13.0843,-66.43,739197826612,739293690870,1079108450724,1079204296704,32.8,36.1,34.3,37.6
511712,7991,42.6723,13.0613,-64.44,742584496692,742680361048,1082495093050,1082590939136,33.8,36.1,35.3,37.6
511765,7992,42.7084,13.0924,-65.98,745971167284,746067031743,1085881735904,1085977582080,33.8,36.1,35.3,37.6
511818,7993,42.6816,13.0693,-64.10,749357837876,749453702439,1089268378735,1089364225024,33.8,36.1,35.3,37.6
511871,7994,42.6770,13.0653,-64.15,752744508468,752840372637,1092655021560,1092750867456,33.8,36.1,35.3,37.6
511924,7995,42.6863,13.0734,-64.57,756131179060,756227043352,1096041664384,1096137510400,33.8,36.1,35.3,37.6
511977,7996,42.6709,13.0601,-66.32,759517849652,759613714069,1099428307194,12525568,33.8,36.1,35.3,37.6
512030,7997,42.6535,13.0451,-64.23,762904520244,763000384785,3303322233,3399168512,32.8,36.1,34.3,37.6
512083,7998,42.6850,13.0722,-66.51,766291190836,766387055013,6689965040,6785810944,32.8,36.1,34.3,37.6
512136,7999,42.6943,13.0803,-65.15,769677861428,769773725760,10076607833,10172453888,33.8,36.1,35.3,37.6
512189,8000,42.6756,13.0641,-65.27,773064531508,773160395991,13463250106,13559096320,33.8,36.1,35.3,37.6
512242,8001,42.7178,13.1005,-65.88,776451202100,776547066741,16849892909,16945739264,32.8,36.1,34.3,37.6
512295,8002,42.6957,13.0815,-64.42,779837872692,779933736994,20236535675,20332381696,32.8,36.1,34.3,37.6
512348,8003,42.6990,13.0843,-65.38,783224543284,783320407753,23623178450,23719024640,33.8,36.1,35.3,37.6
512401,8004,42.7239,13.1057,-65.00,786611213876,786707078528,27009821225,27105667584,32.8,36.1,34.3,37.6
512454,8005,42.7192,13.1016,-64.63,789997884468,790093748791,30396463984,30492310016,32.8,36.1,34.3,37.6
512507,8006,42.6850,13.0722,-66.16,793384555060,793480419564,33783106728,33878952960,33.8,36.1,35.3,37.6
512560,8007,42.6957,13.0815,-65.00,796771225652,796867089848,37169749476,37265595392,33.8,36.1,35.3,37.6
512613,8008,42.7037,13.0883,-65.06,800157896244,800253760642,40556392218,40652238336,33.8,36.1,35.3,37.6
512666,8009,42.6676,13.0572,-64.79,803544566836,803640431439,43943034946,44038881280,33.8,36.1,35.3,37.6
512719,8010,42.6943,13.0803,-66.04,806931237428,807027101735,47329677682,47425523712,32.8,36.1,34.3,37.6
512772,8011,42.6943,13.0803,-66.62,810317908020,810413772540,50716320413,50812166656,33.8,36.1,35.3,37.6
512825,8012,42.6723,13.0613,-64.17,813704578612,813800442850,54102963121,54198809088,32.8,36.1,34.3,37.6
512878,8013,42.6723,13.0613,-65.00,817091248692,817187113161,57489605321,57585451520,33.8,36.1,35.3,37.6
512931,8014,42.7225,13.1045,-65.46,820477919284,820573783481,60876248044,60972093952,32.8,36.1,34.3,37.6
512984,8015,42.6863,13.0734,-64.24,823864589876,823960454311,64262890738,64358736896,33.8,36.1,35.3,37.6
513037,8016,42.6770,13.0653,-64.23,827251260468,827347124635,67649533433,67745379328,32.8,36.1,34.3,37.6
513090,8017,42.6723,13.0613,-64.26,830637931060,830733795485,71036176118,71132022272,33.8,36.1,35.3,37.6
513143,8018,42.6709,13.0601,-66.00,834024601652,834120465813,74422818810,74518664704,32.8,36.1,34.3,37.6
513196,8019,42.7131,13.0964,-65.86,837411272244,837507136682,77809461495,77905307648,33.8,36.1,35.3,37.6
513249,8020,42.6990,13.0843,-66.04,840797942836,840893807023,81196104172,81291950080,32.8,36.1,34.3,37.6
513302,8021,42.6957,13.0815,-64.94,844184613428,844280477889,84582746843,84678593024,33.8,36.1,35.3,37.6
513355,8022,42.6816,13.0693,-64.15,847571284020,847667148249,87969389502,88065235456,33.8,36.1,35.3,37.6
513408,8023,42.6850,13.0722,-66.26,850957954612,851053819119,91356032165,91451878400,33.8,36.1,35.3,37.6
513461,8024,42.7098,13.0936,-64.48,854344625204,854440489501,94742674822,94838520832,32.8,36.1,34.3,37.6
513514,8025,42.6957,13.0815,-64.90,857731295796,857827160378,98129317474,98225163776,32.8,36.1,34.3,37.6
513567,8026,42.6709,13.0601,-65.96,861117966388,861213830758,101515960105,101611806208,32.8,36.1,34.3,37.6
513620,8027,42.6863,13.0734,-64.35,864504636980,864600501653,104902602756,104998449152,33.8,36.1,35.3,37.6
513673,8028,42.6863,13.0734,-64.87,867891307572,867987172044,108289245388,108385091584,33.8,36.1,35.3,37.6
513726,8029,42.7131,13.0964,-65.74,871277978164,871373842443,111675888022,111771734016,32.8,36.1,34.3,37.6
513779,8030,42.6896,13.0762,-65.86,874664648756,874760513348,115062530643,115158376960,33.8,36.1,35.3,37.6
513832,8031,42.6770,13.0653,-64.81,878051319348,878147183755,118449173257,118545019392,32.8,36.1,34.3,37.6
513885,8032,42.6723,13.0613,-64.24,881437989940,881533854156,121835815878,121931661824,32.8,36.1,34.3,37.6
513938,8033,42.6816,13.0693,-64.28,884824660532,884920525093,125222458481,125318304768,32.8,36.1,34.3,37.6
513991,8034,42.7366,13.1166,-65.96,888211331124,888307195523,128609101095,128704947200,32.8,36.1,34.3,37.6
514044,8035,42.6863,13.0734,-64.70,891598001716,891693865935,131995743690,132091589632,32.8,36.1,34.3,37.6
514097,8036,42.6943,13.0803,-65.19,894984672308,895080536873,135382386288,135478232576,33.8,36.1,35.3,37.6
514150,8037,42.6863,13.0734,-64.57,898371342900,898467207310,138769028874,138864875008,32.8,36.1,34.3,37.6
514203,8038,42.7506,13.1287,-66.00,901758013492,901853877760,142155671473,142251517440,32.8,36.1,34.3,37.6
514256,8039,42.6910,13.0774,-64.46,905144684084,905240548701,145542314046,145638160384,32.8,36.1,34.3,37.6
514309,8040,42.6816,13.0693,-64.39,908531354676,908627219151,148928956616,149024802816,33.8,36.1,35.3,37.6
514362,8041,42.7319,13.1126,-66.14,911918025268,912013889610,152315599199,152411445248,33.8,36.1,35.3,37.6
514415,8042,42.7084,13.0924,-65.46,915304695860,915400560060,155702241762,155798087680,33.8,36.1,35.3,37.6
514468,8043,42.6957,13.0815,-64.63,918691366452,918787231036,159088884320,159184730624,33.8,36.1,35.3,37.6
514521,8044,42.7004,13.0855,-64.81,922078037044,922173901509,162475526874,162571373056,32.8,36.1,34.3,37.6
514574,8045,42.6990,13.0843,-65.64,925464707636,925560571977,165862169426,165958015488,33.8,36.1,35.3,37.6
514627,8046,42.6990,13.0843,-65.34,928851378228,928947242461,169248811965,169344657920,33.8,36.1,35.3,37.6
514680,8047,42.7239,13.1057,-64.57,932238048820,932333913459,172635454517,172731300864,33.8,36.1,35.3,37.6
514733,8048,42.7051,13.0895,-64.96,935624719412,935720583939,176022097053,176117943296,33.8,36.1,35.3,37.6
514786,8049,42.6910,13.0774,-64.72,939011390004,939107254438,179408739573,179504585728,32.8,36.1,34.3,37.6
514839,8050,42.7366,13.1166,-65.28,942398060596,942493924937,182795382113,182891228160,33.8,36.1,35.3,37.6
514892,8051,42.7084,13.0924,-66.28,945784731188,945880595437,186182024625,186277870592,32.8,36.1,34.3,37.6
514945,8052,42.6910,13.0774,-64.42,949171401780,949267265950,189568667133,189664513024,33.8,36.1,35.3,37.6
514998,8053,42.6816,13.0693,-64.37,952558072372,952653936972,192955309643,193051155968,33.8,36.1,35.3,37.6
515051,8054,42.6990,13.0843,-66.45,955944742964,956040607489,196341952153,196437798400,33.8,36.1,35.3,37.6
515104,8055,42.7051,13.0895,-64.81,959331413556,959427278018,199728594655,199824440832,32.8,36.1,34.3,37.6
515157,8056,42.7084,13.0924,-65.66,962718084148,962813948547,203115237148,203211083264,32.8,36.1,34.3,37.6
515210,8057,42.7004,13.0855,-64.98,966104754740,966200619081,206501879637,206597725696,33.8,36.1,35.3,37.6
515263,8058,42.7098,13.0936,-64.53,969491425332,969587289627,209888522120,209984368128,33.8,36.1,35.3,37.6
515316,8059,42.7051,13.0895,-64.70,972878095924,972973960168,213275164601,213371010560,32.8,36.1,34.3,37.6
515369,8060,42.7272,13.1085,-65.54,976264766516,976360630717,216661807081,216757652992,32.8,36.1,34.3,37.6
515422,8061,42.6957,13.0815,-64.23,979651437108,979747301775,220048449549,220144295936,33.8,36.1,35.3,37.6
515475,8062,42.6990,13.0843,-66.49,983038107700,983133972331,223435092016,223530938368,32.8,36.1,34.3,37.6
515528,8063,42.7004,13.0855,-64.50,986424778292,986520642900,226821734474,226917580800,33.8,36.1,35.3,37.6
515581,8064,42.7145,13.0976,-64.92,989811448884,989907313470,230208376934,230304223232,33.8,36.1,35.3,37.6
515634,8065,42.6910,13.0774,-64.48,993198119476,993293984042,233595019377,233690865664,32.8,36.1,34.3,37.6
515687,8066,42.6910,13.0774,-64.26,996584790580,996680655137,236981662330,237077508608,33.8,36.1,35.3,37.6
515740,8067,42.6943,13.0803,-65.09,999971461172,1000067325721,240368304767,240464151040,32.8,36.1,34.3,37.6
515793,8068,42.6850,13.0722,-66.22,1003358131764,1003453996306,243754947202,243850793472,33.8,36.1,35.3,37.6
515846,8069,42.6863,13.0734,-64.50,1006744802356,1006840666899,247141589638,247237435904,32.8,36.1,34.3,37.6
515899,8070,42.6863,13.0734,-64.33,1010131472948,1010227337502,250528232058,250624078336,33.8,36.1,35.3,37.6
515952,8071,42.7051,13.0895,-64.15,1013518143540,1013614008104,253914874488,254010720768,32.8,36.1,34.3,37.6
516005,8072,42.7319,13.1126,-65.11,1016904814132,1017000678715,257301516909,257397363200,32.8,36.1,34.3,37.6
516058,8073,42.7178,13.1005,-65.23,1020291484724,1020387349331,260688159311,260784005632,32.8,36.1,34.3,37.6
516111,8074,42.7131,13.0964,-65.44,1023678155316,1023774019948,264074801716,264170648064,33.8,36.1,35.3,37.6
516164,8075,42.6910,13.0774,-64.33,1027064825908,1027160690568,267461444114,267557290496,32.8,36.1,34.3,37.6
516217,8076,42.7225,13.1045,-65.58,1030451496500,1030547360694,270848086511,270943932416,32.8,36.1,34.3,37.6
516270,8077,42.7145,13.0976,-64.85,1033838167092,1033934031328,274234728901,274330574848,33.8,36.1,35.3,37.6
516323,8078,42.7379,13.1178,-64.83,1037224837684,1037320701958,277621371305,277717217280,32.8,36.1,34.3,37.6
516376,8079,42.7366,13.1166,-65.27,1040611508276,1040707372604,281008013678,281103859712,33.8,36.1,35.3,37.6
516429,8080,42.7272,13.1085,-65.82,1043998178868,1044094043257,284394656045,284490502144,33.8,36.1,35.3,37.6
516482,8081,42.7192,13.1016,-64.83,1047384849972,1047480714421,287781298929,287877145088,33.8,36.1,35.3,37.6
516535,8082,42.6910,13.0774,-64.63,1050771520564,1050867385069,291167941294,291263787520,32.8,36.1,34.3,37.6
516588,8083,42.7131,13.0964,-65.06,1054158191156,1054254055733,294554583659,294650429952,32.8,36.1,34.3,37.6
516641,8084,42.7272,13.1085,-66.12,1057544861748,1057640726399,297941226023,298037072384,32.8,36.1,34.3,37.6
516694,8085,42.7098,13.0936,-64.48,1060931532340,1061027396564,301327868367,301423714304,33.8,36.1,35.3,37.6
516747,8086,42.7004,13.0855,-64.46,1064318202932,1064414067244,304714510706,304810356736,32.8,36.1,34.3,37.6
516800,8087,42.7239,13.1057,-64.74,1067704873524,1067800737923,308101153062,308196999168,33.8,36.1,35.3,37.6
516853,8088,42.6910,13.0774,-64.23,1071091544116,1071187408614,311487795381,311583641600,32.8,36.1,34.3,37.6
516906,8089,42.7239,13.1057,-64.46,1074478214708,1074574079308,314874437725,314970284032,32.8,36.1,34.3,37.6
516959,8090,42.7145,13.0976,-64.37,1077864885300,1077960749490,318261080050,318356925952,32.8,36.1,34.3,37.6
517012,8091,42.7239,13.1057,-64.33,1081251555892,1081347420195,321647722374,321743568384,32.8,36.1,34.3,37.6
517065,8092,42.7145,13.0976,-64.10,1084638226996,1084734091415,325034365198,325130211328,32.8,36.1,34.3,37.6
517118,8093,42.7004,13.0855,-64.30,1088024897588,1088120762122,328421007509,328516853760,33.8,36.1,35.3,37.6
517171,8094,42.7426,13.1218,-64.63,1091411568180,1091507432847,331807649826,331903496192,33.8,36.1,35.3,37.6
517224,8095,42.7459,13.1247,-65.06,1094798238772,1094894103057,335194292126,335290138112,33.8,36.1,35.3,37.6
517277,8096,42.6863,13.0734,-64.90,1098184909364,1098280773780,338580934405,338676780544,32.8,36.1,34.3,37.6
517330,8097,42.6910,13.0774,-64.19,2059952180,2155816739,341967576696,342063422976,33.8,36.1,35.3,37.6
517383,8098,42.7459,13.1247,-66.18,5446622772,5542486970,345354218997,345450064896,33.8,36.1,35.3,37.6
517436,8099,42.7520,13.1299,-64.53,8833293364,8929157710,348740861287,348836707328,32.8,36.1,34.3,37.6
517489,8100,42.7131,13.0964,-65.92,12219964468,12315828978,352127504046,352223350272,32.8,36.1,34.3,37.6
517542,8101,42.7366,13.1166,-65.02,15606635060,15702499720,355514146338,355609992704,33.8,36.1,35.3,37.6
517595,8102,42.7473,13.1259,-64.90,18993305652,19089169979,358900788599,358996634624,33.8,36.1,35.3,37.6
517648,8103,42.7366,13.1166,-65.42,22379976244,22475840736,362287430858,362383277056,32.8,36.1,34.3,37.6
517701,8104,42.7239,13.1057,-64.98,25766646836,25862511500,365674073117,365769919488,32.8,36.1,34.3,37.6
517754,8105,42.7694,13.1449,-66.85,29153317428,29249181773,369060715372,369156561408,33.8,36.1,35.3,37.6
517807,8106,42.7272,13.1085,-65.40,32539988020,32635852544,372447357607,372543203840,32.8,36.1,34.3,37.6
517860,8107,42.7192,13.1016,-64.87,35926658612,36022522816,375833999847,375929845760,33.8,36.1,35.3,37.6
517913,8108,42.7272,13.1085,-66.55,39313329716,39409194121,379220642590,379316488704,33.8,36.1,35.3,37.6
517966,8109,42.7192,13.1016,-64.26,42700000308,42795864912,382607284822,382703131136,33.8,36.1,35.3,37.6
518019,8110,42.7286,13.1097,-64.57,46086670900,46182535207,385993927043,386089773056,32.8,36.1,34.3,37.6
518072,8111,42.7145,13.0976,-64.79,49473341492,49569206009,389380569260,389476415488,32.8,36.1,34.3,37.6
518125,8112,42.7473,13.1259,-64.24,52860012084,52955876317,392767211477,392863057408,33.8,36.1,35.3,37.6
518178,8113,42.7225,13.1045,-65.40,56246682676,56342547125,396153853679,396249699840,32.8,36.1,34.3,37.6
518231,8114,42.7051,13.0895,-63.99,59633353780,59729218458,399540496390,399636342784,33.8,36.1,35.3,37.6
518284,8115,42.7286,13.1097,-64.79,63020024372,63115888778,402927138592,403022984704,33.8,36.1,35.3,37.6
518337,8116,42.7473,13.1259,-64.81,66406694964,66502559617,406313780786,406409627136,32.8,36.1,34.3,37.6
518390,8117,42.7051,13.0895,-64.55,69793365556,69889229938,409700422959,409796269056,32.8,36.1,34.3,37.6
518443,8118,42.7098,13.0936,-64.32,73180036148,73275900779,413087065143,413182911488,33.8,36.1,35.3,37.6
518496,8119,42.7319,13.1126,-66.18,76566706740,76662571123,416473707317,416569553408,32.8,36.1,34.3,37.6
518549,8120,42.7098,13.0936,-64.53,79953377844,80049242480,419860350003,419956196352,33.8,36.1,35.3,37.6
518602,8121,42.7319,13.1126,-66.49,83340048436,83435912830,423246992171,423342838272,33.8,36.1,35.3,37.6
518655,8122,42.7239,13.1057,-64.76,86726719028,86822583689,426633634335,426729480704,33.8,36.1,35.3,37.6
518708,8123,42.7051,13.0895,-64.35,90113389620,90209254054,430020276475,430116122624,32.8,36.1,34.3,37.6
518761,8124,42.7553,13.1328,-65.06,93500060212,93595924421,433406918638,433502764544,32.8,36.1,34.3,37.6
518814,8125,42.7098,13.0936,-64.30,96886731316,96982595807,436793561283,436889407488,33.8,36.1,35.3,37.6
518867,8126,42.7506,13.1287,-65.04,100273401908,100369266181,440180203436,440276049408,32.8,36.1,34.3,37.6
518920,8127,42.7051,13.0895,-64.64,103660072500,103755937068,443566845556,443662691840,32.8,36.1,34.3,37.6
518973,8128,42.7286,13.1097,-65.00,107046743092,107142607461,446953487686,447049333760,33.8,36.1,35.3,37.6
519026,8129,42.7225,13.1045,-66.24,110433413684,110529278349,450340129815,450435976192,33.8,36.1,35.3,37.6
519079,8130,42.7506,13.1287,-65.11,113820084788,113915949260,453726772453,453822618624,33.8,36.1,35.3,37.6
519132,8131,42.7600,13.1368,-65.04,117206755380,117302619665,457113414564,457209260544,33.8,36.1,35.3,37.6
656865,9853,42.0389,12.5162,-63.55,122175125044,122270989174,462027352846,462123198976,33.8,36.1,35.3,37.6
656918,9854,41.9953,12.4787,-65.38,125563025972,125658890321,465415235613,465511081984,33.8,36.1,35.3,37.6
656971,9855,41.9953,12.4787,-65.66,128949696564,129045560635,468801888052,468897734144,33.8,36.1,35.3,37.6
657024,9856,42.0483,12.5243,-64.07,132336366644,132432230965,472188539987,472284386304,33.8,36.1,35.3,37.6
657077,9857,42.0530,12.5283,-63.51,135723037236,135818901295,475575192412,475671038464,33.8,36.1,35.3,37.6
657130,9858,42.0610,12.5352,-65.30,139109707316,139205571646,478961844301,479057690624,33.8,36.1,35.3,37.6
657183,9859,41.9920,12.4758,-63.65,142496377908,142592241991,482348496681,482444342784,33.8,36.1,35.3,37.6
657236,9860,42.0670,12.5404,-63.63,145883047988,145978912375,485735148570,485830994944,33.8,36.1,35.3,37.6
657289,9861,42.0295,12.5081,-64.44,149269718580,149365582761,489121800920,489217647104,33.8,36.1,35.3,37.6
657342,9862,42.0342,12.5122,-64.74,152656389172,152752253169,492508453266,492604299264,33.8,36.1,35.3,37.6
657395,9863,42.0107,12.4920,-64.64,156043059252,156138923587,495895105078,495990951424,33.8,36.1,35.3,37.6
657448,9864,42.0670,12.5404,-63.65,159429729844,159525594041,499281757400,499377603584,33.8,36.1,35.3,37.6
657501,9865,42.0563,12.5312,-65.06,162816399924,162912263985,502668409175,502764255232,33.8,36.1,35.3,37.6
657554,9866,42.0154,12.4960,-63.34,166203070516,166298934465,506055061434,506150907392,33.8,36.1,35.3,37.6
657607,9867,42.0764,12.5485,-63.59,169589740596,169685604988,509441713177,509537559552,33.8,36.1,35.3,37.6
657660,9868,42.1032,12.5715,-65.19,172976411188,173072275521,512828365403,512924211712,33.8,36.1,35.3,37.6
657713,9869,42.0154,12.4960,-64.07,176363081780,176458946064,516215017578,516310863872,33.8,36.1,35.3,37.6
657766,9870,42.0530,12.5283,-63.59,179749751860,179845616129,519601669258,519697515520,33.8,36.1,35.3,37.6
657819,9871,42.0154,12.4960,-64.59,183136422452,183232286733,522988321390,523084167680,33.8,36.1,35.3,37.6
657872,9872,42.0670,12.5404,-63.37,186523092532,186618956856,526374973017,526470819328,33.8,36.1,35.3,37.6
657925,9873,42.0858,12.5566,-64.92,189909763124,190005627519,529761625113,529857471488,33.8,36.1,35.3,37.6
657978,9874,41.9967,12.4799,-64.44,193296433716,193392297662,533148277173,533244123136,33.8,36.1,35.3,37.6
658031,9875,42.0530,12.5283,-63.94,196683103796,196778967866,536534928720,536630774784,33.8,36.1,35.3,37.6
658084,9876,42.0140,12.4948,-65.56,200069774388,200165638601,539921580717,540017426944,33.8,36.1,35.3,37.6
658137,9877,42.1093,12.5768,-63.53,203456444980,203552309376,543308232739,543404079104,33.8,36.1,35.3,37.6
658190,9878,42.0576,12.5324,-63.48,206843115060,206938979126,546694884182,546790730240,33.8,36.1,35.3,37.6
658243,9879,42.0375,12.5150,-66.14,210229785652,210325649945,550081536104,550177382400,33.8,36.1,35.3,37.6
658296,9880,42.0047,12.4867,-65.50,213616456244,213712320266,553468188009,553564034048,33.8,36.1,35.3,37.6
658349,9881,42.0703,12.5433,-65.94,217003126836,217098991158,556854839897,556950686208,33.8,36.1,35.3,37.6
658402,9882,42.0295,12.5081,-64.46,220389796916,220485661018,560241491238,560337337344,33.8,36.1,35.3,37.6
658455,9883,42.0844,12.5554,-66.32,223776467508,223872331446,563628143070,563723988992,33.8,36.1,35.3,37.6
658508,9884,42.0375,12.5150,-65.94,227163138100,227259002381,567014794867,567110641152,33.8,36.1,35.3,37.6
658561,9885,42.0516,12.5271,-65.04,230549808692,230645672857,570401446637,570497292800,33.8,36.1,35.3,37.6
658614,9886,42.0703,12.5433,-65.44,233936478772,234032342841,573788097877,573883943936,33.8,36.1,35.3,37.6
658667,9887,42.0656,12.5392,-65.34,237323149364,237419013367,577174749589,577270595584,33.8,36.1,35.3,37.6
658720,9888,42.0483,12.5243,-64.59,240709819956,240805683920,580561401273,580657247232,33.8,36.1,35.3,37.6
658773,9889,42.0623,12.5364,-64.66,244096490548,244192354493,583948052946,584043898880,33.8,36.1,35.3,37.6
658826,9890,42.0389,12.5162,-63.84,247483161140,247579025110,587334704559,587430550528,33.8,36.1,35.3,37.6
658879,9891,42.0999,12.5687,-63.80,250869831732,250965695748,590721356186,590817202176,33.8,36.1,35.3,37.6
658932,9892,42.0610,12.5352,-66.04,254256501812,254352365906,594108007224,594203853312,33.8,36.1,35.3,37.6
658985,9893,42.0858,12.5566,-64.94,257643172404,257739036607,597494658777,597590504960,33.8,36.1,35.3,37.6
659038,9894,42.1032,12.5715,-65.11,261029842996,261125707328,600881310300,600977156608,33.8,36.1,35.3,37.6
659091,9895,42.0576,12.5324,-64.17,264416513588,264512377568,604267961773,604363807744,33.8,36.1,35.3,37.6
659144,9896,42.0764,12.5485,-64.07,267803184180,267899048350,607654613239,607750459392,33.8,36.1,35.3,37.6
659197,9897,42.1032,12.5715,-65.88,271189854772,271285719160,611041264677,611137111040,33.8,36.1,35.3,37.6
659250,9898,42.0764,12.5485,-64.05,274576525364,274672389487,614427916069,614523762176,33.8,36.1,35.3,37.6
659303,9899,42.0905,12.5606,-64.35,277963195956,278059060351,617814567451,617910413824,33.8,36.1,35.3,37.6
659356,9900,42.0985,12.5675,-65.07,281349866548,281445730731,621201218800,621297064960,33.8,36.1,35.3,37.6
659409,9901,42.0905,12.5606,-64.05,284736537140,284832401135,624587870123,624683716096,33.8,36.1,35.3,37.6
659462,9902,42.1093,12.5768,-63.53,288123207732,288219072075,627974521431,628070367744,33.8,36.1,35.3,37.6
659515,9903,42.0670,12.5404,-63.89,291509878324,291605742530,631361172687,631457018880,33.8,36.1,35.3,37.6
659568,9904,42.0999,12.5687,-64.37,294896548916,294992413017,634747823942,634843670016,33.8,36.1,35.3,37.6
659621,9905,42.0858,12.5566,-64.30,298283219508,298379083521,638134475160,638230321152,33.8,36.1,35.3,37.6
659674,9906,42.0905,12.5606,-64.17,301669890100,301765754079,641521126332,641616972288,33.8,36.1,35.3,37.6
659727,9907,42.0905,12.5606,-63.94,305056560692,305152424639,644907777499,645003623424,33.8,36.1,35.3,37.6
659780,9908,42.0999,12.5687,-64.01,308443231284,308539095239,648294428632,648390274560,33.8,36.1,35.3,37.6
659833,9909,42.0999,12.5687,-64.12,311829901876,311925765876,651681079722,651776925696,33.8,36.1,35.3,37.6
659886,9910,42.1374,12.6010,-63.53,315216572468,315312436530,655067730812,655163576832,33.8,36.1,35.3,37.6
659939,9911,42.0811,12.5525,-63.36,318603243572,318699107705,658454382366,658550228480,33.8,36.1,35.3,37.6
659992,9912,42.0999,12.5687,-64.05,321989914164,322085778418,661841033388,661936879616,33.8,36.1,35.3,37.6
660045,9913,42.1139,12.5808,-64.74,325376584756,325472449148,665227684393,665323530752,33.8,36.1,35.3,37.6
660098,9914,42.0905,12.5606,-64.05,328763255348,328859119366,668614335381,668710181376,33.8,36.1,35.3,37.6
660151,9915,42.1046,12.5727,-64.46,332149925940,332245790155,672000986326,672096832512,33.8,36.1,35.3,37.6
660204,9916,42.1327,12.5969,-64.33,335536596532,335632460469,675387637240,675483483136,33.8,36.1,35.3,37.6
660257,9917,42.1079,12.5756,-66.00,338923267636,339019131792,678774288655,678870134784,33.8,36.1,35.3,37.6
660310,9918,42.1890,12.6454,-64.74,342309938228,342405802681,682160939532,682256785920,33.8,36.1,35.3,37.6
660363,9919,42.1032,12.5715,-65.15,345696608820,345792473030,685547590359,685643436544,33.8,36.1,35.3,37.6
660416,9920,42.0905,12.5606,-63.82,349083279412,349179143421,688934241182,689030087168,33.8,36.1,35.3,37.6
660469,9921,42.1656,12.6252,-64.42,352469950004,352565814372,692320891990,692416738304,33.8,36.1,35.3,37.6
660522,9922,42.1374,12.6010,-64.81,355856621108,355952485331,695707543259,695803389440,33.8,36.1,35.3,37.6
660575,9923,42.1642,12.6240,-65.54,359243291700,359339155813,699094194002,699190040064,33.8,36.1,35.3,37.6
660628,9924,42.1046,12.5727,-64.07,362629962292,362725826299,702480844710,702576690688,33.8,36.1,35.3,37.6
660681,9925,42.1233,12.5889,-64.17,366016633396,366112497352,705867495904,705963341824,33.8,36.1,35.3,37.6
660734,9926,42.1562,12.6171,-64.42,369403303988,369499168418,709254146581,709349992960,33.8,36.1,35.3,37.6
660787,9927,42.0952,12.5646,-63.58,372789974580,372885838985,712640797204,712736643584,33.8,36.1,35.3,37.6
660840,9928,42.1656,12.6252,-64.24,376176645684,376272510114,716027448344,716123294720,33.8,36.1,35.3,37.6
660893,9929,42.1093,12.5768,-63.29,379563316276,379659180224,719414098915,719509944832,33.8,36.1,35.3,37.6
660946,9930,42.0952,12.5646,-64.35,382949986868,383045850872,722800749476,722896595456,33.8,36.1,35.3,37.6
660999,9931,42.1407,12.6038,-65.60,386336657972,386432522064,726187400540,726283246592,33.8,36.1,35.3,37.6
661052,9932,42.1186,12.5848,-63.39,389723328564,389819192778,729574051037,729669897216,33.8,36.1,35.3,37.6
661105,9933,42.1139,12.5808,-64.41,393109999156,393205863499,732960701530,733056547840,33.8,36.1,35.3,37.6
661158,9934,42.1515,12.6131,-64.72,396496670260,396592534261,736347352512,736443198464,33.8,36.1,35.3,37.6
661211,9935,42.2064,12.6604,-66.10,399883340852,399979205053,739734002956,739829849088,33.8,36.1,35.3,37.6
661264,9936,42.1468,12.6091,-63.70,403270011956,403365876365,743120653861,743216500224,33.8,36.1,35.3,37.6
661317,9937,42.1796,12.6373,-63.48,406656682548,406752546678,746507304267,746603150336,33.8,36.1,35.3,37.6
661370,9938,42.1890,12.6454,-63.54,410043353652,410139218043,749893955145,749989801472,33.8,36.1,35.3,37.6
661423,9939,42.1093,12.5768,-64.72,413430024244,413525888388,753280605470,753376451584,33.8,36.1,35.3,37.6
661476,9940,42.1280,12.5929,-63.53,416816695348,416912559297,756667256297,756763102208,33.8,36.1,35.3,37.6
661529,9941,42.1501,12.6119,-66.00,420203365940,420299230226,760053906591,760149752832,33.8,36.1,35.3,37.6
661582,9942,42.1829,12.6402,-65.07,423590037044,423685901182,763440557376,763536403456,33.8,36.1,35.3,37.6
661635,9943,42.1937,12.6494,-63.77,426976707636,427072571644,766827207627,766923053568,33.8,36.1,35.3,37.6
661688,9944,42.1548,12.6159,-65.50,430363378740,430459243148,770213858343,770309704704,33.8,36.1,35.3,37.6
661741,9945,42.1890,12.6454,-64.83,433750049332,433845913661,773600508552,773696354816,33.8,36.1,35.3,37.6
661794,9946,42.2125,12.6656,-64.23,437136720436,437232584715,776987159236,777083005440,33.8,36.1,35.3,37.6
661847,9947,42.1736,12.6321,-65.74,440523391028,440619255252,780373809383,780469655552,33.8,36.1,35.3,37.6
661900,9948,42.1562,12.6171,-63.87,443910062132,444005926342,783760460016,783856306176,33.8,36.1,35.3,37.6
661953,9949,42.1374,12.6010,-63.92,447296733236,447392597453,787147110626,787242956800,33.8,36.1,35.3,37.6
662006,9950,42.2265,12.6777,-64.03,450683403828,450779268097,790533760723,790629606912,33.8,36.1,35.3,37.6
662059,9951,42.2125,12.6656,-64.05,454070074932,454165939257,793920411285,794016257536,33.8,36.1,35.3,37.6
662112,9952,42.2172,12.6696,-64.26,457456745524,457552609923,797307061325,797402907648,33.8,36.1,35.3,37.6
662165,9953,42.1454,12.6079,-65.88,460843416628,460939280587,800693711843,800789557760,33.8,36.1,35.3,37.6
662218,9954,42.1562,12.6171,-64.28,464230087732,464325951815,804080362351,804176208384,33.8,36.1,35.3,37.6
662271,9955,42.1890,12.6454,-64.76,467616758324,467712622568,807467012317,807562858496,33.8,36.1,35.3,37.6
662324,9956,42.1937,12.6494,-63.68,471003429428,471099293827,810853662787,810949509120,33.8,36.1,35.3,37.6
662377,9957,42.2031,12.6575,-63.99,474390100532,474485964604,814240313231,814336159232,33.8,36.1,35.3,37.6
662430,9958,42.1515,12.6131,-64.05,477776771124,477872635408,817626963109,817722809344,33.8,36.1,35.3,37.6
662483,9959,42.2111,12.6644,-65.32,481163442228,481259306231,821013613523,821109459456,33.8,36.1,35.3,37.6
662536,9960,42.2219,12.6737,-64.44,484550113332,484645977603,824400263888,824496110080,33.8,36.1,35.3,37.6
662589,9961,42.1876,12.6442,-65.02,487936784436,488032648438,827786914251,827882760192,33.8,36.1,35.3,37.6
662642,9962,42.2205,12.6725,-65.25,491323455028,491419319353,831173564053,831269410304,33.8,36.1,35.3,37.6
662695,9963,42.2158,12.6684,-65.13,494710126132,494805990262,834560214358,834656060416,33.8,36.1,35.3,37.6
662748,9964,42.2125,12.6656,-64.08,498096797236,498192661688,837946864663,838042711040,33.8,36.1,35.3,37.6
662801,9965,42.2017,12.6563,-65.83,501483468340,501579332652,841333514907,841429361152,33.8,36.1,35.3,37.6
662854,9966,42.1782,12.6361,-65.60,504870138932,504966003104,844720164636,844816010752,33.8,36.1,35.3,37.6
662907,9967,42.2078,12.6616,-65.00,508256810036,508352674103,848106814870,848202660864,33.8,36.1,35.3,37.6
662960,9968,42.1749,12.6333,-64.44,511643481140,511739345097,851493465078,851589310976,33.8,36.1,35.3,37.6
663013,9969,42.2017,12.6563,-66.47,515030152244,515126016644,854880115266,854975961600,33.8,36.1,35.3,37.6
663066,9970,42.1890,12.6454,-64.76,518416823348,518512687712,858266765412,858362611712,33.8,36.1,35.3,37.6
663119,9971,42.1843,12.6414,-64.01,521803493940,521899358264,861653415051,861749261312,33.8,36.1,35.3,37.6
663172,9972,42.2172,12.6696,-64.66,525190165044,525286029367,865040065177,865135911424,33.8,36.1,35.3,37.6
663225,9973,42.2345,12.6846,-65.17,528576836148,528672700485,868426715279,868522561536,33.8,36.1,35.3,37.6
663278,9974,42.1937,12.6494,-64.79,531963507252,532059371613,871813365353,871909211648,33.8,36.1,35.3,37.6
663331,9975,42.2017,12.6563,-65.80,535350178356,535446042757,875200015425,875295861760,33.8,36.1,35.3,37.6
663384,9976,42.2078,12.6616,-64.30,538736849460,538832713422,878586665471,878682511360,33.8,36.1,35.3,37.6
663437,9977,42.2392,12.6886,-66.14,542123520564,542219384630,881973315489,882069161472,33.8,36.1,35.3,37.6
663490,9978,42.1984,12.6535,-64.39,545510191156,545606055325,885359964972,885455811072,33.8,36.1,35.3,37.6
663543,9979,42.2078,12.6616,-64.87,548896862260,548992726567,888746614950,888842461184,33.8,36.1,35.3,37.6
663596,9980,42.2453,12.6939,-64.19,552283533364,552379397823,892133264926,892229111296,33.8,36.1,35.3,37.6
663649,9981,42.2064,12.6604,-65.52,555670204468,555766068568,895519914865,895615760896,33.8,36.1,35.3,37.6
663702,9982,42.2453,12.6939,-64.96,559056875572,559152739873,898906564796,899002411008,33.8,36.1,35.3,37.6
663755,9983,42.2017,12.6563,-66.47,562443546676,562539410660,902293214690,902389060608,33.8,36.1,35.3,37.6
663808,9984,42.2078,12.6616,-63.70,565830217780,565926081991,905679864582,905775710720,33.8,36.1,35.3,37.6
663861,9985,42.2392,12.6886,-65.94,569216888884,569312753345,909066514453,909162360832,33.8,36.1,35.3,37.6
663914,9986,42.2299,12.6805,-65.70,572603559988,572699424199,912453164300,912549010432,33.8,36.1,35.3,37.6
663967,9987,42.2172,12.6696,-64.70,575990231092,576086095065,915839814136,915935660032,33.8,36.1,35.3,37.6
664020,9988,42.2312,12.6817,-63.87,579376902196,579472766473,919226463949,919322310144,33.8,36.1,35.3,37.6
664073,9989,42.2312,12.6817,-63.75,582763573300,582859437383,922613113744,922708959744,33.8,36.1,35.3,37.6
664126,9990,42.2252,12.6765,-65.36,586150244404,586246108826,925999763511,926095609856,33.8,36.1,35.3,37.6
664179,9991,42.2453,12.6939,-63.85,589536915508,589632779785,929386413268,929482259456,33.8,36.1,35.3,37.6
664232,9992,42.2641,12.7100,-64.42,592923586612,593019450760,932773063005,932868909056,33.8,36.1,35.3,37.6
664285,9993,42.2172,12.6696,-63.04,596310257716,596406121721,936159712728,936255558656,33.8,36.1,35.3,37.6
664338,9994,42.2533,12.7007,-65.44,599696928820,599792793254,939546362423,939642208768,33.8,36.1,35.3,37.6
664391,9995,42.2312,12.6817,-64.57,603083599924,603179464269,942933012105,943028858368,33.8,36.1,35.3,37.6
664444,9996,42.2735,12.7181,-63.85,606470271028,606566135317,946319661779,946415507968,33.8,36.1,35.3,37.6
664497,9997,42.2406,12.6898,-64.70,609856942132,609952806380,949706311407,949802157568,33.8,36.1,35.3,37.6
664550,9998,42.2392,12.6886,-65.04,613243613236,613339477450,953092961036,953188807168,33.8,36.1,35.3,37.6
664603,9999,42.2125,12.6656,-63.59,616630284340,616726148544,956479610639,956575456768,33.8,36.1,35.3,37.6
664656,10000,42.2219,12.6737,-63.58,620016955444,620112819655,959866260236,959962106368,33.8,36.1,35.3,37.6
664709,10001,42.2533,12.7007,-66.39,623403626548,623499490802,963252909802,963348755968,33.8,36.1,35.3,37.6
664762,10002,42.2735,12.7181,-64.15,626790298164,626886162462,966639559883,966735406080,33.8,36.1,35.3,37.6
664815,10003,42.2782,12.7221,-63.58,630176969268,630272833624,970026209427,970122055680,33.8,36.1,35.3,37.6
664868,10004,42.2406,12.6898,-64.07,633563640372,633659504809,973412858929,973508705280,33.8,36.1,35.3,37.6
664921,10005,42.2265,12.6777,-63.39,636950311476,637046175483,976799508441,976895354368,33.8,36.1,35.3,37.6
664974,10006,42.2641,12.7100,-64.12,640336982580,640432846720,980186157924,980282003968,33.8,36.1,35.3,37.6
665027,10007,42.2627,12.7088,-65.64,643723653684,643819517957,983572807388,983668653568,33.8,36.1,35.3,37.6
665080,10008,42.2862,12.7290,-65.68,647110324788,647206189206,986959456852,987055303168,33.8,36.1,35.3,37.6
665133,10009,42.2533,12.7007,-65.30,650496996404,650592860478,990346106782,990441952768,33.8,36.1,35.3,37.6
665186,10010,42.2688,12.7140,-64.35,653883667508,653979531782,993732756193,993828602368,33.8,36.1,35.3,37.6
665239,10011,42.2688,12.7140,-63.34,657270338612,657366203083,997119405595,997215251968,33.8,36.1,35.3,37.6
665292,10012,42.2312,12.6817,-63.94,660657009716,660752873867,1000506054988,1000601901056,33.8,36.1,35.3,37.6
665345,10013,42.2500,12.6979,-63.68,664043680820,664139545222,1003892704345,1003988550656,33.8,36.1,35.3,37.6
665398,10014,42.2735,12.7181,-64.70,667430351924,667526216076,1007279353692,1007375199744,33.8,36.1,35.3,37.6
665451,10015,42.2406,12.6898,-63.59,670817023540,670912887944,1010666003538,1010761849856,33.8,36.1,35.3,37.6
665504,10016,42.2547,12.7019,-64.37,674203694644,674299558826,1014052652854,1014148498944,33.8,36.1,35.3,37.6
665557,10017,42.2172,12.6696,-64.07,677590365748,677686230214,1017439302155,1017535148544,33.8,36.1,35.3,37.6
665610,10018,42.2641,12.7100,-64.57,680977036852,681072901143,1020825951437,1020921797632,33.8,36.1,35.3,37.6
665663,10019,42.2875,12.7302,-64.94,684363708468,684459572592,1024212601214,1024308447232,33.8,36.1,35.3,37.6
665716,10020,42.2594,12.7060,-63.49,687750379572,687846244039,1027599250460,1027695096832,33.8,36.1,35.3,37.6
665769,10021,42.2782,12.7221,-63.92,691137050676,691232915016,1030985899682,1031081745920,33.8,36.1,35.3,37.6
665822,10022,42.2594,12.7060,-64.05,694523721780,694619585988,1034372548894,1034468395008,33.8,36.1,35.3,37.6
665875,10023,42.2721,12.7169,-65.46,697910393396,698006257483,1037759198617,1037855044608,33.8,36.1,35.3,37.6
665928,10024,42.2674,12.7128,-65.19,701297064500,701392928508,1041145847782,1041241693696,33.8,36.1,35.3,37.6
665981,10025,42.3096,12.7492,-65.70,704683735604,704779600055,1044532496957,1044628343296,33.8,36.1,35.3,37.6
666034,10026,42.3063,12.7463,-64.24,708070406708,708166271108,1047919146099,1048014992384,33.8,36.1,35.3,37.6
666087,10027,42.2641,12.7100,-63.82,711457078324,711552942668,1051305795737,1051401641984,33.8,36.1,35.3,37.6
666140,10028,42.3016,12.7423,-64.23,714843749428,714939613764,1054692444849,1054788291072,33.8,36.1,35.3,37.6
666193,10029,42.2955,12.7371,-66.45,718230420532,718326284852,1058079093947,1058174940160,33.8,36.1,35.3,37.6
666246,10030,42.2782,12.7221,-64.79,721617092148,721712956481,1061465743530,1061561589760,33.8,36.1,35.3,37.6
666299,10031,42.2533,12.7007,-65.11,725003763252,725099627597,1064852392592,1064948238848,33.8,36.1,35.3,37.6
666352,10032,42.2828,12.7262,-63.63,728390434356,728486298755,1068239041641,1068334887936,33.8,36.1,35.3,37.6
666405,10033,42.3110,12.7504,-64.21,731777105972,731872970437,1071625691188,1071721537536,33.8,36.1,35.3,37.6
666458,10034,42.2688,12.7140,-63.29,735163777076,735259641094,1075012340193,1075108186112,33.8,36.1,35.3,37.6
666511,10035,42.3096,12.7492,-66.02,738550448692,738646312803,1078398989714,1078494835712,33.8,36.1,35.3,37.6
666564,10036,42.2627,12.7088,-65.25,741937119796,742032984010,1081785638678,1081881484800,33.8,36.1,35.3,37.6
666617,10037,42.2735,12.7181,-63.61,745323790900,745419655246,1085172287642,1085268133888,33.8,36.1,35.3,37.6
666670,10038,42.2782,12.7221,-64.08,748710462516,748806326999,1088558937108,1088654783488,33.8,36.1,35.3,37.6
666723,10039,42.3157,12.7544,-64.32,752097133620,752192997762,1091945586041,1092041432064,33.8,36.1,35.3,37.6
666776,10040,42.3096,12.7492,-66.08,755483804724,755579669025,1095332234964,1095428081152,33.8,36.1,35.3,37.6
666829,10041,42.2782,12.7221,-64.10,758870476340,758966340825,1098718884370,1098814730752,33.8,36.1,35.3,37.6
666882,10042,42.3237,12.7613,-65.50,762257147444,762353011629,2593905486,2689751552,33.8,36.1,35.3,37.6
666935,10043,42.2922,12.7342,-64.83,765643819060,765739683463,5980554857,6076401152,33.8,36.1,35.3,37.6
666988,10044,42.3096,12.7492,-65.02,769030490164,769126354289,9367203715,9463049728,33.8,36.1,35.3,37.6
667041,10045,42.3251,12.7625,-64.72,772417161780,772513026164,12753853067,12849699328,33.8,36.1,35.3,37.6
667094,10046,42.3391,12.7746,-64.55,775803832884,775899697018,16140501898,16236347904,33.8,36.1,35.3,37.6
667147,10047,42.2922,12.7342,-63.61,779190504500,779286368904,19527151208,19622997504,33.8,36.1,35.3,37.6
667200,10048,42.3298,12.7665,-64.17,782577175604,782673039805,22913800004,23009646080,33.8,36.1,35.3,37.6
667253,10049,42.3157,12.7544,-64.32,785963846708,786059711211,26300448784,26396295168,33.8,36.1,35.3,37.6
667306,10050,42.3471,12.7815,-66.55,789350518324,789446382643,29687098065,29782944256,33.8,36.1,35.3,37.6
667359,10051,42.3016,12.7423,-63.44,792737189428,792833053570,33073746802,33169592832,33.8,36.1,35.3,37.6
667412,10052,42.3345,12.7706,-64.76,796123861044,796219725549,36460396054,36556242432,33.8,36.1,35.3,37.6
667465,10053,42.2922,12.7342,-64.48,799510532148,799606396502,39847044762,39942891008,33.8,36.1,35.3,37.6
667518,10054,42.3190,12.7573,-65.04,802897203764,802993068000,43233693977,43329540096,33.8,36.1,35.3,37.6
667571,10055,42.3345,12.7706,-64.10,806283874868,806379739001,46620342666,46716188672,33.8,36.1,35.3,37.6
667624,10056,42.3016,12.7423,-63.48,809670546484,809766410514,50006991843,50102837760,33.8,36.1,35.3,37.6
667677,10057,42.3298,12.7665,-64.14,813057217588,813153082059,53393640502,53489486848,33.8,36.1,35.3,37.6
667730,10058,42.3190,12.7573,-65.70,816443889204,816539753600,56780289657,56876135936,33.8,36.1,35.3,37.6
667783,10059,42.3157,12.7544,-63.82,819830560820,819926425172,60166938790,60262785024,33.8,36.1,35.3,37.6
667836,10060,42.3378,12.7734,-65.88,823217231924,823313096243,63553587405,63649433600,33.8,36.1,35.3,37.6
667889,10061,42.3049,12.7451,-65.44,826603903540,826699767830,66940236509,67036082688,33.8,36.1,35.3,37.6
667942,10062,42.3251,12.7625,-63.58,829990574644,830086438939,70326885092,70422731264,33.8,36.1,35.3,37.6
667995,10063,42.3204,12.7585,-64.74,833377246260,833473110566,73713534166,73809380352,33.8,36.1,35.3,37.6
668048,10064,42.3378,12.7734,-66.32,836763917364,836859781691,77100182726,77196028928,33.8,36.1,35.3,37.6
668101,10065,42.3378,12.7734,-65.92,840150588980,840246453352,80486831769,80582678016,33.8,36.1,35.3,37.6
668154,10066,42.2922,12.7342,-64.39,843537260596,843633125017,83873480792,83969327104,33.8,36.1,35.3,37.6
668207,10067,42.3251,12.7625,-64.14,846923931700,847019796203,87260129299,87355975680,33.8,36.1,35.3,37.6
668260,10068,42.3391,12.7746,-64.03,850310603316,850406467395,90646778306,90742624256,33.8,36.1,35.3,37.6
668313,10069,42.3471,12.7815,-65.04,853697274420,853793138594,94033426787,94129272832,33.8,36.1,35.3,37.6
668366,10070,42.3438,12.7786,-63.99,857083946036,857179810337,97420075750,97515921920,33.8,36.1,35.3,37.6
668419,10071,42.3016,12.7423,-63.63,860470617652,860566482069,100806724704,100902571008,33.8,36.1,35.3,37.6
668472,10072,42.3720,12.8029,-64.53,863857288756,863953152824,104193373146,104289219072,33.8,36.1,35.3,37.6
668525,10073,42.3425,12.7775,-65.27,867243960372,867339824597,107580022062,107675868160,33.8,36.1,35.3,37.6
668578,10074,42.3518,12.7855,-65.42,870630631476,870726495882,110966670461,111062516736,33.8,36.1,35.3,37.6
668631,10075,42.3391,12.7746,-63.99,874017303092,874113167169,114353319364,114449165312,33.8,36.1,35.3,37.6
668684,10076,42.3298,12.7665,-64.19,877403974708,877499838999,117739968234,117835814400,33.8,36.1,35.3,37.6
668737,10077,42.3298,12.7665,-64.68,880790645812,880886510319,121126616594,121222462976,33.8,36.1,35.3,37.6
668790,10078,42.3143,12.7532,-65.70,884177317428,884273181655,124513265439,124609111552,33.8,36.1,35.3,37.6
668843,10079,42.3204,12.7585,-64.23,887563989044,887659853518,127899914286,127995760640,33.8,36.1,35.3,37.6
668896,10080,42.3284,12.7653,-65.50,890950660148,891046524376,131286562597,131382408704,33.8,36.1,35.3,37.6
668949,10081,42.3579,12.7908,-64.77,894337331764,894433196275,134673211417,134769057792,33.8,36.1,35.3,37.6
669002,10082,42.3378,12.7734,-66.00,897724003380,897819867671,138059860202,138155706368,33.8,36.1,35.3,37.6
669055,10083,42.3016,12.7423,-63.89,901110674996,901206539072,141446508980,141542354944,33.8,36.1,35.3,37.6
669108,10084,42.3298,12.7665,-63.96,904497346100,904593210506,144833157238,144929003520,33.8,36.1,35.3,37.6
669161,10085,42.3298,12.7665,-64.76,907884017716,907979881953,148219805983,148315652096,33.8,36.1,35.3,37.6
669214,10086,42.3298,12.7665,-64.21,911270689332,911366553402,151606454727,151702300672,33.8,36.1,35.3,37.6
669267,10087,42.3753,12.8057,-65.04,914657360436,914753224890,154993102934,155088949248,33.8,36.1,35.3,37.6
669320,10088,42.3626,12.7948,-65.00,918044032052,918139896374,158379751640,158475597824,33.8,36.1,35.3,37.6
669373,10089,42.3579,12.7908,-64.87,921430703668,921526567868,161766400336,161862246400,33.8,36.1,35.3,37.6
669426,10090,42.3204,12.7585,-63.94,924817375284,924913239359,165153049022,165248894976,33.8,36.1,35.3,37.6
669479,10091,42.3659,12.7976,-65.44,928204046388,928299910901,168539697175,168635543552,33.8,36.1,35.3,37.6
669532,10092,42.3391,12.7746,-64.85,931590718004,931686582438,171926345823,172022192128,33.8,36.1,35.3,37.6
669585,10093,42.3378,12.7734,-66.81,934977389620,935073253984,175312994465,175408840704,33.8,36.1,35.3,37.6
669638,10094,42.3800,12.8097,-65.42,938364061236,938459925566,178699643092,178795489280,33.8,36.1,35.3,37.6
669691,10095,42.3438,12.7786,-64.44,941750732340,941846596618,182086291196,182182137344,33.8,36.1,35.3,37.6
669744,10096,42.3753,12.8057,-66.55,945137403956,945233268221,185472939796,185568785920,33.8,36.1,35.3,37.6
669797,10097,42.3894,12.8178,-65.23,948524075572,948619939839,188859588376,188955434496,33.8,36.1,35.3,37.6
669850,10098,42.3894,12.8178,-65.21,951910747188,952006611457,192246236949,192342083072,33.8,36.1,35.3,37.6
669903,10099,42.3673,12.7988,-64.59,955297418804,955393283080,195632885512,195728731648,33.8,36.1,35.3,37.6
669956,10100,42.3814,12.8109,-64.90,958684089908,958779954227,199019533539,199115379712,33.8,36.1,35.3,37.6
670009,10101,42.3471,12.7815,-65.50,962070761524,962166625872,202406182068,202502028288,33.8,36.1,35.3,37.6
670062,10102,42.3345,12.7706,-63.89,965457433140,965553297545,205792830586,205888676864,33.8,36.1,35.3,37.6
670115,10103,42.3298,12.7665,-63.91,968844104756,968939969222,209179479098,209275325440,33.8,36.1,35.3,37.6
670168,10104,42.3518,12.7855,-66.74,972230776372,972326640422,212566127585,212661973504,33.8,36.1,35.3,37.6
670221,10105,42.3471,12.7815,-65.07,975617447476,975713311617,215952775556,216048621568,33.8,36.1,35.3,37.6
670274,10106,42.3753,12.8057,-65.82,979004119092,979099983360,219339424017,219435270144,33.8,36.1,35.3,37.6
670327,10107,42.3955,12.8231,-64.83,982390790708,982486655112,222726072468,222821918720,33.8,36.1,35.3,37.6
670380,10108,42.3579,12.7908,-64.39,985777462324,985873326849,226112720908,226208567296,33.8,36.1,35.3,37.6
670433,10109,42.3532,12.7867,-63.99,989164133940,989259998090,229499369344,229595215360,33.8,36.1,35.3,37.6
670486,10110,42.4001,12.8271,-64.87,992550805556,992646669895,232886017751,232981863936,33.8,36.1,35.3,37.6
670539,10111,42.3814,12.8109,-64.48,995937476660,996033341171,236272665636,236368512000,33.8,36.1,35.3,37.6
670592,10112,42.3767,12.8069,-64.48,999324148276,999420012465,239659314020,239755160064,33.8,36.1,35.3,37.6
670645,10113,42.3955,12.8231,-64.76,1002710819892,1002806684281,243045962403,243141808640,33.8,36.1,35.3,37.6
670698,10114,42.3438,12.7786,-63.89,1006097491508,1006193355588,246432610754,246528456704,33.8,36.1,35.3,37.6
670751,10115,42.3908,12.8190,-64.89,1009484163124,1009580027451,249819259103,249915105280,33.8,36.1,35.3,37.6
670804,10116,42.3485,12.7827,-64.72,1012870834740,1012966698770,253205907446,253301753344,33.8,36.1,35.3,37.6
670857,10117,42.3861,12.8150,-64.41,1016257506356,1016353370654,256592555770,256688401920,33.8,36.1,35.3,37.6
670910,10118,42.3673,12.7988,-64.42,1019644177972,1019740042017,259979204080,260075049984,33.8,36.1,35.3,37.6
670963,10119,42.3800,12.8097,-66.60,1023030849076,1023126713407,263365851859,263461698048,33.8,36.1,35.3,37.6
671016,10120,42.3438,12.7786,-64.53,1026417520692,1026513384784,266752500150,266848346112,33.8,36.1,35.3,37.6
671069,10121,42.3673,12.7988,-64.50,1029804192308,1029900056709,270139148427,270234994688,33.8,36.1,35.3,37.6
671122,10122,42.3706,12.8017,-65.76,1033190863924,1033286728137,273525796677,273621642752,33.8,36.1,35.3,37.6
671175,10123,42.3471,12.7815,-65.88,1036577535540,1036673400066,276912444930,277008291328,33.8,36.1,35.3,37.6
671228,10124,42.3861,12.8150,-64.96,1039964207156,1040060071545,280299093152,280394939392,33.8,36.1,35.3,37.6
671281,10125,42.3565,12.7896,-65.44,1043350878772,1043446742981,283685741379,283781587456,33.8,36.1,35.3,37.6
671334,10126,42.3861,12.8150,-64.50,1046737550388,1046833414464,287072389592,287168235520,33.8,36.1,35.3,37.6
671387,10127,42.3908,12.8190,-64.50,1050124222004,1050220086473,290459037778,290554884096,33.8,36.1,35.3,37.6
671440,10128,42.3908,12.8190,-64.07,1053510893620,1053606757969,293845685962,293941532160,33.8,36.1,35.3,37.6
671493,10129,42.3814,12.8109,-64.24,1056897565236,1056993429471,297232334136,297328180224,33.8,36.1,35.3,37.6
671546,10130,42.3908,12.8190,-64.83,1060284236852,1060380100995,300618982295,300714828288,33.8,36.1,35.3,37.6
671599,10131,42.4035,12.8299,-66.45,1063670908468,1063766772533,304005630439,304101476352,33.8,36.1,35.3,37.6
671652,10132,42.4142,12.8392,-64.52,1067057579572,1067153444084,307392278065,307488124416,33.8,36.1,35.3,37.6
671705,10133,42.4236,12.8473,-64.63,1070444251188,1070540115652,310778926180,310874772480,33.8,36.1,35.3,37.6
671758,10134,42.3579,12.7908,-63.46,1073830922804,1073926787202,314165574283,314261420544,33.8,36.1,35.3,37.6
671811,10135,42.4081,12.8340,-66.49,1077217594420,1077313458805,317552222377,317648068608,33.8,36.1,35.3,37.6
671864,10136,42.3767,12.8069,-63.66,1080604266036,1080700130389,320938870464,321034716672,33.8,36.1,35.3,37.6
671917,10137,42.3955,12.8231,-64.28,1083990937652,1084086802000,324325518540,324421364736,33.8,36.1,35.3,37.6
671970,10138,42.3814,12.8109,-64.87,1087377609268,1087473473621,327712166594,327808012800,33.8,36.1,35.3,37.6
672023,10139,42.4095,12.8352,-64.72,1090764280884,1090860145271,331098814635,331194660864,33.8,36.1,35.3,37.6
672076,10140,42.3720,12.8029,-63.51,1094150952500,1094246816907,334485462663,334581308928,33.8,36.1,35.3,37.6
672129,10141,42.4283,12.8513,-64.74,1097537624116,1097633488584,337872110690,337967956992,33.8,36.1,35.3,37.6
672182,10142,42.4001,12.8271,-64.59,1412667956,1508532469,341258758698,341354605056,33.8,36.1,35.3,37.6
672235,10143,42.4236,12.8473,-64.52,4799339572,4895203650,344645406695,344741252608,33.8,36.1,35.3,37.6
672288,10144,42.3861,12.8150,-63.66,8186011188,8281875335,348032054673,348127900672,33.8,36.1,35.3,37.6
672341,10145,42.4095,12.8352,-64.57,11572682804,11668547056,351418702642,351514548736,33.8,36.1,35.3,37.6
672394,10146,42.3847,12.8138,-65.54,14959354420,15055218761,354805350603,354901196800,33.8,36.1,35.3,37.6
672447,10147,42.3814,12.8109,-63.87,18346026036,18441890494,358191998553,358287844864,33.8,36.1,35.3,37.6
672500,10148,42.3579,12.7908,-63.54,21732697652,21828561727,361578646478,361674492416,33.8,36.1,35.3,37.6
672553,10149,42.3908,12.8190,-64.35,25119369268,25215233494,364965294404,365061140480,33.8,36.1,35.3,37.6
672606,10150,42.4175,12.8420,-66.39,28506040884,28601905279,368351942307,368447788544,33.8,36.1,35.3,37.6
672659,10151,42.3673,12.7988,-64.44,31892713012,31988577044,371738590716,371834436608,33.8,36.1,35.3,37.6
672712,10152,42.4001,12.8271,-63.51,35279384628,35375248846,375125238608,375221084672,33.8,36.1,35.3,37.6
672765,10153,42.3908,12.8190,-64.42,38666056244,38761920656,378511886474,378607732736,33.8,36.1,35.3,37.6
672818,10154,42.3941,12.8219,-66.32,42052727860,42148591959,381898534338,381994380288,33.8,36.1,35.3,37.6
672871,10155,42.4316,12.8542,-65.62,45439399476,45535263817,385285182176,385381028352,33.8,36.1,35.3,37.6
672924,10156,42.3908,12.8190,-63.87,48826071092,48921935630,388671830029,388767676416,33.8,36.1,35.3,37.6
672977,10157,42.4128,12.8380,-65.44,52212742708,52308606986,392058477846,392154323968,33.8,36.1,35.3,37.6
673030,10158,42.3861,12.8150,-63.73,55599414324,55695278846,395445125659,395540972032,33.8,36.1,35.3,37.6
673083,10159,42.4048,12.8311,-63.82,58986085940,59081950223,398831773458,398927619584,33.8,36.1,35.3,37.6
673136,10160,42.3988,12.8259,-65.56,62372757556,62468621598,402218421245,402314267136,33.8,36.1,35.3,37.6
673189,10161,42.4095,12.8352,-64.42,65759429172,65855293509,405605069021,405700915200,33.8,36.1,35.3,37.6
673242,10162,42.4269,12.8501,-65.09,69146100788,69241964920,408991716783,409087562752,33.8,36.1,35.3,37.6
673295,10163,42.4504,12.8703,-65.11,72532772404,72628636854,412378364538,412474210816,33.8,36.1,35.3,37.6
673348,10164,42.4410,12.8622,-65.40,75919444532,76015308797,415765012783,415860858880,33.8,36.1,35.3,37.6
673401,10165,42.4189,12.8432,-64.64,79306116148,79401980226,419151660517,419247506432,33.8,36.1,35.3,37.6
673454,10166,42.4316,12.8542,-65.09,82692787764,82788652189,422538308235,422634154496,33.8,36.1,35.3,37.6
673507,10167,42.4095,12.8352,-64.79,86079459380,86175323659,425924955928,426020802048,33.8,36.1,35.3,37.6
673560,10168,42.4457,12.8663,-65.38,89466130996,89561995133,429311603634,429407449600,33.8,36.1,35.3,37.6
673613,10169,42.4504,12.8703,-65.04,92852802612,92948667136,432698251312,432794097664,33.8,36.1,35.3,37.6
673666,10170,42.4035,12.8299,-66.64,96239474228,96335338618,436084898978,436180745216,33.8,36.1,35.3,37.6
673719,10171,42.3894,12.8178,-65.76,99626145844,99722010129,439471546630,439567392768,33.8,36.1,35.3,37.6
673772,10172,42.4363,12.8582,-65.72,103012817972,103108682173,442858194798,442954040832,33.8,36.1,35.3,37.6
673825,10173,42.4236,12.8473,-64.68,106399489588,106495353704,446244842433,446340688384,33.8,36.1,35.3,37.6
673878,10174,42.4001,12.8271,-64.37,109786161204,109882025750,449631490056,449727336448,33.8,36.1,35.3,37.6
673931,10175,42.4095,12.8352,-64.92,113172832820,113268697312,453018137667,453113984000,33.8,36.1,35.3,37.6
673984,10176,42.4363,12.8582,-65.07,116559504436,116655368893,456404785261,456500631552,33.8,36.1,35.3,37.6
674037,10177,42.4236,12.8473,-64.66,119946176052,120042040466,459791432854,459887279104,33.8,36.1,35.3,37.6
674090,10178,42.4222,12.8461,-65.06,123332847668,123428712061,463178080424,463273926656,33.8,36.1,35.3,37.6
674143,10179,42.4363,12.8582,-65.04,126719519796,126815384176,466564728506,466660574720,33.8,36.1,35.3,37.6
674196,10180,42.4330,12.8554,-65.00,130106191412,130202055788,469951376065,470047222272,33.8,36.1,35.3,37.6
674249,10181,42.4410,12.8622,-65.19,133492863028,133588727420,473338023600,473433869824,33.8,36.1,35.3,37.6
674302,10182,42.4142,12.8392,-64.70,136879534644,136975399051,476724671129,476820517376,33.8,36.1,35.3,37.6
674355,10183,42.4330,12.8554,-65.00,140266206260,140362070702,480111318654,480207164928,33.8,36.1,35.3,37.6
674408,10184,42.4377,12.8594,-64.42,143652878388,143748742870,483497966680,483593812992,33.8,36.1,35.3,37.6
674461,10185,42.4189,12.8432,-65.00,147039550004,147135414539,486884614172,486980460544,33.8,36.1,35.3,37.6
674514,10186,42.4142,12.8392,-63.98,150426221620,150522085711,490271261653,490367107584,33.8,36.1,35.3,37.6
674567,10187,42.4001,12.8271,-64.48,153812893236,153908757395,493657909131,493753755136,33.8,36.1,35.3,37.6
674620,10188,42.4410,12.8622,-66.77,157199564852,157295429120,497044556588,497140402688,33.8,36.1,35.3,37.6
674673,10189,42.4095,12.8352,-64.48,160586236980,160682101334,500431204556,500527050752,33.8,36.1,35.3,37.6
674726,10190,42.4236,12.8473,-64.72,163972908596,164068773071,503817851994,503913698304,33.8,36.1,35.3,37.6
674779,10191,42.4363,12.8582,-65.80,167359580212,167455444300,507204499422,507300345344,33.8,36.1,35.3,37.6
674832,10192,42.4504,12.8703,-65.04,170746251828,170842116060,510591146836,510686992896,33.8,36.1,35.3,37.6
674885,10193,42.4504,12.8703,-66.62,174132923444,174228787824,513977794241,514073640448,33.8,36.1,35.3,37.6
674938,10194,42.4377,12.8594,-63.94,177519595572,177615460102,517364442152,517460288512,33.8,36.1,35.3,37.6
674991,10195,42.4424,12.8634,-64.94,180906267188,181002131383,520751089530,520846935552,33.8,36.1,35.3,37.6
675044,10196,42.4457,12.8663,-65.23,184292938804,184388803171,524137736908,524233583104,33.8,36.1,35.3,37.6
675097,10197,42.4611,12.8796,-64.64,187679610420,187775474984,527524384272,527620230656,33.8,36.1,35.3,37.6
675150,10198,42.4691,12.8865,-65.52,191066282548,191162146815,530911032122,531006878208,33.8,36.1,35.3,37.6
675203,10199,42.4283,12.8513,-64.01,194452954164,194548818635,534297679455,534393525760,33.8,36.1,35.3,37.6
675256,10200,42.4705,12.8877,-64.79,197839625780,197935489972,537684326792,537780172800,33.8,36.1,35.3,37.6
675309,10201,42.4363,12.8582,-65.80,201226297396,201322161817,541070974097,541166820352,33.8,36.1,35.3,37.6
675362,10202,42.4457,12.8663,-65.60,204612969524,204708833679,544457621919,544553467904,33.8,36.1,35.3,37.6
675415,10203,42.4518,12.8715,-64.81,207999641140,208095505565,547844269207,547940115456,33.8,36.1,35.3,37.6
675468,10204,42.4457,12.8663,-65.72,211386312756,211482176929,551230916494,551326762496,33.8,36.1,35.3,37.6
675521,10205,42.4377,12.8594,-64.59,214772984884,214868849346,554617564269,554713410560,33.8,36.1,35.3,37.6
675574,10206,42.4377,12.8594,-64.90,218159656500,218255520735,558004211536,558100057600,33.8,36.1,35.3,37.6
675627,10207,42.4189,12.8432,-64.10,221546328116,221642192655,561390858776,561486705152,33.8,36.1,35.3,37.6
675680,10208,42.4377,12.8594,-64.17,224932999732,225028864078,564777506017,564873352192,33.8,36.1,35.3,37.6
675733,10209,42.4330,12.8554,-64.32,228319671860,228415536020,568164153753,568259999744,33.8,36.1,35.3,37.6
675786,10210,42.4611,12.8796,-64.66,231706343476,231802207971,571550800981,571646647296,33.8,36.1,35.3,37.6
675839,10211,42.4644,12.8824,-65.56,235093015092,235188879428,574937448178,575033294336,33.8,36.1,35.3,37.6
675892,10212,42.4518,12.8715,-64.70,238479687220,238575551394,578324095890,578419941888,33.8,36.1,35.3,37.6
675945,10213,42.4410,12.8622,-66.10,241866358836,241962223374,581710743071,581806589440,33.8,36.1,35.3,37.6
675998,10214,42.4504,12.8703,-66.45,245253030452,245348894860,585097390245,585193236480,33.8,36.1,35.3,37.6
676051,10215,42.4424,12.8634,-64.44,248639702580,248735566871,588484037914,588579884032,33.8,36.1,35.3,37.6
676104,10216,42.4644,12.8824,-66.12,252026374196,252122238368,591870685079,591966531072,33.8,36.1,35.3,37.6
676157,10217,42.4316,12.8542,-66.22,255413045812,255508909886,595257332203,595353178112,33.8,36.1,35.3,37.6
676210,10218,42.4518,12.8715,-64.85,258799717428,258895581926,598643979342,598739825664,33.8,36.1,35.3,37.6
676263,10219,42.4424,12.8634,-64.46,262186389556,262282253978,602030626966,602126473216,33.8,36.1,35.3,37.6
676316,10220,42.4236,12.8473,-64.41,265573061172,265668925517,605417274076,605513120256,33.8,36.1,35.3,37.6
676369,10221,42.4457,12.8663,-65.58,268959732788,269055597078,608803921176,608899767296,33.8,36.1,35.3,37.6
676422,10222,42.4738,12.8905,-65.58,272346404916,272442269161,612190568785,612286414848,33.8,36.1,35.3,37.6
676475,10223,42.4551,12.8744,-65.46,275733076532,275828940736,615577215859,615673061888,33.8,36.1,35.3,37.6
676528,10224,42.4564,12.8755,-64.50,279119748148,279215612326,618963862929,619059708928,33.8,36.1,35.3,37.6
676581,10225,42.4457,12.8663,-65.40,282506420276,282602284432,622350510495,622446356480,33.8,36.1,35.3,37.6
676634,10226,42.4611,12.8796,-64.39,285893091892,285988956045,625737157547,625833003520,33.8,36.1,35.3,37.6
676687,10227,42.4518,12.8715,-64.96,289279764020,289375628174,629123805095,629219651072,33.8,36.1,35.3,37.6
676740,10228,42.4705,12.8877,-64.48,292666435636,292762299806,632510452126,632606298112,33.8,36.1,35.3,37.6
676793,10229,42.4832,12.8986,-65.60,296053107252,296148971452,635897099139,635992945152,33.8,36.1,35.3,37.6
676846,10230,42.4551,12.8744,-65.25,299439779380,299535643607,639283746651,639379592704,33.8,36.1,35.3,37.6
676899,10231,42.4644,12.8824,-66.34,302826450996,302922315272,642670393647,642766239744,33.8,36.1,35.3,37.6
676952,10232,42.4705,12.8877,-64.90,306213122612,306308986947,646057040633,646152886784,33.8,36.1,35.3,37.6
677005,10233,42.4799,12.8957,-64.68,309599794740,309695659147,649443688118,649539534336,33.8,36.1,35.3,37.6
677058,10234,42.4598,12.8784,-66.18,312986466356,313082330823,652830335085,652926181376,33.8,36.1,35.3,37.6
677111,10235,42.4611,12.8796,-64.46,316373137972,316469002521,656216982048,656312828416,33.8,36.1,35.3,37.6
677164,10236,42.4644,12.8824,-66.51,319759810100,319855674234,659603629501,659699475456,33.8,36.1,35.3,37.6
677217,10237,42.4705,12.8877,-64.94,323146481716,323242345961,662990276436,663086122496,33.8,36.1,35.3,37.6
677270,10238,42.4457,12.8663,-66.30,326533153844,326629018192,666376923870,666472770048,33.8,36.1,35.3,37.6
677323,10239,42.4471,12.8675,-64.41,329919825460,330015689941,669763570782,669859417088,33.8,36.1,35.3,37.6
677376,10240,42.4564,12.8755,-64.21,333306497076,333402361174,673150217696,673246063616,33.8,36.1,35.3,37.6
677429,10241,42.4973,12.9107,-65.66,336693169204,336789033461,676536865104,676632711168,33.8,36.1,35.3,37.6
677482,10242,42.4705,12.8877,-64.26,340079840820,340175705223,679923511989,680019358208,33.8,36.1,35.3,37.6
677535,10243,42.4973,12.9107,-65.07,343466512436,343562377002,683310158874,683406005248,33.8,36.1,35.3,37.6
677588,10244,42.4785,12.8945,-65.42,346853184564,346949048789,686696806247,686792652288,33.8,36.1,35.3,37.6
677641,10245,42.4940,12.9078,-64.14,350239856180,350335720598,690083453105,690179299328,33.8,36.1,35.3,37.6
677694,10246,42.4598,12.8784,-65.98,353626528308,353722392395,693470100458,693565946368,33.8,36.1,35.3,37.6
677747,10247,42.4846,12.8998,-64.72,357013199924,357109064226,696856747297,696952593408,33.8,36.1,35.3,37.6
677800,10248,42.4846,12.8998,-64.89,360399871540,360495736050,700243394128,700339240448,33.8,36.1,35.3,37.6
677853,10249,42.4738,12.8905,-66.24,363786543668,363882407881,703630041458,703725887488,33.8,36.1,35.3,37.6
677906,10250,42.4832,12.8986,-65.27,367173215284,367269079741,707016688257,707112534528,33.8,36.1,35.3,37.6
677959,10251,42.4518,12.8715,-64.74,370559887412,370655751585,710403335572,710499181568,33.8,36.1,35.3,37.6
678012,10252,42.4705,12.8877,-64.46,373946559028,374042423456,713789982364,713885828608,33.8,36.1,35.3,37.6
678065,10253,42.4799,12.8957,-64.64,377333231156,377429095333,717176629660,717272475648,33.8,36.1,35.3,37.6
678118,10254,42.4973,12.9107,-66.74,380719902772,380815767225,720563276428,720659122688,33.8,36.1,35.3,37.6
678171,10255,42.4752,12.8917,-64.10,384106574388,384202438603,723949923188,724045769216,33.8,36.1,35.3,37.6
678224,10256,42.4940,12.9078,-64.85,387493246516,387589111023,727336570456,727432416768,33.8,36.1,35.3,37.6
678277,10257,42.4691,12.8865,-66.45,390879918132,390975782418,730723217190,730819063296,33.8,36.1,35.3,37.6
678330,10258,42.4691,12.8865,-66.24,394266590260,394362454341,734109864435,734205710336,33.8,36.1,35.3,37.6
678383,10259,42.4564,12.8755,-64.63,397653261876,397749126278,737496511152,737592357376,33.8,36.1,35.3,37.6
678436,10260,42.4799,12.8957,-64.94,401039934004,401135798222,740883158387,740979004416,33.8,36.1,35.3,37.6
678489,10261,42.4658,12.8836,-64.57,404426605620,404522470164,744269805095,744365651456,33.8,36.1,35.3,37.6
678542,10262,42.5254,12.9349,-65.25,407813277236,407909141637,747656451787,747752297984,33.8,36.1,35.3,37.6
678595,10263,42.4551,12.8744,-66.04,411199949364,411295813586,751043098976,751138945024,33.8,36.1,35.3,37.6
678648,10264,42.4846,12.8998,-64.24,414586620980,414682485060,754429745662,754525591552,33.8,36.1,35.3,37.6
678701,10265,42.5020,12.9147,-65.11,417973293108,418069157563,757816392843,757912239104,33.8,36.1,35.3,37.6
678754,10266,42.5020,12.9147,-65.06,421359964724,421455829050,761203039500,761298885632,33.8,36.1,35.3,37.6
678807,10267,42.4879,12.9026,-65.40,424746636852,424842501053,764589686660,764685532672,33.8,36.1,35.3,37.6
678860,10268,42.4752,12.8917,-63.94,428133308468,428229172552,767976333303,768072179200,33.8,36.1,35.3,37.6
678913,10269,42.4611,12.8796,-64.53,431519980084,431615844575,771362979929,771458826240,33.8,36.1,35.3,37.6
678966,10270,42.4879,12.9026,-66.60,434906652212,435002516612,774749627069,774845473280,33.8,36.1,35.3,37.6
679019,10271,42.5207,12.9309,-65.54,438293323828,438389188155,778136273684,778232119808,33.8,36.1,35.3,37.6
679072,10272,42.4879,12.9026,-65.15,441679995956,441775860198,781522920794,781618766848,33.8,36.1,35.3,37.6
679125,10273,42.4893,12.9038,-64.37,445066667572,445162531738,784909567402,785005413376,33.8,36.1,35.3,37.6
679178,10274,42.4752,12.8917,-64.30,448453339700,448549203801,788296214502,788392060416,33.8,36.1,35.3,37.6
679231,10275,42.5114,12.9228,-65.23,451840011316,451935875890,791682861080,791778707456,33.8,36.1,35.3,37.6
679284,10276,42.4940,12.9078,-64.53,455226683444,455322547971,795069508163,795165354496,33.8,36.1,35.3,37.6
679337,10277,42.4691,12.8865,-66.43,458613355060,458709219547,798456154718,798552001024,33.8,36.1,35.3,37.6
679390,10278,42.4738,12.8905,-66.39,462000027188,462095891655,801842801780,801938648064,33.8,36.1,35.3,37.6
679443,10279,42.5034,12.9159,-64.87,465386698804,465482563271,805229448323,805325294592,33.8,36.1,35.3,37.6
679496,10280,42.5161,12.9268,-66.02,468773370420,468869234874,808616094866,808711941120,33.8,36.1,35.3,37.6
679549,10281,42.5067,12.9188,-65.13,472160042548,472255907002,812002741902,812098588160,33.8,36.1,35.3,37.6
679602,10282,42.5114,12.9228,-66.77,475546714164,475642578622,815389388429,815485234688,33.8,36.1,35.3,37.6
679655,10283,42.4752,12.8917,-64.94,478933386292,479029250763,818776035444,818871881728,33.8,36.1,35.3,37.6
679708,10284,42.4846,12.8998,-64.76,482320057908,482415922406,822162681948,822258528256,33.8,36.1,35.3,37.6
679761,10285,42.4893,12.9038,-64.48,485706730036,485802594566,825549328959,825645175296,33.8,36.1,35.3,37.6
679814,10286,42.4846,12.8998,-64.77,489093401652,489189266229,828935975438,829031821824,33.8,36.1,35.3,37.6
679867,10287,42.4846,12.8998,-64.83,492480073780,492575937893,832322622430,832418468352,33.8,36.1,35.3,37.6
679920,10288,42.5114,12.9228,-65.90,495866745396,495962609574,835709268901,835805114880,33.8,36.1,35.3,37.6
679973,10289,42.5081,12.9200,-64.94,499253417524,499349281777,839095915868,839191761920,33.8,36.1,35.3,37.6
680026,10290,42.5301,12.9390,-65.32,502640089140,502735953474,842482562321,842578408448,33.8,36.1,35.3,37.6
680079,10291,42.4893,12.9038,-64.55,506026761268,506122625675,845869209274,845965055488,33.8,36.1,35.3,37.6
680132,10292,42.5174,12.9280,-64.94,509413432884,509509297391,849255855713,849351702016,33.8,36.1,35.3,37.6
680185,10293,42.4940,12.9078,-63.65,512800105012,512895969098,852642502652,852738348544,33.8,36.1,35.3,37.6
680238,10294,42.5395,12.9470,-65.11,516186776628,516282640839,856029149072,856124995072,33.8,36.1,35.3,37.6
680291,10295,42.5395,12.9470,-65.19,519573448244,519669312578,859415795476,859511641600,33.8,36.1,35.3,37.6
680344,10296,42.5174,12.9280,-65.00,522960120372,523055984826,862802442390,862898288640,33.8,36.1,35.3,37.6
680397,10297,42.5207,12.9309,-66.18,526346791988,526442656567,866189088791,866284935168,33.8,36.1,35.3,37.6
680450,10298,42.4926,12.9067,-65.30,529733464116,529829328322,869575735681,869671581696,33.8,36.1,35.3,37.6
680503,10299,42.5254,12.9349,-66.00,533120135732,533216000099,872962382062,873058228224,33.8,36.1,35.3,37.6
680556,10300,42.5315,12.9401,-64.76,536506807860,536602672385,876349028949,876444875264,33.8,36.1,35.3,37.6
680609,10301,42.5254,12.9349,-65.70,539893479476,539989343650,879735675311,879831521280,33.8,36.1,35.3,37.6
680662,10302,42.4940,12.9078,-65.00,543280151604,543376015951,883122322168,883218168320,33.8,36.1,35.3,37.6
680715,10303,42.5067,12.9188,-66.34,546666823220,546762687745,886508968520,886604814848,33.8,36.1,35.3,37.6
680768,10304,42.5254,12.9349,-65.02,550053495348,550149359557,889895615372,889991461376,33.8,36.1,35.3,37.6
680821,10305,42.4893,12.9038,-64.48,553440166964,553536031369,893282261692,893378107904,33.8,36.1,35.3,37.6
680874,10306,42.5174,12.9280,-63.92,556826839092,556922703194,896668908535,896764754432,33.8,36.1,35.3,37.6
680927,10307,42.5254,12.9349,-65.36,560213510708,560309375031,900055554841,900151400960,33.8,36.1,35.3,37.6
680980,10308,42.5034,12.9159,-64.21,563600182836,563696047367,903442201668,903538048000,33.8,36.1,35.3,37.6
681033,10309,42.5442,12.9511,-65.07,566986854452,567082718713,906828847967,906924694016,33.8,36.1,35.3,37.6
681086,10310,42.5254,12.9349,-66.57,570373526580,570469391074,910215494766,910311341056,33.8,36.1,35.3,37.6
681139,10311,42.5174,12.9280,-64.32,573760198196,573856062423,913602141049,913697987072,33.8,36.1,35.3,37.6
681192,10312,42.5207,12.9309,-65.52,577146870324,577242734803,916988787835,917084634112,33.8,36.1,35.3,37.6
681245,10313,42.5268,12.9361,-64.66,580533541940,580629406170,920375434106,920471280128,33.8,36.1,35.3,37.6
681298,10314,42.5127,12.9240,-64.42,583920214068,584016078560,923762080879,923857927168,33.8,36.1,35.3,37.6
681351,10315,42.5348,12.9430,-65.02,587306885684,587402749947,927148727130,927244573184,33.8,36.1,35.3,37.6
681404,10316,42.5174,12.9280,-63.92,590693557300,590789421836,930535373381,930631219712,33.8,36.1,35.3,37.6
681457,10317,42.5301,12.9390,-65.09,594080229428,594176093751,933922020123,934017866240,33.8,36.1,35.3,37.6
681510,10318,42.5127,12.9240,-64.08,597466901044,597562765147,937308666355,937404512256,33.8,36.1,35.3,37.6
681563,10319,42.5221,12.9321,-64.30,600853573172,600949437579,940695313096,940791159296,33.8,36.1,35.3,37.6
681616,10320,42.5315,12.9401,-64.70,604240244788,604336108998,944081959313,944177805312,33.8,36.1,35.3,37.6
681669,10321,42.5221,12.9321,-64.37,607626916916,607722781442,947468606032,947564452352,33.8,36.1,35.3,37.6
681722,10322,42.4987,12.9119,-64.48,611013588532,611109452871,950855252225,950951098368,33.8,36.1,35.3,37.6
681775,10323,42.5081,12.9200,-64.30,614400260660,614496124820,954241898936,954337744896,33.8,36.1,35.3,37.6
681828,10324,42.5268,12.9361,-64.74,617786932276,617882796793,957628545115,957724391424,33.8,36.1,35.3,37.6
681881,10325,42.5254,12.9349,-66.30,621173604404,621269468752,961015191808,961111037952,33.8,36.1,35.3,37.6
681934,10326,42.5536,12.9591,-65.02,624560276020,624656140219,964401837985,964497683968,33.8,36.1,35.3,37.6
681987,10327,42.5221,12.9321,-64.41,627946948148,628042812699,967788484663,967884331008,33.8,36.1,35.3,37.6
682040,10328,42.5207,12.9309,-66.34,631333619764,631429484168,971175130823,971270977024,33.8,36.1,35.3,37.6
682093,10329,42.5301,12.9390,-66.04,634720291892,634816156171,974561777480,974657623552,33.8,36.1,35.3,37.6
682146,10330,42.5207,12.9309,-66.70,638106963508,638202827649,977948423630,978044269568,33.8,36.1,35.3,37.6
682199,10331,42.5254,12.9349,-65.25,641493635636,641589500167,981335070282,981430916608,33.8,36.1,35.3,37.6
682252,10332,42.5221,12.9321,-64.48,644880307252,644976171680,984721716402,984817562624,33.8,36.1,35.3,37.6
682305,10333,42.5583,12.9632,-65.52,648266978868,648362843198,988108362529,988204208640,33.8,36.1,35.3,37.6
682358,10334,42.5301,12.9390,-66.51,651653650996,651749515207,991495009163,991590855168,33.8,36.1,35.3,37.6
682411,10335,42.5067,12.9188,-66.08,655040322612,655136186727,994881655266,994977501184,33.8,36.1,35.3,37.6
682464,10336,42.5127,12.9240,-64.10,658426994740,658522859281,998268301885,998364148224,33.8,36.1,35.3,37.6
682517,10337,42.5034,12.9159,-64.94,661813666356,661909530820,1001654947975,1001750794240,33.8,36.1,35.3,37.6
682570,10338,42.5348,12.9430,-65.19,665200338484,665296202878,1005041594582,1005137440768,33.8,36.1,35.3,37.6
682623,10339,42.5395,12.9470,-65.21,668587010100,668682874429,1008428240666,1008524086784,33.8,36.1,35.3,37.6
682676,10340,42.5583,12.9632,-65.40,671973682228,672069546503,1011814887256,1011910733312,33.8,36.1,35.3,37.6
682729,10341,42.5034,12.9159,-64.66,675360353844,675456218050,1015201533320,1015297379328,33.8,36.1,35.3,37.6
682782,10342,42.5268,12.9361,-64.74,678747025972,678842890136,1018588179900,1018684025856,33.8,36.1,35.3,37.6
682835,10343,42.5597,12.9644,-64.72,682133697588,682229561721,1021974825962,1022070671872,33.8,36.1,35.3,37.6
682888,10344,42.5348,12.9430,-65.19,685520369204,685616233799,1025361472014,1025457318400,33.8,36.1,35.3,37.6
682941,10345,42.5315,12.9401,-64.72,688907041332,689002905898,1028748118572,1028843964928,33.8,36.1,35.3,37.6
682994,10346,42.5268,12.9361,-64.44,692293712948,692389577496,1032134764604,1032230610944,33.8,36.1,35.3,37.6
683047,10347,42.5268,12.9361,-64.21,695680385076,695776249602,1035521411154,1035617257472,33.8,36.1,35.3,37.6
683100,10348,42.5362,12.9442,-64.79,699067056692,699162921216,1038908057176,1039003903488,33.8,36.1,35.3,37.6
683153,10349,42.5174,12.9280,-64.87,702453728820,702549593335,1042294703706,1042390550016,33.8,36.1,35.3,37.6
683206,10350,42.5174,12.9280,-64.79,705840400436,705936264953,1045681349719,1045777196032,33.8,36.1,35.3,37.6
683259,10351,42.5268,12.9361,-64.33,709227072052,709322936580,1049067995729,1049163842048,33.8,36.1,35.3,37.6
683312,10352,42.5536,12.9591,-65.90,712613744180,712709608725,1052454642248,1052550488576,33.8,36.1,35.3,37.6
683365,10353,42.5409,12.9482,-64.74,716000415796,716096280366,1055841288237,1055937134592,33.8,36.1,35.3,37.6
683418,10354,42.5127,12.9240,-64.35,719387087924,719482952518,1059227934729,1059323781120,33.8,36.1,35.3,37.6
683471,10355,42.5583,12.9632,-65.52,722773759540,722869623665,1062614580718,1062710426624,33.8,36.1,35.3,37.6
683524,10356,42.5315,12.9401,-64.89,726160431668,726256295833,1066001227198,1066097073152,33.8,36.1,35.3,37.6
683577,10357,42.5489,12.9551,-66.16,729547103284,729642967496,1069387873171,1069483719168,33.8,36.1,35.3,37.6
683630,10358,42.5315,12.9401,-64.61,732933774900,733029639173,1072774519122,1072870365184,33.8,36.1,35.3,37.6
683683,10359,42.5362,12.9442,-64.96,736320447028,736416311361,1076161165592,1076257011712,33.8,36.1,35.3,37.6
683736,10360,42.5409,12.9482,-64.90,739707118644,739802983044,1079547811542,1079643657728,33.8,36.1,35.3,37.6
683789,10361,42.5456,12.9523,-64.23,743093790772,743189655250,1082934457994,1083030304256,33.8,36.1,35.3,37.6
683842,10362,42.5174,12.9280,-64.66,746480462388,746576326936,1086321103928,1086416950272,33.8,36.1,35.3,37.6
683895,10363,42.5536,12.9591,-65.15,749867134004,749962998139,1089707749857,1089803595776,33.8,36.1,35.3,37.6
683948,10364,42.5489,12.9551,-66.41,753253806132,753349670356,1093094396294,1093190242304,33.8,36.1,35.3,37.6
684001,10365,42.5630,12.9672,-65.02,756640477748,756736342082,1096481042206,1096576888320,33.8,36.1,35.3,37.6
684054,10366,42.5362,12.9442,-64.57,760027149876,760123014314,356060846,451907072,33.8,36.1,35.3,37.6
684107,10367,42.5503,12.9563,-64.41,763413821492,763509686034,3742706764,3838553088,33.8,36.1,35.3,37.6
684160,10368,42.5127,12.9240,-64.23,766800493108,766896357255,7129352648,7225198592,33.8,36.1,35.3,37.6
684213,10369,42.5315,12.9401,-64.64,770187165236,770283029512,10515999055,10611845120,33.8,36.1,35.3,37.6
684266,10370,42.5409,12.9482,-64.50,773573836852,773669701260,13902644942,13998491136,33.8,36.1,35.3,37.6
684319,10371,42.5315,12.9401,-64.37,776960508980,777056373520,17289291335,17385137664,33.8,36.1,35.3,37.6
684372,10372,42.5550,12.9603,-64.70,780347180596,780443044783,20675937201,20771783168,33.8,36.1,35.3,37.6
684425,10373,42.5442,12.9511,-65.44,783733852212,783829716546,24062583063,24158429184,33.8,36.1,35.3,37.6
684478,10374,42.5268,12.9361,-64.57,787120524340,787216388826,27449229435,27545075712,33.8,36.1,35.3,37.6
684531,10375,42.5268,12.9361,-64.61,790507195956,790603060095,30835875286,30931721216,33.8,36.1,35.3,37.6
684584,10376,42.5597,12.9644,-64.74,793893868084,793989732404,34222521646,34318367744,33.8,36.1,35.3,37.6
684637,10377,42.5348,12.9430,-66.30,797280539700,797376404183,37609167485,37705013760,33.8,36.1,35.3,37.6
684690,10378,42.5456,12.9523,-64.48,800667211316,800763075473,40995813323,41091659264,33.8,36.1,35.3,37.6
684743,10379,42.5254,12.9349,-65.80,804053883444,804149747784,44382459656,44478305792,33.8,36.1,35.3,37.6
684796,10380,42.5268,12.9361,-64.39,807440555060,807536419598,47769105479,47864951808,33.8,36.1,35.3,37.6
684849,10381,42.5597,12.9644,-65.00,810827226676,810923090903,51155751307,51251597312,33.8,36.1,35.3,37.6
684902,10382,42.5395,12.9470,-66.39,814213898804,814309763231,54542397624,54638243840,33.8,36.1,35.3,37.6
684955,10383,42.5597,12.9644,-64.96,817600570420,817696434547,57929043439,58024889344,33.8,36.1,35.3,37.6
685008,10384,42.5536,12.9591,-65.38,820987242036,821083106378,61315689235,61411535360,33.8,36.1,35.3,37.6
685061,10385,42.5362,12.9442,-64.68,824373914164,824469778726,64702335539,64798181888,33.8,36.1,35.3,37.6
685114,10386,42.5550,12.9603,-64.68,827760585780,827856450066,68088981326,68184827392,33.8,36.1,35.3,37.6
685167,10387,42.5770,12.9793,-65.17,831147257908,831243122429,71475627626,71571473920,33.8,36.1,35.3,37.6
685220,10388,42.5456,12.9523,-64.61,834533929524,834629793763,74862273401,74958119424,33.8,36.1,35.3,37.6
685273,10389,42.5503,12.9563,-64.33,837920601140,838016465624,78248919175,78344765440,33.8,36.1,35.3,37.6
685326,10390,42.5395,12.9470,-66.24,841307273268,841403137480,81635565455,81731411456,33.8,36.1,35.3,37.6
685379,10391,42.5409,12.9482,-64.77,844693944884,844789809363,85022211208,85118057472,33.8,36.1,35.3,37.6
685432,10392,42.5503,12.9563,-64.46,848080616500,848176480730,88408856965,88504702976,33.8,36.1,35.3,37.6
685485,10393,42.5395,12.9470,-65.28,851467288628,851563153121,91795503221,91891349504,33.8,36.1,35.3,37.6
685538,10394,42.5864,12.9874,-65.94,854853960244,854949824506,95182148976,95277995008,33.8,36.1,35.3,37.6
685591,10395,42.5268,12.9361,-64.85,858240631860,858336496386,98568794707,98664641024,33.8,36.1,35.3,37.6
685644,10396,42.5583,12.9632,-65.58,861627303988,861723168295,101955440951,102051287040,33.8,36.1,35.3,37.6
685697,10397,42.5362,12.9442,-64.59,865013975604,865109840191,105342086682,105437933056,33.8,36.1,35.3,37.6
685750,10398,42.5817,12.9834,-65.21,868400647220,868496511604,108728732404,108824578560,33.8,36.1,35.3,37.6
685803,10399,42.5737,12.9765,-64.14,871787318836,871883183004,112115378124,112211224064,33.8,36.1,35.3,37.6
685856,10400,42.5395,12.9470,-66.26,875173990964,875269855428,115502024338,115597870592,33.8,36.1,35.3,37.6
685909,10401,42.5550,12.9603,-64.70,878560662580,878656526852,118888670045,118984516096,33.8,36.1,35.3,37.6
685962,10402,42.5503,12.9563,-64.55,881947334196,882043198781,122275315745,122371162112,33.8,36.1,35.3,37.6
686015,10403,42.5503,12.9563,-64.83,885334006324,885429870722,125661961949,125757808128,33.8,36.1,35.3,37.6
686068,10404,42.5536,12.9591,-66.60,888720677940,888816542149,129048607640,129144453632,33.8,36.1,35.3,37.6
686121,10405,42.5456,12.9523,-64.23,892107349556,892203214097,132435253323,132531099648,33.8,36.1,35.3,37.6
686174,10406,42.5817,12.9834,-66.39,895494021684,895589886062,135821899514,135917745664,33.8,36.1,35.3,37.6
686227,10407,42.5362,12.9442,-65.00,898880693300,898976557502,139208545179,139304391168,33.8,36.1,35.3,37.6
686280,10408,42.5409,12.9482,-64.52,902267364916,902363229470,142595190844,142691037184,33.8,36.1,35.3,37.6
686333,10409,42.5550,12.9603,-64.96,905654036532,905749900932,145981836509,146077682688,33.8,36.1,35.3,37.6
686386,10410,42.5536,12.9591,-65.52,909040708660,909136572910,149368482671,149464328704,33.8,36.1,35.3,37.6
686439,10411,42.5724,12.9753,-65.23,912427380276,912523244889,152755128332,152850974720,33.8,36.1,35.3,37.6
686492,10412,42.5362,12.9442,-64.89,915814051892,915909916358,156141773970,156237620224,33.8,36.1,35.3,37.6
686545,10413,42.5737,12.9765,-64.89,919200724020,919296588360,159528420128,159624266240,33.8,36.1,35.3,37.6
686598,10414,42.5724,12.9753,-65.92,922587395636,922683259838,162915065766,163010911744,33.8,36.1,35.3,37.6
686651,10415,42.5677,12.9713,-65.02,925974067252,926069931841,166301711394,166397557760,33.8,36.1,35.3,37.6
686704,10416,42.5550,12.9603,-64.90,929360738868,929456603331,169688357022,169784203264,33.8,36.1,35.3,37.6
686757,10417,42.5536,12.9591,-65.13,932747410996,932843275348,173075003144,173170849280,33.8,36.1,35.3,37.6
686810,10418,42.6099,13.0076,-65.58,936134082612,936229946859,176461648777,176557494784,33.8,36.1,35.3,37.6
686863,10419,42.5597,12.9644,-64.92,939520754228,939616618355,179848294383,179944140288,33.8,36.1,35.3,37.6
686916,10420,42.5550,12.9603,-64.12,942907425844,943003290382,183234939987,183330786304,33.8,36.1,35.3,37.6
686969,10421,42.5550,12.9603,-64.53,946294097972,946389962413,186621586099,186717432320,33.8,36.1,35.3,37.6
687022,10422,42.5315,12.9401,-64.76,949680769588,949776633929,190008231694,190104077824,33.8,36.1,35.3,37.6
687075,10423,42.5930,12.9931,-67.05,953067441204,953163305467,193394877292,193490723328,33.8,36.1,35.3,37.6
687128,10424,42.5644,12.9684,-64.39,956454112820,956549976989,196781522888,196877368832,33.8,36.1,35.3,37.6
687181,10425,42.5456,12.9523,-64.48,959840784436,959936649029,200168168471,200264014848,33.8,36.1,35.3,37.6
687234,10426,42.5630,12.9672,-66.74,963227456564,963323321081,203554814567,203650660864,33.8,36.1,35.3,37.6
687287,10427,42.5770,12.9793,-66.98,966614128180,966709992634,206941460140,207037306368,33.8,36.1,35.3,37.6
687340,10428,42.5817,12.9834,-65.46,970000799796,970096664192,210328105705,210423951872,33.8,36.1,35.3,37.6
687393,10429,42.6005,12.9995,-65.68,973387471412,973483335746,213714751279,213810597376,33.8,36.1,35.3,37.6
687446,10430,42.5911,12.9914,-65.06,976774143028,976870007295,217101396846,217197242880,33.8,36.1,35.3,37.6
687499,10431,42.5737,12.9765,-64.42,980160815156,980256679366,220488042914,220583888896,33.8,36.1,35.3,37.6
687552,10432,42.5503,12.9563,-64.19,983547486772,983643350935,223874688456,223970534400,33.8,36.1,35.3,37.6
687605,10433,42.5724,12.9753,-66.30,986934158388,987030022505,227261334012,227357179904,33.8,36.1,35.3,37.6
687658,10434,42.5724,12.9753,-65.44,990320830004,990416694589,230647979559,230743825920,33.8,36.1,35.3,37.6
687711,10435,42.5442,12.9511,-65.23,993707501620,993803366162,234034625095,234130471424,33.8,36.1,35.3,37.6
687764,10436,42.5724,12.9753,-65.28,997094173748,997190038270,237421271143,237517117440,33.8,36.1,35.3,37.6
687817,10437,42.5958,12.9955,-65.07,1000480845364,1000576709862,240807916680,240903762944,33.8,36.1,35.3,37.6
687870,10438,42.5503,12.9563,-64.70,1003867516980,1003963381442,244194562204,244290408448,33.8,36.1,35.3,37.6
687923,10439,42.6099,13.0076,-65.06,1007254188596,1007350053056,247581207732,247677053952,33.8,36.1,35.3,37.6
687976,10440,42.5958,12.9955,-65.83,1010640860212,1010736724652,250967853251,251063699456,33.8,36.1,35.3,37.6
688029,10441,42.5831,12.9846,-64.23,1014027531828,1014123396256,254354498765,254450344960,33.8,36.1,35.3,37.6
688082,10442,42.5456,12.9523,-64.87,1017414203444,1017510067852,257741144273,257836990464,33.8,36.1,35.3,37.6
688135,10443,42.5831,12.9846,-64.30,1020800875572,1020896739986,261127790298,261223636480,33.8,36.1,35.3,37.6
688188,10444,42.5864,12.9874,-66.26,1024187547188,1024283411604,264514435799,264610281984,33.8,36.1,35.3,37.6
688241,10445,42.5583,12.9632,-66.60,1027574218804,1027670083217,267901081294,267996927488,33.8,36.1,35.3,37.6
688294,10446,42.5784,12.9805,-64.33,1030960890420,1031056754850,271287726792,271383572992,33.8,36.1,35.3,37.6
688347,10447,42.5630,12.9672,-65.28,1034347562036,1034443426475,274674372277,274770218496,33.8,36.1,35.3,37.6
688400,10448,42.5958,12.9955,-65.15,1037734233652,1037830098112,278061017774,278156864000,33.8,36.1,35.3,37.6
688453,10449,42.5597,12.9644,-64.41,1041120905268,1041216769745,281447663250,281543509504,33.8,36.1,35.3,37.6
688506,10450,42.5409,12.9482,-64.44,1044507576884,1044603441378,284834308728,284930155008,33.8,36.1,35.3,37.6
688559,10451,42.5597,12.9644,-64.46,1047894248500,1047990113025,288220954209,288316800512,33.8,36.1,35.3,37.6
688612,10452,42.5817,12.9834,-66.60,1051280920628,1051376785188,291607600197,291703446528,33.8,36.1,35.3,37.6
688665,10453,42.5550,12.9603,-64.35,1054667592244,1054763456840,294994245657,295090092032,33.8,36.1,35.3,37.6
688718,10454,42.6052,13.0036,-66.14,1058054263860,1058150128000,298380891123,298476737024,33.8,36.1,35.3,37.6
688771,10455,42.5597,12.9644,-64.42,1061440935476,1061536799650,301767536576,301863382528,33.8,36.1,35.3,37.6
688824,10456,42.5878,12.9886,-64.42,1064827607092,1064923471319,305154182040,305250028032,33.8,36.1,35.3,37.6
688877,10457,42.5724,12.9753,-65.15,1068214278708,1068310142983,308540827485,308636673536,33.8,36.1,35.3,37.6
688930,10458,42.5784,12.9805,-64.96,1071600950324,1071696814658,311927472936,312023319040,33.8,36.1,35.3,37.6
688983,10459,42.5925,12.9926,-64.83,1074987621940,1075083486340,315314118381,315409964544,33.8,36.1,35.3,37.6
689036,10460,42.5817,12.9834,-66.85,1078374293556,1078470158011,318700763821,318796610048,33.8,36.1,35.3,37.6
689089,10461,42.6099,13.0076,-65.83,1081760965172,1081856829704,322087409260,322183255552,33.8,36.1,35.3,37.6
689142,10462,42.5817,12.9834,-66.77,1085147636788,1085243501372,325474054701,325569901056,33.8,36.1,35.3,37.6
689195,10463,42.5597,12.9644,-64.83,1088534308404,1088630172550,328860700124,328956546048,33.8,36.1,35.3,37.6
689248,10464,42.5630,12.9672,-66.34,1091920980020,1092016844238,332247345554,332343191552,33.8,36.1,35.3,37.6
689301,10465,42.5911,12.9914,-65.83,1095307651636,1095403515947,335633990977,335729837056,33.8,36.1,35.3,37.6
689354,10466,42.5911,12.9914,-65.32,1098694323252,1098790187645,339020636400,339116482560,33.8,36.1,35.3,37.6
689407,10467,42.5630,12.9672,-66.70,2569367092,2665231555,342407281822,342503128064,33.8,36.1,35.3,37.6
689460,10468,42.5644,12.9684,-64.37,5956038708,6051903264,345793927237,345889773568,33.8,36.1,35.3,37.6
689513,10469,42.6005,12.9995,-65.06,9342710324,9438574464,349180572657,349276418560,33.8,36.1,35.3,37.6
689566,10470,42.6019,13.0007,-64.50,12729381940,12825246171,352567218073,352663064064,33.8,36.1,35.3,37.6
689619,10471,42.6099,13.0076,-65.88,16116053556,16211917890,355953863474,356049709568,33.8,36.1,35.3,37.6
689672,10472,42.5817,12.9834,-65.40,19502725172,19598589592,359340508880,359436355072,33.8,36.1,35.3,37.6
689725,10473,42.5770,12.9793,-65.28,22889396788,22985261311,362727154279,362823000576,33.8,36.1,35.3,37.6
689778,10474,42.5817,12.9834,-65.50,26276068404,26371933028,366113799685,366209646080,33.8,36.1,35.3,37.6
689831,10475,42.5784,12.9805,-64.83,29662740020,29758604241,369500445082,369596291072,33.8,36.1,35.3,37.6
689884,10476,42.6005,12.9995,-65.23,33049411636,33145275969,372887090479,372982936576,33.8,36.1,35.3,37.6
689937,10477,42.5831,12.9846,-64.68,36436083252,36531947699,376273735865,376369582080,33.8,36.1,35.3,37.6
689990,10478,42.5878,12.9886,-64.55,39822754868,39918619424,379660381262,379756227584,33.8,36.1,35.3,37.6
690043,10479,42.5784,12.9805,-64.81,43209426484,43305290638,383047026653,383142872576,33.8,36.1,35.3,37.6
690096,10480,42.5911,12.9914,-66.49,46596098100,46691962371,386433672042,386529518080,33.8,36.1,35.3,37.6
690149,10481,42.5911,12.9914,-65.30,49982769204,50078633599,389820316909,389916163072,33.8,36.1,35.3,37.6
690202,10482,42.5864,12.9874,-65.25,53369440820,53465305336,393206962291,393302808576,33.8,36.1,35.3,37.6
690255,10483,42.6052,13.0036,-65.09,56756112436,56851976574,396593607669,396689453568,33.8,36.1,35.3,37.6
690308,10484,42.6099,13.0076,-65.15,60142784052,60238648320,399980253044,400076099072,33.8,36.1,35.3,37.6
690361,10485,42.6005,12.9995,-65.21,63529455668,63625320065,403366898415,403462744576,33.8,36.1,35.3,37.6
690414,10486,42.5958,12.9955,-65.11,66916127284,67011991810,406753543789,406849390080,33.8,36.1,35.3,37.6
690467,10487,42.6099,13.0076,-66.26,70302798900,70398663049,410140189164,410236035072,33.8,36.1,35.3,37.6
690520,10488,42.5770,12.9793,-66.55,73689470516,73785334802,413526834517,413622680576,33.8,36.1,35.3,37.6
690573,10489,42.5864,12.9874,-66.43,77076141620,77172006051,416913479367,417009325568,33.8,36.1,35.3,37.6
690626,10490,42.5737,12.9765,-64.89,80462813236,80558677801,420300124735,420395971072,33.8,36.1,35.3,37.6
690679,10491,42.6019,13.0007,-64.89,83849484852,83945349056,423686770101,423782616064,33.8,36.1,35.3,37.6
690732,10492,42.5831,12.9846,-64.41,87236156468,87332020819,427073415450,427169261568,33.8,36.1,35.3,37.6
690785,10493,42.5770,12.9793,-66.37,90622828084,90718692579,430460060804,430555907072,33.8,36.1,35.3,37.6
690838,10494,42.5644,12.9684,-64.90,94009499188,94105363322,433846705642,433942551552,33.8,36.1,35.3,37.6
690891,10495,42.6066,13.0047,-64.81,97396170804,97492035105,437233350998,437329197056,33.8,36.1,35.3,37.6
690944,10496,42.5864,12.9874,-66.12,100782842420,100878706873,440619996337,440715842560,33.8,36.1,35.3,37.6
690997,10497,42.5878,12.9886,-64.53,104169514036,104265378637,444006641698,444102488064,33.8,36.1,35.3,37.6
691050,10498,42.5831,12.9846,-64.89,107556185652,107652049905,447393287035,447489133056,33.8,36.1,35.3,37.6
691103,10499,42.5911,12.9914,-66.24,110942856756,111038721171,450779931865,450875778048,33.8,36.1,35.3,37.6
691156,10500,42.5911,12.9914,-65.54,114329528372,114425392946,454166577210,454262423552,33.8,36.1,35.3,37.6
691209,10501,42.6066,13.0047,-64.32,117716199988,117812064219,457553222556,457649068544,33.8,36.1,35.3,37.6
691262,10502,42.5817,12.9834,-65.32,121102871604,121198736000,460939867880,461035714048,33.8,36.1,35.3,37.6
691315,10503,42.5737,12.9765,-64.85,124489542708,124585407269,464326512707,464422359040,33.8,36.1,35.3,37.6
691368,10504,42.5770,12.9793,-65.52,127876214324,127972078548,467713158034,467809004032,33.8,36.1,35.3,37.6
691421,10505,42.5911,12.9914,-66.87,131262885940,131358750333,471099803376,471195649536,33.8,36.1,35.3,37.6
691474,10506,42.5925,12.9926,-64.66,134649557044,134745421614,474486448194,474582294528,33.8,36.1,35.3,37.6
691527,10507,42.5925,12.9926,-64.52,138036228660,138132092891,477873093525,477968939520,33.8,36.1,35.3,37.6
691580,10508,42.5784,12.9805,-64.46,141422900276,141518764682,481259738848,481355585024,33.8,36.1,35.3,37.6
691633,10509,42.5864,12.9874,-66.30,144809571380,144905435964,484646383663,484742230016,33.8,36.1,35.3,37.6
691686,10510,42.6099,13.0076,-65.72,148196242996,148292107258,488033028987,488128875008,33.8,36.1,35.3,37.6
691739,10511,42.5864,12.9874,-65.72,151582914612,151678779049,491419674306,491515520512,33.8,36.1,35.3,37.6
691792,10512,42.5737,12.9765,-64.28,154969585716,155065450330,494806319119,494902165504,33.8,36.1,35.3,37.6
691845,10513,42.5737,12.9765,-64.66,158356257332,158452121627,498192964430,498288810496,33.8,36.1,35.3,37.6
691898,10514,42.5737,12.9765,-64.66,161742928948,161838793426,501579609750,501675456000,33.8,36.1,35.3,37.6
691951,10515,42.5784,12.9805,-64.72,165129600052,165225464196,504966254567,505062100480,33.8,36.1,35.3,37.6
692004,10516,42.5831,12.9846,-64.52,168516271668,168612136007,508352899878,508448745984,33.8,36.1,35.3,37.6
692057,10517,42.5597,12.9644,-64.74,171902942772,171998807296,511739544675,511835390976,33.8,36.1,35.3,37.6
692110,10518,42.5911,12.9914,-66.70,175289614388,175385478591,515126189998,515222035968,33.8,36.1,35.3,37.6
692163,10519,42.5911,12.9914,-66.62,178676286004,178772150402,518512835307,518608681472,33.8,36.1,35.3,37.6
692216,10520,42.5878,12.9886,-64.70,182062957108,182158821705,521899480102,521995326464,33.8,36.1,35.3,37.6
692269,10521,42.6052,13.0036,-65.15,185449628724,185545492999,525286125419,525381971456,33.8,36.1,35.3,37.6
692322,10522,42.5831,12.9846,-64.61,188836299828,188932164303,528672770205,528768616448,33.8,36.1,35.3,37.6
692375,10523,42.5878,12.9886,-64.41,192222971444,192318835603,532059415515,532155261440,33.8,36.1,35.3,37.6
692428,10524,42.5817,12.9834,-66.28,195609642548,195705506907,535446060301,535541906432,33.8,36.1,35.3,37.6
692481,10525,42.5583,12.9632,-65.80,198996314164,199092178713,538832705605,538928551936,33.8,36.1,35.3,37.6
692534,10526,42.5878,12.9886,-64.81,202382985268,202478849514,542219350405,542315196416,33.8,36.1,35.3,37.6
692587,10527,42.6193,13.0157,-65.13,205769656884,205865521342,545605995706,545701841920,33.8,36.1,35.3,37.6
692640,10528,42.5972,12.9967,-64.83,209156327988,209252192129,548992640498,549088486400,33.8,36.1,35.3,37.6
692693,10529,42.5770,12.9793,-65.07,212542999604,212638863943,552379285791,552475131904,33.8,36.1,35.3,37.6
692746,10530,42.5737,12.9765,-64.30,215929670708,216025535257,555765930576,555861776896,33.8,36.1,35.3,37.6
692799,10531,42.5911,12.9914,-65.56,219316342324,219412206566,559152575878,559248421888,33.8,36.1,35.3,37.6
692852,10532,42.5911,12.9914,-66.94,222703013428,222798877876,562539220664,562635066880,33.8,36.1,35.3,37.6
692905,10533,42.5831,12.9846,-64.68,226089685044,226185549183,565925865966,566021711872,33.8,36.1,35.3,37.6
692958,10534,42.5831,12.9846,-64.72,229476356148,229572220501,569312510744,569408356864,33.8,36.1,35.3,37.6
693011,10535,42.5690,12.9724,-64.24,232863027764,232958892317,572699156042,572795002368,33.8,36.1,35.3,37.6
693064,10536,42.6240,13.0197,-65.30,236249698868,236345563139,576085800824,576181646848,33.8,36.1,35.3,37.6
693117,10537,42.5737,12.9765,-64.64,239636369972,239732234439,579472445602,579568291840,33.8,36.1,35.3,37.6
693170,10538,42.5690,12.9724,-64.48,243023041588,243118905754,582859090892,582954936832,33.8,36.1,35.3,37.6
693223,10539,42.5864,12.9874,-65.07,246409712692,246505577078,586245735668,586341581824,33.8,36.1,35.3,37.6
693276,10540,42.5737,12.9765,-64.17,249796383796,249892248388,589632380453,589728226816,33.8,36.1,35.3,37.6
693329,10541,42.6099,13.0076,-66.64,253183055412,253278919728,593019025732,593114871808,33.8,36.1,35.3,37.6
693382,10542,42.5958,12.9955,-65.02,256569726516,256665591037,596405670513,596501516800,33.8,36.1,35.3,37.6
693435,10543,42.5737,12.9765,-64.46,259956398132,260052262350,599792315803,599888161792,33.8,36.1,35.3,37.6
693488,10544,42.5831,12.9846,-64.55,263343069236,263438933679,603178960573,603274806784,33.8,36.1,35.3,37.6
693541,10545,42.5925,12.9926,-64.81,266729740340,266825604479,606565605362,606661451264,33.8,36.1,35.3,37.6
693594,10546,42.6052,13.0036,-65.94,270116411444,270212275811,609952250128,610048096256,33.8,36.1,35.3,37.6
693647,10547,42.6146,13.0116,-65.09,273503083060,273598947645,613338895418,613434741760,33.8,36.1,35.3,37.6
693700,10548,42.5972,12.9967,-64.64,276889754164,276985618456,616725540187,616821386240,33.8,36.1,35.3,37.6
693753,10549,42.5911,12.9914,-66.64,280276425268,280372289775,620112184957,620208031232,33.8,36.1,35.3,37.6
693806,10550,42.5972,12.9967,-64.96,283663096884,283758961092,623498830254,623594676224,33.8,36.1,35.3,37.6
693859,10551,42.5972,12.9967,-64.44,287049767988,287145632424,626885475019,626981321216,33.8,36.1,35.3,37.6
693912,10552,42.6099,13.0076,-65.06,290436439092,290532303234,630272119795,630367965696,33.8,36.1,35.3,37.6
693965,10553,42.5770,12.9793,-66.08,293823110196,293918974553,633658764557,633754610688,33.8,36.1,35.3,37.6
694018,10554,42.6146,13.0116,-65.07,297209781812,297305646396,637045409851,637141256192,33.8,36.1,35.3,37.6
694071,10555,42.6066,13.0047,-64.39,300596452916,300692317206,640432054625,640527900672,33.8,36.1,35.3,37.6
694124,10556,42.5817,12.9834,-65.44,303983124020,304078988523,643818699389,643914545664,33.8,36.1,35.3,37.6
694177,10557,42.6193,13.0157,-66.68,307369795124,307465659338,647205344175,647301190144,33.8,36.1,35.3,37.6
694230,10558,42.5831,12.9846,-64.70,310756466228,310852330663,650591988933,650687835136,33.8,36.1,35.3,37.6
694283,10559,42.5831,12.9846,-64.89,314143137332,314239001466,653978633715,654074479616,33.8,36.1,35.3,37.6
694336,10560,42.5972,12.9967,-64.89,317529808948,317625673315,657365278992,657461125120,33.8,36.1,35.3,37.6
694389,10561,42.5724,12.9753,-65.11,320916480052,321012344629,660751923760,660847770112,33.8,36.1,35.3,37.6
694442,10562,42.5737,12.9765,-64.66,324303151156,324399015447,664138568530,664234414592,33.8,36.1,35.3,37.6
694495,10563,42.6052,13.0036,-65.78,327689822260,327785686777,667525213305,667621059584,33.8,36.1,35.3,37.6
694548,10564,42.5737,12.9765,-64.37,331076493364,331172357579,670911858078,671007704064,33.8,36.1,35.3,37.6
694601,10565,42.6146,13.0116,-65.04,334463164468,334559028910,674298502856,674394349056,33.8,36.1,35.3,37.6
694654,10566,42.5817,12.9834,-65.88,337849835572,337945699713,677685147623,677780993536,33.8,36.1,35.3,37.6
694707,10567,42.5925,12.9926,-64.46,341236506676,341332371047,681071792394,681167638528,33.8,36.1,35.3,37.6
694760,10568,42.5817,12.9834,-66.70,344623177780,344719042357,684458437172,684554283520,33.8,36.1,35.3,37.6
694813,10569,42.5925,12.9926,-64.79,348009848884,348105713181,687845081940,687940928000,33.8,36.1,35.3,37.6
694866,10570,42.5724,12.9753,-66.62,351396520500,351492385007,691231727221,691327573504,33.8,36.1,35.3,37.6
694919,10571,42.5925,12.9926,-64.50,354783191604,354879055826,694618371998,694714217984,33.8,36.1,35.3,37.6
694972,10572,42.6146,13.0116,-65.64,358169862708,358265727162,698005016764,698100862976,33.8,36.1,35.3,37.6
695025,10573,42.5597,12.9644,-64.76,361556533812,361652397954,701391661536,701487507456,33.8,36.1,35.3,37.6
695078,10574,42.5925,12.9926,-64.46,364943204916,365039069291,704778306310,704874152448,33.8,36.1,35.3,37.6
695131,10575,42.6052,13.0036,-65.40,368329876020,368425740608,708164951091,708260797440,33.8,36.1,35.3,37.6
695184,10576,42.6052,13.0036,-66.32,371716547124,371812411432,711551595851,711647441920,33.8,36.1,35.3,37.6
695237,10577,42.5878,12.9886,-64.98,375103217716,375199082239,714938240111,715034086400,33.8,36.1,35.3,37.6
695290,10578,42.6160,13.0128,-64.50,378489888820,378585753061,718324884886,718420730880,33.8,36.1,35.3,37.6
695343,10579,42.6099,13.0076,-65.17,381876559924,381972424387,721711529650,721807375872,33.8,36.1,35.3,37.6
695396,10580,42.5550,12.9603,-64.52,385263231028,385359095181,725098174420,725194020352,33.8,36.1,35.3,37.6
695449,10581,42.6005,12.9995,-65.15,388649902132,388745766518,728484819194,728580665344,33.8,36.1,35.3,37.6
695502,10582,42.5831,12.9846,-64.32,392036573236,392132437840,731871463964,731967310336,33.8,36.1,35.3,37.6
695555,10583,42.5958,12.9955,-66.72,395423244340,395519108665,735258108725,735353954816,33.8,36.1,35.3,37.6
695608,10584,42.5597,12.9644,-64.32,398809915444,398905779973,738644753501,738740599808,33.8,36.1,35.3,37.6
695661,10585,42.5864,12.9874,-66.79,402196586548,402292450794,742031398272,742127244288,33.8,36.1,35.3,37.6
695714,10586,42.5644,12.9684,-64.41,405583257652,405679122121,745418043035,745513889280,33.8,36.1,35.3,37.6
695767,10587,42.5878,12.9886,-64.55,408969928244,409065792429,748804687298,748900533248,33.8,36.1,35.3,37.6
695820,10588,42.6066,13.0047,-64.61,412356599348,412452463763,752191332068,752287178240,33.8,36.1,35.3,37.6
695873,10589,42.5972,12.9967,-64.52,415743270452,415839135087,755577976836,755673823232,33.8,36.1,35.3,37.6
695926,10590,42.5550,12.9603,-64.30,419129941556,419225805895,758964621593,759060467712,33.8,36.1,35.3,37.6
695979,10591,42.5737,12.9765,-64.42,422516612660,422612477227,762351266366,762447112704,33.8,36.1,35.3,37.6
696032,10592,42.6146,13.0116,-65.54,425903283764,425999148054,765737911137,765833757184,33.8,36.1,35.3,37.6
696085,10593,42.6005,12.9995,-65.56,429289954356,429385818869,769124555387,769220401664,33.8,36.1,35.3,37.6
696138,10594,42.5972,12.9967,-64.83,432676625460,432772489685,772511200157,772607046144,33.8,36.1,35.3,37.6
696191,10595,42.6005,12.9995,-65.25,436063296564,436159161018,775897844919,775993691136,33.8,36.1,35.3,37.6
696244,10596,42.5737,12.9765,-64.83,439449967668,439545831825,779284489687,779380335616,33.8,36.1,35.3,37.6
696297,10597,42.6052,13.0036,-65.02,442836638260,442932502655,782671133940,782766980096,33.8,36.1,35.3,37.6
696350,10598,42.5972,12.9967,-64.70,446223309364,446319173975,786057778715,786153625088,33.8,36.1,35.3,37.6
696403,10599,42.6052,13.0036,-65.23,449609980468,449705844795,789444423479,789540269568,33.8,36.1,35.3,37.6
696456,10600,42.5597,12.9644,-64.70,452996651572,453092516115,792831068239,792926914560,33.8,36.1,35.3,37.6
696509,10601,42.6207,13.0169,-64.53,456383322164,456479186436,796217712505,796313558528,33.8,36.1,35.3,37.6
696562,10602,42.5597,12.9644,-64.07,459769993268,459865857751,799604357260,799700203520,33.8,36.1,35.3,37.6
696615,10603,42.6052,13.0036,-66.43,463156664372,463252528576,802991002035,803086848000,33.8,36.1,35.3,37.6
696668,10604,42.5690,12.9724,-64.35,466543334964,466639199388,806377646283,806473492480,33.8,36.1,35.3,37.6
696721,10605,42.6052,13.0036,-65.15,469930006068,470025870211,809764291055,809860136960,33.8,36.1,35.3,37.6
696774,10606,42.5409,12.9482,-64.52,473316677172,473412541532,813150935807,813246781952,33.8,36.1,35.3,37.6
696827,10607,42.6052,13.0036,-66.00,476703347764,476799212351,816537580084,816633426432,33.8,36.1,35.3,37.6
696880,10608,42.5817,12.9834,-65.38,480090018868,480185883172,819924224837,820020070912,33.8,36.1,35.3,37.6
696933,10609,42.5831,12.9846,-64.48,483476689460,483572553984,823310869100,823406715392,33.8,36.1,35.3,37.6
696986,10610,42.6240,13.0197,-66.30,486863360564,486959224822,826697513861,826793359872,33.8,36.1,35.3,37.6
697039,10611,42.6005,12.9995,-66.00,490250031668,490345896143,830084158625,830180004864,33.8,36.1,35.3,37.6
697092,10612,42.6052,13.0036,-66.83,493636702260,493732566456,833470802875,833566648832,33.8,36.1,35.3,37.6
697145,10613,42.6146,13.0116,-65.28,497023373364,497119237796,836857447635,836953293824,33.8,36.1,35.3,37.6
697198,10614,42.5724,12.9753,-66.89,500410043956,500505908090,840244091882,840339937792,33.8,36.1,35.3,37.6
697251,10615,42.5958,12.9955,-66.43,503796715060,503892579435,843630736644,843726582784,33.8,36.1,35.3,37.6
697304,10616,42.5817,12.9834,-65.44,507183385652,507279250251,847017380894,847113227264,33.8,36.1,35.3,37.6
697357,10617,42.6146,13.0116,-65.42,510570056756,510665921090,850404025653,850499871744,33.8,36.1,35.3,37.6
697410,10618,42.5784,12.9805,-64.68,513956727348,514052591904,853790669899,853886516224,33.8,36.1,35.3,37.6
697463,10619,42.6099,13.0076,-66.12,517343398452,517439262731,857177314665,857273160704,33.8,36.1,35.3,37.6
697516,10620,42.6099,13.0076,-66.37,520730069044,520825933560,860563958909,860659805184,33.8,36.1,35.3,37.6
697569,10621,42.6005,12.9995,-65.56,524116740148,524212604387,863950603661,864046449664,33.8,36.1,35.3,37.6
697622,10622,42.6052,13.0036,-65.06,527503410740,527599275211,867337247912,867433094144,33.8,36.1,35.3,37.6
697675,10623,42.6146,13.0116,-66.60,530890081844,530985946037,870723892673,870819738624,33.8,36.1,35.3,37.6
697728,10624,42.6005,12.9995,-65.62,534276752436,534372616870,874110536906,874206383104,33.8,36.1,35.3,37.6
697781,10625,42.5878,12.9886,-64.96,537663423540,537759287683,877497181676,877593027584,33.8,36.1,35.3,37.6
697834,10626,42.6066,13.0047,-64.89,541050094132,541145958519,880883825919,880979672064,33.8,36.1,35.3,37.6
697887,10627,42.6052,13.0036,-66.02,544436765236,544532629848,884270470682,884366317056,33.8,36.1,35.3,37.6
697940,10628,42.5864,12.9874,-65.56,547823435828,547919300163,887657114919,887752961024,33.8,36.1,35.3,37.6
697993,10629,42.6052,13.0036,-65.48,551210106420,551305970999,891043759163,891139605504,33.8,36.1,35.3,37.6
698046,10630,42.6240,13.0197,-66.83,554596777524,554692641836,894430403919,894526249984,33.8,36.1,35.3,37.6
698099,10631,42.5503,12.9563,-64.57,557983448116,558079312648,897817048151,897912894464,33.8,36.1,35.3,37.6
698152,10632,42.6052,13.0036,-65.42,561370118708,561465982979,901203692400,901299538432,33.8,36.1,35.3,37.6
698205,10633,42.5817,12.9834,-65.32,564756789812,564852654311,904590337154,904686183424,33.8,36.1,35.3,37.6
698258,10634,42.5724,12.9753,-65.48,568143460404,568239324631,907976981389,908072827392,33.8,36.1,35.3,37.6
698311,10635,42.5817,12.9834,-66.85,571530131508,571625995981,911363626139,911459472384,33.8,36.1,35.3,37.6
698364,10636,42.6099,13.0076,-65.30,574916802100,575012666307,914750270385,914846116352,33.8,36.1,35.3,37.6
698417,10637,42.6099,13.0076,-65.09,578303472692,578399337146,918136914619,918232760832,33.8,36.1,35.3,37.6
698470,10638,42.5784,12.9805,-64.57,581690143796,581786007969,921523559369,921619405312,33.8,36.1,35.3,37.6
698523,10639,42.5597,12.9644,-64.68,585076814388,585172678807,924910203596,925006049792,33.8,36.1,35.3,37.6
698576,10640,42.5925,12.9926,-64.42,588463484980,588559349134,928296847843,928392693760,33.8,36.1,35.3,37.6
698629,10641,42.6099,13.0076,-65.94,591850155572,591946019980,931683492072,931779338240,33.8,36.1,35.3,37.6
698682,10642,42.6193,13.0157,-66.26,595236826676,595332690817,935070136824,935165982720,33.8,36.1,35.3,37.6
698735,10643,42.6066,13.0047,-64.96,598623497268,598719361660,938456781050,938552627200,33.8,36.1,35.3,37.6
698788,10644,42.5925,12.9926,-64.74,602010167860,602106032494,941843425283,941939271680,33.8,36.1,35.3,37.6
698841,10645,42.5644,12.9684,-64.37,605396838452,605492702814,945230069510,945325915648,33.8,36.1,35.3,37.6
698894,10646,42.5737,12.9765,-64.33,608783509556,608879374169,948616714256,948712560640,33.8,36.1,35.3,37.6
698947,10647,42.5644,12.9684,-64.57,612170180148,612266044497,952003358483,952099204608,33.8,36.1,35.3,37.6
699000,10648,42.5831,12.9846,-64.05,615556850740,615652715341,955390002719,955485849088,33.8,36.1,35.3,37.6
699053,10649,42.5724,12.9753,-66.24,618943521332,619039385670,958776646943,958872493056,33.8,36.1,35.3,37.6
699106,10650,42.5817,12.9834,-65.09,622330192436,622426057032,962163291680,962259138048,33.8,36.1,35.3,37.6
699159,10651,42.5770,12.9793,-65.44,625716863028,625812727368,965549935902,965645782016,33.8,36.1,35.3,37.6
699212,10652,42.6005,12.9995,-66.94,629103533620,629199398215,968936580138,969032426496,33.8,36.1,35.3,37.6
699265,10653,42.6099,13.0076,-65.62,632490204212,632586068558,972323224358,972419070464,33.8,36.1,35.3,37.6
699318,10654,42.6071,13.0052,-67.18,635876874804,635972739393,975709868587,975805714944,33.8,36.1,35.3,37.6
699371,10655,42.5878,12.9886,-64.70,639263545908,639359410253,979096513313,979192359424,33.8,36.1,35.3,37.6
699424,10656,42.5878,12.9886,-63.99,642650216500,642746081103,982483157535,982579003904,33.8,36.1,35.3,37.6
699477,10657,42.5958,12.9955,-65.46,646036887092,646132751447,985869801752,985965647872,33.8,36.1,35.3,37.6
699530,10658,42.5770,12.9793,-65.60,649423557684,649519422300,989256445962,989352292352,33.8,36.1,35.3,37.6
699583,10659,42.5972,12.9967,-64.74,652810228276,652906092660,992643090174,992738936320,33.8,36.1,35.3,37.6
699636,10660,42.6066,13.0047,-64.90,656196898868,656292763001,996029734397,996125580288,33.8,36.1,35.3,37.6
699689,10661,42.5864,12.9874,-66.26,659583569460,659679433851,999416378608,999512224768,33.8,36.1,35.3,37.6
699742,10662,42.6019,13.0007,-64.53,662970240052,663066104202,1002803022827,1002898868736,33.8,36.1,35.3,37.6
699795,10663,42.5817,12.9834,-65.13,666356911156,666452775573,1006189667539,1006285513728,33.8,36.1,35.3,37.6
699848,10664,42.5958,12.9955,-66.24,669743581748,669839445922,1009576311756,1009672157696,33.8,36.1,35.3,37.6
699901,10665,42.6052,13.0036,-66.08,673130252340,673226116800,1012962955955,1013058802176,33.8,36.1,35.3,37.6
699954,10666,42.6240,13.0197,-65.23,676516922932,676612787145,1016349600178,1016445446144,33.8,36.1,35.3,37.6
700007,10667,42.5644,12.9684,-64.61,679903593524,679999458000,1019736244372,1019832090624,33.8,36.1,35.3,37.6
700060,10668,42.6052,13.0036,-66.74,683290264116,683386128361,1023122888585,1023218734592,33.8,36.1,35.3,37.6
700113,10669,42.5972,12.9967,-64.83,686676934708,686772799230,1026509532788,1026605379072,33.8,36.1,35.3,37.6
700166,10670,42.6113,13.0088,-64.55,690063605300,690159469587,1029896176998,1029992023040,33.8,36.1,35.3,37.6
700219,10671,42.5925,12.9926,-63.85,693450275892,693546140451,1033282821197,1033378667520,33.8,36.1,35.3,37.6
700272,10672,42.6099,13.0076,-66.60,696836946484,696932810815,1036669465398,1036765311488,33.8,36.1,35.3,37.6
700325,10673,42.6019,13.0007,-64.08,700223617076,700319481678,1040056109606,1040151955968,33.8,36.1,35.3,37.6
700378,10674,42.5737,12.9765,-64.35,703610287668,703706152034,1043442753799,1043538599936,33.8,36.1,35.3,37.6
700431,10675,42.5925,12.9926,-64.70,706996958260,707092822395,1046829398005,1046925243904,33.8,36.1,35.3,37.6
700484,10676,42.5644,12.9684,-64.19,710383628852,710479493260,1050216042200,1050311888384,33.8,36.1,35.3,37.6
700537,10677,42.5784,12.9805,-64.44,713770299444,713866163620,1053602686407,1053698532352,33.8,36.1,35.3,37.6
700590,10678,42.6099,13.0076,-65.06,717156970036,717252834507,1056989330601,1057085176832,33.8,36.1,35.3,37.6
700643,10679,42.5690,12.9724,-64.98,720543640628,720639504860,1060375974795,1060471820800,33.8,36.1,35.3,37.6
700696,10680,42.5831,12.9846,-64.79,723930311220,724026175740,1063762618993,1063858465280,33.8,36.1,35.3,37.6
700749,10681,42.6146,13.0116,-65.46,727316981812,727412846111,1067149263191,1067245109248,33.8,36.1,35.3,37.6
700802,10682,42.6066,13.0047,-64.30,730703652404,730799516987,1070535907387,1070631753728,33.8,36.1,35.3,37.6
700855,10683,42.5911,12.9914,-65.21,734090322996,734186187348,1073922551576,1074018397696,33.8,36.1,35.3,37.6
700908,10684,42.5958,12.9955,-65.72,737476993588,737572857722,1077309195764,1077405041664,33.8,36.1,35.3,37.6
700961,10685,42.5817,12.9834,-65.06,740863664180,740959528604,1080695839949,1080791686144,33.8,36.1,35.3,37.6
701014,10686,42.6146,13.0116,-65.17,744250334260,744346198469,1084082483633,1084178329600,33.8,36.1,35.3,37.6
701067,10687,42.5817,12.9834,-65.92,747637004852,747732869358,1087469127803,1087564974080,33.8,36.1,35.3,37.6
701120,10688,42.6146,13.0116,-65.30,751023675444,751119539738,1090855771997,1090951618048,33.8,36.1,35.3,37.6
701173,10689,42.6005,12.9995,-65.09,754410346036,754506210622,1094242416179,1094338262528,33.8,36.1,35.3,37.6
701226,10690,42.5958,12.9955,-65.17,757797016628,757892881009,1097629060349,1097724906496,33.8,36.1,35.3,37.6
701279,10691,42.6019,13.0007,-64.87,761183687220,761279551393,1504076756,1599922688,33.8,36.1,35.3,37.6
701332,10692,42.6099,13.0076,-65.42,764570357812,764666222287,4890720934,4986567168,33.8,36.1,35.3,37.6
701385,10693,42.5911,12.9914,-66.81,767957028404,768052892669,8277365104,8373211136,33.8,36.1,35.3,37.6
701438,10694,42.6005,12.9995,-65.19,771343698484,771439563056,11664008768,11759855104,33.8,36.1,35.3,37.6
701491,10695,42.6005,12.9995,-66.70,774730369076,774826233446,15050652938,15146499072,33.8,36.1,35.3,37.6
701544,10696,42.5677,12.9713,-66.60,778117039668,778212903825,18437297106,18533143040,33.8,36.1,35.3,37.6
701597,10697,42.5925,12.9926,-64.63,781503710260,781599574741,21823941275,21919787520,33.8,36.1,35.3,37.6
701650,10698,42.6146,13.0116,-65.17,784890380852,784986245141,25210585442,25306431488,33.8,36.1,35.3,37.6
701703,10699,42.5925,12.9926,-64.61,788277051444,788372916036,28597229612,28693075968,33.8,36.1,35.3,37.6
701756,10700,42.6146,13.0116,-66.49,791663721524,791759585925,31983873266,32079719424,33.8,36.1,35.3,37.6
701809,10701,42.6052,13.0036,-65.25,795050392116,795146256322,35370517424,35466363392,33.8,36.1,35.3,37.6
701862,10702,42.5911,12.9914,-65.07,798437062708,798532927230,38757161583,38853007872,33.8,36.1,35.3,37.6
701915,10703,42.6146,13.0116,-65.34,801823733300,801919597641,42143805742,42239651840,33.8,36.1,35.3,37.6
701968,10704,42.6005,12.9995,-65.07,805210403892,805306268033,45530449903,45626295808,33.8,36.1,35.3,37.6
702021,10705,42.6066,13.0047,-64.61,808597073972,808692938448,48917093543,49012939776,33.8,36.1,35.3,37.6
702074,10706,42.6019,13.0007,-64.76,811983744564,812079608853,52303737696,52399583744,33.8,36.1,35.3,37.6
702127,10707,42.6066,13.0047,-64.07,815370415156,815466279770,55690381853,55786228224,33.8,36.1,35.3,37.6
702180,10708,42.6099,13.0076,-66.57,818757085748,818852950180,59077026000,59172872192,33.8,36.1,35.3,37.6
702233,10709,42.6193,13.0157,-65.58,822143755828,822239620083,62463669638,62559515648,33.8,36.1,35.3,37.6
702286,10710,42.6005,12.9995,-66.94,825530426420,825626291003,65850313782,65946160128,33.8,36.1,35.3,37.6
702339,10711,42.5972,12.9967,-64.94,828917097012,829012961412,69236957934,69332804096,33.8,36.1,35.3,37.6
702392,10712,42.5878,12.9886,-64.61,832303767604,832399631826,72623602077,72719448064,33.8,36.1,35.3,37.6
702445,10713,42.5737,12.9765,-64.50,835690437684,835786302244,76010245701,76106092032,33.8,36.1,35.3,37.6
702498,10714,42.6113,13.0088,-64.94,839077108276,839172972674,79396889847,79492736000,33.8,36.1,35.3,37.6
702551,10715,42.6005,12.9995,-66.55,842463778868,842559643080,82783533993,82879379968,33.8,36.1,35.3,37.6
702604,10716,42.5737,12.9765,-64.52,845850448948,845946313502,86170177611,86266023936,33.8,36.1,35.3,37.6
702657,10717,42.6099,13.0076,-65.04,849237119540,849332983940,89556821744,89652667904,33.8,36.1,35.3,37.6
702710,10718,42.6019,13.0007,-64.68,852623790132,852719654368,92943465876,93039311872,33.8,36.1,35.3,37.6
702763,10719,42.6052,13.0036,-65.38,856010460212,856106324793,96330109498,96425955840,33.8,36.1,35.3,37.6
702816,10720,42.6019,13.0007,-64.85,859397130804,859492995231,99716753622,99812599808,33.8,36.1,35.3,37.6
702869,10721,42.6193,13.0157,-65.42,862783801396,862879665665,103103397751,103199243776,33.8,36.1,35.3,37.6
702922,10722,42.6160,13.0128,-64.46,866170471476,866266336099,106490041367,106585887744,33.8,36.1,35.3,37.6
702975,10723,42.5817,12.9834,-65.06,869557142068,869653006530,109876685479,109972531712,33.8,36.1,35.3,37.6
703028,10724,42.6333,13.0278,-66.64,872943812660,873039676985,113263329605,113359175680,33.8,36.1,35.3,37.6
703081,10725,42.5972,12.9967,-64.66,876330482740,876426346910,116649973205,116745819136,33.8,36.1,35.3,37.6
703134,10726,42.5831,12.9846,-64.85,879717153332,879813017858,120036617322,120132463616,33.8,36.1,35.3,37.6
703187,10727,42.6052,13.0036,-66.85,883103823924,883199688317,123423261430,123519107584,33.8,36.1,35.3,37.6
703240,10728,42.6207,13.0169,-64.94,886490494004,886586358256,126809905036,126905751040,33.8,36.1,35.3,37.6
703293,10729,42.5878,12.9886,-64.96,889877164596,889973029215,130196549135,130292395520,33.8,36.1,35.3,37.6
703346,10730,42.5817,12.9834,-66.02,893263835188,893359699667,133583193237,133679039488,33.8,36.1,35.3,37.6
703399,10731,42.6066,13.0047,-64.50,896650505268,896746369620,136969836834,137065682944,33.8,36.1,35.3,37.6
703452,10732,42.6113,13.0088,-64.53,900037175860,900133040077,140356480940,140452326912,33.8,36.1,35.3,37.6
703505,10733,42.6052,13.0036,-65.32,903423845940,903519710537,143743124522,143838970880,33.8,36.1,35.3,37.6
703558,10734,42.6193,13.0157,-66.57,906810516532,906906381007,147129768617,147225614848,33.8,36.1,35.3,37.6
703611,10735,42.5958,12.9955,-66.37,910197187124,910293051479,150516412695,150612258816,33.8,36.1,35.3,37.6
703664,10736,42.6287,13.0237,-65.90,913583857204,913679721446,153903056279,153998902272,33.8,36.1,35.3,37.6
703717,10737,42.5925,12.9926,-64.83,916970527796,917066392420,157289700365,157385546752,33.8,36.1,35.3,37.6
703770,10738,42.6099,13.0076,-65.21,920357197876,920453062394,160676343931,160772190208,33.8,36.1,35.3,37.6
703823,10739,42.5911,12.9914,-65.46,923743868468,923839732867,164062988009,164158834176,33.8,36.1,35.3,37.6
703876,10740,42.6380,13.0318,-66.68,927130539060,927226403358,167449632098,167545478144,33.8,36.1,35.3,37.6
703929,10741,42.6207,13.0169,-64.90,930517209140,930613073328,170836275660,170932121600,33.8,36.1,35.3,37.6
703982,10742,42.5972,12.9967,-64.81,933903879732,933999744319,174222919731,174318766080,33.8,36.1,35.3,37.6
704035,10743,42.5864,12.9874,-65.28,937290549812,937386414308,177609563271,177705409536,33.8,36.1,35.3,37.6
704088,10744,42.6052,13.0036,-65.60,940677220404,940773084798,180996207348,181092053504,33.8,36.1,35.3,37.6
790141,11820,42.0858,12.5566,-64.05,941857282100,941953146041,182141537248,182237383168,33.8,36.1,35.3,37.6
790194,11821,42.1186,12.5848,-64.61,945245183540,945341047909,185529419329,185625265664,33.8,36.1,35.3,37.6
790247,11822,42.0844,12.5554,-65.62,948631854132,948727718406,188916070542,189011916800,33.8,36.1,35.3,37.6
790300,11823,42.0938,12.5635,-65.56,952018524724,952114388922,192302721758,192398567936,33.8,36.1,35.3,37.6
790353,11824,42.0999,12.5687,-63.98,955405194804,955501058942,195689372448,195785218560,33.8,36.1,35.3,37.6
790406,11825,42.0670,12.5404,-64.17,958791865396,958887729474,199076023631,199171869696,33.8,36.1,35.3,37.6
790459,11826,42.1093,12.5768,-64.70,962178535988,962274400035,202462674815,202558520832,33.8,36.1,35.3,37.6
790512,11827,42.0797,12.5513,-65.78,965565206580,965661070582,205849325980,205945171968,33.8,36.1,35.3,37.6
790565,11828,42.0516,12.5271,-65.78,968951877172,969047741165,209235977114,209331823104,33.8,36.1,35.3,37.6
790618,11829,42.0623,12.5364,-64.08,972338547252,972434411247,212622627744,212718473728,33.8,36.1,35.3,37.6
790671,11830,42.0797,12.5513,-65.92,975725217844,975821081849,216009278873,216105124864,33.8,36.1,35.3,37.6
790724,11831,42.1139,12.5808,-64.32,979111888436,979207752508,219395929960,219491776000,33.8,36.1,35.3,37.6
790777,11832,42.1360,12.5998,-65.98,982498559028,982594423148,222782581054,222878427136,33.8,36.1,35.3,37.6
790830,11833,42.1079,12.5756,-66.49,985885229620,985981093814,226169232104,226265078272,33.8,36.1,35.3,37.6
790883,11834,42.1093,12.5768,-64.37,989271899700,989367763977,229555882649,229651728896,33.8,36.1,35.3,37.6
790936,11835,42.1186,12.5848,-64.94,992658570292,992754434693,232942533665,233038380032,33.8,36.1,35.3,37.6
790989,11836,42.0858,12.5566,-64.08,996045240884,996141104894,236329184667,236425030656,33.8,36.1,35.3,37.6
791042,11837,42.1548,12.6159,-65.34,999431911476,999527775673,239715835642,239811681792,33.8,36.1,35.3,37.6
791095,11838,42.1548,12.6159,-66.14,1002818582068,1002914446436,243102486607,243198332928,33.8,36.1,35.3,37.6
791148,11839,42.1327,12.5969,-63.94,1006205252660,1006301116724,246489137528,246584983552,33.8,36.1,35.3,37.6
791201,11840,42.1266,12.5917,-65.07,1009591923252,1009687787535,249875788439,249971634688,33.8,36.1,35.3,37.6
791254,11841,42.1046,12.5727,-63.72,1012978593844,1013074457864,253262439321,253358285312,33.8,36.1,35.3,37.6
791307,11842,42.1736,12.6321,-65.60,1016365263924,1016461128235,256649089679,256744935936,33.8,36.1,35.3,37.6
791360,11843,42.0985,12.5675,-65.15,1019751934516,1019847798595,260035740503,260131586560,33.8,36.1,35.3,37.6
791413,11844,42.1280,12.5929,-64.05,1023138605108,1023234469529,263422391314,263518237696,33.8,36.1,35.3,37.6
791466,11845,42.1139,12.5808,-64.10,1026525275700,1026621139957,266809042095,266904888320,33.8,36.1,35.3,37.6
791519,11846,42.1642,12.6240,-66.32,1029911946292,1030007810416,270195692870,270291538944,33.8,36.1,35.3,37.6
791572,11847,42.1093,12.5768,-64.01,1033298616884,1033394480885,273582343597,273678189568,33.8,36.1,35.3,37.6
791625,11848,42.1829,12.6402,-65.74,1036685287476,1036781151926,276968994313,277064840704,33.8,36.1,35.3,37.6
791678,11849,42.1609,12.6212,-64.17,1040071958068,1040167822458,280355644991,280451491328,33.8,36.1,35.3,37.6
791731,11850,42.1280,12.5929,-64.42,1043458628660,1043554493006,283742295644,283838141952,33.8,36.1,35.3,37.6
791784,11851,42.1046,12.5727,-63.78,1046845299252,1046941163584,287128946272,287224792576,33.8,36.1,35.3,37.6
791837,11852,42.1454,12.6079,-66.49,1050231969844,1050327834207,290515596880,290611443200,33.8,36.1,35.3,37.6
791890,11853,42.1360,12.5998,-65.40,1053618640436,1053714504844,293902247455,293998093824,33.8,36.1,35.3,37.6
791943,11854,42.1280,12.5929,-64.92,1057005311028,1057101174991,297288898011,297384743936,33.8,36.1,35.3,37.6
791996,11855,42.1046,12.5727,-63.41,1060391981620,1060487845681,300675548528,300771394560,33.8,36.1,35.3,37.6
792049,11856,42.1595,12.6200,-65.46,1063778652212,1063874516414,304062199030,304158045184,33.8,36.1,35.3,37.6
792102,11857,42.1562,12.6171,-64.05,1067165322804,1067261187160,307448849502,307544695808,33.8,36.1,35.3,37.6
792155,11858,42.0952,12.5646,-63.59,1070551993396,1070647857402,310835499939,310931345920,33.8,36.1,35.3,37.6
792208,11859,42.1374,12.6010,-64.96,1073938664500,1074034528725,314222150873,314317997056,33.8,36.1,35.3,37.6
792261,11860,42.1327,12.5969,-64.17,1077325335092,1077421199037,317608801263,317704647168,33.8,36.1,35.3,37.6
792314,11861,42.1139,12.5808,-64.35,1080712005684,1080807869890,320995451618,321091297792,33.8,36.1,35.3,37.6
792367,11862,42.1782,12.6361,-66.20,1084098676276,1084194540263,324382101973,324477947904,33.8,36.1,35.3,37.6
792420,11863,42.1796,12.6373,-64.35,1087485346868,1087581211186,327768752270,327864598528,33.8,36.1,35.3,37.6
792473,11864,42.1515,12.6131,-63.84,1090872017460,1090967881582,331155402566,331251248640,33.8,36.1,35.3,37.6
792526,11865,42.2125,12.6656,-64.33,1094258688564,1094354552559,334542053344,334637899264,33.8,36.1,35.3,37.6
792579,11866,42.2205,12.6725,-65.78,1097645359156,1097741223550,337928703569,338024549888,33.8,36.1,35.3,37.6
792632,11867,42.1736,12.6321,-65.09,1520401972,1616266268,341315353758,341411200000,33.8,36.1,35.3,37.6
792685,11868,42.1407,12.6038,-65.96,4907072564,5002936783,344702003933,344797850112,33.8,36.1,35.3,37.6
792738,11869,42.2031,12.6575,-64.05,8293743156,8389607356,348088654095,348184500224,33.8,36.1,35.3,37.6
792791,11870,42.1890,12.6454,-64.96,11680414260,11776278451,351475304721,351571150848,33.8,36.1,35.3,37.6
792844,11871,42.2125,12.6656,-63.77,15067084852,15162949056,354861954831,354957800960,33.8,36.1,35.3,37.6
792897,11872,42.1876,12.6442,-66.24,18453755444,18549619685,358248604892,358344451072,33.8,36.1,35.3,37.6
792950,11873,42.2031,12.6575,-64.70,21840426548,21936290861,361635255453,361731101696,33.8,36.1,35.3,37.6
793003,11874,42.2031,12.6575,-63.32,25227097140,25322961533,365021905486,365117751808,33.8,36.1,35.3,37.6
793056,11875,42.1796,12.6373,-63.96,28613767732,28709631731,368408555470,368504401408,33.8,36.1,35.3,37.6
793109,11876,42.1562,12.6171,-63.58,32000438324,32096302463,371795205432,371891051520,33.8,36.1,35.3,37.6
793162,11877,42.1984,12.6535,-64.55,35387109428,35482973758,375181855882,375277702144,33.8,36.1,35.3,37.6
793215,11878,42.1749,12.6333,-63.59,38773780020,38869644017,378568505805,378664351744,33.8,36.1,35.3,37.6
793268,11879,42.1642,12.6240,-66.51,42160451124,42256315353,381955156190,382051002368,33.8,36.1,35.3,37.6
793321,11880,42.1702,12.6293,-64.52,45547121716,45642985680,385341806061,385437651968,33.8,36.1,35.3,37.6
793374,11881,42.1829,12.6402,-66.94,48933792308,49029656553,388728455893,388824302080,33.8,36.1,35.3,37.6
793427,11882,42.1468,12.6091,-64.41,52320463412,52416327423,392115106228,392210952192,33.8,36.1,35.3,37.6
793480,11883,42.1782,12.6361,-65.34,55707134004,55802998348,395501756017,395597602304,33.8,36.1,35.3,37.6
793533,11884,42.2359,12.6858,-64.03,59093805108,59189669311,398888406297,398984252416,33.8,36.1,35.3,37.6
793586,11885,42.2359,12.6858,-64.41,62480475700,62576339767,402275056034,402370902016,33.8,36.1,35.3,37.6
793639,11886,42.2406,12.6898,-64.07,65867146804,65963011265,405661706266,405757552640,33.8,36.1,35.3,37.6
793692,11887,42.2017,12.6563,-65.80,69253817396,69349681754,409048355948,409144202240,33.8,36.1,35.3,37.6
793745,11888,42.1890,12.6454,-64.39,72640487988,72736352285,412435005607,412530851840,33.8,36.1,35.3,37.6
793798,11889,42.2158,12.6684,-66.60,76027159092,76123023351,415821655766,415917501952,33.8,36.1,35.3,37.6
793851,11890,42.2017,12.6563,-65.36,79413829684,79509693924,419208305379,419304151552,33.8,36.1,35.3,37.6
793904,11891,42.2345,12.6846,-65.83,82800500788,82896365050,422594955483,422690801664,33.8,36.1,35.3,37.6
793957,11892,42.2406,12.6898,-63.58,86187171892,86283036175,425981605580,426077451776,33.8,36.1,35.3,37.6
794010,11893,42.2299,12.6805,-65.98,89573842484,89669706821,429368255117,429464101376,33.8,36.1,35.3,37.6
794063,11894,42.2125,12.6656,-64.50,92960513588,93056377990,432754905160,432850751488,33.8,36.1,35.3,37.6
794116,11895,42.2392,12.6886,-66.04,96347184180,96443048186,436141554652,436237400576,33.8,36.1,35.3,37.6
794169,11896,42.2439,12.6927,-65.27,99733855284,99829719416,439528204640,439624050688,33.8,36.1,35.3,37.6
794222,11897,42.2439,12.6927,-65.60,103120525876,103216390155,442914854094,443010700288,33.8,36.1,35.3,37.6
794275,11898,42.2406,12.6898,-64.92,106507196980,106603061436,446301504031,446397350400,33.8,36.1,35.3,37.6
794328,11899,42.2265,12.6777,-64.61,109893868084,109989732219,449688153945,449784000000,33.8,36.1,35.3,37.6
794381,11900,42.2265,12.6777,-64.35,113280538676,113376403020,453074803336,453170649600,33.8,36.1,35.3,37.6
794434,11901,42.2580,12.7048,-66.10,116667209780,116763073857,456461453214,456557299200,33.8,36.1,35.3,37.6
794487,11902,42.2439,12.6927,-65.04,120053880884,120149745223,459848103058,459943949312,33.8,36.1,35.3,37.6
794540,11903,42.2359,12.6858,-64.59,123440551476,123536415588,463234752372,463330598400,33.8,36.1,35.3,37.6
794593,11904,42.2486,12.6967,-65.06,126827222580,126923086998,466621402180,466717248512,33.8,36.1,35.3,37.6
794646,11905,42.2533,12.7007,-66.55,130213893684,130309757938,470008051946,470103898112,33.8,36.1,35.3,37.6
794699,11906,42.2205,12.6725,-65.48,133600564276,133696428351,473394701200,473490547200,33.8,36.1,35.3,37.6
794752,11907,42.2533,12.7007,-65.27,136987235380,137083099847,476781350934,476877197312,33.8,36.1,35.3,37.6
794805,11908,42.2359,12.6858,-64.46,140373906484,140469770831,480168000650,480263846912,33.8,36.1,35.3,37.6
794858,11909,42.2312,12.6817,-64.72,143760577076,143856441339,483554649820,483650496000,33.8,36.1,35.3,37.6
794911,11910,42.2406,12.6898,-64.72,147147248180,147243112375,486941299492,487037145600,33.8,36.1,35.3,37.6
794964,11911,42.2547,12.7019,-63.70,150533919284,150629783426,490327949151,490423795200,33.8,36.1,35.3,37.6
795017,11912,42.2862,12.7290,-65.13,153920590388,154016454519,493714598771,493810444800,33.8,36.1,35.3,37.6
795070,11913,42.2500,12.6979,-64.64,157307260980,157403125102,497101247856,497197093888,33.8,36.1,35.3,37.6
795123,11914,42.2312,12.6817,-63.56,160693932084,160789796218,500487897436,500583743488,33.8,36.1,35.3,37.6
795176,11915,42.2533,12.7007,-65.38,164080603188,164176467365,503874547000,503970393088,33.8,36.1,35.3,37.6
795229,11916,42.2688,12.7140,-64.50,167467274292,167563138537,507261196542,507357042688,33.8,36.1,35.3,37.6
795282,11917,42.2688,12.7140,-64.42,170853945396,170949809734,510647846049,510743692288,33.8,36.1,35.3,37.6
795335,11918,42.2908,12.7330,-65.64,174240615988,174336480419,514034495049,514130341376,33.8,36.1,35.3,37.6
795388,11919,42.2641,12.7100,-64.26,177627287092,177723151130,517421144522,517516990464,33.8,36.1,35.3,37.6
795441,11920,42.2547,12.7019,-64.68,181013958196,181109822392,520807793960,520903640064,33.8,36.1,35.3,37.6
795494,11921,42.2641,12.7100,-64.68,184400629300,184496493653,524194443407,524290289664,33.8,36.1,35.3,37.6
795547,11922,42.2533,12.7007,-65.94,187787300404,187883164429,527581092816,527676938752,33.8,36.1,35.3,37.6
795600,11923,42.3002,12.7411,-65.07,191173971508,191269835772,530967742196,531063588352,33.8,36.1,35.3,37.6
795653,11924,42.2862,12.7290,-65.07,194560642612,194656507088,534354391579,534450237952,33.8,36.1,35.3,37.6
795706,11925,42.2406,12.6898,-63.80,197947313716,198043177929,537741040913,537836887040,33.8,36.1,35.3,37.6
795759,11926,42.2688,12.7140,-64.46,201333984820,201429849310,541127690249,541223536640,33.8,36.1,35.3,37.6
795812,11927,42.2721,12.7169,-65.70,204720655412,204816519693,544514339031,544610185216,33.8,36.1,35.3,37.6
795865,11928,42.2815,12.7250,-65.56,208107326516,208203190596,547900988325,547996834304,33.8,36.1,35.3,37.6
795918,11929,42.2547,12.7019,-64.48,211493997620,211589862026,551287637590,551383483904,33.8,36.1,35.3,37.6
795971,11930,42.3002,12.7411,-66.74,214880668724,214976532990,554674286834,554770132992,33.8,36.1,35.3,37.6
796024,11931,42.2908,12.7330,-66.81,218267339828,218363203955,558060936057,558156782080,33.8,36.1,35.3,37.6
796077,11932,42.3063,12.7463,-63.91,221654010932,221749874950,561447585264,561543431168,33.8,36.1,35.3,37.6
796130,11933,42.2815,12.7250,-65.13,225040682036,225136546464,564834234441,564930080768,33.8,36.1,35.3,37.6
796183,11934,42.2782,12.7221,-64.01,228427353140,228523217488,568220883611,568316729856,33.8,36.1,35.3,37.6
796236,11935,42.2828,12.7262,-64.41,231814024244,231909888548,571607532745,571703378944,33.8,36.1,35.3,37.6
796289,11936,42.3204,12.7585,-64.55,235200695348,235296559628,574994181873,575090028032,33.8,36.1,35.3,37.6
796342,11937,42.3016,12.7423,-64.94,238587366452,238683230711,578380830974,578476677120,33.8,36.1,35.3,37.6
796395,11938,42.3063,12.7463,-64.59,241974037556,242069901820,581767480059,581863326208,33.8,36.1,35.3,37.6
796448,11939,42.2969,12.7383,-63.82,245360708660,245456572946,585154129120,585249975296,33.8,36.1,35.3,37.6
796501,11940,42.3096,12.7492,-65.36,248747379764,248843244098,588540778163,588636624384,33.8,36.1,35.3,37.6
796554,11941,42.2922,12.7342,-64.64,252134051380,252229915777,591927427695,592023273984,33.8,36.1,35.3,37.6
796607,11942,42.2500,12.6979,-63.70,255520722484,255616586945,595314076702,595409923072,33.8,36.1,35.3,37.6
796660,11943,42.3110,12.7504,-64.46,258907393588,259003257656,598700725696,598796571648,33.8,36.1,35.3,37.6
796713,11944,42.3485,12.7827,-64.83,262294064692,262389928893,602087374667,602183220736,33.8,36.1,35.3,37.6
796766,11945,42.3049,12.7451,-66.34,265680735796,265776600129,605474023602,605569869824,33.8,36.1,35.3,37.6
796819,11946,42.2875,12.7302,-64.39,269067406900,269163271384,608860672535,608956518912,33.8,36.1,35.3,37.6
796872,11947,42.2500,12.6979,-63.82,272454078004,272549942157,612247321426,612343167488,33.8,36.1,35.3,37.6
796925,11948,42.3016,12.7423,-64.59,275840749108,275936613468,615633970328,615729816576,33.8,36.1,35.3,37.6
796978,11949,42.3331,12.7694,-65.38,279227420212,279323284285,619020619202,619116465152,33.8,36.1,35.3,37.6
797031,11950,42.3049,12.7451,-66.60,282614091828,282709956130,622407268561,622503114752,33.8,36.1,35.3,37.6
797084,11951,42.2828,12.7262,-64.53,286000762932,286096626971,625793917394,625889763328,33.8,36.1,35.3,37.6
797137,11952,42.3425,12.7775,-66.37,289387434036,289483298367,629180566211,629276412416,33.8,36.1,35.3,37.6
797190,11953,42.2627,12.7088,-65.48,292774105140,292869969221,632567215003,632663060992,33.8,36.1,35.3,37.6
797243,11954,42.2782,12.7221,-64.10,296160776244,296256640650,635953863776,636049710080,33.8,36.1,35.3,37.6
797296,11955,42.2782,12.7221,-64.77,299547447860,299643312085,639340513045,639436359168,33.8,36.1,35.3,37.6
797349,11956,42.3298,12.7665,-64.66,302934118964,303029983036,642727161797,642823007744,33.8,36.1,35.3,37.6
797402,11957,42.3485,12.7827,-64.76,306320790068,306416654509,646113810523,646209656832,33.8,36.1,35.3,37.6
797455,11958,42.3391,12.7746,-64.94,309707461172,309803325489,649500459219,649596305408,33.8,36.1,35.3,37.6
797508,11959,42.3612,12.7936,-65.19,313094132276,313189996481,652887107914,652982953984,33.8,36.1,35.3,37.6
797561,11960,42.3002,12.7411,-65.42,316480803892,316576667989,656273757083,656369603072,33.8,36.1,35.3,37.6
797614,11961,42.2641,12.7100,-63.85,319867474996,319963339009,659660405732,659756251648,33.8,36.1,35.3,37.6
797667,11962,42.2674,12.7128,-66.08,323254146100,323350010574,663047054357,663142900736,33.8,36.1,35.3,37.6
797720,11963,42.3532,12.7867,-64.94,326640817204,326736681666,666433702984,666529549312,33.8,36.1,35.3,37.6
797773,11964,42.3331,12.7694,-66.55,330027488820,330123353255,669820352087,669916198400,33.8,36.1,35.3,37.6
797826,11965,42.3157,12.7544,-64.55,333414159924,333510024358,673207000661,673302846976,33.8,36.1,35.3,37.6
797879,11966,42.3391,12.7746,-64.89,336800831028,336896695485,676593649223,676689495552,33.8,36.1,35.3,37.6
797932,11967,42.2782,12.7221,-63.94,340187502644,340283367107,679980298280,680076144640,33.8,36.1,35.3,37.6
797985,11968,42.3016,12.7423,-64.74,343574173748,343670037758,683366946806,683462792704,33.8,36.1,35.3,37.6
798038,11969,42.3063,12.7463,-64.39,346960844852,347056708927,686753595319,686849441280,33.8,36.1,35.3,37.6
798091,11970,42.3190,12.7573,-66.02,350347516468,350443380638,690140244314,690236090368,33.8,36.1,35.3,37.6
798144,11971,42.3284,12.7653,-65.76,353734187572,353830051848,693526892788,693622738944,33.8,36.1,35.3,37.6
798197,11972,42.3626,12.7948,-64.81,357120858676,357216723081,696913541254,697009387520,33.8,36.1,35.3,37.6
798250,11973,42.3157,12.7544,-64.03,360507530292,360603394305,700300190202,700396036096,33.8,36.1,35.3,37.6
798303,11974,42.3425,12.7775,-65.04,363894201396,363990065579,703686838615,703782684672,33.8,36.1,35.3,37.6
798356,11975,42.3298,12.7665,-64.23,367280872500,367376736850,707073487023,707169333248,33.8,36.1,35.3,37.6
798409,11976,42.3096,12.7492,-65.88,370667544116,370763408132,710460135921,710555981824,33.8,36.1,35.3,37.6
798462,11977,42.3110,12.7504,-64.66,374054215220,374150079451,713846784285,713942630400,33.8,36.1,35.3,37.6
798515,11978,42.3345,12.7706,-64.57,377440886836,377536751294,717233433156,717329279488,33.8,36.1,35.3,37.6
798568,11979,42.3518,12.7855,-65.50,380827557940,380923422132,720620081491,720715927552,33.8,36.1,35.3,37.6
798621,11980,42.3847,12.8138,-65.66,384214229556,384310094011,724006730329,724102576640,33.8,36.1,35.3,37.6
798674,11981,42.3391,12.7746,-64.07,387600900660,387696764865,727393378627,727489224704,33.8,36.1,35.3,37.6
798727,11982,42.3298,12.7665,-64.98,390987571764,391083436255,730780026914,730875873280,33.8,36.1,35.3,37.6
798780,11983,42.3345,12.7706,-64.05,394374243380,394470107669,734166675694,734262521856,33.8,36.1,35.3,37.6
798833,11984,42.3110,12.7504,-64.28,397760914484,397856778574,737553323947,737649169920,33.8,36.1,35.3,37.6
798886,11985,42.3425,12.7775,-65.40,401147586100,401243450543,740939972691,741035819008,33.8,36.1,35.3,37.6
798939,11986,42.3298,12.7665,-64.21,404534257204,404630121486,744326620914,744422467072,33.8,36.1,35.3,37.6
798992,11987,42.3438,12.7786,-64.07,407920928820,408016792962,747713269637,747809115648,33.8,36.1,35.3,37.6
799045,11988,42.3345,12.7706,-63.87,411307599924,411403464448,751099917826,751195764224,33.8,36.1,35.3,37.6
799098,11989,42.3016,12.7423,-64.35,414694271540,414790135958,754486566495,754582412800,33.8,36.1,35.3,37.6
799151,11990,42.3626,12.7948,-64.50,418080942644,418176806984,757873214663,757969060864,33.8,36.1,35.3,37.6
799204,11991,42.3800,12.8097,-65.23,421467614260,421563478527,761259863316,761355709440,33.8,36.1,35.3,37.6
799257,11992,42.3894,12.8178,-65.83,424854285364,424950149571,764646511443,764742357504,33.8,36.1,35.3,37.6
799310,11993,42.3532,12.7867,-63.54,428240956980,428336821128,768033160067,768129006080,33.8,36.1,35.3,37.6
799363,11994,42.3720,12.8029,-64.74,431627628084,431723492214,771419808157,771515654144,33.8,36.1,35.3,37.6
799416,11995,42.3391,12.7746,-64.61,435014299700,435110163798,774806456750,774902302720,33.8,36.1,35.3,37.6
799469,11996,42.3579,12.7908,-64.64,438400970804,438496834907,778193104817,778288950784,33.8,36.1,35.3,37.6
799522,11997,42.3814,12.8109,-64.81,441787642420,441883506552,781579753374,781675599360,33.8,36.1,35.3,37.6
799575,11998,42.3438,12.7786,-63.75,445174314036,445270178183,784966401920,785062247936,33.8,36.1,35.3,37.6
799628,11999,42.3673,12.7988,-64.59,448560985140,448656849349,788353049932,788448896000,33.8,36.1,35.3,37.6
799681,12000,42.3626,12.7948,-64.83,451947656756,452043521024,791739698447,791835544576,33.8,36.1,35.3,37.6
799734,12001,42.3532,12.7867,-64.23,455334327860,455430192198,795126346436,795222192640,33.8,36.1,35.3,37.6
799787,12002,42.3894,12.8178,-65.02,458720999476,458816863917,798512994921,798608841216,33.8,36.1,35.3,37.6
799840,12003,42.3485,12.7827,-63.98,462107670580,462203534602,801899642879,801995488768,33.8,36.1,35.3,37.6
799893,12004,42.3626,12.7948,-64.30,465494342196,465590206344,805286291335,805382137344,33.8,36.1,35.3,37.6
799946,12005,42.3720,12.8029,-64.44,468881013812,468976878100,808672939775,808768785920,33.8,36.1,35.3,37.6
799999,12006,42.3941,12.8219,-65.19,472267684916,472363549362,812059587687,812155433984,33.8,36.1,35.3,37.6
800052,12007,42.3485,12.7827,-63.89,475654356532,475750220614,815446236098,815542082048,33.8,36.1,35.3,37.6
800105,12008,42.3720,12.8029,-64.21,479041028148,479136892426,818832884488,818928730624,33.8,36.1,35.3,37.6
800158,12009,42.3626,12.7948,-64.37,482427699252,482523563719,822219532360,822315378688,33.8,36.1,35.3,37.6
800211,12010,42.3532,12.7867,-64.74,485814370868,485910235025,825606180729,825702026752,33.8,36.1,35.3,37.6
800264,12011,42.3908,12.8190,-64.55,489201042484,489296906885,828992829077,829088675328,33.8,36.1,35.3,37.6
800317,12012,42.3894,12.8178,-65.50,492587713588,492683577719,832379476896,832475322880,33.8,36.1,35.3,37.6
800370,12013,42.3894,12.8178,-65.09,495974385204,496070249593,835766125213,835861971456,33.8,36.1,35.3,37.6
800423,12014,42.3908,12.8190,-64.83,499361056820,499456920960,839152773530,839248619520,33.8,36.1,35.3,37.6
800476,12015,42.3720,12.8029,-63.94,502747727924,502843592339,842539421312,842635267584,33.8,36.1,35.3,37.6
800529,12016,42.3861,12.8150,-64.63,506134399540,506230263748,845926069589,846021915648,33.8,36.1,35.3,37.6
800582,12017,42.3767,12.8069,-64.74,509521071156,509616935674,849312717851,849408564224,33.8,36.1,35.3,37.6
800635,12018,42.3753,12.8057,-65.02,512907742260,513003606590,852699365587,852795211776,33.8,36.1,35.3,37.6
800688,12019,42.3847,12.8138,-65.44,516294413876,516390278031,856086013829,856181859840,33.8,36.1,35.3,37.6
#### 955628,13956,1047142.3835,901109.0632,-65.66,520819767348,521361988242,861008534814,861104380928,34.8,37.1,36.3,38.6
#### 990095,14387,2096564.4380,1804203.5895,-64.45,523770710580,524760278234,864397359106,864493205504,34.8,37.1,36.3,38.6
990148,14388,41.8184,12.3264,-64.41,528053202484,528149066347,867786132411,867881978368,34.8,36.1,36.3,37.6
990201,14389,41.8545,12.3575,-66.04,531439872564,531535736834,871172787249,871268633600,34.8,37.1,36.3,38.6
990254,14390,41.8592,12.3616,-66.45,534826542132,534922406292,874559441569,874655287808,34.8,37.1,36.3,38.6
990307,14391,41.7902,12.3022,-64.28,538213211700,538309075758,877946095852,878041942016,34.8,36.1,36.3,37.6
990360,14392,41.8357,12.3414,-65.07,541599881268,541695745250,881332750153,881428596224,34.8,37.1,36.3,38.6
990413,14393,41.8592,12.3616,-65.42,544986550836,545082414750,884719404439,884815250432,34.8,36.1,36.3,37.6
990466,14394,41.8874,12.3858,-66.34,548373220404,548469084281,888106058695,888201904640,34.8,37.1,36.3,38.6
990519,14395,41.8264,12.3333,-66.39,551759889972,551855753791,891492712935,891588558848,34.8,36.1,36.3,37.6
990572,14396,41.8592,12.3616,-65.94,555146559540,555242423354,894879367163,894975213056,33.8,36.1,35.3,37.6
990625,14397,41.8559,12.3587,-64.44,558533229108,558629093422,898266021384,898361867776,34.8,37.1,36.3,38.6
990678,14398,41.8606,12.3628,-64.57,561919898676,562015762498,901652675574,901748521472,34.8,37.1,36.3,38.6
990731,14399,41.8700,12.3708,-64.72,565306568244,565402432088,905039329764,905135175680,34.8,36.1,36.3,37.6
990784,14400,41.8733,12.3737,-65.86,568693238324,568789102231,908425984419,908521830400,33.8,36.1,35.3,37.6
990837,14401,41.8780,12.3777,-65.56,572079907892,572175771876,911812638552,911908484608,34.8,36.1,36.3,37.6
990890,14402,41.8404,12.3454,-66.66,575466577460,575562441538,915199292650,915295138816,33.8,36.1,35.3,37.6
990943,14403,41.8686,12.3697,-65.23,578853247028,578949111241,918585946736,918681793024,34.8,36.1,36.3,37.6
990996,14404,41.8794,12.3789,-64.50,582239916596,582335780453,921972600795,922068446720,34.8,37.1,36.3,38.6
991049,14405,41.8418,12.3466,-64.94,585626586164,585722450181,925359254828,925455100928,33.8,37.1,35.3,38.6
991102,14406,41.9014,12.3979,-66.83,589013256244,589109120473,928745909357,928841755648,34.8,36.1,36.3,37.6
991155,14407,41.8277,12.3345,-64.77,592399925812,592495789746,932132563320,932228409344,33.8,36.1,35.3,37.6
991208,14408,41.8498,12.3535,-66.18,595786595380,595882459573,935519217275,935615063552,33.8,36.1,35.3,37.6
991261,14409,41.8170,12.3252,-66.08,599173264948,599269128898,938905871200,939001717248,33.8,36.1,35.3,37.6
991314,14410,41.8639,12.3656,-65.44,602559934516,602655798792,942292525102,942388371456,33.8,36.1,35.3,37.6
991367,14411,41.8404,12.3454,-65.04,605946604596,606042468677,945679179496,945775025664,33.8,37.1,35.3,38.6
991420,14412,41.8653,12.3668,-64.24,609333274164,609429138099,949065833352,949161679360,33.8,37.1,35.3,38.6
991473,14413,41.8639,12.3656,-65.90,612719943732,612815808055,952452487168,952548333568,33.8,36.1,35.3,37.6
991526,14414,41.8512,12.3547,-64.90,616106613300,616202477523,955839140962,955934987264,34.8,36.1,36.3,37.6
991579,14415,41.8404,12.3454,-65.02,619493283380,619589147529,959225795235,959321641472,34.8,36.1,36.3,37.6
991632,14416,41.9028,12.3991,-64.30,622879952948,622975817062,962612448997,962708295168,33.8,36.1,35.3,37.6
991685,14417,41.8840,12.3830,-64.89,626266622516,626362486618,965999102696,966094948864,34.8,36.1,36.3,37.6
991738,14418,41.9075,12.4031,-64.19,629653292596,629749156719,969385756893,969481603072,33.8,36.1,35.3,37.6
991791,14419,41.8465,12.3507,-64.92,633039962164,633135826322,972772410529,972868256768,33.8,36.1,35.3,37.6
991844,14420,41.8827,12.3818,-66.53,636426631732,636522495968,976159064159,976254910464,33.8,36.1,35.3,37.6
991897,14421,41.8451,12.3495,-66.49,639813301812,639909165630,979545718256,979641564160,34.8,37.1,36.3,38.6
991950,14422,41.8418,12.3466,-64.64,643199971380,643295835329,982932371823,983028217856,33.8,37.1,35.3,38.6
992003,14423,41.9169,12.4112,-64.76,646586640948,646682505062,986319025386,986414871552,33.8,36.1,35.3,37.6
992056,14424,41.8981,12.3951,-64.94,649973311028,650069175336,989705679393,989801525760,33.8,36.1,35.3,37.6
992109,14425,41.9028,12.3991,-64.50,653359980596,653455844590,993092332892,993188178944,33.8,36.1,35.3,37.6
992162,14426,41.9263,12.4193,-64.77,656746650164,656842514420,996478986336,996574832640,33.8,36.1,35.3,37.6
992215,14427,41.8887,12.3870,-64.46,660133320244,660229184235,999865640282,999961486336,33.8,36.1,35.3,37.6
992268,14428,41.8840,12.3830,-64.24,663519989812,663615854122,1003252293657,1003348140032,34.8,36.1,36.3,37.6
992321,14429,41.9483,12.4383,-65.72,666906659892,667002524017,1006638947561,1006734793728,33.8,36.1,35.3,37.6
992374,14430,41.8700,12.3708,-64.77,670293329460,670389193419,1010025600882,1010121446912,34.8,37.1,36.3,38.6
992427,14431,41.8686,12.3697,-65.58,673679999540,673775863372,1013412254701,1013508100608,34.8,37.1,36.3,38.6
992480,14432,41.9671,12.4544,-65.36,677066669108,677162533372,1016798908006,1016894754304,34.8,37.1,36.3,38.6
992533,14433,41.9075,12.4031,-64.33,680453339188,680549203376,1020185561757,1020281408000,33.8,36.1,35.3,37.6
992586,14434,41.9169,12.4112,-64.37,683840008756,683935872886,1023572215002,1023668061184,33.8,36.1,35.3,37.6
992639,14435,41.9263,12.4193,-64.59,687226678836,687322542955,1026958868713,1027054714880,33.8,37.1,35.3,38.6
992692,14436,41.9122,12.4072,-64.76,690613348404,690709212526,1030345521888,1030441368064,34.8,36.1,36.3,37.6
992745,14437,41.9061,12.4020,-65.76,694000018484,694095882666,1033732175518,1033828021760,33.8,36.1,35.3,37.6
992798,14438,41.8934,12.3910,-64.41,697386688052,697482552299,1037118828636,1037214674944,33.8,37.1,35.3,38.6
992851,14439,41.9028,12.3991,-64.94,700773358132,700869222465,1040505482250,1040601328640,34.8,37.1,36.3,38.6
992904,14440,41.9483,12.4383,-65.19,704160027700,704255891646,1043892135325,1043987981312,34.8,36.1,36.3,37.6
992957,14441,41.8874,12.3858,-66.18,707546697780,707642561874,1047278788846,1047374635008,33.8,36.1,35.3,37.6
993010,14442,41.9169,12.4112,-64.92,710933367860,711029232131,1050665442382,1050761288704,33.8,36.1,35.3,37.6
1004103,14581,41.8043,12.3143,-64.49,320256861748,320352725879,659985687209,660081533440,34.8,36.1,36.3,37.6
1004156,14582,41.8934,12.3910,-64.46,323644762164,323740626468,663373572131,663469418496,34.8,36.1,36.3,37.6
1004209,14583,41.8545,12.3575,-65.94,327031431732,327127295681,666760226161,666856072192,34.8,36.1,36.3,37.6
1004262,14584,41.8606,12.3628,-64.14,330418101812,330513965930,670146880718,670242726912,34.8,36.1,36.3,37.6
1004315,14585,41.8827,12.3818,-66.74,333804771380,333900635673,673533534757,673629381120,33.8,36.1,35.3,37.6
1004368,14586,41.8700,12.3708,-64.74,337191440948,337287304912,676920188781,677016034816,33.8,36.1,35.3,37.6
1004421,14587,41.8653,12.3668,-64.57,340578111028,340673975191,680306843300,680402689536,34.8,36.1,36.3,37.6
1004474,14588,41.8686,12.3697,-65.62,343964780596,344060644462,683693497291,683789343232,34.8,36.1,36.3,37.6
1004527,14589,41.8451,12.3495,-65.04,347351450164,347447314251,687080151267,687175997440,34.8,36.1,36.3,37.6
1004580,14590,41.8451,12.3495,-65.04,350738120244,350833984071,690466805736,690562651648,33.8,37.1,35.3,38.6
1004633,14591,41.8264,12.3333,-65.06,354124789812,354220653893,693853459682,693949305856,34.8,36.1,36.3,37.6
1004686,14592,41.8887,12.3870,-64.12,357511459380,357607323243,697240113626,697335959552,33.8,36.1,35.3,37.6
1004739,14593,41.8512,12.3547,-64.98,360898129460,360993993621,700626768032,700722614272,34.8,36.1,36.3,37.6
1004792,14594,41.8653,12.3668,-64.59,364284799028,364380662997,704013421926,704109267968,33.8,36.1,35.3,37.6
1004845,14595,41.8512,12.3547,-64.83,367671468596,367767332407,707400075773,707495921664,33.8,36.1,35.3,37.6
1004898,14596,41.8794,12.3789,-64.17,371058138676,371154002856,710786730137,710882576384,33.8,37.1,35.3,38.6
1004951,14597,41.8418,12.3466,-64.35,374444808244,374540672304,714173383936,714269230080,33.8,36.1,35.3,37.6
1005004,14598,41.8874,12.3858,-66.22,377831477812,377927341778,717560037743,717655883776,33.8,36.1,35.3,37.6
1005057,14599,41.8686,12.3697,-65.32,381218147892,381314011793,720946692007,721042537984,33.8,37.1,35.3,38.6
1005110,14600,41.9014,12.3979,-66.06,384604817460,384700681322,724333345756,724429191680,33.8,37.1,35.3,38.6
1005163,14601,41.8747,12.3749,-64.96,387991487028,388087350875,727719999459,727815845376,33.8,37.1,35.3,38.6
1005216,14602,41.9249,12.4181,-65.88,391378157108,391474020974,731106653667,731202499584,33.8,37.1,35.3,38.6
1005269,14603,41.8559,12.3587,-64.74,394764826676,394860690566,734493307312,734589153280,33.8,36.1,35.3,37.6
1005322,14604,41.8311,12.3374,-65.15,398151496756,398247360706,737879961446,737975807488,33.8,36.1,35.3,37.6
1005375,14605,41.9028,12.3991,-64.37,401538166324,401634030378,741266615072,741362461184,33.8,37.1,35.3,38.6
1005428,14606,41.9028,12.3991,-64.89,404924836404,405020700585,744653269153,744749115392,34.8,37.1,36.3,38.6
1005481,14607,41.9028,12.3991,-64.33,408311505972,408407370299,748039922703,748135769088,33.8,36.1,35.3,37.6
1005534,14608,41.8887,12.3870,-64.41,411698175540,411794039522,751426576226,751522422272,33.8,36.1,35.3,37.6
1005587,14609,41.9155,12.4100,-66.14,415084845620,415180709811,754813230233,754909076480,33.8,36.1,35.3,37.6
1005640,14610,41.8874,12.3858,-66.51,418471515188,418567379104,758199883681,758295729664,33.8,36.1,35.3,37.6
1005693,14611,41.9216,12.4153,-64.61,421858185268,421954049448,761586537643,761682383872,33.8,37.1,35.3,38.6
1005746,14612,41.8639,12.3656,-65.11,425244854836,425340718785,764973191029,765069037056,33.8,36.1,35.3,37.6
1005799,14613,41.8747,12.3749,-64.85,428631524916,428727389195,768359844915,768455691264,33.8,36.1,35.3,37.6
1005852,14614,41.8887,12.3870,-64.21,432018194484,432114058595,771746498273,771842344448,33.8,36.1,35.3,37.6
1005905,14615,41.8874,12.3858,-65.02,435404864564,435500728542,775133152099,775228998144,33.8,36.1,35.3,37.6
1005958,14616,41.9357,12.4274,-64.68,438791534644,438887398522,778519805919,778615651840,33.8,36.1,35.3,37.6
1006011,14617,41.9310,12.4233,-64.48,442178204212,442274068525,781906459178,782002305536,34.8,36.1,36.3,37.6
1006064,14618,41.9249,12.4181,-66.28,445564874292,445660738547,785293112926,785388959232,33.8,36.1,35.3,37.6
1006117,14619,41.9296,12.4221,-65.07,448951543860,449047408114,788679766112,788775612416,33.8,36.1,35.3,37.6
1006170,14620,41.9530,12.4423,-66.04,452338213940,452434078198,792066419815,792162266112,33.8,36.1,35.3,37.6
1006223,14621,41.8920,12.3898,-65.09,455724883508,455820747797,795453072941,795548919296,33.8,36.1,35.3,37.6
1006276,14622,41.8967,12.3939,-65.76,459111553588,459207417431,798839726574,798935572480,33.8,36.1,35.3,37.6
1006329,14623,41.9310,12.4233,-64.64,462498223668,462594087604,802226380194,802322226176,33.8,36.1,35.3,37.6
1006382,14624,41.9403,12.4314,-64.15,465884893236,465980757298,805613033257,805708879360,33.8,36.1,35.3,37.6
1006435,14625,41.8920,12.3898,-65.07,469271563316,469367427526,808999686780,809095533056,33.8,36.1,35.3,37.6
1006488,14626,41.9357,12.4274,-64.81,472658233396,472754097287,812386340305,812482186240,33.8,36.1,35.3,37.6
1006541,14627,41.9014,12.3979,-66.08,476044902964,476140767068,815772993258,815868839424,34.8,36.1,36.3,37.6
1006594,14628,41.9437,12.4343,-65.60,479431573044,479527437380,819159646740,819255493120,33.8,36.1,35.3,37.6
1006647,14629,41.8934,12.3910,-65.00,482818243124,482914107213,822546300153,822642146304,33.8,36.1,35.3,37.6
1006700,14630,41.9296,12.4221,-66.06,486204912692,486300776563,825932953055,826028798976,33.8,36.1,35.3,37.6
1006753,14631,41.9497,12.4395,-64.68,489591582772,489687446970,829319606436,829415452672,33.8,36.1,35.3,37.6
1006806,14632,41.8934,12.3910,-64.48,492978252852,493074116896,832706259751,832802105856,33.8,37.1,35.3,38.6
1006859,14633,41.9437,12.4343,-66.94,496364922420,496460786334,836092912571,836188758528,33.8,37.1,35.3,38.6
1006912,14634,41.9357,12.4274,-63.92,499751592500,499847456823,839479565858,839575412224,33.8,36.1,35.3,37.6
1006965,14635,41.9403,12.4314,-64.59,503138262580,503234126829,842866219117,842962065408,33.8,37.1,35.3,38.6
1007018,14636,41.9263,12.4193,-64.19,506524932660,506620796852,846252872352,846348718592,33.8,36.1,35.3,37.6
1007071,14637,41.9403,12.4314,-64.50,509911602740,510007466924,849639525551,849735371776,33.8,36.1,35.3,37.6
1007124,14638,41.9343,12.4262,-66.08,513298272308,513394136488,853026178220,853122024448,33.8,36.1,35.3,37.6
1007177,14639,41.9544,12.4435,-64.96,516684942388,516780806593,856412831392,856508677632,33.8,36.1,35.3,37.6
1007230,14640,41.9577,12.4464,-66.02,520071612468,520167476736,859799484511,859895330816,33.8,36.1,35.3,37.6
1007283,14641,41.9577,12.4464,-65.76,523458282548,523554146404,863186137594,863281983488,33.8,37.1,35.3,38.6
1007336,14642,41.9826,12.4677,-64.90,526844952628,526940816595,866572790682,866668636672,33.8,37.1,35.3,38.6
1007389,14643,41.9343,12.4262,-66.77,530231622196,530327486303,869959443190,870055289344,33.8,36.1,35.3,37.6
1007442,14644,41.9497,12.4395,-64.57,533618292276,533714156545,873346096222,873441942528,33.8,36.1,35.3,37.6
1007495,14645,41.9671,12.4544,-65.32,537004962356,537100826305,876732749218,876828595200,33.8,37.1,35.3,38.6
1007548,14646,41.9577,12.4464,-65.68,540391632436,540487496625,880119402158,880215248384,33.8,36.1,35.3,37.6
1007601,14647,41.9671,12.4544,-65.38,543778302516,543874166438,883506055100,883601901056,33.8,36.1,35.3,37.6
1007654,14648,41.9075,12.4031,-64.37,547164972596,547260836785,886892707995,886988554240,33.8,37.1,35.3,38.6
1007707,14649,41.9437,12.4343,-65.02,550551642676,550647506656,890279360889,890375206912,33.8,36.1,35.3,37.6
1007760,14650,41.9450,12.4354,-64.46,553938312756,554034177071,893666013742,893761860096,34.8,36.1,36.3,37.6
1007813,14651,41.9390,12.4302,-66.49,557324982836,557420846965,897052666593,897148512768,33.8,37.1,35.3,38.6
1007866,14652,41.9249,12.4181,-66.12,560711652404,560807516405,900439318875,900535164928,33.8,36.1,35.3,37.6
1007919,14653,41.9859,12.4706,-65.02,564098322484,564194186391,903825971668,903921817600,33.8,36.1,35.3,37.6
1007972,14654,41.9812,12.4666,-65.23,567484992564,567580856902,907212624418,907308470784,33.8,36.1,35.3,37.6
1008025,14655,41.9920,12.4758,-64.74,570871662644,570967526928,910599277152,910695123456,33.8,36.1,35.3,37.6
1008078,14656,41.9718,12.4585,-65.82,574258332724,574354196989,913985929832,914081776128,33.8,37.1,35.3,38.6
1008131,14657,41.9624,12.4504,-65.86,577645002804,577740867062,917372582507,917468428800,33.8,37.1,35.3,38.6
1008184,14658,41.9873,12.4718,-64.05,581031672884,581127537162,920759235173,920855081472,33.8,36.1,35.3,37.6
1008237,14659,41.9544,12.4435,-64.64,584418342964,584514207282,924145887791,924241734144,33.8,36.1,35.3,37.6
1008290,14660,41.9544,12.4435,-64.28,587805013044,587900876917,927532540395,927628386304,33.8,36.1,35.3,37.6
1008343,14661,41.9953,12.4787,-65.06,591191683124,591287547090,930919192988,931015038976,33.8,37.1,35.3,38.6
1008396,14662,41.9530,12.4423,-66.74,594578353204,594674217271,934305845542,934401691648,33.8,36.1,35.3,37.6
1008449,14663,42.0047,12.4867,-65.19,597965023284,598060887513,937692498074,937788344320,33.8,36.1,35.3,37.6
1008502,14664,41.9685,12.4556,-64.53,601351693876,601447557765,941079151073,941174996992,33.8,36.1,35.3,37.6
1008555,14665,41.9483,12.4383,-65.04,604738363956,604834228027,944465803552,944561649664,33.8,36.1,35.3,37.6
1008608,14666,42.0703,12.5433,-65.54,608125034036,608220898351,947852456032,947948302336,33.8,36.1,35.3,37.6
1008661,14667,41.9591,12.4476,-64.76,611511704116,611607568143,951239108436,951334954496,33.8,36.1,35.3,37.6
1008714,14668,42.0469,12.5231,-65.40,614898374196,614994238503,954625760862,954721607168,33.8,36.1,35.3,37.6
1008767,14669,41.9310,12.4233,-64.32,618285044276,618380908339,958012413220,958108259328,33.8,36.1,35.3,37.6
1008820,14670,42.0060,12.4879,-63.89,621671714356,621767578241,961399065589,961494911488,34.8,36.1,36.3,37.6
1008873,14671,41.9873,12.4718,-64.72,625058384436,625154248655,964785717920,964881564160,33.8,36.1,35.3,37.6
1008926,14672,41.9779,12.4637,-63.94,628445054516,628540918570,968172370240,968268216320,33.8,36.1,35.3,37.6
1008979,14673,41.9779,12.4637,-64.42,631831725108,631927589047,971559023028,971654868992,34.8,36.1,36.3,37.6
1009032,14674,42.2666,12.2621,-89.35,635218395188,635314259536,974945675293,975041521664,33.8,36.1,35.3,37.6
1009085,14675,41.9779,12.4637,-64.57,638605065268,638700929531,978332327535,978428173824,33.8,36.1,35.3,37.6
1009138,14676,41.9403,12.4314,-64.92,641991735348,642087599550,981718979741,981814825984,33.8,36.1,35.3,37.6
1009191,14677,42.0342,12.5122,-64.52,645378405428,645474269614,985105631957,985201478144,33.8,37.1,35.3,38.6
1009244,14678,42.0375,12.5150,-65.11,648765075508,648860939686,988492284123,988588130304,33.8,36.1,35.3,37.6
1009297,14679,42.0248,12.5041,-64.39,652151746100,652247610284,991878936786,991974782976,33.8,36.1,35.3,37.6
1009350,14680,41.9812,12.4666,-66.51,655538416180,655634280391,995265588898,995361435136,33.8,36.1,35.3,37.6
1009403,14681,42.0000,12.4827,-65.11,658925086260,659020950537,998652241000,998748087296,33.8,36.1,35.3,37.6
1009456,14682,42.0140,12.4948,-66.66,662311756340,662407620699,1002038893083,1002134739456,33.8,37.1,35.3,38.6
1009509,14683,41.9591,12.4476,-64.52,665698426932,665794290872,1005425545643,1005521391616,33.8,36.1,35.3,37.6
1009562,14684,41.9357,12.4274,-64.39,669085097012,669180961070,1008812197675,1008908043776,33.8,36.1,35.3,37.6
1009615,14685,41.9953,12.4787,-66.02,672471767092,672567631315,1012198849692,1012294695936,33.8,37.1,35.3,38.6
1009668,14686,42.0013,12.4839,-64.39,675858437172,675954301055,1015585501685,1015681347584,33.8,36.1,35.3,37.6
1009721,14687,41.9530,12.4423,-66.83,679245107764,679340971824,1018972154156,1019068000256,33.8,37.1,35.3,38.6
1009774,14688,42.0469,12.5231,-65.28,682631777844,682727642150,1022358806110,1022454652416,33.8,37.1,35.3,38.6
1009827,14689,41.9953,12.4787,-65.42,686018447924,686114311930,1025745458037,1025841304064,33.8,36.1,35.3,37.6
1009880,14690,42.0234,12.5029,-66.45,689405118516,689500982799,1029132110444,1029227956736,33.8,37.1,35.3,38.6
1009933,14691,42.0703,12.5433,-65.27,692791788596,692887652657,1032518762333,1032614608384,33.8,36.1,35.3,37.6
1009986,14692,42.0047,12.4867,-66.79,696178458676,696274323021,1035905414182,1036001260544,33.8,36.1,35.3,37.6
1010039,14693,42.0000,12.4827,-65.13,699565129268,699660993429,1039292066523,1039387912704,33.8,36.1,35.3,37.6
1010092,14694,42.0703,12.5433,-66.08,702951799348,703047663347,1042678718363,1042774564352,33.8,36.1,35.3,37.6
1010145,14695,42.0582,12.5328,-67.15,706338469428,706434333798,1046065370141,1046161216512,33.8,37.1,35.3,38.6
1010198,14696,42.0750,12.5473,-65.21,709725140020,709821004280,1049452022425,1049547868672,33.8,37.1,35.3,38.6
1010251,14697,42.0201,12.5000,-64.33,713111810100,713207674225,1052838674187,1052934520320,33.8,36.1,35.3,37.6
1010304,14698,42.0703,12.5433,-66.55,716498480180,716594344243,1056225325916,1056321171968,33.8,36.1,35.3,37.6
1010357,14699,42.0656,12.5392,-65.83,719885150772,719981014766,1059611978142,1059707824128,33.8,36.1,35.3,37.6
1010410,14700,42.0201,12.5000,-64.57,723271820852,723367684798,1062998629823,1063094475776,33.8,36.1,35.3,37.6
1010463,14701,42.0952,12.5646,-64.33,726658491444,726754355389,1066385282016,1066481127936,33.8,36.1,35.3,37.6
1010516,14702,42.0858,12.5566,-64.83,730045161524,730141025464,1069771933665,1069867779584,33.8,36.1,35.3,37.6
1010569,14703,42.0187,12.4989,-66.43,733431831604,733527695551,1073158585273,1073254431232,33.8,37.1,35.3,38.6
1010622,14704,42.0576,12.5324,-64.64,736818502196,736914366202,1076545237394,1076641083392,33.8,36.1,35.3,37.6
1010675,14705,42.0717,12.5445,-63.89,740205172276,740301036339,1079931888991,1080027735040,33.8,36.1,35.3,37.6
1010728,14706,42.0248,12.5041,-64.15,743591842868,743687707000,1083318541063,1083414387200,33.8,37.1,35.3,38.6
1010781,14707,42.0905,12.5606,-64.61,746978512948,747074377214,1086705192605,1086801038848,33.8,36.1,35.3,37.6
1010834,14708,42.0670,12.5404,-64.63,750365183540,750461047920,1090091844640,1090187691008,33.8,37.1,35.3,38.6
1010887,14709,42.0483,12.5243,-64.98,753751853620,753847717617,1093478496152,1093574342144,33.8,36.1,35.3,37.6
1010940,14710,42.0248,12.5041,-64.90,757138524212,757234388376,1096865148134,1096960994304,33.8,36.1,35.3,37.6
1010993,14711,42.0281,12.5069,-66.41,760525194292,760621058634,740171826,836018176,33.8,37.1,35.3,38.6
1011046,14712,42.0563,12.5312,-66.24,763911864884,764007728937,4126823776,4222669824,33.8,37.1,35.3,38.6
1011099,14713,42.1186,12.5848,-64.03,767298534964,767394399242,7513475228,7609321472,33.8,37.1,35.3,38.6
1011152,14714,42.0248,12.5041,-64.05,770685205556,770781069541,10900127129,10995973120,33.8,37.1,35.3,38.6
1011205,14715,42.0938,12.5635,-65.11,774071875636,774167739909,14286778516,14382624768,33.8,37.1,35.3,38.6
1011258,14716,42.0201,12.5000,-64.53,777458546228,777554410247,17673430389,17769276416,33.8,37.1,35.3,38.6
1011311,14717,42.1079,12.5756,-65.68,780845216308,780941080647,21060081751,21155928064,33.8,37.1,35.3,38.6
1011364,14718,42.0576,12.5324,-64.77,784231886900,784327751031,24446733590,24542579712,33.8,36.1,35.3,37.6
1011417,14719,42.0154,12.4960,-64.94,787618556980,787714420938,27833384881,27929230848,33.8,37.1,35.3,38.6
1011470,14720,42.0858,12.5566,-64.64,791005227572,791101091902,31220036699,31315883008,33.8,37.1,35.3,38.6
1011523,14721,42.0483,12.5243,-64.35,794391897652,794487761842,34606687959,34702534144,33.8,36.1,35.3,37.6
1011576,14722,42.0516,12.5271,-65.62,797778568244,797874432311,37993339727,38089185792,33.8,37.1,35.3,38.6
1011629,14723,42.0764,12.5485,-64.72,801165238836,801261102827,41379991465,41475837440,33.8,37.1,35.3,38.6
1011682,14724,42.0436,12.5202,-64.89,804551908916,804647772815,44766642680,44862488576,33.8,36.1,35.3,37.6
1011735,14725,42.0483,12.5243,-64.68,807938579508,808034443866,48153294382,48249140736,33.8,36.1,35.3,37.6
1011788,14726,42.0905,12.5606,-63.84,811325249588,811421113912,51539945570,51635791872,33.8,37.1,35.3,38.6
1011841,14727,42.0670,12.5404,-64.76,814711920180,814807784492,54926597221,55022443520,33.8,37.1,35.3,38.6
1011894,14728,42.0703,12.5433,-65.19,818098590772,818194455067,58313248883,58409095168,33.8,37.1,35.3,38.6
1011947,14729,42.0905,12.5606,-64.55,821485260852,821581125175,61699900003,61795746304,33.8,36.1,35.3,37.6
1012000,14730,42.0938,12.5635,-65.66,824871931444,824967795781,65086551636,65182397952,33.8,36.1,35.3,37.6
1012053,14731,42.0811,12.5525,-64.76,828258602036,828354466429,68473203226,68569049600,33.8,36.1,35.3,37.6
1012106,14732,42.0717,12.5445,-64.33,831645272116,831741136060,71859854294,71955700224,33.8,37.1,35.3,38.6
1012159,14733,42.0656,12.5392,-66.83,835031942708,835127806746,75246505843,75342351872,33.8,36.1,35.3,37.6
1012212,14734,42.0750,12.5473,-66.28,838418613300,838514477435,78633157397,78729003520,33.8,36.1,35.3,37.6
1012265,14735,42.0717,12.5445,-64.10,841805283380,841901147650,82019808400,82115654656,33.8,37.1,35.3,38.6
1012318,14736,42.0797,12.5513,-66.62,845191953972,845287818369,85406459922,85502306304,33.8,36.1,35.3,37.6
1012371,14737,42.0717,12.5445,-64.44,848578624564,848674488628,88793111390,88888957440,33.8,36.1,35.3,37.6
1012424,14738,42.0797,12.5513,-65.36,851965294644,852061158888,92179762347,92275608576,33.8,36.1,35.3,37.6
1012477,14739,42.0938,12.5635,-66.94,855351965236,855447829166,95566413803,95662259712,33.8,36.1,35.3,37.6
1012530,14740,42.0623,12.5364,-63.75,858738635828,858834499956,98953065243,99048911360,33.8,36.1,35.3,37.6
1012583,14741,42.0985,12.5675,-66.62,862125305908,862221170278,102339716149,102435562496,33.8,36.1,35.3,37.6
1012636,14742,42.0905,12.5606,-64.87,865511976500,865607840598,105726367557,105822213632,33.8,36.1,35.3,37.6
1012689,14743,42.0999,12.5687,-64.63,868898647092,868994511461,109113018938,109208865280,33.8,36.1,35.3,37.6
1012742,14744,42.0576,12.5324,-64.01,872285317684,872381181814,112499670295,112595516416,33.8,37.1,35.3,38.6
1012795,14745,42.0905,12.5606,-64.76,875671987764,875767851700,115886321127,115982167040,33.8,36.1,35.3,37.6
1012848,14746,42.0717,12.5445,-64.98,879058658356,879154522604,119272972455,119368818688,33.8,36.1,35.3,37.6
1012901,14747,42.0483,12.5243,-63.73,882445328948,882541193004,122659623773,122755469824,33.8,36.1,35.3,37.6
1012954,14748,42.1126,12.5796,-65.04,885831999028,885927863437,126046274579,126142120960,33.8,36.1,35.3,37.6
1013007,14749,42.0905,12.5606,-64.41,889218669620,889314533896,129432925843,129528772096,34.8,36.1,36.3,37.6
1013060,14750,42.0610,12.5352,-65.36,892605340212,892701204342,132819577109,132915423232,33.8,36.1,35.3,37.6
1013113,14751,42.1126,12.5796,-66.94,895992010804,896087874840,136206228360,136302074368,33.8,36.1,35.3,37.6
1013166,14752,42.1079,12.5756,-65.06,899378681396,899474545341,139592879585,139688725504,33.8,36.1,35.3,37.6
1013219,14753,42.0858,12.5566,-64.59,902765351476,902861215863,142979530274,143075376640,33.8,37.1,35.3,38.6
1013272,14754,42.1046,12.5727,-63.92,906152022068,906247886402,146366181471,146462027776,33.8,36.1,35.3,37.6
1013325,14755,42.1407,12.6038,-65.60,909538692660,909634556950,149752832662,149848678912,33.8,36.1,35.3,37.6
1013378,14756,42.1046,12.5727,-64.44,912925363252,913021227525,153139483803,153235330048,33.8,37.1,35.3,38.6
1013431,14757,42.1139,12.5808,-63.92,916312033844,916407898117,156526134943,156621981184,33.8,36.1,35.3,37.6
1013484,14758,42.1032,12.5715,-66.06,919698703924,919794568193,159912785563,160008631808,33.8,36.1,35.3,37.6
1013537,14759,42.1548,12.6159,-65.13,923085374516,923181238828,163299436679,163395282944,33.8,36.1,35.3,37.6
1013590,14760,42.0999,12.5687,-64.01,926472045108,926567909444,166686087770,166781934080,33.8,36.1,35.3,37.6
1013643,14761,42.0905,12.5606,-63.99,929858715700,929954580097,170072738842,170168585216,33.8,36.1,35.3,37.6
1013696,14762,42.1280,12.5929,-64.50,933245386292,933341250265,173459389906,173555235840,33.8,37.1,35.3,38.6
1013749,14763,42.0952,12.5646,-63.98,936632056884,936727920946,176846040939,176941886976,33.8,36.1,35.3,37.6
1013802,14764,42.1562,12.6171,-64.70,940018726964,940114591158,180232691456,180328537600,33.8,36.1,35.3,37.6
1013855,14765,42.1689,12.6281,-65.64,943405397556,943501261881,183619342463,183715188736,33.8,36.1,35.3,37.6
1013908,14766,42.1233,12.5889,-64.21,946792068148,946887932096,187005993448,187101839360,33.8,37.1,35.3,38.6
1013961,14767,42.1515,12.6131,-64.55,950178738740,950274602843,190392644442,190488490496,33.8,36.1,35.3,37.6
1014014,14768,42.0891,12.5594,-65.64,953565409332,953661273605,193779295377,193875141632,33.8,36.1,35.3,37.6
1014067,14769,42.0985,12.5675,-65.66,956952079924,957047943880,197165946323,197261792256,33.8,36.1,35.3,37.6
1014120,14770,42.1656,12.6252,-64.76,960338750516,960434614697,200552597265,200648443392,33.8,36.1,35.3,37.6
1014173,14771,42.0844,12.5554,-65.50,963725421108,963821285499,203939248154,204035094528,33.8,36.1,35.3,37.6
1014226,14772,42.0999,12.5687,-64.98,967112091188,967207955322,207325898532,207421744640,33.8,36.1,35.3,37.6
1014279,14773,42.1079,12.5756,-65.19,970498761780,970594626173,210712549410,210808395776,33.8,36.1,35.3,37.6
1014332,14774,42.1032,12.5715,-65.48,973885432372,973981296520,214099200276,214195046400,33.8,37.1,35.3,38.6
1014385,14775,42.1186,12.5848,-64.63,977272102964,977367966911,217485851112,217581697024,33.8,36.1,35.3,37.6
1014438,14776,42.1374,12.6010,-64.96,980658773556,980754637815,220872501944,220968348160,33.8,36.1,35.3,37.6
1014491,14777,42.1501,12.6119,-65.78,984045444148,984141308215,224259152761,224354998784,33.8,36.1,35.3,37.6
1014544,14778,42.1093,12.5768,-64.33,987432114740,987527979143,227645803547,227741649920,33.8,37.1,35.3,38.6
1014597,14779,42.1829,12.6402,-66.53,990818785332,990914649598,231032454336,231128300544,33.8,36.1,35.3,37.6
1014650,14780,42.1796,12.6373,-64.89,994205455924,994301320052,234419105100,234514951168,33.8,37.1,35.3,38.6
1014703,14781,42.1736,12.6321,-65.11,997592126516,997687990513,237805755850,237901601792,33.8,36.1,35.3,37.6
1014756,14782,42.1219,12.5877,-65.96,1000978797108,1001074661505,241192406564,241288252928,33.8,36.1,35.3,37.6
1014809,14783,42.1782,12.6361,-65.15,1004365467700,1004461332018,244579057291,244674903552,33.8,36.1,35.3,37.6
1014862,14784,42.1595,12.6200,-65.17,1007752138292,1007848002529,247965707988,248061554176,33.8,37.1,35.3,38.6
1014915,14785,42.1501,12.6119,-65.15,1011138808884,1011234673057,251352358672,251448204800,33.8,36.1,35.3,37.6
1014968,14786,42.1374,12.6010,-64.07,1014525479476,1014621343613,254739009329,254834855424,33.8,36.1,35.3,37.6
1015021,14787,42.1736,12.6321,-65.76,1017912150068,1018008014183,258125659988,258221506048,33.8,36.1,35.3,37.6
1015074,14788,42.1032,12.5715,-65.90,1021298820660,1021394684745,261512310611,261608156672,33.8,37.1,35.3,38.6
1015127,14789,42.1407,12.6038,-65.04,1024685491252,1024781355353,264898961236,264994807296,33.8,36.1,35.3,37.6
1015180,14790,42.1829,12.6402,-66.49,1028072161844,1028168025978,268285611844,268381457920,33.8,37.1,35.3,38.6
1015233,14791,42.1360,12.5998,-66.45,1031458832436,1031554696589,271672262429,271768108544,33.8,36.1,35.3,37.6
1015286,14792,42.1139,12.5808,-64.14,1034845503028,1034941367237,275058912991,275154759168,33.8,36.1,35.3,37.6
1015339,14793,42.1327,12.5969,-64.19,1038232173620,1038328037909,278445563544,278541409792,33.8,36.1,35.3,37.6
1015392,14794,42.1970,12.6523,-65.76,1041618844212,1041714708591,281832214102,281928060416,33.8,37.1,35.3,38.6
1015445,14795,42.1266,12.5917,-65.74,1045005514804,1045101378753,285218864613,285314710528,33.8,36.1,35.3,37.6
1015498,14796,42.1595,12.6200,-65.86,1048392185396,1048488049468,288605515128,288701361152,33.8,36.1,35.3,37.6
1015551,14797,42.1139,12.5808,-64.21,1051778855988,1051874720184,291992165612,292088011776,33.8,37.1,35.3,38.6
1015604,14798,42.1313,12.5958,-66.06,1055165526580,1055261390922,295378816094,295474662400,33.8,36.1,35.3,37.6
1015657,14799,42.1642,12.6240,-65.09,1058552197172,1058648061177,298765466558,298861312512,33.8,36.1,35.3,37.6
1015710,14800,42.1796,12.6373,-64.77,1061938868276,1062034732469,302152117516,302247963648,33.8,36.1,35.3,37.6
1015763,14801,42.2158,12.6684,-65.11,1065325538868,1065421403260,305538767953,305634614272,33.8,37.1,35.3,38.6
1015816,14802,42.1468,12.6091,-64.37,1068712209460,1068808073527,308925418364,309021264384,33.8,37.1,35.3,38.6
1015869,14803,42.1501,12.6119,-65.84,1072098880052,1072194744346,312312068758,312407915008,33.8,37.1,35.3,38.6
1015922,14804,42.1032,12.5715,-65.38,1075485550644,1075581414647,315698719142,315794565120,33.8,37.1,35.3,38.6
1015975,14805,42.1313,12.5958,-65.38,1078872221236,1078968085512,319085369504,319181215744,33.8,37.1,35.3,38.6
1016028,14806,42.1468,12.6091,-64.72,1082258891828,1082354755857,322472019873,322567865856,33.8,37.1,35.3,38.6
1016081,14807,42.2017,12.6563,-65.98,1085645562420,1085741426749,325858670217,325954516480,33.8,36.1,35.3,37.6
1016134,14808,42.2158,12.6684,-65.83,1089032233012,1089128097140,329245320536,329341166592,33.8,37.1,35.3,38.6
1016187,14809,42.1689,12.6281,-65.25,1092418904116,1092514768547,332631971350,332727817728,33.8,36.1,35.3,37.6
1016240,14810,42.2172,12.6696,-64.81,1095805574708,1095901438975,336018621650,336114467840,33.8,36.1,35.3,37.6
1016293,14811,42.1407,12.6038,-65.54,1099192245300,1099288109375,339405271918,339501117952,33.8,37.1,35.3,38.6
1016346,14812,42.2031,12.6575,-64.74,3067288116,3163152565,342791922197,342887768576,33.8,36.1,35.3,37.6
1016399,14813,42.1796,12.6373,-64.98,6453958708,6549823025,346178572431,346274418688,33.8,36.1,35.3,37.6
1016452,14814,42.2125,12.6656,-64.68,9840629300,9936493502,349565222672,349661068800,34.8,37.1,36.3,38.6
1016505,14815,42.1454,12.6079,-65.96,13227300404,13323164471,352951873400,353047719424,34.8,36.1,36.3,37.6
1016558,14816,42.2078,12.6616,-64.48,16613970996,16709834994,356338523611,356434369536,33.8,37.1,35.3,38.6
1016611,14817,42.2017,12.6563,-65.15,20000641588,20096506024,359725173790,359821020160,33.8,36.1,35.3,37.6
1016664,14818,42.1736,12.6321,-65.21,23387312180,23483176544,363111823962,363207670272,33.8,37.1,35.3,38.6
1016717,14819,42.2439,12.6927,-65.07,26773982772,26869847109,366498474131,366594320384,33.8,37.1,35.3,38.6
1016770,14820,42.1656,12.6252,-64.87,30160653876,30256518160,369885124779,369980971008,33.8,36.1,35.3,37.6
1016823,14821,42.2031,12.6575,-64.63,33547324468,33643188737,373271774921,373367621120,33.8,37.1,35.3,38.6
1016876,14822,42.2031,12.6575,-64.32,36933995060,37029859325,376658425038,376754271232,33.8,36.1,35.3,37.6
1016929,14823,42.2219,12.6737,-64.42,40320665652,40416529932,380045075142,380140921344,33.8,36.1,35.3,37.6
1016982,14824,42.1843,12.6414,-64.68,43707336756,43803201058,383431725728,383527571968,33.8,36.1,35.3,37.6
1017035,14825,42.1890,12.6454,-64.12,47094007348,47189871678,386818375814,386914222080,33.8,37.1,35.3,38.6
1017088,14826,42.2359,12.6858,-64.94,50480677940,50576542340,390205025877,390300872192,33.8,37.1,35.3,38.6
1017141,14827,42.1796,12.6373,-63.98,53867348532,53963212981,393591675916,393687522304,33.8,37.1,35.3,38.6
1017194,14828,42.1656,12.6252,-64.63,57254019636,57349883649,396978326458,397074172416,33.8,36.1,35.3,37.6
1017247,14829,42.2078,12.6616,-64.72,60640690228,60736554358,400364976470,400460822528,33.8,37.1,35.3,38.6
1017300,14830,42.1468,12.6091,-64.63,64027360820,64123225047,403751626460,403847472640,33.8,36.1,35.3,37.6
1017353,14831,42.1642,12.6240,-65.52,67414031412,67509895759,407138276455,407234122752,33.8,36.1,35.3,37.6
1017406,14832,42.1923,12.6482,-65.44,70800702516,70896566500,410524926942,410620772864,33.8,36.1,35.3,37.6
1017459,14833,42.1970,12.6523,-65.96,74187373108,74283237238,413911576910,414007422976,33.8,36.1,35.3,37.6
1017512,14834,42.1923,12.6482,-65.06,77574043700,77669908008,417298226843,417394073088,33.8,36.1,35.3,37.6
1017565,14835,42.1515,12.6131,-64.32,80960714804,81056578767,420684877286,420780723200,33.8,36.1,35.3,37.6
1017618,14836,42.1515,12.6131,-64.35,84347385396,84443249555,424071527202,424167373312,33.8,36.1,35.3,37.6
1017671,14837,42.2252,12.6765,-65.34,87734055988,87829920372,427458177117,427554023424,33.8,37.1,35.3,38.6
1017724,14838,42.1890,12.6454,-64.07,91120727092,91216591158,430844827534,430940673536,33.8,37.1,35.3,38.6
1017777,14839,42.2345,12.6846,-66.02,94507397684,94603262014,434231477399,434327323648,33.8,36.1,35.3,37.6
1017830,14840,42.2312,12.6817,-64.76,97894068276,97989932339,437618127267,437713973248,33.8,36.1,35.3,37.6
1017883,14841,42.2172,12.6696,-64.85,101280739380,101376603708,441004777620,441100623872,33.8,37.1,35.3,38.6
1017936,14842,42.1890,12.6454,-64.03,104667409972,104763274040,444391427469,444487273472,33.8,37.1,35.3,38.6
1017989,14843,42.2252,12.6765,-65.21,108054080564,108149944949,447778077275,447873923584,33.8,36.1,35.3,37.6
1018042,14844,42.1562,12.6171,-64.77,111440751668,111536615828,451164727587,451260573696,33.8,37.1,35.3,38.6
1018095,14845,42.1829,12.6402,-65.32,114827422260,114923286229,454551377385,454647223296,33.8,36.1,35.3,37.6
1018148,14846,42.2158,12.6684,-66.22,118214092852,118309957170,457938027163,458033873408,33.8,36.1,35.3,37.6
1018201,14847,42.1937,12.6494,-63.63,121600763956,121696628089,461324677453,461420523520,34.8,36.1,36.3,37.6
1018254,14848,42.2125,12.6656,-64.63,124987434548,125083298542,464711327201,464807173120,33.8,37.1,35.3,38.6
1018307,14849,42.2017,12.6563,-65.60,128374105140,128469969500,468097976938,468193823232,33.8,36.1,35.3,37.6
1018360,14850,42.1923,12.6482,-65.32,131760776244,131856640480,471484627171,471580473344,33.8,37.1,35.3,38.6
1018413,14851,42.2252,12.6765,-66.70,135147446836,135243310966,474871276891,474967122944,33.8,37.1,35.3,38.6
1018466,14852,42.1702,12.6293,-64.42,138534117940,138629981947,478257927105,478353773056,33.8,36.1,35.3,37.6
1018519,14853,42.2172,12.6696,-64.50,141920788532,142016652988,481644576788,481740423168,33.8,36.1,35.3,37.6
1018572,14854,42.2312,12.6817,-64.72,145307459124,145403323519,485031226456,485127072768,33.8,36.1,35.3,37.6
1018625,14855,42.2172,12.6696,-64.03,148694130228,148789994559,488417876626,488513722880,33.8,36.1,35.3,37.6
1018678,14856,42.2205,12.6725,-65.94,152080800820,152176665102,491804526273,491900372480,33.8,36.1,35.3,37.6
1018731,14857,42.2299,12.6805,-65.17,155467471924,155563336187,495191176407,495287022592,33.8,36.1,35.3,37.6
1018784,14858,42.2064,12.6604,-66.45,158854142516,158950006764,498577826013,498673672192,33.8,37.1,35.3,38.6
1018837,14859,42.2392,12.6886,-65.32,162240813620,162336677875,501964476131,502060322304,33.8,36.1,35.3,37.6
1018890,14860,42.2392,12.6886,-66.20,165627484212,165723348473,505351125725,505446971904,33.8,36.1,35.3,37.6
1018943,14861,42.2359,12.6858,-64.52,169014155316,169110019597,508737775820,508833622016,33.8,36.1,35.3,37.6
1018996,14862,42.2252,12.6765,-66.79,172400825908,172496690231,512124425370,512220271616,33.8,36.1,35.3,37.6
1019049,14863,42.2064,12.6604,-65.96,175787496500,175883360865,515511074919,515606921216,33.8,37.1,35.3,38.6
1019102,14864,42.2158,12.6684,-65.86,179174167604,179270032042,518897724962,518993571328,33.8,36.1,35.3,37.6
1019155,14865,42.2158,12.6684,-65.96,182560838196,182656702192,522284374492,522380220416,33.8,37.1,35.3,38.6
1019208,14866,42.1984,12.6535,-63.91,185947509300,186043373381,525671024516,525766870528,33.8,36.1,35.3,37.6
1019261,14867,42.2312,12.6817,-64.33,189334179892,189430044096,529057674006,529153520128,33.8,36.1,35.3,37.6
1019314,14868,42.2359,12.6858,-64.76,192720850996,192816715321,532444324000,532540170240,33.8,36.1,35.3,37.6
1019367,14869,42.2406,12.6898,-64.76,196107521588,196203386047,535830973468,535926819840,33.8,36.1,35.3,37.6
1019420,14870,42.1984,12.6535,-63.54,199494192692,199590056765,539217623435,539313469440,33.8,36.1,35.3,37.6
1019473,14871,42.2439,12.6927,-66.57,202880863284,202976727536,542604272873,542700119040,33.8,36.1,35.3,37.6
1019526,14872,42.2312,12.6817,-63.91,206267534388,206363398799,545990922823,546086769152,33.8,36.1,35.3,37.6
1019579,14873,42.2158,12.6684,-66.16,209654205492,209750069561,549377572755,549473418752,33.8,36.1,35.3,37.6
1019632,14874,42.2312,12.6817,-64.10,213040876084,213136740361,552764222157,552860068352,33.8,36.1,35.3,37.6
1019685,14875,42.2345,12.6846,-65.38,216427547188,216523411180,556150872040,556246717952,33.8,36.1,35.3,37.6
1019738,14876,42.2172,12.6696,-64.08,219814217780,219910081986,559537521422,559633367552,33.8,37.1,35.3,38.6
1019791,14877,42.2406,12.6898,-64.76,223200888884,223296753338,562924171296,563020017664,33.8,36.1,35.3,37.6
1019844,14878,42.2219,12.6737,-64.59,226587559476,226683423667,566310820640,566406666752,33.8,36.1,35.3,37.6
1019897,14879,42.2594,12.7060,-64.66,229974230580,230070095036,569697470502,569793316864,33.8,37.1,35.3,38.6
1019950,14880,42.2219,12.6737,-64.59,233360901172,233456765382,573084119820,573179965952,33.8,37.1,35.3,38.6
1020003,14881,42.2312,12.6817,-64.77,236747572276,236843436271,576470769640,576566615552,33.8,37.1,35.3,38.6
1020056,14882,42.2406,12.6898,-64.55,240134243380,240230107671,579857419460,579953265664,33.8,36.1,35.3,37.6
1020109,14883,42.2031,12.6575,-64.14,243520913972,243616778052,583244068742,583339914752,33.8,36.1,35.3,37.6
1020162,14884,42.2547,12.7019,-64.68,246907585076,247003449505,586630718528,586726564864,33.8,36.1,35.3,37.6
1020215,14885,42.2359,12.6858,-64.30,250294255668,250390119928,590017367777,590113213952,33.8,36.1,35.3,37.6
1020268,14886,42.2078,12.6616,-64.68,253680926772,253776790857,593404017540,593499863552,33.8,37.1,35.3,38.6
1020321,14887,42.2312,12.6817,-63.31,257067597876,257163462336,596790667286,596886513664,33.8,37.1,35.3,38.6
1020374,14888,42.2406,12.6898,-63.84,260454268468,260550132803,600177316504,600273162752,33.8,36.1,35.3,37.6
1020427,14889,42.2359,12.6858,-63.85,263840939572,263936803780,603563966228,603659812352,33.8,36.1,35.3,37.6
1020480,14890,42.2768,12.7209,-65.54,267227610164,267323474282,606950615421,607046461440,33.8,36.1,35.3,37.6
1020533,14891,42.2078,12.6616,-63.46,270614281268,270710145274,610337265107,610433111040,33.8,36.1,35.3,37.6
1020586,14892,42.2453,12.6939,-64.89,274000952372,274096816831,613723914781,613819761152,33.8,36.1,35.3,37.6
1020639,14893,42.2533,12.7007,-66.68,277387622964,277483487353,617110563939,617206410240,33.8,36.1,35.3,37.6
1020692,14894,42.2453,12.6939,-64.74,280774294068,280870158405,620497213591,620593059840,33.8,36.1,35.3,37.6
1020745,14895,42.2439,12.6927,-65.92,284160965172,284256829456,623883863241,623979709440,33.8,37.1,35.3,38.6
1020798,14896,42.2641,12.7100,-64.46,287547635764,287643500034,627270512355,627366358528,33.8,36.1,35.3,37.6
1020851,14897,42.2219,12.6737,-64.70,290934306868,291030171109,630657161966,630753008128,33.8,36.1,35.3,37.6
1020904,14898,42.2547,12.7019,-64.79,294320977460,294416841707,634043811061,634139657216,33.8,36.1,35.3,37.6
1020957,14899,42.2594,12.7060,-64.52,297707648564,297803512825,637430460650,637526306816,33.8,37.1,35.3,38.6
1021010,14900,42.2674,12.7128,-65.02,301094319668,301190183950,640817110228,640912956416,33.8,37.1,35.3,38.6
1021063,14901,42.2674,12.7128,-66.87,304480990260,304576854580,644203759279,644299605504,33.8,37.1,35.3,38.6
1021116,14902,42.2815,12.7250,-65.38,307867661364,307963525734,647590408835,647686255104,33.8,36.1,35.3,37.6
1021169,14903,42.2815,12.7250,-65.46,311254332468,311350196896,650977058376,651072904704,33.8,36.1,35.3,37.6
1021222,14904,42.2782,12.7221,-64.70,314641003060,314736867562,654363707392,654459553792,33.8,36.1,35.3,37.6
1021275,14905,42.2453,12.6939,-63.19,318027674164,318123538242,657750356890,657846202880,33.8,36.1,35.3,37.6
1021328,14906,42.2688,12.7140,-64.79,321414345268,321510209451,661137006396,661232852480,33.8,37.1,35.3,38.6
1021381,14907,42.2594,12.7060,-64.37,324801015860,324896880149,664523655374,664619501568,33.8,36.1,35.3,37.6
1021434,14908,42.2674,12.7128,-65.74,328187686964,328283551378,667910304849,668006151168,33.8,36.1,35.3,37.6
1021487,14909,42.2594,12.7060,-64.89,331574358068,331670222110,671296954309,671392800256,33.8,36.1,35.3,37.6
1021540,14910,42.2641,12.7100,-64.39,334961029172,335056893381,674683603744,674779449856,33.8,37.1,35.3,38.6
1021593,14911,42.2875,12.7302,-63.98,338347699764,338443564133,678070252682,678166098944,33.8,36.1,35.3,37.6
1021646,14912,42.2345,12.6846,-65.80,341734370868,341830234883,681456902098,681552748032,33.8,37.1,35.3,38.6
1021699,14913,42.2312,12.6817,-64.14,345121041972,345216906182,684843551505,684939397632,33.8,37.1,35.3,38.6
1021752,14914,42.2735,12.7181,-64.63,348507712564,348603576992,688230200392,688326046720,33.8,36.1,35.3,37.6
1021805,14915,42.2908,12.7330,-66.18,351894383668,351990247807,691616849774,691712695808,33.8,36.1,35.3,37.6
1021858,14916,42.2955,12.7371,-65.62,355281054772,355376919133,695003499153,695099345408,33.8,36.1,35.3,37.6
1021911,14917,42.2312,12.6817,-64.12,358667725876,358763589946,698390148508,698485994496,33.8,36.1,35.3,37.6
1021964,14918,42.2500,12.6979,-64.98,362054396468,362150260804,701776797338,701872643584,33.8,36.1,35.3,37.6
1022017,14919,42.2641,12.7100,-64.35,365441067572,365536931658,705163446682,705259292672,33.8,36.1,35.3,37.6
1022070,14920,42.3190,12.7573,-65.96,368827738676,368923603064,708550096001,708645942272,33.8,36.1,35.3,37.6
1022123,14921,42.2533,12.7007,-65.86,372214409780,372310273930,711936745299,712032591360,33.8,37.1,35.3,38.6
1022176,14922,42.2594,12.7060,-64.32,375601080884,375696945348,715323394590,715419240960,33.8,36.1,35.3,37.6
1022229,14923,42.2688,12.7140,-64.50,378987751476,379083615751,718710043360,718805889536,33.8,36.1,35.3,37.6
1022282,14924,42.2219,12.6737,-63.75,382374422580,382470286652,722096692631,722192538624,33.8,36.1,35.3,37.6
1022335,14925,42.2875,12.7302,-64.98,385761093684,385856958115,725483341899,725579188224,33.8,37.1,35.3,38.6
1022388,14926,42.2721,12.7169,-66.24,389147764788,389243629063,728869991133,728965837312,33.8,36.1,35.3,37.6
1022441,14927,42.2782,12.7221,-64.33,392534435380,392630299511,732256639860,732352485888,33.8,36.1,35.3,37.6
1022494,14928,42.3096,12.7492,-66.57,395921106484,396016970489,735643289084,735739134976,33.8,36.1,35.3,37.6
1022547,14929,42.2875,12.7302,-64.42,399307777588,399403641984,739029938286,739125784576,33.8,36.1,35.3,37.6
1022600,14930,42.2922,12.7342,-64.21,402694448692,402790312982,742416587482,742512433664,33.8,37.1,35.3,38.6
1022653,14931,42.2782,12.7221,-64.98,406081119796,406176983989,745803236662,745899082752,33.8,36.1,35.3,37.6
1022706,14932,42.2862,12.7290,-66.70,409467790900,409563655008,749189885834,749285731840,33.8,37.1,35.3,38.6
1022759,14933,42.2594,12.7060,-64.42,412854461492,412950325525,752576534478,752672380416,33.8,36.1,35.3,37.6
1022812,14934,42.3157,12.7544,-64.53,416241132596,416336997103,755963183627,756059030016,33.8,37.1,35.3,38.6
1022865,14935,42.2922,12.7342,-64.24,419627803700,419723668160,759349832753,759445679104,33.8,36.1,35.3,37.6
1022918,14936,42.3063,12.7463,-64.85,423014474804,423110339238,762736481872,762832328192,33.8,37.1,35.3,38.6
1022971,14937,42.2688,12.7140,-64.72,426401145908,426497010318,766123130968,766218977280,33.8,36.1,35.3,37.6
1023024,14938,42.2453,12.6939,-64.30,429787817012,429883681415,769509780054,769605626368,33.8,36.1,35.3,37.6
1023077,14939,42.2815,12.7250,-66.39,433174488116,433270352536,772896429136,772992275456,33.8,36.1,35.3,37.6
1023130,14940,42.3237,12.7613,-66.18,436561158708,436657023169,776283077689,776378924032,33.8,37.1,35.3,38.6
1023183,14941,42.2721,12.7169,-65.62,439947829812,440043694292,779669726736,779765573120,33.8,36.1,35.3,37.6
1023236,14942,42.2453,12.6939,-64.24,443334500916,443430364924,783056375777,783152221696,33.8,36.1,35.3,37.6
1023289,14943,42.2688,12.7140,-64.94,446721172020,446817036101,786443024802,786538870784,33.8,36.1,35.3,37.6
1023342,14944,42.2594,12.7060,-64.85,450107843124,450203707279,789829673812,789925519872,33.8,36.1,35.3,37.6
1023395,14945,42.3096,12.7492,-65.15,453494514228,453590378491,793216322810,793312168960,33.8,36.1,35.3,37.6
1023448,14946,42.2969,12.7383,-64.44,456881185332,456977049692,796602971799,796698818048,33.8,37.1,35.3,38.6
1023501,14947,42.2641,12.7100,-64.07,460267856436,460363720904,799989620764,800085467136,33.8,36.1,35.3,37.6
1023554,14948,42.2486,12.6967,-65.27,463654527540,463750391615,803376269723,803472115712,33.8,37.1,35.3,38.6
1023607,14949,42.3016,12.7423,-64.76,467041198644,467137062880,806762918676,806858764800,33.8,36.1,35.3,37.6
1023660,14950,42.3016,12.7423,-64.46,470427869748,470523734144,810149567604,810245413888,33.8,37.1,35.3,38.6
1023713,14951,42.2922,12.7342,-64.66,473814540852,473910404898,813536216526,813632062464,33.8,36.1,35.3,37.6
1023766,14952,42.2627,12.7088,-65.76,477201211444,477297075659,816922864918,817018711040,33.8,37.1,35.3,38.6
1023819,14953,42.2828,12.7262,-64.08,480587882548,480683746965,820309513815,820405360128,33.8,36.1,35.3,37.6
1023872,14954,42.3284,12.7653,-66.66,483974553652,484070417768,823696162708,823792008704,33.8,36.1,35.3,37.6
1023925,14955,42.3049,12.7451,-65.04,487361224756,487457089089,827082811570,827178657792,33.8,37.1,35.3,38.6
1023978,14956,42.3063,12.7463,-64.61,490747895860,490843759913,830469460429,830565306368,33.8,36.1,35.3,37.6
1024031,14957,42.2815,12.7250,-66.10,494134566964,494230431257,833856109263,833951955456,33.8,36.1,35.3,37.6
1024084,14958,42.2875,12.7302,-64.23,497521238068,497617102101,837242758105,837338604032,33.8,36.1,35.3,37.6
1024137,14959,42.3444,12.7791,-67.02,500907909172,501003773488,840629406925,840725253120,33.8,36.1,35.3,37.6
1024190,14960,42.2922,12.7342,-63.87,504294580276,504390444353,844016055728,844111901696,33.8,36.1,35.3,37.6
1024243,14961,42.3251,12.7625,-64.85,507681251380,507777115765,847402704521,847498550784,33.8,37.1,35.3,38.6
1024296,14962,42.2969,12.7383,-64.94,511067922484,511163786649,850789353306,850885199360,33.8,36.1,35.3,37.6
1024349,14963,42.3063,12.7463,-64.92,514454593588,514550458074,854176002076,854271848448,33.8,36.1,35.3,37.6
1024402,14964,42.3331,12.7694,-65.07,517841265204,517937129525,857562651338,857658497536,33.8,36.1,35.3,37.6
1024455,14965,42.3016,12.7423,-63.66,521227936308,521323800447,860949300085,861045146112,33.8,36.1,35.3,37.6
1024508,14966,42.3190,12.7573,-65.02,524614607412,524710471915,864335948813,864431795200,33.8,36.1,35.3,37.6
1024561,14967,42.2908,12.7330,-66.51,528001278516,528097142870,867722597527,867818443776,33.8,37.1,35.3,38.6
1024614,14968,42.2908,12.7330,-65.46,531387949620,531483813848,871109246229,871205092352,33.8,37.1,35.3,38.6
1024667,14969,42.3284,12.7653,-65.17,534774620724,534870484840,874495894933,874591740928,33.8,37.1,35.3,38.6
1024720,14970,42.3251,12.7625,-64.26,538161291828,538257156348,877882543619,877978390016,33.8,37.1,35.3,38.6
1024773,14971,42.3049,12.7451,-65.40,541547962932,541643827355,881269192279,881365038592,33.8,37.1,35.3,38.6
1024826,14972,42.2815,12.7250,-65.76,544934634036,545030498379,884655840925,884751687168,33.8,37.1,35.3,38.6
1024879,14973,42.3204,12.7585,-63.85,548321305140,548417169418,888042489587,888138335744,33.8,36.1,35.3,37.6
1024932,14974,42.3110,12.7504,-64.01,551707976244,551803840460,891429138220,891524984320,33.8,37.1,35.3,38.6
1024985,14975,42.2862,12.7290,-65.98,555094647348,555190511507,894815786839,894911632896,33.8,36.1,35.3,37.6
1025038,14976,42.3298,12.7665,-64.32,558481318452,558577182589,898202435459,898298281472,33.8,36.1,35.3,37.6
1025091,14977,42.3204,12.7585,-64.59,561867989556,561963853673,901589084052,901684930048,33.8,36.1,35.3,37.6
1025144,14978,42.2969,12.7383,-64.50,565254661172,565350525270,904975733149,905071579136,33.8,36.1,35.3,37.6
1025197,14979,42.2922,12.7342,-64.52,568641332276,568737196374,908362381722,908458227712,33.8,36.1,35.3,37.6
1025250,14980,42.3438,12.7786,-64.59,572028003380,572123867511,911749030288,911844876288,33.8,37.1,35.3,38.6
1025303,14981,42.3110,12.7504,-63.96,575414674484,575510538630,915135678835,915231524864,33.8,36.1,35.3,37.6
1025356,14982,42.3612,12.7936,-66.47,578801345588,578897209788,918522327375,918618173440,33.8,36.1,35.3,37.6
1025409,14983,42.3284,12.7653,-65.25,582188016692,582283880934,921908975894,922004822016,33.8,37.1,35.3,38.6
1025462,14984,42.3438,12.7786,-65.00,585574687796,585670552113,925295624405,925391470592,33.8,36.1,35.3,37.6
1025515,14985,42.3532,12.7867,-64.89,588961359412,589057223808,928682273419,928778119680,33.8,36.1,35.3,37.6
1025568,14986,42.3190,12.7573,-65.90,592348030516,592443894985,932068921903,932164768256,33.8,36.1,35.3,37.6
1025621,14987,42.3612,12.7936,-66.68,595734701620,595830565689,935455570386,935551416320,33.8,36.1,35.3,37.6
1025674,14988,42.3110,12.7504,-64.66,599121372724,599217236894,938842218843,938938064896,33.8,36.1,35.3,37.6
1025727,14989,42.3204,12.7585,-64.76,602508043828,602603908130,942228867291,942324713472,33.8,36.1,35.3,37.6
1025780,14990,42.3438,12.7786,-64.81,605894714932,605990579375,945615515735,945711362048,33.8,36.1,35.3,37.6
1025833,14991,42.3485,12.7827,-64.19,609281386548,609377250626,949002164678,949098010624,33.8,36.1,35.3,37.6
1025886,14992,42.3157,12.7544,-64.24,612668057652,612763921877,952388813094,952484659200,33.8,37.1,35.3,38.6
1025939,14993,42.3753,12.8057,-66.34,616054728756,616150593163,955775461509,955871307776,33.8,36.1,35.3,37.6
1025992,14994,42.3659,12.7976,-65.32,619441399860,619537263941,959162109896,959257955840,33.8,37.1,35.3,38.6
1026045,14995,42.3612,12.7936,-65.80,622828070964,622923935243,962548758271,962644604416,33.8,37.1,35.3,38.6
1026098,14996,42.3157,12.7544,-63.89,626214742580,626310607042,965935407161,966031253504,33.8,37.1,35.3,38.6
1026151,14997,42.3471,12.7815,-65.94,629601413684,629697277867,969322055513,969417901568,33.8,36.1,35.3,37.6
1026204,14998,42.3438,12.7786,-63.98,632988084788,633083949199,972708703864,972804550144,33.8,36.1,35.3,37.6
1026257,14999,42.3626,12.7948,-64.42,636374755892,636470620030,976095352209,976191198208,33.8,36.1,35.3,37.6
1026310,15000,42.3331,12.7694,-66.34,639761427508,639857291898,979482001029,979577847296,33.8,36.1,35.3,37.6
1026363,15001,42.3391,12.7746,-64.01,643148098612,643243962753,982868649348,982964495360,33.8,37.1,35.3,38.6
1026416,15002,42.3110,12.7504,-64.15,646534769716,646630634128,986255297641,986351143936,33.8,36.1,35.3,37.6
1026469,15003,42.3626,12.7948,-64.76,649921440820,650017305022,989641945937,989737792000,33.8,37.1,35.3,38.6
1026522,15004,42.3378,12.7734,-65.13,653308112436,653403976928,993028594720,993124441088,33.8,36.1,35.3,37.6
1026575,15005,42.3485,12.7827,-64.46,656694783540,656790647835,996415242989,996511089152,33.8,37.1,35.3,38.6
1026628,15006,42.3237,12.7613,-65.60,660081454644,660177318739,999801891240,999897737216,33.8,36.1,35.3,37.6
1026681,15007,42.3706,12.8017,-66.77,663468125748,663563990192,1003188539487,1003284385792,33.8,36.1,35.3,37.6
1026734,15008,42.3532,12.7867,-64.24,666854797364,666950661641,1006575188225,1006671034368,33.8,37.1,35.3,38.6
1026787,15009,42.3706,12.8017,-65.21,670241468468,670337332598,1009961836440,1010057682432,33.8,36.1,35.3,37.6
1026840,15010,42.3251,12.7625,-64.74,673628139572,673724004054,1013348484649,1013444331008,33.8,36.1,35.3,37.6
1026893,15011,42.3391,12.7746,-64.41,677014811188,677110675549,1016735133352,1016830979584,33.8,36.1,35.3,37.6
1026946,15012,42.3485,12.7827,-64.64,680401482292,680497346538,1020121781535,1020217627648,33.8,36.1,35.3,37.6
1026999,15013,42.3861,12.8150,-64.41,683788153396,683884017534,1023508429722,1023604275712,33.8,36.1,35.3,37.6
1027052,15014,42.3157,12.7544,-63.91,687174825012,687270689036,1026895078382,1026990924288,33.8,36.1,35.3,37.6
1027105,15015,42.3847,12.8138,-65.48,690561496116,690657360582,1030281726542,1030377572864,33.8,36.1,35.3,37.6
1027158,15016,42.3800,12.8097,-66.02,693948167220,694044031620,1033668374671,1033764220928,33.8,36.1,35.3,37.6
1027211,15017,42.3706,12.8017,-65.44,697334838324,697430702656,1037055022799,1037150868992,33.8,36.1,35.3,37.6
1027264,15018,42.3720,12.8029,-63.99,700721509940,700817374219,1040441671431,1040537517568,33.8,37.1,35.3,38.6
1027317,15019,42.3298,12.7665,-64.48,704108181044,704204045277,1043828319524,1043924165632,33.8,36.1,35.3,37.6
1027370,15020,42.3579,12.7908,-63.85,707494852660,707590716871,1047214968133,1047310814208,33.8,36.1,35.3,37.6
1027423,15021,42.3800,12.8097,-65.04,710881523764,710977387966,1050601616212,1050697462272,33.8,36.1,35.3,37.6
1027476,15022,42.3800,12.8097,-66.16,714268194868,714364059063,1053988264284,1054084110336,33.8,36.1,35.3,37.6
1027529,15023,42.3767,12.8069,-64.74,717654866484,717750730685,1057374912856,1057470758912,33.8,36.1,35.3,37.6
1027582,15024,42.3673,12.7988,-63.98,721041537588,721137401800,1060761560905,1060857406976,33.8,36.1,35.3,37.6
1027635,15025,42.3800,12.8097,-65.74,724428208692,724524072945,1064148208930,1064244055040,33.8,36.1,35.3,37.6
1027688,15026,42.3908,12.8190,-64.79,727814880308,727910744595,1067534857479,1067630703616,33.8,36.1,35.3,37.6
1027741,15027,42.3485,12.7827,-64.08,731201551412,731297415745,1070921505480,1071017351680,33.8,36.1,35.3,37.6
1027794,15028,42.3814,12.8109,-64.57,734588222516,734684086916,1074308153490,1074403999744,33.8,37.1,35.3,38.6
1027847,15029,42.3814,12.8109,-64.90,737974894132,738070758604,1077694801995,1077790648320,33.8,36.1,35.3,37.6
1027900,15030,42.3471,12.7815,-65.96,741361565236,741457429259,1081081449978,1081177295872,33.8,37.1,35.3,38.6
1027953,15031,42.3941,12.8219,-65.40,744748236852,744844100992,1084468098457,1084563944448,33.8,36.1,35.3,37.6
1028006,15032,42.3847,12.8138,-65.66,748134907956,748230772201,1087854746412,1087950592512,33.8,37.1,35.3,38.6
1028059,15033,42.3612,12.7936,-65.28,751521579572,751617443925,1091241394870,1091337241088,33.8,36.1,35.3,37.6
1028112,15034,42.3626,12.7948,-63.85,754908250676,755004115152,1094628042814,1094723889152,33.8,36.1,35.3,37.6
1028165,15035,42.3298,12.7665,-64.08,758294921780,758390785873,1098014690736,1098110536704,33.8,36.1,35.3,37.6
1028218,15036,42.3894,12.8178,-65.07,761681593396,761777457662,1889711385,1985557504,33.8,36.1,35.3,37.6
1028271,15037,42.3908,12.8190,-63.73,765068264500,765164128916,5276359302,5372205568,33.8,36.1,35.3,37.6
1028324,15038,42.3767,12.8069,-64.30,768454936116,768550800191,8663007701,8758853632,33.8,37.1,35.3,38.6
1028377,15039,42.3941,12.8219,-65.02,771841607220,771937471485,12049655579,12145501696,33.8,36.1,35.3,37.6
1028430,15040,42.3767,12.8069,-64.64,775228278836,775324143288,15436303965,15532150272,33.8,36.1,35.3,37.6
1028483,15041,42.3720,12.8029,-64.57,778614949940,778710814077,18822951830,18918797824,33.8,36.1,35.3,37.6
1028536,15042,42.3626,12.7948,-64.15,782001621556,782097485898,22209600196,22305446400,33.8,36.1,35.3,37.6
1028589,15043,42.3861,12.8150,-64.53,785388292660,785484156724,25596248037,25692093952,33.8,37.1,35.3,38.6
1028642,15044,42.3673,12.7988,-63.91,788774963764,788870828054,28982895867,29078742016,33.8,36.1,35.3,37.6
1028695,15045,42.3612,12.7936,-65.54,792161635380,792257499908,32369544199,32465390592,33.8,36.1,35.3,37.6
1028748,15046,42.3767,12.8069,-64.26,795548306484,795644170762,35756192011,35852038144,33.8,37.1,35.3,38.6
1028801,15047,42.3438,12.7786,-64.12,798934978100,799030842627,39142840323,39238686720,33.8,36.1,35.3,37.6
1028854,15048,42.3861,12.8150,-64.79,802321649204,802417513521,42529488103,42625334272,33.8,36.1,35.3,37.6
1028907,15049,42.3847,12.8138,-65.46,805708320820,805804184900,45916136400,46011982336,33.8,36.1,35.3,37.6
1028960,15050,42.3847,12.8138,-65.02,809094991924,809190856313,49302784155,49398630400,33.8,37.1,35.3,38.6
1029013,15051,42.3767,12.8069,-64.55,812481663540,812577527712,52689432437,52785278464,33.8,37.1,35.3,38.6
1029066,15052,42.3673,12.7988,-64.55,815868334644,815964199126,56076080186,56171926528,33.8,37.1,35.3,38.6
1029119,15053,42.3988,12.8259,-65.02,819255006260,819350870572,59462728430,59558574592,33.8,37.1,35.3,38.6
1029172,15054,42.3955,12.8231,-64.77,822641677364,822737541505,62849376156,62945222144,33.8,37.1,35.3,38.6
1029225,15055,42.3579,12.7908,-64.59,826028348980,826124213450,66236024386,66331870720,33.8,37.1,35.3,38.6
1029278,15056,42.4048,12.8311,-64.59,829415020596,829510884936,69622672600,69718518784,33.8,37.1,35.3,38.6
1029331,15057,42.4189,12.8432,-65.00,832801691700,832897555901,73009320297,73105166336,33.8,37.1,35.3,38.6
1029384,15058,42.3941,12.8219,-65.60,836188363316,836284227374,76395968490,76491814400,33.8,37.1,35.3,38.6
1029437,15059,42.4195,12.8437,-67.13,839575034420,839670898872,79782616164,79878462464,33.8,36.1,35.3,37.6
1029490,15060,42.4035,12.8299,-65.44,842961706036,843057570375,83169264342,83265110528,33.8,37.1,35.3,38.6
1029543,15061,42.3579,12.7908,-64.17,846348377140,846444241363,86555911994,86651758080,33.8,36.1,35.3,37.6
1029596,15062,42.3941,12.8219,-66.57,849735048756,849830912896,89942560153,90038406144,33.8,37.1,35.3,38.6
1029649,15063,42.4222,12.8461,-65.44,853121719860,853217583921,93329207795,93425053696,33.8,37.1,35.3,38.6
1029702,15064,42.3532,12.7867,-64.72,856508391476,856604255961,96715855922,96811702272,33.8,37.1,35.3,38.6
1029755,15065,42.4048,12.8311,-64.37,859895063092,859990927527,100102504057,100198350336,33.8,37.1,35.3,38.6
1029808,15066,42.4081,12.8340,-66.83,863281734196,863377598582,103489151656,103584997888,33.8,36.1,35.3,37.6
1029861,15067,42.3814,12.8109,-64.21,866668405812,866764270148,106875799763,106971645952,33.8,37.1,35.3,38.6
1029914,15068,42.4128,12.8380,-65.07,870055076916,870150941225,110262447352,110358293504,33.8,36.1,35.3,37.6
1029967,15069,42.3941,12.8219,-65.78,873441748532,873537612810,113649095439,113744941568,33.8,37.1,35.3,38.6
1030020,15070,42.4001,12.8271,-64.77,876828419636,876924283913,117035742998,117131589120,33.8,36.1,35.3,37.6
1030073,15071,42.4189,12.8432,-64.89,880215091252,880310955533,120422391065,120518237184,33.8,36.1,35.3,37.6
1030126,15072,42.4095,12.8352,-64.32,883601762868,883697627148,123809039126,123904885248,33.8,36.1,35.3,37.6
1030179,15073,42.3861,12.8150,-64.37,886988433972,887084298260,127195686661,127291532800,33.8,36.1,35.3,37.6
1030232,15074,42.4128,12.8380,-65.27,890375105588,890470969915,130582334694,130678180864,33.8,37.1,35.3,38.6
1030285,15075,42.4048,12.8311,-64.41,893761777204,893857641564,133968982725,134064828928,33.8,37.1,35.3,38.6
1030338,15076,42.4001,12.8271,-64.19,897148448308,897244312714,137355630228,137451476480,33.8,36.1,35.3,37.6
1030391,15077,42.3908,12.8190,-64.52,900535119924,900630984387,140742278232,140838124544,33.8,36.1,35.3,37.6
1030444,15078,42.3767,12.8069,-64.41,903921791028,904017655548,144128925721,144224772096,33.8,36.1,35.3,37.6
1030497,15079,42.3532,12.7867,-63.75,907308462644,907404326720,147515573707,147611419648,33.8,37.1,35.3,38.6
1030550,15080,42.4048,12.8311,-64.52,910695134260,910790998429,150902221699,150998067712,33.8,36.1,35.3,37.6
1030603,15081,42.4048,12.8311,-64.48,914081805364,914177669640,154288869144,154384715264,33.8,36.1,35.3,37.6
1030656,15082,42.4048,12.8311,-64.85,917468476980,917564341358,157675517107,157771363328,33.8,37.1,35.3,38.6
1030709,15083,42.4142,12.8392,-64.21,920855148596,920951013087,161062165062,161158011392,33.8,37.1,35.3,38.6
1030762,15084,42.4283,12.8513,-64.28,924241819700,924337683807,164448812492,164544658432,33.8,36.1,35.3,37.6
1030815,15085,42.4269,12.8501,-66.08,927628491316,927724355562,167835460413,167931306496,33.8,37.1,35.3,38.6
1030868,15086,42.4222,12.8461,-65.02,931015162932,931111027329,171222108324,171317954560,33.8,37.1,35.3,38.6
1030921,15087,42.3673,12.7988,-63.96,934401834036,934497698567,174608755722,174704602112,33.8,37.1,35.3,38.6
1030974,15088,42.4222,12.8461,-66.92,937788505652,937884369851,177995403625,178091249664,33.8,36.1,35.3,37.6
1031027,15089,42.4142,12.8392,-64.92,941175177268,941271041647,181382051509,181477897728,33.8,37.1,35.3,38.6
1031080,15090,42.3941,12.8219,-65.13,944561848372,944657712410,184768698879,184864544768,33.8,37.1,35.3,38.6
1031133,15091,42.4142,12.8392,-64.59,947948519988,948044384236,188155346745,188251192832,33.8,36.1,35.3,37.6
1031186,15092,42.4330,12.8554,-64.87,951335191604,951431056061,191541994608,191637840896,33.8,37.1,35.3,38.6
1031239,15093,42.4048,12.8311,-64.28,954721863220,954817727370,194928642454,195024488448,33.8,36.1,35.3,37.6
1031292,15094,42.4189,12.8432,-64.76,958108534324,958204398714,198315289773,198411136000,33.8,36.1,35.3,37.6
1031345,15095,42.4001,12.8271,-64.03,961495205940,961591070039,201701937608,201797783552,33.8,36.1,35.3,37.6
1031398,15096,42.4048,12.8311,-64.19,964881877556,964977741905,205088585423,205184431616,33.8,37.1,35.3,38.6
1031451,15097,42.3706,12.8017,-65.64,968268548660,968364412740,208475232715,208571078656,33.8,36.1,35.3,37.6
1031504,15098,42.4189,12.8432,-64.32,971655220276,971751084637,211861880521,211957726720,33.8,37.1,35.3,38.6
1031557,15099,42.4222,12.8461,-65.98,975041891892,975137756024,215248528301,215344374272,33.8,37.1,35.3,38.6
1031610,15100,42.4001,12.8271,-64.30,978428563508,978524427912,218635176087,218731022336,33.8,37.1,35.3,38.6
1031663,15101,42.4236,12.8473,-64.85,981815234612,981911098815,222021823338,222117669376,33.8,37.1,35.3,38.6
1031716,15102,42.4236,12.8473,-64.96,985201906228,985297770739,225408471093,225504317440,33.8,37.1,35.3,38.6
1031769,15103,42.4551,12.8744,-65.09,988588577844,988684442167,228795118843,228890964992,33.8,37.1,35.3,38.6
1031822,15104,42.4504,12.8703,-65.23,991975249460,992071113591,232181766586,232277612544,33.8,36.1,35.3,37.6
1031875,15105,42.4236,12.8473,-64.52,995361920564,995457785030,235568413794,235664260096,33.8,36.1,35.3,37.6
1031928,15106,42.4095,12.8352,-64.61,998748592180,998844456475,238955061512,239050907648,33.8,36.1,35.3,37.6
1031981,15107,42.4330,12.8554,-64.61,1002135263796,1002231127935,242341709229,242437555200,33.8,36.1,35.3,37.6
1032034,15108,42.4330,12.8554,-64.92,1005521935412,1005617799921,245728356923,245824203264,33.8,36.1,35.3,37.6
1032087,15109,42.4283,12.8513,-64.63,1008908607028,1009004471401,249115004610,249210850816,33.8,37.1,35.3,38.6
1032140,15110,42.4236,12.8473,-64.55,1012295278132,1012391142377,252501651775,252597497856,33.8,36.1,35.3,37.6
1032193,15111,42.4363,12.8582,-65.02,1015681949748,1015777813876,255888299447,255984145408,33.8,36.1,35.3,37.6
1032246,15112,42.4001,12.8271,-64.81,1019068621364,1019164485887,259274947104,259370793472,33.8,37.1,35.3,38.6
1032299,15113,42.4330,12.8554,-64.46,1022455292980,1022551157414,262661594758,262757441024,33.8,36.1,35.3,37.6
1032352,15114,42.4377,12.8594,-64.74,1025841964596,1025937828946,266048242396,266144088576,33.8,36.1,35.3,37.6
1032405,15115,42.4236,12.8473,-64.81,1029228635700,1029324499975,269434889506,269530735616,33.8,37.1,35.3,38.6
1032458,15116,42.4377,12.8594,-64.74,1032615307316,1032711171517,272821537137,272917383168,33.8,37.1,35.3,38.6
1032511,15117,42.4330,12.8554,-64.57,1036001978932,1036097843072,276208184749,276304030720,33.8,36.1,35.3,37.6
1032564,15118,42.4175,12.8420,-65.68,1039388650548,1039484514631,279594832347,279690678272,33.8,36.1,35.3,37.6
1032617,15119,42.4410,12.8622,-66.34,1042775322164,1042871186725,282981479944,283077326336,33.8,36.1,35.3,37.6
1032670,15120,42.4001,12.8271,-64.30,1046161993780,1046257858303,286368127519,286463973888,33.8,37.1,35.3,38.6
1032723,15121,42.4330,12.8554,-64.76,1049548664884,1049644529398,289754774582,289850620928,33.8,36.1,35.3,37.6
1032776,15122,42.4236,12.8473,-64.53,1052935336500,1053031201001,293141422144,293237268480,33.8,36.1,35.3,37.6
1032829,15123,42.4691,12.8865,-65.56,1056322008116,1056417872626,296528069702,296623916032,33.8,37.1,35.3,38.6
1032882,15124,42.4330,12.8554,-64.90,1059708679732,1059804544246,299914717239,300010563584,33.8,37.1,35.3,38.6
1032935,15125,42.4189,12.8432,-64.01,1063095351348,1063191215879,303301364768,303397211136,33.8,37.1,35.3,38.6
1032988,15126,42.4142,12.8392,-64.35,1066482022964,1066577887516,306688012297,306783858688,33.8,37.1,35.3,38.6
1033041,15127,42.4142,12.8392,-63.87,1069868694068,1069964558149,310074659296,310170505216,33.8,36.1,35.3,37.6
1033094,15128,42.4471,12.8675,-64.50,1073255365684,1073351229823,313461306803,313557152768,33.8,36.1,35.3,37.6
1033147,15129,42.4611,12.8796,-64.89,1076642037300,1076737901507,316847954293,316943800320,33.8,37.1,35.3,38.6
1033200,15130,42.4551,12.8744,-66.70,1080028708916,1080124573185,320234601778,320330447872,33.8,37.1,35.3,38.6
1033253,15131,42.4095,12.8352,-63.92,1083415380532,1083511244877,323621249238,323717095424,33.8,36.1,35.3,37.6
1033306,15132,42.4644,12.8824,-65.74,1086802052148,1086897916594,327007896708,327103742976,33.8,37.1,35.3,38.6
1033359,15133,42.4175,12.8420,-65.52,1090188723764,1090284588291,330394544159,330490390528,33.8,36.1,35.3,37.6
1033412,15134,42.4410,12.8622,-65.44,1093575395380,1093671259517,333781191600,333877037568,33.8,37.1,35.3,38.6
1033465,15135,42.4598,12.8784,-66.04,1096962066996,1097057931263,337167839030,337263685120,33.8,36.1,35.3,37.6
1033518,15136,42.4410,12.8622,-65.04,837110836,932975229,340554486448,340650332672,33.8,36.1,35.3,37.6
1033571,15137,42.4424,12.8634,-64.33,4223781940,4319646470,343941133355,344036979712,33.8,36.1,35.3,37.6
1033624,15138,42.4189,12.8432,-64.96,7610453556,7706317712,347327780759,347423626752,33.8,37.1,35.3,38.6
1033677,15139,42.4283,12.8513,-64.96,10997125172,11092989508,350714428135,350810274304,33.8,37.1,35.3,38.6
1033730,15140,42.4564,12.8755,-64.92,14383796788,14479661299,354101075524,354196921856,33.8,36.1,35.3,37.6
1033783,15141,42.4551,12.8744,-66.43,17770468404,17866332578,357487722896,357583568896,33.8,36.1,35.3,37.6
1033836,15142,42.4564,12.8755,-64.63,21157140020,21253004398,360874370248,360970216448,33.8,36.1,35.3,37.6
1033889,15143,42.4551,12.8744,-66.98,24543811636,24639676208,364261017602,364356864000,33.8,37.1,35.3,38.6
1033942,15144,42.4691,12.8865,-65.25,27930483252,28026347534,367647664939,367743511040,33.8,36.1,35.3,37.6
1033995,15145,42.4236,12.8473,-64.39,31317154868,31413019357,371034312268,371130158592,33.8,37.1,35.3,38.6
1034048,15146,42.4518,12.8715,-64.19,34703826484,34799690701,374420959591,374516805632,33.8,37.1,35.3,38.6
1034101,15147,42.4424,12.8634,-65.00,38090498100,38186362561,377807606895,377903453184,33.8,36.1,35.3,37.6
1034154,15148,42.4564,12.8755,-64.87,41477169716,41573033914,381194254205,381290100224,33.8,36.1,35.3,37.6
1034207,15149,42.4611,12.8796,-64.70,44863841332,44959705795,384580901493,384676747776,33.8,37.1,35.3,38.6
1034260,15150,42.4598,12.8784,-65.15,48250512948,48346377163,387967548777,388063394816,33.8,37.1,35.3,38.6
1034313,15151,42.4504,12.8703,-66.22,51637184564,51733049053,391354196051,391450042368,33.8,37.1,35.3,38.6
1034366,15152,42.4598,12.8784,-66.89,55023856180,55119720451,394740843314,394836689408,33.8,37.1,35.3,38.6
1034419,15153,42.4457,12.8663,-65.07,58410527796,58506392360,398127490567,398223336960,33.8,37.1,35.3,38.6
1034472,15154,42.4424,12.8634,-64.23,61797199412,61893063770,401514137815,401609984000,33.8,37.1,35.3,38.6
1034525,15155,42.4236,12.8473,-64.19,65183871028,65279735183,404900785050,404996631040,33.8,36.1,35.3,37.6
1034578,15156,42.4518,12.8715,-64.39,68570542644,68666407132,408287432280,408383278592,33.8,36.1,35.3,37.6
1034631,15157,42.4879,12.9026,-66.68,71957214260,72053078586,411674079495,411769925632,33.8,36.1,35.3,37.6
1034684,15158,42.4644,12.8824,-65.50,75343885876,75439750023,415060726703,415156572672,33.8,36.1,35.3,37.6
1034737,15159,42.4504,12.8703,-66.39,78730557492,78826421991,418447373897,418543220224,33.8,37.1,35.3,38.6
1034790,15160,42.4424,12.8634,-64.46,82117229108,82213093460,421834021084,421929867264,33.8,37.1,35.3,38.6
1034843,15161,42.4564,12.8755,-63.92,85503900724,85599764933,425220668273,425316514304,33.8,36.1,35.3,37.6
1034896,15162,42.4363,12.8582,-65.28,88890572340,88986436415,428607315436,428703161344,33.8,37.1,35.3,38.6
1034949,15163,42.4504,12.8703,-66.08,92277243956,92373108425,431993962600,432089808896,33.8,37.1,35.3,38.6
1035002,15164,42.4564,12.8755,-64.39,95663915572,95759779936,435380609751,435476455936,33.8,37.1,35.3,38.6
1035055,15165,42.4705,12.8877,-64.81,99050587188,99146451458,438767256891,438863102976,33.8,36.1,35.3,37.6
1035108,15166,42.4424,12.8634,-64.48,102437258804,102533122973,442153904020,442249750016,33.8,36.1,35.3,37.6
1035161,15167,42.4518,12.8715,-64.14,105823930420,105919794506,445540551147,445636397056,33.8,37.1,35.3,38.6
1035214,15168,42.4611,12.8796,-64.68,109210602036,109306466561,448927198263,449023044608,33.8,37.1,35.3,38.6
1035267,15169,42.4752,12.8917,-64.64,112597274164,112693138626,452313845885,452409692160,33.8,37.1,35.3,38.6
1035320,15170,42.4644,12.8824,-65.17,115983945780,116079810184,455700492974,455796339200,33.8,37.1,35.3,38.6
1035373,15171,42.4424,12.8634,-64.21,119370617396,119466481743,459087140066,459182986240,33.8,37.1,35.3,38.6
1035426,15172,42.4611,12.8796,-64.92,122757289012,122853153335,462473787138,462569633280,33.8,36.1,35.3,37.6
1035479,15173,42.4471,12.8675,-64.33,126143960628,126239824906,465860434217,465956280320,33.8,36.1,35.3,37.6
1035532,15174,42.4785,12.8945,-65.15,129530632244,129626496509,469247081280,469342927360,33.8,37.1,35.3,38.6
1035585,15175,42.4832,12.8986,-66.68,132917303860,133013168112,472633728334,472729574400,33.8,37.1,35.3,38.6
1035638,15176,42.4705,12.8877,-64.81,136303975476,136399839719,476020375382,476116221440,33.8,37.1,35.3,38.6
1035691,15177,42.4926,12.9067,-66.43,139690647092,139786511339,479407022424,479502868480,33.8,37.1,35.3,38.6
1035744,15178,42.4973,12.9107,-65.15,143077318708,143173182968,482793669452,482889515520,33.8,37.1,35.3,38.6
1035797,15179,42.4564,12.8755,-64.55,146463990324,146559854600,486180316463,486276162560,33.8,37.1,35.3,38.6
1035850,15180,42.4691,12.8865,-65.40,149850661940,149946526243,489566963478,489662809600,33.8,37.1,35.3,38.6
1035903,15181,42.4785,12.8945,-65.86,153237334068,153333198411,492953610994,493049457152,33.8,37.1,35.3,38.6
1035956,15182,42.4940,12.9078,-64.98,156624005684,156719870081,496340257990,496436104192,33.8,37.1,35.3,38.6
1036009,15183,42.4752,12.8917,-64.83,160010677300,160106541743,499726904976,499822751232,33.8,37.1,35.3,38.6
1036062,15184,42.4738,12.8905,-65.50,163397348916,163493213416,503113551954,503209398272,33.8,36.1,35.3,37.6
1036115,15185,42.4738,12.8905,-65.02,166784020532,166879885108,506500198919,506596045312,33.8,37.1,35.3,38.6
1036168,15186,42.4926,12.9067,-66.20,170170692148,170266556290,509886845888,509982691840,33.8,36.1,35.3,37.6
1036221,15187,42.4611,12.8796,-64.39,173557363764,173653227991,513273492833,513369338880,33.8,36.1,35.3,37.6
1036274,15188,42.4691,12.8865,-65.15,176944035380,177039899713,516660139767,516755985920,33.8,36.1,35.3,37.6
1036327,15189,42.4893,12.9038,-64.74,180330706996,180426571442,520046786706,520142632960,33.8,36.1,35.3,37.6
1036380,15190,42.4832,12.8986,-65.32,183717379124,183813243677,523433434145,523529280512,33.8,36.1,35.3,37.6
1036433,15191,42.4518,12.8715,-64.55,187104050740,187199914902,526820081054,526915927040,33.8,36.1,35.3,37.6
1036486,15192,42.4926,12.9067,-65.21,190490722356,190586586672,530206727954,530302574080,33.8,37.1,35.3,38.6
1036539,15193,42.4973,12.9107,-65.32,193877393972,193973258430,533593374854,533689221120,33.8,36.1,35.3,37.6
1036592,15194,42.4598,12.8784,-65.42,197264065588,197359929671,536980021742,537075867648,33.8,36.1,35.3,37.6
1036645,15195,42.4799,12.8957,-64.98,200650737204,200746601467,540366668614,540462514688,33.8,37.1,35.3,38.6
1036698,15196,42.4832,12.8986,-65.46,204037409332,204133273765,543753315993,543849162240,33.8,36.1,35.3,37.6
1036751,15197,42.4564,12.8755,-64.24,207424080948,207519945040,547139962855,547235808768,33.8,36.1,35.3,37.6
1036804,15198,42.4879,12.9026,-66.10,210810752564,210906616861,550526609700,550622455808,33.8,36.1,35.3,37.6
1036857,15199,42.4926,12.9067,-65.27,214197424180,214293288675,553913256544,554009102848,33.8,36.1,35.3,37.6
1036910,15200,42.4926,12.9067,-66.16,217584095796,217679959996,557299903366,557395749376,33.8,36.1,35.3,37.6
1036963,15201,42.4785,12.8945,-65.83,220970767412,221066631829,560686550183,560782396416,33.8,37.1,35.3,38.6
1037016,15202,42.4752,12.8917,-64.72,224357439540,224453303677,564073197506,564169043456,33.8,36.1,35.3,37.6
1037069,15203,42.5207,12.9309,-65.09,227744111156,227839975543,567459844311,567555690496,33.8,37.1,35.3,38.6
1037122,15204,42.4893,12.9038,-64.89,231130782772,231226646885,570846491103,570942337024,33.8,37.1,35.3,38.6
1037175,15205,42.5020,12.9147,-65.96,234517454388,234613318766,574233137881,574328984064,33.8,36.1,35.3,37.6
1037228,15206,42.4832,12.8986,-66.64,237904126004,237999990133,577619784649,577715630592,33.8,37.1,35.3,38.6
1037281,15207,42.4973,12.9107,-65.68,241290798132,241386662542,581006431927,581102278144,33.8,37.1,35.3,38.6
1037334,15208,42.4893,12.9038,-64.89,244677469748,244773333930,584393078682,584488924672,33.8,36.1,35.3,37.6
1037387,15209,42.4424,12.8634,-64.07,248064141364,248160005830,587779725419,587875571712,33.8,36.1,35.3,37.6
1037440,15210,42.4940,12.9078,-64.68,251450812980,251546677258,591166372156,591262218240,33.8,36.1,35.3,37.6
1037493,15211,42.4893,12.9038,-64.15,254837485108,254933349698,594553019394,594648865792,33.8,37.1,35.3,38.6
1037546,15212,42.4799,12.8957,-64.76,258224156724,258320021128,597939666104,598035512320,33.8,37.1,35.3,38.6
1037599,15213,42.4893,12.9038,-64.14,261610828340,261706692560,601326312821,601422158848,33.8,36.1,35.3,37.6
1037652,15214,42.4799,12.8957,-64.35,264997499956,265093364518,604712959514,604808805888,33.8,37.1,35.3,38.6
1037705,15215,42.5020,12.9147,-65.94,268384172084,268480036489,608099606717,608195452928,33.8,37.1,35.3,38.6
1037758,15216,42.5067,12.9188,-65.66,271770843700,271866707960,611486253393,611582099456,33.8,36.1,35.3,37.6
1037811,15217,42.5034,12.9159,-64.70,275157515316,275253379422,614872900077,614968745984,33.8,36.1,35.3,37.6
1037864,15218,42.4846,12.8998,-64.30,278544186932,278640051414,618259546732,618355393024,33.8,37.1,35.3,38.6
1037917,15219,42.4973,12.9107,-65.78,281930859060,282026723418,621646193898,621742040064,33.8,37.1,35.3,38.6
1037970,15220,42.4973,12.9107,-66.39,285317530676,285413394915,625032840545,625128686592,33.8,36.1,35.3,37.6
1038023,15221,42.5221,12.9321,-64.74,288704202292,288800066431,628419487187,628515333120,33.8,37.1,35.3,38.6
1038076,15222,42.4611,12.8796,-63.89,292090873908,292186738433,631806133815,631901980160,33.8,36.1,35.3,37.6
1038129,15223,42.5161,12.9268,-66.92,295477546036,295573410487,635192780950,635288627200,33.8,37.1,35.3,38.6
1038182,15224,42.4893,12.9038,-64.35,298864217652,298960082021,638579427552,638675273728,33.8,37.1,35.3,38.6
1038235,15225,42.5067,12.9188,-65.02,302250889268,302346753563,641966074158,642061920256,33.8,37.1,35.3,38.6
1038288,15226,42.4987,12.9119,-64.01,305637561396,305733425617,645352721271,645448567296,33.8,36.1,35.3,37.6
1038341,15227,42.4893,12.9038,-64.32,309024233012,309120097173,648739367855,648835213824,33.8,36.1,35.3,37.6
1038394,15228,42.4940,12.9078,-64.79,312410904628,312506768750,652126014425,652221860352,33.8,37.1,35.3,38.6
1038447,15229,42.4846,12.8998,-64.52,315797576244,315893440834,655512660993,655608507392,33.8,37.1,35.3,38.6
1038500,15230,42.4940,12.9078,-64.33,319184248372,319280112932,658899308066,658995154432,33.8,37.1,35.3,38.6
1038553,15231,42.4752,12.8917,-64.15,322570919988,322666784520,662285954615,662381800960,33.8,37.1,35.3,38.6
1038606,15232,42.4987,12.9119,-64.32,325957591604,326053456130,665672601158,665768447488,33.8,37.1,35.3,38.6
1038659,15233,42.5174,12.9280,-64.39,329344263732,329440128258,669059248207,669155094528,33.8,37.1,35.3,38.6
1038712,15234,42.4987,12.9119,-64.28,332730935348,332826799876,672445894724,672541741056,33.8,36.1,35.3,37.6
1038765,15235,42.4611,12.8796,-64.14,336117606964,336213471494,675832541235,675928387584,33.8,36.1,35.3,37.6
1038818,15236,42.5020,12.9147,-66.49,339504279092,339600143657,679219188253,679315034624,33.8,37.1,35.3,38.6
1038871,15237,42.4940,12.9078,-64.68,342890950708,342986814794,682605834748,682701680640,33.8,36.1,35.3,37.6
1038924,15238,42.5315,12.9401,-64.79,346277622324,346373486463,685992481239,686088327168,33.8,37.1,35.3,38.6
1038977,15239,42.5081,12.9200,-64.61,349664294452,349760158637,689379128223,689474974208,33.8,37.1,35.3,38.6
1039030,15240,42.5127,12.9240,-64.44,353050966068,353146830310,692765774696,692861620736,33.8,37.1,35.3,38.6
1039083,15241,42.5034,12.9159,-64.77,356437637684,356533501993,696152421153,696248267264,33.8,37.1,35.3,38.6
1039136,15242,42.5254,12.9349,-65.04,359824309812,359920174201,699539068120,699634914304,33.8,36.1,35.3,37.6
1039189,15243,42.4893,12.9038,-64.74,363210981428,363306845894,702925714559,703021560832,33.8,36.1,35.3,37.6
1039242,15244,42.5081,12.9200,-64.61,366597653044,366693517600,706312361004,706408207360,33.8,36.1,35.3,37.6
1039295,15245,42.4973,12.9107,-65.62,369984325172,370080189318,709699007935,709794853888,33.8,36.1,35.3,37.6
1039348,15246,42.5395,12.9470,-65.11,373370996788,373466861061,713085654353,713181500416,33.8,37.1,35.3,38.6
1039401,15247,42.5348,12.9430,-66.51,376757668404,376853532792,716472300765,716568146944,33.8,37.1,35.3,38.6
1039454,15248,42.4846,12.8998,-64.77,380144340532,380240205033,719858947674,719954793984,33.8,37.1,35.3,38.6
1039507,15249,42.5161,12.9268,-65.04,383531012148,383626876284,723245594065,723341440000,33.8,37.1,35.3,38.6
1039560,15250,42.5020,12.9147,-65.83,386917684276,387013548545,726632240965,726728087040,33.8,37.1,35.3,38.6
1039613,15251,42.5207,12.9309,-66.16,390304355892,390400220315,730018887348,730114733568,33.8,37.1,35.3,38.6
1039666,15252,42.5442,12.9511,-65.98,393691027508,393786892100,733405533717,733501380096,33.8,36.1,35.3,37.6
1039719,15253,42.5362,12.9442,-64.41,397077699636,397173563881,736792180592,736888026624,33.8,36.1,35.3,37.6
1039772,15254,42.4987,12.9119,-64.14,400464371252,400560235666,740178826935,740274673152,33.8,37.1,35.3,38.6
1039825,15255,42.5034,12.9159,-63.98,403851043380,403946907470,743565473789,743661319680,33.8,37.1,35.3,38.6
1039878,15256,42.5034,12.9159,-64.64,407237714996,407333579280,746952120122,747047966208,33.8,37.1,35.3,38.6
1039931,15257,42.4893,12.9038,-64.17,410624386612,410720251088,750338766453,750434612736,33.8,37.1,35.3,38.6
1039984,15258,42.5362,12.9442,-64.92,414011058740,414106922925,753725413291,753821259264,33.8,37.1,35.3,38.6
1040037,15259,42.5127,12.9240,-64.55,417397730356,417493594757,757112059594,757207905792,33.8,37.1,35.3,38.6
1040090,15260,42.5489,12.9551,-65.74,420784402484,420880266600,760498706419,760594552320,33.8,37.1,35.3,38.6
1040143,15261,42.5034,12.9159,-64.48,424171074100,424266938445,763885352701,763981198848,33.8,37.1,35.3,38.6
1040196,15262,42.5034,12.9159,-64.72,427557745716,427653610302,767271998989,767367845376,33.8,37.1,35.3,38.6
1040249,15263,42.5301,12.9390,-66.64,430944417844,431040282173,770658645781,770754491904,33.8,36.1,35.3,37.6
1040302,15264,42.5081,12.9200,-64.77,434331089460,434426954040,774045292053,774141138432,33.8,36.1,35.3,37.6
1040355,15265,42.5207,12.9309,-65.48,437717761588,437813625925,777431938826,777527784960,33.8,37.1,35.3,38.6
1040408,15266,42.4987,12.9119,-64.01,441104433204,441200297292,780818585084,780914430976,33.8,36.1,35.3,37.6
1040461,15267,42.5597,12.9644,-64.81,444491105332,444586969718,784205231853,784301078016,33.8,36.1,35.3,37.6
1040514,15268,42.4987,12.9119,-64.35,447877776948,447973641093,787591878083,787687724032,33.8,36.1,35.3,37.6
1040567,15269,42.5114,12.9228,-66.62,451264448564,451360313018,790978524305,791074370560,33.8,37.1,35.3,38.6
1040620,15270,42.5362,12.9442,-64.63,454651120692,454746984946,794365171047,794461017088,33.8,37.1,35.3,38.6
1040673,15271,42.5221,12.9321,-64.63,458037792308,458133656870,797751817261,797847663616,33.8,37.1,35.3,38.6
1040726,15272,42.5583,12.9632,-66.62,461424464436,461520328824,801138463974,801234310144,33.8,37.1,35.3,38.6
1040779,15273,42.5409,12.9482,-65.00,464811136052,464907000253,804525110173,804620956160,33.8,36.1,35.3,37.6
1040832,15274,42.5442,12.9511,-65.04,468197808180,468293672722,807911756871,808007603200,33.8,36.1,35.3,37.6
1040885,15275,42.5362,12.9442,-64.76,471584479796,471680344177,811298403048,811394249216,33.8,37.1,35.3,38.6
1040938,15276,42.5315,12.9401,-64.35,474971151924,475067016142,814685049737,814780895744,33.8,37.1,35.3,38.6
1040991,15277,42.5221,12.9321,-64.89,478357823540,478453688123,818071695895,818167542272,33.8,37.1,35.3,38.6
1041044,15278,42.5503,12.9563,-64.89,481744495668,481840360125,821458342561,821554188800,33.8,37.1,35.3,38.6
1041097,15279,42.5395,12.9470,-65.54,485131167284,485227031609,824844988702,824940834816,33.8,37.1,35.3,38.6
1041150,15280,42.5724,12.9753,-65.19,488517838900,488613703103,828231634853,828327480832,33.8,36.1,35.3,37.6
1041203,15281,42.5221,12.9321,-64.63,491904511028,492000375621,831618281485,831714127872,33.8,36.1,35.3,37.6
1041256,15282,42.5301,12.9390,-65.50,495291182644,495387047136,835004927603,835100773888,33.8,37.1,35.3,38.6
1041309,15283,42.5409,12.9482,-64.79,498677854772,498773719172,838391574230,838487420416,33.8,36.1,35.3,37.6
1041362,15284,42.5536,12.9591,-65.62,502064526388,502160390713,841778220324,841874066432,33.8,36.1,35.3,37.6
1041415,15285,42.5221,12.9321,-64.32,505451198516,505547062745,845164866937,845260712960,33.8,37.1,35.3,38.6
1041468,15286,42.5348,12.9430,-65.76,508837870132,508933734290,848551513027,848647358976,33.8,37.1,35.3,38.6
1041521,15287,42.5127,12.9240,-64.19,512224542260,512320406355,851938159612,852034005504,33.8,37.1,35.3,38.6
1041574,15288,42.5207,12.9309,-65.56,515611213876,515707078431,855324805680,855420652032,33.8,37.1,35.3,38.6
1041627,15289,42.5348,12.9430,-65.58,518997886004,519093750522,858711452251,858807298560,33.8,37.1,35.3,38.6
1041680,15290,42.5362,12.9442,-64.37,522384557620,522480422100,862098098309,862193944576,33.8,37.1,35.3,38.6
1041733,15291,42.5489,12.9551,-65.27,525771229748,525867094213,865484744854,865580591104,33.8,37.1,35.3,38.6
1041786,15292,42.5456,12.9523,-64.53,529157901364,529253765809,868871390892,868967237120,33.8,37.1,35.3,38.6
1041839,15293,42.5409,12.9482,-64.08,532544573492,532640437919,872258037435,872353883648,33.8,37.1,35.3,38.6
1041892,15294,42.5268,12.9361,-64.26,535931245620,536027110045,875644683960,875740530176,33.8,36.1,35.3,37.6
1041945,15295,42.5362,12.9442,-64.35,539317917236,539413781669,879031329971,879127176192,33.8,36.1,35.3,37.6
1041998,15296,42.5690,12.9724,-64.77,542704589364,542800453814,882417976496,882513822720,33.8,37.1,35.3,38.6
1042051,15297,42.5348,12.9430,-65.66,546091260980,546187125449,885804622475,885900468736,33.8,36.1,35.3,37.6
1042104,15298,42.5489,12.9551,-65.52,549477933108,549573797613,889191268973,889287115264,33.8,36.1,35.3,37.6
1042157,15299,42.5127,12.9240,-64.15,552864604724,552960469259,892577914947,892673761280,33.8,36.1,35.3,37.6
1042210,15300,42.5315,12.9401,-64.53,556251276852,556347141442,895964561429,896060407808,33.8,36.1,35.3,37.6
1042263,15301,42.5174,12.9280,-64.96,559637948468,559733812604,899351207381,899447053312,33.8,36.1,35.3,37.6
1042316,15302,42.5456,12.9523,-64.76,563024620596,563120484806,902737853846,902833699840,33.8,37.1,35.3,38.6
1042369,15303,42.5221,12.9321,-64.87,566411292212,566507156489,906124499785,906220345856,33.8,36.1,35.3,37.6
1042422,15304,42.5362,12.9442,-64.17,569797964340,569893828701,909511146236,909606992384,33.8,37.1,35.3,38.6
1042475,15305,42.5724,12.9753,-66.30,573184636468,573280500924,912897792680,912993638912,33.8,37.1,35.3,38.6
1042528,15306,42.5174,12.9280,-64.83,576571308084,576667172623,916284438593,916380284928,33.8,37.1,35.3,38.6
1042581,15307,42.5268,12.9361,-64.76,579957980212,580053844353,919671085012,919766930944,33.8,37.1,35.3,38.6
1042634,15308,42.5489,12.9551,-65.11,583344651828,583440516092,923057730910,923153576960,33.8,37.1,35.3,38.6
1042687,15309,42.5864,12.9874,-65.02,586731323956,586827188351,926444377323,926540223488,33.8,37.1,35.3,38.6
1042740,15310,42.5597,12.9644,-64.87,590117995572,590213860092,929831023207,929926869504,33.8,37.1,35.3,38.6
1042793,15311,42.5456,12.9523,-64.66,593504667700,593600531840,933217669597,933313515520,33.8,37.1,35.3,38.6
1042846,15312,42.5409,12.9482,-64.21,596891339828,596987204121,936604315970,936700162048,33.8,37.1,35.3,38.6
1042899,15313,42.5724,12.9753,-65.04,600278011444,600373875900,939990961833,940086808064,33.8,36.1,35.3,37.6
1042952,15314,42.5442,12.9511,-65.32,603664683572,603760548179,943377608197,943473454592,33.8,37.1,35.3,38.6
1043005,15315,42.5737,12.9765,-64.89,607051355188,607147219466,946764254046,946860100096,33.8,37.1,35.3,38.6
1043058,15316,42.5597,12.9644,-64.94,610438027316,610533891774,950150900389,950246746624,33.8,37.1,35.3,38.6
1043111,15317,42.5784,12.9805,-64.92,613824699444,613920563574,953537546740,953633392640,33.8,36.1,35.3,37.6
1043164,15318,42.5911,12.9914,-66.28,617211371060,617307235392,956924192556,957020038656,33.8,37.1,35.3,38.6
1043217,15319,42.5489,12.9551,-65.02,620598043188,620693907713,960310838873,960406685184,33.8,37.1,35.3,38.6
1043270,15320,42.5409,12.9482,-64.19,623984714804,624080579026,963697484681,963793330688,33.8,37.1,35.3,38.6
1043323,15321,42.5597,12.9644,-64.76,627371386932,627467251376,967084130994,967179977216,33.8,37.1,35.3,38.6
1043376,15322,42.5456,12.9523,-63.98,630758059060,630853923214,970470777295,970566623232,33.8,37.1,35.3,38.6
1043429,15323,42.5817,12.9834,-65.88,634144730676,634240595074,973857423079,973953269248,33.8,37.1,35.3,38.6
1043482,15324,42.5737,12.9765,-64.77,637531402804,637627266933,977244069364,977339915264,33.8,37.1,35.3,38.6
1043535,15325,42.5724,12.9753,-66.16,640918074420,641013938795,980630715130,980726561280,33.8,36.1,35.3,37.6
1043588,15326,42.5597,12.9644,-64.74,644304746548,644400610668,984017361398,984113207296,33.8,37.1,35.3,38.6
1043641,15327,42.5817,12.9834,-66.77,647691418676,647787283064,987404007664,987499853824,33.8,36.1,35.3,37.6
1043694,15328,42.5536,12.9591,-65.34,651078090292,651173954438,990790653399,990886499328,33.8,37.1,35.3,38.6
1043747,15329,42.5583,12.9632,-65.64,654464762420,654560626845,994177299650,994273145856,33.8,36.1,35.3,37.6
1043800,15330,42.5597,12.9644,-64.92,657851434548,657947298748,997563945895,997659791872,33.8,37.1,35.3,38.6
1043853,15331,42.5583,12.9632,-65.66,661238106164,661333970662,1000950591609,1001046437888,33.8,36.1,35.3,37.6
1043906,15332,42.5724,12.9753,-66.20,664624778292,664720642587,1004337237833,1004433083904,33.8,36.1,35.3,37.6
1043959,15333,42.5395,12.9470,-66.08,668011449908,668107314504,1007723883534,1007819729920,33.8,37.1,35.3,38.6
1044012,15334,42.5489,12.9551,-66.20,671398122036,671493986444,1011110529743,1011206375936,33.8,37.1,35.3,38.6
1044065,15335,42.5597,12.9644,-64.24,674784794164,674880658389,1014497175949,1014593021952,33.8,37.1,35.3,38.6
1044118,15336,42.5550,12.9603,-64.85,678171465780,678267330346,1017883821622,1017979667968,33.8,36.1,35.3,37.6
1044171,15337,42.5677,12.9713,-65.06,681558137908,681654002305,1021270467809,1021366313984,33.8,36.1,35.3,37.6
1044224,15338,42.5550,12.9603,-64.63,684944810036,685040674276,1024657113981,1024752960000,33.8,36.1,35.3,37.6
1044277,15339,42.5456,12.9523,-64.19,688331481652,688427346244,1028043759640,1028139606016,33.8,37.1,35.3,38.6
1044330,15340,42.5724,12.9753,-65.19,691718153780,691814018233,1031430405804,1031526252032,33.8,37.1,35.3,38.6
1044383,15341,42.5784,12.9805,-64.92,695104825908,695200690238,1034817051948,1034912898048,33.8,37.1,35.3,38.6
1044436,15342,42.5770,12.9793,-66.85,698491498036,698587362223,1038203698104,1038299544064,33.8,37.1,35.3,38.6
1044489,15343,42.5817,12.9834,-66.60,701878169652,701974034231,1041590343730,1041686190080,33.8,36.1,35.3,37.6
1044542,15344,42.5784,12.9805,-64.98,705264841780,705360706251,1044976989855,1045072836096,33.8,37.1,35.3,38.6
1044595,15345,42.5597,12.9644,-64.07,708651513908,708747378270,1048363635972,1048459482112,33.8,37.1,35.3,38.6
1044648,15346,42.6052,13.0036,-66.53,712038185524,712134049794,1051750281585,1051846127616,33.8,37.1,35.3,38.6
1044701,15347,42.5409,12.9482,-64.28,715424857652,715520721821,1055136927677,1055232773632,33.8,37.1,35.3,38.6
1044754,15348,42.5536,12.9591,-65.40,718811529780,718907394376,1058523573780,1058619420160,33.8,37.1,35.3,38.6
1044807,15349,42.5362,12.9442,-64.63,722198201396,722294065918,1061910219355,1062006065664,33.8,37.1,35.3,38.6
1044860,15350,42.6005,12.9995,-65.76,725584873524,725680737995,1065296865446,1065392711680,33.8,37.1,35.3,38.6
1044913,15351,42.5550,12.9603,-64.83,728971545652,729067410052,1068683511516,1068779357696,33.8,36.1,35.3,37.6
1044966,15352,42.5597,12.9644,-64.39,732358217268,732454081612,1072070157079,1072166003200,33.8,37.1,35.3,38.6
1045019,15353,42.5690,12.9724,-64.30,735744889396,735840753702,1075456803136,1075552649216,33.8,37.1,35.3,38.6
1045072,15354,42.5864,12.9874,-65.72,739131561524,739227425793,1078843449194,1078939295232,33.8,37.1,35.3,38.6
1045125,15355,42.5737,12.9765,-64.35,742518233652,742614097886,1082230095243,1082325941248,33.8,37.1,35.3,38.6
1045178,15356,42.5690,12.9724,-64.66,745904905268,746000769477,1085616740769,1085712586752,33.8,36.1,35.3,37.6
1045231,15357,42.6052,13.0036,-65.09,749291577396,749387441596,1089003386807,1089099232768,33.8,37.1,35.3,38.6
1045284,15358,42.5677,12.9713,-65.13,752678249524,752774113711,1092390032820,1092485878784,33.8,37.1,35.3,38.6
1045337,15359,42.5831,12.9846,-64.57,756064921140,756160785325,1095776678336,1095872524288,33.8,37.1,35.3,38.6
1045390,15360,42.6005,12.9995,-66.08,759451593268,759547457461,1099163324347,1099259170304,33.8,37.1,35.3,38.6
1045443,15361,42.5911,12.9914,-65.82,762838265396,762934129598,3038342574,3134188544,33.8,37.1,35.3,38.6
1045496,15362,42.5878,12.9886,-64.98,766224937524,766320801733,6424988585,6520834560,33.8,37.1,35.3,38.6
1045549,15363,42.5878,12.9886,-64.90,769611609140,769707473387,9811634051,9907480064,33.8,37.1,35.3,38.6
1045602,15364,42.5817,12.9834,-65.21,772998281268,773094145537,13198280039,13294126080,33.8,36.1,35.3,37.6
1045655,15365,42.5644,12.9684,-64.12,776384953396,776480817703,16584926013,16680772096,33.8,36.1,35.3,37.6
1045708,15366,42.5690,12.9724,-64.85,779771625524,779867489871,19971571992,20067418112,33.8,37.1,35.3,38.6
1045761,15367,42.6052,13.0036,-66.18,783158297140,783254161547,23358217447,23454063616,33.8,36.1,35.3,37.6
1045814,15368,42.6019,13.0007,-64.89,786544969268,786640833732,26744863408,26840709632,33.8,36.1,35.3,37.6
1045867,15369,42.5784,12.9805,-64.98,789931641396,790027505921,30131509354,30227355648,33.8,37.1,35.3,38.6
1045920,15370,42.5690,12.9724,-64.59,793318313012,793414177603,33518154788,33614001152,33.8,37.1,35.3,38.6
1045973,15371,42.5737,12.9765,-64.15,796704985140,796800849303,36904800721,37000646656,33.8,36.1,35.3,37.6
1046026,15372,42.6193,13.0157,-65.42,800091657268,800187521537,40291446648,40387292672,33.8,37.1,35.3,38.6
1046079,15373,42.5583,12.9632,-65.66,803478329396,803574193740,43678092563,43773938688,33.8,37.1,35.3,38.6
1046132,15374,42.5911,12.9914,-65.02,806865001012,806960865473,47064737963,47160584192,33.8,37.1,35.3,38.6
1046185,15375,42.5644,12.9684,-64.79,810251673140,810347537699,50451383873,50547230208,33.8,37.1,35.3,38.6
1046238,15376,42.5864,12.9874,-66.24,813638345268,813734209433,53838029777,53933875712,33.8,37.1,35.3,38.6
1046291,15377,42.5925,12.9926,-64.46,817025017396,817120881689,57224675671,57320521728,33.8,37.1,35.3,38.6
1046344,15378,42.5737,12.9765,-64.32,820411689524,820507553942,60611321554,60707167744,33.8,37.1,35.3,38.6
1046397,15379,42.5630,12.9672,-65.15,823798361140,823894225689,63997966920,64093813248,33.8,37.1,35.3,38.6
1046450,15380,42.6146,13.0116,-65.66,827185033268,827280897467,67384612796,67480458752,33.8,36.1,35.3,37.6
1046503,15381,42.5644,12.9684,-64.39,830571705396,830667569740,70771258648,70867104768,33.8,37.1,35.3,38.6
1046556,15382,42.5784,12.9805,-64.50,833958377524,834054242032,74157904506,74253750784,33.8,36.1,35.3,37.6
1046609,15383,42.5831,12.9846,-64.28,837345049140,837440913303,77544549846,77640395776,33.8,37.1,35.3,38.6
1046662,15384,42.5958,12.9955,-66.20,840731721268,840827585605,80931195690,81027041792,33.8,37.1,35.3,38.6
1046715,15385,42.5831,12.9846,-64.92,844118393396,844214257922,84317841514,84413687808,33.8,36.1,35.3,37.6
1046768,15386,42.5958,12.9955,-65.21,847505065524,847600929726,87704487345,87800333312,33.8,37.1,35.3,38.6
1046821,15387,42.5958,12.9955,-65.15,850891737140,850987601537,91091132653,91186978816,33.8,37.1,35.3,38.6
1046874,15388,42.5784,12.9805,-64.19,854278409268,854374273865,94477778465,94573624832,33.8,36.1,35.3,37.6
1046927,15389,42.5911,12.9914,-66.30,857665081396,857760945702,97864424263,97960270336,33.8,37.1,35.3,38.6
1046980,15390,42.5831,12.9846,-64.77,861051753524,861147618048,101251070060,101346916352,33.8,37.1,35.3,38.6
1047033,15391,42.6099,13.0076,-65.19,864438425652,864534289895,104637715854,104733561856,33.8,37.1,35.3,38.6
1047086,15392,42.5784,12.9805,-64.46,867825097268,867920961745,108024361114,108120207360,33.8,37.1,35.3,38.6
1047139,15393,42.6019,13.0007,-64.98,871211769396,871307633606,111411006894,111506852864,33.8,37.1,35.3,38.6
1047192,15394,42.5911,12.9914,-65.19,874598441524,874694305985,114797652652,114893498880,33.8,37.1,35.3,38.6
1047245,15395,42.5911,12.9914,-65.27,877985113652,878080977849,118184298420,118280144384,33.8,37.1,35.3,38.6
1047298,15396,42.6052,13.0036,-65.80,881371785780,881467650247,121570944172,121666790400,33.8,36.1,35.3,37.6
1047351,15397,42.5925,12.9926,-64.26,884758457396,884854321617,124957589407,125053435392,33.8,36.1,35.3,37.6
1047404,15398,42.5690,12.9724,-64.50,888145129524,888240994022,128344235137,128440081408,33.8,36.1,35.3,37.6
1047457,15399,42.6052,13.0036,-65.27,891531801652,891627665920,131730880882,131826726912,33.8,37.1,35.3,38.6
1047510,15400,42.5737,12.9765,-64.24,894918473780,895014338331,135117526606,135213372928,33.8,37.1,35.3,38.6
1047563,15401,42.5958,12.9955,-65.04,898305145908,898401010243,138504172332,138600018432,33.8,36.1,35.3,37.6
1047616,15402,42.6066,13.0047,-64.70,901691818036,901787682167,141890818047,141986663936,33.8,37.1,35.3,38.6
1047669,15403,42.5878,12.9886,-64.44,905078489652,905174354081,145277463245,145373309440,33.8,37.1,35.3,38.6
1047722,15404,42.5878,12.9886,-64.39,908465161780,908561026009,148664108949,148759954944,33.8,37.1,35.3,38.6
1047775,15405,42.5817,12.9834,-65.36,911851833908,911947698446,152050754650,152146600960,33.8,37.1,35.3,38.6
1047828,15406,42.6052,13.0036,-66.08,915238506036,915334370395,155437400344,155533246464,33.8,36.1,35.3,37.6
1047881,15407,42.5925,12.9926,-64.37,918625178164,918721042333,158824046035,158919891968,33.8,36.1,35.3,37.6
1047934,15408,42.5958,12.9955,-65.13,922011849780,922107714287,162210691200,162306537472,33.8,37.1,35.3,38.6
1047987,15409,42.5925,12.9926,-64.68,925398521908,925494386249,165597336871,165693182976,33.8,37.1,35.3,38.6
1048040,15410,42.5737,12.9765,-64.37,928785194036,928881058202,168983982543,169079828480,33.8,37.1,35.3,38.6
1048093,15411,42.6146,13.0116,-65.02,932171866164,932267730689,172370628214,172466474496,33.8,36.1,35.3,37.6
1048146,15412,42.5925,12.9926,-64.77,935558538292,935654402667,175757273861,175853120000,33.8,36.1,35.3,37.6
1048199,15413,42.6347,13.0290,-64.64,938945210420,939041074658,179143919520,179239765504,33.8,37.1,35.3,38.6
1048252,15414,42.5972,12.9967,-64.44,942331882548,942427747143,182530565164,182626411520,33.8,37.1,35.3,38.6
1048305,15415,42.5958,12.9955,-65.86,945718554164,945814418631,185917210279,186013056512,33.8,37.1,35.3,38.6
1048358,15416,42.6066,13.0047,-64.52,949105226292,949201090640,189303855910,189399702016,33.8,37.1,35.3,38.6
1048411,15417,42.5925,12.9926,-64.30,952491898420,952587762645,192690501531,192786347520,33.8,37.1,35.3,38.6
1048464,15418,42.5925,12.9926,-64.77,955878570548,955974435173,196077147147,196172993536,33.8,37.1,35.3,38.6
1048517,15419,42.5911,12.9914,-65.68,959265242676,959361107192,199463792757,199559639040,33.8,37.1,35.3,38.6
1048570,15420,42.5925,12.9926,-64.68,962651914804,962747779228,202850438357,202946284544,33.8,37.1,35.3,38.6
1048623,15421,42.6287,13.0237,-65.11,966038584884,966134449227,206237081906,206332928000,33.8,37.1,35.3,38.6
1048676,15422,42.6333,13.0278,-66.24,969425257012,969521121273,209623727494,209719573504,33.8,37.1,35.3,38.6
1048729,15423,42.5925,12.9926,-64.55,972811929140,972907793306,213010373078,213106219008,33.8,37.1,35.3,38.6
1048782,15424,42.6052,13.0036,-65.96,976198601268,976294465876,216397018654,216492865024,33.8,36.1,35.3,37.6
1048835,15425,42.5925,12.9926,-64.44,979585273396,979681137943,219783664218,219879510528,33.8,36.1,35.3,37.6
1048888,15426,42.5831,12.9846,-64.46,982971947060,983067811548,223170311312,223266157568,33.8,36.1,35.3,37.6
1048941,15427,42.5878,12.9886,-64.92,986358619188,986454483632,226556956863,226652803072,33.8,36.1,35.3,37.6
1048994,15428,42.6146,13.0116,-65.96,989745291316,989841155717,229943602417,230039448576,33.8,36.1,35.3,37.6
1049047,15429,42.6005,12.9995,-66.14,993131963444,993227827801,233330247959,233426094080,33.8,37.1,35.3,38.6
1049100,15430,42.6240,13.0197,-65.38,996518635060,996614499390,236716892989,236812739072,33.8,37.1,35.3,38.6
1049153,15431,42.6066,13.0047,-64.98,999905307188,1000001171487,240103538519,240199384576,33.8,37.1,35.3,38.6
1049206,15432,42.6019,13.0007,-64.68,1003291979316,1003387843593,243490184044,243586030080,33.8,37.1,35.3,38.6
1049259,15433,42.6240,13.0197,-65.02,1006678651444,1006774515718,246876829557,246972675584,33.8,36.1,35.3,37.6
1049312,15434,42.5864,12.9874,-66.94,1010065323572,1010161187830,250263475061,250359321088,33.8,37.1,35.3,38.6
1049365,15435,42.6380,13.0318,-65.09,1013451995700,1013547859968,253650120576,253745966592,33.8,37.1,35.3,38.6
1049418,15436,42.6240,13.0197,-65.38,1016838667828,1016934532103,257036766067,257132612096,33.8,37.1,35.3,38.6
1049471,15437,42.6300,13.0249,-64.57,1020225339956,1020321204246,260423411562,260519257600,33.8,37.1,35.3,38.6
1049524,15438,42.6207,13.0169,-64.37,1023612012084,1023707876396,263810057040,263905903104,33.8,36.1,35.3,37.6
1049577,15439,42.6240,13.0197,-66.51,1026998684212,1027094548547,267196702520,267292548608,33.8,36.1,35.3,37.6
1049630,15440,42.5737,12.9765,-64.59,1030385355828,1030481220193,270583347464,270679193600,33.8,37.1,35.3,38.6
1049683,15441,42.6019,13.0007,-64.35,1033772027956,1033867892365,273969992936,274065839104,33.8,37.1,35.3,38.6
1049736,15442,42.6207,13.0169,-64.98,1037158700084,1037254564552,277356638388,277452484608,33.8,36.1,35.3,37.6
1049789,15443,42.6066,13.0047,-64.90,1040545372212,1040641236732,280743283835,280839130112,33.8,37.1,35.3,38.6
1049842,15444,42.6019,13.0007,-64.94,1043932044340,1044027908919,284129929277,284225775616,33.8,37.1,35.3,38.6
1049895,15445,42.6052,13.0036,-65.04,1047318716468,1047414580607,287516574708,287612420608,33.8,36.1,35.3,37.6
1049948,15446,42.6240,13.0197,-65.34,1050705388596,1050801252804,290903220150,290999066112,33.8,36.1,35.3,37.6
1050001,15447,42.6441,13.0370,-64.21,1054092060724,1054187925024,294289865574,294385711616,33.8,37.1,35.3,38.6
1050054,15448,42.6253,13.0209,-64.90,1057478732852,1057574597243,297676510980,297772357120,33.8,36.1,35.3,37.6
1050107,15449,42.6113,13.0088,-64.66,1060865404980,1060961269456,301063156393,301159002624,33.8,37.1,35.3,38.6
1050160,15450,42.6052,13.0036,-66.60,1064252077108,1064347941684,304449801790,304545648128,33.8,37.1,35.3,38.6
1050213,15451,42.6113,13.0088,-64.63,1067638749236,1067734613415,307836447186,307932293120,33.8,37.1,35.3,38.6
1050266,15452,42.6441,13.0370,-64.28,1071025420852,1071121285146,311223092076,311318938112,33.8,37.1,35.3,38.6
1050319,15453,42.6160,13.0128,-64.57,1074412092980,1074507957394,314609737448,314705583616,33.8,37.1,35.3,38.6
1050372,15454,42.6207,13.0169,-64.24,1077798765108,1077894629647,317996382830,318092229120,33.8,36.1,35.3,37.6
1050425,15455,42.6207,13.0169,-64.08,1081185437236,1081281301391,321383028206,321478874112,33.8,37.1,35.3,38.6
1050478,15456,42.6207,13.0169,-64.52,1084572109364,1084667973663,324769673565,324865519616,33.8,37.1,35.3,38.6
1050531,15457,42.6300,13.0249,-64.87,1087958781492,1088054645941,328156318924,328252165120,33.8,37.1,35.3,38.6
1050584,15458,42.6160,13.0128,-64.79,1091345453620,1091441318215,331542964276,331638810624,33.8,36.1,35.3,37.6
1050637,15459,42.6287,13.0237,-66.39,1094732125748,1094827989994,334929609618,335025455616,33.8,37.1,35.3,38.6
1050690,15460,42.6193,13.0157,-65.94,1098118797876,1098214662279,338316254961,338412101120,33.8,36.1,35.3,37.6
1050743,15461,42.6113,13.0088,-64.72,1993842228,2089706810,341702900287,341798746624,33.8,37.1,35.3,38.6
1050796,15462,42.6300,13.0249,-64.52,5380514356,5476378606,345089545619,345185391616,33.8,37.1,35.3,38.6
1050849,15463,42.6380,13.0318,-65.94,8767186484,8863050913,348476190943,348572037120,33.8,36.1,35.3,37.6
1050902,15464,42.6287,13.0237,-65.54,12153858612,12249723231,351862836253,351958682624,33.8,37.1,35.3,38.6
1050955,15465,42.6300,13.0249,-64.46,15540530740,15636395049,355249481559,355345327616,33.8,36.1,35.3,37.6
1051008,15466,42.6066,13.0047,-64.87,18927202868,19023067372,358636126858,358731973120,33.8,36.1,35.3,37.6
1051061,15467,42.6193,13.0157,-65.06,22313874996,22409739196,362022772157,362118618112,33.8,37.1,35.3,38.6
1051114,15468,42.6427,13.0359,-66.47,25700546612,25796411021,365409416950,365505263104,33.8,36.1,35.3,37.6
1051167,15469,42.6066,13.0047,-64.89,29087218740,29183083369,368796062221,368891908608,33.8,37.1,35.3,38.6
1051220,15470,42.6113,13.0088,-64.79,32473890868,32569755212,372182707501,372278553600,33.8,36.1,35.3,37.6
1051273,15471,42.6019,13.0007,-64.68,35860562996,35956427563,375569352778,375665199104,33.8,36.1,35.3,37.6
1051326,15472,42.6521,13.0439,-66.14,39247235124,39343099418,378955998060,379051844096,33.8,36.1,35.3,37.6
1051379,15473,42.6160,13.0128,-64.46,42633907252,42729771784,382342643314,382438489600,33.8,36.1,35.3,37.6
1051432,15474,42.6427,13.0359,-66.26,46020579380,46116443656,385729288571,385825134592,33.8,37.1,35.3,38.6
1051485,15475,42.6400,13.0335,-67.00,49407251508,49503116025,389115933826,389211780096,33.8,36.1,35.3,37.6
1051538,15476,42.6540,13.0456,-67.18,52793923636,52889787903,392502579073,392598425088,33.8,37.1,35.3,38.6
1051591,15477,42.6287,13.0237,-66.06,56180595764,56276460290,395889224315,395985070592,33.8,36.1,35.3,37.6
1051644,15478,42.6394,13.0330,-64.76,59567267892,59663132169,399275869563,399371715584,33.8,36.1,35.3,37.6
1051697,15479,42.6160,13.0128,-64.14,62953940020,63049804564,402662514791,402758361088,33.8,36.1,35.3,37.6
1051750,15480,42.6380,13.0318,-65.04,66340612148,66436476472,406049160008,406145006080,33.8,36.1,35.3,37.6
1051803,15481,42.6287,13.0237,-66.47,69727284276,69823148874,409435805234,409531651584,33.8,36.1,35.3,37.6
1051856,15482,42.6146,13.0116,-65.11,73113956404,73209820783,412822450440,412918296576,33.8,36.1,35.3,37.6
1051909,15483,42.6113,13.0088,-64.42,76500628532,76596492684,416209095660,416304941568,33.8,37.1,35.3,38.6
1051962,15484,42.6287,13.0237,-66.14,79887300660,79983165130,419595740850,419691587072,33.8,37.1,35.3,38.6
1052015,15485,42.6681,13.0577,-67.18,83273972788,83369837051,422982386060,423078232064,33.8,37.1,35.3,38.6
1052068,15486,42.6207,13.0169,-64.77,86660644916,86756509489,426369031244,426464877568,33.8,37.1,35.3,38.6
1052121,15487,42.6662,13.0560,-65.46,90047317044,90143181433,429755676435,429851522560,33.8,37.1,35.3,38.6
1052174,15488,42.6474,13.0399,-65.60,93433989172,93529853369,433142321612,433238167552,33.8,37.1,35.3,38.6
1052227,15489,42.6207,13.0169,-64.89,96820661300,96916525824,436528966781,436624813056,33.8,36.1,35.3,37.6
1052280,15490,42.6300,13.0249,-64.81,100207332916,100303197267,439915611438,440011457536,33.8,37.1,35.3,38.6
1052333,15491,42.6347,13.0290,-64.83,103594005044,103689869224,443302256603,443398102528,33.8,37.1,35.3,38.6
1052386,15492,42.6160,13.0128,-64.72,106980677172,107076541695,446688901756,446784748032,33.8,37.1,35.3,38.6
1052439,15493,42.6488,13.0411,-64.53,110367349300,110463213673,450075546911,450171393024,33.8,37.1,35.3,38.6
1052492,15494,42.6488,13.0411,-64.76,113754021428,113849885649,453462192056,453558038016,33.8,37.1,35.3,38.6
1052545,15495,42.6193,13.0157,-66.70,117140693556,117236558138,456848837183,456944683520,33.8,36.1,35.3,37.6
1052598,15496,42.6615,13.0520,-65.28,120527365684,120623230133,460235482325,460331328512,33.8,36.1,35.3,37.6
1052651,15497,42.6521,13.0439,-66.47,123914037812,124009902124,463622127450,463717973504,33.8,37.1,35.3,38.6
1052704,15498,42.6300,13.0249,-64.66,127300709940,127396574117,467008772572,467104618496,33.8,37.1,35.3,38.6
1052757,15499,42.6253,13.0209,-64.63,130687382068,130783246634,470395417684,470491264000,33.8,37.1,35.3,38.6
1052810,15500,42.6615,13.0520,-65.23,134074054196,134169918652,473782062799,473877908992,33.8,36.1,35.3,37.6
1052863,15501,42.6427,13.0359,-66.04,137460726324,137556590665,477168707898,477264553984,33.8,37.1,35.3,38.6
1052916,15502,42.6582,13.0492,-64.39,140847398452,140943262683,480555353009,480651198976,33.8,37.1,35.3,38.6
1052969,15503,42.6474,13.0399,-65.19,144234070580,144329935225,483941998091,484037844480,33.8,37.1,35.3,38.6
1053022,15504,42.6394,13.0330,-64.83,147620742708,147716607251,487328643185,487424489472,33.8,37.1,35.3,38.6
1053075,15505,42.6287,13.0237,-65.21,151007414836,151103279295,490715288254,490811134464,33.8,37.1,35.3,38.6
1053128,15506,42.6427,13.0359,-66.55,154394086964,154489951334,494101933341,494197779456,33.8,37.1,35.3,38.6
1053181,15507,42.6615,13.0520,-66.39,157780759092,157876623384,497488578419,497584424448,33.8,37.1,35.3,38.6
1053234,15508,42.6300,13.0249,-64.89,161167431220,161263295432,500875223480,500971069440,33.8,37.1,35.3,38.6
1053287,15509,42.6380,13.0318,-66.51,164554103348,164649967494,504261868539,504357714432,33.8,37.1,35.3,38.6
1053340,15510,42.6441,13.0370,-64.68,167940775476,168036640075,507648513595,507744359936,33.8,36.1,35.3,37.6
1053393,15511,42.6474,13.0399,-66.30,171327447604,171423312142,511035158647,511131004928,33.8,37.1,35.3,38.6
1053446,15512,42.6333,13.0278,-66.00,174714119732,174809984211,514421803691,514517649920,33.8,36.1,35.3,37.6
1053499,15513,42.6347,13.0290,-64.70,178100791860,178196656305,517808448722,517904294912,33.8,37.1,35.3,38.6
1053552,15514,42.6493,13.0415,-67.07,181487463988,181583328391,521195093752,521290939904,33.8,37.1,35.3,38.6
1053605,15515,42.6427,13.0359,-66.41,184874136116,184970000484,524581738783,524677584896,33.8,37.1,35.3,38.6
1053658,15516,42.6253,13.0209,-65.00,188260808244,188356672579,527968383803,528064229888,33.8,37.1,35.3,38.6
1053711,15517,42.6803,13.0682,-65.02,191647480372,191743344701,531355028822,531450874880,33.8,37.1,35.3,38.6
1053764,15518,42.6629,13.0532,-64.89,195034152500,195130016803,534741673835,534837519872,33.8,37.1,35.3,38.6
1053817,15519,42.6347,13.0290,-64.79,198420824628,198516688917,538128318830,538224164864,33.8,37.1,35.3,38.6
1053870,15520,42.6474,13.0399,-65.07,201807496756,201903361046,541514963822,541610809856,33.8,37.1,35.3,38.6
1053923,15521,42.6535,13.0451,-64.81,205194168372,205290032662,544901608308,544997454336,33.8,36.1,35.3,37.6
1053976,15522,42.6568,13.0480,-66.00,208580840500,208676704793,548288253296,548384099328,33.8,37.1,35.3,38.6
1054029,15523,42.6488,13.0411,-64.74,211967512628,212063376934,551674898274,551770744320,33.8,37.1,35.3,38.6
1054082,15524,42.6521,13.0439,-65.07,215354184756,215450049081,555061543246,555157389312,33.8,37.1,35.3,38.6
1054135,15525,42.6474,13.0399,-65.17,218740856884,218836721229,558448188215,558544034304,33.8,37.1,35.3,38.6
1054188,15526,42.6474,13.0399,-66.55,222127529012,222223393384,561834833180,561930679296,33.8,36.1,35.3,37.6
1054241,15527,42.6113,13.0088,-64.87,225514201140,225610065539,565221478134,565317324288,33.8,37.1,35.3,38.6
1054294,15528,42.6615,13.0520,-66.08,228900873268,228996737718,568608123092,568703969280,33.8,37.1,35.3,38.6
1054347,15529,42.6380,13.0318,-65.62,232287545396,232383409873,571994768048,572090614272,33.8,37.1,35.3,38.6
1054400,15530,42.6427,13.0359,-66.24,235674217524,235770082056,575381412986,575477259264,33.8,37.1,35.3,38.6
1054453,15531,42.6240,13.0197,-66.96,239060889652,239156754237,578768057918,578863904256,33.8,36.1,35.3,37.6
1054506,15532,42.6394,13.0330,-64.98,242447561780,242543426430,582154702854,582250549248,33.8,37.1,35.3,38.6
1054559,15533,42.6474,13.0399,-65.19,245834233908,245930098111,585541347782,585637193728,33.8,37.1,35.3,38.6
1054612,15534,42.6333,13.0278,-65.11,249220906036,249316770308,588927992699,589023838720,33.8,36.1,35.3,37.6
1054665,15535,42.6474,13.0399,-66.96,252607578164,252703442513,592314637619,592410483712,33.8,36.1,35.3,37.6
1054718,15536,42.6676,13.0572,-64.77,255994250292,256090114731,595701282534,595797128704,33.8,36.1,35.3,37.6
1054771,15537,42.6728,13.0617,-67.07,259380922420,259476786934,599087927442,599183773696,33.8,37.1,35.3,38.6
1054824,15538,42.6662,13.0560,-65.32,262767594548,262863459157,602474572343,602570418688,33.8,37.1,35.3,38.6
1054877,15539,42.6521,13.0439,-65.06,266154266676,266250130864,605861217239,605957063168,33.8,37.1,35.3,38.6
1054930,15540,42.6770,13.0653,-64.48,269540938804,269636803106,609247862130,609343708160,33.8,36.1,35.3,37.6
1054983,15541,42.6347,13.0290,-65.00,272927610932,273023475338,612634507000,612730353152,33.8,36.1,35.3,37.6
1055036,15542,42.6427,13.0359,-66.00,276314283060,276410147580,616021151878,616116998144,33.8,36.1,35.3,37.6
1055089,15543,42.6582,13.0492,-64.92,279700955188,279796819829,619407796759,619503643136,33.8,37.1,35.3,38.6
1055142,15544,42.6629,13.0532,-64.94,283087627316,283183491569,622794441630,622890287616,33.8,37.1,35.3,38.6
1055195,15545,42.6535,13.0451,-64.96,286474299444,286570163832,626181086482,626276932608,33.8,36.1,35.3,37.6
1055248,15546,42.6521,13.0439,-65.90,289860971572,289956836092,629567731338,629663577600,33.8,36.1,35.3,37.6
1055301,15547,42.6474,13.0399,-65.04,293247643700,293343507846,632954376190,633050222080,33.8,37.1,35.3,38.6
1055354,15548,42.6723,13.0613,-64.26,296634315828,296730180127,636341021044,636436867072,33.8,37.1,35.3,38.6
1055407,15549,42.6709,13.0601,-65.04,300020987956,300116852411,639727665876,639823512064,33.8,36.1,35.3,37.6
1055460,15550,42.6521,13.0439,-65.02,303407660084,303503524692,643114310707,643210157056,33.8,37.1,35.3,38.6
1055513,15551,42.6869,13.0738,-67.13,306794332212,306890196476,646500955539,646596801536,33.8,37.1,35.3,38.6
1055566,15552,42.6582,13.0492,-64.70,310181004340,310276868774,649887600359,649983446528,33.8,37.1,35.3,38.6
1055619,15553,42.6474,13.0399,-66.18,313567676468,313663541072,653274245172,653370091520,33.8,37.1,35.3,38.6
1055672,15554,42.6662,13.0560,-65.17,316954348596,317050212874,656660889987,656756736000,33.8,37.1,35.3,38.6
1055725,15555,42.6521,13.0439,-65.09,320341020724,320436885191,660047534783,660143380992,33.8,37.1,35.3,38.6
1055778,15556,42.6568,13.0480,-65.30,323727692852,323823557511,663434179586,663530025984,33.8,37.1,35.3,38.6
1055831,15557,42.6615,13.0520,-65.17,327114364980,327210229324,666820824383,666916670464,33.8,37.1,35.3,38.6
1055884,15558,42.6394,13.0330,-64.79,330501037108,330596901652,670207469168,670303315456,33.8,36.1,35.3,37.6
1055937,15559,42.6896,13.0762,-66.70,333887709236,333983573481,673594113965,673689959936,33.8,37.1,35.3,38.6
1055990,15560,42.6441,13.0370,-64.98,337274381364,337370245825,676980758726,677076604928,33.8,36.1,35.3,37.6
1056043,15561,42.6441,13.0370,-64.61,340661053492,340756917653,680367403506,680463249408,33.8,37.1,35.3,38.6
1056096,15562,42.6474,13.0399,-65.48,344047725620,344143590010,683754048267,683849894400,33.8,37.1,35.3,38.6
1056149,15563,42.6535,13.0451,-64.55,347434397748,347530262364,687140693039,687236539392,33.8,37.1,35.3,38.6
1056202,15564,42.6723,13.0613,-64.98,350821069876,350916934218,690527337800,690623183872,33.8,36.1,35.3,37.6
1056255,15565,42.6441,13.0370,-64.89,354207742004,354303606576,693913982551,694009828864,33.8,37.1,35.3,38.6
1056308,15566,42.6850,13.0722,-66.47,357594414132,357690278440,697300627308,697396473344,33.8,37.1,35.3,38.6
1056361,15567,42.6441,13.0370,-64.39,360981086260,361076950807,700687272048,700783118336,33.8,37.1,35.3,38.6
1056414,15568,42.6676,13.0572,-64.70,364367758388,364463622683,704073916789,704169762816,33.8,37.1,35.3,38.6
1056467,15569,42.6535,13.0451,-64.46,367754430516,367850295064,707460561523,707556407808,33.8,36.1,35.3,37.6
1056520,15570,42.6816,13.0693,-64.63,371141102644,371236966945,710847206261,710943052288,33.8,36.1,35.3,37.6
1056573,15571,42.6770,13.0653,-64.42,374527774772,374623639337,714233850987,714329697280,33.8,37.1,35.3,38.6
1056626,15572,42.6990,13.0843,-65.15,377914446900,378010311224,717620495714,717716341760,33.8,37.1,35.3,38.6
1056679,15573,42.6615,13.0520,-65.02,381301119028,381396983619,721007140424,721102986752,33.8,37.1,35.3,38.6
1056732,15574,42.6535,13.0451,-64.42,384687791156,384783655515,724393785136,724489631232,33.8,37.1,35.3,38.6
1056785,15575,42.6676,13.0572,-64.72,388074463284,388170327920,727780429857,727876276224,33.8,37.1,35.3,38.6
1056838,15576,42.6615,13.0520,-66.96,391461135412,391556999820,731167074559,731262920704,33.8,37.1,35.3,38.6
1056891,15577,42.6803,13.0682,-66.00,394847807540,394943671723,734553719272,734649565184,33.8,36.1,35.3,37.6
1056944,15578,42.6333,13.0278,-65.52,398234479668,398330344142,737940363953,738036210176,33.8,37.1,35.3,38.6
1056997,15579,42.6990,13.0843,-65.15,401621151796,401717016064,741327008666,741422854656,33.8,37.1,35.3,38.6
1057050,15580,42.6662,13.0560,-66.41,405007823924,405103688483,744713653354,744809499648,33.8,37.1,35.3,38.6
1057103,15581,42.6850,13.0722,-66.10,408394496052,408490360417,748100298035,748196144128,33.8,37.1,35.3,38.6
1057156,15582,42.6662,13.0560,-66.51,411781168180,411877032844,751486942720,751582789120,33.8,37.1,35.3,38.6
1057209,15583,42.6582,13.0492,-64.83,415167840308,415263704779,754873587393,754969433600,33.8,36.1,35.3,37.6
1057262,15584,42.6803,13.0682,-65.21,418554512436,418650376717,758260232069,758356078080,33.8,37.1,35.3,38.6
1057315,15585,42.6488,13.0411,-64.83,421941184564,422037049159,761646876737,761742723072,33.8,37.1,35.3,38.6
1057368,15586,42.6662,13.0560,-66.43,425327856692,425423721107,765033521401,765129367552,33.8,37.1,35.3,38.6
1057421,15587,42.6803,13.0682,-65.78,428714528820,428810393059,768420166063,768516012032,33.8,36.1,35.3,37.6
1057474,15588,42.6709,13.0601,-65.23,432101200948,432197065522,771806810716,771902657024,33.8,37.1,35.3,38.6
1057527,15589,42.6333,13.0278,-66.96,435487873076,435583737473,775193455357,775289301504,33.8,37.1,35.3,38.6
1057580,15590,42.7051,13.0895,-64.64,438874545204,438970409452,778580100020,778675945984,33.8,37.1,35.3,38.6
1057633,15591,42.6488,13.0411,-64.90,442261217332,442357081919,781966744650,782062590976,33.8,37.1,35.3,38.6
1057686,15592,42.6850,13.0722,-65.94,445647889460,445743753898,785353389290,785449235456,33.8,37.1,35.3,38.6
1057739,15593,42.6535,13.0451,-64.87,449034561588,449130425874,788740033912,788835879936,33.8,37.1,35.3,38.6
1057792,15594,42.7037,13.0883,-65.66,452421233716,452517098372,792126678553,792222524928,33.8,37.1,35.3,38.6
1057845,15595,42.6582,13.0492,-64.64,455807905844,455903770346,795513323170,795609169408,33.8,36.1,35.3,37.6
1057898,15596,42.6803,13.0682,-66.64,459194577972,459290442341,798899967789,798995813888,33.8,37.1,35.3,38.6
1057951,15597,42.6629,13.0532,-64.61,462581250100,462677114335,802286612400,802382458368,33.8,37.1,35.3,38.6
1058004,15598,42.6629,13.0532,-64.52,465967922228,466063786848,805673257007,805769103360,33.8,36.1,35.3,37.6
1058057,15599,42.6488,13.0411,-64.79,469354594356,469450458853,809059901604,809155747840,33.8,36.1,35.3,37.6
1058110,15600,42.6629,13.0532,-64.79,472741266484,472837130864,812446546207,812542392320,33.8,36.1,35.3,37.6
1058163,15601,42.6910,13.0774,-64.98,476127938612,476223802883,815833190807,815929036800,33.8,37.1,35.3,38.6
1058216,15602,42.6770,13.0653,-64.59,479514610740,479610474904,819219835388,819315681280,33.8,37.1,35.3,38.6
1058269,15603,42.6676,13.0572,-64.94,482901282868,482997147431,822606479977,822702326272,33.8,36.1,35.3,37.6
1058322,15604,42.6615,13.0520,-65.02,486287954996,486383819466,825993124545,826088970752,33.8,37.1,35.3,38.6
1058375,15605,42.6770,13.0653,-64.66,489674627124,489770491499,829379769130,829475615232,33.8,37.1,35.3,38.6
1058428,15606,42.6803,13.0682,-66.18,493061299252,493157163542,832766413692,832862259712,33.8,36.1,35.3,37.6
1058481,15607,42.6709,13.0601,-65.15,496447971380,496543835581,836153058258,836248904192,33.8,37.1,35.3,38.6
1058534,15608,42.6896,13.0762,-66.24,499834643508,499930508137,839539702829,839635549184,33.8,36.1,35.3,37.6
1058587,15609,42.6756,13.0641,-66.34,503221315636,503317180188,842926347380,843022193664,33.8,37.1,35.3,38.6
1058640,15610,42.6896,13.0762,-66.34,506607987764,506703852251,846312991931,846408838144,33.8,36.1,35.3,37.6
1058693,15611,42.6662,13.0560,-66.47,509994659892,510090524310,849699636470,849795482624,33.8,37.1,35.3,38.6
1058746,15612,42.6629,13.0532,-64.72,513381332020,513477196382,853086281008,853182127104,33.8,37.1,35.3,38.6
1058799,15613,42.6863,13.0734,-64.42,516768004148,516863868453,856472925556,856568771584,33.8,37.1,35.3,38.6
1058852,15614,42.7037,13.0883,-65.02,520154676276,520250540526,859859570094,859955416064,33.8,36.1,35.3,37.6
1058905,15615,42.6709,13.0601,-65.46,523541348404,523637212600,863246214614,863342060544,33.8,37.1,35.3,38.6
1058958,15616,42.6582,13.0492,-64.52,526928020532,527023884685,866632859135,866728705024,33.8,37.1,35.3,38.6
1059011,15617,42.6756,13.0641,-65.04,530314692660,530410557288,870019503657,870115350016,33.8,37.1,35.3,38.6
1059064,15618,42.6582,13.0492,-64.42,533701364788,533797229384,873406148164,873501994496,33.8,36.1,35.3,37.6
1059117,15619,42.6803,13.0682,-65.25,537088036916,537183901480,876792792683,876888638976,33.8,37.1,35.3,38.6
1059170,15620,42.6662,13.0560,-66.41,540474709044,540570573582,880179437182,880275283456,33.8,37.1,35.3,38.6
1059223,15621,42.6615,13.0520,-66.89,543861381172,543957245692,883566081679,883661927936,33.8,37.1,35.3,38.6
1059276,15622,42.6568,13.0480,-65.25,547248053300,547343917803,886952726174,887048572416,33.8,37.1,35.3,38.6
1059329,15623,42.6723,13.0613,-64.41,550634725428,550730589924,890339370671,890435216896,33.8,36.1,35.3,37.6
1059382,15624,42.6709,13.0601,-65.15,554021397556,554117262050,893726015148,893821861376,33.8,37.1,35.3,38.6
1059435,15625,42.6770,13.0653,-64.53,557408069684,557503934176,897112659636,897208505856,33.8,36.1,35.3,37.6
1059488,15626,42.6582,13.0492,-64.66,560794741812,560890606306,900499304106,900595150336,33.8,37.1,35.3,38.6
1059541,15627,42.6629,13.0532,-64.92,564181413940,564277278439,903885948584,903981794816,33.8,37.1,35.3,38.6
1059594,15628,42.6957,13.0815,-64.92,567568086068,567663950587,907272593057,907368439296,33.8,36.1,35.3,37.6
1059647,15629,42.6869,13.0738,-67.11,570954758196,571050622720,910659237519,910755083776,33.8,36.1,35.3,37.6
1059700,15630,42.6535,13.0451,-64.81,574341430324,574437294867,914045881976,914141728256,33.8,36.1,35.3,37.6
1059753,15631,42.6896,13.0762,-65.30,577728102452,577823967024,917432526438,917528372736,33.8,37.1,35.3,38.6
1059806,15632,42.6629,13.0532,-64.90,581114774580,581210639181,920819170881,920915017216,33.8,37.1,35.3,38.6
1059859,15633,42.6910,13.0774,-64.90,584501446708,584597311342,924205815341,924301661696,33.8,36.1,35.3,37.6
1059912,15634,42.6629,13.0532,-64.39,587888118324,587983982485,927592459258,927688305152,33.8,36.1,35.3,37.6
1059965,15635,42.6803,13.0682,-65.52,591274790452,591370654652,930979103703,931074949632,33.8,37.1,35.3,38.6
1060018,15636,42.6943,13.0803,-66.30,594661462580,594757326826,934365748142,934461594112,33.8,37.1,35.3,38.6
1060071,15637,42.6756,13.0641,-65.44,598048134708,598143999003,937752392566,937848238592,33.8,37.1,35.3,38.6
1060124,15638,42.6676,13.0572,-64.81,601434806836,601530671187,941139036990,941234883072,33.8,37.1,35.3,38.6
1060177,15639,42.6723,13.0613,-64.98,604821478964,604917343372,944525681415,944621527552,33.8,37.1,35.3,38.6
1060230,15640,42.6723,13.0613,-64.81,608208151092,608304015562,947912325832,948008172032,33.8,37.1,35.3,38.6
1060283,15641,42.6535,13.0451,-64.98,611594823220,611690687749,951298970245,951394816512,33.8,37.1,35.3,38.6
1060336,15642,42.6723,13.0613,-64.66,614981495348,615077359947,954685614663,954781460992,33.8,37.1,35.3,38.6
1060389,15643,42.6488,13.0411,-64.81,618368167476,618464031634,958072259063,958168104960,33.8,37.1,35.3,38.6
1060442,15644,42.6896,13.0762,-65.98,621754839604,621850703843,961458903475,961554749440,33.8,37.1,35.3,38.6
1060495,15645,42.7084,13.0924,-66.39,625141511732,625237376058,964845547877,964941393920,33.8,37.1,35.3,38.6
1060548,15646,42.6756,13.0641,-65.19,628528183860,628624048269,968232192259,968328038400,33.8,36.1,35.3,37.6
1060601,15647,42.6723,13.0613,-64.24,631914855988,632010720485,971618836653,971714682880,33.8,37.1,35.3,38.6
1060654,15648,42.6770,13.0653,-64.94,635301528116,635397392703,975005481046,975101327360,33.8,37.1,35.3,38.6
1060707,15649,42.6850,13.0722,-65.21,638688200244,638784064418,978392125426,978487971328,33.8,37.1,35.3,38.6
1060760,15650,42.6896,13.0762,-65.13,642074872372,642170736654,981778769800,981874615808,33.8,37.1,35.3,38.6
1060813,15651,42.7178,13.1005,-65.83,645461544500,645557408896,985165414178,985261260288,33.8,37.1,35.3,38.6
1060866,15652,42.6863,13.0734,-64.68,648848216628,648944081125,988552058548,988647904768,33.8,37.1,35.3,38.6
1060919,15653,42.7084,13.0924,-65.27,652234888756,652330753376,991938702910,992034549248,33.8,36.1,35.3,37.6
1060972,15654,42.6863,13.0734,-64.37,655621560884,655717425106,995325347270,995421193216,33.8,37.1,35.3,38.6
1061025,15655,42.6723,13.0613,-65.00,659008232500,659104096845,998711991110,998807837184,33.8,36.1,35.3,37.6
1061078,15656,42.6850,13.0722,-66.55,662394904628,662490769100,1002098635464,1002194481664,33.8,37.1,35.3,38.6
1061131,15657,42.6803,13.0682,-66.72,665781576756,665877441353,1005485279817,1005581126144,33.8,37.1,35.3,38.6
1061184,15658,42.6863,13.0734,-64.57,669168248884,669264113110,1008871924163,1008967770112,33.8,37.1,35.3,38.6
1061237,15659,42.6535,13.0451,-64.53,672554921012,672650785376,1012258568491,1012354414592,33.8,37.1,35.3,38.6
1061290,15660,42.6723,13.0613,-64.74,675941593140,676037457637,1015645212845,1015741059072,33.8,37.1,35.3,38.6
1061343,15661,42.7084,13.0924,-66.41,679328265268,679424129912,1019031857190,1019127703552,33.8,37.1,35.3,38.6
1061396,15662,42.6816,13.0693,-64.76,682714937396,682810801683,1022418501508,1022514347520,33.8,37.1,35.3,38.6
1061449,15663,42.6863,13.0734,-64.66,686101609524,686197473963,1025805145838,1025900992000,33.8,37.1,35.3,38.6
1061502,15664,42.6863,13.0734,-64.79,689488281652,689584146247,1029191790161,1029287636480,33.8,37.1,35.3,38.6
1061555,15665,42.6816,13.0693,-64.92,692874953780,692970818021,1032578434482,1032674280448,33.8,37.1,35.3,38.6
1061608,15666,42.7056,13.0900,-67.11,696261625908,696357490311,1035965078799,1036060924928,33.8,37.1,35.3,38.6
1061661,15667,42.6816,13.0693,-64.89,699648298036,699744162601,1039351723117,1039447569408,33.8,37.1,35.3,38.6
1061714,15668,42.6990,13.0843,-65.52,703034970164,703130834402,1042738367416,1042834213376,33.8,37.1,35.3,38.6
1061767,15669,42.6943,13.0803,-66.20,706421641780,706517506189,1046125011211,1046220857344,33.8,37.1,35.3,38.6
1061820,15670,42.7131,13.0964,-65.06,709808313908,709904178488,1049511655528,1049607501824,33.8,36.1,35.3,37.6
1061873,15671,42.7272,13.1085,-65.28,713194986036,713290850290,1052898299828,1052994145792,33.8,37.1,35.3,38.6
1061926,15672,42.6676,13.0572,-64.87,716581658164,716677522598,1056284944106,1056380790272,33.8,37.1,35.3,38.6
1061979,15673,42.6803,13.0682,-66.74,719968330292,720064194906,1059671588408,1059767434752,33.8,37.1,35.3,38.6
1062032,15674,42.7192,13.1016,-64.85,723355002420,723450866734,1063058232697,1063154078720,33.8,37.1,35.3,38.6
1062085,15675,42.7037,13.0883,-66.55,726741674548,726837539050,1066444876978,1066540723200,33.8,37.1,35.3,38.6
1062138,15676,42.6863,13.0734,-64.87,730128346676,730224210858,1069831521263,1069927367168,33.8,37.1,35.3,38.6
1062191,15677,42.7145,13.0976,-64.79,733515018804,733610883194,1073218165547,1073314011648,33.8,37.1,35.3,38.6
1062244,15678,42.6990,13.0843,-65.04,736901690932,736997555522,1076604809816,1076700656128,33.8,37.1,35.3,38.6
1062297,15679,42.6850,13.0722,-65.19,740288362548,740384226835,1079991453570,1080087299584,33.8,37.1,35.3,38.6
1062350,15680,42.6662,13.0560,-66.41,743675034676,743770899171,1083378097834,1083473944064,33.8,37.1,35.3,38.6
1062403,15681,42.6896,13.0762,-65.25,747061706804,747157571007,1086764742103,1086860588032,33.8,37.1,35.3,38.6
1062456,15682,42.6723,13.0613,-64.90,750448378932,750544243357,1090151386357,1090247232512,33.8,37.1,35.3,38.6
1062509,15683,42.7131,13.0964,-65.80,753835051060,753930915709,1093538030628,1093633876992,33.8,36.1,35.3,37.6
1062562,15684,42.7084,13.0924,-66.18,757221723188,757317587558,1096924674872,1097020520960,33.8,37.1,35.3,38.6
1062615,15685,42.6910,13.0774,-64.96,760608395316,760704259904,799691354,895537664,33.8,37.1,35.3,38.6
1062668,15686,42.7098,13.0936,-64.87,763995067444,764090931762,4186335601,4282181632,33.8,37.1,35.3,38.6
1062721,15687,42.6863,13.0734,-64.77,767381739060,767477603607,7572979329,7668825600,33.8,37.1,35.3,38.6
1062774,15688,42.6863,13.0734,-64.98,770768411188,770864275469,10959623564,11055469568,33.8,37.1,35.3,38.6
1062827,15689,42.7103,13.0940,-67.02,774155083316,774250947834,14346267807,14442114048,33.8,36.1,35.3,37.6
1062880,15690,42.7459,13.1247,-66.06,777541755444,777637619714,17732912045,17828758016,33.8,37.1,35.3,38.6
1062933,15691,42.7084,13.0924,-65.50,780928427572,781024292082,21119556268,21215402496,33.8,37.1,35.3,38.6
1062986,15692,42.7413,13.1206,-66.26,784315099700,784410963963,24506200497,24602046464,33.8,37.1,35.3,38.6
1063039,15693,42.6957,13.0815,-64.96,787701771828,787797636338,27892844715,27988690944,33.8,37.1,35.3,38.6
1063092,15694,42.7225,13.1045,-65.23,791088443956,791184308228,31279488928,31375334912,33.8,37.1,35.3,38.6
1063145,15695,42.6816,13.0693,-64.98,794475115572,794570980103,34666132624,34761978880,33.8,37.1,35.3,38.6
1063198,15696,42.7178,13.1005,-65.15,797861787700,797957651992,38052776842,38148622848,33.8,37.1,35.3,38.6
1063251,15697,42.7004,13.0855,-64.68,801248459828,801344324394,41439421044,41535267328,33.8,37.1,35.3,38.6
1063304,15698,42.7225,13.1045,-65.28,804635131956,804730996291,44826065250,44921911296,33.8,37.1,35.3,38.6
1063357,15699,42.6770,13.0653,-64.64,808021804084,808117668695,48212709437,48308555776,33.8,37.1,35.3,38.6
1063410,15700,42.7319,13.1126,-65.34,811408476212,811504340605,51599353644,51695199744,33.8,37.1,35.3,38.6
1063463,15701,42.6756,13.0641,-65.74,814795148340,814891012503,54985997817,55081843712,33.8,37.1,35.3,38.6
1063516,15702,42.7225,13.1045,-66.77,818181819956,818277684421,58372641504,58468487680,33.8,37.1,35.3,38.6
1063569,15703,42.7145,13.0976,-64.76,821568492084,821664356331,61759285690,61855131648,33.8,37.1,35.3,38.6
1063622,15704,42.6756,13.0641,-66.70,824955164212,825051028748,65145929860,65241776128,33.8,37.1,35.3,38.6
1063675,15705,42.7225,13.1045,-65.62,828341836340,828437700675,68532574050,68628420096,33.8,37.1,35.3,38.6
1063728,15706,42.7037,13.0883,-65.11,831728508468,831824373101,71919218223,72015064576,33.8,37.1,35.3,38.6
1063781,15707,42.7051,13.0895,-64.46,835115180596,835211045034,75305862390,75401708544,33.8,37.1,35.3,38.6
1063834,15708,42.7145,13.0976,-64.87,838501852212,838597716457,78692506044,78788352000,33.8,37.1,35.3,38.6
1063887,15709,42.6676,13.0572,-64.76,841888524340,841984388892,82079150197,82174996480,33.8,37.1,35.3,38.6
1063940,15710,42.6756,13.0641,-65.09,845275196468,845371060828,85465794357,85561640448,33.8,37.1,35.3,38.6
1063993,15711,42.6863,13.0734,-64.55,848661868596,848757732770,88852438518,88948284416,33.8,37.1,35.3,38.6
1064046,15712,42.6723,13.0613,-64.61,852048540724,852144405222,92239082669,92334928896,33.8,36.1,35.3,37.6
1064099,15713,42.7666,13.1425,-67.05,855435212852,855531077185,95625726832,95721572864,33.8,37.1,35.3,38.6
1064152,15714,42.7084,13.0924,-65.36,858821884468,858917749123,99012370460,99108216832,33.8,37.1,35.3,38.6
1064205,15715,42.7084,13.0924,-66.04,862208556596,862304421080,102399014598,102494860800,33.8,37.1,35.3,38.6
1064258,15716,42.7004,13.0855,-64.48,865595228724,865691093037,105785658738,105881504768,33.8,37.1,35.3,38.6
1064311,15717,42.7225,13.1045,-65.50,868981900852,869077765508,109172302881,109268149248,33.8,37.1,35.3,38.6
1064364,15718,42.6910,13.0774,-64.37,872368572980,872464437471,112558947004,112654793216,33.8,37.1,35.3,38.6
1064417,15719,42.7272,13.1085,-66.45,875755245108,875851109438,115945591144,116041437184,33.8,37.1,35.3,38.6
1064470,15720,42.6957,13.0815,-64.63,879141916724,879237780899,119332234746,119428080640,33.8,37.1,35.3,38.6
1064523,15721,42.6850,13.0722,-66.16,882528588852,882624453376,122718878869,122814725120,33.8,37.1,35.3,38.6
1064576,15722,42.7051,13.0895,-64.61,885915260980,886011125357,126105522995,126201369088,33.8,36.1,35.3,37.6
1064629,15723,42.7239,13.1057,-64.35,889301933108,889397797341,129492167116,129588013056,33.8,37.1,35.3,38.6
1064682,15724,42.7084,13.0924,-65.17,892688605236,892784469836,132878811219,132974657536,33.8,37.1,35.3,38.6
1064735,15725,42.7319,13.1126,-65.17,896075276852,896171141312,136265454824,136361300992,33.8,37.1,35.3,38.6
1064788,15726,42.7272,13.1085,-65.38,899461948980,899557813303,139652098927,139747944960,33.8,37.1,35.3,38.6
1064841,15727,42.7004,13.0855,-64.85,902848621108,902944485295,143038743023,143134588928,33.8,37.1,35.3,38.6
1064894,15728,42.6957,13.0815,-64.92,906235293236,906331157799,146425387125,146521233408,33.8,37.1,35.3,38.6
1064947,15729,42.6896,13.0762,-65.82,909621965364,909717829799,149812031216,149907877376,33.8,37.1,35.3,38.6
1065000,15730,42.7192,13.1016,-64.57,913008636980,913104501292,153198674811,153294520832,33.8,37.1,35.3,38.6
1065053,15731,42.7225,13.1045,-66.26,916395309108,916491173301,156585318896,156681164800,33.8,37.1,35.3,38.6
1065106,15732,42.6943,13.0803,-66.96,919781981236,919877845811,159971962982,160067809280,33.8,37.1,35.3,38.6
1065159,15733,42.7037,13.0883,-65.34,923168653364,923264517833,163358607060,163454453248,33.8,37.1,35.3,38.6
1065212,15734,42.6957,13.0815,-64.92,926555325492,926651189854,166745251135,166841097216,33.8,37.1,35.3,38.6
1065265,15735,42.7178,13.1005,-65.15,929941997108,930037861357,170131894709,170227740672,33.8,36.1,35.3,37.6
1065318,15736,42.7366,13.1166,-65.74,933328669236,933424533892,173518538790,173614385152,33.8,37.1,35.3,38.6
1065371,15737,42.6582,13.0492,-64.66,936715341364,936811205907,176905182842,177001029120,33.8,37.1,35.3,38.6
1065424,15738,42.7366,13.1166,-65.23,940102013492,940197877947,180291826927,180387673088,33.8,37.1,35.3,38.6
1065477,15739,42.7098,13.0936,-64.83,943488685620,943584549983,183678470979,183774317056,33.8,37.1,35.3,38.6
1065530,15740,42.7506,13.1287,-65.32,946875357236,946971221510,187065114539,187160960512,33.8,37.1,35.3,38.6
1065583,15741,42.6910,13.0774,-64.72,950262029364,950357893539,190451758583,190547604480,33.8,37.1,35.3,38.6
1065636,15742,42.7098,13.0936,-64.77,953648701492,953744566092,193838402647,193934248960,33.8,37.1,35.3,38.6
1065689,15743,42.7004,13.0855,-64.87,957035373620,957131238136,197225046695,197320892928,33.8,37.1,35.3,38.6
1065742,15744,42.7192,13.1016,-64.79,960422045236,960517909685,200611690226,200707536384,33.8,37.1,35.3,38.6
1065795,15745,42.7004,13.0855,-64.61,963808717364,963904581725,203998334274,204094180352,33.8,37.1,35.3,38.6
1065848,15746,42.7178,13.1005,-65.06,967195389492,967291253780,207384978318,207480824320,33.8,37.1,35.3,38.6
1065901,15747,42.7004,13.0855,-64.96,970582061620,970677925834,210771622357,210867468288,33.8,37.1,35.3,38.6
1065954,15748,42.7272,13.1085,-65.68,973968733236,974064597892,214158265890,214254112256,33.8,37.1,35.3,38.6
1066007,15749,42.7051,13.0895,-64.68,977355405364,977451269955,217544909918,217640756224,33.8,37.1,35.3,38.6
1066060,15750,42.7084,13.0924,-65.54,980742077492,980837942023,220931553944,221027400192,33.8,37.1,35.3,38.6
1066113,15751,42.6850,13.0722,-66.79,984128749620,984224614088,224318197965,224414044160,33.8,37.1,35.3,38.6
1066166,15752,42.6850,13.0722,-66.66,987515421236,987611285648,227704841477,227800687616,33.8,37.1,35.3,38.6
1066219,15753,42.7051,13.0895,-64.55,990902093364,990997957728,231091485504,231187331584,33.8,37.1,35.3,38.6
1066272,15754,42.7178,13.1005,-66.66,994288765492,994384629807,234478129524,234573975552,33.8,37.1,35.3,38.6
1066325,15755,42.7319,13.1126,-66.45,997675437620,997771301886,237864773547,237960619520,33.8,37.1,35.3,38.6
1066378,15756,42.6943,13.0803,-66.60,1001062109236,1001157973454,241251417035,241347262976,33.8,37.1,35.3,38.6
1066431,15757,42.7098,13.0936,-64.57,1004448781364,1004544645541,244638061053,244733906944,33.8,37.1,35.3,38.6
1066484,15758,42.7272,13.1085,-65.13,1007835453492,1007931318144,248024705062,248120551424,33.8,37.1,35.3,38.6
1066537,15759,42.6910,13.0774,-64.35,1011222125620,1011317990236,251411349054,251507195392,33.8,37.1,35.3,38.6
1066590,15760,42.7272,13.1085,-65.72,1014608797236,1014704661820,254797992555,254893838848,33.8,37.1,35.3,38.6
1066643,15761,42.7084,13.0924,-65.92,1017995469364,1018091333915,258184636548,258280482816,33.8,37.1,35.3,38.6
1066696,15762,42.7197,13.1021,-67.15,1021382141492,1021478006015,261571280542,261667126784,33.8,37.1,35.3,38.6
1066749,15763,42.7004,13.0855,-64.63,1024768813108,1024864677610,264957924021,265053770240,33.8,37.1,35.3,38.6
1066802,15764,42.7131,13.0964,-66.60,1028155485236,1028251349722,268344568006,268440414208,33.8,37.1,35.3,38.6
1066855,15765,42.7178,13.1005,-65.70,1031542157364,1031638021831,271731211995,271827058176,33.8,36.1,35.3,37.6
1066908,15766,42.7131,13.0964,-65.30,1034928829492,1035024693944,275117855977,275213702144,33.8,37.1,35.3,38.6
1066961,15767,42.7239,13.1057,-64.89,1038315501108,1038411365554,278504499446,278600345600,33.8,37.1,35.3,38.6
1067014,15768,42.7051,13.0895,-64.92,1041702173236,1041798037672,281891143417,281986989568,33.8,37.1,35.3,38.6
1067067,15769,42.7178,13.1005,-65.04,1045088845364,1045184709794,285277787392,285373633536,33.8,37.1,35.3,38.6
1067120,15770,42.7004,13.0855,-64.66,1048475516980,1048571381400,288664430855,288760276992,33.8,37.1,35.3,38.6
1067173,15771,42.7272,13.1085,-66.74,1051862189108,1051958053531,292051074828,292146920960,33.8,37.1,35.3,38.6
1067226,15772,42.7084,13.0924,-66.41,1055248861236,1055344725660,295437718787,295533564928,33.8,37.1,35.3,38.6
1067279,15773,42.6770,13.0653,-64.83,1058635532852,1058731397277,298824362232,298920208384,33.8,37.1,35.3,38.6
1067332,15774,42.6910,13.0774,-64.87,1062022204980,1062118069411,302211006199,302306852352,33.8,36.1,35.3,37.6
1067385,15775,42.6990,13.0843,-65.38,1065408877108,1065504741548,305597650159,305693496320,33.8,37.1,35.3,38.6
1067438,15776,42.7506,13.1287,-65.86,1068795548724,1068891413183,308984293618,309080139776,33.8,37.1,35.3,38.6
1067491,15777,42.7178,13.1005,-65.80,1072182220852,1072278085322,312370937560,312466783744,33.8,37.1,35.3,38.6
1067544,15778,42.6723,13.0613,-65.00,1075568892980,1075664757467,315757581496,315853427712,33.8,37.1,35.3,38.6
1067597,15779,42.7272,13.1085,-66.62,1078955564596,1079051429103,319144224952,319240071168,33.8,37.1,35.3,38.6
1067650,15780,42.6957,13.0815,-64.94,1082342236724,1082438101258,322530868882,322626715136,33.8,37.1,35.3,38.6
1067703,15781,42.6910,13.0774,-64.89,1085728908852,1085824773415,325917512820,326013359104,33.8,37.1,35.3,38.6
1067756,15782,42.6863,13.0734,-64.87,1089115580468,1089211445067,329304156237,329400002560,33.8,36.1,35.3,37.6
1067809,15783,42.7051,13.0895,-65.00,1092502252596,1092598117230,332690800179,332786646528,33.8,37.1,35.3,38.6
1067862,15784,42.7319,13.1126,-66.12,1095888924724,1095984789406,336077444107,336173290496,33.8,37.1,35.3,38.6
1067915,15785,42.7338,13.1142,-67.11,1099275596340,1099371460542,339464087525,339559933440,33.8,37.1,35.3,38.6
1067968,15786,42.7366,13.1166,-66.77,3150640692,3246504949,342850731446,342946577408,33.8,37.1,35.3,38.6
1068021,15787,42.7178,13.1005,-65.36,6537312820,6633177123,346237375359,346333221376,33.8,37.1,35.3,38.6
1068074,15788,42.7145,13.0976,-64.81,9923984436,10019848784,349624018773,349719864832,33.8,37.1,35.3,38.6
1068127,15789,42.7319,13.1126,-65.83,13310656564,13406520965,353010662692,353106508800,33.8,37.1,35.3,38.6
1068180,15790,42.7506,13.1287,-65.82,16697328692,16793193160,356397306601,356493152768,33.8,37.1,35.3,38.6
1068233,15791,42.6910,13.0774,-65.00,20084000308,20179864815,359783949996,359879796224,33.8,37.1,35.3,38.6
1068286,15792,42.6990,13.0843,-66.14,23470672436,23566537005,363170593902,363266440192,33.8,37.1,35.3,38.6
1068339,15793,42.7051,13.0895,-64.85,26857344052,26953208686,366557237299,366653083648,33.8,37.1,35.3,38.6
1068392,15794,42.7084,13.0924,-65.52,30244016180,30339880367,369943881200,370039727104,33.8,36.1,35.3,37.6
1068445,15795,42.7413,13.1206,-66.92,33630688308,33726552568,373330525108,373426371072,33.8,37.1,35.3,38.6
1068498,15796,42.7319,13.1126,-66.45,37017359924,37113224254,376717168491,376813014528,33.8,37.1,35.3,38.6
1068551,15797,42.7366,13.1166,-65.13,40404032052,40499896457,380103812385,380199658496,33.8,37.1,35.3,38.6
1068604,15798,42.6816,13.0693,-64.96,43790704180,43886568656,383490456263,383586302464,33.8,37.1,35.3,38.6
1068657,15799,42.7145,13.0976,-64.85,47177375796,47273240357,386877099648,386972945920,33.8,37.1,35.3,38.6
1068710,15800,42.7225,13.1045,-65.11,50564047924,50659912558,390263743543,390359589888,33.8,37.1,35.3,38.6
1068763,15801,42.7479,13.1263,-67.24,53950719540,54046583747,393650386917,393746232832,33.8,37.1,35.3,38.6
1068816,15802,42.7098,13.0936,-64.92,57337391668,57433255969,397037030785,397132876800,33.8,37.1,35.3,38.6
1068869,15803,42.7272,13.1085,-65.25,60724063796,60819928188,400423674666,400519520768,33.8,37.1,35.3,38.6
1068922,15804,42.7178,13.1005,-66.83,64110735412,64206599894,403810318028,403906164224,33.8,37.1,35.3,38.6
1068975,15805,42.7225,13.1045,-66.45,67497407540,67593272115,407196961905,407292808192,33.8,37.1,35.3,38.6
1069028,15806,42.7272,13.1085,-65.70,70884079156,70979943825,410583605270,410679451648,33.8,37.1,35.3,38.6
1069081,15807,42.7459,13.1247,-65.76,74270751284,74366615546,413970249140,414066095104,33.8,37.1,35.3,38.6
1069134,15808,42.7051,13.0895,-64.74,77657422900,77753287258,417356892487,417452738560,33.8,37.1,35.3,38.6
1069187,15809,42.7319,13.1126,-65.34,81044095028,81139959489,420743536359,420839382528,33.8,36.1,35.3,37.6
1069240,15810,42.7084,13.0924,-65.42,84430767156,84526631721,424130180214,424226026496,33.8,36.1,35.3,37.6
1069293,15811,42.7366,13.1166,-66.06,87817438772,87913303452,427516823566,427612669952,33.8,37.1,35.3,38.6
1069346,15812,42.7573,13.1344,-67.44,91204110900,91299975173,430903467431,430999313408,33.8,37.1,35.3,38.6
1069399,15813,42.7286,13.1097,-64.96,94590782516,94686646907,434290110767,434385956864,33.8,36.1,35.3,37.6
1069452,15814,42.7037,13.0883,-65.09,97977454644,98073319141,437676754616,437772600832,33.8,37.1,35.3,38.6
1069505,15815,42.6910,13.0774,-64.37,101364126260,101459990871,441063397956,441159244288,33.8,37.1,35.3,38.6
1069558,15816,42.7131,13.0964,-66.98,104750798388,104846662609,444450041808,444545887744,33.8,37.1,35.3,38.6
1069611,15817,42.7131,13.0964,-65.11,108137470004,108233334352,447836685136,447932531200,33.8,36.1,35.3,37.6
1069664,15818,42.7225,13.1045,-65.07,111524142132,111620006606,451223328983,451319175168,33.8,37.1,35.3,38.6
1069717,15819,42.7084,13.0924,-65.27,114910813748,115006678342,454609972312,454705818624,33.8,37.1,35.3,38.6
1069770,15820,42.7413,13.1206,-66.16,118297485876,118393350095,457996616157,458092462080,33.8,37.1,35.3,38.6
1069823,15821,42.7286,13.1097,-64.89,121684158004,121780022353,461383259994,461479106048,33.8,37.1,35.3,38.6
1069876,15822,42.7098,13.0936,-64.55,125070829620,125166694099,464769903312,464865749504,33.8,37.1,35.3,38.6
1069929,15823,42.7366,13.1166,-65.72,128457501748,128553366367,468156547147,468252393472,33.8,37.1,35.3,38.6
1069982,15824,42.7459,13.1247,-66.14,131844173364,131940037619,471543190460,471639036416,33.8,36.1,35.3,37.6
1070035,15825,42.7272,13.1085,-66.00,135230845492,135326709883,474929834284,475025680384,33.8,37.1,35.3,38.6
1070088,15826,43.0396,12.9274,-93.62,138617517108,138713381643,478316477605,478412323840,33.8,37.1,35.3,38.6
1070141,15827,42.7413,13.1206,-65.06,142004189236,142100053912,481703121428,481798967808,33.8,37.1,35.3,38.6
1070194,15828,42.7051,13.0895,-64.81,145390860852,145486725159,485089764730,485185610752,33.8,37.1,35.3,38.6
1070247,15829,42.7647,13.1408,-66.16,148777532980,148873397446,488476408560,488572254720,33.8,37.1,35.3,38.6
1070300,15830,42.7413,13.1206,-65.38,152164204596,152260069206,491863051862,491958898176,33.8,37.1,35.3,38.6
1070353,15831,42.7239,13.1057,-64.83,155550876724,155646740975,495249695674,495345541632,33.8,37.1,35.3,38.6
1070406,15832,42.7413,13.1206,-65.62,158937548340,159033412749,498636338976,498732185088,33.8,37.1,35.3,38.6
1070459,15833,42.6957,13.0815,-64.77,162324220468,162420085035,502022982769,502118829056,33.8,37.1,35.3,38.6
1070512,15834,42.7225,13.1045,-65.56,165710892084,165806756290,505409626082,505505472000,33.8,37.1,35.3,38.6
1070565,15835,42.6957,13.0815,-64.89,169097563700,169193428078,508796269359,508892115456,33.8,37.1,35.3,38.6
1070618,15836,42.6957,13.0815,-64.87,172484235828,172580100365,512182913168,512278759424,33.8,37.1,35.3,38.6
1070671,15837,42.7131,13.0964,-65.64,175870907444,175966771638,515569556459,515665402368,33.8,37.1,35.3,38.6
1070724,15838,42.7084,13.0924,-66.60,179257579572,179353443945,518956200246,519052046336,33.8,37.1,35.3,38.6
1070777,15839,42.6943,13.0803,-66.70,182644251188,182740115724,522342843532,522438689792,33.8,37.1,35.3,38.6
1070830,15840,42.7526,13.1304,-67.02,186030923316,186126787518,525729487341,525825333248,33.8,37.1,35.3,38.6
1070883,15841,42.7319,13.1126,-66.45,189417594932,189513459319,529116130610,529211976704,33.8,37.1,35.3,38.6
1070936,15842,42.6803,13.0682,-65.64,192804267060,192900131614,532502774389,532598620672,33.8,37.1,35.3,38.6
1070989,15843,42.7239,13.1057,-64.96,196190938676,196286802911,535889417674,535985263616,33.8,37.1,35.3,38.6
1071042,15844,42.7098,13.0936,-64.79,199577610804,199673475219,539276061455,539371907584,33.8,37.1,35.3,38.6
1071095,15845,42.7272,13.1085,-65.76,202964282420,203060147019,542662704732,542758551040,33.8,37.1,35.3,38.6
1071148,15846,42.7506,13.1287,-65.19,206350954036,206446818317,546049348004,546145193984,33.8,37.1,35.3,38.6
1071201,15847,42.7366,13.1166,-65.76,209737626164,209833490635,549435991775,549531837952,33.8,37.1,35.3,38.6
1071254,15848,42.7694,13.1449,-65.07,213124297780,213220162445,552822635052,552918481408,33.8,37.1,35.3,38.6
1071307,15849,42.7506,13.1287,-65.36,216510969908,216606834252,556209278820,556305124864,33.8,37.1,35.3,38.6
1071360,15850,42.6957,13.0815,-64.94,219897641524,219993506061,559595922064,559691768320,33.8,37.1,35.3,38.6
1071413,15851,42.7225,13.1045,-66.00,223284313652,223380177885,562982565831,563078411776,33.8,37.1,35.3,38.6
1071466,15852,42.7225,13.1045,-65.06,226670985268,226766849703,566369209086,566465055232,33.8,37.1,35.3,38.6
1071519,15853,42.7004,13.0855,-64.90,230057656884,230153521514,569755852341,569851698688,33.8,37.1,35.3,38.6
1071572,15854,42.7647,13.1408,-65.54,233444329012,233540193345,573142496117,573238342144,33.8,37.1,35.3,38.6
1071625,15855,42.7459,13.1247,-66.02,236831000628,236926865167,576529139359,576624985600,33.8,37.1,35.3,38.6
1071678,15856,42.6957,13.0815,-64.50,240217672756,240313536986,579915783107,580011629056,33.8,37.1,35.3,38.6
1071731,15857,42.7272,13.1085,-65.13,243604344372,243700208822,583302426353,583398272512,33.8,37.1,35.3,38.6
1071784,15858,42.7272,13.1085,-65.48,246991015988,247086880648,586689069599,586784915968,33.8,37.1,35.3,38.6
1071837,15859,42.7319,13.1126,-66.41,250377688116,250473552488,590075713344,590171559424,33.8,37.1,35.3,38.6
1071890,15860,42.7272,13.1085,-66.92,253764359732,253860224312,593462356590,593558202880,33.8,37.1,35.3,38.6
1071943,15861,42.7225,13.1045,-65.07,257151031348,257246895642,596848999818,596944845824,33.8,37.1,35.3,38.6
1071996,15862,42.7413,13.1206,-65.30,260537703476,260633567993,600235643571,600331489792,33.8,37.1,35.3,38.6
1072049,15863,42.7426,13.1218,-64.90,263924375092,264020239336,603622286793,603718132736,33.8,37.1,35.3,38.6
1072102,15864,42.7526,13.1304,-67.00,267311047220,267406911676,607008930542,607104776704,33.8,37.1,35.3,38.6
1072155,15865,42.7319,13.1126,-66.24,270697718836,270793583526,610395573762,610491420160,33.8,37.1,35.3,38.6
1072208,15866,42.7366,13.1166,-65.27,274084390452,274180254857,613782216993,613878063104,33.8,37.1,35.3,38.6
1072261,15867,42.7145,13.0976,-64.85,277471062580,277566927222,617168860718,617264707072,33.8,37.1,35.3,38.6
1072314,15868,42.7131,13.0964,-66.18,280857734196,280953598561,620555503936,620651350016,33.8,37.1,35.3,38.6
1072367,15869,42.7506,13.1287,-65.27,284244405812,284340270408,623942147176,624037993472,33.8,37.1,35.3,38.6
1072420,15870,42.7459,13.1247,-65.27,287631077940,287726942269,627328790897,627424636928,33.8,37.1,35.3,38.6
1072473,15871,42.7051,13.0895,-64.81,291017749556,291113614120,630715434104,630811280384,33.8,37.1,35.3,38.6
1072526,15872,42.7413,13.1206,-66.57,294404421172,294500285474,634102077322,634197923328,33.8,37.1,35.3,38.6
1072579,15873,42.7051,13.0895,-64.76,297791093300,297886957838,637488721043,637584567296,33.8,37.1,35.3,38.6
1072632,15874,42.7741,13.1489,-65.52,301177764916,301273629198,640875364269,640971210240,33.8,37.1,35.3,38.6
1072685,15875,42.7426,13.1218,-65.00,304564436532,304660301064,644262007464,644357853696,33.8,37.1,35.3,38.6
1072738,15876,42.7319,13.1126,-66.06,307951108660,308046972928,647648651177,647744497152,33.8,37.1,35.3,38.6
1072791,15877,42.7479,13.1263,-67.13,311337780276,311433644792,651035294384,651131140608,33.8,37.1,35.3,38.6
1072844,15878,42.7741,13.1489,-66.79,314724451892,314820316169,654421937585,654517783552,33.8,37.1,35.3,38.6
1072897,15879,42.7131,13.0964,-66.10,318111124020,318206988535,657808581290,657904427520,33.8,37.1,35.3,38.6
1072950,15880,42.7647,13.1408,-65.74,321497795636,321593659914,661195224492,661291070464,33.8,37.1,35.3,38.6
1073003,15881,42.7319,13.1126,-66.85,324884467252,324980331790,664581867674,664677713920,33.8,37.1,35.3,38.6
1073056,15882,42.7459,13.1247,-65.11,328271138868,328367003165,667968510865,668064356864,33.8,37.1,35.3,38.6
1073109,15883,42.7004,13.0855,-64.37,331657810996,331753675550,671355154560,671451000832,33.8,37.1,35.3,38.6
1073162,15884,42.7131,13.0964,-65.58,335044482612,335140346928,674741797744,674837643776,33.8,37.1,35.3,38.6
1073215,15885,42.7272,13.1085,-65.21,338431154228,338527018814,678128440937,678224287232,33.8,37.1,35.3,38.6
1073268,15886,42.7459,13.1247,-65.21,341817826356,341913690704,681515084639,681610930688,33.8,37.1,35.3,38.6
1073321,15887,42.7366,13.1166,-66.49,345204497972,345300362597,684901727813,684997574144,33.8,37.1,35.3,38.6
1073374,15888,42.7413,13.1206,-65.42,348591169588,348687033982,688288370990,688384217088,33.8,37.1,35.3,38.6
1073427,15889,42.7333,13.1138,-64.37,351977841204,352073705876,691675014168,691770860544,33.8,37.1,35.3,38.6
1073480,15890,42.7225,13.1045,-65.13,355364513332,355460377774,695061657846,695157504000,33.8,37.1,35.3,38.6
1073533,15891,42.7426,13.1218,-64.98,358751184948,358847049164,698448301028,698544146944,33.8,37.1,35.3,38.6
1073586,15892,42.6957,13.0815,-64.77,362137856564,362233721066,701834944179,701930790400,33.8,37.1,35.3,38.6
1073639,15893,42.7426,13.1218,-64.98,365524528180,365620392466,705221587359,705317433344,33.8,37.1,35.3,38.6
1073692,15894,42.7084,13.0924,-66.83,368911200308,369007064882,708608231021,708704077312,33.8,37.1,35.3,38.6
1073745,15895,42.7333,13.1138,-64.96,372297871924,372393736290,711994874186,712090720256,33.8,37.1,35.3,38.6
1073798,15896,42.7526,13.1304,-67.07,375684543540,375780408191,715381517356,715477363712,33.8,37.1,35.3,38.6
1073851,15897,42.7413,13.1206,-65.15,379071215156,379167079604,718768160504,718864006656,33.8,37.1,35.3,38.6
1073904,15898,42.7286,13.1097,-64.50,382457887284,382553751514,722154804177,722250650112,33.8,37.1,35.3,38.6
1073957,15899,42.7145,13.0976,-64.68,385844558900,385940423429,725541447327,725637293568,33.8,37.1,35.3,38.6
1074010,15900,42.7600,13.1368,-65.32,389231230516,389327094845,728928090488,729023936512,33.8,37.1,35.3,38.6
1074063,15901,42.7084,13.0924,-66.57,392617902132,392713766759,732314733623,732410579968,33.8,37.1,35.3,38.6
1074116,15902,42.7098,13.0936,-64.42,396004574260,396100438690,735701377280,735797223424,33.8,37.1,35.3,38.6
1074169,15903,42.7600,13.1368,-66.64,399391245876,399487110110,739088020438,739183866368,33.8,37.1,35.3,38.6
1074222,15904,42.7084,13.0924,-65.48,402777917492,402873782032,742474663567,742570509824,33.8,37.1,35.3,38.6
1074275,15905,42.7600,13.1368,-66.28,406164589108,406260453454,745861306726,745957152768,33.8,37.1,35.3,38.6
1074328,15906,42.7506,13.1287,-65.40,409551260724,409647125384,749247949865,749343796224,33.8,37.1,35.3,38.6
1074381,15907,42.7600,13.1368,-65.11,412937932852,413033797329,752634593508,752730439680,33.8,37.1,35.3,38.6
1074434,15908,42.7553,13.1328,-65.42,416324604468,416420468748,756021236647,756117082624,33.8,36.1,35.3,37.6
1074487,15909,42.7366,13.1166,-66.62,419711276084,419807140681,759407879777,759503726080,33.8,37.1,35.3,38.6
1074540,15910,42.7291,13.1102,-67.07,423097947700,423193812111,762794522898,762890369024,33.8,37.1,35.3,38.6
1074593,15911,42.7286,13.1097,-64.74,426484619316,426580483545,766181166033,766277011968,33.8,37.1,35.3,38.6
1074646,15912,42.7145,13.0976,-64.46,429871291444,429967156003,769567809666,769663655936,33.8,37.1,35.3,38.6
1074699,15913,42.7553,13.1328,-65.04,433257963060,433353827439,772954452803,773050298880,33.8,37.1,35.3,38.6
1074752,15914,42.7225,13.1045,-65.06,436644634676,436740498865,776341095924,776436941824,33.8,37.1,35.3,38.6
1074805,15915,42.7272,13.1085,-65.34,440031306292,440127170814,779727739048,779823585280,33.8,37.1,35.3,38.6
1074858,15916,42.7567,13.1339,-64.89,443417977908,443513842258,783114382181,783210228224,33.8,37.1,35.3,38.6
1074911,15917,42.7553,13.1328,-66.20,446804650036,446900514725,786501025805,786596872192,33.8,37.1,35.3,38.6
1074964,15918,42.7051,13.0895,-64.92,450191321652,450287186159,789887668914,789983515136,33.8,37.1,35.3,38.6
1075017,15919,42.7553,13.1328,-65.60,453577993268,453673857609,793274312041,793370158080,33.8,37.1,35.3,38.6
1075070,15920,42.7051,13.0895,-64.81,456964664884,457060529553,796660955152,796756801536,33.8,37.1,35.3,38.6
1075123,15921,42.7145,13.0976,-64.94,460351336500,460447201012,800047598256,800143444480,33.8,37.1,35.3,38.6
1075176,15922,42.7741,13.1489,-65.52,463738008116,463833872458,803434241392,803530087424,33.8,37.1,35.3,38.6
1075229,15923,42.7192,13.1016,-64.66,467124679732,467220544417,806820884485,806916730880,33.8,37.1,35.3,38.6
1075282,15924,42.7131,13.0964,-65.02,470511351348,470607215865,810207527592,810303373824,33.8,37.1,35.3,38.6
1075335,15925,42.7459,13.1247,-66.53,473898023476,473993887836,813594171219,813690017280,33.8,37.1,35.3,38.6
1075388,15926,42.7573,13.1344,-67.05,477284695092,477380559288,816980814325,817076660224,33.8,36.1,35.3,37.6
1075441,15927,42.7145,13.0976,-64.74,480671366708,480767231256,820367457421,820463303680,33.8,37.1,35.3,38.6
1075494,15928,42.7459,13.1247,-66.04,484058038324,484153902715,823754100531,823849946624,33.8,37.1,35.3,38.6
1075547,15929,42.7694,13.1449,-65.25,487444709940,487540574178,827140743638,827236589568,33.8,37.1,35.3,38.6
1075600,15930,42.7225,13.1045,-65.36,490831381556,490927246140,830527386728,830623233024,33.8,36.1,35.3,37.6
1075653,15931,42.7272,13.1085,-66.04,494218053172,494313917609,833914029822,834009875968,33.8,37.1,35.3,38.6
1075706,15932,42.7647,13.1408,-65.23,497604724788,497700589072,837300672934,837396518912,33.8,37.1,35.3,38.6
1075759,15933,42.7051,13.0895,-64.12,500991396404,501087261046,840687316010,840783162368,33.8,37.1,35.3,38.6
1075812,15934,42.7239,13.1057,-64.74,504378068532,504473933033,844073959615,844169805824,33.8,37.1,35.3,38.6
1075865,15935,42.7755,13.1501,-64.59,507764740148,507860604507,847460602724,847556448768,33.8,37.1,35.3,38.6
1075918,15936,42.7366,13.1166,-65.07,511151411764,511247275967,850847245803,850943091712,33.8,37.1,35.3,38.6
1075971,15937,42.7098,13.0936,-64.92,514538083380,514633947948,854233888887,854329735168,33.8,37.1,35.3,38.6
1076024,15938,42.7131,13.0964,-66.55,517924754996,518020619434,857620531959,857716378112,33.8,37.1,35.3,38.6
1076077,15939,42.7506,13.1287,-66.32,521311426612,521407290915,861007175053,861103021056,33.8,37.1,35.3,38.6
1076130,15940,42.7614,13.1380,-64.46,524698098228,524793962915,864393818134,864489664512,33.8,37.1,35.3,38.6
1076183,15941,42.7225,13.1045,-65.74,528084769844,528180634376,867780461213,867876307456,33.8,37.1,35.3,38.6
1076236,15942,42.7600,13.1368,-65.04,531471441460,531567305869,871167104295,871262950400,33.8,36.1,35.3,37.6
1076289,15943,42.7567,13.1339,-64.44,534858113076,534953977354,874553747372,874649593344,33.8,37.1,35.3,38.6
1076342,15944,42.7694,13.1449,-65.74,538244784692,538340649350,877940390451,878036236800,33.8,37.1,35.3,38.6
1076395,15945,42.7366,13.1166,-65.04,541631456308,541727320836,881327033510,881422879744,33.8,36.1,35.3,37.6
1076448,15946,42.7647,13.1408,-65.32,545018127924,545113992331,884713676587,884809522688,33.8,37.1,35.3,38.6
1076501,15947,42.7520,13.1299,-64.89,548404799540,548500663826,888100319650,888196165632,33.8,37.1,35.3,38.6
1076554,15948,42.7520,13.1299,-63.87,551791471156,551887335836,891486962713,891582809088,33.8,37.1,35.3,38.6
1076607,15949,42.7192,13.1016,-63.49,555178142772,555274007332,894873605763,894969452032,33.8,37.1,35.3,38.6
1076660,15950,42.7379,13.1178,-64.48,558564814388,558660678830,898260248833,898356094976,33.8,37.1,35.3,38.6
1076713,15951,42.7366,13.1166,-66.77,561951486004,562047350330,901646891888,901742737920,33.8,36.1,35.3,37.6
1076766,15952,42.7319,13.1126,-66.04,565338157620,565434021824,905033534953,905129380864,33.8,37.1,35.3,38.6
1076819,15953,42.7506,13.1287,-65.82,568724829236,568820693840,908420178016,908516024320,33.8,37.1,35.3,38.6
1076872,15954,42.7379,13.1178,-63.75,572111500852,572207365347,911806821067,911902667264,33.8,37.1,35.3,38.6
1076925,15955,42.7239,13.1057,-64.01,575498172468,575594036850,915193464119,915289310208,33.8,37.1,35.3,38.6
1076978,15956,42.7567,13.1339,-64.41,578884844084,578980708355,918580107187,918675953152,33.8,37.1,35.3,38.6
1077031,15957,42.7426,13.1218,-64.76,582271515700,582367380377,921966750231,922062596608,33.8,37.1,35.3,38.6
1077084,15958,42.7178,13.1005,-66.04,585658187316,585754051879,925353393276,925449239552,33.8,37.1,35.3,38.6
1077137,15959,42.7098,13.0936,-64.44,589044858932,589140723394,928740036320,928835882496,33.8,37.1,35.3,38.6
1077190,15960,42.7553,13.1328,-65.58,592431530548,592527394906,932126679385,932222525440,33.8,37.1,35.3,38.6
1077243,15961,42.7379,13.1178,-64.39,595818202164,595914066421,935513322425,935609168384,33.8,37.1,35.3,38.6
1077296,15962,42.7286,13.1097,-64.68,599204873780,599300738436,938899965479,938995811840,33.8,37.1,35.3,38.6
1077349,15963,42.7145,13.0976,-64.10,602591545396,602687409948,942286608521,942382454784,33.8,37.1,35.3,38.6
1077402,15964,42.7614,13.1380,-64.48,605978217012,606074081476,945673251573,945769097728,33.8,37.1,35.3,38.6
1077455,15965,42.7426,13.1218,-64.03,609364888628,609460752982,949059894619,949155740672,33.8,37.1,35.3,38.6
1077508,15966,42.7426,13.1218,-63.41,612751560244,612847424503,952446537658,952542383616,33.8,37.1,35.3,38.6
1077561,15967,42.7567,13.1339,-64.33,616138231860,616234096519,955833180720,955929027072,33.8,37.1,35.3,38.6
1077614,15968,42.7319,13.1126,-66.06,619524903476,619620768037,959219823747,959315670016,33.8,37.1,35.3,38.6
1077667,15969,42.7178,13.1005,-66.02,622911575092,623007439553,962606466785,962702312960,33.8,36.1,35.3,37.6
1077720,15970,42.7661,13.1420,-64.48,626298246708,626394111083,965993109840,966088955904,33.8,37.1,35.3,38.6
1077773,15971,42.7600,13.1368,-65.09,629684918324,629780782593,969379752884,969475598848,33.8,37.1,35.3,38.6
1077826,15972,42.7286,13.1097,-64.24,633071589940,633167454617,972766395921,972862242304,33.8,37.1,35.3,38.6
1077879,15973,42.7272,13.1085,-65.23,636458261556,636554126134,976153038960,976248885248,33.8,37.1,35.3,38.6
1077932,15974,42.7225,13.1045,-65.83,639844932660,639940797141,979539681488,979635527680,33.8,37.1,35.3,38.6
1077985,15975,42.7426,13.1218,-64.89,643231604276,643327468673,982926324527,983022170624,33.8,37.1,35.3,38.6
1078038,15976,42.7661,13.1420,-64.94,646618275892,646714140183,986312967587,986408813568,33.8,37.1,35.3,38.6
1078091,15977,42.7272,13.1085,-66.43,650004947508,650100811697,989699610613,989795456512,33.8,37.1,35.3,38.6
1078144,15978,42.7457,13.1245,-62.91,653391619124,653487483732,993086253666,993182099968,33.8,37.1,35.3,38.6
1078197,15979,42.7239,13.1057,-63.80,656778290740,656874155249,996472896695,996568742912,33.8,37.1,35.3,38.6
1078250,15980,42.7506,13.1287,-65.56,660164962356,660260826768,999859539744,999955385856,33.8,37.1,35.3,38.6
1078303,15981,42.7473,13.1259,-64.59,663551633972,663647498291,1003246182783,1003342028800,33.8,37.1,35.3,38.6
1078356,15982,42.7379,13.1178,-64.76,666938305076,667034169289,1006632825318,1006728671232,33.8,37.1,35.3,38.6
1078409,15983,42.7366,13.1166,-65.86,670324976692,670420841320,1010019468355,1010115314688,33.8,37.1,35.3,38.6
1078462,15984,42.7413,13.1206,-65.28,673711648308,673807512840,1013406111396,1013501957632,33.8,36.1,35.3,37.6
1078515,15985,42.7225,13.1045,-65.02,677098319924,677194184359,1016792754430,1016888600576,33.8,37.1,35.3,38.6
1078568,15986,42.7413,13.1206,-65.21,680484991540,680580855878,1020179397479,1020275243520,33.8,37.1,35.3,38.6
1078621,15987,42.7319,13.1126,-66.77,683871663156,683967527397,1023566040516,1023661886464,33.8,37.1,35.3,38.6
1078674,15988,42.7506,13.1287,-65.52,687258334260,687354198914,1026952683054,1027048529408,33.8,37.1,35.3,38.6
1078727,15989,42.7319,13.1126,-65.34,690645005876,690740870438,1030339326083,1030435172352,33.8,37.1,35.3,38.6
1078780,15990,42.7573,13.1344,-67.31,694031677492,694127541954,1033725969131,1033821815296,33.8,37.1,35.3,38.6
1078833,15991,42.7614,13.1380,-64.72,697418349108,697514213473,1037112612183,1037208458240,33.8,37.1,35.3,38.6
1078886,15992,42.7647,13.1408,-65.06,700805020212,700900884475,1040499254715,1040595100672,33.8,37.1,35.3,38.6
1078939,15993,42.7600,13.1368,-66.16,704191691828,704287556500,1043885897760,1043981744128,33.8,37.1,35.3,38.6
1078992,15994,42.7145,13.0976,-64.98,707578363444,707674228012,1047272540792,1047368387072,33.8,37.1,35.3,38.6
1079045,15995,42.7426,13.1218,-64.64,710965035060,711060899529,1050659183847,1050755030016,33.8,37.1,35.3,38.6
1079098,15996,42.7473,13.1259,-64.26,714351706676,714447571049,1054045826890,1054141672960,33.8,37.1,35.3,38.6
1079151,15997,42.7614,13.1380,-65.00,717738377780,717834242056,1057432469424,1057528315392,33.8,37.1,35.3,38.6
1079204,15998,42.7286,13.1097,-64.77,721125049396,721220914067,1060819112472,1060914958848,33.8,37.1,35.3,38.6
1079257,15999,42.7272,13.1085,-65.92,724511721012,724607585590,1064205755504,1064301601792,33.8,37.1,35.3,38.6
1079310,16000,42.7459,13.1247,-65.30,727898392116,727994256589,1067592398050,1067688244224,33.8,37.1,35.3,38.6
1079363,16001,42.7192,13.1016,-64.77,731285063732,731380928106,1070979041084,1071074887168,33.8,37.1,35.3,38.6
1079416,16002,42.7553,13.1328,-66.04,734671735348,734767599618,1074365684144,1074461530112,33.8,37.1,35.3,38.6
1079469,16003,42.7333,13.1138,-64.50,738058406964,738154271644,1077752327185,1077848173568,33.8,37.1,35.3,38.6
1079522,16004,42.7333,13.1138,-64.96,741445078068,741540942646,1081138969719,1081234816000,33.8,37.1,35.3,38.6
1079575,16005,42.7366,13.1166,-66.66,744831749684,744927614158,1084525612765,1084621458944,33.8,37.1,35.3,38.6
1079628,16006,42.7333,13.1138,-64.63,748218421300,748314285684,1087912255801,1088008101888,33.8,37.1,35.3,38.6
1079681,16007,42.7741,13.1489,-65.36,751605092404,751700956686,1091298898349,1091394744320,33.8,36.1,35.3,37.6
1079734,16008,42.7145,13.0976,-64.96,754991764020,755087628704,1094685541381,1094781387776,33.8,37.1,35.3,38.6
1079787,16009,42.7366,13.1166,-65.15,758378435636,758474300218,1098072184432,1098168030720,33.8,37.1,35.3,38.6
1079840,16010,42.7379,13.1178,-64.98,761765106740,761860971227,1947199187,2043045376,33.8,37.1,35.3,38.6
1079893,16011,42.7319,13.1126,-65.96,765151778356,765247642743,5333842226,5429688320,33.8,37.1,35.3,38.6
1079946,16012,42.7741,13.1489,-65.23,768538449972,768634314268,8720485278,8816331264,33.8,37.1,35.3,38.6
1079999,16013,42.7413,13.1206,-66.24,771925121076,772020985262,12107127806,12202973696,33.8,37.1,35.3,38.6
1080052,16014,42.7506,13.1287,-66.24,775311792692,775407657296,15493770849,15589617152,33.8,37.1,35.3,38.6
1080105,16015,42.7286,13.1097,-63.91,778698463796,778794328303,18880413372,18976259584,33.8,37.1,35.3,38.6
1080158,16016,42.7647,13.1408,-65.02,782085135412,782180999821,22267056425,22362902528,33.8,37.1,35.3,38.6
1080211,16017,42.7600,13.1368,-65.19,785471807028,785567671348,25653699456,25749545472,33.8,37.1,35.3,38.6
1080264,16018,42.7600,13.1368,-66.47,788858478132,788954342348,29040341993,29136187904,33.8,37.1,35.3,38.6
1080317,16019,42.7239,13.1057,-64.85,792245149748,792341014383,32426985017,32522831360,33.8,37.1,35.3,38.6
1080370,16020,42.7286,13.1097,-64.83,795631821364,795727685907,35813628056,35909474304,33.8,37.1,35.3,38.6
1080423,16021,42.7366,13.1166,-65.19,799018492468,799114356927,39200270572,39296116736,33.8,37.1,35.3,38.6
1080476,16022,42.7553,13.1328,-65.98,802405164084,802501028448,42586913618,42682759680,33.8,37.1,35.3,38.6
1080529,16023,42.7647,13.1408,-65.74,805791835188,805887699455,45973556151,46069402112,33.8,37.1,35.3,38.6
1080582,16024,42.7426,13.1218,-64.19,809178506804,809274371490,49360199182,49456045568,33.8,37.1,35.3,38.6
1080635,16025,42.7567,13.1339,-64.64,812565177908,812661042506,52746841708,52842688000,33.8,37.1,35.3,38.6
1080688,16026,42.7051,13.0895,-64.76,815951849524,816047714025,56133484728,56229330944,33.8,37.1,35.3,38.6
1080741,16027,42.7755,13.1501,-64.53,819338520628,819434385042,59520127276,59615973376,33.8,37.1,35.3,38.6
1080794,16028,42.7741,13.1489,-65.19,822725192244,822821056576,62906770299,63002616320,33.8,37.1,35.3,38.6
1080847,16029,42.7333,13.1138,-64.98,826111863860,826207728090,66293413331,66389259264,33.8,37.1,35.3,38.6
1080900,16030,42.7600,13.1368,-65.48,829498534964,829594399621,69680055856,69775902208,33.8,37.1,35.3,38.6
1080953,16031,42.7192,13.1016,-64.41,832885206580,832981071137,73066698886,73162545152,33.8,36.1,35.3,37.6
1081006,16032,42.7567,13.1339,-64.85,836271877684,836367742151,76453341423,76549187584,33.8,37.1,35.3,38.6
1081059,16033,42.7614,13.1380,-64.44,839658549300,839754413694,79839984442,79935830528,33.8,37.1,35.3,38.6
1081112,16034,42.7661,13.1420,-64.98,843045220404,843141084699,83226626976,83322472960,33.8,37.1,35.3,38.6
1081165,16035,42.7366,13.1166,-65.34,846431892020,846527756215,86613270004,86709115904,33.8,37.1,35.3,38.6
1081218,16036,42.7413,13.1206,-66.32,849818563124,849914427750,89999912519,90095758848,33.8,37.1,35.3,38.6
1081271,16037,42.7379,13.1178,-65.00,853205234740,853301099271,93386555560,93482401792,33.8,37.1,35.3,38.6
1081324,16038,42.7192,13.1016,-64.89,856591905844,856687770295,96773198063,96869044224,33.8,37.1,35.3,38.6
1081377,16039,42.7506,13.1287,-66.68,859978577460,860074441829,100159841100,100255687168,33.8,37.1,35.3,38.6
1081430,16040,42.7647,13.1408,-65.78,863365248564,863461112846,103546483625,103642329600,33.8,37.1,35.3,38.6
1081483,16041,42.7600,13.1368,-65.11,866751920180,866847784378,106933126651,107028972544,33.8,37.1,35.3,38.6
1081536,16042,42.7192,13.1016,-64.50,870138591284,870234455912,110319769151,110415615488,33.8,37.1,35.3,38.6
1081589,16043,42.7286,13.1097,-64.50,873525262388,873621126937,113706411665,113802257920,33.8,37.1,35.3,38.6
1081642,16044,42.7473,13.1259,-64.76,876911934004,877007798474,117093054697,117188900864,33.8,37.1,35.3,38.6
1081695,16045,42.7413,13.1206,-65.04,880298605108,880394469506,120479697195,120575543296,33.8,37.1,35.3,38.6
1081748,16046,42.7600,13.1368,-65.50,883685276724,883781141051,123866340218,123962186240,33.8,37.1,35.3,38.6
1081801,16047,42.7333,13.1138,-64.59,887071947828,887167812078,127252982718,127348828672,33.8,37.1,35.3,38.6
1081854,16048,42.7426,13.1218,-64.35,890458619444,890554484130,130639625743,130735472128,33.8,37.1,35.3,38.6
1081907,16049,42.7098,13.0936,-64.39,893845290548,893941155160,134026268235,134122114560,33.8,37.1,35.3,38.6
1081960,16050,42.7333,13.1138,-64.32,897231962164,897327826720,137412911245,137508757504,33.8,37.1,35.3,38.6
1082013,16051,42.7506,13.1287,-66.16,900618633268,900714497757,140799553747,140895399936,33.8,37.1,35.3,38.6
1082066,16052,42.7694,13.1449,-66.16,904005304372,904101168801,144186196248,144282042368,33.8,37.1,35.3,38.6
1082119,16053,42.7647,13.1408,-65.13,907391975988,907487840360,147572839247,147668685312,33.8,37.1,35.3,38.6
1082172,16054,42.7553,13.1328,-65.48,910778647092,910874511394,150959481745,151055327744,33.8,37.1,35.3,38.6
1082225,16055,42.7379,13.1178,-64.50,914165318708,914261182952,154346124742,154441970688,33.8,37.1,35.3,38.6
1082278,16056,42.7506,13.1287,-65.92,917551989812,917647854003,157732767230,157828613120,33.8,37.1,35.3,38.6
1082331,16057,42.7366,13.1166,-66.16,920938661428,921034526073,161119410225,161215256576,33.8,37.1,35.3,38.6
1082384,16058,42.7600,13.1368,-65.38,924325332532,924421197131,164506052713,164601899008,33.8,37.1,35.3,38.6
1082437,16059,42.7553,13.1328,-65.23,927712003636,927807868182,167892695197,167988541440,33.8,37.1,35.3,38.6
1082490,16060,42.7145,13.0976,-64.55,931098675252,931194539749,171279338176,171375184384,33.8,37.1,35.3,38.6
1082543,16061,42.7459,13.1247,-66.20,934485346356,934581210809,174665980661,174761826816,33.8,37.1,35.3,38.6
1082596,16062,42.7694,13.1449,-65.04,937872017460,937967881870,178052623146,178148469248,33.8,37.1,35.3,38.6
1082649,16063,42.7426,13.1218,-64.70,941258689076,941354553440,181439266129,181535112192,33.8,37.1,35.3,38.6
1082702,16064,42.7614,13.1380,-64.48,944645360180,944741224504,184825908609,184921754624,33.8,37.1,35.3,38.6
1082755,16065,42.7788,13.1529,-65.34,948032031796,948127896073,188212551604,188308397568,33.8,37.1,35.3,38.6
1082808,16066,42.7426,13.1218,-64.61,951418702900,951514567121,191599194079,191695040000,33.8,37.1,35.3,38.6
1082861,16067,42.7239,13.1057,-64.72,954805374004,954901238694,194985836547,195081682944,33.8,37.1,35.3,38.6
1082914,16068,42.7520,13.1299,-64.76,958192045620,958287910269,198372479544,198468325888,33.8,37.1,35.3,38.6
1082967,16069,42.7413,13.1206,-65.78,961578716724,961674581317,201759122024,201854968320,33.8,37.1,35.3,38.6
1083020,16070,42.7286,13.1097,-64.42,964965387828,965061252378,205145764496,205241610752,33.8,37.1,35.3,38.6
1083073,16071,42.7098,13.0936,-64.52,968352059444,968447923939,208532407488,208628253696,33.8,37.1,35.3,38.6
1083126,16072,42.7145,13.0976,-64.59,971738730548,971834594994,211919049970,212014896128,33.8,37.1,35.3,38.6
1083179,16073,42.7473,13.1259,-64.90,975125401652,975221266049,215305692466,215401538560,33.8,37.1,35.3,38.6
1083232,16074,42.7647,13.1408,-65.02,978512073268,978607937613,218692335466,218788181504,33.8,37.1,35.3,38.6
1083285,16075,42.7647,13.1408,-65.04,981898744372,981994608669,222078977946,222174823936,33.8,37.1,35.3,38.6
1083338,16076,42.7379,13.1178,-64.61,985285415476,985381279717,225465620425,225561466368,33.8,37.1,35.3,38.6
1083391,16077,42.7239,13.1057,-64.83,988672086580,988767951272,228852262912,228948109312,33.8,37.1,35.3,38.6
1083444,16078,42.7459,13.1247,-65.25,992058758196,992154622838,232238905913,232334752256,33.8,37.1,35.3,38.6
1083497,16079,42.7319,13.1126,-66.18,995445429300,995541293882,235625548398,235721394688,33.8,37.1,35.3,38.6
1083550,16080,42.7426,13.1218,-64.98,998832100404,998927964933,239012190892,239108037120,33.8,37.1,35.3,38.6
1083603,16081,42.7506,13.1287,-66.68,1002218771508,1002314635979,242398833381,242494679552,33.8,37.1,35.3,38.6
1083656,16082,42.7426,13.1218,-64.57,1005605443124,1005701307551,245785476369,245881322496,33.8,37.1,35.3,38.6
1083709,16083,42.7426,13.1218,-64.44,1008992114228,1009087978597,249172118860,249267964928,33.8,37.1,35.3,38.6
1083762,16084,42.7567,13.1339,-64.98,1012378785332,1012474649657,252558761342,252654607360,33.8,37.1,35.3,38.6
1083815,16085,42.7506,13.1287,-65.17,1015765456436,1015861320697,255945403832,256041249792,33.8,37.1,35.3,38.6
1083868,16086,42.7713,13.1465,-67.11,1019152128052,1019247992256,259332046834,259427892736,33.8,37.1,35.3,38.6
1083921,16087,42.7661,13.1420,-64.74,1022538799156,1022634663825,262718689322,262814535680,33.8,37.1,35.3,38.6
1083974,16088,42.7333,13.1138,-64.68,1025925470260,1026021334876,266105331793,266201178112,33.8,37.1,35.3,38.6
1084027,16089,42.7004,13.0855,-64.87,1029312141364,1029408005921,269491974270,269587820544,33.8,37.1,35.3,38.6
1084080,16090,42.7272,13.1085,-66.74,1032698812468,1032794676978,272878616756,272974462976,33.8,37.1,35.3,38.6
1084133,16091,42.7506,13.1287,-66.18,1036085484084,1036181348545,276265259760,276361105920,33.8,36.1,35.3,37.6
1084186,16092,42.7614,13.1380,-64.94,1039472155188,1039568019598,279651902250,279747748352,33.8,37.1,35.3,38.6
1084239,16093,42.7929,13.1651,-66.96,1042858826292,1042954690650,283038544744,283134390784,33.8,37.1,35.3,38.6
1084292,16094,42.7788,13.1529,-65.21,1046245497396,1046341361710,286425187214,286521033216,33.8,37.1,35.3,38.6
1084345,16095,42.7647,13.1408,-65.74,1049632168500,1049728032753,289811829701,289907675648,33.8,37.1,35.3,38.6
1084398,16096,42.7426,13.1218,-64.74,1053018839604,1053114703797,293198472188,293294318080,33.8,37.1,35.3,38.6
1084451,16097,42.7239,13.1057,-64.74,1056405511220,1056501375862,296585115187,296680961536,33.8,37.1,35.3,38.6
1084504,16098,42.7239,13.1057,-64.66,1059792182324,1059888046908,299971757676,300067603968,33.8,37.1,35.3,38.6
1084557,16099,42.7319,13.1126,-65.68,1063178853428,1063274717947,303358400173,303454246400,33.8,36.1,35.3,37.6
1084610,16100,42.7600,13.1368,-66.74,1066565524532,1066661389003,306745042665,306840888832,33.8,37.1,35.3,38.6
1084663,16101,42.7426,13.1218,-64.92,1069952195636,1070048060038,310131685163,310227531264,33.8,37.1,35.3,38.6
1084716,16102,42.7741,13.1489,-66.64,1073338866740,1073434731084,313518327662,313614173696,33.8,37.1,35.3,38.6
1084769,16103,42.7835,13.1570,-65.70,1076725537844,1076821402127,316904970159,317000816128,33.8,37.1,35.3,38.6
1084822,16104,42.7553,13.1328,-65.82,1080112208948,1080208073164,320291612647,320387458560,33.8,37.1,35.3,38.6
1084875,16105,42.7600,13.1368,-66.32,1083498880052,1083594744709,323678255152,323774101504,33.8,37.1,35.3,38.6
1084928,16106,42.7286,13.1097,-64.92,1086885551156,1086981415743,327064897644,327160743936,33.8,37.1,35.3,38.6
1084981,16107,42.7319,13.1126,-65.02,1090272222260,1090368086784,330451540136,330547386368,33.8,37.1,35.3,38.6
1085034,16108,42.7567,13.1339,-64.98,1093658893876,1093754758346,333838183149,333934029312,33.8,37.1,35.3,38.6
1085087,16109,42.7600,13.1368,-65.09,1097045564980,1097141429378,337224825651,337320671744,33.8,37.1,35.3,38.6
1085140,16110,42.7600,13.1368,-66.89,920608308,1016472641,340611468147,340707314176,33.8,37.1,35.3,38.6
1085193,16111,42.7426,13.1218,-64.81,4307279412,4403143682,343998110639,344093956608,33.8,37.1,35.3,38.6
1085246,16112,42.7694,13.1449,-66.83,7693950516,7789814726,347384753138,347480599040,33.8,37.1,35.3,38.6
1085299,16113,42.7553,13.1328,-65.13,11080621620,11176486278,350771395628,350867241984,33.8,37.1,35.3,38.6
1085352,16114,42.7319,13.1126,-65.13,14467292724,14563157306,354158038126,354253884416,33.8,37.1,35.3,38.6
1085405,16115,42.7178,13.1005,-66.37,17853963828,17949828342,357544680621,357640526848,33.8,37.1,35.3,38.6
1085458,16116,42.7366,13.1166,-65.36,21240634932,21336499384,360931323123,361027169280,33.8,37.1,35.3,38.6
1085511,16117,42.7459,13.1247,-66.18,24627306036,24723170429,364317965618,364413811712,33.8,37.1,35.3,38.6
1085564,16118,42.7835,13.1570,-66.14,28013977140,28109841471,367704608128,367800454144,33.8,37.1,35.3,38.6
1085617,16119,42.7319,13.1126,-66.62,31400648244,31496512488,371091250625,371187096576,33.8,36.1,35.3,37.6
1085670,16120,42.7286,13.1097,-64.66,34787319348,34883184032,374477893131,374573739520,33.8,37.1,35.3,38.6
1085723,16121,42.7286,13.1097,-64.23,38173990452,38269855069,377864535630,377960381952,33.8,37.1,35.3,38.6
1085776,16122,42.7286,13.1097,-64.59,41560661556,41656526096,381251178139,381347024384,33.8,37.1,35.3,38.6
1085829,16123,42.7506,13.1287,-66.51,44947332660,45043197129,384637820647,384733666816,33.8,37.1,35.3,38.6
1085882,16124,42.7459,13.1247,-66.94,48334003764,48429868161,388024463150,388120309248,33.8,37.1,35.3,38.6
1085935,16125,42.7473,13.1259,-64.83,51720674356,51816538680,391411105146,391506951168,33.8,37.1,35.3,38.6
1085988,16126,42.7286,13.1097,-64.55,55107345460,55203209710,394797747645,394893593600,33.8,37.1,35.3,38.6
1086041,16127,42.7239,13.1057,-64.74,58494016564,58589881247,398184390153,398280236544,33.8,37.1,35.3,38.6
1086094,16128,42.7526,13.1304,-67.11,61880687668,61976552265,401571032673,401666878976,33.8,37.1,35.3,38.6
1086147,16129,42.7225,13.1045,-66.68,65267358772,65363223293,404957675175,405053521408,33.8,37.1,35.3,38.6
1086200,16130,42.7192,13.1016,-64.90,68654029876,68749894320,408344317687,408440163840,33.8,37.1,35.3,38.6
1086253,16131,42.7567,13.1339,-64.66,72040700980,72136565358,411730960200,411826806272,33.8,37.1,35.3,38.6
1086306,16132,42.7948,13.1667,-67.11,75427372084,75523236371,415117602730,415213448704,33.8,37.1,35.3,38.6
1086359,16133,42.7319,13.1126,-65.02,78814043188,78909907388,418504245228,418600091136,33.8,37.1,35.3,38.6
1086412,16134,42.7286,13.1097,-64.85,82200714292,82296578923,421890887743,421986734080,33.8,37.1,35.3,38.6
1086465,16135,42.7333,13.1138,-64.39,85587384884,85683249431,425277529749,425373376000,33.8,37.1,35.3,38.6
1086518,16136,42.7567,13.1339,-64.64,88974055988,89069920460,428664172266,428760018432,33.8,37.1,35.3,38.6
1086571,16137,42.7379,13.1178,-64.68,92360727092,92456591479,432050814776,432146660864,33.8,37.1,35.3,38.6
1086624,16138,42.7473,13.1259,-64.59,95747398196,95843262498,435437457296,435533303296,33.8,37.1,35.3,38.6
1086677,16139,42.7506,13.1287,-65.17,99134069300,99229933511,438824099818,438919945728,33.8,37.1,35.3,38.6
1086730,16140,42.7286,13.1097,-64.57,102520740404,102616605040,442210742330,442306588672,33.8,37.1,35.3,38.6
1086783,16141,42.7239,13.1057,-64.66,105907410996,106003275545,445597384335,445693230592,33.8,37.1,35.3,38.6
1086836,16142,42.7413,13.1206,-66.66,109294082100,109389946562,448984026859,449079873024,33.8,36.1,35.3,37.6
1086889,16143,42.7413,13.1206,-66.55,112680753204,112776617582,452370669374,452466515456,33.8,37.1,35.3,38.6
1086942,16144,42.7694,13.1449,-65.09,116067424308,116163288594,455757311911,455853157888,33.8,37.1,35.3,38.6
1086995,16145,42.7553,13.1328,-66.04,119454094900,119549959103,459143953908,459239799808,33.8,37.1,35.3,38.6
1087048,16146,42.7145,13.0976,-64.81,122840766004,122936630621,462530596424,462626442752,33.8,37.1,35.3,38.6
1087101,16147,42.7600,13.1368,-65.28,126227437108,126323301636,465917238961,466013085184,33.8,37.1,35.3,38.6
1087154,16148,42.7379,13.1178,-64.44,129614108212,129709972652,469303881474,469399727616,33.8,37.1,35.3,38.6
1087207,16149,42.7600,13.1368,-65.06,133000778804,133096643144,472690523501,472786369536,33.8,37.1,35.3,38.6
1087260,16150,42.7694,13.1449,-65.21,136387449908,136483314163,476077166022,476173011968,33.8,37.1,35.3,38.6
1087313,16151,42.7741,13.1489,-65.06,139774121012,139869985682,479463808553,479559654912,33.8,36.1,35.3,37.6
1087366,16152,42.7192,13.1016,-64.23,143160792116,143256656685,482850451065,482946297344,33.8,37.1,35.3,38.6
1087419,16153,42.7661,13.1420,-64.35,146547462708,146643327194,486237093088,486332939264,33.8,36.1,35.3,37.6
1087472,16154,42.7379,13.1178,-64.92,149934133812,150029998202,489623735605,489719581696,33.8,37.1,35.3,38.6
1087525,16155,42.7520,13.1299,-64.68,153320804916,153416669215,493010378134,493106224128,33.8,37.1,35.3,38.6
1087578,16156,42.7708,13.1461,-64.61,156707475508,156803339719,496397020149,496492866048,33.8,37.1,35.3,38.6
1087631,16157,42.7272,13.1085,-66.24,160094146612,160190011234,499783662660,499879508992,33.8,37.1,35.3,38.6
1087684,16158,42.7286,13.1097,-64.98,163480817716,163576682241,503170305193,503266151424,33.8,37.1,35.3,38.6
1087737,16159,42.7333,13.1138,-64.66,166867488308,166963352750,506556947198,506652793344,33.8,37.1,35.3,38.6
1087790,16160,42.7567,13.1339,-64.74,170254159412,170350023757,509943589737,510039435776,33.8,37.1,35.3,38.6
1087843,16161,42.7647,13.1408,-65.46,173640830516,173736694778,513330232253,513426078208,33.8,36.1,35.3,37.6
1087896,16162,42.7506,13.1287,-65.13,177027501108,177123365776,516716874273,516812720640,33.8,37.1,35.3,38.6
1087949,16163,42.7098,13.0936,-65.00,180414172212,180510036790,520103516781,520199363072,33.8,37.1,35.3,38.6
1088002,16164,42.7333,13.1138,-64.77,183800843316,183896707811,523490159306,523586005504,33.8,37.1,35.3,38.6
1088055,16165,42.7413,13.1206,-65.15,187187513908,187283378302,526876801327,526972647424,33.8,37.1,35.3,38.6
1088108,16166,42.7459,13.1247,-66.30,190574185012,190670049325,530263443841,530359289856,33.8,37.1,35.3,38.6
1088161,16167,42.7426,13.1218,-64.26,193960856116,194056720330,533650086374,533745932288,33.8,37.1,35.3,38.6
1088214,16168,42.7239,13.1057,-64.61,197347526708,197443391346,537036728374,537132574720,33.8,37.1,35.3,38.6
1088267,16169,42.7319,13.1126,-65.46,200734197812,200830062346,540423370911,540519217152,33.8,37.1,35.3,38.6
1088320,16170,42.7413,13.1206,-65.32,204120868404,204216732859,543810012913,543905859072,33.8,37.1,35.3,38.6
1088373,16171,42.7506,13.1287,-66.43,207507539508,207603403866,547196655447,547292501504,33.8,37.1,35.3,38.6
1088426,16172,42.7319,13.1126,-66.81,210894210612,210990074878,550583297963,550679143936,33.8,37.1,35.3,38.6
1088479,16173,42.7506,13.1287,-65.90,214280881204,214376745893,553969939980,554065786368,33.8,37.1,35.3,38.6
1088532,16174,42.7366,13.1166,-66.43,217667552308,217763416896,557356582507,557452428800,33.8,36.1,35.3,37.6
1088585,16175,42.7366,13.1166,-65.32,221054222900,221150087398,560743224516,560839070720,33.8,37.1,35.3,38.6
1088638,16176,42.7553,13.1328,-65.28,224440894004,224536758406,564129867053,564225713152,33.8,37.1,35.3,38.6
1088691,16177,42.7426,13.1218,-64.50,227827564596,227923428911,567516509058,567612355072,33.8,37.1,35.3,38.6
1088744,16178,42.7600,13.1368,-65.28,231214235700,231310099914,570903151594,570998997504,33.8,37.1,35.3,38.6
1088797,16179,42.7473,13.1259,-64.94,234600906804,234696771437,574289794117,574385640448,33.8,37.1,35.3,38.6
1088850,16180,42.7600,13.1368,-65.98,237987577396,238083441931,577676436137,577772282368,33.8,37.1,35.3,38.6
1088903,16181,42.7192,13.1016,-64.74,241374248500,241470112938,581063078652,581158924800,33.8,37.1,35.3,38.6
1088956,16182,42.7366,13.1166,-65.09,244760919092,244856783436,584449720671,584545566720,33.8,37.1,35.3,38.6
1089009,16183,42.7413,13.1206,-66.43,248147590196,248243454447,587836363198,587932209152,33.8,37.1,35.3,38.6
1089062,16184,42.7506,13.1287,-66.24,251534260788,251630125448,591223005224,591318851584,33.8,37.1,35.3,38.6
1089115,16185,42.7192,13.1016,-64.64,254920931892,255016796462,594609647737,594705494016,33.8,37.1,35.3,38.6
1089168,16186,42.7426,13.1218,-64.87,258307602484,258403466956,597996289764,598092135936,33.8,37.1,35.3,38.6
1089221,16187,42.7413,13.1206,-66.00,261694273588,261790137968,601382932285,601478778368,33.8,37.1,35.3,38.6
1089274,16188,42.7553,13.1328,-65.98,265080944180,265176808460,604769574311,604865420288,33.8,37.1,35.3,38.6
1089327,16189,42.7413,13.1206,-65.13,268467615284,268563479974,608156216839,608252063232,33.8,37.1,35.3,38.6
1089380,16190,42.7647,13.1408,-65.09,271854285876,271950150471,611542858863,611638705152,33.8,37.1,35.3,38.6
1089433,16191,42.6957,13.0815,-64.55,275240956980,275336821475,614929501369,615025347584,33.8,36.1,35.3,37.6
1089486,16192,42.7553,13.1328,-65.52,278627627572,278723491970,618316143408,618411989504,33.8,37.1,35.3,38.6
1089539,16193,42.7426,13.1218,-64.87,282014298164,282110162469,621702785419,621798631424,33.8,37.1,35.3,38.6
1089592,16194,42.7413,13.1206,-65.27,285400969268,285496833462,625089427958,625185273856,33.8,36.1,35.3,37.6
1089645,16195,42.7426,13.1218,-64.55,288787639860,288883504476,628476069973,628571916288,33.8,37.1,35.3,38.6
1089698,16196,42.7319,13.1126,-65.27,292174310964,292270175479,631862712498,631958558720,33.8,37.1,35.3,38.6
1089751,16197,42.7567,13.1339,-64.63,295560981556,295656845980,635249354522,635345200640,33.8,37.1,35.3,38.6
1089804,16198,42.7600,13.1368,-65.15,298947652660,299043516991,638635997045,638731843072,33.8,37.1,35.3,38.6
1089857,16199,42.7647,13.1408,-65.04,302334323252,302430187469,642022639081,642118484992,33.8,37.1,35.3,38.6
1089910,16200,42.7333,13.1138,-64.79,305720993844,305816858475,645409281090,645505127424,33.8,36.1,35.3,37.6
1089963,16201,42.7333,13.1138,-64.87,309107664948,309203529476,648795923625,648891769856,33.8,37.1,35.3,38.6
1090016,16202,42.7459,13.1247,-65.78,312494335540,312590199984,652182565630,652278411776,33.8,37.1,35.3,38.6
1090069,16203,42.7760,13.1506,-67.31,315881006132,315976870467,655569207666,655665053696,33.8,37.1,35.3,38.6
1090122,16204,42.7333,13.1138,-64.53,319267677236,319363541476,658955850184,659051696128,33.8,37.1,35.3,38.6
1090175,16205,42.7506,13.1287,-65.28,322654347828,322750212475,662342492213,662438338560,33.8,37.1,35.3,38.6
1090228,16206,42.7178,13.1005,-65.04,326041018932,326136883478,665729134732,665824980992,33.8,37.1,35.3,38.6
1090281,16207,42.7145,13.0976,-64.85,329427689524,329523553975,669115776750,669211622912,33.8,37.1,35.3,38.6
1090334,16208,42.7647,13.1408,-66.72,332814360116,332910224472,672502418783,672598264832,33.8,36.1,35.3,37.6
1090387,16209,42.7473,13.1259,-64.96,336201031220,336296895478,675889061309,675984907264,33.8,37.1,35.3,38.6
1090440,16210,42.7614,13.1380,-64.92,339587701812,339683566476,679275703340,679371549696,33.8,37.1,35.3,38.6
1090493,16211,42.7145,13.0976,-64.35,342974372404,343070236964,682662345344,682758191616,33.8,36.1,35.3,37.6
1090546,16212,42.7694,13.1449,-65.15,346361042996,346456907463,686048987377,686144833536,33.8,37.1,35.3,38.6
1090599,16213,42.7366,13.1166,-65.11,349747714100,349843578452,689435629911,689531475968,33.8,37.1,35.3,38.6
1090652,16214,42.7520,13.1299,-64.98,353134384692,353230248953,692822271931,692918117888,33.8,37.1,35.3,38.6
1090705,16215,42.7708,13.1461,-64.52,356521055284,356616919952,696208913965,696304760320,33.8,37.1,35.3,38.6
1090758,16216,42.7084,13.0924,-66.26,359907726388,360003590948,699595556475,699691402752,33.8,37.1,35.3,38.6
1090811,16217,42.7567,13.1339,-64.85,363294396980,363390261447,702982198512,703078044672,33.8,37.1,35.3,38.6
1090864,16218,42.7333,13.1138,-64.24,366681067572,366776931927,706368840533,706464686592,33.8,37.1,35.3,38.6
1090917,16219,42.7366,13.1166,-65.34,370067738164,370163602425,709755482546,709851328512,33.8,37.1,35.3,38.6
1090970,16220,42.7600,13.1368,-66.00,373454409268,373550273936,713142125092,713237971456,33.8,37.1,35.3,38.6
1091023,16221,42.7131,13.0964,-66.30,376841079860,376936944416,716528767105,716624613376,33.8,37.1,35.3,38.6
1091076,16222,42.7600,13.1368,-65.15,380227750452,380323614920,719915409132,720011255296,33.8,37.1,35.3,38.6
1091129,16223,42.7379,13.1178,-64.48,383614421556,383710285910,723302051672,723397897728,33.8,37.1,35.3,38.6
1091182,16224,42.7741,13.1489,-65.06,387001092148,387096956417,726688693690,726784539648,33.8,37.1,35.3,38.6
1091235,16225,42.7567,13.1339,-64.74,390387762740,390483627399,730075335728,730171182080,33.8,37.1,35.3,38.6
1091288,16226,42.7004,13.0855,-64.50,393774433332,393870297883,733461977731,733557824000,33.8,37.1,35.3,38.6
1091341,16227,42.7225,13.1045,-66.94,397161103924,397256968377,736848619755,736944465920,33.8,37.1,35.3,38.6
1091394,16228,42.7473,13.1259,-64.96,400547775028,400643639378,740235262305,740331108352,33.8,37.1,35.3,38.6
1091447,16229,42.7051,13.0895,-64.81,403934445620,404030309861,743621904315,743717750272,33.8,37.1,35.3,38.6
1091500,16230,42.7506,13.1287,-65.34,407321116212,407416980865,747008546352,747104392704,33.8,37.1,35.3,38.6
1091553,16231,42.7225,13.1045,-65.38,410707786804,410803651349,750395188367,750491034624,33.8,37.1,35.3,38.6
1091606,16232,42.7192,13.1016,-64.81,414094457908,414190322352,753781830903,753877677056,33.8,37.1,35.3,38.6
1091659,16233,42.7661,13.1420,-64.90,417481128500,417576992844,757168472942,757264318976,33.8,37.1,35.3,38.6
1091712,16234,42.7192,13.1016,-64.76,420867799092,420963663327,760555114951,760650960896,33.8,37.1,35.3,38.6
1091765,16235,42.7319,13.1126,-65.19,424254469684,424350334329,763941756976,764037603328,33.8,37.1,35.3,38.6
1091818,16236,42.7239,13.1057,-64.79,427641140276,427737004822,767328398995,767424245248,33.8,37.1,35.3,38.6
1091871,16237,42.7286,13.1097,-64.68,431027810868,431123675311,770715041019,770810887168,33.8,37.1,35.3,38.6
1091924,16238,42.7788,13.1529,-65.06,434414481972,434510346315,774101683570,774197529600,33.8,37.1,35.3,38.6
1091977,16239,42.7459,13.1247,-66.32,437801152564,437897016812,777488325570,777584171520,33.8,37.1,35.3,38.6
1092030,16240,42.7619,13.1384,-67.07,441187823156,441283687806,780874967600,780970813952,33.8,37.1,35.3,38.6
1092083,16241,42.7286,13.1097,-64.50,444574493748,444670358313,784261609602,784357455872,33.8,37.1,35.3,38.6
1092136,16242,42.7741,13.1489,-65.21,447961164340,448057028810,787648251633,787744097792,33.8,37.1,35.3,38.6
1092189,16243,42.7145,13.0976,-64.39,451347834932,451443699305,791034893628,791130739712,33.8,37.1,35.3,38.6
1092242,16244,42.7647,13.1408,-65.54,454734505524,454830369800,794421535663,794517381632,33.8,37.1,35.3,38.6
1092295,16245,42.7051,13.0895,-64.68,458121176628,458217040812,797808178165,797904024064,33.8,37.1,35.3,38.6
1092348,16246,42.7553,13.1328,-66.37,461507847220,461603711829,801194820190,801290666496,33.8,37.1,35.3,38.6
1092401,16247,42.7084,13.0924,-66.72,464894517812,464990382325,804581462185,804677308416,33.8,37.1,35.3,38.6
1092454,16248,42.7239,13.1057,-64.28,468281188404,468377052834,807968104198,808063950336,33.8,37.1,35.3,38.6
1092507,16249,42.7802,13.1541,-64.96,471667858996,471763723347,811354746221,811450592256,33.8,37.1,35.3,38.6
1092560,16250,42.7520,13.1299,-64.90,475054529588,475150393858,814741388210,814837234176,33.8,37.1,35.3,38.6
1092613,16251,42.7286,13.1097,-64.48,478441200180,478537064868,818128030215,818223876608,33.8,37.1,35.3,38.6
1092666,16252,42.7426,13.1218,-64.87,481827870772,481923735377,821514672223,821610518528,33.8,37.1,35.3,38.6
1092719,16253,42.7473,13.1259,-64.68,485214541364,485310405889,824901314225,824997160448,33.8,37.1,35.3,38.6
1092772,16254,42.7239,13.1057,-64.81,488601212468,488697076908,828287956732,828383802880,33.8,37.1,35.3,38.6
1092825,16255,42.7239,13.1057,-64.15,491987883060,492083747418,831674598735,831770444800,33.8,37.1,35.3,38.6
1092878,16256,42.7694,13.1449,-65.30,495374553652,495470417935,835061240746,835157086720,33.8,37.1,35.3,38.6
1092931,16257,42.7647,13.1408,-65.17,498761224244,498857088455,838447882735,838543728640,33.8,37.1,35.3,38.6
1092984,16258,42.7366,13.1166,-65.25,502147894836,502243759479,841834524723,841930371072,33.8,37.1,35.3,38.6
1093037,16259,42.7225,13.1045,-65.58,505534565428,505630429993,845221166716,845317012992,33.8,37.1,35.3,38.6
1093090,16260,42.7051,13.0895,-64.35,508921236020,509017100515,848607808702,848703654912,33.8,37.1,35.3,38.6
1093143,16261,42.7286,13.1097,-64.59,512307906612,512403771038,851994450700,852090296832,33.8,37.1,35.3,38.6
1093196,16262,42.7661,13.1420,-64.26,515694577204,515790441564,855381092703,855476938752,33.8,37.1,35.3,38.6
1093249,16263,42.7929,13.1651,-65.25,519081247796,519177112093,858767734694,858863580672,33.8,37.1,35.3,38.6
1093302,16264,42.7694,13.1449,-65.07,522467918388,522563782609,862154376679,862250222592,33.8,37.1,35.3,38.6
1093355,16265,42.7614,13.1380,-64.70,525854588980,525950453653,865541018660,865636865024,33.8,37.1,35.3,38.6
1093408,16266,42.7473,13.1259,-64.63,529241259572,529337124173,868927660645,869023506944,33.8,37.1,35.3,38.6
1093461,16267,42.7520,13.1299,-64.83,532627930164,532723794710,872314302622,872410148864,33.8,36.1,35.3,37.6
1093514,16268,42.7239,13.1057,-64.28,536014600756,536110465236,875700944597,875796790784,33.8,37.1,35.3,38.6
1093567,16269,42.7600,13.1368,-65.80,539401271348,539497135780,879087586577,879183432704,33.8,37.1,35.3,38.6
1093620,16270,42.7426,13.1218,-64.42,542787941940,542883806318,882474228546,882570074624,33.8,37.1,35.3,38.6
1093673,16271,42.7473,13.1259,-64.70,546174612532,546270476854,885860870524,885956716544,33.8,37.1,35.3,38.6
1093726,16272,42.7600,13.1368,-65.25,549561283124,549657147389,889247512503,889343358464,33.8,37.1,35.3,38.6
1093779,16273,42.7600,13.1368,-65.60,552947953716,553043817921,892634154484,892730000384,33.8,37.1,35.3,38.6
1093832,16274,42.7567,13.1339,-64.26,556334624308,556430488971,896020796459,896116642816,33.8,37.1,35.3,38.6
1093885,16275,42.7473,13.1259,-64.35,559721294900,559817159520,899407438418,899503284736,33.8,37.1,35.3,38.6
1093938,16276,42.7084,13.0924,-66.41,563107965492,563203830058,902794080372,902889926656,33.8,36.1,35.3,37.6
1093991,16277,42.7506,13.1287,-66.00,566494636084,566590500613,906180722348,906276568576,33.8,36.1,35.3,37.6
1094044,16278,42.7239,13.1057,-64.30,569881306676,569977171147,909567364317,909663210496,33.8,37.1,35.3,38.6
1094097,16279,42.7379,13.1178,-64.48,573267977268,573363841710,912954006272,913049852416,33.8,37.1,35.3,38.6
1094150,16280,42.7413,13.1206,-66.79,576654647860,576750512253,916340648240,916436494336,33.8,37.1,35.3,38.6
1094203,16281,42.7802,13.1541,-64.57,580041318452,580137182811,919727290214,919823136256,33.8,37.1,35.3,38.6
1094256,16282,42.7567,13.1339,-64.55,583427989044,583523853366,923113932161,923209778176,33.8,37.1,35.3,38.6
1094309,16283,42.7976,13.1691,-65.17,586814659636,586910523918,926500574134,926596420096,33.8,37.1,35.3,38.6
1094362,16284,42.7379,13.1178,-64.44,590201330228,590297194466,929887216077,929983062016,33.8,37.1,35.3,38.6
1094415,16285,42.7379,13.1178,-64.94,593588000820,593683865024,933273858031,933369703936,33.8,37.1,35.3,38.6
1094468,16286,42.7614,13.1380,-64.17,596974671412,597070536085,936660500003,936756346368,33.8,37.1,35.3,38.6
1094521,16287,42.7333,13.1138,-64.76,600361342004,600457206642,940047141947,940142988288,33.8,37.1,35.3,38.6
1094574,16288,42.7379,13.1178,-64.08,603748012596,603843877201,943433783901,943529630208,33.8,37.1,35.3,38.6
1094627,16289,42.7286,13.1097,-64.46,607134683188,607230547766,946820425844,946916272128,33.8,37.1,35.3,38.6
1094680,16290,42.7520,13.1299,-64.64,610521353780,610617218338,950207067794,950302914048,33.8,37.1,35.3,38.6
1094733,16291,42.7333,13.1138,-64.77,613908024372,614003888889,953593709748,953689555968,33.8,37.1,35.3,38.6
1094786,16292,42.7333,13.1138,-64.26,617294694964,617390559458,956980351691,957076197888,33.8,37.1,35.3,38.6
1094839,16293,42.7661,13.1420,-64.85,620681365044,620777229519,960366993132,960462839296,33.8,37.1,35.3,38.6
1094892,16294,42.7333,13.1138,-64.70,624068035636,624163900082,963753635066,963849481216,33.8,37.1,35.3,38.6
1094945,16295,42.7741,13.1489,-66.60,627454706228,627550570653,967140277021,967236123136,33.8,37.1,35.3,38.6
1094998,16296,42.7573,13.1344,-67.11,630841376820,630937241214,970526918959,970622765056,33.8,37.1,35.3,38.6
1095051,16297,42.7413,13.1206,-65.40,634228047412,634323911794,973913560890,974009406976,33.8,37.1,35.3,38.6
1095104,16298,42.7788,13.1529,-65.82,637614718004,637710582364,977300202848,977396048896,33.8,37.1,35.3,38.6
1095157,16299,42.7647,13.1408,-66.04,641001388596,641097252931,980686844788,980782690816,33.8,37.1,35.3,38.6
1095210,16300,42.7661,13.1420,-64.79,644388059188,644483923520,984073486714,984169332736,33.8,37.1,35.3,38.6
1095263,16301,42.7708,13.1461,-64.66,647774729780,647870594090,987460128659,987555974656,33.8,37.1,35.3,38.6
1095316,16302,42.7755,13.1501,-64.89,651161400372,651257264658,990846770604,990942616576,33.8,37.1,35.3,38.6
1095369,16303,42.8042,13.1748,-67.02,654548070964,654643935244,994233412532,994329258496,33.8,37.1,35.3,38.6
1095422,16304,42.7647,13.1408,-66.68,657934741044,658030605311,997620053944,997715899904,33.8,36.1,35.3,37.6
1095475,16305,42.7600,13.1368,-66.47,661321411636,661417275891,1001006695874,1001102541824,33.8,37.1,35.3,38.6
1095528,16306,42.7426,13.1218,-64.39,664708082228,664803946470,1004393337802,1004489183744,33.8,37.1,35.3,38.6
1095581,16307,42.7333,13.1138,-64.48,668094752820,668190617055,1007779979725,1007875825664,33.8,37.1,35.3,38.6
1095634,16308,42.7473,13.1259,-64.74,671481423412,671577287644,1011166621655,1011262467584,33.8,37.1,35.3,38.6
1095687,16309,42.7614,13.1380,-64.94,674868094004,674963958235,1014553263582,1014649109504,33.8,37.1,35.3,38.6
1095740,16310,42.7755,13.1501,-64.55,678254764596,678350628830,1017939905505,1018035751424,33.8,37.1,35.3,38.6
1095793,16311,42.7567,13.1339,-64.59,681641435188,681737299414,1021326547424,1021422393344,33.8,37.1,35.3,38.6
1095846,16312,42.7788,13.1529,-65.96,685028105780,685123970015,1024713189342,1024809035264,33.8,37.1,35.3,38.6
1095899,16313,42.7473,13.1259,-64.30,688414775860,688510640095,1028099830740,1028195676672,33.8,37.1,35.3,38.6
1095952,16314,42.7333,13.1138,-64.35,691801446452,691897310691,1031486472649,1031582318592,33.8,37.1,35.3,38.6
1096005,16315,42.7459,13.1247,-66.22,695188117044,695283981294,1034873114561,1034968960512,33.8,37.1,35.3,38.6
1096058,16316,42.7553,13.1328,-66.64,698574787636,698670651904,1038259756466,1038355602432,33.8,37.1,35.3,38.6
1096111,16317,42.7661,13.1420,-64.89,701961458228,702057322499,1041646398392,1041742244352,33.8,37.1,35.3,38.6
1096164,16318,42.7835,13.1570,-65.25,705348128820,705443993107,1045033040300,1045128886272,33.8,37.1,35.3,38.6
1096217,16319,42.7506,13.1287,-66.14,708734799412,708830663713,1048419682191,1048515528192,33.8,37.1,35.3,38.6
1096270,16320,42.7614,13.1380,-64.61,712121470004,712217334329,1051806324095,1051902170112,33.8,37.1,35.3,38.6
1096323,16321,42.7614,13.1380,-64.90,715508140084,715604004423,1055192965489,1055288811520,33.8,37.1,35.3,38.6
1096376,16322,42.7896,13.1622,-64.24,718894810676,718990675031,1058579607405,1058675453440,33.8,37.1,35.3,38.6
1096429,16323,42.7661,13.1420,-64.57,722281481268,722377345648,1061966249291,1062062095360,33.8,37.1,35.3,38.6
1096482,16324,42.7286,13.1097,-64.92,725668151860,725764016252,1065352891182,1065448737280,33.8,37.1,35.3,38.6
1096535,16325,42.7614,13.1380,-64.46,729054822452,729150686873,1068739533088,1068835379200,33.8,36.1,35.3,37.6
1096588,16326,42.7286,13.1097,-64.79,732441493044,732537357487,1072126174972,1072222021120,33.8,37.1,35.3,38.6
1096641,16327,42.7694,13.1449,-65.15,735828163124,735924027595,1075512816366,1075608662528,33.8,37.1,35.3,38.6
1096694,16328,42.7567,13.1339,-64.32,739214833716,739310698216,1078899458254,1078995304448,33.8,37.1,35.3,38.6
1096747,16329,42.7333,13.1138,-64.90,742601504308,742697368834,1082286100139,1082381946368,33.8,37.1,35.3,38.6
1096800,16330,42.7286,13.1097,-64.35,745988174900,746084039445,1085672742038,1085768588288,33.8,37.1,35.3,38.6
1096853,16331,42.7379,13.1178,-65.00,749374845492,749470710071,1089059383928,1089155230208,33.8,37.1,35.3,38.6
1096906,16332,42.7426,13.1218,-64.59,752761516084,752857380698,1092446025814,1092541872128,33.8,37.1,35.3,38.6
1096959,16333,42.7459,13.1247,-66.92,756148186164,756244050818,1095832667181,1095928513536,33.8,37.1,35.3,38.6
1097012,16334,42.7647,13.1408,-65.09,759534856756,759630721449,1099219309069,1099315155456,33.8,36.1,35.3,37.6
1097065,16335,42.7600,13.1368,-65.07,762921527348,763017391559,3094323182,3190169088,33.8,37.1,35.3,38.6
1097118,16336,42.7647,13.1408,-65.09,766308197940,766404062199,6480965055,6576811008,33.8,36.1,35.3,37.6
1097171,16337,42.7661,13.1420,-64.63,769694868532,769790732835,9867606936,9963452928,33.8,37.1,35.3,38.6
1097224,16338,42.7741,13.1489,-65.92,773081539124,773177403469,13254248814,13350094848,33.8,37.1,35.3,38.6
1097277,16339,42.7694,13.1449,-65.56,776468209204,776564073604,16640890165,16736736256,33.8,37.1,35.3,38.6
1097330,16340,42.7459,13.1247,-65.54,779854879796,779950744238,20027532032,20123378176,33.8,37.1,35.3,38.6
1097383,16341,42.7647,13.1408,-65.86,783241550388,783337414881,23414173910,23510020096,33.8,36.1,35.3,37.6
1097436,16342,42.7192,13.1016,-64.07,786628220980,786724085518,26800815769,26896662016,33.8,37.1,35.3,38.6
1097489,16343,42.7929,13.1651,-66.00,790014891572,790110756175,30187457651,30283303936,33.8,37.1,35.3,38.6
1097542,16344,42.7567,13.1339,-64.55,793401562164,793497426824,33574099503,33669945856,33.8,37.1,35.3,38.6
1097595,16345,42.7239,13.1057,-64.98,796788232244,796884096446,36960740842,37056586752,33.8,36.1,35.3,37.6
1097648,16346,42.7413,13.1206,-66.83,800174902836,800270767101,40347382703,40443228672,33.8,37.1,35.3,38.6
1097701,16347,42.7426,13.1218,-64.81,803561573428,803657437764,43734024557,43829870592,33.8,37.1,35.3,38.6
1097754,16348,42.7520,13.1299,-64.66,806948244020,807044108422,47120666415,47216512512,33.8,37.1,35.3,38.6
1097807,16349,42.7506,13.1287,-65.02,810334914612,810430779079,50507308266,50603154432,33.8,37.1,35.3,38.6
1097860,16350,42.7520,13.1299,-64.64,813721584692,813817449222,53893949614,53989795840,33.8,37.1,35.3,38.6
1097913,16351,42.7567,13.1339,-64.76,817108255284,817204119882,57280591468,57376437760,33.8,37.1,35.3,38.6
1097966,16352,42.7943,13.1662,-64.64,820494925876,820590790557,60667233321,60763079680,33.8,37.1,35.3,38.6
1098019,16353,42.7600,13.1368,-65.80,823881596468,823977460701,64053875159,64149721088,33.8,37.1,35.3,38.6
1098072,16354,42.7661,13.1420,-64.44,827268267060,827364131378,67440517000,67536363008,33.8,37.1,35.3,38.6
1098125,16355,42.7379,13.1178,-64.66,830654937140,830750801537,70827158318,70923004416,33.8,37.1,35.3,38.6
1098178,16356,42.7694,13.1449,-66.66,834041607732,834137472195,74213800182,74309646336,33.8,36.1,35.3,37.6
1098231,16357,42.7647,13.1408,-65.56,837428278324,837524142877,77600442010,77696288256,33.8,37.1,35.3,38.6
1098284,16358,42.7473,13.1259,-64.37,840814948916,840910813547,80987083847,81082930176,33.8,37.1,35.3,38.6
1098337,16359,42.7567,13.1339,-64.85,844201619508,844297483718,84373725680,84469571584,33.8,37.1,35.3,38.6
1098390,16360,42.7943,13.1662,-64.63,847588289588,847684153887,87760367015,87856212992,33.8,37.1,35.3,38.6
1098443,16361,42.7661,13.1420,-64.74,850974960180,851070824568,91147008834,91242854912,33.8,37.1,35.3,38.6
1098496,16362,42.7708,13.1461,-64.96,854361630772,854457495246,94533650671,94629496832,33.8,37.1,35.3,38.6
1098549,16363,42.7506,13.1287,-65.23,857748301364,857844165926,97920292491,98016138752,33.8,37.1,35.3,38.6
1098602,16364,42.7520,13.1299,-64.90,861134971956,861230836609,101306934324,101402780672,33.8,37.1,35.3,38.6
1098655,16365,42.7567,13.1339,-64.53,864521642036,864617506282,104693575628,104789421568,33.8,37.1,35.3,38.6
1098708,16366,42.7741,13.1489,-65.04,867908312628,868004176975,108080217451,108176063488,33.8,37.1,35.3,38.6
1098761,16367,42.7459,13.1247,-65.09,871294983220,871390847661,111466859265,111562705408,33.8,37.1,35.3,38.6
1098814,16368,42.7567,13.1339,-64.79,874681653812,874777518350,114853501096,114949347328,33.8,36.1,35.3,37.6
1098867,16369,42.7600,13.1368,-66.77,878068323892,878164188538,118240142395,118335988736,33.8,37.1,35.3,38.6
1098920,16370,42.7835,13.1570,-65.02,881454994484,881550858732,121626784211,121722630144,33.8,37.1,35.3,38.6
1098973,16371,42.7835,13.1570,-65.72,884841665076,884937529428,125013426026,125109272064,33.8,36.1,35.3,37.6
1099026,16372,42.7567,13.1339,-64.85,888228335668,888324200134,128400067825,128495913984,33.8,37.1,35.3,38.6
1099079,16373,42.7272,13.1085,-65.17,891615006260,891710870827,131786709627,131882555904,33.8,37.1,35.3,38.6
1099132,16374,42.7567,13.1339,-64.03,895001676340,895097541019,135173350939,135269197312,33.8,37.1,35.3,38.6
1099185,16375,42.7989,13.1703,-64.79,898388346932,898484211227,138559992749,138655838720,33.8,37.1,35.3,38.6
1099238,16376,42.7929,13.1651,-65.42,901775017524,901870881937,141946634546,142042480640,33.8,37.1,35.3,38.6
1099291,16377,42.7600,13.1368,-66.12,905161688116,905257552641,145333276339,145429122560,33.8,37.1,35.3,38.6
1099344,16378,42.7286,13.1097,-64.76,908548358196,908644222842,148719917617,148815763968,33.8,37.1,35.3,38.6
1099397,16379,42.7379,13.1178,-64.61,911935028788,912030893048,152106559415,152202405376,33.8,37.1,35.3,38.6
1099450,16380,42.7413,13.1206,-66.64,915321699380,915417563766,155493201206,155589047296,33.8,37.1,35.3,38.6
1099503,16381,42.7051,13.0895,-64.98,918708369972,918804234482,158879842991,158975689216,33.8,37.1,35.3,38.6
1099556,16382,42.7600,13.1368,-65.04,922095040564,922190905216,162266484788,162362331136,33.8,37.1,35.3,38.6
1099609,16383,42.7849,13.1582,-65.00,925481710644,925577574921,165653126073,165748972032,33.8,37.1,35.3,38.6
1099662,16384,42.7882,13.1610,-65.54,928868381236,928964245648,169039767857,169135613952,33.8,37.1,35.3,38.6
1099715,16385,42.7755,13.1501,-64.57,932255051828,932350916376,172426409639,172522255872,33.8,37.1,35.3,38.6
1099768,16386,42.7520,13.1299,-64.26,935641722420,935737587102,175813051415,175908897792,33.8,37.1,35.3,38.6
1099821,16387,42.7600,13.1368,-66.00,939028392500,939124256827,179199692666,179295538688,33.8,37.1,35.3,38.6
1099874,16388,42.7755,13.1501,-64.85,942415063092,942510927563,182586334452,182682180608,33.8,37.1,35.3,38.6
1099927,16389,42.7520,13.1299,-64.03,945801733684,945897598297,185972976219,186068822528,33.8,37.1,35.3,38.6
1099980,16390,42.7600,13.1368,-66.14,949188404276,949284268536,189359617980,189455463936,33.8,37.1,35.3,38.6
1100033,16391,42.7802,13.1541,-64.76,952575074356,952670938769,192746259247,192842105344,33.8,37.1,35.3,38.6
1100086,16392,42.7366,13.1166,-65.44,955961744948,956057609509,196132900997,196228747264,33.8,37.1,35.3,38.6
1100139,16393,42.7647,13.1408,-66.70,959348415540,959444279752,199519542767,199615388672,33.8,37.1,35.3,38.6
1100192,16394,42.7694,13.1449,-65.60,962735086132,962830950509,202906184524,203002030592,33.8,37.1,35.3,38.6
1100245,16395,42.7708,13.1461,-64.68,966121756724,966217621255,206292826294,206388672512,33.8,37.1,35.3,38.6
1100298,16396,42.7459,13.1247,-65.92,969508426804,969604291497,209679467526,209775313920,33.8,37.1,35.3,38.6
1100351,16397,42.7835,13.1570,-66.77,972895097396,972990961740,213066109299,213161955328,33.8,37.1,35.3,38.6
1100404,16398,42.7145,13.0976,-64.79,976281767988,976377632497,216452751027,216548597248,33.8,37.1,35.3,38.6
1100457,16399,42.7896,13.1622,-63.92,979668438580,979764303267,219839392801,219935239168,33.8,37.1,35.3,38.6
1100510,16400,42.7835,13.1570,-65.06,983055108660,983150973002,223226034037,223321880064,33.8,37.1,35.3,38.6
1100563,16401,42.7366,13.1166,-65.27,986441779252,986537643767,226612675764,226708521984,33.8,37.1,35.3,38.6
1100616,16402,42.7473,13.1259,-64.50,989828449844,989924314533,229999317517,230095163904,33.8,37.1,35.3,38.6
1100669,16403,42.7929,13.1651,-66.10,993215120436,993310984801,233385959265,233481805312,33.8,37.1,35.3,38.6
1100722,16404,42.7708,13.1461,-64.64,996601790516,996697655059,236772600490,236868446720,33.8,37.1,35.3,38.6
1100775,16405,42.7694,13.1449,-65.09,999988461108,1000084325315,240159242230,240255088128,33.8,37.1,35.3,38.6
1100828,16406,42.7741,13.1489,-65.07,1003375131700,1003470996102,243545883957,243641730048,33.8,37.1,35.3,38.6
1100881,16407,42.7506,13.1287,-65.34,1006761802292,1006857666875,246932525686,247028371968,33.8,37.1,35.3,38.6
1100934,16408,42.7788,13.1529,-65.58,1010148472372,1010244336647,250319166901,250415012864,33.8,37.1,35.3,38.6
1100987,16409,42.7333,13.1138,-64.74,1013535142964,1013631007425,253705808619,253801654784,33.8,37.1,35.3,38.6
1101040,16410,42.7755,13.1501,-64.72,1016921813556,1017017678223,257092450352,257188296704,33.8,37.1,35.3,38.6
1101093,16411,42.8023,13.1731,-65.07,1020308484148,1020404348500,260479092082,260574938112,33.8,37.1,35.3,38.6
1101146,16412,42.7520,13.1299,-63.94,1023695154228,1023791018773,263865733279,263961579520,33.8,37.1,35.3,38.6
1101199,16413,42.7647,13.1408,-65.42,1027081824820,1027177689065,267252374989,267348220928,33.8,36.1,35.3,37.6
1101252,16414,42.7459,13.1247,-65.66,1030468495412,1030564359871,270639016688,270734862848,33.8,37.1,35.3,38.6
1101305,16415,42.7694,13.1449,-65.64,1033855166004,1033951030665,274025658415,274121504768,33.8,37.1,35.3,38.6
1101358,16416,42.7614,13.1380,-64.59,1037241836084,1037337700453,277412299604,277508145664,33.8,37.1,35.3,38.6
1101411,16417,42.7506,13.1287,-66.24,1040628506676,1040724371265,280798941296,280894787584,33.8,37.1,35.3,38.6
1101464,16418,42.7661,13.1420,-64.63,1044015177268,1044111041569,284185583002,284281428992,33.8,37.1,35.3,38.6
1101517,16419,42.7553,13.1328,-65.66,1047401847860,1047497712389,287572224686,287668070912,33.8,36.1,35.3,37.6
1101570,16420,42.7788,13.1529,-66.08,1050788517940,1050884382191,290958865869,291054711808,33.8,36.1,35.3,37.6
1101623,16421,42.7661,13.1420,-63.80,1054175188532,1054271053008,294345507562,294441353728,33.8,36.1,35.3,37.6
1101676,16422,42.7614,13.1380,-64.72,1057561859124,1057657723334,297732149234,297827995136,33.8,37.1,35.3,38.6
1101729,16423,42.7553,13.1328,-65.98,1060948529716,1061044394166,301118790909,301214637056,33.8,37.1,35.3,38.6
1101782,16424,42.7647,13.1408,-66.39,1064335199796,1064431064488,304505432079,304601278464,33.8,37.1,35.3,38.6
1101835,16425,42.7694,13.1449,-65.94,1067721870388,1067817734825,307892073743,307987919872,33.8,37.1,35.3,38.6
1101888,16426,42.7755,13.1501,-64.19,1071108540980,1071204405671,311278715415,311374561792,33.8,37.1,35.3,38.6
1101941,16427,42.7614,13.1380,-64.12,1074495211572,1074591076010,314665357071,314761203200,33.8,37.1,35.3,38.6
1101994,16428,42.7741,13.1489,-65.44,1077881881652,1077977746357,318051998213,318147844608,33.8,37.1,35.3,38.6
1102047,16429,42.7553,13.1328,-65.06,1081268552244,1081364416696,321438639867,321534486016,33.8,37.1,35.3,38.6
1102100,16430,42.7755,13.1501,-64.53,1084655222836,1084751087048,324825281526,324921127424,33.8,37.1,35.3,38.6
1102153,16431,42.7882,13.1610,-65.98,1088041893428,1088137757906,328211923182,328307769344,33.8,37.1,35.3,38.6
1102206,16432,42.7426,13.1218,-64.63,1091428563508,1091524427753,331598564296,331694410240,33.8,37.1,35.3,38.6
1102259,16433,42.7506,13.1287,-66.47,1094815234100,1094911098624,334985205936,335081052160,33.8,37.1,35.3,38.6
1102312,16434,42.7802,13.1541,-64.07,1098201904692,1098297768984,338371847593,338467693568,33.8,36.1,35.3,37.6
1102365,16435,42.7459,13.1247,-66.32,2076947508,2172812078,341758489217,341854335488,33.8,37.1,35.3,38.6
1102418,16436,42.8069,13.1772,-65.58,5463617588,5559481947,345145130350,345240976384,33.8,37.1,35.3,38.6
1102471,16437,42.7413,13.1206,-66.62,8850288180,8946152819,348531771961,348627618304,33.8,37.1,35.3,38.6
1102524,16438,42.7741,13.1489,-65.46,12236958772,12332823202,351918413593,352014259712,33.8,37.1,35.3,38.6
1102577,16439,42.7661,13.1420,-64.92,15623629364,15719493577,355305055218,355400901120,33.8,37.1,35.3,38.6
1102630,16440,42.7333,13.1138,-64.55,19010299444,19106163948,358691696320,358787542528,33.8,37.1,35.3,38.6
1102683,16441,42.8069,13.1772,-65.25,22396970036,22492834338,362078337959,362174183936,33.8,37.1,35.3,38.6
1102736,16442,42.7600,13.1368,-66.79,25783640628,25879505230,365464979558,365560825856,33.8,37.1,35.3,38.6
1102789,16443,42.7788,13.1529,-65.30,29170311220,29266175622,368851621175,368947467264,33.8,37.1,35.3,38.6
1102842,16444,42.7567,13.1339,-64.64,32556981300,32652846000,372238262278,372334108672,33.8,37.1,35.3,38.6
1102895,16445,42.7567,13.1339,-64.63,35943651892,36039516389,375624903890,375720750080,33.8,36.1,35.3,37.6
1102948,16446,42.7989,13.1703,-64.94,39330322484,39426186795,379011545501,379107391488,33.8,37.1,35.3,38.6
1103001,16447,42.7802,13.1541,-64.42,42716993076,42812857695,382398187105,382494033408,33.8,37.1,35.3,38.6
1103054,16448,42.7802,13.1541,-64.24,46103663156,46199527584,385784828193,385880674304,33.8,37.1,35.3,38.6
1103107,16449,42.7896,13.1622,-64.46,49490333748,49586197982,389171469799,389267315712,33.8,37.1,35.3,38.6
1103160,16450,42.7835,13.1570,-65.70,52877004340,52972868895,392558111392,392653957632,33.8,37.1,35.3,38.6
1103213,16451,42.7989,13.1703,-64.44,56263674932,56359539309,395944752987,396040599040,33.8,37.1,35.3,38.6
1103266,16452,42.7882,13.1610,-65.60,59650345012,59746209714,399331394063,399427240448,33.8,37.1,35.3,38.6
1103319,16453,42.7788,13.1529,-66.39,63037015604,63132880126,402718035646,402813881856,33.8,37.1,35.3,38.6
1103372,16454,42.7741,13.1489,-65.64,66423686196,66519550543,406104677228,406200523264,33.8,37.1,35.3,38.6
1103425,16455,42.7896,13.1622,-64.14,69810356788,69906221470,409491318823,409587165184,33.8,37.1,35.3,38.6
1103478,16456,42.7755,13.1501,-64.52,73197026868,73292891383,412877959879,412973806080,33.8,37.1,35.3,38.6
1103531,16457,42.7835,13.1570,-66.43,76583697460,76679561807,416264601455,416360447488,33.8,37.1,35.3,38.6
1103584,16458,42.7614,13.1380,-64.28,79970368052,80066232740,419651243029,419747089408,33.8,37.1,35.3,38.6
1103637,16459,42.7286,13.1097,-64.70,83357038644,83452903173,423037884581,423133730816,33.8,37.1,35.3,38.6
1103690,16460,42.7943,13.1662,-64.24,86743708724,86839573109,426424525649,426520371712,33.8,37.1,35.3,38.6
1103743,16461,42.8036,13.1743,-64.50,90130379316,90226243546,429811167216,429907013120,33.8,36.1,35.3,37.6
1103796,16462,42.7506,13.1287,-65.83,93517049908,93612914487,433197808762,433293655040,33.8,37.1,35.3,38.6
1103849,16463,42.8023,13.1731,-66.18,96903720500,96999584949,436584450322,436680296448,33.8,37.1,35.3,38.6
1103902,16464,42.7989,13.1703,-64.55,100290390580,100386254881,439971091368,440066937344,33.8,37.1,35.3,38.6
1103955,16465,42.8130,13.1824,-64.53,103677061172,103772925847,443357732919,443453579264,33.8,37.1,35.3,38.6
1104008,16466,42.7849,13.1582,-64.48,107063731764,107159596303,446744374451,446840220672,33.8,37.1,35.3,38.6
1104061,16467,42.7989,13.1703,-64.68,110450402356,110546266769,450131015992,450226862080,33.8,37.1,35.3,38.6
1104114,16468,42.8069,13.1772,-65.23,113837072436,113932936728,453517657009,453613502976,33.8,37.1,35.3,38.6
1104167,16469,42.7896,13.1622,-64.74,117223743028,117319607702,456904298542,457000144896,33.8,37.1,35.3,38.6
1104220,16470,42.7929,13.1651,-65.72,120610413620,120706278170,460290940072,460386786304,33.8,37.1,35.3,38.6
1104273,16471,42.7929,13.1651,-65.90,123997084212,124092948656,463677581587,463773427712,33.8,37.1,35.3,38.6
1104326,16472,42.7835,13.1570,-66.02,127383754804,127479619141,467064223098,467160069120,33.8,37.1,35.3,38.6
1104379,16473,42.7882,13.1610,-66.57,130770424884,130866289104,470450864112,470546710016,33.8,37.1,35.3,38.6
1104432,16474,42.7661,13.1420,-64.66,134157095476,134252960101,473837505622,473933351936,33.8,37.1,35.3,38.6
1104485,16475,42.7708,13.1461,-64.79,137543766068,137639630597,477224147127,477319993344,33.8,37.1,35.3,38.6
1104538,16476,42.7989,13.1703,-64.32,140930436660,141026301096,480610788640,480706634752,33.8,37.1,35.3,38.6
1104591,16477,42.7943,13.1662,-64.77,144317106740,144412971083,483997429627,484093275648,33.8,37.1,35.3,38.6
1104644,16478,42.7802,13.1541,-64.37,147703777332,147799641584,487384071120,487479917056,33.8,37.1,35.3,38.6
1104697,16479,42.8036,13.1743,-64.41,151090447924,151186312602,490770712625,490866558976,33.8,37.1,35.3,38.6
1104750,16480,42.7600,13.1368,-66.74,154477118516,154572983111,494157354093,494253200384,33.8,37.1,35.3,38.6
1104803,16481,42.7614,13.1380,-64.85,157863788596,157959653118,497543995066,497639841280,33.8,37.1,35.3,38.6
1104856,16482,42.7661,13.1420,-64.61,161250459188,161346323635,500930636552,501026482688,33.8,37.1,35.3,38.6
1104909,16483,42.7849,13.1582,-64.92,164637129780,164732994158,504317278037,504413124096,33.8,36.1,35.3,37.6
1104962,16484,42.8083,13.1784,-64.77,168023800372,168119664692,507703919513,507799765504,33.8,37.1,35.3,38.6
1105015,16485,42.8210,13.1893,-65.27,171410470452,171506334705,511090560478,511186406400,33.8,37.1,35.3,38.6
1105068,16486,42.7976,13.1691,-65.78,174797141044,174893005741,514477201943,514573048320,33.8,37.1,35.3,38.6
1105121,16487,42.7647,13.1408,-65.40,178183811636,178279676272,517863843398,517959689728,33.8,37.1,35.3,38.6
1105174,16488,42.7760,13.1506,-67.29,181570482228,181666346815,521250484853,521346331136,33.8,37.1,35.3,38.6
1105227,16489,42.7694,13.1449,-65.92,184957152820,185053017358,524637126314,524732972544,33.8,37.1,35.3,38.6
1105280,16490,42.7896,13.1622,-64.53,188343822900,188439687391,528023767269,528119613440,33.8,37.1,35.3,38.6
1105333,16491,42.7882,13.1610,-65.19,191730493492,191826357950,531410408707,531506254848,33.8,37.1,35.3,38.6
1105386,16492,42.8023,13.1731,-65.06,195117164084,195213028505,534797050157,534892896256,33.8,37.1,35.3,38.6
1105439,16493,42.7929,13.1651,-66.24,198503834676,198599699061,538183691597,538279537664,33.8,37.1,35.3,38.6
1105492,16494,42.8116,13.1812,-65.09,201890504756,201986369112,541570332531,541666178560,33.8,37.1,35.3,38.6
1105545,16495,42.7882,13.1610,-65.72,205277175348,205373039672,544956973961,545052819968,33.8,37.1,35.3,38.6
1105598,16496,42.8304,13.1974,-65.42,208663845940,208759710249,548343615401,548439461376,33.8,36.1,35.3,37.6
1105651,16497,42.8116,13.1812,-65.25,212050516532,212146380815,551730256828,551826102784,33.8,37.1,35.3,38.6
1105704,16498,42.7835,13.1570,-66.87,215437187124,215533051386,555116898245,555212744192,33.8,37.1,35.3,38.6
1105757,16499,42.8257,13.1933,-65.13,218823857204,218919721451,558503539174,558599385088,33.8,37.1,35.3,38.6
1105810,16500,42.7943,13.1662,-64.61,222210527796,222306392029,561890180586,561986026496,33.8,37.1,35.3,38.6
1105863,16501,42.8130,13.1824,-64.77,225597198388,225693062616,565276822006,565372667904,33.8,37.1,35.3,38.6
1105916,16502,42.7882,13.1610,-65.21,228983868980,229079733201,568663463407,568759309312,33.8,37.1,35.3,38.6
1105969,16503,42.7741,13.1489,-65.07,232370539572,232466403788,572050104814,572145950720,33.8,37.1,35.3,38.6
1106022,16504,42.8023,13.1731,-65.46,235757209652,235853073878,575436745713,575532591616,33.8,37.1,35.3,38.6
1106075,16505,42.7989,13.1703,-64.92,239143880244,239239744476,578823387117,578919233024,33.8,37.1,35.3,38.6
1106128,16506,42.8130,13.1824,-64.79,242530550836,242626415075,582210028524,582305874432,33.8,37.1,35.3,38.6
1106181,16507,42.8257,13.1933,-65.07,245917221428,246013085689,585596669912,585692515840,33.8,36.1,35.3,37.6
1106234,16508,42.7976,13.1691,-65.46,249303892020,249399756288,588983311300,589079157248,33.8,37.1,35.3,38.6
1106287,16509,42.8069,13.1772,-66.60,252690562100,252786426388,592369952180,592465798144,33.8,37.1,35.3,38.6
1106340,16510,42.7989,13.1703,-64.68,256077232692,256173097001,595756593567,595852439552,33.8,37.1,35.3,38.6
1106393,16511,42.7882,13.1610,-65.30,259463903284,259559767621,599143234939,599239080960,33.8,37.1,35.3,38.6
1106446,16512,42.8412,13.2066,-64.74,262850573876,262946438249,602529876337,602625722368,33.8,37.1,35.3,38.6
1106499,16513,42.7835,13.1570,-65.09,266237244468,266333108863,605916517696,606012363776,33.8,37.1,35.3,38.6
1106552,16514,42.7989,13.1703,-64.50,269623914548,269719778986,609303158558,609399004672,33.8,37.1,35.3,38.6
1106605,16515,42.7976,13.1691,-65.62,273010585140,273106449614,612689799926,612785646080,33.8,37.1,35.3,38.6
1106658,16516,42.7755,13.1501,-64.90,276397255732,276493120247,616076441288,616172287488,33.8,37.1,35.3,38.6
1106711,16517,42.7741,13.1489,-65.74,279783926324,279879790890,619463082641,619558928896,33.8,36.1,35.3,37.6
1106764,16518,42.8036,13.1743,-64.17,283170596916,283266461537,622849724010,622945570304,33.8,37.1,35.3,38.6
1106817,16519,42.8036,13.1743,-64.32,286557266996,286653131668,626236364855,626332211200,33.8,37.1,35.3,38.6
1106870,16520,42.7802,13.1541,-64.64,289943937588,290039801801,629623006200,629718852096,33.8,37.1,35.3,38.6
1106923,16521,42.7802,13.1541,-64.87,293330608180,293426472458,633009647543,633105493504,33.8,37.1,35.3,38.6
1106976,16522,42.7849,13.1582,-64.94,296717278772,296813143114,636396288888,636492134912,33.8,37.1,35.3,38.6
1107029,16523,42.7755,13.1501,-64.55,300103949364,300199813774,639782930224,639878776320,33.8,37.1,35.3,38.6
1107082,16524,42.7989,13.1703,-64.32,303490619444,303586483930,643169571054,643265417216,33.8,37.1,35.3,38.6
1107135,16525,42.8083,13.1784,-64.92,306877290036,306973154598,646556212391,646652058624,33.8,37.1,35.3,38.6
1107188,16526,42.7708,13.1461,-64.70,310263960628,310359825259,649942853713,650038700032,33.8,37.1,35.3,38.6
1107241,16527,42.7929,13.1651,-65.34,313650631220,313746495938,653329495040,653425341440,33.8,37.1,35.3,38.6
1107294,16528,42.8271,13.1945,-64.70,317037301812,317133166116,656716136369,656811982336,33.8,37.1,35.3,38.6
1107347,16529,42.7882,13.1610,-65.25,320423972404,320519836791,660102777673,660198623744,33.8,37.1,35.3,38.6
1107400,16530,42.7882,13.1610,-65.21,323810642484,323906506966,663489418475,663585264640,33.8,37.1,35.3,38.6
1107453,16531,42.7741,13.1489,-65.09,327197313076,327293177643,666876059791,666971906048,33.8,37.1,35.3,38.6
1107506,16532,42.8116,13.1812,-65.70,330583983668,330679848348,670262701102,670358547456,33.8,37.1,35.3,38.6
1107559,16533,42.7929,13.1651,-65.32,333970654260,334066518528,673649342402,673745188352,33.8,37.1,35.3,38.6
1107612,16534,42.8365,13.2026,-64.55,337357324852,337453189236,677035983716,677131829760,33.8,37.1,35.3,38.6
1107665,16535,42.8036,13.1743,-64.55,340743994932,340839859420,680422624495,680518470656,33.8,37.1,35.3,38.6
1107718,16536,42.7849,13.1582,-64.59,344130665524,344226530126,683809265781,683905112064,33.8,37.1,35.3,38.6
1107771,16537,42.7929,13.1651,-65.27,347517336116,347613200329,687195907065,687291752960,33.8,37.1,35.3,38.6
1107824,16538,42.7882,13.1610,-65.06,350904006708,350999871039,690582548353,690678394368,33.8,37.1,35.3,38.6
1107877,16539,42.7694,13.1449,-65.07,354290677300,354386541755,693969189630,694065035776,33.8,37.1,35.3,38.6
1107930,16540,42.7694,13.1449,-65.54,357677347892,357773212474,697355830910,697451677184,33.8,37.1,35.3,38.6
1107983,16541,42.8042,13.1748,-67.02,361064018484,361159883198,700742472194,700838318592,33.8,37.1,35.3,38.6
1108036,16542,42.7929,13.1651,-65.02,364450688564,364546552907,704129112952,704224958976,33.8,37.1,35.3,38.6
1108089,16543,42.7943,13.1662,-64.50,367837359156,367933223646,707515754217,707611600384,33.8,37.1,35.3,38.6
1108142,16544,42.7989,13.1703,-64.33,371224029748,371319894371,710902395494,710998241792,33.8,37.1,35.3,38.6
1108195,16545,42.7849,13.1582,-64.94,374610700340,374706564601,714289036746,714384882688,33.8,37.1,35.3,38.6
1108248,16546,42.7989,13.1703,-64.85,377997370932,378093235350,717675678003,717771524096,33.8,37.1,35.3,38.6
1108301,16547,42.8271,13.1945,-64.52,381384041524,381479906095,721062319270,721158165504,33.8,37.1,35.3,38.6
1108354,16548,42.8116,13.1812,-65.17,384770711604,384866576328,724448960003,724544806400,33.8,37.1,35.3,38.6
1108407,16549,42.8116,13.1812,-65.74,388157382196,388253246567,727835601252,727931447296,33.8,37.1,35.3,38.6
1108460,16550,42.7708,13.1461,-64.85,391544052788,391639917315,731222242489,731318088704,33.8,37.1,35.3,38.6
1108513,16551,42.8116,13.1812,-65.74,394930723380,395026588076,734608883742,734704730112,33.8,37.1,35.3,38.6
1108566,16552,42.8257,13.1933,-65.40,398317393972,398413258332,737995524981,738091371008,33.8,37.1,35.3,38.6
1108619,16553,42.7882,13.1610,-65.15,401704064564,401799929093,741382166203,741478012416,33.8,37.1,35.3,38.6
1108672,16554,42.8229,13.1909,-67.13,405090735156,405186599857,744768807448,744864653824,33.8,37.1,35.3,38.6
1108725,16555,42.8257,13.1933,-66.92,408477405748,408573270122,748155448678,748251294720,33.8,37.1,35.3,38.6
1108778,16556,42.7989,13.1703,-64.44,411864075828,411959940380,751542089388,751637935616,33.8,37.1,35.3,38.6
1108831,16557,42.8036,13.1743,-64.76,415250746420,415346610653,754928730606,755024576512,33.8,37.1,35.3,38.6
1108884,16558,42.7943,13.1662,-64.42,418637417012,418733281440,758315371815,758411217920,33.8,37.1,35.3,38.6
1108937,16559,42.7976,13.1691,-65.70,422024087604,422119952219,761702013033,761797859328,33.8,37.1,35.3,38.6
1108990,16560,42.8398,13.2054,-65.92,425410758196,425506622505,765088654253,765184500224,33.8,37.1,35.3,38.6
1109043,16561,42.8318,13.1985,-64.52,428797428788,428893293298,768475295460,768571141632,33.8,37.1,35.3,38.6
1109096,16562,42.7896,13.1622,-65.00,432184099380,432279964078,771861936663,771957783040,33.8,37.1,35.3,38.6
1109149,16563,42.7929,13.1651,-66.22,435570769972,435666634380,775248577847,775344423936,33.8,37.1,35.3,38.6
1109202,16564,42.7647,13.1408,-66.64,438957440052,439053304657,778635218534,778731064832,33.8,37.1,35.3,38.6
1109255,16565,42.8459,13.2107,-64.77,442344110644,442439974971,782021859746,782117705728,33.8,37.1,35.3,38.6
1109308,16566,42.7929,13.1651,-66.89,445730781236,445826645769,785408500922,785504347136,33.8,37.1,35.3,38.6
1109361,16567,42.8036,13.1743,-64.32,449117451828,449213316071,788795142116,788890988032,33.8,37.1,35.3,38.6
1109414,16568,42.7835,13.1570,-66.20,452504122420,452599986895,792181783280,792277629440,33.8,37.1,35.3,38.6
1109467,16569,42.8163,13.1852,-65.09,455890793012,455986657715,795568424473,795664270848,33.8,37.1,35.3,38.6
1109520,16570,42.7989,13.1703,-64.63,459277463604,459373328029,798955065644,799050911744,33.8,37.1,35.3,38.6
1109573,16571,42.7976,13.1691,-66.89,462664134196,462759998852,802341706817,802437553152,33.8,37.1,35.3,38.6
1109626,16572,42.8036,13.1743,-64.66,466050804788,466146669173,805728347989,805824194048,33.8,37.1,35.3,38.6
1109679,16573,42.8257,13.1933,-65.28,469437475380,469533340014,809114989154,809210835456,33.8,37.1,35.3,38.6
1109732,16574,42.8318,13.1985,-64.48,472824145460,472920009837,812501629802,812597475840,33.8,37.1,35.3,38.6
1109785,16575,42.7943,13.1662,-64.42,476210816052,476306680671,815888270952,815984117248,33.8,37.1,35.3,38.6
1109838,16576,42.8271,13.1945,-64.08,479597486644,479693351013,819274912111,819370758144,33.8,37.1,35.3,38.6
1109891,16577,42.7943,13.1662,-64.17,482984157236,483080021851,822661553259,822757399552,33.8,37.1,35.3,38.6
1109944,16578,42.8459,13.2107,-64.96,486370827828,486466692205,826048194415,826144040448,33.8,37.1,35.3,38.6
1109997,16579,42.8271,13.1945,-64.85,489757498420,489853363061,829434835552,829530681856,33.8,37.1,35.3,38.6
1110050,16580,42.8036,13.1743,-64.92,493144169012,493240033411,832821476680,832917322752,33.8,37.1,35.3,38.6
1110103,16581,42.7896,13.1622,-64.81,496530839604,496626704270,836208117815,836303964160,33.8,37.1,35.3,38.6
1110156,16582,42.8069,13.1772,-65.28,499917510196,500013374632,839594758945,839690605056,33.8,37.1,35.3,38.6
1110209,16583,42.8069,13.1772,-66.49,503304180788,503400045503,842981400073,843077246464,33.8,37.1,35.3,38.6
1110262,16584,42.7849,13.1582,-64.39,506690851380,506786715861,846368041198,846463887360,33.8,37.1,35.3,38.6
1110315,16585,42.8177,13.1864,-64.70,510077521972,510173386240,849754682320,849850528256,33.8,37.1,35.3,38.6
1110368,16586,42.7849,13.1582,-64.35,513464192052,513560056597,853141322926,853237169152,33.8,37.1,35.3,38.6
1110421,16587,42.8116,13.1812,-65.19,516850862644,516946726981,856527964037,856623810048,33.8,36.1,35.3,37.6
1110474,16588,42.8163,13.1852,-66.00,520237533236,520333397865,859914605156,860010451456,33.8,37.1,35.3,38.6
1110527,16589,42.8036,13.1743,-64.46,523624203828,523720068255,863301246252,863397092352,33.8,37.1,35.3,38.6
1110580,16590,42.8304,13.1974,-65.60,527010874420,527106739149,866687887365,866783733760,33.8,37.1,35.3,38.6
1110633,16591,42.7849,13.1582,-64.48,530397545012,530493409527,870074528460,870170374656,33.8,37.1,35.3,38.6
1110686,16592,42.8539,13.2175,-65.70,533784215604,533880079942,873461169559,873557015552,33.8,37.1,35.3,38.6
1110739,16593,42.8351,13.2014,-65.21,537170886196,537266750833,876847810659,876943656960,33.8,37.1,35.3,38.6
1110792,16594,42.8459,13.2107,-64.44,540557556788,540653421232,880234451757,880330297856,33.8,37.1,35.3,38.6
1110845,16595,42.8492,13.2135,-65.42,543944227380,544040091638,883621092836,883716938752,33.8,37.1,35.3,38.6
1110898,16596,42.8036,13.1743,-64.74,547330897972,547426762548,887007733911,887103580160,33.8,37.1,35.3,38.6
1110951,16597,42.8069,13.1772,-65.04,550717568564,550813432964,890394374981,890490221056,33.8,36.1,35.3,37.6
1111004,16598,42.7929,13.1651,-65.15,554104239156,554200103875,893781016064,893876862464,33.8,37.1,35.3,38.6
1111057,16599,42.7849,13.1582,-64.55,557490909748,557586774296,897167657130,897263503360,33.8,37.1,35.3,38.6
1111110,16600,42.8412,13.2066,-64.44,560877580340,560973444720,900554298218,900650144256,33.8,37.1,35.3,38.6
1111163,16601,42.8069,13.1772,-66.08,564264250932,564360115653,903940939268,904036785664,33.8,37.1,35.3,38.6
1111216,16602,42.7802,13.1541,-64.64,567650921524,567746786070,907327580331,907423426560,33.8,37.1,35.3,38.6
1111269,16603,42.8224,13.1905,-64.76,571037592116,571133456502,910714221405,910810067456,33.8,37.1,35.3,38.6
1111322,16604,42.8023,13.1731,-66.37,574424262708,574520126934,914100862449,914196708352,33.8,37.1,35.3,38.6
1111375,16605,42.8130,13.1824,-64.74,577810933300,577906797882,917487503509,917583349760,33.8,37.1,35.3,38.6
1111428,16606,42.8177,13.1864,-64.50,581197603380,581293467813,920874144043,920969990144,33.8,37.1,35.3,38.6
1111481,16607,42.7989,13.1703,-64.98,584584273972,584680138245,924260785091,924356631040,33.8,37.1,35.3,38.6
1111534,16608,42.8083,13.1784,-64.63,587970944564,588066809203,927647426138,927743272448,33.8,37.1,35.3,38.6
1111587,16609,42.8224,13.1905,-64.44,591357615156,591453479656,931034067179,931129913344,33.8,37.1,35.3,38.6
1111640,16610,42.8036,13.1743,-64.72,594744285748,594840150102,934420708212,934516554240,33.8,37.1,35.3,38.6
1111693,16611,42.7896,13.1622,-64.85,598130956340,598226820556,937807349240,937903195136,33.8,37.1,35.3,38.6
1111746,16612,42.7896,13.1622,-64.68,601517626932,601613491532,941193990264,941289836544,33.8,37.1,35.3,38.6
1111799,16613,42.7929,13.1651,-65.64,604904297524,605000161995,944580631288,944676477440,33.8,37.1,35.3,38.6
1111852,16614,42.8069,13.1772,-66.94,608290968116,608386832462,947967272315,948063118336,33.8,37.1,35.3,38.6
1111905,16615,42.7989,13.1703,-64.85,611677638708,611773502926,951353913338,951449759232,33.8,37.1,35.3,38.6
1111958,16616,42.7976,13.1691,-66.43,615064309300,615160173912,954740554349,954836400640,33.8,37.1,35.3,38.6
1112011,16617,42.8036,13.1743,-64.83,618450979892,618546844391,958127195364,958223041536,33.8,37.1,35.3,38.6
1112064,16618,42.7943,13.1662,-64.85,621837650484,621933514876,961513836363,961609682432,33.8,37.1,35.3,38.6
1112117,16619,42.8304,13.1974,-65.50,625224321076,625320185367,964900477371,964996323328,33.8,37.1,35.3,38.6
1112170,16620,42.8552,13.2187,-64.61,628610991668,628706856375,968287118378,968382964736,33.8,37.1,35.3,38.6
1112223,16621,42.7849,13.1582,-64.70,631997662260,632093526860,971673759351,971769605632,33.8,37.1,35.3,38.6
1112276,16622,42.8177,13.1864,-64.50,635384332852,635480197359,975060400354,975156246528,33.8,37.1,35.3,38.6
1112329,16623,42.8083,13.1784,-64.87,638771003444,638866867864,978447041332,978542887424,33.8,37.1,35.3,38.6
1112382,16624,42.8257,13.1933,-65.06,642157674036,642253538369,981833682319,981929528320,33.8,37.1,35.3,38.6
1112435,16625,42.8365,13.2026,-64.41,645544344628,645640208874,985220323310,985316169216,33.8,37.1,35.3,38.6
1112488,16626,42.8224,13.1905,-64.53,648931015220,649026879902,988606964277,988702810624,33.8,37.1,35.3,38.6
1112541,16627,42.8224,13.1905,-64.68,652317685812,652413550419,991993605247,992089451520,33.8,37.1,35.3,38.6
1112594,16628,42.8069,13.1772,-65.15,655704356404,655800220940,995380246205,995476092416,33.8,37.1,35.3,38.6
1112647,16629,42.8163,13.1852,-65.27,659091026996,659186891470,998766887167,998862733312,33.8,37.1,35.3,38.6
1112700,16630,42.7989,13.1703,-64.90,662477697588,662573562000,1002153528120,1002249374208,33.8,37.1,35.3,38.6
1112753,16631,42.8210,13.1893,-65.21,665864368692,665960233045,1005540169594,1005636015616,33.8,37.1,35.3,38.6
1112806,16632,42.8318,13.1985,-64.44,669251039284,669346903586,1008926810549,1009022656512,33.8,37.1,35.3,38.6
1112859,16633,42.8365,13.2026,-64.52,672637709876,672733574123,1012313451502,1012409297408,33.8,37.1,35.3,38.6
1112912,16634,42.8083,13.1784,-64.83,676024380468,676120245173,1015700092439,1015795938816,33.8,37.1,35.3,38.6
1112965,16635,42.7929,13.1651,-65.04,679411051060,679506915718,1019086733373,1019182579712,33.8,37.1,35.3,38.6
1113018,16636,42.8318,13.1985,-64.52,682797721652,682893586279,1022473374320,1022569220608,33.8,37.1,35.3,38.6
1113071,16637,42.7943,13.1662,-64.87,686184392244,686280256832,1025860015238,1025955861504,33.8,37.1,35.3,38.6
1113124,16638,42.7989,13.1703,-64.53,689571062836,689666927392,1029246656169,1029342502400,33.8,37.1,35.3,38.6
1113177,16639,42.8116,13.1812,-66.79,692957733428,693053597952,1032633297099,1032729143296,33.8,37.1,35.3,38.6
1113230,16640,42.8224,13.1905,-64.55,696344404020,696440268523,1036019938023,1036115784192,33.8,37.1,35.3,38.6
1113283,16641,42.7976,13.1691,-66.66,699731074612,699826939086,1039406578934,1039502425088,33.8,37.1,35.3,38.6
1113336,16642,42.8116,13.1812,-66.16,703117745204,703213609669,1042793219846,1042889065984,33.8,37.1,35.3,38.6
1113389,16643,42.8163,13.1852,-65.07,706504415796,706600280243,1046179860762,1046275706880,33.8,37.1,35.3,38.6
1113442,16644,42.8398,13.2054,-65.86,709891086388,709986950831,1049566501671,1049662347776,33.8,37.1,35.3,38.6
1113495,16645,42.8177,13.1864,-64.41,713277756980,713373621419,1052953142565,1053048988672,33.8,37.1,35.3,38.6
1113548,16646,42.8177,13.1864,-64.55,716664427572,716760292009,1056339783463,1056435629568,33.8,37.1,35.3,38.6
1113601,16647,42.8318,13.1985,-64.68,720051098164,720146962606,1059726424361,1059822270464,33.8,37.1,35.3,38.6
1113654,16648,42.8318,13.1985,-64.77,723437768756,723533633207,1063113065247,1063208911360,33.8,37.1,35.3,38.6
1113707,16649,42.8304,13.1974,-66.12,726824439860,726920304322,1066499706641,1066595552768,33.8,37.1,35.3,38.6
1113760,16650,42.7976,13.1691,-65.96,730211110452,730306974931,1069886347506,1069982193664,33.8,37.1,35.3,38.6
1113813,16651,42.8445,13.2095,-66.20,733597781044,733693645543,1073272988402,1073368834560,33.8,37.1,35.3,38.6
1113866,16652,42.8023,13.1731,-66.64,736984451636,737080316158,1076659629256,1076755475456,33.8,37.1,35.3,38.6
1113919,16653,42.8177,13.1864,-64.68,740371122228,740466986788,1080046270125,1080142116352,33.8,37.1,35.3,38.6
1113972,16654,42.8083,13.1784,-64.98,743757792820,743853657413,1083432910983,1083528757248,33.8,37.1,35.3,38.6
1114025,16655,42.8599,13.2228,-64.85,747144463412,747240328048,1086819551859,1086915398144,33.8,37.1,35.3,38.6
1114078,16656,42.8177,13.1864,-64.90,750531134004,750626998683,1090206192693,1090302039040,33.8,37.1,35.3,38.6
1114131,16657,42.8351,13.2014,-65.20,753917804596,754013669330,1093592833538,1093688679936,33.8,37.1,35.3,38.6
1114184,16658,42.8257,13.1933,-65.07,757304473652,757400337926,1096979472842,1097075318784,33.8,37.1,35.3,38.6
1114237,16659,42.8459,13.2107,-64.83,760691144756,760787009092,854486425,950332416,33.8,37.1,35.3,38.6
1114290,16660,42.8679,13.2297,-66.10,764077815348,764173679750,4241127260,4336973312,33.8,37.1,35.3,38.6
1114343,16661,42.8552,13.2187,-64.92,767464485940,767560350414,7627768083,7723614208,33.8,37.1,35.3,38.6
1114396,16662,42.8036,13.1743,-64.94,770851158068,770947022602,11014410433,11110256640,33.8,37.1,35.3,38.6
1114449,16663,42.8023,13.1731,-65.50,774237828660,774333693265,14401051254,14496897536,33.8,37.1,35.3,38.6
1114502,16664,42.8318,13.1985,-64.44,777624499252,777720363944,17787692079,17883538432,33.8,37.1,35.3,38.6
1114555,16665,42.8539,13.2175,-66.62,781011169844,781107034103,21174332902,21270178816,33.8,37.1,35.3,38.6
1114608,16666,42.8163,13.1852,-65.06,784397840948,784493705298,24560974203,24656820224,33.8,37.1,35.3,38.6
1114661,16667,42.8224,13.1905,-64.46,787784511540,787880375982,27947615012,28043461120,33.8,37.1,35.3,38.6
1114714,16668,42.7943,13.1662,-64.83,791171182132,791267046656,31334255815,31430102016,33.8,37.1,35.3,38.6
1114767,16669,42.8130,13.1824,-64.30,794557852724,794653717354,34720896613,34816742912,33.8,37.1,35.3,38.6
1114820,16670,42.8511,13.2152,-67.07,797944523316,798040388049,38107537411,38203383808,33.8,37.1,35.3,38.6
1114873,16671,42.8412,13.2066,-64.68,801331193908,801427058237,41494178205,41590024192,33.8,37.1,35.3,38.6
1114926,16672,42.8271,13.1945,-64.41,804717865012,804813729449,44880819500,44976665600,33.8,37.1,35.3,38.6
1114979,16673,42.8116,13.1812,-66.47,808104535604,808200400149,48267460278,48363306496,33.8,37.1,35.3,38.6
1115032,16674,42.8036,13.1743,-64.77,811491206196,811587070855,51654101059,51749947392,33.8,37.1,35.3,38.6
1115085,16675,42.8539,13.2175,-65.06,814877876788,814973741059,55040741849,55136587776,33.8,37.1,35.3,38.6
1115138,16676,42.8586,13.2216,-66.57,818264547380,818360411773,58427382625,58523228672,33.8,37.1,35.3,38.6
1115191,16677,42.8365,13.2026,-64.66,821651217972,821747082484,61814023397,61909869568,33.8,37.1,35.3,38.6
1115244,16678,42.8365,13.2026,-64.53,825037889076,825133753716,65200664677,65296510976,33.8,37.1,35.3,38.6
1115297,16679,42.8699,13.2313,-67.00,828424559668,828520423928,68587305444,68683151360,33.8,37.1,35.3,38.6
1115350,16680,42.8445,13.2095,-65.02,831811230260,831907094658,71973946199,72069792256,33.8,37.1,35.3,38.6
1115403,16681,42.8069,13.1772,-65.36,835197900852,835293765383,75360586945,75456433152,33.8,37.1,35.3,38.6
1115456,16682,42.8271,13.1945,-64.64,838584571444,838680436120,78747227709,78843074048,33.8,37.1,35.3,38.6
1115509,16683,42.8693,13.2308,-64.53,841971242548,842067106869,82133868978,82229714944,33.8,37.1,35.3,38.6
1115562,16684,42.8539,13.2175,-65.28,845357913140,845453777600,85520509724,85616355840,33.8,37.1,35.3,38.6
1115615,16685,42.8130,13.1824,-64.50,848744583732,848840448341,88907150457,89002996736,33.8,37.1,35.3,38.6
1115668,16686,42.8586,13.2216,-65.28,852131254324,852227118581,92293791210,92389637120,33.8,37.1,35.3,38.6
1115721,16687,42.8224,13.1905,-64.83,855517924916,855613789334,95680431933,95776278016,33.8,37.1,35.3,38.6
1115774,16688,42.8304,13.1974,-66.53,858904596020,859000460591,99067073187,99162919424,33.8,37.1,35.3,38.6
1115827,16689,42.8224,13.1905,-64.64,862291266612,862387130849,102453713905,102549559808,33.8,37.1,35.3,38.6
1115880,16690,42.8492,13.2135,-65.04,865677937204,865773801611,105840354640,105936200704,33.8,37.1,35.3,38.6
1115933,16691,42.8492,13.2135,-65.46,869064607796,869160472372,109226995367,109322841600,33.8,37.1,35.3,38.6
1115986,16692,42.8552,13.2187,-64.64,872451278388,872547142635,112613636086,112709481984,33.8,36.1,35.3,37.6
1116039,16693,42.7943,13.1662,-64.44,875837949492,875933813915,116000277291,116096123392,33.8,37.1,35.3,38.6
1116092,16694,42.8177,13.1864,-64.68,879224620084,879320484694,119386918010,119482764288,33.8,37.1,35.3,38.6
1116145,16695,42.8412,13.2066,-64.72,882611290676,882707154970,122773558721,122869404672,33.8,37.1,35.3,38.6
1116198,16696,42.8210,13.1893,-65.68,885997961268,886093825746,126160199420,126256045568,33.8,37.1,35.3,38.6
1116251,16697,42.8163,13.1852,-66.30,889384632372,889480497044,129546840632,129642686976,33.8,37.1,35.3,38.6
1116304,16698,42.8412,13.2066,-64.39,892771302964,892867167336,132933481330,133029327360,33.8,37.1,35.3,38.6
1116357,16699,42.8318,13.1985,-64.39,896157973556,896253838126,136320122024,136415968256,33.8,37.1,35.3,38.6
1116410,16700,42.8506,13.2147,-64.81,899544644148,899640508420,139706762715,139802608640,33.8,37.1,35.3,38.6
1116463,16701,42.8177,13.1864,-64.92,902931315252,903027179734,143093403898,143189250048,33.8,37.1,35.3,38.6
1116516,16702,42.8506,13.2147,-64.48,906317985844,906413850540,146480044595,146575890944,33.8,37.1,35.3,38.6
1116569,16703,42.8257,13.1933,-65.88,909704656436,909800520842,149866685255,149962531328,33.8,37.1,35.3,38.6
1116622,16704,42.8445,13.2095,-65.56,913091327028,913187191667,153253325926,153349172224,33.8,37.1,35.3,38.6
1116675,16705,42.8398,13.2054,-66.79,916477998132,916573862479,156639967111,156735813120,33.8,37.1,35.3,38.6
1116728,16706,42.8224,13.1905,-64.76,919864668724,919960533292,160026607783,160122454016,33.8,37.1,35.3,38.6
1116781,16707,42.8506,13.2147,-64.42,923251339316,923347203625,163413248437,163509094400,33.8,37.1,35.3,38.6
1116834,16708,42.8163,13.1852,-65.27,926638009908,926733874449,166799889083,166895735296,33.8,37.1,35.3,38.6
1116887,16709,42.8679,13.2297,-65.40,930024681012,930120545293,170186530262,170282376192,33.8,37.1,35.3,38.6
1116940,16710,42.8492,13.2135,-66.72,933411351604,933507216125,173573170910,173669017088,33.8,36.1,35.3,37.6
1116993,16711,42.8632,13.2256,-65.04,936798022196,936893886464,176959811552,177055657472,33.8,37.1,35.3,38.6
1117046,16712,42.8586,13.2216,-66.85,940184692788,940280557305,180346452198,180442298368,33.8,37.1,35.3,38.6
1117099,16713,42.8586,13.2216,-66.92,943571363892,943667228165,183733093337,183828939264,33.8,37.1,35.3,38.6
1117152,16714,42.8177,13.1864,-64.98,946958034484,947053899016,187119733960,187215580160,33.8,37.1,35.3,38.6
1117205,16715,42.8351,13.2014,-65.34,950344705076,950440569371,190506374586,190602220544,33.8,37.1,35.3,38.6
1117258,16716,42.8271,13.1945,-64.52,953731376180,953827240744,193893015724,193988861952,33.8,37.1,35.3,38.6
1117311,16717,42.8693,13.2308,-64.89,957118046772,957213911108,197279656354,197375502336,33.8,37.1,35.3,38.6
1117364,16718,42.8083,13.1784,-64.39,960504717364,960600581976,200666296948,200762143232,33.8,37.1,35.3,38.6
1117417,16719,42.8506,13.2147,-64.61,963891387956,963987252340,204052937578,204148783616,33.8,37.1,35.3,38.6
1117470,16720,42.8412,13.2066,-64.68,967278059060,967373923736,207439578691,207535425024,33.8,37.1,35.3,38.6
1117523,16721,42.8539,13.2175,-65.02,970664729652,970760594112,210826219292,210922065408,33.8,37.1,35.3,38.6
1117576,16722,42.8506,13.2147,-64.48,974051400244,974147264490,214212859893,214308705792,33.8,37.1,35.3,38.6
1117629,16723,42.8271,13.1945,-64.53,977438071348,977533935891,217599500994,217695347200,33.8,37.1,35.3,38.6
1117682,16724,42.8679,13.2297,-65.54,980824741940,980920606279,220986141595,221081987584,33.8,37.1,35.3,38.6
1117735,16725,42.8492,13.2135,-65.19,984211412532,984307277175,224372782179,224468628480,33.8,37.1,35.3,38.6
1117788,16726,42.8646,13.2268,-64.92,987598083636,987693948088,227759423277,227855269376,33.8,37.1,35.3,38.6
1117841,16727,42.8646,13.2268,-64.96,990984754228,991080618483,231146063857,231241909760,33.8,37.1,35.3,38.6
1117894,16728,42.8257,13.1933,-65.04,994371424820,994467289391,234532704417,234628550656,33.8,37.1,35.3,38.6
1117947,16729,42.8740,13.2349,-64.76,997758095412,997853959806,237919345003,238015191040,33.8,37.1,35.3,38.6
1118000,16730,42.8599,13.2228,-64.85,1001144766516,1001240631236,241305986079,241401832448,33.8,37.1,35.3,38.6
1118053,16731,42.8365,13.2026,-64.81,1004531437108,1004627301652,244692626629,244788472832,33.8,37.1,35.3,38.6
1118106,16732,42.8632,13.2256,-66.60,1007918107700,1008013972075,248079267190,248175113216,33.8,37.1,35.3,38.6
1118159,16733,42.8552,13.2187,-64.77,1011304778804,1011400643514,251465908263,251561754624,33.8,37.1,35.3,38.6
1118212,16734,42.8224,13.1905,-64.94,1014691449396,1014787313942,254852548797,254948395008,33.8,36.1,35.3,37.6
1118265,16735,42.8740,13.2349,-64.64,1018078119988,1018173984377,258239189359,258335035392,33.8,37.1,35.3,38.6
1118318,16736,42.8492,13.2135,-66.83,1021464791092,1021560655325,261625830398,261721676288,33.8,37.1,35.3,38.6
1118371,16737,42.8271,13.1945,-64.81,1024851461684,1024947326274,265012470931,265108317184,33.8,37.1,35.3,38.6
1118424,16738,42.8365,13.2026,-64.87,1028238132788,1028333997233,268399111976,268494958080,33.8,37.1,35.3,38.6
1118477,16739,42.8506,13.2147,-64.55,1031624803380,1031720667684,271785752507,271881598464,33.8,37.1,35.3,38.6
1118530,16740,42.8318,13.1985,-64.83,1035011473972,1035107338643,275172393027,275268239360,33.8,37.1,35.3,38.6
1118583,16741,42.8224,13.1905,-64.79,1038398145076,1038494009610,278559034056,278654880256,33.8,37.1,35.3,38.6
1118636,16742,42.8646,13.2268,-64.77,1041784815668,1041880680071,281945674589,282041520640,33.8,37.1,35.3,38.6
1118689,16743,42.8867,13.2458,-65.86,1045171486260,1045267350538,285332315105,285428161024,33.8,37.1,35.3,38.6
1118742,16744,42.8318,13.1985,-64.87,1048558157364,1048654022023,288718956112,288814802432,33.8,37.1,35.3,38.6
1118795,16745,42.8210,13.1893,-65.02,1051944827956,1052040692486,292105596617,292201442816,33.8,37.1,35.3,38.6
1118848,16746,42.8318,13.1985,-64.90,1055331498548,1055427362971,295492237115,295588083200,33.8,37.1,35.3,38.6
1118901,16747,42.8646,13.2268,-64.52,1058718169652,1058814033963,298878878137,298974724096,33.8,37.1,35.3,38.6
1118954,16748,42.8599,13.2228,-64.77,1062104840244,1062200704951,302265518635,302361364992,33.8,37.1,35.3,38.6
1119007,16749,42.8318,13.1985,-64.90,1065491511348,1065587375946,305652159629,305748005888,33.8,37.1,35.3,38.6
1119060,16750,42.8210,13.1893,-65.27,1068878181940,1068974046436,309038800107,309134646272,33.8,37.1,35.3,38.6
1119113,16751,42.8740,13.2349,-64.92,1072264852532,1072360716933,312425440612,312521286656,33.8,37.1,35.3,38.6
1119166,16752,42.8599,13.2228,-64.41,1075651523636,1075747387944,315812081595,315907927552,33.8,37.1,35.3,38.6
1119219,16753,42.8679,13.2297,-65.04,1079038194228,1079134058948,319198722079,319294568448,33.8,37.1,35.3,38.6
1119272,16754,42.8412,13.2066,-64.24,1082424865332,1082520729964,322585363054,322681209344,33.8,37.1,35.3,38.6
1119325,16755,42.8271,13.1945,-64.42,1085811535924,1085907400469,325972003520,326067849728,33.8,36.1,35.3,37.6
1119378,16756,42.8539,13.2175,-66.85,1089198206516,1089294070977,329358643996,329454490112,33.8,37.1,35.3,38.6
1119431,16757,42.8539,13.2175,-65.94,1092584877620,1092680742002,332745284970,332841131008,33.8,37.1,35.3,38.6
1119484,16758,42.8834,13.2430,-64.77,1095971548212,1096067412532,336131925433,336227771392,33.8,37.1,35.3,38.6
1119537,16759,42.8412,13.2066,-64.74,1099358219316,1099454083551,339518566395,339614412288,33.8,37.1,35.3,38.6
1119590,16760,42.8599,13.2228,-64.50,3233262132,3329126817,342905206850,343001053184,33.8,37.1,35.3,38.6
1119643,16761,42.8412,13.2066,-64.76,6619933236,6715797852,346291847807,346387694080,33.8,37.1,35.3,38.6
1119696,16762,42.8163,13.1852,-66.20,10006603828,10102468377,349678488244,349774334464,33.8,37.1,35.3,38.6
1119749,16763,42.8459,13.2107,-64.39,13393274420,13489138916,353065128697,353160974848,33.8,37.1,35.3,38.6
1119802,16764,42.8539,13.2175,-65.27,16779945524,16875809967,356451769645,356547615744,33.8,37.1,35.3,38.6
1119855,16765,42.8552,13.2187,-64.76,20166616116,20262480503,359838410090,359934256128,33.8,37.1,35.3,38.6
1119908,16766,42.8867,13.2458,-65.06,23553287220,23649151563,363225051040,363320897024,33.8,37.1,35.3,38.6
1119961,16767,42.8773,13.2377,-66.20,26939957812,27035822119,366611691456,366707537408,33.8,37.1,35.3,38.6
1120014,16768,42.8740,13.2349,-64.76,30326628916,30422493174,369998332402,370094178304,33.8,37.1,35.3,38.6
1120067,16769,42.8679,13.2297,-65.70,33713299508,33809164246,373384972813,373480819200,33.8,37.1,35.3,38.6
1120120,16770,42.8726,13.2337,-66.47,37099970100,37195834798,376771613238,376867459584,33.8,37.1,35.3,38.6
1120173,16771,42.8412,13.2066,-64.79,40486641204,40582505876,380158254150,380254100480,33.8,37.1,35.3,38.6
1120226,16772,42.8539,13.2175,-65.40,43873311796,43969176442,383544894562,383640740864,33.8,36.1,35.3,37.6
1120279,16773,42.8318,13.1985,-64.42,47259982900,47355847527,386931535472,387027381760,33.8,37.1,35.3,38.6
1120332,16774,42.8412,13.2066,-64.48,50646653492,50742518103,390318175876,390414022144,33.8,37.1,35.3,38.6
1120385,16775,42.8492,13.2135,-65.15,54033324596,54129189190,393704816789,393800663040,33.8,37.1,35.3,38.6
1120438,16776,42.8271,13.1945,-64.90,57419995188,57515859761,397091457188,397187303424,33.8,37.1,35.3,38.6
1120491,16777,42.8318,13.1985,-64.41,60806666292,60902530867,400478098084,400573944320,33.8,37.1,35.3,38.6
1120544,16778,42.8412,13.2066,-64.61,64193336884,64289201458,403864738473,403960584704,33.8,37.1,35.3,38.6
1120597,16779,42.8459,13.2107,-64.68,67580007988,67675872565,407251379367,407347225600,33.8,37.1,35.3,38.6
1120650,16780,42.8552,13.2187,-64.98,70966678580,71062543159,410638019754,410733865984,33.8,37.1,35.3,38.6
1120703,16781,42.8365,13.2026,-64.79,74353349684,74449214277,414024660628,414120506880,33.8,37.1,35.3,38.6
1120756,16782,42.8365,13.2026,-64.74,77740020276,77835884886,417411300995,417507147264,33.8,37.1,35.3,38.6
1120809,16783,42.8224,13.1905,-64.39,81126691380,81222556007,420797941867,420893788160,33.8,37.1,35.3,38.6
1120862,16784,42.8445,13.2095,-66.45,84513361972,84609226616,424184582241,424280428544,33.8,37.1,35.3,38.6
1120915,16785,42.8599,13.2228,-64.68,87900033076,87995897757,427571223110,427667069440,33.8,37.1,35.3,38.6
1120968,16786,42.8552,13.2187,-64.68,91286703668,91382568369,430957863472,431053709824,33.8,37.1,35.3,38.6
1121021,16787,42.8599,13.2228,-64.74,94673374772,94769239512,434344504331,434440350720,33.8,37.1,35.3,38.6
1121074,16788,42.8881,13.2470,-65.00,98060045364,98155909632,437731144687,437826990592,33.8,37.1,35.3,38.6
1121127,16789,42.8726,13.2337,-66.28,101446716468,101542580782,441117785527,441213631488,33.8,37.1,35.3,38.6
1121180,16790,42.8679,13.2297,-66.85,104833387060,104929251414,444504425869,444600271872,33.8,37.1,35.3,38.6
1121233,16791,42.8961,13.2539,-65.23,108220058164,108315922568,447891066727,447986912768,33.8,37.1,35.3,38.6
1121286,16792,42.8914,13.2498,-65.86,111606728756,111702593219,451277707049,451373553152,33.8,37.1,35.3,38.6
1121339,16793,42.8586,13.2216,-66.20,114993399860,115089264372,454664347883,454760194048,33.8,37.1,35.3,38.6
1121392,16794,42.8506,13.2147,-64.68,118380070452,118475935028,458050988202,458146834432,33.8,37.1,35.3,38.6
1121445,16795,42.8773,13.2377,-65.82,121766741556,121862606206,461437629033,461533475328,33.8,37.1,35.3,38.6
1121498,16796,42.8834,13.2430,-64.98,125153412148,125249276868,464824269353,464920115712,33.8,37.1,35.3,38.6
1121551,16797,42.9102,13.2660,-65.52,128540083252,128635947550,468210910167,468306756096,33.8,37.1,35.3,38.6
1121604,16798,42.8506,13.2147,-64.52,131926754356,132022618723,471597550971,471693396992,33.8,37.1,35.3,38.6
1121657,16799,42.8599,13.2228,-64.46,135313424948,135409289397,474984191277,475080037376,33.8,37.1,35.3,38.6
1121710,16800,42.8552,13.2187,-64.72,138700096052,138795960587,478370832085,478466678272,33.8,37.1,35.3,38.6
1121763,16801,42.8177,13.1864,-64.68,142086766644,142182631265,481757472368,481853318656,33.8,37.1,35.3,38.6
1121816,16802,42.9309,13.2838,-67.11,145473437748,145569302477,485144113194,485239959552,33.8,37.1,35.3,38.6
1121869,16803,42.8881,13.2470,-64.48,148860108340,148955972660,488530753466,488626599424,33.8,37.1,35.3,38.6
1121922,16804,42.8834,13.2430,-64.77,152246779444,152342643865,491917394259,492013240320,33.8,37.1,35.3,38.6
1121975,16805,42.8693,13.2308,-64.94,155633450548,155729315073,495304035046,495399881216,33.8,37.1,35.3,38.6
1122028,16806,42.8459,13.2107,-64.64,159020121140,159115985778,498690675306,498786521600,33.8,37.1,35.3,38.6
1122081,16807,42.8646,13.2268,-64.81,162406792244,162502656493,502077316088,502173161984,33.8,37.1,35.3,38.6
1122134,16808,42.8506,13.2147,-64.50,165793462836,165889327203,505463956348,505559802368,33.8,37.1,35.3,38.6
1122187,16809,42.8365,13.2026,-64.63,169180133940,169275998433,508850597111,508946443264,33.8,37.1,35.3,38.6
1122240,16810,42.8539,13.2175,-65.04,172566805044,172662669666,512237237882,512333084160,33.8,37.1,35.3,38.6
1122293,16811,42.8646,13.2268,-64.66,175953475636,176049339881,515623878139,515719724032,33.8,37.1,35.3,38.6
1122346,16812,42.8834,13.2430,-64.87,179340146740,179436011129,519010518900,519106364928,33.8,37.1,35.3,38.6
1122399,16813,42.8586,13.2216,-65.92,182726817332,182822681849,522397159141,522493005312,33.8,37.1,35.3,38.6
1122452,16814,42.8646,13.2268,-64.92,186113488436,186209353103,525783799893,525879646208,33.8,37.1,35.3,38.6
1122505,16815,42.8740,13.2349,-64.46,189500159540,189596023858,529170440631,529266286592,33.8,37.1,35.3,38.6
1122558,16816,42.8787,13.2389,-64.85,192886830132,192982694596,532557080870,532652926976,33.8,37.1,35.3,38.6
1122611,16817,42.8459,13.2107,-64.85,196273501236,196369365854,535943721599,536039567872,33.8,37.1,35.3,38.6
1122664,16818,42.9149,13.2700,-66.60,199660172340,199756036617,539330362350,539426208256,33.8,37.1,35.3,38.6
1122717,16819,42.8412,13.2066,-64.74,203046842932,203142707372,542717002542,542812848640,33.8,37.1,35.3,38.6
1122770,16820,42.8506,13.2147,-64.55,206433514036,206529378645,546103643274,546199489536,33.8,37.1,35.3,38.6
1122823,16821,42.8961,13.2539,-65.15,209820184628,209916048902,549490283497,549586129408,33.8,37.1,35.3,38.6
1122876,16822,42.8318,13.1985,-64.61,213206855732,213302720182,552876924193,552972770304,33.8,37.1,35.3,38.6
1122929,16823,42.8539,13.2175,-65.60,216593526836,216689391470,556263564911,556359411200,33.8,37.1,35.3,38.6
1122982,16824,42.8787,13.2389,-64.42,219980197428,220076061745,559650205113,559746051072,33.8,37.1,35.3,38.6
1123035,16825,42.8445,13.2095,-65.25,223366868532,223462733035,563036845805,563132691968,33.8,37.1,35.3,38.6
1123088,16826,42.8459,13.2107,-64.53,226753539636,226849404330,566423486514,566519332864,33.8,37.1,35.3,38.6
1123141,16827,42.8834,13.2430,-64.57,230140210228,230236074621,569810126704,569905972736,33.8,37.1,35.3,38.6
1123194,16828,42.8552,13.2187,-64.68,233526881332,233622745918,573196767395,573292613632,33.8,37.1,35.3,38.6
1123247,16829,42.8914,13.2498,-66.18,236913552436,237009416722,576583408091,576679254016,33.8,37.1,35.3,38.6
1123300,16830,42.8459,13.2107,-64.50,240300223028,240396087520,579970048253,580065894400,33.8,37.1,35.3,38.6
1123353,16831,42.8740,13.2349,-64.77,243686894132,243782758838,583356688947,583452535296,33.8,36.1,35.3,37.6
1123406,16832,42.9102,13.2660,-65.17,247073565236,247169429659,586743329626,586839175680,33.8,37.1,35.3,38.6
1123459,16833,42.8552,13.2187,-64.66,250460236340,250556100972,590129970292,590225816576,33.8,37.1,35.3,38.6
1123512,16834,42.8914,13.2498,-65.21,253846906932,253942771280,593516610461,593612456448,33.8,37.1,35.3,38.6
1123565,16835,42.8365,13.2026,-64.77,257233578036,257329442606,596903251114,596999097344,33.8,36.1,35.3,37.6
1123618,16836,42.8646,13.2268,-64.64,260620249140,260716113440,600289891781,600385737728,33.8,37.1,35.3,38.6
1123671,16837,42.8867,13.2458,-65.09,264006919732,264102784258,603676531945,603772378112,33.8,37.1,35.3,38.6
1123724,16838,42.8834,13.2430,-64.79,267393590836,267489455095,607063172597,607159018496,33.8,37.1,35.3,38.6
1123777,16839,42.8318,13.1985,-64.41,270780261940,270876126435,610449813235,610545659392,33.8,37.1,35.3,38.6
1123830,16840,42.8773,13.2377,-66.51,274166932532,274262797278,613836453385,613932299776,33.8,36.1,35.3,37.6
1123883,16841,42.8787,13.2389,-64.92,277553603636,277649468115,617223094039,617318940160,33.8,37.1,35.3,38.6
