timestamp_us,elapsed_ms,state,cmd_vel_mps,target_rpm_l,target_rpm_r,meas_rpm_l,meas_rpm_r,pwm_duty_l,pwm_duty_r,steps_l,steps_r,dist_m_l,dist_m_r,vbus_v,current_ma,gyro_z_dps,yaw_deg,enc_l_valid,enc_r_valid,ina_valid
1256521,0,0,0.000,0.00,0.00,0.00,0.00,0.000,0.000,0,0,0.0000,0.0000,8.47,1.2,0.305,0.000,1,1,1
1266521,10,0,0.000,0.00,0.00,0.00,0.00,0.000,0.000,0,0,0.0000,0.0000,8.48,1.2,0.244,0.000,1,1,1
1276522,20,0,0.000,0.00,0.00,0.00,0.00,0.000,0.000,0,0,0.0000,0.0000,8.47,1.0,0.305,0.000,1,1,1
1286534,30,0,0.000,0.00,0.00,0.00,0.00,0.000,0.000,0,0,0.0000,0.0000,8.47,1.0,0.244,0.000,1,1,1
1296545,40,0,0.000,0.00,0.00,0.00,0.00,0.000,0.000,0,0,0.0000,0.0000,8.48,1.0,0.183,0.000,1,1,1
1306549,50,0,0.000,0.00,0.00,0.00,1.03,0.000,0.000,0,1,0.0000,0.0000,8.48,1.0,0.305,0.000,1,1,1
1316557,60,0,0.000,0.00,0.00,0.00,-0.72,0.000,0.000,0,0,0.0000,0.0000,8.48,1.0,0.305,0.000,1,1,1
1326567,70,0,0.000,0.00,0.00,0.00,-0.22,0.000,0.000,0,0,0.0000,0.0000,8.48,1.0,0.183,0.000,1,1,1
1336573,80,0,0.000,0.00,0.00,0.00,-0.06,0.000,0.000,0,0,0.0000,0.0000,8.48,1.0,0.244,0.000,1,1,1
1346573,90,0,0.000,0.00,0.00,0.00,-0.02,0.000,0.000,0,0,0.0000,0.0000,8.48,1.2,0.305,0.000,1,1,1
1356589,100,0,0.000,0.00,0.00,0.00,-0.01,0.000,0.000,0,0,0.0000,0.0000,8.48,1.2,0.244,0.000,1,1,1
1366598,110,0,0.000,0.00,0.00,0.00,-0.00,0.000,0.000,0,0,0.0000,0.0000,8.48,1.0,0.305,0.000,1,1,1
1376600,120,0,0.000,0.00,0.00,0.00,-0.00,0.000,0.000,0,0,0.0000,0.0000,8.48,1.0,0.183,0.000,1,1,1
1386613,130,0,0.000,0.00,0.00,0.00,-0.00,0.000,0.000,0,0,0.0000,0.0000,8.47,1.0,0.244,0.000,1,1,1
1396622,140,0,0.000,0.00,0.00,0.00,-0.00,0.000,0.000,0,0,0.0000,0.0000,8.48,1.0,0.366,0.000,1,1,1
1406635,150,0,0.000,0.00,0.00,0.00,-0.00,0.000,0.000,0,0,0.0000,0.0000,8.48,1.0,0.244,0.000,1,1,1
1416635,160,0,0.000,0.00,0.00,0.00,-0.00,0.000,0.000,0,0,0.0000,0.0000,8.48,1.0,0.183,0.000,1,1,1
1426637,170,0,0.000,0.00,0.00,0.00,-0.00,0.000,0.000,0,0,0.0000,0.0000,8.47,1.0,0.244,0.000,1,1,1
1436645,180,0,0.000,0.00,0.00,0.00,-0.00,0.000,0.000,0,0,0.0000,0.0000,8.48,0.8,0.244,0.000,1,1,1
1446649,190,0,0.000,0.00,0.00,0.00,-0.00,0.000,0.000,0,0,0.0000,0.0000,8.47,1.0,0.183,0.000,1,1,1
1456650,200,0,0.000,0.00,0.00,0.00,-0.00,0.000,0.000,0,0,0.0000,0.0000,8.48,1.0,0.244,0.000,1,1,1
1466661,210,0,0.000,0.00,0.00,0.00,-0.00,0.000,0.000,0,0,0.0000,0.0000,8.48,1.0,0.244,0.000,1,1,1
1476665,220,0,0.000,0.00,0.00,0.00,-0.00,0.000,0.000,0,0,0.0000,0.0000,8.47,1.0,0.244,0.000,1,1,1
1486676,230,0,0.000,0.00,0.00,0.00,-0.00,0.000,0.000,0,0,0.0000,0.0000,8.47,0.8,0.183,0.000,1,1,1
1496676,240,0,0.000,0.00,0.00,0.00,-0.00,0.000,0.000,0,0,0.0000,0.0000,8.47,1.0,0.366,0.000,1,1,1
1506676,250,0,0.000,0.00,0.00,0.00,-0.00,0.000,0.000,0,0,0.0000,0.0000,8.48,1.0,0.366,0.000,1,1,1
1516680,260,0,0.000,0.00,0.00,0.00,-0.00,0.000,0.000,0,0,0.0000,0.0000,8.47,1.0,0.305,0.000,1,1,1
1526687,270,0,0.000,0.00,0.00,0.00,-0.00,0.000,0.000,0,0,0.0000,0.0000,8.48,1.0,0.305,0.000,1,1,1
1536691,280,0,0.000,0.00,0.00,0.00,-0.00,0.000,0.000,0,0,0.0000,0.0000,8.47,1.0,0.244,0.000,1,1,1
1546704,290,0,0.000,0.00,0.00,0.00,-0.00,0.000,0.000,0,0,0.0000,0.0000,8.48,1.0,0.244,0.000,1,1,1
1556704,300,0,0.000,0.00,0.00,0.00,-0.00,0.000,0.000,0,0,0.0000,0.0000,8.47,1.0,0.244,0.000,1,1,1
1566706,310,0,0.000,0.00,0.00,0.00,-0.00,0.000,0.000,0,0,0.0000,0.0000,8.47,1.0,0.244,0.000,1,1,1
1576711,320,0,0.000,0.00,0.00,0.00,-0.00,0.000,0.000,0,0,0.0000,0.0000,8.48,1.2,0.183,0.000,1,1,1
1586711,330,0,0.000,0.00,0.00,0.00,-0.00,0.000,0.000,0,0,0.0000,0.0000,8.47,1.2,0.244,0.000,1,1,1
1596719,340,0,0.000,0.00,0.00,0.00,-0.00,0.000,0.000,0,0,0.0000,0.0000,8.48,1.2,0.244,0.000,1,1,1
1606729,350,0,0.000,0.00,0.00,0.00,-0.00,0.000,0.000,0,0,0.0000,0.0000,8.48,1.2,0.244,0.000,1,1,1
1616744,360,0,0.000,0.00,0.00,0.00,-0.00,0.000,0.000,0,0,0.0000,0.0000,8.48,1.0,0.305,0.000,1,1,1
1626749,370,0,0.000,0.00,0.00,0.00,-0.00,0.000,0.000,0,0,0.0000,0.0000,8.47,1.2,0.305,0.000,1,1,1
1636749,380,0,0.000,0.00,0.00,0.00,1.03,0.000,0.000,0,1,0.0000,0.0000,8.47,1.0,0.305,0.000,1,1,1
1646749,390,0,0.000,0.00,0.00,0.00,-0.72,0.000,0.000,0,0,0.0000,0.0000,8.47,1.0,0.366,0.000,1,1,1
1656763,400,0,0.000,0.00,0.00,0.00,-0.22,0.000,0.000,0,0,0.0000,0.0000,8.48,1.0,0.305,0.000,1,1,1
1666774,410,0,0.000,0.00,0.00,0.00,-0.06,0.000,0.000,0,0,0.0000,0.0000,8.48,1.2,0.244,0.000,1,1,1
1676783,420,0,0.000,0.00,0.00,0.00,-0.02,0.000,0.000,0,0,0.0000,0.0000,8.47,1.0,0.305,0.000,1,1,1
1686786,430,0,0.000,0.00,0.00,0.00,-0.01,0.000,0.000,0,0,0.0000,0.0000,8.47,1.0,0.366,0.000,1,1,1
1696797,440,0,0.000,0.00,0.00,0.00,-0.00,0.000,0.000,0,0,0.0000,0.0000,8.47,1.0,0.244,0.000,1,1,1
1706810,450,0,0.000,0.00,0.00,0.00,-0.00,0.000,0.000,0,0,0.0000,0.0000,8.47,1.0,0.366,0.000,1,1,1
1716810,460,0,0.000,0.00,0.00,0.00,-0.00,0.000,0.000,0,0,0.0000,0.0000,8.48,1.2,0.244,0.000,1,1,1
1726817,470,0,0.000,0.00,0.00,0.00,-0.00,0.000,0.000,0,0,0.0000,0.0000,8.47,1.0,0.244,0.000,1,1,1
1736819,480,0,0.000,0.00,0.00,0.00,-0.00,0.000,0.000,0,0,0.0000,0.0000,8.47,1.0,0.305,0.000,1,1,1
1746832,490,0,0.000,0.00,0.00,0.00,-0.00,0.000,0.000,0,0,0.0000,0.0000,8.47,1.0,0.305,0.000,1,1,1
1756839,500,0,0.000,0.00,0.00,0.00,-0.00,0.000,0.000,0,0,0.0000,0.0000,8.47,1.0,0.244,0.000,1,1,1
1766846,510,0,0.000,0.00,0.00,0.00,-0.00,0.000,0.000,0,0,0.0000,0.0000,8.47,1.0,0.244,0.000,1,1,1
1776856,520,0,0.000,0.00,0.00,0.00,-0.00,0.000,0.000,0,0,0.0000,0.0000,8.48,1.0,0.305,0.000,1,1,1
1786856,530,0,0.000,0.00,0.00,0.00,-0.00,0.000,0.000,0,0,0.0000,0.0000,8.48,1.0,0.305,0.000,1,1,1
1796865,540,0,0.000,0.00,0.00,0.00,-0.00,0.000,0.000,0,0,0.0000,0.0000,8.47,1.2,0.366,0.000,1,1,1
1806865,550,0,0.000,0.00,0.00,0.00,1.03,0.000,0.000,0,1,0.0000,0.0000,8.48,1.0,0.305,0.000,1,1,1
1816865,560,0,0.000,0.00,0.00,0.00,-0.72,0.000,0.000,0,0,0.0000,0.0000,8.47,1.0,0.305,0.000,1,1,1
1826865,570,0,0.000,0.00,0.00,0.00,-0.22,0.000,0.000,0,0,0.0000,0.0000,8.48,1.0,0.244,0.000,1,1,1
1836877,580,0,0.000,0.00,0.00,0.00,-0.06,0.000,0.000,0,0,0.0000,0.0000,8.48,1.0,0.305,0.000,1,1,1
1846880,590,0,0.000,0.00,0.00,0.00,-0.02,0.000,0.000,0,0,0.0000,0.0000,8.48,1.0,0.305,0.000,1,1,1
1856893,600,0,0.000,0.00,0.00,0.00,-0.01,0.000,0.000,0,0,0.0000,0.0000,8.47,1.2,0.305,0.000,1,1,1
1866903,610,0,0.000,0.00,0.00,0.00,-0.00,0.000,0.000,0,0,0.0000,0.0000,8.48,1.0,0.305,0.000,1,1,1
1876908,620,0,0.000,0.00,0.00,0.00,-0.00,0.000,0.000,0,0,0.0000,0.0000,8.48,1.0,0.305,0.000,1,1,1
1886916,630,0,0.000,0.00,0.00,0.00,-0.00,0.000,0.000,0,0,0.0000,0.0000,8.48,1.0,0.305,0.000,1,1,1
1896925,640,0,0.000,0.00,0.00,0.00,-0.00,0.000,0.000,0,0,0.0000,0.0000,8.47,1.0,0.183,0.000,1,1,1
1906934,650,0,0.000,0.00,0.00,0.00,-0.00,0.000,0.000,0,0,0.0000,0.0000,8.47,1.0,0.183,0.000,1,1,1
1916940,660,0,0.000,0.00,0.00,0.00,-0.00,0.000,0.000,0,0,0.0000,0.0000,8.47,0.8,0.244,0.000,1,1,1
1926949,670,0,0.000,0.00,0.00,0.00,-0.00,0.000,0.000,0,0,0.0000,0.0000,8.47,1.0,0.244,0.000,1,1,1
1936956,680,0,0.000,0.00,0.00,0.00,-0.00,0.000,0.000,0,0,0.0000,0.0000,8.48,1.0,0.305,0.000,1,1,1
1946964,690,0,0.000,0.00,0.00,0.00,-0.00,0.000,0.000,0,0,0.0000,0.0000,8.47,1.0,0.244,0.000,1,1,1
1956964,700,0,0.000,0.00,0.00,0.00,-0.00,0.000,0.000,0,0,0.0000,0.0000,8.48,1.0,0.183,0.000,1,1,1
1966968,710,0,0.000,0.00,0.00,0.00,-0.00,0.000,0.000,0,0,0.0000,0.0000,8.47,1.0,0.305,0.000,1,1,1
1976979,720,0,0.000,0.00,0.00,0.00,-0.00,0.000,0.000,0,0,0.0000,0.0000,8.47,1.0,0.244,0.000,1,1,1
1986992,730,0,0.000,0.00,0.00,0.00,-0.00,0.000,0.000,0,0,0.0000,0.0000,8.47,1.0,0.305,0.000,1,1,1
1996999,741,0,0.000,0.00,0.00,0.00,1.03,0.000,0.000,0,1,0.0000,0.0000,8.47,1.0,0.305,0.000,1,1,1
2007007,751,0,0.000,0.00,0.00,0.00,-0.72,0.000,0.000,0,0,0.0000,0.0000,8.48,1.0,0.244,0.000,1,1,1
2017007,761,0,0.000,0.00,0.00,0.00,-0.22,0.000,0.000,0,0,0.0000,0.0000,8.47,1.0,0.244,0.000,1,1,1
2027014,771,0,0.000,0.00,0.00,0.00,-0.06,0.000,0.000,0,0,0.0000,0.0000,8.47,1.0,0.305,0.000,1,1,1
2037016,781,0,0.000,0.00,0.00,0.00,-0.02,0.000,0.000,0,0,0.0000,0.0000,8.48,0.8,0.305,0.000,1,1,1
2047025,791,0,0.000,0.00,0.00,0.00,-0.01,0.000,0.000,0,0,0.0000,0.0000,8.47,1.0,0.305,0.000,1,1,1
2057032,801,0,0.000,0.00,0.00,0.00,-0.00,0.000,0.000,0,0,0.0000,0.0000,8.48,1.0,0.305,0.000,1,1,1
2067043,811,0,0.000,0.00,0.00,0.00,-0.00,0.000,0.000,0,0,0.0000,0.0000,8.48,0.8,0.244,0.000,1,1,1
2077047,821,0,0.000,0.00,0.00,0.00,-0.00,0.000,0.000,0,0,0.0000,0.0000,8.48,1.0,0.305,0.000,1,1,1
2087059,831,0,0.000,0.00,0.00,0.00,-0.00,0.000,0.000,0,0,0.0000,0.0000,8.47,1.0,0.305,0.000,1,1,1
2097062,841,0,0.000,0.00,0.00,0.00,1.03,0.000,0.000,0,1,0.0000,0.0000,8.47,1.0,0.244,0.000,1,1,1
2107079,851,0,0.000,0.00,0.00,0.00,-0.72,0.000,0.000,0,0,0.0000,0.0000,8.47,1.0,0.244,0.000,1,1,1
2117087,861,0,0.000,0.00,0.00,0.00,-0.22,0.000,0.000,0,0,0.0000,0.0000,8.47,1.0,0.305,0.000,1,1,1
2127090,871,0,0.000,0.00,0.00,0.00,-0.06,0.000,0.000,0,0,0.0000,0.0000,8.48,1.0,0.244,0.000,1,1,1
2137097,881,0,0.000,0.00,0.00,0.00,-0.02,0.000,0.000,0,0,0.0000,0.0000,8.47,1.0,0.305,0.000,1,1,1
2147097,891,0,0.000,0.00,0.00,0.00,-0.01,0.000,0.000,0,0,0.0000,0.0000,8.47,1.0,0.244,0.000,1,1,1
2157109,901,0,0.000,0.00,0.00,0.00,-0.00,0.000,0.000,0,0,0.0000,0.0000,8.48,1.2,0.244,0.000,1,1,1
2167109,911,0,0.000,0.00,0.00,0.00,-0.00,0.000,0.000,0,0,0.0000,0.0000,8.47,1.0,0.305,0.000,1,1,1
2177110,921,0,0.000,0.00,0.00,0.00,-0.00,0.000,0.000,0,0,0.0000,0.0000,8.47,1.2,0.305,0.000,1,1,1
2187125,931,0,0.000,0.00,0.00,0.00,-0.00,0.000,0.000,0,0,0.0000,0.0000,8.47,1.0,0.244,0.000,1,1,1
2197136,941,0,0.000,0.00,0.00,0.00,-0.00,0.000,0.000,0,0,0.0000,0.0000,8.48,1.0,0.305,0.000,1,1,1
2207140,951,0,0.000,0.00,0.00,0.00,-0.00,0.000,0.000,0,0,0.0000,0.0000,8.47,1.0,0.305,0.000,1,1,1
2217151,961,0,0.000,0.00,0.00,0.00,-0.00,0.000,0.000,0,0,0.0000,0.0000,8.48,1.2,0.244,0.000,1,1,1
2227166,971,0,0.000,0.00,0.00,0.00,-0.00,0.000,0.000,0,0,0.0000,0.0000,8.47,1.0,0.244,0.000,1,1,1
2237173,981,0,0.000,0.00,0.00,0.00,-0.00,0.000,0.000,0,0,0.0000,0.0000,8.47,0.8,0.244,0.000,1,1,1
2247173,991,0,0.000,0.00,0.00,0.00,-0.00,0.000,0.000,0,0,0.0000,0.0000,8.48,1.0,0.305,0.000,1,1,1
2257181,1001,0,0.000,0.00,0.00,0.00,-0.00,0.000,0.000,0,0,0.0000,0.0000,8.47,1.0,0.305,0.000,1,1,1
2267181,1011,0,0.000,0.00,0.00,0.00,-0.00,0.000,0.000,0,0,0.0000,0.0000,8.48,1.0,0.244,0.000,1,1,1
2277188,1021,0,0.000,0.00,0.00,-1.03,1.03,0.000,0.000,-1,1,-0.0000,0.0000,8.48,1.0,0.244,0.000,1,1,1
2287188,1031,0,0.000,0.00,0.00,0.72,-0.72,0.000,0.000,0,0,0.0000,0.0000,8.47,1.0,0.305,0.000,1,1,1
2297188,1041,0,0.000,0.00,0.00,0.22,-0.22,0.000,0.000,0,0,0.0000,0.0000,8.48,1.0,0.305,0.000,1,1,1
2307200,1051,0,0.000,0.00,0.00,0.06,-0.06,0.000,0.000,0,0,0.0000,0.0000,8.47,1.0,0.305,0.000,1,1,1
2317209,1061,0,0.000,0.00,0.00,0.02,1.01,0.000,0.000,0,1,0.0000,0.0000,8.48,1.0,0.244,0.000,1,1,1
2327218,1071,0,0.000,0.00,0.00,0.01,-0.72,0.000,0.000,0,0,0.0000,0.0000,8.48,1.0,0.244,0.000,1,1,1
2337224,1081,0,0.000,0.00,0.00,0.00,-0.22,0.000,0.000,0,0,0.0000,0.0000,8.48,1.0,0.305,0.000,1,1,1
2347234,1091,0,0.000,0.00,0.00,0.00,-0.07,0.000,0.000,0,0,0.0000,0.0000,8.47,1.0,0.366,0.000,1,1,1
2357246,1101,0,0.000,0.00,0.00,0.00,-0.02,0.000,0.000,0,0,0.0000,0.0000,8.48,1.0,0.305,0.000,1,1,1
2367254,1111,0,0.000,0.00,0.00,0.00,-0.01,0.000,0.000,0,0,0.0000,0.0000,8.48,1.0,0.244,0.000,1,1,1
2377261,1121,0,0.000,0.00,0.00,0.00,-0.00,0.000,0.000,0,0,0.0000,0.0000,8.47,1.0,0.244,0.000,1,1,1
2387264,1131,0,0.000,0.00,0.00,0.00,-0.00,0.000,0.000,0,0,0.0000,0.0000,8.47,1.0,0.244,0.000,1,1,1
2397272,1141,0,0.000,0.00,0.00,0.00,1.03,0.000,0.000,0,1,0.0000,0.0000,8.47,1.0,0.183,0.000,1,1,1
2407285,1151,0,0.000,0.00,0.00,0.00,-0.72,0.000,0.000,0,0,0.0000,0.0000,8.47,1.0,0.305,0.000,1,1,1
2417294,1161,0,0.000,0.00,0.00,0.00,-0.22,0.000,0.000,0,0,0.0000,0.0000,8.47,1.0,0.305,0.000,1,1,1
2427307,1171,0,0.000,0.00,0.00,0.00,-0.06,0.000,0.000,0,0,0.0000,0.0000,8.47,1.0,0.305,0.000,1,1,1
2437307,1181,0,0.000,0.00,0.00,0.00,-0.02,0.000,0.000,0,0,0.0000,0.0000,8.48,1.0,0.305,0.000,1,1,1
2447317,1191,0,0.000,0.00,0.00,0.00,-0.01,0.000,0.000,0,0,0.0000,0.0000,8.48,1.0,0.244,0.000,1,1,1
2457325,1201,0,0.000,0.00,0.00,0.00,-0.00,0.000,0.000,0,0,0.0000,0.0000,8.47,1.0,0.183,0.000,1,1,1
2467339,1211,0,0.000,0.00,0.00,0.00,-0.00,0.000,0.000,0,0,0.0000,0.0000,8.47,1.0,0.244,0.000,1,1,1
2477339,1221,0,0.000,0.00,0.00,0.00,-0.00,0.000,0.000,0,0,0.0000,0.0000,8.47,1.0,0.305,0.000,1,1,1
2487345,1231,0,0.000,0.00,0.00,0.00,-0.00,0.000,0.000,0,0,0.0000,0.0000,8.47,1.0,0.305,0.000,1,1,1
2497352,1241,0,0.000,0.00,0.00,0.00,-0.00,0.000,0.000,0,0,0.0000,0.0000,8.48,1.0,0.305,0.000,1,1,1
2507352,1251,0,0.000,0.00,0.00,0.00,-0.00,0.000,0.000,0,0,0.0000,0.0000,8.48,1.0,0.244,0.000,1,1,1
2517355,1261,0,0.000,0.00,0.00,0.00,-0.00,0.000,0.000,0,0,0.0000,0.0000,8.47,1.0,0.244,0.000,1,1,1
2527367,1271,0,0.000,0.00,0.00,0.00,-0.00,0.000,0.000,0,0,0.0000,0.0000,8.47,1.0,0.183,0.000,1,1,1
2537368,1281,0,0.000,0.00,0.00,0.00,-0.00,0.000,0.000,0,0,0.0000,0.0000,8.47,1.0,0.183,0.000,1,1,1
2547382,1291,0,0.000,0.00,0.00,0.00,-0.00,0.000,0.000,0,0,0.0000,0.0000,8.47,1.0,0.305,0.000,1,1,1
2557393,1301,0,0.000,0.00,0.00,0.00,-0.00,0.000,0.000,0,0,0.0000,0.0000,8.47,1.0,0.244,0.000,1,1,1
2567393,1311,0,0.000,0.00,0.00,0.00,-0.00,0.000,0.000,0,0,0.0000,0.0000,8.47,1.0,0.305,0.000,1,1,1
2577397,1321,0,0.000,0.00,0.00,0.00,-0.00,0.000,0.000,0,0,0.0000,0.0000,8.48,1.0,0.183,0.000,1,1,1
2587408,1331,0,0.000,0.00,0.00,0.00,-0.00,0.000,0.000,0,0,0.0000,0.0000,8.48,1.0,0.183,0.000,1,1,1
2597416,1341,0,0.000,0.00,0.00,0.00,-0.00,0.000,0.000,0,0,0.0000,0.0000,8.47,1.0,0.305,0.000,1,1,1
2607421,1351,0,0.000,0.00,0.00,0.00,-0.00,0.000,0.000,0,0,0.0000,0.0000,8.47,0.8,0.366,0.000,1,1,1
2617421,1361,0,0.000,0.00,0.00,0.00,-0.00,0.000,0.000,0,0,0.0000,0.0000,8.47,1.0,0.305,0.000,1,1,1
2627430,1371,0,0.000,0.00,0.00,0.00,-0.00,0.000,0.000,0,0,0.0000,0.0000,8.48,0.8,0.305,0.000,1,1,1
2637430,1381,0,0.000,0.00,0.00,0.00,-0.00,0.000,0.000,0,0,0.0000,0.0000,8.47,1.0,0.244,0.000,1,1,1
2647431,1391,0,0.000,0.00,0.00,0.00,-0.00,0.000,0.000,0,0,0.0000,0.0000,8.47,1.0,0.305,0.000,1,1,1
2657443,1401,0,0.000,0.00,0.00,0.00,-0.00,0.000,0.000,0,0,0.0000,0.0000,8.47,1.0,0.244,0.000,1,1,1
2667451,1411,0,0.000,0.00,0.00,0.00,-0.00,0.000,0.000,0,0,0.0000,0.0000,8.47,1.0,0.305,0.000,1,1,1
2677458,1421,0,0.000,0.00,0.00,0.00,-0.00,0.000,0.000,0,0,0.0000,0.0000,8.47,1.0,0.366,0.000,1,1,1
2687466,1431,0,0.000,0.00,0.00,0.00,-0.00,0.000,0.000,0,0,0.0000,0.0000,8.48,1.0,0.366,0.000,1,1,1
2697476,1441,0,0.000,0.00,0.00,0.00,-0.00,0.000,0.000,0,0,0.0000,0.0000,8.48,1.0,0.244,0.000,1,1,1
2707480,1451,0,0.000,0.00,0.00,0.00,-0.00,0.000,0.000,0,0,0.0000,0.0000,8.47,1.0,0.305,0.000,1,1,1
2717482,1461,0,0.000,0.00,0.00,0.00,1.03,0.000,0.000,0,1,0.0000,0.0000,8.47,1.2,0.305,0.000,1,1,1
2727484,1471,0,0.000,0.00,0.00,0.00,-0.72,0.000,0.000,0,0,0.0000,0.0000,8.47,1.0,0.244,0.000,1,1,1
2737497,1481,0,0.000,0.00,0.00,0.00,-0.22,0.000,0.000,0,0,0.0000,0.0000,8.48,1.0,0.366,0.000,1,1,1
2747506,1491,0,0.000,0.00,0.00,0.00,-0.06,0.000,0.000,0,0,0.0000,0.0000,8.48,1.0,0.244,0.000,1,1,1
2757518,1501,0,0.000,0.00,0.00,0.00,-0.02,0.000,0.000,0,0,0.0000,0.0000,8.47,1.2,0.244,0.000,1,1,1
2767522,1511,0,0.000,0.00,0.00,0.00,-0.01,0.000,0.000,0,0,0.0000,0.0000,8.48,1.0,0.366,0.000,1,1,1
2777522,1521,0,0.000,0.00,0.00,0.00,-0.00,0.000,0.000,0,0,0.0000,0.0000,8.48,1.0,0.244,0.000,1,1,1
2787522,1531,0,0.000,0.00,0.00,0.00,-0.00,0.000,0.000,0,0,0.0000,0.0000,8.47,1.0,0.244,0.000,1,1,1
2797534,1541,0,0.000,0.00,0.00,0.00,-0.00,0.000,0.000,0,0,0.0000,0.0000,8.47,1.0,0.305,0.000,1,1,1
2807542,1551,0,0.000,0.00,0.00,0.00,-0.00,0.000,0.000,0,0,0.0000,0.0000,8.48,1.0,0.305,0.000,1,1,1
2817542,1561,0,0.000,0.00,0.00,0.00,-0.00,0.000,0.000,0,0,0.0000,0.0000,8.48,1.2,0.305,0.000,1,1,1
2827550,1571,0,0.000,0.00,0.00,0.00,-0.00,0.000,0.000,0,0,0.0000,0.0000,8.47,1.0,0.244,0.000,1,1,1
2837552,1581,0,0.000,0.00,0.00,0.00,-0.00,0.000,0.000,0,0,0.0000,0.0000,8.48,1.0,0.244,0.000,1,1,1
2847552,1591,0,0.000,0.00,0.00,0.00,-0.00,0.000,0.000,0,0,0.0000,0.0000,8.48,1.0,0.305,0.000,1,1,1
2857552,1601,0,0.000,0.00,0.00,0.00,-0.00,0.000,0.000,0,0,0.0000,0.0000,8.47,1.0,0.366,0.000,1,1,1
2867556,1611,0,0.000,0.00,0.00,0.00,-0.00,0.000,0.000,0,0,0.0000,0.0000,8.48,1.2,0.244,0.000,1,1,1
2877557,1621,0,0.000,0.00,0.00,0.00,1.03,0.000,0.000,0,1,0.0000,0.0000,8.48,1.0,0.244,0.000,1,1,1
2887565,1631,0,0.000,0.00,0.00,0.00,-0.72,0.000,0.000,0,0,0.0000,0.0000,8.47,1.0,0.244,0.000,1,1,1
2897567,1641,0,0.000,0.00,0.00,0.00,-0.22,0.000,0.000,0,0,0.0000,0.0000,8.47,1.0,0.244,0.000,1,1,1
2907583,1651,0,0.000,0.00,0.00,0.00,-0.06,0.000,0.000,0,0,0.0000,0.0000,8.47,1.0,0.305,0.000,1,1,1
2917585,1661,0,0.000,0.00,0.00,0.00,1.01,0.000,0.000,0,1,0.0000,0.0000,8.47,1.0,0.305,0.000,1,1,1
2927589,1671,0,0.000,0.00,0.00,0.00,-0.72,0.000,0.000,0,0,0.0000,0.0000,8.48,1.0,0.366,0.000,1,1,1
2937600,1681,0,0.000,0.00,0.00,0.00,-0.22,0.000,0.000,0,0,0.0000,0.0000,8.47,1.0,0.305,0.000,1,1,1
2947604,1691,0,0.000,0.00,0.00,0.00,-0.07,0.000,0.000,0,0,0.0000,0.0000,8.48,1.0,0.305,0.000,1,1,1
2957615,1701,0,0.000,0.00,0.00,0.00,-0.02,0.000,0.000,0,0,0.0000,0.0000,8.48,1.0,0.305,0.000,1,1,1
2967615,1711,0,0.000,0.00,0.00,0.00,-0.01,0.000,0.000,0,0,0.0000,0.0000,8.47,1.0,0.305,0.000,1,1,1
2977628,1721,0,0.000,0.00,0.00,0.00,-0.00,0.000,0.000,0,0,0.0000,0.0000,8.48,1.2,0.244,0.000,1,1,1
2987630,1731,0,0.000,0.00,0.00,0.00,-0.00,0.000,0.000,0,0,0.0000,0.0000,8.48,1.0,0.305,0.000,1,1,1
2997642,1741,0,0.000,0.00,0.00,0.00,-0.00,0.000,0.000,0,0,0.0000,0.0000,8.47,1.0,0.305,0.000,1,1,1
3007643,1751,0,0.000,0.00,0.00,0.00,-0.00,0.000,0.000,0,0,0.0000,0.0000,8.48,1.0,0.244,0.000,1,1,1
3017643,1761,0,0.000,0.00,0.00,0.00,-0.00,0.000,0.000,0,0,0.0000,0.0000,8.47,1.0,0.244,0.000,1,1,1
3027657,1771,0,0.000,0.00,0.00,0.00,-0.00,0.000,0.000,0,0,0.0000,0.0000,8.48,1.0,0.305,0.000,1,1,1
3037661,1781,0,0.000,0.00,0.00,0.00,-0.00,0.000,0.000,0,0,0.0000,0.0000,8.48,1.0,0.305,0.000,1,1,1
3047665,1791,0,0.000,0.00,0.00,0.00,-0.00,0.000,0.000,0,0,0.0000,0.0000,8.48,1.2,0.183,0.000,1,1,1
3057668,1801,0,0.000,0.00,0.00,0.00,-0.00,0.000,0.000,0,0,0.0000,0.0000,8.48,1.0,0.183,0.000,1,1,1
3067672,1811,0,0.000,0.00,0.00,0.00,-0.00,0.000,0.000,0,0,0.0000,0.0000,8.48,1.0,0.244,0.000,1,1,1
3077676,1821,0,0.000,0.00,0.00,0.00,-0.00,0.000,0.000,0,0,0.0000,0.0000,8.48,1.0,0.305,0.000,1,1,1
3087680,1831,0,0.000,0.00,0.00,0.00,-0.00,0.000,0.000,0,0,0.0000,0.0000,8.48,1.0,0.183,0.000,1,1,1
3097689,1841,0,0.000,0.00,0.00,0.00,-0.00,0.000,0.000,0,0,0.0000,0.0000,8.47,1.0,0.183,0.000,1,1,1
3107698,1851,0,0.000,0.00,0.00,0.00,-0.00,0.000,0.000,0,0,0.0000,0.0000,8.47,1.0,0.183,0.000,1,1,1
3117706,1861,0,0.000,0.00,0.00,0.00,-0.00,0.000,0.000,0,0,0.0000,0.0000,8.47,1.0,0.244,0.000,1,1,1
3127711,1871,0,0.000,0.00,0.00,0.00,-0.00,0.000,0.000,0,0,0.0000,0.0000,8.47,1.0,0.305,0.000,1,1,1
3137713,1881,0,0.000,0.00,0.00,0.00,-0.00,0.000,0.000,0,0,0.0000,0.0000,8.47,1.0,0.305,0.000,1,1,1
3147713,1891,0,0.000,0.00,0.00,0.00,-0.00,0.000,0.000,0,0,0.0000,0.0000,8.47,1.0,0.183,0.000,1,1,1
3157718,1901,0,0.000,0.00,0.00,0.00,-0.00,0.000,0.000,0,0,0.0000,0.0000,8.47,1.0,0.244,0.000,1,1,1
3167721,1911,0,0.000,0.00,0.00,0.00,-0.00,0.000,0.000,0,0,0.0000,0.0000,8.47,1.0,0.305,0.000,1,1,1
3177721,1921,0,0.000,0.00,0.00,0.00,-0.00,0.000,0.000,0,0,0.0000,0.0000,8.47,1.0,0.305,0.000,1,1,1
3187734,1931,0,0.000,0.00,0.00,0.00,-0.00,0.000,0.000,0,0,0.0000,0.0000,8.48,1.0,0.305,0.000,1,1,1
3197737,1941,0,0.000,0.00,0.00,0.00,-0.00,0.000,0.000,0,0,0.0000,0.0000,8.47,1.0,0.183,0.000,1,1,1
3207749,1951,0,0.000,0.00,0.00,0.00,-0.00,0.000,0.000,0,0,0.0000,0.0000,8.48,1.0,0.183,0.000,1,1,1
3217752,1961,0,0.000,0.00,0.00,0.00,-0.00,0.000,0.000,0,0,0.0000,0.0000,8.48,0.8,0.244,0.000,1,1,1
3227758,1971,0,0.000,0.00,0.00,0.00,1.03,0.000,0.000,0,1,0.0000,0.0000,8.48,1.0,0.305,0.000,1,1,1
3237767,1981,0,0.000,0.00,0.00,0.00,0.31,0.000,0.000,0,1,0.0000,0.0000,8.47,1.0,0.427,0.000,1,1,1
3247767,1991,0,0.000,0.00,0.00,0.00,-0.93,0.000,0.000,0,0,0.0000,0.0000,8.48,1.0,0.305,0.000,1,1,1
3257774,2001,0,0.000,0.00,0.00,0.00,-0.28,0.000,0.000,0,0,0.0000,0.0000,8.47,1.0,0.305,0.000,1,1,1
3267780,2011,0,0.000,0.00,0.00,0.00,0.94,0.000,0.000,0,1,0.0000,0.0000,8.48,1.0,0.305,0.000,1,1,1
3277780,2021,0,0.000,0.00,0.00,0.00,-0.74,0.000,0.000,0,0,0.0000,0.0000,8.47,1.0,0.244,0.000,1,1,1
3287782,2031,0,0.000,0.00,0.00,0.00,-0.22,0.000,0.000,0,0,0.0000,0.0000,8.48,1.0,0.244,0.000,1,1,1
3297794,2041,0,0.000,0.00,0.00,0.00,-0.07,0.000,0.000,0,0,0.0000,0.0000,8.48,1.0,0.366,0.000,1,1,1
3307801,2051,0,0.000,0.00,0.00,0.00,-0.02,0.000,0.000,0,0,0.0000,0.0000,8.47,1.0,0.366,0.000,1,1,1
3317810,2061,0,0.000,0.00,0.00,0.00,-0.01,0.000,0.000,0,0,0.0000,0.0000,8.47,0.8,0.427,0.000,1,1,1
3327817,2071,0,0.000,0.00,0.00,0.00,-0.00,0.000,0.000,0,0,0.0000,0.0000,8.47,1.2,0.366,0.000,1,1,1
3337825,2081,0,0.000,0.00,0.00,0.00,-0.00,0.000,0.000,0,0,0.0000,0.0000,8.47,1.0,0.244,0.000,1,1,1
3347832,2091,0,0.000,0.00,0.00,0.00,-0.00,0.000,0.000,0,0,0.0000,0.0000,8.48,1.0,0.244,0.000,1,1,1
3357840,2101,0,0.000,0.00,0.00,0.00,-0.00,0.000,0.000,0,0,0.0000,0.0000,8.48,1.0,0.244,0.000,1,1,1
3367840,2111,0,0.000,0.00,0.00,0.00,-0.00,0.000,0.000,0,0,0.0000,0.0000,8.47,1.0,0.305,0.000,1,1,1
3377840,2121,0,0.000,0.00,0.00,0.00,-0.00,0.000,0.000,0,0,0.0000,0.0000,8.48,1.0,0.305,0.000,1,1,1
3387840,2131,0,0.000,0.00,0.00,0.00,-0.00,0.000,0.000,0,0,0.0000,0.0000,8.47,1.0,0.244,0.000,1,1,1
3397843,2141,0,0.000,0.00,0.00,0.00,-0.00,0.000,0.000,0,0,0.0000,0.0000,8.47,1.0,0.244,0.000,1,1,1
3407856,2151,0,0.000,0.00,0.00,0.00,-0.00,0.000,0.000,0,0,0.0000,0.0000,8.48,1.2,0.183,0.000,1,1,1
3417865,2161,0,0.000,0.00,0.00,0.00,-0.00,0.000,0.000,0,0,0.0000,0.0000,8.48,1.0,0.366,0.000,1,1,1
3427877,2171,0,0.000,0.00,0.00,0.00,-0.00,0.000,0.000,0,0,0.0000,0.0000,8.48,0.8,0.305,0.000,1,1,1
3437888,2181,0,0.000,0.00,0.00,0.00,-0.00,0.000,0.000,0,0,0.0000,0.0000,8.48,1.0,0.244,0.000,1,1,1
3447901,2191,0,0.000,0.00,0.00,0.00,-0.00,0.000,0.000,0,0,0.0000,0.0000,8.48,1.0,0.183,0.000,1,1,1
3457910,2201,0,0.000,0.00,0.00,0.00,-0.00,0.000,0.000,0,0,0.0000,0.0000,8.47,1.0,0.305,0.000,1,1,1
3467910,2211,0,0.000,0.00,0.00,0.00,-0.00,0.000,0.000,0,0,0.0000,0.0000,8.48,1.0,0.366,0.000,1,1,1
3477910,2221,0,0.000,0.00,0.00,0.00,1.03,0.000,0.000,0,1,0.0000,0.0000,8.47,1.0,0.244,0.000,1,1,1
3487923,2231,0,0.000,0.00,0.00,0.00,-0.72,0.000,0.000,0,0,0.0000,0.0000,8.48,0.8,0.305,0.000,1,1,1
3497923,2241,0,0.000,0.00,0.00,0.00,-0.22,0.000,0.000,0,0,0.0000,0.0000,8.48,1.0,0.305,0.000,1,1,1
3507923,2251,0,0.000,0.00,0.00,0.00,-0.06,0.000,0.000,0,0,0.0000,0.0000,8.48,1.0,0.305,0.000,1,1,1
3517925,2261,0,0.000,0.00,0.00,0.00,-0.02,0.000,0.000,0,0,0.0000,0.0000,8.47,1.0,0.305,0.000,1,1,1
3527926,2271,0,0.000,0.00,0.00,0.00,-0.01,0.000,0.000,0,0,0.0000,0.0000,8.48,1.0,0.305,0.000,1,1,1
3537937,2281,0,0.000,0.00,0.00,0.00,-0.00,0.000,0.000,0,0,0.0000,0.0000,8.47,1.0,0.244,0.000,1,1,1
3547947,2291,0,0.000,0.00,0.00,0.00,-0.00,0.000,0.000,0,0,0.0000,0.0000,8.47,1.0,0.183,0.000,1,1,1
3557947,2301,0,0.000,0.00,0.00,0.00,-0.00,0.000,0.000,0,0,0.0000,0.0000,8.47,1.0,0.244,0.000,1,1,1
3567953,2311,0,0.000,0.00,0.00,0.00,-0.00,0.000,0.000,0,0,0.0000,0.0000,8.48,0.8,0.244,0.000,1,1,1
3577964,2321,0,0.000,0.00,0.00,0.00,-0.00,0.000,0.000,0,0,0.0000,0.0000,8.48,1.0,0.244,0.000,1,1,1
3587971,2331,0,0.000,0.00,0.00,0.00,-0.00,0.000,0.000,0,0,0.0000,0.0000,8.48,1.2,0.183,0.000,1,1,1
3597984,2341,0,0.000,0.00,0.00,0.00,-0.00,0.000,0.000,0,0,0.0000,0.0000,8.48,1.0,0.244,0.000,1,1,1
3607986,2351,0,0.000,0.00,0.00,0.00,-0.00,0.000,0.000,0,0,0.0000,0.0000,8.48,1.2,0.366,0.000,1,1,1
3617994,2361,0,0.000,0.00,0.00,0.00,-0.00,0.000,0.000,0,0,0.0000,0.0000,8.47,1.0,0.244,0.000,1,1,1
3627994,2371,0,0.000,0.00,0.00,0.00,-0.00,0.000,0.000,0,0,0.0000,0.0000,8.48,1.0,0.244,0.000,1,1,1
3637994,2381,0,0.000,0.00,0.00,0.00,1.03,0.000,0.000,0,1,0.0000,0.0000,8.48,1.0,0.244,0.000,1,1,1
3647994,2391,0,0.000,0.00,0.00,0.00,-0.72,0.000,0.000,0,0,0.0000,0.0000,8.47,1.0,0.244,0.000,1,1,1
3657999,2402,0,0.000,0.00,0.00,0.00,-0.22,0.000,0.000,0,0,0.0000,0.0000,8.48,1.0,0.305,0.000,1,1,1
3668007,2412,0,0.000,0.00,0.00,0.00,-0.06,0.000,0.000,0,0,0.0000,0.0000,8.48,1.0,0.366,0.000,1,1,1
3678007,2422,0,0.000,0.00,0.00,0.00,-0.02,0.000,0.000,0,0,0.0000,0.0000,8.47,1.0,0.366,0.000,1,1,1
3688016,2432,0,0.000,0.00,0.00,0.00,-0.01,0.000,0.000,0,0,0.0000,0.0000,8.47,1.0,0.305,0.000,1,1,1
3698022,2442,0,0.000,0.00,0.00,0.00,-0.00,0.000,0.000,0,0,0.0000,0.0000,8.48,1.0,0.305,0.000,1,1,1
3708029,2452,0,0.000,0.00,0.00,0.00,-0.00,0.000,0.000,0,0,0.0000,0.0000,8.47,1.0,0.183,0.000,1,1,1
3718032,2462,0,0.000,0.00,0.00,0.00,1.03,0.000,0.000,0,1,0.0000,0.0000,8.47,1.0,0.244,0.000,1,1,1
3728040,2472,0,0.000,0.00,0.00,0.00,-0.72,0.000,0.000,0,0,0.0000,0.0000,8.48,1.2,0.244,0.000,1,1,1
3738047,2482,0,0.000,0.00,0.00,0.00,-0.22,0.000,0.000,0,0,0.0000,0.0000,8.48,1.0,0.244,0.000,1,1,1
3748047,2492,0,0.000,0.00,0.00,0.00,-0.06,0.000,0.000,0,0,0.0000,0.0000,8.47,1.0,0.366,0.000,1,1,1
3758049,2502,1,0.000,0.00,0.00,0.00,-0.02,0.000,0.000,0,0,0.0000,0.0000,8.47,1.0,0.305,0.000,1,1,1
3768059,2512,1,0.150,57.30,57.30,0.00,-0.01,0.695,0.689,0,0,0.0000,0.0000,8.47,1.0,0.305,0.000,1,1,1
3778062,2522,1,0.150,57.30,57.30,0.00,1.02,0.712,0.703,0,1,0.0000,0.0000,8.23,640.8,0.305,0.001,1,1,1
3788070,2532,1,0.150,57.30,57.30,0.00,2.36,0.713,0.702,0,3,0.0000,0.0001,8.22,647.8,0.488,0.003,1,1,1
3798080,2542,1,0.150,57.30,57.30,1.03,4.81,0.710,0.695,1,7,0.0000,0.0003,8.24,657.2,2.073,0.021,1,1,1
3808087,2552,1,0.150,57.30,57.30,6.46,9.65,0.698,0.685,7,15,0.0003,0.0006,8.25,613.8,6.098,0.079,1,1,1
3818097,2562,1,0.150,57.30,57.30,12.19,15.20,0.688,0.675,17,27,0.0007,0.0010,8.24,563.0,8.902,0.165,1,1,1
3828110,2572,1,0.150,57.30,57.30,18.01,17.89,0.673,0.666,31,40,0.0012,0.0015,8.28,530.0,5.976,0.222,1,1,1
3838112,2582,1,0.150,57.30,57.30,20.78,19.72,0.667,0.662,46,54,0.0018,0.0021,8.29,460.8,-0.366,0.216,1,1,1
3848112,2592,1,0.150,57.30,57.30,23.67,23.35,0.659,0.653,63,71,0.0024,0.0027,8.31,461.5,-5.549,0.158,1,1,1
3858125,2602,1,0.150,57.30,57.30,26.58,25.46,0.653,0.648,82,89,0.0031,0.0034,8.32,428.8,-6.646,0.088,1,1,1
3868125,2612,1,0.150,57.30,57.30,26.43,24.04,0.654,0.652,100,105,0.0038,0.0040,8.31,417.8,-1.768,0.068,1,1,1
3878133,2622,1,0.150,57.30,57.30,28.44,26.70,0.650,0.647,120,124,0.0046,0.0048,8.30,417.0,0.305,0.068,1,1,1
3888142,2632,1,0.150,57.30,57.30,31.09,28.52,0.645,0.643,142,144,0.0054,0.0055,8.31,396.0,-1.159,0.054,1,1,1
3898155,2642,1,0.150,57.30,57.30,32.91,31.11,0.640,0.636,165,166,0.0063,0.0064,8.33,394.5,-3.049,0.021,1,1,1
3908155,2652,1,0.150,57.30,57.30,34.48,31.89,0.637,0.635,189,188,0.0072,0.0072,8.33,371.0,-4.085,-0.023,1,1,1
3918155,2662,1,0.150,57.30,57.30,39.06,34.18,0.627,0.630,217,212,0.0083,0.0081,8.33,376.2,-5.549,-0.081,1,1,1
3928165,2672,1,0.150,57.30,57.30,42.48,34.86,0.620,0.628,247,236,0.0095,0.0091,8.34,355.8,-7.317,-0.157,1,1,1
3938170,2682,1,0.150,57.30,57.30,44.53,33.02,0.615,0.631,278,258,0.0107,0.0099,8.35,345.8,-9.634,-0.256,1,1,1
3948181,2692,1,0.150,57.30,57.30,42.07,36.57,0.621,0.625,306,284,0.0117,0.0109,8.34,353.2,-12.561,-0.384,1,1,1
3958185,2702,1,0.150,57.30,57.30,39.28,35.58,0.627,0.627,332,308,0.0127,0.0118,8.33,351.2,-13.476,-0.522,1,1,1
3968186,2712,1,0.150,57.30,57.30,38.44,36.31,0.629,0.626,358,333,0.0137,0.0128,8.33,349.8,-5.671,-0.581,1,1,1
3978188,2722,1,0.150,57.30,57.30,33.07,37.55,0.638,0.623,379,359,0.0145,0.0138,8.34,354.2,4.268,-0.541,1,1,1
3988200,2732,1,0.150,57.30,57.30,39.66,39.98,0.625,0.618,408,387,0.0156,0.0148,8.34,354.8,11.341,-0.431,1,1,1
3998209,2742,1,0.150,57.30,57.30,44.71,39.68,0.615,0.618,440,414,0.0169,0.0159,8.35,344.5,14.390,-0.290,1,1,1
4008211,2752,1,0.150,57.30,57.30,48.28,44.72,0.608,0.609,474,446,0.0182,0.0171,8.34,329.2,8.293,-0.209,1,1,1
4018218,2762,1,0.150,57.30,57.30,48.32,45.20,0.607,0.607,507,477,0.0194,0.0183,8.35,325.0,-1.280,-0.225,1,1,1
4028224,2772,1,0.150,57.30,57.30,53.46,44.32,0.597,0.609,545,507,0.0209,0.0194,8.35,320.5,-5.671,-0.284,1,1,1
4038233,2782,1,0.150,57.30,57.30,49.88,43.03,0.604,0.611,578,536,0.0222,0.0206,8.35,319.5,-8.598,-0.373,1,1,1
4048241,2792,1,0.150,57.30,57.30,47.78,40.60,0.609,0.617,610,563,0.0234,0.0216,8.34,320.8,-8.354,-0.459,1,1,1
4058249,2802,1,0.150,57.30,57.30,45.09,37.81,0.615,0.622,640,588,0.0245,0.0225,8.34,323.0,-3.537,-0.498,1,1,1
4068249,2812,1,0.150,57.30,57.30,44.29,36.98,0.614,0.622,670,613,0.0257,0.0235,8.37,335.2,-1.707,-0.517,1,1,1
4078261,2822,1,0.150,57.30,57.30,46.10,39.80,0.612,0.618,702,641,0.0269,0.0246,8.35,333.8,-1.707,-0.537,1,1,1
4088264,2832,1,0.150,57.30,57.30,49.72,41.68,0.605,0.614,737,670,0.0283,0.0257,8.34,323.2,-4.207,-0.582,1,1,1
4098264,2842,1,0.150,57.30,57.30,51.83,44.29,0.601,0.609,773,701,0.0296,0.0269,8.34,320.5,-6.037,-0.645,1,1,1
4108276,2852,1,0.150,57.30,57.30,55.54,45.07,0.593,0.607,812,732,0.0311,0.0281,8.35,308.2,-6.768,-0.716,1,1,1
4118287,2862,1,0.150,57.30,57.30,51.53,44.28,0.600,0.608,846,762,0.0324,0.0292,8.36,310.8,-8.659,-0.805,1,1,1
4128287,2872,1,0.150,57.30,57.30,48.27,45.07,0.607,0.607,878,793,0.0337,0.0304,8.35,311.2,-4.756,-0.855,1,1,1
4138290,2882,1,0.150,57.30,57.30,49.34,46.33,0.606,0.605,912,825,0.0350,0.0316,8.34,316.2,0.122,-0.857,1,1,1
4148294,2892,1,0.150,57.30,57.30,50.69,45.69,0.602,0.605,947,856,0.0363,0.0328,8.36,318.0,3.232,-0.827,1,1,1
4158307,2902,1,0.150,57.30,57.30,51.10,47.54,0.601,0.602,982,889,0.0377,0.0341,8.36,306.2,3.354,-0.796,1,1,1
4168317,2912,1,0.150,57.30,57.30,53.27,47.08,0.597,0.602,1019,921,0.0391,0.0353,8.36,307.0,0.000,-0.799,1,1,1
4178317,2922,1,0.150,57.30,57.30,51.87,44.88,0.601,0.608,1054,951,0.0404,0.0365,8.35,297.5,-3.110,-0.833,1,1,1
4188330,2932,1,0.150,57.30,57.30,50.42,46.28,0.602,0.604,1088,983,0.0417,0.0377,8.36,313.0,-1.341,-0.849,1,1,1
4198340,2942,1,0.150,57.30,57.30,47.94,45.67,0.607,0.605,1120,1014,0.0430,0.0389,8.36,301.2,-0.549,-0.857,1,1,1
4208355,2952,1,0.150,57.30,57.30,51.30,47.54,0.600,0.601,1156,1047,0.0443,0.0402,8.36,312.5,-1.159,-0.872,1,1,1
4218359,2962,1,0.150,57.30,57.30,52.30,47.07,0.598,0.602,1192,1079,0.0457,0.0414,8.37,307.8,-2.195,-0.896,1,1,1
4228363,2972,1,0.150,57.30,57.30,51.58,47.96,0.600,0.601,1227,1112,0.0471,0.0426,8.36,299.8,-4.573,-0.945,1,1,1
4238367,2982,1,0.150,57.30,57.30,52.39,47.20,0.598,0.602,1263,1144,0.0484,0.0439,8.37,305.0,-7.683,-1.024,1,1,1
4248367,2992,1,0.150,57.30,57.30,47.50,48.00,0.609,0.601,1294,1177,0.0496,0.0451,8.35,300.8,-7.744,-1.105,1,1,1
4258374,3002,1,0.150,57.30,57.30,49.11,47.21,0.605,0.602,1328,1209,0.0509,0.0464,8.36,310.5,-2.805,-1.135,1,1,1
4268382,3012,1,0.150,57.30,57.30,46.52,46.98,0.611,0.603,1359,1241,0.0521,0.0476,8.36,313.2,2.988,-1.108,1,1,1
4278385,3022,1,0.150,57.30,57.30,51.90,48.96,0.600,0.599,1396,1275,0.0535,0.0489,8.35,307.5,5.000,-1.061,1,1,1
4288385,3032,1,0.150,57.30,57.30,51.46,48.52,0.600,0.599,1431,1308,0.0549,0.0502,8.36,302.0,2.805,-1.036,1,1,1
4298398,3042,1,0.150,57.30,57.30,51.33,48.40,0.601,0.600,1466,1341,0.0562,0.0514,8.35,290.2,-5.671,-1.095,1,1,1
4308400,3052,1,0.150,57.30,57.30,52.31,48.36,0.598,0.599,1502,1374,0.0576,0.0527,8.37,303.0,-10.854,-1.206,1,1,1
4318400,3062,1,0.150,57.30,57.30,53.63,49.37,0.595,0.597,1539,1408,0.0590,0.0540,8.38,296.8,-10.061,-1.310,1,1,1
4328413,3072,1,0.150,57.30,57.30,49.93,48.65,0.602,0.598,1572,1441,0.0603,0.0553,8.38,296.0,-4.451,-1.357,1,1,1
4338415,3082,1,0.150,57.30,57.30,47.79,47.41,0.607,0.601,1604,1473,0.0615,0.0565,8.37,303.8,-0.671,-1.367,1,1,1
4348423,3092,1,0.150,57.30,57.30,50.23,49.09,0.604,0.599,1639,1507,0.0629,0.0578,8.35,299.0,1.402,-1.355,1,1,1
4358423,3102,1,0.150,57.30,57.30,49.93,49.59,0.603,0.597,1673,1541,0.0642,0.0591,8.36,302.8,2.134,-1.337,1,1,1
4368428,3112,1,0.150,57.30,57.30,49.84,48.71,0.603,0.599,1707,1574,0.0655,0.0604,8.36,301.8,-2.134,-1.361,1,1,1
4378430,3122,1,0.150,57.30,57.30,48.79,49.48,0.607,0.599,1740,1608,0.0667,0.0617,8.35,294.8,-6.280,-1.426,1,1,1
4388436,3132,1,0.150,57.30,57.30,50.53,49.71,0.602,0.597,1775,1642,0.0681,0.0630,8.36,300.2,-6.037,-1.489,1,1,1
4398443,3142,1,0.150,57.30,57.30,49.00,48.75,0.606,0.599,1808,1675,0.0693,0.0642,8.36,291.5,-2.195,-1.514,1,1,1
4408445,3152,1,0.150,57.30,57.30,51.61,48.46,0.600,0.599,1844,1708,0.0707,0.0655,8.37,301.8,-2.927,-1.546,1,1,1
4418459,3162,1,0.150,57.30,57.30,50.35,48.38,0.602,0.600,1878,1741,0.0720,0.0668,8.36,293.8,-4.451,-1.593,1,1,1
4428459,3172,1,0.150,57.30,57.30,49.97,49.38,0.603,0.597,1912,1775,0.0733,0.0681,8.37,298.0,-6.890,-1.665,1,1,1
4438461,3182,1,0.150,57.30,57.30,49.85,49.68,0.604,0.598,1946,1809,0.0746,0.0694,8.35,299.8,-8.293,-1.751,1,1,1
4448466,3192,1,0.150,57.30,57.30,48.79,49.77,0.607,0.598,1979,1843,0.0759,0.0707,8.34,295.0,-5.854,-1.812,1,1,1
4458473,3202,1,0.150,57.30,57.30,52.58,50.82,0.599,0.595,2016,1878,0.0773,0.0720,8.35,302.8,-2.134,-1.836,1,1,1
4468476,3212,1,0.150,57.30,57.30,51.66,50.11,0.600,0.596,2051,1912,0.0787,0.0733,8.36,288.0,-0.305,-1.842,1,1,1
4478482,3222,1,0.150,57.30,57.30,50.36,49.90,0.602,0.596,2085,1946,0.0800,0.0746,8.37,289.8,-0.366,-1.848,1,1,1
4488484,3232,1,0.150,57.30,57.30,52.02,50.86,0.599,0.595,2121,1981,0.0813,0.0760,8.36,288.2,-2.866,-1.880,1,1,1
4498497,3242,1,0.150,57.30,57.30,55.60,50.12,0.592,0.597,2160,2015,0.0828,0.0773,8.36,288.5,-6.646,-1.949,1,1,1
4508506,3252,1,0.150,57.30,57.30,53.59,47.85,0.596,0.601,2196,2047,0.0842,0.0785,8.36,290.2,-11.280,-2.064,1,1,1
4518519,3262,1,0.150,57.30,57.30,50.94,48.19,0.601,0.600,2230,2080,0.0855,0.0798,8.36,287.0,-10.671,-2.174,1,1,1
4528522,3272,1,0.150,57.30,57.30,52.20,49.32,0.598,0.597,2266,2114,0.0869,0.0811,8.37,294.2,-6.220,-2.239,1,1,1
4538522,3282,1,0.150,57.30,57.30,52.57,49.66,0.599,0.598,2302,2148,0.0883,0.0824,8.35,292.0,-3.049,-2.272,1,1,1
4548522,3292,1,0.150,57.30,57.30,53.71,49.76,0.596,0.597,2339,2182,0.0897,0.0837,8.36,289.8,-2.134,-2.296,1,1,1
4558522,3302,1,0.150,57.30,57.30,57.13,51.84,0.588,0.592,2379,2218,0.0912,0.0851,8.37,292.8,-5.671,-2.356,1,1,1
4568534,3312,1,0.150,57.30,57.30,58.15,52.47,0.586,0.591,2419,2254,0.0928,0.0864,8.37,276.5,-9.695,-2.455,1,1,1
4578542,3322,1,0.150,57.30,57.30,54.36,48.55,0.593,0.598,2455,2286,0.0941,0.0877,8.38,279.0,-10.183,-2.560,1,1,1
4588549,3332,1,0.150,57.30,57.30,54.25,48.40,0.593,0.598,2492,2319,0.0956,0.0889,8.38,279.5,-4.085,-2.603,1,1,1
4598552,3342,1,0.150,57.30,57.30,55.24,50.41,0.592,0.595,2530,2354,0.0970,0.0903,8.37,287.0,-2.927,-2.635,1,1,1
4608552,3352,1,0.150,57.30,57.30,55.54,49.99,0.592,0.597,2568,2388,0.0985,0.0916,8.36,287.2,-7.500,-2.713,1,1,1
4618564,3362,1,0.150,57.30,57.30,58.70,50.88,0.585,0.594,2609,2423,0.1001,0.0929,8.37,284.2,-12.439,-2.840,1,1,1
4628580,3372,1,0.150,57.30,57.30,54.52,51.15,0.594,0.594,2645,2458,0.1014,0.0943,8.37,284.0,-13.171,-2.975,1,1,1
4638589,3382,1,0.150,57.30,57.30,57.37,48.16,0.589,0.601,2685,2490,0.1030,0.0955,8.35,280.0,-5.793,-3.035,1,1,1
4648589,3392,1,0.150,57.30,57.30,55.15,50.34,0.593,0.596,2722,2525,0.1044,0.0968,8.36,289.8,-0.854,-3.047,1,1,1
4658589,3402,1,0.150,57.30,57.30,57.56,49.96,0.588,0.596,2762,2559,0.1059,0.0981,8.37,287.8,-1.402,-3.064,1,1,1
4668589,3412,1,0.150,57.30,57.30,57.26,49.85,0.589,0.597,2801,2593,0.1074,0.0994,8.36,278.8,-7.256,-3.139,1,1,1
4678600,3422,1,0.150,57.30,57.30,58.19,49.82,0.586,0.596,2841,2627,0.1090,0.1007,8.37,286.2,-13.537,-3.277,1,1,1
4688607,3432,1,0.150,57.30,57.30,58.47,50.83,0.586,0.594,2881,2662,0.1105,0.1021,8.37,279.0,-15.305,-3.433,1,1,1
4698619,3442,1,0.150,57.30,57.30,56.51,50.11,0.590,0.596,2919,2696,0.1119,0.1034,8.36,282.0,-6.951,-3.505,1,1,1
4708620,3452,1,0.150,57.30,57.30,55.92,50.92,0.591,0.594,2957,2731,0.1134,0.1047,8.36,284.5,1.402,-3.494,1,1,1
4718620,3462,1,0.150,57.30,57.30,57.79,51.17,0.588,0.594,2997,2766,0.1149,0.1061,8.36,282.8,3.232,-3.464,1,1,1
4728630,3472,1,0.150,57.30,57.30,58.35,52.26,0.586,0.591,3037,2802,0.1165,0.1075,8.37,281.2,-1.463,-3.482,1,1,1
4738637,3482,1,0.150,57.30,57.30,57.50,49.52,0.588,0.598,3076,2835,0.1180,0.1087,8.36,269.5,-8.841,-3.573,1,1,1
4748637,3492,1,0.150,57.30,57.30,58.26,50.74,0.585,0.594,3116,2870,0.1195,0.1101,8.38,284.2,-12.988,-3.705,1,1,1
4758640,3502,1,0.150,57.30,57.30,55.42,51.11,0.592,0.594,3153,2905,0.1209,0.1114,8.36,271.2,-13.293,-3.841,1,1,1
4768652,3512,1,0.150,57.30,57.30,55.59,49.17,0.591,0.597,3191,2938,0.1224,0.1127,8.37,281.0,-5.610,-3.900,1,1,1
4778664,3522,1,0.150,57.30,57.30,54.62,51.67,0.593,0.592,3228,2974,0.1238,0.1141,8.37,281.8,-0.671,-3.909,1,1,1
4788668,3532,1,0.150,57.30,57.30,58.43,51.39,0.586,0.593,3269,3009,0.1254,0.1154,8.37,282.0,-0.610,-3.918,1,1,1
4798680,3542,1,0.150,57.30,57.30,55.47,50.28,0.592,0.595,3306,3043,0.1268,0.1167,8.37,285.0,-5.671,-3.978,1,1,1
4808680,3552,1,0.150,57.30,57.30,54.58,48.92,0.594,0.599,3343,3076,0.1282,0.1180,8.36,284.0,-9.329,-4.074,1,1,1
4818680,3562,1,0.150,57.30,57.30,53.29,51.59,0.597,0.593,3379,3112,0.1296,0.1193,8.36,288.0,-8.110,-4.157,1,1,1
4828680,3572,1,0.150,57.30,57.30,55.98,52.39,0.591,0.591,3418,3148,0.1311,0.1207,8.36,291.2,-7.378,-4.234,1,1,1
4838689,3582,1,0.150,57.30,57.30,55.76,52.63,0.593,0.592,3456,3184,0.1325,0.1221,8.35,279.0,-4.573,-4.282,1,1,1
4848698,3592,1,0.150,57.30,57.30,54.67,53.73,0.594,0.589,3493,3221,0.1340,0.1235,8.36,283.5,-4.695,-4.332,1,1,1
4858704,3602,1,0.150,57.30,57.30,51.26,50.98,0.600,0.594,3527,3255,0.1353,0.1248,8.37,274.0,-5.915,-4.394,1,1,1
4868706,3612,1,0.150,57.30,57.30,51.27,49.13,0.600,0.598,3562,3288,0.1366,0.1261,8.37,286.0,-3.171,-4.428,1,1,1
4878711,3622,1,0.150,57.30,57.30,51.27,49.60,0.601,0.598,3597,3322,0.1379,0.1274,8.36,285.2,-1.341,-4.445,1,1,1
4888719,3632,1,0.150,57.30,57.30,51.27,51.79,0.601,0.593,3632,3358,0.1393,0.1288,8.36,288.8,-4.268,-4.490,1,1,1
4898721,3642,1,0.150,57.30,57.30,52.29,53.48,0.599,0.590,3668,3395,0.1407,0.1302,8.35,295.2,-7.317,-4.566,1,1,1
4908734,3652,1,0.150,57.30,57.30,54.65,53.98,0.594,0.588,3706,3432,0.1421,0.1316,8.36,282.0,-9.329,-4.662,1,1,1
4918743,3662,1,0.150,57.30,57.30,56.39,52.08,0.589,0.591,3745,3467,0.1436,0.1330,8.38,287.0,-10.793,-4.773,1,1,1
4928743,3672,1,0.150,57.30,57.30,56.91,51.51,0.589,0.593,3784,3502,0.1451,0.1343,8.36,273.8,-10.671,-4.882,1,1,1
4938756,3682,1,0.150,57.30,57.30,44.76,48.27,0.612,0.599,3811,3534,0.1462,0.1355,8.38,280.8,-9.329,-4.978,1,1,1
4948767,3692,1,0.150,57.30,57.30,46.24,49.34,0.610,0.597,3843,3568,0.1474,0.1368,8.37,302.8,-4.634,-5.027,1,1,1
4958767,3702,1,0.150,57.30,57.30,48.74,51.72,0.606,0.593,3877,3604,0.1487,0.1382,8.36,290.8,0.122,-5.029,1,1,1
4968780,3712,1,0.150,57.30,57.30,49.48,53.45,0.603,0.589,3911,3641,0.1500,0.1396,8.38,291.0,3.476,-4.997,1,1,1
4978789,3722,1,0.150,57.30,57.30,50.73,53.98,0.602,0.589,3946,3678,0.1513,0.1410,8.36,281.5,0.427,-4.995,1,1,1
4988801,3732,1,0.150,57.30,57.30,50.08,54.13,0.603,0.588,3980,3715,0.1526,0.1425,8.37,285.0,-4.085,-5.039,1,1,1
4998812,3742,1,0.150,57.30,57.30,50.91,52.13,0.600,0.591,4015,3750,0.1540,0.1438,8.38,289.8,-8.049,-5.122,1,1,1
5008819,3752,1,0.150,57.30,57.30,49.11,49.48,0.605,0.598,4048,3783,0.1552,0.1451,8.36,284.2,-5.000,-5.175,1,1,1
5018819,3762,1,0.150,57.30,57.30,55.75,49.71,0.591,0.596,4088,3817,0.1568,0.1464,8.37,297.0,-4.146,-5.219,1,1,1
5028819,3772,1,0.150,57.30,57.30,53.64,50.80,0.595,0.594,4124,3852,0.1582,0.1477,8.37,277.5,-7.744,-5.299,1,1,1
5038819,3782,1,0.150,57.30,57.30,55.06,52.15,0.592,0.591,4162,3888,0.1596,0.1491,8.37,285.2,-10.854,-5.411,1,1,1
5048832,3792,1,0.150,57.30,57.30,53.43,51.53,0.596,0.593,4198,3923,0.1610,0.1504,8.37,277.2,-10.732,-5.521,1,1,1
5058832,3802,1,0.150,57.30,57.30,51.92,50.32,0.598,0.595,4233,3957,0.1623,0.1517,8.38,281.5,-5.976,-5.583,1,1,1
5068834,3812,1,0.150,57.30,57.30,55.57,50.99,0.591,0.594,4272,3992,0.1638,0.1531,8.37,288.2,-0.671,-5.593,1,1,1
5078843,3822,1,0.150,57.30,57.30,56.66,53.24,0.591,0.591,4311,4029,0.1653,0.1545,8.35,281.8,0.305,-5.592,1,1,1
5088849,3832,1,0.150,57.30,57.30,59.04,52.88,0.585,0.591,4352,4065,0.1669,0.1559,8.36,282.2,-3.415,-5.629,1,1,1
5098850,3842,1,0.150,57.30,57.30,62.83,50.73,0.577,0.595,4396,4099,0.1686,0.1572,8.36,278.8,-9.329,-5.725,1,1,1
5108850,3852,1,0.150,57.30,57.30,58.84,50.08,0.585,0.597,4435,4133,0.1701,0.1585,8.35,271.0,-12.317,-5.851,1,1,1
5118862,3862,1,0.150,57.30,57.30,56.62,48.86,0.589,0.598,4473,4166,0.1715,0.1598,8.36,281.5,-13.963,-5.993,1,1,1
5128865,3872,1,0.150,57.30,57.30,53.90,50.55,0.594,0.595,4509,4201,0.1729,0.1611,8.37,275.2,-9.085,-6.087,1,1,1
5138865,3882,1,0.150,57.30,57.30,57.19,52.08,0.588,0.592,4549,4237,0.1745,0.1625,8.37,283.8,-2.439,-6.114,1,1,1
5148877,3892,1,0.150,57.30,57.30,59.20,52.54,0.584,0.591,4590,4273,0.1760,0.1639,8.36,274.5,0.610,-6.111,1,1,1
5158886,3902,1,0.150,57.30,57.30,61.85,50.62,0.579,0.596,4633,4307,0.1777,0.1652,8.35,276.5,-2.195,-6.136,1,1,1
5168886,3912,1,0.150,57.30,57.30,60.60,53.13,0.580,0.590,4674,4344,0.1792,0.1666,8.37,279.8,-6.707,-6.205,1,1,1
5178893,3922,1,0.150,57.30,57.30,58.17,50.80,0.584,0.594,4713,4378,0.1807,0.1679,8.38,271.2,-7.256,-6.281,1,1,1
5188903,3932,1,0.150,57.30,57.30,56.42,49.08,0.588,0.598,4751,4411,0.1822,0.1692,8.36,273.8,-2.744,-6.311,1,1,1
5198916,3942,1,0.150,57.30,57.30,59.99,48.56,0.582,0.600,4793,4444,0.1838,0.1704,8.35,283.0,-3.232,-6.346,1,1,1
5208925,3952,1,0.150,57.30,57.30,61.06,50.46,0.578,0.595,4835,4479,0.1854,0.1718,8.37,287.5,-5.793,-6.407,1,1,1
5218938,3962,1,0.150,57.30,57.30,63.44,50.00,0.572,0.595,4879,4513,0.1871,0.1731,8.38,273.5,-9.390,-6.503,1,1,1
5228952,3972,1,0.150,57.30,57.30,63.12,50.89,0.572,0.594,4922,4548,0.1888,0.1744,8.37,274.8,-10.915,-6.615,1,1,1
5238964,3982,1,0.150,57.30,57.30,58.93,51.16,0.580,0.593,4961,4583,0.1903,0.1758,8.38,275.8,-9.329,-6.711,1,1,1
5248968,3992,1,0.150,57.30,57.30,55.62,50.21,0.587,0.595,4998,4617,0.1917,0.1771,8.38,275.2,-2.988,-6.744,1,1,1
5258969,4002,1,0.150,57.30,57.30,56.68,49.93,0.586,0.597,5037,4651,0.1932,0.1784,8.36,283.0,0.427,-6.742,1,1,1
5268977,4012,1,0.150,57.30,57.30,58.02,50.87,0.584,0.595,5077,4686,0.1947,0.1797,8.36,272.5,1.463,-6.730,1,1,1
5278984,4022,1,0.150,57.30,57.30,58.42,51.15,0.582,0.594,5117,4721,0.1962,0.1810,8.36,279.5,0.854,-6.725,1,1,1
5288984,4032,1,0.150,57.30,57.30,57.52,50.21,0.583,0.595,5156,4755,0.1977,0.1824,8.37,275.2,-3.415,-6.761,1,1,1
5298998,4042,1,0.150,57.30,57.30,56.22,50.95,0.586,0.594,5194,4790,0.1992,0.1837,8.37,281.5,-4.207,-6.806,1,1,1
5309009,4053,1,0.150,57.30,57.30,55.83,49.12,0.587,0.597,5232,4823,0.2006,0.1850,8.37,281.2,-2.439,-6.833,1,1,1
5319016,4063,1,0.150,57.30,57.30,55.71,50.63,0.589,0.596,5270,4858,0.2021,0.1863,8.35,281.5,-3.476,-6.871,1,1,1
5329025,4073,1,0.150,57.30,57.30,56.70,51.08,0.586,0.594,5309,4893,0.2036,0.1876,8.36,288.5,-6.402,-6.938,1,1,1
5339031,4083,1,0.150,57.30,57.30,57.00,52.24,0.585,0.591,5348,4929,0.2051,0.1890,8.37,277.0,-7.561,-7.016,1,1,1
5349037,4093,1,0.150,57.30,57.30,52.99,51.56,0.594,0.593,5383,4964,0.2064,0.1904,8.36,277.2,-7.439,-7.093,1,1,1
5359038,4103,1,0.150,57.30,57.30,52.81,49.31,0.595,0.597,5419,4997,0.2078,0.1916,8.37,277.8,-7.744,-7.173,1,1,1
5369044,4113,1,0.150,57.30,57.30,50.71,50.68,0.601,0.595,5453,5032,0.2091,0.1930,8.36,287.5,-3.476,-7.211,1,1,1
5379053,4123,1,0.150,57.30,57.30,54.18,50.07,0.593,0.595,5491,5066,0.2106,0.1943,8.38,290.0,-0.305,-7.217,1,1,1
5389062,4133,1,0.150,57.30,57.30,54.19,49.88,0.594,0.597,5528,5100,0.2120,0.1956,8.36,281.0,-0.427,-7.224,1,1,1
5399068,4143,1,0.150,57.30,57.30,56.25,51.88,0.589,0.591,5567,5136,0.2135,0.1970,8.38,285.8,-2.500,-7.251,1,1,1
5409079,4153,1,0.150,57.30,57.30,54.81,52.48,0.594,0.592,5604,5172,0.2149,0.1983,8.35,282.2,-9.634,-7.351,1,1,1
5419090,4163,1,0.150,57.30,57.30,56.43,50.61,0.591,0.596,5643,5206,0.2164,0.1996,8.35,283.0,-10.427,-7.458,1,1,1
5429102,4173,1,0.150,57.30,57.30,50.77,50.05,0.601,0.596,5676,5240,0.2177,0.2010,8.37,290.2,-7.866,-7.539,1,1,1
5439110,4183,1,0.150,57.30,57.30,53.17,50.90,0.597,0.594,5713,5275,0.2191,0.2023,8.36,287.5,-4.634,-7.588,1,1,1
5449124,4193,1,0.150,57.30,57.30,51.84,50.13,0.599,0.596,5748,5309,0.2204,0.2036,8.36,288.0,0.305,-7.588,1,1,1
5459133,4203,1,0.150,57.30,57.30,52.47,51.95,0.598,0.592,5784,5345,0.2218,0.2050,8.36,284.2,1.037,-7.580,1,1,1
5469139,4213,1,0.150,57.30,57.30,52.65,50.45,0.597,0.594,5820,5379,0.2232,0.2063,8.38,283.8,-2.134,-7.604,1,1,1
5479148,4223,1,0.150,57.30,57.30,52.71,52.05,0.598,0.593,5856,5415,0.2246,0.2077,8.36,288.0,-5.976,-7.667,1,1,1
5489158,4233,1,0.150,57.30,57.30,50.68,49.45,0.602,0.598,5890,5448,0.2259,0.2089,8.36,285.0,-5.610,-7.726,1,1,1
5499170,4243,1,0.150,57.30,57.30,53.14,50.72,0.597,0.595,5927,5483,0.2273,0.2103,8.36,297.5,-3.902,-7.767,1,1,1
5509173,4253,1,0.150,57.30,57.30,50.81,50.08,0.602,0.597,5961,5517,0.2286,0.2116,8.35,281.5,-1.341,-7.783,1,1,1
5519185,4263,1,0.150,57.30,57.30,53.18,52.96,0.596,0.590,5998,5554,0.2300,0.2130,8.37,294.8,-0.183,-7.788,1,1,1
5529192,4273,1,0.150,57.30,57.30,49.79,53.83,0.603,0.588,6031,5591,0.2313,0.2144,8.37,288.5,-2.561,-7.816,1,1,1
5539196,4283,1,0.150,57.30,57.30,51.85,48.96,0.600,0.599,6067,5623,0.2327,0.2156,8.35,284.0,-1.951,-7.839,1,1,1
5549201,4293,1,0.150,57.30,57.30,52.47,48.53,0.599,0.600,6103,5656,0.2340,0.2169,8.35,290.0,-4.634,-7.888,1,1,1
5559203,4303,1,0.150,57.30,57.30,51.63,50.45,0.601,0.596,6138,5691,0.2354,0.2182,8.35,283.5,-7.988,-7.970,1,1,1
5569216,4313,1,0.150,57.30,57.30,54.45,51.02,0.594,0.594,6176,5726,0.2368,0.2196,8.37,289.0,-8.171,-8.055,1,1,1
5579226,4323,1,0.150,57.30,57.30,54.28,51.20,0.595,0.594,6213,5761,0.2383,0.2209,8.36,285.5,-6.463,-8.122,1,1,1
5589231,4333,1,0.150,57.30,57.30,54.22,51.25,0.594,0.593,6250,5796,0.2397,0.2223,8.37,283.5,-5.000,-8.175,1,1,1
5599233,4343,1,0.150,57.30,57.30,54.21,53.31,0.595,0.590,6287,5833,0.2411,0.2237,8.36,286.2,-4.756,-8.225,1,1,1
5609246,4353,1,0.150,57.30,57.30,51.13,48.81,0.601,0.599,6321,5865,0.2424,0.2249,8.36,277.0,-2.439,-8.252,1,1,1
5619246,4363,1,0.150,57.30,57.30,53.28,48.48,0.596,0.599,6358,5898,0.2438,0.2262,8.37,294.0,-4.390,-8.299,1,1,1
5629261,4373,1,0.150,57.30,57.30,54.95,51.46,0.593,0.593,6396,5934,0.2453,0.2276,8.36,282.2,-5.305,-8.355,1,1,1
5639264,4383,1,0.150,57.30,57.30,55.45,51.33,0.592,0.593,6434,5969,0.2467,0.2289,8.37,284.8,-4.329,-8.401,1,1,1
5649268,4393,1,0.150,57.30,57.30,56.63,53.34,0.589,0.589,6473,6006,0.2482,0.2303,8.37,276.8,-3.659,-8.440,1,1,1
5659279,4403,1,0.150,57.30,57.30,55.95,53.94,0.592,0.589,6511,6043,0.2497,0.2317,8.36,277.0,-3.354,-8.476,1,1,1
5669279,4413,1,0.150,57.30,57.30,54.73,52.07,0.593,0.592,6548,6078,0.2511,0.2331,8.37,279.5,-0.549,-8.485,1,1,1
5679279,4423,1,0.150,57.30,57.30,56.41,48.43,0.591,0.600,6587,6110,0.2526,0.2343,8.36,279.0,-0.244,-8.490,1,1,1
5689291,4433,1,0.150,57.30,57.30,57.94,47.34,0.588,0.603,6627,6142,0.2541,0.2355,8.35,288.8,-5.488,-8.547,1,1,1
5699300,4443,1,0.150,57.30,57.30,57.37,51.12,0.588,0.594,6666,6178,0.2556,0.2369,8.36,293.5,-11.402,-8.664,1,1,1
5709300,4453,1,0.150,57.30,57.30,60.28,50.20,0.582,0.596,6708,6212,0.2572,0.2382,8.36,278.8,-15.366,-8.821,1,1,1
5719307,4463,1,0.150,57.30,57.30,51.92,49.92,0.599,0.596,6741,6246,0.2585,0.2395,8.37,281.5,-14.573,-8.969,1,1,1
5729309,4473,1,0.150,57.30,57.30,56.59,49.84,0.589,0.596,6781,6280,0.2600,0.2408,8.37,281.2,-8.963,-9.062,1,1,1
5739317,4483,1,0.150,57.30,57.30,56.97,51.87,0.589,0.592,6820,6316,0.2615,0.2422,8.37,282.8,-2.683,-9.091,1,1,1
5749321,4493,1,0.150,57.30,57.30,58.11,52.47,0.587,0.592,6860,6352,0.2631,0.2436,8.36,275.5,-0.549,-9.099,1,1,1
5759324,4503,1,0.150,57.30,57.30,60.50,50.61,0.582,0.595,6902,6386,0.2647,0.2449,8.36,276.0,-1.768,-9.120,1,1,1
5769330,4513,1,0.150,57.30,57.30,59.17,51.07,0.584,0.594,6942,6421,0.2662,0.2462,8.36,284.0,-5.488,-9.177,1,1,1
5779330,4523,1,0.150,57.30,57.30,57.74,50.18,0.586,0.596,6981,6455,0.2677,0.2475,8.37,275.0,-9.390,-9.274,1,1,1
5789340,4533,1,0.150,57.30,57.30,56.29,48.89,0.590,0.599,7019,6488,0.2692,0.2488,8.36,282.5,-6.829,-9.345,1,1,1
5799340,4543,1,0.150,57.30,57.30,58.93,51.58,0.585,0.594,7060,6524,0.2707,0.2502,8.35,278.8,-4.634,-9.394,1,1,1
5809352,4553,1,0.150,57.30,57.30,59.72,51.36,0.582,0.593,7101,6559,0.2723,0.2515,8.37,282.8,-5.854,-9.455,1,1,1
5819360,4563,1,0.150,57.30,57.30,58.93,52.32,0.584,0.592,7141,6595,0.2739,0.2529,8.36,281.2,-7.622,-9.534,1,1,1
5829363,4573,1,0.150,57.30,57.30,63.82,52.61,0.574,0.591,7186,6631,0.2756,0.2543,8.36,274.0,-9.329,-9.630,1,1,1
5839363,4583,1,0.150,57.30,57.30,59.14,51.67,0.582,0.592,7225,6666,0.2771,0.2556,8.38,272.2,-10.854,-9.742,1,1,1
5849370,4593,1,0.150,57.30,57.30,54.66,46.26,0.591,0.603,7261,6696,0.2785,0.2568,8.37,271.0,-14.085,-9.885,1,1,1
5859383,4603,1,0.150,57.30,57.30,52.29,50.79,0.596,0.593,7296,6732,0.2798,0.2582,8.39,290.0,-9.146,-9.980,1,1,1
5869391,4613,1,0.150,57.30,57.30,55.68,50.10,0.590,0.595,7335,6766,0.2813,0.2595,8.38,285.5,-5.183,-10.034,1,1,1
5879398,4623,1,0.150,57.30,57.30,55.67,50.92,0.591,0.595,7373,6801,0.2828,0.2608,8.36,280.0,-1.524,-10.052,1,1,1
5889412,4633,1,0.150,57.30,57.30,55.67,51.16,0.591,0.594,7411,6836,0.2842,0.2622,8.36,284.8,-2.256,-10.077,1,1,1
5899423,4643,1,0.150,57.30,57.30,56.69,53.29,0.588,0.589,7450,6873,0.2857,0.2636,8.38,274.8,-5.915,-10.139,1,1,1
5909430,4653,1,0.150,57.30,57.30,54.95,51.88,0.592,0.592,7487,6908,0.2871,0.2649,8.38,275.8,-9.329,-10.235,1,1,1
5919431,4663,1,0.150,57.30,57.30,54.42,49.40,0.594,0.597,7524,6941,0.2885,0.2662,8.37,274.8,-7.073,-10.309,1,1,1
5929443,4673,1,0.150,57.30,57.30,55.29,50.71,0.592,0.594,7562,6976,0.2900,0.2675,8.37,285.0,-3.963,-10.351,1,1,1
5939451,4683,1,0.150,57.30,57.30,53.50,51.10,0.596,0.594,7598,7011,0.2914,0.2689,8.36,283.0,-5.976,-10.414,1,1,1
5949459,4693,1,0.150,57.30,57.30,56.04,51.22,0.592,0.594,7637,7046,0.2929,0.2702,8.35,281.0,-8.780,-10.504,1,1,1
5959469,4703,1,0.150,57.30,57.30,50.65,51.25,0.601,0.593,7670,7081,0.2941,0.2716,8.38,277.8,-10.915,-10.616,1,1,1
5969469,4713,1,0.150,57.30,57.30,52.11,50.24,0.599,0.596,7706,7115,0.2955,0.2729,8.36,284.2,-9.695,-10.716,1,1,1
5979482,4723,1,0.150,57.30,57.30,54.60,49.94,0.593,0.596,7744,7149,0.2970,0.2742,8.37,284.0,-5.488,-10.773,1,1,1
5989484,4733,1,0.150,57.30,57.30,53.29,51.89,0.596,0.592,7780,7185,0.2984,0.2755,8.37,285.5,-4.939,-10.826,1,1,1
5999489,4743,1,0.150,57.30,57.30,52.90,52.48,0.597,0.591,7816,7221,0.2997,0.2769,8.37,275.5,-6.951,-10.898,1,1,1
6009491,4753,1,0.150,57.30,57.30,55.86,52.66,0.591,0.591,7855,7257,0.3012,0.2783,8.37,280.0,-10.305,-11.004,1,1,1
6019497,4763,1,0.150,57.30,57.30,53.67,52.71,0.596,0.591,7891,7293,0.3026,0.2797,8.36,272.0,-9.756,-11.104,1,1,1
6029504,4773,1,0.150,57.30,57.30,45.84,50.68,0.609,0.593,7920,7327,0.3037,0.2810,8.40,280.0,-6.037,-11.167,1,1,1
6039506,4783,1,0.150,57.30,57.30,50.67,50.07,0.602,0.597,7956,7361,0.3051,0.2823,8.36,294.2,-1.646,-11.186,1,1,1
6049506,4793,1,0.150,57.30,57.30,54.16,50.91,0.595,0.595,7994,7396,0.3066,0.2836,8.35,286.5,-0.915,-11.198,1,1,1
6059514,4803,1,0.150,57.30,57.30,51.11,53.21,0.601,0.590,8028,7433,0.3079,0.2851,8.36,288.0,-4.390,-11.245,1,1,1
6069514,4813,1,0.150,57.30,57.30,54.30,52.88,0.596,0.592,8066,7469,0.3093,0.2864,8.35,281.8,-9.146,-11.339,1,1,1
6079522,4823,1,0.150,57.30,57.30,47.05,51.75,0.609,0.593,8096,7504,0.3105,0.2878,8.37,279.5,-11.951,-11.461,1,1,1
6089522,4833,1,0.150,57.30,57.30,55.13,50.39,0.594,0.596,8136,7538,0.3120,0.2891,8.35,281.2,-10.549,-11.569,1,1,1
6099529,4843,1,0.150,57.30,57.30,54.48,51.01,0.594,0.594,8173,7573,0.3134,0.2904,8.37,281.5,-3.110,-11.603,1,1,1
6109537,4853,1,0.150,57.30,57.30,51.21,50.16,0.600,0.596,8207,7607,0.3147,0.2917,8.37,280.5,-2.134,-11.627,1,1,1
6119537,4863,1,0.150,57.30,57.30,54.33,51.96,0.595,0.593,8245,7643,0.3162,0.2931,8.36,280.5,-5.610,-11.686,1,1,1
6129540,4873,1,0.150,57.30,57.30,56.29,53.53,0.589,0.588,8284,7680,0.3177,0.2945,8.38,281.0,-10.549,-11.794,1,1,1
6139550,4883,1,0.150,57.30,57.30,56.88,50.92,0.589,0.594,8323,7714,0.3192,0.2958,8.37,273.5,-12.622,-11.923,1,1,1
6149557,4893,1,0.150,57.30,57.30,56.03,52.19,0.592,0.593,8361,7750,0.3206,0.2972,8.35,275.5,-5.305,-11.979,1,1,1
6159564,4903,1,0.150,57.30,57.30,56.80,53.60,0.590,0.590,8400,7787,0.3221,0.2986,8.36,282.2,0.854,-11.973,1,1,1
6169565,4913,1,0.150,57.30,57.30,57.03,51.97,0.589,0.593,8439,7822,0.3236,0.3000,8.36,271.2,0.976,-11.966,1,1,1
6179572,4923,1,0.150,57.30,57.30,58.12,50.45,0.586,0.595,8479,7856,0.3252,0.3013,8.37,279.5,-5.854,-12.028,1,1,1
6189583,4933,1,0.150,57.30,57.30,59.48,51.02,0.584,0.595,8520,7891,0.3267,0.3026,8.36,272.8,-14.329,-12.174,1,1,1
6199589,4943,1,0.150,57.30,57.30,59.88,51.20,0.582,0.593,8561,7926,0.3283,0.3040,8.37,278.0,-17.744,-12.354,1,1,1
6209600,4953,1,0.150,57.30,57.30,57.96,50.22,0.587,0.596,8600,7960,0.3298,0.3053,8.36,274.5,-13.415,-12.491,1,1,1
6219611,4963,1,0.150,57.30,57.30,59.43,53.01,0.584,0.591,8641,7997,0.3314,0.3067,8.35,278.2,0.244,-12.491,1,1,1
6229619,4973,1,0.150,57.30,57.30,58.84,53.84,0.584,0.588,8681,8034,0.3329,0.3081,8.37,282.2,-1.159,-12.505,1,1,1
6239630,4983,1,0.150,57.30,57.30,61.74,51.02,0.578,0.594,8724,8068,0.3346,0.3094,8.36,270.0,-8.537,-12.594,1,1,1
6249634,4993,1,0.150,57.30,57.30,61.59,52.22,0.578,0.593,8766,8104,0.3362,0.3108,8.35,274.8,-13.841,-12.735,1,1,1
6259643,5003,1,0.150,57.30,57.30,61.54,51.55,0.577,0.593,8808,8139,0.3378,0.3121,8.37,280.2,-10.671,-12.844,1,1,1
6269645,5013,1,0.150,57.30,57.30,58.45,49.30,0.584,0.598,8847,8172,0.3393,0.3134,8.35,270.2,-5.610,-12.903,1,1,1
6279650,5023,1,0.150,57.30,57.30,59.58,49.65,0.580,0.596,8888,8206,0.3409,0.3147,8.37,284.8,-2.927,-12.935,1,1,1
6289657,5033,1,0.150,57.30,57.30,59.91,52.84,0.579,0.590,8929,8243,0.3424,0.3161,8.38,274.0,-4.878,-12.987,1,1,1
6299668,5043,1,0.150,57.30,57.30,61.04,49.69,0.576,0.596,8971,8276,0.3440,0.3174,8.38,274.5,-9.268,-13.082,1,1,1
6309674,5053,1,0.150,57.30,57.30,63.43,53.87,0.571,0.588,9015,8314,0.3457,0.3188,8.37,272.8,-10.732,-13.192,1,1,1
6319683,5063,1,0.150,57.30,57.30,60.04,51.02,0.578,0.594,9055,8348,0.3473,0.3201,8.36,270.2,-7.134,-13.266,1,1,1
6329683,5073,1,0.150,57.30,57.30,56.98,50.17,0.583,0.595,9093,8382,0.3487,0.3214,8.38,279.2,-0.610,-13.275,1,1,1
6339689,5083,1,0.150,57.30,57.30,58.11,52.99,0.582,0.590,9133,8419,0.3502,0.3229,8.36,276.8,1.463,-13.263,1,1,1
6349696,5093,1,0.150,57.30,57.30,58.45,47.68,0.581,0.601,9173,8450,0.3518,0.3241,8.37,278.2,0.061,-13.265,1,1,1
6359706,5103,1,0.150,57.30,57.30,59.58,53.27,0.579,0.590,9214,8488,0.3534,0.3255,8.36,272.2,-4.390,-13.312,1,1,1
6369719,5113,1,0.150,57.30,57.30,56.84,50.84,0.583,0.594,9252,8522,0.3548,0.3268,8.38,273.5,-8.293,-13.398,1,1,1
6379728,5123,1,0.150,57.30,57.30,56.02,50.12,0.586,0.596,9290,8556,0.3563,0.3281,8.36,273.0,-6.646,-13.467,1,1,1
6389741,5133,1,0.150,57.30,57.30,57.82,50.92,0.583,0.595,9330,8591,0.3578,0.3295,8.36,280.2,-6.341,-13.533,1,1,1
6399741,5143,1,0.150,57.30,57.30,56.31,50.14,0.585,0.596,9368,8625,0.3593,0.3308,8.36,282.5,-3.963,-13.575,1,1,1
6409749,5153,1,0.150,57.30,57.30,56.88,51.96,0.584,0.592,9407,8661,0.3608,0.3321,8.37,278.0,-2.317,-13.601,1,1,1
6419749,5163,1,0.150,57.30,57.30,57.06,51.48,0.584,0.594,9446,8696,0.3622,0.3335,8.35,276.5,-3.110,-13.635,1,1,1
6429749,5173,1,0.150,57.30,57.30,53.01,50.31,0.593,0.596,9481,8730,0.3636,0.3348,8.36,279.2,-6.585,-13.704,1,1,1
6439758,5183,1,0.150,57.30,57.30,53.84,49.96,0.592,0.597,9518,8764,0.3650,0.3361,8.35,280.2,-5.976,-13.766,1,1,1
6449771,5193,1,0.150,57.30,57.30,52.04,49.85,0.595,0.597,9553,8798,0.3664,0.3374,8.36,287.2,-2.378,-13.793,1,1,1
6459771,5203,1,0.150,57.30,57.30,55.60,49.82,0.588,0.596,9592,8832,0.3678,0.3387,8.37,282.0,-2.866,-13.824,1,1,1
6469774,5213,1,0.150,57.30,57.30,53.59,51.86,0.592,0.592,9628,8868,0.3692,0.3401,8.38,287.8,-4.207,-13.869,1,1,1
6479780,5223,1,0.150,57.30,57.30,58.12,51.45,0.583,0.592,9669,8903,0.3708,0.3414,8.38,280.5,-7.012,-13.942,1,1,1
6489786,5233,1,0.150,57.30,57.30,56.40,52.35,0.587,0.591,9707,8939,0.3723,0.3428,8.37,279.8,-9.939,-14.044,1,1,1
6499789,5243,1,0.150,57.30,57.30,54.86,49.54,0.592,0.598,9744,8972,0.3737,0.3441,8.35,280.8,-12.866,-14.175,1,1,1
6509802,5253,1,0.150,57.30,57.30,51.32,50.75,0.600,0.596,9778,9007,0.3750,0.3454,8.34,283.2,-8.720,-14.265,1,1,1
6519804,5263,1,0.150,57.30,57.30,53.34,51.11,0.595,0.594,9815,9042,0.3764,0.3468,8.37,289.2,-4.939,-14.317,1,1,1
6529804,5273,1,0.150,57.30,57.30,52.91,51.22,0.596,0.594,9851,9077,0.3778,0.3481,8.36,278.0,-1.890,-14.339,1,1,1
6539817,5283,1,0.150,57.30,57.30,52.79,51.26,0.598,0.595,9887,9112,0.3792,0.3494,8.35,283.0,-1.463,-14.356,1,1,1
6549817,5293,1,0.150,57.30,57.30,52.75,51.27,0.598,0.594,9923,9147,0.3805,0.3508,8.36,289.5,-2.927,-14.388,1,1,1
6559831,5303,1,0.150,57.30,57.30,52.74,51.27,0.598,0.594,9959,9182,0.3819,0.3521,8.36,279.5,-4.634,-14.438,1,1,1
6569832,5313,1,0.150,57.30,57.30,51.71,50.24,0.599,0.595,9994,9216,0.3833,0.3534,8.38,284.2,-3.293,-14.473,1,1,1
6579843,5323,1,0.150,57.30,57.30,54.48,50.96,0.594,0.595,10032,9251,0.3847,0.3548,8.36,278.5,-2.683,-14.503,1,1,1
6589854,5333,1,0.150,57.30,57.30,52.23,51.18,0.598,0.594,10067,9286,0.3861,0.3561,8.37,281.0,-4.878,-14.554,1,1,1
6599858,5343,1,0.150,57.30,57.30,53.61,51.24,0.596,0.594,10104,9321,0.3875,0.3575,8.36,286.2,-8.780,-14.645,1,1,1
6609871,5353,1,0.150,57.30,57.30,51.97,50.24,0.599,0.596,10139,9355,0.3888,0.3588,8.36,282.5,-10.183,-14.749,1,1,1
6619877,5363,1,0.150,57.30,57.30,51.48,51.98,0.601,0.593,10174,9391,0.3902,0.3601,8.36,289.2,-5.549,-14.808,1,1,1
6629888,5373,1,0.150,57.30,57.30,53.38,50.46,0.597,0.596,10211,9425,0.3916,0.3614,8.35,278.2,-1.768,-14.828,1,1,1
6639901,5383,1,0.150,57.30,57.30,53.95,51.03,0.594,0.594,10248,9460,0.3930,0.3628,8.37,287.2,-0.488,-14.836,1,1,1
6649910,5393,1,0.150,57.30,57.30,53.10,51.20,0.597,0.594,10284,9495,0.3944,0.3641,8.36,275.0,-2.927,-14.868,1,1,1
6659923,5403,1,0.150,57.30,57.30,55.92,51.25,0.592,0.594,10323,9530,0.3959,0.3655,8.36,282.8,-9.085,-14.961,1,1,1
6669934,5413,1,0.150,57.30,57.30,55.74,50.24,0.592,0.596,10361,9564,0.3973,0.3668,8.36,278.5,-12.988,-15.094,1,1,1
6679934,5423,1,0.150,57.30,57.30,55.69,50.96,0.592,0.595,10399,9599,0.3988,0.3681,8.36,285.5,-9.939,-15.196,1,1,1
6689947,5433,1,0.150,57.30,57.30,52.59,51.18,0.597,0.593,10434,9634,0.4001,0.3695,8.38,280.2,-2.439,-15.223,1,1,1
6699947,5443,1,0.150,57.30,57.30,54.74,51.24,0.594,0.594,10472,9669,0.4016,0.3708,8.36,280.0,1.463,-15.211,1,1,1
6709949,5453,1,0.150,57.30,57.30,55.39,52.29,0.593,0.592,10510,9705,0.4031,0.3722,8.36,278.8,1.220,-15.202,1,1,1
6719962,5463,1,0.150,57.30,57.30,55.58,51.57,0.593,0.594,10548,9740,0.4045,0.3735,8.35,283.8,-3.598,-15.241,1,1,1
6729968,5473,1,0.150,57.30,57.30,57.69,50.34,0.588,0.596,10588,9774,0.4060,0.3748,8.35,275.2,-10.366,-15.347,1,1,1
6739968,5483,1,0.150,57.30,57.30,58.32,50.99,0.586,0.594,10628,9809,0.4076,0.3762,8.37,281.0,-12.195,-15.472,1,1,1
6749977,5493,1,0.150,57.30,57.30,56.46,51.19,0.590,0.594,10666,9844,0.4090,0.3775,8.36,269.5,-6.951,-15.544,1,1,1
6759989,5503,1,0.150,57.30,57.30,58.98,51.24,0.585,0.594,10707,9879,0.4106,0.3789,8.36,279.0,-2.744,-15.574,1,1,1
6770001,5514,1,0.150,57.30,57.30,56.66,51.26,0.589,0.594,10745,9914,0.4121,0.3802,8.36,277.2,-1.829,-15.595,1,1,1
6780014,5524,1,0.150,57.30,57.30,61.09,53.32,0.580,0.589,10788,9951,0.4137,0.3816,8.37,279.5,-5.976,-15.658,1,1,1
6790022,5534,1,0.150,57.30,57.30,57.29,50.86,0.588,0.595,10826,9985,0.4152,0.3829,8.35,278.8,-12.195,-15.782,1,1,1
6800022,5544,1,0.150,57.30,57.30,59.23,50.12,0.584,0.596,10867,10019,0.4167,0.3842,8.36,276.5,-14.390,-15.929,1,1,1
6810032,5554,1,0.150,57.30,57.30,54.68,50.92,0.593,0.594,10903,10054,0.4181,0.3856,8.36,280.5,-8.293,-16.015,1,1,1
6820047,5564,1,0.150,57.30,57.30,59.47,52.19,0.583,0.592,10945,10090,0.4197,0.3869,8.36,276.2,-2.378,-16.041,1,1,1
6830059,5574,1,0.150,57.30,57.30,59.88,52.57,0.582,0.591,10986,10126,0.4213,0.3883,8.37,272.8,0.854,-16.035,1,1,1
6840059,5584,1,0.150,57.30,57.30,60.01,52.69,0.581,0.590,11027,10162,0.4229,0.3897,8.38,276.2,-1.951,-16.058,1,1,1
6850059,5594,1,0.150,57.30,57.30,60.04,52.72,0.581,0.591,11068,10198,0.4245,0.3911,8.37,266.5,-7.195,-16.132,1,1,1
6860059,5604,1,0.150,57.30,57.30,58.00,48.63,0.585,0.599,11107,10230,0.4259,0.3923,8.37,276.2,-8.963,-16.225,1,1,1
6870059,5614,1,0.150,57.30,57.30,57.39,48.43,0.587,0.600,11146,10263,0.4274,0.3936,8.35,277.0,-5.671,-16.284,1,1,1
6880059,5624,1,0.150,57.30,57.30,59.26,51.44,0.583,0.594,11187,10299,0.4290,0.3950,8.35,282.8,-5.000,-16.337,1,1,1
6890062,5634,1,0.150,57.30,57.30,59.82,52.35,0.581,0.591,11228,10335,0.4306,0.3963,8.37,282.5,-5.488,-16.395,1,1,1
6900068,5644,1,0.150,57.30,57.30,59.99,50.57,0.580,0.595,11269,10369,0.4322,0.3976,8.37,273.0,-7.500,-16.472,1,1,1
6910082,5654,1,0.150,57.30,57.30,62.09,52.08,0.575,0.592,11312,10405,0.4338,0.3990,8.37,280.0,-11.159,-16.587,1,1,1
6920095,5664,1,0.150,57.30,57.30,56.57,50.49,0.587,0.596,11349,10439,0.4352,0.4003,8.36,267.2,-13.902,-16.728,1,1,1
6930105,5674,1,0.150,57.30,57.30,54.91,51.04,0.590,0.594,11386,10474,0.4366,0.4017,8.37,278.0,-11.220,-16.843,1,1,1
6940112,5684,1,0.150,57.30,57.30,56.46,52.22,0.588,0.592,11425,10510,0.4381,0.4031,8.36,276.0,-4.268,-16.889,1,1,1
6950125,5694,1,0.150,57.30,57.30,56.93,51.56,0.586,0.593,11464,10545,0.4396,0.4044,8.36,279.0,0.427,-16.887,1,1,1
6960136,5704,1,0.150,57.30,57.30,57.07,52.38,0.586,0.591,11503,10581,0.4411,0.4058,8.37,282.2,0.976,-16.880,1,1,1
6970140,5714,1,0.150,57.30,57.30,57.11,52.63,0.587,0.592,11542,10617,0.4426,0.4072,8.35,272.2,-4.085,-16.924,1,1,1
6980151,5724,1,0.150,57.30,57.30,54.05,51.68,0.591,0.591,11578,10652,0.4440,0.4085,8.39,277.0,-10.000,-17.027,1,1,1
6990155,5734,1,0.150,57.30,57.30,55.18,49.34,0.591,0.598,11616,10685,0.4455,0.4098,8.36,271.8,-9.878,-17.128,1,1,1
7000163,5744,1,0.150,57.30,57.30,56.54,51.72,0.589,0.594,11655,10721,0.4470,0.4111,8.35,281.8,-4.146,-17.172,1,1,1
7010173,5754,1,0.150,57.30,57.30,55.93,51.40,0.590,0.594,11693,10756,0.4484,0.4125,8.36,276.8,-3.293,-17.208,1,1,1
7020173,5764,1,0.150,57.30,57.30,57.79,50.28,0.586,0.596,11733,10790,0.4500,0.4138,8.36,279.2,-12.256,-17.333,1,1,1
7030186,5774,1,0.150,57.30,57.30,51.18,50.97,0.598,0.593,11766,10825,0.4512,0.4151,8.38,282.8,-15.549,-17.492,1,1,1
7040200,5784,1,0.150,57.30,57.30,51.24,51.18,0.600,0.594,11801,10860,0.4526,0.4165,8.36,280.5,-9.939,-17.594,1,1,1
7050211,5794,1,0.150,57.30,57.30,53.31,51.24,0.597,0.594,11838,10895,0.4540,0.4178,8.36,288.8,-4.085,-17.637,1,1,1
7060218,5804,1,0.150,57.30,57.30,52.91,53.31,0.597,0.589,11874,10932,0.4554,0.4192,8.37,276.5,-1.220,-17.652,1,1,1
7070226,5814,1,0.150,57.30,57.30,54.84,53.93,0.594,0.589,11912,10969,0.4568,0.4207,8.35,280.5,-3.171,-17.687,1,1,1
7080230,5824,1,0.150,57.30,57.30,54.39,53.09,0.594,0.590,11949,11005,0.4582,0.4220,8.37,275.2,-6.159,-17.751,1,1,1
7090231,5834,1,0.150,57.30,57.30,53.23,49.77,0.597,0.597,11985,11038,0.4596,0.4233,8.35,273.8,-6.829,-17.822,1,1,1
7100231,5844,1,0.150,57.30,57.30,49.81,48.77,0.604,0.599,12018,11071,0.4609,0.4246,8.36,286.8,-4.390,-17.869,1,1,1
7110231,5854,1,0.150,57.30,57.30,50.83,50.52,0.601,0.595,12053,11106,0.4622,0.4259,8.37,284.5,-4.756,-17.919,1,1,1
7120237,5864,1,0.150,57.30,57.30,53.19,51.04,0.597,0.595,12090,11141,0.4636,0.4273,8.35,281.2,-7.500,-17.997,1,1,1
7130246,5874,1,0.150,57.30,57.30,50.82,52.23,0.602,0.592,12124,11177,0.4649,0.4286,8.36,286.8,-11.159,-18.111,1,1,1
7140246,5884,1,0.150,57.30,57.30,58.31,51.56,0.587,0.594,12166,11212,0.4666,0.4300,8.35,278.2,-14.146,-18.255,1,1,1
7150249,5894,1,0.150,57.30,57.30,47.23,50.33,0.608,0.595,12195,11246,0.4677,0.4313,8.37,280.0,-16.646,-18.424,1,1,1
7160257,5904,1,0.150,57.30,57.30,55.18,49.96,0.593,0.597,12235,11280,0.4692,0.4326,8.35,280.8,-11.280,-18.540,1,1,1
7170264,5914,1,0.150,57.30,57.30,53.47,51.90,0.595,0.591,12271,11316,0.4706,0.4340,8.38,281.2,-5.976,-18.603,1,1,1
7180272,5924,1,0.150,57.30,57.30,52.95,53.51,0.597,0.589,12307,11353,0.4720,0.4354,8.37,277.2,-1.402,-18.619,1,1,1
7190284,5934,1,0.150,57.30,57.30,56.90,53.99,0.589,0.588,12347,11390,0.4735,0.4368,8.36,278.2,-0.305,-18.625,1,1,1
7200294,5944,1,0.150,57.30,57.30,55.01,54.14,0.593,0.588,12384,11427,0.4749,0.4382,8.36,274.8,-2.927,-18.657,1,1,1
7210294,5954,1,0.150,57.30,57.30,55.47,51.10,0.592,0.594,12422,11461,0.4764,0.4395,8.36,274.0,-3.780,-18.698,1,1,1
7220302,5964,1,0.150,57.30,57.30,56.63,49.17,0.588,0.597,12461,11494,0.4779,0.4408,8.38,283.2,-3.232,-18.733,1,1,1
7230307,5974,1,0.150,57.30,57.30,58.00,51.66,0.586,0.592,12501,11530,0.4794,0.4422,8.37,275.5,-7.195,-18.807,1,1,1
7240315,5984,1,0.150,57.30,57.30,60.47,52.41,0.581,0.591,12543,11566,0.4810,0.4436,8.37,277.5,-12.805,-18.938,1,1,1
7250317,5994,1,0.150,57.30,57.30,66.33,51.61,0.568,0.592,12590,11601,0.4828,0.4449,8.37,270.2,-15.366,-19.095,1,1,1
7260328,6004,1,0.150,57.30,57.30,59.89,53.42,0.582,0.590,12629,11638,0.4843,0.4463,8.35,261.0,-15.427,-19.252,1,1,1
7270340,6014,1,0.150,57.30,57.30,60.01,50.89,0.581,0.595,12670,11672,0.4859,0.4476,8.36,271.8,-12.988,-19.384,1,1,1
7280345,6024,1,0.150,57.30,57.30,52.87,49.10,0.595,0.598,12704,11705,0.4872,0.4489,8.37,273.8,-6.951,-19.457,1,1,1
7290352,6034,1,0.150,57.30,57.30,57.90,52.67,0.587,0.592,12745,11742,0.4888,0.4503,8.34,281.2,-3.659,-19.496,1,1,1
7300355,6044,1,0.150,57.30,57.30,60.44,53.74,0.580,0.589,12787,11779,0.4904,0.4517,8.36,279.0,-2.317,-19.522,1,1,1
7310368,6054,1,0.150,57.30,57.30,64.27,52.01,0.570,0.591,12832,11814,0.4921,0.4531,8.39,266.8,-5.488,-19.579,1,1,1
7320368,6064,1,0.150,57.30,57.30,61.32,54.57,0.575,0.586,12873,11852,0.4937,0.4545,8.39,268.2,-8.963,-19.672,1,1,1
7330368,6074,1,0.150,57.30,57.30,60.44,51.23,0.578,0.593,12914,11886,0.4952,0.4558,8.37,262.5,-6.402,-19.739,1,1,1
7340370,6084,1,0.150,57.30,57.30,58.12,49.21,0.583,0.598,12953,11919,0.4967,0.4571,8.36,275.5,-3.232,-19.774,1,1,1
7350383,6094,1,0.150,57.30,57.30,60.50,50.65,0.578,0.595,12995,11954,0.4984,0.4584,8.37,282.0,-4.939,-19.826,1,1,1
7360391,6104,1,0.150,57.30,57.30,62.24,52.11,0.574,0.592,13038,11990,0.5000,0.4598,8.36,274.8,-9.695,-19.925,1,1,1
7370391,6114,1,0.150,57.30,57.30,65.84,51.52,0.565,0.593,13084,12025,0.5018,0.4612,8.37,276.8,-14.573,-20.074,1,1,1
7380398,6124,1,0.150,57.30,57.30,63.84,52.37,0.569,0.592,13127,12061,0.5034,0.4625,8.36,262.0,-15.671,-20.233,1,1,1
7390412,6134,1,0.150,57.30,57.30,61.19,51.60,0.575,0.593,13168,12096,0.5050,0.4639,8.36,268.8,-10.488,-20.341,1,1,1
7400413,6144,1,0.150,57.30,57.30,55.27,51.37,0.587,0.594,13204,12131,0.5064,0.4652,8.36,266.0,-2.012,-20.364,1,1,1
7410416,6154,1,0.150,57.30,57.30,57.60,51.30,0.581,0.593,13244,12166,0.5079,0.4666,8.37,272.2,0.915,-20.357,1,1,1
7420423,6164,1,0.150,57.30,57.30,58.29,52.30,0.580,0.592,13284,12202,0.5094,0.4679,8.37,278.5,0.061,-20.360,1,1,1
7430423,6174,1,0.150,57.30,57.30,59.53,51.58,0.578,0.593,13325,12237,0.5110,0.4693,8.36,268.8,-4.573,-20.408,1,1,1
7440435,6184,1,0.150,57.30,57.30,58.87,51.36,0.579,0.594,13365,12272,0.5125,0.4706,8.36,274.8,-7.561,-20.486,1,1,1
7450443,6194,1,0.150,57.30,57.30,56.63,48.22,0.584,0.600,13403,12304,0.5140,0.4719,8.37,276.5,-4.512,-20.534,1,1,1
7460443,6204,1,0.150,57.30,57.30,56.98,52.41,0.584,0.592,13442,12341,0.5155,0.4733,8.35,284.5,-4.512,-20.582,1,1,1
7470451,6214,1,0.150,57.30,57.30,57.08,50.59,0.584,0.596,13481,12375,0.5170,0.4746,8.35,284.2,-6.341,-20.648,1,1,1
7480451,6224,1,0.150,57.30,57.30,58.14,53.11,0.582,0.591,13521,12412,0.5185,0.4760,8.34,276.8,-7.866,-20.730,1,1,1
7490451,6234,1,0.150,57.30,57.30,58.46,51.82,0.579,0.592,13561,12447,0.5201,0.4773,8.38,281.0,-10.610,-20.839,1,1,1
7500459,6244,1,0.150,57.30,57.30,53.43,51.44,0.591,0.593,13596,12482,0.5214,0.4787,8.36,266.0,-12.012,-20.961,1,1,1
7510469,6254,1,0.150,57.30,57.30,52.94,51.32,0.592,0.593,13632,12517,0.5228,0.4800,8.37,280.5,-8.232,-21.046,1,1,1
7520476,6264,1,0.150,57.30,57.30,51.77,45.13,0.595,0.606,13667,12546,0.5241,0.4811,8.36,278.5,-2.988,-21.079,1,1,1
7530488,6274,1,0.150,57.30,57.30,55.52,54.56,0.588,0.588,13706,12586,0.5256,0.4827,8.36,292.0,-0.976,-21.092,1,1,1
7540497,6284,1,0.150,57.30,57.30,55.62,50.20,0.588,0.596,13744,12619,0.5271,0.4839,8.36,282.8,-1.585,-21.110,1,1,1
7550499,6294,1,0.150,57.30,57.30,55.65,51.98,0.588,0.593,13782,12655,0.5285,0.4853,8.36,281.8,-6.646,-21.179,1,1,1
7560504,6304,1,0.150,57.30,57.30,55.66,52.51,0.589,0.592,13820,12691,0.5300,0.4867,8.35,279.0,-11.463,-21.297,1,1,1
7570514,6314,1,0.150,57.30,57.30,54.64,50.62,0.590,0.594,13857,12725,0.5314,0.4880,8.37,283.5,-11.220,-21.412,1,1,1
7580514,6324,1,0.150,57.30,57.30,53.31,50.05,0.594,0.597,13893,12759,0.5328,0.4893,8.35,279.0,-5.183,-21.466,1,1,1
7590522,6334,1,0.150,57.30,57.30,53.93,50.90,0.592,0.594,13930,12794,0.5342,0.4906,8.37,289.5,-3.537,-21.504,1,1,1
7600527,6344,1,0.150,57.30,57.30,54.12,51.16,0.593,0.594,13967,12829,0.5356,0.4920,8.36,275.8,-3.537,-21.543,1,1,1
7610534,6354,1,0.150,57.30,57.30,52.12,50.21,0.597,0.595,14002,12863,0.5370,0.4933,8.37,283.2,-4.268,-21.588,1,1,1
7620534,6364,1,0.150,57.30,57.30,52.55,50.95,0.597,0.594,14038,12898,0.5384,0.4946,8.37,284.0,-3.354,-21.624,1,1,1
7630542,6374,1,0.150,57.30,57.30,53.70,50.15,0.596,0.597,14075,12932,0.5398,0.4959,8.36,283.8,-5.671,-21.684,1,1,1
7640545,6384,1,0.150,57.30,57.30,53.03,50.93,0.597,0.594,14111,12967,0.5412,0.4973,8.36,287.2,-4.695,-21.733,1,1,1
7650557,6394,1,0.150,57.30,57.30,53.85,51.17,0.597,0.595,14148,13002,0.5426,0.4986,8.35,280.2,-5.183,-21.788,1,1,1
7660557,6404,1,0.150,57.30,57.30,53.07,51.24,0.597,0.593,14184,13037,0.5439,0.5000,8.37,287.5,-4.939,-21.840,1,1,1
7670567,6414,1,0.150,57.30,57.30,49.76,51.26,0.603,0.594,14217,13072,0.5452,0.5013,8.37,277.2,-8.110,-21.924,1,1,1
7680583,6424,1,0.150,57.30,57.30,54.92,51.27,0.593,0.594,14256,13107,0.5467,0.5026,8.36,289.5,-9.085,-22.018,1,1,1
7690583,6434,1,0.150,57.30,57.30,51.34,50.24,0.600,0.595,14290,13141,0.5480,0.5040,8.37,280.0,-4.756,-22.068,1,1,1
7700589,6444,1,0.150,57.30,57.30,53.34,50.96,0.598,0.596,14327,13176,0.5494,0.5053,8.35,280.8,-3.780,-22.108,1,1,1
7710600,6454,1,0.150,57.30,57.30,54.97,51.18,0.593,0.594,14365,13211,0.5509,0.5066,8.36,283.5,-4.329,-22.154,1,1,1
7720605,6464,1,0.150,57.30,57.30,55.45,51.24,0.593,0.594,14403,13246,0.5523,0.5080,8.36,275.8,-5.610,-22.213,1,1,1
7730605,6474,1,0.150,57.30,57.30,56.63,52.29,0.590,0.592,14442,13282,0.5538,0.5094,8.36,279.5,-7.317,-22.289,1,1,1
7740607,6484,1,0.150,57.30,57.30,54.93,50.55,0.594,0.596,14479,13316,0.5553,0.5107,8.35,278.5,-9.878,-22.391,1,1,1
7750611,6494,1,0.150,57.30,57.30,52.37,50.03,0.597,0.595,14514,13350,0.5566,0.5120,8.38,279.8,-9.573,-22.489,1,1,1
7760614,6504,1,0.150,57.30,57.30,53.65,50.90,0.596,0.595,14551,13385,0.5580,0.5133,8.36,287.8,-5.244,-22.544,1,1,1
7770622,6514,1,0.150,57.30,57.30,56.09,50.13,0.592,0.597,14590,13419,0.5595,0.5146,8.35,279.0,-3.659,-22.584,1,1,1
7780622,6524,1,0.150,57.30,57.30,55.79,51.95,0.591,0.592,14628,13455,0.5610,0.5160,8.37,282.2,-4.451,-22.631,1,1,1
7790635,6534,1,0.150,57.30,57.30,58.78,52.50,0.585,0.591,14669,13491,0.5625,0.5174,8.36,275.2,-6.037,-22.694,1,1,1
7800635,6544,1,0.150,57.30,57.30,57.62,52.66,0.587,0.590,14708,13527,0.5640,0.5188,8.37,276.0,-6.585,-22.763,1,1,1
7810643,6554,1,0.150,57.30,57.30,54.20,49.64,0.595,0.597,14744,13560,0.5654,0.5200,8.36,279.0,-5.427,-22.820,1,1,1
7820650,6564,1,0.150,57.30,57.30,57.28,50.78,0.589,0.595,14784,13595,0.5670,0.5214,8.36,281.0,-1.951,-22.842,1,1,1
7830650,6574,1,0.150,57.30,57.30,60.25,49.07,0.581,0.597,14826,13628,0.5686,0.5226,8.38,285.8,-9.695,-22.942,1,1,1
7840661,6584,1,0.150,57.30,57.30,59.09,51.64,0.585,0.593,14866,13664,0.5701,0.5240,8.36,284.2,-12.134,-23.066,1,1,1
7850665,6594,1,0.150,57.30,57.30,61.82,51.38,0.581,0.596,14909,13699,0.5718,0.5254,8.33,273.5,-11.037,-23.179,1,1,1
7860680,6604,1,0.150,57.30,57.30,56.49,52.33,0.589,0.591,14946,13735,0.5732,0.5267,8.37,280.5,-6.524,-23.247,1,1,1
7870680,6614,1,0.150,57.30,57.30,55.91,50.56,0.591,0.596,14984,13769,0.5746,0.5280,8.35,272.5,-0.244,-23.252,1,1,1
7880680,6624,1,0.150,57.30,57.30,57.79,51.06,0.586,0.594,15024,13804,0.5762,0.5294,8.37,283.0,0.671,-23.248,1,1,1
7890680,6634,1,0.150,57.30,57.30,58.35,51.21,0.586,0.594,15064,13839,0.5777,0.5307,8.36,273.5,-3.476,-23.286,1,1,1
7900680,6644,1,0.150,57.30,57.30,60.57,50.23,0.581,0.596,15106,13873,0.5793,0.5320,8.36,279.5,-10.000,-23.388,1,1,1
7910683,6654,1,0.150,57.30,57.30,60.21,50.96,0.580,0.594,15147,13908,0.5809,0.5334,8.38,283.0,-12.866,-23.520,1,1,1
7920689,6664,1,0.150,57.30,57.30,59.08,51.18,0.584,0.595,15187,13943,0.5824,0.5347,8.35,271.8,-7.622,-23.599,1,1,1
7930689,6674,1,0.150,57.30,57.30,57.71,50.22,0.586,0.596,15226,13977,0.5839,0.5360,8.36,279.2,-0.122,-23.603,1,1,1
7940691,6684,1,0.150,57.30,57.30,59.36,50.95,0.581,0.594,15267,14012,0.5855,0.5374,8.38,272.5,0.793,-23.597,1,1,1
7950704,6694,1,0.150,57.30,57.30,59.85,53.23,0.580,0.589,15308,14049,0.5871,0.5388,8.38,277.2,-3.902,-23.639,1,1,1
7960711,6704,1,0.150,57.30,57.30,61.02,50.83,0.578,0.595,15350,14083,0.5887,0.5401,8.36,266.8,-11.951,-23.761,1,1,1
7970719,6714,1,0.150,57.30,57.30,55.22,50.11,0.591,0.597,15386,14117,0.5900,0.5414,8.35,274.8,-15.732,-23.922,1,1,1
7980721,6724,1,0.150,57.30,57.30,60.66,51.95,0.578,0.592,15429,14153,0.5917,0.5428,8.37,281.2,-13.780,-24.062,1,1,1
7990728,6734,1,0.150,57.30,57.30,58.19,50.45,0.583,0.595,15468,14187,0.5932,0.5441,8.36,268.2,-3.841,-24.103,1,1,1
8000728,6744,1,0.150,57.30,57.30,55.40,51.02,0.588,0.593,15505,14222,0.5946,0.5454,8.38,280.0,2.988,-24.076,1,1,1
8010728,6754,1,0.150,57.30,57.30,58.66,52.22,0.582,0.592,15546,14258,0.5962,0.5468,8.37,281.0,4.329,-24.036,1,1,1
8020728,6764,1,0.150,57.30,57.30,57.59,51.55,0.585,0.594,15585,14293,0.5977,0.5481,8.35,276.2,-1.341,-24.052,1,1,1
8030741,6774,1,0.150,57.30,57.30,56.24,49.30,0.588,0.598,15623,14326,0.5991,0.5494,8.35,281.0,-11.220,-24.167,1,1,1
8040749,6784,1,0.150,57.30,57.30,53.79,50.68,0.592,0.594,15659,14361,0.6005,0.5507,8.37,277.5,-16.524,-24.335,1,1,1
8050749,6794,1,0.150,57.30,57.30,56.13,50.07,0.588,0.596,15698,14395,0.6020,0.5520,8.37,283.0,-11.280,-24.450,1,1,1
8060756,6804,1,0.150,57.30,57.30,55.80,49.88,0.589,0.597,15736,14429,0.6035,0.5533,8.36,274.2,-3.293,-24.486,1,1,1
8070767,6814,1,0.150,57.30,57.30,57.76,51.88,0.585,0.593,15776,14465,0.6050,0.5547,8.36,281.0,-0.366,-24.492,1,1,1
8080774,6824,1,0.150,57.30,57.30,58.34,52.48,0.584,0.591,15816,14501,0.6065,0.5561,8.36,275.8,-3.659,-24.532,1,1,1
8090780,6834,1,0.150,57.30,57.30,52.37,51.63,0.597,0.594,15850,14536,0.6078,0.5574,8.35,273.8,-9.085,-24.625,1,1,1
8100789,6844,1,0.150,57.30,57.30,50.57,51.38,0.601,0.594,15884,14571,0.6091,0.5588,8.36,288.0,-9.817,-24.726,1,1,1
8110797,6854,1,0.150,57.30,57.30,50.04,49.25,0.604,0.599,15918,14604,0.6104,0.5601,8.35,280.8,-4.329,-24.772,1,1,1
8120802,6864,1,0.150,57.30,57.30,53.98,50.66,0.595,0.595,15956,14639,0.6119,0.5614,8.36,291.5,-3.171,-24.807,1,1,1
8130810,6874,1,0.150,57.30,57.30,54.13,51.09,0.595,0.594,15993,14674,0.6133,0.5627,8.37,288.8,-5.671,-24.866,1,1,1
8140812,6884,1,0.150,57.30,57.30,54.18,51.22,0.595,0.594,16030,14709,0.6147,0.5641,8.36,278.8,-9.695,-24.966,1,1,1
8150825,6894,1,0.150,57.30,57.30,56.24,51.25,0.590,0.594,16069,14744,0.6162,0.5654,8.37,283.8,-12.256,-25.091,1,1,1
8160828,6904,1,0.150,57.30,57.30,48.66,49.21,0.605,0.597,16100,14777,0.6174,0.5667,8.37,272.8,-9.146,-25.185,1,1,1
8170832,6914,1,0.150,57.30,57.30,48.44,50.65,0.605,0.594,16133,14812,0.6187,0.5680,8.38,292.5,-3.049,-25.219,1,1,1
8180840,6924,1,0.150,57.30,57.30,53.50,51.08,0.596,0.594,16171,14847,0.6202,0.5694,8.36,284.5,-0.854,-25.230,1,1,1
8190843,6934,1,0.150,57.30,57.30,50.91,50.19,0.602,0.597,16205,14881,0.6215,0.5707,8.35,282.0,-4.512,-25.278,1,1,1
8200847,6944,1,0.150,57.30,57.30,53.21,50.95,0.597,0.595,16242,14916,0.6229,0.5720,8.36,291.2,-12.561,-25.406,1,1,1
8210858,6954,1,0.150,57.30,57.30,48.78,51.17,0.607,0.595,16274,14951,0.6241,0.5734,8.35,280.5,-16.951,-25.578,1,1,1
8220862,6964,1,0.150,57.30,57.30,55.65,49.19,0.592,0.599,16314,14984,0.6256,0.5746,8.35,292.8,-13.902,-25.720,1,1,1
8230871,6974,1,0.150,57.30,57.30,51.56,51.67,0.600,0.593,16348,15020,0.6269,0.5760,8.36,274.5,-3.415,-25.757,1,1,1
8240877,6984,1,0.150,57.30,57.30,55.46,51.39,0.592,0.593,16387,15055,0.6284,0.5774,8.36,283.8,0.915,-25.751,1,1,1
8250877,6994,1,0.150,57.30,57.30,54.58,52.33,0.594,0.592,16424,15091,0.6299,0.5787,8.36,274.5,-0.671,-25.760,1,1,1
8260885,7004,1,0.150,57.30,57.30,54.31,50.56,0.595,0.596,16461,15125,0.6313,0.5800,8.35,276.8,-7.988,-25.843,1,1,1
8270888,7014,1,0.150,57.30,57.30,56.28,51.06,0.591,0.595,16500,15160,0.6328,0.5814,8.36,284.8,-11.341,-25.959,1,1,1
8280892,7024,1,0.150,57.30,57.30,54.82,50.18,0.594,0.597,16537,15194,0.6342,0.5827,8.35,276.0,-7.805,-26.040,1,1,1
8290901,7034,1,0.150,57.30,57.30,57.46,49.92,0.589,0.598,16577,15228,0.6357,0.5840,8.35,281.2,-4.268,-26.085,1,1,1
8300910,7044,1,0.150,57.30,57.30,58.25,51.89,0.586,0.593,16617,15264,0.6373,0.5854,8.36,286.5,-3.841,-26.126,1,1,1
8310916,7054,1,0.150,57.30,57.30,59.52,51.46,0.584,0.593,16658,15299,0.6388,0.5867,8.36,274.5,-8.476,-26.214,1,1,1
8320922,7064,1,0.150,57.30,57.30,61.95,49.27,0.578,0.597,16701,15332,0.6405,0.5880,8.37,278.8,-15.000,-26.366,1,1,1
8330925,7074,1,0.150,57.30,57.30,58.57,50.67,0.585,0.595,16740,15367,0.6420,0.5893,8.36,268.0,-18.659,-26.556,1,1,1
8340931,7084,1,0.150,57.30,57.30,59.61,51.09,0.582,0.594,16781,15402,0.6435,0.5907,8.37,276.5,-15.305,-26.712,1,1,1
8350931,7094,1,0.150,57.30,57.30,56.85,51.22,0.588,0.594,16819,15437,0.6450,0.5920,8.36,269.5,-6.463,-26.779,1,1,1
8360941,7104,1,0.150,57.30,57.30,61.15,53.30,0.578,0.589,16862,15474,0.6466,0.5934,8.38,278.0,0.122,-26.780,1,1,1
8370947,7114,1,0.150,57.30,57.30,59.36,53.93,0.583,0.589,16902,15511,0.6482,0.5948,8.36,274.0,2.195,-26.761,1,1,1
8380947,7124,1,0.150,57.30,57.30,60.87,53.09,0.579,0.590,16944,15547,0.6498,0.5962,8.37,271.0,-2.744,-26.791,1,1,1
8390953,7134,1,0.150,57.30,57.30,60.30,49.77,0.579,0.596,16985,15580,0.6514,0.5975,8.37,276.8,-9.268,-26.887,1,1,1
8400962,7144,1,0.150,57.30,57.30,58.08,49.79,0.583,0.596,17024,15614,0.6529,0.5988,8.37,268.2,-8.659,-26.976,1,1,1
8410962,7154,1,0.150,57.30,57.30,61.52,50.83,0.576,0.594,17067,15649,0.6545,0.6001,8.37,279.5,-7.927,-27.058,1,1,1
8420962,7164,1,0.150,57.30,57.30,62.55,52.16,0.574,0.592,17110,15685,0.6562,0.6015,8.36,276.8,-8.354,-27.144,1,1,1
8430971,7174,1,0.150,57.30,57.30,63.88,52.56,0.570,0.590,17154,15721,0.6578,0.6029,8.38,267.5,-8.110,-27.228,1,1,1
8440979,7184,1,0.150,57.30,57.30,64.28,52.68,0.568,0.590,17198,15757,0.6595,0.6043,8.37,269.8,-8.780,-27.319,1,1,1
8450986,7194,1,0.150,57.30,57.30,58.25,49.64,0.580,0.596,17236,15790,0.6610,0.6055,8.38,263.2,-10.915,-27.431,1,1,1
8460992,7204,1,0.150,57.30,57.30,56.44,49.76,0.584,0.597,17274,15824,0.6624,0.6068,8.36,277.0,-10.122,-27.535,1,1,1
8470992,7214,1,0.150,57.30,57.30,57.95,52.87,0.582,0.591,17314,15861,0.6640,0.6083,8.36,281.8,-5.061,-27.588,1,1,1
8480999,7225,1,0.150,57.30,57.30,59.43,52.77,0.580,0.592,17355,15897,0.6656,0.6096,8.34,272.2,-2.073,-27.612,1,1,1
8491013,7235,1,0.150,57.30,57.30,59.87,52.75,0.577,0.591,17396,15933,0.6671,0.6110,8.36,276.8,-0.427,-27.619,1,1,1
8501021,7245,1,0.150,57.30,57.30,57.95,53.76,0.581,0.589,17435,15970,0.6686,0.6124,8.37,269.2,-1.220,-27.634,1,1,1
8511032,7255,1,0.150,57.30,57.30,57.38,50.99,0.582,0.594,17474,16004,0.6701,0.6137,8.38,274.5,-0.427,-27.641,1,1,1
8521047,7265,1,0.150,57.30,57.30,55.15,50.16,0.587,0.596,17511,16038,0.6715,0.6150,8.36,270.5,-2.561,-27.669,1,1,1
8531053,7275,1,0.150,57.30,57.30,57.56,49.91,0.582,0.596,17551,16072,0.6731,0.6164,8.37,282.5,-6.646,-27.738,1,1,1
8541062,7285,1,0.150,57.30,57.30,57.26,51.89,0.583,0.593,17590,16108,0.6746,0.6177,8.36,283.2,-9.573,-27.837,1,1,1
8551062,7295,1,0.150,57.30,57.30,58.19,51.45,0.582,0.594,17630,16143,0.6761,0.6191,8.35,278.5,-11.341,-27.953,1,1,1
8561080,7305,1,0.150,57.30,57.30,54.37,53.38,0.589,0.590,17666,16180,0.6775,0.6205,8.36,280.8,-11.037,-28.066,1,1,1
8571080,7315,1,0.150,57.30,57.30,53.23,51.90,0.592,0.593,17702,16215,0.6789,0.6218,8.36,279.0,-9.512,-28.164,1,1,1
8581087,7325,1,0.150,57.30,57.30,51.86,49.41,0.596,0.598,17737,16248,0.6802,0.6231,8.35,281.0,-3.598,-28.202,1,1,1
8591087,7335,1,0.150,57.30,57.30,53.50,51.74,0.593,0.594,17774,16284,0.6816,0.6245,8.35,290.2,0.122,-28.204,1,1,1
8601094,7345,1,0.150,57.30,57.30,55.01,52.44,0.590,0.592,17812,16320,0.6831,0.6259,8.36,277.2,-0.854,-28.215,1,1,1
8611103,7355,1,0.150,57.30,57.30,54.44,52.64,0.591,0.591,17849,16356,0.6845,0.6272,8.36,282.8,-3.415,-28.252,1,1,1
8621112,7365,1,0.150,57.30,57.30,57.35,50.66,0.586,0.596,17889,16390,0.6860,0.6285,8.35,270.5,-8.720,-28.342,1,1,1
8631112,7375,1,0.150,57.30,57.30,56.17,51.09,0.588,0.594,17927,16425,0.6875,0.6299,8.36,277.5,-12.012,-28.465,1,1,1
8641118,7385,1,0.150,57.30,57.30,51.71,49.16,0.597,0.598,17961,16458,0.6888,0.6312,8.37,278.2,-9.634,-28.564,1,1,1
8651127,7395,1,0.150,57.30,57.30,52.43,50.64,0.596,0.595,17997,16493,0.6902,0.6325,8.36,285.0,-6.098,-28.628,1,1,1
8661140,7405,1,0.150,57.30,57.30,53.67,52.11,0.594,0.592,18034,16529,0.6916,0.6339,8.36,288.2,-3.476,-28.665,1,1,1
8671150,7415,1,0.150,57.30,57.30,53.01,51.52,0.597,0.594,18070,16564,0.6930,0.6352,8.35,278.5,-3.415,-28.702,1,1,1
8681158,7425,1,0.150,57.30,57.30,53.84,52.37,0.595,0.592,18107,16600,0.6944,0.6366,8.36,284.2,-4.512,-28.750,1,1,1
8691170,7435,1,0.150,57.30,57.30,54.09,54.68,0.595,0.587,18144,16638,0.6958,0.6381,8.36,274.8,-5.488,-28.808,1,1,1
8701181,7445,1,0.150,57.30,57.30,52.12,49.22,0.599,0.598,18179,16670,0.6972,0.6393,8.36,278.0,-1.951,-28.830,1,1,1
8711186,7455,1,0.150,57.30,57.30,52.55,49.63,0.598,0.597,18215,16704,0.6985,0.6406,8.37,291.0,-2.927,-28.862,1,1,1
8721186,7465,1,0.150,57.30,57.30,52.68,48.73,0.597,0.599,18251,16737,0.6999,0.6419,8.37,280.8,-6.280,-28.927,1,1,1
8731193,7475,1,0.150,57.30,57.30,52.72,51.53,0.597,0.593,18287,16773,0.7013,0.6432,8.37,290.2,-9.268,-29.023,1,1,1
8741203,7485,1,0.150,57.30,57.30,50.68,50.32,0.602,0.596,18321,16807,0.7026,0.6445,8.35,281.0,-9.024,-29.116,1,1,1
8751203,7495,1,0.150,57.30,57.30,53.14,50.99,0.598,0.595,18358,16842,0.7040,0.6459,8.35,289.5,-4.146,-29.160,1,1,1
8761216,7505,1,0.150,57.30,57.30,54.91,51.18,0.594,0.595,18396,16877,0.7055,0.6472,8.35,286.5,-2.012,-29.183,1,1,1
8771224,7515,1,0.150,57.30,57.30,52.36,50.22,0.599,0.597,18431,16911,0.7068,0.6485,8.35,277.8,-3.232,-29.218,1,1,1
8781226,7525,1,0.150,57.30,57.30,53.65,49.93,0.596,0.597,18468,16945,0.7082,0.6498,8.36,290.5,-5.732,-29.278,1,1,1
8791226,7535,1,0.150,57.30,57.30,55.06,50.87,0.593,0.595,18506,16980,0.7097,0.6512,8.36,279.0,-7.195,-29.353,1,1,1
8801227,7545,1,0.150,57.30,57.30,54.46,51.15,0.594,0.594,18543,17015,0.7111,0.6525,8.36,281.0,-8.841,-29.444,1,1,1
8811227,7555,1,0.150,57.30,57.30,55.30,51.23,0.593,0.594,18581,17050,0.7126,0.6539,8.36,275.0,-9.329,-29.540,1,1,1
8821239,7565,1,0.150,57.30,57.30,52.48,50.23,0.599,0.596,18616,17084,0.7139,0.6552,8.36,278.8,-4.817,-29.591,1,1,1
8831249,7575,1,0.150,57.30,57.30,55.73,49.93,0.592,0.597,18655,17118,0.7154,0.6565,8.35,285.2,-2.805,-29.622,1,1,1
8841264,7585,1,0.150,57.30,57.30,55.69,50.87,0.592,0.595,18693,17153,0.7169,0.6578,8.35,281.5,-5.549,-29.680,1,1,1
8851276,7595,1,0.150,57.30,57.30,56.70,52.17,0.590,0.592,18732,17189,0.7184,0.6592,8.36,283.8,-8.963,-29.772,1,1,1
8861284,7605,1,0.150,57.30,57.30,59.05,52.57,0.585,0.591,18773,17225,0.7199,0.6606,8.36,272.8,-10.183,-29.877,1,1,1
8871291,7615,1,0.150,57.30,57.30,57.71,51.66,0.587,0.593,18812,17260,0.7214,0.6619,8.36,276.5,-9.512,-29.975,1,1,1
8881291,7625,1,0.150,57.30,57.30,56.28,50.36,0.591,0.596,18850,17294,0.7229,0.6632,8.35,271.8,-5.671,-30.034,1,1,1
8891294,7635,1,0.150,57.30,57.30,57.90,51.00,0.587,0.595,18890,17329,0.7244,0.6646,8.36,279.0,-3.659,-30.073,1,1,1
8901300,7645,1,0.150,57.30,57.30,57.36,50.16,0.588,0.595,18929,17363,0.7259,0.6659,8.37,282.8,-3.415,-30.110,1,1,1
8911300,7655,1,0.150,57.30,57.30,58.22,50.94,0.586,0.594,18969,17398,0.7275,0.6672,8.37,276.0,-7.317,-30.186,1,1,1
8921306,7665,1,0.150,57.30,57.30,57.46,52.20,0.588,0.592,19008,17434,0.7289,0.6686,8.36,280.5,-11.280,-30.302,1,1,1
8931313,7675,1,0.150,57.30,57.30,58.25,51.55,0.587,0.594,19048,17469,0.7305,0.6699,8.35,271.5,-11.037,-30.415,1,1,1
8941322,7685,1,0.150,57.30,57.30,56.44,51.35,0.591,0.595,19086,17504,0.7319,0.6713,8.35,275.0,-5.793,-30.476,1,1,1
8951322,7695,1,0.150,57.30,57.30,60.00,50.27,0.582,0.596,19128,17538,0.7335,0.6726,8.36,277.8,-4.146,-30.520,1,1,1
8961330,7705,1,0.150,57.30,57.30,57.99,51.99,0.587,0.593,19167,17574,0.7350,0.6740,8.35,278.8,-3.598,-30.559,1,1,1
8971344,7715,1,0.150,57.30,57.30,62.51,52.51,0.577,0.591,19211,17610,0.7367,0.6753,8.36,282.0,-4.817,-30.609,1,1,1
8981345,7725,1,0.150,57.30,57.30,58.74,51.64,0.583,0.592,19250,17645,0.7382,0.6767,8.38,269.5,-7.134,-30.684,1,1,1
8991355,7735,1,0.150,57.30,57.30,57.61,50.36,0.586,0.596,19289,17679,0.7397,0.6780,8.36,279.8,-6.646,-30.753,1,1,1
9001355,7745,1,0.150,57.30,57.30,58.30,51.00,0.585,0.594,19329,17714,0.7413,0.6793,8.36,280.5,-4.573,-30.801,1,1,1
9011355,7755,1,0.150,57.30,57.30,58.51,50.16,0.584,0.596,19369,17748,0.7428,0.6806,8.37,277.0,-5.671,-30.861,1,1,1
9021370,7765,1,0.150,57.30,57.30,58.57,51.96,0.584,0.592,19409,17784,0.7443,0.6820,8.36,284.5,-4.573,-30.909,1,1,1
9031383,7775,1,0.150,57.30,57.30,60.64,52.50,0.580,0.592,19451,17820,0.7459,0.6834,8.36,270.5,-3.841,-30.950,1,1,1
9041385,7785,1,0.150,57.30,57.30,62.28,54.72,0.575,0.586,19494,17858,0.7476,0.6848,8.38,272.2,-4.634,-30.999,1,1,1
9051385,7795,1,0.150,57.30,57.30,57.65,54.35,0.584,0.587,19532,17895,0.7490,0.6863,8.37,262.8,-7.195,-31.074,1,1,1
9061398,7805,1,0.150,57.30,57.30,56.26,48.09,0.588,0.600,19570,17926,0.7505,0.6875,8.36,272.2,-3.963,-31.117,1,1,1
9071406,7815,1,0.150,57.30,57.30,54.82,48.27,0.591,0.600,19607,17959,0.7519,0.6887,8.35,283.8,-1.768,-31.137,1,1,1
9081412,7825,1,0.150,57.30,57.30,56.44,50.37,0.589,0.597,19646,17994,0.7534,0.6901,8.35,282.5,-4.756,-31.187,1,1,1
9091423,7835,1,0.150,57.30,57.30,57.95,51.00,0.585,0.595,19686,18029,0.7549,0.6914,8.36,285.5,-7.622,-31.266,1,1,1
9101430,7845,1,0.150,57.30,57.30,58.40,50.16,0.584,0.597,19726,18063,0.7565,0.6927,8.35,274.8,-10.000,-31.369,1,1,1
9111436,7855,1,0.150,57.30,57.30,56.48,51.96,0.586,0.591,19764,18099,0.7579,0.6941,8.38,278.8,-11.524,-31.487,1,1,1
9121446,7865,1,0.150,57.30,57.30,57.96,51.48,0.585,0.594,19804,18134,0.7595,0.6954,8.36,270.0,-7.683,-31.567,1,1,1
9131459,7875,1,0.150,57.30,57.30,55.33,50.31,0.590,0.595,19841,18168,0.7609,0.6967,8.37,277.5,-4.146,-31.611,1,1,1
9141461,7885,1,0.150,57.30,57.30,54.54,52.01,0.591,0.592,19878,18204,0.7623,0.6981,8.37,282.0,-4.878,-31.662,1,1,1
9151461,7895,1,0.150,57.30,57.30,54.30,52.52,0.592,0.591,19915,18240,0.7637,0.6995,8.37,271.2,-5.915,-31.724,1,1,1
9161473,7905,1,0.150,57.30,57.30,51.15,52.67,0.599,0.590,19949,18276,0.7650,0.7009,8.38,279.0,-6.585,-31.793,1,1,1
9171482,7915,1,0.150,57.30,57.30,53.29,50.66,0.596,0.595,19986,18310,0.7665,0.7022,8.36,280.8,-5.000,-31.845,1,1,1
9181482,7925,1,0.150,57.30,57.30,53.93,51.09,0.597,0.596,20023,18345,0.7679,0.7035,8.34,284.2,-0.854,-31.857,1,1,1
9191491,7935,1,0.150,57.30,57.30,55.14,52.24,0.593,0.593,20061,18381,0.7693,0.7049,8.35,288.0,-1.220,-31.872,1,1,1
9201491,7945,1,0.150,57.30,57.30,54.48,50.54,0.594,0.595,20098,18415,0.7707,0.7062,8.36,276.5,-7.134,-31.946,1,1,1
9211499,7955,1,0.150,57.30,57.30,53.26,50.02,0.596,0.595,20134,18449,0.7721,0.7075,8.38,280.8,-14.451,-32.093,1,1,1
9221499,7965,1,0.150,57.30,57.30,55.97,50.90,0.591,0.594,20173,18484,0.7736,0.7089,8.37,274.0,-15.976,-32.256,1,1,1
9231503,7975,1,0.150,57.30,57.30,48.58,50.13,0.605,0.595,20204,18518,0.7748,0.7102,8.37,277.2,-11.280,-32.371,1,1,1
9241504,7985,1,0.150,57.30,57.30,52.51,49.90,0.599,0.597,20241,18552,0.7762,0.7115,8.35,286.5,-4.390,-32.418,1,1,1
9251515,7995,1,0.150,57.30,57.30,52.67,52.91,0.599,0.592,20277,18589,0.7776,0.7129,8.35,286.8,1.159,-32.409,1,1,1
9261521,8005,1,0.150,57.30,57.30,51.69,53.81,0.600,0.589,20312,18626,0.7790,0.7143,8.36,286.2,1.524,-32.396,1,1,1
9271534,8015,1,0.150,57.30,57.30,55.50,53.06,0.593,0.591,20351,18662,0.7805,0.7157,8.35,276.0,-2.866,-32.428,1,1,1
9281537,8025,1,0.150,57.30,57.30,45.36,51.81,0.612,0.592,20379,18697,0.7815,0.7170,8.37,279.5,-7.012,-32.501,1,1,1
9291544,8035,1,0.150,57.30,57.30,53.60,48.35,0.596,0.600,20418,18729,0.7830,0.7182,8.36,292.5,-7.927,-32.583,1,1,1
9301557,8045,1,0.150,57.30,57.30,55.04,49.37,0.594,0.598,20456,18763,0.7845,0.7196,8.35,281.2,-4.390,-32.629,1,1,1
9311557,8055,1,0.150,57.30,57.30,54.45,50.70,0.594,0.595,20493,18798,0.7859,0.7209,8.37,282.8,-5.427,-32.686,1,1,1
9321557,8065,1,0.150,57.30,57.30,57.35,51.10,0.589,0.595,20533,18833,0.7874,0.7222,8.36,272.8,-9.329,-32.782,1,1,1
9331557,8075,1,0.150,57.30,57.30,54.12,50.19,0.594,0.596,20569,18867,0.7888,0.7235,8.37,278.0,-11.159,-32.897,1,1,1
9341560,8085,1,0.150,57.30,57.30,57.25,50.95,0.589,0.594,20609,18902,0.7903,0.7249,8.36,277.2,-11.037,-33.010,1,1,1
9351573,8095,1,0.150,57.30,57.30,56.14,50.15,0.591,0.596,20647,18936,0.7918,0.7262,8.36,277.2,-5.549,-33.068,1,1,1
9361589,8105,1,0.150,57.30,57.30,56.83,51.96,0.590,0.593,20686,18972,0.7933,0.7276,8.36,286.5,-0.671,-33.078,1,1,1
9371598,8115,1,0.150,57.30,57.30,58.07,50.45,0.588,0.597,20726,19006,0.7948,0.7289,8.35,273.5,-2.866,-33.109,1,1,1
9381605,8125,1,0.150,57.30,57.30,61.51,52.05,0.579,0.592,20769,19042,0.7965,0.7303,8.36,282.2,-10.061,-33.212,1,1,1
9391613,8135,1,0.150,57.30,57.30,64.60,51.50,0.573,0.593,20814,19077,0.7982,0.7316,8.36,267.5,-16.280,-33.378,1,1,1
9401620,8145,1,0.150,57.30,57.30,61.42,52.37,0.579,0.592,20855,19113,0.7998,0.7330,8.35,265.2,-16.402,-33.545,1,1,1
9411631,8155,1,0.150,57.30,57.30,57.39,49.55,0.586,0.597,20893,19146,0.8012,0.7342,8.36,271.0,-10.305,-33.650,1,1,1
9421645,8165,1,0.150,57.30,57.30,57.21,50.75,0.587,0.595,20932,19181,0.8027,0.7356,8.36,275.8,-2.073,-33.674,1,1,1
9431658,8175,1,0.150,57.30,57.30,60.23,50.09,0.580,0.596,20974,19215,0.8043,0.7369,8.36,277.0,-0.854,-33.685,1,1,1
9441668,8185,1,0.150,57.30,57.30,61.13,52.97,0.578,0.590,21016,19252,0.8060,0.7383,8.36,273.8,-3.476,-33.723,1,1,1
9451680,8195,1,0.150,57.30,57.30,62.43,51.78,0.575,0.592,21059,19287,0.8076,0.7396,8.37,271.5,-11.220,-33.838,1,1,1
9461687,8205,1,0.150,57.30,57.30,59.75,51.42,0.580,0.594,21099,19322,0.8091,0.7410,8.36,275.2,-5.488,-33.895,1,1,1
9471689,8215,1,0.150,57.30,57.30,59.96,51.32,0.580,0.594,21140,19357,0.8107,0.7423,8.36,269.8,-1.280,-33.911,1,1,1
9481698,8225,1,0.150,57.30,57.30,61.06,52.31,0.576,0.592,21182,19393,0.8123,0.7437,8.36,276.5,-1.768,-33.931,1,1,1
9491710,8235,1,0.150,57.30,57.30,61.38,51.58,0.575,0.593,21224,19428,0.8139,0.7451,8.36,261.2,-7.195,-34.006,1,1,1
9501721,8245,1,0.150,57.30,57.30,63.53,50.34,0.570,0.595,21268,19462,0.8156,0.7464,8.37,273.2,-13.537,-34.144,1,1,1
9511721,8255,1,0.150,57.30,57.30,64.18,53.04,0.568,0.590,21312,19499,0.8173,0.7478,8.37,269.0,-16.220,-34.309,1,1,1
9521734,8265,1,0.150,57.30,57.30,60.27,51.80,0.576,0.593,21352,19534,0.8188,0.7491,8.37,264.2,-9.512,-34.407,1,1,1
9531734,8275,1,0.150,57.30,57.30,57.05,51.43,0.583,0.594,21390,19569,0.8203,0.7505,8.36,277.0,-0.244,-34.412,1,1,1
9541743,8285,1,0.150,57.30,57.30,58.13,53.37,0.582,0.591,21430,19606,0.8218,0.7519,8.34,271.2,3.841,-34.376,1,1,1
9551743,8295,1,0.150,57.30,57.30,59.48,52.92,0.578,0.590,21471,19642,0.8234,0.7533,8.36,275.8,0.488,-34.374,1,1,1
9561749,8305,1,0.150,57.30,57.30,59.88,51.77,0.577,0.592,21512,19677,0.8250,0.7546,8.37,265.5,-7.683,-34.454,1,1,1
9571758,8315,1,0.150,57.30,57.30,57.96,51.42,0.581,0.593,21551,19712,0.8265,0.7559,8.37,271.8,-9.817,-34.555,1,1,1
9581765,8325,1,0.150,57.30,57.30,57.38,51.31,0.581,0.593,21590,19747,0.8280,0.7573,8.38,279.0,-7.012,-34.628,1,1,1
9591767,8335,1,0.150,57.30,57.30,57.20,52.31,0.582,0.591,21629,19783,0.8295,0.7587,8.38,270.8,-4.634,-34.677,1,1,1
9601780,8345,1,0.150,57.30,57.30,56.13,53.63,0.585,0.589,21667,19820,0.8309,0.7601,8.37,275.8,-2.683,-34.706,1,1,1
9611787,8355,1,0.150,57.30,57.30,57.85,51.98,0.581,0.592,21707,19855,0.8325,0.7614,8.37,270.2,-3.780,-34.747,1,1,1
9621797,8365,1,0.150,57.30,57.30,56.32,51.48,0.585,0.594,21745,19890,0.8339,0.7628,8.35,276.0,-7.927,-34.829,1,1,1
9631810,8375,1,0.150,57.30,57.30,52.78,51.33,0.592,0.594,21780,19925,0.8353,0.7641,8.36,279.8,-10.854,-34.940,1,1,1
9641810,8385,1,0.150,57.30,57.30,54.80,51.29,0.590,0.595,21818,19960,0.8367,0.7655,8.35,277.2,-7.988,-35.023,1,1,1
9651810,8395,1,0.150,57.30,57.30,53.35,52.30,0.593,0.592,21854,19996,0.8381,0.7668,8.35,282.5,-5.244,-35.078,1,1,1
9661810,8405,1,0.150,57.30,57.30,56.00,52.60,0.587,0.591,21893,20032,0.8396,0.7682,8.36,275.0,-2.500,-35.106,1,1,1
9671817,8415,1,0.150,57.30,57.30,55.76,54.75,0.587,0.587,21931,20070,0.8410,0.7697,8.36,279.5,-1.646,-35.125,1,1,1
9681819,8425,1,0.150,57.30,57.30,56.72,54.36,0.586,0.588,21970,20107,0.8425,0.7711,8.36,269.2,-4.878,-35.176,1,1,1
9691827,8435,1,0.150,57.30,57.30,53.93,53.22,0.593,0.591,22006,20143,0.8439,0.7725,8.35,272.2,-10.366,-35.283,1,1,1
9701832,8445,1,0.150,57.30,57.30,55.14,49.80,0.590,0.597,22044,20176,0.8454,0.7737,8.36,281.8,-10.915,-35.395,1,1,1
9711832,8455,1,0.150,57.30,57.30,52.43,49.80,0.597,0.598,22079,20210,0.8467,0.7750,8.35,276.5,-8.841,-35.486,1,1,1
9721832,8465,1,0.150,57.30,57.30,54.69,50.83,0.592,0.595,22117,20245,0.8482,0.7764,8.35,286.2,-8.232,-35.571,1,1,1
9731840,8475,1,0.150,57.30,57.30,53.32,52.16,0.595,0.592,22153,20281,0.8496,0.7778,8.36,283.2,-6.341,-35.637,1,1,1
9741840,8485,1,0.150,57.30,57.30,54.96,52.56,0.591,0.591,22191,20317,0.8510,0.7791,8.36,282.8,-5.549,-35.695,1,1,1
9751849,8495,1,0.150,57.30,57.30,52.38,52.68,0.597,0.591,22226,20353,0.8524,0.7805,8.36,281.8,-7.317,-35.771,1,1,1
9761861,8505,1,0.150,57.30,57.30,53.65,51.69,0.596,0.593,22263,20388,0.8538,0.7819,8.36,276.5,-8.171,-35.856,1,1,1
9771865,8515,1,0.150,57.30,57.30,53.01,51.40,0.595,0.592,22299,20423,0.8552,0.7832,8.38,287.0,-5.488,-35.913,1,1,1
9781865,8525,1,0.150,57.30,57.30,52.82,51.31,0.597,0.593,22335,20458,0.8565,0.7846,8.37,276.0,-5.122,-35.967,1,1,1
9791877,8535,1,0.150,57.30,57.30,52.76,50.26,0.597,0.596,22371,20492,0.8579,0.7859,8.37,284.0,-5.000,-36.020,1,1,1
9801886,8545,1,0.150,57.30,57.30,50.69,51.99,0.602,0.593,22405,20528,0.8592,0.7872,8.35,284.5,-6.463,-36.087,1,1,1
9811895,8555,1,0.150,57.30,57.30,55.20,50.46,0.594,0.597,22444,20562,0.8607,0.7885,8.34,285.5,-8.720,-36.177,1,1,1
9821901,8565,1,0.150,57.30,57.30,51.42,52.05,0.600,0.592,22478,20598,0.8620,0.7899,8.36,287.2,-5.549,-36.236,1,1,1
9831901,8575,1,0.150,57.30,57.30,54.39,51.50,0.595,0.594,22516,20633,0.8635,0.7913,8.36,283.0,-5.610,-36.294,1,1,1
9841908,8585,1,0.150,57.30,57.30,55.28,51.34,0.593,0.594,22554,20668,0.8649,0.7926,8.36,285.0,-6.037,-36.357,1,1,1
9851908,8595,1,0.150,57.30,57.30,54.52,52.32,0.594,0.592,22591,20704,0.8664,0.7940,8.36,274.0,-6.402,-36.424,1,1,1
9861919,8605,1,0.150,57.30,57.30,55.32,50.56,0.592,0.594,22629,20738,0.8678,0.7953,8.38,280.5,-7.134,-36.498,1,1,1
9871925,8615,1,0.150,57.30,57.30,55.56,52.08,0.592,0.592,22667,20774,0.8693,0.7967,8.36,283.2,-7.744,-36.578,1,1,1
9881937,8625,1,0.150,57.30,57.30,51.53,49.46,0.599,0.597,22701,20807,0.8706,0.7979,8.37,271.5,-7.256,-36.654,1,1,1
9891938,8635,1,0.150,57.30,57.30,54.42,49.70,0.594,0.597,22739,20841,0.8720,0.7992,8.37,285.5,-6.220,-36.719,1,1,1
9901938,8645,1,0.150,57.30,57.30,56.32,51.82,0.591,0.593,22778,20877,0.8735,0.8006,8.36,281.0,-6.463,-36.786,1,1,1
9911938,8655,1,0.150,57.30,57.30,57.91,50.41,0.588,0.596,22818,20911,0.8751,0.8019,8.35,277.0,-7.012,-36.859,1,1,1
9921938,8665,1,0.150,57.30,57.30,58.39,52.04,0.586,0.592,22858,20947,0.8766,0.8033,8.36,284.5,-7.134,-36.933,1,1,1
9931949,8675,1,0.150,57.30,57.30,57.51,51.50,0.589,0.595,22897,20982,0.8781,0.8046,8.35,272.5,-7.256,-37.008,1,1,1
9941949,8685,1,0.150,57.30,57.30,56.22,50.31,0.590,0.595,22935,21016,0.8795,0.8060,8.37,282.8,-5.427,-37.065,1,1,1
9951962,8695,1,0.150,57.30,57.30,55.83,49.96,0.591,0.596,22973,21050,0.8810,0.8073,8.37,276.5,-5.000,-37.118,1,1,1
9961975,8705,1,0.150,57.30,57.30,58.79,49.85,0.585,0.596,23014,21084,0.8826,0.8086,8.37,280.2,-5.244,-37.173,1,1,1
9971984,8715,1,0.150,57.30,57.30,58.65,51.87,0.585,0.593,23054,21120,0.8841,0.8099,8.36,277.8,-6.037,-37.236,1,1,1
9981992,8725,1,0.150,57.30,57.30,59.64,51.45,0.583,0.593,23095,21155,0.8857,0.8113,8.36,274.8,-9.695,-37.336,1,1,1
9991994,8735,1,0.150,57.30,57.30,56.86,51.32,0.589,0.594,23133,21190,0.8871,0.8126,8.36,281.8,-12.134,-37.460,1,1,1
10001998,8745,1,0.150,57.30,57.30,58.07,50.26,0.587,0.596,23173,21224,0.8887,0.8139,8.36,272.2,-8.598,-37.549,1,1,1
10011998,8755,1,0.150,57.30,57.30,57.41,50.97,0.588,0.595,23212,21259,0.8902,0.8153,8.36,278.5,-5.061,-37.602,1,1,1
10021999,8766,1,0.150,57.30,57.30,59.26,51.18,0.584,0.594,23253,21294,0.8917,0.8166,8.36,281.8,-4.878,-37.654,1,1,1
10032001,8776,1,0.150,57.30,57.30,60.85,52.27,0.580,0.592,23295,21330,0.8934,0.8180,8.36,274.0,-5.061,-37.707,1,1,1
10042013,8786,1,0.150,57.30,57.30,59.27,51.57,0.582,0.592,23335,21365,0.8949,0.8193,8.37,275.8,-8.232,-37.792,1,1,1
10052017,8796,1,0.150,57.30,57.30,58.80,51.36,0.584,0.594,23375,21400,0.8964,0.8207,8.36,270.8,-10.671,-37.902,1,1,1
10062017,8806,1,0.150,57.30,57.30,57.63,50.27,0.585,0.594,23414,21434,0.8979,0.8220,8.38,276.8,-6.280,-37.967,1,1,1
10072017,8816,1,0.150,57.30,57.30,58.30,49.94,0.585,0.597,23454,21468,0.8994,0.8233,8.36,279.0,-2.500,-37.995,1,1,1
10082025,8826,1,0.150,57.30,57.30,58.51,50.87,0.584,0.595,23494,21503,0.9010,0.8246,8.36,281.0,-1.585,-38.014,1,1,1
10092031,8836,1,0.150,57.30,57.30,60.62,53.20,0.580,0.590,23536,21540,0.9026,0.8260,8.36,279.5,-3.841,-38.055,1,1,1
10102037,8846,1,0.150,57.30,57.30,61.25,51.85,0.578,0.593,23578,21575,0.9042,0.8274,8.35,267.2,-7.622,-38.134,1,1,1
10112047,8856,1,0.150,57.30,57.30,57.34,50.42,0.585,0.595,23616,21609,0.9057,0.8287,8.37,276.0,-11.098,-38.247,1,1,1
10122055,8866,1,0.150,57.30,57.30,57.19,51.01,0.587,0.595,23655,21644,0.9072,0.8300,8.35,270.0,-12.561,-38.376,1,1,1
10132059,8876,1,0.150,57.30,57.30,56.12,51.19,0.588,0.594,23693,21679,0.9086,0.8314,8.36,278.8,-6.220,-38.441,1,1,1
10142059,8886,1,0.150,57.30,57.30,56.83,52.27,0.587,0.592,23732,21715,0.9101,0.8328,8.36,274.8,-0.854,-38.452,1,1,1
10152068,8896,1,0.150,57.30,57.30,58.06,51.57,0.585,0.594,23772,21750,0.9116,0.8341,8.36,274.0,1.463,-38.440,1,1,1
10162070,8906,1,0.150,57.30,57.30,58.43,52.39,0.583,0.591,23812,21786,0.9132,0.8355,8.37,276.2,-2.561,-38.468,1,1,1
10172082,8916,1,0.150,57.30,57.30,53.42,50.58,0.594,0.596,23847,21820,0.9145,0.8368,8.35,268.0,-9.451,-38.566,1,1,1
10182094,8926,1,0.150,57.30,57.30,54.99,50.04,0.591,0.597,23885,21854,0.9160,0.8381,8.36,280.8,-12.500,-38.693,1,1,1
10192105,8936,1,0.150,57.30,57.30,55.46,51.93,0.591,0.593,23923,21890,0.9174,0.8395,8.35,284.5,-6.829,-38.765,1,1,1
10202110,8946,1,0.150,57.30,57.30,56.63,51.47,0.590,0.595,23962,21925,0.9189,0.8408,8.34,275.2,-0.915,-38.776,1,1,1
10212110,8956,1,0.150,57.30,57.30,56.98,54.40,0.587,0.588,24001,21963,0.9204,0.8423,8.36,283.2,1.585,-38.763,1,1,1
10222120,8966,1,0.150,57.30,57.30,54.01,53.24,0.594,0.590,24037,21999,0.9218,0.8437,8.36,267.2,-2.073,-38.787,1,1,1
10232133,8976,1,0.150,57.30,57.30,53.12,49.81,0.595,0.596,24073,22032,0.9232,0.8449,8.37,279.5,-6.890,-38.858,1,1,1
10242140,8986,1,0.150,57.30,57.30,50.80,48.78,0.601,0.599,24107,22065,0.9245,0.8462,8.36,275.5,-7.012,-38.931,1,1,1
10252155,8996,1,0.150,57.30,57.30,54.20,50.52,0.595,0.596,24145,22100,0.9259,0.8475,8.36,288.2,-6.585,-39.000,1,1,1
10262161,9006,1,0.150,57.30,57.30,55.23,52.07,0.593,0.593,24183,22136,0.9274,0.8489,8.36,285.0,-8.110,-39.084,1,1,1
10272170,9016,1,0.150,57.30,57.30,52.46,51.51,0.598,0.594,24218,22171,0.9287,0.8502,8.36,278.2,-8.963,-39.176,1,1,1
10282178,9026,1,0.150,57.30,57.30,57.78,51.34,0.588,0.594,24259,22206,0.9303,0.8516,8.35,287.5,-8.232,-39.261,1,1,1
10292186,9036,1,0.150,57.30,57.30,50.15,50.27,0.602,0.595,24291,22240,0.9315,0.8529,8.38,272.8,-5.610,-39.320,1,1,1
10302196,9046,1,0.150,57.30,57.30,49.91,49.94,0.604,0.598,24325,22274,0.9329,0.8542,8.35,284.2,-3.293,-39.356,1,1,1
10312203,9056,1,0.150,57.30,57.30,52.91,51.90,0.598,0.593,24362,22310,0.9343,0.8556,8.35,293.5,-2.256,-39.381,1,1,1
10322211,9066,1,0.150,57.30,57.30,50.74,53.51,0.602,0.590,24396,22347,0.9356,0.8570,8.36,278.8,-3.780,-39.422,1,1,1
10332218,9076,1,0.150,57.30,57.30,53.16,53.99,0.596,0.588,24433,22384,0.9370,0.8584,8.37,285.0,-6.646,-39.491,1,1,1
10342224,9086,1,0.150,57.30,57.30,48.76,53.11,0.606,0.590,24465,22420,0.9382,0.8598,8.36,272.5,-9.207,-39.586,1,1,1
10352224,9096,1,0.150,57.30,57.30,54.62,51.82,0.594,0.593,24504,22455,0.9397,0.8611,8.36,284.5,-5.854,-39.647,1,1,1
10362226,9106,1,0.150,57.30,57.30,51.25,48.36,0.601,0.600,24538,22487,0.9410,0.8624,8.36,279.0,-1.159,-39.661,1,1,1
10372230,9116,1,0.150,57.30,57.30,55.36,49.37,0.593,0.599,24577,22521,0.9425,0.8637,8.35,283.8,-4.695,-39.711,1,1,1
10382231,9126,1,0.150,57.30,57.30,56.60,50.70,0.591,0.596,24616,22556,0.9440,0.8650,8.35,287.0,-10.793,-39.822,1,1,1
10392234,9136,1,0.150,57.30,57.30,54.92,51.10,0.594,0.595,24653,22591,0.9454,0.8664,8.36,275.0,-12.744,-39.952,1,1,1
10402249,9146,1,0.150,57.30,57.30,54.42,51.22,0.594,0.593,24690,22626,0.9468,0.8677,8.37,279.0,-9.390,-40.048,1,1,1
10412254,9156,1,0.150,57.30,57.30,53.24,50.23,0.597,0.597,24726,22660,0.9482,0.8690,8.35,271.5,-2.500,-40.076,1,1,1
10422254,9166,1,0.150,57.30,57.30,58.01,51.98,0.587,0.592,24767,22696,0.9498,0.8704,8.37,280.8,-0.915,-40.088,1,1,1
10432263,9176,1,0.150,57.30,57.30,60.47,52.51,0.582,0.592,24809,22732,0.9514,0.8718,8.35,277.8,-4.085,-40.132,1,1,1
10442263,9186,1,0.150,57.30,57.30,61.21,51.64,0.581,0.594,24851,22767,0.9530,0.8731,8.34,270.8,-8.415,-40.219,1,1,1
10452276,9196,1,0.150,57.30,57.30,63.48,51.38,0.575,0.594,24895,22802,0.9547,0.8744,8.36,272.2,-10.549,-40.327,1,1,1
10462277,9206,1,0.150,57.30,57.30,56.98,51.30,0.588,0.594,24932,22837,0.9561,0.8758,8.36,271.5,-12.195,-40.451,1,1,1
10472277,9216,1,0.150,57.30,57.30,56.06,49.23,0.589,0.598,24970,22870,0.9576,0.8771,8.37,274.0,-7.805,-40.532,1,1,1
10482287,9226,1,0.150,57.30,57.30,58.86,51.68,0.584,0.593,25011,22906,0.9592,0.8784,8.36,282.5,-2.439,-40.559,1,1,1
10492300,9236,1,0.150,57.30,57.30,60.72,51.39,0.580,0.594,25053,22941,0.9608,0.8798,8.36,271.8,-2.622,-40.588,1,1,1
10502302,9246,1,0.150,57.30,57.30,62.31,52.33,0.575,0.591,25096,22977,0.9624,0.8812,8.38,279.0,-6.768,-40.659,1,1,1
10512307,9256,1,0.150,57.30,57.30,64.84,53.64,0.570,0.589,25141,23014,0.9641,0.8826,8.36,266.2,-10.854,-40.770,1,1,1
10522307,9266,1,0.150,57.30,57.30,61.49,49.93,0.576,0.597,25182,23047,0.9657,0.8838,8.36,267.8,-10.183,-40.875,1,1,1
10532315,9276,1,0.150,57.30,57.30,55.36,47.79,0.589,0.601,25218,23079,0.9671,0.8851,8.36,272.8,-7.195,-40.949,1,1,1
10542325,9286,1,0.150,57.30,57.30,59.67,51.25,0.580,0.594,25260,23115,0.9687,0.8864,8.36,283.2,-6.524,-41.017,1,1,1
10552337,9296,1,0.150,57.30,57.30,61.99,51.26,0.574,0.594,25303,23150,0.9704,0.8878,8.37,280.8,-7.134,-41.091,1,1,1
10562337,9306,1,0.150,57.30,57.30,63.72,51.27,0.571,0.594,25347,23185,0.9720,0.8891,8.36,266.0,-7.622,-41.170,1,1,1
10572340,9316,1,0.150,57.30,57.30,64.23,52.29,0.569,0.592,25391,23221,0.9737,0.8905,8.36,272.0,-8.049,-41.254,1,1,1
10582352,9326,1,0.150,57.30,57.30,61.31,54.65,0.575,0.587,25432,23259,0.9753,0.8920,8.36,261.8,-7.073,-41.327,1,1,1
10592363,9336,1,0.150,57.30,57.30,56.33,49.21,0.584,0.598,25469,23291,0.9767,0.8932,8.36,262.8,-1.951,-41.349,1,1,1
10602370,9346,1,0.150,57.30,57.30,56.89,49.63,0.583,0.597,25508,23325,0.9782,0.8945,8.37,280.5,-0.122,-41.353,1,1,1
10612382,9356,1,0.150,57.30,57.30,59.11,51.80,0.579,0.593,25549,23361,0.9798,0.8959,8.36,272.5,-1.829,-41.374,1,1,1
10622382,9366,1,0.150,57.30,57.30,60.80,51.43,0.576,0.594,25591,23396,0.9814,0.8972,8.35,275.8,-6.768,-41.445,1,1,1
10632385,9376,1,0.150,57.30,57.30,59.26,51.32,0.579,0.594,25631,23431,0.9829,0.8986,8.36,275.2,-10.732,-41.555,1,1,1
10642391,9386,1,0.150,57.30,57.30,57.77,51.28,0.582,0.595,25670,23466,0.9844,0.8999,8.35,273.0,-7.561,-41.633,1,1,1
10652398,9396,1,0.150,57.30,57.30,56.29,51.27,0.585,0.594,25708,23501,0.9859,0.9013,8.36,282.0,-3.902,-41.675,1,1,1
10662406,9406,1,0.150,57.30,57.30,56.88,50.25,0.584,0.597,25747,23535,0.9874,0.9026,8.35,276.5,-3.780,-41.715,1,1,1
10672408,9416,1,0.150,57.30,57.30,56.03,51.99,0.585,0.592,25785,23571,0.9888,0.9039,8.36,282.5,-5.183,-41.770,1,1,1
10682413,9426,1,0.150,57.30,57.30,57.82,52.51,0.581,0.591,25825,23607,0.9904,0.9053,8.37,269.0,-8.232,-41.855,1,1,1
10692415,9436,1,0.150,57.30,57.30,54.26,52.67,0.589,0.591,25861,23643,0.9918,0.9067,8.37,275.8,-10.000,-41.958,1,1,1
10702423,9446,1,0.150,57.30,57.30,54.22,52.71,0.590,0.591,25898,23679,0.9932,0.9081,8.36,274.8,-7.805,-42.039,1,1,1
10712431,9456,1,0.150,57.30,57.30,53.18,51.70,0.593,0.594,25934,23714,0.9946,0.9094,8.35,279.0,-0.915,-42.051,1,1,1
10722436,9466,1,0.150,57.30,57.30,54.92,50.37,0.590,0.596,25972,23748,0.9960,0.9107,8.35,283.5,-0.671,-42.060,1,1,1
10732443,9476,1,0.150,57.30,57.30,54.42,53.05,0.591,0.590,26009,23785,0.9974,0.9121,8.36,276.2,-3.232,-42.095,1,1,1
10742443,9486,1,0.150,57.30,57.30,56.31,52.83,0.586,0.590,26048,23821,0.9989,0.9135,8.38,280.2,-7.317,-42.171,1,1,1
10752453,9496,1,0.150,57.30,57.30,55.86,52.76,0.587,0.591,26086,23857,1.0004,0.9149,8.37,266.8,-12.012,-42.294,1,1,1
10762463,9506,1,0.150,57.30,57.30,57.77,53.77,0.585,0.590,26126,23894,1.0019,0.9163,8.35,275.2,-13.171,-42.428,1,1,1
10772469,9516,1,0.150,57.30,57.30,55.27,50.99,0.589,0.595,26163,23928,1.0033,0.9176,8.36,275.5,-8.841,-42.519,1,1,1
10782476,9526,1,0.150,57.30,57.30,52.47,50.16,0.597,0.597,26198,23962,1.0047,0.9189,8.35,279.2,-5.549,-42.578,1,1,1
10792484,9536,1,0.150,57.30,57.30,51.63,49.91,0.598,0.597,26233,23996,1.0060,0.9202,8.36,292.0,-5.854,-42.639,1,1,1
10802489,9546,1,0.150,57.30,57.30,53.43,52.91,0.595,0.591,26270,24033,1.0074,0.9217,8.36,284.0,-5.183,-42.694,1,1,1
10812489,9556,1,0.150,57.30,57.30,52.94,53.81,0.598,0.590,26306,24070,1.0088,0.9231,8.34,284.5,-6.220,-42.758,1,1,1
10822497,9566,1,0.150,57.30,57.30,52.80,53.06,0.598,0.591,26342,24106,1.0102,0.9245,8.35,275.8,-7.378,-42.835,1,1,1
10832506,9576,1,0.150,57.30,57.30,52.75,52.83,0.598,0.591,26378,24142,1.0116,0.9258,8.36,280.2,-3.476,-42.873,1,1,1
10842512,9586,1,0.150,57.30,57.30,53.77,52.76,0.596,0.591,26415,24178,1.0130,0.9272,8.36,280.5,0.549,-42.870,1,1,1
10852521,9596,1,0.150,57.30,57.30,52.02,50.69,0.600,0.596,26450,24212,1.0143,0.9285,8.35,279.5,-0.610,-42.879,1,1,1
10862521,9606,1,0.150,57.30,57.30,53.54,50.07,0.596,0.596,26487,24246,1.0158,0.9298,8.36,289.8,-5.793,-42.939,1,1,1
10872527,9616,1,0.150,57.30,57.30,51.95,51.94,0.600,0.593,26522,24282,1.0171,0.9312,8.36,282.2,-11.585,-43.058,1,1,1
10882527,9626,1,0.150,57.30,57.30,52.50,51.47,0.598,0.593,26558,24317,1.0185,0.9325,8.36,283.0,-12.805,-43.189,1,1,1
10892534,9636,1,0.150,57.30,57.30,54.71,52.35,0.593,0.591,26596,24353,1.0199,0.9339,8.37,288.5,-8.354,-43.275,1,1,1
10902536,9646,1,0.150,57.30,57.30,54.35,52.62,0.595,0.592,26633,24389,1.0214,0.9353,8.35,279.0,-5.671,-43.334,1,1,1
10912550,9656,1,0.150,57.30,57.30,53.22,51.67,0.598,0.594,26669,24424,1.0227,0.9366,8.35,282.0,-4.207,-43.379,1,1,1
10922564,9666,1,0.150,57.30,57.30,54.93,52.42,0.594,0.592,26707,24460,1.0242,0.9380,8.36,277.0,-5.854,-43.441,1,1,1
10932565,9676,1,0.150,57.30,57.30,56.47,52.64,0.590,0.591,26746,24496,1.0257,0.9394,8.37,280.0,-9.817,-43.541,1,1,1
10942567,9686,1,0.150,57.30,57.30,54.88,50.65,0.593,0.595,26783,24530,1.0271,0.9407,8.36,269.5,-12.500,-43.669,1,1,1
10952567,9696,1,0.150,57.30,57.30,53.38,50.06,0.597,0.597,26819,24564,1.0285,0.9420,8.36,278.8,-9.634,-43.768,1,1,1
10962583,9706,1,0.150,57.30,57.30,56.00,49.88,0.592,0.597,26858,24598,1.0300,0.9433,8.36,286.0,-5.854,-43.830,1,1,1
10972585,9716,1,0.150,57.30,57.30,55.77,51.88,0.593,0.594,26896,24634,1.0314,0.9447,8.34,277.2,-4.817,-43.880,1,1,1
10982589,9726,1,0.150,57.30,57.30,55.69,50.43,0.592,0.595,26934,24668,1.0329,0.9460,8.36,284.0,-7.317,-43.956,1,1,1
10992589,9736,1,0.150,57.30,57.30,58.75,54.09,0.586,0.589,26975,24706,1.0345,0.9475,8.35,275.0,-10.000,-44.059,1,1,1
11002589,9746,1,0.150,57.30,57.30,58.64,52.12,0.585,0.591,27015,24741,1.0360,0.9488,8.38,274.2,-10.244,-44.164,1,1,1
11012600,9756,1,0.150,57.30,57.30,56.56,50.50,0.590,0.596,27053,24775,1.0375,0.9501,8.36,270.8,-6.402,-44.231,1,1,1
11022607,9766,1,0.150,57.30,57.30,59.01,51.04,0.585,0.594,27094,24810,1.0390,0.9515,8.36,275.2,-3.963,-44.273,1,1,1
11032607,9776,1,0.150,57.30,57.30,57.69,39.92,0.587,0.616,27133,24834,1.0405,0.9524,8.37,279.5,-4.268,-44.319,1,1,1
11042615,9786,1,0.150,57.30,57.30,59.35,59.14,0.584,0.578,27174,24880,1.0421,0.9541,8.36,285.2,-6.585,-44.387,1,1,1
11052620,9796,1,0.150,57.30,57.30,54.72,52.61,0.593,0.591,27210,24914,1.0435,0.9554,8.36,267.2,-11.951,-44.510,1,1,1
11062628,9806,1,0.150,57.30,57.30,60.51,51.67,0.582,0.594,27253,24949,1.0451,0.9568,8.35,283.0,-11.037,-44.623,1,1,1
11072637,9816,1,0.150,57.30,57.30,57.12,51.39,0.589,0.594,27291,24984,1.0466,0.9581,8.35,274.8,-5.732,-44.683,1,1,1
11082650,9826,1,0.150,57.30,57.30,60.20,49.25,0.581,0.597,27333,25017,1.0482,0.9594,8.37,285.8,-2.622,-44.712,1,1,1
11092661,9836,1,0.150,57.30,57.30,60.10,52.72,0.581,0.591,27374,25054,1.0498,0.9608,8.36,275.0,-3.476,-44.749,1,1,1
11102674,9846,1,0.150,57.30,57.30,61.10,51.70,0.579,0.593,27416,25089,1.0514,0.9622,8.37,274.5,-7.195,-44.824,1,1,1
11112676,9856,1,0.150,57.30,57.30,58.32,49.35,0.585,0.598,27455,25122,1.0529,0.9634,8.35,268.5,-10.122,-44.928,1,1,1
11122684,9866,1,0.150,57.30,57.30,57.49,50.69,0.587,0.596,27494,25157,1.0544,0.9648,8.35,277.0,-5.183,-44.983,1,1,1
11132691,9876,1,0.150,57.30,57.30,58.26,50.07,0.585,0.597,27534,25191,1.0559,0.9661,8.35,279.8,-1.829,-45.004,1,1,1
11142704,9886,1,0.150,57.30,57.30,59.52,50.91,0.583,0.596,27575,25226,1.0575,0.9674,8.35,275.8,-3.049,-45.037,1,1,1
11152713,9896,1,0.150,57.30,57.30,58.87,52.19,0.583,0.592,27615,25262,1.0590,0.9688,8.36,281.8,-6.585,-45.105,1,1,1
11162719,9906,1,0.150,57.30,57.30,61.75,50.52,0.577,0.596,27658,25296,1.0607,0.9701,8.36,270.2,-9.573,-45.204,1,1,1
11172728,9916,1,0.150,57.30,57.30,60.57,52.07,0.580,0.593,27699,25332,1.0622,0.9715,8.35,275.5,-13.720,-45.344,1,1,1
11182741,9926,1,0.150,57.30,57.30,56.11,50.48,0.588,0.596,27736,25366,1.0637,0.9728,8.36,278.5,-13.232,-45.479,1,1,1
11192749,9936,1,0.150,57.30,57.30,55.80,51.03,0.589,0.595,27774,25401,1.0651,0.9741,8.35,277.0,-5.976,-45.541,1,1,1
11202752,9946,1,0.150,57.30,57.30,58.78,51.20,0.582,0.594,27815,25436,1.0667,0.9755,8.36,284.0,-2.256,-45.567,1,1,1
11212756,9956,1,0.150,57.30,57.30,56.60,52.27,0.587,0.593,27853,25472,1.0681,0.9768,8.35,271.8,-2.012,-45.590,1,1,1
11222765,9966,1,0.150,57.30,57.30,58.00,51.57,0.584,0.593,27893,25507,1.0697,0.9782,8.36,278.8,-4.939,-45.642,1,1,1
11232771,9976,1,0.150,57.30,57.30,56.36,51.36,0.588,0.595,27931,25542,1.0711,0.9795,8.35,275.8,-8.232,-45.727,1,1,1
11242771,9986,1,0.150,57.30,57.30,54.85,51.30,0.590,0.593,27968,25577,1.0726,0.9809,8.37,276.2,-8.598,-45.816,1,1,1
11252774,9996,1,0.150,57.30,57.30,56.44,50.25,0.587,0.596,28007,25611,1.0741,0.9822,8.36,279.5,-4.146,-45.860,1,1,1
11262779,10006,1,0.150,57.30,57.30,56.92,50.96,0.588,0.596,28046,25646,1.0756,0.9835,8.35,273.5,-3.354,-45.896,1,1,1
11272789,10016,1,0.150,57.30,57.30,56.04,51.18,0.588,0.594,28084,25681,1.0770,0.9849,8.37,280.2,-6.890,-45.968,1,1,1
11282789,10026,1,0.150,57.30,57.30,54.75,51.24,0.592,0.594,28121,25716,1.0784,0.9862,8.36,270.5,-11.890,-46.089,1,1,1
11292802,10036,1,0.150,57.30,57.30,51.29,51.26,0.599,0.594,28155,25751,1.0797,0.9875,8.36,280.0,-12.683,-46.219,1,1,1
11302804,10046,1,0.150,57.30,57.30,53.33,50.24,0.596,0.596,28192,25785,1.0811,0.9888,8.36,282.5,-4.817,-46.270,1,1,1
11312816,10056,1,0.150,57.30,57.30,55.99,50.96,0.590,0.595,28231,25820,1.0826,0.9902,8.36,275.8,-0.488,-46.277,1,1,1
11322827,10066,1,0.150,57.30,57.30,54.74,53.23,0.593,0.590,28268,25857,1.0841,0.9916,8.36,281.8,-0.305,-46.283,1,1,1
11332832,10076,1,0.150,57.30,57.30,54.36,51.86,0.594,0.593,28305,25892,1.0855,0.9929,8.36,276.8,-7.134,-46.357,1,1,1
11342834,10086,1,0.150,57.30,57.30,56.30,49.39,0.590,0.597,28344,25925,1.0870,0.9942,8.36,279.0,-12.927,-46.489,1,1,1
11352843,10096,1,0.150,57.30,57.30,49.70,50.71,0.604,0.596,28376,25960,1.0882,0.9956,8.35,283.8,-11.280,-46.605,1,1,1
11362850,10106,1,0.150,57.30,57.30,48.75,51.10,0.606,0.594,28409,25995,1.0895,0.9969,8.36,281.5,-3.659,-46.644,1,1,1
11372862,10116,1,0.150,57.30,57.30,53.59,51.22,0.596,0.594,28447,26030,1.0909,0.9982,8.36,290.2,3.963,-46.607,1,1,1
11382871,10126,1,0.150,57.30,57.30,52.99,53.31,0.597,0.590,28483,26067,1.0923,0.9997,8.36,277.0,4.573,-46.564,1,1,1
11392871,10136,1,0.150,57.30,57.30,52.81,54.96,0.598,0.587,28519,26105,1.0937,1.0011,8.36,280.5,-3.354,-46.601,1,1,1
11402871,10146,1,0.150,57.30,57.30,52.76,52.38,0.598,0.592,28555,26140,1.0951,1.0025,8.35,275.8,-12.134,-46.725,1,1,1
11412880,10156,1,0.150,57.30,57.30,52.74,48.53,0.598,0.600,28591,26172,1.0965,1.0037,8.35,281.0,-15.427,-46.882,1,1,1
11422886,10166,1,0.150,57.30,57.30,51.71,49.42,0.600,0.598,28626,26206,1.0978,1.0050,8.36,289.8,-9.512,-46.980,1,1,1
11432893,10176,1,0.150,57.30,57.30,55.50,50.71,0.593,0.596,28665,26241,1.0993,1.0063,8.35,280.5,-4.878,-47.031,1,1,1
11442895,10186,1,0.150,57.30,57.30,53.57,50.08,0.596,0.596,28701,26275,1.1007,1.0076,8.36,282.2,-3.049,-47.064,1,1,1
11452903,10196,1,0.150,57.30,57.30,54.01,51.94,0.595,0.593,28738,26311,1.1021,1.0090,8.36,275.5,-5.488,-47.122,1,1,1
11462908,10206,1,0.150,57.30,57.30,57.22,51.47,0.589,0.594,28778,26346,1.1036,1.0104,8.36,274.8,-9.573,-47.220,1,1,1
11472918,10216,1,0.150,57.30,57.30,56.13,50.30,0.591,0.596,28816,26380,1.1051,1.0117,8.36,278.8,-7.744,-47.301,1,1,1
11482931,10226,1,0.150,57.30,57.30,58.88,52.01,0.586,0.593,28857,26416,1.1067,1.0130,8.35,273.8,-2.988,-47.333,1,1,1
11492938,10236,1,0.150,57.30,57.30,58.68,52.52,0.585,0.591,28897,26452,1.1082,1.0144,8.37,276.0,-1.829,-47.354,1,1,1
11502949,10246,1,0.150,57.30,57.30,59.64,54.72,0.583,0.587,28938,26490,1.1098,1.0159,8.36,271.2,-3.537,-47.392,1,1,1
11512949,10256,1,0.150,57.30,57.30,63.01,53.33,0.575,0.589,28982,26526,1.1114,1.0173,8.37,270.5,-8.537,-47.481,1,1,1
11522949,10266,1,0.150,57.30,57.30,58.89,52.91,0.584,0.591,29021,26562,1.1129,1.0186,8.36,270.8,-11.159,-47.595,1,1,1
11532962,10276,1,0.150,57.30,57.30,59.71,49.71,0.582,0.597,29062,26595,1.1145,1.0199,8.36,267.5,-10.000,-47.698,1,1,1
11542971,10286,1,0.150,57.30,57.30,57.90,46.70,0.586,0.603,29101,26626,1.1160,1.0211,8.36,277.2,-5.488,-47.755,1,1,1
11552983,10296,1,0.150,57.30,57.30,61.46,50.92,0.579,0.596,29144,26662,1.1177,1.0225,8.34,272.2,-5.488,-47.813,1,1,1
11562994,10306,1,0.150,57.30,57.30,59.45,51.17,0.581,0.594,29184,26697,1.1192,1.0238,8.37,274.8,-7.012,-47.886,1,1,1
11573007,10317,1,0.150,57.30,57.30,60.90,51.24,0.578,0.594,29226,26732,1.1208,1.0252,8.36,271.2,-9.573,-47.984,1,1,1
11583014,10327,1,0.150,57.30,57.30,62.36,52.29,0.574,0.591,29269,26768,1.1225,1.0265,8.38,273.0,-11.524,-48.102,1,1,1
11593014,10337,1,0.150,57.30,57.30,60.75,51.57,0.577,0.593,29310,26803,1.1240,1.0279,8.37,273.8,-8.841,-48.193,1,1,1
11603016,10347,1,0.150,57.30,57.30,62.32,51.36,0.574,0.594,29353,26838,1.1257,1.0292,8.36,267.2,-5.549,-48.252,1,1,1
11613029,10357,1,0.150,57.30,57.30,61.76,52.32,0.574,0.592,29395,26874,1.1273,1.0306,8.36,270.2,-3.232,-48.287,1,1,1
11623031,10367,1,0.150,57.30,57.30,61.59,51.59,0.574,0.593,29437,26909,1.1289,1.0319,8.36,273.0,-2.622,-48.316,1,1,1
11633040,10377,1,0.150,57.30,57.30,62.57,51.36,0.573,0.594,29480,26944,1.1305,1.0333,8.35,265.0,-5.854,-48.377,1,1,1
11643053,10387,1,0.150,57.30,57.30,59.79,50.27,0.578,0.596,29520,26978,1.1321,1.0346,8.35,271.0,-9.817,-48.478,1,1,1
11653062,10397,1,0.150,57.30,57.30,59.98,50.97,0.578,0.595,29561,27013,1.1337,1.0359,8.35,267.5,-8.171,-48.562,1,1,1
11663080,10407,1,0.150,57.30,57.30,60.03,51.18,0.577,0.594,29602,27048,1.1352,1.0373,8.36,274.2,-4.207,-48.607,1,1,1
11673094,10417,1,0.150,57.30,57.30,61.08,53.29,0.575,0.590,29644,27085,1.1368,1.0387,8.36,271.0,-3.537,-48.645,1,1,1
11683102,10427,1,0.150,57.30,57.30,62.41,50.85,0.572,0.594,29687,27119,1.1385,1.0400,8.37,269.8,-5.183,-48.700,1,1,1
11693102,10437,1,0.150,57.30,57.30,58.71,51.14,0.580,0.594,29726,27154,1.1400,1.0413,8.36,273.0,-7.866,-48.781,1,1,1
11703112,10447,1,0.150,57.30,57.30,56.58,49.18,0.584,0.598,29764,27187,1.1414,1.0426,8.37,271.0,-8.780,-48.872,1,1,1
11713112,10457,1,0.150,57.30,57.30,55.94,51.67,0.586,0.593,29802,27223,1.1429,1.0440,8.36,282.2,-6.768,-48.942,1,1,1
11723124,10467,1,0.150,57.30,57.30,59.85,51.39,0.577,0.593,29844,27258,1.1445,1.0453,8.37,269.2,-7.134,-49.016,1,1,1
11733125,10477,1,0.150,57.30,57.30,57.94,52.33,0.581,0.591,29883,27294,1.1460,1.0467,8.37,273.0,-6.037,-49.079,1,1,1
11743135,10487,1,0.150,57.30,57.30,59.42,53.64,0.579,0.590,29924,27331,1.1476,1.0481,8.35,268.0,-5.488,-49.137,1,1,1
11753148,10497,1,0.150,57.30,57.30,54.74,54.03,0.588,0.588,29960,27368,1.1490,1.0495,8.37,265.0,-6.524,-49.205,1,1,1
11763161,10507,1,0.150,57.30,57.30,54.36,51.07,0.590,0.595,29997,27402,1.1504,1.0509,8.35,275.5,-8.049,-49.288,1,1,1
11773173,10517,1,0.150,57.30,57.30,51.17,49.16,0.597,0.599,30031,27435,1.1517,1.0521,8.35,273.0,-4.329,-49.334,1,1,1
11783173,10527,1,0.150,57.30,57.30,56.37,50.64,0.585,0.594,30071,27470,1.1532,1.0535,8.37,283.0,-1.524,-49.352,1,1,1
11793186,10537,1,0.150,57.30,57.30,54.85,51.08,0.590,0.594,30108,27505,1.1546,1.0548,8.36,277.8,-4.756,-49.403,1,1,1
11803193,10547,1,0.150,57.30,57.30,57.47,51.21,0.584,0.594,30148,27540,1.1562,1.0561,8.36,278.5,-8.659,-49.492,1,1,1
11813201,10557,1,0.150,57.30,57.30,56.21,52.28,0.586,0.591,30186,27576,1.1576,1.0575,8.37,280.5,-11.829,-49.613,1,1,1
11823209,10567,1,0.150,57.30,57.30,57.88,51.57,0.584,0.594,30226,27611,1.1592,1.0589,8.35,270.0,-13.354,-49.749,1,1,1
11833219,10577,1,0.150,57.30,57.30,53.25,50.33,0.593,0.595,30261,27645,1.1605,1.0602,8.37,273.8,-11.280,-49.865,1,1,1
11843231,10587,1,0.150,57.30,57.30,54.94,52.01,0.590,0.593,30299,27681,1.1620,1.0616,8.35,274.2,-8.476,-49.952,1,1,1
11853239,10597,1,0.150,57.30,57.30,53.40,52.52,0.593,0.591,30335,27717,1.1633,1.0629,8.37,279.2,-7.561,-50.031,1,1,1
11863249,10607,1,0.150,57.30,57.30,54.98,53.69,0.591,0.589,30373,27754,1.1648,1.0644,8.36,279.2,-2.744,-50.061,1,1,1
11873261,10617,1,0.150,57.30,57.30,53.41,54.05,0.594,0.588,30409,27791,1.1662,1.0658,8.37,273.0,-3.293,-50.096,1,1,1
11883264,10627,1,0.150,57.30,57.30,52.94,53.13,0.596,0.590,30445,27827,1.1676,1.0672,8.36,281.5,-3.598,-50.135,1,1,1
11893264,10637,1,0.150,57.30,57.30,51.77,48.75,0.599,0.599,30480,27859,1.1689,1.0684,8.36,275.8,-3.659,-50.174,1,1,1
11903272,10647,1,0.150,57.30,57.30,54.50,51.54,0.594,0.594,30518,27895,1.1704,1.0698,8.35,282.2,-7.134,-50.249,1,1,1
11913279,10657,1,0.150,57.30,57.30,53.26,53.40,0.597,0.590,30554,27932,1.1717,1.0712,8.36,283.0,-10.671,-50.358,1,1,1
11923279,10667,1,0.150,57.30,57.30,53.92,51.91,0.595,0.592,30591,27967,1.1732,1.0725,8.37,277.2,-11.280,-50.474,1,1,1
11933279,10677,1,0.150,57.30,57.30,55.14,53.51,0.593,0.589,30629,28004,1.1746,1.0739,8.37,284.5,-8.232,-50.559,1,1,1
11943279,10687,1,0.150,57.30,57.30,51.41,50.92,0.601,0.595,30663,28038,1.1759,1.0752,8.35,272.2,-4.695,-50.608,1,1,1
11953287,10697,1,0.150,57.30,57.30,53.36,51.16,0.596,0.594,30700,28073,1.1773,1.0766,8.36,285.5,-5.244,-50.664,1,1,1
11963292,10707,1,0.150,57.30,57.30,53.95,51.24,0.595,0.594,30737,28108,1.1787,1.0779,8.36,280.2,-6.585,-50.732,1,1,1
11973294,10717,1,0.150,57.30,57.30,54.12,53.31,0.596,0.590,30774,28145,1.1802,1.0793,8.35,280.0,-9.085,-50.826,1,1,1
11983302,10727,1,0.150,57.30,57.30,57.25,52.91,0.589,0.591,30814,28181,1.1817,1.0807,8.36,283.8,-10.915,-50.938,1,1,1
11993306,10737,1,0.150,57.30,57.30,57.17,53.81,0.590,0.590,30853,28218,1.1832,1.0821,8.35,274.2,-9.878,-51.039,1,1,1
12003307,10747,1,0.150,57.30,57.30,54.06,53.06,0.595,0.590,30889,28254,1.1846,1.0835,8.36,276.8,-5.061,-51.092,1,1,1
12013307,10757,1,0.150,57.30,57.30,54.16,50.78,0.595,0.595,30926,28288,1.1860,1.0848,8.36,270.5,-2.866,-51.124,1,1,1
12023309,10767,1,0.150,57.30,57.30,55.21,50.10,0.593,0.596,30964,28322,1.1875,1.0861,8.36,280.2,-5.244,-51.179,1,1,1
12033315,10777,1,0.150,57.30,57.30,56.55,51.94,0.590,0.592,31003,28358,1.1890,1.0875,8.36,277.8,-9.634,-51.278,1,1,1
12043315,10787,1,0.150,57.30,57.30,59.01,51.47,0.585,0.594,31044,28393,1.1905,1.0889,8.35,267.2,-13.780,-51.419,1,1,1
12053325,10797,1,0.150,57.30,57.30,57.69,53.38,0.587,0.589,31083,28430,1.1920,1.0903,8.36,275.0,-13.232,-51.554,1,1,1
12063325,10807,1,0.150,57.30,57.30,57.30,52.93,0.589,0.591,31122,28466,1.1935,1.0917,8.35,267.5,-6.524,-51.622,1,1,1
12073325,10817,1,0.150,57.30,57.30,57.18,51.77,0.590,0.594,31161,28501,1.1950,1.0930,8.35,274.5,-2.439,-51.649,1,1,1
12083340,10827,1,0.150,57.30,57.30,59.19,51.42,0.584,0.593,31202,28536,1.1966,1.0943,8.37,281.8,-3.659,-51.688,1,1,1
12093348,10837,1,0.150,57.30,57.30,58.77,52.34,0.586,0.592,31242,28572,1.1981,1.0957,8.35,270.0,-8.171,-51.773,1,1,1
12103354,10847,1,0.150,57.30,57.30,61.72,52.62,0.578,0.591,31285,28608,1.1998,1.0971,8.37,278.2,-14.024,-51.916,1,1,1
12113360,10857,1,0.150,57.30,57.30,55.43,50.65,0.591,0.595,31321,28642,1.2011,1.0984,8.37,266.8,-15.488,-52.073,1,1,1
12123360,10867,1,0.150,57.30,57.30,58.67,50.06,0.585,0.596,31362,28676,1.2027,1.0997,8.36,278.5,-8.902,-52.165,1,1,1
12133368,10877,1,0.150,57.30,57.30,58.62,50.91,0.584,0.594,31402,28711,1.2043,1.1011,8.37,276.0,-5.122,-52.219,1,1,1
12143370,10887,1,0.150,57.30,57.30,59.63,53.21,0.583,0.591,31443,28748,1.2058,1.1025,8.35,276.5,-5.671,-52.278,1,1,1
12153383,10897,1,0.150,57.30,57.30,59.93,50.83,0.582,0.596,31484,28782,1.2074,1.1038,8.35,280.5,-6.829,-52.350,1,1,1
12163393,10907,1,0.150,57.30,57.30,61.05,53.19,0.580,0.591,31526,28819,1.2090,1.1052,8.35,273.5,-9.329,-52.446,1,1,1
12173398,10917,1,0.150,57.30,57.30,59.33,51.84,0.582,0.593,31566,28854,1.2105,1.1065,8.36,276.0,-8.902,-52.537,1,1,1
12183406,10927,1,0.150,57.30,57.30,57.79,50.42,0.585,0.596,31605,28888,1.2120,1.1078,8.36,276.2,-3.476,-52.575,1,1,1
12193406,10937,1,0.150,57.30,57.30,59.38,52.04,0.583,0.593,31646,28924,1.2136,1.1092,8.35,273.0,-1.707,-52.595,1,1,1
12203416,10947,1,0.150,57.30,57.30,58.83,51.50,0.583,0.594,31686,28959,1.2151,1.1106,8.36,277.8,-3.415,-52.632,1,1,1
12213416,10957,1,0.150,57.30,57.30,59.69,50.31,0.581,0.596,31727,28993,1.2167,1.1119,8.36,267.2,-9.390,-52.728,1,1,1
12223428,10967,1,0.150,57.30,57.30,62.00,50.98,0.574,0.593,31770,29028,1.2184,1.1132,8.38,277.2,-13.902,-52.870,1,1,1
12233438,10977,1,0.150,57.30,57.30,58.59,52.21,0.582,0.592,31809,29064,1.2199,1.1146,8.36,269.5,-15.915,-53.032,1,1,1
12243443,10987,1,0.150,57.30,57.30,57.57,49.50,0.584,0.598,31848,29097,1.2214,1.1159,8.36,274.8,-11.524,-53.150,1,1,1
12253446,10997,1,0.150,57.30,57.30,56.24,50.74,0.587,0.595,31886,29132,1.2228,1.1172,8.36,281.2,-3.354,-53.186,1,1,1
12263454,11007,1,0.150,57.30,57.30,57.89,52.14,0.585,0.594,31926,29168,1.2243,1.1186,8.34,276.0,0.610,-53.183,1,1,1
12273461,11017,1,0.150,57.30,57.30,57.36,50.50,0.584,0.595,31965,29202,1.2258,1.1199,8.37,281.5,-0.488,-53.190,1,1,1
12283474,11027,1,0.150,57.30,57.30,57.20,51.04,0.586,0.595,32004,29237,1.2273,1.1212,8.35,268.2,-5.671,-53.250,1,1,1
12293474,11037,1,0.150,57.30,57.30,55.10,51.20,0.589,0.594,32041,29272,1.2288,1.1226,8.37,279.0,-9.329,-53.346,1,1,1
12303476,11047,1,0.150,57.30,57.30,56.52,51.25,0.587,0.594,32080,29307,1.2303,1.1239,8.35,276.2,-8.110,-53.430,1,1,1
12313476,11057,1,0.150,57.30,57.30,55.92,51.26,0.588,0.594,32118,29342,1.2317,1.1253,8.35,275.5,-4.512,-53.478,1,1,1
12323481,11067,1,0.150,57.30,57.30,55.74,51.27,0.589,0.594,32156,29377,1.2332,1.1266,8.35,281.5,-4.207,-53.522,1,1,1
12333488,11077,1,0.150,57.30,57.30,57.74,51.27,0.584,0.594,32196,29412,1.2347,1.1279,8.36,273.0,-5.854,-53.584,1,1,1
12343491,11087,1,0.150,57.30,57.30,52.18,51.27,0.595,0.593,32230,29447,1.2360,1.1293,8.37,274.8,-11.280,-53.699,1,1,1
12353491,11097,1,0.150,57.30,57.30,53.59,51.27,0.594,0.594,32267,29482,1.2374,1.1306,8.36,286.2,-13.232,-53.834,1,1,1
12363497,11107,1,0.150,57.30,57.30,52.99,51.27,0.596,0.594,32303,29517,1.2388,1.1320,8.36,276.8,-6.768,-53.905,1,1,1
12373506,11117,1,0.150,57.30,57.30,54.86,52.29,0.592,0.592,32341,29553,1.2403,1.1333,8.36,286.2,-4.085,-53.948,1,1,1
12383510,11127,1,0.150,57.30,57.30,55.42,52.60,0.590,0.591,32379,29589,1.2417,1.1347,8.37,272.5,-4.268,-53.994,1,1,1
12393519,11137,1,0.150,57.30,57.30,53.54,51.67,0.595,0.593,32415,29624,1.2431,1.1361,8.37,276.0,-6.890,-54.065,1,1,1
12403529,11147,1,0.150,57.30,57.30,57.08,50.36,0.588,0.596,32455,29658,1.2446,1.1374,8.36,277.0,-8.232,-54.150,1,1,1
12413534,11157,1,0.150,57.30,57.30,48.91,48.95,0.606,0.600,32486,29691,1.2458,1.1386,8.35,277.2,-8.049,-54.234,1,1,1
12423536,11167,1,0.150,57.30,57.30,51.59,52.62,0.601,0.592,32522,29728,1.2472,1.1401,8.35,291.8,-3.841,-54.275,1,1,1
12433537,11177,1,0.150,57.30,57.30,53.42,52.70,0.597,0.591,32559,29764,1.2486,1.1414,8.35,279.5,-0.061,-54.278,1,1,1
12443550,11187,1,0.150,57.30,57.30,51.91,51.70,0.598,0.592,32594,29799,1.2500,1.1428,8.38,284.2,-2.439,-54.305,1,1,1
12453550,11197,1,0.150,57.30,57.30,56.59,51.40,0.590,0.594,32634,29834,1.2515,1.1441,8.35,275.2,-9.329,-54.401,1,1,1
12463556,11207,1,0.150,57.30,57.30,47.74,51.31,0.607,0.594,32664,29869,1.2526,1.1455,8.37,275.8,-12.561,-54.530,1,1,1
12473556,11217,1,0.150,57.30,57.30,53.29,50.26,0.597,0.596,32702,29903,1.2541,1.1468,8.35,291.0,-11.098,-54.643,1,1,1
12483564,11227,1,0.150,57.30,57.30,53.93,50.97,0.595,0.595,32739,29938,1.2555,1.1481,8.36,276.5,-3.659,-54.683,1,1,1
12493573,11237,1,0.150,57.30,57.30,53.09,52.20,0.596,0.591,32775,29974,1.2569,1.1495,8.37,283.5,-0.976,-54.695,1,1,1
12503573,11247,1,0.150,57.30,57.30,57.97,50.52,0.587,0.596,32816,30008,1.2585,1.1508,8.36,276.2,-4.451,-54.743,1,1,1
12513589,11257,1,0.150,57.30,57.30,55.33,52.07,0.593,0.593,32853,30044,1.2599,1.1522,8.35,277.5,-10.122,-54.847,1,1,1
12523592,11267,1,0.150,57.30,57.30,57.61,50.48,0.589,0.596,32893,30078,1.2614,1.1535,8.35,277.5,-10.610,-54.955,1,1,1
12533600,11277,1,0.150,57.30,57.30,55.22,52.06,0.594,0.593,32930,30114,1.2628,1.1549,8.35,273.5,-2.683,-54.985,1,1,1
12543604,11287,1,0.150,57.30,57.30,57.58,51.51,0.588,0.593,32970,30149,1.2644,1.1562,8.36,280.0,3.232,-54.955,1,1,1
12553604,11297,1,0.150,57.30,57.30,58.29,53.39,0.587,0.590,33010,30186,1.2659,1.1576,8.36,268.8,2.561,-54.932,1,1,1
12563607,11307,1,0.150,57.30,57.30,61.58,51.91,0.578,0.592,33053,30221,1.2676,1.1590,8.38,273.0,-5.061,-54.986,1,1,1
12573615,11317,1,0.150,57.30,57.30,63.59,50.44,0.575,0.596,33097,30255,1.2693,1.1603,8.36,265.5,-14.451,-55.133,1,1,1
12583615,11327,1,0.150,57.30,57.30,60.09,49.99,0.581,0.597,33137,30289,1.2708,1.1616,8.36,268.8,-18.110,-55.317,1,1,1
12593622,11337,1,0.150,57.30,57.30,59.04,51.91,0.583,0.593,33177,30325,1.2723,1.1629,8.36,265.0,-13.049,-55.450,1,1,1
12603628,11347,1,0.150,57.30,57.30,57.70,50.44,0.587,0.596,33216,30359,1.2738,1.1643,8.35,271.2,-3.293,-55.486,1,1,1
12613635,11357,1,0.150,57.30,57.30,59.35,52.05,0.584,0.594,33257,30395,1.2754,1.1656,8.34,280.2,2.195,-55.467,1,1,1
12623637,11367,1,0.150,57.30,57.30,61.90,54.58,0.577,0.588,33300,30433,1.2770,1.1671,8.35,266.0,1.037,-55.459,1,1,1
12633650,11377,1,0.150,57.30,57.30,64.71,52.26,0.570,0.592,33345,30468,1.2788,1.1684,8.36,266.2,-7.256,-55.534,1,1,1
12643661,11387,1,0.150,57.30,57.30,61.45,50.54,0.576,0.595,33386,30502,1.2803,1.1697,8.36,263.2,-12.256,-55.660,1,1,1
12653661,11397,1,0.150,57.30,57.30,60.48,51.05,0.578,0.594,33427,30537,1.2819,1.1711,8.36,272.8,-7.927,-55.742,1,1,1
12663668,11407,1,0.150,57.30,57.30,61.21,52.23,0.575,0.591,33469,30573,1.2835,1.1725,8.37,278.2,-3.537,-55.780,1,1,1
12673668,11417,1,0.150,57.30,57.30,61.43,51.56,0.574,0.593,33511,30608,1.2851,1.1738,8.37,266.5,-1.280,-55.795,1,1,1
12683680,11427,1,0.150,57.30,57.30,62.52,51.36,0.572,0.594,33554,30643,1.2868,1.1751,8.36,273.5,-7.988,-55.878,1,1,1
12693680,11437,1,0.150,57.30,57.30,63.87,53.35,0.569,0.590,33598,30680,1.2885,1.1766,8.36,264.8,-11.341,-55.994,1,1,1
12703691,11447,1,0.150,57.30,57.30,60.18,50.87,0.578,0.596,33638,30714,1.2900,1.1779,8.35,262.8,-7.866,-56.075,1,1,1
12713704,11457,1,0.150,57.30,57.30,58.04,50.12,0.581,0.596,33677,30748,1.2915,1.1792,8.37,273.2,-2.439,-56.103,1,1,1
12723711,11467,1,0.150,57.30,57.30,60.48,51.95,0.577,0.594,33719,30784,1.2931,1.1806,8.35,273.5,-0.976,-56.115,1,1,1
12733719,11477,1,0.150,57.30,57.30,60.18,52.50,0.577,0.592,33760,30820,1.2947,1.1819,8.36,277.2,-2.866,-56.147,1,1,1
12743721,11487,1,0.150,57.30,57.30,60.10,51.64,0.578,0.594,33801,30855,1.2963,1.1833,8.35,265.2,-8.232,-56.232,1,1,1
12753728,11497,1,0.150,57.30,57.30,59.04,51.38,0.579,0.593,33841,30890,1.2978,1.1846,8.37,275.2,-9.512,-56.329,1,1,1
12763741,11507,1,0.150,57.30,57.30,58.73,52.33,0.581,0.593,33881,30926,1.2993,1.1860,8.35,277.5,-6.646,-56.399,1,1,1
12773743,11517,1,0.150,57.30,57.30,56.58,51.59,0.584,0.593,33919,30961,1.3008,1.1873,8.36,271.5,-4.024,-56.442,1,1,1
12783752,11527,1,0.150,57.30,57.30,56.97,51.36,0.583,0.594,33958,30996,1.3023,1.1887,8.36,281.2,-1.463,-56.459,1,1,1
12793759,11537,1,0.150,57.30,57.30,58.11,52.32,0.581,0.592,33998,31032,1.3038,1.1901,8.36,269.0,-3.049,-56.492,1,1,1
12803774,11547,1,0.150,57.30,57.30,57.42,51.59,0.582,0.593,34037,31067,1.3053,1.1914,8.37,272.8,-6.707,-56.562,1,1,1
12813774,11557,1,0.150,57.30,57.30,54.14,53.42,0.590,0.590,34073,31104,1.3067,1.1928,8.35,274.0,-8.902,-56.654,1,1,1
12823780,11567,1,0.150,57.30,57.30,55.21,50.89,0.587,0.595,34111,31138,1.3081,1.1941,8.36,275.0,-5.427,-56.711,1,1,1
12833780,11577,1,0.150,57.30,57.30,53.48,51.16,0.592,0.595,34147,31173,1.3095,1.1955,8.35,279.5,-4.512,-56.759,1,1,1
12843782,11587,1,0.150,57.30,57.30,57.06,51.24,0.586,0.595,34187,31208,1.3111,1.1968,8.34,277.8,-5.000,-56.811,1,1,1
12853786,11597,1,0.150,57.30,57.30,56.08,52.28,0.586,0.592,34225,31244,1.3125,1.1982,8.36,281.2,-7.012,-56.884,1,1,1
12863795,11607,1,0.150,57.30,57.30,56.81,51.57,0.585,0.594,34264,31279,1.3140,1.1995,8.35,269.5,-11.829,-57.005,1,1,1
12873795,11617,1,0.150,57.30,57.30,54.98,52.39,0.589,0.591,34301,31315,1.3154,1.2009,8.37,278.2,-14.573,-57.154,1,1,1
12883801,11627,1,0.150,57.30,57.30,56.49,51.60,0.587,0.594,34340,31350,1.3169,1.2023,8.35,272.5,-9.756,-57.254,1,1,1
12893810,11637,1,0.150,57.30,57.30,53.86,51.37,0.592,0.594,34376,31385,1.3183,1.2036,8.36,274.2,-3.963,-57.297,1,1,1
12903810,11647,1,0.150,57.30,57.30,54.10,52.33,0.591,0.591,34413,31421,1.3197,1.2050,8.38,279.2,-1.220,-57.311,1,1,1
12913810,11657,1,0.150,57.30,57.30,55.19,51.59,0.590,0.593,34451,31456,1.3212,1.2063,8.36,270.2,-2.195,-57.336,1,1,1
12923824,11667,1,0.150,57.30,57.30,55.52,53.42,0.589,0.590,34489,31493,1.3226,1.2077,8.36,275.2,-6.220,-57.401,1,1,1
12933834,11677,1,0.150,57.30,57.30,52.55,51.91,0.596,0.593,34524,31528,1.3240,1.2091,8.35,276.2,-9.756,-57.501,1,1,1
12943834,11687,1,0.150,57.30,57.30,53.70,52.49,0.595,0.593,34561,31564,1.3254,1.2105,8.35,274.8,-7.134,-57.576,1,1,1
12953834,11697,1,0.150,57.30,57.30,54.05,50.61,0.593,0.594,34598,31598,1.3268,1.2118,8.38,283.0,-4.085,-57.619,1,1,1
12963847,11707,1,0.150,57.30,57.30,53.13,53.12,0.596,0.591,34634,31635,1.3282,1.2132,8.35,272.0,-3.780,-57.660,1,1,1
12973847,11717,1,0.150,57.30,57.30,54.90,52.85,0.592,0.590,34672,31671,1.3297,1.2146,8.37,282.0,-5.671,-57.719,1,1,1
12983847,11727,1,0.150,57.30,57.30,51.33,51.74,0.601,0.593,34706,31706,1.3310,1.2159,8.36,269.2,-8.659,-57.808,1,1,1
12993856,11737,1,0.150,57.30,57.30,52.31,50.39,0.598,0.595,34742,31740,1.3323,1.2172,8.37,281.2,-9.085,-57.902,1,1,1
13003865,11747,1,0.150,57.30,57.30,55.68,52.03,0.592,0.592,34781,31776,1.3338,1.2186,8.36,284.0,-8.293,-57.988,1,1,1
13013865,11757,1,0.150,57.30,57.30,53.62,52.52,0.597,0.592,34817,31812,1.3352,1.2200,8.35,272.5,-8.476,-58.075,1,1,1
13023877,11767,1,0.150,57.30,57.30,55.05,53.70,0.594,0.590,34855,31849,1.3367,1.2214,8.35,281.0,-5.793,-58.136,1,1,1
13033888,11777,1,0.150,57.30,57.30,57.53,56.10,0.589,0.585,34895,31888,1.3382,1.2229,8.35,273.0,-3.354,-58.172,1,1,1
13043895,11787,1,0.150,57.30,57.30,56.22,55.79,0.590,0.584,34933,31926,1.3397,1.2243,8.37,272.8,-4.817,-58.223,1,1,1
13053895,11797,1,0.150,57.30,57.30,54.81,51.60,0.594,0.593,34970,31960,1.3411,1.2257,8.36,272.2,-8.415,-58.310,1,1,1
13063901,11807,1,0.150,57.30,57.30,53.36,49.32,0.597,0.599,35006,31993,1.3425,1.2269,8.35,268.0,-6.524,-58.378,1,1,1
13073901,11817,1,0.150,57.30,57.30,56.00,50.68,0.591,0.595,35045,32028,1.3440,1.2283,8.36,284.5,-5.854,-58.439,1,1,1
13083910,11827,1,0.150,57.30,57.30,56.79,51.09,0.589,0.594,35084,32063,1.3455,1.2296,8.37,274.8,-7.683,-58.519,1,1,1
13093916,11837,1,0.150,57.30,57.30,58.05,54.29,0.586,0.587,35124,32101,1.3470,1.2311,8.37,274.0,-8.902,-58.611,1,1,1
13103922,11847,1,0.150,57.30,57.30,59.46,52.18,0.584,0.593,35165,32136,1.3486,1.2324,8.35,270.5,-10.122,-58.715,1,1,1
13113923,11857,1,0.150,57.30,57.30,56.80,52.57,0.591,0.593,35203,32172,1.3500,1.2338,8.34,273.0,-10.366,-58.821,1,1,1
13123931,11867,1,0.150,57.30,57.30,56.01,50.63,0.591,0.595,35241,32206,1.3515,1.2351,8.36,280.0,-7.927,-58.903,1,1,1
13133940,11877,1,0.150,57.30,57.30,59.87,53.13,0.584,0.591,35283,32243,1.3531,1.2365,8.35,273.0,-7.134,-58.977,1,1,1
13143953,11887,1,0.150,57.30,57.30,58.98,52.85,0.585,0.591,35323,32279,1.3546,1.2379,8.36,273.5,-7.622,-59.056,1,1,1
13153962,11897,1,0.150,57.30,57.30,62.81,53.80,0.577,0.589,35367,32316,1.3563,1.2393,8.35,268.2,-8.293,-59.142,1,1,1
13163962,11907,1,0.150,57.30,57.30,56.78,56.13,0.589,0.585,35404,32355,1.3577,1.2408,8.36,267.2,-9.146,-59.236,1,1,1
13173964,11917,1,0.150,57.30,57.30,59.08,51.70,0.584,0.593,35445,32389,1.3593,1.2421,8.36,274.0,-8.354,-59.322,1,1,1
13183977,11927,1,0.150,57.30,57.30,55.66,49.35,0.591,0.598,35482,32422,1.3607,1.2434,8.35,271.2,-3.720,-59.362,1,1,1
13193977,11937,1,0.150,57.30,57.30,60.79,51.72,0.581,0.594,35525,32458,1.3624,1.2447,8.35,280.5,-4.146,-59.406,1,1,1
13203984,11947,1,0.150,57.30,57.30,59.25,52.43,0.583,0.592,35565,32494,1.3639,1.2461,8.36,270.8,-8.110,-59.490,1,1,1
13213986,11957,1,0.150,57.30,57.30,61.87,52.64,0.577,0.591,35608,32530,1.3655,1.2475,8.36,270.8,-12.317,-59.616,1,1,1
13223994,11967,1,0.150,57.30,57.30,60.60,53.73,0.579,0.589,35649,32567,1.3671,1.2489,8.37,275.5,-13.415,-59.753,1,1,1
13233994,11977,1,0.150,57.30,57.30,58.17,52.01,0.584,0.593,35688,32602,1.3686,1.2503,8.36,265.5,-9.146,-59.847,1,1,1
13244007,11988,1,0.150,57.30,57.30,58.47,51.49,0.582,0.592,35728,32637,1.3702,1.2516,8.38,276.8,-2.561,-59.876,1,1,1
13254014,11998,1,0.150,57.30,57.30,59.58,52.36,0.580,0.591,35769,32673,1.3717,1.2530,8.37,266.0,-1.829,-59.897,1,1,1
13264020,12008,1,0.150,57.30,57.30,59.92,53.65,0.580,0.590,35810,32710,1.3733,1.2544,8.35,272.8,-4.390,-59.943,1,1,1
13274031,12018,1,0.150,57.30,57.30,61.04,51.98,0.576,0.592,35852,32745,1.3749,1.2558,8.37,273.8,-9.634,-60.042,1,1,1
13284037,12028,1,0.150,57.30,57.30,61.38,50.46,0.577,0.597,35894,32779,1.3765,1.2571,8.34,267.8,-13.415,-60.179,1,1,1
13294044,12038,1,0.150,57.30,57.30,57.38,52.05,0.583,0.592,35932,32815,1.3780,1.2584,8.37,278.2,-14.512,-60.327,1,1,1
13304055,12048,1,0.150,57.30,57.30,56.18,50.48,0.587,0.596,35970,32849,1.3794,1.2597,8.36,269.2,-10.122,-60.431,1,1,1
13314059,12058,1,0.150,57.30,57.30,57.87,51.03,0.583,0.594,36010,32884,1.3810,1.2611,8.36,280.2,-5.122,-60.485,1,1,1
13324062,12068,1,0.150,57.30,57.30,58.38,54.27,0.582,0.588,36050,32922,1.3825,1.2625,8.36,272.2,-0.793,-60.496,1,1,1
13334068,12078,1,0.150,57.30,57.30,58.53,52.17,0.581,0.592,36090,32957,1.3840,1.2639,8.37,272.5,-2.927,-60.528,1,1,1
13344080,12088,1,0.150,57.30,57.30,55.50,53.59,0.587,0.589,36127,32994,1.3855,1.2653,8.37,276.8,-7.561,-60.606,1,1,1
13354087,12098,1,0.150,57.30,57.30,55.61,48.89,0.588,0.599,36165,33026,1.3869,1.2665,8.35,268.0,-10.305,-60.712,1,1,1
13364097,12108,1,0.150,57.30,57.30,56.67,51.58,0.585,0.593,36204,33062,1.3884,1.2679,8.36,280.2,-6.159,-60.776,1,1,1
13374105,12118,1,0.150,57.30,57.30,56.99,52.39,0.585,0.592,36243,33098,1.3899,1.2693,8.36,274.8,-2.927,-60.808,1,1,1
13384118,12128,1,0.150,57.30,57.30,56.06,50.58,0.587,0.596,36281,33132,1.3914,1.2706,8.35,273.0,-5.732,-60.868,1,1,1
13394118,12138,1,0.150,57.30,57.30,54.76,52.09,0.590,0.593,36318,33168,1.3928,1.2720,8.35,278.8,-9.390,-60.965,1,1,1
13404127,12148,1,0.150,57.30,57.30,52.32,50.49,0.596,0.597,36353,33202,1.3941,1.2733,8.35,273.5,-12.927,-61.097,1,1,1
13414135,12158,1,0.150,57.30,57.30,52.61,51.04,0.595,0.594,36389,33237,1.3955,1.2746,8.36,284.2,-9.512,-61.195,1,1,1
13424142,12168,1,0.150,57.30,57.30,55.77,51.20,0.590,0.595,36428,33272,1.3970,1.2760,8.35,273.5,-2.866,-61.226,1,1,1
13434155,12178,1,0.150,57.30,57.30,53.65,52.27,0.594,0.592,36464,33308,1.3984,1.2773,8.36,278.8,-1.098,-61.240,1,1,1
13444163,12188,1,0.150,57.30,57.30,54.03,51.57,0.594,0.594,36501,33343,1.3998,1.2787,8.35,280.0,-4.695,-61.290,1,1,1
13454173,12198,1,0.150,57.30,57.30,58.25,51.36,0.586,0.595,36542,33378,1.4014,1.2800,8.35,277.5,-8.963,-61.382,1,1,1
13464173,12208,1,0.150,57.30,57.30,50.29,49.25,0.602,0.598,36574,33411,1.4026,1.2813,8.36,279.2,-9.939,-61.484,1,1,1
13474181,12218,1,0.150,57.30,57.30,49.95,51.69,0.605,0.594,36608,33447,1.4039,1.2827,8.34,279.8,-6.951,-61.556,1,1,1
13484193,12228,1,0.150,57.30,57.30,52.92,52.42,0.598,0.592,36645,33483,1.4053,1.2841,8.35,282.2,0.244,-61.557,1,1,1
13494201,12238,1,0.150,57.30,57.30,51.77,51.61,0.600,0.594,36680,33518,1.4067,1.2854,8.35,285.2,-5.183,-61.611,1,1,1
13504203,12248,1,0.150,57.30,57.30,54.49,52.40,0.595,0.592,36718,33554,1.4081,1.2868,8.36,280.8,-13.659,-61.751,1,1,1
13514211,12258,1,0.150,57.30,57.30,51.21,52.63,0.601,0.592,36752,33590,1.4094,1.2882,8.35,279.2,-15.915,-61.912,1,1,1
13524211,12268,1,0.150,57.30,57.30,55.35,50.65,0.593,0.596,36791,33624,1.4109,1.2895,8.35,275.8,-11.098,-62.026,1,1,1
13534218,12278,1,0.150,57.30,57.30,51.47,51.08,0.600,0.594,36825,33659,1.4122,1.2908,8.37,279.2,-3.841,-62.067,1,1,1
13544218,12288,1,0.150,57.30,57.30,55.43,52.24,0.592,0.592,36864,33695,1.4137,1.2922,8.37,279.2,-0.854,-62.079,1,1,1
13554223,12298,1,0.150,57.30,57.30,55.59,52.59,0.592,0.591,36902,33731,1.4152,1.2936,8.36,277.8,-2.622,-62.108,1,1,1
13564233,12308,1,0.150,57.30,57.30,55.64,51.66,0.592,0.594,36940,33766,1.4166,1.2949,8.35,280.8,-7.195,-62.182,1,1,1
13574234,12318,1,0.150,57.30,57.30,55.66,50.36,0.593,0.597,36978,33800,1.4181,1.2962,8.34,275.5,-8.293,-62.268,1,1,1
13584241,12328,1,0.150,57.30,57.30,54.64,51.00,0.594,0.595,37015,33835,1.4195,1.2976,8.36,283.8,-3.110,-62.302,1,1,1
13594254,12338,1,0.150,57.30,57.30,58.43,52.21,0.587,0.593,37056,33871,1.4211,1.2989,8.35,273.0,-2.622,-62.331,1,1,1
13604257,12348,1,0.150,57.30,57.30,60.60,52.58,0.582,0.592,37098,33907,1.4227,1.3003,8.36,275.5,-6.341,-62.397,1,1,1
13614261,12358,1,0.150,57.30,57.30,62.27,51.66,0.578,0.593,37141,33942,1.4243,1.3017,8.36,271.5,-10.488,-62.505,1,1,1
13624264,12368,1,0.150,57.30,57.30,64.82,53.44,0.571,0.589,37186,33979,1.4261,1.3031,8.36,270.2,-11.402,-62.621,1,1,1
13634277,12378,1,0.150,57.30,57.30,57.39,51.92,0.586,0.592,37223,34014,1.4275,1.3044,8.36,263.8,-10.305,-62.727,1,1,1
13644284,12388,1,0.150,57.30,57.30,56.18,50.44,0.590,0.596,37261,34048,1.4289,1.3057,8.35,269.2,-4.451,-62.774,1,1,1
13654294,12398,1,0.150,57.30,57.30,57.87,52.05,0.586,0.593,37301,34084,1.4305,1.3071,8.36,274.5,-2.012,-62.797,1,1,1
13664306,12408,1,0.150,57.30,57.30,62.48,49.45,0.577,0.599,37345,34117,1.4322,1.3084,8.34,275.2,-3.963,-62.840,1,1,1
13674309,12418,1,0.150,57.30,57.30,62.84,51.75,0.575,0.594,37388,34153,1.4338,1.3098,8.35,271.5,-5.793,-62.900,1,1,1
13684321,12428,1,0.150,57.30,57.30,61.92,52.44,0.576,0.592,37430,34189,1.4354,1.3111,8.36,274.5,-6.402,-62.967,1,1,1
13694322,12438,1,0.150,57.30,57.30,59.59,53.67,0.580,0.590,37470,34226,1.4370,1.3126,8.35,263.2,-2.195,-62.992,1,1,1
13704332,12448,1,0.150,57.30,57.30,58.89,50.96,0.581,0.595,37510,34260,1.4385,1.3139,8.36,271.0,1.341,-62.981,1,1,1
13714345,12458,1,0.150,57.30,57.30,60.73,51.18,0.577,0.594,37552,34295,1.4401,1.3152,8.36,273.5,0.488,-62.979,1,1,1
13724352,12468,1,0.150,57.30,57.30,63.34,51.24,0.571,0.594,37596,34330,1.4418,1.3165,8.36,274.0,-6.159,-63.043,1,1,1
13734355,12478,1,0.150,57.30,57.30,64.12,50.24,0.569,0.596,37640,34364,1.4435,1.3178,8.36,275.0,-12.927,-63.175,1,1,1
13744360,12488,1,0.150,57.30,57.30,64.35,53.01,0.568,0.590,37684,34401,1.4452,1.3193,8.37,267.5,-14.451,-63.323,1,1,1
13754363,12498,1,0.150,57.30,57.30,60.32,51.79,0.576,0.592,37724,34436,1.4467,1.3206,8.37,267.0,-8.537,-63.411,1,1,1
13764364,12508,1,0.150,57.30,57.30,56.04,50.40,0.585,0.596,37761,34470,1.4481,1.3219,8.36,267.2,0.000,-63.413,1,1,1
13774375,12518,1,0.150,57.30,57.30,59.88,52.03,0.579,0.594,37803,34506,1.4497,1.3233,8.34,275.5,2.866,-63.388,1,1,1
13784378,12528,1,0.150,57.30,57.30,60.00,52.52,0.577,0.591,37844,34542,1.4513,1.3247,8.36,278.0,0.305,-63.387,1,1,1
13794385,12538,1,0.150,57.30,57.30,61.07,51.65,0.575,0.593,37886,34577,1.4529,1.3260,8.37,266.0,-5.610,-63.446,1,1,1
13804391,12548,1,0.150,57.30,57.30,58.31,51.38,0.581,0.594,37925,34612,1.4544,1.3274,8.36,271.8,-8.598,-63.535,1,1,1
13814400,12558,1,0.150,57.30,57.30,57.48,52.33,0.582,0.592,37964,34648,1.4559,1.3287,8.36,274.0,-4.024,-63.578,1,1,1
13824406,12568,1,0.150,57.30,57.30,57.24,52.61,0.583,0.592,38003,34684,1.4574,1.3301,8.35,276.5,-0.915,-63.590,1,1,1
13834406,12578,1,0.150,57.30,57.30,56.14,50.65,0.584,0.595,38041,34718,1.4589,1.3314,8.37,279.0,-0.061,-63.593,1,1,1
13844408,12588,1,0.150,57.30,57.30,57.86,52.11,0.582,0.593,38081,34754,1.4604,1.3328,8.35,275.8,-2.134,-63.617,1,1,1
13854415,12598,1,0.150,57.30,57.30,58.37,52.55,0.581,0.592,38121,34790,1.4619,1.3342,8.36,279.2,-7.561,-63.695,1,1,1
13864416,12608,1,0.150,57.30,57.30,53.40,50.63,0.591,0.596,38156,34824,1.4633,1.3355,8.35,270.0,-13.232,-63.830,1,1,1
13874423,12618,1,0.150,57.30,57.30,54.98,51.08,0.588,0.594,38194,34859,1.4647,1.3368,8.36,278.2,-10.976,-63.943,1,1,1
13884428,12628,1,0.150,57.30,57.30,52.38,50.19,0.595,0.597,38229,34893,1.4661,1.3381,8.35,273.2,-3.293,-63.979,1,1,1
13894443,12638,1,0.150,57.30,57.30,56.73,51.97,0.586,0.594,38269,34929,1.4676,1.3395,8.34,285.8,0.427,-63.977,1,1,1
13904443,12648,1,0.150,57.30,57.30,54.96,52.51,0.589,0.592,38306,34965,1.4690,1.3409,8.36,281.2,0.488,-63.975,1,1,1
13914445,12658,1,0.150,57.30,57.30,58.53,52.67,0.582,0.592,38347,35001,1.4706,1.3423,8.35,278.2,-5.610,-64.034,1,1,1
13924451,12668,1,0.150,57.30,57.30,55.50,53.74,0.588,0.589,38384,35038,1.4720,1.3437,8.36,274.2,-11.341,-64.150,1,1,1
13934465,12678,1,0.150,57.30,57.30,56.64,50.99,0.586,0.595,38423,35072,1.4735,1.3450,8.35,275.8,-12.195,-64.275,1,1,1
13944473,12688,1,0.150,57.30,57.30,51.86,50.16,0.597,0.597,38457,35106,1.4748,1.3463,8.35,278.0,-6.280,-64.340,1,1,1
13954482,12698,1,0.150,57.30,57.30,52.47,49.91,0.596,0.597,38493,35140,1.4762,1.3476,8.36,288.5,-5.000,-64.393,1,1,1
13964489,12708,1,0.150,57.30,57.30,53.68,51.89,0.594,0.593,38530,35176,1.4776,1.3490,8.36,280.0,-3.354,-64.429,1,1,1
13974497,12718,1,0.150,57.30,57.30,54.04,52.48,0.593,0.591,38567,35212,1.4790,1.3504,8.37,283.5,-3.902,-64.471,1,1,1
13984504,12728,1,0.150,57.30,57.30,53.13,51.63,0.595,0.593,38603,35247,1.4804,1.3517,8.36,274.8,-6.585,-64.540,1,1,1
13994514,12738,1,0.150,57.30,57.30,53.88,53.43,0.594,0.589,38640,35284,1.4818,1.3531,8.37,279.2,-7.439,-64.617,1,1,1
14004521,12748,1,0.150,57.30,57.30,52.05,49.87,0.599,0.597,38675,35317,1.4832,1.3544,8.36,276.0,-3.232,-64.652,1,1,1
14014529,12758,1,0.150,57.30,57.30,53.56,50.85,0.597,0.596,38712,35352,1.4846,1.3557,8.35,281.2,-1.220,-64.667,1,1,1
14024529,12768,1,0.150,57.30,57.30,52.98,50.12,0.597,0.596,38748,35386,1.4860,1.3570,8.36,289.2,-5.610,-64.726,1,1,1
14034536,12778,1,0.150,57.30,57.30,51.78,51.95,0.601,0.594,38783,35422,1.4873,1.3584,8.35,279.5,-10.793,-64.836,1,1,1
14044536,12788,1,0.150,57.30,57.30,55.53,51.47,0.592,0.594,38822,35457,1.4888,1.3598,8.36,285.8,-12.622,-64.965,1,1,1
14054545,12798,1,0.150,57.30,57.30,51.52,51.33,0.601,0.594,38856,35492,1.4901,1.3611,8.36,269.8,-6.951,-65.038,1,1,1
14064557,12808,1,0.150,57.30,57.30,54.42,52.31,0.595,0.592,38894,35528,1.4916,1.3625,8.36,279.8,-3.049,-65.071,1,1,1
14074560,12818,1,0.150,57.30,57.30,55.29,51.58,0.592,0.593,38932,35563,1.4930,1.3638,8.37,283.8,-2.683,-65.100,1,1,1
14084571,12828,1,0.150,57.30,57.30,53.50,51.36,0.596,0.594,38968,35598,1.4944,1.3652,8.36,271.2,-5.122,-65.154,1,1,1
14094575,12838,1,0.150,57.30,57.30,53.99,52.32,0.596,0.592,39005,35634,1.4958,1.3665,8.35,281.5,-8.780,-65.245,1,1,1
14104589,12848,1,0.150,57.30,57.30,56.19,52.61,0.591,0.592,39044,35670,1.4973,1.3679,8.36,278.8,-10.854,-65.356,1,1,1
14114598,12858,1,0.150,57.30,57.30,54.80,50.65,0.595,0.596,39081,35704,1.4987,1.3692,8.35,273.8,-10.244,-65.461,1,1,1
14124607,12868,1,0.150,57.30,57.30,55.40,51.08,0.593,0.594,39119,35739,1.5002,1.3706,8.36,283.8,-5.061,-65.515,1,1,1
14134607,12878,1,0.150,57.30,57.30,56.61,52.24,0.591,0.593,39158,35775,1.5017,1.3720,8.35,275.5,-3.415,-65.552,1,1,1
14144615,12888,1,0.150,57.30,57.30,56.97,51.56,0.589,0.593,39197,35810,1.5032,1.3733,8.36,279.2,-5.488,-65.609,1,1,1
14154628,12898,1,0.150,57.30,57.30,58.11,51.36,0.587,0.594,39237,35845,1.5047,1.3746,8.36,270.8,-10.305,-65.715,1,1,1
14164638,12908,1,0.150,57.30,57.30,58.45,52.32,0.586,0.591,39277,35881,1.5063,1.3760,8.37,278.0,-14.146,-65.859,1,1,1
14174643,12918,1,0.150,57.30,57.30,57.52,52.61,0.588,0.592,39316,35917,1.5077,1.3774,8.36,274.2,-13.171,-65.994,1,1,1
14184653,12928,1,0.150,57.30,57.30,58.27,52.70,0.586,0.591,39356,35953,1.5093,1.3788,8.36,275.0,-6.646,-66.063,1,1,1
14194665,12938,1,0.150,57.30,57.30,58.50,53.75,0.586,0.589,39396,35990,1.5108,1.3802,8.36,278.2,-2.195,-66.088,1,1,1
14204668,12948,1,0.150,57.30,57.30,58.56,53.04,0.587,0.592,39436,36026,1.5124,1.3816,8.34,266.5,-1.646,-66.107,1,1,1
14214676,12958,1,0.150,57.30,57.30,59.61,51.80,0.583,0.593,39477,36061,1.5139,1.3829,8.36,274.2,-7.378,-66.183,1,1,1
14224689,12968,1,0.150,57.30,57.30,55.82,52.45,0.592,0.592,39514,36097,1.5153,1.3843,8.35,278.0,-14.085,-66.327,1,1,1
14234698,12978,1,0.150,57.30,57.30,59.81,50.60,0.584,0.596,39556,36131,1.5170,1.3856,8.34,271.0,-15.305,-66.483,1,1,1
14244704,12988,1,0.150,57.30,57.30,57.93,52.09,0.586,0.592,39595,36167,1.5184,1.3870,8.37,281.2,-9.085,-66.576,1,1,1
14254713,12998,1,0.150,57.30,57.30,60.45,53.57,0.582,0.590,39637,36204,1.5201,1.3884,8.35,266.0,-5.183,-66.631,1,1,1
14264713,13008,1,0.150,57.30,57.30,62.23,52.98,0.577,0.591,39680,36240,1.5217,1.3898,8.35,273.5,-3.841,-66.672,1,1,1
14274726,13018,1,0.150,57.30,57.30,59.68,51.78,0.581,0.593,39720,36275,1.5232,1.3911,8.37,271.5,-7.195,-66.747,1,1,1
14284734,13028,1,0.150,57.30,57.30,58.92,51.42,0.583,0.594,39760,36310,1.5248,1.3925,8.36,274.0,-12.317,-66.873,1,1,1
14294734,13038,1,0.150,57.30,57.30,57.67,51.32,0.586,0.594,39799,36345,1.5263,1.3938,8.35,279.8,-7.012,-66.945,1,1,1
14304743,13048,1,0.150,57.30,57.30,59.34,52.31,0.583,0.593,39840,36381,1.5278,1.3952,8.35,275.5,-3.598,-66.984,1,1,1
14314749,13058,1,0.150,57.30,57.30,58.82,54.66,0.583,0.587,39880,36419,1.5294,1.3967,8.36,275.2,-2.256,-67.010,1,1,1
14324755,13068,1,0.150,57.30,57.30,61.74,54.34,0.576,0.588,39923,36456,1.5310,1.3981,8.36,264.8,-4.878,-67.061,1,1,1
14334758,13078,1,0.150,57.30,57.30,58.51,54.24,0.582,0.587,39962,36493,1.5325,1.3995,8.37,267.8,-9.878,-67.163,1,1,1
14344763,13088,1,0.150,57.30,57.30,59.59,52.16,0.580,0.592,40003,36528,1.5341,1.4008,8.36,266.8,-14.146,-67.307,1,1,1
14354774,13098,1,0.150,57.30,57.30,57.87,49.49,0.583,0.597,40042,36561,1.5356,1.4021,8.36,266.0,-9.146,-67.401,1,1,1
14364787,13108,1,0.150,57.30,57.30,56.33,49.71,0.586,0.596,40080,36595,1.5370,1.4034,8.37,278.2,-5.793,-67.462,1,1,1
14374795,13118,1,0.150,57.30,57.30,57.91,52.85,0.584,0.591,40120,36632,1.5386,1.4048,8.36,275.5,-4.756,-67.512,1,1,1
14384804,13128,1,0.150,57.30,57.30,58.39,52.77,0.582,0.591,40160,36668,1.5401,1.4062,8.36,273.2,-5.915,-67.574,1,1,1
14394810,13138,1,0.150,57.30,57.30,60.58,52.74,0.578,0.592,40202,36704,1.5417,1.4076,8.35,277.8,-9.390,-67.671,1,1,1
14404810,13148,1,0.150,57.30,57.30,55.09,51.71,0.590,0.594,40238,36739,1.5431,1.4089,8.35,266.8,-13.049,-67.804,1,1,1
14414819,13158,1,0.150,57.30,57.30,55.49,51.40,0.588,0.594,40276,36774,1.5446,1.4103,8.36,279.0,-9.512,-67.902,1,1,1
14424832,13168,1,0.150,57.30,57.30,54.59,51.31,0.591,0.595,40313,36809,1.5460,1.4116,8.35,267.5,-5.488,-67.959,1,1,1
14434832,13178,1,0.150,57.30,57.30,56.37,52.31,0.587,0.592,40352,36845,1.5475,1.4130,8.36,282.8,-5.244,-68.014,1,1,1
14444843,13188,1,0.150,57.30,57.30,55.87,51.58,0.589,0.594,40390,36880,1.5489,1.4143,8.35,268.2,-6.524,-68.082,1,1,1
14454843,13198,1,0.150,57.30,57.30,53.68,52.39,0.594,0.593,40426,36916,1.5503,1.4157,8.35,277.8,-10.427,-68.189,1,1,1
14464850,13208,1,0.150,57.30,57.30,54.04,50.58,0.593,0.595,40463,36950,1.5517,1.4170,8.36,276.8,-9.878,-68.291,1,1,1
14474865,13218,1,0.150,57.30,57.30,53.13,52.09,0.596,0.593,40499,36986,1.5531,1.4184,8.35,279.8,-4.878,-68.342,1,1,1
14484865,13228,1,0.150,57.30,57.30,54.90,52.54,0.591,0.591,40537,37022,1.5546,1.4198,8.36,281.8,-5.000,-68.395,1,1,1
14494877,13238,1,0.150,57.30,57.30,54.41,51.65,0.593,0.594,40574,37057,1.5560,1.4211,8.35,274.2,-7.805,-68.476,1,1,1
14504880,13248,1,0.150,57.30,57.30,55.29,53.43,0.593,0.591,40612,37094,1.5575,1.4225,8.34,280.2,-9.756,-68.576,1,1,1
14514880,13258,1,0.150,57.30,57.30,57.60,44.74,0.587,0.607,40652,37122,1.5590,1.4236,8.36,275.2,-9.390,-68.673,1,1,1
14524880,13268,1,0.150,57.30,57.30,47.02,54.44,0.609,0.588,40681,37162,1.5601,1.4251,8.36,277.2,-6.098,-68.737,1,1,1
14534893,13278,1,0.150,57.30,57.30,52.04,51.19,0.600,0.595,40718,37196,1.5615,1.4264,8.35,287.8,-4.024,-68.780,1,1,1
14544893,13288,1,0.150,57.30,57.30,54.58,52.27,0.595,0.593,40756,37232,1.5630,1.4278,8.35,277.5,-3.232,-68.815,1,1,1
14554893,13298,1,0.150,57.30,57.30,50.21,51.57,0.603,0.594,40789,37267,1.5642,1.4292,8.35,280.0,-5.793,-68.875,1,1,1
14564901,13308,1,0.150,57.30,57.30,57.10,51.36,0.590,0.595,40830,37302,1.5658,1.4305,8.35,278.8,-8.293,-68.961,1,1,1
14574903,13318,1,0.150,57.30,57.30,46.87,53.35,0.611,0.591,40859,37339,1.5669,1.4319,8.35,277.0,-9.756,-69.061,1,1,1
14584907,13328,1,0.150,57.30,57.30,55.08,49.84,0.593,0.597,40899,37372,1.5685,1.4332,8.36,281.8,-5.793,-69.122,1,1,1
14594916,13338,1,0.150,57.30,57.30,54.46,50.84,0.594,0.595,40936,37407,1.5699,1.4345,8.36,278.0,-1.280,-69.138,1,1,1
14604923,13348,1,0.150,57.30,57.30,54.28,50.12,0.594,0.596,40973,37441,1.5713,1.4358,8.37,279.5,-3.171,-69.172,1,1,1
14614934,13358,1,0.150,57.30,57.30,56.27,50.92,0.592,0.596,41012,37476,1.5728,1.4372,8.34,272.2,-7.744,-69.252,1,1,1
14624940,13368,1,0.150,57.30,57.30,54.82,51.17,0.594,0.594,41049,37511,1.5742,1.4385,8.36,279.2,-11.341,-69.368,1,1,1
14634947,13378,1,0.150,57.30,57.30,57.46,51.24,0.589,0.595,41089,37546,1.5757,1.4399,8.35,269.2,-10.671,-69.478,1,1,1
14644953,13388,1,0.150,57.30,57.30,56.20,50.23,0.592,0.597,41127,37580,1.5772,1.4412,8.34,271.8,-3.476,-69.515,1,1,1
14654956,13398,1,0.150,57.30,57.30,57.88,51.98,0.587,0.592,41167,37616,1.5787,1.4426,8.36,278.8,-1.098,-69.529,1,1,1
14664956,13408,1,0.150,57.30,57.30,59.40,52.51,0.584,0.592,41208,37652,1.5803,1.4439,8.36,270.2,-5.549,-69.587,1,1,1
14674956,13418,1,0.150,57.30,57.30,60.89,52.67,0.580,0.591,41250,37688,1.5819,1.4453,8.37,273.8,-10.793,-69.698,1,1,1
14684956,13428,1,0.150,57.30,57.30,62.36,51.69,0.578,0.594,41293,37723,1.5836,1.4467,8.35,270.8,-13.354,-69.834,1,1,1
14694968,13438,1,0.150,57.30,57.30,59.72,50.37,0.583,0.596,41333,37757,1.5851,1.4480,8.35,270.5,-12.622,-69.963,1,1,1
14704977,13448,1,0.150,57.30,57.30,57.91,51.00,0.586,0.594,41372,37792,1.5866,1.4493,8.36,280.8,-5.671,-70.023,1,1,1
14714984,13458,1,0.150,57.30,57.30,60.44,51.19,0.581,0.595,41414,37827,1.5882,1.4506,8.35,271.2,-0.549,-70.031,1,1,1
14724994,13468,1,0.150,57.30,57.30,61.20,52.27,0.579,0.592,41456,37863,1.5898,1.4520,8.35,274.2,-1.098,-70.045,1,1,1
14735001,13479,1,0.150,57.30,57.30,62.45,51.57,0.576,0.594,41499,37898,1.5915,1.4534,8.35,265.5,-7.256,-70.120,1,1,1
14745007,13489,1,0.150,57.30,57.30,61.80,52.39,0.576,0.592,41541,37934,1.5931,1.4548,8.36,270.5,-11.829,-70.241,1,1,1
14755007,13499,1,0.150,57.30,57.30,59.56,50.58,0.580,0.595,41581,37968,1.5946,1.4561,8.36,269.0,-9.695,-70.341,1,1,1
14765015,13509,1,0.150,57.30,57.30,60.93,51.06,0.579,0.596,41623,38003,1.5962,1.4574,8.34,271.2,-5.671,-70.400,1,1,1
14775029,13519,1,0.150,57.30,57.30,61.35,52.23,0.576,0.592,41665,38039,1.5978,1.4588,8.36,278.5,-3.963,-70.443,1,1,1
14785040,13529,1,0.150,57.30,57.30,62.50,52.58,0.573,0.592,41708,38075,1.5995,1.4602,8.35,271.0,-3.110,-70.476,1,1,1
14795040,13539,1,0.150,57.30,57.30,62.84,51.66,0.572,0.594,41751,38110,1.6011,1.4615,8.35,265.2,-4.573,-70.525,1,1,1
14805040,13549,1,0.150,57.30,57.30,61.92,51.39,0.574,0.595,41793,38145,1.6027,1.4628,8.35,270.8,-7.744,-70.605,1,1,1
14815047,13559,1,0.150,57.30,57.30,59.59,50.28,0.579,0.596,41833,38179,1.6043,1.4641,8.35,263.5,-8.537,-70.693,1,1,1
14825055,13569,1,0.150,57.30,57.30,58.89,50.97,0.578,0.593,41873,38214,1.6058,1.4655,8.38,277.2,-5.732,-70.753,1,1,1
14835068,13579,1,0.150,57.30,57.30,59.71,52.21,0.577,0.592,41914,38250,1.6074,1.4669,8.37,267.8,-3.476,-70.791,1,1,1
14845080,13589,1,0.150,57.30,57.30,60.98,51.55,0.575,0.593,41956,38285,1.6090,1.4682,8.36,271.5,-0.732,-70.801,1,1,1
14855080,13599,1,0.150,57.30,57.30,60.33,54.43,0.577,0.588,41997,38323,1.6106,1.4697,8.35,270.5,-0.915,-70.813,1,1,1
14865087,13609,1,0.150,57.30,57.30,58.09,53.24,0.582,0.590,42036,38359,1.6121,1.4710,8.35,270.2,-2.683,-70.842,1,1,1
14875097,13619,1,0.150,57.30,57.30,57.42,49.81,0.582,0.596,42075,38392,1.6136,1.4723,8.37,279.2,-0.305,-70.848,1,1,1
14885105,13629,1,0.150,57.30,57.30,57.22,49.81,0.583,0.597,42114,38426,1.6151,1.4736,8.36,273.2,-2.012,-70.871,1,1,1
14895105,13639,1,0.150,57.30,57.30,57.15,50.83,0.583,0.595,42153,38461,1.6165,1.4750,8.36,282.0,-7.378,-70.947,1,1,1
14905110,13649,1,0.150,57.30,57.30,57.14,51.14,0.584,0.595,42192,38496,1.6180,1.4763,8.35,273.2,-10.549,-71.056,1,1,1
14915112,13659,1,0.150,57.30,57.30,57.13,52.26,0.582,0.591,42231,38532,1.6195,1.4777,8.37,279.0,-10.305,-71.161,1,1,1
14925112,13669,1,0.150,57.30,57.30,55.08,51.57,0.587,0.593,42268,38567,1.6210,1.4790,8.36,274.5,-8.171,-71.246,1,1,1
14935120,13679,1,0.150,57.30,57.30,54.46,50.33,0.589,0.596,42305,38601,1.6224,1.4803,8.36,273.2,-3.902,-71.288,1,1,1
14945133,13689,1,0.150,57.30,57.30,55.30,52.01,0.588,0.592,42343,38637,1.6238,1.4817,8.36,281.8,-1.585,-71.306,1,1,1
14955140,13699,1,0.150,57.30,57.30,54.53,51.49,0.590,0.594,42380,38672,1.6253,1.4831,8.36,276.0,-3.415,-71.343,1,1,1
14965148,13709,1,0.150,57.30,57.30,55.32,52.36,0.589,0.592,42418,38708,1.6267,1.4844,8.35,278.5,-5.183,-71.398,1,1,1
14975148,13719,1,0.150,57.30,57.30,56.59,52.62,0.587,0.592,42457,38744,1.6282,1.4858,8.34,281.5,-7.439,-71.475,1,1,1
14985148,13729,1,0.150,57.30,57.30,55.94,53.73,0.587,0.589,42495,38781,1.6297,1.4872,8.36,276.5,-7.378,-71.551,1,1,1
14995148,13739,1,0.150,57.30,57.30,53.70,50.98,0.592,0.594,42531,38815,1.6310,1.4885,8.37,278.0,-6.280,-71.617,1,1,1
15005162,13749,1,0.150,57.30,57.30,55.07,50.16,0.590,0.597,42569,38849,1.6325,1.4898,8.35,273.0,-3.049,-71.650,1,1,1
15015173,13759,1,0.150,57.30,57.30,54.46,50.94,0.591,0.595,42606,38884,1.6339,1.4912,8.36,278.0,-3.232,-71.685,1,1,1
15025173,13769,1,0.150,57.30,57.30,53.25,50.14,0.594,0.596,42642,38918,1.6353,1.4925,8.36,277.8,-6.890,-71.757,1,1,1
15035186,13779,1,0.150,57.30,57.30,53.92,51.96,0.593,0.593,42679,38954,1.6367,1.4939,8.36,281.2,-10.427,-71.864,1,1,1
15045188,13789,1,0.150,57.30,57.30,54.11,51.48,0.594,0.595,42716,38989,1.6381,1.4952,8.35,280.2,-10.549,-71.972,1,1,1
15055200,13799,1,0.150,57.30,57.30,52.12,51.33,0.598,0.594,42751,39024,1.6395,1.4966,8.36,278.8,-5.976,-72.035,1,1,1
15065211,13809,1,0.150,57.30,57.30,53.58,52.31,0.595,0.592,42788,39060,1.6409,1.4979,8.36,284.8,-0.244,-72.040,1,1,1
15075215,13819,1,0.150,57.30,57.30,52.99,51.58,0.597,0.593,42824,39095,1.6423,1.4993,8.36,285.5,-0.976,-72.052,1,1,1
15085224,13829,1,0.150,57.30,57.30,53.84,52.39,0.596,0.592,42861,39131,1.6437,1.5007,8.35,275.2,-4.695,-72.102,1,1,1
15095226,13839,1,0.150,57.30,57.30,51.01,51.61,0.601,0.593,42895,39166,1.6450,1.5020,8.37,283.0,-7.683,-72.182,1,1,1
15105233,13849,1,0.150,57.30,57.30,53.24,50.34,0.598,0.597,42932,39200,1.6464,1.5033,8.34,273.0,-5.427,-72.239,1,1,1
15115246,13859,1,0.150,57.30,57.30,54.94,50.99,0.594,0.595,42970,39235,1.6479,1.5046,8.35,283.0,-6.220,-72.304,1,1,1
15125256,13869,1,0.150,57.30,57.30,52.37,51.19,0.599,0.594,43005,39270,1.6492,1.5060,8.36,276.2,-6.098,-72.367,1,1,1
15135261,13879,1,0.150,57.30,57.30,54.68,52.27,0.594,0.592,43043,39306,1.6507,1.5074,8.36,285.5,-7.500,-72.445,1,1,1
15145261,13889,1,0.150,57.30,57.30,57.42,52.60,0.589,0.592,43083,39342,1.6522,1.5087,8.35,280.8,-9.512,-72.543,1,1,1
15155261,13899,1,0.150,57.30,57.30,57.22,52.69,0.589,0.592,43122,39378,1.6537,1.5101,8.35,272.5,-11.220,-72.658,1,1,1
15165264,13909,1,0.150,57.30,57.30,57.15,51.70,0.588,0.593,43161,39413,1.6552,1.5115,8.37,276.5,-9.390,-72.754,1,1,1
15175279,13919,1,0.150,57.30,57.30,52.01,48.32,0.600,0.600,43195,39445,1.6565,1.5127,8.35,268.8,-6.829,-72.825,1,1,1
15185284,13929,1,0.150,57.30,57.30,52.52,49.36,0.597,0.597,43231,39479,1.6579,1.5140,8.37,288.2,-8.537,-72.914,1,1,1
15195292,13939,1,0.150,57.30,57.30,55.75,51.72,0.592,0.593,43270,39515,1.6594,1.5154,8.36,279.5,-8.720,-73.004,1,1,1
15205306,13949,1,0.150,57.30,57.30,57.74,51.41,0.588,0.594,43310,39550,1.6609,1.5167,8.35,279.8,-8.720,-73.093,1,1,1
15215309,13959,1,0.150,57.30,57.30,58.34,52.34,0.588,0.593,43350,39586,1.6625,1.5181,8.34,280.5,-7.683,-73.173,1,1,1
15225322,13969,1,0.150,57.30,57.30,58.52,54.67,0.586,0.587,43390,39624,1.6640,1.5196,8.36,271.5,-5.122,-73.227,1,1,1
15235324,13979,1,0.150,57.30,57.30,58.57,52.29,0.587,0.593,43430,39659,1.6655,1.5209,8.35,270.0,-1.646,-73.246,1,1,1
15245324,13989,1,0.150,57.30,57.30,58.59,50.55,0.586,0.596,43470,39693,1.6671,1.5222,8.35,276.2,-2.866,-73.278,1,1,1
15255337,13999,1,0.150,57.30,57.30,57.57,51.05,0.589,0.596,43509,39728,1.6685,1.5235,8.34,273.2,-6.341,-73.344,1,1,1
15265340,14009,1,0.150,57.30,57.30,60.34,52.23,0.583,0.593,43551,39764,1.6702,1.5249,8.35,282.0,-13.171,-73.478,1,1,1
15275352,14019,1,0.150,57.30,57.30,58.09,50.53,0.586,0.595,43590,39798,1.6717,1.5262,8.36,264.5,-17.500,-73.656,1,1,1
15285360,14029,1,0.150,57.30,57.30,59.47,50.02,0.583,0.596,43631,39832,1.6732,1.5275,8.37,277.5,-15.061,-73.809,1,1,1
15295360,14039,1,0.150,57.30,57.30,56.81,50.90,0.588,0.595,43669,39867,1.6747,1.5289,8.36,272.5,-7.134,-73.883,1,1,1
15305370,14049,1,0.150,57.30,57.30,60.11,52.18,0.581,0.592,43711,39903,1.6763,1.5303,8.36,276.0,-4.329,-73.929,1,1,1
15315378,14059,1,0.150,57.30,57.30,60.07,51.54,0.582,0.594,43752,39938,1.6779,1.5316,8.35,276.0,-5.732,-73.990,1,1,1
15325383,14069,1,0.150,57.30,57.30,61.09,53.40,0.580,0.591,43794,39975,1.6795,1.5330,8.35,268.8,-10.549,-74.098,1,1,1
15335383,14079,1,0.150,57.30,57.30,60.37,52.93,0.580,0.591,43835,40011,1.6811,1.5344,8.36,275.0,-12.805,-74.229,1,1,1
15345385,14089,1,0.150,57.30,57.30,59.13,51.77,0.581,0.592,43875,40046,1.6826,1.5357,8.37,267.0,-6.463,-74.296,1,1,1
15355391,14099,1,0.150,57.30,57.30,57.73,53.47,0.585,0.589,43914,40083,1.6841,1.5372,8.36,276.5,-0.061,-74.299,1,1,1
15365398,14109,1,0.150,57.30,57.30,60.38,52.96,0.579,0.591,43956,40119,1.6857,1.5385,8.36,273.8,0.122,-74.301,1,1,1
15375398,14119,1,0.150,57.30,57.30,59.13,50.75,0.581,0.595,43996,40153,1.6872,1.5398,8.36,264.0,-5.244,-74.356,1,1,1
15385406,14129,1,0.150,57.30,57.30,60.81,53.16,0.578,0.590,44038,40190,1.6888,1.5413,8.36,275.0,-11.829,-74.477,1,1,1
15395408,14139,1,0.150,57.30,57.30,60.28,51.84,0.578,0.593,44079,40225,1.6904,1.5426,8.36,266.5,-15.976,-74.640,1,1,1
15405413,14149,1,0.150,57.30,57.30,57.05,52.47,0.585,0.592,44117,40261,1.6919,1.5440,8.36,274.8,-14.512,-74.787,1,1,1
15415424,14159,1,0.150,57.30,57.30,57.11,51.63,0.585,0.594,44156,40296,1.6934,1.5453,8.35,274.8,-5.488,-74.845,1,1,1
15425430,14169,1,0.150,57.30,57.30,58.15,53.43,0.584,0.591,44196,40333,1.6949,1.5468,8.34,272.5,-0.061,-74.848,1,1,1
15435443,14179,1,0.150,57.30,57.30,58.46,51.92,0.582,0.593,44236,40368,1.6964,1.5481,8.36,278.0,0.061,-74.851,1,1,1
15445446,14189,1,0.150,57.30,57.30,58.55,51.46,0.580,0.593,44276,40403,1.6980,1.5494,8.38,272.2,-5.305,-74.906,1,1,1
15455451,14199,1,0.150,57.30,57.30,54.48,53.38,0.589,0.589,44312,40440,1.6993,1.5509,8.37,274.5,-12.378,-75.033,1,1,1
15465451,14209,1,0.150,57.30,57.30,54.28,52.93,0.590,0.590,44349,40476,1.7008,1.5522,8.36,270.5,-13.902,-75.175,1,1,1
15475458,14219,1,0.150,57.30,57.30,55.25,52.79,0.589,0.591,44387,40512,1.7022,1.5536,8.36,273.0,-6.280,-75.240,1,1,1
15485466,14229,1,0.150,57.30,57.30,56.57,53.78,0.587,0.589,44426,40549,1.7037,1.5550,8.36,276.2,-0.488,-75.248,1,1,1
15495466,14239,1,0.150,57.30,57.30,56.96,53.05,0.587,0.591,44465,40585,1.7052,1.5564,8.35,273.8,0.000,-75.251,1,1,1
15505469,14249,1,0.150,57.30,57.30,57.08,50.78,0.586,0.595,44504,40619,1.7067,1.5577,8.35,278.0,-5.610,-75.309,1,1,1
15515469,14259,1,0.150,57.30,57.30,51.99,52.15,0.596,0.592,44538,40655,1.7080,1.5591,8.36,279.5,-12.256,-75.435,1,1,1
15525474,14269,1,0.150,57.30,57.30,51.48,51.53,0.599,0.594,44573,40690,1.7094,1.5604,8.35,276.8,-12.439,-75.562,1,1,1
15535488,14279,1,0.150,57.30,57.30,54.41,51.35,0.593,0.595,44611,40725,1.7108,1.5618,8.35,289.0,-8.354,-75.648,1,1,1
15545491,14289,1,0.150,57.30,57.30,54.26,54.37,0.594,0.588,44648,40763,1.7122,1.5632,8.35,272.5,-5.305,-75.704,1,1,1
15555497,14299,1,0.150,57.30,57.30,56.27,54.25,0.589,0.588,44687,40800,1.7137,1.5647,8.36,275.8,-5.000,-75.757,1,1,1
15565506,14309,1,0.150,57.30,57.30,56.87,51.14,0.588,0.594,44726,40834,1.7152,1.5660,8.36,271.8,-7.683,-75.836,1,1,1
15575519,14319,1,0.150,57.30,57.30,50.90,51.23,0.601,0.595,44759,40869,1.7165,1.5673,8.35,278.0,-9.817,-75.937,1,1,1
15585519,14329,1,0.150,57.30,57.30,48.08,51.26,0.608,0.594,44791,40904,1.7177,1.5686,8.35,283.5,-7.927,-76.019,1,1,1
15595527,14339,1,0.150,57.30,57.30,51.34,52.29,0.601,0.593,44827,40940,1.7191,1.5700,8.35,288.0,-4.146,-76.063,1,1,1
15605527,14349,1,0.150,57.30,57.30,53.34,51.58,0.597,0.594,44864,40975,1.7205,1.5714,8.36,287.2,-2.439,-76.090,1,1,1
15615540,14359,1,0.150,57.30,57.30,50.87,52.39,0.603,0.593,44898,41011,1.7218,1.5728,8.35,273.8,-5.244,-76.146,1,1,1
15625552,14369,1,0.150,57.30,57.30,54.22,51.60,0.595,0.593,44936,41046,1.7233,1.5741,8.36,286.8,-11.829,-76.267,1,1,1
15635565,14379,1,0.150,57.30,57.30,52.16,53.42,0.599,0.590,44971,41083,1.7246,1.5755,8.36,273.8,-13.598,-76.405,1,1,1
15645567,14389,1,0.150,57.30,57.30,52.56,50.89,0.598,0.595,45007,41117,1.7260,1.5768,8.36,280.2,-9.085,-76.499,1,1,1
15655573,14399,1,0.150,57.30,57.30,56.78,52.18,0.589,0.591,45047,41153,1.7275,1.5782,8.37,284.2,-3.415,-76.536,1,1,1
15665589,14409,1,0.150,57.30,57.30,54.97,52.57,0.593,0.591,45084,41189,1.7289,1.5796,8.36,271.8,-2.012,-76.559,1,1,1
15675589,14419,1,0.150,57.30,57.30,55.46,45.51,0.592,0.605,45122,41218,1.7304,1.5807,8.36,279.2,-4.329,-76.605,1,1,1
15685589,14429,1,0.150,57.30,57.30,54.58,56.72,0.595,0.584,45159,41260,1.7318,1.5823,8.35,289.0,-7.195,-76.679,1,1,1
15695592,14439,1,0.150,57.30,57.30,54.31,50.85,0.595,0.596,45196,41293,1.7332,1.5836,8.35,273.8,-8.049,-76.763,1,1,1
15705598,14449,1,0.150,57.30,57.30,59.36,52.17,0.584,0.592,45238,41329,1.7349,1.5849,8.36,286.2,-4.329,-76.809,1,1,1
15715607,14459,1,0.150,57.30,57.30,59.85,52.57,0.583,0.591,45279,41365,1.7364,1.5863,8.36,270.2,-4.024,-76.852,1,1,1
15725613,14469,1,0.150,57.30,57.30,61.02,50.63,0.580,0.595,45321,41399,1.7380,1.5876,8.36,275.8,-6.585,-76.920,1,1,1
15735622,14479,1,0.150,57.30,57.30,65.47,53.13,0.571,0.591,45367,41436,1.7398,1.5891,8.35,268.8,-9.573,-77.019,1,1,1
15745628,14489,1,0.150,57.30,57.30,59.63,50.80,0.581,0.594,45406,41470,1.7413,1.5904,8.37,266.5,-11.280,-77.134,1,1,1
15755635,14499,1,0.150,57.30,57.30,57.88,49.08,0.585,0.598,45445,41503,1.7428,1.5916,8.36,273.2,-10.732,-77.244,1,1,1
15765637,14509,1,0.150,57.30,57.30,55.30,52.66,0.592,0.592,45482,41540,1.7442,1.5930,8.34,276.5,-6.280,-77.310,1,1,1
15775650,14519,1,0.150,57.30,57.30,60.68,50.66,0.579,0.595,45525,41574,1.7459,1.5943,8.36,279.8,-2.561,-77.338,1,1,1
15785658,14529,1,0.150,57.30,57.30,61.27,51.09,0.578,0.595,45567,41609,1.7475,1.5957,8.35,266.8,-1.524,-77.356,1,1,1
15795668,14539,1,0.150,57.30,57.30,62.47,52.24,0.575,0.592,45610,41645,1.7491,1.5971,8.36,276.0,-6.463,-77.424,1,1,1
15805674,14549,1,0.150,57.30,57.30,62.83,50.54,0.573,0.596,45653,41679,1.7508,1.5984,8.36,275.0,-10.488,-77.531,1,1,1
15815680,14559,1,0.150,57.30,57.30,58.84,51.05,0.582,0.595,45692,41714,1.7523,1.5997,8.35,265.8,-8.232,-77.616,1,1,1
15825680,14569,1,0.150,57.30,57.30,59.69,51.20,0.579,0.594,45733,41749,1.7538,1.6011,8.36,277.2,-6.098,-77.680,1,1,1
15835680,14579,1,0.150,57.30,57.30,62.00,52.28,0.574,0.592,45776,41785,1.7555,1.6024,8.36,266.5,-5.000,-77.733,1,1,1
15845680,14589,1,0.150,57.30,57.30,63.72,52.60,0.570,0.592,45820,41821,1.7572,1.6038,8.35,266.8,-4.939,-77.785,1,1,1
15855689,14599,1,0.150,57.30,57.30,65.26,51.67,0.567,0.593,45865,41856,1.7589,1.6052,8.36,264.2,-7.073,-77.858,1,1,1
15865696,14609,1,0.150,57.30,57.30,60.59,51.39,0.576,0.594,45905,41891,1.7604,1.6065,8.36,266.8,-10.061,-77.962,1,1,1
15875711,14619,1,0.150,57.30,57.30,58.17,51.31,0.582,0.595,45944,41926,1.7619,1.6078,8.35,271.2,-7.744,-78.042,1,1,1
15885713,14629,1,0.150,57.30,57.30,58.47,50.25,0.581,0.596,45984,41960,1.7635,1.6091,8.35,270.8,-1.646,-78.061,1,1,1
15895721,14639,1,0.150,57.30,57.30,59.58,51.99,0.578,0.593,46025,41996,1.7650,1.6105,8.36,278.5,-0.549,-78.069,1,1,1
15905733,14649,1,0.150,57.30,57.30,60.94,52.51,0.576,0.593,46067,42032,1.7666,1.6119,8.35,266.8,-1.768,-78.090,1,1,1
15915741,14659,1,0.150,57.30,57.30,61.35,51.64,0.574,0.593,46109,42067,1.7683,1.6132,8.36,271.2,-7.988,-78.173,1,1,1
15925741,14669,1,0.150,57.30,57.30,57.37,51.38,0.582,0.593,46147,42102,1.7697,1.6146,8.36,267.8,-4.939,-78.225,1,1,1
15935749,14679,1,0.150,57.30,57.30,57.20,51.30,0.583,0.594,46186,42137,1.7712,1.6159,8.36,275.5,-3.476,-78.262,1,1,1
15945756,14689,1,0.150,57.30,57.30,57.15,51.28,0.583,0.594,46225,42172,1.7727,1.6173,8.36,276.8,-1.829,-78.283,1,1,1
15955756,14699,1,0.150,57.30,57.30,57.14,52.30,0.584,0.593,46264,42208,1.7742,1.6187,8.35,270.0,-2.073,-78.307,1,1,1
15965765,14709,1,0.150,57.30,57.30,58.16,51.58,0.581,0.594,46304,42243,1.7757,1.6200,8.36,276.2,-5.793,-78.367,1,1,1
15975771,14719,1,0.150,57.30,57.30,54.36,52.39,0.589,0.592,46340,42279,1.7771,1.6214,8.36,278.2,-10.427,-78.474,1,1,1
15985778,14729,1,0.150,57.30,57.30,55.27,49.55,0.587,0.597,46378,42312,1.7786,1.6226,8.36,276.2,-8.598,-78.563,1,1,1
15995780,14739,1,0.150,57.30,57.30,52.47,51.78,0.594,0.593,46413,42348,1.7799,1.6240,8.35,286.5,-3.049,-78.596,1,1,1
16005786,14749,1,0.150,57.30,57.30,56.76,51.42,0.586,0.594,46453,42383,1.7815,1.6254,8.35,278.2,0.732,-78.592,1,1,1
16015795,14759,1,0.150,57.30,57.30,54.97,53.37,0.588,0.589,46490,42420,1.7829,1.6268,8.37,281.0,1.524,-78.579,1,1,1
16025802,14769,1,0.150,57.30,57.30,57.51,54.97,0.584,0.586,46530,42458,1.7844,1.6282,8.36,270.2,-3.476,-78.617,1,1,1
16035804,14779,1,0.150,57.30,57.30,56.22,54.43,0.586,0.587,46568,42495,1.7859,1.6297,8.37,271.5,-7.561,-78.695,1,1,1
16045817,14789,1,0.150,57.30,57.30,55.83,50.17,0.588,0.596,46606,42528,1.7873,1.6309,8.36,274.2,-9.512,-78.793,1,1,1
16055825,14799,1,0.150,57.30,57.30,52.64,47.86,0.595,0.602,46641,42560,1.7887,1.6322,8.35,279.8,-7.805,-78.874,1,1,1
16065825,14809,1,0.150,57.30,57.30,54.76,50.25,0.591,0.597,46679,42595,1.7901,1.6335,8.35,288.8,-7.134,-78.948,1,1,1
16075835,14819,1,0.150,57.30,57.30,54.37,50.96,0.592,0.595,46716,42630,1.7915,1.6348,8.35,279.0,-5.366,-79.004,1,1,1
16085847,14829,1,0.150,57.30,57.30,53.22,51.18,0.595,0.594,46752,42665,1.7929,1.6362,8.36,282.8,-5.000,-79.057,1,1,1
16095854,14839,1,0.150,57.30,57.30,53.91,52.27,0.593,0.592,46789,42701,1.7943,1.6376,8.36,284.8,-6.890,-79.129,1,1,1
16105865,14849,1,0.150,57.30,57.30,54.11,52.59,0.594,0.592,46826,42737,1.7958,1.6389,8.35,277.8,-7.439,-79.206,1,1,1
16115875,14859,1,0.150,57.30,57.30,53.15,50.64,0.597,0.597,46862,42771,1.7971,1.6402,8.34,279.2,-5.244,-79.261,1,1,1
16125886,14869,1,0.150,57.30,57.30,52.86,52.11,0.597,0.592,46898,42807,1.7985,1.6416,8.36,275.5,-4.024,-79.304,1,1,1
16135886,14879,1,0.150,57.30,57.30,52.77,52.55,0.598,0.592,46934,42843,1.7999,1.6430,8.35,277.8,-1.829,-79.325,1,1,1
16145893,14889,1,0.150,57.30,57.30,52.75,53.70,0.598,0.590,46970,42880,1.8013,1.6444,8.35,278.8,-1.402,-79.342,1,1,1
16155893,14899,1,0.150,57.30,57.30,53.76,53.03,0.597,0.592,47007,42916,1.8027,1.6458,8.34,280.0,-3.232,-79.377,1,1,1
16165901,14909,1,0.150,57.30,57.30,50.99,50.77,0.601,0.595,47041,42950,1.8040,1.6471,8.36,287.8,-2.866,-79.408,1,1,1
16175901,14919,1,0.150,57.30,57.30,55.29,50.09,0.593,0.597,47080,42984,1.8055,1.6484,8.36,282.0,-6.951,-79.480,1,1,1
16185908,14929,1,0.150,57.30,57.30,55.55,49.89,0.592,0.596,47118,43018,1.8070,1.6497,8.37,285.0,-10.915,-79.592,1,1,1
16195908,14939,1,0.150,57.30,57.30,53.58,50.86,0.598,0.596,47154,43053,1.8083,1.6511,8.34,275.0,-11.585,-79.711,1,1,1
16205916,14949,1,0.150,57.30,57.30,57.09,51.15,0.590,0.595,47194,43088,1.8099,1.6524,8.35,282.5,-9.512,-79.809,1,1,1
16215925,14959,1,0.150,57.30,57.30,54.04,53.28,0.595,0.590,47230,43125,1.8112,1.6538,8.36,276.5,-7.683,-79.888,1,1,1
16225938,14969,1,0.150,57.30,57.30,54.15,51.87,0.595,0.593,47267,43160,1.8127,1.6552,8.35,277.8,-6.280,-79.954,1,1,1
16235940,14979,1,0.150,57.30,57.30,55.21,50.43,0.593,0.595,47305,43194,1.8141,1.6565,8.36,279.8,-4.390,-80.001,1,1,1
16245940,14989,1,0.150,57.30,57.30,57.58,52.04,0.588,0.593,47345,43230,1.8157,1.6578,8.36,276.2,-4.573,-80.049,1,1,1
16255949,14999,1,0.150,57.30,57.30,57.26,52.53,0.588,0.591,47384,43266,1.8172,1.6592,8.37,274.5,-4.512,-80.097,1,1,1
16265951,15009,1,0.150,57.30,57.30,58.19,52.67,0.587,0.592,47424,43302,1.8187,1.6606,8.35,268.5,-5.854,-80.158,1,1,1
16275956,15019,1,0.150,57.30,57.30,56.42,51.69,0.591,0.594,47462,43337,1.8201,1.6620,8.35,273.0,-9.146,-80.252,1,1,1
16285962,15029,1,0.150,57.30,57.30,57.94,50.37,0.588,0.596,47502,43371,1.8217,1.6633,8.35,281.5,-9.756,-80.353,1,1,1
16295968,15039,1,0.150,57.30,57.30,56.35,51.00,0.592,0.596,47540,43406,1.8231,1.6646,8.35,271.0,-6.707,-80.423,1,1,1
16305971,15049,1,0.150,57.30,57.30,61.00,52.21,0.580,0.592,47583,43442,1.8248,1.6660,8.37,281.2,-6.524,-80.491,1,1,1
16315971,15059,1,0.150,57.30,57.30,58.29,52.58,0.586,0.591,47622,43478,1.8263,1.6674,8.36,270.2,-7.317,-80.566,1,1,1
16325984,15069,1,0.150,57.30,57.30,63.63,51.66,0.575,0.594,47667,43513,1.8280,1.6687,8.35,276.0,-10.000,-80.669,1,1,1
16335986,15079,1,0.150,57.30,57.30,53.95,51.39,0.595,0.594,47701,43548,1.8293,1.6700,8.35,263.8,-11.951,-80.791,1,1,1
16345986,15089,1,0.150,57.30,57.30,57.20,50.28,0.589,0.597,47741,43582,1.8308,1.6713,8.35,280.8,-11.220,-80.906,1,1,1
16355999,15100,1,0.150,57.30,57.30,59.20,52.00,0.584,0.593,47782,43618,1.8324,1.6727,8.35,278.8,-6.829,-80.977,1,1,1
16366001,15110,1,0.150,57.30,57.30,60.83,51.49,0.580,0.594,47824,43653,1.8340,1.6741,8.36,275.8,-5.976,-81.040,1,1,1
16376014,15120,1,0.150,57.30,57.30,61.31,52.36,0.578,0.592,47866,43689,1.8356,1.6755,8.36,275.2,-6.098,-81.104,1,1,1
16386028,15130,1,0.150,57.30,57.30,61.46,53.65,0.578,0.590,47908,43726,1.8372,1.6769,8.35,266.8,-7.866,-81.185,1,1,1
16396037,15140,1,0.150,57.30,57.30,60.48,51.98,0.580,0.593,47949,43761,1.8388,1.6782,8.35,269.0,-8.841,-81.276,1,1,1
16406047,15150,1,0.150,57.30,57.30,57.11,49.43,0.586,0.597,47987,43794,1.8403,1.6795,8.36,275.8,-4.756,-81.327,1,1,1
16416047,15160,1,0.150,57.30,57.30,59.17,51.74,0.582,0.593,48028,43830,1.8419,1.6809,8.36,276.8,-2.317,-81.352,1,1,1
16426047,15170,1,0.150,57.30,57.30,59.79,52.44,0.581,0.592,48069,43866,1.8434,1.6822,8.35,278.0,-4.024,-81.395,1,1,1
16436059,15180,1,0.150,57.30,57.30,59.98,52.65,0.580,0.592,48110,43902,1.8450,1.6836,8.35,266.0,-8.293,-81.481,1,1,1
16446070,15190,1,0.150,57.30,57.30,63.11,52.71,0.572,0.590,48154,43938,1.8467,1.6850,8.38,271.2,-11.951,-81.603,1,1,1
16456086,15200,1,0.150,57.30,57.30,59.95,51.70,0.578,0.593,48194,43973,1.8482,1.6863,8.36,261.8,-13.720,-81.743,1,1,1
16466087,15210,1,0.150,57.30,57.30,56.95,49.35,0.584,0.597,48232,44006,1.8497,1.6876,8.37,272.2,-12.439,-81.870,1,1,1
16476101,15220,1,0.150,57.30,57.30,55.02,50.69,0.589,0.596,48269,44041,1.8511,1.6890,8.35,278.8,-7.134,-81.945,1,1,1
16486105,15230,1,0.150,57.30,57.30,57.52,53.15,0.585,0.592,48309,44078,1.8526,1.6904,8.34,274.8,-4.390,-81.991,1,1,1
16496118,15240,1,0.150,57.30,57.30,57.25,53.88,0.584,0.588,48348,44115,1.8541,1.6918,8.37,279.8,-2.805,-82.022,1,1,1
16506118,15250,1,0.150,57.30,57.30,58.19,54.10,0.583,0.589,48388,44152,1.8557,1.6932,8.36,265.8,-4.573,-82.070,1,1,1
16516120,15260,1,0.150,57.30,57.30,54.37,54.17,0.589,0.587,48424,44189,1.8570,1.6946,8.37,274.8,-7.866,-82.152,1,1,1
16526125,15270,1,0.150,57.30,57.30,56.30,51.11,0.587,0.595,48463,44223,1.8585,1.6959,8.35,275.0,-7.866,-82.233,1,1,1
16536127,15280,1,0.150,57.30,57.30,55.86,51.22,0.589,0.595,48501,44258,1.8600,1.6973,8.34,270.2,-4.634,-82.282,1,1,1
16546133,15290,1,0.150,57.30,57.30,56.75,52.28,0.586,0.592,48540,44294,1.8615,1.6987,8.36,279.2,-4.756,-82.333,1,1,1
16556133,15300,1,0.150,57.30,57.30,57.01,53.62,0.585,0.589,48579,44331,1.8630,1.7001,8.36,267.2,-7.866,-82.414,1,1,1
16566140,15310,1,0.150,57.30,57.30,51.97,51.98,0.595,0.592,48613,44366,1.8643,1.7014,8.38,271.2,-11.585,-82.533,1,1,1
16576143,15320,1,0.150,57.30,57.30,53.53,52.51,0.594,0.592,48650,44402,1.8657,1.7028,8.35,278.0,-13.110,-82.666,1,1,1
16586158,15330,1,0.150,57.30,57.30,52.97,51.64,0.596,0.594,48686,44437,1.8671,1.7041,8.35,278.5,-7.622,-82.745,1,1,1
16596158,15340,1,0.150,57.30,57.30,55.88,51.38,0.589,0.593,48725,44472,1.8686,1.7055,8.37,286.8,-2.683,-82.775,1,1,1
16606170,15350,1,0.150,57.30,57.30,54.70,53.35,0.593,0.591,48762,44509,1.8700,1.7069,8.35,270.8,-2.866,-82.806,1,1,1
16616170,15360,1,0.150,57.30,57.30,53.33,53.95,0.595,0.589,48798,44546,1.8714,1.7083,8.36,278.2,-6.829,-82.877,1,1,1
16626178,15370,1,0.150,57.30,57.30,57.01,53.10,0.588,0.591,48838,44582,1.8729,1.7097,8.36,271.8,-11.341,-82.994,1,1,1
16636178,15380,1,0.150,57.30,57.30,47.87,51.82,0.607,0.593,48868,44617,1.8741,1.7110,8.36,271.0,-10.488,-83.101,1,1,1
16646186,15390,1,0.150,57.30,57.30,50.25,52.46,0.604,0.593,48903,44653,1.8754,1.7124,8.34,287.0,-4.634,-83.150,1,1,1
16656186,15400,1,0.150,57.30,57.30,54.04,51.63,0.596,0.594,48941,44688,1.8769,1.7138,8.34,284.5,1.159,-83.141,1,1,1
16666188,15410,1,0.150,57.30,57.30,52.10,52.40,0.599,0.592,48976,44724,1.8782,1.7151,8.36,283.2,1.402,-83.130,1,1,1
16676201,15420,1,0.150,57.30,57.30,54.59,53.66,0.595,0.590,49014,44761,1.8797,1.7166,8.35,280.2,-5.854,-83.191,1,1,1
16686203,15430,1,0.150,57.30,57.30,48.17,53.01,0.609,0.592,49045,44797,1.8809,1.7179,8.34,274.2,-13.476,-83.329,1,1,1
16696209,15440,1,0.150,57.30,57.30,56.49,51.79,0.591,0.593,49086,44832,1.8824,1.7193,8.35,291.0,-15.976,-83.492,1,1,1
16706209,15450,1,0.150,57.30,57.30,53.86,51.43,0.595,0.593,49122,44867,1.8838,1.7206,8.37,271.2,-9.268,-83.587,1,1,1
16716216,15460,1,0.150,57.30,57.30,53.07,53.37,0.596,0.588,49158,44904,1.8852,1.7220,8.38,279.8,-2.744,-83.617,1,1,1
16726216,15470,1,0.150,57.30,57.30,54.89,51.90,0.593,0.593,49196,44939,1.8866,1.7234,8.36,272.0,-6.768,-83.688,1,1,1
16736216,15480,1,0.150,57.30,57.30,55.43,52.48,0.592,0.591,49234,44975,1.8881,1.7248,8.36,276.2,-11.829,-83.809,1,1,1
16746230,15490,1,0.150,57.30,57.30,58.67,52.66,0.587,0.592,49275,45011,1.8897,1.7262,8.35,277.5,-10.671,-83.918,1,1,1
16756241,15500,1,0.150,57.30,57.30,55.54,50.66,0.594,0.597,49312,45045,1.8911,1.7275,8.34,270.8,-4.146,-83.962,1,1,1
16766247,15510,1,0.150,57.30,57.30,58.70,52.11,0.587,0.593,49353,45081,1.8927,1.7288,8.34,284.0,-0.976,-83.975,1,1,1
16776261,15520,1,0.150,57.30,57.30,58.63,52.55,0.587,0.592,49393,45117,1.8942,1.7302,8.35,273.0,-4.634,-84.024,1,1,1
16786261,15530,1,0.150,57.30,57.30,59.63,51.65,0.583,0.593,49434,45152,1.8958,1.7316,8.37,278.5,-11.402,-84.141,1,1,1
16796261,15540,1,0.150,57.30,57.30,64.03,53.44,0.574,0.590,49479,45189,1.8975,1.7330,8.36,268.5,-13.171,-84.275,1,1,1
16806263,15550,1,0.150,57.30,57.30,59.20,52.94,0.582,0.589,49518,45225,1.8990,1.7344,8.38,270.8,-11.159,-84.389,1,1,1
16816276,15560,1,0.150,57.30,57.30,56.72,49.72,0.588,0.597,49556,45258,1.9004,1.7356,8.36,272.0,-3.902,-84.431,1,1,1
16826276,15570,1,0.150,57.30,57.30,59.06,51.83,0.584,0.593,49597,45294,1.9020,1.7370,8.35,272.8,-0.610,-84.440,1,1,1
16836277,15580,1,0.150,57.30,57.30,61.81,53.49,0.577,0.590,49640,45331,1.9037,1.7384,8.36,276.5,-1.829,-84.461,1,1,1
16846291,15590,1,0.150,57.30,57.30,60.58,50.91,0.579,0.595,49681,45365,1.9052,1.7397,8.36,268.5,-6.890,-84.533,1,1,1
16856302,15600,1,0.150,57.30,57.30,61.24,50.14,0.578,0.597,49723,45399,1.9069,1.7410,8.35,272.2,-11.829,-84.654,1,1,1
16866307,15610,1,0.150,57.30,57.30,61.44,51.95,0.578,0.594,49765,45435,1.9085,1.7424,8.35,277.0,-9.695,-84.753,1,1,1
16876313,15620,1,0.150,57.30,57.30,60.47,50.45,0.579,0.596,49806,45469,1.9100,1.7437,8.35,271.2,-5.610,-84.812,1,1,1
16886324,15630,1,0.150,57.30,57.30,61.21,51.02,0.576,0.594,49848,45504,1.9116,1.7451,8.36,278.5,-3.049,-84.845,1,1,1
16896332,15640,1,0.150,57.30,57.30,62.45,53.25,0.574,0.590,49891,45541,1.9133,1.7465,8.35,268.2,-2.866,-84.877,1,1,1
16906337,15650,1,0.150,57.30,57.30,64.88,51.86,0.567,0.593,49936,45576,1.9150,1.7478,8.36,269.8,-4.268,-84.922,1,1,1
16916337,15660,1,0.150,57.30,57.30,62.53,52.47,0.572,0.591,49978,45612,1.9166,1.7492,8.36,269.0,-6.341,-84.988,1,1,1
16926345,15670,1,0.150,57.30,57.30,58.75,50.61,0.581,0.596,50017,45646,1.9181,1.7505,8.35,267.5,-5.122,-85.042,1,1,1
16936347,15680,1,0.150,57.30,57.30,57.62,51.07,0.582,0.595,50056,45681,1.9196,1.7518,8.35,280.0,0.366,-85.042,1,1,1
16946355,15690,1,0.150,57.30,57.30,59.33,51.21,0.580,0.596,50097,45716,1.9212,1.7532,8.34,271.5,-0.183,-85.046,1,1,1
16956367,15700,1,0.150,57.30,57.30,59.84,51.25,0.578,0.595,50138,45751,1.9228,1.7545,8.35,272.8,-3.476,-85.084,1,1,1
16966378,15710,1,0.150,57.30,57.30,62.04,51.26,0.574,0.595,50181,45786,1.9244,1.7559,8.35,278.5,-7.744,-85.164,1,1,1
16976385,15720,1,0.150,57.30,57.30,58.60,51.27,0.581,0.595,50220,45821,1.9259,1.7572,8.35,265.8,-10.305,-85.270,1,1,1
16986397,15730,1,0.150,57.30,57.30,57.57,52.29,0.583,0.592,50259,45857,1.9274,1.7586,8.35,278.5,-6.402,-85.336,1,1,1
16996406,15740,1,0.150,57.30,57.30,57.26,51.58,0.584,0.594,50298,45892,1.9289,1.7599,8.35,267.2,-3.110,-85.370,1,1,1
17006415,15750,1,0.150,57.30,57.30,57.17,52.39,0.582,0.591,50337,45928,1.9304,1.7613,8.37,275.5,-1.890,-85.392,1,1,1
17016416,15760,1,0.150,57.30,57.30,57.14,51.60,0.583,0.594,50376,45963,1.9319,1.7627,8.35,272.5,-3.598,-85.431,1,1,1
17026421,15770,1,0.150,57.30,57.30,57.13,51.37,0.584,0.594,50415,45998,1.9334,1.7640,8.35,275.2,-6.159,-85.495,1,1,1
17036431,15780,1,0.150,57.30,57.30,54.05,51.30,0.590,0.595,50451,46033,1.9348,1.7653,8.35,281.5,-7.744,-85.575,1,1,1
17046436,15790,1,0.150,57.30,57.30,54.16,51.28,0.591,0.595,50488,46068,1.9362,1.7667,8.34,277.0,-4.878,-85.627,1,1,1
17056443,15800,1,0.150,57.30,57.30,54.19,51.27,0.590,0.594,50525,46103,1.9376,1.7680,8.36,283.8,-2.439,-85.654,1,1,1
17066443,15810,1,0.150,57.30,57.30,57.27,52.30,0.585,0.593,50565,46139,1.9391,1.7694,8.35,274.0,-2.988,-85.686,1,1,1
17076446,15820,1,0.150,57.30,57.30,55.12,51.58,0.589,0.594,50602,46174,1.9406,1.7708,8.36,280.2,-6.402,-85.753,1,1,1
17086450,15830,1,0.150,57.30,57.30,56.53,51.36,0.586,0.594,50641,46209,1.9421,1.7721,8.36,279.5,-10.915,-85.865,1,1,1
17096451,15840,1,0.150,57.30,57.30,57.97,52.32,0.583,0.592,50681,46245,1.9436,1.7735,8.36,279.2,-10.732,-85.975,1,1,1
17106459,15850,1,0.150,57.30,57.30,56.36,51.59,0.585,0.593,50719,46280,1.9450,1.7748,8.37,277.8,-6.829,-86.046,1,1,1
17116461,15860,1,0.150,57.30,57.30,52.80,50.34,0.594,0.596,50754,46314,1.9464,1.7761,8.35,274.2,-3.598,-86.085,1,1,1
17126473,15870,1,0.150,57.30,57.30,53.78,52.02,0.592,0.592,50791,46350,1.9478,1.7775,8.36,281.2,-2.805,-86.116,1,1,1
17136484,15880,1,0.150,57.30,57.30,54.07,50.47,0.593,0.596,50828,46384,1.9492,1.7788,8.35,282.5,-4.085,-86.159,1,1,1
17146497,15890,1,0.150,57.30,57.30,53.14,51.03,0.596,0.596,50864,46419,1.9506,1.7801,8.34,279.8,-6.524,-86.227,1,1,1
17156499,15900,1,0.150,57.30,57.30,52.85,53.25,0.596,0.590,50900,46456,1.9520,1.7816,8.36,285.8,-5.671,-86.287,1,1,1
17166499,15910,1,0.150,57.30,57.30,52.77,52.89,0.597,0.591,50936,46492,1.9534,1.7829,8.36,273.5,-0.732,-86.297,1,1,1
17176503,15920,1,0.150,57.30,57.30,52.75,51.76,0.596,0.592,50972,46527,1.9548,1.7843,8.37,282.5,3.659,-86.263,1,1,1
17186506,15930,1,0.150,57.30,57.30,53.76,52.44,0.595,0.592,51009,46563,1.9562,1.7857,8.36,277.8,1.463,-86.251,1,1,1
17196506,15940,1,0.150,57.30,57.30,54.07,51.62,0.595,0.594,51046,46598,1.9576,1.7870,8.35,280.0,-3.232,-86.286,1,1,1
17206519,15950,1,0.150,57.30,57.30,51.08,49.32,0.602,0.599,51080,46631,1.9589,1.7883,8.35,287.8,-9.878,-86.388,1,1,1
17216527,15960,1,0.150,57.30,57.30,55.32,49.66,0.594,0.598,51119,46665,1.9604,1.7896,8.35,289.2,-13.476,-86.525,1,1,1
17226527,15970,1,0.150,57.30,57.30,52.48,50.79,0.599,0.596,51154,46700,1.9617,1.7909,8.35,286.5,-10.000,-86.628,1,1,1
17236537,15980,1,0.150,57.30,57.30,52.66,51.12,0.599,0.595,51190,46735,1.9631,1.7923,8.35,280.2,-5.305,-86.684,1,1,1
17246550,15990,1,0.150,57.30,57.30,54.76,52.25,0.596,0.594,51228,46771,1.9646,1.7936,8.33,283.0,-1.646,-86.703,1,1,1
17256560,16000,1,0.150,57.30,57.30,55.39,52.59,0.593,0.592,51266,46807,1.9660,1.7950,8.35,285.0,-2.622,-86.732,1,1,1
17266571,16010,1,0.150,57.30,57.30,55.58,52.69,0.593,0.592,51304,46843,1.9675,1.7964,8.35,272.5,-6.890,-86.803,1,1,1
17276573,16020,1,0.150,57.30,57.30,56.67,50.67,0.589,0.594,51343,46877,1.9690,1.7977,8.37,278.2,-11.463,-86.921,1,1,1
17286575,16030,1,0.150,57.30,57.30,53.91,51.09,0.596,0.595,51379,46912,1.9704,1.7991,8.35,278.0,-9.207,-87.016,1,1,1
17296583,16040,1,0.150,57.30,57.30,55.14,52.24,0.593,0.592,51417,46948,1.9718,1.8004,8.36,285.0,-4.390,-87.062,1,1,1
17306585,16050,1,0.150,57.30,57.30,56.53,51.56,0.590,0.593,51456,46983,1.9733,1.8018,8.36,284.2,-1.463,-87.080,1,1,1
17316596,16060,1,0.150,57.30,57.30,56.95,52.38,0.590,0.592,51495,47019,1.9748,1.8032,8.35,275.2,-2.073,-87.103,1,1,1
17326604,16070,1,0.150,57.30,57.30,58.10,52.63,0.586,0.591,51535,47055,1.9763,1.8045,8.37,281.8,-6.159,-87.168,1,1,1
17336615,16080,1,0.150,57.30,57.30,58.45,51.68,0.587,0.594,51575,47090,1.9779,1.8059,8.35,268.8,-9.878,-87.269,1,1,1
17346628,16090,1,0.150,57.30,57.30,56.50,48.32,0.590,0.600,51613,47122,1.9793,1.8071,8.36,275.2,-9.939,-87.371,1,1,1
17356628,16100,1,0.150,57.30,57.30,58.99,51.41,0.586,0.594,51654,47158,1.9809,1.8085,8.35,279.0,-7.378,-87.448,1,1,1
17366638,16110,1,0.150,57.30,57.30,58.71,51.31,0.586,0.595,51694,47193,1.9824,1.8098,8.35,277.0,-6.707,-87.518,1,1,1
17376652,16120,1,0.150,57.30,57.30,59.65,51.28,0.584,0.594,51735,47228,1.9840,1.8112,8.35,282.8,-6.768,-87.588,1,1,1
17386661,16130,1,0.150,57.30,57.30,57.89,52.30,0.588,0.593,51774,47264,1.9855,1.8126,8.34,274.8,-10.488,-87.696,1,1,1
17396674,16140,1,0.150,57.30,57.30,59.41,51.58,0.584,0.594,51815,47299,1.9871,1.8139,8.35,278.0,-13.780,-87.836,1,1,1
17406680,16150,1,0.150,57.30,57.30,56.79,50.34,0.589,0.596,51853,47333,1.9885,1.8152,8.35,279.8,-10.610,-87.945,1,1,1
17416683,16160,1,0.150,57.30,57.30,60.10,53.04,0.583,0.592,51895,47370,1.9901,1.8166,8.34,274.8,-4.634,-87.994,1,1,1
17426683,16170,1,0.150,57.30,57.30,59.05,51.80,0.583,0.593,51935,47405,1.9917,1.8180,8.37,278.2,-1.890,-88.016,1,1,1
17436695,16180,1,0.150,57.30,57.30,60.78,51.43,0.580,0.594,51977,47440,1.9933,1.8193,8.36,267.5,-3.293,-88.051,1,1,1
17446695,16190,1,0.150,57.30,57.30,60.28,52.34,0.580,0.591,52018,47476,1.9949,1.8207,8.37,277.5,-8.171,-88.136,1,1,1
17456696,16200,1,0.150,57.30,57.30,59.10,51.59,0.583,0.594,52058,47511,1.9964,1.8220,8.35,270.5,-11.402,-88.253,1,1,1
17466698,16210,1,0.150,57.30,57.30,58.75,50.34,0.584,0.597,52098,47545,1.9979,1.8233,8.35,273.0,-7.561,-88.331,1,1,1
17476704,16220,1,0.150,57.30,57.30,59.66,52.02,0.581,0.593,52139,47581,1.9995,1.8247,8.35,280.2,-4.268,-88.376,1,1,1
17486713,16230,1,0.150,57.30,57.30,59.94,51.49,0.581,0.594,52180,47616,2.0011,1.8261,8.35,270.5,-4.207,-88.421,1,1,1
17496713,16240,1,0.150,57.30,57.30,61.05,51.34,0.577,0.594,52222,47651,2.0027,1.8274,8.36,278.2,-6.646,-88.490,1,1,1
17506726,16250,1,0.150,57.30,57.30,61.38,51.29,0.576,0.593,52264,47686,2.0043,1.8287,8.37,264.2,-12.012,-88.613,1,1,1
17516728,16260,1,0.150,57.30,57.30,56.35,51.28,0.586,0.594,52301,47721,2.0057,1.8301,8.36,270.8,-15.671,-88.773,1,1,1
17526741,16270,1,0.150,57.30,57.30,56.90,51.27,0.586,0.594,52340,47756,2.0072,1.8314,8.36,274.8,-3.902,-88.814,1,1,1
17536752,16280,1,0.150,57.30,57.30,58.08,53.32,0.583,0.590,52380,47793,2.0087,1.8328,8.36,269.0,0.915,-88.808,1,1,1
17546765,16290,1,0.150,57.30,57.30,58.44,51.88,0.581,0.592,52420,47828,2.0103,1.8342,8.37,271.8,0.061,-88.810,1,1,1
17556774,16300,1,0.150,57.30,57.30,58.55,53.50,0.582,0.590,52460,47865,2.0118,1.8356,8.35,268.2,-5.549,-88.868,1,1,1
17566782,16310,1,0.150,57.30,57.30,57.55,50.91,0.584,0.595,52499,47899,2.0133,1.8369,8.35,272.2,-11.707,-88.988,1,1,1
17576789,16320,1,0.150,57.30,57.30,55.21,52.19,0.589,0.593,52536,47935,2.0147,1.8383,8.35,278.5,-12.012,-89.111,1,1,1
17586795,16330,1,0.150,57.30,57.30,55.53,50.52,0.589,0.596,52574,47969,2.0162,1.8396,8.35,272.5,-7.195,-89.186,1,1,1
17596804,16340,1,0.150,57.30,57.30,56.65,52.07,0.585,0.591,52613,48005,2.0177,1.8410,8.37,280.5,-4.756,-89.236,1,1,1
17606816,16350,1,0.150,57.30,57.30,55.96,52.54,0.588,0.592,52651,48041,2.0191,1.8423,8.36,268.2,-5.915,-89.298,1,1,1
17616824,16360,1,0.150,57.30,57.30,60.88,51.65,0.577,0.593,52694,48076,2.0208,1.8437,8.36,275.2,-10.122,-89.402,1,1,1
17626832,16370,1,0.150,57.30,57.30,51.08,50.36,0.597,0.596,52726,48110,2.0220,1.8450,8.36,266.0,-14.512,-89.550,1,1,1
17636834,16380,1,0.150,57.30,57.30,52.24,51.00,0.597,0.595,52762,48145,2.0234,1.8463,8.35,281.5,-10.061,-89.653,1,1,1
17646840,16390,1,0.150,57.30,57.30,53.61,53.24,0.595,0.592,52799,48182,2.0248,1.8478,8.34,284.0,-6.280,-89.719,1,1,1
17656846,16400,1,0.150,57.30,57.30,54.02,53.91,0.594,0.590,52836,48219,2.0262,1.8492,8.35,275.0,-3.598,-89.757,1,1,1
17666850,16410,1,0.150,57.30,57.30,54.15,55.14,0.594,0.587,52873,48257,2.0277,1.8506,8.35,278.2,-4.085,-89.801,1,1,1
17676862,16420,1,0.150,57.30,57.30,57.26,54.48,0.588,0.588,52913,48294,2.0292,1.8521,8.35,269.0,-5.549,-89.859,1,1,1
17686865,16430,1,0.150,57.30,57.30,54.09,52.23,0.595,0.593,52949,48329,2.0306,1.8534,8.35,269.8,-6.829,-89.930,1,1,1
17696873,16440,1,0.150,57.30,57.30,49.04,48.48,0.605,0.600,52981,48361,2.0318,1.8546,8.35,282.0,-5.732,-89.990,1,1,1
17706877,16450,1,0.150,57.30,57.30,52.65,51.46,0.599,0.594,53018,48397,2.0332,1.8560,8.35,281.0,-5.427,-90.047,1,1,1
17716888,16460,1,0.150,57.30,57.30,52.71,53.38,0.598,0.590,53054,48434,2.0346,1.8574,8.36,281.2,-7.317,-90.123,1,1,1
17726892,16470,1,0.150,57.30,57.30,53.75,53.95,0.596,0.589,53091,48471,2.0360,1.8588,8.36,272.2,-8.537,-90.211,1,1,1
17736895,16480,1,0.150,57.30,57.30,55.09,52.07,0.593,0.592,53129,48506,2.0375,1.8602,8.36,278.5,-9.878,-90.313,1,1,1
17746895,16490,1,0.150,57.30,57.30,49.34,51.51,0.604,0.593,53161,48541,2.0387,1.8615,8.37,277.8,-11.524,-90.431,1,1,1
17756895,16500,1,0.150,57.30,57.30,50.69,49.29,0.603,0.599,53196,48574,2.0400,1.8628,8.35,280.5,-7.561,-90.509,1,1,1
17766895,16510,1,0.150,57.30,57.30,59.30,52.73,0.586,0.593,53239,48611,2.0417,1.8642,8.34,287.5,-5.183,-90.564,1,1,1
17776895,16520,1,0.150,57.30,57.30,53.68,53.76,0.597,0.590,53274,48648,2.0430,1.8656,8.35,269.5,-5.732,-90.624,1,1,1
17786908,16530,1,0.150,57.30,57.30,58.14,53.04,0.587,0.591,53315,48684,2.0446,1.8670,8.36,277.2,-8.110,-90.708,1,1,1
17796910,16540,1,0.150,57.30,57.30,55.38,55.90,0.593,0.585,53352,48723,2.0460,1.8685,8.35,265.2,-9.207,-90.803,1,1,1
17806916,16550,1,0.150,57.30,57.30,55.58,51.63,0.593,0.594,53390,48757,2.0475,1.8698,8.35,271.8,-5.671,-90.862,1,1,1
17816922,16560,1,0.150,57.30,57.30,56.66,49.33,0.590,0.598,53429,48790,2.0490,1.8711,8.36,280.5,-1.890,-90.884,1,1,1
17826930,16570,1,0.150,57.30,57.30,58.01,50.69,0.587,0.595,53469,48825,2.0505,1.8724,8.36,277.2,-4.146,-90.928,1,1,1
17836934,16580,1,0.150,57.30,57.30,61.50,53.15,0.580,0.590,53512,48862,2.0522,1.8738,8.36,277.2,-9.695,-91.028,1,1,1
17846937,16590,1,0.150,57.30,57.30,63.57,52.86,0.576,0.592,53556,48898,2.0538,1.8752,8.35,270.8,-13.659,-91.167,1,1,1
17856938,16600,1,0.150,57.30,57.30,58.03,52.77,0.587,0.592,53594,48934,2.0553,1.8766,8.35,266.2,-13.659,-91.306,1,1,1
17866953,16610,1,0.150,57.30,57.30,59.45,52.75,0.583,0.591,53635,48970,2.0569,1.8780,8.36,275.8,-9.573,-91.405,1,1,1
17876956,16620,1,0.150,57.30,57.30,57.83,51.71,0.586,0.593,53674,49005,2.0584,1.8793,8.36,267.2,-2.500,-91.432,1,1,1
17886962,16630,1,0.150,57.30,57.30,63.49,51.40,0.573,0.593,53719,49040,2.0601,1.8807,8.37,277.2,-2.195,-91.457,1,1,1
17896968,16640,1,0.150,57.30,57.30,61.09,53.36,0.579,0.590,53760,49077,2.0617,1.8821,8.35,262.5,-5.000,-91.510,1,1,1
17906977,16650,1,0.150,57.30,57.30,65.49,52.92,0.568,0.590,53806,49113,2.0634,1.8835,8.36,270.5,-9.634,-91.609,1,1,1
17916977,16660,1,0.150,57.30,57.30,62.71,51.77,0.573,0.593,53848,49148,2.0650,1.8848,8.36,265.0,-11.220,-91.724,1,1,1
17926977,16670,1,0.150,57.30,57.30,58.80,48.34,0.582,0.601,53887,49180,2.0665,1.8860,8.35,265.5,-6.159,-91.788,1,1,1
17936979,16680,1,0.150,57.30,57.30,59.68,53.47,0.579,0.590,53928,49218,2.0681,1.8875,8.36,281.5,-3.476,-91.826,1,1,1
17946979,16690,1,0.150,57.30,57.30,62.00,49.88,0.574,0.597,53971,49251,2.0698,1.8888,8.35,267.5,-4.634,-91.875,1,1,1
17956984,16700,1,0.150,57.30,57.30,63.72,53.93,0.570,0.589,54015,49289,2.0714,1.8902,8.36,277.2,-7.256,-91.950,1,1,1
17966998,16710,1,0.150,57.30,57.30,66.28,53.09,0.565,0.591,54061,49325,2.0732,1.8916,8.36,259.5,-11.951,-92.072,1,1,1
17977001,16721,1,0.150,57.30,57.30,63.98,51.82,0.571,0.594,54104,49360,2.0749,1.8929,8.34,262.5,-12.805,-92.203,1,1,1
17987009,16731,1,0.150,57.30,57.30,59.18,51.43,0.578,0.593,54143,49395,2.0764,1.8943,8.38,272.8,-6.768,-92.274,1,1,1
17997014,16741,1,0.150,57.30,57.30,56.72,50.29,0.584,0.596,54181,49429,2.0778,1.8956,8.36,267.5,-1.220,-92.289,1,1,1
18007028,16751,1,0.150,57.30,57.30,57.01,52.00,0.584,0.593,54220,49465,2.0793,1.8970,8.35,277.0,0.305,-92.288,1,1,1
18017038,16761,1,0.150,57.30,57.30,59.14,49.44,0.579,0.598,54261,49498,2.0809,1.8982,8.35,274.0,-1.768,-92.309,1,1,1
18027044,16771,1,0.150,57.30,57.30,59.78,52.77,0.578,0.591,54302,49535,2.0825,1.8996,8.36,272.0,-6.402,-92.375,1,1,1
18037047,16781,1,0.150,57.30,57.30,57.93,50.69,0.582,0.596,54341,49569,2.0840,1.9009,8.35,277.5,-6.098,-92.439,1,1,1
18047047,16791,1,0.150,57.30,57.30,57.37,52.12,0.583,0.593,54380,49605,2.0854,1.9023,8.35,274.8,-2.073,-92.463,1,1,1
18057059,16801,1,0.150,57.30,57.30,58.23,51.53,0.581,0.593,54420,49640,2.0870,1.9037,8.36,277.8,-0.488,-92.470,1,1,1
18067070,16811,1,0.150,57.30,57.30,58.48,52.37,0.581,0.593,54460,49676,2.0885,1.9051,8.34,265.5,-1.524,-92.488,1,1,1
18077079,16821,1,0.150,57.30,57.30,57.54,50.57,0.582,0.596,54499,49710,2.0900,1.9064,8.36,274.5,-6.585,-92.557,1,1,1
18087090,16831,1,0.150,57.30,57.30,53.15,51.06,0.592,0.595,54534,49745,2.0914,1.9077,8.36,270.2,-10.732,-92.667,1,1,1
