timestamp_us,elapsed_ms,state,cmd_vel_mps,target_rpm_l,target_rpm_r,meas_rpm_l,meas_rpm_r,pwm_duty_l,pwm_duty_r,steps_l,steps_r,dist_m_l,dist_m_r,vbus_v,current_ma,gyro_z_dps,yaw_deg,enc_l_valid,enc_r_valid,ina_valid
1307957,0,0,0.000,0.00,0.00,0.00,0.00,0.000,0.000,0,0,0.0000,0.0000,7.86,2.5,-0.061,0.000,1,1,1
1317960,10,0,0.000,0.00,0.00,0.00,0.00,0.000,0.000,0,0,0.0000,0.0000,7.86,2.5,0.000,0.000,1,1,1
1327972,20,0,0.000,0.00,0.00,0.00,0.00,0.000,0.000,0,0,0.0000,0.0000,7.85,2.5,0.000,0.000,1,1,1
1337982,30,0,0.000,0.00,0.00,0.00,0.00,0.000,0.000,0,0,0.0000,0.0000,7.85,2.5,-0.061,0.000,1,1,1
1347988,40,0,0.000,0.00,0.00,0.00,0.00,0.000,0.000,0,0,0.0000,0.0000,7.85,2.5,-0.061,0.000,1,1,1
1357997,50,0,0.000,0.00,0.00,0.00,0.00,0.000,0.000,0,0,0.0000,0.0000,7.85,2.5,-0.061,0.000,1,1,1
1368009,61,0,0.000,0.00,0.00,0.00,0.00,0.000,0.000,0,0,0.0000,0.0000,7.86,2.5,-0.061,0.000,1,1,1
1378012,71,0,0.000,0.00,0.00,0.00,0.00,0.000,0.000,0,0,0.0000,0.0000,7.85,2.8,-0.061,0.000,1,1,1
1388025,81,0,0.000,0.00,0.00,0.00,0.00,0.000,0.000,0,0,0.0000,0.0000,7.85,2.5,-0.122,0.000,1,1,1
1398025,91,0,0.000,0.00,0.00,0.00,0.00,0.000,0.000,0,0,0.0000,0.0000,7.85,2.8,-0.122,0.000,1,1,1
1408040,101,0,0.000,0.00,0.00,0.00,0.00,0.000,0.000,0,0,0.0000,0.0000,7.85,2.5,-0.061,0.000,1,1,1
1418043,111,0,0.000,0.00,0.00,0.00,0.00,0.000,0.000,0,0,0.0000,0.0000,7.85,2.5,-0.061,0.000,1,1,1
1428048,121,0,0.000,0.00,0.00,0.00,0.00,0.000,0.000,0,0,0.0000,0.0000,7.85,2.8,-0.122,0.000,1,1,1
1438058,131,0,0.000,0.00,0.00,0.00,0.00,0.000,0.000,0,0,0.0000,0.0000,7.85,2.5,-0.061,0.000,1,1,1
1448070,141,0,0.000,0.00,0.00,0.00,0.00,0.000,0.000,0,0,0.0000,0.0000,7.85,2.5,-0.061,0.000,1,1,1
1458073,151,0,0.000,0.00,0.00,0.00,0.00,0.000,0.000,0,0,0.0000,0.0000,7.85,2.5,-0.061,0.000,1,1,1
1468086,161,0,0.000,0.00,0.00,0.00,0.00,0.000,0.000,0,0,0.0000,0.0000,7.85,2.5,-0.061,0.000,1,1,1
1478096,171,0,0.000,0.00,0.00,0.00,0.00,0.000,0.000,0,0,0.0000,0.0000,7.85,2.8,-0.122,0.000,1,1,1
1488100,181,0,0.000,0.00,0.00,0.00,0.00,0.000,0.000,0,0,0.0000,0.0000,7.85,2.5,-0.122,0.000,1,1,1
1498100,191,0,0.000,0.00,0.00,0.00,0.00,0.000,0.000,0,0,0.0000,0.0000,7.85,2.5,-0.061,0.000,1,1,1
1508101,201,0,0.000,0.00,0.00,0.00,0.00,0.000,0.000,0,0,0.0000,0.0000,7.85,2.5,-0.061,0.000,1,1,1
1518103,211,0,0.000,0.00,0.00,0.00,0.00,0.000,0.000,0,0,0.0000,0.0000,7.85,2.5,-0.122,0.000,1,1,1
1528109,221,0,0.000,0.00,0.00,0.00,0.00,0.000,0.000,0,0,0.0000,0.0000,7.86,2.5,-0.122,0.000,1,1,1
1538109,231,0,0.000,0.00,0.00,0.00,0.00,0.000,0.000,0,0,0.0000,0.0000,7.85,2.5,-0.061,0.000,1,1,1
1548119,241,0,0.000,0.00,0.00,0.00,0.00,0.000,0.000,0,0,0.0000,0.0000,7.85,2.5,0.061,0.000,1,1,1
1558121,251,0,0.000,0.00,0.00,0.00,0.00,0.000,0.000,0,0,0.0000,0.0000,7.85,2.8,-0.061,0.000,1,1,1
1568121,261,0,0.000,0.00,0.00,0.00,0.00,0.000,0.000,0,0,0.0000,0.0000,7.85,2.5,-0.122,0.000,1,1,1
1578121,271,0,0.000,0.00,0.00,0.00,0.00,0.000,0.000,0,0,0.0000,0.0000,7.85,2.5,-0.061,0.000,1,1,1
1588133,281,0,0.000,0.00,0.00,0.00,0.00,0.000,0.000,0,0,0.0000,0.0000,7.85,2.5,0.000,0.000,1,1,1
1598133,291,0,0.000,0.00,0.00,0.00,0.00,0.000,0.000,0,0,0.0000,0.0000,7.85,2.8,-0.122,0.000,1,1,1
1608143,301,0,0.000,0.00,0.00,0.00,0.00,0.000,0.000,0,0,0.0000,0.0000,7.85,2.5,-0.061,0.000,1,1,1
1618156,311,0,0.000,0.00,0.00,0.00,0.00,0.000,0.000,0,0,0.0000,0.0000,7.85,2.8,-0.061,0.000,1,1,1
1628170,321,0,0.000,0.00,0.00,0.00,0.00,0.000,0.000,0,0,0.0000,0.0000,7.85,2.5,-0.061,0.000,1,1,1
1638178,331,0,0.000,0.00,0.00,0.00,0.00,0.000,0.000,0,0,0.0000,0.0000,7.86,2.5,-0.061,0.000,1,1,1
1648182,341,0,0.000,0.00,0.00,0.00,0.00,0.000,0.000,0,0,0.0000,0.0000,7.86,2.5,0.000,0.000,1,1,1
1658189,351,0,0.000,0.00,0.00,0.00,0.00,0.000,0.000,0,0,0.0000,0.0000,7.85,2.5,0.000,0.000,1,1,1
1668202,361,0,0.000,0.00,0.00,0.00,0.00,0.000,0.000,0,0,0.0000,0.0000,7.85,2.5,-0.061,0.000,1,1,1
1678212,371,0,0.000,0.00,0.00,0.00,0.00,0.000,0.000,0,0,0.0000,0.0000,7.85,2.5,0.000,0.000,1,1,1
1688212,381,0,0.000,0.00,0.00,0.00,0.00,0.000,0.000,0,0,0.0000,0.0000,7.85,2.8,-0.061,0.000,1,1,1
1698217,391,0,0.000,0.00,0.00,0.00,0.00,0.000,0.000,0,0,0.0000,0.0000,7.85,2.5,-0.061,0.000,1,1,1
1708217,401,0,0.000,0.00,0.00,0.00,0.00,0.000,0.000,0,0,0.0000,0.0000,7.85,2.5,-0.061,0.000,1,1,1
1718219,411,0,0.000,0.00,0.00,0.00,0.00,0.000,0.000,0,0,0.0000,0.0000,7.85,2.5,-0.061,0.000,1,1,1
1728224,421,0,0.000,0.00,0.00,0.00,0.00,0.000,0.000,0,0,0.0000,0.0000,7.84,2.5,-0.122,0.000,1,1,1
1738227,431,0,0.000,0.00,0.00,0.00,0.00,0.000,0.000,0,0,0.0000,0.0000,7.85,2.5,0.000,0.000,1,1,1
1748239,441,0,0.000,0.00,0.00,0.00,0.00,0.000,0.000,0,0,0.0000,0.0000,7.85,2.5,-0.061,0.000,1,1,1
1758243,451,0,0.000,0.00,0.00,0.00,0.00,0.000,0.000,0,0,0.0000,0.0000,7.85,2.5,-0.183,0.000,1,1,1
1768243,461,0,0.000,0.00,0.00,0.00,0.00,0.000,0.000,0,0,0.0000,0.0000,7.85,2.8,-0.122,0.000,1,1,1
1778243,471,0,0.000,0.00,0.00,0.00,0.00,0.000,0.000,0,0,0.0000,0.0000,7.85,2.8,-0.061,0.000,1,1,1
1788255,481,0,0.000,0.00,0.00,0.00,0.00,0.000,0.000,0,0,0.0000,0.0000,7.85,2.5,-0.061,0.000,1,1,1
1798269,491,0,0.000,0.00,0.00,0.00,0.00,0.000,0.000,0,0,0.0000,0.0000,7.85,2.5,-0.061,0.000,1,1,1
1808277,501,0,0.000,0.00,0.00,0.00,0.00,0.000,0.000,0,0,0.0000,0.0000,7.84,2.8,-0.122,0.000,1,1,1
1818277,511,0,0.000,0.00,0.00,0.00,0.00,0.000,0.000,0,0,0.0000,0.0000,7.85,2.5,-0.122,0.000,1,1,1
1828286,521,0,0.000,0.00,0.00,0.00,0.00,0.000,0.000,0,0,0.0000,0.0000,7.85,2.5,0.000,0.000,1,1,1
1838288,531,0,0.000,0.00,0.00,0.00,0.00,0.000,0.000,0,0,0.0000,0.0000,7.85,2.8,-0.061,0.000,1,1,1
1848288,541,0,0.000,0.00,0.00,0.00,0.00,0.000,0.000,0,0,0.0000,0.0000,7.85,2.5,-0.122,0.000,1,1,1
1858288,551,0,0.000,0.00,0.00,0.00,0.00,0.000,0.000,0,0,0.0000,0.0000,7.85,2.5,-0.061,0.000,1,1,1
1868293,561,0,0.000,0.00,0.00,0.00,0.00,0.000,0.000,0,0,0.0000,0.0000,7.85,2.8,-0.061,0.000,1,1,1
1878300,571,0,0.000,0.00,0.00,0.00,0.00,0.000,0.000,0,0,0.0000,0.0000,7.85,2.5,-0.122,0.000,1,1,1
1888308,581,0,0.000,0.00,0.00,0.00,0.00,0.000,0.000,0,0,0.0000,0.0000,7.85,2.5,0.000,0.000,1,1,1
1898316,591,0,0.000,0.00,0.00,0.00,0.00,0.000,0.000,0,0,0.0000,0.0000,7.85,2.8,-0.061,0.000,1,1,1
1908323,601,0,0.000,0.00,0.00,0.00,0.00,0.000,0.000,0,0,0.0000,0.0000,7.85,2.5,-0.183,0.000,1,1,1
1918326,611,0,0.000,0.00,0.00,0.00,0.00,0.000,0.000,0,0,0.0000,0.0000,7.85,2.5,-0.061,0.000,1,1,1
1928333,621,0,0.000,0.00,0.00,0.00,0.00,0.000,0.000,0,0,0.0000,0.0000,7.85,2.5,0.000,0.000,1,1,1
1938333,631,0,0.000,0.00,0.00,0.00,0.00,0.000,0.000,0,0,0.0000,0.0000,7.85,2.5,-0.061,0.000,1,1,1
1948341,641,0,0.000,0.00,0.00,0.00,0.00,0.000,0.000,0,0,0.0000,0.0000,7.85,2.8,-0.061,0.000,1,1,1
1958353,651,0,0.000,0.00,0.00,0.00,0.00,0.000,0.000,0,0,0.0000,0.0000,7.85,2.5,-0.061,0.000,1,1,1
1968353,661,0,0.000,0.00,0.00,0.00,0.00,0.000,0.000,0,0,0.0000,0.0000,7.85,2.5,-0.061,0.000,1,1,1
1978360,671,0,0.000,0.00,0.00,0.00,0.00,0.000,0.000,0,0,0.0000,0.0000,7.85,2.5,-0.122,0.000,1,1,1
1988360,681,0,0.000,0.00,0.00,0.00,0.00,0.000,0.000,0,0,0.0000,0.0000,7.85,2.5,-0.061,0.000,1,1,1
1998368,691,0,0.000,0.00,0.00,0.00,0.00,0.000,0.000,0,0,0.0000,0.0000,7.85,2.5,-0.061,0.000,1,1,1
2008379,701,0,0.000,0.00,0.00,0.00,0.00,0.000,0.000,0,0,0.0000,0.0000,7.85,2.5,-0.061,0.000,1,1,1
2018386,711,0,0.000,0.00,0.00,0.00,0.00,0.000,0.000,0,0,0.0000,0.0000,7.85,2.5,-0.061,0.000,1,1,1
2028394,721,0,0.000,0.00,0.00,0.00,0.00,0.000,0.000,0,0,0.0000,0.0000,7.86,2.5,-0.061,0.000,1,1,1
2038401,731,0,0.000,0.00,0.00,0.00,0.00,0.000,0.000,0,0,0.0000,0.0000,7.85,2.5,0.000,0.000,1,1,1
2048413,741,0,0.000,0.00,0.00,0.00,0.00,0.000,0.000,0,0,0.0000,0.0000,7.85,2.5,0.000,0.000,1,1,1
2058414,751,0,0.000,0.00,0.00,0.00,0.00,0.000,0.000,0,0,0.0000,0.0000,7.86,2.5,0.000,0.000,1,1,1
2068422,761,0,0.000,0.00,0.00,0.00,0.00,0.000,0.000,0,0,0.0000,0.0000,7.85,2.5,-0.061,0.000,1,1,1
2078424,771,0,0.000,0.00,0.00,0.00,0.00,0.000,0.000,0,0,0.0000,0.0000,7.85,2.5,-0.122,0.000,1,1,1
2088431,781,0,0.000,0.00,0.00,0.00,0.00,0.000,0.000,0,0,0.0000,0.0000,7.85,2.5,-0.061,0.000,1,1,1
2098431,791,0,0.000,0.00,0.00,0.00,0.00,0.000,0.000,0,0,0.0000,0.0000,7.85,2.5,-0.122,0.000,1,1,1
2108440,801,0,0.000,0.00,0.00,0.00,0.00,0.000,0.000,0,0,0.0000,0.0000,7.85,2.5,-0.122,0.000,1,1,1
2118444,811,0,0.000,0.00,0.00,0.00,0.00,0.000,0.000,0,0,0.0000,0.0000,7.85,2.5,-0.061,0.000,1,1,1
2128453,821,0,0.000,0.00,0.00,0.00,0.00,0.000,0.000,0,0,0.0000,0.0000,7.85,2.5,-0.061,0.000,1,1,1
2138462,831,0,0.000,0.00,0.00,0.00,0.00,0.000,0.000,0,0,0.0000,0.0000,7.85,2.5,-0.122,0.000,1,1,1
2148474,841,0,0.000,0.00,0.00,0.00,0.00,0.000,0.000,0,0,0.0000,0.0000,7.85,2.5,-0.122,0.000,1,1,1
2158475,851,0,0.000,0.00,0.00,0.00,0.00,0.000,0.000,0,0,0.0000,0.0000,7.85,2.5,-0.122,0.000,1,1,1
2168477,861,0,0.000,0.00,0.00,0.00,0.00,0.000,0.000,0,0,0.0000,0.0000,7.85,2.8,-0.061,0.000,1,1,1
2178490,871,0,0.000,0.00,0.00,0.00,0.00,0.000,0.000,0,0,0.0000,0.0000,7.85,2.5,-0.122,0.000,1,1,1
2188492,881,0,0.000,0.00,0.00,0.00,0.00,0.000,0.000,0,0,0.0000,0.0000,7.85,2.5,-0.061,0.000,1,1,1
2198498,891,0,0.000,0.00,0.00,0.00,0.00,0.000,0.000,0,0,0.0000,0.0000,7.85,2.5,0.000,0.000,1,1,1
2208505,901,0,0.000,0.00,0.00,0.00,0.00,0.000,0.000,0,0,0.0000,0.0000,7.85,2.5,-0.061,0.000,1,1,1
2218513,911,0,0.000,0.00,0.00,0.00,0.00,0.000,0.000,0,0,0.0000,0.0000,7.85,2.5,-0.183,0.000,1,1,1
2228515,921,0,0.000,0.00,0.00,0.00,0.00,0.000,0.000,0,0,0.0000,0.0000,7.84,2.5,-0.122,0.000,1,1,1
2238520,931,0,0.000,0.00,0.00,0.00,0.00,0.000,0.000,0,0,0.0000,0.0000,7.85,2.5,-0.061,0.000,1,1,1
2248531,941,0,0.000,0.00,0.00,0.00,0.00,0.000,0.000,0,0,0.0000,0.0000,7.85,2.8,0.000,0.000,1,1,1
2258535,951,0,0.000,0.00,0.00,0.00,0.00,0.000,0.000,0,0,0.0000,0.0000,7.85,2.5,-0.061,0.000,1,1,1
2268549,961,0,0.000,0.00,0.00,0.00,0.00,0.000,0.000,0,0,0.0000,0.0000,7.85,2.5,-0.122,0.000,1,1,1
2278550,971,0,0.000,0.00,0.00,0.00,0.00,0.000,0.000,0,0,0.0000,0.0000,7.85,2.5,-0.122,0.000,1,1,1
2288557,981,0,0.000,0.00,0.00,0.00,0.00,0.000,0.000,0,0,0.0000,0.0000,7.85,2.5,-0.061,0.000,1,1,1
2298559,991,0,0.000,0.00,0.00,0.00,0.00,0.000,0.000,0,0,0.0000,0.0000,7.85,2.5,0.000,0.000,1,1,1
2308565,1001,0,0.000,0.00,0.00,0.00,0.00,0.000,0.000,0,0,0.0000,0.0000,7.84,2.8,-0.122,0.000,1,1,1
2318568,1011,0,0.000,0.00,0.00,0.00,0.00,0.000,0.000,0,0,0.0000,0.0000,7.85,2.5,-0.061,0.000,1,1,1
2328568,1021,0,0.000,0.00,0.00,0.00,0.00,0.000,0.000,0,0,0.0000,0.0000,7.85,2.5,0.000,0.000,1,1,1
2338580,1031,0,0.000,0.00,0.00,0.00,0.00,0.000,0.000,0,0,0.0000,0.0000,7.85,2.5,-0.061,0.000,1,1,1
2348580,1041,0,0.000,0.00,0.00,0.00,0.00,0.000,0.000,0,0,0.0000,0.0000,7.85,2.5,0.000,0.000,1,1,1
2358583,1051,0,0.000,0.00,0.00,0.00,0.00,0.000,0.000,0,0,0.0000,0.0000,7.85,2.5,-0.122,0.000,1,1,1
2368583,1061,0,0.000,0.00,0.00,0.00,0.00,0.000,0.000,0,0,0.0000,0.0000,7.85,2.5,-0.122,0.000,1,1,1
2378583,1071,0,0.000,0.00,0.00,0.00,0.00,0.000,0.000,0,0,0.0000,0.0000,7.85,2.5,-0.122,0.000,1,1,1
2388583,1081,0,0.000,0.00,0.00,0.00,0.00,0.000,0.000,0,0,0.0000,0.0000,7.85,2.8,-0.122,0.000,1,1,1
2398591,1091,0,0.000,0.00,0.00,0.00,0.00,0.000,0.000,0,0,0.0000,0.0000,7.85,2.5,-0.122,0.000,1,1,1
2408591,1101,0,0.000,0.00,0.00,0.00,0.00,0.000,0.000,0,0,0.0000,0.0000,7.86,2.5,0.000,0.000,1,1,1
2418604,1111,0,0.000,0.00,0.00,0.00,0.00,0.000,0.000,0,0,0.0000,0.0000,7.85,2.5,0.000,0.000,1,1,1
2428606,1121,0,0.000,0.00,0.00,0.00,0.00,0.000,0.000,0,0,0.0000,0.0000,7.85,2.8,-0.061,0.000,1,1,1
2438606,1131,0,0.000,0.00,0.00,0.00,0.00,0.000,0.000,0,0,0.0000,0.0000,7.85,2.5,0.000,0.000,1,1,1
2448624,1141,0,0.000,0.00,0.00,0.00,0.00,0.000,0.000,0,0,0.0000,0.0000,7.85,2.5,-0.061,0.000,1,1,1
2458633,1151,0,0.000,0.00,0.00,0.00,0.00,0.000,0.000,0,0,0.0000,0.0000,7.85,2.5,-0.122,0.000,1,1,1
2468639,1161,0,0.000,0.00,0.00,0.00,0.00,0.000,0.000,0,0,0.0000,0.0000,7.85,2.5,-0.122,0.000,1,1,1
2478639,1171,0,0.000,0.00,0.00,0.00,0.00,0.000,0.000,0,0,0.0000,0.0000,7.85,2.5,-0.122,0.000,1,1,1
2488648,1181,0,0.000,0.00,0.00,0.00,0.00,0.000,0.000,0,0,0.0000,0.0000,7.85,2.2,-0.061,0.000,1,1,1
2498661,1191,0,0.000,0.00,0.00,0.00,0.00,0.000,0.000,0,0,0.0000,0.0000,7.85,2.5,-0.122,0.000,1,1,1
2508661,1201,0,0.000,0.00,0.00,0.00,0.00,0.000,0.000,0,0,0.0000,0.0000,7.85,2.5,-0.061,0.000,1,1,1
2518661,1211,0,0.000,0.00,0.00,0.00,0.00,0.000,0.000,0,0,0.0000,0.0000,7.85,2.5,-0.061,0.000,1,1,1
2528661,1221,0,0.000,0.00,0.00,0.00,0.00,0.000,0.000,0,0,0.0000,0.0000,7.85,2.8,-0.122,0.000,1,1,1
2538669,1231,0,0.000,0.00,0.00,0.00,0.00,0.000,0.000,0,0,0.0000,0.0000,7.85,2.8,-0.122,0.000,1,1,1
2548672,1241,0,0.000,0.00,0.00,0.00,0.00,0.000,0.000,0,0,0.0000,0.0000,7.86,2.8,-0.061,0.000,1,1,1
2558684,1251,0,0.000,0.00,0.00,0.00,0.00,0.000,0.000,0,0,0.0000,0.0000,7.85,2.5,0.000,0.000,1,1,1
2568691,1261,0,0.000,0.00,0.00,0.00,0.00,0.000,0.000,0,0,0.0000,0.0000,7.86,2.5,-0.061,0.000,1,1,1
2578699,1271,0,0.000,0.00,0.00,0.00,0.00,0.000,0.000,0,0,0.0000,0.0000,7.85,2.5,-0.061,0.000,1,1,1
2588706,1281,0,0.000,0.00,0.00,0.00,0.00,0.000,0.000,0,0,0.0000,0.0000,7.85,2.8,-0.122,0.000,1,1,1
2598709,1291,0,0.000,0.00,0.00,0.00,0.00,0.000,0.000,0,0,0.0000,0.0000,7.86,2.5,-0.061,0.000,1,1,1
2608717,1301,0,0.000,0.00,0.00,0.00,0.00,0.000,0.000,0,0,0.0000,0.0000,7.85,2.5,-0.061,0.000,1,1,1
2618722,1311,0,0.000,0.00,0.00,0.00,0.00,0.000,0.000,0,0,0.0000,0.0000,7.85,2.5,-0.122,0.000,1,1,1
2628736,1321,0,0.000,0.00,0.00,0.00,0.00,0.000,0.000,0,0,0.0000,0.0000,7.85,2.8,-0.122,0.000,1,1,1
2638739,1331,0,0.000,0.00,0.00,0.00,0.00,0.000,0.000,0,0,0.0000,0.0000,7.85,2.5,-0.061,0.000,1,1,1
2648752,1341,0,0.000,0.00,0.00,0.00,0.00,0.000,0.000,0,0,0.0000,0.0000,7.85,2.5,-0.122,0.000,1,1,1
2658752,1351,0,0.000,0.00,0.00,0.00,0.00,0.000,0.000,0,0,0.0000,0.0000,7.86,2.5,-0.061,0.000,1,1,1
2668763,1361,0,0.000,0.00,0.00,0.00,0.00,0.000,0.000,0,0,0.0000,0.0000,7.85,2.5,-0.061,0.000,1,1,1
2678763,1371,0,0.000,0.00,0.00,0.00,0.00,0.000,0.000,0,0,0.0000,0.0000,7.85,2.5,-0.122,0.000,1,1,1
2688767,1381,0,0.000,0.00,0.00,0.00,0.00,0.000,0.000,0,0,0.0000,0.0000,7.85,2.5,0.000,0.000,1,1,1
2698767,1391,0,0.000,0.00,0.00,0.00,0.00,0.000,0.000,0,0,0.0000,0.0000,7.85,2.5,-0.122,0.000,1,1,1
2708770,1401,0,0.000,0.00,0.00,0.00,0.00,0.000,0.000,0,0,0.0000,0.0000,7.85,2.5,-0.122,0.000,1,1,1
2718770,1411,0,0.000,0.00,0.00,0.00,0.00,0.000,0.000,0,0,0.0000,0.0000,7.85,2.5,-0.061,0.000,1,1,1
2728770,1421,0,0.000,0.00,0.00,0.00,0.00,0.000,0.000,0,0,0.0000,0.0000,7.84,2.5,0.000,0.000,1,1,1
2738775,1431,0,0.000,0.00,0.00,0.00,0.00,0.000,0.000,0,0,0.0000,0.0000,7.86,2.5,-0.122,0.000,1,1,1
2748783,1441,0,0.000,0.00,0.00,0.00,0.00,0.000,0.000,0,0,0.0000,0.0000,7.85,2.5,-0.122,0.000,1,1,1
2758785,1451,0,0.000,0.00,0.00,0.00,0.00,0.000,0.000,0,0,0.0000,0.0000,7.85,2.5,-0.122,0.000,1,1,1
2768793,1461,0,0.000,0.00,0.00,0.00,0.00,0.000,0.000,0,0,0.0000,0.0000,7.85,2.8,-0.061,0.000,1,1,1
2778798,1471,0,0.000,0.00,0.00,0.00,0.00,0.000,0.000,0,0,0.0000,0.0000,7.85,2.8,-0.122,0.000,1,1,1
2788800,1481,0,0.000,0.00,0.00,0.00,0.00,0.000,0.000,0,0,0.0000,0.0000,7.85,2.2,-0.061,0.000,1,1,1
2798813,1491,0,0.000,0.00,0.00,0.00,0.00,0.000,0.000,0,0,0.0000,0.0000,7.85,2.5,0.000,0.000,1,1,1
2808813,1501,0,0.000,0.00,0.00,0.00,0.00,0.000,0.000,0,0,0.0000,0.0000,7.84,2.8,0.000,0.000,1,1,1
2818827,1511,0,0.000,0.00,0.00,0.00,0.00,0.000,0.000,0,0,0.0000,0.0000,7.85,2.5,-0.061,0.000,1,1,1
2828827,1521,0,0.000,0.00,0.00,0.00,0.00,0.000,0.000,0,0,0.0000,0.0000,7.85,2.5,-0.061,0.000,1,1,1
2838835,1531,0,0.000,0.00,0.00,0.00,0.00,0.000,0.000,0,0,0.0000,0.0000,7.85,2.5,-0.122,0.000,1,1,1
2848836,1541,0,0.000,0.00,0.00,0.00,0.00,0.000,0.000,0,0,0.0000,0.0000,7.85,2.5,-0.183,0.000,1,1,1
2858836,1551,0,0.000,0.00,0.00,0.00,0.00,0.000,0.000,0,0,0.0000,0.0000,7.85,2.8,-0.183,0.000,1,1,1
2868846,1561,0,0.000,0.00,0.00,0.00,0.00,0.000,0.000,0,0,0.0000,0.0000,7.85,2.8,-0.061,0.000,1,1,1
2878858,1571,0,0.000,0.00,0.00,0.00,0.00,0.000,0.000,0,0,0.0000,0.0000,7.86,2.5,0.000,0.000,1,1,1
2888869,1581,0,0.000,0.00,0.00,0.00,0.00,0.000,0.000,0,0,0.0000,0.0000,7.85,2.5,-0.061,0.000,1,1,1
2898869,1591,0,0.000,0.00,0.00,0.00,0.00,0.000,0.000,0,0,0.0000,0.0000,7.85,2.5,0.000,0.000,1,1,1
2908876,1601,0,0.000,0.00,0.00,0.00,0.00,0.000,0.000,0,0,0.0000,0.0000,7.85,2.5,-0.061,0.000,1,1,1
2918889,1611,0,0.000,0.00,0.00,0.00,0.00,0.000,0.000,0,0,0.0000,0.0000,7.85,2.5,-0.061,0.000,1,1,1
2928889,1621,0,0.000,0.00,0.00,0.00,0.00,0.000,0.000,0,0,0.0000,0.0000,7.85,2.5,-0.061,0.000,1,1,1
2938897,1631,0,0.000,0.00,0.00,0.00,0.00,0.000,0.000,0,0,0.0000,0.0000,7.85,2.8,-0.061,0.000,1,1,1
2948906,1641,0,0.000,0.00,0.00,0.00,0.00,0.000,0.000,0,0,0.0000,0.0000,7.86,2.5,-0.061,0.000,1,1,1
2958919,1651,0,0.000,0.00,0.00,0.00,0.00,0.000,0.000,0,0,0.0000,0.0000,7.85,2.5,-0.061,0.000,1,1,1
2968919,1661,0,0.000,0.00,0.00,0.00,0.00,0.000,0.000,0,0,0.0000,0.0000,7.85,2.5,0.000,0.000,1,1,1
2978919,1671,0,0.000,0.00,0.00,0.00,0.00,0.000,0.000,0,0,0.0000,0.0000,7.85,2.5,0.000,0.000,1,1,1
2988927,1681,0,0.000,0.00,0.00,0.00,0.00,0.000,0.000,0,0,0.0000,0.0000,7.85,2.5,-0.061,0.000,1,1,1
2998934,1691,0,0.000,0.00,0.00,0.00,0.00,0.000,0.000,0,0,0.0000,0.0000,7.85,2.5,-0.061,0.000,1,1,1
3008942,1701,0,0.000,0.00,0.00,0.00,0.00,0.000,0.000,0,0,0.0000,0.0000,7.85,2.5,0.000,0.000,1,1,1
3018949,1711,0,0.000,0.00,0.00,0.00,0.00,0.000,0.000,0,0,0.0000,0.0000,7.85,2.5,-0.183,0.000,1,1,1
3028952,1721,0,0.000,0.00,0.00,0.00,0.00,0.000,0.000,0,0,0.0000,0.0000,7.85,2.5,-0.122,0.000,1,1,1
3038952,1731,0,0.000,0.00,0.00,0.00,0.00,0.000,0.000,0,0,0.0000,0.0000,7.85,2.5,-0.183,0.000,1,1,1
3048952,1741,0,0.000,0.00,0.00,0.00,0.00,0.000,0.000,0,0,0.0000,0.0000,7.86,2.8,-0.183,0.000,1,1,1
3058952,1751,0,0.000,0.00,0.00,0.00,0.00,0.000,0.000,0,0,0.0000,0.0000,7.85,2.8,-0.061,0.000,1,1,1
3068964,1761,0,0.000,0.00,0.00,0.00,0.00,0.000,0.000,0,0,0.0000,0.0000,7.85,2.5,-0.061,0.000,1,1,1
3078964,1771,0,0.000,0.00,0.00,0.00,0.00,0.000,0.000,0,0,0.0000,0.0000,7.85,2.5,-0.061,0.000,1,1,1
3088971,1781,0,0.000,0.00,0.00,0.00,0.00,0.000,0.000,0,0,0.0000,0.0000,7.85,2.5,-0.122,0.000,1,1,1
3098972,1791,0,0.000,0.00,0.00,0.00,0.00,0.000,0.000,0,0,0.0000,0.0000,7.85,2.5,-0.122,0.000,1,1,1
3108980,1801,0,0.000,0.00,0.00,0.00,0.00,0.000,0.000,0,0,0.0000,0.0000,7.85,2.5,-0.122,0.000,1,1,1
3118990,1811,0,0.000,0.00,0.00,0.00,0.00,0.000,0.000,0,0,0.0000,0.0000,7.85,2.5,0.000,0.000,1,1,1
3129003,1822,0,0.000,0.00,0.00,0.00,0.00,0.000,0.000,0,0,0.0000,0.0000,7.85,2.8,0.000,0.000,1,1,1
3139012,1832,0,0.000,0.00,0.00,0.00,0.00,0.000,0.000,0,0,0.0000,0.0000,7.85,2.8,-0.061,0.000,1,1,1
3149018,1842,0,0.000,0.00,0.00,0.00,0.00,0.000,0.000,0,0,0.0000,0.0000,7.85,2.5,0.000,0.000,1,1,1
3159032,1852,0,0.000,0.00,0.00,0.00,0.00,0.000,0.000,0,0,0.0000,0.0000,7.86,2.5,-0.061,0.000,1,1,1
3169043,1862,0,0.000,0.00,0.00,0.00,0.00,0.000,0.000,0,0,0.0000,0.0000,7.85,2.5,-0.061,0.000,1,1,1
3179043,1872,0,0.000,0.00,0.00,0.00,0.00,0.000,0.000,0,0,0.0000,0.0000,7.85,2.5,-0.122,0.000,1,1,1
3189048,1882,0,0.000,0.00,0.00,0.00,0.00,0.000,0.000,0,0,0.0000,0.0000,7.85,2.5,-0.061,0.000,1,1,1
3199051,1892,0,0.000,0.00,0.00,0.00,0.00,0.000,0.000,0,0,0.0000,0.0000,7.85,2.8,-0.061,0.000,1,1,1
3209058,1902,0,0.000,0.00,0.00,0.00,0.00,0.000,0.000,0,0,0.0000,0.0000,7.85,2.5,-0.061,0.000,1,1,1
3219071,1912,0,0.000,0.00,0.00,0.00,0.00,0.000,0.000,0,0,0.0000,0.0000,7.85,2.5,-0.061,0.000,1,1,1
3229079,1922,0,0.000,0.00,0.00,0.00,0.00,0.000,0.000,0,0,0.0000,0.0000,7.84,2.5,-0.061,0.000,1,1,1
3239081,1932,0,0.000,0.00,0.00,0.00,0.00,0.000,0.000,0,0,0.0000,0.0000,7.85,2.5,-0.061,0.000,1,1,1
3249094,1942,0,0.000,0.00,0.00,0.00,0.00,0.000,0.000,0,0,0.0000,0.0000,7.85,2.5,-0.061,0.000,1,1,1
3259096,1952,0,0.000,0.00,0.00,0.00,0.00,0.000,0.000,0,0,0.0000,0.0000,7.85,2.5,-0.061,0.000,1,1,1
3269096,1962,0,0.000,0.00,0.00,0.00,0.00,0.000,0.000,0,0,0.0000,0.0000,7.85,2.5,-0.061,0.000,1,1,1
3279109,1972,0,0.000,0.00,0.00,0.00,0.00,0.000,0.000,0,0,0.0000,0.0000,7.85,2.5,-0.061,0.000,1,1,1
3289112,1982,0,0.000,0.00,0.00,0.00,0.00,0.000,0.000,0,0,0.0000,0.0000,7.85,2.5,-0.061,0.000,1,1,1
3299118,1992,0,0.000,0.00,0.00,0.00,0.00,0.000,0.000,0,0,0.0000,0.0000,7.85,2.5,-0.122,0.000,1,1,1
3309121,2002,0,0.000,0.00,0.00,0.00,0.00,0.000,0.000,0,0,0.0000,0.0000,7.84,2.8,-0.061,0.000,1,1,1
3319126,2012,0,0.000,0.00,0.00,0.00,0.00,0.000,0.000,0,0,0.0000,0.0000,7.85,2.5,-0.061,0.000,1,1,1
3329134,2022,0,0.000,0.00,0.00,0.00,0.00,0.000,0.000,0,0,0.0000,0.0000,7.85,2.5,0.000,0.000,1,1,1
3339134,2032,0,0.000,0.00,0.00,0.00,0.00,0.000,0.000,0,0,0.0000,0.0000,7.85,2.5,-0.122,0.000,1,1,1
3349134,2042,0,0.000,0.00,0.00,0.00,0.00,0.000,0.000,0,0,0.0000,0.0000,7.85,2.8,-0.061,0.000,1,1,1
3359143,2052,0,0.000,0.00,0.00,0.00,0.00,0.000,0.000,0,0,0.0000,0.0000,7.85,2.8,-0.122,0.000,1,1,1
3369155,2062,0,0.000,0.00,0.00,0.00,0.00,0.000,0.000,0,0,0.0000,0.0000,7.85,2.5,-0.122,0.000,1,1,1
3379163,2072,0,0.000,0.00,0.00,0.00,0.00,0.000,0.000,0,0,0.0000,0.0000,7.85,2.5,0.000,0.000,1,1,1
3389164,2082,0,0.000,0.00,0.00,0.00,0.00,0.000,0.000,0,0,0.0000,0.0000,7.85,2.5,-0.061,0.000,1,1,1
3399164,2092,0,0.000,0.00,0.00,0.00,0.00,0.000,0.000,0,0,0.0000,0.0000,7.85,2.2,-0.122,0.000,1,1,1
3409167,2102,0,0.000,0.00,0.00,0.00,0.00,0.000,0.000,0,0,0.0000,0.0000,7.85,2.8,0.000,0.000,1,1,1
3419167,2112,0,0.000,0.00,0.00,0.00,0.00,0.000,0.000,0,0,0.0000,0.0000,7.85,2.5,-0.061,0.000,1,1,1
3429167,2122,0,0.000,0.00,0.00,0.00,0.00,0.000,0.000,0,0,0.0000,0.0000,7.85,2.5,-0.061,0.000,1,1,1
3439180,2132,0,0.000,0.00,0.00,0.00,0.00,0.000,0.000,0,0,0.0000,0.0000,7.85,2.5,-0.061,0.000,1,1,1
3449180,2142,0,0.000,0.00,0.00,0.00,0.00,0.000,0.000,0,0,0.0000,0.0000,7.85,2.5,0.000,0.000,1,1,1
3459182,2152,0,0.000,0.00,0.00,0.00,0.00,0.000,0.000,0,0,0.0000,0.0000,7.85,2.5,-0.061,0.000,1,1,1
3469189,2162,0,0.000,0.00,0.00,0.00,0.00,0.000,0.000,0,0,0.0000,0.0000,7.85,2.5,-0.061,0.000,1,1,1
3479195,2172,0,0.000,0.00,0.00,0.00,0.00,0.000,0.000,0,0,0.0000,0.0000,7.85,2.5,-0.061,0.000,1,1,1
3489204,2182,0,0.000,0.00,0.00,0.00,0.00,0.000,0.000,0,0,0.0000,0.0000,7.85,2.5,-0.061,0.000,1,1,1
3499217,2192,0,0.000,0.00,0.00,0.00,0.00,0.000,0.000,0,0,0.0000,0.0000,7.85,2.5,0.000,0.000,1,1,1
3509227,2202,0,0.000,0.00,0.00,0.00,0.00,0.000,0.000,0,0,0.0000,0.0000,7.85,2.5,0.000,0.000,1,1,1
3519227,2212,0,0.000,0.00,0.00,0.00,0.00,0.000,0.000,0,0,0.0000,0.0000,7.85,2.8,-0.122,0.000,1,1,1
3529231,2222,0,0.000,0.00,0.00,0.00,0.00,0.000,0.000,0,0,0.0000,0.0000,7.85,2.8,-0.061,0.000,1,1,1
3539240,2232,0,0.000,0.00,0.00,0.00,0.00,0.000,0.000,0,0,0.0000,0.0000,7.85,2.5,0.000,0.000,1,1,1
3549240,2242,0,0.000,0.00,0.00,0.00,0.00,0.000,0.000,0,0,0.0000,0.0000,7.86,2.8,0.000,0.000,1,1,1
3559249,2252,0,0.000,0.00,0.00,0.00,0.00,0.000,0.000,0,0,0.0000,0.0000,7.86,2.5,-0.061,0.000,1,1,1
3569255,2262,0,0.000,0.00,0.00,0.00,0.00,0.000,0.000,0,0,0.0000,0.0000,7.85,2.5,-0.122,0.000,1,1,1
3579262,2272,0,0.000,0.00,0.00,0.00,0.00,0.000,0.000,0,0,0.0000,0.0000,7.85,2.5,0.000,0.000,1,1,1
3589273,2282,0,0.000,0.00,0.00,0.00,0.00,0.000,0.000,0,0,0.0000,0.0000,7.85,2.5,0.061,0.000,1,1,1
3599277,2292,0,0.000,0.00,0.00,0.00,0.00,0.000,0.000,0,0,0.0000,0.0000,7.85,2.5,-0.061,0.000,1,1,1
3609277,2302,0,0.000,0.00,0.00,0.00,0.00,0.000,0.000,0,0,0.0000,0.0000,7.85,2.5,-0.122,0.000,1,1,1
3619286,2312,0,0.000,0.00,0.00,0.00,0.00,0.000,0.000,0,0,0.0000,0.0000,7.85,2.5,0.000,0.000,1,1,1
3629286,2322,0,0.000,0.00,0.00,0.00,0.00,0.000,0.000,0,0,0.0000,0.0000,7.85,2.5,-0.061,0.000,1,1,1
3639288,2332,0,0.000,0.00,0.00,0.00,0.00,0.000,0.000,0,0,0.0000,0.0000,7.85,2.5,-0.061,0.000,1,1,1
3649288,2342,0,0.000,0.00,0.00,0.00,0.00,0.000,0.000,0,0,0.0000,0.0000,7.85,2.8,-0.061,0.000,1,1,1
3659299,2352,0,0.000,0.00,0.00,0.00,0.00,0.000,0.000,0,0,0.0000,0.0000,7.85,2.5,-0.061,0.000,1,1,1
3669310,2362,0,0.000,0.00,0.00,0.00,0.00,0.000,0.000,0,0,0.0000,0.0000,7.85,2.5,0.000,0.000,1,1,1
3679323,2372,0,0.000,0.00,0.00,0.00,0.00,0.000,0.000,0,0,0.0000,0.0000,7.85,2.8,-0.061,0.000,1,1,1
3689333,2382,0,0.000,0.00,0.00,0.00,0.00,0.000,0.000,0,0,0.0000,0.0000,7.85,2.8,-0.122,0.000,1,1,1
3699346,2392,0,0.000,0.00,0.00,0.00,0.00,0.000,0.000,0,0,0.0000,0.0000,7.85,2.8,-0.122,0.000,1,1,1
3709353,2402,0,0.000,0.00,0.00,0.00,0.00,0.000,0.000,0,0,0.0000,0.0000,7.85,2.5,-0.061,0.000,1,1,1
3719364,2412,0,0.000,0.00,0.00,0.00,0.00,0.000,0.000,0,0,0.0000,0.0000,7.85,2.5,-0.061,0.000,1,1,1
3729375,2422,0,0.000,0.00,0.00,0.00,0.00,0.000,0.000,0,0,0.0000,0.0000,7.84,2.8,-0.061,0.000,1,1,1
3739379,2432,0,0.000,0.00,0.00,0.00,0.00,0.000,0.000,0,0,0.0000,0.0000,7.85,2.5,-0.061,0.000,1,1,1
3749384,2442,0,0.000,0.00,0.00,0.00,0.00,0.000,0.000,0,0,0.0000,0.0000,7.85,2.5,-0.122,0.000,1,1,1
3759392,2452,0,0.000,0.00,0.00,0.00,0.00,0.000,0.000,0,0,0.0000,0.0000,7.85,2.5,0.000,0.000,1,1,1
3769406,2462,0,0.000,0.00,0.00,0.00,0.00,0.000,0.000,0,0,0.0000,0.0000,7.85,2.5,-0.061,0.000,1,1,1
3779409,2472,0,0.000,0.00,0.00,0.00,0.00,0.000,0.000,0,0,0.0000,0.0000,7.85,2.5,-0.122,0.000,1,1,1
3789414,2482,0,0.000,0.00,0.00,0.00,0.00,0.000,0.000,0,0,0.0000,0.0000,7.85,2.8,-0.061,0.000,1,1,1
3799414,2492,0,0.000,0.00,0.00,0.00,0.00,0.000,0.000,0,0,0.0000,0.0000,7.85,2.5,0.000,0.000,1,1,1
3809414,2502,1,0.000,0.00,0.00,0.00,0.00,0.000,0.000,0,0,0.0000,0.0000,7.84,2.5,0.000,0.000,1,1,1
3819416,2512,1,0.150,57.30,57.30,0.00,0.00,0.779,0.795,0,0,0.0000,0.0000,7.85,2.5,-0.061,0.000,1,1,1
3829429,2522,1,0.150,57.30,57.30,0.00,0.00,0.820,0.837,0,0,0.0000,0.0000,7.40,947.5,0.000,0.001,1,1,1
3839443,2532,1,0.150,57.30,57.30,2.05,0.00,0.820,0.841,2,0,0.0001,0.0000,7.35,1058.0,-0.183,-0.000,1,1,1
3849446,2542,1,0.150,57.30,57.30,7.79,5.13,0.807,0.829,9,5,0.0003,0.0002,7.37,1014.2,-1.159,-0.011,1,1,1
3859459,2552,1,0.150,57.30,57.30,13.62,11.79,0.791,0.811,20,15,0.0008,0.0006,7.42,915.0,-4.207,-0.053,1,1,1
3869466,2562,1,0.150,57.30,57.30,19.47,18.92,0.775,0.793,35,30,0.0013,0.0012,7.46,798.5,-5.427,-0.106,1,1,1
3879468,2572,1,0.150,57.30,57.30,22.25,25.16,0.767,0.777,51,49,0.0020,0.0019,7.49,706.8,-1.951,-0.125,1,1,1
3889468,2582,1,0.150,57.30,57.30,27.18,30.11,0.755,0.766,71,71,0.0027,0.0027,7.51,654.5,3.110,-0.093,1,1,1
3899477,2592,1,0.150,57.30,57.30,28.66,33.64,0.749,0.756,91,95,0.0035,0.0036,7.54,596.0,6.524,-0.027,1,1,1
3909490,2602,1,0.150,57.30,57.30,31.16,34.70,0.743,0.752,113,119,0.0043,0.0046,7.56,562.8,6.220,0.036,1,1,1
3919504,2612,1,0.150,57.30,57.30,32.93,35.02,0.738,0.750,136,143,0.0052,0.0055,7.57,530.5,3.780,0.074,1,1,1
3929505,2622,1,0.150,57.30,57.30,35.51,36.14,0.731,0.746,161,168,0.0062,0.0064,7.59,517.0,1.098,0.086,1,1,1
3939513,2632,1,0.150,57.30,57.30,37.31,40.58,0.727,0.737,187,197,0.0072,0.0076,7.59,495.5,0.488,0.091,1,1,1
3949520,2642,1,0.150,57.30,57.30,41.96,42.94,0.717,0.732,217,227,0.0083,0.0087,7.60,471.7,0.915,0.101,1,1,1
3959527,2652,1,0.150,57.30,57.30,41.30,44.67,0.718,0.727,245,258,0.0094,0.0099,7.61,450.3,1.768,0.119,1,1,1
3969531,2662,1,0.150,57.30,57.30,42.13,46.21,0.716,0.724,274,290,0.0105,0.0111,7.61,440.8,1.524,0.135,1,1,1
3979544,2672,1,0.150,57.30,57.30,40.32,44.63,0.719,0.727,301,320,0.0115,0.0123,7.61,428.5,1.585,0.152,1,1,1
3989546,2682,1,0.150,57.30,57.30,43.88,45.17,0.711,0.725,332,351,0.0127,0.0135,7.62,432.0,2.500,0.178,1,1,1
3999546,2692,1,0.150,57.30,57.30,43.93,46.36,0.711,0.722,362,383,0.0139,0.0147,7.63,422.0,3.537,0.214,1,1,1
4009546,2702,1,0.150,57.30,57.30,48.04,49.80,0.702,0.715,396,418,0.0152,0.0160,7.63,416.2,4.146,0.256,1,1,1
4019559,2712,1,0.150,57.30,57.30,48.25,51.85,0.702,0.711,429,454,0.0165,0.0174,7.63,398.2,3.963,0.296,1,1,1
4029565,2722,1,0.150,57.30,57.30,49.34,54.52,0.700,0.705,463,492,0.0178,0.0189,7.63,393.0,3.902,0.336,1,1,1
4039565,2732,1,0.150,57.30,57.30,47.61,53.27,0.702,0.707,495,528,0.0190,0.0202,7.64,383.5,3.841,0.375,1,1,1
4049574,2742,1,0.150,57.30,57.30,47.10,52.90,0.703,0.708,527,564,0.0202,0.0216,7.64,381.5,5.793,0.434,1,1,1
4059581,2752,1,0.150,57.30,57.30,48.99,51.76,0.700,0.710,561,599,0.0215,0.0230,7.64,384.0,7.317,0.507,1,1,1
4069583,2762,1,0.150,57.30,57.30,48.54,50.39,0.700,0.713,594,633,0.0228,0.0243,7.64,375.5,5.122,0.559,1,1,1
4079589,2772,1,0.150,57.30,57.30,52.50,51.01,0.692,0.712,631,668,0.0242,0.0256,7.64,386.8,0.671,0.567,1,1,1
4089598,2782,1,0.150,57.30,57.30,53.69,55.29,0.690,0.703,668,707,0.0256,0.0271,7.65,372.2,-2.683,0.541,1,1,1
4099604,2792,1,0.150,57.30,57.30,55.07,55.55,0.687,0.702,706,745,0.0271,0.0286,7.65,359.8,-2.012,0.521,1,1,1
4109604,2802,1,0.150,57.30,57.30,50.36,56.66,0.696,0.700,739,784,0.0283,0.0301,7.65,358.2,-0.305,0.519,1,1,1
4119615,2812,1,0.150,57.30,57.30,52.02,55.96,0.693,0.701,775,822,0.0297,0.0315,7.65,359.2,0.122,0.521,1,1,1
4129624,2822,1,0.150,57.30,57.30,51.50,53.70,0.694,0.706,810,858,0.0311,0.0329,7.64,352.0,3.780,0.559,1,1,1
4139626,2832,1,0.150,57.30,57.30,51.34,52.00,0.694,0.709,845,893,0.0324,0.0342,7.65,356.8,4.756,0.607,1,1,1
4149626,2842,1,0.150,57.30,57.30,56.42,55.59,0.685,0.703,885,932,0.0339,0.0357,7.64,360.8,3.293,0.641,1,1,1
4159633,2852,1,0.150,57.30,57.30,56.92,55.64,0.682,0.701,924,970,0.0354,0.0372,7.66,347.2,2.256,0.664,1,1,1
4169646,2862,1,0.150,57.30,57.30,55.01,56.68,0.687,0.699,961,1009,0.0369,0.0387,7.65,343.0,3.171,0.697,1,1,1
4179646,2872,1,0.150,57.30,57.30,54.44,57.00,0.687,0.698,998,1048,0.0383,0.0402,7.66,342.0,2.744,0.725,1,1,1
4189648,2882,1,0.150,57.30,57.30,54.27,55.04,0.688,0.703,1035,1085,0.0397,0.0416,7.65,344.0,6.829,0.794,1,1,1
4199648,2892,1,0.150,57.30,57.30,55.25,54.45,0.686,0.704,1073,1122,0.0411,0.0430,7.65,345.0,7.500,0.869,1,1,1
4209653,2902,1,0.150,57.30,57.30,49.39,56.33,0.697,0.699,1105,1161,0.0424,0.0445,7.66,342.2,2.683,0.897,1,1,1
4219664,2912,1,0.150,57.30,57.30,64.03,57.91,0.667,0.696,1153,1201,0.0442,0.0461,7.66,348.0,-1.646,0.881,1,1,1
4229664,2922,1,0.150,57.30,57.30,59.20,59.41,0.676,0.693,1192,1242,0.0457,0.0476,7.66,327.0,-3.720,0.845,1,1,1
4239664,2932,1,0.150,57.30,57.30,55.70,56.79,0.684,0.698,1229,1280,0.0471,0.0491,7.66,326.2,-4.207,0.803,1,1,1
4249677,2942,1,0.150,57.30,57.30,56.70,52.93,0.681,0.706,1268,1315,0.0486,0.0504,7.66,333.5,-0.793,0.796,1,1,1
4259679,2952,1,0.150,57.30,57.30,54.95,56.89,0.686,0.699,1305,1355,0.0500,0.0520,7.66,338.2,1.829,0.815,1,1,1
4269679,2962,1,0.150,57.30,57.30,56.48,56.03,0.682,0.700,1344,1393,0.0515,0.0534,7.66,334.2,0.427,0.820,1,1,1
4279692,2972,1,0.150,57.30,57.30,61.03,58.85,0.673,0.694,1387,1434,0.0532,0.0550,7.66,330.5,0.305,0.824,1,1,1
4289699,2982,1,0.150,57.30,57.30,55.22,60.72,0.684,0.690,1423,1476,0.0546,0.0566,7.66,327.5,2.317,0.848,1,1,1
4299706,2992,1,0.150,57.30,57.30,56.56,54.11,0.682,0.704,1462,1511,0.0561,0.0579,7.66,325.2,1.829,0.866,1,1,1
4309715,3002,1,0.150,57.30,57.30,60.03,57.25,0.676,0.698,1504,1551,0.0577,0.0595,7.65,332.0,3.476,0.902,1,1,1
4319724,3012,1,0.150,57.30,57.30,55.95,59.22,0.684,0.694,1541,1592,0.0591,0.0611,7.66,326.0,2.500,0.928,1,1,1
4329724,3022,1,0.150,57.30,57.30,58.83,56.73,0.677,0.698,1582,1630,0.0607,0.0625,7.66,327.5,1.280,0.941,1,1,1
4339724,3032,1,0.150,57.30,57.30,59.69,60.09,0.675,0.691,1623,1672,0.0622,0.0641,7.66,328.8,2.439,0.966,1,1,1
4349732,3042,1,0.150,57.30,57.30,57.90,56.99,0.678,0.697,1662,1710,0.0637,0.0656,7.66,321.8,2.744,0.994,1,1,1
4359740,3052,1,0.150,57.30,57.30,56.33,52.99,0.683,0.706,1700,1745,0.0652,0.0669,7.65,325.2,0.488,1.000,1,1,1
4369745,3062,1,0.150,57.30,57.30,57.92,57.94,0.679,0.696,1740,1786,0.0667,0.0685,7.66,336.0,0.183,1.002,1,1,1
4379748,3072,1,0.150,57.30,57.30,59.42,62.50,0.675,0.685,1781,1830,0.0683,0.0702,7.67,325.5,0.610,1.009,1,1,1
4389755,3082,1,0.150,57.30,57.30,60.89,59.77,0.671,0.690,1823,1870,0.0699,0.0717,7.68,314.5,-3.171,0.978,1,1,1
4399760,3092,1,0.150,57.30,57.30,60.31,62.02,0.672,0.686,1864,1913,0.0715,0.0734,7.67,316.2,-1.890,0.960,1,1,1
4409763,3102,1,0.150,57.30,57.30,58.08,56.55,0.677,0.696,1903,1950,0.0730,0.0748,7.67,310.8,2.256,0.983,1,1,1
4419770,3112,1,0.150,57.30,57.30,57.42,54.90,0.679,0.701,1942,1987,0.0745,0.0762,7.66,320.0,5.122,1.035,1,1,1
4429775,3122,1,0.150,57.30,57.30,58.24,60.56,0.677,0.689,1982,2030,0.0760,0.0778,7.66,326.0,3.293,1.069,1,1,1
4439782,3132,1,0.150,57.30,57.30,60.54,61.24,0.672,0.687,2024,2072,0.0776,0.0795,7.66,320.2,4.024,1.110,1,1,1
4449785,3142,1,0.150,57.30,57.30,60.20,61.44,0.672,0.686,2065,2114,0.0792,0.0811,7.67,312.2,3.659,1.147,1,1,1
4459791,3152,1,0.150,57.30,57.30,60.10,60.47,0.671,0.687,2106,2155,0.0808,0.0826,7.67,317.8,4.512,1.193,1,1,1
4469800,3162,1,0.150,57.30,57.30,58.02,57.11,0.676,0.694,2145,2193,0.0823,0.0841,7.67,310.0,5.793,1.251,1,1,1
4479812,3172,1,0.150,57.30,57.30,60.47,60.20,0.671,0.688,2187,2235,0.0839,0.0857,7.66,318.0,5.671,1.309,1,1,1
4489813,3182,1,0.150,57.30,57.30,57.11,62.15,0.677,0.683,2225,2278,0.0853,0.0874,7.67,312.8,3.110,1.340,1,1,1
4499823,3192,1,0.150,57.30,57.30,60.20,62.74,0.671,0.681,2267,2321,0.0869,0.0890,7.67,314.0,4.085,1.382,1,1,1
4509836,3202,1,0.150,57.30,57.30,59.08,62.91,0.672,0.680,2307,2364,0.0885,0.0907,7.67,313.8,7.561,1.458,1,1,1
4519846,3212,1,0.150,57.30,57.30,57.71,59.89,0.676,0.686,2346,2404,0.0900,0.0922,7.66,316.0,9.207,1.551,1,1,1
4529851,3222,1,0.150,57.30,57.30,59.35,60.01,0.673,0.686,2387,2445,0.0915,0.0938,7.66,320.8,4.268,1.594,1,1,1
4539854,3232,1,0.150,57.30,57.30,59.85,64.14,0.672,0.679,2428,2490,0.0931,0.0955,7.65,317.8,0.915,1.604,1,1,1
4549861,3242,1,0.150,57.30,57.30,61.02,63.34,0.668,0.679,2470,2533,0.0947,0.0971,7.66,311.5,0.427,1.609,1,1,1
4559866,3252,1,0.150,57.30,57.30,62.40,64.12,0.664,0.677,2513,2577,0.0964,0.0988,7.67,309.2,0.915,1.619,1,1,1
4569866,3262,1,0.150,57.30,57.30,62.81,63.33,0.663,0.678,2556,2620,0.0980,0.1005,7.67,307.0,1.768,1.637,1,1,1
4579876,3272,1,0.150,57.30,57.30,59.86,60.01,0.669,0.684,2596,2660,0.0996,0.1020,7.68,308.0,-4.939,1.589,1,1,1
4589876,3282,1,0.150,57.30,57.30,56.92,59.02,0.675,0.687,2634,2700,0.1010,0.1035,7.67,307.2,-2.134,1.568,1,1,1
4599889,3292,1,0.150,57.30,57.30,55.02,62.82,0.680,0.680,2671,2744,0.1024,0.1052,7.66,314.2,3.049,1.599,1,1,1
4609889,3302,1,0.150,57.30,57.30,57.52,61.91,0.676,0.683,2711,2786,0.1040,0.1068,7.65,315.0,6.768,1.668,1,1,1
4619899,3312,1,0.150,57.30,57.30,57.25,62.67,0.676,0.681,2750,2829,0.1055,0.1085,7.66,311.2,9.756,1.766,1,1,1
4629906,3322,1,0.150,57.30,57.30,57.16,62.89,0.675,0.680,2789,2872,0.1070,0.1101,7.66,313.8,9.573,1.862,1,1,1
4639918,3332,1,0.150,57.30,57.30,58.16,59.88,0.672,0.685,2829,2912,0.1085,0.1117,7.67,309.5,6.463,1.928,1,1,1
4649927,3342,1,0.150,57.30,57.30,59.49,62.06,0.669,0.680,2870,2955,0.1101,0.1133,7.68,311.2,3.598,1.964,1,1,1
4659937,3352,1,0.150,57.30,57.30,59.89,63.73,0.670,0.678,2911,2999,0.1116,0.1150,7.66,309.2,2.378,1.989,1,1,1
4669952,3362,1,0.150,57.30,57.30,58.98,62.19,0.672,0.682,2951,3041,0.1132,0.1166,7.65,308.0,2.500,2.014,1,1,1
4679960,3372,1,0.150,57.30,57.30,57.68,60.70,0.674,0.684,2990,3082,0.1147,0.1182,7.66,310.5,2.317,2.038,1,1,1
4689964,3382,1,0.150,57.30,57.30,57.30,58.20,0.676,0.691,3029,3121,0.1162,0.1197,7.65,311.8,3.963,2.079,1,1,1
4699967,3392,1,0.150,57.30,57.30,57.18,59.50,0.675,0.687,3068,3162,0.1177,0.1213,7.66,317.8,4.512,2.124,1,1,1
4709972,3402,1,0.150,57.30,57.30,57.14,59.89,0.674,0.685,3107,3203,0.1192,0.1228,7.68,317.5,4.085,2.166,1,1,1
4719980,3412,1,0.150,57.30,57.30,58.16,60.01,0.673,0.685,3147,3244,0.1207,0.1244,7.67,312.2,1.890,2.186,1,1,1
4729994,3422,1,0.150,57.30,57.30,59.49,62.09,0.670,0.681,3188,3287,0.1223,0.1261,7.67,313.0,2.134,2.208,1,1,1
4739995,3432,1,0.150,57.30,57.30,58.86,60.67,0.672,0.685,3228,3328,0.1238,0.1276,7.66,308.5,3.354,2.242,1,1,1
4750003,3443,1,0.150,57.30,57.30,57.65,59.22,0.675,0.688,3267,3368,0.1253,0.1292,7.66,315.2,5.610,2.299,1,1,1
4760003,3453,1,0.150,57.30,57.30,59.34,59.81,0.671,0.686,3308,3409,0.1269,0.1307,7.66,310.8,6.402,2.363,1,1,1
4770003,3463,1,0.150,57.30,57.30,56.77,57.93,0.675,0.689,3346,3448,0.1283,0.1322,7.67,313.0,4.207,2.406,1,1,1
4780010,3473,1,0.150,57.30,57.30,60.10,59.42,0.668,0.686,3388,3489,0.1299,0.1338,7.67,319.0,1.341,2.420,1,1,1
4790018,3483,1,0.150,57.30,57.30,59.04,60.89,0.671,0.683,3428,3531,0.1315,0.1354,7.67,312.0,2.378,2.445,1,1,1
4800021,3493,1,0.150,57.30,57.30,59.75,59.28,0.670,0.687,3469,3571,0.1330,0.1369,7.67,311.2,5.549,2.501,1,1,1
4810035,3503,1,0.150,57.30,57.30,59.97,59.83,0.670,0.687,3510,3612,0.1346,0.1385,7.65,312.8,8.293,2.584,1,1,1
4820048,3513,1,0.150,57.30,57.30,59.01,58.96,0.672,0.688,3550,3652,0.1361,0.1401,7.66,313.2,8.537,2.670,1,1,1
4830051,3523,1,0.150,57.30,57.30,59.74,57.68,0.670,0.690,3591,3691,0.1377,0.1415,7.67,312.2,4.634,2.717,1,1,1
4840056,3533,1,0.150,57.30,57.30,59.96,60.37,0.671,0.686,3632,3733,0.1393,0.1432,7.65,317.8,0.732,2.725,1,1,1
4850066,3543,1,0.150,57.30,57.30,60.03,62.20,0.669,0.681,3673,3776,0.1409,0.1448,7.67,311.8,2.378,2.750,1,1,1
4860066,3553,1,0.150,57.30,57.30,59.02,60.70,0.670,0.683,3713,3817,0.1424,0.1464,7.68,307.0,8.293,2.834,1,1,1
4870071,3563,1,0.150,57.30,57.30,59.75,62.30,0.670,0.681,3754,3860,0.1440,0.1480,7.67,309.5,11.463,2.949,1,1,1
4880073,3573,1,0.150,57.30,57.30,59.97,60.73,0.670,0.684,3795,3901,0.1455,0.1496,7.66,312.8,8.902,3.039,1,1,1
4890081,3583,1,0.150,57.30,57.30,61.06,62.31,0.667,0.681,3837,3944,0.1471,0.1513,7.66,312.2,1.707,3.056,1,1,1
4900092,3593,1,0.150,57.30,57.30,61.38,62.79,0.667,0.680,3879,3987,0.1488,0.1529,7.67,310.2,-1.585,3.041,1,1,1
4910096,3603,1,0.150,57.30,57.30,59.43,62.93,0.670,0.679,3919,4030,0.1503,0.1545,7.67,304.2,0.854,3.050,1,1,1
4920109,3613,1,0.150,57.30,57.30,59.87,62.97,0.670,0.680,3960,4073,0.1519,0.1562,7.66,312.5,6.280,3.114,1,1,1
4930109,3623,1,0.150,57.30,57.30,60.00,62.98,0.670,0.680,4001,4116,0.1534,0.1578,7.66,305.8,8.537,3.200,1,1,1
4940121,3633,1,0.150,57.30,57.30,61.07,62.99,0.667,0.679,4043,4159,0.1550,0.1595,7.67,312.5,4.512,3.246,1,1,1
4950128,3643,1,0.150,57.30,57.30,61.39,64.01,0.667,0.678,4085,4203,0.1567,0.1612,7.66,304.0,1.341,3.260,1,1,1
4960136,3653,1,0.150,57.30,57.30,61.48,65.35,0.666,0.675,4127,4248,0.1583,0.1629,7.67,304.5,1.707,3.278,1,1,1
4970136,3663,1,0.150,57.30,57.30,59.46,64.72,0.671,0.677,4167,4292,0.1598,0.1646,7.66,304.0,2.927,3.308,1,1,1
4980141,3673,1,0.150,57.30,57.30,58.85,65.56,0.671,0.674,4207,4337,0.1613,0.1663,7.67,311.0,6.341,3.372,1,1,1
4990152,3683,1,0.150,57.30,57.30,60.72,64.78,0.668,0.676,4249,4381,0.1629,0.1680,7.67,306.0,6.402,3.436,1,1,1
5000152,3693,1,0.150,57.30,57.30,62.31,63.53,0.664,0.677,4292,4424,0.1646,0.1697,7.68,308.8,4.146,3.478,1,1,1
5010158,3703,1,0.150,57.30,57.30,61.76,64.18,0.666,0.677,4334,4468,0.1662,0.1713,7.66,301.5,1.585,3.495,1,1,1
5020159,3713,1,0.150,57.30,57.30,59.54,64.37,0.670,0.677,4374,4512,0.1677,0.1730,7.67,304.2,-2.256,3.473,1,1,1
5030171,3723,1,0.150,57.30,57.30,59.90,65.45,0.669,0.674,4415,4557,0.1693,0.1748,7.67,307.2,-0.976,3.464,1,1,1
5040173,3733,1,0.150,57.30,57.30,61.04,65.78,0.667,0.674,4457,4602,0.1709,0.1765,7.66,305.8,5.244,3.517,1,1,1
5050186,3743,1,0.150,57.30,57.30,60.35,66.90,0.668,0.671,4498,4648,0.1725,0.1782,7.67,307.5,9.451,3.612,1,1,1
5060195,3753,1,0.150,57.30,57.30,61.17,66.21,0.667,0.673,4540,4693,0.1741,0.1800,7.67,302.2,8.171,3.695,1,1,1
5070204,3763,1,0.150,57.30,57.30,59.37,64.98,0.670,0.675,4580,4737,0.1756,0.1817,7.68,306.2,3.476,3.730,1,1,1
5080217,3773,1,0.150,57.30,57.30,59.85,63.59,0.669,0.678,4621,4780,0.1772,0.1833,7.67,306.0,-0.671,3.724,1,1,1
5090231,3783,1,0.150,57.30,57.30,58.97,64.19,0.672,0.677,4661,4824,0.1787,0.1850,7.66,311.2,-0.488,3.720,1,1,1
5100232,3793,1,0.150,57.30,57.30,60.76,64.38,0.668,0.677,4703,4868,0.1804,0.1867,7.66,311.0,0.793,3.729,1,1,1
5110240,3803,1,0.150,57.30,57.30,61.29,65.46,0.666,0.674,4745,4913,0.1820,0.1884,7.67,309.2,2.805,3.757,1,1,1
5120249,3813,1,0.150,57.30,57.30,60.43,62.70,0.668,0.680,4786,4955,0.1835,0.1900,7.67,306.0,2.622,3.784,1,1,1
5130254,3823,1,0.150,57.30,57.30,59.14,62.90,0.671,0.679,4826,4998,0.1851,0.1917,7.67,303.8,-2.805,3.757,1,1,1
5140255,3833,1,0.150,57.30,57.30,59.78,63.99,0.670,0.678,4867,5042,0.1866,0.1934,7.66,309.5,-5.488,3.703,1,1,1
5150262,3843,1,0.150,57.30,57.30,58.95,62.26,0.671,0.681,4907,5084,0.1882,0.1950,7.67,307.0,1.220,3.716,1,1,1
5160265,3853,1,0.150,57.30,57.30,58.70,63.80,0.672,0.678,4947,5128,0.1897,0.1967,7.67,312.0,7.256,3.789,1,1,1
5170271,3863,1,0.150,57.30,57.30,62.73,65.28,0.664,0.675,4991,5173,0.1914,0.1984,7.67,312.8,8.780,3.877,1,1,1
5180277,3873,1,0.150,57.30,57.30,60.86,62.65,0.668,0.680,5032,5215,0.1930,0.2000,7.67,302.8,4.939,3.927,1,1,1
5190284,3883,1,0.150,57.30,57.30,59.27,62.89,0.670,0.679,5072,5258,0.1945,0.2016,7.67,309.8,-1.768,3.910,1,1,1
5200293,3893,1,0.150,57.30,57.30,59.82,61.93,0.669,0.681,5113,5300,0.1961,0.2033,7.68,308.5,-1.280,3.898,1,1,1
5210303,3903,1,0.150,57.30,57.30,58.96,60.62,0.671,0.684,5153,5341,0.1976,0.2048,7.67,306.8,3.598,3.935,1,1,1
5220316,3913,1,0.150,57.30,57.30,59.73,60.23,0.670,0.685,5194,5382,0.1992,0.2064,7.67,311.8,4.634,3.982,1,1,1
5230325,3923,1,0.150,57.30,57.30,62.01,56.01,0.665,0.693,5237,5419,0.2008,0.2078,7.67,311.0,-1.280,3.970,1,1,1
5240337,3933,1,0.150,57.30,57.30,61.67,61.92,0.666,0.681,5279,5463,0.2024,0.2095,7.67,314.0,-8.171,3.889,1,1,1
5250349,3943,1,0.150,57.30,57.30,59.52,61.64,0.670,0.682,5319,5505,0.2040,0.2111,7.67,307.2,-8.110,3.808,1,1,1
5260362,3953,1,0.150,57.30,57.30,60.92,62.58,0.667,0.680,5361,5548,0.2056,0.2128,7.67,308.0,1.890,3.828,1,1,1
5270368,3963,1,0.150,57.30,57.30,59.29,62.87,0.669,0.678,5401,5591,0.2071,0.2144,7.68,311.5,9.268,3.921,1,1,1
5280377,3973,1,0.150,57.30,57.30,58.80,55.77,0.673,0.696,5441,5627,0.2087,0.2158,7.65,310.8,5.488,3.977,1,1,1
5290383,3983,1,0.150,57.30,57.30,61.73,57.75,0.667,0.691,5484,5667,0.2103,0.2173,7.66,317.2,-1.341,3.964,1,1,1
5300394,3993,1,0.150,57.30,57.30,58.51,62.44,0.673,0.681,5523,5711,0.2118,0.2190,7.66,313.5,-4.146,3.923,1,1,1
5310402,4003,1,0.150,57.30,57.30,60.62,61.80,0.669,0.682,5565,5753,0.2134,0.2206,7.66,311.8,-0.671,3.917,1,1,1
5320414,4013,1,0.150,57.30,57.30,61.25,60.58,0.667,0.685,5607,5794,0.2150,0.2222,7.66,309.8,5.915,3.977,1,1,1
5330428,4023,1,0.150,57.30,57.30,59.39,57.14,0.671,0.691,5647,5832,0.2166,0.2237,7.66,306.8,5.671,4.035,1,1,1
5340428,4033,1,0.150,57.30,57.30,58.83,53.03,0.672,0.700,5687,5867,0.2181,0.2250,7.66,317.0,-2.134,4.014,1,1,1
5350429,4043,1,0.150,57.30,57.30,63.79,58.98,0.662,0.688,5732,5909,0.2198,0.2266,7.66,321.2,-6.280,3.952,1,1,1
5360440,4053,1,0.150,57.30,57.30,63.23,63.84,0.663,0.678,5775,5954,0.2215,0.2283,7.67,310.5,-5.610,3.896,1,1,1
5370443,4063,1,0.150,57.30,57.30,57.93,60.17,0.673,0.685,5813,5994,0.2229,0.2299,7.67,300.0,0.732,3.904,1,1,1
5380444,4073,1,0.150,57.30,57.30,59.42,59.07,0.671,0.688,5854,6034,0.2245,0.2314,7.66,311.5,9.207,3.997,1,1,1
5390453,4083,1,0.150,57.30,57.30,58.84,56.68,0.673,0.693,5894,6072,0.2260,0.2329,7.65,313.2,9.878,4.097,1,1,1
5400459,4093,1,0.150,57.30,57.30,60.72,54.94,0.668,0.696,5936,6109,0.2276,0.2343,7.66,315.0,4.085,4.138,1,1,1
5410462,4103,1,0.150,57.30,57.30,60.26,61.60,0.669,0.683,5977,6153,0.2292,0.2360,7.66,316.0,0.671,4.146,1,1,1
5420462,4113,1,0.150,57.30,57.30,61.14,61.55,0.666,0.681,6019,6195,0.2308,0.2376,7.68,311.0,2.805,4.174,1,1,1
5430474,4123,1,0.150,57.30,57.30,60.38,63.58,0.667,0.677,6060,6239,0.2324,0.2393,7.68,303.8,9.329,4.268,1,1,1
5440477,4133,1,0.150,57.30,57.30,60.16,58.04,0.669,0.689,6101,6277,0.2340,0.2407,7.67,308.5,10.366,4.373,1,1,1
5450483,4143,1,0.150,57.30,57.30,62.14,56.38,0.664,0.692,6144,6315,0.2356,0.2422,7.67,314.0,3.354,4.407,1,1,1
5460489,4153,1,0.150,57.30,57.30,64.78,61.00,0.660,0.684,6189,6358,0.2373,0.2438,7.66,314.0,-3.963,4.368,1,1,1
5470490,4163,1,0.150,57.30,57.30,60.45,60.34,0.668,0.684,6229,6399,0.2389,0.2454,7.67,308.8,-4.878,4.320,1,1,1
5480490,4173,1,0.150,57.30,57.30,59.15,61.17,0.670,0.682,6269,6441,0.2404,0.2470,7.68,308.0,4.146,4.362,1,1,1
5490498,4183,1,0.150,57.30,57.30,57.74,60.39,0.673,0.684,6308,6482,0.2419,0.2486,7.68,309.8,12.073,4.483,1,1,1
5500498,4193,1,0.150,57.30,57.30,58.34,60.16,0.672,0.685,6348,6523,0.2434,0.2502,7.67,310.2,8.232,4.566,1,1,1
5510498,4203,1,0.150,57.30,57.30,61.59,63.16,0.666,0.679,6391,6567,0.2451,0.2518,7.67,317.2,3.537,4.602,1,1,1
5520498,4213,1,0.150,57.30,57.30,60.52,65.09,0.669,0.676,6432,6612,0.2467,0.2536,7.66,307.5,1.280,4.616,1,1,1
5530507,4223,1,0.150,57.30,57.30,61.22,66.70,0.667,0.672,6474,6658,0.2483,0.2553,7.67,315.2,0.732,4.624,1,1,1
5540507,4233,1,0.150,57.30,57.30,61.43,65.13,0.667,0.675,6516,6702,0.2499,0.2570,7.66,304.2,3.902,4.664,1,1,1
5550515,4243,1,0.150,57.30,57.30,60.47,61.58,0.668,0.682,6557,6743,0.2515,0.2586,7.67,309.2,5.366,4.718,1,1,1
5560528,4253,1,0.150,57.30,57.30,58.13,58.46,0.672,0.688,6596,6782,0.2530,0.2601,7.67,312.8,1.220,4.731,1,1,1
5570535,4263,1,0.150,57.30,57.30,62.56,60.61,0.663,0.683,6640,6824,0.2546,0.2617,7.67,311.8,-3.598,4.696,1,1,1
5580542,4273,1,0.150,57.30,57.30,62.86,62.27,0.663,0.680,6683,6867,0.2563,0.2633,7.67,308.8,-6.829,4.628,1,1,1
5590544,4283,1,0.150,57.30,57.30,59.87,61.75,0.669,0.682,6723,6909,0.2578,0.2650,7.67,305.8,-7.012,4.559,1,1,1
5600552,4293,1,0.150,57.30,57.30,57.95,62.62,0.675,0.682,6762,6952,0.2593,0.2666,7.65,307.0,1.402,4.573,1,1,1
5610565,4303,1,0.150,57.30,57.30,57.38,61.85,0.675,0.682,6801,6994,0.2608,0.2682,7.66,313.0,10.244,4.676,1,1,1
5620576,4313,1,0.150,57.30,57.30,57.20,60.60,0.675,0.685,6840,7035,0.2623,0.2698,7.66,308.5,9.085,4.768,1,1,1
5630581,4323,1,0.150,57.30,57.30,58.18,63.30,0.672,0.678,6880,7079,0.2638,0.2715,7.68,315.0,5.549,4.824,1,1,1
5640581,4333,1,0.150,57.30,57.30,59.49,63.08,0.669,0.678,6921,7122,0.2654,0.2731,7.68,306.8,5.427,4.879,1,1,1
5650591,4343,1,0.150,57.30,57.30,59.89,64.04,0.669,0.677,6962,7166,0.2670,0.2748,7.67,309.5,7.134,4.951,1,1,1
5660591,4353,1,0.150,57.30,57.30,60.01,60.23,0.669,0.685,7003,7206,0.2686,0.2763,7.67,308.8,6.768,5.019,1,1,1
5670596,4363,1,0.150,57.30,57.30,59.02,60.11,0.672,0.686,7043,7247,0.2701,0.2779,7.65,311.5,3.415,5.054,1,1,1
5680615,4373,1,0.150,57.30,57.30,59.75,60.07,0.670,0.685,7084,7288,0.2717,0.2795,7.66,314.2,-0.976,5.045,1,1,1
5690615,4383,1,0.150,57.30,57.30,58.94,60.06,0.671,0.685,7124,7329,0.2732,0.2811,7.67,308.5,-2.073,5.025,1,1,1
5700618,4393,1,0.150,57.30,57.30,58.70,61.09,0.671,0.683,7164,7371,0.2747,0.2827,7.67,315.2,-0.549,5.020,1,1,1
5710631,4403,1,0.150,57.30,57.30,58.62,59.34,0.672,0.686,7204,7411,0.2763,0.2842,7.67,308.5,2.073,5.042,1,1,1
5720637,4413,1,0.150,57.30,57.30,58.60,59.84,0.672,0.685,7244,7452,0.2778,0.2858,7.67,319.0,4.939,5.092,1,1,1
5730648,4423,1,0.150,57.30,57.30,59.62,62.04,0.670,0.681,7285,7495,0.2794,0.2874,7.67,314.0,6.890,5.161,1,1,1
5740648,4433,1,0.150,57.30,57.30,58.90,59.63,0.672,0.687,7325,7535,0.2809,0.2890,7.66,314.2,7.073,5.233,1,1,1
5750661,4443,1,0.150,57.30,57.30,58.69,58.90,0.672,0.688,7365,7575,0.2824,0.2905,7.66,311.8,4.085,5.274,1,1,1
5760669,4453,1,0.150,57.30,57.30,60.67,59.71,0.668,0.686,7407,7616,0.2841,0.2921,7.67,317.0,1.280,5.288,1,1,1
5770669,4463,1,0.150,57.30,57.30,59.22,59.95,0.670,0.685,7447,7657,0.2856,0.2936,7.67,308.8,0.305,5.292,1,1,1
5780676,4473,1,0.150,57.30,57.30,58.78,60.03,0.672,0.686,7487,7698,0.2871,0.2952,7.66,318.8,2.317,5.315,1,1,1
5790684,4483,1,0.150,57.30,57.30,60.70,61.07,0.668,0.684,7529,7740,0.2887,0.2968,7.66,315.2,4.878,5.365,1,1,1
5800684,4493,1,0.150,57.30,57.30,60.25,58.31,0.669,0.689,7570,7779,0.2903,0.2983,7.67,315.8,4.939,5.415,1,1,1
5810685,4503,1,0.150,57.30,57.30,61.14,59.53,0.667,0.687,7612,7820,0.2919,0.2999,7.66,318.0,3.598,5.452,1,1,1
5820692,4513,1,0.150,57.30,57.30,60.38,60.93,0.668,0.683,7653,7862,0.2935,0.3015,7.67,310.0,1.890,5.471,1,1,1
5830694,4523,1,0.150,57.30,57.30,59.13,60.32,0.671,0.685,7693,7903,0.2950,0.3031,7.67,315.8,2.805,5.500,1,1,1
5840699,4533,1,0.150,57.30,57.30,59.78,62.19,0.670,0.681,7734,7946,0.2966,0.3047,7.66,313.5,6.524,5.566,1,1,1
5850702,4543,1,0.150,57.30,57.30,61.00,62.75,0.667,0.680,7776,7989,0.2982,0.3064,7.67,314.8,8.110,5.648,1,1,1
5860709,4553,1,0.150,57.30,57.30,61.37,60.87,0.666,0.683,7818,8030,0.2998,0.3079,7.68,310.2,5.183,5.700,1,1,1
5870721,4563,1,0.150,57.30,57.30,61.48,61.33,0.666,0.682,7860,8072,0.3014,0.3096,7.67,312.0,1.951,5.720,1,1,1
5880721,4573,1,0.150,57.30,57.30,60.48,61.46,0.668,0.682,7901,8114,0.3030,0.3112,7.67,310.2,0.610,5.727,1,1,1
5890724,4583,1,0.150,57.30,57.30,61.21,63.56,0.665,0.677,7943,8158,0.3046,0.3129,7.68,312.0,1.402,5.742,1,1,1
5900730,4593,1,0.150,57.30,57.30,61.43,64.18,0.666,0.677,7985,8202,0.3062,0.3145,7.67,310.8,3.659,5.779,1,1,1
5910733,4603,1,0.150,57.30,57.30,60.47,64.37,0.668,0.677,8026,8246,0.3078,0.3162,7.67,308.5,3.780,5.818,1,1,1
5920745,4613,1,0.150,57.30,57.30,61.21,63.40,0.667,0.678,8068,8289,0.3094,0.3179,7.67,309.0,3.232,5.851,1,1,1
5930755,4623,1,0.150,57.30,57.30,61.43,64.14,0.666,0.677,8110,8333,0.3110,0.3196,7.67,314.2,2.012,5.871,1,1,1
5940763,4633,1,0.150,57.30,57.30,61.49,64.36,0.666,0.677,8152,8377,0.3126,0.3213,7.66,309.0,1.341,5.886,1,1,1
5950770,4643,1,0.150,57.30,57.30,62.54,66.48,0.663,0.672,8195,8423,0.3143,0.3230,7.68,305.5,2.927,5.916,1,1,1
5960770,4653,1,0.150,57.30,57.30,61.83,68.14,0.666,0.669,8237,8470,0.3159,0.3248,7.66,304.8,3.415,5.950,1,1,1
5970782,4663,1,0.150,57.30,57.30,60.59,64.53,0.667,0.676,8278,8513,0.3175,0.3265,7.67,304.2,1.524,5.966,1,1,1
5980785,4673,1,0.150,57.30,57.30,61.24,62.43,0.666,0.680,8320,8555,0.3191,0.3281,7.67,310.0,2.317,5.990,1,1,1
5990790,4683,1,0.150,57.30,57.30,60.41,62.82,0.668,0.679,8361,8598,0.3206,0.3297,7.67,312.2,3.232,6.023,1,1,1
6000798,4693,1,0.150,57.30,57.30,63.24,64.99,0.663,0.676,8405,8643,0.3223,0.3315,7.66,309.5,1.402,6.038,1,1,1
6010800,4703,1,0.150,57.30,57.30,62.04,66.66,0.665,0.672,8447,8689,0.3239,0.3332,7.67,302.2,0.305,6.042,1,1,1
6020806,4713,1,0.150,57.30,57.30,62.70,66.14,0.663,0.672,8490,8734,0.3256,0.3349,7.67,308.8,-1.402,6.028,1,1,1
6030812,4723,1,0.150,57.30,57.30,59.83,67.01,0.669,0.671,8530,8780,0.3271,0.3367,7.68,303.8,1.585,6.045,1,1,1
6040813,4733,1,0.150,57.30,57.30,61.01,63.17,0.666,0.678,8572,8822,0.3287,0.3383,7.68,309.8,5.488,6.100,1,1,1
6050821,4743,1,0.150,57.30,57.30,61.37,62.02,0.666,0.681,8614,8864,0.3303,0.3399,7.67,305.8,6.829,6.169,1,1,1
6060821,4753,1,0.150,57.30,57.30,61.48,64.75,0.666,0.676,8656,8909,0.3320,0.3417,7.67,310.5,3.537,6.205,1,1,1
6070821,4763,1,0.150,57.30,57.30,60.48,64.54,0.668,0.676,8697,8953,0.3335,0.3433,7.67,304.2,-1.159,6.194,1,1,1
6080821,4773,1,0.150,57.30,57.30,59.16,64.48,0.671,0.676,8737,8997,0.3351,0.3450,7.67,307.2,-0.305,6.192,1,1,1
6090827,4783,1,0.150,57.30,57.30,60.81,63.44,0.668,0.679,8779,9040,0.3367,0.3467,7.67,310.2,5.244,6.245,1,1,1
6100830,4793,1,0.150,57.30,57.30,60.29,63.12,0.668,0.679,8820,9083,0.3382,0.3483,7.67,307.2,5.610,6.302,1,1,1
6110843,4803,1,0.150,57.30,57.30,62.18,63.03,0.665,0.680,8863,9126,0.3399,0.3500,7.66,312.8,-3.476,6.268,1,1,1
6120851,4813,1,0.150,57.30,57.30,62.75,63.00,0.663,0.679,8906,9169,0.3415,0.3516,7.67,305.5,-5.610,6.213,1,1,1
6130858,4823,1,0.150,57.30,57.30,60.86,64.02,0.667,0.677,8947,9213,0.3431,0.3533,7.67,308.2,-4.756,6.166,1,1,1
6140866,4833,1,0.150,57.30,57.30,60.30,64.32,0.669,0.677,8988,9257,0.3447,0.3550,7.67,309.8,2.256,6.189,1,1,1
6150866,4843,1,0.150,57.30,57.30,59.11,61.34,0.671,0.683,9028,9298,0.3462,0.3566,7.67,308.5,5.244,6.242,1,1,1
6160866,4853,1,0.150,57.30,57.30,58.75,60.44,0.671,0.684,9068,9339,0.3478,0.3581,7.67,311.8,2.744,6.270,1,1,1
6170874,4863,1,0.150,57.30,57.30,61.72,63.25,0.666,0.679,9111,9383,0.3494,0.3598,7.66,309.8,0.000,6.271,1,1,1
6180876,4873,1,0.150,57.30,57.30,60.56,64.09,0.667,0.676,9152,9427,0.3510,0.3615,7.68,309.0,-0.610,6.265,1,1,1
6190881,4883,1,0.150,57.30,57.30,60.21,63.32,0.668,0.678,9193,9470,0.3525,0.3632,7.67,309.0,4.573,6.312,1,1,1
6200889,4893,1,0.150,57.30,57.30,60.10,58.99,0.668,0.686,9234,9509,0.3541,0.3647,7.68,311.0,5.549,6.368,1,1,1
6210897,4903,1,0.150,57.30,57.30,60.07,59.74,0.669,0.686,9275,9550,0.3557,0.3662,7.66,309.2,-0.793,6.361,1,1,1
6220906,4913,1,0.150,57.30,57.30,63.14,62.01,0.664,0.682,9319,9593,0.3574,0.3679,7.65,315.0,-5.976,6.302,1,1,1
6230919,4923,1,0.150,57.30,57.30,63.03,61.67,0.663,0.681,9362,9635,0.3590,0.3695,7.67,314.5,-6.768,6.235,1,1,1
6240930,4933,1,0.150,57.30,57.30,58.90,63.62,0.671,0.678,9401,9679,0.3605,0.3712,7.67,307.0,-3.720,6.198,1,1,1
6250933,4943,1,0.150,57.30,57.30,60.74,57.02,0.667,0.691,9443,9716,0.3621,0.3726,7.68,312.8,1.890,6.218,1,1,1
6260934,4953,1,0.150,57.30,57.30,60.26,55.05,0.668,0.695,9484,9753,0.3637,0.3740,7.67,316.2,2.378,6.242,1,1,1
6270937,4963,1,0.150,57.30,57.30,59.09,61.63,0.670,0.682,9524,9797,0.3652,0.3757,7.67,316.2,0.488,6.248,1,1,1
6280952,4973,1,0.150,57.30,57.30,62.85,59.51,0.663,0.686,9568,9837,0.3669,0.3772,7.67,312.8,0.915,6.258,1,1,1
6290964,4983,1,0.150,57.30,57.30,58.84,65.02,0.672,0.675,9607,9883,0.3684,0.3790,7.67,311.2,2.317,6.281,1,1,1
6300972,4993,1,0.150,57.30,57.30,59.69,57.45,0.671,0.691,9648,9920,0.3700,0.3804,7.66,308.8,5.366,6.336,1,1,1
6310986,5003,1,0.150,57.30,57.30,59.95,54.15,0.671,0.699,9689,9956,0.3716,0.3818,7.65,324.0,2.134,6.358,1,1,1
6320994,5013,1,0.150,57.30,57.30,60.03,59.31,0.670,0.688,9730,9998,0.3731,0.3834,7.66,321.0,-1.524,6.343,1,1,1
6331005,5024,1,0.150,57.30,57.30,63.12,60.86,0.663,0.684,9774,10040,0.3748,0.3850,7.67,311.8,-0.732,6.337,1,1,1
6341012,5034,1,0.150,57.30,57.30,65.08,60.30,0.659,0.684,9819,10081,0.3766,0.3866,7.67,305.2,1.159,6.349,1,1,1
6351018,5044,1,0.150,57.30,57.30,62.59,64.23,0.663,0.676,9861,10126,0.3782,0.3883,7.67,308.2,2.561,6.375,1,1,1
6361027,5054,1,0.150,57.30,57.30,58.77,56.18,0.671,0.692,9900,10162,0.3797,0.3897,7.68,309.2,5.549,6.431,1,1,1
6371033,5064,1,0.150,57.30,57.30,56.60,54.79,0.677,0.697,9938,10199,0.3811,0.3911,7.66,318.5,3.780,6.470,1,1,1
6381043,5074,1,0.150,57.30,57.30,59.02,59.50,0.673,0.688,9979,10241,0.3827,0.3927,7.65,321.5,1.402,6.485,1,1,1
6391048,5084,1,0.150,57.30,57.30,61.80,58.87,0.666,0.688,10022,10281,0.3843,0.3943,7.66,310.2,1.341,6.499,1,1,1
6401055,5094,1,0.150,57.30,57.30,60.58,61.75,0.668,0.681,10063,10324,0.3859,0.3959,7.67,311.0,2.988,6.529,1,1,1
6411058,5104,1,0.150,57.30,57.30,61.24,58.52,0.665,0.687,10105,10363,0.3875,0.3974,7.68,307.0,6.341,6.593,1,1,1
6421070,5114,1,0.150,57.30,57.30,60.41,57.54,0.667,0.689,10146,10402,0.3891,0.3989,7.68,311.8,5.793,6.652,1,1,1
6431079,5124,1,0.150,57.30,57.30,61.19,60.33,0.667,0.684,10188,10444,0.3907,0.4005,7.67,311.0,0.488,6.658,1,1,1
6441088,5134,1,0.150,57.30,57.30,64.50,62.19,0.661,0.682,10233,10487,0.3924,0.4022,7.66,306.0,-0.061,6.658,1,1,1
6451088,5144,1,0.150,57.30,57.30,62.42,61.72,0.665,0.682,10275,10529,0.3940,0.4038,7.67,301.2,2.805,6.686,1,1,1
6461096,5154,1,0.150,57.30,57.30,60.77,60.56,0.668,0.684,10316,10570,0.3956,0.4054,7.67,307.2,4.207,6.729,1,1,1
6471096,5164,1,0.150,57.30,57.30,58.22,58.16,0.673,0.689,10355,10609,0.3971,0.4069,7.67,306.8,5.854,6.788,1,1,1
6481109,5174,1,0.150,57.30,57.30,59.51,61.54,0.669,0.681,10396,10652,0.3987,0.4085,7.68,313.5,3.841,6.827,1,1,1
6491109,5184,1,0.150,57.30,57.30,59.89,62.55,0.670,0.680,10437,10695,0.4003,0.4101,7.66,309.2,2.439,6.852,1,1,1
6501109,5194,1,0.150,57.30,57.30,61.03,63.88,0.666,0.677,10479,10739,0.4019,0.4118,7.68,318.0,5.122,6.904,1,1,1
6511121,5204,1,0.150,57.30,57.30,61.38,67.36,0.667,0.671,10521,10786,0.4035,0.4136,7.66,311.2,8.171,6.987,1,1,1
6521134,5214,1,0.150,57.30,57.30,61.48,64.30,0.666,0.677,10563,10829,0.4051,0.4153,7.66,309.2,7.439,7.062,1,1,1
6531143,5224,1,0.150,57.30,57.30,60.48,60.31,0.668,0.685,10604,10869,0.4067,0.4168,7.67,306.0,3.780,7.100,1,1,1
6541156,5234,1,0.150,57.30,57.30,59.16,59.11,0.670,0.687,10644,10909,0.4082,0.4184,7.67,314.0,-0.793,7.093,1,1,1
6551156,5244,1,0.150,57.30,57.30,62.87,60.80,0.663,0.683,10688,10951,0.4099,0.4200,7.67,314.8,-5.122,7.043,1,1,1
6561158,5254,1,0.150,57.30,57.30,63.98,62.33,0.660,0.679,10732,10994,0.4116,0.4216,7.69,310.5,-7.073,6.973,1,1,1
6571164,5264,1,0.150,57.30,57.30,65.34,62.79,0.658,0.680,10777,11037,0.4133,0.4233,7.67,300.8,-7.317,6.900,1,1,1
6581171,5274,1,0.150,57.30,57.30,61.64,61.90,0.666,0.682,10818,11079,0.4149,0.4249,7.67,304.0,-5.122,6.850,1,1,1
6591186,5284,1,0.150,57.30,57.30,57.46,60.61,0.674,0.684,10856,11120,0.4163,0.4264,7.67,307.5,1.341,6.864,1,1,1
6601186,5294,1,0.150,57.30,57.30,58.25,63.30,0.673,0.679,10896,11164,0.4179,0.4281,7.67,313.5,5.732,6.922,1,1,1
6611186,5304,1,0.150,57.30,57.30,58.49,62.06,0.673,0.682,10936,11206,0.4194,0.4297,7.66,313.5,5.366,6.976,1,1,1
6621197,5314,1,0.150,57.30,57.30,56.51,62.71,0.675,0.679,10974,11249,0.4208,0.4314,7.68,309.5,6.707,7.044,1,1,1
6631204,5324,1,0.150,57.30,57.30,58.99,60.85,0.670,0.683,11015,11290,0.4224,0.4330,7.68,309.8,9.329,7.138,1,1,1
6641210,5334,1,0.150,57.30,57.30,59.74,59.27,0.670,0.687,11056,11330,0.4240,0.4345,7.67,311.5,7.866,7.217,1,1,1
6651210,5344,1,0.150,57.30,57.30,60.99,60.85,0.667,0.683,11098,11372,0.4256,0.4361,7.67,313.5,2.622,7.244,1,1,1
6661217,5354,1,0.150,57.30,57.30,61.36,61.32,0.666,0.682,11140,11414,0.4272,0.4377,7.68,311.8,-2.195,7.223,1,1,1
6671227,5364,1,0.150,57.30,57.30,59.42,60.44,0.669,0.683,11180,11455,0.4287,0.4393,7.68,307.5,-3.049,7.193,1,1,1
6681240,5374,1,0.150,57.30,57.30,59.87,60.17,0.670,0.686,11221,11496,0.4303,0.4409,7.66,310.5,-0.244,7.191,1,1,1
6691240,5384,1,0.150,57.30,57.30,56.93,58.04,0.676,0.690,11259,11535,0.4318,0.4424,7.66,312.2,4.634,7.238,1,1,1
6701240,5394,1,0.150,57.30,57.30,58.09,60.48,0.674,0.685,11299,11577,0.4333,0.4440,7.66,316.8,7.561,7.314,1,1,1
6711247,5404,1,0.150,57.30,57.30,59.47,60.18,0.670,0.685,11340,11618,0.4349,0.4455,7.67,315.2,7.805,7.393,1,1,1
6721261,5414,1,0.150,57.30,57.30,60.91,59.07,0.669,0.688,11382,11658,0.4365,0.4471,7.65,311.8,3.232,7.426,1,1,1
6731271,5424,1,0.150,57.30,57.30,59.29,60.79,0.671,0.684,11422,11700,0.4380,0.4487,7.67,311.0,0.122,7.428,1,1,1
6741277,5434,1,0.150,57.30,57.30,59.83,59.25,0.670,0.687,11463,11740,0.4396,0.4502,7.66,315.2,1.463,7.443,1,1,1
6751288,5444,1,0.150,57.30,57.30,58.96,58.79,0.671,0.687,11503,11780,0.4411,0.4518,7.67,316.8,3.232,7.476,1,1,1
6761295,5454,1,0.150,57.30,57.30,58.70,59.68,0.671,0.686,11543,11821,0.4427,0.4533,7.67,314.2,5.122,7.528,1,1,1
6771307,5464,1,0.150,57.30,57.30,61.70,59.94,0.666,0.685,11586,11862,0.4443,0.4549,7.67,314.0,3.354,7.563,1,1,1
6781308,5474,1,0.150,57.30,57.30,60.55,59.00,0.668,0.688,11627,11902,0.4459,0.4564,7.66,312.2,0.305,7.566,1,1,1
6791316,5484,1,0.150,57.30,57.30,60.21,60.77,0.668,0.683,11668,11944,0.4475,0.4580,7.67,313.0,-1.646,7.550,1,1,1
6801318,5494,1,0.150,57.30,57.30,60.10,59.25,0.668,0.686,11709,11984,0.4490,0.4596,7.67,314.5,3.415,7.585,1,1,1
6811318,5504,1,0.150,57.30,57.30,59.05,60.84,0.671,0.684,11749,12026,0.4506,0.4612,7.66,313.8,9.390,7.680,1,1,1
6821325,5514,1,0.150,57.30,57.30,60.78,63.37,0.668,0.679,11791,12070,0.4522,0.4629,7.67,315.5,11.829,7.799,1,1,1
6831334,5524,1,0.150,57.30,57.30,61.30,63.10,0.667,0.679,11833,12113,0.4538,0.4645,7.67,308.0,7.500,7.875,1,1,1
6841345,5534,1,0.150,57.30,57.30,61.46,60.97,0.667,0.684,11875,12154,0.4554,0.4661,7.66,305.0,2.012,7.895,1,1,1
6851355,5544,1,0.150,57.30,57.30,60.48,59.31,0.668,0.686,11916,12194,0.4570,0.4676,7.67,306.8,2.256,7.919,1,1,1
6861362,5554,1,0.150,57.30,57.30,60.18,60.86,0.669,0.683,11957,12236,0.4585,0.4692,7.67,311.5,2.927,7.949,1,1,1
6871368,5564,1,0.150,57.30,57.30,61.12,62.35,0.667,0.681,11999,12279,0.4602,0.4709,7.66,312.0,1.463,7.964,1,1,1
6881371,5574,1,0.150,57.30,57.30,62.43,62.80,0.664,0.680,12042,12322,0.4618,0.4725,7.67,312.0,-0.549,7.959,1,1,1
6891383,5584,1,0.150,57.30,57.30,62.82,62.93,0.663,0.679,12085,12365,0.4635,0.4742,7.68,312.5,-2.378,7.936,1,1,1
6901394,5594,1,0.150,57.30,57.30,60.89,62.97,0.667,0.679,12126,12408,0.4650,0.4758,7.67,309.5,-2.622,7.910,1,1,1
6911394,5604,1,0.150,57.30,57.30,59.28,62.98,0.671,0.680,12166,12451,0.4666,0.4775,7.67,309.2,2.683,7.938,1,1,1
6921401,5614,1,0.150,57.30,57.30,60.85,66.06,0.667,0.673,12208,12497,0.4682,0.4793,7.67,313.5,7.073,8.009,1,1,1
6931401,5624,1,0.150,57.30,57.30,62.35,64.94,0.665,0.676,12251,12541,0.4698,0.4809,7.66,304.0,6.829,8.078,1,1,1
6941401,5634,1,0.150,57.30,57.30,62.80,65.62,0.662,0.672,12294,12586,0.4715,0.4827,7.69,308.0,2.744,8.106,1,1,1
6951401,5644,1,0.150,57.30,57.30,60.88,63.78,0.668,0.678,12335,12629,0.4730,0.4843,7.66,303.2,-1.707,8.090,1,1,1
6961407,5654,1,0.150,57.30,57.30,60.30,62.20,0.669,0.681,12376,12671,0.4746,0.4859,7.67,307.2,-2.195,8.069,1,1,1
6971414,5664,1,0.150,57.30,57.30,61.16,63.78,0.666,0.677,12418,12715,0.4762,0.4876,7.67,312.0,0.854,8.078,1,1,1
6981416,5674,1,0.150,57.30,57.30,61.41,66.30,0.666,0.672,12460,12761,0.4778,0.4894,7.67,309.5,2.317,8.102,1,1,1
6991429,5684,1,0.150,57.30,57.30,63.54,66.03,0.661,0.673,12504,12806,0.4795,0.4911,7.67,311.2,1.341,8.116,1,1,1
7001431,5694,1,0.150,57.30,57.30,65.20,69.03,0.658,0.666,12549,12854,0.4812,0.4929,7.68,304.0,1.098,8.128,1,1,1
7011444,5704,1,0.150,57.30,57.30,63.65,65.83,0.661,0.673,12592,12898,0.4829,0.4946,7.68,299.8,-1.402,8.114,1,1,1
7021455,5714,1,0.150,57.30,57.30,57.04,61.79,0.675,0.681,12629,12939,0.4843,0.4962,7.67,296.8,1.463,8.130,1,1,1
7031462,5724,1,0.150,57.30,57.30,59.15,63.65,0.671,0.678,12670,12983,0.4859,0.4979,7.67,311.2,4.146,8.172,1,1,1
7041462,5734,1,0.150,57.30,57.30,60.81,63.19,0.668,0.679,12712,13026,0.4875,0.4995,7.66,311.5,3.415,8.207,1,1,1
7051470,5744,1,0.150,57.30,57.30,61.31,63.05,0.668,0.680,12754,13069,0.4891,0.5012,7.66,308.0,0.854,8.216,1,1,1
7061483,5754,1,0.150,57.30,57.30,60.43,65.06,0.668,0.674,12795,13114,0.4907,0.5029,7.68,313.0,-0.976,8.207,1,1,1
7071490,5764,1,0.150,57.30,57.30,59.15,61.56,0.670,0.682,12835,13155,0.4922,0.5045,7.67,312.2,-0.183,8.206,1,1,1
7081504,5774,1,0.150,57.30,57.30,61.84,62.56,0.665,0.680,12878,13198,0.4939,0.5061,7.67,312.2,0.915,8.215,1,1,1
7091512,5784,1,0.150,57.30,57.30,60.59,63.88,0.667,0.677,12919,13242,0.4954,0.5078,7.67,310.5,0.183,8.218,1,1,1
7101519,5794,1,0.150,57.30,57.30,63.29,63.26,0.662,0.679,12963,13285,0.4971,0.5095,7.67,316.0,-1.585,8.203,1,1,1
7111519,5804,1,0.150,57.30,57.30,63.08,64.09,0.662,0.676,13006,13329,0.4988,0.5112,7.67,308.5,-2.256,8.181,1,1,1
7121520,5814,1,0.150,57.30,57.30,61.99,65.37,0.665,0.674,13048,13374,0.5004,0.5129,7.67,304.2,-1.951,8.162,1,1,1
7131520,5824,1,0.150,57.30,57.30,56.54,58.58,0.675,0.687,13085,13412,0.5018,0.5143,7.68,304.2,0.244,8.165,1,1,1
7141520,5834,1,0.150,57.30,57.30,57.98,60.64,0.673,0.684,13125,13454,0.5033,0.5160,7.67,317.5,3.110,8.197,1,1,1
7151522,5844,1,0.150,57.30,57.30,60.46,62.28,0.669,0.681,13167,13497,0.5049,0.5176,7.66,320.5,2.622,8.224,1,1,1
7161527,5854,1,0.150,57.30,57.30,61.20,60.73,0.668,0.685,13209,13538,0.5066,0.5192,7.66,309.8,2.134,8.246,1,1,1
7171537,5864,1,0.150,57.30,57.30,61.43,63.34,0.666,0.679,13251,13582,0.5082,0.5209,7.67,313.2,1.646,8.263,1,1,1
7181537,5874,1,0.150,57.30,57.30,60.47,57.97,0.669,0.690,13292,13620,0.5097,0.5223,7.66,305.8,-2.012,8.244,1,1,1
7191546,5884,1,0.150,57.30,57.30,60.18,60.46,0.668,0.684,13333,13662,0.5113,0.5239,7.68,318.8,-1.098,8.233,1,1,1
7201549,5894,1,0.150,57.30,57.30,61.12,62.23,0.666,0.680,13375,13705,0.5129,0.5256,7.68,314.5,-1.220,8.222,1,1,1
7211550,5904,1,0.150,57.30,57.30,62.43,61.73,0.664,0.682,13418,13747,0.5146,0.5272,7.67,311.0,-2.195,8.201,1,1,1
7221561,5914,1,0.150,57.30,57.30,63.85,62.61,0.661,0.680,13462,13790,0.5163,0.5288,7.67,308.8,-0.610,8.195,1,1,1
7231565,5924,1,0.150,57.30,57.30,56.07,56.72,0.677,0.692,13498,13827,0.5176,0.5303,7.67,307.0,-2.317,8.173,1,1,1
7241574,5934,1,0.150,57.30,57.30,59.89,59.06,0.669,0.687,13540,13868,0.5193,0.5318,7.67,325.2,-5.366,8.120,1,1,1
7251580,5944,1,0.150,57.30,57.30,62.06,60.78,0.665,0.683,13583,13910,0.5209,0.5334,7.67,315.8,-1.524,8.105,1,1,1
7261583,5954,1,0.150,57.30,57.30,58.61,59.25,0.671,0.686,13622,13950,0.5224,0.5350,7.68,311.0,-2.012,8.086,1,1,1
7271589,5964,1,0.150,57.30,57.30,63.72,58.79,0.661,0.687,13667,13990,0.5241,0.5365,7.68,314.8,-2.927,8.057,1,1,1
7281598,5974,1,0.150,57.30,57.30,59.11,56.60,0.670,0.691,13706,14028,0.5256,0.5380,7.68,310.5,-0.793,8.050,1,1,1
7291598,5984,1,0.150,57.30,57.30,58.75,52.87,0.672,0.701,13746,14063,0.5272,0.5393,7.66,315.5,-4.512,8.005,1,1,1
7301616,5994,1,0.150,57.30,57.30,60.69,60.98,0.669,0.685,13788,14107,0.5288,0.5410,7.66,327.0,-2.256,7.984,1,1,1
7311616,6004,1,0.150,57.30,57.30,61.27,62.39,0.668,0.682,13830,14150,0.5304,0.5426,7.65,317.0,-0.671,7.978,1,1,1
7321630,6014,1,0.150,57.30,57.30,63.50,59.73,0.662,0.686,13874,14190,0.5321,0.5442,7.67,311.0,-2.683,7.951,1,1,1
7331642,6024,1,0.150,57.30,57.30,65.19,59.96,0.658,0.685,13919,14231,0.5338,0.5458,7.67,304.8,0.244,7.955,1,1,1
7341648,6034,1,0.150,57.30,57.30,59.55,56.95,0.669,0.690,13958,14269,0.5353,0.5472,7.68,309.0,-0.183,7.953,1,1,1
7351648,6044,1,0.150,57.30,57.30,57.85,58.10,0.674,0.689,13997,14309,0.5368,0.5487,7.66,317.2,-4.878,7.905,1,1,1
7361654,6054,1,0.150,57.30,57.30,59.40,61.52,0.671,0.683,14038,14352,0.5384,0.5504,7.66,317.2,-1.707,7.889,1,1,1
7371657,6064,1,0.150,57.30,57.30,60.89,58.45,0.668,0.689,14080,14391,0.5400,0.5519,7.66,308.2,0.122,7.891,1,1,1
7381669,6074,1,0.150,57.30,57.30,61.33,59.58,0.667,0.686,14122,14432,0.5416,0.5535,7.67,315.2,1.037,7.902,1,1,1
7391679,6084,1,0.150,57.30,57.30,60.44,58.89,0.668,0.687,14163,14472,0.5431,0.5550,7.67,309.0,3.598,7.939,1,1,1
7401692,6094,1,0.150,57.30,57.30,60.17,57.66,0.667,0.688,14204,14511,0.5447,0.5565,7.69,313.0,1.463,7.954,1,1,1
7411706,6104,1,0.150,57.30,57.30,62.14,62.41,0.664,0.680,14247,14555,0.5464,0.5582,7.68,311.2,1.585,7.970,1,1,1
7421717,6114,1,0.150,57.30,57.30,62.73,62.82,0.663,0.679,14290,14598,0.5480,0.5598,7.67,303.8,2.378,7.995,1,1,1
7431724,6124,1,0.150,57.30,57.30,62.91,61.91,0.664,0.682,14333,14640,0.5497,0.5614,7.67,303.5,2.134,8.017,1,1,1
7441724,6134,1,0.150,57.30,57.30,61.94,59.59,0.665,0.686,14375,14680,0.5513,0.5630,7.67,304.8,3.537,8.053,1,1,1
7451736,6144,1,0.150,57.30,57.30,59.60,58.89,0.670,0.688,14415,14720,0.5528,0.5645,7.67,311.5,-0.305,8.051,1,1,1
7461748,6154,1,0.150,57.30,57.30,59.92,61.76,0.669,0.681,14456,14763,0.5544,0.5662,7.67,313.0,-2.988,8.021,1,1,1
7471748,6164,1,0.150,57.30,57.30,61.04,63.65,0.666,0.677,14498,14807,0.5560,0.5678,7.68,315.5,0.732,8.029,1,1,1
7481755,6174,1,0.150,57.30,57.30,60.35,65.24,0.668,0.675,14539,14852,0.5576,0.5696,7.67,309.8,2.866,8.059,1,1,1
7491767,6184,1,0.150,57.30,57.30,62.20,64.69,0.664,0.675,14582,14896,0.5592,0.5713,7.67,305.5,7.012,8.130,1,1,1
7501770,6194,1,0.150,57.30,57.30,58.65,63.50,0.672,0.679,14621,14939,0.5607,0.5729,7.66,309.0,8.049,8.211,1,1,1
7511775,6204,1,0.150,57.30,57.30,60.66,60.07,0.667,0.684,14663,14979,0.5623,0.5744,7.68,314.2,3.963,8.251,1,1,1
7521785,6214,1,0.150,57.30,57.30,62.29,61.09,0.664,0.682,14706,15021,0.5640,0.5760,7.68,310.0,0.732,8.259,1,1,1
7531790,6224,1,0.150,57.30,57.30,61.75,61.39,0.665,0.682,14748,15063,0.5656,0.5777,7.68,312.2,-1.463,8.245,1,1,1
7541798,6234,1,0.150,57.30,57.30,61.59,61.48,0.666,0.683,14790,15105,0.5672,0.5793,7.66,309.8,-3.963,8.206,1,1,1
7551806,6244,1,0.150,57.30,57.30,65.65,62.54,0.658,0.681,14836,15148,0.5690,0.5809,7.66,309.5,-4.634,8.160,1,1,1
7561815,6254,1,0.150,57.30,57.30,63.79,61.83,0.661,0.681,14879,15190,0.5706,0.5825,7.67,306.2,-3.171,8.129,1,1,1
7571815,6264,1,0.150,57.30,57.30,60.15,61.61,0.668,0.682,14919,15232,0.5721,0.5841,7.67,304.8,-5.610,8.074,1,1,1
7581819,6274,1,0.150,57.30,57.30,60.09,62.58,0.668,0.679,14960,15275,0.5737,0.5858,7.68,312.0,-4.634,8.028,1,1,1
7591828,6284,1,0.150,57.30,57.30,59.04,61.84,0.670,0.681,15000,15317,0.5752,0.5874,7.68,310.0,2.195,8.051,1,1,1
7601830,6294,1,0.150,57.30,57.30,56.68,61.62,0.676,0.682,15038,15359,0.5767,0.5890,7.67,309.0,4.634,8.098,1,1,1
7611839,6304,1,0.150,57.30,57.30,56.99,60.53,0.674,0.683,15077,15400,0.5782,0.5906,7.68,315.5,5.793,8.157,1,1,1
7621845,6314,1,0.150,57.30,57.30,59.14,59.17,0.671,0.687,15118,15440,0.5798,0.5921,7.67,314.5,8.659,8.244,1,1,1
7631854,6324,1,0.150,57.30,57.30,59.78,60.82,0.669,0.683,15159,15482,0.5813,0.5937,7.68,317.5,8.659,8.331,1,1,1
7641861,6334,1,0.150,57.30,57.30,59.98,61.31,0.669,0.682,15200,15524,0.5829,0.5953,7.67,313.2,3.049,8.362,1,1,1
7651866,6344,1,0.150,57.30,57.30,60.03,61.46,0.668,0.681,15241,15566,0.5845,0.5969,7.68,315.0,1.402,8.377,1,1,1
7661874,6354,1,0.150,57.30,57.30,60.05,60.48,0.668,0.683,15282,15607,0.5861,0.5985,7.68,314.2,1.159,8.389,1,1,1
7671881,6364,1,0.150,57.30,57.30,59.03,58.13,0.671,0.688,15322,15646,0.5876,0.6000,7.67,313.0,2.561,8.416,1,1,1
7681890,6374,1,0.150,57.30,57.30,59.75,59.48,0.671,0.687,15363,15687,0.5892,0.6016,7.66,319.2,3.110,8.447,1,1,1
7691891,6384,1,0.150,57.30,57.30,58.94,59.89,0.672,0.686,15403,15728,0.5907,0.6032,7.66,316.0,2.195,8.470,1,1,1
7701903,6394,1,0.150,57.30,57.30,58.70,58.98,0.672,0.687,15443,15768,0.5922,0.6047,7.67,318.2,1.159,8.482,1,1,1
7711912,6404,1,0.150,57.30,57.30,59.65,60.76,0.671,0.685,15484,15810,0.5938,0.6063,7.66,317.5,2.500,8.508,1,1,1
7721914,6414,1,0.150,57.30,57.30,58.91,60.27,0.671,0.684,15524,15851,0.5953,0.6079,7.67,313.2,4.268,8.551,1,1,1
7731919,6424,1,0.150,57.30,57.30,60.74,59.10,0.668,0.688,15566,15891,0.5969,0.6094,7.66,311.0,5.427,8.606,1,1,1
7741919,6434,1,0.150,57.30,57.30,59.24,59.77,0.671,0.686,15606,15932,0.5985,0.6110,7.66,317.2,4.329,8.650,1,1,1
7751921,6444,1,0.150,57.30,57.30,59.81,58.95,0.668,0.686,15647,15972,0.6001,0.6125,7.68,315.2,1.585,8.667,1,1,1
7761921,6454,1,0.150,57.30,57.30,59.98,59.72,0.668,0.685,15688,16013,0.6016,0.6141,7.68,313.5,-0.244,8.665,1,1,1
7771930,6464,1,0.150,57.30,57.30,61.06,62.01,0.667,0.681,15730,16056,0.6032,0.6157,7.67,314.0,1.159,8.677,1,1,1
7781933,6474,1,0.150,57.30,57.30,59.33,60.64,0.670,0.683,15770,16097,0.6048,0.6173,7.67,311.8,5.610,8.734,1,1,1
7791945,6484,1,0.150,57.30,57.30,60.87,61.26,0.667,0.682,15812,16139,0.6064,0.6189,7.67,319.0,9.024,8.825,1,1,1
7801952,6494,1,0.150,57.30,57.30,60.30,62.47,0.668,0.680,15853,16182,0.6080,0.6206,7.67,312.8,8.110,8.907,1,1,1
7811961,6504,1,0.150,57.30,57.30,61.16,60.78,0.667,0.684,15895,16223,0.6096,0.6221,7.67,313.0,3.841,8.946,1,1,1
7821971,6514,1,0.150,57.30,57.30,60.39,62.33,0.667,0.680,15936,16266,0.6111,0.6238,7.68,309.8,1.463,8.961,1,1,1
7831980,6524,1,0.150,57.30,57.30,60.16,62.79,0.669,0.680,15977,16309,0.6127,0.6254,7.67,308.8,2.195,8.984,1,1,1
7841990,6534,1,0.150,57.30,57.30,61.11,62.93,0.667,0.679,16019,16352,0.6143,0.6271,7.67,309.0,3.354,9.018,1,1,1
7851995,6544,1,0.150,57.30,57.30,61.40,62.97,0.665,0.678,16061,16395,0.6159,0.6287,7.68,313.0,2.927,9.048,1,1,1
7862003,6555,1,0.150,57.30,57.30,61.49,62.98,0.666,0.680,16103,16438,0.6175,0.6304,7.67,306.2,1.585,9.065,1,1,1
7872003,6565,1,0.150,57.30,57.30,63.56,65.04,0.662,0.675,16147,16483,0.6192,0.6321,7.67,308.0,0.427,9.070,1,1,1
7882005,6575,1,0.150,57.30,57.30,59.06,64.63,0.671,0.676,16186,16527,0.6207,0.6338,7.67,304.0,1.707,9.087,1,1,1
7892018,6585,1,0.150,57.30,57.30,60.78,63.48,0.666,0.677,16228,16570,0.6223,0.6355,7.68,314.5,5.244,9.140,1,1,1
7902025,6595,1,0.150,57.30,57.30,61.30,65.19,0.667,0.675,16270,16615,0.6239,0.6372,7.67,310.8,7.073,9.212,1,1,1
7912033,6605,1,0.150,57.30,57.30,61.46,65.70,0.666,0.674,16312,16660,0.6256,0.6389,7.67,304.2,4.390,9.256,1,1,1
7922040,6615,1,0.150,57.30,57.30,61.50,64.83,0.666,0.675,16354,16704,0.6272,0.6406,7.67,308.0,1.159,9.269,1,1,1
7932040,6625,1,0.150,57.30,57.30,62.54,64.57,0.663,0.675,16397,16748,0.6288,0.6423,7.68,307.5,-0.488,9.265,1,1,1
7942043,6635,1,0.150,57.30,57.30,59.78,64.49,0.670,0.677,16437,16792,0.6304,0.6440,7.66,309.8,-1.098,9.254,1,1,1
7952043,6645,1,0.150,57.30,57.30,61.00,64.46,0.667,0.676,16479,16836,0.6320,0.6457,7.67,310.0,0.549,9.260,1,1,1
7962043,6655,1,0.150,57.30,57.30,62.39,65.48,0.664,0.674,16522,16881,0.6336,0.6474,7.67,307.5,2.134,9.282,1,1,1
7972056,6665,1,0.150,57.30,57.30,61.78,65.79,0.666,0.674,16564,16926,0.6352,0.6491,7.67,305.0,3.841,9.322,1,1,1
7982058,6675,1,0.150,57.30,57.30,63.65,66.90,0.661,0.670,16608,16972,0.6369,0.6509,7.68,307.8,4.024,9.362,1,1,1
7992062,6685,1,0.150,57.30,57.30,62.16,66.21,0.664,0.672,16650,17017,0.6385,0.6526,7.67,301.0,1.646,9.380,1,1,1
8002062,6695,1,0.150,57.30,57.30,58.64,62.93,0.671,0.679,16689,17059,0.6400,0.6542,7.67,302.0,0.671,9.387,1,1,1
8012073,6705,1,0.150,57.30,57.30,60.66,62.97,0.668,0.680,16731,17102,0.6416,0.6559,7.66,312.8,3.049,9.418,1,1,1
8022081,6715,1,0.150,57.30,57.30,61.26,62.98,0.666,0.679,16773,17145,0.6432,0.6575,7.67,307.5,1.524,9.434,1,1,1
8032085,6725,1,0.150,57.30,57.30,61.45,64.01,0.666,0.677,16815,17189,0.6448,0.6592,7.67,309.8,0.793,9.443,1,1,1
8042088,6735,1,0.150,57.30,57.30,61.50,64.32,0.665,0.675,16857,17233,0.6465,0.6609,7.68,308.5,0.427,9.448,1,1,1
8052088,6745,1,0.150,57.30,57.30,60.49,62.36,0.668,0.680,16898,17275,0.6480,0.6625,7.67,302.2,-1.951,9.429,1,1,1
8062092,6755,1,0.150,57.30,57.30,59.16,62.80,0.670,0.679,16938,17318,0.6496,0.6641,7.68,311.5,-0.610,9.423,1,1,1
8072094,6765,1,0.150,57.30,57.30,60.82,62.93,0.668,0.680,16980,17361,0.6512,0.6658,7.66,313.8,0.183,9.426,1,1,1
8082101,6775,1,0.150,57.30,57.30,61.31,62.97,0.668,0.680,17022,17404,0.6528,0.6674,7.66,311.0,1.280,9.439,1,1,1
8092103,6785,1,0.150,57.30,57.30,61.46,64.01,0.667,0.678,17064,17448,0.6544,0.6691,7.66,310.8,3.902,9.479,1,1,1
8102108,6795,1,0.150,57.30,57.30,61.50,65.35,0.666,0.674,17106,17493,0.6560,0.6708,7.67,306.8,3.415,9.514,1,1,1
8112118,6805,1,0.150,57.30,57.30,59.47,62.67,0.669,0.679,17146,17535,0.6575,0.6725,7.68,307.8,0.122,9.516,1,1,1
8122128,6815,1,0.150,57.30,57.30,58.86,61.87,0.671,0.681,17186,17577,0.6591,0.6741,7.67,312.5,2.927,9.546,1,1,1
8132128,6825,1,0.150,57.30,57.30,59.70,62.65,0.669,0.680,17227,17620,0.6606,0.6757,7.67,313.2,3.780,9.584,1,1,1
8142141,6835,1,0.150,57.30,57.30,60.98,60.84,0.668,0.684,17269,17661,0.6623,0.6773,7.66,312.5,3.354,9.619,1,1,1
8152152,6845,1,0.150,57.30,57.30,61.36,58.24,0.668,0.690,17311,17700,0.6639,0.6788,7.66,312.0,-0.244,9.617,1,1,1
8162165,6855,1,0.150,57.30,57.30,60.45,59.51,0.668,0.686,17352,17741,0.6654,0.6804,7.67,315.2,-8.171,9.536,1,1,1
8172171,6865,1,0.150,57.30,57.30,61.20,60.92,0.666,0.683,17394,17783,0.6671,0.6820,7.68,315.8,-8.780,9.449,1,1,1
8182178,6875,1,0.150,57.30,57.30,60.40,62.37,0.668,0.680,17435,17826,0.6686,0.6836,7.68,307.0,-1.280,9.437,1,1,1
8192180,6885,1,0.150,57.30,57.30,61.19,61.78,0.665,0.680,17477,17868,0.6702,0.6852,7.68,306.0,4.573,9.483,1,1,1
8202186,6895,1,0.150,57.30,57.30,60.40,57.50,0.668,0.690,17518,17906,0.6718,0.6867,7.67,307.2,4.329,9.527,1,1,1
8212195,6905,1,0.150,57.30,57.30,60.16,58.26,0.670,0.690,17559,17946,0.6734,0.6882,7.66,315.8,-2.073,9.507,1,1,1
8222197,6915,1,0.150,57.30,57.30,59.06,62.60,0.672,0.681,17599,17990,0.6749,0.6899,7.66,317.8,-5.610,9.451,1,1,1
8232201,6925,1,0.150,57.30,57.30,61.81,60.82,0.665,0.684,17642,18031,0.6766,0.6915,7.67,318.8,-0.061,9.452,1,1,1
8242204,6935,1,0.150,57.30,57.30,60.58,61.31,0.667,0.682,17683,18073,0.6781,0.6931,7.68,311.8,6.280,9.515,1,1,1
8252204,6945,1,0.150,57.30,57.30,59.19,56.33,0.670,0.692,17723,18110,0.6797,0.6945,7.68,308.8,4.512,9.561,1,1,1
8262204,6955,1,0.150,57.30,57.30,61.85,51.76,0.666,0.703,17766,18144,0.6813,0.6958,7.67,318.8,-3.110,9.530,1,1,1
8272210,6965,1,0.150,57.30,57.30,59.57,57.57,0.670,0.691,17806,18185,0.6829,0.6974,7.67,321.5,-8.110,9.450,1,1,1
8282210,6975,1,0.150,57.30,57.30,59.91,62.39,0.671,0.682,17847,18229,0.6844,0.6991,7.65,317.2,-3.110,9.420,1,1,1
8292216,6985,1,0.150,57.30,57.30,61.04,60.76,0.668,0.685,17889,18270,0.6860,0.7006,7.66,317.0,4.634,9.467,1,1,1
8302227,6995,1,0.150,57.30,57.30,61.38,59.24,0.666,0.687,17931,18310,0.6876,0.7022,7.67,312.0,8.110,9.548,1,1,1
8312239,7005,1,0.150,57.30,57.30,61.48,56.74,0.666,0.692,17973,18348,0.6893,0.7036,7.67,310.8,3.293,9.582,1,1,1
8322249,7015,1,0.150,57.30,57.30,59.46,54.96,0.670,0.695,18013,18385,0.6908,0.7051,7.67,313.2,-2.866,9.554,1,1,1
8332255,7025,1,0.150,57.30,57.30,61.93,61.61,0.665,0.682,18056,18429,0.6924,0.7067,7.67,320.2,-6.220,9.493,1,1,1
8342262,7035,1,0.150,57.30,57.30,60.62,59.50,0.668,0.686,18097,18469,0.6940,0.7083,7.67,310.8,-0.915,9.484,1,1,1
8352262,7045,1,0.150,57.30,57.30,59.20,61.94,0.671,0.681,18137,18512,0.6955,0.7099,7.67,313.8,6.829,9.553,1,1,1
8362271,7055,1,0.150,57.30,57.30,61.85,59.60,0.666,0.686,18180,18552,0.6972,0.7115,7.67,310.5,8.963,9.643,1,1,1
8372277,7065,1,0.150,57.30,57.30,59.57,56.84,0.669,0.691,18220,18590,0.6987,0.7129,7.68,305.2,3.963,9.684,1,1,1
8382277,7075,1,0.150,57.30,57.30,60.94,60.12,0.667,0.685,18262,18632,0.7003,0.7145,7.67,313.5,-3.902,9.645,1,1,1
8392280,7085,1,0.150,57.30,57.30,61.35,61.10,0.666,0.683,18304,18674,0.7019,0.7161,7.67,312.5,-3.659,9.609,1,1,1
8402284,7095,1,0.150,57.30,57.30,61.47,62.42,0.667,0.681,18346,18717,0.7036,0.7178,7.66,311.0,3.293,9.643,1,1,1
8412295,7105,1,0.150,57.30,57.30,61.51,60.77,0.666,0.684,18388,18758,0.7052,0.7194,7.67,307.5,7.195,9.716,1,1,1
8422308,7115,1,0.150,57.30,57.30,61.52,58.22,0.665,0.688,18430,18797,0.7068,0.7209,7.68,309.8,2.378,9.740,1,1,1
8432310,7125,1,0.150,57.30,57.30,61.52,60.53,0.666,0.684,18472,18839,0.7084,0.7225,7.67,310.5,-5.671,9.684,1,1,1
8442310,7135,1,0.150,57.30,57.30,62.55,63.28,0.662,0.677,18515,18883,0.7100,0.7242,7.69,310.8,-7.866,9.606,1,1,1
8452316,7145,1,0.150,57.30,57.30,60.81,63.07,0.666,0.677,18556,18926,0.7116,0.7258,7.69,307.8,1.768,9.625,1,1,1
8462322,7155,1,0.150,57.30,57.30,59.26,65.07,0.670,0.675,18596,18971,0.7131,0.7275,7.67,307.2,10.854,9.734,1,1,1
8472334,7165,1,0.150,57.30,57.30,60.84,61.56,0.668,0.682,18638,19012,0.7148,0.7291,7.67,309.2,10.122,9.836,1,1,1
8482346,7175,1,0.150,57.30,57.30,60.29,58.46,0.668,0.688,18679,19051,0.7163,0.7306,7.67,315.0,4.207,9.878,1,1,1
8492356,7185,1,0.150,57.30,57.30,59.10,62.65,0.672,0.681,18719,19095,0.7179,0.7323,7.66,317.5,-2.195,9.857,1,1,1
8502371,7195,1,0.150,57.30,57.30,61.82,62.89,0.665,0.679,18762,19138,0.7195,0.7339,7.67,307.2,-6.280,9.795,1,1,1
8512379,7205,1,0.150,57.30,57.30,61.61,61.93,0.666,0.682,18804,19180,0.7211,0.7355,7.66,308.0,-5.671,9.739,1,1,1
8522386,7215,1,0.150,57.30,57.30,62.58,62.67,0.664,0.680,18847,19223,0.7228,0.7372,7.67,312.0,-3.476,9.705,1,1,1
8532390,7225,1,0.150,57.30,57.30,63.89,62.89,0.662,0.680,18891,19266,0.7245,0.7388,7.66,307.5,-0.854,9.697,1,1,1
8542399,7235,1,0.150,57.30,57.30,63.26,60.91,0.663,0.684,18934,19307,0.7261,0.7404,7.66,307.8,-2.012,9.678,1,1,1
8552407,7245,1,0.150,57.30,57.30,62.04,63.39,0.665,0.678,18976,19351,0.7277,0.7421,7.67,309.5,-6.341,9.615,1,1,1
8562409,7255,1,0.150,57.30,57.30,59.63,60.03,0.669,0.684,19016,19391,0.7293,0.7436,7.68,307.8,-6.037,9.555,1,1,1
8572413,7265,1,0.150,57.30,57.30,56.85,62.10,0.675,0.680,19054,19434,0.7307,0.7453,7.68,313.2,4.695,9.603,1,1,1
8582422,7275,1,0.150,57.30,57.30,57.05,61.70,0.674,0.681,19093,19476,0.7322,0.7469,7.68,312.0,12.012,9.724,1,1,1
8592424,7285,1,0.150,57.30,57.30,57.10,58.50,0.675,0.688,19132,19515,0.7337,0.7484,7.67,311.5,11.280,9.837,1,1,1
8602437,7295,1,0.150,57.30,57.30,58.15,60.62,0.673,0.684,19172,19557,0.7352,0.7500,7.67,314.0,6.402,9.902,1,1,1
8612447,7305,1,0.150,57.30,57.30,60.51,61.25,0.668,0.683,19214,19599,0.7368,0.7516,7.67,314.2,3.963,9.942,1,1,1
8622453,7315,1,0.150,57.30,57.30,60.19,61.44,0.669,0.682,19255,19641,0.7384,0.7532,7.67,307.8,2.927,9.972,1,1,1
8632459,7325,1,0.150,57.30,57.30,60.10,61.50,0.668,0.681,19296,19683,0.7400,0.7548,7.68,315.0,3.537,10.008,1,1,1
8642459,7335,1,0.150,57.30,57.30,62.12,59.47,0.665,0.686,19339,19723,0.7416,0.7564,7.67,315.5,2.256,10.031,1,1,1
8652470,7345,1,0.150,57.30,57.30,58.63,60.91,0.671,0.683,19378,19765,0.7431,0.7580,7.67,308.0,-0.549,10.027,1,1,1
8662482,7355,1,0.150,57.30,57.30,58.60,58.26,0.673,0.689,19418,19804,0.7447,0.7595,7.66,313.5,-0.244,10.025,1,1,1
8672492,7365,1,0.150,57.30,57.30,57.57,57.47,0.674,0.691,19457,19843,0.7462,0.7610,7.66,316.8,2.988,10.055,1,1,1
8682500,7375,1,0.150,57.30,57.30,58.29,60.31,0.673,0.685,19497,19885,0.7477,0.7626,7.66,316.0,2.927,10.085,1,1,1
8692504,7385,1,0.150,57.30,57.30,59.53,61.16,0.670,0.683,19538,19927,0.7493,0.7642,7.67,311.8,4.268,10.129,1,1,1
8702507,7395,1,0.150,57.30,57.30,59.90,59.36,0.670,0.688,19579,19967,0.7508,0.7657,7.66,315.0,5.732,10.187,1,1,1
8712513,7405,1,0.150,57.30,57.30,60.01,61.90,0.669,0.682,19620,20010,0.7524,0.7674,7.67,312.0,5.244,10.240,1,1,1
8722519,7415,1,0.150,57.30,57.30,60.04,58.56,0.669,0.689,19661,20049,0.7540,0.7689,7.66,314.0,2.805,10.269,1,1,1
8732528,7425,1,0.150,57.30,57.30,60.05,58.58,0.669,0.688,19702,20089,0.7556,0.7704,7.66,316.2,1.829,10.288,1,1,1
8742534,7435,1,0.150,57.30,57.30,59.03,60.64,0.670,0.683,19742,20131,0.7571,0.7720,7.67,318.5,0.610,10.294,1,1,1
8752537,7445,1,0.150,57.30,57.30,59.75,60.23,0.669,0.684,19783,20172,0.7587,0.7736,7.68,313.2,0.671,10.302,1,1,1
8762542,7455,1,0.150,57.30,57.30,59.97,62.16,0.669,0.681,19824,20215,0.7602,0.7752,7.67,312.8,3.476,10.337,1,1,1
8772550,7465,1,0.150,57.30,57.30,61.06,62.74,0.667,0.679,19866,20258,0.7619,0.7769,7.67,309.0,8.049,10.418,1,1,1
8782561,7475,1,0.150,57.30,57.30,61.38,60.86,0.666,0.683,19908,20299,0.7635,0.7785,7.67,307.0,6.829,10.487,1,1,1
8792568,7485,1,0.150,57.30,57.30,60.46,61.33,0.667,0.682,19949,20341,0.7650,0.7801,7.68,308.0,2.012,10.508,1,1,1
8802576,7495,1,0.150,57.30,57.30,60.18,61.46,0.669,0.682,19990,20383,0.7666,0.7817,7.67,307.8,1.646,10.525,1,1,1
8812589,7505,1,0.150,57.30,57.30,60.09,63.56,0.669,0.678,20031,20427,0.7682,0.7834,7.66,314.5,4.085,10.567,1,1,1
8822598,7515,1,0.150,57.30,57.30,61.09,63.16,0.666,0.678,20073,20470,0.7698,0.7850,7.68,312.0,4.817,10.616,1,1,1
8832616,7525,1,0.150,57.30,57.30,61.39,63.04,0.667,0.679,20115,20513,0.7714,0.7867,7.67,310.0,3.049,10.647,1,1,1
8842626,7535,1,0.150,57.30,57.30,62.51,63.00,0.663,0.678,20158,20556,0.7730,0.7883,7.68,313.5,1.585,10.663,1,1,1
8852631,7545,1,0.150,57.30,57.30,62.84,64.02,0.663,0.677,20201,20600,0.7747,0.7900,7.67,305.2,0.793,10.672,1,1,1
8862642,7555,1,0.150,57.30,57.30,60.89,63.30,0.667,0.678,20242,20643,0.7763,0.7916,7.68,304.8,0.915,10.682,1,1,1
8872642,7565,1,0.150,57.30,57.30,60.31,66.16,0.669,0.673,20283,20689,0.7778,0.7934,7.67,304.8,2.134,10.704,1,1,1
8882654,7575,1,0.150,57.30,57.30,60.13,64.96,0.669,0.675,20324,20733,0.7794,0.7951,7.67,305.8,4.390,10.749,1,1,1
8892664,7585,1,0.150,57.30,57.30,61.11,64.61,0.667,0.676,20366,20777,0.7810,0.7968,7.67,306.8,6.402,10.813,1,1,1
8902677,7595,1,0.150,57.30,57.30,62.42,63.47,0.663,0.677,20409,20820,0.7827,0.7984,7.68,311.8,4.634,10.860,1,1,1
8912691,7605,1,0.150,57.30,57.30,62.82,65.18,0.663,0.674,20452,20865,0.7843,0.8002,7.68,311.2,1.341,10.874,1,1,1
8922702,7615,1,0.150,57.30,57.30,61.91,65.70,0.665,0.673,20494,20910,0.7859,0.8019,7.67,304.8,-0.915,10.866,1,1,1
8932709,7625,1,0.150,57.30,57.30,60.61,66.88,0.668,0.672,20535,20956,0.7875,0.8037,7.66,303.0,-1.463,10.852,1,1,1
8942715,7635,1,0.150,57.30,57.30,61.25,65.18,0.666,0.675,20577,21000,0.7891,0.8053,7.67,304.2,-0.976,10.843,1,1,1
8952721,7645,1,0.150,57.30,57.30,62.47,65.70,0.664,0.674,20620,21045,0.7908,0.8071,7.67,305.0,3.049,10.874,1,1,1
8962724,7655,1,0.150,57.30,57.30,61.81,64.83,0.664,0.674,20662,21089,0.7924,0.8088,7.68,304.5,4.329,10.918,1,1,1
8972724,7665,1,0.150,57.30,57.30,62.63,63.54,0.664,0.678,20705,21132,0.7940,0.8104,7.67,304.0,3.415,10.953,1,1,1
8982737,7675,1,0.150,57.30,57.30,60.83,65.20,0.667,0.674,20746,21177,0.7956,0.8121,7.67,306.5,0.488,10.958,1,1,1
8992737,7685,1,0.150,57.30,57.30,61.32,64.68,0.666,0.675,20788,21221,0.7972,0.8138,7.68,304.2,-3.293,10.926,1,1,1
9002739,7695,1,0.150,57.30,57.30,61.46,64.52,0.666,0.676,20830,21265,0.7988,0.8155,7.67,308.5,-0.793,10.919,1,1,1
9012748,7705,1,0.150,57.30,57.30,61.50,65.50,0.666,0.674,20872,21310,0.8004,0.8172,7.67,305.2,5.427,10.974,1,1,1
9022755,7715,1,0.150,57.30,57.30,62.54,62.72,0.664,0.679,20915,21352,0.8021,0.8188,7.67,304.5,6.037,11.035,1,1,1
9032760,7725,1,0.150,57.30,57.30,60.80,62.91,0.666,0.678,20956,21395,0.8037,0.8205,7.68,306.5,1.463,11.050,1,1,1
9042768,7735,1,0.150,57.30,57.30,61.31,63.99,0.666,0.676,20998,21439,0.8053,0.8222,7.68,312.8,-3.780,11.013,1,1,1
9052778,7745,1,0.150,57.30,57.30,60.43,62.26,0.667,0.680,21039,21481,0.8068,0.8238,7.68,312.0,-3.354,10.980,1,1,1
9062783,7755,1,0.150,57.30,57.30,60.17,63.80,0.669,0.678,21080,21525,0.8084,0.8255,7.66,309.2,1.707,10.998,1,1,1
9072793,7765,1,0.150,57.30,57.30,62.14,65.28,0.665,0.675,21123,21570,0.8101,0.8272,7.66,312.8,5.244,11.051,1,1,1
9082797,7775,1,0.150,57.30,57.30,61.71,62.65,0.666,0.680,21165,21612,0.8117,0.8288,7.67,306.2,5.915,11.111,1,1,1
9092806,7785,1,0.150,57.30,57.30,61.58,63.91,0.665,0.676,21207,21656,0.8133,0.8305,7.68,311.5,2.256,11.134,1,1,1
9102806,7795,1,0.150,57.30,57.30,59.49,65.32,0.669,0.674,21247,21701,0.8148,0.8322,7.68,304.2,-2.073,11.114,1,1,1
9112815,7805,1,0.150,57.30,57.30,59.89,61.64,0.668,0.681,21288,21742,0.8164,0.8338,7.68,311.8,-1.037,11.105,1,1,1
9122815,7815,1,0.150,57.30,57.30,60.01,58.48,0.669,0.688,21329,21781,0.8180,0.8353,7.67,306.8,5.915,11.164,1,1,1
9132821,7825,1,0.150,57.30,57.30,61.07,57.53,0.667,0.690,21371,21820,0.8196,0.8368,7.67,317.8,5.488,11.220,1,1,1
9142821,7835,1,0.150,57.30,57.30,63.44,60.33,0.663,0.685,21415,21862,0.8213,0.8384,7.66,314.5,-2.744,11.193,1,1,1
9152821,7845,1,0.150,57.30,57.30,61.07,63.22,0.666,0.678,21456,21906,0.8228,0.8401,7.67,312.2,-10.061,11.093,1,1,1
9162821,7855,1,0.150,57.30,57.30,60.36,61.01,0.668,0.683,21497,21947,0.8244,0.8417,7.67,309.5,-9.451,10.999,1,1,1
9172835,7865,1,0.150,57.30,57.30,60.15,61.37,0.667,0.681,21538,21989,0.8260,0.8433,7.69,310.5,7.622,11.076,1,1,1
9182838,7875,1,0.150,57.30,57.30,60.09,56.35,0.667,0.691,21579,22026,0.8275,0.8447,7.69,307.0,4.390,11.121,1,1,1
9192839,7885,1,0.150,57.30,57.30,62.12,58.95,0.665,0.687,21622,22067,0.8292,0.8463,7.67,315.2,-0.549,11.116,1,1,1
9202850,7895,1,0.150,57.30,57.30,61.70,64.85,0.666,0.676,21664,22113,0.8308,0.8480,7.67,312.5,-4.695,11.070,1,1,1
9212858,7905,1,0.150,57.30,57.30,59.53,61.50,0.670,0.682,21704,22154,0.8323,0.8496,7.67,308.5,-0.488,11.066,1,1,1
9222861,7915,1,0.150,57.30,57.30,60.92,56.39,0.667,0.692,21746,22191,0.8339,0.8510,7.67,314.8,7.012,11.136,1,1,1
9232869,7925,1,0.150,57.30,57.30,59.29,53.83,0.670,0.698,21786,22227,0.8355,0.8524,7.67,313.5,0.610,11.143,1,1,1
9242876,7935,1,0.150,57.30,57.30,59.83,56.14,0.670,0.694,21827,22266,0.8371,0.8539,7.67,321.8,-5.427,11.090,1,1,1
9252889,7945,1,0.150,57.30,57.30,64.09,61.96,0.661,0.681,21872,22310,0.8388,0.8556,7.67,320.2,-4.878,11.042,1,1,1
9262897,7955,1,0.150,57.30,57.30,62.29,61.65,0.664,0.681,21914,22352,0.8404,0.8572,7.68,304.2,-0.671,11.036,1,1,1
9272897,7965,1,0.150,57.30,57.30,59.70,63.61,0.669,0.677,21954,22396,0.8419,0.8589,7.67,306.5,7.927,11.116,1,1,1
9282906,7975,1,0.150,57.30,57.30,59.95,58.05,0.667,0.686,21995,22434,0.8435,0.8603,7.70,313.8,8.963,11.206,1,1,1
9292906,7985,1,0.150,57.30,57.30,57.98,54.33,0.672,0.696,22034,22470,0.8450,0.8617,7.68,308.2,2.744,11.234,1,1,1
9302919,7995,1,0.150,57.30,57.30,60.46,60.39,0.668,0.684,22076,22513,0.8466,0.8634,7.67,323.5,-1.220,11.222,1,1,1
9312928,8005,1,0.150,57.30,57.30,63.25,62.21,0.664,0.682,22120,22556,0.8483,0.8650,7.66,304.0,-2.927,11.194,1,1,1
9322933,8015,1,0.150,57.30,57.30,62.04,61.73,0.665,0.682,22162,22598,0.8499,0.8666,7.67,304.2,1.341,11.208,1,1,1
9332937,8025,1,0.150,57.30,57.30,60.65,59.53,0.668,0.686,22203,22638,0.8515,0.8682,7.67,306.8,9.451,11.303,1,1,1
9342952,8035,1,0.150,57.30,57.30,58.19,56.83,0.672,0.691,22242,22676,0.8530,0.8696,7.68,310.2,7.927,11.383,1,1,1
9352965,8045,1,0.150,57.30,57.30,60.52,58.06,0.667,0.688,22284,22716,0.8546,0.8711,7.68,320.2,0.183,11.386,1,1,1
9362972,8055,1,0.150,57.30,57.30,63.27,61.51,0.662,0.682,22328,22759,0.8563,0.8728,7.68,310.2,-3.963,11.347,1,1,1
9372979,8065,1,0.150,57.30,57.30,61.02,62.55,0.666,0.679,22369,22802,0.8578,0.8744,7.68,301.5,-0.305,11.344,1,1,1
9382980,8075,1,0.150,57.30,57.30,60.35,60.80,0.668,0.683,22410,22843,0.8594,0.8760,7.68,304.8,8.415,11.429,1,1,1
9392980,8085,1,0.150,57.30,57.30,60.15,60.28,0.668,0.684,22451,22884,0.8610,0.8776,7.68,310.8,6.220,11.492,1,1,1
9402988,8095,1,0.150,57.30,57.30,61.11,61.15,0.666,0.682,22493,22926,0.8626,0.8792,7.68,303.5,-0.976,11.483,1,1,1
9412990,8105,1,0.150,57.30,57.30,64.48,63.46,0.660,0.678,22538,22970,0.8643,0.8809,7.67,304.0,-3.902,11.445,1,1,1
9422997,8115,1,0.150,57.30,57.30,65.49,64.16,0.658,0.676,22583,23014,0.8660,0.8826,7.67,297.0,-2.378,11.422,1,1,1
9433009,8126,1,0.150,57.30,57.30,60.66,64.36,0.667,0.675,22623,23058,0.8676,0.8843,7.68,300.2,5.976,11.482,1,1,1
9443010,8136,1,0.150,57.30,57.30,58.19,63.40,0.672,0.678,22662,23101,0.8691,0.8859,7.68,308.8,11.585,11.598,1,1,1
9453010,8146,1,0.150,57.30,57.30,56.42,60.04,0.676,0.685,22700,23141,0.8705,0.8874,7.67,311.8,7.744,11.677,1,1,1
9463020,8156,1,0.150,57.30,57.30,59.99,60.05,0.669,0.685,22742,23182,0.8721,0.8890,7.67,314.8,2.439,11.702,1,1,1
9473033,8166,1,0.150,57.30,57.30,61.06,64.16,0.667,0.677,22784,23227,0.8738,0.8907,7.66,317.8,-1.707,11.685,1,1,1
9483040,8176,1,0.150,57.30,57.30,61.39,64.36,0.667,0.677,22826,23271,0.8754,0.8924,7.66,313.5,-1.280,11.673,1,1,1
9493051,8186,1,0.150,57.30,57.30,62.51,64.43,0.663,0.675,22869,23315,0.8770,0.8941,7.68,314.8,0.427,11.678,1,1,1
9503058,8196,1,0.150,57.30,57.30,62.84,62.39,0.664,0.681,22912,23357,0.8787,0.8957,7.67,308.8,1.037,11.689,1,1,1
9513066,8206,1,0.150,57.30,57.30,61.92,59.73,0.664,0.684,22954,23397,0.8803,0.8973,7.68,308.5,-1.768,11.672,1,1,1
9523066,8216,1,0.150,57.30,57.30,62.67,60.99,0.663,0.683,22997,23439,0.8819,0.8989,7.68,308.2,-5.183,11.621,1,1,1
9533079,8226,1,0.150,57.30,57.30,63.92,63.41,0.661,0.678,23041,23483,0.8836,0.9006,7.68,303.5,-5.061,11.571,1,1,1
9543086,8236,1,0.150,57.30,57.30,61.22,63.12,0.666,0.679,23082,23526,0.8852,0.9022,7.67,302.0,-3.659,11.535,1,1,1
9553088,8246,1,0.150,57.30,57.30,59.38,59.95,0.669,0.684,23122,23566,0.8867,0.9037,7.68,302.0,2.012,11.556,1,1,1
9563096,8256,1,0.150,57.30,57.30,55.75,60.03,0.678,0.685,23159,23607,0.8881,0.9053,7.67,310.2,10.305,11.660,1,1,1
9573109,8266,1,0.150,57.30,57.30,57.74,60.05,0.673,0.685,23199,23648,0.8897,0.9069,7.67,319.0,10.793,11.768,1,1,1
9583109,8276,1,0.150,57.30,57.30,58.34,62.11,0.671,0.680,23239,23691,0.8912,0.9085,7.68,313.2,7.927,11.848,1,1,1
9593125,8286,1,0.150,57.30,57.30,58.52,60.67,0.671,0.683,23279,23732,0.8927,0.9101,7.68,307.5,5.793,11.907,1,1,1
9603133,8296,1,0.150,57.30,57.30,59.60,61.27,0.669,0.682,23320,23774,0.8943,0.9117,7.67,314.5,5.793,11.966,1,1,1
9613141,8306,1,0.150,57.30,57.30,60.95,60.42,0.667,0.684,23362,23815,0.8959,0.9133,7.67,311.5,5.183,12.018,1,1,1
9623152,8316,1,0.150,57.30,57.30,61.35,61.19,0.666,0.682,23404,23857,0.8975,0.9149,7.68,310.8,2.866,12.047,1,1,1
9633158,8326,1,0.150,57.30,57.30,59.42,60.40,0.670,0.684,23444,23898,0.8991,0.9165,7.67,305.0,1.220,12.060,1,1,1
9643164,8336,1,0.150,57.30,57.30,58.84,58.11,0.671,0.688,23484,23937,0.9006,0.9180,7.67,309.0,0.244,12.063,1,1,1
9653167,8346,1,0.150,57.30,57.30,57.64,58.45,0.674,0.688,23523,23977,0.9021,0.9195,7.67,312.5,0.610,12.070,1,1,1
9663167,8356,1,0.150,57.30,57.30,59.33,59.58,0.671,0.686,23564,24018,0.9037,0.9211,7.66,316.8,1.463,12.086,1,1,1
9673180,8366,1,0.150,57.30,57.30,57.79,59.91,0.674,0.686,23603,24059,0.9052,0.9227,7.66,315.0,4.878,12.135,1,1,1
9683180,8376,1,0.150,57.30,57.30,60.40,61.04,0.669,0.684,23645,24101,0.9068,0.9243,7.66,314.2,7.866,12.214,1,1,1
9693180,8386,1,0.150,57.30,57.30,60.16,62.40,0.668,0.680,23686,24144,0.9083,0.9259,7.67,311.5,6.341,12.278,1,1,1
9703186,8396,1,0.150,57.30,57.30,60.09,59.74,0.669,0.686,23727,24184,0.9099,0.9274,7.67,310.8,2.378,12.303,1,1,1
9713197,8406,1,0.150,57.30,57.30,60.07,58.94,0.669,0.688,23768,24224,0.9115,0.9290,7.67,313.2,1.768,12.321,1,1,1
9723197,8416,1,0.150,57.30,57.30,59.04,59.72,0.671,0.685,23808,24265,0.9130,0.9306,7.67,313.0,0.793,12.330,1,1,1
9733209,8426,1,0.150,57.30,57.30,58.73,59.96,0.672,0.686,23848,24306,0.9146,0.9321,7.66,315.5,1.829,12.349,1,1,1
9743212,8436,1,0.150,57.30,57.30,60.68,53.88,0.668,0.698,23890,24341,0.9162,0.9335,7.67,317.8,5.122,12.401,1,1,1
9753219,8446,1,0.150,57.30,57.30,61.27,67.43,0.666,0.670,23932,24391,0.9178,0.9354,7.67,316.5,5.976,12.461,1,1,1
9763232,8456,1,0.150,57.30,57.30,60.42,63.30,0.668,0.678,23973,24433,0.9194,0.9370,7.67,303.8,3.659,12.498,1,1,1
9773246,8466,1,0.150,57.30,57.30,60.17,62.06,0.668,0.681,24014,24475,0.9209,0.9386,7.67,313.2,2.256,12.522,1,1,1
9783258,8476,1,0.150,57.30,57.30,60.09,63.73,0.669,0.678,24055,24519,0.9225,0.9403,7.67,311.0,4.512,12.568,1,1,1
9793269,8486,1,0.150,57.30,57.30,61.09,64.24,0.666,0.676,24097,24563,0.9241,0.9420,7.68,313.0,7.317,12.641,1,1,1
9803271,8496,1,0.150,57.30,57.30,60.37,66.44,0.668,0.672,24138,24609,0.9257,0.9437,7.67,305.8,6.829,12.710,1,1,1
9813275,8506,1,0.150,57.30,57.30,61.18,63.00,0.666,0.679,24180,24651,0.9273,0.9454,7.67,304.8,3.841,12.749,1,1,1
9823277,8516,1,0.150,57.30,57.30,61.42,62.99,0.666,0.679,24222,24694,0.9289,0.9470,7.67,306.8,2.378,12.774,1,1,1
9833286,8526,1,0.150,57.30,57.30,61.49,61.96,0.666,0.681,24264,24736,0.9305,0.9486,7.67,303.5,1.402,12.789,1,1,1
9843292,8536,1,0.150,57.30,57.30,60.49,64.73,0.669,0.676,24305,24781,0.9321,0.9503,7.66,309.5,1.524,12.805,1,1,1
9853293,8546,1,0.150,57.30,57.30,62.24,65.56,0.664,0.673,24348,24826,0.9337,0.9521,7.68,306.2,1.768,12.823,1,1,1
9863303,8556,1,0.150,57.30,57.30,61.74,65.81,0.665,0.673,24390,24871,0.9353,0.9538,7.68,308.5,0.732,12.831,1,1,1
9873308,8566,1,0.150,57.30,57.30,60.56,63.84,0.667,0.677,24431,24914,0.9369,0.9554,7.68,303.2,2.134,12.853,1,1,1
9883318,8576,1,0.150,57.30,57.30,61.24,63.24,0.666,0.678,24473,24957,0.9385,0.9571,7.68,311.0,3.293,12.887,1,1,1
9893323,8586,1,0.150,57.30,57.30,61.44,64.09,0.666,0.677,24515,25001,0.9401,0.9588,7.67,308.8,1.829,12.906,1,1,1
9903331,8596,1,0.150,57.30,57.30,62.52,66.39,0.664,0.672,24558,25047,0.9418,0.9605,7.67,301.8,1.159,12.918,1,1,1
9913340,8606,1,0.150,57.30,57.30,63.87,68.11,0.661,0.669,24602,25094,0.9435,0.9623,7.67,303.5,0.244,12.921,1,1,1
9923352,8616,1,0.150,57.30,57.30,62.23,68.63,0.665,0.668,24644,25141,0.9451,0.9641,7.67,302.2,0.854,12.930,1,1,1
9933355,8626,1,0.150,57.30,57.30,60.71,65.71,0.667,0.674,24685,25185,0.9467,0.9658,7.67,303.2,3.415,12.965,1,1,1
9943368,8636,1,0.150,57.30,57.30,60.25,63.80,0.667,0.676,24726,25228,0.9482,0.9675,7.69,312.2,4.939,13.015,1,1,1
9953368,8646,1,0.150,57.30,57.30,62.17,62.21,0.663,0.679,24769,25270,0.9499,0.9691,7.69,310.2,3.720,13.053,1,1,1
9963368,8656,1,0.150,57.30,57.30,62.74,63.78,0.662,0.676,24812,25314,0.9515,0.9708,7.69,309.8,0.305,13.057,1,1,1
9973371,8666,1,0.150,57.30,57.30,60.86,63.23,0.666,0.678,24853,25357,0.9531,0.9724,7.68,305.8,-4.329,13.014,1,1,1
9983384,8676,1,0.150,57.30,57.30,60.30,64.08,0.668,0.677,24894,25401,0.9547,0.9741,7.67,308.2,-2.927,12.985,1,1,1
9993398,8686,1,0.150,57.30,57.30,61.16,62.29,0.666,0.680,24936,25443,0.9563,0.9757,7.67,310.0,3.049,13.017,1,1,1
10003399,8696,1,0.150,57.30,57.30,61.41,62.78,0.666,0.679,24978,25486,0.9579,0.9774,7.67,309.0,4.024,13.058,1,1,1
10013401,8706,1,0.150,57.30,57.30,62.52,63.95,0.663,0.677,25021,25530,0.9595,0.9791,7.68,309.8,1.585,13.074,1,1,1
10023407,8716,1,0.150,57.30,57.30,60.80,64.30,0.666,0.675,25062,25574,0.9611,0.9808,7.68,302.5,-1.037,13.064,1,1,1
10033407,8726,1,0.150,57.30,57.30,62.33,63.38,0.664,0.678,25105,25617,0.9628,0.9824,7.68,308.8,-0.427,13.061,1,1,1
10043413,8736,1,0.150,57.30,57.30,60.74,63.11,0.667,0.678,25146,25660,0.9643,0.9840,7.68,309.8,4.573,13.107,1,1,1
10053416,8746,1,0.150,57.30,57.30,59.24,60.97,0.671,0.684,25186,25701,0.9659,0.9856,7.66,309.5,5.366,13.162,1,1,1
10063422,8756,1,0.150,57.30,57.30,60.84,61.36,0.667,0.683,25228,25743,0.9675,0.9872,7.67,313.8,2.683,13.189,1,1,1
10073424,8766,1,0.150,57.30,57.30,62.34,63.52,0.664,0.678,25271,25787,0.9691,0.9889,7.68,313.5,0.122,13.191,1,1,1
10083428,8776,1,0.150,57.30,57.30,59.72,64.17,0.668,0.676,25311,25831,0.9707,0.9906,7.68,307.2,-1.829,13.173,1,1,1
10093431,8786,1,0.150,57.30,57.30,59.96,61.29,0.668,0.681,25352,25872,0.9722,0.9922,7.68,301.0,-0.915,13.165,1,1,1
10103443,8796,1,0.150,57.30,57.30,60.03,58.38,0.668,0.687,25393,25911,0.9738,0.9937,7.68,308.8,1.768,13.183,1,1,1
10113453,8806,1,0.150,57.30,57.30,60.05,60.58,0.669,0.684,25434,25953,0.9754,0.9953,7.67,313.5,-0.183,13.182,1,1,1
10123455,8816,1,0.150,57.30,57.30,63.13,62.27,0.663,0.681,25478,25996,0.9771,0.9969,7.67,316.2,-2.622,13.157,1,1,1
10133462,8826,1,0.150,57.30,57.30,63.03,63.80,0.663,0.677,25521,26040,0.9787,0.9986,7.67,302.2,-2.378,13.134,1,1,1
10143474,8836,1,0.150,57.30,57.30,60.95,63.23,0.667,0.678,25562,26083,0.9803,1.0003,7.68,302.2,-0.854,13.126,1,1,1
10153483,8846,1,0.150,57.30,57.30,58.28,55.88,0.672,0.693,25601,26119,0.9818,1.0017,7.67,306.2,2.134,13.148,1,1,1
10163497,8856,1,0.150,57.30,57.30,59.52,58.81,0.671,0.689,25642,26160,0.9834,1.0032,7.65,317.0,1.829,13.167,1,1,1
10173507,8866,1,0.150,57.30,57.30,57.85,61.73,0.674,0.682,25681,26203,0.9849,1.0049,7.67,313.5,-0.366,13.164,1,1,1
10183512,8876,1,0.150,57.30,57.30,65.55,59.54,0.659,0.687,25728,26243,0.9867,1.0064,7.66,306.8,-0.976,13.155,1,1,1
10193515,8886,1,0.150,57.30,57.30,60.68,61.95,0.667,0.681,25768,26286,0.9882,1.0081,7.68,306.0,0.488,13.160,1,1,1
10203522,8896,1,0.150,57.30,57.30,60.24,55.50,0.669,0.695,25809,26322,0.9898,1.0094,7.67,303.8,1.098,13.172,1,1,1
10213528,8906,1,0.150,57.30,57.30,62.17,55.61,0.665,0.695,25852,26360,0.9914,1.0109,7.67,316.8,0.915,13.182,1,1,1
10223531,8916,1,0.150,57.30,57.30,58.64,61.80,0.672,0.682,25891,26404,0.9929,1.0126,7.67,313.0,-0.488,13.178,1,1,1
10233535,8926,1,0.150,57.30,57.30,62.71,61.61,0.663,0.682,25935,26446,0.9946,1.0142,7.67,317.0,-2.195,13.156,1,1,1
10243544,8936,1,0.150,57.30,57.30,60.85,61.55,0.667,0.682,25976,26488,0.9962,1.0158,7.67,309.8,-1.646,13.140,1,1,1
10253550,8946,1,0.150,57.30,57.30,61.32,58.45,0.666,0.688,26018,26527,0.9978,1.0173,7.67,310.2,1.951,13.161,1,1,1
10263550,8956,1,0.150,57.30,57.30,57.36,55.48,0.675,0.695,26056,26564,0.9992,1.0187,7.66,314.2,5.549,13.217,1,1,1
10273565,8966,1,0.150,57.30,57.30,59.25,57.66,0.670,0.690,26097,26604,1.0008,1.0203,7.67,323.8,3.720,13.255,1,1,1
10283568,8976,1,0.150,57.30,57.30,60.84,61.39,0.668,0.683,26139,26647,1.0024,1.0219,7.66,318.0,0.915,13.265,1,1,1
10293574,8986,1,0.150,57.30,57.30,62.34,61.48,0.663,0.681,26182,26689,1.0041,1.0235,7.69,317.5,0.000,13.265,1,1,1
10303583,8996,1,0.150,57.30,57.30,63.82,62.54,0.662,0.681,26226,26732,1.0058,1.0252,7.66,307.2,2.317,13.289,1,1,1
10313585,9006,1,0.150,57.30,57.30,60.16,58.75,0.669,0.688,26266,26771,1.0073,1.0267,7.66,305.8,3.659,13.326,1,1,1
10323591,9016,1,0.150,57.30,57.30,57.01,56.59,0.675,0.692,26304,26809,1.0087,1.0281,7.67,318.0,4.329,13.370,1,1,1
10333591,9026,1,0.150,57.30,57.30,60.17,61.07,0.668,0.682,26346,26852,1.0104,1.0298,7.68,318.8,2.805,13.399,1,1,1
10343604,9036,1,0.150,57.30,57.30,61.12,61.39,0.667,0.683,26388,26894,1.0120,1.0314,7.67,306.2,0.061,13.400,1,1,1
10353618,9046,1,0.150,57.30,57.30,61.40,60.46,0.666,0.684,26430,26935,1.0136,1.0329,7.67,306.5,1.707,13.418,1,1,1
10363630,9056,1,0.150,57.30,57.30,60.46,60.18,0.667,0.684,26471,26976,1.0152,1.0345,7.68,309.2,3.415,13.453,1,1,1
10373641,9066,1,0.150,57.30,57.30,60.18,60.09,0.668,0.685,26512,27017,1.0167,1.0361,7.67,306.0,1.829,13.472,1,1,1
10383642,9076,1,0.150,57.30,57.30,61.12,64.17,0.666,0.676,26554,27062,1.0183,1.0378,7.67,316.2,1.280,13.485,1,1,1
10393654,9086,1,0.150,57.30,57.30,64.48,64.37,0.660,0.676,26599,27106,1.0201,1.0395,7.67,304.0,0.671,13.493,1,1,1
10403657,9096,1,0.150,57.30,57.30,63.44,66.48,0.661,0.671,26642,27152,1.0217,1.0413,7.68,306.2,2.683,13.520,1,1,1
10413664,9106,1,0.150,57.30,57.30,63.12,64.04,0.663,0.677,26685,27195,1.0234,1.0429,7.67,297.2,4.573,13.567,1,1,1
10423669,9116,1,0.150,57.30,57.30,56.88,58.18,0.675,0.688,26722,27233,1.0248,1.0444,7.67,304.2,3.537,13.603,1,1,1
10433669,9126,1,0.150,57.30,57.30,58.08,59.49,0.673,0.686,26762,27274,1.0263,1.0459,7.67,321.2,4.695,13.650,1,1,1
10443672,9136,1,0.150,57.30,57.30,58.44,63.99,0.672,0.677,26802,27319,1.0278,1.0477,7.67,310.0,2.622,13.677,1,1,1
10453679,9146,1,0.150,57.30,57.30,61.62,62.26,0.665,0.680,26845,27361,1.0295,1.0493,7.67,311.0,-0.488,13.673,1,1,1
10463691,9156,1,0.150,57.30,57.30,61.55,63.80,0.665,0.677,26887,27405,1.0311,1.0510,7.68,310.2,1.646,13.690,1,1,1
10473699,9166,1,0.150,57.30,57.30,61.53,65.28,0.667,0.676,26929,27450,1.0327,1.0527,7.66,305.0,4.085,13.732,1,1,1
10483709,9176,1,0.150,57.30,57.30,61.53,63.68,0.665,0.677,26971,27493,1.0343,1.0543,7.68,311.8,4.207,13.775,1,1,1
10493717,9186,1,0.150,57.30,57.30,60.50,61.14,0.669,0.684,27012,27534,1.0359,1.0559,7.66,304.0,1.951,13.795,1,1,1
10503717,9196,1,0.150,57.30,57.30,61.22,61.41,0.667,0.683,27054,27576,1.0375,1.0575,7.66,307.2,0.671,13.802,1,1,1
10513730,9206,1,0.150,57.30,57.30,63.48,61.49,0.662,0.682,27098,27618,1.0392,1.0591,7.67,306.0,-0.488,13.798,1,1,1
10523737,9216,1,0.150,57.30,57.30,65.19,61.51,0.658,0.681,27143,27660,1.0409,1.0607,7.68,306.8,-3.049,13.768,1,1,1
10533752,9226,1,0.150,57.30,57.30,61.60,59.47,0.665,0.685,27184,27700,1.0425,1.0623,7.68,305.5,-5.488,13.714,1,1,1
10543760,9236,1,0.150,57.30,57.30,57.44,59.88,0.674,0.685,27222,27741,1.0440,1.0639,7.67,308.5,-4.634,13.668,1,1,1
10553770,9246,1,0.150,57.30,57.30,57.22,61.03,0.675,0.684,27261,27783,1.0454,1.0655,7.66,317.5,3.476,13.704,1,1,1
10563770,9256,1,0.150,57.30,57.30,58.18,60.35,0.674,0.685,27301,27824,1.0470,1.0670,7.66,308.0,6.524,13.770,1,1,1
10573775,9266,1,0.150,57.30,57.30,59.50,61.17,0.671,0.683,27342,27866,1.0486,1.0686,7.66,310.2,5.549,13.826,1,1,1
10583785,9276,1,0.150,57.30,57.30,57.84,60.39,0.674,0.685,27381,27907,1.0500,1.0702,7.67,310.5,7.622,13.903,1,1,1
10593789,9286,1,0.150,57.30,57.30,59.39,60.16,0.670,0.685,27422,27948,1.0516,1.0718,7.67,312.0,9.207,13.996,1,1,1
10603798,9296,1,0.150,57.30,57.30,60.88,61.11,0.668,0.684,27464,27990,1.0532,1.0734,7.66,313.8,8.110,14.077,1,1,1
10613806,9306,1,0.150,57.30,57.30,61.33,59.35,0.666,0.686,27506,28030,1.0548,1.0749,7.67,308.2,5.183,14.130,1,1,1
10623806,9316,1,0.150,57.30,57.30,59.42,59.85,0.670,0.685,27546,28071,1.0564,1.0765,7.68,310.0,-0.122,14.129,1,1,1
10633815,9326,1,0.150,57.30,57.30,59.87,59.99,0.669,0.685,27587,28112,1.0579,1.0781,7.68,312.0,-2.866,14.101,1,1,1
10643823,9336,1,0.150,57.30,57.30,56.92,57.99,0.676,0.690,27625,28151,1.0594,1.0796,7.66,311.8,-0.305,14.099,1,1,1
10653823,9346,1,0.150,57.30,57.30,59.12,59.44,0.671,0.686,27666,28192,1.0610,1.0811,7.67,319.8,3.598,14.136,1,1,1
10663828,9356,1,0.150,57.30,57.30,58.75,60.90,0.671,0.683,27706,28234,1.0625,1.0828,7.68,318.0,6.585,14.202,1,1,1
10673836,9366,1,0.150,57.30,57.30,60.69,59.28,0.668,0.687,27748,28274,1.0641,1.0843,7.66,311.0,5.427,14.257,1,1,1
10683843,9376,1,0.150,57.30,57.30,59.22,60.85,0.670,0.683,27788,28316,1.0657,1.0859,7.68,313.2,2.988,14.288,1,1,1
10693845,9386,1,0.150,57.30,57.30,59.81,60.30,0.670,0.685,27829,28357,1.0672,1.0875,7.66,307.2,1.707,14.305,1,1,1
10703846,9396,1,0.150,57.30,57.30,59.98,61.16,0.670,0.684,27870,28399,1.0688,1.0891,7.66,309.2,5.244,14.359,1,1,1
10713846,9406,1,0.150,57.30,57.30,59.01,57.31,0.671,0.691,27910,28437,1.0703,1.0905,7.66,310.2,7.439,14.434,1,1,1
10723854,9416,1,0.150,57.30,57.30,60.77,65.39,0.668,0.675,27952,28484,1.0719,1.0923,7.67,317.0,4.573,14.480,1,1,1
10733858,9426,1,0.150,57.30,57.30,60.27,62.68,0.668,0.680,27993,28526,1.0735,1.0940,7.67,306.5,0.671,14.487,1,1,1
10743858,9436,1,0.150,57.30,57.30,60.12,61.87,0.667,0.680,28034,28568,1.0751,1.0956,7.68,304.0,0.976,14.498,1,1,1
10753858,9446,1,0.150,57.30,57.30,59.05,61.63,0.671,0.682,28074,28610,1.0766,1.0972,7.66,305.5,4.451,14.543,1,1,1
10763858,9456,1,0.150,57.30,57.30,60.78,63.61,0.668,0.678,28116,28654,1.0782,1.0989,7.67,309.0,6.524,14.609,1,1,1
10773858,9466,1,0.150,57.30,57.30,61.30,63.17,0.667,0.680,28158,28697,1.0798,1.1005,7.66,304.8,5.366,14.663,1,1,1
10783866,9476,1,0.150,57.30,57.30,60.43,64.07,0.669,0.677,28199,28741,1.0814,1.1022,7.66,307.2,2.805,14.692,1,1,1
10793866,9486,1,0.150,57.30,57.30,61.20,64.34,0.666,0.676,28241,28785,1.0830,1.1039,7.68,306.8,1.646,14.709,1,1,1
10803866,9496,1,0.150,57.30,57.30,60.40,63.39,0.667,0.677,28282,28828,1.0846,1.1055,7.69,304.5,2.622,14.736,1,1,1
10813867,9506,1,0.150,57.30,57.30,61.19,64.14,0.667,0.677,28324,28872,1.0862,1.1072,7.66,308.8,4.146,14.778,1,1,1
10823869,9516,1,0.150,57.30,57.30,61.42,65.38,0.666,0.674,28366,28917,1.0878,1.1090,7.67,306.8,4.207,14.821,1,1,1
10833876,9526,1,0.150,57.30,57.30,61.49,65.76,0.666,0.674,28408,28962,1.0894,1.1107,7.67,304.0,2.561,14.847,1,1,1
10843889,9536,1,0.150,57.30,57.30,62.54,63.82,0.664,0.678,28451,29005,1.0911,1.1123,7.66,307.2,0.488,14.853,1,1,1
10853897,9546,1,0.150,57.30,57.30,60.80,64.26,0.668,0.677,28492,29049,1.0927,1.1140,7.66,300.5,0.549,14.859,1,1,1
10863897,9556,1,0.150,57.30,57.30,60.28,62.35,0.668,0.680,28533,29091,1.0942,1.1156,7.68,308.8,2.744,14.887,1,1,1
10873904,9566,1,0.150,57.30,57.30,61.15,65.87,0.667,0.674,28575,29137,1.0958,1.1174,7.67,304.0,3.049,14.918,1,1,1
10883904,9576,1,0.150,57.30,57.30,62.44,65.90,0.664,0.673,28618,29182,1.0975,1.1191,7.67,305.2,2.256,14.942,1,1,1
10893912,9586,1,0.150,57.30,57.30,62.82,67.96,0.662,0.668,28661,29229,1.0991,1.1209,7.68,305.5,2.317,14.966,1,1,1
10903926,9596,1,0.150,57.30,57.30,64.99,68.58,0.658,0.667,28706,29276,1.1009,1.1227,7.68,304.0,0.549,14.972,1,1,1
10913930,9606,1,0.150,57.30,57.30,62.56,65.69,0.664,0.674,28748,29320,1.1025,1.1244,7.67,296.0,0.427,14.977,1,1,1
10923933,9616,1,0.150,57.30,57.30,58.76,62.77,0.672,0.680,28787,29362,1.1040,1.1260,7.67,302.5,2.256,15.000,1,1,1
10933937,9626,1,0.150,57.30,57.30,59.67,62.92,0.670,0.679,28828,29405,1.1055,1.1277,7.67,307.0,1.707,15.018,1,1,1
10943952,9636,1,0.150,57.30,57.30,61.99,61.94,0.665,0.681,28871,29447,1.1072,1.1293,7.67,306.0,0.244,15.021,1,1,1
10953964,9646,1,0.150,57.30,57.30,62.69,63.70,0.663,0.677,28914,29491,1.1088,1.1310,7.68,302.2,-0.366,15.018,1,1,1
10963971,9656,1,0.150,57.30,57.30,59.82,64.23,0.669,0.676,28954,29535,1.1104,1.1327,7.68,300.2,-1.951,14.999,1,1,1
10973980,9666,1,0.150,57.30,57.30,61.01,61.31,0.666,0.682,28996,29576,1.1120,1.1342,7.68,305.8,-0.549,14.994,1,1,1
10983988,9676,1,0.150,57.30,57.30,61.37,64.54,0.666,0.676,29038,29621,1.1136,1.1360,7.67,307.0,2.073,15.016,1,1,1
10993988,9686,1,0.150,57.30,57.30,62.50,62.43,0.663,0.680,29081,29663,1.1152,1.1376,7.68,307.8,0.366,15.020,1,1,1
11003990,9696,1,0.150,57.30,57.30,62.84,63.85,0.663,0.677,29124,29707,1.1169,1.1392,7.68,307.8,-0.854,15.012,1,1,1
11013994,9706,1,0.150,57.30,57.30,60.89,65.30,0.667,0.675,29165,29752,1.1185,1.1410,7.67,305.0,0.671,15.019,1,1,1
11023994,9716,1,0.150,57.30,57.30,59.28,60.60,0.671,0.684,29205,29792,1.1200,1.1425,7.67,303.8,3.171,15.052,1,1,1
11033997,9726,1,0.150,57.30,57.30,60.85,61.25,0.668,0.683,29247,29834,1.1216,1.1441,7.66,313.5,3.415,15.087,1,1,1
11044009,9737,1,0.150,57.30,57.30,59.27,62.47,0.671,0.681,29287,29877,1.1231,1.1458,7.66,314.0,0.671,15.094,1,1,1
11054012,9747,1,0.150,57.30,57.30,60.85,61.81,0.666,0.680,29329,29919,1.1248,1.1474,7.69,313.5,-0.488,15.090,1,1,1
11064016,9757,1,0.150,57.30,57.30,62.35,62.63,0.663,0.679,29372,29962,1.1264,1.1490,7.68,310.5,0.122,15.092,1,1,1
11074021,9767,1,0.150,57.30,57.30,58.69,58.78,0.672,0.688,29411,30001,1.1279,1.1505,7.67,306.0,-3.963,15.053,1,1,1
11084025,9777,1,0.150,57.30,57.30,60.67,59.68,0.668,0.686,29453,30042,1.1295,1.1521,7.66,316.0,-5.244,15.001,1,1,1
11094033,9787,1,0.150,57.30,57.30,60.24,61.99,0.669,0.681,29494,30085,1.1311,1.1537,7.67,308.8,-2.012,14.982,1,1,1
11104036,9797,1,0.150,57.30,57.30,60.11,61.66,0.669,0.682,29535,30127,1.1327,1.1554,7.67,317.8,2.256,15.005,1,1,1
11114047,9807,1,0.150,57.30,57.30,62.13,62.59,0.664,0.679,29578,30170,1.1343,1.1570,7.68,315.5,5.488,15.060,1,1,1
11124058,9817,1,0.150,57.30,57.30,60.68,56.72,0.667,0.691,29619,30207,1.1359,1.1584,7.68,304.2,1.402,15.075,1,1,1
11134063,9827,1,0.150,57.30,57.30,61.27,59.06,0.666,0.687,29661,30248,1.1375,1.1600,7.67,310.2,-5.366,15.022,1,1,1
11144063,9837,1,0.150,57.30,57.30,60.42,61.81,0.668,0.681,29702,30291,1.1391,1.1616,7.67,315.0,-3.232,14.991,1,1,1
11154073,9847,1,0.150,57.30,57.30,60.17,59.56,0.668,0.685,29743,30331,1.1406,1.1632,7.68,311.8,1.402,15.005,1,1,1
11164081,9857,1,0.150,57.30,57.30,52.91,59.91,0.684,0.685,29777,30372,1.1419,1.1648,7.67,312.8,5.244,15.058,1,1,1
11174092,9867,1,0.150,57.30,57.30,68.17,55.91,0.654,0.694,29828,30409,1.1439,1.1662,7.66,321.2,3.720,15.096,1,1,1
11184103,9877,1,0.150,57.30,57.30,59.42,55.74,0.670,0.694,29866,30447,1.1453,1.1676,7.67,307.8,-6.159,15.035,1,1,1
11194109,9887,1,0.150,57.30,57.30,61.92,60.81,0.665,0.684,29909,30490,1.1470,1.1693,7.67,321.0,-7.866,14.957,1,1,1
11204121,9897,1,0.150,57.30,57.30,62.67,60.29,0.663,0.684,29952,30531,1.1486,1.1708,7.68,308.2,-0.732,14.951,1,1,1
11214125,9907,1,0.150,57.30,57.30,59.82,61.15,0.670,0.683,29992,30573,1.1502,1.1725,7.67,310.8,5.305,15.004,1,1,1
11224126,9917,1,0.150,57.30,57.30,64.09,59.36,0.660,0.686,30037,30613,1.1519,1.1740,7.68,313.2,6.524,15.070,1,1,1
11234128,9927,1,0.150,57.30,57.30,57.17,55.75,0.674,0.694,30074,30650,1.1533,1.1754,7.67,307.2,3.902,15.110,1,1,1
11244140,9937,1,0.150,57.30,57.30,60.22,55.69,0.668,0.694,30116,30688,1.1549,1.1769,7.67,323.8,-1.829,15.093,1,1,1
11254141,9947,1,0.150,57.30,57.30,59.08,60.80,0.672,0.684,30156,30731,1.1565,1.1785,7.66,317.2,0.061,15.094,1,1,1
11264143,9957,1,0.150,57.30,57.30,59.77,60.28,0.669,0.684,30197,30772,1.1580,1.1801,7.67,310.2,0.549,15.100,1,1,1
11274143,9967,1,0.150,57.30,57.30,62.02,60.13,0.666,0.685,30240,30813,1.1597,1.1817,7.66,309.5,2.927,15.130,1,1,1
11284152,9977,1,0.150,57.30,57.30,62.70,59.05,0.663,0.686,30283,30853,1.1613,1.1832,7.68,308.2,3.720,15.168,1,1,1
11294158,9987,1,0.150,57.30,57.30,59.83,57.71,0.669,0.689,30323,30892,1.1629,1.1847,7.67,308.0,-2.866,15.140,1,1,1
11304167,9997,1,0.150,57.30,57.30,61.01,60.38,0.668,0.685,30365,30934,1.1645,1.1863,7.66,315.5,-6.220,15.078,1,1,1
11314171,10007,1,0.150,57.30,57.30,60.35,62.21,0.670,0.682,30406,30977,1.1661,1.1880,7.65,310.5,0.000,15.079,1,1,1
11324173,10017,1,0.150,57.30,57.30,61.17,61.73,0.667,0.682,30448,31019,1.1677,1.1896,7.67,307.0,7.256,15.152,1,1,1
11334173,10027,1,0.150,57.30,57.30,60.39,60.56,0.668,0.683,30489,31060,1.1692,1.1911,7.68,307.0,8.780,15.241,1,1,1
11344186,10037,1,0.150,57.30,57.30,59.13,59.18,0.671,0.687,30529,31100,1.1708,1.1927,7.67,299.0,1.585,15.257,1,1,1
11354195,10047,1,0.150,57.30,57.30,60.81,61.85,0.667,0.681,30571,31143,1.1724,1.1943,7.68,314.5,-3.902,15.219,1,1,1
11364204,10057,1,0.150,57.30,57.30,62.33,63.67,0.663,0.677,30614,31187,1.1740,1.1960,7.68,301.0,-0.305,15.217,1,1,1
11374216,10067,1,0.150,57.30,57.30,61.77,64.22,0.665,0.676,30656,31231,1.1756,1.1977,7.67,305.8,4.878,15.266,1,1,1
11384225,10077,1,0.150,57.30,57.30,63.65,67.46,0.661,0.670,30700,31278,1.1773,1.1995,7.67,300.0,6.951,15.336,1,1,1
11394225,10087,1,0.150,57.30,57.30,64.21,63.30,0.660,0.678,30744,31320,1.1790,1.2011,7.68,298.5,3.476,15.372,1,1,1
11404234,10097,1,0.150,57.30,57.30,59.25,60.01,0.669,0.684,30783,31360,1.1805,1.2026,7.69,299.5,-3.354,15.339,1,1,1
11414246,10107,1,0.150,57.30,57.30,59.82,60.04,0.670,0.685,30824,31401,1.1821,1.2042,7.67,309.2,-2.927,15.310,1,1,1
11424255,10117,1,0.150,57.30,57.30,59.99,61.08,0.669,0.683,30865,31443,1.1837,1.2058,7.67,309.0,1.220,15.323,1,1,1
11434258,10127,1,0.150,57.30,57.30,59.01,61.39,0.670,0.681,30905,31485,1.1852,1.2074,7.68,307.5,2.561,15.349,1,1,1
11444262,10137,1,0.150,57.30,57.30,61.80,63.53,0.665,0.678,30948,31529,1.1868,1.2091,7.67,317.0,4.024,15.390,1,1,1
11454277,10147,1,0.150,57.30,57.30,61.60,61.10,0.666,0.683,30990,31570,1.1885,1.2107,7.67,305.0,4.268,15.434,1,1,1
11464277,10157,1,0.150,57.30,57.30,59.50,62.42,0.670,0.680,31030,31613,1.1900,1.2123,7.67,311.2,1.890,15.453,1,1,1
11474284,10167,1,0.150,57.30,57.30,61.94,63.84,0.665,0.678,31073,31657,1.1916,1.2140,7.67,309.0,0.610,15.460,1,1,1
11484293,10177,1,0.150,57.30,57.30,62.67,61.19,0.663,0.683,31116,31698,1.1933,1.2156,7.67,306.8,0.732,15.468,1,1,1
11494303,10187,1,0.150,57.30,57.30,61.87,61.42,0.665,0.682,31158,31740,1.1949,1.2172,7.67,309.2,-0.976,15.459,1,1,1
11504310,10197,1,0.150,57.30,57.30,64.70,60.47,0.659,0.684,31203,31781,1.1966,1.2188,7.67,308.0,-2.683,15.433,1,1,1
11514322,10207,1,0.150,57.30,57.30,64.53,60.18,0.660,0.685,31247,31822,1.1983,1.2204,7.67,301.5,-4.390,15.390,1,1,1
11524333,10217,1,0.150,57.30,57.30,60.37,60.10,0.668,0.684,31287,31863,1.1998,1.2219,7.67,307.2,-6.341,15.327,1,1,1
11534337,10227,1,0.150,57.30,57.30,59.13,60.07,0.671,0.685,31327,31904,1.2014,1.2235,7.67,305.8,-1.341,15.314,1,1,1
11544349,10237,1,0.150,57.30,57.30,57.73,62.11,0.673,0.680,31366,31947,1.2029,1.2252,7.68,310.2,7.378,15.389,1,1,1
11554355,10247,1,0.150,57.30,57.30,57.31,60.67,0.676,0.685,31405,31988,1.2044,1.2267,7.66,311.0,10.488,15.494,1,1,1
11564364,10257,1,0.150,57.30,57.30,58.21,59.22,0.673,0.687,31445,32028,1.2059,1.2283,7.66,315.8,10.000,15.595,1,1,1
11574364,10267,1,0.150,57.30,57.30,57.45,59.81,0.674,0.685,31484,32069,1.2074,1.2298,7.67,311.0,10.671,15.702,1,1,1
11584371,10277,1,0.150,57.30,57.30,60.30,58.96,0.668,0.687,31526,32109,1.2090,1.2314,7.68,309.2,8.476,15.788,1,1,1
11594383,10287,1,0.150,57.30,57.30,59.11,58.70,0.671,0.688,31566,32149,1.2105,1.2329,7.67,307.0,2.988,15.818,1,1,1
11604392,10297,1,0.150,57.30,57.30,61.82,60.68,0.665,0.683,31609,32191,1.2122,1.2345,7.68,318.5,-1.829,15.801,1,1,1
11614394,10307,1,0.150,57.30,57.30,60.59,60.24,0.667,0.684,31650,32232,1.2138,1.2361,7.67,309.8,-2.622,15.775,1,1,1
11624407,10317,1,0.150,57.30,57.30,59.19,58.06,0.670,0.689,31690,32271,1.2153,1.2376,7.67,309.5,0.793,15.784,1,1,1
11634413,10327,1,0.150,57.30,57.30,58.77,59.46,0.672,0.686,31730,32312,1.2168,1.2391,7.67,315.5,4.329,15.828,1,1,1
11644424,10337,1,0.150,57.30,57.30,58.65,57.83,0.671,0.689,31770,32351,1.2184,1.2406,7.67,314.2,4.085,15.869,1,1,1
11654428,10347,1,0.150,57.30,57.30,57.58,60.41,0.674,0.685,31809,32393,1.2199,1.2423,7.67,316.8,2.805,15.898,1,1,1
11664437,10357,1,0.150,57.30,57.30,60.34,61.19,0.668,0.683,31851,32435,1.2215,1.2439,7.67,313.0,2.439,15.923,1,1,1
11674451,10367,1,0.150,57.30,57.30,59.12,62.45,0.670,0.680,31891,32478,1.2230,1.2455,7.68,308.0,4.878,15.973,1,1,1
11684455,10377,1,0.150,57.30,57.30,59.78,60.78,0.669,0.683,31932,32519,1.2246,1.2471,7.67,314.2,7.012,16.043,1,1,1
11694459,10387,1,0.150,57.30,57.30,61.00,62.32,0.668,0.682,31974,32562,1.2262,1.2487,7.65,309.8,7.134,16.115,1,1,1
11704459,10397,1,0.150,57.30,57.30,60.34,60.74,0.668,0.683,32015,32603,1.2278,1.2503,7.68,310.8,3.293,16.149,1,1,1
11714468,10407,1,0.150,57.30,57.30,60.14,61.29,0.668,0.682,32056,32645,1.2293,1.2519,7.68,311.8,-0.061,16.149,1,1,1
11724474,10417,1,0.150,57.30,57.30,59.06,61.45,0.669,0.680,32096,32687,1.2309,1.2535,7.69,310.8,0.427,16.154,1,1,1
11734474,10427,1,0.150,57.30,57.30,59.76,63.55,0.669,0.677,32137,32731,1.2324,1.2552,7.68,307.2,2.805,16.183,1,1,1
11744474,10437,1,0.150,57.30,57.30,59.97,62.13,0.668,0.680,32178,32773,1.2340,1.2568,7.68,311.0,5.183,16.235,1,1,1
11754483,10447,1,0.150,57.30,57.30,61.06,61.71,0.666,0.681,32220,32815,1.2356,1.2584,7.67,310.8,5.549,16.291,1,1,1
11764492,10457,1,0.150,57.30,57.30,60.36,64.65,0.669,0.677,32261,32860,1.2372,1.2602,7.66,310.5,5.183,16.344,1,1,1
11774500,10467,1,0.150,57.30,57.30,60.15,64.51,0.668,0.675,32302,32904,1.2388,1.2619,7.68,313.8,5.000,16.395,1,1,1
11784500,10477,1,0.150,57.30,57.30,61.11,64.47,0.667,0.676,32344,32948,1.2404,1.2635,7.67,305.5,4.939,16.445,1,1,1
11794507,10487,1,0.150,57.30,57.30,60.37,65.48,0.668,0.673,32385,32993,1.2419,1.2653,7.68,302.8,5.305,16.498,1,1,1
11804519,10497,1,0.150,57.30,57.30,62.20,63.74,0.664,0.677,32428,33036,1.2436,1.2669,7.68,309.2,4.573,16.545,1,1,1
11814522,10507,1,0.150,57.30,57.30,60.70,64.24,0.668,0.677,32469,33080,1.2452,1.2686,7.66,303.2,2.134,16.567,1,1,1
11824531,10517,1,0.150,57.30,57.30,62.30,64.39,0.665,0.677,32512,33124,1.2468,1.2703,7.66,302.8,-0.183,16.566,1,1,1
11834537,10527,1,0.150,57.30,57.30,59.71,64.43,0.670,0.677,32552,33168,1.2484,1.2720,7.66,306.5,-0.183,16.565,1,1,1
11844542,10537,1,0.150,57.30,57.30,59.95,64.45,0.668,0.675,32593,33212,1.2499,1.2737,7.68,305.2,0.671,16.572,1,1,1
11854550,10547,1,0.150,57.30,57.30,62.08,66.50,0.664,0.672,32636,33258,1.2516,1.2754,7.67,309.0,2.866,16.601,1,1,1
11864559,10557,1,0.150,57.30,57.30,61.69,65.07,0.667,0.676,32678,33302,1.2532,1.2771,7.66,302.0,4.268,16.645,1,1,1
11874568,10567,1,0.150,57.30,57.30,62.60,66.69,0.664,0.672,32721,33348,1.2548,1.2789,7.66,304.5,4.329,16.689,1,1,1
11884572,10577,1,0.150,57.30,57.30,62.87,66.15,0.664,0.673,32764,33393,1.2565,1.2806,7.67,301.2,2.439,16.714,1,1,1
11894583,10587,1,0.150,57.30,57.30,59.88,63.94,0.668,0.676,32804,33436,1.2580,1.2823,7.68,302.8,0.915,16.724,1,1,1
11904589,10597,1,0.150,57.30,57.30,61.03,63.27,0.667,0.678,32846,33479,1.2596,1.2839,7.67,309.8,-0.976,16.715,1,1,1
11914589,10607,1,0.150,57.30,57.30,61.38,63.07,0.666,0.678,32888,33522,1.2612,1.2856,7.68,304.8,-1.037,16.705,1,1,1
11924598,10617,1,0.150,57.30,57.30,61.48,65.06,0.665,0.674,32930,33567,1.2628,1.2873,7.68,308.8,-0.183,16.704,1,1,1
11934616,10627,1,0.150,57.30,57.30,63.56,63.61,0.662,0.678,32974,33610,1.2645,1.2889,7.67,306.5,1.280,16.717,1,1,1
11944616,10637,1,0.150,57.30,57.30,63.16,63.18,0.662,0.679,33017,33653,1.2662,1.2906,7.67,306.2,2.134,16.739,1,1,1
11954626,10647,1,0.150,57.30,57.30,60.99,63.04,0.667,0.679,33058,33696,1.2678,1.2922,7.67,299.2,-2.073,16.719,1,1,1
11964633,10657,1,0.150,57.30,57.30,60.34,61.98,0.667,0.680,33099,33738,1.2693,1.2938,7.68,310.5,-3.537,16.685,1,1,1
11974642,10667,1,0.150,57.30,57.30,61.17,62.69,0.666,0.679,33141,33781,1.2709,1.2955,7.68,310.5,0.854,16.694,1,1,1
11984642,10677,1,0.150,57.30,57.30,61.42,63.92,0.665,0.676,33183,33825,1.2726,1.2972,7.68,308.8,4.695,16.741,1,1,1
11994648,10687,1,0.150,57.30,57.30,62.52,65.32,0.664,0.675,33226,33870,1.2742,1.2989,7.67,309.2,6.585,16.808,1,1,1
12004657,10697,1,0.150,57.30,57.30,60.80,62.66,0.667,0.679,33267,33912,1.2758,1.3005,7.67,304.2,4.390,16.853,1,1,1
12014657,10707,1,0.150,57.30,57.30,59.25,62.89,0.670,0.679,33307,33955,1.2773,1.3022,7.67,305.8,0.976,16.863,1,1,1
12024664,10717,1,0.150,57.30,57.30,61.87,63.98,0.665,0.677,33350,33999,1.2790,1.3038,7.67,310.8,1.829,16.882,1,1,1
12034677,10727,1,0.150,57.30,57.30,60.60,61.24,0.669,0.684,33391,34040,1.2805,1.3054,7.66,302.5,1.646,16.899,1,1,1
12044679,10737,1,0.150,57.30,57.30,61.25,57.34,0.666,0.690,33433,34078,1.2821,1.3069,7.67,309.5,2.317,16.923,1,1,1
12054679,10747,1,0.150,57.30,57.30,61.44,58.22,0.666,0.688,33475,34118,1.2838,1.3084,7.67,313.0,-1.768,16.906,1,1,1
12064691,10757,1,0.150,57.30,57.30,60.47,61.56,0.667,0.681,33516,34161,1.2853,1.3101,7.68,313.5,-9.268,16.814,1,1,1
12074692,10767,1,0.150,57.30,57.30,59.16,59.48,0.672,0.687,33556,34201,1.2869,1.3116,7.66,310.5,-11.829,16.696,1,1,1
12084692,10777,1,0.150,57.30,57.30,61.84,61.94,0.666,0.682,33599,34244,1.2885,1.3132,7.66,315.8,-3.476,16.662,1,1,1
12094698,10787,1,0.150,57.30,57.30,60.59,60.62,0.669,0.685,33640,34285,1.2901,1.3148,7.66,307.0,4.451,16.707,1,1,1
12104699,10797,1,0.150,57.30,57.30,61.24,56.13,0.666,0.693,33682,34322,1.2917,1.3162,7.67,310.5,4.268,16.751,1,1,1
12114707,10807,1,0.150,57.30,57.30,61.44,62.98,0.666,0.679,33724,34367,1.2933,1.3180,7.67,314.2,-1.341,16.738,1,1,1
12124715,10817,1,0.150,57.30,57.30,60.47,61.96,0.667,0.680,33765,34409,1.2949,1.3196,7.68,309.2,-4.695,16.692,1,1,1
12134722,10827,1,0.150,57.30,57.30,61.21,58.58,0.666,0.688,33807,34448,1.2965,1.3211,7.67,310.2,0.183,16.694,1,1,1
12144732,10837,1,0.150,57.30,57.30,59.38,58.59,0.670,0.688,33847,34488,1.2980,1.3226,7.67,312.8,7.500,16.770,1,1,1
12154745,10847,1,0.150,57.30,57.30,60.88,52.44,0.668,0.701,33889,34522,1.2996,1.3239,7.66,313.0,6.890,16.840,1,1,1
12164755,10857,1,0.150,57.30,57.30,63.38,56.75,0.662,0.692,33933,34562,1.3013,1.3254,7.67,325.5,-1.585,16.824,1,1,1
12174766,10867,1,0.150,57.30,57.30,61.06,63.17,0.667,0.679,33974,34607,1.3029,1.3272,7.67,320.0,-7.073,16.754,1,1,1
12184770,10877,1,0.150,57.30,57.30,60.36,59.97,0.669,0.686,34015,34647,1.3045,1.3287,7.66,309.2,-4.878,16.706,1,1,1
12194770,10887,1,0.150,57.30,57.30,61.17,62.08,0.667,0.681,34057,34690,1.3061,1.3303,7.67,312.8,3.902,16.746,1,1,1
12204782,10897,1,0.150,57.30,57.30,60.39,57.59,0.669,0.690,34098,34728,1.3076,1.3318,7.67,302.8,9.146,16.838,1,1,1
12214782,10907,1,0.150,57.30,57.30,61.18,53.17,0.667,0.700,34140,34763,1.3093,1.3331,7.66,314.8,5.915,16.898,1,1,1
12224789,10917,1,0.150,57.30,57.30,59.37,61.07,0.671,0.684,34180,34807,1.3108,1.3348,7.66,311.8,-1.098,16.888,1,1,1
12234800,10927,1,0.150,57.30,57.30,60.88,60.36,0.668,0.685,34222,34848,1.3124,1.3364,7.67,311.5,-0.427,16.884,1,1,1
12244812,10937,1,0.150,57.30,57.30,62.36,61.17,0.665,0.683,34265,34890,1.3140,1.3380,7.66,309.5,5.610,16.941,1,1,1
12254812,10947,1,0.150,57.30,57.30,59.72,59.37,0.669,0.686,34305,34930,1.3156,1.3395,7.67,308.8,5.610,16.998,1,1,1
12264815,10957,1,0.150,57.30,57.30,60.98,56.78,0.668,0.693,34347,34968,1.3172,1.3410,7.66,314.2,-0.488,16.993,1,1,1
12274827,10967,1,0.150,57.30,57.30,60.34,58.05,0.668,0.689,34388,35008,1.3188,1.3425,7.67,314.5,-6.585,16.928,1,1,1
12284827,10977,1,0.150,57.30,57.30,65.27,63.56,0.659,0.678,34434,35053,1.3205,1.3443,7.66,307.8,-7.683,16.852,1,1,1
12294830,10987,1,0.150,57.30,57.30,62.65,63.16,0.664,0.679,34476,35096,1.3221,1.3459,7.67,297.5,0.122,16.854,1,1,1
12304843,10997,1,0.150,57.30,57.30,61.86,59.96,0.665,0.685,34518,35136,1.3237,1.3474,7.67,300.5,4.512,16.900,1,1,1
12314846,11007,1,0.150,57.30,57.30,59.57,57.98,0.671,0.690,34558,35175,1.3253,1.3489,7.66,307.0,-0.488,16.896,1,1,1
12324858,11017,1,0.150,57.30,57.30,59.91,60.46,0.670,0.685,34599,35217,1.3269,1.3506,7.67,311.2,-4.634,16.850,1,1,1
12334869,11027,1,0.150,57.30,57.30,61.04,63.26,0.667,0.678,34641,35261,1.3285,1.3522,7.67,316.0,-3.171,16.819,1,1,1
12344873,11037,1,0.150,57.30,57.30,60.35,63.07,0.669,0.679,34682,35304,1.3300,1.3539,7.67,303.2,6.098,16.881,1,1,1
12354884,11047,1,0.150,57.30,57.30,62.20,66.09,0.664,0.673,34725,35350,1.3317,1.3557,7.67,308.2,12.195,17.003,1,1,1
12364888,11057,1,0.150,57.30,57.30,60.70,63.92,0.667,0.677,34766,35393,1.3333,1.3573,7.67,298.2,8.049,17.084,1,1,1
12374897,11067,1,0.150,57.30,57.30,61.28,60.19,0.667,0.685,34808,35433,1.3349,1.3588,7.66,304.2,-0.183,17.083,1,1,1
12384906,11077,1,0.150,57.30,57.30,62.47,62.15,0.663,0.680,34851,35476,1.3365,1.3605,7.68,305.5,-6.707,17.017,1,1,1
12394918,11087,1,0.150,57.30,57.30,61.81,61.71,0.665,0.681,34893,35518,1.3381,1.3621,7.67,300.2,-6.037,16.957,1,1,1
12404921,11097,1,0.150,57.30,57.30,61.61,60.55,0.665,0.683,34935,35559,1.3397,1.3637,7.68,303.8,2.073,16.979,1,1,1
12414934,11107,1,0.150,57.30,57.30,60.52,63.28,0.668,0.679,34976,35603,1.3413,1.3654,7.67,303.8,4.817,17.028,1,1,1
12424936,11117,1,0.150,57.30,57.30,60.20,62.05,0.668,0.681,35017,35645,1.3429,1.3670,7.67,309.5,3.293,17.061,1,1,1
12434949,11127,1,0.150,57.30,57.30,61.13,60.66,0.666,0.683,35059,35686,1.3445,1.3685,7.68,310.5,0.915,17.071,1,1,1
12444952,11137,1,0.150,57.30,57.30,60.38,63.31,0.668,0.678,35100,35730,1.3461,1.3702,7.68,311.8,-0.183,17.070,1,1,1
12454957,11147,1,0.150,57.30,57.30,61.18,64.11,0.666,0.676,35142,35774,1.3477,1.3719,7.68,312.5,-0.366,17.067,1,1,1
12464960,11157,1,0.150,57.30,57.30,61.42,61.27,0.666,0.682,35184,35815,1.3493,1.3735,7.67,306.8,0.366,17.071,1,1,1
12474967,11167,1,0.150,57.30,57.30,61.49,62.47,0.667,0.681,35226,35858,1.3509,1.3751,7.66,310.5,0.671,17.079,1,1,1
12484967,11177,1,0.150,57.30,57.30,61.51,58.73,0.665,0.686,35268,35897,1.3525,1.3766,7.68,309.0,-0.061,17.079,1,1,1
12494972,11187,1,0.150,57.30,57.30,62.55,59.66,0.664,0.686,35311,35938,1.3542,1.3782,7.66,310.0,-4.695,17.032,1,1,1
12504980,11197,1,0.150,57.30,57.30,63.88,61.99,0.661,0.681,35355,35981,1.3558,1.3799,7.67,308.8,-7.195,16.961,1,1,1
12514986,11207,1,0.150,57.30,57.30,60.18,59.61,0.667,0.685,35395,36021,1.3574,1.3814,7.68,304.8,-2.195,16.940,1,1,1
12524988,11217,1,0.150,57.30,57.30,58.04,61.98,0.673,0.681,35434,36064,1.3589,1.3830,7.67,309.0,7.927,17.020,1,1,1
12534997,11227,1,0.150,57.30,57.30,59.45,60.63,0.670,0.684,35475,36105,1.3604,1.3846,7.67,313.0,12.988,17.150,1,1,1
12545005,11238,1,0.150,57.30,57.30,57.83,59.21,0.673,0.687,35514,36145,1.3619,1.3861,7.67,312.5,8.841,17.240,1,1,1
12555010,11248,1,0.150,57.30,57.30,59.39,59.80,0.670,0.686,35555,36186,1.3635,1.3877,7.67,317.2,4.024,17.280,1,1,1
12565024,11258,1,0.150,57.30,57.30,59.86,59.98,0.669,0.685,35596,36227,1.3651,1.3893,7.67,311.5,3.171,17.313,1,1,1
12575027,11268,1,0.150,57.30,57.30,61.02,60.04,0.666,0.684,35638,36268,1.3667,1.3909,7.68,312.0,4.878,17.362,1,1,1
12585040,11278,1,0.150,57.30,57.30,59.32,59.03,0.669,0.686,35678,36308,1.3682,1.3924,7.68,304.0,1.768,17.381,1,1,1
12595043,11288,1,0.150,57.30,57.30,59.84,59.75,0.670,0.686,35719,36349,1.3698,1.3940,7.67,313.0,-2.012,17.361,1,1,1
12605043,11298,1,0.150,57.30,57.30,61.02,59.97,0.668,0.686,35761,36390,1.3714,1.3955,7.66,308.2,-3.171,17.330,1,1,1
12615056,11308,1,0.150,57.30,57.30,59.32,61.06,0.671,0.684,35801,36432,1.3730,1.3971,7.66,309.5,0.671,17.338,1,1,1
12625058,11318,1,0.150,57.30,57.30,59.84,60.36,0.670,0.685,35842,36473,1.3745,1.3987,7.66,309.5,5.732,17.396,1,1,1
12635058,11328,1,0.150,57.30,57.30,58.97,61.17,0.671,0.683,35882,36515,1.3761,1.4003,7.67,313.8,6.585,17.462,1,1,1
12645058,11338,1,0.150,57.30,57.30,59.73,60.39,0.669,0.684,35923,36556,1.3776,1.4019,7.68,308.5,4.390,17.507,1,1,1
12655058,11348,1,0.150,57.30,57.30,59.96,61.18,0.669,0.683,35964,36598,1.3792,1.4035,7.67,304.8,4.756,17.555,1,1,1
12665071,11358,1,0.150,57.30,57.30,60.03,50.14,0.669,0.705,36005,36629,1.3808,1.4047,7.67,308.2,5.488,17.611,1,1,1
12675073,11368,1,0.150,57.30,57.30,60.05,69.39,0.669,0.667,36046,36682,1.3823,1.4067,7.66,326.0,4.634,17.658,1,1,1
12685081,11378,1,0.150,57.30,57.30,60.06,64.91,0.670,0.677,36087,36725,1.3839,1.4084,7.66,301.8,1.463,17.673,1,1,1
12695081,11388,1,0.150,57.30,57.30,60.06,63.56,0.668,0.677,36128,36768,1.3855,1.4100,7.68,312.8,0.854,17.682,1,1,1
12705086,11398,1,0.150,57.30,57.30,62.11,63.16,0.664,0.678,36171,36811,1.3871,1.4117,7.68,305.8,3.537,17.718,1,1,1
12715092,11408,1,0.150,57.30,57.30,60.67,65.09,0.668,0.676,36212,36856,1.3887,1.4134,7.66,300.8,4.756,17.766,1,1,1
12725092,11418,1,0.150,57.30,57.30,60.24,63.62,0.669,0.679,36253,36899,1.3903,1.4151,7.66,302.2,4.329,17.810,1,1,1
12735101,11428,1,0.150,57.30,57.30,61.14,63.18,0.667,0.679,36295,36942,1.3919,1.4167,7.67,309.5,5.122,17.862,1,1,1
12745111,11438,1,0.150,57.30,57.30,59.36,63.05,0.670,0.678,36335,36985,1.3934,1.4184,7.68,306.8,4.451,17.907,1,1,1
12755126,11448,1,0.150,57.30,57.30,60.87,65.06,0.667,0.675,36377,37030,1.3950,1.4201,7.67,309.0,4.390,17.952,1,1,1
12765136,11458,1,0.150,57.30,57.30,62.35,66.68,0.664,0.671,36420,37076,1.3967,1.4218,7.68,304.5,4.390,17.997,1,1,1
12775143,11468,1,0.150,57.30,57.30,61.77,67.17,0.665,0.670,36462,37122,1.3983,1.4236,7.67,301.5,3.720,18.035,1,1,1
12785155,11478,1,0.150,57.30,57.30,61.60,65.27,0.665,0.674,36504,37166,1.3999,1.4253,7.68,303.2,4.573,18.081,1,1,1
12795158,11488,1,0.150,57.30,57.30,62.57,63.67,0.665,0.679,36547,37209,1.4016,1.4269,7.66,300.8,3.841,18.120,1,1,1
12805167,11498,1,0.150,57.30,57.30,60.81,63.19,0.667,0.678,36588,37252,1.4031,1.4286,7.68,310.5,1.707,18.138,1,1,1
12815167,11508,1,0.150,57.30,57.30,62.34,65.10,0.665,0.675,36631,37297,1.4048,1.4303,7.66,305.5,-0.427,18.134,1,1,1
12825171,11518,1,0.150,57.30,57.30,64.84,66.70,0.659,0.671,36676,37343,1.4065,1.4321,7.68,302.5,-1.524,18.120,1,1,1
12835186,11528,1,0.150,57.30,57.30,64.57,67.18,0.659,0.670,36720,37389,1.4082,1.4339,7.68,296.0,-2.988,18.090,1,1,1
12845186,11538,1,0.150,57.30,57.30,62.44,65.27,0.663,0.674,36762,37433,1.4098,1.4355,7.68,294.8,-1.037,18.081,1,1,1
12855189,11548,1,0.150,57.30,57.30,60.77,64.70,0.667,0.676,36803,37477,1.4114,1.4372,7.67,302.8,3.415,18.116,1,1,1
12865202,11558,1,0.150,57.30,57.30,61.30,63.50,0.666,0.678,36845,37520,1.4130,1.4389,7.67,297.2,4.268,18.159,1,1,1
12875210,11568,1,0.150,57.30,57.30,59.41,65.19,0.671,0.675,36885,37565,1.4145,1.4406,7.67,303.8,1.220,18.172,1,1,1
12885217,11578,1,0.150,57.30,57.30,60.89,65.70,0.667,0.673,36927,37610,1.4161,1.4423,7.68,305.8,-0.976,18.163,1,1,1
12895231,11588,1,0.150,57.30,57.30,62.36,65.85,0.664,0.674,36970,37655,1.4178,1.4441,7.67,299.5,2.805,18.192,1,1,1
12905243,11598,1,0.150,57.30,57.30,63.82,66.92,0.660,0.670,37014,37701,1.4195,1.4458,7.68,301.5,6.707,18.259,1,1,1
12915246,11608,1,0.150,57.30,57.30,63.24,63.14,0.662,0.678,37057,37743,1.4211,1.4474,7.68,299.5,4.390,18.304,1,1,1
12925246,11618,1,0.150,57.30,57.30,64.09,62.01,0.659,0.680,37101,37785,1.4228,1.4490,7.69,306.0,-1.402,18.291,1,1,1
12935246,11628,1,0.150,57.30,57.30,62.29,63.72,0.665,0.678,37143,37829,1.4244,1.4507,7.67,301.0,-6.098,18.230,1,1,1
12945246,11638,1,0.150,57.30,57.30,60.73,62.18,0.668,0.681,37184,37871,1.4260,1.4523,7.67,302.2,-4.939,18.182,1,1,1
12955255,11648,1,0.150,57.30,57.30,61.29,62.75,0.666,0.679,37226,37914,1.4276,1.4540,7.68,304.8,2.500,18.207,1,1,1
12965265,11658,1,0.150,57.30,57.30,61.45,63.94,0.666,0.677,37268,37958,1.4292,1.4557,7.67,305.5,7.683,18.285,1,1,1
12975271,11668,1,0.150,57.30,57.30,62.53,60.20,0.663,0.683,37311,37998,1.4309,1.4572,7.68,306.2,5.671,18.342,1,1,1
12985277,11678,1,0.150,57.30,57.30,60.80,64.20,0.667,0.676,37352,38043,1.4324,1.4589,7.68,310.2,0.061,18.343,1,1,1
12995288,11688,1,0.150,57.30,57.30,61.31,64.38,0.667,0.676,37394,38087,1.4340,1.4606,7.67,305.8,-2.744,18.317,1,1,1
13005300,11698,1,0.150,57.30,57.30,61.46,62.38,0.666,0.680,37436,38129,1.4357,1.4622,7.67,302.8,1.280,18.330,1,1,1
13015308,11708,1,0.150,57.30,57.30,60.48,60.75,0.667,0.683,37477,38170,1.4372,1.4638,7.68,302.8,3.841,18.369,1,1,1
13025310,11718,1,0.150,57.30,57.30,61.21,58.22,0.667,0.689,37519,38209,1.4388,1.4653,7.66,308.8,-0.061,18.369,1,1,1
13035322,11728,1,0.150,57.30,57.30,62.45,62.58,0.664,0.680,37562,38253,1.4405,1.4670,7.67,311.0,-5.061,18.319,1,1,1
13045331,11738,1,0.150,57.30,57.30,61.80,63.89,0.665,0.677,37604,38297,1.4421,1.4687,7.68,312.0,-8.293,18.237,1,1,1
13055340,11748,1,0.150,57.30,57.30,61.61,61.21,0.665,0.682,37646,38338,1.4437,1.4702,7.68,306.5,-5.183,18.186,1,1,1
13065349,11758,1,0.150,57.30,57.30,60.52,61.43,0.667,0.681,37687,38380,1.4453,1.4719,7.68,304.0,3.902,18.226,1,1,1
13075353,11768,1,0.150,57.30,57.30,59.17,55.34,0.670,0.694,37727,38416,1.4468,1.4732,7.67,305.2,5.122,18.278,1,1,1
13085362,11778,1,0.150,57.30,57.30,60.82,59.67,0.668,0.687,37769,38458,1.4484,1.4748,7.66,318.5,1.037,18.289,1,1,1
13095371,11788,1,0.150,57.30,57.30,62.34,63.02,0.663,0.678,37812,38502,1.4501,1.4765,7.68,313.0,-2.561,18.264,1,1,1
13105371,11798,1,0.150,57.30,57.30,60.74,61.97,0.666,0.680,37853,38544,1.4516,1.4781,7.68,302.5,-2.805,18.236,1,1,1
13115371,11808,1,0.150,57.30,57.30,60.26,57.56,0.667,0.689,37894,38582,1.4532,1.4796,7.68,304.5,5.244,18.290,1,1,1
13125384,11818,1,0.150,57.30,57.30,60.12,54.18,0.669,0.697,37935,38618,1.4548,1.4810,7.67,309.2,7.134,18.362,1,1,1
13135394,11828,1,0.150,57.30,57.30,52.90,57.27,0.685,0.692,37969,38658,1.4561,1.4825,7.66,317.5,-0.915,18.353,1,1,1
13145399,11838,1,0.150,57.30,57.30,70.22,63.32,0.650,0.680,38022,38703,1.4581,1.4842,7.66,323.0,-4.268,18.311,1,1,1
13155413,11848,1,0.150,57.30,57.30,63.11,63.09,0.663,0.679,38063,38746,1.4597,1.4859,7.67,298.2,-5.305,18.259,1,1,1
13165414,11858,1,0.150,57.30,57.30,62.00,59.94,0.664,0.685,38105,38786,1.4613,1.4874,7.68,306.5,-0.427,18.255,1,1,1
13175425,11868,1,0.150,57.30,57.30,60.64,56.95,0.668,0.691,38146,38824,1.4629,1.4889,7.67,307.0,8.598,18.342,1,1,1
13185431,11878,1,0.150,57.30,57.30,58.18,52.97,0.673,0.700,38185,38859,1.4644,1.4902,7.67,315.2,7.500,18.417,1,1,1
13195443,11888,1,0.150,57.30,57.30,61.55,58.96,0.666,0.688,38228,38901,1.4660,1.4918,7.66,320.8,-0.305,18.415,1,1,1
13205455,11898,1,0.150,57.30,57.30,60.50,61.78,0.668,0.681,38269,38944,1.4676,1.4935,7.67,304.8,-4.024,18.376,1,1,1
13215462,11908,1,0.150,57.30,57.30,61.22,62.63,0.666,0.679,38311,38987,1.4692,1.4951,7.67,308.8,-1.463,18.362,1,1,1
13225462,11918,1,0.150,57.30,57.30,61.43,59.80,0.665,0.685,38353,39027,1.4708,1.4967,7.68,309.8,7.317,18.435,1,1,1
13235474,11928,1,0.150,57.30,57.30,59.45,57.93,0.669,0.689,38393,39066,1.4724,1.4982,7.68,308.5,7.622,18.512,1,1,1
13245485,11938,1,0.150,57.30,57.30,60.90,60.45,0.667,0.684,38435,39108,1.4740,1.4998,7.67,311.0,-0.549,18.508,1,1,1
13255489,11948,1,0.150,57.30,57.30,65.44,63.25,0.658,0.678,38481,39152,1.4757,1.5015,7.67,311.0,-4.146,18.467,1,1,1
13265489,11958,1,0.150,57.30,57.30,64.75,64.09,0.659,0.676,38525,39196,1.4774,1.5031,7.68,297.5,-4.817,18.419,1,1,1
13275492,11968,1,0.150,57.30,57.30,61.47,60.24,0.667,0.685,38566,39236,1.4790,1.5047,7.66,297.8,-1.037,18.410,1,1,1
13285505,11978,1,0.150,57.30,57.30,56.38,59.09,0.676,0.687,38603,39276,1.4804,1.5062,7.67,304.0,5.122,18.462,1,1,1
13295513,11988,1,0.150,57.30,57.30,58.95,60.79,0.671,0.684,38644,39318,1.4820,1.5078,7.67,317.0,1.646,18.479,1,1,1
13305519,11998,1,0.150,57.30,57.30,60.75,62.33,0.668,0.681,38686,39361,1.4836,1.5095,7.67,310.8,0.000,18.479,1,1,1
13315522,12008,1,0.150,57.30,57.30,61.29,64.84,0.667,0.676,38728,39406,1.4852,1.5112,7.67,308.0,0.976,18.490,1,1,1
13325522,12018,1,0.150,57.30,57.30,60.43,65.60,0.669,0.674,38769,39451,1.4868,1.5129,7.66,303.8,4.939,18.540,1,1,1
13335528,12028,1,0.150,57.30,57.30,61.20,62.74,0.667,0.680,38811,39493,1.4884,1.5145,7.67,305.0,10.610,18.647,1,1,1
13345542,12038,1,0.150,57.30,57.30,60.40,60.86,0.668,0.683,38852,39534,1.4900,1.5161,7.68,307.8,8.293,18.730,1,1,1
13355550,12048,1,0.150,57.30,57.30,63.24,61.33,0.662,0.682,38896,39576,1.4916,1.5177,7.68,306.0,0.122,18.732,1,1,1
13365553,12058,1,0.150,57.30,57.30,65.11,63.51,0.658,0.677,38941,39620,1.4934,1.5194,7.68,301.0,-5.610,18.677,1,1,1
13375557,12068,1,0.150,57.30,57.30,60.55,62.12,0.668,0.681,38981,39662,1.4949,1.5210,7.67,297.5,-6.037,18.617,1,1,1
13385568,12078,1,0.150,57.30,57.30,60.21,61.70,0.668,0.682,39022,39704,1.4965,1.5226,7.67,305.0,0.549,18.623,1,1,1
13395576,12088,1,0.150,57.30,57.30,60.10,62.60,0.668,0.679,39063,39747,1.4980,1.5243,7.67,305.8,8.476,18.709,1,1,1
13405576,12098,1,0.150,57.30,57.30,59.05,61.85,0.670,0.681,39103,39789,1.4996,1.5259,7.67,307.8,8.780,18.797,1,1,1
13415581,12108,1,0.150,57.30,57.30,61.81,63.67,0.666,0.678,39146,39833,1.5012,1.5276,7.67,310.0,4.634,18.844,1,1,1
13425581,12118,1,0.150,57.30,57.30,60.58,63.19,0.668,0.679,39187,39876,1.5028,1.5292,7.67,306.5,1.585,18.861,1,1,1
13435583,12128,1,0.150,57.30,57.30,61.24,64.08,0.666,0.677,39229,39920,1.5044,1.5309,7.67,312.0,1.159,18.873,1,1,1
13445588,12138,1,0.150,57.30,57.30,62.46,60.24,0.664,0.684,39272,39960,1.5061,1.5324,7.67,306.2,1.768,18.891,1,1,1
13455598,12148,1,0.150,57.30,57.30,61.81,60.11,0.666,0.685,39314,40001,1.5077,1.5340,7.66,305.5,1.768,18.910,1,1,1
13465604,12158,1,0.150,57.30,57.30,61.61,60.07,0.667,0.686,39356,40042,1.5093,1.5356,7.66,306.2,-1.280,18.898,1,1,1
13475604,12168,1,0.150,57.30,57.30,63.60,60.06,0.662,0.685,39400,40083,1.5110,1.5372,7.67,309.5,-2.439,18.874,1,1,1
13485616,12178,1,0.150,57.30,57.30,64.20,61.09,0.661,0.683,39444,40125,1.5127,1.5388,7.67,306.5,-2.988,18.845,1,1,1
13495622,12188,1,0.150,57.30,57.30,62.33,60.37,0.663,0.683,39486,40166,1.5143,1.5403,7.68,300.2,-4.817,18.797,1,1,1
13505630,12198,1,0.150,57.30,57.30,59.71,59.13,0.669,0.686,39526,40206,1.5158,1.5419,7.68,302.8,-0.305,18.795,1,1,1
13515631,12208,1,0.150,57.30,57.30,56.88,60.80,0.676,0.684,39564,40248,1.5173,1.5435,7.67,310.5,9.207,18.888,1,1,1
13525631,12218,1,0.150,57.30,57.30,58.08,59.26,0.673,0.687,39604,40288,1.5188,1.5450,7.66,306.5,12.805,19.016,1,1,1
13535631,12228,1,0.150,57.30,57.30,57.41,58.79,0.674,0.688,39643,40328,1.5203,1.5466,7.67,311.8,9.085,19.108,1,1,1
13545642,12238,1,0.150,57.30,57.30,59.27,59.68,0.671,0.686,39684,40369,1.5219,1.5481,7.66,315.2,5.732,19.166,1,1,1
13555654,12248,1,0.150,57.30,57.30,60.85,60.97,0.667,0.682,39726,40411,1.5235,1.5497,7.68,314.5,3.841,19.205,1,1,1
13565657,12258,1,0.150,57.30,57.30,60.29,59.31,0.668,0.687,39767,40451,1.5250,1.5513,7.67,307.5,3.659,19.242,1,1,1
13575664,12268,1,0.150,57.30,57.30,61.15,62.91,0.667,0.680,39809,40495,1.5267,1.5530,7.66,315.5,3.537,19.278,1,1,1
13585676,12278,1,0.150,57.30,57.30,60.39,60.91,0.668,0.683,39850,40536,1.5282,1.5545,7.67,306.0,1.463,19.294,1,1,1
13595677,12288,1,0.150,57.30,57.30,59.13,57.24,0.671,0.691,39890,40574,1.5298,1.5560,7.67,309.5,-0.183,19.293,1,1,1
13605691,12298,1,0.150,57.30,57.30,58.76,59.21,0.670,0.685,39930,40615,1.5313,1.5576,7.68,318.2,2.134,19.315,1,1,1
13615700,12308,1,0.150,57.30,57.30,58.64,59.80,0.671,0.685,39970,40656,1.5328,1.5591,7.68,311.2,2.500,19.340,1,1,1
13625715,12318,1,0.150,57.30,57.30,58.61,61.01,0.672,0.683,40010,40698,1.5344,1.5607,7.67,308.8,3.171,19.373,1,1,1
13635724,12328,1,0.150,57.30,57.30,60.65,62.39,0.668,0.681,40052,40741,1.5360,1.5624,7.66,311.5,5.915,19.432,1,1,1
13645737,12338,1,0.150,57.30,57.30,60.24,62.81,0.669,0.680,40093,40784,1.5375,1.5640,7.66,306.2,5.793,19.491,1,1,1
13655752,12348,1,0.150,57.30,57.30,60.11,61.91,0.669,0.682,40134,40826,1.5391,1.5657,7.67,310.0,1.768,19.509,1,1,1
13665752,12358,1,0.150,57.30,57.30,61.10,61.64,0.667,0.682,40176,40868,1.5407,1.5673,7.67,307.5,0.854,19.519,1,1,1
13675760,12368,1,0.150,57.30,57.30,58.32,62.58,0.672,0.680,40215,40911,1.5422,1.5689,7.67,306.2,1.402,19.533,1,1,1
13685763,12378,1,0.150,57.30,57.30,60.56,63.89,0.668,0.677,40257,40955,1.5438,1.5706,7.67,310.0,3.171,19.566,1,1,1
13695770,12388,1,0.150,57.30,57.30,60.21,63.26,0.668,0.678,40298,40998,1.5454,1.5723,7.67,307.5,4.329,19.610,1,1,1
13705778,12398,1,0.150,57.30,57.30,60.10,64.10,0.668,0.676,40339,41042,1.5470,1.5739,7.68,312.5,3.354,19.644,1,1,1
13715783,12408,1,0.150,57.30,57.30,61.10,63.32,0.667,0.679,40381,41085,1.5486,1.5756,7.67,306.2,3.232,19.677,1,1,1
13725790,12418,1,0.150,57.30,57.30,61.40,64.11,0.666,0.677,40423,41129,1.5502,1.5773,7.67,305.0,3.171,19.709,1,1,1
13735790,12428,1,0.150,57.30,57.30,60.46,65.38,0.668,0.674,40464,41174,1.5518,1.5790,7.67,306.5,4.390,19.754,1,1,1
13745793,12438,1,0.150,57.30,57.30,62.23,67.81,0.664,0.669,40507,41221,1.5534,1.5808,7.68,298.0,6.524,19.820,1,1,1
13755797,12448,1,0.150,57.30,57.30,60.71,66.48,0.667,0.671,40548,41266,1.5550,1.5825,7.68,302.0,5.183,19.872,1,1,1
13765797,12458,1,0.150,57.30,57.30,61.28,64.04,0.666,0.677,40590,41309,1.5566,1.5842,7.67,305.0,3.293,19.906,1,1,1
13775797,12468,1,0.150,57.30,57.30,61.45,62.28,0.666,0.681,40632,41351,1.5582,1.5858,7.67,306.0,0.854,19.915,1,1,1
13785797,12478,1,0.150,57.30,57.30,60.48,61.75,0.668,0.681,40673,41393,1.5598,1.5874,7.67,308.0,-1.341,19.903,1,1,1
13795800,12488,1,0.150,57.30,57.30,62.23,65.69,0.664,0.674,40716,41439,1.5614,1.5892,7.67,308.0,-2.378,19.879,1,1,1
13805800,12498,1,0.150,57.30,57.30,61.74,65.85,0.666,0.674,40758,41484,1.5630,1.5909,7.66,303.8,-0.671,19.873,1,1,1
13815810,12508,1,0.150,57.30,57.30,62.61,65.90,0.663,0.673,40801,41529,1.5647,1.5926,7.67,304.2,3.293,19.907,1,1,1
13825815,12518,1,0.150,57.30,57.30,61.85,64.89,0.664,0.674,40843,41573,1.5663,1.5943,7.68,300.0,4.329,19.951,1,1,1
13835821,12528,1,0.150,57.30,57.30,60.60,62.53,0.667,0.679,40884,41615,1.5679,1.5959,7.68,304.0,1.829,19.970,1,1,1
13845824,12538,1,0.150,57.30,57.30,62.27,63.88,0.666,0.679,40927,41659,1.5695,1.5976,7.66,308.2,-0.732,19.963,1,1,1
13855827,12548,1,0.150,57.30,57.30,63.80,66.33,0.662,0.673,40971,41705,1.5712,1.5994,7.67,306.8,-2.927,19.935,1,1,1
13865828,12558,1,0.150,57.30,57.30,61.18,66.04,0.667,0.673,41012,41750,1.5728,1.6011,7.67,300.5,-1.585,19.920,1,1,1
13875830,12568,1,0.150,57.30,57.30,61.42,63.90,0.666,0.677,41054,41793,1.5744,1.6027,7.68,301.8,2.866,19.949,1,1,1
13885836,12578,1,0.150,57.30,57.30,60.47,61.21,0.667,0.682,41095,41834,1.5760,1.6043,7.68,307.8,4.634,19.996,1,1,1
13895843,12588,1,0.150,57.30,57.30,62.23,63.48,0.664,0.678,41138,41878,1.5776,1.6060,7.67,302.2,2.317,20.020,1,1,1
13905843,12598,1,0.150,57.30,57.30,63.79,64.16,0.662,0.677,41182,41922,1.5793,1.6077,7.67,304.0,-0.915,20.011,1,1,1
13915846,12608,1,0.150,57.30,57.30,65.28,63.34,0.658,0.678,41227,41965,1.5810,1.6093,7.67,302.0,-3.232,19.980,1,1,1
13925846,12618,1,0.150,57.30,57.30,61.62,65.14,0.666,0.675,41268,42010,1.5826,1.6111,7.67,300.8,-2.073,19.960,1,1,1
13935851,12628,1,0.150,57.30,57.30,61.55,62.61,0.666,0.680,41310,42052,1.5842,1.6127,7.67,298.2,5.549,20.016,1,1,1
13945858,12638,1,0.150,57.30,57.30,59.48,59.80,0.670,0.686,41350,42092,1.5858,1.6142,7.67,301.0,6.951,20.086,1,1,1
13955865,12648,1,0.150,57.30,57.30,59.89,62.03,0.669,0.681,41391,42135,1.5873,1.6159,7.67,314.0,4.329,20.130,1,1,1
13965876,12658,1,0.150,57.30,57.30,61.03,62.70,0.666,0.678,41433,42178,1.5889,1.6175,7.68,313.0,1.341,20.144,1,1,1
13975876,12668,1,0.150,57.30,57.30,60.35,61.88,0.668,0.681,41474,42220,1.5905,1.6191,7.68,311.0,1.220,20.157,1,1,1
13985889,12678,1,0.150,57.30,57.30,60.15,61.63,0.669,0.682,41515,42262,1.5921,1.6207,7.67,311.8,3.841,20.196,1,1,1
13995899,12688,1,0.150,57.30,57.30,61.11,59.50,0.667,0.687,41557,42302,1.5937,1.6223,7.66,307.0,1.037,20.207,1,1,1
14005906,12698,1,0.150,57.30,57.30,61.40,61.94,0.667,0.682,41599,42345,1.5953,1.6239,7.66,312.0,-3.293,20.175,1,1,1
14015906,12708,1,0.150,57.30,57.30,63.54,62.67,0.661,0.679,41643,42388,1.5970,1.6256,7.68,311.2,-5.610,20.119,1,1,1
14025912,12718,1,0.150,57.30,57.30,65.20,64.94,0.658,0.674,41688,42433,1.5987,1.6273,7.68,301.5,-5.000,20.070,1,1,1
14035919,12728,1,0.150,57.30,57.30,62.63,60.50,0.663,0.683,41730,42473,1.6003,1.6288,7.68,299.0,-2.866,20.042,1,1,1
14045926,12738,1,0.150,57.30,57.30,55.70,56.09,0.678,0.693,41766,42510,1.6017,1.6302,7.67,302.2,-1.829,20.025,1,1,1
14055927,12748,1,0.150,57.30,57.30,58.75,58.87,0.672,0.688,41807,42551,1.6033,1.6318,7.66,318.0,-1.220,20.013,1,1,1
14065930,12758,1,0.150,57.30,57.30,59.67,61.75,0.671,0.683,41848,42594,1.6049,1.6335,7.66,312.5,1.585,20.030,1,1,1
14075942,12768,1,0.150,57.30,57.30,60.97,59.54,0.667,0.686,41890,42634,1.6065,1.6350,7.67,310.0,4.085,20.071,1,1,1
14085945,12778,1,0.150,57.30,57.30,60.33,60.93,0.668,0.683,41931,42676,1.6080,1.6366,7.67,312.2,4.756,20.119,1,1,1
14095952,12788,1,0.150,57.30,57.30,60.14,55.19,0.669,0.695,41972,42712,1.6096,1.6380,7.67,309.8,4.024,20.160,1,1,1
14105957,12798,1,0.150,57.30,57.30,61.11,56.55,0.667,0.692,42014,42751,1.6112,1.6395,7.67,320.2,1.768,20.179,1,1,1
14115971,12808,1,0.150,57.30,57.30,61.40,62.08,0.666,0.681,42056,42795,1.6128,1.6412,7.67,313.0,0.244,20.182,1,1,1
14125980,12818,1,0.150,57.30,57.30,63.54,62.72,0.662,0.680,42100,42838,1.6145,1.6428,7.67,309.2,0.488,20.187,1,1,1
14135982,12828,1,0.150,57.30,57.30,63.15,62.91,0.662,0.679,42143,42881,1.6162,1.6445,7.67,307.5,2.134,20.209,1,1,1
14145994,12838,1,0.150,57.30,57.30,58.94,58.86,0.671,0.687,42182,42920,1.6177,1.6460,7.67,309.0,3.598,20.246,1,1,1
14155997,12848,1,0.150,57.30,57.30,59.72,53.55,0.670,0.699,42223,42955,1.6192,1.6473,7.66,310.0,5.610,20.303,1,1,1
14166009,12859,1,0.150,57.30,57.30,58.93,58.11,0.671,0.689,42263,42996,1.6208,1.6489,7.67,317.8,2.744,20.331,1,1,1
14176021,12869,1,0.150,57.30,57.30,59.72,59.47,0.670,0.687,42304,43037,1.6223,1.6504,7.66,309.0,-2.866,20.303,1,1,1
14186021,12879,1,0.150,57.30,57.30,62.01,58.86,0.666,0.688,42347,43077,1.6240,1.6520,7.66,309.5,-2.805,20.276,1,1,1
14196032,12889,1,0.150,57.30,57.30,60.64,59.70,0.668,0.686,42388,43118,1.6256,1.6536,7.66,307.5,-0.915,20.267,1,1,1
14206040,12899,1,0.150,57.30,57.30,59.21,57.90,0.671,0.690,42428,43157,1.6271,1.6551,7.67,312.0,2.134,20.289,1,1,1
14216043,12909,1,0.150,57.30,57.30,61.85,58.39,0.666,0.689,42471,43197,1.6287,1.6566,7.67,312.8,0.488,20.295,1,1,1
14226055,12919,1,0.150,57.30,57.30,61.62,62.63,0.666,0.680,42513,43241,1.6304,1.6583,7.67,311.8,0.000,20.295,1,1,1
14236056,12929,1,0.150,57.30,57.30,63.60,63.91,0.662,0.677,42557,43285,1.6320,1.6600,7.67,304.0,2.134,20.317,1,1,1
14246058,12939,1,0.150,57.30,57.30,66.25,63.26,0.657,0.679,42603,43328,1.6338,1.6616,7.66,302.0,3.963,20.358,1,1,1
14256058,12949,1,0.150,57.30,57.30,59.86,61.02,0.668,0.682,42642,43369,1.6353,1.6632,7.68,302.8,1.098,20.369,1,1,1
14266062,12959,1,0.150,57.30,57.30,56.92,58.30,0.675,0.688,42680,43408,1.6368,1.6647,7.67,303.0,0.427,20.374,1,1,1
14276071,12969,1,0.150,57.30,57.30,58.09,61.58,0.674,0.683,42720,43451,1.6383,1.6663,7.66,311.0,0.061,20.376,1,1,1
14286079,12979,1,0.150,57.30,57.30,60.49,62.57,0.667,0.679,42762,43494,1.6399,1.6680,7.68,312.2,0.305,20.379,1,1,1
14296088,12989,1,0.150,57.30,57.30,61.21,62.86,0.667,0.680,42804,43537,1.6415,1.6696,7.67,308.5,4.695,20.427,1,1,1
14306101,12999,1,0.150,57.30,57.30,61.43,63.98,0.666,0.677,42846,43581,1.6431,1.6713,7.67,304.2,4.939,20.477,1,1,1
14316107,13009,1,0.150,57.30,57.30,60.47,59.18,0.670,0.689,42887,43620,1.6447,1.6728,7.65,303.2,3.902,20.517,1,1,1
14326108,13019,1,0.150,57.30,57.30,61.21,62.87,0.667,0.680,42929,43664,1.6463,1.6745,7.67,314.5,0.976,20.527,1,1,1
14336119,13029,1,0.150,57.30,57.30,62.45,63.98,0.663,0.676,42972,43708,1.6480,1.6762,7.68,304.8,-1.037,20.518,1,1,1
14346119,13039,1,0.150,57.30,57.30,64.88,64.31,0.658,0.676,43017,43752,1.6497,1.6779,7.68,300.2,1.098,20.529,1,1,1
14356133,13049,1,0.150,57.30,57.30,62.53,64.41,0.663,0.676,43059,43796,1.6513,1.6796,7.68,298.2,0.915,20.539,1,1,1
14366134,13059,1,0.150,57.30,57.30,59.77,61.36,0.669,0.682,43099,43837,1.6528,1.6811,7.68,300.0,1.646,20.556,1,1,1
14376141,13069,1,0.150,57.30,57.30,58.95,59.42,0.672,0.688,43139,43877,1.6544,1.6827,7.66,306.2,5.671,20.614,1,1,1
14386152,13079,1,0.150,57.30,57.30,58.70,62.94,0.672,0.680,43179,43921,1.6559,1.6843,7.67,314.8,4.817,20.663,1,1,1
14396164,13089,1,0.150,57.30,57.30,61.70,62.98,0.665,0.679,43222,43964,1.6575,1.6860,7.67,314.2,2.805,20.691,1,1,1
14406164,13099,1,0.150,57.30,57.30,61.58,62.98,0.666,0.679,43264,44007,1.6592,1.6876,7.67,304.5,3.780,20.730,1,1,1
14416171,13109,1,0.150,57.30,57.30,60.51,61.96,0.667,0.681,43305,44049,1.6607,1.6893,7.68,312.5,3.476,20.765,1,1,1
14426173,13119,1,0.150,57.30,57.30,62.25,61.65,0.664,0.681,43348,44091,1.6624,1.6909,7.67,308.0,2.744,20.793,1,1,1
14436186,13129,1,0.150,57.30,57.30,61.74,59.51,0.666,0.686,43390,44131,1.6640,1.6924,7.67,308.2,0.976,20.804,1,1,1
14446195,13139,1,0.150,57.30,57.30,61.59,58.87,0.665,0.686,43432,44171,1.6656,1.6939,7.68,312.0,-0.122,20.803,1,1,1
14456204,13149,1,0.150,57.30,57.30,61.54,59.70,0.665,0.685,43474,44212,1.6672,1.6955,7.68,308.0,-2.012,20.784,1,1,1
14466204,13159,1,0.150,57.30,57.30,64.61,60.98,0.660,0.683,43519,44254,1.6689,1.6971,7.67,306.8,-3.232,20.752,1,1,1
14476217,13169,1,0.150,57.30,57.30,64.50,61.36,0.660,0.682,43563,44296,1.6706,1.6987,7.67,304.5,-1.707,20.736,1,1,1
14486225,13179,1,0.150,57.30,57.30,58.31,58.40,0.672,0.688,43601,44335,1.6721,1.7002,7.67,303.2,2.378,20.760,1,1,1
14496234,13189,1,0.150,57.30,57.30,57.48,59.56,0.675,0.687,43640,44376,1.6736,1.7018,7.66,321.5,10.183,20.863,1,1,1
14506246,13199,1,0.150,57.30,57.30,58.26,58.88,0.672,0.687,43680,44416,1.6751,1.7033,7.67,317.0,9.817,20.962,1,1,1
14516247,13209,1,0.150,57.30,57.30,59.52,59.71,0.670,0.685,43721,44457,1.6767,1.7049,7.67,315.0,5.305,21.015,1,1,1
14526247,13219,1,0.150,57.30,57.30,58.87,59.95,0.671,0.685,43761,44498,1.6782,1.7065,7.67,309.2,3.476,21.051,1,1,1
14536258,13229,1,0.150,57.30,57.30,59.70,59.00,0.669,0.687,43802,44538,1.6798,1.7080,7.67,308.5,4.085,21.092,1,1,1
14546265,13239,1,0.150,57.30,57.30,59.95,60.77,0.670,0.684,43843,44580,1.6814,1.7096,7.66,313.8,5.793,21.151,1,1,1
14556273,13249,1,0.150,57.30,57.30,61.05,61.30,0.667,0.683,43885,44622,1.6830,1.7112,7.66,312.0,4.939,21.201,1,1,1
14566280,13259,1,0.150,57.30,57.30,60.36,59.40,0.669,0.687,43926,44662,1.6845,1.7128,7.67,308.2,1.280,21.214,1,1,1
14576293,13269,1,0.150,57.30,57.30,59.12,59.86,0.670,0.685,43966,44703,1.6861,1.7143,7.67,309.2,-0.244,21.213,1,1,1
14586301,13279,1,0.150,57.30,57.30,58.75,60.00,0.671,0.685,44006,44744,1.6876,1.7159,7.67,315.0,1.585,21.229,1,1,1
14596308,13289,1,0.150,57.30,57.30,58.64,60.04,0.671,0.684,44046,44785,1.6891,1.7175,7.68,309.2,3.902,21.269,1,1,1
14606310,13299,1,0.150,57.30,57.30,58.61,54.93,0.671,0.695,44086,44821,1.6907,1.7189,7.68,314.2,7.195,21.342,1,1,1
14616318,13309,1,0.150,57.30,57.30,60.65,66.72,0.668,0.672,44128,44870,1.6923,1.7207,7.66,317.8,7.439,21.417,1,1,1
14626331,13319,1,0.150,57.30,57.30,60.24,64.11,0.669,0.678,44169,44913,1.6939,1.7224,7.66,306.0,3.476,21.452,1,1,1
14636340,13329,1,0.150,57.30,57.30,60.11,61.27,0.669,0.683,44210,44954,1.6954,1.7240,7.67,307.2,0.183,21.455,1,1,1
14646346,13339,1,0.150,57.30,57.30,60.07,62.47,0.670,0.681,44251,44997,1.6970,1.7256,7.66,313.2,0.732,21.463,1,1,1
14656360,13349,1,0.150,57.30,57.30,59.04,63.86,0.671,0.677,44291,45041,1.6985,1.7273,7.67,311.0,2.866,21.492,1,1,1
14666371,13359,1,0.150,57.30,57.30,60.78,62.22,0.667,0.680,44333,45083,1.7001,1.7289,7.68,311.5,3.354,21.526,1,1,1
14676383,13369,1,0.150,57.30,57.30,60.27,63.78,0.669,0.678,44374,45127,1.7017,1.7306,7.66,305.8,2.317,21.550,1,1,1
14686386,13379,1,0.150,57.30,57.30,61.15,64.25,0.666,0.676,44416,45171,1.7033,1.7323,7.67,302.0,1.402,21.565,1,1,1
14696394,13389,1,0.150,57.30,57.30,59.36,63.37,0.671,0.680,44456,45214,1.7049,1.7339,7.66,304.0,3.598,21.601,1,1,1
14706399,13399,1,0.150,57.30,57.30,59.85,64.13,0.670,0.678,44497,45258,1.7064,1.7356,7.66,313.2,5.366,21.656,1,1,1
14716399,13409,1,0.150,57.30,57.30,61.02,65.38,0.667,0.675,44539,45303,1.7080,1.7373,7.66,307.8,5.732,21.714,1,1,1
14726399,13419,1,0.150,57.30,57.30,61.37,66.78,0.665,0.670,44581,45349,1.7097,1.7391,7.69,310.5,4.878,21.763,1,1,1
14736407,13429,1,0.150,57.30,57.30,61.48,64.13,0.666,0.677,44623,45392,1.7113,1.7408,7.67,304.0,3.232,21.796,1,1,1
14746407,13439,1,0.150,57.30,57.30,60.48,63.33,0.667,0.677,44664,45435,1.7128,1.7424,7.68,304.0,1.829,21.815,1,1,1
14756407,13449,1,0.150,57.30,57.30,61.21,62.07,0.665,0.680,44706,45477,1.7145,1.7440,7.68,304.5,0.671,21.823,1,1,1
14766416,13459,1,0.150,57.30,57.30,61.43,66.81,0.666,0.671,44748,45524,1.7161,1.7458,7.67,305.5,-0.122,21.822,1,1,1
14776429,13469,1,0.150,57.30,57.30,62.52,66.19,0.664,0.673,44791,45569,1.7177,1.7475,7.67,298.0,0.000,21.823,1,1,1
14786429,13479,1,0.150,57.30,57.30,62.85,67.02,0.663,0.671,44834,45615,1.7194,1.7493,7.68,298.5,1.585,21.839,1,1,1
14796440,13489,1,0.150,57.30,57.30,61.92,67.28,0.666,0.671,44876,45661,1.7210,1.7511,7.66,298.5,1.524,21.855,1,1,1
14806453,13499,1,0.150,57.30,57.30,59.59,63.25,0.670,0.679,44916,45703,1.7225,1.7527,7.67,298.8,3.232,21.888,1,1,1
14816459,13509,1,0.150,57.30,57.30,60.94,63.07,0.668,0.680,44958,45746,1.7241,1.7543,7.66,313.2,5.000,21.939,1,1,1
14826468,13519,1,0.150,57.30,57.30,61.35,64.04,0.666,0.677,45000,45790,1.7257,1.7560,7.67,303.0,2.439,21.964,1,1,1
14836474,13529,1,0.150,57.30,57.30,63.52,64.33,0.661,0.676,45044,45834,1.7274,1.7577,7.68,298.5,-0.854,21.956,1,1,1
14846474,13539,1,0.150,57.30,57.30,62.12,64.42,0.665,0.676,45086,45878,1.7290,1.7594,7.67,301.8,-1.768,21.939,1,1,1
14856483,13549,1,0.150,57.30,57.30,62.73,62.39,0.664,0.681,45129,45920,1.7307,1.7610,7.67,304.5,-2.073,21.919,1,1,1
14866492,13559,1,0.150,57.30,57.30,59.83,61.78,0.668,0.681,45169,45962,1.7322,1.7626,7.68,303.8,-1.890,21.901,1,1,1
14876498,13569,1,0.150,57.30,57.30,61.02,62.63,0.667,0.680,45211,46005,1.7338,1.7643,7.67,310.5,-1.646,21.885,1,1,1
14886507,13579,1,0.150,57.30,57.30,64.45,62.88,0.660,0.679,45256,46048,1.7355,1.7659,7.67,304.8,-1.463,21.871,1,1,1
14896513,13589,1,0.150,57.30,57.30,63.43,63.98,0.662,0.677,45299,46092,1.7372,1.7676,7.67,302.2,-0.427,21.868,1,1,1
14906522,13599,1,0.150,57.30,57.30,63.12,66.36,0.664,0.673,45342,46138,1.7388,1.7694,7.66,301.0,1.646,21.885,1,1,1
14916528,13609,1,0.150,57.30,57.30,58.93,61.95,0.671,0.681,45381,46179,1.7403,1.7709,7.67,293.5,4.390,21.929,1,1,1
14926528,13619,1,0.150,57.30,57.30,60.74,60.63,0.669,0.685,45423,46220,1.7420,1.7725,7.65,309.0,5.366,21.984,1,1,1
14936542,13629,1,0.150,57.30,57.30,61.29,63.30,0.666,0.678,45465,46264,1.7436,1.7742,7.67,309.5,4.329,22.028,1,1,1
14946550,13639,1,0.150,57.30,57.30,62.48,62.06,0.663,0.680,45508,46306,1.7452,1.7758,7.68,305.0,1.341,22.042,1,1,1
14956553,13649,1,0.150,57.30,57.30,59.76,61.68,0.669,0.681,45548,46348,1.7467,1.7774,7.68,307.0,0.427,22.047,1,1,1
14966559,13659,1,0.150,57.30,57.30,60.99,56.44,0.667,0.693,45590,46385,1.7484,1.7788,7.67,308.8,-1.463,22.033,1,1,1
14976561,13669,1,0.150,57.30,57.30,61.36,61.03,0.666,0.682,45632,46428,1.7500,1.7805,7.68,316.2,-3.720,21.996,1,1,1
14986561,13679,1,0.150,57.30,57.30,61.48,61.37,0.666,0.683,45674,46470,1.7516,1.7821,7.67,305.0,-5.671,21.940,1,1,1
14996574,13689,1,0.150,57.30,57.30,62.53,61.48,0.664,0.682,45717,46512,1.7532,1.7837,7.67,308.5,-4.756,21.893,1,1,1
15006576,13699,1,0.150,57.30,57.30,64.90,62.54,0.659,0.680,45762,46555,1.7550,1.7854,7.67,302.5,-0.122,21.893,1,1,1
15016580,13709,1,0.150,57.30,57.30,59.46,57.73,0.669,0.688,45801,46593,1.7564,1.7868,7.68,301.8,0.854,21.902,1,1,1
15026591,13719,1,0.150,57.30,57.30,58.85,58.33,0.672,0.689,45841,46633,1.7580,1.7884,7.66,314.2,-4.512,21.858,1,1,1
15036598,13729,1,0.150,57.30,57.30,59.70,61.59,0.669,0.682,45882,46676,1.7596,1.7900,7.67,313.8,-3.171,21.827,1,1,1
15046604,13739,1,0.150,57.30,57.30,59.95,59.49,0.669,0.686,45923,46716,1.7611,1.7915,7.67,313.2,-0.305,21.824,1,1,1
15056618,13749,1,0.150,57.30,57.30,62.08,59.89,0.665,0.686,45966,46757,1.7628,1.7931,7.67,315.2,3.902,21.864,1,1,1
15066624,13759,1,0.150,57.30,57.30,60.66,56.93,0.667,0.691,46007,46795,1.7643,1.7946,7.68,310.2,6.098,21.926,1,1,1
15076633,13769,1,0.150,57.30,57.30,61.27,55.02,0.667,0.696,46049,46832,1.7660,1.7960,7.66,312.2,-0.122,21.925,1,1,1
15086646,13779,1,0.150,57.30,57.30,61.45,61.62,0.666,0.682,46091,46876,1.7676,1.7977,7.67,314.2,-4.756,21.878,1,1,1
15096653,13789,1,0.150,57.30,57.30,61.50,60.53,0.666,0.684,46133,46917,1.7692,1.7992,7.67,307.8,-3.293,21.846,1,1,1
15106654,13799,1,0.150,57.30,57.30,63.57,60.20,0.662,0.685,46177,46958,1.7709,1.8008,7.67,309.5,-0.854,21.838,1,1,1
15116661,13809,1,0.150,57.30,57.30,64.19,61.13,0.660,0.682,46221,47000,1.7726,1.8024,7.68,311.0,3.963,21.878,1,1,1
15126661,13819,1,0.150,57.30,57.30,57.20,56.28,0.674,0.692,46258,47037,1.7740,1.8038,7.68,300.8,4.329,21.922,1,1,1
15136669,13829,1,0.150,57.30,57.30,59.20,54.82,0.671,0.697,46299,47074,1.7755,1.8053,7.66,318.8,-1.098,21.912,1,1,1
15146676,13839,1,0.150,57.30,57.30,61.85,60.54,0.665,0.684,46342,47117,1.7772,1.8069,7.67,321.5,-0.671,21.906,1,1,1
15156683,13849,1,0.150,57.30,57.30,59.57,59.18,0.669,0.686,46382,47157,1.7787,1.8084,7.68,306.8,-1.402,21.893,1,1,1
15166691,13859,1,0.150,57.30,57.30,62.99,61.84,0.663,0.681,46426,47200,1.7804,1.8101,7.67,311.5,-1.220,21.881,1,1,1
15176694,13869,1,0.150,57.30,57.30,59.91,57.52,0.670,0.690,46466,47238,1.7819,1.8116,7.67,302.5,2.012,21.902,1,1,1
15186699,13879,1,0.150,57.30,57.30,60.01,55.19,0.670,0.696,46507,47275,1.7835,1.8130,7.66,308.8,0.732,21.910,1,1,1
15196706,13889,1,0.150,57.30,57.30,62.10,62.70,0.665,0.680,46550,47320,1.7852,1.8147,7.67,320.0,-1.585,21.895,1,1,1
15206709,13899,1,0.150,57.30,57.30,60.67,61.88,0.667,0.681,46591,47362,1.7867,1.8163,7.68,310.2,-1.768,21.878,1,1,1
15216722,13909,1,0.150,57.30,57.30,63.32,61.63,0.662,0.681,46635,47404,1.7884,1.8179,7.68,306.2,-2.378,21.855,1,1,1
15226732,13919,1,0.150,57.30,57.30,64.11,59.50,0.661,0.687,46679,47444,1.7901,1.8195,7.66,295.8,0.732,21.863,1,1,1
15236737,13929,1,0.150,57.30,57.30,59.22,59.89,0.671,0.686,46718,47485,1.7916,1.8210,7.66,300.0,-0.183,21.862,1,1,1
15246737,13939,1,0.150,57.30,57.30,59.81,61.03,0.670,0.684,46759,47527,1.7932,1.8226,7.66,314.0,-6.646,21.796,1,1,1
15256752,13949,1,0.150,57.30,57.30,59.98,63.43,0.669,0.678,46800,47571,1.7948,1.8243,7.67,307.0,-2.744,21.769,1,1,1
15266752,13959,1,0.150,57.30,57.30,61.06,65.17,0.666,0.674,46842,47616,1.7964,1.8261,7.68,311.0,3.049,21.800,1,1,1
15276755,13969,1,0.150,57.30,57.30,62.41,65.69,0.663,0.673,46885,47661,1.7980,1.8278,7.68,302.0,7.622,21.877,1,1,1
15286759,13979,1,0.150,57.30,57.30,60.76,63.80,0.668,0.678,46926,47704,1.7996,1.8294,7.67,298.8,7.744,21.955,1,1,1
15296768,13989,1,0.150,57.30,57.30,59.24,57.08,0.670,0.691,46966,47741,1.8011,1.8308,7.67,305.0,0.854,21.964,1,1,1
15306775,13999,1,0.150,57.30,57.30,61.87,61.22,0.666,0.683,47009,47784,1.8028,1.8325,7.67,311.8,-2.073,21.944,1,1,1
15316786,14009,1,0.150,57.30,57.30,62.65,62.46,0.664,0.681,47052,47827,1.8044,1.8341,7.67,307.0,-5.610,21.889,1,1,1
15326790,14019,1,0.150,57.30,57.30,63.91,61.80,0.661,0.682,47096,47869,1.8061,1.8358,7.67,302.0,-4.024,21.849,1,1,1
15336800,14029,1,0.150,57.30,57.30,65.32,63.66,0.658,0.677,47141,47913,1.8078,1.8374,7.67,308.8,-3.659,21.814,1,1,1
15346800,14039,1,0.150,57.30,57.30,61.64,61.14,0.667,0.684,47182,47954,1.8094,1.8390,7.66,299.8,-3.049,21.784,1,1,1
15356804,14049,1,0.150,57.30,57.30,58.48,61.41,0.672,0.683,47221,47996,1.8109,1.8406,7.66,305.0,0.793,21.792,1,1,1
15366808,14059,1,0.150,57.30,57.30,59.59,63.54,0.670,0.678,47262,48040,1.8125,1.8423,7.67,312.8,2.378,21.817,1,1,1
15376815,14069,1,0.150,57.30,57.30,58.89,62.13,0.670,0.680,47302,48082,1.8140,1.8439,7.68,310.2,2.927,21.847,1,1,1
15386824,14079,1,0.150,57.30,57.30,61.76,61.70,0.665,0.681,47345,48124,1.8157,1.8455,7.67,310.2,4.207,21.890,1,1,1
15396828,14089,1,0.150,57.30,57.30,60.57,61.58,0.667,0.682,47386,48166,1.8172,1.8471,7.67,307.2,3.963,21.930,1,1,1
15406839,14099,1,0.150,57.30,57.30,60.21,61.54,0.670,0.684,47427,48208,1.8188,1.8488,7.65,311.0,2.500,21.956,1,1,1
15416843,14109,1,0.150,57.30,57.30,62.16,60.50,0.665,0.684,47470,48249,1.8205,1.8503,7.67,313.8,1.768,21.974,1,1,1
15426843,14119,1,0.150,57.30,57.30,62.74,60.19,0.664,0.686,47513,48290,1.8221,1.8519,7.66,310.2,-0.976,21.965,1,1,1
15436854,14129,1,0.150,57.30,57.30,62.91,60.10,0.663,0.685,47556,48331,1.8237,1.8535,7.67,309.2,-4.939,21.916,1,1,1
15446861,14139,1,0.150,57.30,57.30,66.04,60.07,0.656,0.684,47602,48372,1.8255,1.8550,7.68,306.8,-5.488,21.862,1,1,1
15456861,14149,1,0.150,57.30,57.30,63.90,60.06,0.660,0.684,47645,48413,1.8272,1.8566,7.68,302.8,-5.305,21.810,1,1,1
15466873,14159,1,0.150,57.30,57.30,59.16,60.06,0.670,0.684,47684,48454,1.8287,1.8582,7.68,304.2,0.305,21.813,1,1,1
15476874,14169,1,0.150,57.30,57.30,58.76,59.03,0.672,0.688,47724,48494,1.8302,1.8597,7.66,307.2,8.902,21.903,1,1,1
15486874,14179,1,0.150,57.30,57.30,57.62,59.75,0.674,0.686,47763,48535,1.8317,1.8613,7.66,317.0,8.902,21.993,1,1,1
15496881,14189,1,0.150,57.30,57.30,58.30,59.97,0.672,0.685,47803,48576,1.8332,1.8629,7.68,314.5,6.585,22.059,1,1,1
15506881,14199,1,0.150,57.30,57.30,57.48,60.03,0.674,0.685,47842,48617,1.8347,1.8644,7.67,311.2,8.537,22.145,1,1,1
15516891,14209,1,0.150,57.30,57.30,60.31,59.02,0.669,0.687,47884,48657,1.8363,1.8660,7.67,316.8,10.549,22.252,1,1,1
15526897,14219,1,0.150,57.30,57.30,60.13,60.77,0.668,0.682,47925,48699,1.8379,1.8676,7.68,308.8,8.780,22.340,1,1,1
15536903,14229,1,0.150,57.30,57.30,60.08,61.30,0.669,0.682,47966,48741,1.8395,1.8692,7.67,311.0,5.122,22.392,1,1,1
15546912,14239,1,0.150,57.30,57.30,61.09,59.41,0.667,0.686,48008,48781,1.8411,1.8707,7.67,314.0,0.732,22.400,1,1,1
15556919,14249,1,0.150,57.30,57.30,60.37,60.89,0.668,0.684,48049,48823,1.8427,1.8723,7.67,315.2,-0.732,22.393,1,1,1
15566919,14259,1,0.150,57.30,57.30,58.10,59.28,0.672,0.685,48088,48863,1.8442,1.8739,7.68,310.8,1.890,22.413,1,1,1
15576930,14269,1,0.150,57.30,57.30,59.47,60.85,0.670,0.683,48129,48905,1.8457,1.8755,7.67,316.5,5.183,22.465,1,1,1
15586936,14279,1,0.150,57.30,57.30,58.86,61.32,0.670,0.681,48169,48947,1.8473,1.8771,7.68,313.0,5.793,22.524,1,1,1
15596936,14289,1,0.150,57.30,57.30,59.70,61.46,0.668,0.681,48210,48989,1.8488,1.8787,7.68,312.0,2.927,22.554,1,1,1
15606949,14299,1,0.150,57.30,57.30,60.98,62.53,0.666,0.679,48252,49032,1.8504,1.8804,7.69,311.8,1.037,22.565,1,1,1
15616957,14309,1,0.150,57.30,57.30,59.31,61.83,0.672,0.683,48292,49074,1.8520,1.8820,7.66,306.2,2.073,22.586,1,1,1
15626964,14319,1,0.150,57.30,57.30,59.83,63.66,0.670,0.679,48333,49118,1.8535,1.8837,7.66,310.0,4.329,22.630,1,1,1
15636964,14329,1,0.150,57.30,57.30,59.99,63.19,0.669,0.679,48374,49161,1.8551,1.8853,7.67,310.5,4.451,22.676,1,1,1
15646965,14339,1,0.150,57.30,57.30,60.04,63.05,0.669,0.679,48415,49204,1.8567,1.8869,7.67,304.2,2.988,22.706,1,1,1
15656971,14349,1,0.150,57.30,57.30,61.08,63.01,0.667,0.679,48457,49247,1.8583,1.8886,7.67,311.2,1.524,22.722,1,1,1
15666980,14359,1,0.150,57.30,57.30,61.39,65.04,0.666,0.674,48499,49292,1.8599,1.8903,7.68,309.8,1.524,22.738,1,1,1
15676980,14369,1,0.150,57.30,57.30,59.43,64.63,0.669,0.675,48539,49336,1.8614,1.8920,7.68,304.2,3.659,22.775,1,1,1
15686980,14379,1,0.150,57.30,57.30,60.90,65.53,0.668,0.675,48581,49381,1.8631,1.8937,7.66,306.0,5.854,22.834,1,1,1
15696982,14389,1,0.150,57.30,57.30,61.34,64.78,0.666,0.675,48623,49425,1.8647,1.8954,7.67,306.8,6.037,22.896,1,1,1
15706986,14399,1,0.150,57.30,57.30,60.44,64.55,0.668,0.675,48664,49469,1.8662,1.8971,7.68,303.2,4.329,22.940,1,1,1
15716997,14409,1,0.150,57.30,57.30,61.20,65.51,0.666,0.673,48706,49514,1.8679,1.8988,7.68,310.2,2.256,22.963,1,1,1
15727003,14420,1,0.150,57.30,57.30,61.43,63.74,0.666,0.677,48748,49557,1.8695,1.9005,7.67,305.8,1.037,22.974,1,1,1
15737005,14430,1,0.150,57.30,57.30,61.49,65.27,0.666,0.674,48790,49602,1.8711,1.9022,7.67,308.2,1.159,22.986,1,1,1
15747010,14440,1,0.150,57.30,57.30,62.54,65.72,0.664,0.674,48833,49647,1.8727,1.9039,7.67,310.0,0.915,22.996,1,1,1
15757021,14450,1,0.150,57.30,57.30,61.83,65.86,0.665,0.673,48875,49692,1.8743,1.9057,7.67,304.5,2.195,23.019,1,1,1
15767025,14460,1,0.150,57.30,57.30,63.67,67.95,0.661,0.669,48919,49739,1.8760,1.9075,7.68,303.8,2.805,23.047,1,1,1
15777036,14470,1,0.150,57.30,57.30,61.14,67.55,0.666,0.669,48960,49785,1.8776,1.9092,7.68,304.0,1.585,23.064,1,1,1
15787043,14480,1,0.150,57.30,57.30,59.36,61.28,0.670,0.682,49000,49825,1.8791,1.9108,7.68,301.2,2.622,23.091,1,1,1
15797043,14490,1,0.150,57.30,57.30,61.90,63.50,0.666,0.678,49043,49869,1.8808,1.9125,7.67,308.2,3.720,23.129,1,1,1
15807056,14500,1,0.150,57.30,57.30,61.64,64.17,0.666,0.677,49085,49913,1.8824,1.9141,7.67,307.2,0.061,23.130,1,1,1
15817065,14510,1,0.150,57.30,57.30,62.58,64.37,0.664,0.677,49128,49957,1.8840,1.9158,7.66,306.8,-1.280,23.118,1,1,1
15827066,14520,1,0.150,57.30,57.30,63.89,65.45,0.661,0.674,49172,50002,1.8857,1.9176,7.67,305.8,-0.915,23.109,1,1,1
15837071,14530,1,0.150,57.30,57.30,61.21,62.70,0.666,0.680,49213,50044,1.8873,1.9192,7.67,302.5,-3.110,23.079,1,1,1
15847071,14540,1,0.150,57.30,57.30,60.40,61.88,0.668,0.681,49254,50086,1.8889,1.9208,7.67,307.2,-2.683,23.053,1,1,1
15857071,14550,1,0.150,57.30,57.30,62.21,63.68,0.665,0.678,49297,50130,1.8905,1.9225,7.67,309.8,-0.427,23.049,1,1,1
15867077,14560,1,0.150,57.30,57.30,63.78,63.20,0.662,0.679,49341,50173,1.8922,1.9241,7.66,305.0,2.195,23.072,1,1,1
15877088,14570,1,0.150,57.30,57.30,64.25,64.08,0.661,0.677,49385,50217,1.8939,1.9258,7.67,304.2,5.488,23.127,1,1,1
15887096,14580,1,0.150,57.30,57.30,62.34,66.39,0.663,0.671,49427,50263,1.8955,1.9276,7.68,301.2,5.488,23.183,1,1,1
15897109,14590,1,0.150,57.30,57.30,58.69,61.96,0.672,0.682,49466,50304,1.8970,1.9291,7.66,299.2,3.537,23.219,1,1,1
15907112,14600,1,0.150,57.30,57.30,61.70,62.68,0.666,0.680,49509,50347,1.8986,1.9308,7.67,311.8,5.793,23.278,1,1,1
15917126,14610,1,0.150,57.30,57.30,61.58,63.92,0.666,0.677,49551,50391,1.9003,1.9325,7.67,307.5,4.695,23.325,1,1,1
15927128,14620,1,0.150,57.30,57.30,62.56,60.19,0.663,0.684,49594,50431,1.9019,1.9340,7.68,308.2,3.232,23.358,1,1,1
15937128,14630,1,0.150,57.30,57.30,60.81,59.07,0.667,0.687,49635,50471,1.9035,1.9355,7.67,305.5,-1.098,23.348,1,1,1
15947128,14640,1,0.150,57.30,57.30,61.31,58.74,0.666,0.687,49677,50511,1.9051,1.9371,7.68,310.0,-7.683,23.272,1,1,1
15957128,14650,1,0.150,57.30,57.30,61.46,61.71,0.666,0.682,49719,50554,1.9067,1.9387,7.67,308.0,-7.378,23.199,1,1,1
15967128,14660,1,0.150,57.30,57.30,60.48,60.55,0.667,0.683,49760,50595,1.9083,1.9403,7.68,308.8,-4.939,23.150,1,1,1
15977128,14670,1,0.150,57.30,57.30,63.26,62.26,0.662,0.680,49804,50638,1.9100,1.9419,7.68,309.5,0.549,23.156,1,1,1
15987141,14680,1,0.150,57.30,57.30,63.07,59.69,0.662,0.685,49847,50678,1.9116,1.9435,7.68,308.5,3.171,23.189,1,1,1
15997152,14690,1,0.150,57.30,57.30,58.91,58.92,0.671,0.687,49886,50718,1.9131,1.9450,7.67,307.8,-2.805,23.161,1,1,1
16007155,14700,1,0.150,57.30,57.30,60.74,61.77,0.667,0.681,49928,50761,1.9147,1.9467,7.67,317.0,-6.037,23.102,1,1,1
16017167,14710,1,0.150,57.30,57.30,60.26,60.57,0.668,0.684,49969,50802,1.9163,1.9482,7.67,307.8,-0.244,23.100,1,1,1
16027167,14720,1,0.150,57.30,57.30,60.12,60.21,0.669,0.684,50010,50843,1.9179,1.9498,7.67,307.5,6.037,23.161,1,1,1
16037171,14730,1,0.150,57.30,57.30,62.13,57.03,0.664,0.691,50053,50881,1.9195,1.9513,7.68,307.2,6.829,23.230,1,1,1
16047171,14740,1,0.150,57.30,57.30,60.68,53.00,0.667,0.699,50094,50916,1.9211,1.9526,7.67,316.0,-0.610,23.224,1,1,1
16057182,14750,1,0.150,57.30,57.30,62.30,58.97,0.664,0.687,50137,50958,1.9227,1.9542,7.67,318.5,-9.451,23.131,1,1,1
16067189,14760,1,0.150,57.30,57.30,61.76,62.81,0.666,0.680,50179,51002,1.9243,1.9559,7.66,314.2,-7.012,23.061,1,1,1
16077197,14770,1,0.150,57.30,57.30,61.59,59.86,0.666,0.685,50221,51042,1.9260,1.9574,7.67,301.2,1.585,23.078,1,1,1
16087204,14780,1,0.150,57.30,57.30,55.39,61.02,0.679,0.683,50257,51084,1.9273,1.9590,7.67,313.2,8.049,23.159,1,1,1
16097204,14790,1,0.150,57.30,57.30,66.86,57.27,0.656,0.691,50306,51122,1.9292,1.9605,7.66,315.5,7.195,23.231,1,1,1
16107204,14800,1,0.150,57.30,57.30,60.05,56.15,0.669,0.693,50345,51160,1.9307,1.9620,7.67,304.0,-0.305,23.229,1,1,1
16117217,14810,1,0.150,57.30,57.30,61.08,60.94,0.666,0.683,50387,51203,1.9323,1.9636,7.67,314.8,-5.061,23.179,1,1,1
16127225,14820,1,0.150,57.30,57.30,63.44,60.32,0.662,0.684,50431,51244,1.9340,1.9652,7.67,307.2,-1.341,23.166,1,1,1
16137232,14830,1,0.150,57.30,57.30,59.02,62.19,0.671,0.681,50470,51287,1.9355,1.9668,7.67,309.5,3.598,23.203,1,1,1
16147232,14840,1,0.150,57.30,57.30,64.87,58.65,0.660,0.689,50516,51326,1.9373,1.9683,7.66,305.2,3.415,23.238,1,1,1
16157246,14850,1,0.150,57.30,57.30,58.43,55.53,0.673,0.695,50554,51363,1.9387,1.9697,7.66,310.8,0.122,23.240,1,1,1
16167256,14860,1,0.150,57.30,57.30,61.62,59.73,0.666,0.686,50597,51405,1.9404,1.9714,7.67,320.2,-6.341,23.177,1,1,1
16177267,14870,1,0.150,57.30,57.30,60.53,60.98,0.669,0.684,50638,51447,1.9419,1.9730,7.66,303.0,-3.598,23.142,1,1,1
16187280,14880,1,0.150,57.30,57.30,60.20,62.39,0.669,0.681,50679,51490,1.9435,1.9746,7.66,313.8,0.732,23.150,1,1,1
16197288,14890,1,0.150,57.30,57.30,62.15,60.76,0.665,0.684,50722,51531,1.9452,1.9762,7.66,313.2,4.451,23.195,1,1,1
16207292,14900,1,0.150,57.30,57.30,61.71,59.24,0.666,0.687,50764,51571,1.9468,1.9777,7.66,307.8,1.220,23.208,1,1,1
16217295,14910,1,0.150,57.30,57.30,62.61,60.84,0.663,0.683,50807,51613,1.9484,1.9793,7.67,309.5,-6.463,23.144,1,1,1
16227295,14920,1,0.150,57.30,57.30,61.85,63.37,0.664,0.677,50849,51657,1.9500,1.9810,7.68,311.0,-7.683,23.068,1,1,1
16237307,14930,1,0.150,57.30,57.30,60.60,64.13,0.667,0.676,50890,51701,1.9516,1.9827,7.68,304.2,1.220,23.081,1,1,1
16247307,14940,1,0.150,57.30,57.30,61.25,66.41,0.667,0.673,50932,51747,1.9532,1.9845,7.67,302.0,8.720,23.169,1,1,1
16257308,14950,1,0.150,57.30,57.30,62.47,61.96,0.664,0.681,50975,51788,1.9549,1.9860,7.67,304.0,7.622,23.246,1,1,1
16267322,14960,1,0.150,57.30,57.30,58.73,59.60,0.672,0.686,51014,51828,1.9564,1.9876,7.66,299.2,0.976,23.256,1,1,1
16277323,14970,1,0.150,57.30,57.30,61.71,60.95,0.665,0.683,51057,51870,1.9580,1.9892,7.67,309.0,-5.183,23.205,1,1,1
16287323,14980,1,0.150,57.30,57.30,62.61,62.38,0.664,0.680,51100,51913,1.9597,1.9908,7.67,308.8,-4.512,23.160,1,1,1
16297334,14990,1,0.150,57.30,57.30,61.85,62.80,0.665,0.679,51142,51956,1.9613,1.9925,7.68,298.8,-1.098,23.150,1,1,1
16307337,15000,1,0.150,57.30,57.30,64.70,63.96,0.658,0.676,51187,52000,1.9630,1.9942,7.68,306.2,0.549,23.156,1,1,1
16317343,15010,1,0.150,57.30,57.30,65.55,62.25,0.658,0.681,51232,52042,1.9647,1.9958,7.67,299.8,-0.793,23.149,1,1,1
16327349,15020,1,0.150,57.30,57.30,60.68,59.69,0.667,0.685,51272,52082,1.9663,1.9973,7.67,299.0,-4.939,23.100,1,1,1
16337362,15030,1,0.150,57.30,57.30,59.22,62.00,0.672,0.682,51312,52125,1.9678,1.9990,7.66,305.8,-3.537,23.066,1,1,1
16347371,15040,1,0.150,57.30,57.30,60.83,62.69,0.668,0.680,51354,52168,1.9694,2.0006,7.67,306.8,1.341,23.080,1,1,1
16357377,15050,1,0.150,57.30,57.30,58.24,61.87,0.672,0.681,51393,52210,1.9709,2.0022,7.67,304.5,4.512,23.126,1,1,1
16367386,15060,1,0.150,57.30,57.30,61.56,61.63,0.665,0.681,51436,52252,1.9725,2.0038,7.68,315.2,5.976,23.186,1,1,1
16377394,15070,1,0.150,57.30,57.30,60.51,59.50,0.667,0.685,51477,52292,1.9741,2.0054,7.68,305.8,4.512,23.232,1,1,1
16387407,15080,1,0.150,57.30,57.30,62.24,60.92,0.664,0.683,51520,52334,1.9758,2.0070,7.68,313.8,0.915,23.242,1,1,1
16397414,15090,1,0.150,57.30,57.30,62.77,60.32,0.664,0.685,51563,52375,1.9774,2.0086,7.66,309.8,0.366,23.246,1,1,1
16407424,15100,1,0.150,57.30,57.30,62.92,60.14,0.664,0.686,51606,52416,1.9791,2.0101,7.66,303.8,-1.951,23.227,1,1,1
16417429,15110,1,0.150,57.30,57.30,63.99,60.08,0.662,0.686,51650,52457,1.9808,2.0117,7.66,310.8,-4.573,23.182,1,1,1
16427440,15120,1,0.150,57.30,57.30,65.34,60.07,0.658,0.685,51695,52498,1.9825,2.0133,7.67,309.8,-4.390,23.139,1,1,1
16437443,15130,1,0.150,57.30,57.30,63.69,60.06,0.661,0.684,51738,52539,1.9841,2.0148,7.68,306.5,-4.390,23.096,1,1,1
