timestamp_ms,frame_id,init_id,resp_id,status,carrier_int,cfo_ppm,tof_uncomp,tof_comp,dist_uncomp_m,dist_clock_m,dist_rssi_m,dist_calib_m,rssi_dbm,tTx1,tRx1,tRx2,tTx2,temp_uwb_init,temp_uwb_resp,temp_esp_init,temp_esp_resp,edge,time_s
5372,1,1,2,0,0,0.0,0,0,0.0,0.0,0.0,0.0,0.0,0,0,0,0,-256.3,0.0,34.4,0.0,1→2,0.0
5372,1,1,3,1,-73157,41.93,5491,8840,25.7625,41.4769,41.3499,18.1787,-72.19,261264236084,261423990870,976083507397,976243251200,-256.3,-267.7,34.4,37.6,1→3,0.0
5372,1,1,4,1,-79548,45.59,5008,8649,23.4964,40.581,40.402,18.8562,-66.68,262542105652,262701859560,760428838508,760588582400,-256.3,-260.9,34.4,40.4,1→4,0.0
5372,1,2,3,0,0,0.0,0,0,0.0,0.0,0.0,0.0,0.0,0,0,0,0,23.0,0.0,39.3,0.0,2→3,0.0
5372,1,2,4,0,0,0.0,0,0,0.0,0.0,0.0,0.0,0.0,0,0,0,0,23.0,0.0,39.3,0.0,2→4,0.0
5372,1,3,4,1,-6646,3.81,8432,8736,39.561,40.9907,40.8817,3.54,-73.91,981287776820,981447537629,764355200568,764514944512,-267.7,-260.9,37.6,40.4,3→4,0.0
5572,2,1,2,0,0,0.0,0,0,0.0,0.0,0.0,0.0,0.0,0,0,0,0,-256.3,0.0,36.4,0.0,1→2,0.2
5572,2,1,3,1,-73122,41.91,5498,8845,25.7953,41.4999,41.3729,18.2017,-72.36,274043444788,274203199758,988863247898,989022991872,-256.3,-267.7,36.4,37.6,1→3,0.2
5572,2,1,4,1,-79497,45.56,5007,8646,23.4917,40.5654,40.4024,18.8566,-67.15,275321368628,275481122571,773208680519,773368424448,-256.3,-260.9,36.4,41.4,1→4,0.2
5572,2,2,3,0,0,0.0,0,0,0.0,0.0,0.0,0.0,0.0,0,0,0,0,23.0,0.0,39.3,0.0,2→3,0.2
5572,2,2,4,0,0,0.0,0,0,0.0,0.0,0.0,0.0,0.0,0,0,0,0,23.0,0.0,39.3,0.0,2→4,0.2
5572,2,3,4,1,-6606,3.79,8434,8736,39.5703,40.9915,40.8825,3.5408,-74.83,994065507380,994225268058,777132978367,777292722176,-267.7,-260.9,37.6,41.4,3→4,0.2
5772,3,1,2,0,0,0.0,0,0,0.0,0.0,0.0,0.0,0.0,0,0,0,0,-256.3,0.0,36.4,0.0,1→2,0.4
5772,3,1,3,1,-72978,41.83,5493,8833,25.7719,41.4455,41.3025,18.1313,-69.61,286822218292,286981972967,1001642553143,1001802296832,-256.3,-267.7,36.4,37.6,1→3,0.4
5772,3,1,4,1,-79517,45.57,5009,8649,23.501,40.5814,40.4184,18.8726,-67.08,288100273204,288260027204,785988164115,786147908096,-256.3,-260.9,36.4,41.4,1→4,0.4
5772,3,2,3,0,0,0.0,0,0,0.0,0.0,0.0,0.0,0.0,0,0,0,0,23.0,0.0,39.3,0.0,2→3,0.4
5772,3,2,4,0,0,0.0,0,0,0.0,0.0,0.0,0.0,0.0,0,0,0,0,23.0,0.0,39.3,0.0,2→4,0.4
5772,3,3,4,1,-6604,3.78,8437,8739,39.5844,41.0051,40.8781,3.5364,-72.45,1006842778164,1007002538679,789910296424,790070040064,-267.7,-260.9,37.6,41.4,3→4,0.4
5972,4,1,2,0,0,0.0,0,0,0.0,0.0,0.0,0.0,0.0,0,0,0,0,-256.3,0.0,36.4,0.0,1→2,0.6
5972,4,1,3,1,-73133,41.91,5496,8843,25.7859,41.4928,41.3498,18.1786,-69.67,299600992308,299760747232,1014421858884,1014581602816,-256.3,-267.7,36.4,37.6,1→3,0.6
5972,4,1,4,1,-79537,45.58,5009,8649,23.501,40.5833,40.4203,18.8745,-67.24,300878619188,301038372748,798767089098,798926832640,-256.3,-260.9,36.4,41.4,1→4,0.6
5972,4,2,3,0,0,0.0,0,0,0.0,0.0,0.0,0.0,0.0,0,0,0,0,23.0,0.0,39.3,0.0,2→3,0.6
5972,4,2,4,0,0,0.0,0,0,0.0,0.0,0.0,0.0,0.0,0,0,0,0,23.0,0.0,39.3,0.0,2→4,0.6
5972,4,3,4,1,-6630,3.8,8429,8732,39.5469,40.9708,40.8618,3.5201,-74.5,1019621384244,1019781145071,802688949791,802848693760,-267.7,-260.9,37.6,41.4,3→4,0.6
6172,5,1,2,0,0,0.0,0,0,0.0,0.0,0.0,0.0,0.0,0,0,0,0,-256.3,0.0,36.4,0.0,1→2,0.8
6172,5,1,3,1,-72987,41.83,5492,8833,25.7672,41.445,41.336,18.1648,-74.09,312379765812,312539520402,1027201164171,1027360907776,-256.3,-267.7,36.4,38.6,1→3,0.8
6172,5,1,4,1,-79572,45.6,5012,8655,23.5151,40.6073,40.4443,18.8985,-67.84,313657712180,313817466189,811546761232,811706505216,-256.3,-260.9,36.4,41.4,1→4,0.8
6172,5,2,3,0,0,0.0,0,0,0.0,0.0,0.0,0.0,0.0,0,0,0,0,23.0,0.0,39.3,0.0,2→3,0.8
6172,5,2,4,0,0,0.0,0,0,0.0,0.0,0.0,0.0,0.0,0,0,0,0,23.0,0.0,39.3,0.0,2→4,0.8
6172,5,3,4,1,-6616,3.79,8429,8731,39.5469,40.9678,40.8838,3.5421,-75.18,1032404813876,1032564574461,815472426769,815632170496,-267.7,-260.9,38.6,41.4,3→4,0.8
6372,6,1,2,0,0,0.0,0,0,0.0,0.0,0.0,0.0,0.0,0,0,0,0,-256.3,0.0,36.4,0.0,1→2,1.0
6372,6,1,3,1,-73020,41.85,5494,8837,25.7766,41.4615,41.3345,18.1633,-71.94,325158539828,325318294485,1039980470092,1040140213760,-256.3,-267.7,36.4,38.6,1→3,1.0
6372,6,1,4,1,-79560,45.6,5009,8651,23.501,40.5906,40.4276,18.8818,-67.08,326436274740,326596028592,824325903015,824485646848,-256.3,-260.9,36.4,41.4,1→4,1.0
6372,6,2,3,0,0,0.0,0,0,0.0,0.0,0.0,0.0,0.0,0,0,0,0,23.0,0.0,39.3,0.0,2→3,1.0
6372,6,2,4,0,0,0.0,0,0,0.0,0.0,0.0,0.0,0.0,0,0,0,0,23.0,0.0,39.3,0.0,2→4,1.0
6372,6,3,4,1,-6666,3.82,8436,8741,39.5797,41.0137,40.9297,3.588,-75.34,1045180841524,1045340601907,828248501738,828408245248,-267.7,-260.9,38.6,41.4,3→4,1.0
6572,7,1,2,0,0,0.0,0,0,0.0,0.0,0.0,0.0,0.0,0,0,0,0,-256.3,0.0,36.4,0.0,1→2,1.2
6572,7,1,3,1,-73071,41.88,5492,8836,25.7672,41.4607,41.3337,18.1625,-72.46,337937312820,338097067425,1052759775099,1052919518720,-256.3,-267.7,36.4,38.6,1→3,1.2
6572,7,1,4,1,-79592,45.62,5007,8650,23.4917,40.5881,40.4251,18.8793,-68.14,339214851636,339374605191,837105059276,837264802816,-256.3,-260.9,36.4,41.4,1→4,1.2
6572,7,2,3,0,0,0.0,0,0,0.0,0.0,0.0,0.0,0.0,0,0,0,0,23.0,0.0,39.3,0.0,2→3,1.2
6572,7,2,4,0,0,0.0,0,0,0.0,0.0,0.0,0.0,0.0,0,0,0,0,23.0,0.0,39.3,0.0,2→4,1.2
6572,7,3,4,1,-6618,3.79,8434,8736,39.5703,40.9917,40.8827,3.541,-74.96,1057960955444,1058120716094,841028663002,841188406784,-267.7,-260.9,38.6,41.4,3→4,1.2
6772,8,1,2,0,0,0.0,0,0,0.0,0.0,0.0,0.0,0.0,0,0,0,0,-256.3,0.0,37.4,0.0,1→2,1.4
6772,8,1,3,1,-73147,41.92,5491,8839,25.7625,41.4747,41.3657,18.1945,-73.78,350716026932,350875781867,1065539021360,1065698765312,-256.3,-267.7,37.4,38.6,1→3,1.4
6772,8,1,4,1,-79538,45.58,5006,8646,23.487,40.5695,40.3905,18.8447,-66.76,351993903668,352153657285,849884690827,850044434432,-256.3,-260.9,37.4,41.4,1→4,1.4
6772,8,2,3,0,0,0.0,0,0,0.0,0.0,0.0,0.0,0.0,0,0,0,0,23.0,0.0,39.3,0.0,2→3,1.4
6772,8,2,4,0,0,0.0,0,0,0.0,0.0,0.0,0.0,0.0,0,0,0,0,23.0,0.0,39.3,0.0,2→4,1.4
6772,8,3,4,0,0,0.0,0,0,0.0,0.0,0.0,0.0,0.0,0,0,0,0,-267.7,0.0,38.6,0.0,3→4,1.4
6972,9,1,2,0,0,0.0,0,0,0.0,0.0,0.0,0.0,0.0,0,0,0,0,-256.3,0.0,37.4,0.0,1→2,1.6
6972,9,1,3,1,-73091,41.89,5491,8837,25.7625,41.4627,41.3357,18.1645,-72.72,363494859316,363654614003,1078318385960,1078478129664,-256.3,-267.7,37.4,38.6,1→3,1.6
6972,9,1,4,1,-79585,45.61,5007,8650,23.4917,40.5866,40.4236,18.8778,-67.44,364772914228,364932667783,862664281036,862824024576,-256.3,-260.9,37.4,41.4,1→4,1.6
6972,9,2,3,0,0,0.0,0,0,0.0,0.0,0.0,0.0,0.0,0,0,0,0,23.0,0.0,39.3,0.0,2→3,1.6
6972,9,2,4,0,0,0.0,0,0,0.0,0.0,0.0,0.0,0.0,0,0,0,0,23.0,0.0,39.3,0.0,2→4,1.6
6972,9,3,4,1,-6649,3.81,8442,8746,39.6079,41.0359,40.9269,3.5852,-74.17,1083518420020,1083678180638,866586222346,866745966080,-267.7,-260.9,38.6,41.4,3→4,1.6
7172,10,1,2,0,0,0.0,0,0,0.0,0.0,0.0,0.0,0.0,0,0,0,0,-256.3,0.0,37.4,0.0,1→2,1.8
7172,10,1,3,1,-73109,41.9,5488,8834,25.7484,41.4501,41.3411,18.1699,-73.13,376273632308,376433387098,1091097691322,1091257435136,-256.3,-267.7,37.4,38.6,1→3,1.8
7172,10,1,4,1,-79656,45.65,5003,8649,23.4729,40.5831,40.4201,18.8743,-67.19,377551687220,377711441105,875443633786,875603377664,-256.3,-260.9,37.4,41.4,1→4,1.8
7172,10,2,3,0,0,0.0,0,0,0.0,0.0,0.0,0.0,0.0,0,0,0,0,23.0,0.0,39.3,0.0,2→3,1.8
7172,10,2,4,0,0,0.0,0,0,0.0,0.0,0.0,0.0,0.0,0,0,0,0,23.0,0.0,39.3,0.0,2→4,1.8
7172,10,3,4,1,-6650,3.81,8429,8733,39.5469,40.9775,40.8505,3.5088,-72.97,1096299572788,1096459333632,879367422479,879527166464,-267.7,-260.9,38.6,41.4,3→4,1.8
7372,11,1,2,0,0,0.0,0,0,0.0,0.0,0.0,0.0,0.0,0,0,0,0,-256.3,0.0,36.4,0.0,1→2,2.0
7372,11,1,3,1,-73142,41.92,5492,8840,25.7672,41.4783,41.3693,18.1981,-73.41,389052405300,389212160107,4365369010,4525112832,-256.3,-267.7,36.4,38.6,1→3,2.0
7372,11,1,4,1,-79645,45.65,5006,8652,23.487,40.5948,40.4518,18.906,-70.03,390330459700,390490213287,888222986154,888382729728,-256.3,-260.9,36.4,41.4,1→4,2.0
7372,11,2,3,0,0,0.0,0,0,0.0,0.0,0.0,0.0,0.0,0,0,0,0,23.0,0.0,39.3,0.0,2→3,2.0
7372,11,2,4,0,0,0.0,0,0,0.0,0.0,0.0,0.0,0.0,0,0,0,0,23.0,0.0,39.3,0.0,2→4,2.0
7372,11,3,4,1,-6635,3.8,8423,8727,39.5187,40.9461,40.8371,3.4954,-74.21,9566496308,9726256832,892146021187,892305764864,-267.7,-260.9,38.6,41.4,3→4,2.0
7572,12,1,2,0,0,0.0,0,0,0.0,0.0,0.0,0.0,0.0,0,0,0,0,-256.3,0.0,36.4,0.0,1→2,2.2
7572,12,1,3,1,-73099,41.89,5486,8832,25.739,41.4409,41.3139,18.1427,-71.79,401831177780,401990932481,17144674064,17304417792,-256.3,-267.7,36.4,38.6,1→3,2.2
7572,12,1,4,1,-79668,45.66,5001,8648,23.4635,40.5763,40.4133,18.8675,-67.13,403109232692,403268986361,901002339150,901162082816,-256.3,-260.9,36.4,41.4,1→4,2.2
7572,12,2,3,0,0,0.0,0,0,0.0,0.0,0.0,0.0,0.0,0,0,0,0,23.0,0.0,39.3,0.0,2→3,2.2
7572,12,2,4,0,0,0.0,0,0,0.0,0.0,0.0,0.0,0.0,0,0,0,0,23.0,0.0,39.3,0.0,2→4,2.2
7572,12,3,4,1,-6627,3.8,8429,8732,39.5469,40.9702,40.8862,3.5445,-75.03,22346424884,22506185599,904925997199,905085741056,-267.7,-260.9,38.6,41.4,3→4,2.2
7772,13,1,2,0,0,0.0,0,0,0.0,0.0,0.0,0.0,0.0,0,0,0,0,-256.3,0.0,36.4,0.0,1→2,2.4
7772,13,1,3,1,-73111,41.9,5489,8835,25.7531,41.4552,41.3462,18.175,-73.23,414609950260,414769704774,29923979216,30083722752,-256.3,-267.7,36.4,38.6,1→3,2.4
7772,13,1,4,1,-79651,45.65,5004,8650,23.4776,40.5867,40.4237,18.8779,-67.24,415888006708,416047760346,913781693299,913941436928,-256.3,-260.9,36.4,41.4,1→4,2.4
7772,13,2,3,0,0,0.0,0,0,0.0,0.0,0.0,0.0,0.0,0,0,0,0,23.0,0.0,39.3,0.0,2→3,2.4
7772,13,2,4,0,0,0.0,0,0,0.0,0.0,0.0,0.0,0.0,0,0,0,0,23.0,0.0,39.3,0.0,2→4,2.4
7772,13,3,4,1,-6694,3.84,8435,8741,39.575,41.0151,40.9061,3.5644,-73.89,35125536820,35285297195,917705156592,917864900096,-267.7,-260.9,38.6,41.4,3→4,2.4
7972,14,1,2,0,0,0.0,0,0,0.0,0.0,0.0,0.0,0.0,0,0,0,0,-256.3,0.0,37.4,0.0,1→2,2.6
7972,14,1,3,1,-73123,41.91,5490,8837,25.7578,41.4649,41.3219,18.1507,-70.99,427388722740,427548477468,42703284477,42863028224,-256.3,-267.7,37.4,38.6,1→3,2.6
7972,14,1,4,1,-79690,45.67,5004,8652,23.4776,40.5951,40.4321,18.8863,-67.26,428666261556,428826015077,926560528360,926720271872,-256.3,-260.9,37.4,41.4,1→4,2.6
7972,14,2,3,0,0,0.0,0,0,0.0,0.0,0.0,0.0,0.0,0,0,0,0,23.0,0.0,39.3,0.0,2→3,2.6
7972,14,2,4,0,0,0.0,0,0,0.0,0.0,0.0,0.0,0.0,0,0,0,0,23.0,0.0,39.3,0.0,2→4,2.6
7972,14,3,4,1,-6661,3.82,8422,8726,39.514,40.9446,40.8606,3.5189,-75.09,47906052148,48065812658,930485719374,930645463040,-267.7,-260.9,38.6,41.4,3→4,2.6
8172,15,1,2,0,0,0.0,0,0,0.0,0.0,0.0,0.0,0.0,0,0,0,0,-256.3,0.0,37.4,0.0,1→2,2.8
8172,15,1,3,1,-73185,41.94,5489,8839,25.7531,41.4712,41.3622,18.191,-73.55,440167495220,440327250088,55482589806,55642333696,-256.3,-267.7,37.4,38.6,1→3,2.8
8172,15,1,4,1,-79647,45.65,5005,8650,23.4823,40.5882,40.4092,18.8634,-66.87,441445441076,441605194829,939340288257,939500032000,-256.3,-260.9,37.4,41.4,1→4,2.8
8172,15,2,3,0,0,0.0,0,0,0.0,0.0,0.0,0.0,0.0,0,0,0,0,23.0,0.0,39.3,0.0,2→3,2.8
8172,15,2,4,0,0,0.0,0,0,0.0,0.0,0.0,0.0,0.0,0,0,0,0,23.0,0.0,39.3,0.0,2→4,2.8
8172,15,3,4,1,-6634,3.8,8433,8737,39.5656,40.9928,40.9088,3.5671,-75.69,60682132020,60841892684,943261846731,943421590528,-267.7,-260.9,38.6,41.4,3→4,2.8
8372,16,1,2,0,0,0.0,0,0,0.0,0.0,0.0,0.0,0.0,0,0,0,0,-256.3,0.0,37.4,0.0,1→2,3.0
8372,16,1,3,1,-73203,41.95,5492,8843,25.7672,41.4915,41.3645,18.1933,-72.07,452946267188,453106022099,68261894730,68421638656,-256.3,-267.7,37.4,38.6,1→3,3.0
8372,16,1,4,1,-79748,45.71,5005,8656,23.4823,40.6122,40.4492,18.9034,-67.67,454224322100,454384075992,952119749751,952279493632,-256.3,-260.9,37.4,41.4,1→4,3.0
8372,16,2,3,0,0,0.0,0,0,0.0,0.0,0.0,0.0,0.0,0,0,0,0,23.0,0.0,39.3,0.0,2→3,3.0
8372,16,2,4,0,0,0.0,0,0,0.0,0.0,0.0,0.0,0.0,0,0,0,0,23.0,0.0,39.3,0.0,2→4,3.0
8372,16,3,4,1,-6628,3.8,8427,8730,39.5375,40.961,40.877,3.5353,-75.15,73462277172,73622037934,956042039388,956201783296,-267.7,-260.9,38.6,41.4,3→4,3.0
8572,17,1,2,0,0,0.0,0,0,0.0,0.0,0.0,0.0,0.0,0,0,0,0,-256.3,0.0,37.4,0.0,1→2,3.2
8572,17,1,3,1,-73203,41.95,5495,8846,25.7812,41.5055,41.3965,18.2253,-74.31,465725039668,465884794513,81041200274,81200944128,-256.3,-267.7,37.4,38.6,1→3,3.2
8572,17,1,4,1,-79631,45.64,5001,8646,23.4635,40.566,40.403,18.8572,-67.53,467002577460,467162331413,964898585649,965058329600,-256.3,-260.9,37.4,41.4,1→4,3.2
8572,17,2,3,0,0,0.0,0,0,0.0,0.0,0.0,0.0,0.0,0,0,0,0,23.0,0.0,39.3,0.0,2→3,3.2
8572,17,2,4,0,0,0.0,0,0,0.0,0.0,0.0,0.0,0.0,0,0,0,0,23.0,0.0,39.3,0.0,2→4,3.2
8572,17,3,4,1,-6637,3.8,8429,8733,39.5469,40.9747,40.8657,3.524,-74.56,86243749428,86403510284,968823559171,968983303168,-267.7,-260.9,38.6,41.4,3→4,3.2
8772,18,1,2,0,0,0.0,0,0,0.0,0.0,0.0,0.0,0.0,0,0,0,0,-256.3,0.0,37.4,0.0,1→2,3.4
8772,18,1,3,1,-73152,41.92,5486,8834,25.739,41.45,41.323,18.1518,-72.13,478503811636,478663566322,93820505374,93980249088,-256.3,-267.7,37.4,38.6,1→3,3.4
8772,18,1,4,1,-79782,45.72,5003,8655,23.4729,40.6102,40.4472,18.9014,-67.04,479781349428,479941103300,977677938311,977837682176,-256.3,-260.9,37.4,41.4,1→4,3.4
8772,18,2,3,0,0,0.0,0,0,0.0,0.0,0.0,0.0,0.0,0,0,0,0,23.0,0.0,39.3,0.0,2→3,3.4
8772,18,2,4,0,0,0.0,0,0,0.0,0.0,0.0,0.0,0.0,0,0,0,0,23.0,0.0,39.3,0.0,2→4,3.4
8772,18,3,4,1,-6631,3.8,8435,8738,39.575,40.9992,40.8902,3.5485,-74.82,99099426356,99259187016,981679283922,981839027712,-267.7,-260.9,38.6,41.4,3→4,3.4
8972,19,1,2,0,0,0.0,0,0,0.0,0.0,0.0,0.0,0.0,0,0,0,0,-256.3,0.0,37.4,0.0,1→2,3.6
8972,19,1,3,1,-73188,41.95,5488,8838,25.7484,41.4671,41.3581,18.1869,-73.76,491282583092,491442338031,106599810085,106759554048,-256.3,-267.7,37.4,38.6,1→3,3.6
8972,19,1,4,1,-79694,45.67,4998,8646,23.4494,40.5678,40.4048,18.859,-67.15,492560638004,492720391651,990457807710,990617551360,-256.3,-260.9,37.4,41.4,1→4,3.6
8972,19,2,3,0,0,0.0,0,0,0.0,0.0,0.0,0.0,0.0,0,0,0,0,23.0,0.0,39.3,0.0,2→3,3.6
8972,19,2,4,0,0,0.0,0,0,0.0,0.0,0.0,0.0,0.0,0,0,0,0,23.0,0.0,39.3,0.0,2→4,3.6
8972,19,3,4,1,-6650,3.81,8439,8743,39.5938,41.022,40.913,3.5713,-73.69,111801421876,111961182385,994381326705,994541070336,-267.7,-260.9,38.6,41.4,3→4,3.6
9172,20,1,2,0,0,0.0,0,0,0.0,0.0,0.0,0.0,0.0,0,0,0,0,-256.3,0.0,37.4,0.0,1→2,3.8
9172,20,1,3,1,-73268,41.99,5482,8835,25.7203,41.4561,41.3291,18.1579,-72.99,504061355060,504221109653,119379115379,119538859008,-256.3,-267.7,37.4,38.6,1→3,3.8
9172,20,1,4,1,-79679,45.67,5003,8650,23.4729,40.588,40.409,18.8632,-66.97,505338892852,505498646732,1003236643455,1003396387328,-256.3,-260.9,37.4,41.4,1→4,3.8
9172,20,2,3,0,0,0.0,0,0,0.0,0.0,0.0,0.0,0.0,0,0,0,0,23.0,0.0,39.3,0.0,2→3,3.8
9172,20,2,4,0,0,0.0,0,0,0.0,0.0,0.0,0.0,0.0,0,0,0,0,23.0,0.0,39.3,0.0,2→4,3.8
9172,20,3,4,1,-6651,3.81,8428,8732,39.5422,40.973,40.889,3.5473,-75.07,124579456564,124739217097,1007159408964,1007319152640,-267.7,-260.9,38.6,41.4,3→4,3.8
9372,21,1,2,0,0,0.0,0,0,0.0,0.0,0.0,0.0,0.0,0,0,0,0,-256.3,0.0,37.4,0.0,1→2,4.0
9372,21,1,3,1,-73205,41.96,5487,8838,25.7437,41.4684,41.3414,18.1702,-72.99,516840126516,516999881205,132158420254,132318163968,-256.3,-267.7,37.4,38.6,1→3,4.0
9372,21,1,4,1,-79772,45.72,4998,8649,23.4494,40.5822,40.4392,18.8934,-69.18,518118180916,518277934874,1016016512550,1016176256512,-256.3,-260.9,37.4,41.4,1→4,4.0
9372,21,2,3,0,0,0.0,0,0,0.0,0.0,0.0,0.0,0.0,0,0,0,0,23.0,0.0,39.3,0.0,2→3,4.0
9372,21,2,4,0,0,0.0,0,0,0.0,0.0,0.0,0.0,0.0,0,0,0,0,23.0,0.0,39.3,0.0,2→4,4.0
9372,21,3,4,1,-6655,3.81,8437,8742,39.5844,41.0161,40.9321,3.5904,-75.26,137359980596,137519741154,1019939980605,1020099724288,-267.7,-260.9,38.6,41.4,3→4,4.0
9572,22,1,2,0,0,0.0,0,0,0.0,0.0,0.0,0.0,0.0,0,0,0,0,-256.3,0.0,37.4,0.0,1→2,4.2
9572,22,1,3,1,-73275,42.0,5487,8841,25.7437,41.4834,41.3564,18.1852,-72.89,529618897972,529778652653,144937725222,145097468928,-256.3,-267.7,37.4,38.6,1→3,4.2
9572,22,1,4,1,-79702,45.68,4997,8645,23.4447,40.5625,40.3995,18.8537,-67.06,530896435764,531056189754,1028795348484,1028955092480,-256.3,-260.9,37.4,41.4,1→4,4.2
9572,22,2,3,0,0,0.0,0,0,0.0,0.0,0.0,0.0,0.0,0,0,0,0,23.0,0.0,39.3,0.0,2→3,4.2
9572,22,2,4,0,0,0.0,0,0,0.0,0.0,0.0,0.0,0.0,0,0,0,0,23.0,0.0,39.3,0.0,2→4,4.2
9572,22,3,4,1,-6673,3.82,8436,8741,39.5797,41.0152,40.9062,3.5645,-73.33,150138605620,150298366202,1032718653219,1032878396928,-267.7,-260.9,38.6,41.4,3→4,4.2
9772,23,1,2,0,0,0.0,0,0,0.0,0.0,0.0,0.0,0.0,0,0,0,0,-256.3,0.0,37.4,0.0,1→2,4.4
9772,23,1,3,1,-73266,41.99,5480,8834,25.7109,41.4487,41.3397,18.1685,-73.05,542397610548,542557365141,157716971376,157876715008,-256.3,-267.7,37.4,38.6,1→3,4.4
9772,23,1,4,1,-79783,45.73,4994,8646,23.4307,40.5658,40.4228,18.877,-69.21,543675723828,543835477702,1041575217778,1041734961664,-256.3,-260.9,37.4,41.4,1→4,4.4
9772,23,2,3,0,0,0.0,0,0,0.0,0.0,0.0,0.0,0.0,0,0,0,0,23.0,0.0,40.3,0.0,2→3,4.4
9772,23,2,4,0,0,0.0,0,0,0.0,0.0,0.0,0.0,0.0,0,0,0,0,23.0,0.0,40.3,0.0,2→4,4.4
9772,23,3,4,1,-6628,3.8,8427,8730,39.5375,40.9633,40.8793,3.5376,-75.06,162920093236,163079853794,1045500188457,1045659932160,-267.7,-260.9,38.6,41.4,3→4,4.4
9972,24,1,2,0,0,0.0,0,0,0.0,0.0,0.0,0.0,0.0,0,0,0,0,-256.3,0.0,37.4,0.0,1→2,4.6
9972,24,1,3,1,-73324,42.02,5485,8841,25.7343,41.4823,41.3553,18.1841,-72.39,555176440884,555336195817,170496335397,170656079360,-256.3,-267.7,37.4,38.6,1→3,4.6
9972,24,1,4,1,-79683,45.67,4997,8645,23.4447,40.5607,40.3977,18.8519,-67.22,556454364212,556614117905,1054354439470,1054514183168,-256.3,-260.9,37.4,41.4,1→4,4.6
9972,24,2,3,0,0,0.0,0,0,0.0,0.0,0.0,0.0,0.0,0,0,0,0,23.0,0.0,40.3,0.0,2→3,4.6
9972,24,2,4,0,0,0.0,0,0,0.0,0.0,0.0,0.0,0.0,0,0,0,0,23.0,0.0,40.3,0.0,2→4,4.6
9972,24,3,4,1,-6652,3.81,8431,8735,39.5563,40.9849,40.9009,3.5592,-75.35,175696129076,175855889631,1058276271923,1058436015616,-267.7,-260.9,38.6,41.4,3→4,4.6
10172,25,1,2,0,0,0.0,0,0,0.0,0.0,0.0,0.0,0.0,0,0,0,0,-256.3,0.0,37.4,0.0,1→2,4.8
10172,25,1,3,1,-73176,41.94,5484,8834,25.7296,41.4481,41.3391,18.1679,-73.48,567955211828,568114966579,183275640026,183435383808,-256.3,-267.7,37.4,38.6,1→3,4.8
10172,25,1,4,1,-79803,45.74,4996,8649,23.4401,40.5818,40.4188,18.873,-67.92,569233349684,569393103664,1067134006285,1067293750272,-256.3,-260.9,37.4,41.4,1→4,4.8
10172,25,2,3,0,0,0.0,0,0,0.0,0.0,0.0,0.0,0.0,0,0,0,0,23.0,0.0,40.3,0.0,2→3,4.8
10172,25,2,4,0,0,0.0,0,0,0.0,0.0,0.0,0.0,0.0,0,0,0,0,23.0,0.0,40.3,0.0,2→4,4.8
10172,25,3,4,1,-6640,3.81,8432,8735,39.561,40.987,40.878,3.5363,-74.58,188476066868,188635827407,1071056257349,1071216001024,-267.7,-260.9,38.6,41.4,3→4,4.8
10372,26,1,2,0,0,0.0,0,0,0.0,0.0,0.0,0.0,0.0,0,0,0,0,-256.3,0.0,37.4,0.0,1→2,5.0
10372,26,1,3,1,-73317,42.02,5488,8844,25.7484,41.4948,41.3858,18.2146,-74.95,580733983284,580893737806,196054945222,196214688768,-256.3,-267.7,37.4,38.6,1→3,5.0
10372,26,1,4,1,-79736,45.7,4997,8647,23.4447,40.5721,40.3931,18.8473,-66.99,582011906612,582171660319,1079913144608,1080072888320,-256.3,-260.9,37.4,41.4,1→4,5.0
10372,26,2,3,0,0,0.0,0,0,0.0,0.0,0.0,0.0,0.0,0,0,0,0,23.0,0.0,40.3,0.0,2→3,5.0
10372,26,2,4,0,0,0.0,0,0,0.0,0.0,0.0,0.0,0.0,0,0,0,0,23.0,0.0,40.3,0.0,2→4,5.0
10372,26,3,4,1,-6683,3.83,8431,8736,39.5563,40.9916,40.8826,3.5409,-74.76,201258716724,201418477199,1083838954883,1083998698496,-267.7,-260.9,38.6,41.4,3→4,5.0
10572,27,1,2,0,0,0.0,0,0,0.0,0.0,0.0,0.0,0.0,0,0,0,0,-256.3,0.0,37.4,0.0,1→2,5.2
10572,27,1,3,1,-73232,41.97,5485,8837,25.7343,41.4625,41.3535,18.1823,-73.83,593512754228,593672508951,208834249975,208993993728,-256.3,-267.7,37.4,38.6,1→3,5.2
10572,27,1,4,1,-79718,45.69,4994,8643,23.4307,40.5542,40.3912,18.8454,-67.03,594790700084,594950453929,1092692519568,1092852263424,-256.3,-260.9,37.4,41.4,1→4,5.2
10572,27,2,3,0,0,0.0,0,0,0.0,0.0,0.0,0.0,0.0,0,0,0,0,23.0,0.0,40.3,0.0,2→3,5.2
10572,27,2,4,0,0,0.0,0,0,0.0,0.0,0.0,0.0,0.0,0,0,0,0,23.0,0.0,40.3,0.0,2→4,5.2
10572,27,3,4,1,-6602,3.78,8438,8740,39.5891,41.007,40.923,3.5813,-75.74,214033997876,214193758306,1096614283710,1096774027264,-267.7,-260.9,38.6,41.4,3→4,5.2
10772,28,1,2,0,0,0.0,0,0,0.0,0.0,0.0,0.0,0.0,0,0,0,0,-256.3,0.0,37.4,0.0,1→2,5.4
10772,28,1,3,1,-73216,41.96,5483,8835,25.7249,41.452,41.325,18.1538,-72.96,606291525172,606451280017,221613554810,221773298688,-256.3,-267.7,37.4,38.6,1→3,5.4
10772,28,1,4,1,-79744,45.7,5001,8651,23.4635,40.5903,40.4273,18.8815,-67.04,607569063476,607728817396,5959836754,6119580672,-256.3,-260.9,37.4,41.4,1→4,5.4
10772,28,2,3,0,0,0.0,0,0,0.0,0.0,0.0,0.0,0.0,0,0,0,0,23.0,0.0,40.3,0.0,2→3,5.4
10772,28,2,4,0,0,0.0,0,0,0.0,0.0,0.0,0.0,0.0,0,0,0,0,23.0,0.0,40.3,0.0,2→4,5.4
10772,28,3,4,1,-6637,3.8,8435,8738,39.575,41.0005,40.8915,3.5498,-74.58,226815318068,226975078932,9884023814,10043767808,-267.7,-260.9,38.6,41.4,3→4,5.4
10972,29,1,2,0,0,0.0,0,0,0.0,0.0,0.0,0.0,0.0,0,0,0,0,-256.3,0.0,37.4,0.0,1→2,5.6
10972,29,1,3,1,-73341,42.03,5490,8847,25.7578,41.5094,41.3824,18.2112,-72.36,619070296116,619230050991,234392859753,234552603648,-256.3,-267.7,37.4,38.6,1→3,5.6
10972,29,1,4,1,-79835,45.76,4999,8653,23.4541,40.6004,40.4374,18.8916,-67.11,620348113460,620507867296,18739468450,18899212288,-256.3,-260.9,37.4,41.4,1→4,5.6
10972,29,2,3,0,0,0.0,0,0,0.0,0.0,0.0,0.0,0.0,0,0,0,0,23.0,0.0,40.3,0.0,2→3,5.6
10972,29,2,4,0,0,0.0,0,0,0.0,0.0,0.0,0.0,0.0,0,0,0,0,23.0,0.0,40.3,0.0,2→4,5.6
10972,29,3,4,1,-6675,3.83,8429,8734,39.5469,40.9805,40.8715,3.5298,-74.93,239594097204,239753857987,22662850635,22822594560,-267.7,-260.9,38.6,41.4,3→4,5.6
11172,30,1,2,0,0,0.0,0,0,0.0,0.0,0.0,0.0,0.0,0,0,0,0,-256.3,0.0,37.4,0.0,1→2,5.8
11172,30,1,3,1,-73201,41.95,5484,8835,25.7296,41.4535,41.3265,18.1553,-71.08,631849066548,632008821237,247172164376,247331908096,-256.3,-267.7,37.4,38.6,1→3,5.8
11172,30,1,4,1,-79831,45.75,4996,8650,23.4401,40.5855,40.4225,18.8767,-67.13,633127122484,633286876039,31519059381,31678802944,-256.3,-260.9,37.4,41.4,1→4,5.8
11172,30,2,3,0,0,0.0,0,0,0.0,0.0,0.0,0.0,0.0,0,0,0,0,23.0,0.0,40.3,0.0,2→3,5.8
11172,30,2,4,0,0,0.0,0,0,0.0,0.0,0.0,0.0,0.0,0,0,0,0,23.0,0.0,40.3,0.0,2→4,5.8
11172,30,3,4,1,-6722,3.85,8431,8738,39.5563,41.0,40.916,3.5743,-75.54,252371883060,252531643764,35440684190,35600428032,-267.7,-260.9,38.6,41.4,3→4,5.8
11372,31,1,2,0,0,0.0,0,0,0.0,0.0,0.0,0.0,0.0,0,0,0,0,-256.3,0.0,37.4,0.0,1→2,6.0
11372,31,1,3,1,-73237,41.97,5484,8837,25.7296,41.4612,41.3342,18.163,-72.86,644627837492,644787592012,259951469505,260111213056,-256.3,-267.7,37.4,38.6,1→3,6.0
11372,31,1,4,1,-79818,45.75,4993,8647,23.426,40.571,40.408,18.8622,-67.58,645905891892,646065645681,44298410694,44458154496,-256.3,-260.9,37.4,41.4,1→4,6.0
11372,31,2,3,0,0,0.0,0,0,0.0,0.0,0.0,0.0,0.0,0,0,0,0,23.0,0.0,40.3,0.0,2→3,6.0
11372,31,2,4,0,0,0.0,0,0,0.0,0.0,0.0,0.0,0.0,0,0,0,0,23.0,0.0,40.3,0.0,2→4,6.0
11372,31,3,4,1,-6692,3.84,8432,8738,39.561,41.0005,40.8915,3.5498,-74.95,265151144500,265310905106,48219993347,48379737088,-267.7,-260.9,38.6,41.4,3→4,6.0
11572,32,1,2,0,0,0.0,0,0,0.0,0.0,0.0,0.0,0.0,0,0,0,0,-256.3,0.0,37.4,0.0,1→2,6.2
11572,32,1,3,1,-73190,41.95,5482,8832,25.7203,41.4417,41.3147,18.1435,-72.04,657406607924,657566362720,272730774185,272890518016,-256.3,-267.7,37.4,38.6,1→3,6.2
11572,32,1,4,1,-79827,45.75,4992,8646,23.4213,40.5682,40.4052,18.8594,-68.04,658684425268,658844179230,57077526039,57237270016,-256.3,-260.9,37.4,41.4,1→4,6.2
11572,32,2,3,0,0,0.0,0,0,0.0,0.0,0.0,0.0,0.0,0,0,0,0,23.0,0.0,40.3,0.0,2→3,6.2
11572,32,2,4,0,0,0.0,0,0,0.0,0.0,0.0,0.0,0.0,0,0,0,0,23.0,0.0,40.3,0.0,2→4,6.2
11572,32,3,4,1,-6710,3.85,8430,8737,39.5516,40.995,40.886,3.5443,-74.21,277933427764,278093188248,61002324345,61162067968,-267.7,-260.9,38.6,41.4,3→4,6.2
11772,33,1,2,0,0,0.0,0,0,0.0,0.0,0.0,0.0,0.0,0,0,0,0,-256.3,0.0,37.4,0.0,1→2,6.4
11772,33,1,3,1,-73324,42.02,5485,8841,25.7343,41.4846,41.3756,18.2044,-73.09,670185378356,670345132841,285510078950,285669822464,-256.3,-267.7,37.4,38.6,1→3,6.4
11772,33,1,4,1,-79952,45.82,4996,8656,23.4401,40.6138,40.4508,18.905,-67.84,671463324212,671623077731,69857007066,70016750592,-256.3,-260.9,37.4,41.4,1→4,6.4
11772,33,2,3,0,0,0.0,0,0,0.0,0.0,0.0,0.0,0.0,0,0,0,0,23.0,0.0,40.3,0.0,2→3,6.4
11772,33,2,4,0,0,0.0,0,0,0.0,0.0,0.0,0.0,0.0,0,0,0,0,23.0,0.0,40.3,0.0,2→4,6.4
11772,33,3,4,1,-6717,3.85,8430,8737,39.5516,40.9965,40.8875,3.5458,-74.54,290711409204,290871169564,73780353525,73940097024,-267.7,-260.9,38.6,41.4,3→4,6.4
11972,34,1,2,0,0,0.0,0,0,0.0,0.0,0.0,0.0,0.0,0,0,0,0,-256.3,0.0,37.4,0.0,1→2,6.6
11972,34,1,3,1,-73331,42.03,5480,8837,25.7109,41.4626,41.3356,18.1644,-72.79,682964148788,683123903389,298289383784,298449127424,-256.3,-267.7,37.4,38.6,1→3,6.6
11972,34,1,4,1,-79898,45.79,4996,8653,23.4401,40.5998,40.4368,18.891,-68.05,684241884212,684401637709,82636149231,82795892736,-256.3,-260.9,37.4,41.4,1→4,6.6
11972,34,2,3,0,0,0.0,0,0,0.0,0.0,0.0,0.0,0.0,0,0,0,0,23.0,0.0,40.3,0.0,2→3,6.6
11972,34,2,4,0,0,0.0,0,0,0.0,0.0,0.0,0.0,0.0,0,0,0,0,23.0,0.0,40.3,0.0,2→4,6.6
11972,34,3,4,1,-6661,3.82,8430,8735,39.5516,40.9845,40.9005,3.5588,-75.07,303489444404,303649205132,86558436485,86718180352,-267.7,-260.9,38.6,41.4,3→4,6.6
12172,35,1,2,0,0,0.0,0,0,0.0,0.0,0.0,0.0,0.0,0,0,0,0,-256.3,0.0,37.4,0.0,1→2,6.8
12172,35,1,3,1,-73302,42.01,5485,8840,25.7343,41.4775,41.3505,18.1793,-72.72,695742918708,695902673353,311068688197,311228431872,-256.3,-267.7,37.4,38.6,1→3,6.8
12172,35,1,4,1,-79854,45.77,4991,8646,23.4166,40.567,40.404,18.8582,-67.26,697020457524,697180211405,95415304805,95575048704,-256.3,-260.9,37.4,42.4,1→4,6.8
12172,35,2,3,0,0,0.0,0,0,0.0,0.0,0.0,0.0,0.0,0,0,0,0,23.0,0.0,40.3,0.0,2→3,6.8
12172,35,2,4,0,0,0.0,0,0,0.0,0.0,0.0,0.0,0.0,0,0,0,0,23.0,0.0,40.3,0.0,2→4,6.8
12172,35,3,4,1,-6682,3.83,8434,8739,39.5703,41.0054,40.8964,3.5547,-74.24,316287926836,316447687325,99356966779,99516710400,-267.7,-260.9,38.6,42.4,3→4,6.8
12372,36,1,2,0,0,0.0,0,0,0.0,0.0,0.0,0.0,0.0,0,0,0,0,-256.3,0.0,37.4,0.0,1→2,7.0
12372,36,1,3,1,-73298,42.01,5479,8834,25.7062,41.4485,41.3215,18.1503,-71.11,708521689140,708681443760,323847993170,324007736832,-256.3,-267.7,37.4,38.6,1→3,7.0
12372,36,1,4,1,-79862,45.77,4993,8649,23.426,40.5804,40.4174,18.8716,-67.15,709799743540,709959497182,108195173209,108354916864,-256.3,-260.9,37.4,42.4,1→4,7.0
12372,36,2,3,0,0,0.0,0,0,0.0,0.0,0.0,0.0,0.0,0,0,0,0,23.0,0.0,40.3,0.0,2→3,7.0
12372,36,2,4,0,0,0.0,0,0,0.0,0.0,0.0,0.0,0.0,0,0,0,0,23.0,0.0,40.3,0.0,2→4,7.0
12372,36,3,4,1,-6688,3.83,8442,8748,39.6079,41.0443,40.9353,3.5936,-73.31,329048608308,329208368681,112117695999,112277439488,-267.7,-260.9,38.6,42.4,3→4,7.0
12572,37,1,2,0,0,0.0,0,0,0.0,0.0,0.0,0.0,0.0,0,0,0,0,-256.3,0.0,37.4,0.0,1→2,7.2
12572,37,1,3,1,-73276,42.0,5479,8833,25.7062,41.4438,41.3168,18.1456,-71.08,721300459060,721460213594,336627297704,336787041280,-256.3,-267.7,37.4,38.6,1→3,7.2
12572,37,1,4,1,-79848,45.76,4992,8647,23.4213,40.5727,40.3937,18.8479,-65.95,722578513460,722738267305,120974525580,121134269440,-256.3,-260.9,37.4,42.4,1→4,7.2
12572,37,2,3,0,0,0.0,0,0,0.0,0.0,0.0,0.0,0.0,0,0,0,0,23.0,0.0,40.3,0.0,2→3,7.2
12572,37,2,4,0,0,0.0,0,0,0.0,0.0,0.0,0.0,0.0,0,0,0,0,23.0,0.0,40.3,0.0,2→4,7.2
12572,37,3,4,1,-6654,3.81,8425,8730,39.5281,40.9595,40.8505,3.5088,-74.28,341829379636,341989140282,124898515149,125058258944,-267.7,-260.9,38.6,42.4,3→4,7.2
12772,38,1,2,0,0,0.0,0,0,0.0,0.0,0.0,0.0,0.0,0,0,0,0,-256.3,0.0,38.4,0.0,1→2,7.4
12772,38,1,3,1,-73257,41.99,5481,8834,25.7156,41.4514,41.3084,18.1372,-70.77,734079170100,734238924992,349406543431,349566287360,-256.3,-267.7,38.4,38.6,1→3,7.4
12772,38,1,4,1,-79856,45.77,4991,8647,23.4166,40.5698,40.3908,18.845,-66.14,735357283380,735517037345,133753878034,133913622016,-256.3,-260.9,38.4,42.4,1→4,7.4
12772,38,2,3,0,0,0.0,0,0,0.0,0.0,0.0,0.0,0.0,0,0,0,0,21.9,0.0,40.3,0.0,2→3,7.4
12772,38,2,4,0,0,0.0,0,0,0.0,0.0,0.0,0.0,0.0,0,0,0,0,21.9,0.0,40.3,0.0,2→4,7.4
12772,38,3,4,1,-6717,3.85,8434,8741,39.5703,41.0153,40.9063,3.5646,-74.77,354609802292,354769562706,137678985671,137838729216,-267.7,-260.9,38.6,42.4,3→4,7.4
12972,39,1,2,0,0,0.0,0,0,0.0,0.0,0.0,0.0,0.0,0,0,0,0,-256.3,0.0,38.4,0.0,1→2,7.6
12972,39,1,3,1,-73263,41.99,5486,8840,25.739,41.4762,41.3492,18.178,-71.51,746857998900,747017753561,362185907000,362345650688,-256.3,-267.7,38.4,38.6,1→3,7.6
12972,39,1,4,1,-79935,45.81,4993,8652,23.426,40.5937,40.4307,18.8849,-67.13,748135922228,748295675704,146533099518,146692843008,-256.3,-260.9,38.4,42.4,1→4,7.6
12972,39,2,3,0,0,0.0,0,0,0.0,0.0,0.0,0.0,0.0,0,0,0,0,21.9,0.0,40.3,0.0,2→3,7.6
12972,39,2,4,0,0,0.0,0,0,0.0,0.0,0.0,0.0,0.0,0,0,0,0,21.9,0.0,40.3,0.0,2→4,7.6
12972,39,3,4,1,-6674,3.83,8440,8746,39.5985,41.0342,40.9072,3.5655,-72.88,367386638388,367546399073,150455869636,150615613440,-267.7,-260.9,38.6,42.4,3→4,7.6
13172,40,1,2,0,0,0.0,0,0,0.0,0.0,0.0,0.0,0.0,0,0,0,0,-256.3,0.0,38.4,0.0,1→2,7.8
13172,40,1,3,1,-73287,42.0,5479,8834,25.7062,41.4485,41.3215,18.1503,-72.96,759636768820,759796523687,374965211740,375124955648,-256.3,-267.7,38.4,38.6,1→3,7.8
13172,40,1,4,1,-79922,45.81,4991,8650,23.4166,40.5839,40.4209,18.8751,-67.69,760914306100,761074060037,159312066094,159471810048,-256.3,-260.9,38.4,42.4,1→4,7.8
13172,40,2,3,0,0,0.0,0,0,0.0,0.0,0.0,0.0,0.0,0,0,0,0,21.9,0.0,40.3,0.0,2→3,7.8
13172,40,2,4,0,0,0.0,0,0,0.0,0.0,0.0,0.0,0.0,0,0,0,0,21.9,0.0,40.3,0.0,2→4,7.8
13172,40,3,4,1,-6702,3.84,8436,8742,39.5797,41.0191,40.9351,3.5934,-75.77,380163840052,380323600459,163233119185,163392862720,-267.7,-260.9,38.6,42.4,3→4,7.8
13372,41,1,2,0,0,0.0,0,0,0.0,0.0,0.0,0.0,0.0,0,0,0,0,-256.3,0.0,38.4,0.0,1→2,8.0
13372,41,1,3,1,-73355,42.04,5477,8834,25.6968,41.4513,41.3423,18.1711,-73.27,772415538228,772575292726,387744516040,387904259584,-256.3,-267.7,38.4,38.6,1→3,8.0
13372,41,1,4,1,-79924,45.81,4988,8647,23.4025,40.5703,40.4073,18.8615,-67.9,773693076532,773852830309,172091419336,172251163136,-256.3,-260.9,38.4,42.4,1→4,8.0
13372,41,2,3,0,0,0.0,0,0,0.0,0.0,0.0,0.0,0.0,0,0,0,0,21.9,0.0,40.3,0.0,2→3,8.0
13372,41,2,4,0,0,0.0,0,0,0.0,0.0,0.0,0.0,0.0,0,0,0,0,21.9,0.0,40.3,0.0,2→4,8.0
13372,41,3,4,1,-6685,3.83,8430,8736,39.5516,40.9897,40.9057,3.564,-75.02,392948123188,393107883782,176017450251,176177193984,-267.7,-260.9,38.6,42.4,3→4,8.0
13572,42,1,2,0,0,0.0,0,0,0.0,0.0,0.0,0.0,0.0,0,0,0,0,-256.3,0.0,38.4,0.0,1→2,8.2
13572,42,1,3,1,-73318,42.02,5478,8834,25.7015,41.4504,41.3414,18.1702,-73.48,785194308148,785354062722,400523820927,400683564544,-256.3,-267.7,38.4,38.6,1→3,8.2
13572,42,1,4,1,-79901,45.79,4989,8646,23.4072,40.5676,40.4047,18.8589,-68.83,786472124980,786631878492,184871050706,185030794240,-256.3,-260.9,38.4,42.4,1→4,8.2
13572,42,2,3,0,0,0.0,0,0,0.0,0.0,0.0,0.0,0.0,0,0,0,0,21.9,0.0,40.3,0.0,2→3,8.2
13572,42,2,4,0,0,0.0,0,0,0.0,0.0,0.0,0.0,0.0,0,0,0,0,21.9,0.0,40.3,0.0,2→4,8.2
13572,42,3,4,1,-6761,3.87,8435,8744,39.575,41.0271,40.9181,3.5764,-73.56,405724573236,405884334039,188793948227,188953692160,-267.7,-260.9,38.6,42.4,3→4,8.2
13772,43,1,2,0,0,0.0,0,0,0.0,0.0,0.0,0.0,0.0,0,0,0,0,-256.3,0.0,38.4,0.0,1→2,8.4
13772,43,1,3,1,-73387,42.06,5478,8837,25.7015,41.4653,41.3813,18.2101,-75.55,797973077556,798132832131,413303125374,413462868992,-256.3,-267.7,38.4,38.6,1→3,8.4
13772,43,1,4,1,-79957,45.83,4992,8652,23.4213,40.5938,40.4508,18.905,-69.21,799250614836,799410368523,197650123561,197809867264,-256.3,-260.9,38.4,42.4,1→4,8.4
13772,43,2,3,0,0,0.0,0,0,0.0,0.0,0.0,0.0,0.0,0,0,0,0,21.9,0.0,40.3,0.0,2→3,8.4
13772,43,2,4,0,0,0.0,0,0,0.0,0.0,0.0,0.0,0.0,0,0,0,0,21.9,0.0,40.3,0.0,2→4,8.4
13772,43,3,4,1,-6717,3.85,8427,8734,39.5375,40.9801,40.8961,3.5544,-75.2,418503560756,418663321187,201572983719,201732727296,-267.7,-260.9,38.6,42.4,3→4,8.4
13972,44,1,2,0,0,0.0,0,0,0.0,0.0,0.0,0.0,0.0,0,0,0,0,-256.3,0.0,38.4,0.0,1→2,8.6
13972,44,1,3,1,-73401,42.07,5474,8834,25.6827,41.4495,41.3405,18.1693,-73.41,810751846964,810911601475,426082429878,426242173440,-256.3,-267.7,38.4,38.6,1→3,8.6
13972,44,1,4,1,-79967,45.83,4990,8651,23.4119,40.5889,40.4259,18.8801,-67.68,812029663796,812189417543,210429755626,210589499392,-256.3,-260.9,38.4,41.4,1→4,8.6
13972,44,2,3,0,0,0.0,0,0,0.0,0.0,0.0,0.0,0.0,0,0,0,0,21.9,0.0,40.3,0.0,2→3,8.6
13972,44,2,4,0,0,0.0,0,0,0.0,0.0,0.0,0.0,0.0,0,0,0,0,21.9,0.0,40.3,0.0,2→4,8.6
13972,44,3,4,1,-6719,3.85,8427,8734,39.5375,40.9805,40.8965,3.5548,-75.01,431285360180,431445120731,214354831151,214514574848,-267.7,-260.9,38.6,41.4,3→4,8.6
14172,45,1,2,0,0,0.0,0,0,0.0,0.0,0.0,0.0,0.0,0,0,0,0,-256.3,0.0,38.4,0.0,1→2,8.8
14172,45,1,3,1,-73364,42.05,5481,8839,25.7156,41.4744,41.3654,18.1942,-73.06,823530616372,823690371270,438861734465,439021478400,-256.3,-267.7,38.4,38.6,1→3,8.8
14172,45,1,4,1,-79944,45.82,4989,8649,23.4072,40.5793,40.4163,18.8705,-67.82,824808561716,824968315438,223209236737,223368980480,-256.3,-260.9,38.4,41.4,1→4,8.8
14172,45,2,3,0,0,0.0,0,0,0.0,0.0,0.0,0.0,0.0,0,0,0,0,21.9,0.0,40.3,0.0,2→3,8.8
14172,45,2,4,0,0,0.0,0,0,0.0,0.0,0.0,0.0,0.0,0,0,0,0,21.9,0.0,40.3,0.0,2→4,8.8
14172,45,3,4,1,-6660,3.82,8429,8734,39.5469,40.9796,40.8956,3.5539,-75.45,444062116916,444221877591,227131635896,227291379712,-267.7,-260.9,38.6,41.4,3→4,8.8
14372,46,1,2,0,0,0.0,0,0,0.0,0.0,0.0,0.0,0.0,0,0,0,0,-256.3,0.0,38.4,0.0,1→2,9.0
14372,46,1,3,1,-73338,42.03,5473,8830,25.678,41.4289,41.3019,18.1307,-72.89,836309385268,836469139977,451641038573,451800782336,-256.3,-267.7,38.4,38.6,1→3,9.0
14372,46,1,4,1,-79909,45.8,4985,8643,23.3884,40.553,40.39,18.8442,-68.21,837587308596,837747062224,235988566871,236148310528,-256.3,-260.9,38.4,41.4,1→4,9.0
14372,46,2,3,0,0,0.0,0,0,0.0,0.0,0.0,0.0,0.0,0,0,0,0,21.9,0.0,40.3,0.0,2→3,9.0
14372,46,2,4,0,0,0.0,0,0,0.0,0.0,0.0,0.0,0.0,0,0,0,0,21.9,0.0,40.3,0.0,2→4,9.0
14372,46,3,4,1,-6797,3.9,8439,8750,39.5938,41.0559,40.9469,3.6052,-74.24,456840644660,457000405440,239910211683,240069955584,-267.7,-260.9,38.6,41.4,3→4,9.0
14572,47,1,2,0,0,0.0,0,0,0.0,0.0,0.0,0.0,0.0,0,0,0,0,-256.3,0.0,38.4,0.0,1→2,9.2
14572,47,1,3,1,-73370,42.05,5471,8830,25.6686,41.4288,41.3018,18.1306,-72.36,849088154676,849247909146,464420343257,464580086784,-256.3,-267.7,38.4,38.6,1→3,9.2
14572,47,1,4,1,-80009,45.85,4987,8649,23.3978,40.5815,40.4385,18.8927,-70.6,850365971508,850525725468,248767813134,248927557120,-256.3,-260.9,38.4,42.4,1→4,9.2
14572,47,2,3,0,0,0.0,0,0,0.0,0.0,0.0,0.0,0.0,0,0,0,0,21.9,0.0,40.3,0.0,2→3,9.2
14572,47,2,4,0,0,0.0,0,0,0.0,0.0,0.0,0.0,0.0,0,0,0,0,21.9,0.0,40.3,0.0,2→4,9.2
14572,47,3,4,1,-6741,3.86,8437,8746,39.5844,41.0345,40.9255,3.5838,-74.62,469618867764,469778628588,252688482867,252848226816,-267.7,-260.9,38.6,42.4,3→4,9.2
14772,48,1,2,0,0,0.0,0,0,0.0,0.0,0.0,0.0,0.0,0,0,0,0,-256.3,0.0,38.4,0.0,1→2,9.4
14772,48,1,3,1,-73326,42.02,5478,8834,25.7015,41.4498,41.3228,18.1516,-72.2,861866864692,862026619375,477199588625,477359332352,-256.3,-267.7,38.4,38.6,1→3,9.4
14772,48,1,4,1,-79960,45.83,4984,8644,23.3838,40.5592,40.3962,18.8504,-68.5,863144977972,863304731650,261547403043,261707146752,-256.3,-260.9,38.4,42.4,1→4,9.4
14772,48,2,3,0,0,0.0,0,0,0.0,0.0,0.0,0.0,0.0,0,0,0,0,21.9,0.0,40.3,0.0,2→3,9.4
14772,48,2,4,0,0,0.0,0,0,0.0,0.0,0.0,0.0,0.0,0,0,0,0,21.9,0.0,40.3,0.0,2→4,9.4
14772,48,3,4,1,-6720,3.85,8428,8736,39.5422,40.9878,40.8788,3.5371,-74.81,482491497524,482651258020,265561161065,265720904704,-267.7,-260.9,38.6,42.4,3→4,9.4
14972,49,1,2,0,0,0.0,0,0,0.0,0.0,0.0,0.0,0.0,0,0,0,0,-256.3,0.0,38.4,0.0,1→2,9.6
14972,49,1,3,1,-73367,42.05,5475,8833,25.6874,41.4446,41.3176,18.1464,-71.6,874645692468,874805447305,489978951793,490138695680,-256.3,-267.7,38.4,38.6,1→3,9.6
14972,49,1,4,1,-79988,45.84,4985,8646,23.3884,40.5676,40.4046,18.8588,-67.98,875923127348,876082881213,274326135913,274485879808,-256.3,-260.9,38.4,42.4,1→4,9.6
14972,49,2,3,0,0,0.0,0,0,0.0,0.0,0.0,0.0,0.0,0,0,0,0,21.9,0.0,40.3,0.0,2→3,9.6
14972,49,2,4,0,0,0.0,0,0,0.0,0.0,0.0,0.0,0.0,0,0,0,0,21.9,0.0,40.3,0.0,2→4,9.6
14972,49,3,4,1,-6681,3.83,8430,8735,39.5516,40.9865,40.8775,3.5358,-74.61,495179764788,495339525641,278249476103,278409220096,-267.7,-260.9,38.6,42.4,3→4,9.6
15172,50,1,2,0,0,0.0,0,0,0.0,0.0,0.0,0.0,0.0,0,0,0,0,-256.3,0.0,38.4,0.0,1→2,9.8
15172,50,1,3,1,-73313,42.02,5478,8834,25.7015,41.4471,41.3381,18.1669,-73.83,887424461364,887584216295,502758256153,502918000128,-256.3,-267.7,38.4,38.6,1→3,9.8
15172,50,1,4,1,-79905,45.8,4983,8640,23.3791,40.5404,40.3774,18.8316,-68.33,888702407220,888862161127,287105999419,287265743360,-256.3,-260.9,38.4,42.4,1→4,9.8
15172,50,2,3,0,0,0.0,0,0,0.0,0.0,0.0,0.0,0.0,0,0,0,0,21.9,0.0,40.3,0.0,2→3,9.8
15172,50,2,4,0,0,0.0,0,0,0.0,0.0,0.0,0.0,0.0,0,0,0,0,21.9,0.0,40.3,0.0,2→4,9.8
15172,50,3,4,1,-6684,3.83,8433,8738,39.5656,41.0012,40.8922,3.5505,-74.97,507961394228,508121155045,291031153713,291190897664,-267.7,-260.9,38.6,42.4,3→4,9.8
15372,51,1,2,0,0,0.0,0,0,0.0,0.0,0.0,0.0,0.0,0,0,0,0,-256.3,0.0,38.4,0.0,1→2,10.0
15372,51,1,3,1,-73411,42.07,5479,8839,25.7062,41.4727,41.3637,18.1925,-73.9,900203230260,900362984709,515537560573,515697304064,-256.3,-267.7,38.4,38.6,1→3,10.0
15372,51,1,4,1,-79961,45.83,4984,8644,23.3838,40.5571,40.3941,18.8483,-67.79,901481153588,901640907489,299885329475,300045073408,-256.3,-260.9,38.4,42.4,1→4,10.0
15372,51,2,3,0,0,0.0,0,0,0.0,0.0,0.0,0.0,0.0,0,0,0,0,21.9,0.0,40.3,0.0,2→3,10.0
15372,51,2,4,0,0,0.0,0,0,0.0,0.0,0.0,0.0,0.0,0,0,0,0,21.9,0.0,40.3,0.0,2→4,10.0
15372,51,3,4,1,-6753,3.87,8427,8736,39.5375,40.9902,40.8812,3.5395,-74.28,520738955828,520898716606,303808763469,303968507392,-267.7,-260.9,38.6,42.4,3→4,10.0
15572,52,1,2,0,0,0.0,0,0,0.0,0.0,0.0,0.0,0.0,0,0,0,0,-256.3,0.0,38.4,0.0,1→2,10.2
15572,52,1,3,1,-73433,42.09,5475,8836,25.6874,41.4611,41.3341,18.1629,-71.23,912981999156,913141754094,528316865037,528476609024,-256.3,-267.7,38.4,38.6,1→3,10.2
15572,52,1,4,1,-80082,45.9,4984,8649,23.3838,40.5831,40.4201,18.8743,-67.79,914259537460,914419291286,312664297102,312824040960,-256.3,-260.9,38.4,42.4,1→4,10.2
15572,52,2,3,0,0,0.0,0,0,0.0,0.0,0.0,0.0,0.0,0,0,0,0,21.9,0.0,40.3,0.0,2→3,10.2
15572,52,2,4,0,0,0.0,0,0,0.0,0.0,0.0,0.0,0.0,0,0,0,0,21.9,0.0,40.3,0.0,2→4,10.2
15572,52,3,4,1,-6719,3.85,8427,8735,39.5375,40.9829,40.8989,3.5572,-75.69,533517700148,533677460856,316587555987,316747299840,-267.7,-260.9,38.6,42.4,3→4,10.2
15772,53,1,2,0,0,0.0,0,0,0.0,0.0,0.0,0.0,0.0,0,0,0,0,-256.3,0.0,38.4,0.0,1→2,10.4
15772,53,1,3,1,-73389,42.06,5480,8839,25.7109,41.4751,41.3321,18.1609,-70.97,925760767540,925920522388,541096169073,541255912960,-256.3,-267.7,38.4,38.6,1→3,10.4
15772,53,1,4,1,-80001,45.85,4986,8648,23.3931,40.5774,40.4144,18.8686,-67.26,927038305332,927198058972,325443648845,325603392512,-256.3,-260.9,38.4,42.4,1→4,10.4
15772,53,2,3,0,0,0.0,0,0,0.0,0.0,0.0,0.0,0.0,0,0,0,0,21.9,0.0,40.3,0.0,2→3,10.4
15772,53,2,4,0,0,0.0,0,0,0.0,0.0,0.0,0.0,0.0,0,0,0,0,21.9,0.0,40.3,0.0,2→4,10.4
15772,53,3,4,1,-6713,3.85,8427,8734,39.5375,40.9793,40.8953,3.5536,-75.4,546298367540,546458128142,329368271612,329528015360,-267.7,-260.9,38.6,42.4,3→4,10.4
15972,54,1,2,0,0,0.0,0,0,0.0,0.0,0.0,0.0,0.0,0,0,0,0,-256.3,0.0,38.4,0.0,1→2,10.6
15972,54,1,3,1,-73363,42.05,5478,8836,25.7015,41.4578,41.3308,18.1596,-72.82,938539536436,938699291122,553875473678,554035217408,-256.3,-267.7,38.4,38.6,1→3,10.6
15972,54,1,4,1,-80038,45.87,4986,8649,23.3931,40.583,40.404,18.8582,-66.78,939817353268,939977107126,338223280754,338383024640,-256.3,-260.9,38.4,42.4,1→4,10.6
15972,54,2,3,0,0,0.0,0,0,0.0,0.0,0.0,0.0,0.0,0,0,0,0,21.9,0.0,40.3,0.0,2→3,10.6
15972,54,2,4,0,0,0.0,0,0,0.0,0.0,0.0,0.0,0.0,0,0,0,0,21.9,0.0,40.3,0.0,2→4,10.6
15972,54,3,4,1,-6766,3.88,8430,8740,39.5516,41.0071,40.8981,3.5564,-74.85,559075710516,559235471001,342145662840,342305406464,-267.7,-260.9,38.6,42.4,3→4,10.6
16172,55,1,2,0,0,0.0,0,0,0.0,0.0,0.0,0.0,0.0,0,0,0,0,-256.3,0.0,38.4,0.0,1→2,10.8
16172,55,1,3,1,-73466,42.1,5473,8835,25.678,41.4564,41.3724,18.2012,-75.03,951318304820,951478059272,566654777838,566814521344,-256.3,-267.7,38.4,38.6,1→3,10.8
16172,55,1,4,1,-80033,45.87,4982,8646,23.3744,40.5655,40.4025,18.8567,-68.33,952596360756,952756114225,351002872304,351162615808,-256.3,-260.9,38.4,42.4,1→4,10.8
16172,55,2,3,0,0,0.0,0,0,0.0,0.0,0.0,0.0,0.0,0,0,0,0,21.9,0.0,40.3,0.0,2→3,10.8
16172,55,2,4,0,0,0.0,0,0,0.0,0.0,0.0,0.0,0.0,0,0,0,0,21.9,0.0,40.3,0.0,2→4,10.8
16172,55,3,4,1,-6718,3.85,8428,8735,39.5422,40.985,40.901,3.5593,-75.25,571856383028,572016143881,354926383619,355086127616,-267.7,-260.9,38.6,42.4,3→4,10.8
16372,56,1,2,0,0,0.0,0,0,0.0,0.0,0.0,0.0,0.0,0,0,0,0,-256.3,0.0,38.4,0.0,1→2,11.0
16372,56,1,3,1,-73469,42.11,5470,8833,25.6639,41.443,41.316,18.1448,-72.79,964097073204,964256827887,579434082049,579593825792,-256.3,-267.7,38.4,38.6,1→3,11.0
16372,56,1,4,1,-80029,45.87,4988,8651,23.4025,40.5905,40.4275,18.8817,-67.27,965374993972,965534747509,363782089655,363941833216,-256.3,-260.9,38.4,42.4,1→4,11.0
16372,56,2,3,0,0,0.0,0,0,0.0,0.0,0.0,0.0,0.0,0,0,0,0,21.9,0.0,41.3,0.0,2→3,11.0
16372,56,2,4,0,0,0.0,0,0,0.0,0.0,0.0,0.0,0.0,0,0,0,0,21.9,0.0,41.3,0.0,2→4,11.0
16372,56,3,4,1,-6786,3.89,8432,8742,39.561,41.0184,40.9344,3.5927,-75.32,584637668916,584797429591,367707717821,367867461632,-267.7,-260.9,38.6,42.4,3→4,11.0
16572,57,1,2,0,0,0.0,0,0,0.0,0.0,0.0,0.0,0.0,0,0,0,0,-256.3,0.0,38.4,0.0,1→2,11.2
16572,57,1,3,1,-73485,42.12,5476,8839,25.6921,41.4746,41.3476,18.1764,-72.87,976875841588,977035596431,592213386349,592373130240,-256.3,-267.7,38.4,38.6,1→3,11.2
16572,57,1,4,1,-80103,45.91,4982,8648,23.3744,40.5782,40.4152,18.8694,-68.5,978153961012,978313714509,376561640915,376721384448,-256.3,-260.9,38.4,42.4,1→4,11.2
16572,57,2,3,0,0,0.0,0,0,0.0,0.0,0.0,0.0,0.0,0,0,0,0,21.9,0.0,41.3,0.0,2→3,11.2
16572,57,2,4,0,0,0.0,0,0,0.0,0.0,0.0,0.0,0.0,0,0,0,0,21.9,0.0,41.3,0.0,2→4,11.2
16572,57,3,4,1,-6766,3.88,8428,8737,39.5422,40.9953,40.8863,3.5446,-74.93,597413926452,597573686943,380484023661,380643767296,-267.7,-260.9,38.6,42.4,3→4,11.2
16772,58,1,2,0,0,0.0,0,0,0.0,0.0,0.0,0.0,0.0,0,0,0,0,-256.3,0.0,38.4,0.0,1→2,11.4
16772,58,1,3,1,-73423,42.08,5470,8831,25.6639,41.4331,41.3241,18.1529,-73.19,989654550580,989814305508,604992631308,605152375296,-256.3,-267.7,38.4,38.6,1→3,11.4
16772,58,1,4,1,-80011,45.86,4982,8644,23.3744,40.5585,40.3955,18.8497,-68.73,990932426804,991092180705,389340691007,389500434944,-256.3,-260.9,38.4,42.4,1→4,11.4
16772,58,2,3,0,0,0.0,0,0,0.0,0.0,0.0,0.0,0.0,0,0,0,0,21.9,0.0,41.3,0.0,2→3,11.4
16772,58,2,4,0,0,0.0,0,0,0.0,0.0,0.0,0.0,0.0,0,0,0,0,21.9,0.0,41.3,0.0,2→4,11.4
16772,58,3,4,1,-6776,3.88,8431,8741,39.5563,41.0139,40.9049,3.5632,-74.8,610193664564,610353425375,393263810100,393423554048,-267.7,-260.9,38.6,42.4,3→4,11.4
16972,59,1,2,0,0,0.0,0,0,0.0,0.0,0.0,0.0,0.0,0,0,0,0,-256.3,0.0,38.4,0.0,1→2,11.6
16972,59,1,3,1,-73495,42.12,5468,8832,25.6546,41.4392,41.3302,18.159,-73.87,1002433377844,1002593132269,617771994623,617931738112,-256.3,-267.7,38.4,38.6,1→3,11.6
16972,59,1,4,1,-80114,45.92,4983,8650,23.3791,40.5853,40.4223,18.8765,-67.9,1003711194676,1003870948373,402120043277,402279787008,-256.3,-260.9,38.4,42.4,1→4,11.6
16972,59,2,3,0,0,0.0,0,0,0.0,0.0,0.0,0.0,0.0,0,0,0,0,21.9,0.0,41.3,0.0,2→3,11.6
16972,59,2,4,0,0,0.0,0,0,0.0,0.0,0.0,0.0,0.0,0,0,0,0,21.9,0.0,41.3,0.0,2→4,11.6
16972,59,3,4,1,-6790,3.89,8433,8744,39.5656,41.0263,40.9423,3.6006,-75.5,622975410740,623135171329,406045604630,406205348352,-267.7,-260.9,38.6,42.4,3→4,11.6
17172,60,1,2,0,0,0.0,0,0,0.0,0.0,0.0,0.0,0.0,0,0,0,0,-256.3,0.0,38.4,0.0,1→2,11.8
17172,60,1,3,1,-73466,42.1,5465,8828,25.6405,41.4213,41.3373,18.1661,-75.27,1015212145716,1015371900591,630551298616,630711042560,-256.3,-267.7,38.4,38.6,1→3,11.8
17172,60,1,4,1,-80077,45.89,4984,8650,23.3838,40.5844,40.4214,18.8756,-67.35,1016489682996,1016649436910,414899116087,415058860032,-256.3,-260.9,38.4,42.4,1→4,11.8
17172,60,2,3,0,0,0.0,0,0,0.0,0.0,0.0,0.0,0.0,0,0,0,0,21.9,0.0,41.3,0.0,2→3,11.8
17172,60,2,4,0,0,0.0,0,0,0.0,0.0,0.0,0.0,0.0,0,0,0,0,21.9,0.0,41.3,0.0,2→4,11.8
17172,60,3,4,1,-6738,3.86,8432,8740,39.561,41.0104,40.9264,3.5847,-75.23,635750731828,635910492189,418820974072,418980717568,-267.7,-260.9,38.6,42.4,3→4,11.8
17372,61,1,2,0,0,0.0,0,0,0.0,0.0,0.0,0.0,0.0,0,0,0,0,-256.3,0.0,38.4,0.0,1→2,12.0
17372,61,1,3,1,-73468,42.11,5468,8831,25.6546,41.4358,41.3268,18.1556,-74.23,1027990913588,1028150668341,643330602680,643490346496,-256.3,-267.7,38.4,38.6,1→3,12.0
17372,61,1,4,1,-80063,45.89,4977,8642,23.3509,40.5485,40.3855,18.8397,-68.58,1029268836916,1029428590426,427678854589,427838598144,-256.3,-260.9,38.4,42.4,1→4,12.0
17372,61,2,3,0,0,0.0,0,0,0.0,0.0,0.0,0.0,0.0,0,0,0,0,21.9,0.0,41.3,0.0,2→3,12.0
17372,61,2,4,0,0,0.0,0,0,0.0,0.0,0.0,0.0,0.0,0,0,0,0,21.9,0.0,41.3,0.0,2→4,12.0
17372,61,3,4,1,-6772,3.88,8428,8737,39.5422,40.9966,40.9126,3.5709,-76.3,648531135028,648690895625,431601425667,431761169408,-267.7,-260.9,38.6,42.4,3→4,12.0
17572,62,1,2,0,0,0.0,0,0,0.0,0.0,0.0,0.0,0.0,0,0,0,0,-256.3,0.0,38.4,0.0,1→2,12.2
17572,62,1,3,1,-73476,42.11,5470,8833,25.6639,41.4445,41.3605,18.1893,-75.59,1040769681460,1040929436015,656109906817,656269650432,-256.3,-267.7,38.4,39.6,1→3,12.2
17572,62,1,4,1,-80110,45.91,4979,8646,23.3603,40.5656,40.4026,18.8568,-68.83,1042047498292,1042207251841,440458100633,440617844224,-256.3,-260.9,38.4,42.4,1→4,12.2
17572,62,2,3,0,0,0.0,0,0,0.0,0.0,0.0,0.0,0.0,0,0,0,0,21.9,0.0,41.3,0.0,2→3,12.2
17572,62,2,4,0,0,0.0,0,0,0.0,0.0,0.0,0.0,0.0,0,0,0,0,21.9,0.0,41.3,0.0,2→4,12.2
17572,62,3,4,1,-6714,3.85,8425,8732,39.5281,40.9701,40.8861,3.5444,-75.21,661313707572,661473468382,444384046632,444543790592,-267.7,-260.9,39.6,42.4,3→4,12.2
17772,63,1,2,0,0,0.0,0,0,0.0,0.0,0.0,0.0,0.0,0,0,0,0,-256.3,0.0,38.4,0.0,1→2,12.4
17772,63,1,3,1,-73542,42.15,5469,8835,25.6593,41.4563,41.3723,18.2011,-76.04,1053548449332,1053708204159,668889210992,669048954880,-256.3,-267.7,38.4,39.6,1→3,12.4
17772,63,1,4,1,-80100,45.91,4979,8645,23.3603,40.5635,40.4005,18.8547,-68.98,1054826503220,1054986256718,453237690316,453397433856,-256.3,-260.9,38.4,42.4,1→4,12.4
17772,63,2,3,0,0,0.0,0,0,0.0,0.0,0.0,0.0,0.0,0,0,0,0,21.9,0.0,41.3,0.0,2→3,12.4
17772,63,2,4,0,0,0.0,0,0,0.0,0.0,0.0,0.0,0.0,0,0,0,0,21.9,0.0,41.3,0.0,2→4,12.4
17772,63,3,4,1,-6766,3.88,8428,8738,39.5422,40.9977,40.8887,3.547,-74.98,674093127732,674252888230,457163515239,457323258880,-267.7,-260.9,39.6,42.4,3→4,12.4
17972,64,1,2,0,0,0.0,0,0,0.0,0.0,0.0,0.0,0.0,0,0,0,0,-256.3,0.0,38.4,0.0,1→2,12.6
17972,64,1,3,1,-73535,42.14,5471,8837,25.6686,41.4619,41.3349,18.1637,-72.89,1066327217204,1066486971736,681668515226,681828258816,-256.3,-267.7,38.4,39.6,1→3,12.6
17972,64,1,4,1,-80109,45.91,4979,8646,23.3603,40.5655,40.4025,18.8567,-67.44,1067604754484,1067764508396,466016526382,466176270336,-256.3,-260.9,38.4,42.4,1→4,12.6
17972,64,2,3,0,0,0.0,0,0,0.0,0.0,0.0,0.0,0.0,0,0,0,0,21.9,0.0,41.3,0.0,2→3,12.6
17972,64,2,4,0,0,0.0,0,0,0.0,0.0,0.0,0.0,0.0,0,0,0,0,21.9,0.0,41.3,0.0,2→4,12.6
17972,64,3,4,1,-6743,3.86,8426,8735,39.5328,40.9834,40.8994,3.5577,-75.75,686868308020,687028068707,469938743974,470098487808,-267.7,-260.9,39.6,42.4,3→4,12.6
18172,65,1,2,0,0,0.0,0,0,0.0,0.0,0.0,0.0,0.0,0,0,0,0,-256.3,0.0,38.4,0.0,1→2,12.8
18172,65,1,3,1,-73446,42.09,5474,8836,25.6827,41.4592,41.3322,18.161,-72.76,1079105984564,1079265739281,694447818984,694607562752,-256.3,-267.7,38.4,39.6,1→3,12.8
18172,65,1,4,1,-80188,45.96,4975,8646,23.3415,40.566,40.403,18.8572,-68.48,1080383418932,1080543172667,478795775704,478955519488,-256.3,-260.9,38.4,42.4,1→4,12.8
18172,65,2,3,0,0,0.0,0,0,0.0,0.0,0.0,0.0,0.0,0,0,0,0,21.9,0.0,41.3,0.0,2→3,12.8
18172,65,2,4,0,0,0.0,0,0,0.0,0.0,0.0,0.0,0.0,0,0,0,0,21.9,0.0,41.3,0.0,2→4,12.8
18172,65,3,4,1,-6809,3.9,8429,8741,39.5469,41.0116,40.9026,3.5609,-74.82,699649715764,699809476595,482720200220,482879944192,-267.7,-260.9,39.6,42.4,3→4,12.8
18372,66,1,2,0,0,0.0,0,0,0.0,0.0,0.0,0.0,0.0,0,0,0,0,-256.3,0.0,38.4,0.0,1→2,13.0
18372,66,1,3,1,-73514,42.13,5464,8829,25.6358,41.4269,41.3179,18.1467,-73.06,1091884752436,1092044507280,707227123285,707386867200,-256.3,-267.7,38.4,39.6,1→3,13.0
18372,66,1,4,1,-80108,45.91,4978,8645,23.3556,40.5605,40.3975,18.8517,-68.4,1093162697780,1093322451241,491575639535,491735383040,-256.3,-260.9,38.4,42.4,1→4,13.0
18372,66,2,3,0,0,0.0,0,0,0.0,0.0,0.0,0.0,0.0,0,0,0,0,21.9,0.0,41.3,0.0,2→3,13.0
18372,66,2,4,0,0,0.0,0,0,0.0,0.0,0.0,0.0,0.0,0,0,0,0,21.9,0.0,41.3,0.0,2→4,13.0
18372,66,3,4,1,-6770,3.88,8427,8736,39.5375,40.9915,40.9075,3.5658,-76.5,712428958772,712588719198,495499491756,495659235328,-267.7,-260.9,39.6,42.4,3→4,13.0
18572,67,1,2,0,0,0.0,0,0,0.0,0.0,0.0,0.0,0.0,0,0,0,0,-256.3,0.0,38.4,0.0,1→2,13.2
18572,67,1,3,1,-73563,42.16,5473,8840,25.678,41.4796,41.3526,18.1814,-72.86,5151892020,5311646963,720006427140,720166171136,-256.3,-267.7,38.4,39.6,1→3,13.2
18572,67,1,4,1,-80167,45.95,4981,8651,23.3697,40.5896,40.4266,18.8808,-67.31,6429429300,6589182965,504354583850,504514327552,-256.3,-260.9,38.4,42.4,1→4,13.2
18572,67,2,3,0,0,0.0,0,0,0.0,0.0,0.0,0.0,0.0,0,0,0,0,21.9,0.0,41.3,0.0,2→3,13.2
18572,67,2,4,0,0,0.0,0,0,0.0,0.0,0.0,0.0,0.0,0,0,0,0,21.9,0.0,41.3,0.0,2→4,13.2
18572,67,3,4,1,-6768,3.88,8423,8733,39.5187,40.9746,40.8906,3.5489,-75.37,725207945780,725367706297,508278527306,508438270976,-267.7,-260.9,39.6,42.4,3→4,13.2
18772,68,1,2,0,0,0.0,0,0,0.0,0.0,0.0,0.0,0.0,0,0,0,0,-256.3,0.0,38.4,0.0,1→2,13.4
18772,68,1,3,1,-73526,42.14,5474,8839,25.6827,41.474,41.365,18.1938,-73.64,17930600500,18090354966,732785672162,732945415680,-256.3,-267.7,38.4,39.6,1→3,13.4
18772,68,1,4,1,-80125,45.92,4973,8640,23.3321,40.5407,40.3977,18.8519,-69.08,19208713268,19368466988,517134452962,517294196736,-256.3,-260.9,38.4,42.4,1→4,13.4
18772,68,2,3,0,0,0.0,0,0,0.0,0.0,0.0,0.0,0.0,0,0,0,0,21.9,0.0,41.3,0.0,2→3,13.4
18772,68,2,4,0,0,0.0,0,0,0.0,0.0,0.0,0.0,0.0,0,0,0,0,21.9,0.0,41.3,0.0,2→4,13.4
18772,68,3,4,1,-6794,3.89,8422,8733,39.514,40.9732,40.8892,3.5475,-76.21,738006665780,738166426282,521077295958,521237039616,-267.7,-260.9,39.6,42.4,3→4,13.4
18972,69,1,2,0,0,0.0,0,0,0.0,0.0,0.0,0.0,0.0,0,0,0,0,-256.3,0.0,38.4,0.0,1→2,13.6
18972,69,1,3,1,-73543,42.15,5475,8841,25.6874,41.4824,41.3734,18.2022,-73.9,30709426740,30869181680,745565035018,745724779008,-256.3,-267.7,38.4,39.6,1→3,13.6
18972,69,1,4,1,-80166,45.94,4981,8650,23.3697,40.5871,40.4241,18.8783,-68.04,31987544628,32147298358,529913869544,530073613312,-256.3,-260.9,38.4,42.4,1→4,13.6
18972,69,2,3,0,0,0.0,0,0,0.0,0.0,0.0,0.0,0.0,0,0,0,0,21.9,0.0,41.3,0.0,2→3,13.6
18972,69,2,4,0,0,0.0,0,0,0.0,0.0,0.0,0.0,0.0,0,0,0,0,21.9,0.0,41.3,0.0,2→4,13.6
18972,69,3,4,1,-6812,3.9,8428,8740,39.5422,41.0076,40.9236,3.5819,-75.72,750766937652,750926698267,533837616370,533997360128,-267.7,-260.9,39.6,42.4,3→4,13.6
19172,70,1,2,0,0,0.0,0,0,0.0,0.0,0.0,0.0,0.0,0,0,0,0,-256.3,0.0,38.4,0.0,1→2,13.8
19172,70,1,3,1,-73580,42.17,5472,8840,25.6733,41.4762,41.3672,18.196,-73.72,43488194100,43647948944,758344339044,758504082944,-256.3,-267.7,38.4,39.6,1→3,13.8
19172,70,1,4,1,-80185,45.96,4975,8645,23.3415,40.563,40.4,18.8542,-67.21,44766139444,44925893094,542693049644,542852793344,-256.3,-260.9,38.4,42.4,1→4,13.8
19172,70,2,3,0,0,0.0,0,0,0.0,0.0,0.0,0.0,0.0,0,0,0,0,21.9,0.0,41.3,0.0,2→3,13.8
19172,70,2,4,0,0,0.0,0,0,0.0,0.0,0.0,0.0,0.0,0,0,0,0,21.9,0.0,41.3,0.0,2→4,13.8
19172,70,3,4,1,-6753,3.87,8421,8730,39.5093,40.9597,40.8757,3.534,-76.5,763541601332,763701361964,546612328658,546772072448,-267.7,-260.9,39.6,42.4,3→4,13.8
19372,71,1,2,0,0,0.0,0,0,0.0,0.0,0.0,0.0,0.0,0,0,0,0,-256.3,0.0,38.4,0.0,1→2,14.0
19372,71,1,3,1,-73556,42.16,5471,8838,25.6686,41.4664,41.3824,18.2112,-75.35,56266960948,56426715645,771123642613,771283386368,-256.3,-267.7,38.4,39.6,1→3,14.0
19372,71,1,4,1,-80245,45.99,4974,8647,23.3368,40.5735,40.4105,18.8647,-67.48,57544395316,57704148817,555471890880,555631634432,-256.3,-260.9,38.4,42.4,1→4,14.0
19372,71,2,3,0,0,0.0,0,0,0.0,0.0,0.0,0.0,0.0,0,0,0,0,21.9,0.0,41.3,0.0,2→3,14.0
19372,71,2,4,0,0,0.0,0,0,0.0,0.0,0.0,0.0,0.0,0,0,0,0,21.9,0.0,41.3,0.0,2→4,14.0
19372,71,3,4,1,-6785,3.89,8427,8737,39.5375,40.9947,40.9107,3.569,-75.03,776325697588,776485458180,559396473606,559556217344,-267.7,-260.9,39.6,42.4,3→4,14.0
19572,72,1,2,0,0,0.0,0,0,0.0,0.0,0.0,0.0,0.0,0,0,0,0,-256.3,0.0,38.4,0.0,1→2,14.2
19572,72,1,3,1,-73535,42.14,5469,8835,25.6593,41.4548,41.3458,18.1746,-74.84,69045728308,69205482783,783902946768,784062690304,-256.3,-267.7,38.4,39.6,1→3,14.2
19572,72,1,4,1,-80175,45.95,4976,8646,23.3462,40.5655,40.4225,18.8767,-69.49,70323651124,70483404846,568251732198,568411475968,-256.3,-260.9,38.4,42.4,1→4,14.2
19572,72,2,3,0,0,0.0,0,0,0.0,0.0,0.0,0.0,0.0,0,0,0,0,21.9,0.0,41.3,0.0,2→3,14.2
19572,72,2,4,0,0,0.0,0,0,0.0,0.0,0.0,0.0,0.0,0,0,0,0,21.9,0.0,41.3,0.0,2→4,14.2
19572,72,3,4,1,-6798,3.9,8430,8741,39.5516,41.0116,40.9026,3.5609,-74.76,789105485364,789265245904,572176310080,572336053760,-267.7,-260.9,39.6,42.4,3→4,14.2
19772,73,1,2,0,0,0.0,0,0,0.0,0.0,0.0,0.0,0.0,0,0,0,0,-256.3,0.0,38.4,0.0,1→2,14.4
19772,73,1,3,1,-73479,42.11,5467,8830,25.6499,41.4311,41.3221,18.1509,-74.31,81824495156,81984249864,796682250466,796841994240,-256.3,-267.7,38.4,39.6,1→3,14.4
19772,73,1,4,1,-80173,45.95,4969,8639,23.3134,40.5346,40.3716,18.8258,-68.14,83102549044,83262302915,581031215684,581190959616,-256.3,-260.9,38.4,42.4,1→4,14.4
19772,73,2,3,0,0,0.0,0,0,0.0,0.0,0.0,0.0,0.0,0,0,0,0,21.9,0.0,41.3,0.0,2→3,14.4
19772,73,2,4,0,0,0.0,0,0,0.0,0.0,0.0,0.0,0.0,0,0,0,0,21.9,0.0,41.3,0.0,2→4,14.4
19772,73,3,4,1,-6801,3.9,8424,8735,39.5234,40.9841,40.9001,3.5584,-75.06,801884526644,802044287101,584955400071,585115143680,-267.7,-260.9,39.6,42.4,3→4,14.4
19972,74,1,2,0,0,0.0,0,0,0.0,0.0,0.0,0.0,0.0,0,0,0,0,-256.3,0.0,38.4,0.0,1→2,14.6
19972,74,1,3,1,-73521,42.14,5468,8833,25.6546,41.4448,41.3608,18.1896,-75.79,94603262004,94763016891,809461554225,809621298176,-256.3,-267.7,38.4,39.6,1→3,14.6
19972,74,1,4,1,-80152,45.94,4971,8640,23.3228,40.5395,40.3765,18.8307,-68.29,95880997428,96040750884,593810249703,593969993216,-256.3,-260.9,38.4,42.4,1→4,14.6
19972,74,2,3,0,0,0.0,0,0,0.0,0.0,0.0,0.0,0.0,0,0,0,0,21.9,0.0,41.3,0.0,2→3,14.6
19972,74,2,4,0,0,0.0,0,0,0.0,0.0,0.0,0.0,0.0,0,0,0,0,21.9,0.0,41.3,0.0,2→4,14.6
19972,74,3,4,1,-6764,3.88,8432,8741,39.561,41.0137,40.9297,3.588,-75.5,814664166452,814823926807,597735088637,597894832128,-267.7,-260.9,39.6,42.4,3→4,14.6
20172,75,1,2,0,0,0.0,0,0,0.0,0.0,0.0,0.0,0.0,0,0,0,0,-256.3,0.0,38.4,0.0,1→2,14.8
20172,75,1,3,1,-73583,42.17,5465,8833,25.6405,41.444,41.335,18.1638,-73.78,107382080564,107541835055,822240909751,822400653312,-256.3,-267.7,38.4,39.6,1→3,14.8
20172,75,1,4,1,-80245,45.99,4974,8647,23.3368,40.5712,40.4082,18.8624,-67.49,108659566132,108819319592,606589404136,606749147648,-256.3,-260.9,38.4,42.4,1→4,14.8
20172,75,2,3,0,0,0.0,0,0,0.0,0.0,0.0,0.0,0.0,0,0,0,0,21.9,0.0,41.3,0.0,2→3,14.8
20172,75,2,4,0,0,0.0,0,0,0.0,0.0,0.0,0.0,0.0,0,0,0,0,21.9,0.0,41.3,0.0,2→4,14.8
20172,75,3,4,1,-6806,3.9,8425,8737,39.5281,40.9922,40.9082,3.5665,-76.5,827441253428,827601014169,610512224366,610671968256,-267.7,-260.9,39.6,42.4,3→4,14.8
20372,76,1,2,0,0,0.0,0,0,0.0,0.0,0.0,0.0,0.0,0,0,0,0,-256.3,0.0,38.4,0.0,1→2,15.0
20372,76,1,3,1,-73472,42.11,5465,8828,25.6405,41.4225,41.2955,18.1243,-71.69,120160795700,120320550263,835020161904,835179905536,-256.3,-267.7,38.4,39.6,1→3,15.0
20372,76,1,4,1,-80252,45.99,4969,8643,23.3134,40.5516,40.3886,18.8428,-67.21,121438741044,121598494904,619369164879,619528908800,-256.3,-260.9,38.4,42.4,1→4,15.0
20372,76,2,3,0,0,0.0,0,0,0.0,0.0,0.0,0.0,0.0,0,0,0,0,21.9,0.0,41.3,0.0,2→3,15.0
20372,76,2,4,0,0,0.0,0,0,0.0,0.0,0.0,0.0,0.0,0,0,0,0,21.9,0.0,41.3,0.0,2→4,15.0
20372,76,3,4,1,-6816,3.91,8427,8739,39.5375,41.0014,40.9174,3.5757,-76.68,840222429748,840382190342,623293449476,623453193216,-267.7,-260.9,39.6,42.4,3→4,15.0
20572,77,1,2,0,0,0.0,0,0,0.0,0.0,0.0,0.0,0.0,0,0,0,0,-256.3,0.0,38.4,0.0,1→2,15.2
20572,77,1,3,1,-73571,42.17,5466,8833,25.6452,41.4461,41.3191,18.1479,-72.29,132939561524,133099316098,847799464806,847959208448,-256.3,-267.7,38.4,39.6,1→3,15.2
20572,77,1,4,1,-80265,46.0,4975,8649,23.3415,40.5802,40.4172,18.8714,-67.78,134217379380,134377133090,632148389104,632308132864,-256.3,-260.9,38.4,42.4,1→4,15.2
20572,77,2,3,0,0,0.0,0,0,0.0,0.0,0.0,0.0,0.0,0,0,0,0,21.9,0.0,41.3,0.0,2→3,15.2
20572,77,2,4,0,0,0.0,0,0,0.0,0.0,0.0,0.0,0.0,0,0,0,0,21.9,0.0,41.3,0.0,2→4,15.2
20572,77,3,4,1,-6827,3.91,8428,8741,39.5422,41.0108,40.9268,3.5851,-75.38,853002774068,853162534479,636073842622,636233586176,-267.7,-260.9,39.6,42.4,3→4,15.2
20772,78,1,2,0,0,0.0,0,0,0.0,0.0,0.0,0.0,0.0,0,0,0,0,-256.3,0.0,38.4,0.0,1→2,15.4
20772,78,1,3,1,-73598,42.18,5468,8837,25.6546,41.4637,41.3547,18.1835,-73.13,145718328884,145878083416,860578769301,860738512896,-256.3,-267.7,38.4,39.6,1→3,15.4
20772,78,1,4,1,-80194,45.96,4973,8643,23.3321,40.5555,40.3925,18.8467,-67.31,146996252212,147156005681,644927847901,645087591424,-256.3,-260.9,38.4,42.4,1→4,15.4
20772,78,2,3,0,0,0.0,0,0,0.0,0.0,0.0,0.0,0.0,0,0,0,0,21.9,0.0,41.3,0.0,2→3,15.4
20772,78,2,4,0,0,0.0,0,0,0.0,0.0,0.0,0.0,0.0,0,0,0,0,21.9,0.0,41.3,0.0,2→4,15.4
20772,78,3,4,1,-6834,3.92,8428,8741,39.5422,41.0123,40.9283,3.5866,-75.53,865780923444,865940684174,648852040831,649011784704,-267.7,-260.9,39.6,42.4,3→4,15.4
20972,79,1,2,0,0,0.0,0,0,0.0,0.0,0.0,0.0,0.0,0,0,0,0,-256.3,0.0,38.4,0.0,1→2,15.6
20972,79,1,3,1,-73570,42.16,5466,8833,25.6452,41.4459,41.3189,18.1477,-71.63,158497095732,158656850170,873358073326,873517816832,-256.3,-267.7,38.4,39.6,1→3,15.6
20972,79,1,4,1,-80286,46.01,4974,8649,23.3368,40.58,40.417,18.8712,-67.74,159775149620,159934903287,657707331353,657867075072,-256.3,-260.9,38.4,42.4,1→4,15.6
20972,79,2,3,0,0,0.0,0,0,0.0,0.0,0.0,0.0,0.0,0,0,0,0,21.9,0.0,41.3,0.0,2→3,15.6
20972,79,2,4,0,0,0.0,0,0,0.0,0.0,0.0,0.0,0.0,0,0,0,0,21.9,0.0,41.3,0.0,2→4,15.6
20972,79,3,4,1,-6824,3.91,8421,8733,39.5093,40.9749,40.8909,3.5492,-75.02,878556976180,878716736700,661628142402,661787886080,-267.7,-260.9,39.6,42.4,3→4,15.6
21172,80,1,2,0,0,0.0,0,0,0.0,0.0,0.0,0.0,0.0,0,0,0,0,-256.3,0.0,38.4,0.0,1→2,15.8
21172,80,1,3,1,-73648,42.21,5465,8836,25.6405,41.4603,41.3333,18.1621,-71.88,171275862068,171435616863,886137376904,886297120768,-256.3,-267.7,38.4,39.6,1→3,15.8
21172,80,1,4,1,-80245,45.99,4976,8649,23.3462,40.5829,40.4199,18.8741,-68.05,172553596468,172713350274,670486364307,670646108160,-256.3,-260.9,38.4,42.4,1→4,15.8
21172,80,2,3,0,0,0.0,0,0,0.0,0.0,0.0,0.0,0.0,0,0,0,0,21.9,0.0,41.3,0.0,2→3,15.8
21172,80,2,4,0,0,0.0,0,0,0.0,0.0,0.0,0.0,0.0,0,0,0,0,21.9,0.0,41.3,0.0,2→4,15.8
21172,80,3,4,1,-6824,3.91,8432,8744,39.561,41.0266,40.9426,3.6009,-75.53,891339604532,891499365335,674410819645,674570563584,-267.7,-260.9,39.6,42.4,3→4,15.8
21372,81,1,2,0,0,0.0,0,0,0.0,0.0,0.0,0.0,0.0,0,0,0,0,-256.3,0.0,38.4,0.0,1→2,16.0
21372,81,1,3,1,-73508,42.13,5464,8829,25.6358,41.4256,41.2986,18.1274,-72.1,184054628404,184214382979,898916680546,899076424192,-256.3,-267.7,38.4,39.6,1→3,16.0
21372,81,1,4,1,-80242,45.99,4974,8647,23.3368,40.5729,40.4099,18.8641,-67.15,185332165684,185491919546,683265519703,683425263616,-256.3,-260.9,38.4,42.4,1→4,16.0
21372,81,2,3,0,0,0.0,0,0,0.0,0.0,0.0,0.0,0.0,0,0,0,0,21.9,0.0,41.3,0.0,2→3,16.0
21372,81,2,4,0,0,0.0,0,0,0.0,0.0,0.0,0.0,0.0,0,0,0,0,21.9,0.0,41.3,0.0,2→4,16.0
21372,81,3,4,1,-6840,3.92,8426,8739,39.5328,41.0042,40.9202,3.5785,-75.36,904118028852,904277789403,687189292846,687349036544,-267.7,-260.9,39.6,42.4,3→4,16.0
21572,82,1,2,0,0,0.0,0,0,0.0,0.0,0.0,0.0,0.0,0,0,0,0,-256.3,0.0,38.4,0.0,1→2,16.2
21572,82,1,3,1,-73576,42.17,5468,8836,25.6546,41.459,41.332,18.1608,-72.01,196833394740,196993149560,911695984245,911855728128,-256.3,-267.7,38.4,39.6,1→3,16.2
21572,82,1,4,1,-80263,46.0,4968,8642,23.3087,40.5469,40.3839,18.8381,-67.37,198111020596,198270774422,696044960878,696204704768,-256.3,-260.9,38.4,42.4,1→4,16.2
21572,82,2,3,0,0,0.0,0,0,0.0,0.0,0.0,0.0,0.0,0,0,0,0,21.9,0.0,41.3,0.0,2→3,16.2
21572,82,2,4,0,0,0.0,0,0,0.0,0.0,0.0,0.0,0.0,0,0,0,0,21.9,0.0,41.3,0.0,2→4,16.2
21572,82,3,4,1,-6858,3.93,8426,8740,39.5328,41.0081,40.9241,3.5824,-76.51,916895375924,917055136721,699966688824,700126432768,-267.7,-260.9,39.6,42.4,3→4,16.2
21772,83,1,2,0,0,0.0,0,0,0.0,0.0,0.0,0.0,0.0,0,0,0,0,-256.3,0.0,39.4,0.0,1→2,16.4
21772,83,1,3,1,-73588,42.17,5466,8835,25.6452,41.4521,41.3251,18.1539,-72.58,209612101684,209771856185,924475228592,924634972160,-256.3,-267.7,39.4,39.6,1→3,16.4
21772,83,1,4,1,-80248,45.99,4965,8638,23.2946,40.5296,40.3666,18.8208,-67.65,210889698356,211049452075,708824224979,708983968768,-256.3,-260.9,39.4,42.4,1→4,16.4
21772,83,2,3,0,0,0.0,0,0,0.0,0.0,0.0,0.0,0.0,0,0,0,0,21.9,0.0,41.3,0.0,2→3,16.4
21772,83,2,4,0,0,0.0,0,0,0.0,0.0,0.0,0.0,0.0,0,0,0,0,21.9,0.0,41.3,0.0,2→4,16.4
21772,83,3,4,1,-6860,3.93,8418,8732,39.4953,40.9709,40.8869,3.5452,-76.05,929677446196,929837206684,712748808029,712908551680,-267.7,-260.9,39.6,42.4,3→4,16.4
21972,84,1,2,0,0,0.0,0,0,0.0,0.0,0.0,0.0,0.0,0,0,0,0,-256.3,0.0,39.4,0.0,1→2,16.6
21972,84,1,3,1,-73600,42.18,5464,8833,25.6358,41.4453,41.3183,18.1471,-72.49,222390926900,222550681541,937254591264,937414334976,-256.3,-267.7,39.4,39.6,1→3,16.6
21972,84,1,4,1,-80218,45.97,4968,8640,23.3087,40.5396,40.3766,18.8308,-67.35,223668850228,223828603761,721603963284,721763706880,-256.3,-260.9,39.4,42.4,1→4,16.6
21972,84,2,3,0,0,0.0,0,0,0.0,0.0,0.0,0.0,0.0,0,0,0,0,21.9,0.0,41.3,0.0,2→3,16.6
21972,84,2,4,0,0,0.0,0,0,0.0,0.0,0.0,0.0,0.0,0,0,0,0,21.9,0.0,41.3,0.0,2→4,16.6
21972,84,3,4,1,-6884,3.95,8429,8744,39.5469,41.0254,40.9164,3.5747,-74.75,942453500468,942613261176,725524911254,725684655104,-267.7,-260.9,39.6,42.4,3→4,16.6
22172,85,1,2,0,0,0.0,0,0,0.0,0.0,0.0,0.0,0.0,0,0,0,0,-256.3,0.0,39.4,0.0,1→2,16.8
22172,85,1,3,1,-73685,42.23,5468,8841,25.6546,41.4824,41.3734,18.2022,-74.49,235169694260,235329448990,950033896143,950193639936,-256.3,-267.7,39.4,39.6,1→3,16.8
22172,85,1,4,1,-80326,46.04,4972,8649,23.3274,40.5816,40.4186,18.8728,-68.58,236447747124,236607500920,734383446677,734543190528,-256.3,-260.9,39.4,42.4,1→4,16.8
22172,85,2,3,0,0,0.0,0,0,0.0,0.0,0.0,0.0,0.0,0,0,0,0,21.9,0.0,41.3,0.0,2→3,16.8
22172,85,2,4,0,0,0.0,0,0,0.0,0.0,0.0,0.0,0.0,0,0,0,0,21.9,0.0,41.3,0.0,2→4,16.8
22172,85,3,4,1,-6805,3.9,8423,8735,39.5187,40.9826,40.8986,3.5569,-75.13,955230882356,955390642731,738302342104,738462085632,-267.7,-260.9,39.6,42.4,3→4,16.8
22372,86,1,2,0,0,0.0,0,0,0.0,0.0,0.0,0.0,0.0,0,0,0,0,-256.3,0.0,39.4,0.0,1→2,17.0
22372,86,1,3,1,-73648,42.21,5469,8840,25.6593,41.4791,41.3521,18.1809,-72.29,247948459060,248108213827,962813198508,962972942336,-256.3,-267.7,39.4,39.6,1→3,17.0
22372,86,1,4,1,-80320,46.03,4971,8648,23.3228,40.5755,40.4325,18.8867,-69.36,249225996340,249385749830,747162282437,747322025984,-256.3,-260.9,39.4,42.4,1→4,17.0
22372,86,2,3,0,0,0.0,0,0,0.0,0.0,0.0,0.0,0.0,0,0,0,0,21.9,0.0,41.3,0.0,2→3,17.0
22372,86,2,4,0,0,0.0,0,0,0.0,0.0,0.0,0.0,0.0,0,0,0,0,21.9,0.0,41.3,0.0,2→4,17.0
22372,86,3,4,1,-6826,3.91,8420,8732,39.5047,40.9707,40.8617,3.52,-74.81,968015384116,968175144612,751086892888,751246636544,-267.7,-260.9,39.6,42.4,3→4,17.0
22572,87,1,2,0,0,0.0,0,0,0.0,0.0,0.0,0.0,0.0,0,0,0,0,-256.3,0.0,39.4,0.0,1→2,17.2
22572,87,1,3,1,-73683,42.23,5464,8836,25.6358,41.4608,41.3338,18.1626,-71.54,260727225396,260886980146,975592502450,975752246272,-256.3,-267.7,39.4,39.6,1→3,17.2
22572,87,1,4,1,-80276,46.01,4968,8642,23.3087,40.5497,40.3867,18.8409,-68.65,262005148212,262164901796,759942020960,760101764608,-256.3,-260.9,39.4,42.4,1→4,17.2
22572,87,2,3,0,0,0.0,0,0,0.0,0.0,0.0,0.0,0.0,0,0,0,0,21.9,0.0,41.3,0.0,2→3,17.2
22572,87,2,4,0,0,0.0,0,0,0.0,0.0,0.0,0.0,0.0,0,0,0,0,21.9,0.0,41.3,0.0,2→4,17.2
22572,87,3,4,1,-6879,3.94,8429,8744,39.5469,41.0266,40.9426,3.6009,-76.42,980794352180,980954112809,763865909990,764025653760,-267.7,-260.9,39.6,42.4,3→4,17.2
22772,88,1,2,0,0,0.0,0,0,0.0,0.0,0.0,0.0,0.0,0,0,0,0,-256.3,0.0,39.4,0.0,1→2,17.4
22772,88,1,3,1,-73670,42.22,5460,8832,25.617,41.4416,41.3146,18.1434,-71.26,273505991220,273665745908,988371805929,988531549696,-256.3,-267.7,39.4,39.6,1→3,17.4
22772,88,1,4,1,-80404,46.08,4970,8650,23.3181,40.5866,40.4236,18.8778,-67.26,274783914036,274943667658,772721373502,772881117184,-256.3,-260.9,39.4,42.4,1→4,17.4
22772,88,2,3,0,0,0.0,0,0,0.0,0.0,0.0,0.0,0.0,0,0,0,0,21.9,0.0,41.3,0.0,2→3,17.4
22772,88,2,4,0,0,0.0,0,0,0.0,0.0,0.0,0.0,0.0,0,0,0,0,21.9,0.0,41.3,0.0,2→4,17.4
22772,88,3,4,1,-6897,3.95,8431,8747,39.5563,41.0399,40.9309,3.5892,-74.14,993573711924,993733472650,776645318793,776805062656,-267.7,-260.9,39.6,42.4,3→4,17.4
22972,89,1,2,0,0,0.0,0,0,0.0,0.0,0.0,0.0,0.0,0,0,0,0,-256.3,0.0,39.4,0.0,1→2,17.6
22972,89,1,3,1,-73685,42.23,5467,8840,25.6499,41.4777,41.3507,18.1795,-72.76,286284757044,286444511630,1001151109469,1001310853120,-256.3,-267.7,39.4,39.6,1→3,17.6
22972,89,1,4,1,-80300,46.02,4969,8645,23.3134,40.5619,40.3989,18.8531,-67.5,287562573364,287722326948,785500619619,785660363264,-256.3,-260.9,39.4,42.4,1→4,17.6
22972,89,2,3,0,0,0.0,0,0,0.0,0.0,0.0,0.0,0.0,0,0,0,0,21.9,0.0,41.3,0.0,2→3,17.6
22972,89,2,4,0,0,0.0,0,0,0.0,0.0,0.0,0.0,0.0,0,0,0,0,21.9,0.0,41.3,0.0,2→4,17.6
22972,89,3,4,1,-6845,3.92,8424,8737,39.5234,40.9959,40.9119,3.5702,-75.97,1006353406004,1006513166776,789425061965,789584805888,-267.7,-260.9,39.6,42.4,3→4,17.6
23172,90,1,2,0,0,0.0,0,0,0.0,0.0,0.0,0.0,0.0,0,0,0,0,-256.3,0.0,39.4,0.0,1→2,17.8
23172,90,1,3,1,-73609,42.19,5467,8836,25.6499,41.459,41.332,18.1608,-72.01,299063522356,299223277288,1013930412546,1014090156544,-256.3,-267.7,39.4,39.6,1→3,17.8
23172,90,1,4,1,-80418,46.09,4967,8648,23.304,40.5755,40.4125,18.8667,-68.65,300341060660,300500814127,798279693779,798439437312,-256.3,-260.9,39.4,42.4,1→4,17.8
23172,90,2,3,0,0,0.0,0,0,0.0,0.0,0.0,0.0,0.0,0,0,0,0,21.9,0.0,41.3,0.0,2→3,17.8
23172,90,2,4,0,0,0.0,0,0,0.0,0.0,0.0,0.0,0.0,0,0,0,0,21.9,0.0,41.3,0.0,2→4,17.8
23172,90,3,4,1,-6887,3.95,8426,8741,39.5328,41.0143,40.9303,3.5886,-75.77,1019129768500,1019289529305,802201473584,802361217536,-267.7,-260.9,39.6,42.4,3→4,17.8
23372,91,1,2,0,0,0.0,0,0,0.0,0.0,0.0,0.0,0.0,0,0,0,0,-256.3,0.0,39.4,0.0,1→2,18.0
23372,91,1,3,1,-73623,42.19,5458,8828,25.6076,41.4198,41.2928,18.1216,-71.88,311842288180,312002042910,1026709716154,1026869459968,-256.3,-267.7,39.4,39.6,1→3,18.0
23372,91,1,4,1,-80338,46.04,4965,8643,23.2946,40.5513,40.3883,18.8425,-68.09,313119825460,313279579223,811059045544,811218789376,-256.3,-260.9,39.4,42.4,1→4,18.0
23372,91,2,3,0,0,0.0,0,0,0.0,0.0,0.0,0.0,0.0,0,0,0,0,21.9,0.0,41.3,0.0,2→3,18.0
23372,91,2,4,0,0,0.0,0,0,0.0,0.0,0.0,0.0,0.0,0,0,0,0,21.9,0.0,41.3,0.0,2→4,18.0
23372,91,3,4,1,-6851,3.93,8430,8743,39.5516,41.023,40.939,3.5973,-75.97,1031910248500,1032070009287,814982002761,815141746688,-267.7,-260.9,39.6,42.4,3→4,18.0
23572,92,1,2,0,0,0.0,0,0,0.0,0.0,0.0,0.0,0.0,0,0,0,0,-256.3,0.0,38.4,0.0,1→2,18.2
23572,92,1,3,1,-73649,42.21,5464,8835,25.6358,41.4558,41.3288,18.1576,-71.85,324621054004,324780808477,1039489019848,1039648763392,-256.3,-267.7,38.4,39.6,1→3,18.2
23572,92,1,4,1,-80464,46.12,4964,8647,23.2899,40.5736,40.4106,18.8648,-67.45,325898870324,326058623783,823838677462,823998420992,-256.3,-260.9,38.4,42.4,1→4,18.2
23572,92,2,3,0,0,0.0,0,0,0.0,0.0,0.0,0.0,0.0,0,0,0,0,21.9,0.0,42.3,0.0,2→3,18.2
23572,92,2,4,0,0,0.0,0,0,0.0,0.0,0.0,0.0,0.0,0,0,0,0,21.9,0.0,42.3,0.0,2→4,18.2
23572,92,3,4,1,-6820,3.91,8428,8740,39.5422,41.0069,40.8979,3.5562,-73.41,1044689893428,1044849654189,827761696863,827921440768,-267.7,-260.9,39.6,42.4,3→4,18.2
23772,93,1,2,0,0,0.0,0,0,0.0,0.0,0.0,0.0,0.0,0,0,0,0,-256.3,0.0,38.4,0.0,1→2,18.4
23772,93,1,3,1,-73677,42.23,5463,8836,25.6311,41.4572,41.3302,18.159,-72.62,337399819316,337559574004,1052268323055,1052428066816,-256.3,-267.7,38.4,39.6,1→3,18.4
23772,93,1,4,1,-80380,46.07,4969,8648,23.3134,40.5791,40.4161,18.8703,-68.8,338677636148,338837389760,836618030407,836777774080,-256.3,-260.9,38.4,42.4,1→4,18.4
23772,93,2,3,0,0,0.0,0,0,0.0,0.0,0.0,0.0,0.0,0,0,0,0,21.9,0.0,42.3,0.0,2→3,18.4
23772,93,2,4,0,0,0.0,0,0,0.0,0.0,0.0,0.0,0.0,0,0,0,0,21.9,0.0,42.3,0.0,2→4,18.4
23772,93,3,4,1,-6920,3.97,8424,8740,39.5234,41.0096,40.9256,3.5839,-75.36,1057467672116,1057627432799,840539524773,840699268608,-267.7,-260.9,39.6,42.4,3→4,18.4
23972,94,1,2,0,0,0.0,0,0,0.0,0.0,0.0,0.0,0.0,0,0,0,0,-256.3,0.0,38.4,0.0,1→2,18.6
23972,94,1,3,1,-73725,42.25,5460,8834,25.617,41.4511,41.3241,18.1529,-72.99,350178584628,350338339484,1065047626304,1065207370240,-256.3,-267.7,38.4,39.6,1→3,18.6
23972,94,1,4,1,-80327,46.04,4964,8641,23.2899,40.5442,40.4012,18.8554,-69.16,351456210484,351615964163,849397191930,849556935680,-256.3,-260.9,38.4,42.4,1→4,18.6
23972,94,2,3,0,0,0.0,0,0,0.0,0.0,0.0,0.0,0.0,0,0,0,0,21.9,0.0,42.3,0.0,2→3,18.6
23972,94,2,4,0,0,0.0,0,0,0.0,0.0,0.0,0.0,0.0,0,0,0,0,21.9,0.0,42.3,0.0,2→4,18.6
23972,94,3,4,1,-6855,3.93,8415,8728,39.4812,40.9535,40.8695,3.5278,-75.49,1070246673460,1070406434020,853318575374,853478319104,-267.7,-260.9,39.6,42.4,3→4,18.6
24172,95,1,2,0,0,0.0,0,0,0.0,0.0,0.0,0.0,0.0,0,0,0,0,-256.3,0.0,39.4,0.0,1→2,18.8
24172,95,1,3,1,-73590,42.18,5460,8828,25.617,41.4221,41.3131,18.1419,-74.49,362957349940,363117104429,1077826929583,1077986673152,-256.3,-267.7,39.4,39.6,1→3,18.8
24172,95,1,4,1,-80522,46.15,4962,8647,23.2805,40.5744,40.4114,18.8656,-68.53,364235403828,364395157501,862176972539,862336716288,-256.3,-260.9,39.4,42.4,1→4,18.8
24172,95,2,3,0,0,0.0,0,0,0.0,0.0,0.0,0.0,0.0,0,0,0,0,21.9,0.0,42.3,0.0,2→3,18.8
24172,95,2,4,0,0,0.0,0,0,0.0,0.0,0.0,0.0,0.0,0,0,0,0,21.9,0.0,42.3,0.0,2→4,18.8
24172,95,3,4,1,-6894,3.95,8438,8754,39.5891,41.0721,40.9631,3.6214,-74.03,1083029717556,1083189477988,866101668797,866261412352,-267.7,-260.9,39.6,42.4,3→4,18.8
24372,96,1,2,0,0,0.0,0,0,0.0,0.0,0.0,0.0,0.0,0,0,0,0,-256.3,0.0,39.4,0.0,1→2,19.0
24372,96,1,3,1,-73621,42.19,5459,8829,25.6123,41.4264,41.2994,18.1282,-72.96,375736115252,375895869849,1090606232898,1090765976576,-256.3,-267.7,39.4,39.6,1→3,19.0
24372,96,1,4,1,-80345,46.05,4968,8645,23.3087,40.5645,40.4015,18.8557,-67.86,377013653044,377173406689,874955809059,875115552768,-256.3,-260.9,39.4,42.4,1→4,19.0
24372,96,2,3,0,0,0.0,0,0,0.0,0.0,0.0,0.0,0.0,0,0,0,0,21.9,0.0,42.3,0.0,2→3,19.0
24372,96,2,4,0,0,0.0,0,0,0.0,0.0,0.0,0.0,0.0,0,0,0,0,21.9,0.0,42.3,0.0,2→4,19.0
24372,96,3,4,1,-6916,3.96,8431,8747,39.5563,41.0416,40.9576,3.6159,-75.21,1095805165620,1095964926393,878877166169,879036910080,-267.7,-260.9,39.6,42.4,3→4,19.0
24572,97,1,2,0,0,0.0,0,0,0.0,0.0,0.0,0.0,0.0,0,0,0,0,-256.3,0.0,39.4,0.0,1→2,19.2
24572,97,1,3,1,-73654,42.21,5466,8837,25.6452,41.464,41.337,18.1658,-72.55,388514932276,388674686954,3873960190,4033703936,-256.3,-267.7,39.4,39.6,1→3,19.2
24572,97,1,4,1,-80438,46.1,4966,8648,23.2993,40.5751,40.4121,18.8663,-68.03,389792506420,389952259932,887735249828,887894993408,-256.3,-260.9,39.4,42.4,1→4,19.2
24572,97,2,3,0,0,0.0,0,0,0.0,0.0,0.0,0.0,0.0,0,0,0,0,21.9,0.0,42.3,0.0,2→3,19.2
24572,97,2,4,0,0,0.0,0,0,0.0,0.0,0.0,0.0,0.0,0,0,0,0,21.9,0.0,42.3,0.0,2→4,19.2
24572,97,3,4,1,-6902,3.96,8412,8728,39.4671,40.9518,40.8678,3.5261,-75.08,9074362932,9234123490,891658040587,891817784320,-267.7,-260.9,39.6,42.4,3→4,19.2
24772,98,1,2,0,0,0.0,0,0,0.0,0.0,0.0,0.0,0.0,0,0,0,0,-256.3,0.0,39.4,0.0,1→2,19.4
24772,98,1,3,1,-73695,42.24,5462,8835,25.6264,41.454,41.327,18.1558,-72.72,401293586484,401453341201,16653152463,16812896256,-256.3,-267.7,39.4,39.6,1→3,19.4
24772,98,1,4,1,-80272,46.01,4965,8639,23.2946,40.5348,40.3718,18.826,-67.74,402571183668,402730937512,900514514518,900674258432,-256.3,-260.9,39.4,42.4,1→4,19.4
24772,98,2,3,0,0,0.0,0,0,0.0,0.0,0.0,0.0,0.0,0,0,0,0,21.9,0.0,42.3,0.0,2→3,19.4
24772,98,2,4,0,0,0.0,0,0,0.0,0.0,0.0,0.0,0.0,0,0,0,0,21.9,0.0,42.3,0.0,2→4,19.4
24772,98,3,4,1,-6918,3.96,8422,8739,39.514,41.0022,40.9182,3.5765,-75.43,21858128436,22017889265,904441855504,904601599488,-267.7,-260.9,39.6,42.4,3→4,19.4
24972,99,1,2,0,0,0.0,0,0,0.0,0.0,0.0,0.0,0.0,0,0,0,0,-256.3,0.0,39.4,0.0,1→2,19.6
24972,99,1,3,1,-73664,42.22,5469,8841,25.6593,41.4802,41.3532,18.182,-71.57,414072410676,414232165397,29432514777,29592258560,-256.3,-267.7,39.4,39.6,1→3,19.6
24972,99,1,4,1,-80430,46.1,4969,8650,23.3134,40.5874,40.4444,18.8986,-69.44,415350464564,415510218129,913294382965,913454126592,-256.3,-260.9,39.4,42.4,1→4,19.6
24972,99,2,3,0,0,0.0,0,0,0.0,0.0,0.0,0.0,0.0,0,0,0,0,21.9,0.0,42.3,0.0,2→3,19.6
24972,99,2,4,0,0,0.0,0,0,0.0,0.0,0.0,0.0,0.0,0,0,0,0,21.9,0.0,42.3,0.0,2→4,19.6
24972,99,3,4,1,-6843,3.92,8421,8734,39.5093,40.9814,40.8974,3.5557,-75.47,34750363700,34910124347,917334140612,917493884416,-267.7,-260.9,39.6,42.4,3→4,19.6
25172,100,1,2,0,0,0.0,0,0,0.0,0.0,0.0,0.0,0.0,0,0,0,0,-256.3,0.0,39.4,0.0,1→2,19.8
25172,100,1,3,1,-73694,42.24,5459,8832,25.6123,41.4421,41.3151,18.1439,-72.46,426851175988,427010930658,42211818233,42371561984,-256.3,-267.7,39.4,39.6,1→3,19.8
25172,100,1,4,1,-80380,46.07,4964,8643,23.2899,40.5533,40.3903,18.8445,-67.65,428128712756,428288466544,926073218700,926232962560,-256.3,-260.9,39.4,42.4,1→4,19.8
25172,100,2,3,0,0,0.0,0,0,0.0,0.0,0.0,0.0,0.0,0,0,0,0,21.9,0.0,42.3,0.0,2→3,19.8
25172,100,2,4,0,0,0.0,0,0,0.0,0.0,0.0,0.0,0.0,0,0,0,0,21.9,0.0,42.3,0.0,2→4,19.8
25172,100,3,4,1,-6885,3.95,8426,8741,39.5328,41.0115,40.9275,3.5858,-76.38,47412824116,47572584941,929996650011,930156393984,-267.7,-260.9,39.6,42.4,3→4,19.8
25372,101,1,2,0,0,0.0,0,0,0.0,0.0,0.0,0.0,0.0,0,0,0,0,-256.3,0.0,39.4,0.0,1→2,20.0
25372,101,1,3,1,-73597,42.18,5466,8834,25.6452,41.4517,41.3427,18.1715,-73.87,439629940788,439789695400,54991121216,55150864896,-256.3,-267.7,39.4,39.6,1→3,20.0
25372,101,1,4,1,-80387,46.07,4959,8638,23.2665,40.5313,40.3683,18.8225,-67.88,440907676212,441067430127,938852769795,939012513792,-256.3,-260.9,39.4,42.4,1→4,20.0
25372,101,2,3,0,0,0.0,0,0,0.0,0.0,0.0,0.0,0.0,0,0,0,0,21.9,0.0,42.3,0.0,2→3,20.0
25372,101,2,4,0,0,0.0,0,0,0.0,0.0,0.0,0.0,0.0,0,0,0,0,21.9,0.0,42.3,0.0,2→4,20.0
25372,101,3,4,1,-6940,3.98,8415,8732,39.4812,40.9717,40.8877,3.546,-75.77,60193318452,60353078944,942777193810,942936937472,-267.7,-260.9,39.6,42.4,3→4,20.0
25572,102,1,2,0,0,0.0,0,0,0.0,0.0,0.0,0.0,0.0,0,0,0,0,-256.3,0.0,39.4,0.0,1→2,20.2
25572,102,1,3,1,-73739,42.26,5466,8841,25.6452,41.4846,41.3576,18.1864,-71.69,452408705588,452568460104,67770424225,67930167808,-256.3,-267.7,39.4,39.6,1→3,20.2
25572,102,1,4,1,-80411,46.09,4964,8644,23.2899,40.5599,40.6569,19.1111,-90.63,453686759476,453846512942,951632440782,951792184320,-256.3,-260.9,39.4,42.4,1→4,20.2
25572,102,2,3,0,0,0.0,0,0,0.0,0.0,0.0,0.0,0.0,0,0,0,0,21.9,0.0,42.3,0.0,2→3,20.2
25572,102,2,4,0,0,0.0,0,0,0.0,0.0,0.0,0.0,0.0,0,0,0,0,21.9,0.0,42.3,0.0,2→4,20.2
25572,102,3,4,1,-6879,3.94,8420,8734,39.5047,40.9821,40.8981,3.5564,-75.5,72971730484,73131491143,955555655349,955715399168,-267.7,-260.9,39.6,42.4,3→4,20.2
25772,103,1,2,0,0,0.0,0,0,0.0,0.0,0.0,0.0,0.0,0,0,0,0,-256.3,0.0,39.4,0.0,1→2,20.4
25772,103,1,3,1,-73731,42.26,5462,8837,25.6264,41.4618,41.3528,18.1816,-73.34,465187470388,465347225307,80549727237,80709471232,-256.3,-267.7,39.4,39.6,1→3,20.4
25772,103,1,4,1,-80395,46.08,4961,8641,23.2758,40.5424,40.3994,18.8536,-69.94,466465525812,466625279302,964411794864,964571538432,-256.3,-260.9,39.4,42.4,1→4,20.4
25772,103,2,3,0,0,0.0,0,0,0.0,0.0,0.0,0.0,0.0,0,0,0,0,21.9,0.0,42.3,0.0,2→3,20.4
25772,103,2,4,0,0,0.0,0,0,0.0,0.0,0.0,0.0,0.0,0,0,0,0,21.9,0.0,42.3,0.0,2→4,20.4
25772,103,3,4,1,-6928,3.97,8428,8745,39.5422,41.0325,40.9235,3.5818,-73.76,85751933492,85911694302,968335907887,968495651840,-267.7,-260.9,39.6,42.4,3→4,20.4
25972,104,1,2,0,0,0.0,0,0,0.0,0.0,0.0,0.0,0.0,0,0,0,0,-256.3,0.0,39.4,0.0,1→2,20.6
25972,104,1,3,1,-73711,42.25,5463,8837,25.6311,41.4621,41.3351,18.1639,-72.23,477966235188,478125989945,93329030313,93488774144,-256.3,-267.7,39.4,39.6,1→3,20.6
25972,104,1,4,1,-80462,46.11,4960,8643,23.2711,40.5544,40.3914,18.8456,-68.03,479244180532,479403933982,977191037399,977350780928,-256.3,-260.9,39.4,42.4,1→4,20.6
25972,104,2,3,0,0,0.0,0,0,0.0,0.0,0.0,0.0,0.0,0,0,0,0,21.9,0.0,42.3,0.0,2→3,20.6
25972,104,2,4,0,0,0.0,0,0,0.0,0.0,0.0,0.0,0.0,0,0,0,0,21.9,0.0,42.3,0.0,2→4,20.6
25972,104,3,4,1,-6982,4.0,8424,8743,39.5234,41.023,40.939,3.5973,-75.49,98528598068,98688358467,981112622017,981272365568,-267.7,-260.9,39.6,42.4,3→4,20.6
26172,105,1,2,0,0,0.0,0,0,0.0,0.0,0.0,0.0,0.0,0,0,0,0,-256.3,0.0,39.4,0.0,1→2,20.8
26172,105,1,3,1,-73623,42.19,5464,8834,25.6358,41.4503,41.3233,18.1521,-72.1,490744999988,490904754564,106108333409,106268077056,-256.3,-267.7,39.4,39.6,1→3,20.8
26172,105,1,4,1,-80536,46.16,4963,8649,23.2852,40.5821,40.4391,18.8933,-69.18,492022434356,492182188227,989969879095,990129623040,-256.3,-260.9,39.4,42.4,1→4,20.8
26172,105,2,3,0,0,0.0,0,0,0.0,0.0,0.0,0.0,0.0,0,0,0,0,21.9,0.0,42.3,0.0,2→3,20.8
26172,105,2,4,0,0,0.0,0,0,0.0,0.0,0.0,0.0,0.0,0,0,0,0,21.9,0.0,42.3,0.0,2→4,20.8
26172,105,3,4,1,-6915,3.96,8422,8738,39.514,40.9992,40.8902,3.5485,-74.85,111308478004,111468238468,993892551548,994052295168,-267.7,-260.9,39.6,42.4,3→4,20.8
26372,106,1,2,0,0,0.0,0,0,0.0,0.0,0.0,0.0,0.0,0,0,0,0,-256.3,0.0,39.4,0.0,1→2,21.0
26372,106,1,3,1,-73691,42.23,5460,8833,25.617,41.4461,41.3191,18.1479,-72.13,503523764788,503683519629,118887636560,119047380480,-256.3,-267.7,39.4,39.6,1→3,21.0
26372,106,1,4,1,-80621,46.21,4959,8649,23.2665,40.5816,40.4186,18.8728,-68.45,504801818676,504961572316,1002749851414,1002909595136,-256.3,-260.9,39.4,42.4,1→4,21.0
26372,106,2,3,0,0,0.0,0,0,0.0,0.0,0.0,0.0,0.0,0,0,0,0,21.9,0.0,42.3,0.0,2→3,21.0
26372,106,2,4,0,0,0.0,0,0,0.0,0.0,0.0,0.0,0.0,0,0,0,0,21.9,0.0,42.3,0.0,2→4,21.0
26372,106,3,4,1,-7007,4.02,8423,8744,39.5187,41.026,40.942,3.6003,-75.72,124088290868,124248051358,1006672414053,1006832157696,-267.7,-260.9,39.6,42.4,3→4,21.0
26572,107,1,2,0,0,0.0,0,0,0.0,0.0,0.0,0.0,0.0,0,0,0,0,-256.3,0.0,39.4,0.0,1→2,21.2
26572,107,1,3,1,-73691,42.23,5465,8838,25.6405,41.4672,41.3242,18.153,-70.76,516302528564,516462283121,131666938741,131826682368,-256.3,-267.7,39.4,40.6,1→3,21.2
26572,107,1,4,1,-80525,46.15,4958,8644,23.2618,40.5563,40.3933,18.8475,-68.25,517580474420,517740228296,1015529095208,1015688839168,-256.3,-260.9,39.4,42.4,1→4,21.2
26572,107,2,3,0,0,0.0,0,0,0.0,0.0,0.0,0.0,0.0,0,0,0,0,21.9,0.0,42.3,0.0,2→3,21.2
26572,107,2,4,0,0,0.0,0,0,0.0,0.0,0.0,0.0,0.0,0,0,0,0,21.9,0.0,42.3,0.0,2→4,21.2
26572,107,3,4,1,-6901,3.96,8417,8732,39.4906,40.9727,40.8887,3.547,-75.7,136869064756,137028825241,1019453237597,1019612981248,-267.7,-260.9,40.6,42.4,3→4,21.2
26772,108,1,2,0,0,0.0,0,0,0.0,0.0,0.0,0.0,0.0,0,0,0,0,-256.3,0.0,39.4,0.0,1→2,21.4
26772,108,1,3,1,-73787,42.29,5463,8841,25.6311,41.4808,41.3718,18.2006,-73.72,529081293876,529241048613,144446242494,144605986304,-256.3,-267.7,39.4,40.6,1→3,21.4
26772,108,1,4,1,-80536,46.16,4965,8652,23.2946,40.5938,40.4148,18.869,-66.89,530359110196,530518863735,1028308319112,1028468062720,-256.3,-260.9,39.4,42.4,1→4,21.4
26772,108,2,3,0,0,0.0,0,0,0.0,0.0,0.0,0.0,0.0,0,0,0,0,21.9,0.0,42.3,0.0,2→3,21.4
26772,108,2,4,0,0,0.0,0,0,0.0,0.0,0.0,0.0,0.0,0,0,0,0,21.9,0.0,42.3,0.0,2→4,21.4
26772,108,3,4,1,-7014,4.02,8417,8738,39.4906,40.9993,40.9153,3.5736,-75.85,149647466548,149807227011,1032231689076,1032391432704,-267.7,-260.9,40.6,42.4,3→4,21.4
26972,109,1,2,0,0,0.0,0,0,0.0,0.0,0.0,0.0,0.0,0,0,0,0,-256.3,0.0,39.4,0.0,1→2,21.6
26972,109,1,3,1,-73665,42.22,5461,8833,25.6217,41.4452,41.3612,18.19,-75.71,541860058164,542019813033,157225545270,157385289216,-256.3,-267.7,39.4,40.6,1→3,21.6
26972,109,1,4,1,-80552,46.17,4967,8654,23.304,40.6043,40.4413,18.8955,-68.09,543137595444,543297349082,1041087392552,1041247136256,-256.3,-260.9,39.4,42.4,1→4,21.6
26972,109,2,3,0,0,0.0,0,0,0.0,0.0,0.0,0.0,0.0,0,0,0,0,21.9,0.0,42.3,0.0,2→3,21.6
26972,109,2,4,0,0,0.0,0,0,0.0,0.0,0.0,0.0,0.0,0,0,0,0,21.9,0.0,42.3,0.0,2→4,21.6
26972,109,3,4,1,-6937,3.98,8420,8738,39.5047,40.9969,40.9129,3.5712,-76.01,162425537588,162585298015,1045009809822,1045169553408,-267.7,-260.9,40.6,42.4,3→4,21.6
27172,110,1,2,0,0,0.0,0,0,0.0,0.0,0.0,0.0,0.0,0,0,0,0,-256.3,0.0,39.4,0.0,1→2,21.8
27172,110,1,3,1,-73770,42.28,5462,8838,25.6264,41.4701,41.3431,18.1719,-72.76,554638822452,554798576904,170004848088,170164591616,-256.3,-267.7,39.4,40.6,1→3,21.8
27172,110,1,4,1,-80474,46.12,4962,8646,23.2805,40.5664,40.4034,18.8576,-68.48,555916557876,556076311523,1053866943254,1054026686976,-256.3,-260.9,39.4,43.4,1→4,21.8
27172,110,2,3,0,0,0.0,0,0,0.0,0.0,0.0,0.0,0.0,0,0,0,0,21.9,0.0,42.3,0.0,2→3,21.8
27172,110,2,4,0,0,0.0,0,0,0.0,0.0,0.0,0.0,0.0,0,0,0,0,21.9,0.0,42.3,0.0,2→4,21.8
27172,110,3,4,1,-6974,4.0,8430,8749,39.5516,41.0517,40.9427,3.601,-74.81,175207298612,175367058964,1057791620605,1057951364096,-267.7,-260.9,40.6,43.4,3→4,21.8
27372,111,1,2,0,0,0.0,0,0,0.0,0.0,0.0,0.0,0.0,0,0,0,0,-256.3,0.0,39.4,0.0,1→2,22.0
27372,111,1,3,1,-73666,42.22,5461,8833,25.6217,41.4454,41.3184,18.1472,-72.66,567417586740,567577341235,182784150956,182943894528,-256.3,-267.7,39.4,40.6,1→3,22.0
27372,111,1,4,1,-80512,46.14,4961,8647,23.2758,40.5699,40.4069,18.8611,-67.9,568695124020,568854877618,1066646097733,1066805841408,-256.3,-260.9,39.4,43.4,1→4,22.0
27372,111,2,3,0,0,0.0,0,0,0.0,0.0,0.0,0.0,0.0,0,0,0,0,21.9,0.0,42.3,0.0,2→3,22.0
27372,111,2,4,0,0,0.0,0,0,0.0,0.0,0.0,0.0,0.0,0,0,0,0,21.9,0.0,42.3,0.0,2→4,22.0
27372,111,3,4,1,-6888,3.95,8419,8734,39.5,40.9817,40.8727,3.531,-74.91,187983434292,188143195043,1070567806040,1070727549952,-267.7,-260.9,40.6,43.4,3→4,22.0
27572,112,1,2,0,0,0.0,0,0,0.0,0.0,0.0,0.0,0.0,0,0,0,0,-256.3,0.0,39.4,0.0,1→2,22.2
27572,112,1,3,1,-73730,42.26,5460,8835,25.617,41.4545,41.3275,18.1563,-72.69,580196351028,580356105520,195563453869,195723197440,-256.3,-267.7,39.4,40.6,1→3,22.2
27572,112,1,4,1,-80539,46.16,4959,8646,23.2665,40.5663,40.4033,18.8575,-67.97,581474085940,581633839394,1079425648081,1079585391616,-256.3,-260.9,39.4,43.4,1→4,22.2
27572,112,2,3,0,0,0.0,0,0,0.0,0.0,0.0,0.0,0.0,0,0,0,0,21.9,0.0,42.3,0.0,2→3,22.2
27572,112,2,4,0,0,0.0,0,0,0.0,0.0,0.0,0.0,0.0,0,0,0,0,21.9,0.0,42.3,0.0,2→4,22.2
27572,112,3,4,1,-6975,4.0,8419,8738,39.5,41.0003,40.8913,3.5496,-74.99,200895003188,201054763812,1083479425239,1083639169024,-267.7,-260.9,40.6,43.4,3→4,22.2
27772,113,1,2,0,0,0.0,0,0,0.0,0.0,0.0,0.0,0.0,0,0,0,0,-256.3,0.0,39.4,0.0,1→2,22.4
27772,113,1,3,1,-73638,42.2,5459,8830,25.6123,41.43,41.303,18.1318,-72.33,592975115316,593134869750,208342756837,208502500352,-256.3,-267.7,39.4,40.6,1→3,22.4
27772,113,1,4,1,-80512,46.14,4955,8640,23.2477,40.5394,40.3764,18.8306,-67.35,594252652084,594412405847,1092204802707,1092364546560,-256.3,-260.9,39.4,43.4,1→4,22.4
27772,113,2,3,0,0,0.0,0,0,0.0,0.0,0.0,0.0,0.0,0,0,0,0,21.9,0.0,42.3,0.0,2→3,22.4
27772,113,2,4,0,0,0.0,0,0,0.0,0.0,0.0,0.0,0.0,0,0,0,0,21.9,0.0,42.3,0.0,2→4,22.4
27772,113,3,4,1,-6939,3.98,8419,8737,39.5,40.9926,40.8836,3.5419,-74.33,213544003124,213703763586,1096128474489,1096288218112,-267.7,-260.9,40.6,43.4,3→4,22.4
27972,114,1,2,0,0,0.0,0,0,0.0,0.0,0.0,0.0,0.0,0,0,0,0,-256.3,0.0,39.4,0.0,1→2,22.6
27972,114,1,3,1,-73748,42.27,5462,8837,25.6264,41.4654,41.3384,18.1672,-71.63,605753879092,605913633943,221122059337,221281803264,-256.3,-267.7,39.4,40.6,1→3,22.6
27972,114,1,4,1,-80538,46.16,4963,8650,23.2852,40.5848,40.4218,18.876,-67.35,607031801908,607191555393,5472913338,5632656896,-256.3,-260.9,39.4,43.4,1→4,22.6
27972,114,2,3,0,0,0.0,0,0,0.0,0.0,0.0,0.0,0.0,0,0,0,0,21.9,0.0,42.3,0.0,2→3,22.6
27972,114,2,4,0,0,0.0,0,0,0.0,0.0,0.0,0.0,0.0,0,0,0,0,21.9,0.0,42.3,0.0,2→4,22.6
27972,114,3,4,1,-6961,3.99,8428,8747,39.5422,41.0396,40.9306,3.5889,-74.35,226323553844,226483314664,9396447269,9556191232,-267.7,-260.9,40.6,43.4,3→4,22.6
28172,115,1,2,0,0,0.0,0,0,0.0,0.0,0.0,0.0,0.0,0,0,0,0,-256.3,0.0,39.4,0.0,1→2,22.8
28172,115,1,3,1,-73731,42.26,5463,8838,25.6311,41.4688,41.3418,18.1706,-72.01,618532643380,618692398082,233901362401,234061106176,-256.3,-267.7,39.4,40.6,1→3,22.8
28172,115,1,4,1,-80547,46.16,4960,8647,23.2711,40.5727,40.4097,18.8639,-67.42,619810698804,619970452457,18252398860,18412142592,-256.3,-260.9,39.4,43.4,1→4,22.8
28172,115,2,3,0,0,0.0,0,0,0.0,0.0,0.0,0.0,0.0,0,0,0,0,21.9,0.0,42.3,0.0,2→3,22.8
28172,115,2,4,0,0,0.0,0,0,0.0,0.0,0.0,0.0,0.0,0,0,0,0,21.9,0.0,42.3,0.0,2→4,22.8
28172,115,3,4,1,-6974,4.0,8426,8745,39.5328,41.033,40.924,3.5823,-74.54,239102259252,239262019870,22175202539,22334946304,-267.7,-260.9,40.6,43.4,3→4,22.8
28372,116,1,2,0,0,0.0,0,0,0.0,0.0,0.0,0.0,0.0,0,0,0,0,-256.3,0.0,40.4,0.0,1→2,23.0
28372,116,1,3,1,-73729,42.26,5462,8837,25.6264,41.4613,41.3343,18.1631,-72.59,631311407156,631471161674,246680664982,246840408576,-256.3,-267.7,40.4,40.6,1→3,23.0
28372,116,1,4,1,-80641,46.22,4959,8650,23.2665,40.5882,40.4452,18.8994,-69.62,632589329972,632749083740,31031618711,31191362560,-256.3,-260.9,40.4,42.4,1→4,23.0
28372,116,2,3,0,0,0.0,0,0,0.0,0.0,0.0,0.0,0.0,0,0,0,0,21.9,0.0,42.3,0.0,2→3,23.0
28372,116,2,4,0,0,0.0,0,0,0.0,0.0,0.0,0.0,0.0,0,0,0,0,21.9,0.0,42.3,0.0,2→4,23.0
28372,116,3,4,1,-6922,3.97,8413,8730,39.4718,40.9608,40.8768,3.5351,-75.14,251882265140,252042025526,34955258297,35115001856,-267.7,-260.9,40.6,42.4,3→4,23.0
28572,117,1,2,0,0,0.0,0,0,0.0,0.0,0.0,0.0,0.0,0,0,0,0,-256.3,0.0,40.4,0.0,1→2,23.2
28572,117,1,3,1,-73690,42.23,5461,8834,25.6217,41.4506,41.3236,18.1524,-72.39,644090170932,644249925736,259459967607,259619711488,-256.3,-267.7,40.4,40.6,1→3,23.2
28572,117,1,4,1,-80547,46.16,4958,8645,23.2618,40.5633,40.4003,18.8545,-67.68,645368116276,645527870086,43810993771,43970737664,-256.3,-260.9,40.4,42.4,1→4,23.2
28572,117,2,3,0,0,0.0,0,0,0.0,0.0,0.0,0.0,0.0,0,0,0,0,21.9,0.0,42.3,0.0,2→3,23.2
28572,117,2,4,0,0,0.0,0,0,0.0,0.0,0.0,0.0,0.0,0,0,0,0,21.9,0.0,42.3,0.0,2→4,23.2
28572,117,3,4,1,-6977,4.0,8424,8743,39.5234,41.0219,40.9379,3.5962,-75.69,264662621236,264822381896,47735664316,47895408128,-267.7,-260.9,40.6,42.4,3→4,23.2
28772,118,1,2,0,0,0.0,0,0,0.0,0.0,0.0,0.0,0.0,0,0,0,0,-256.3,0.0,40.4,0.0,1→2,23.4
28772,118,1,3,1,-73698,42.24,5465,8838,25.6405,41.4687,41.3417,18.1705,-72.42,656868875828,657028630352,272239211414,272398955008,-256.3,-267.7,40.4,40.6,1→3,23.4
28772,118,1,4,1,-80640,46.22,4953,8644,23.2383,40.5598,40.3968,18.851,-68.29,658146988596,658306742363,56590454924,56750198784,-256.3,-260.9,40.4,42.4,1→4,23.4
28772,118,2,3,0,0,0.0,0,0,0.0,0.0,0.0,0.0,0.0,0,0,0,0,21.9,0.0,42.3,0.0,2→3,23.4
28772,118,2,4,0,0,0.0,0,0,0.0,0.0,0.0,0.0,0.0,0,0,0,0,21.9,0.0,42.3,0.0,2→4,23.4
28772,118,3,4,1,-7004,4.01,8423,8744,39.5187,41.0253,40.9413,3.5996,-75.24,277439470132,277599230533,60512563134,60672306688,-267.7,-260.9,40.6,42.4,3→4,23.4
28972,119,1,2,0,0,0.0,0,0,0.0,0.0,0.0,0.0,0.0,0,0,0,0,-256.3,0.0,39.4,0.0,1→2,23.6
28972,119,1,3,1,-73734,42.26,5463,8838,25.6311,41.4694,41.3424,18.1712,-72.23,669647698484,669807453187,285018573024,285178316800,-256.3,-267.7,39.4,40.6,1→3,23.6
28972,119,1,4,1,-80522,46.15,4961,8646,23.2758,40.5697,40.3907,18.8449,-66.83,670925643828,671085397506,69369699060,69529442816,-256.3,-260.9,39.4,43.4,1→4,23.6
28972,119,2,3,0,0,0.0,0,0,0.0,0.0,0.0,0.0,0.0,0,0,0,0,21.9,0.0,42.3,0.0,2→3,23.6
28972,119,2,4,0,0,0.0,0,0,0.0,0.0,0.0,0.0,0.0,0,0,0,0,21.9,0.0,42.3,0.0,2→4,23.6
28972,119,3,4,1,-7000,4.01,8416,8736,39.4859,40.9893,40.8803,3.5386,-74.77,290219860020,290379620639,73293002965,73452746752,-267.7,-260.9,40.6,43.4,3→4,23.6
29172,120,1,2,0,0,0.0,0,0,0.0,0.0,0.0,0.0,0.0,0,0,0,0,-256.3,0.0,39.4,0.0,1→2,23.8
29172,120,1,3,1,-73745,42.26,5461,8836,25.6217,41.4601,41.3171,18.1459,-70.27,682426462260,682586217101,297797875793,297957619712,-256.3,-267.7,39.4,40.6,1→3,23.8
29172,120,1,4,1,-80606,46.2,4955,8645,23.2477,40.5619,40.3989,18.8531,-67.1,683704517684,683864271187,82149161880,82308905472,-256.3,-260.9,39.4,43.4,1→4,23.8
29172,120,2,3,0,0,0.0,0,0,0.0,0.0,0.0,0.0,0.0,0,0,0,0,21.9,0.0,42.3,0.0,2→3,23.8
29172,120,2,4,0,0,0.0,0,0,0.0,0.0,0.0,0.0,0.0,0,0,0,0,21.9,0.0,42.3,0.0,2→4,23.8
29172,120,3,4,1,-6996,4.01,8422,8742,39.514,41.0166,40.9326,3.5909,-75.68,302997436980,303157197814,86070629898,86230373888,-267.7,-260.9,40.6,43.4,3→4,23.8
29372,121,1,2,0,0,0.0,0,0,0.0,0.0,0.0,0.0,0.0,0,0,0,0,-256.3,0.0,39.4,0.0,1→2,24.0
29372,121,1,3,1,-73797,42.29,5466,8844,25.6452,41.4947,41.3677,18.1965,-72.46,695205225524,695364979951,310577178105,310736921600,-256.3,-267.7,39.4,40.6,1→3,24.0
29372,121,1,4,1,-80578,46.18,4955,8644,23.2477,40.5559,40.3929,18.8471,-68.62,696483170868,696642924651,94928404096,95088147968,-256.3,-260.9,39.4,43.4,1→4,24.0
29372,121,2,3,0,0,0.0,0,0,0.0,0.0,0.0,0.0,0.0,0,0,0,0,21.9,0.0,42.3,0.0,2→3,24.0
29372,121,2,4,0,0,0.0,0,0,0.0,0.0,0.0,0.0,0.0,0,0,0,0,21.9,0.0,42.3,0.0,2→4,24.0
29372,121,3,4,1,-7031,4.03,8417,8739,39.4906,41.003,40.894,3.5523,-74.15,315779663924,315939424400,98852906855,99012650496,-267.7,-260.9,40.6,43.4,3→4,24.0
29572,122,1,2,0,0,0.0,0,0,0.0,0.0,0.0,0.0,0.0,0,0,0,0,-256.3,0.0,40.4,0.0,1→2,24.2
29572,122,1,3,1,-73767,42.28,5455,8832,25.5936,41.439,41.33,18.1588,-73.13,707983989300,708143743774,323356480949,323516224512,-256.3,-267.7,40.4,40.6,1→3,24.2
29572,122,1,4,1,-80554,46.17,4954,8641,23.243,40.546,40.383,18.8372,-67.72,709261614644,709421368132,107707436965,107867180544,-256.3,-260.9,40.4,43.4,1→4,24.2
29572,122,2,3,0,0,0.0,0,0,0.0,0.0,0.0,0.0,0.0,0,0,0,0,21.9,0.0,42.3,0.0,2→3,24.2
29572,122,2,4,0,0,0.0,0,0,0.0,0.0,0.0,0.0,0.0,0,0,0,0,21.9,0.0,42.3,0.0,2→4,24.2
29572,122,3,4,1,-6974,4.0,8417,8736,39.4906,40.9907,40.8817,3.54,-74.41,328559136820,328718897461,111632429762,111792173568,-267.7,-260.9,40.6,43.4,3→4,24.2
29772,123,1,2,0,0,0.0,0,0,0.0,0.0,0.0,0.0,0.0,0,0,0,0,-256.3,0.0,40.4,0.0,1→2,24.4
29772,123,1,3,1,-73876,42.34,5454,8836,25.5889,41.4577,41.3307,18.1595,-72.62,720762752564,720922507031,336135783354,336295526912,-256.3,-267.7,40.4,40.6,1→3,24.4
29772,123,1,4,1,-80638,46.22,4954,8645,23.243,40.5617,40.3987,18.8529,-68.68,722041018932,722200772535,120487430449,120647174144,-256.3,-260.9,40.4,43.4,1→4,24.4
29772,123,2,3,0,0,0.0,0,0,0.0,0.0,0.0,0.0,0.0,0,0,0,0,21.9,0.0,42.3,0.0,2→3,24.4
29772,123,2,4,0,0,0.0,0,0,0.0,0.0,0.0,0.0,0.0,0,0,0,0,21.9,0.0,42.3,0.0,2→4,24.4
29772,123,3,4,1,-7007,4.02,8424,8745,39.5234,41.0307,40.9467,3.605,-76.46,341335308340,341495069152,124408651301,124568395264,-267.7,-260.9,40.6,43.4,3→4,24.4
29972,124,1,2,0,0,0.0,0,0,0.0,0.0,0.0,0.0,0.0,0,0,0,0,-256.3,0.0,40.4,0.0,1→2,24.6
29972,124,1,3,1,-73796,42.29,5456,8834,25.5983,41.4475,41.3635,18.1923,-75.39,733541515828,733701270230,348915085822,349074829312,-256.3,-267.7,40.4,40.6,1→3,24.6
29972,124,1,4,1,-80642,46.22,4951,8642,23.2289,40.5509,40.3879,18.8421,-67.84,734818950196,734978703897,133265950922,133425694720,-256.3,-260.9,40.4,43.4,1→4,24.6
29972,124,2,3,0,0,0.0,0,0,0.0,0.0,0.0,0.0,0.0,0,0,0,0,21.9,0.0,42.3,0.0,2→3,24.6
29972,124,2,4,0,0,0.0,0,0,0.0,0.0,0.0,0.0,0.0,0,0,0,0,21.9,0.0,42.3,0.0,2→4,24.6
29972,124,3,4,1,-6961,3.99,8419,8738,39.5,40.9973,40.9133,3.5716,-76.75,354115186228,354274946660,137188579223,137348322816,-267.7,-260.9,40.6,43.4,3→4,24.6
30172,125,1,2,0,0,0.0,0,0,0.0,0.0,0.0,0.0,0.0,0,0,0,0,-256.3,0.0,40.4,0.0,1→2,24.8
30172,125,1,3,1,-73844,42.32,5460,8840,25.617,41.4766,41.3496,18.1784,-72.66,746320279604,746480034386,361694388874,361854132736,-256.3,-267.7,40.4,40.6,1→3,24.8
30172,125,1,4,1,-80673,46.24,4952,8645,23.2336,40.5622,40.3992,18.8534,-67.57,747597713460,747757467171,146045303490,146205047296,-256.3,-260.9,40.4,43.4,1→4,24.8
30172,125,2,3,0,0,0.0,0,0,0.0,0.0,0.0,0.0,0.0,0,0,0,0,21.9,0.0,42.3,0.0,2→3,24.8
30172,125,2,4,0,0,0.0,0,0,0.0,0.0,0.0,0.0,0.0,0,0,0,0,21.9,0.0,42.3,0.0,2→4,24.8
30172,125,3,4,1,-7006,4.02,8424,8744,39.5234,41.0281,40.9441,3.6024,-75.01,366897245748,367057006297,149970688811,150130432512,-267.7,-260.9,40.6,43.4,3→4,24.8
30372,126,1,2,0,0,0.0,0,0,0.0,0.0,0.0,0.0,0.0,0,0,0,0,-256.3,0.0,40.4,0.0,1→2,25.0
30372,126,1,3,1,-73855,42.33,5456,8837,25.5983,41.4626,41.3536,18.1824,-73.06,759099041844,759258796437,374473690432,374633434112,-256.3,-267.7,40.4,40.6,1→3,25.0
30372,126,1,4,1,-80695,46.25,4956,8649,23.2524,40.5834,40.4204,18.8746,-68.24,760376580148,760536333783,158824759573,158984503296,-256.3,-260.9,40.4,43.4,1→4,25.0
30372,126,2,3,0,0,0.0,0,0,0.0,0.0,0.0,0.0,0.0,0,0,0,0,21.9,0.0,42.3,0.0,2→3,25.0
30372,126,2,4,0,0,0.0,0,0,0.0,0.0,0.0,0.0,0.0,0,0,0,0,21.9,0.0,42.3,0.0,2→4,25.0
30372,126,3,4,1,-6999,4.01,8424,8744,39.5234,41.0266,40.9426,3.6009,-75.37,379673173556,379832934231,162746666669,162906410496,-267.7,-260.9,40.6,43.4,3→4,25.0
30572,127,1,2,0,0,0.0,0,0,0.0,0.0,0.0,0.0,0.0,0,0,0,0,-256.3,0.0,40.4,0.0,1→2,25.2
30572,127,1,3,1,-73856,42.33,5458,8839,25.6076,41.4722,41.3632,18.192,-73.23,771877805620,772037560496,387252993577,387412737536,-256.3,-267.7,40.4,40.6,1→3,25.2
30572,127,1,4,1,-80624,46.21,4954,8644,23.243,40.5587,40.3957,18.8499,-67.72,773155342900,773315096386,171604111782,171763855360,-256.3,-260.9,40.4,43.4,1→4,25.2
30572,127,2,3,0,0,0.0,0,0,0.0,0.0,0.0,0.0,0.0,0,0,0,0,21.9,0.0,42.3,0.0,2→3,25.2
30572,127,2,4,0,0,0.0,0,0,0.0,0.0,0.0,0.0,0.0,0,0,0,0,21.9,0.0,42.3,0.0,2→4,25.2
30572,127,3,4,1,-7025,4.03,8422,8743,39.514,41.0228,40.9388,3.5971,-75.38,392453742644,392613503396,175527285852,175687029760,-267.7,-260.9,40.6,43.4,3→4,25.2
30772,128,1,2,0,0,0.0,0,0,0.0,0.0,0.0,0.0,0.0,0,0,0,0,-256.3,0.0,39.4,0.0,1→2,25.4
30772,128,1,3,1,-73894,42.35,5454,8836,25.5889,41.4592,41.3322,18.161,-72.42,784656568884,784816323476,400032296252,400192039936,-256.3,-267.7,39.4,40.6,1→3,25.4
30772,128,1,4,1,-80679,46.24,4950,8643,23.2242,40.5518,40.3888,18.843,-67.44,785934106676,786093860453,184383465083,184543208960,-256.3,-260.9,39.4,43.4,1→4,25.4
30772,128,2,3,0,0,0.0,0,0,0.0,0.0,0.0,0.0,0.0,0,0,0,0,21.9,0.0,42.3,0.0,2→3,25.4
30772,128,2,4,0,0,0.0,0,0,0.0,0.0,0.0,0.0,0.0,0,0,0,0,21.9,0.0,42.3,0.0,2→4,25.4
30772,128,3,4,1,-6994,4.01,8409,8729,39.453,40.9575,40.8735,3.5318,-75.41,405235578932,405395339731,188309172244,188468916224,-267.7,-260.9,40.6,43.4,3→4,25.4
30972,129,1,2,0,0,0.0,0,0,0.0,0.0,0.0,0.0,0.0,0,0,0,0,-256.3,0.0,39.4,0.0,1→2,25.6
30972,129,1,3,1,-73774,42.28,5456,8833,25.5983,41.4452,41.3182,18.147,-71.85,797435332148,797595086931,412811598978,412971342848,-256.3,-267.7,39.4,40.6,1→3,25.6
30972,129,1,4,1,-80799,46.31,4952,8650,23.2336,40.5869,40.4239,18.8781,-68.36,798713254452,798873007932,197163202472,197322946048,-256.3,-260.9,39.4,43.4,1→4,25.6
30972,129,2,3,0,0,0.0,0,0,0.0,0.0,0.0,0.0,0.0,0,0,0,0,21.9,0.0,42.3,0.0,2→3,25.6
30972,129,2,4,0,0,0.0,0,0,0.0,0.0,0.0,0.0,0.0,0,0,0,0,21.9,0.0,42.3,0.0,2→4,25.6
30972,129,3,4,1,-7054,4.04,8424,8747,39.5234,41.0408,40.9568,3.6151,-75.29,418012474932,418172235277,201086118392,201245861888,-267.7,-260.9,40.6,43.4,3→4,25.6
31172,130,1,2,0,0,0.0,0,0,0.0,0.0,0.0,0.0,0.0,0,0,0,0,-256.3,0.0,39.4,0.0,1→2,25.8
31172,130,1,3,1,-73741,42.26,5460,8836,25.617,41.4568,41.3298,18.1586,-71.85,810214094900,810373849333,425590901224,425750644736,-256.3,-267.7,39.4,40.6,1→3,25.8
31172,130,1,4,1,-80648,46.22,4950,8641,23.2242,40.5451,40.3821,18.8363,-68.05,811492148788,811651902443,209942686453,210102430208,-256.3,-260.9,39.4,43.4,1→4,25.8
31172,130,2,3,0,0,0.0,0,0,0.0,0.0,0.0,0.0,0.0,0,0,0,0,21.9,0.0,42.3,0.0,2→3,25.8
31172,130,2,4,0,0,0.0,0,0,0.0,0.0,0.0,0.0,0.0,0,0,0,0,21.9,0.0,42.3,0.0,2→4,25.8
31172,130,3,4,1,-7047,4.04,8415,8738,39.4812,40.997,40.913,3.5713,-75.74,430790699060,430950459419,213864392664,214024136192,-267.7,-260.9,40.6,43.4,3→4,25.8
31372,131,1,2,0,0,0.0,0,0,0.0,0.0,0.0,0.0,0.0,0,0,0,0,-256.3,0.0,40.4,0.0,1→2,26.0
31372,131,1,3,1,-73857,42.33,5456,8837,25.5983,41.463,41.32,18.1488,-70.94,822992857652,823152612207,438370203494,438529947136,-256.3,-267.7,40.4,40.6,1→3,26.0
31372,131,1,4,1,-80777,46.3,4951,8648,23.2289,40.5775,40.4145,18.8687,-68.75,824270674484,824430428261,222721801853,222881545728,-256.3,-260.9,40.4,43.4,1→4,26.0
31372,131,2,3,0,0,0.0,0,0,0.0,0.0,0.0,0.0,0.0,0,0,0,0,21.9,0.0,42.3,0.0,2→3,26.0
31372,131,2,4,0,0,0.0,0,0,0.0,0.0,0.0,0.0,0.0,0,0,0,0,21.9,0.0,42.3,0.0,2→4,26.0
31372,131,3,4,1,-6968,3.99,8427,8745,39.5375,41.034,40.95,3.6083,-76.31,443572128308,443731888662,226645872116,226805615616,-267.7,-260.9,40.6,43.4,3→4,26.0
31572,132,1,2,0,0,0.0,0,0,0.0,0.0,0.0,0.0,0.0,0,0,0,0,-256.3,0.0,40.4,0.0,1→2,26.2
31572,132,1,3,1,-73822,42.31,5455,8834,25.5936,41.4484,41.3644,18.1932,-76.17,835771620916,835931375556,451149506318,451309250048,-256.3,-267.7,40.4,40.6,1→3,26.2
31572,132,1,4,1,-80828,46.32,4954,8654,23.243,40.6049,40.4419,18.8961,-67.58,837049674292,837209428116,235501391445,235661135360,-256.3,-260.9,40.4,43.4,1→4,26.2
31572,132,2,3,0,0,0.0,0,0,0.0,0.0,0.0,0.0,0.0,0,0,0,0,21.9,0.0,42.3,0.0,2→3,26.2
31572,132,2,4,0,0,0.0,0,0,0.0,0.0,0.0,0.0,0.0,0,0,0,0,21.9,0.0,42.3,0.0,2→4,26.2
31572,132,3,4,1,-6988,4.0,8412,8731,39.4671,40.9679,40.8839,3.5422,-75.27,456349663796,456509424615,239423457797,239583201792,-267.7,-260.9,40.6,43.4,3→4,26.2
31772,133,1,2,0,0,0.0,0,0,0.0,0.0,0.0,0.0,0.0,0,0,0,0,-256.3,0.0,40.4,0.0,1→2,26.4
31772,133,1,3,1,-73799,42.3,5456,8834,25.5983,41.4505,41.3415,18.1703,-73.32,848550324276,848710078967,463928749278,464088493056,-256.3,-267.7,40.4,40.6,1→3,26.4
31772,133,1,4,1,-80821,46.32,4951,8651,23.2289,40.5893,40.4263,18.8805,-67.9,849827920436,849987674280,248280227387,248439971328,-256.3,-260.9,40.4,43.4,1→4,26.4
31772,133,2,3,0,0,0.0,0,0,0.0,0.0,0.0,0.0,0.0,0,0,0,0,21.9,0.0,42.3,0.0,2→3,26.4
31772,133,2,4,0,0,0.0,0,0,0.0,0.0,0.0,0.0,0.0,0,0,0,0,21.9,0.0,42.3,0.0,2→4,26.4
31772,133,3,4,1,-6995,4.01,8421,8741,39.5093,41.014,40.93,3.5883,-75.32,469156906548,469316667197,252230750914,252390494720,-267.7,-260.9,40.6,43.4,3→4,26.4
31972,134,1,2,0,0,0.0,0,0,0.0,0.0,0.0,0.0,0.0,0,0,0,0,-256.3,0.0,40.4,0.0,1→2,26.6
31972,134,1,3,1,-73772,42.28,5457,8834,25.603,41.4494,41.3224,18.1512,-72.46,861329146420,861488901125,476708111058,476867854848,-256.3,-267.7,40.4,40.6,1→3,26.6
31972,134,1,4,1,-80800,46.31,4953,8652,23.2383,40.5942,40.4312,18.8854,-67.84,862607091252,862766845003,261059988124,261219731968,-256.3,-260.9,40.4,43.4,1→4,26.6
31972,134,2,3,0,0,0.0,0,0,0.0,0.0,0.0,0.0,0.0,0,0,0,0,21.9,0.0,42.3,0.0,2→3,26.6
31972,134,2,4,0,0,0.0,0,0,0.0,0.0,0.0,0.0,0.0,0,0,0,0,21.9,0.0,42.3,0.0,2→4,26.6
31972,134,3,4,1,-6952,3.98,8420,8738,39.5047,41.0001,40.9161,3.5744,-75.12,481909612084,482069372754,264983506603,265143250432,-267.7,-260.9,40.6,43.4,3→4,26.6
32172,135,1,2,0,0,0.0,0,0,0.0,0.0,0.0,0.0,0.0,0,0,0,0,-256.3,0.0,40.4,0.0,1→2,26.8
32172,135,1,3,1,-73799,42.3,5456,8834,25.5983,41.4505,41.3235,18.1523,-72.13,874107909172,874267663855,489487413478,489647157248,-256.3,-267.7,40.4,40.6,1→3,26.8
32172,135,1,4,1,-80774,46.29,4953,8651,23.2383,40.5886,40.4456,18.8998,-69.23,875385445940,875545199587,273838932740,273998676480,-256.3,-260.9,40.4,43.4,1→4,26.8
32172,135,2,3,0,0,0.0,0,0,0.0,0.0,0.0,0.0,0.0,0,0,0,0,21.9,0.0,42.3,0.0,2→3,26.8
32172,135,2,4,0,0,0.0,0,0,0.0,0.0,0.0,0.0,0.0,0,0,0,0,21.9,0.0,42.3,0.0,2→4,26.8
32172,135,3,4,1,-7052,4.04,8418,8741,39.4953,41.0122,40.9282,3.5865,-75.13,494686772276,494846532840,277760717073,277920460800,-267.7,-260.9,40.6,43.4,3→4,26.8
32372,136,1,2,0,0,0.0,0,0,0.0,0.0,0.0,0.0,0.0,0,0,0,0,-256.3,0.0,40.4,0.0,1→2,27.0
32372,136,1,3,1,-73823,42.31,5458,8837,25.6076,41.4651,41.3381,18.1669,-72.46,886886671412,887046426050,502266715415,502426459136,-256.3,-267.7,40.4,40.6,1→3,27.0
32372,136,1,4,1,-80803,46.31,4949,8648,23.2195,40.576,40.4131,18.8673,-67.77,888164616756,888324370193,286618693582,286778437120,-256.3,-260.9,40.4,43.4,1→4,27.0
32372,136,2,3,0,0,0.0,0,0,0.0,0.0,0.0,0.0,0.0,0,0,0,0,21.9,0.0,42.3,0.0,2→3,27.0
32372,136,2,4,0,0,0.0,0,0,0.0,0.0,0.0,0.0,0.0,0,0,0,0,21.9,0.0,42.3,0.0,2→4,27.0
32372,136,3,4,1,-7047,4.04,8419,8742,39.5,41.0158,40.9318,3.5901,-75.03,507467241524,507627001943,290541236644,290700980224,-267.7,-260.9,40.6,43.4,3→4,27.0
32572,137,1,2,0,0,0.0,0,0,0.0,0.0,0.0,0.0,0.0,0,0,0,0,-256.3,0.0,40.4,0.0,1→2,27.2
32572,137,1,3,1,-73822,42.31,5453,8832,25.5842,41.439,41.312,18.1409,-72.79,899665433140,899825187704,515046016854,515205760512,-256.3,-267.7,40.4,40.6,1→3,27.2
32572,137,1,4,1,-80758,46.28,4953,8649,23.2383,40.5828,40.4398,18.894,-69.13,900943250484,901103004202,299397917372,299557661184,-256.3,-260.9,40.4,43.4,1→4,27.2
32572,137,2,3,0,0,0.0,0,0,0.0,0.0,0.0,0.0,0.0,0,0,0,0,21.9,0.0,42.3,0.0,2→3,27.2
32572,137,2,4,0,0,0.0,0,0,0.0,0.0,0.0,0.0,0.0,0,0,0,0,21.9,0.0,42.3,0.0,2→4,27.2
32572,137,3,4,1,-7016,4.02,8416,8737,39.4859,40.9927,40.9087,3.567,-76.63,520247141428,520406902181,303321186895,303480930816,-267.7,-260.9,40.6,43.4,3→4,27.2
32772,138,1,2,0,0,0.0,0,0,0.0,0.0,0.0,0.0,0.0,0,0,0,0,-256.3,0.0,40.4,0.0,1→2,27.4
32772,138,1,3,1,-73894,42.35,5457,8840,25.603,41.4756,41.3666,18.1954,-73.16,912444196404,912603950878,527825319865,527985063424,-256.3,-267.7,40.4,40.6,1→3,27.4
32772,138,1,4,1,-80778,46.3,4949,8646,23.2195,40.5683,40.4053,18.8595,-68.6,913722013236,913881766658,312177270236,312337013760,-256.3,-260.9,40.4,43.4,1→4,27.4
32772,138,2,3,0,0,0.0,0,0,0.0,0.0,0.0,0.0,0.0,0,0,0,0,21.9,0.0,42.3,0.0,2→3,27.4
32772,138,2,4,0,0,0.0,0,0,0.0,0.0,0.0,0.0,0.0,0,0,0,0,21.9,0.0,42.3,0.0,2→4,27.4
32772,138,3,4,1,-7010,4.02,8419,8740,39.5,41.0079,40.9239,3.5822,-75.73,533029002804,533188763351,316103098660,316262842368,-267.7,-260.9,40.6,43.4,3→4,27.4
32972,139,1,2,0,0,0.0,0,0,0.0,0.0,0.0,0.0,0.0,0,0,0,0,-256.3,0.0,40.4,0.0,1→2,27.6
32972,139,1,3,1,-73815,42.3,5455,8833,25.5936,41.447,41.338,18.1668,-73.37,925222959156,925382714005,540604622397,540764366336,-256.3,-267.7,40.4,40.6,1→3,27.6
32972,139,1,4,1,-80732,46.27,4948,8643,23.2148,40.5538,40.3908,18.845,-67.86,926501012532,926660766106,324956859714,325116603392,-256.3,-260.9,40.4,43.4,1→4,27.6
32972,139,2,3,0,0,0.0,0,0,0.0,0.0,0.0,0.0,0.0,0,0,0,0,21.9,0.0,42.3,0.0,2→3,27.6
32972,139,2,4,0,0,0.0,0,0,0.0,0.0,0.0,0.0,0.0,0,0,0,0,21.9,0.0,42.3,0.0,2→4,27.6
32972,139,3,4,1,-7012,4.02,8425,8745,39.5281,41.0341,40.9501,3.6084,-75.25,545803093556,545962853900,328877239802,329036983296,-267.7,-260.9,40.6,43.4,3→4,27.6
33172,140,1,2,0,0,0.0,0,0,0.0,0.0,0.0,0.0,0.0,0,0,0,0,-256.3,0.0,40.4,0.0,1→2,27.8
33172,140,1,3,1,-73947,42.38,5454,8839,25.5889,41.4729,41.3889,18.2177,-75.24,938002156084,938161910760,553384359145,553544102912,-256.3,-267.7,40.4,40.6,1→3,27.8
33172,140,1,4,1,-80835,46.33,4947,8647,23.2102,40.5712,40.4082,18.8624,-68.09,939280186932,939439940598,337736624356,337896368128,-256.3,-260.9,40.4,43.4,1→4,27.8
33172,140,2,3,0,0,0.0,0,0,0.0,0.0,0.0,0.0,0.0,0,0,0,0,21.9,0.0,42.3,0.0,2→3,27.8
33172,140,2,4,0,0,0.0,0,0,0.0,0.0,0.0,0.0,0.0,0,0,0,0,21.9,0.0,42.3,0.0,2→4,27.8
33172,140,3,4,1,-7078,4.06,8416,8740,39.4859,41.0084,40.9244,3.5827,-75.1,558587253300,558747013878,341661449983,341821193728,-267.7,-260.9,40.6,43.4,3→4,27.8
33372,141,1,2,0,0,0.0,0,0,0.0,0.0,0.0,0.0,0.0,0,0,0,0,-256.3,0.0,40.4,0.0,1→2,28.0
33372,141,1,3,1,-73872,42.34,5455,8836,25.5936,41.4592,41.3322,18.161,-72.38,950780918324,950940672814,566163661220,566323404800,-256.3,-267.7,40.4,40.6,1→3,28.0
33372,141,1,4,1,-80745,46.28,4950,8646,23.2242,40.566,40.403,18.8572,-67.79,952058999860,952218753588,350516027564,350675771392,-256.3,-260.9,40.4,43.4,1→4,28.0
33372,141,2,3,0,0,0.0,0,0,0.0,0.0,0.0,0.0,0.0,0,0,0,0,21.9,0.0,42.3,0.0,2→3,28.0
33372,141,2,4,0,0,0.0,0,0,0.0,0.0,0.0,0.0,0.0,0,0,0,0,21.9,0.0,42.3,0.0,2→4,28.0
33372,141,3,4,1,-7096,4.07,8413,8737,39.4718,40.9958,40.9118,3.5701,-76.71,571363013172,571522773998,354437260288,354597004288,-267.7,-260.9,40.6,43.4,3→4,28.0
33572,142,1,2,0,0,0.0,0,0,0.0,0.0,0.0,0.0,0.0,0,0,0,0,-256.3,0.0,40.4,0.0,1→2,28.2
33572,142,1,3,1,-73904,42.36,5453,8836,25.5842,41.4567,41.3477,18.1765,-74.22,963559680564,963719435351,578942963319,579102707200,-256.3,-267.7,40.4,40.6,1→3,28.2
33572,142,1,4,1,-80791,46.3,4952,8650,23.2336,40.5876,40.4246,18.8788,-68.41,964837711412,964997465146,363295329451,363455073280,-256.3,-260.9,40.4,43.4,1→4,28.2
33572,142,2,3,0,0,0.0,0,0,0.0,0.0,0.0,0.0,0.0,0,0,0,0,21.9,0.0,42.3,0.0,2→3,28.2
33572,142,2,4,0,0,0.0,0,0,0.0,0.0,0.0,0.0,0.0,0,0,0,0,21.9,0.0,42.3,0.0,2→4,28.2
33572,142,3,4,1,-6980,4.0,8418,8737,39.4953,40.9944,40.9104,3.5687,-76.27,584142923828,584302684361,367217221423,367376965120,-267.7,-260.9,40.6,43.4,3→4,28.2
33772,143,1,2,0,0,0.0,0,0,0.0,0.0,0.0,0.0,0.0,0,0,0,0,-256.3,0.0,40.4,0.0,1→2,28.4
33772,143,1,3,1,-73903,42.36,5456,8839,25.5983,41.4729,41.3459,18.1747,-72.26,976338597428,976498351972,591722420081,591882163712,-256.3,-267.7,40.4,40.6,1→3,28.4
33772,143,1,4,1,-80777,46.3,4948,8646,23.2148,40.5658,40.4028,18.857,-67.69,977616474676,977776228353,376074683100,376234426880,-256.3,-260.9,40.4,43.4,1→4,28.4
33772,143,2,3,0,0,0.0,0,0,0.0,0.0,0.0,0.0,0.0,0,0,0,0,21.9,0.0,42.3,0.0,2→3,28.4
33772,143,2,4,0,0,0.0,0,0,0.0,0.0,0.0,0.0,0.0,0,0,0,0,21.9,0.0,42.3,0.0,2→4,28.4
33772,143,3,4,1,-7008,4.02,8419,8739,39.5,41.0051,40.8961,3.5544,-73.68,596924323892,597084084604,379998671998,380158415872,-267.7,-260.9,40.6,43.4,3→4,28.4
33972,144,1,2,0,0,0.0,0,0,0.0,0.0,0.0,0.0,0.0,0,0,0,0,-256.3,0.0,40.4,0.0,1→2,28.6
33972,144,1,3,1,-73797,42.29,5460,8838,25.617,41.4665,41.3395,18.1683,-71.41,989117204532,989276959337,604501567091,604661310976,-256.3,-267.7,40.4,40.6,1→3,28.6
33972,144,1,4,1,-80885,46.36,4951,8654,23.2289,40.6031,40.4601,18.9143,-69.25,990395099188,990554852775,388853898044,389013641728,-256.3,-260.9,40.4,43.4,1→4,28.6
33972,144,2,3,0,0,0.0,0,0,0.0,0.0,0.0,0.0,0.0,0,0,0,0,21.9,0.0,42.3,0.0,2→3,28.6
33972,144,2,4,0,0,0.0,0,0,0.0,0.0,0.0,0.0,0.0,0,0,0,0,21.9,0.0,42.3,0.0,2→4,28.6
33972,144,3,4,1,-7062,4.05,8418,8741,39.4953,41.0143,40.9303,3.5886,-76.5,609701889076,609861649420,392776287725,392936031232,-267.7,-260.9,40.6,43.4,3→4,28.6
34172,145,1,2,0,0,0.0,0,0,0.0,0.0,0.0,0.0,0.0,0,0,0,0,-256.3,0.0,40.4,0.0,1→2,28.8
34172,145,1,3,1,-73895,42.35,5453,8835,25.5842,41.4547,41.3457,18.1745,-73.94,1001895966772,1002055721288,617280869254,617440612864,-256.3,-267.7,40.4,40.6,1→3,28.8
34172,145,1,4,1,-80866,46.35,4949,8651,23.2195,40.5896,40.4466,18.9008,-69.08,1003173540404,1003333293838,401632929745,401792673280,-256.3,-260.9,40.4,43.4,1→4,28.8
34172,145,2,3,0,0,0.0,0,0,0.0,0.0,0.0,0.0,0.0,0,0,0,0,21.9,0.0,42.3,0.0,2→3,28.8
34172,145,2,4,0,0,0.0,0,0,0.0,0.0,0.0,0.0,0.0,0,0,0,0,21.9,0.0,42.3,0.0,2→4,28.8
34172,145,3,4,1,-7086,4.06,8422,8746,39.514,41.0383,40.9543,3.6126,-75.73,622479876660,622639637122,405554325887,405714069504,-267.7,-260.9,40.6,43.4,3→4,28.8
34372,146,1,2,0,0,0.0,0,0,0.0,0.0,0.0,0.0,0.0,0,0,0,0,-256.3,0.0,40.4,0.0,1→2,29.0
34372,146,1,3,1,-73859,42.33,5455,8835,25.5936,41.4564,41.3294,18.1582,-72.51,1014674729012,1014834483729,630060171457,630219915264,-256.3,-267.7,40.4,40.6,1→3,29.0
34372,146,1,4,1,-80887,46.36,4950,8652,23.2242,40.5965,40.4335,18.8877,-68.54,1015952623668,1016112377371,414412603589,414572347392,-256.3,-260.9,40.4,43.4,1→4,29.0
34372,146,2,3,0,0,0.0,0,0,0.0,0.0,0.0,0.0,0.0,0,0,0,0,21.9,0.0,42.3,0.0,2→3,29.0
34372,146,2,4,0,0,0.0,0,0,0.0,0.0,0.0,0.0,0.0,0,0,0,0,21.9,0.0,42.3,0.0,2→4,29.0
34372,146,3,4,1,-7082,4.06,8409,8733,39.453,40.9741,40.8901,3.5484,-76.22,635262372916,635422133435,418336872747,418496616448,-267.7,-260.9,40.6,43.4,3→4,29.0
34572,147,1,2,0,0,0.0,0,0,0.0,0.0,0.0,0.0,0.0,0,0,0,0,-256.3,0.0,40.4,0.0,1→2,29.2
34572,147,1,3,1,-73877,42.34,5454,8835,25.5889,41.4556,41.3466,18.1754,-73.39,1027453490740,1027613245631,642839473169,642999217152,-256.3,-267.7,40.4,40.6,1→3,29.2
34572,147,1,4,1,-80911,46.37,4942,8645,23.1867,40.5641,40.4011,18.8553,-68.12,1028731173940,1028890927360,427191744464,427351488000,-256.3,-260.9,40.4,43.4,1→4,29.2
34572,147,2,3,0,0,0.0,0,0,0.0,0.0,0.0,0.0,0.0,0,0,0,0,21.9,0.0,42.3,0.0,2→3,29.2
34572,147,2,4,0,0,0.0,0,0,0.0,0.0,0.0,0.0,0.0,0,0,0,0,21.9,0.0,42.3,0.0,2→4,29.2
34572,147,3,4,1,-7100,4.07,8418,8743,39.4953,41.0225,40.9385,3.5968,-76.54,648039050292,648198810883,431113600758,431273344512,-267.7,-260.9,40.6,43.4,3→4,29.2
34772,148,1,2,0,0,0.0,0,0,0.0,0.0,0.0,0.0,0.0,0,0,0,0,-256.3,0.0,40.4,0.0,1→2,29.4
34772,148,1,3,1,-73893,42.35,5455,8838,25.5936,41.466,41.339,18.1678,-72.89,1040232252468,1040392006997,655618774910,655778518528,-256.3,-267.7,40.4,40.6,1→3,29.4
34772,148,1,4,1,-80773,46.29,4952,8649,23.2336,40.5814,40.4184,18.8726,-68.26,1041510334004,1041670087593,439971495227,440131238912,-256.3,-260.9,40.4,43.4,1→4,29.4
34772,148,2,3,0,0,0.0,0,0,0.0,0.0,0.0,0.0,0.0,0,0,0,0,21.9,0.0,42.3,0.0,2→3,29.4
34772,148,2,4,0,0,0.0,0,0,0.0,0.0,0.0,0.0,0.0,0,0,0,0,21.9,0.0,42.3,0.0,2→4,29.4
34772,148,3,4,1,-7075,4.05,8421,8745,39.5093,41.0312,40.9472,3.6055,-76.64,660821591604,660981352205,443896192754,444055936512,-267.7,-260.9,40.6,43.4,3→4,29.4
34972,149,1,2,0,0,0.0,0,0,0.0,0.0,0.0,0.0,0.0,0,0,0,0,-256.3,0.0,40.4,0.0,1→2,29.6
34972,149,1,3,1,-73799,42.3,5455,8833,25.5936,41.4458,41.3188,18.1476,-72.57,1053011014708,1053170769369,668398077178,668557820928,-256.3,-267.7,40.4,40.6,1→3,29.6
34972,149,1,4,1,-80785,46.3,4944,8642,23.1961,40.5488,40.3858,18.84,-68.08,1054288589876,1054448343614,452750341783,452910085632,-256.3,-260.9,40.4,43.4,1→4,29.6
34972,149,2,3,0,0,0.0,0,0,0.0,0.0,0.0,0.0,0.0,0,0,0,0,21.9,0.0,42.3,0.0,2→3,29.6
34972,149,2,4,0,0,0.0,0,0,0.0,0.0,0.0,0.0,0.0,0,0,0,0,21.9,0.0,42.3,0.0,2→4,29.6
34972,149,3,4,1,-7097,4.07,8414,8739,39.4765,41.0031,40.9191,3.5774,-75.66,673688563252,673848323997,456763215444,456922959360,-267.7,-260.9,40.6,43.4,3→4,29.6
35172,150,1,2,0,0,0.0,0,0,0.0,0.0,0.0,0.0,0.0,0,0,0,0,-256.3,0.0,40.4,0.0,1→2,29.8
35172,150,1,3,1,-73880,42.34,5450,8832,25.5701,41.4398,41.3308,18.1596,-73.84,1065789776436,1065949531206,681177378947,681337122816,-256.3,-267.7,40.4,40.6,1→3,29.8
35172,150,1,4,1,-80847,46.34,4945,8645,23.2008,40.5644,40.4014,18.8556,-68.88,1067067808308,1067227562085,465530151025,465689894912,-256.3,-260.9,40.4,43.4,1→4,29.8
35172,150,2,3,0,0,0.0,0,0,0.0,0.0,0.0,0.0,0.0,0,0,0,0,21.9,0.0,42.3,0.0,2→3,29.8
35172,150,2,4,0,0,0.0,0,0,0.0,0.0,0.0,0.0,0.0,0,0,0,0,21.9,0.0,42.3,0.0,2→4,29.8
35172,150,3,4,1,-7030,4.03,8421,8743,39.5093,41.0215,40.9375,3.5958,-76.54,686377224756,686536985296,469451927343,469611671040,-267.7,-260.9,40.6,43.4,3→4,29.8
35372,151,1,2,0,0,0.0,0,0,0.0,0.0,0.0,0.0,0.0,0,0,0,0,-256.3,0.0,40.4,0.0,1→2,30.0
35372,151,1,3,1,-73912,42.36,5456,8839,25.5983,41.4725,41.3635,18.1923,-73.91,1078568538164,1078728293008,693956680772,694116424704,-256.3,-267.7,40.4,40.6,1→3,30.0
35372,151,1,4,1,-80755,46.28,4945,8641,23.2008,40.5447,40.3817,18.8359,-68.21,1079846570036,1080006323804,478309503610,478469247488,-256.3,-260.9,40.4,43.4,1→4,30.0
35372,151,2,3,0,0,0.0,0,0,0.0,0.0,0.0,0.0,0.0,0,0,0,0,21.9,0.0,42.3,0.0,2→3,30.0
35372,151,2,4,0,0,0.0,0,0,0.0,0.0,0.0,0.0,0.0,0,0,0,0,21.9,0.0,42.3,0.0,2→4,30.0
35372,151,3,4,1,-7090,4.06,8412,8737,39.4671,40.9922,40.9332,3.5915,-77.08,699158903860,699318664299,482233657218,482393400832,-267.7,-260.9,40.6,43.4,3→4,30.0
35572,152,1,2,0,0,0.0,0,0,0.0,0.0,0.0,0.0,0.0,0,0,0,0,-256.3,0.0,40.4,0.0,1→2,30.2
35572,152,1,3,1,-73875,42.34,5451,8832,25.5748,41.4411,41.3141,18.1429,-72.38,1091347299892,1091507054770,706735982616,706895726592,-256.3,-267.7,40.4,40.6,1→3,30.2
35572,152,1,4,1,-80815,46.32,4945,8644,23.2008,40.5599,40.4169,18.8711,-69.72,1092624875060,1092784628785,491088399526,491248143360,-256.3,-260.9,40.4,43.4,1→4,30.2
35572,152,2,3,0,0,0.0,0,0,0.0,0.0,0.0,0.0,0.0,0,0,0,0,21.9,0.0,42.3,0.0,2→3,30.2
35572,152,2,4,0,0,0.0,0,0,0.0,0.0,0.0,0.0,0.0,0,0,0,0,21.9,0.0,42.3,0.0,2→4,30.2
35572,152,3,4,1,-7064,4.05,8420,8743,39.5047,41.0241,40.9401,3.5984,-75.57,711939342900,712099103233,495014147068,495173890560,-267.7,-260.9,40.6,43.4,3→4,30.2
35772,153,1,2,0,0,0.0,0,0,0.0,0.0,0.0,0.0,0.0,0,0,0,0,-256.3,0.0,40.4,0.0,1→2,30.4
35772,153,1,3,1,-73858,42.33,5452,8833,25.5795,41.4445,41.3175,18.1463,-72.48,4614433844,4774188712,719515284517,719675028480,-256.3,-267.7,40.4,40.6,1→3,30.4
35772,153,1,4,1,-80743,46.28,4945,8641,23.2008,40.5444,40.3814,18.8356,-67.54,5892437044,6052190598,503868180305,504027923968,-256.3,-260.9,40.4,43.4,1→4,30.4
35772,153,2,3,0,0,0.0,0,0,0.0,0.0,0.0,0.0,0.0,0,0,0,0,21.9,0.0,42.3,0.0,2→3,30.4
35772,153,2,4,0,0,0.0,0,0,0.0,0.0,0.0,0.0,0.0,0,0,0,0,21.9,0.0,42.3,0.0,2→4,30.4
35772,153,3,4,1,-7105,4.07,8417,8742,39.4906,41.0189,40.9349,3.5932,-76.26,724717792820,724877553543,507792647792,507952391680,-267.7,-260.9,40.6,43.4,3→4,30.4
35972,154,1,2,0,0,0.0,0,0,0.0,0.0,0.0,0.0,0.0,0,0,0,0,-256.3,0.0,40.4,0.0,1→2,30.6
35972,154,1,3,1,-73944,42.38,5451,8836,25.5748,41.4582,41.3492,18.178,-75.0,17393195060,17552949864,732294585955,732454329856,-256.3,-267.7,40.4,40.6,1→3,30.6
35972,154,1,4,1,-80879,46.35,4944,8646,23.1961,40.569,40.39,18.8442,-66.86,18670878260,18830632134,516647212559,516806956544,-256.3,-260.9,40.4,43.4,1→4,30.6
35972,154,2,3,0,0,0.0,0,0,0.0,0.0,0.0,0.0,0.0,0,0,0,0,21.9,0.0,42.3,0.0,2→3,30.6
35972,154,2,4,0,0,0.0,0,0,0.0,0.0,0.0,0.0,0.0,0,0,0,0,21.9,0.0,42.3,0.0,2→4,30.6
35972,154,3,4,1,-7118,4.08,8415,8740,39.4812,41.0099,40.9009,3.5592,-74.07,737497051700,737656812267,520571957511,520731701248,-267.7,-260.9,40.6,43.4,3→4,30.6
36172,155,1,2,0,0,0.0,0,0,0.0,0.0,0.0,0.0,0.0,0,0,0,0,-256.3,0.0,40.4,0.0,1→2,30.8
36172,155,1,3,1,-73943,42.38,5452,8837,25.5795,41.4627,41.3357,18.1645,-72.73,30171956788,30331711499,745073887938,745233631744,-256.3,-267.7,40.4,40.6,1→3,30.8
36172,155,1,4,1,-80820,46.32,4948,8647,23.2148,40.5727,40.4097,18.8639,-68.6,31449639476,31609393077,529426564903,529586308608,-256.3,-260.9,40.4,43.4,1→4,30.8
36172,155,2,3,0,0,0.0,0,0,0.0,0.0,0.0,0.0,0.0,0,0,0,0,21.9,0.0,42.3,0.0,2→3,30.8
36172,155,2,4,0,0,0.0,0,0,0.0,0.0,0.0,0.0,0.0,0,0,0,0,21.9,0.0,42.3,0.0,2→4,30.8
36172,155,3,4,1,-7095,4.07,8413,8737,39.4718,40.9956,40.9116,3.5699,-75.37,750276780596,750436540962,533351737292,533511480832,-267.7,-260.9,40.6,43.4,3→4,30.8
36372,156,1,2,0,0,0.0,0,0,0.0,0.0,0.0,0.0,0.0,0,0,0,0,-256.3,0.0,40.4,0.0,1→2,31.0
36372,156,1,3,1,-73858,42.33,5457,8838,25.603,41.4679,41.3409,18.1697,-72.26,42950718004,43110472591,757853189448,758012933120,-256.3,-267.7,40.4,40.6,1→3,31.0
36372,156,1,4,1,-80865,46.35,4943,8645,23.1914,40.5612,40.4182,18.8724,-70.64,44228799540,44388553285,542206316174,542366060032,-256.3,-260.9,40.4,43.4,1→4,31.0
36372,156,2,3,0,0,0.0,0,0,0.0,0.0,0.0,0.0,0.0,0,0,0,0,21.9,0.0,42.3,0.0,2→3,31.0
36372,156,2,4,0,0,0.0,0,0,0.0,0.0,0.0,0.0,0.0,0,0,0,0,21.9,0.0,42.3,0.0,2→4,31.0
36372,156,3,4,1,-7117,4.08,8417,8743,39.4906,41.0215,40.9375,3.5958,-75.91,763050528308,763210288995,546125535892,546285279744,-267.7,-260.9,40.6,43.4,3→4,31.0
36572,157,1,2,0,0,0.0,0,0,0.0,0.0,0.0,0.0,0.0,0,0,0,0,-256.3,0.0,40.4,0.0,1→2,31.2
36572,157,1,3,1,-73934,42.37,5461,8845,25.6217,41.5007,41.3737,18.2025,-72.67,55729479732,55889234654,770632491520,770792235520,-256.3,-267.7,40.4,40.6,1→3,31.2
36572,157,1,4,1,-80962,46.4,4942,8648,23.1867,40.5751,40.4121,18.8663,-67.16,57007052852,57166806703,554985160737,555144904704,-256.3,-260.9,40.4,43.4,1→4,31.2
36572,157,2,3,0,0,0.0,0,0,0.0,0.0,0.0,0.0,0.0,0,0,0,0,21.9,0.0,42.3,0.0,2→3,31.2
36572,157,2,4,0,0,0.0,0,0,0.0,0.0,0.0,0.0,0.0,0,0,0,0,21.9,0.0,42.3,0.0,2→4,31.2
36572,157,3,4,1,-7116,4.08,8417,8743,39.4906,41.0212,40.9372,3.5955,-75.13,775833540148,775993300570,558908598685,559068342272,-267.7,-260.9,40.6,43.4,3→4,31.2
36772,158,1,2,0,0,0.0,0,0,0.0,0.0,0.0,0.0,0.0,0,0,0,0,-256.3,0.0,40.4,0.0,1→2,31.4
36772,158,1,3,1,-73918,42.36,5454,8838,25.5889,41.4667,41.3397,18.1685,-71.2,68508240948,68667995629,783411793124,783571536896,-256.3,-267.7,40.4,41.6,1→3,31.4
36772,158,1,4,1,-80881,46.35,4942,8644,23.1867,40.56,40.397,18.8512,-68.41,69786272820,69946026655,567764972082,567924716032,-256.3,-260.9,40.4,43.4,1→4,31.4
36772,158,2,3,0,0,0.0,0,0,0.0,0.0,0.0,0.0,0.0,0,0,0,0,21.9,0.0,42.3,0.0,2→3,31.4
36772,158,2,4,0,0,0.0,0,0,0.0,0.0,0.0,0.0,0.0,0,0,0,0,21.9,0.0,42.3,0.0,2→4,31.4
36772,158,3,4,1,-7097,4.07,8419,8743,39.5,41.0242,40.9402,3.5985,-75.21,788615165492,788774926138,571690275008,571850018816,-267.7,-260.9,41.6,43.4,3→4,31.4
36972,159,1,2,0,0,0.0,0,0,0.0,0.0,0.0,0.0,0.0,0,0,0,0,-256.3,0.0,40.4,0.0,1→2,31.6
36972,159,1,3,1,-73911,42.36,5453,8836,25.5842,41.4581,41.3311,18.1599,-71.32,81287002164,81446756561,796191094781,796350838272,-256.3,-267.7,40.4,41.6,1→3,31.6
36972,159,1,4,1,-80825,46.32,4947,8646,23.2102,40.5691,40.3901,18.8443,-66.37,82564896820,82724650610,580544187496,580703931392,-256.3,-260.9,40.4,43.4,1→4,31.6
36972,159,2,3,0,0,0.0,0,0,0.0,0.0,0.0,0.0,0.0,0,0,0,0,21.9,0.0,42.3,0.0,2→3,31.6
36972,159,2,4,0,0,0.0,0,0,0.0,0.0,0.0,0.0,0.0,0,0,0,0,21.9,0.0,42.3,0.0,2→4,31.6
36972,159,3,4,1,-7156,4.1,8415,8742,39.4812,41.0181,40.9091,3.5674,-74.18,801392102964,801551863327,584467263443,584627006976,-267.7,-260.9,41.6,43.4,3→4,31.6
37172,160,1,2,0,0,0.0,0,0,0.0,0.0,0.0,0.0,0.0,0,0,0,0,-256.3,0.0,40.4,0.0,1→2,31.8
37172,160,1,3,1,-73905,42.36,5455,8838,25.5936,41.4686,41.3056,18.1344,-68.34,94065762356,94225516965,808970395438,809130139136,-256.3,-267.7,40.4,41.6,1→3,31.8
37172,160,1,4,1,-80821,46.32,4947,8646,23.2102,40.5682,40.4052,18.8594,-67.28,95343446068,95503199742,593323328220,593483072000,-256.3,-260.9,40.4,43.4,1→4,31.8
37172,160,2,3,0,0,0.0,0,0,0.0,0.0,0.0,0.0,0.0,0,0,0,0,21.9,0.0,42.3,0.0,2→3,31.8
37172,160,2,4,0,0,0.0,0,0,0.0,0.0,0.0,0.0,0.0,0,0,0,0,21.9,0.0,42.3,0.0,2→4,31.8
37172,160,3,4,1,-7099,4.07,8417,8742,39.4906,41.0176,40.9336,3.5919,-76.63,814171728436,814331488981,597246939938,597406683648,-267.7,-260.9,41.6,43.4,3→4,31.8
37372,161,1,2,0,0,0.0,0,0,0.0,0.0,0.0,0.0,0.0,0,0,0,0,-256.3,0.0,40.4,0.0,1→2,32.0
37372,161,1,3,1,-73893,42.35,5460,8842,25.617,41.4872,41.3442,18.173,-69.79,106844524596,107004279383,821749698181,821909442048,-256.3,-267.7,40.4,41.6,1→3,32.0
37372,161,1,4,1,-80911,46.37,4940,8643,23.1773,40.5547,40.3917,18.8459,-68.09,108122556468,108282309939,606103030169,606262773760,-256.3,-260.9,40.4,43.4,1→4,32.0
37372,161,2,3,0,0,0.0,0,0,0.0,0.0,0.0,0.0,0.0,0,0,0,0,21.9,0.0,42.3,0.0,2→3,32.0
37372,161,2,4,0,0,0.0,0,0,0.0,0.0,0.0,0.0,0.0,0,0,0,0,21.9,0.0,42.3,0.0,2→4,32.0
37372,161,3,4,1,-7135,4.09,8414,8740,39.4765,41.0089,40.9249,3.5832,-75.88,826954480692,827114241368,610029743256,610189487104,-267.7,-260.9,41.6,43.4,3→4,32.0
37572,162,1,2,0,0,0.0,0,0,0.0,0.0,0.0,0.0,0.0,0,0,0,0,-256.3,0.0,40.4,0.0,1→2,32.2
37572,162,1,3,1,-73896,42.35,5450,8833,25.5701,41.4432,41.3162,18.145,-71.35,119623285300,119783039699,834528999414,834688742912,-256.3,-267.7,40.4,41.6,1→3,32.2
37572,162,1,4,1,-80909,46.37,4938,8641,23.1679,40.5449,40.4019,18.8561,-70.58,120901366836,121061120577,618882432135,619042176000,-256.3,-260.9,40.4,43.4,1→4,32.2
37572,162,2,3,0,0,0.0,0,0,0.0,0.0,0.0,0.0,0.0,0,0,0,0,21.9,0.0,42.3,0.0,2→3,32.2
37572,162,2,4,0,0,0.0,0,0,0.0,0.0,0.0,0.0,0.0,0,0,0,0,21.9,0.0,42.3,0.0,2→4,32.2
37572,162,3,4,1,-7147,4.1,8410,8737,39.4577,40.9927,40.9087,3.567,-76.79,839724690484,839884450805,622800004083,622959747584,-267.7,-260.9,41.6,43.4,3→4,32.2
37772,163,1,2,0,0,0.0,0,0,0.0,0.0,0.0,0.0,0.0,0,0,0,0,-256.3,0.0,40.4,0.0,1→2,32.4
37772,163,1,3,1,-73960,42.39,5454,8839,25.5889,41.4734,41.3644,18.1932,-74.97,132402201652,132561956150,847308456346,847468199936,-256.3,-267.7,40.4,41.6,1→3,32.4
37772,163,1,4,1,-80886,46.36,4939,8642,23.1726,40.547,40.384,18.8382,-67.22,133679729204,133839482652,631661386159,631821129728,-256.3,-260.9,40.4,43.4,1→4,32.4
37772,163,2,3,0,0,0.0,0,0,0.0,0.0,0.0,0.0,0.0,0,0,0,0,21.9,0.0,42.3,0.0,2→3,32.4
37772,163,2,4,0,0,0.0,0,0,0.0,0.0,0.0,0.0,0.0,0,0,0,0,21.9,0.0,42.3,0.0,2→4,32.4
37772,163,3,4,1,-7174,4.11,8412,8740,39.4671,41.0079,40.9239,3.5822,-75.43,852598371380,852758131942,635673736454,635833480192,-267.7,-260.9,41.6,43.4,3→4,32.4
37972,164,1,2,0,0,0.0,0,0,0.0,0.0,0.0,0.0,0.0,0,0,0,0,-256.3,0.0,41.4,0.0,1→2,32.6
37972,164,1,3,1,-74008,42.42,5479,8867,25.7062,41.6033,41.5193,18.3481,-76.46,145180807732,145340562320,860087603059,860247346688,-256.3,-267.7,41.4,41.6,1→3,32.6
37972,164,1,4,1,-80875,46.35,4943,8645,23.1914,40.5634,40.4004,18.8546,-68.68,146458490420,146618244010,644440739113,644600482816,-256.3,-260.9,41.4,43.4,1→4,32.6
37972,164,2,3,0,0,0.0,0,0,0.0,0.0,0.0,0.0,0.0,0,0,0,0,21.9,0.0,43.3,0.0,2→3,32.6
37972,164,2,4,0,0,0.0,0,0,0.0,0.0,0.0,0.0,0.0,0,0,0,0,21.9,0.0,43.3,0.0,2→4,32.6
37972,164,3,4,1,-7139,4.09,8410,8736,39.4577,40.991,40.907,3.5653,-75.02,865290856500,865450616957,648366272363,648526016000,-267.7,-260.9,41.6,43.4,3→4,32.6
38172,165,1,2,0,0,0.0,0,0,0.0,0.0,0.0,0.0,0.0,0,0,0,0,-256.3,0.0,41.4,0.0,1→2,32.8
38172,165,1,3,1,-74003,42.41,5482,8869,25.7203,41.614,41.614,18.4428,-81.8,157959568436,158119323050,872866904414,873026648064,-256.3,-267.7,41.4,41.6,1→3,32.8
38172,165,1,4,1,-80973,46.41,4944,8651,23.1961,40.5891,40.4261,18.8803,-68.11,159237461556,159397215216,657220302053,657380045824,-256.3,-260.9,41.4,43.4,1→4,32.8
38172,165,2,3,0,0,0.0,0,0,0.0,0.0,0.0,0.0,0.0,0,0,0,0,21.9,0.0,43.3,0.0,2→3,32.8
38172,165,2,4,0,0,0.0,0,0,0.0,0.0,0.0,0.0,0.0,0,0,0,0,21.9,0.0,43.3,0.0,2→4,32.8
38172,165,3,4,1,-7133,4.09,8404,8730,39.4296,40.9615,40.9025,3.5608,-77.04,878068526132,878228286633,661143993139,661303736832,-267.7,-260.9,41.6,43.4,3→4,32.8
38372,166,1,2,0,0,0.0,0,0,0.0,0.0,0.0,0.0,0.0,0,0,0,0,-256.3,0.0,41.4,0.0,1→2,33.0
38372,166,1,3,1,-74116,42.48,5465,8857,25.6405,41.5585,41.5275,18.3563,-79.21,170738329140,170898083751,885646205759,885805949440,-256.3,-267.7,41.4,41.6,1→3,33.0
38372,166,1,4,1,-80967,46.4,4940,8646,23.1773,40.5691,40.4261,18.8803,-69.57,172016012340,172175766026,669999444675,670159188480,-256.3,-260.9,41.4,43.4,1→4,33.0
38372,166,2,3,0,0,0.0,0,0,0.0,0.0,0.0,0.0,0.0,0,0,0,0,21.9,0.0,43.3,0.0,2→3,33.0
38372,166,2,4,0,0,0.0,0,0,0.0,0.0,0.0,0.0,0.0,0,0,0,0,21.9,0.0,43.3,0.0,2→4,33.0
38372,166,3,4,1,-7130,4.09,8410,8736,39.4577,40.9914,40.8824,3.5407,-74.51,890847657524,891007418050,673923175719,674082919424,-267.7,-260.9,41.6,43.4,3→4,33.0
38572,167,1,2,0,0,0.0,0,0,0.0,0.0,0.0,0.0,0.0,0,0,0,0,-256.3,0.0,41.4,0.0,1→2,33.2
38572,167,1,3,1,-73988,42.4,5471,8858,25.6686,41.5615,41.5025,18.3313,-78.14,183517089844,183676844426,898425507177,898585250816,-256.3,-267.7,41.4,41.6,1→3,33.2
38572,167,1,4,1,-80981,46.41,4939,8646,23.1726,40.5674,40.4044,18.8586,-68.08,184794982964,184954736601,682779007218,682938750976,-256.3,-260.9,41.4,43.4,1→4,33.2
38572,167,2,3,0,0,0.0,0,0,0.0,0.0,0.0,0.0,0.0,0,0,0,0,21.9,0.0,43.3,0.0,2→3,33.2
38572,167,2,4,0,0,0.0,0,0,0.0,0.0,0.0,0.0,0.0,0,0,0,0,21.9,0.0,43.3,0.0,2→4,33.2
38572,167,3,4,1,-7173,4.11,8412,8740,39.4671,41.01,40.901,3.5593,-74.29,903628584500,903788344999,686704153926,686863897600,-267.7,-260.9,41.6,43.4,3→4,33.2
38772,168,1,2,0,0,0.0,0,0,0.0,0.0,0.0,0.0,0.0,0,0,0,0,-256.3,0.0,41.4,0.0,1→2,33.4
38772,168,1,3,1,-74208,42.53,5489,8886,25.7531,41.6932,41.6932,18.522,-82.42,196295850548,196455605096,911204808623,911364552192,-256.3,-267.7,41.4,41.6,1→3,33.4
38772,168,1,4,1,-80978,46.41,4944,8650,23.1961,40.5878,40.4448,18.899,-69.18,197573533748,197733287298,695558149970,695717893632,-256.3,-260.9,41.4,43.4,1→4,33.4
38772,168,2,3,0,0,0.0,0,0,0.0,0.0,0.0,0.0,0.0,0,0,0,0,21.9,0.0,43.3,0.0,2→3,33.4
38772,168,2,4,0,0,0.0,0,0,0.0,0.0,0.0,0.0,0.0,0,0,0,0,21.9,0.0,43.3,0.0,2→4,33.4
38772,168,3,4,1,-7209,4.13,8414,8744,39.4765,41.0248,40.9658,3.6241,-77.59,916404907060,916564667523,699480527725,699640271360,-267.7,-260.9,41.6,43.4,3→4,33.4
38972,169,1,2,0,0,0.0,0,0,0.0,0.0,0.0,0.0,0.0,0,0,0,0,-256.3,0.0,41.4,0.0,1→2,33.6
38972,169,1,3,1,-73918,42.36,5446,8830,25.5513,41.4292,41.3202,18.149,-73.28,209074688052,209234442480,923984186833,924143930368,-256.3,-267.7,41.4,41.6,1→3,33.6
38972,169,1,4,1,-81008,46.43,4942,8650,23.1867,40.5849,40.4059,18.8601,-66.77,210352569908,210512323304,708337778152,708497521664,-256.3,-260.9,41.4,43.4,1→4,33.6
38972,169,2,3,0,0,0.0,0,0,0.0,0.0,0.0,0.0,0.0,0,0,0,0,21.9,0.0,43.3,0.0,2→3,33.6
38972,169,2,4,0,0,0.0,0,0,0.0,0.0,0.0,0.0,0.0,0,0,0,0,21.9,0.0,43.3,0.0,2→4,33.6
38972,169,3,4,1,-7172,4.11,8412,8740,39.4671,41.0098,40.9258,3.5841,-76.43,929184903732,929344664109,712260575680,712420319232,-267.7,-260.9,41.6,43.4,3→4,33.6
39172,170,1,2,0,0,0.0,0,0,0.0,0.0,0.0,0.0,0.0,0,0,0,0,-256.3,0.0,41.4,0.0,1→2,33.8
39172,170,1,3,1,-73965,42.39,5446,8831,25.5513,41.4369,41.3279,18.1567,-73.91,221853371956,222013126809,936763411495,936923155456,-256.3,-267.7,41.4,41.6,1→3,33.8
39172,170,1,4,1,-80901,46.37,4937,8640,23.1632,40.5408,40.3778,18.832,-67.66,223130945588,223290699309,721116745882,721276489728,-256.3,-260.9,41.4,43.4,1→4,33.8
39172,170,2,3,0,0,0.0,0,0,0.0,0.0,0.0,0.0,0.0,0,0,0,0,21.9,0.0,43.3,0.0,2→3,33.8
39172,170,2,4,0,0,0.0,0,0,0.0,0.0,0.0,0.0,0.0,0,0,0,0,21.9,0.0,43.3,0.0,2→4,33.8
39172,170,3,4,1,-7227,4.14,8415,8746,39.4812,41.0357,40.9767,3.635,-77.25,941964551732,942124312515,725040274992,725200018944,-267.7,-260.9,41.6,43.4,3→4,33.8
39372,171,1,2,0,0,0.0,0,0,0.0,0.0,0.0,0.0,0.0,0,0,0,0,-256.3,0.0,41.4,0.0,1→2,34.0
39372,171,1,3,1,-73909,42.36,5450,8833,25.5701,41.4437,41.3597,18.1885,-76.46,234632132660,234791887394,949542712998,949702456832,-256.3,-267.7,41.4,41.6,1→3,34.0
39372,171,1,4,1,-80974,46.41,4940,8646,23.1773,40.5682,40.4052,18.8594,-67.31,235909707828,236069461299,733896100249,734055843840,-256.3,-260.9,41.4,43.4,1→4,34.0
39372,171,2,3,0,0,0.0,0,0,0.0,0.0,0.0,0.0,0.0,0,0,0,0,21.9,0.0,43.3,0.0,2→3,34.0
39372,171,2,4,0,0,0.0,0,0,0.0,0.0,0.0,0.0,0.0,0,0,0,0,21.9,0.0,43.3,0.0,2→4,34.0
39372,171,3,4,1,-7150,4.1,8415,8742,39.4812,41.0192,40.9102,3.5685,-74.7,954741552692,954901313338,737817327289,737977071104,-267.7,-260.9,41.6,43.4,3→4,34.0
39572,172,1,2,0,0,0.0,0,0,0.0,0.0,0.0,0.0,0.0,0,0,0,0,-256.3,0.0,41.4,0.0,1→2,34.2
39572,172,1,3,1,-73988,42.4,5448,8834,25.5607,41.4512,41.3242,18.153,-72.38,247410893364,247570647951,962322014517,962481758208,-256.3,-267.7,41.4,41.6,1→3,34.2
39572,172,1,4,1,-81003,46.42,4936,8644,23.1585,40.5557,40.3927,18.8469,-67.9,248688576052,248848329706,746675560666,746835304448,-256.3,-260.9,41.4,43.4,1→4,34.2
39572,172,2,3,0,0,0.0,0,0,0.0,0.0,0.0,0.0,0.0,0,0,0,0,21.9,0.0,43.3,0.0,2→3,34.2
39572,172,2,4,0,0,0.0,0,0,0.0,0.0,0.0,0.0,0.0,0,0,0,0,21.9,0.0,43.3,0.0,2→4,34.2
39572,172,3,4,1,-7159,4.1,8418,8746,39.4953,41.0352,40.9512,3.6095,-76.01,967522517556,967682278017,750598343544,750758087168,-267.7,-260.9,41.6,43.4,3→4,34.2
39772,173,1,2,0,0,0.0,0,0,0.0,0.0,0.0,0.0,0.0,0,0,0,0,-256.3,0.0,41.4,0.0,1→2,34.4
39772,173,1,3,1,-73960,42.39,5452,8837,25.5795,41.464,41.355,18.1838,-73.55,260189808692,260349563095,975101470709,975261214208,-256.3,-267.7,41.4,41.6,1→3,34.4
39772,173,1,4,1,-80970,46.41,4939,8645,23.1726,40.5627,40.3997,18.8539,-67.51,261467336756,261627090527,759454913643,759614657536,-256.3,-260.9,41.4,43.4,1→4,34.4
39772,173,2,3,0,0,0.0,0,0,0.0,0.0,0.0,0.0,0.0,0,0,0,0,21.9,0.0,43.3,0.0,2→3,34.4
39772,173,2,4,0,0,0.0,0,0,0.0,0.0,0.0,0.0,0.0,0,0,0,0,21.9,0.0,43.3,0.0,2→4,34.4
39772,173,3,4,1,-7171,4.11,8411,8739,39.4624,41.0026,40.8936,3.5519,-74.05,980303390772,980463151515,763379268175,763539012096,-267.7,-260.9,41.6,43.4,3→4,34.4
39972,174,1,2,0,0,0.0,0,0,0.0,0.0,0.0,0.0,0.0,0,0,0,0,-256.3,0.0,41.4,0.0,1→2,34.6
39972,174,1,3,1,-73938,42.38,5449,8833,25.5654,41.4452,41.3362,18.165,-74.73,272968414260,273128168962,987880617156,988040360960,-256.3,-267.7,41.4,41.6,1→3,34.6
39972,174,1,4,1,-80996,46.42,4938,8645,23.1679,40.5636,40.4006,18.8548,-68.41,274246495796,274406249601,772234665031,772394408960,-256.3,-260.9,41.4,43.4,1→4,34.6
39972,174,2,3,0,0,0.0,0,0,0.0,0.0,0.0,0.0,0.0,0,0,0,0,21.9,0.0,43.3,0.0,2→3,34.6
39972,174,2,4,0,0,0.0,0,0,0.0,0.0,0.0,0.0,0.0,0,0,0,0,21.9,0.0,43.3,0.0,2→4,34.6
39972,174,3,4,1,-7228,4.14,8410,8740,39.4577,41.0101,40.9011,3.5594,-74.83,993081409588,993241170079,776157338441,776317082112,-267.7,-260.9,41.6,43.4,3→4,34.6
40172,175,1,2,0,0,0.0,0,0,0.0,0.0,0.0,0.0,0.0,0,0,0,0,-256.3,0.0,41.4,0.0,1→2,34.8
40172,175,1,3,1,-73974,42.4,5452,8838,25.5795,41.4693,41.3603,18.1891,-73.6,285747174452,285906928925,1000659918256,1000819661824,-256.3,-267.7,41.4,41.6,1→3,34.8
40172,175,1,4,1,-80997,46.42,4938,8646,23.1679,40.5662,40.4032,18.8574,-68.63,287024748084,287184501911,785013509682,785173253632,-256.3,-260.9,41.4,43.4,1→4,34.8
40172,175,2,3,0,0,0.0,0,0,0.0,0.0,0.0,0.0,0.0,0,0,0,0,21.9,0.0,43.3,0.0,2→3,34.8
40172,175,2,4,0,0,0.0,0,0,0.0,0.0,0.0,0.0,0.0,0,0,0,0,21.9,0.0,43.3,0.0,2→4,34.8
40172,175,3,4,1,-7218,4.14,8413,8743,39.4718,41.022,40.938,3.5963,-76.54,1005859952180,1006019712905,788935932517,789095676416,-267.7,-260.9,41.6,43.4,3→4,34.8
40372,176,1,2,0,0,0.0,0,0,0.0,0.0,0.0,0.0,0.0,0,0,0,0,-256.3,0.0,41.4,0.0,1→2,35.0
40372,176,1,3,1,-74029,42.43,5454,8842,25.5889,41.4882,41.3792,18.208,-74.05,298525935156,298685689888,1013439219888,1013598963712,-256.3,-267.7,41.4,41.6,1→3,35.0
40372,176,1,4,1,-81062,46.46,4935,8646,23.1539,40.566,40.403,18.8572,-68.33,299803617844,299963371608,797792971883,797952715776,-256.3,-260.9,41.4,43.4,1→4,35.0
40372,176,2,3,0,0,0.0,0,0,0.0,0.0,0.0,0.0,0.0,0,0,0,0,21.9,0.0,43.3,0.0,2→3,35.0
40372,176,2,4,0,0,0.0,0,0,0.0,0.0,0.0,0.0,0.0,0,0,0,0,21.9,0.0,43.3,0.0,2→4,35.0
40372,176,3,4,1,-7214,4.13,8418,8748,39.4953,41.0446,40.9356,3.5939,-74.69,1018794969652,1018954730455,801871002145,802030746112,-267.7,-260.9,41.6,43.4,3→4,35.0
40572,177,1,2,0,0,0.0,0,0,0.0,0.0,0.0,0.0,0.0,0,0,0,0,-256.3,0.0,41.4,0.0,1→2,35.2
40572,177,1,3,1,-74010,42.42,5444,8831,25.542,41.4372,41.3532,18.182,-76.21,311304695348,311464449791,1026218521021,1026378264576,-256.3,-267.7,41.4,41.6,1→3,35.2
40572,177,1,4,1,-80976,46.41,4941,8648,23.182,40.5757,40.4127,18.8669,-67.47,312582270516,312742024184,810572217047,810731960832,-256.3,-260.9,41.4,43.4,1→4,35.2
40572,177,2,3,0,0,0.0,0,0,0.0,0.0,0.0,0.0,0.0,0,0,0,0,21.9,0.0,43.3,0.0,2→3,35.2
40572,177,2,4,0,0,0.0,0,0,0.0,0.0,0.0,0.0,0.0,0,0,0,0,21.9,0.0,43.3,0.0,2→4,35.2
40572,177,3,4,1,-7222,4.14,8414,8745,39.4765,41.0299,40.9209,3.5792,-73.85,1031419010612,1031578771172,814495094029,814654837760,-267.7,-260.9,41.6,43.4,3→4,35.2
40772,178,1,2,0,0,0.0,0,0,0.0,0.0,0.0,0.0,0.0,0,0,0,0,-256.3,0.0,41.4,0.0,1→2,35.4
40772,178,1,3,1,-74025,42.43,5446,8834,25.5513,41.4498,41.3658,18.1946,-75.57,324083455540,324243210199,1038997822185,1039157565952,-256.3,-267.7,41.4,41.6,1→3,35.4
40772,178,1,4,1,-81098,46.48,4937,8649,23.1632,40.5831,40.4201,18.8743,-68.7,325361138228,325520891722,823351677309,823511420928,-256.3,-260.9,41.4,43.4,1→4,35.4
40772,178,2,3,0,0,0.0,0,0,0.0,0.0,0.0,0.0,0.0,0,0,0,0,21.9,0.0,43.3,0.0,2→3,35.4
40772,178,2,4,0,0,0.0,0,0,0.0,0.0,0.0,0.0,0.0,0,0,0,0,21.9,0.0,43.3,0.0,2→4,35.4
40772,178,3,4,1,-7207,4.13,8411,8741,39.4624,41.0126,40.9286,3.5869,-76.01,1044198980660,1044358741337,827275115666,827434859520,-267.7,-260.9,41.6,43.4,3→4,35.4
40972,179,1,2,0,0,0.0,0,0,0.0,0.0,0.0,0.0,0.0,0,0,0,0,-256.3,0.0,41.4,0.0,1→2,35.6
40972,179,1,3,1,-73969,42.39,5442,8828,25.5326,41.419,41.31,18.1388,-74.19,336862215732,337021970578,1051777123366,1051936867328,-256.3,-267.7,41.4,41.6,1→3,35.6
40972,179,1,4,1,-81044,46.45,4938,8648,23.1679,40.5762,40.4132,18.8674,-67.19,338140246580,338300000363,836131378270,836291122176,-256.3,-260.9,41.4,43.4,1→4,35.6
40972,179,2,3,0,0,0.0,0,0,0.0,0.0,0.0,0.0,0.0,0,0,0,0,21.9,0.0,43.3,0.0,2→3,35.6
40972,179,2,4,0,0,0.0,0,0,0.0,0.0,0.0,0.0,0.0,0,0,0,0,21.9,0.0,43.3,0.0,2→4,35.6
40972,179,3,4,1,-7154,4.1,8415,8742,39.4812,41.0177,40.9587,3.617,-77.52,1056980007988,1057139768778,840056194600,840215938560,-267.7,-260.9,41.6,43.4,3→4,35.6
41172,180,1,2,0,0,0.0,0,0,0.0,0.0,0.0,0.0,0.0,0,0,0,0,-256.3,0.0,41.4,0.0,1→2,35.8
41172,180,1,3,1,-73925,42.37,5448,8832,25.5607,41.4377,41.3287,18.1575,-74.33,349640975924,349800730430,1064556424582,1064716168192,-256.3,-267.7,41.4,41.6,1→3,35.8
41172,180,1,4,1,-81047,46.45,4934,8644,23.1492,40.5581,40.3951,18.8493,-67.58,350918658612,351078412126,848910382947,849070126592,-256.3,-260.9,41.4,43.4,1→4,35.8
41172,180,2,3,0,0,0.0,0,0,0.0,0.0,0.0,0.0,0.0,0,0,0,0,21.9,0.0,43.3,0.0,2→3,35.8
41172,180,2,4,0,0,0.0,0,0,0.0,0.0,0.0,0.0,0.0,0,0,0,0,21.9,0.0,43.3,0.0,2→4,35.8
41172,180,3,4,1,-7202,4.13,8415,8744,39.4812,41.028,40.944,3.6023,-76.67,1069758758964,1069918519308,852834997222,852994740736,-267.7,-260.9,41.6,43.4,3→4,35.8
41372,181,1,2,0,0,0.0,0,0,0.0,0.0,0.0,0.0,0.0,0,0,0,0,-256.3,0.0,41.4,0.0,1→2,36.0
41372,181,1,3,1,-73975,42.4,5440,8826,25.5232,41.4109,41.3269,18.1557,-76.01,362419736116,362579490749,1077335725815,1077495469568,-256.3,-267.7,41.4,41.6,1→3,36.0
41372,181,1,4,1,-81037,46.44,4940,8650,23.1773,40.5841,40.4211,18.8753,-67.45,363697926708,363857680394,861690243779,861849987584,-256.3,-260.9,41.4,43.4,1→4,36.0
41372,181,2,3,0,0,0.0,0,0,0.0,0.0,0.0,0.0,0.0,0,0,0,0,21.9,0.0,43.3,0.0,2→3,36.0
41372,181,2,4,0,0,0.0,0,0,0.0,0.0,0.0,0.0,0.0,0,0,0,0,21.9,0.0,43.3,0.0,2→4,36.0
41372,181,3,4,1,-7239,4.15,8416,8747,39.4859,41.043,40.959,3.6173,-76.3,1082533592116,1082693352515,865609882034,865769625600,-267.7,-260.9,41.6,43.4,3→4,36.0
41572,182,1,2,0,0,0.0,0,0,0.0,0.0,0.0,0.0,0.0,0,0,0,0,-256.3,0.0,41.4,0.0,1→2,36.2
41572,182,1,3,1,-73985,42.4,5451,8838,25.5748,41.467,41.383,18.2118,-75.31,375198494260,375358249033,1090115025026,1090274768896,-256.3,-267.7,41.4,41.6,1→3,36.2
41572,182,1,4,1,-81062,46.46,4937,8647,23.1632,40.5731,40.4101,18.8643,-68.41,376476577332,376636331145,874469487165,874629231104,-256.3,-260.9,41.4,43.4,1→4,36.2
41572,182,2,3,0,0,0.0,0,0,0.0,0.0,0.0,0.0,0.0,0,0,0,0,21.9,0.0,43.3,0.0,2→3,36.2
41572,182,2,4,0,0,0.0,0,0,0.0,0.0,0.0,0.0,0.0,0,0,0,0,21.9,0.0,43.3,0.0,2→4,36.2
41572,182,3,4,1,-7193,4.12,8416,8745,39.4859,41.0331,40.9491,3.6074,-75.49,1095317176372,1095476936758,878393518015,878553261568,-267.7,-260.9,41.6,43.4,3→4,36.2
41772,183,1,2,0,0,0.0,0,0,0.0,0.0,0.0,0.0,0.0,0,0,0,0,-256.3,0.0,41.4,0.0,1→2,36.4
41772,183,1,3,1,-74042,42.44,5453,8842,25.5842,41.4863,41.3773,18.2061,-74.12,387977411124,388137165974,3382855224,3542599168,-256.3,-267.7,41.4,41.6,1→3,36.4
41772,183,1,4,1,-81063,46.46,4931,8642,23.1351,40.5474,40.3844,18.8386,-67.72,389254938676,389414692059,887248441312,887408184832,-256.3,-260.9,41.4,43.4,1→4,36.4
41772,183,2,3,0,0,0.0,0,0,0.0,0.0,0.0,0.0,0.0,0,0,0,0,21.9,0.0,43.3,0.0,2→3,36.4
41772,183,2,4,0,0,0.0,0,0,0.0,0.0,0.0,0.0,0.0,0,0,0,0,21.9,0.0,43.3,0.0,2→4,36.4
41772,183,3,4,1,-7211,4.13,8406,8736,39.439,40.9877,40.9287,3.587,-77.87,8584529460,8744289809,891172550607,891332294144,-267.7,-260.9,41.6,43.4,3→4,36.4
41972,184,1,2,0,0,0.0,0,0,0.0,0.0,0.0,0.0,0.0,0,0,0,0,-256.3,0.0,41.4,0.0,1→2,36.6
41972,184,1,3,1,-73993,42.41,5445,8832,25.5467,41.4382,41.3542,18.183,-75.89,400756016180,400915770582,16162001384,16321744896,-256.3,-267.7,41.4,41.6,1→3,36.6
41972,184,1,4,1,-81014,46.43,4936,8644,23.1585,40.558,40.395,18.8492,-67.46,402034047028,402193800407,900028142573,900187886080,-256.3,-260.9,41.4,43.4,1→4,36.6
41972,184,2,3,0,0,0.0,0,0,0.0,0.0,0.0,0.0,0.0,0,0,0,0,21.9,0.0,43.3,0.0,2→3,36.6
41972,184,2,4,0,0,0.0,0,0,0.0,0.0,0.0,0.0,0.0,0,0,0,0,21.9,0.0,43.3,0.0,2→4,36.6
41972,184,3,4,1,-7233,4.15,8411,8742,39.4624,41.0159,40.9569,3.6152,-77.01,21361540660,21521301475,903949613575,904109357568,-267.7,-260.9,41.6,43.4,3→4,36.6
42172,185,1,2,0,0,0.0,0,0,0.0,0.0,0.0,0.0,0.0,0,0,0,0,-256.3,0.0,41.4,0.0,1→2,36.8
42172,185,1,3,1,-73971,42.39,5450,8836,25.5701,41.457,41.348,18.1768,-73.91,413534775860,413694530306,28941302214,29101045760,-256.3,-267.7,41.4,41.6,1→3,36.8
42172,185,1,4,1,-80986,46.41,4936,8643,23.1585,40.5544,40.3914,18.8456,-67.55,414813100084,414972853936,912807788565,912967532544,-256.3,-260.9,41.4,43.4,1→4,36.8
42172,185,2,3,0,0,0.0,0,0,0.0,0.0,0.0,0.0,0.0,0,0,0,0,21.9,0.0,43.3,0.0,2→3,36.8
42172,185,2,4,0,0,0.0,0,0,0.0,0.0,0.0,0.0,0.0,0,0,0,0,21.9,0.0,43.3,0.0,2→4,36.8
42172,185,3,4,1,-7281,4.17,8416,8749,39.4859,41.052,40.968,3.6263,-76.46,34137849908,34297610656,916725974613,916885718528,-267.7,-260.9,41.6,43.4,3→4,36.8
42372,186,1,2,0,0,0.0,0,0,0.0,0.0,0.0,0.0,0.0,0,0,0,0,-256.3,0.0,41.4,0.0,1→2,37.0
42372,186,1,3,1,-74030,42.43,5445,8834,25.5467,41.4485,41.3395,18.1683,-74.24,426314130996,426473885435,41721198532,41880942080,-256.3,-267.7,41.4,41.6,1→3,37.0
42372,186,1,4,1,-81063,46.46,4936,8646,23.1585,40.5686,40.4256,18.8798,-69.26,427592003636,427751757393,925587285107,925747028992,-256.3,-260.9,41.4,43.4,1→4,37.0
42372,186,2,3,0,0,0.0,0,0,0.0,0.0,0.0,0.0,0.0,0,0,0,0,21.9,0.0,43.3,0.0,2→3,37.0
42372,186,2,4,0,0,0.0,0,0,0.0,0.0,0.0,0.0,0.0,0,0,0,0,21.9,0.0,43.3,0.0,2→4,37.0
42372,186,3,4,1,-7253,4.16,8406,8738,39.439,40.9967,40.9127,3.571,-76.34,46921675828,47081436443,929509852357,929669596160,-267.7,-260.9,41.6,43.4,3→4,37.0
42572,187,1,2,0,0,0.0,0,0,0.0,0.0,0.0,0.0,0.0,0,0,0,0,-256.3,0.0,41.4,0.0,1→2,37.2
42572,187,1,3,1,-74042,42.44,5448,8837,25.5607,41.4652,41.3562,18.185,-74.06,439092890676,439252645103,54500499414,54660242944,-256.3,-267.7,41.4,41.6,1→3,37.2
42572,187,1,4,1,-81115,46.49,4933,8646,23.1445,40.568,40.405,18.8592,-67.85,440370574900,440530328526,938366449393,938526193152,-256.3,-260.9,41.4,43.4,1→4,37.2
42572,187,2,3,0,0,0.0,0,0,0.0,0.0,0.0,0.0,0.0,0,0,0,0,21.9,0.0,43.3,0.0,2→3,37.2
42572,187,2,4,0,0,0.0,0,0,0.0,0.0,0.0,0.0,0.0,0,0,0,0,21.9,0.0,43.3,0.0,2→4,37.2
42572,187,3,4,1,-7256,4.16,8414,8746,39.4765,41.0372,40.9282,3.5865,-74.22,59699776564,59859537063,942288004938,942447748608,-267.7,-260.9,41.6,43.4,3→4,37.2
42772,188,1,2,0,0,0.0,0,0,0.0,0.0,0.0,0.0,0.0,0,0,0,0,-256.3,0.0,41.4,0.0,1→2,37.4
42772,188,1,3,1,-74016,42.42,5444,8832,25.542,41.4385,41.3545,18.1833,-76.42,451871650356,452031405239,67279800325,67439544320,-256.3,-267.7,41.4,41.6,1→3,37.4
42772,188,1,4,1,-81063,46.46,4933,8643,23.1445,40.5545,40.3915,18.8457,-68.16,453149626932,453309380327,951146094551,951305838080,-256.3,-260.9,41.4,43.4,1→4,37.4
42772,188,2,3,0,0,0.0,0,0,0.0,0.0,0.0,0.0,0.0,0,0,0,0,21.9,0.0,43.3,0.0,2→3,37.4
42772,188,2,4,0,0,0.0,0,0,0.0,0.0,0.0,0.0,0.0,0,0,0,0,21.9,0.0,43.3,0.0,2→4,37.4
42772,188,3,4,1,-7253,4.16,8413,8745,39.4718,41.0319,40.9479,3.6062,-76.85,72481769524,72641530351,955070049792,955229793792,-267.7,-260.9,41.6,43.4,3→4,37.4
42972,189,1,2,0,0,0.0,0,0,0.0,0.0,0.0,0.0,0.0,0,0,0,0,-256.3,0.0,41.4,0.0,1→2,37.6
42972,189,1,3,1,-73979,42.4,5450,8836,25.5701,41.4587,41.3497,18.1785,-73.99,464650410036,464810164848,80059101272,80218845184,-256.3,-267.7,41.4,41.6,1→3,37.6
42972,189,1,4,1,-81089,46.47,4934,8645,23.1492,40.5648,40.4018,18.856,-67.8,465928386100,466088139753,963925446871,964085190656,-256.3,-260.9,41.4,43.4,1→4,37.6
42972,189,2,3,0,0,0.0,0,0,0.0,0.0,0.0,0.0,0.0,0,0,0,0,21.9,0.0,43.3,0.0,2→3,37.6
42972,189,2,4,0,0,0.0,0,0,0.0,0.0,0.0,0.0,0.0,0,0,0,0,21.9,0.0,43.3,0.0,2→4,37.6
42972,189,3,4,1,-7295,4.18,8412,8746,39.4671,41.0362,40.9522,3.6105,-75.94,85259562036,85419322686,967847894191,968007638016,-267.7,-260.9,41.6,43.4,3→4,37.6
43172,190,1,2,0,0,0.0,0,0,0.0,0.0,0.0,0.0,0.0,0,0,0,0,-256.3,0.0,41.4,0.0,1→2,37.8
43172,190,1,3,1,-73989,42.4,5446,8832,25.5513,41.4421,41.3581,18.1869,-75.21,477429169716,477588924433,92838402223,92998146048,-256.3,-267.7,41.4,41.6,1→3,37.8
43172,190,1,4,1,-81048,46.45,4931,8641,23.1351,40.5419,40.3789,18.8331,-68.38,478706853428,478866606791,976704507379,976864250880,-256.3,-260.9,41.4,43.4,1→4,37.8
43172,190,2,3,0,0,0.0,0,0,0.0,0.0,0.0,0.0,0.0,0,0,0,0,21.9,0.0,43.3,0.0,2→3,37.8
43172,190,2,4,0,0,0.0,0,0,0.0,0.0,0.0,0.0,0.0,0,0,0,0,21.9,0.0,43.3,0.0,2→4,37.8
43172,190,3,4,1,-7259,4.16,8407,8739,39.4437,41.0027,40.9187,3.577,-76.26,98039722036,98199482465,980628106113,980787849728,-267.7,-260.9,41.6,43.4,3→4,37.8
43372,191,1,2,0,0,0.0,0,0,0.0,0.0,0.0,0.0,0.0,0,0,0,0,-256.3,0.0,41.4,0.0,1→2,38.0
43372,191,1,3,1,-73993,42.41,5448,8835,25.5607,41.4547,41.3457,18.1745,-73.2,490207929396,490367683995,105617703210,105777446912,-256.3,-267.7,41.4,41.6,1→3,38.0
43372,191,1,4,1,-81159,46.51,4937,8652,23.1632,40.5962,40.4332,18.8874,-67.33,491485932596,491645686121,989484179806,989643923456,-256.3,-260.9,41.4,43.4,1→4,38.0
43372,191,2,3,0,0,0.0,0,0,0.0,0.0,0.0,0.0,0.0,0,0,0,0,23.0,0.0,43.3,0.0,2→3,38.0
43372,191,2,4,0,0,0.0,0,0,0.0,0.0,0.0,0.0,0.0,0,0,0,0,23.0,0.0,43.3,0.0,2→4,38.0
43372,191,3,4,1,-7244,4.15,8413,8744,39.4718,41.0276,40.9686,3.6269,-77.06,110821836340,110981597040,993410272382,993570016256,-267.7,-260.9,41.6,43.4,3→4,38.0
43572,192,1,2,0,0,0.0,0,0,0.0,0.0,0.0,0.0,0.0,0,0,0,0,-256.3,0.0,41.4,0.0,1→2,38.2
43572,192,1,3,1,-74014,42.42,5445,8833,25.5467,41.4427,41.3337,18.1625,-73.57,502986689076,503146443537,118397004205,118556747776,-256.3,-267.7,41.4,41.6,1→3,38.2
43572,192,1,4,1,-81112,46.49,4932,8645,23.1398,40.5627,40.3997,18.8539,-68.53,504264665140,504424418779,1002263505634,1002423249408,-256.3,-260.9,41.4,43.4,1→4,38.2
43572,192,2,3,0,0,0.0,0,0,0.0,0.0,0.0,0.0,0.0,0,0,0,0,23.0,0.0,43.3,0.0,2→3,38.2
43572,192,2,4,0,0,0.0,0,0,0.0,0.0,0.0,0.0,0.0,0,0,0,0,23.0,0.0,43.3,0.0,2→4,38.2
43572,192,3,4,1,-7292,4.18,8412,8745,39.4671,41.0332,40.9742,3.6325,-77.0,123597472820,123757233271,1006185960821,1006345704448,-267.7,-260.9,41.6,43.4,3→4,38.2
43772,193,1,2,0,0,0.0,0,0,0.0,0.0,0.0,0.0,0.0,0,0,0,0,-256.3,0.0,41.4,0.0,1→2,38.4
43772,193,1,3,1,-74016,42.42,5449,8837,25.5654,41.4643,41.3803,18.2091,-76.05,515765443124,515925197933,131176299610,131336043520,-256.3,-267.7,41.4,41.6,1→3,38.4
43772,193,1,4,1,-81137,46.5,4929,8643,23.1257,40.554,40.391,18.8452,-68.45,517043132468,517202886182,1015042566289,1015202310144,-256.3,-260.9,41.4,43.4,1→4,38.4
43772,193,2,3,0,0,0.0,0,0,0.0,0.0,0.0,0.0,0.0,0,0,0,0,23.0,0.0,43.3,0.0,2→3,38.4
43772,193,2,4,0,0,0.0,0,0,0.0,0.0,0.0,0.0,0.0,0,0,0,0,23.0,0.0,43.3,0.0,2→4,38.4
43772,193,3,4,1,-7276,4.17,8403,8736,39.4249,40.9876,40.9286,3.5869,-77.76,136416869428,136576629927,1019005409587,1019165153280,-267.7,-260.9,41.6,43.4,3→4,38.4
43972,194,1,2,0,0,0.0,0,0,0.0,0.0,0.0,0.0,0.0,0,0,0,0,-256.3,0.0,41.4,0.0,1→2,38.6
43972,194,1,3,1,-73999,42.41,5447,8834,25.556,41.4513,41.3423,18.1711,-73.33,528544208436,528703963061,143955606286,144115350016,-256.3,-267.7,41.4,41.6,1→3,38.6
43972,194,1,4,1,-81132,46.5,4934,8648,23.1492,40.5764,40.4134,18.8676,-68.01,529822183988,529981937714,1027822211215,1027981955072,-256.3,-260.9,41.4,44.4,1→4,38.6
43972,194,2,3,0,0,0.0,0,0,0.0,0.0,0.0,0.0,0.0,0,0,0,0,21.9,0.0,43.3,0.0,2→3,38.6
43972,194,2,4,0,0,0.0,0,0,0.0,0.0,0.0,0.0,0.0,0,0,0,0,21.9,0.0,43.3,0.0,2→4,38.6
43972,194,3,4,1,-7300,4.18,8412,8746,39.4671,41.0373,40.9533,3.6116,-76.59,149157390900,149317151253,1031745982936,1031905726464,-267.7,-260.9,41.6,44.4,3→4,38.6
44172,195,1,2,0,0,0.0,0,0,0.0,0.0,0.0,0.0,0.0,0,0,0,0,-256.3,0.0,41.4,0.0,1→2,38.8
44172,195,1,3,1,-73990,42.41,5449,8835,25.5654,41.4563,41.3473,18.1761,-74.5,541322967604,541482722015,156734906855,156894650368,-256.3,-267.7,41.4,41.6,1→3,38.8
44172,195,1,4,1,-81163,46.52,4935,8650,23.1539,40.5854,40.4224,18.8766,-68.93,542600649780,542760403476,1040601270446,1040761014272,-256.3,-260.9,41.4,44.4,1→4,38.8
44172,195,2,3,0,0,0.0,0,0,0.0,0.0,0.0,0.0,0.0,0,0,0,0,21.9,0.0,43.3,0.0,2→3,38.8
44172,195,2,4,0,0,0.0,0,0,0.0,0.0,0.0,0.0,0.0,0,0,0,0,21.9,0.0,43.3,0.0,2→4,38.8
44172,195,3,4,1,-7247,4.15,8406,8738,39.439,40.9978,40.9388,3.5971,-77.57,161935580724,162095341245,1044524224804,1044683968512,-267.7,-260.9,41.6,44.4,3→4,38.8
44372,196,1,2,0,0,0.0,0,0,0.0,0.0,0.0,0.0,0.0,0,0,0,0,-256.3,0.0,41.4,0.0,1→2,39.0
44372,196,1,3,1,-73965,42.39,5442,8827,25.5326,41.4182,41.3092,18.138,-73.17,554101727284,554261481968,169514207944,169673951744,-256.3,-267.7,41.4,41.6,1→3,39.0
44372,196,1,4,1,-81168,46.52,4931,8647,23.1351,40.57,40.407,18.8612,-67.54,555379414068,555539167659,1053380628240,1053540371968,-256.3,-260.9,41.4,44.4,1→4,39.0
44372,196,2,3,0,0,0.0,0,0,0.0,0.0,0.0,0.0,0.0,0,0,0,0,21.9,0.0,43.3,0.0,2→3,39.0
44372,196,2,4,0,0,0.0,0,0,0.0,0.0,0.0,0.0,0.0,0,0,0,0,21.9,0.0,43.3,0.0,2→4,39.0
44372,196,3,4,1,-7250,4.16,8407,8739,39.4437,41.0031,40.9441,3.6024,-77.96,174716947508,174876708165,1057305643678,1057465387520,-267.7,-260.9,41.6,44.4,3→4,39.0
44572,197,1,2,0,0,0.0,0,0,0.0,0.0,0.0,0.0,0.0,0,0,0,0,-256.3,0.0,41.4,0.0,1→2,39.2
44572,197,1,3,1,-74022,42.42,5450,8838,25.5701,41.4703,41.3613,18.1901,-73.78,566880486964,567040241406,182293509067,182453252608,-256.3,-267.7,41.4,41.6,1→3,39.2
44572,197,1,4,1,-81108,46.48,4935,8647,23.1539,40.5735,40.4105,18.8647,-67.81,568158489652,568318243112,1066160297370,1066320040960,-256.3,-260.9,41.4,44.4,1→4,39.2
44572,197,2,3,0,0,0.0,0,0,0.0,0.0,0.0,0.0,0.0,0,0,0,0,23.0,0.0,43.3,0.0,2→3,39.2
44572,197,2,4,0,0,0.0,0,0,0.0,0.0,0.0,0.0,0.0,0,0,0,0,23.0,0.0,43.3,0.0,2→4,39.2
44572,197,3,4,1,-7292,4.18,8408,8741,39.4484,41.0145,40.9555,3.6138,-77.37,187547714612,187707475165,1070136463111,1070296206848,-267.7,-260.9,41.6,44.4,3→4,39.2
44772,198,1,2,0,0,0.0,0,0,0.0,0.0,0.0,0.0,0.0,0,0,0,0,-256.3,0.0,41.4,0.0,1→2,39.4
44772,198,1,3,1,-74001,42.41,5447,8834,25.556,41.4517,41.3427,18.1715,-74.65,579659246132,579819000844,195072809655,195232553472,-256.3,-267.7,41.4,41.6,1→3,39.4
44772,198,1,4,1,-81161,46.52,4929,8644,23.1257,40.5568,40.3938,18.848,-68.17,580937222196,581096976012,1078939623466,1079099367424,-256.3,-260.9,41.4,44.4,1→4,39.4
44772,198,2,3,0,0,0.0,0,0,0.0,0.0,0.0,0.0,0.0,0,0,0,0,23.0,0.0,43.3,0.0,2→3,39.4
44772,198,2,4,0,0,0.0,0,0,0.0,0.0,0.0,0.0,0.0,0,0,0,0,23.0,0.0,43.3,0.0,2→4,39.4
44772,198,3,4,1,-7349,4.21,8405,8741,39.4343,41.0126,40.9286,3.5869,-76.38,200274914868,200434675216,1082863715278,1083023458816,-267.7,-260.9,41.6,44.4,3→4,39.4
44972,199,1,2,0,0,0.0,0,0,0.0,0.0,0.0,0.0,0.0,0,0,0,0,-256.3,0.0,41.4,0.0,1→2,39.6
44972,199,1,3,1,-74086,42.46,5451,8842,25.5748,41.4864,41.3773,18.2062,-73.27,592438005300,592597759747,207852110279,208011853824,-256.3,-267.7,41.4,41.6,1→3,39.6
44972,199,1,4,1,-81147,46.51,4929,8644,23.1257,40.5561,40.3931,18.8473,-67.55,593715690036,593875443686,1091718684881,1091878428672,-256.3,-260.9,41.4,44.4,1→4,39.6
44972,199,2,3,0,0,0.0,0,0,0.0,0.0,0.0,0.0,0.0,0,0,0,0,23.0,0.0,43.3,0.0,2→3,39.6
44972,199,2,4,0,0,0.0,0,0,0.0,0.0,0.0,0.0,0.0,0,0,0,0,23.0,0.0,43.3,0.0,2→4,39.6
44972,199,3,4,1,-7303,4.19,8410,8744,39.4577,41.0262,40.9672,3.6255,-77.56,213052110388,213211870827,1095640962941,1095800706560,-267.7,-260.9,41.6,44.4,3→4,39.6
45172,200,1,2,0,0,0.0,0,0,0.0,0.0,0.0,0.0,0.0,0,0,0,0,-256.3,0.0,41.4,0.0,1→2,39.8
45172,200,1,3,1,-73954,42.38,5444,8829,25.542,41.4252,41.3412,18.17,-75.57,605216764980,605376519635,220631411433,220791155200,-256.3,-267.7,41.4,41.6,1→3,39.8
45172,200,1,4,1,-81137,46.5,4934,8648,23.1492,40.5751,40.4121,18.8663,-67.62,606494767668,606654521075,4986728397,5146471936,-256.3,-260.9,41.4,43.4,1→4,39.8
45172,200,2,3,0,0,0.0,0,0,0.0,0.0,0.0,0.0,0.0,0,0,0,0,23.0,0.0,43.3,0.0,2→3,39.8
45172,200,2,4,0,0,0.0,0,0,0.0,0.0,0.0,0.0,0.0,0,0,0,0,23.0,0.0,43.3,0.0,2→4,39.8
45172,200,3,4,1,-7306,4.19,8406,8740,39.439,41.0104,40.9264,3.5847,-76.85,225833914420,225993674905,8911191368,9070935040,-267.7,-260.9,41.6,43.4,3→4,39.8
45372,201,1,2,0,0,0.0,0,0,0.0,0.0,0.0,0.0,0.0,0,0,0,0,-256.3,0.0,41.4,0.0,1→2,40.0
45372,201,1,3,1,-74051,42.44,5452,8842,25.5795,41.4859,41.3769,18.2057,-73.78,617995524148,618155278985,233410712132,233570456064,-256.3,-267.7,41.4,41.6,1→3,40.0
45372,201,1,4,1,-81126,46.5,4932,8645,23.1398,40.5633,40.4203,18.8745,-69.08,619273205812,619432959481,17765760195,17925504000,-256.3,-260.9,41.4,43.4,1→4,40.0
45372,201,2,3,0,0,0.0,0,0,0.0,0.0,0.0,0.0,0.0,0,0,0,0,23.0,0.0,43.3,0.0,2→3,40.0
45372,201,2,4,0,0,0.0,0,0,0.0,0.0,0.0,0.0,0.0,0,0,0,0,23.0,0.0,43.3,0.0,2→4,40.0
45372,201,3,4,1,-7287,4.18,8405,8739,39.4343,41.0017,40.9177,3.576,-76.97,238611632692,238771393272,21688961767,21848705536,-267.7,-260.9,41.6,43.4,3→4,40.0
45572,202,1,2,0,0,0.0,0,0,0.0,0.0,0.0,0.0,0.0,0,0,0,0,-256.3,0.0,41.4,0.0,1→2,40.2
45572,202,1,3,1,-74044,42.44,5450,8839,25.5701,41.475,41.366,18.1948,-74.24,630774283316,630934037780,246190012853,246349756416,-256.3,-267.7,41.4,41.6,1→3,40.2
45572,202,1,4,1,-81144,46.51,4932,8646,23.1398,40.5695,40.4065,18.8607,-67.56,632052155956,632211909310,30545304063,30705047552,-256.3,-260.9,41.4,43.4,1→4,40.2
45572,202,2,3,0,0,0.0,0,0,0.0,0.0,0.0,0.0,0.0,0,0,0,0,23.0,0.0,43.3,0.0,2→3,40.2
45572,202,2,4,0,0,0.0,0,0,0.0,0.0,0.0,0.0,0.0,0,0,0,0,23.0,0.0,43.3,0.0,2→4,40.2
45572,202,3,4,1,-7285,4.18,8407,8740,39.4437,41.0083,40.9243,3.5826,-76.8,251391696436,251551457080,34469077674,34628821504,-267.7,-260.9,41.6,43.4,3→4,40.2
45772,203,1,2,0,0,0.0,0,0,0.0,0.0,0.0,0.0,0.0,0,0,0,0,-256.3,0.0,41.4,0.0,1→2,40.4
45772,203,1,3,1,-74060,42.45,5448,8838,25.5607,41.469,41.36,18.1888,-74.03,643553036852,643712791404,258969307993,259129051648,-256.3,-267.7,41.4,41.6,1→3,40.4
45772,203,1,4,1,-81193,46.53,4928,8644,23.121,40.5589,40.396,18.8502,-67.71,644831019060,644990772565,43324760927,43484504576,-256.3,-260.9,41.4,44.4,1→4,40.4
45772,203,2,3,0,0,0.0,0,0,0.0,0.0,0.0,0.0,0.0,0,0,0,0,23.0,0.0,43.3,0.0,2→3,40.4
45772,203,2,4,0,0,0.0,0,0,0.0,0.0,0.0,0.0,0.0,0,0,0,0,23.0,0.0,43.3,0.0,2→4,40.4
45772,203,3,4,1,-7242,4.15,8407,8739,39.4437,41.0014,40.9424,3.6007,-78.48,264171310644,264331071359,47248744036,47408487936,-267.7,-260.9,41.6,44.4,3→4,40.4
45972,204,1,2,0,0,0.0,0,0,0.0,0.0,0.0,0.0,0.0,0,0,0,0,-256.3,0.0,41.4,0.0,1→2,40.6
45972,204,1,3,1,-74068,42.45,5447,8838,25.556,41.4661,41.3571,18.1859,-73.75,656331801652,656491556256,271748614435,271908358144,-256.3,-267.7,41.4,41.6,1→3,40.6
45972,204,1,4,1,-81268,46.58,4926,8646,23.1116,40.568,40.405,18.8592,-67.05,657609777716,657769531325,56104113396,56263857152,-256.3,-260.9,41.4,44.4,1→4,40.6
45972,204,2,3,0,0,0.0,0,0,0.0,0.0,0.0,0.0,0.0,0,0,0,0,23.0,0.0,43.3,0.0,2→3,40.6
45972,204,2,4,0,0,0.0,0,0,0.0,0.0,0.0,0.0,0.0,0,0,0,0,23.0,0.0,43.3,0.0,2→4,40.6
45972,204,3,4,1,-7248,4.15,8407,8739,39.4437,41.0027,40.9437,3.602,-78.06,276946437684,277106198490,60023923209,60183667200,-267.7,-260.9,41.6,44.4,3→4,40.6
46172,205,1,2,0,0,0.0,0,0,0.0,0.0,0.0,0.0,0.0,0,0,0,0,-256.3,0.0,41.4,0.0,1→2,40.8
46172,205,1,3,1,-74008,42.42,5448,8835,25.5607,41.4555,41.3715,18.2003,-75.25,669110560820,669270315419,284527915305,284687659008,-256.3,-267.7,41.4,41.6,1→3,40.8
46172,205,1,4,1,-81198,46.54,4930,8647,23.1304,40.5718,40.4088,18.863,-68.41,670388242996,670547996691,68883172518,69042916352,-256.3,-260.9,41.4,44.4,1→4,40.8
46172,205,2,3,0,0,0.0,0,0,0.0,0.0,0.0,0.0,0.0,0,0,0,0,23.0,0.0,43.3,0.0,2→3,40.8
46172,205,2,4,0,0,0.0,0,0,0.0,0.0,0.0,0.0,0.0,0,0,0,0,23.0,0.0,43.3,0.0,2→4,40.8
46172,205,3,4,1,-7325,4.2,8406,8741,39.439,41.0122,40.9282,3.5865,-76.88,289729160244,289888920580,72806697948,72966441472,-267.7,-260.9,41.6,44.4,3→4,40.8
46372,206,1,2,0,0,0.0,0,0,0.0,0.0,0.0,0.0,0.0,0,0,0,0,-256.3,0.0,41.4,0.0,1→2,41.0
46372,206,1,3,1,-74077,42.46,5442,8833,25.5326,41.4445,41.3355,18.1643,-74.46,681889319988,682049074528,297307216217,297466959872,-256.3,-267.7,41.4,41.6,1→3,41.0
46372,206,1,4,1,-81240,46.56,4933,8651,23.1445,40.5925,40.4295,18.8837,-68.8,683167192628,683326946327,81662716071,81822459904,-256.3,-260.9,41.4,44.4,1→4,41.0
46372,206,2,3,0,0,0.0,0,0,0.0,0.0,0.0,0.0,0.0,0,0,0,0,21.9,0.0,43.3,0.0,2→3,41.0
46372,206,2,4,0,0,0.0,0,0,0.0,0.0,0.0,0.0,0.0,0,0,0,0,21.9,0.0,43.3,0.0,2→4,41.0
46372,206,3,4,1,-7251,4.16,8410,8742,39.4577,41.0174,40.9584,3.6167,-77.54,302511583796,302671344199,85589173666,85748917248,-267.7,-260.9,41.6,44.4,3→4,41.0
46572,207,1,2,0,0,0.0,0,0,0.0,0.0,0.0,0.0,0.0,0,0,0,0,-256.3,0.0,41.4,0.0,1→2,41.2
46572,207,1,3,1,-74055,42.44,5444,8833,25.542,41.4469,41.3379,18.1667,-74.17,694668079156,694827833608,310086517172,310246260736,-256.3,-267.7,41.4,41.6,1→3,41.2
46572,207,1,4,1,-81239,46.56,4932,8650,23.1398,40.5876,40.4246,18.8788,-67.7,695946054708,696105808381,94442172095,94601915904,-256.3,-260.9,41.4,44.4,1→4,41.2
46572,207,2,3,0,0,0.0,0,0,0.0,0.0,0.0,0.0,0.0,0,0,0,0,21.9,0.0,43.3,0.0,2→3,41.2
46572,207,2,4,0,0,0.0,0,0,0.0,0.0,0.0,0.0,0.0,0,0,0,0,21.9,0.0,43.3,0.0,2→4,41.2
46572,207,3,4,1,-7342,4.21,8408,8744,39.4484,41.0252,40.9412,3.5995,-76.34,315286518324,315446278813,98364160327,98523904000,-267.7,-260.9,41.6,44.4,3→4,41.2
46772,208,1,2,0,0,0.0,0,0,0.0,0.0,0.0,0.0,0.0,0,0,0,0,-256.3,0.0,41.4,0.0,1→2,41.4
46772,208,1,3,1,-74071,42.45,5445,8835,25.5467,41.455,41.346,18.1748,-73.66,707446809140,707606563975,322865788983,323025532928,-256.3,-267.7,41.4,41.6,1→3,41.4
46772,208,1,4,1,-81186,46.53,4933,8649,23.1445,40.5833,40.4203,18.8745,-67.66,708724905012,708884658628,107221616379,107381360128,-256.3,-260.9,41.4,44.4,1→4,41.4
46772,208,2,3,0,0,0.0,0,0,0.0,0.0,0.0,0.0,0.0,0,0,0,0,21.9,0.0,43.3,0.0,2→3,41.4
46772,208,2,4,0,0,0.0,0,0,0.0,0.0,0.0,0.0,0.0,0,0,0,0,21.9,0.0,43.3,0.0,2→4,41.4
46772,208,3,4,1,-7232,4.14,8409,8740,39.453,41.0063,40.9473,3.6056,-77.3,328067610164,328227370731,111145304315,111305048064,-267.7,-260.9,41.6,44.4,3→4,41.4
46972,209,1,2,0,0,0.0,0,0,0.0,0.0,0.0,0.0,0.0,0,0,0,0,-256.3,0.0,41.4,0.0,1→2,41.6
46972,209,1,3,1,-74102,42.47,5442,8834,25.5326,41.4499,41.3409,18.1697,-74.65,720225596980,720385351633,335645118696,335804862464,-256.3,-267.7,41.4,41.6,1→3,41.6
46972,209,1,4,1,-81171,46.52,4932,8648,23.1398,40.5753,40.4123,18.8665,-67.94,721503572532,721663326055,120000877910,120160621568,-256.3,-260.9,41.4,44.4,1→4,41.6
46972,209,2,3,0,0,0.0,0,0,0.0,0.0,0.0,0.0,0.0,0,0,0,0,21.9,0.0,43.3,0.0,2→3,41.6
46972,209,2,4,0,0,0.0,0,0,0.0,0.0,0.0,0.0,0.0,0,0,0,0,21.9,0.0,43.3,0.0,2→4,41.6
46972,209,3,4,1,-7331,4.2,8405,8741,39.4343,41.0111,40.9271,3.5854,-75.46,340849365044,341009125681,123927111342,124086855168,-267.7,-260.9,41.6,44.4,3→4,41.6
47172,210,1,2,0,0,0.0,0,0,0.0,0.0,0.0,0.0,0.0,0,0,0,0,-256.3,0.0,41.4,0.0,1→2,41.8
47172,210,1,3,1,-74074,42.45,5444,8835,25.542,41.4533,41.3443,18.1731,-74.24,733004356148,733164110582,348424419783,348584163328,-256.3,-267.7,41.4,41.6,1→3,41.8
47172,210,1,4,1,-81298,46.59,4928,8649,23.121,40.5815,40.4185,18.8727,-67.63,734282037812,734441791190,132779937246,132939680768,-256.3,-260.9,41.4,44.4,1→4,41.8
47172,210,2,3,0,0,0.0,0,0,0.0,0.0,0.0,0.0,0.0,0,0,0,0,21.9,0.0,43.3,0.0,2→3,41.8
47172,210,2,4,0,0,0.0,0,0,0.0,0.0,0.0,0.0,0.0,0,0,0,0,21.9,0.0,43.3,0.0,2→4,41.8
47172,210,3,4,1,-7247,4.15,8411,8743,39.4624,41.0212,40.9372,3.5955,-76.68,353624876084,353784636817,136702674522,136862418432,-267.7,-260.9,41.6,44.4,3→4,41.8
47372,211,1,2,0,0,0.0,0,0,0.0,0.0,0.0,0.0,0.0,0,0,0,0,-256.3,0.0,41.4,0.0,1→2,42.0
47372,211,1,3,1,-74040,42.43,5443,8832,25.5373,41.439,41.33,18.1588,-73.17,745783114804,745942869469,361203720413,361363464192,-256.3,-267.7,41.4,41.6,1→3,42.0
47372,211,1,4,1,-81260,46.57,4931,8650,23.1351,40.5874,40.4244,18.8786,-67.34,747061090356,747220844010,145559583952,145719327744,-256.3,-260.9,41.4,44.4,1→4,42.0
47372,211,2,3,0,0,0.0,0,0,0.0,0.0,0.0,0.0,0.0,0,0,0,0,21.9,0.0,43.3,0.0,2→3,42.0
47372,211,2,4,0,0,0.0,0,0,0.0,0.0,0.0,0.0,0.0,0,0,0,0,21.9,0.0,43.3,0.0,2→4,42.0
47372,211,3,4,1,-7297,4.18,8412,8746,39.4671,41.0367,40.9777,3.636,-77.68,366403438644,366563199437,149481289248,149641033216,-267.7,-260.9,41.6,44.4,3→4,42.0
47572,212,1,2,0,0,0.0,0,0,0.0,0.0,0.0,0.0,0.0,0,0,0,0,-256.3,0.0,41.4,0.0,1→2,42.2
47572,212,1,3,1,-74131,42.49,5445,8838,25.5467,41.4679,41.3589,18.1877,-73.47,758561873460,758721628301,373983021105,374142765056,-256.3,-267.7,41.4,41.6,1→3,42.2
47572,212,1,4,1,-81197,46.54,4926,8642,23.1116,40.5504,40.3874,18.8416,-67.5,759839849524,759999602883,158338937325,158498680832,-256.3,-260.9,41.4,43.4,1→4,42.2
47572,212,2,3,0,0,0.0,0,0,0.0,0.0,0.0,0.0,0.0,0,0,0,0,23.0,0.0,43.3,0.0,2→3,42.2
47572,212,2,4,0,0,0.0,0,0,0.0,0.0,0.0,0.0,0.0,0,0,0,0,23.0,0.0,43.3,0.0,2→4,42.2
47572,212,3,4,1,-7275,4.17,8408,8741,39.4484,41.0132,40.9292,3.5875,-76.46,379186697780,379346458589,162264600584,162424344576,-267.7,-260.9,41.6,43.4,3→4,42.2
47772,213,1,2,0,0,0.0,0,0,0.0,0.0,0.0,0.0,0.0,0,0,0,0,-256.3,0.0,41.4,0.0,1→2,42.4
47772,213,1,3,1,-74118,42.48,5445,8837,25.5467,41.4651,41.3561,18.1849,-74.47,771340632116,771500386597,386762321817,386922065408,-256.3,-267.7,41.4,41.6,1→3,42.4
47772,213,1,4,1,-81288,46.59,4927,8648,23.1163,40.5747,40.4117,18.8659,-67.44,772618635316,772778388844,171118317382,171278061056,-256.3,-260.9,41.4,43.4,1→4,42.4
47772,213,2,3,0,0,0.0,0,0,0.0,0.0,0.0,0.0,0.0,0,0,0,0,23.0,0.0,43.3,0.0,2→3,42.4
47772,213,2,4,0,0,0.0,0,0,0.0,0.0,0.0,0.0,0.0,0,0,0,0,23.0,0.0,43.3,0.0,2→4,42.4
47772,213,3,4,1,-7318,4.19,8405,8740,39.4343,41.0083,40.9243,3.5826,-76.42,391976650804,392136411593,175054605846,175214349824,-267.7,-260.9,41.6,43.4,3→4,42.4
47972,214,1,2,0,0,0.0,0,0,0.0,0.0,0.0,0.0,0.0,0,0,0,0,-256.3,0.0,41.4,0.0,1→2,42.6
47972,214,1,3,1,-74178,42.51,5447,8843,25.556,41.4897,41.3807,18.2095,-73.5,784119391284,784279145900,399541623063,399701366784,-256.3,-267.7,41.4,41.6,1→3,42.6
47972,214,1,4,1,-81295,46.59,4925,8646,23.1069,40.5668,40.4038,18.858,-67.27,785397075508,785556829188,183897351850,184057095680,-256.3,-260.9,41.4,43.4,1→4,42.6
47972,214,2,3,0,0,0.0,0,0,0.0,0.0,0.0,0.0,0.0,0,0,0,0,23.0,0.0,43.3,0.0,2→3,42.6
47972,214,2,4,0,0,0.0,0,0,0.0,0.0,0.0,0.0,0.0,0,0,0,0,23.0,0.0,43.3,0.0,2→4,42.6
47972,214,3,4,1,-7222,4.14,8406,8737,39.439,40.9924,40.9084,3.5667,-76.22,404741795380,404901555723,187819802582,187979546112,-267.7,-260.9,41.6,43.4,3→4,42.6
48172,215,1,2,0,0,0.0,0,0,0.0,0.0,0.0,0.0,0.0,0,0,0,0,-256.3,0.0,41.4,0.0,1→2,42.8
48172,215,1,3,1,-74060,42.45,5441,8831,25.5279,41.4362,41.3272,18.156,-74.06,796898149940,797057904663,412320923808,412480667648,-256.3,-267.7,41.4,41.6,1→3,42.8
48172,215,1,4,1,-81222,46.55,4927,8645,23.1163,40.5629,40.3999,18.8541,-67.73,798175833140,798335586932,196676703807,196836447744,-256.3,-260.9,41.4,44.4,1→4,42.8
48172,215,2,3,0,0,0.0,0,0,0.0,0.0,0.0,0.0,0.0,0,0,0,0,23.0,0.0,43.3,0.0,2→3,42.8
48172,215,2,4,0,0,0.0,0,0,0.0,0.0,0.0,0.0,0.0,0,0,0,0,23.0,0.0,43.3,0.0,2→4,42.8
48172,215,3,4,1,-7266,4.16,8416,8749,39.4859,41.0488,40.9898,3.6481,-77.67,417522059828,417681820159,200600119286,200759862784,-267.7,-260.9,41.6,44.4,3→4,42.8
48372,216,1,2,0,0,0.0,0,0,0.0,0.0,0.0,0.0,0.0,0,0,0,0,-256.3,0.0,41.4,0.0,1→2,43.0
48372,216,1,3,1,-74098,42.47,5448,8840,25.5607,41.4772,41.3682,18.197,-73.54,809676908596,809836663412,425100224593,425259968512,-256.3,-267.7,41.4,41.6,1→3,43.0
48372,216,1,4,1,-81237,46.56,4935,8654,23.1539,40.6036,40.4406,18.8948,-67.23,810954592820,811114346671,209456057876,209615801856,-256.3,-260.9,41.4,44.4,1→4,43.0
48372,216,2,3,0,0,0.0,0,0,0.0,0.0,0.0,0.0,0.0,0,0,0,0,23.0,0.0,43.3,0.0,2→3,43.0
48372,216,2,4,0,0,0.0,0,0,0.0,0.0,0.0,0.0,0.0,0,0,0,0,23.0,0.0,43.3,0.0,2→4,43.0
48372,216,3,4,1,-7270,4.17,8409,8741,39.453,41.0144,40.9304,3.5887,-76.34,430301016628,430460777441,213379128325,213538872320,-267.7,-260.9,41.6,44.4,3→4,43.0
48572,217,1,2,0,0,0.0,0,0,0.0,0.0,0.0,0.0,0.0,0,0,0,0,-256.3,0.0,41.4,0.0,1→2,43.2
48572,217,1,3,1,-74101,42.47,5447,8839,25.556,41.4732,41.3642,18.193,-73.99,822455667252,822615422114,437879525409,438039269376,-256.3,-267.7,41.4,41.6,1→3,43.2
48572,217,1,4,1,-81321,46.61,4925,8647,23.1069,40.5724,40.4094,18.8636,-67.93,823733536820,823893290664,222235596294,222395340288,-256.3,-260.9,41.4,44.4,1→4,43.2
48572,217,2,3,0,0,0.0,0,0,0.0,0.0,0.0,0.0,0.0,0,0,0,0,23.0,0.0,43.3,0.0,2→3,43.2
48572,217,2,4,0,0,0.0,0,0,0.0,0.0,0.0,0.0,0.0,0,0,0,0,23.0,0.0,43.3,0.0,2→4,43.2
48572,217,3,4,1,-7346,4.21,8407,8743,39.4437,41.0214,40.9374,3.5957,-76.25,443084025396,443243786146,226162189376,226321933312,-267.7,-260.9,41.6,44.4,3→4,43.2
48772,218,1,2,0,0,0.0,0,0,0.0,0.0,0.0,0.0,0.0,0,0,0,0,-256.3,0.0,42.4,0.0,1→2,43.4
48772,218,1,3,1,-74116,42.48,5445,8838,25.5467,41.467,41.358,18.1868,-73.71,835234420276,835394174660,450658820603,450818564096,-256.3,-267.7,42.4,41.6,1→3,43.4
48772,218,1,4,1,-81293,46.59,4924,8645,23.1022,40.5617,40.3987,18.8529,-67.5,836512401460,836672155259,235015055409,235174799360,-256.3,-260.9,42.4,44.4,1→4,43.4
48772,218,2,3,0,0,0.0,0,0,0.0,0.0,0.0,0.0,0.0,0,0,0,0,21.9,0.0,43.3,0.0,2→3,43.4
48772,218,2,4,0,0,0.0,0,0,0.0,0.0,0.0,0.0,0.0,0,0,0,0,21.9,0.0,43.3,0.0,2→4,43.4
48772,218,3,4,1,-7293,4.18,8412,8745,39.4671,41.0334,40.9244,3.5827,-74.17,455862279220,456022039902,238940495502,239100239360,-267.7,-260.9,41.6,44.4,3→4,43.4
48972,219,1,2,0,0,0.0,0,0,0.0,0.0,0.0,0.0,0.0,0,0,0,0,-256.3,0.0,42.4,0.0,1→2,43.6
48972,219,1,3,1,-74093,42.46,5444,8835,25.542,41.455,41.346,18.1748,-73.99,848013184052,848172938458,463438126562,463597870080,-256.3,-267.7,42.4,41.6,1→3,43.6
48972,219,1,4,1,-81279,46.58,4927,8647,23.1163,40.5728,40.4098,18.864,-67.52,849291160116,849450913836,247794408582,247954152448,-256.3,-260.9,42.4,44.4,1→4,43.6
48972,219,2,3,0,0,0.0,0,0,0.0,0.0,0.0,0.0,0.0,0,0,0,0,21.9,0.0,43.3,0.0,2→3,43.6
48972,219,2,4,0,0,0.0,0,0,0.0,0.0,0.0,0.0,0.0,0,0,0,0,21.9,0.0,43.3,0.0,2→4,43.6
48972,219,3,4,1,-7303,4.19,8406,8740,39.439,41.0098,40.9008,3.5591,-74.92,468638246964,468798007516,251716515589,251876259328,-267.7,-260.9,41.6,44.4,3→4,43.6
49172,220,1,2,0,0,0.0,0,0,0.0,0.0,0.0,0.0,0.0,0,0,0,0,-256.3,0.0,42.4,0.0,1→2,43.8
49172,220,1,3,1,-74103,42.47,5441,8833,25.5279,41.4454,41.3364,18.1652,-73.3,860791942708,860951697127,476217427408,476377170944,-256.3,-267.7,42.4,41.6,1→3,43.8
49172,220,1,4,1,-81268,46.58,4929,8649,23.1257,40.5821,40.4191,18.8733,-68.75,862069626932,862229380530,260573469957,260733213696,-256.3,-260.9,42.4,44.4,1→4,43.8
49172,220,2,3,0,0,0.0,0,0,0.0,0.0,0.0,0.0,0.0,0,0,0,0,21.9,0.0,43.3,0.0,2→3,43.8
49172,220,2,4,0,0,0.0,0,0,0.0,0.0,0.0,0.0,0.0,0,0,0,0,21.9,0.0,43.3,0.0,2→4,43.8
49172,220,3,4,1,-7324,4.2,8405,8740,39.4343,41.0096,40.9256,3.5839,-75.97,481418256948,481578017356,264496577939,264656321536,-267.7,-260.9,41.6,44.4,3→4,43.8
49372,221,1,2,0,0,0.0,0,0,0.0,0.0,0.0,0.0,0.0,0,0,0,0,-256.3,0.0,41.4,0.0,1→2,44.0
49372,221,1,3,1,-74160,42.5,5441,8835,25.5279,41.4553,41.3463,18.1751,-74.17,873570701364,873730455784,488996728270,489156471808,-256.3,-267.7,41.4,41.6,1→3,44.0
49372,221,1,4,1,-81300,46.59,4930,8651,23.1304,40.5913,40.4283,18.8825,-67.27,874848677940,875008431336,273353115600,273512859136,-256.3,-260.9,41.4,44.4,1→4,44.0
49372,221,2,3,0,0,0.0,0,0,0.0,0.0,0.0,0.0,0.0,0,0,0,0,21.9,0.0,43.3,0.0,2→3,44.0
49372,221,2,4,0,0,0.0,0,0,0.0,0.0,0.0,0.0,0.0,0,0,0,0,21.9,0.0,43.3,0.0,2→4,44.0
49372,221,3,4,1,-7346,4.21,8408,8744,39.4484,41.0261,40.9421,3.6004,-76.5,494198980660,494358741362,277277354098,277437097984,-267.7,-260.9,41.6,44.4,3→4,44.0
49572,222,1,2,0,0,0.0,0,0,0.0,0.0,0.0,0.0,0.0,0,0,0,0,-256.3,0.0,41.4,0.0,1→2,44.2
49572,222,1,3,1,-74117,42.48,5440,8833,25.5232,41.4437,41.3347,18.1635,-73.89,886349460020,886509214416,501776029157,501935772672,-256.3,-267.7,41.4,41.6,1→3,44.2
49572,222,1,4,1,-81287,46.59,4924,8645,23.1022,40.5604,40.3974,18.8516,-68.48,887627332660,887787086319,286132364989,286292108800,-256.3,-260.9,41.4,44.4,1→4,44.2
49572,222,2,3,0,0,0.0,0,0,0.0,0.0,0.0,0.0,0.0,0,0,0,0,21.9,0.0,43.3,0.0,2→3,44.2
49572,222,2,4,0,0,0.0,0,0,0.0,0.0,0.0,0.0,0.0,0,0,0,0,21.9,0.0,43.3,0.0,2→4,44.2
49572,222,3,4,1,-7308,4.19,8401,8736,39.4155,40.9874,40.9284,3.5867,-77.37,506974370868,507134131348,290052796739,290212540416,-267.7,-260.9,41.6,44.4,3→4,44.2
49772,223,1,2,0,0,0.0,0,0,0.0,0.0,0.0,0.0,0.0,0,0,0,0,-256.3,0.0,41.4,0.0,1→2,44.4
49772,223,1,3,1,-74121,42.48,5444,8837,25.542,41.4634,41.3544,18.1832,-74.8,899128218164,899287973038,514555329551,514715073536,-256.3,-267.7,41.4,41.6,1→3,44.4
49772,223,1,4,1,-81263,46.57,4924,8643,23.1022,40.5552,40.3922,18.8464,-68.6,900405901364,900565654732,298911528416,299071271936,-256.3,-260.9,41.4,44.4,1→4,44.4
49772,223,2,3,0,0,0.0,0,0,0.0,0.0,0.0,0.0,0.0,0,0,0,0,21.9,0.0,43.3,0.0,2→3,44.4
49772,223,2,4,0,0,0.0,0,0,0.0,0.0,0.0,0.0,0.0,0,0,0,0,21.9,0.0,43.3,0.0,2→4,44.4
49772,223,3,4,1,-7377,4.23,8405,8743,39.4343,41.021,40.962,3.6203,-77.65,519756459572,519916220290,302834937949,302994681856,-267.7,-260.9,41.6,44.4,3→4,44.4
49972,224,1,2,0,0,0.0,0,0,0.0,0.0,0.0,0.0,0.0,0,0,0,0,-256.3,0.0,41.4,0.0,1→2,44.6
49972,224,1,3,1,-74178,42.51,5441,8837,25.5279,41.4616,41.3526,18.1814,-74.03,911906975796,912066730615,527334629440,527494373376,-256.3,-267.7,41.4,41.6,1→3,44.6
49972,224,1,4,1,-81298,46.59,4923,8645,23.0976,40.5604,40.3974,18.8516,-67.87,913184952884,913344706402,311691174729,311850918400,-256.3,-260.9,41.4,44.4,1→4,44.6
49972,224,2,3,0,0,0.0,0,0,0.0,0.0,0.0,0.0,0.0,0,0,0,0,21.9,0.0,43.3,0.0,2→3,44.6
49972,224,2,4,0,0,0.0,0,0,0.0,0.0,0.0,0.0,0.0,0,0,0,0,21.9,0.0,43.3,0.0,2→4,44.6
49972,224,3,4,1,-7331,4.2,8403,8739,39.4249,41.0017,40.9177,3.576,-76.92,532536359988,532696120387,315614890904,315774634496,-267.7,-260.9,41.6,44.4,3→4,44.6
50172,225,1,2,0,0,0.0,0,0,0.0,0.0,0.0,0.0,0.0,0,0,0,0,-256.3,0.0,41.4,0.0,1→2,44.8
50172,225,1,3,1,-74151,42.5,5445,8839,25.5467,41.4722,41.3632,18.192,-74.14,924685734964,924845489719,540113930887,540273674752,-256.3,-267.7,41.4,41.6,1→3,44.8
50172,225,1,4,1,-81331,46.61,4924,8647,23.1022,40.5698,40.4068,18.861,-68.53,925963419188,926123172824,324470235860,324629979648,-256.3,-260.9,41.4,44.4,1→4,44.8
50172,225,2,3,0,0,0.0,0,0,0.0,0.0,0.0,0.0,0.0,0,0,0,0,21.9,0.0,43.3,0.0,2→3,44.8
50172,225,2,4,0,0,0.0,0,0,0.0,0.0,0.0,0.0,0.0,0,0,0,0,21.9,0.0,43.3,0.0,2→4,44.8
50172,225,3,4,1,-7359,4.22,8402,8738,39.4202,41.0007,40.9167,3.575,-75.47,545314902068,545474662635,328393485549,328553229312,-267.7,-260.9,41.6,44.4,3→4,44.8
50372,226,1,2,0,0,0.0,0,0,0.0,0.0,0.0,0.0,0.0,0,0,0,0,-256.3,0.0,41.4,0.0,1→2,45.0
50372,226,1,3,1,-74137,42.49,5441,8835,25.5279,41.4528,41.3438,18.1726,-74.72,937464493108,937624247766,552893231329,553052975104,-256.3,-267.7,41.4,41.6,1→3,45.0
50372,226,1,4,1,-81274,46.58,4923,8643,23.0976,40.5553,40.4123,18.8665,-69.38,938742468660,938902222333,337249880238,337409624064,-256.3,-260.9,41.4,44.4,1→4,45.0
50372,226,2,3,0,0,0.0,0,0,0.0,0.0,0.0,0.0,0.0,0,0,0,0,21.9,0.0,43.3,0.0,2→3,45.0
50372,226,2,4,0,0,0.0,0,0,0.0,0.0,0.0,0.0,0.0,0,0,0,0,21.9,0.0,43.3,0.0,2→4,45.0
50372,226,3,4,1,-7409,4.25,8412,8751,39.4671,41.0584,40.9744,3.6327,-76.84,558093992500,558253753214,341172628590,341332372480,-267.7,-260.9,41.6,44.4,3→4,45.0
50572,227,1,2,0,0,0.0,0,0,0.0,0.0,0.0,0.0,0.0,0,0,0,0,-256.3,0.0,41.4,0.0,1→2,45.2
50572,227,1,3,1,-74016,42.42,5442,8830,25.5326,41.4314,41.3224,18.1512,-74.87,950243251252,950403005776,565672531817,565832275456,-256.3,-267.7,41.4,41.6,1→3,45.2
50572,227,1,4,1,-81354,46.63,4921,8645,23.0882,40.5607,40.3977,18.8519,-67.73,951521226804,951680980454,350029233344,350188977152,-256.3,-260.9,41.4,44.4,1→4,45.2
50572,227,2,3,0,0,0.0,0,0,0.0,0.0,0.0,0.0,0.0,0,0,0,0,21.9,0.0,43.3,0.0,2→3,45.2
50572,227,2,4,0,0,0.0,0,0,0.0,0.0,0.0,0.0,0.0,0,0,0,0,21.9,0.0,43.3,0.0,2→4,45.2
50572,227,3,4,1,-7345,4.21,8418,8754,39.4953,41.0751,40.9911,3.6494,-75.07,570999038516,571158799342,354077727755,354237471744,-267.7,-260.9,41.6,44.4,3→4,45.2
50772,228,1,2,0,0,0.0,0,0,0.0,0.0,0.0,0.0,0.0,0,0,0,0,-256.3,0.0,41.4,0.0,1→2,45.4
50772,228,1,3,1,-74121,42.48,5445,8837,25.5467,41.4658,41.3818,18.2106,-76.17,963022009396,963181764268,578451832338,578611576320,-256.3,-267.7,41.4,41.6,1→3,45.4
50772,228,1,4,1,-81400,46.65,4921,8647,23.0882,40.5729,40.4099,18.8641,-68.65,964299984948,964459738507,362808586524,362968330240,-256.3,-260.9,41.4,44.4,1→4,45.4
50772,228,2,3,0,0,0.0,0,0,0.0,0.0,0.0,0.0,0.0,0,0,0,0,21.9,0.0,43.3,0.0,2→3,45.4
50772,228,2,4,0,0,0.0,0,0,0.0,0.0,0.0,0.0,0.0,0,0,0,0,21.9,0.0,43.3,0.0,2→4,45.4
50772,228,3,4,1,-7400,4.24,8404,8743,39.4296,41.0212,40.9372,3.5955,-76.88,583653370420,583813130781,366732111808,366891855360,-267.7,-260.9,41.6,44.4,3→4,45.4
50972,229,1,2,0,0,0.0,0,0,0.0,0.0,0.0,0.0,0.0,0,0,0,0,-256.3,0.0,41.4,0.0,1→2,45.6
50972,229,1,3,1,-74152,42.5,5443,8837,25.5373,41.4654,41.3814,18.2102,-76.76,975800767540,975960522218,591231132881,591390876672,-256.3,-267.7,41.4,41.6,1→3,45.6
50972,229,1,4,1,-81381,46.64,4924,8649,23.1022,40.5806,40.4176,18.8718,-67.34,977078449204,977238202632,375587645860,375747389440,-256.3,-260.9,41.4,44.4,1→4,45.6
50972,229,2,3,0,0,0.0,0,0,0.0,0.0,0.0,0.0,0.0,0,0,0,0,21.9,0.0,43.3,0.0,2→3,45.6
50972,229,2,4,0,0,0.0,0,0,0.0,0.0,0.0,0.0,0.0,0,0,0,0,21.9,0.0,43.3,0.0,2→4,45.6
50972,229,3,4,1,-7384,4.23,8411,8749,39.4624,41.0483,40.9893,3.6476,-77.74,596429406260,596589166691,379508200327,379667943936,-267.7,-260.9,41.6,44.4,3→4,45.6
51172,230,1,2,0,0,0.0,0,0,0.0,0.0,0.0,0.0,0.0,0,0,0,0,-256.3,0.0,41.4,0.0,1→2,45.8
51172,230,1,3,1,-74066,42.45,5439,8829,25.5185,41.4258,41.3168,18.1456,-74.57,988579525684,988739280132,604010433454,604170177024,-256.3,-267.7,41.4,41.6,1→3,45.8
51172,230,1,4,1,-81320,46.61,4925,8647,23.1069,40.5722,40.4092,18.8634,-67.68,989857209908,990016963640,388367001718,388526745600,-256.3,-260.9,41.4,44.4,1→4,45.8
51172,230,2,3,0,0,0.0,0,0,0.0,0.0,0.0,0.0,0.0,0,0,0,0,21.9,0.0,43.3,0.0,2→3,45.8
51172,230,2,4,0,0,0.0,0,0,0.0,0.0,0.0,0.0,0.0,0,0,0,0,21.9,0.0,43.3,0.0,2→4,45.8
51172,230,3,4,1,-7317,4.19,8410,8745,39.4577,41.0316,40.9476,3.6059,-76.01,609211641396,609371401828,392290488197,392450231808,-267.7,-260.9,41.6,44.4,3→4,45.8
51372,231,1,2,0,0,0.0,0,0,0.0,0.0,0.0,0.0,0.0,0,0,0,0,-256.3,0.0,41.4,0.0,1→2,46.0
51372,231,1,3,1,-74179,42.51,5445,8840,25.5467,41.4782,41.3942,18.223,-75.02,1001358283828,1001518038526,616789734080,616949477888,-256.3,-267.7,41.4,41.6,1→3,46.0
51372,231,1,4,1,-81388,46.65,4925,8651,23.1069,40.5891,40.4261,18.8803,-67.82,1002635965492,1002795718953,401146352518,401306096128,-256.3,-260.9,41.4,44.4,1→4,46.0
51372,231,2,3,0,0,0.0,0,0,0.0,0.0,0.0,0.0,0.0,0,0,0,0,21.9,0.0,43.3,0.0,2→3,46.0
51372,231,2,4,0,0,0.0,0,0,0.0,0.0,0.0,0.0,0.0,0,0,0,0,21.9,0.0,43.3,0.0,2→4,46.0
51372,231,3,4,1,-7290,4.18,8405,8739,39.4343,41.0023,40.9183,3.5766,-76.91,621989519412,622149279837,405068418946,405228162560,-267.7,-260.9,41.6,44.4,3→4,46.0
51572,232,1,2,0,0,0.0,0,0,0.0,0.0,0.0,0.0,0.0,0,0,0,0,-256.3,0.0,41.4,0.0,1→2,46.2
51572,232,1,3,1,-74176,42.51,5447,8842,25.556,41.4869,41.3779,18.2067,-73.75,1014137041460,1014296795867,629569034215,629728777728,-256.3,-267.7,41.4,41.6,1→3,46.2
51572,232,1,4,1,-81301,46.6,4924,8646,23.1022,40.5657,40.4027,18.8569,-68.29,1015414914100,1015574667735,413925896406,414085640192,-256.3,-260.9,41.4,44.4,1→4,46.2
51572,232,2,3,0,0,0.0,0,0,0.0,0.0,0.0,0.0,0.0,0,0,0,0,21.9,0.0,43.3,0.0,2→3,46.2
51572,232,2,4,0,0,0.0,0,0,0.0,0.0,0.0,0.0,0.0,0,0,0,0,21.9,0.0,43.3,0.0,2→4,46.2
51572,232,3,4,1,-7352,4.21,8405,8742,39.4343,41.0156,40.9316,3.5899,-76.35,634767089204,634926849605,417846041498,418005785088,-267.7,-260.9,41.6,44.4,3→4,46.2
51772,233,1,2,0,0,0.0,0,0,0.0,0.0,0.0,0.0,0.0,0,0,0,0,-256.3,0.0,42.4,0.0,1→2,46.4
51772,233,1,3,1,-74154,42.5,5444,8838,25.542,41.4681,41.3591,18.1879,-73.54,1026915793972,1027075548577,642348329243,642508072960,-256.3,-267.7,42.4,41.6,1→3,46.4
51772,233,1,4,1,-81406,46.66,4922,8648,23.0929,40.5766,40.4136,18.8678,-68.85,1028193775156,1028353528946,426705352758,426865096704,-256.3,-260.9,42.4,44.4,1→4,46.4
51772,233,2,3,0,0,0.0,0,0,0.0,0.0,0.0,0.0,0.0,0,0,0,0,21.9,0.0,44.3,0.0,2→3,46.4
51772,233,2,4,0,0,0.0,0,0,0.0,0.0,0.0,0.0,0.0,0,0,0,0,21.9,0.0,44.3,0.0,2→4,46.4
51772,233,3,4,1,-7373,4.23,8402,8740,39.4202,41.0061,40.9471,3.6054,-77.4,647550083636,647709843955,430629088742,430788832256,-267.7,-260.9,41.6,44.4,3→4,46.4
51972,234,1,2,0,0,0.0,0,0,0.0,0.0,0.0,0.0,0.0,0,0,0,0,-256.3,0.0,42.4,0.0,1→2,46.6
51972,234,1,3,1,-74184,42.52,5442,8837,25.5326,41.4652,41.3812,18.21,-75.89,1039694557236,1039854312028,655127635036,655287378944,-256.3,-267.7,42.4,41.6,1→3,46.6
51972,234,1,4,1,-81322,46.61,4921,8643,23.0882,40.5538,40.3908,18.845,-68.06,1040972241460,1041131994857,439484414397,439644157952,-256.3,-260.9,42.4,44.4,1→4,46.6
51972,234,2,3,0,0,0.0,0,0,0.0,0.0,0.0,0.0,0.0,0,0,0,0,21.9,0.0,44.3,0.0,2→3,46.6
51972,234,2,4,0,0,0.0,0,0,0.0,0.0,0.0,0.0,0.0,0,0,0,0,21.9,0.0,44.3,0.0,2→4,46.6
51972,234,3,4,1,-7411,4.25,8413,8752,39.4718,41.0635,40.9545,3.6128,-74.51,660328127028,660487887789,443407184961,443566928896,-267.7,-260.9,41.6,44.4,3→4,46.6
52172,235,1,2,0,0,0.0,0,0,0.0,0.0,0.0,0.0,0.0,0,0,0,0,-256.3,0.0,42.4,0.0,1→2,46.8
52172,235,1,3,1,-74175,42.51,5442,8837,25.5326,41.4656,41.3566,18.1854,-73.89,1052473315380,1052633069837,667906935724,668066679296,-256.3,-267.7,42.4,41.6,1→3,46.8
52172,235,1,4,1,-81392,46.65,4925,8650,23.1069,40.5876,40.4246,18.8788,-68.53,1053750999604,1053910753061,452263767945,452423511552,-256.3,-260.9,42.4,44.4,1→4,46.8
52172,235,2,3,0,0,0.0,0,0,0.0,0.0,0.0,0.0,0.0,0,0,0,0,21.9,0.0,44.3,0.0,2→3,46.8
52172,235,2,4,0,0,0.0,0,0,0.0,0.0,0.0,0.0,0.0,0,0,0,0,21.9,0.0,44.3,0.0,2→4,46.8
52172,235,3,4,1,-7367,4.22,8405,8742,39.4343,41.0188,40.9348,3.5931,-76.63,673106201140,673265961769,456185311926,456345055744,-267.7,-260.9,41.6,44.4,3→4,46.8
52372,236,1,2,0,0,0.0,0,0,0.0,0.0,0.0,0.0,0.0,0,0,0,0,-256.3,0.0,42.4,0.0,1→2,47.0
52372,236,1,3,1,-74177,42.51,5447,8843,25.556,41.4895,41.3805,18.2093,-73.68,1065252073012,1065411827616,680686235939,680845979648,-256.3,-267.7,42.4,41.6,1→3,47.0
52372,236,1,4,1,-81472,46.69,4924,8653,23.1022,40.6001,40.4371,18.8913,-68.21,1066530074164,1066689827612,465043437968,465203181568,-256.3,-260.9,42.4,44.4,1→4,47.0
52372,236,2,3,0,0,0.0,0,0,0.0,0.0,0.0,0.0,0.0,0,0,0,0,21.9,0.0,44.3,0.0,2→3,47.0
52372,236,2,4,0,0,0.0,0,0,0.0,0.0,0.0,0.0,0.0,0,0,0,0,21.9,0.0,44.3,0.0,2→4,47.0
52372,236,3,4,1,-7394,4.24,8399,8737,39.4061,40.9941,40.9101,3.5684,-76.91,685890680884,686050441354,468969844552,469129588224,-267.7,-260.9,41.6,44.4,3→4,47.0
52572,237,1,2,0,0,0.0,0,0,0.0,0.0,0.0,0.0,0.0,0,0,0,0,-256.3,0.0,42.4,0.0,1→2,47.2
52572,237,1,3,1,-74156,42.5,5443,8837,25.5373,41.4639,41.3549,18.1837,-73.89,1078030829108,1078190583820,693465534638,693625278464,-256.3,-267.7,42.4,41.6,1→3,47.2
52572,237,1,4,1,-81442,46.68,4920,8648,23.0835,40.5749,40.4119,18.8661,-68.21,1079309022772,1079468776164,477822982080,477982725632,-256.3,-260.9,42.4,44.4,1→4,47.2
52572,237,2,3,0,0,0.0,0,0,0.0,0.0,0.0,0.0,0.0,0,0,0,0,21.9,0.0,44.3,0.0,2→3,47.2
52572,237,2,4,0,0,0.0,0,0,0.0,0.0,0.0,0.0,0.0,0,0,0,0,21.9,0.0,44.3,0.0,2→4,47.2
52572,237,3,4,0,0,0.0,0,0,0.0,0.0,0.0,0.0,0.0,0,0,0,0,-267.7,0.0,41.6,0.0,3→4,47.2
52772,238,1,2,0,0,0.0,0,0,0.0,0.0,0.0,0.0,0.0,0,0,0,0,-256.3,0.0,42.4,0.0,1→2,47.4
52772,238,1,3,1,-74172,42.51,5444,8839,25.542,41.472,41.363,18.1918,-73.55,1090809969716,1090969724562,706245217834,706404961792,-256.3,-267.7,42.4,41.6,1→3,47.4
52772,238,1,4,1,-81411,46.66,4921,8648,23.0882,40.5753,40.4123,18.8665,-68.46,1092087973940,1092247727754,490602528797,490762272768,-256.3,-260.9,42.4,44.4,1→4,47.4
52772,238,2,3,0,0,0.0,0,0,0.0,0.0,0.0,0.0,0.0,0,0,0,0,21.9,0.0,44.3,0.0,2→3,47.4
52772,238,2,4,0,0,0.0,0,0,0.0,0.0,0.0,0.0,0.0,0,0,0,0,21.9,0.0,44.3,0.0,2→4,47.4
52772,238,3,4,1,-7350,4.21,8399,8735,39.4061,40.987,40.928,3.5863,-77.91,711464238644,711623999160,494543508251,494703251968,-267.7,-260.9,41.6,44.4,3→4,47.4
52972,239,1,2,0,0,0.0,0,0,0.0,0.0,0.0,0.0,0.0,0,0,0,0,-256.3,0.0,42.4,0.0,1→2,47.6
52972,239,1,3,1,-74084,42.46,5448,8839,25.5607,41.4742,41.3902,18.219,-75.51,4077099572,4236853972,719024518129,719184261632,-256.3,-267.7,42.4,41.6,1→3,47.6
52972,239,1,4,1,-81388,46.65,4920,8646,23.0835,40.5657,40.4027,18.8569,-68.53,5355102260,5514855931,503381880490,503541624320,-256.3,-260.9,42.4,44.4,1→4,47.6
52972,239,2,3,0,0,0.0,0,0,0.0,0.0,0.0,0.0,0.0,0,0,0,0,23.0,0.0,44.3,0.0,2→3,47.6
52972,239,2,4,0,0,0.0,0,0,0.0,0.0,0.0,0.0,0.0,0,0,0,0,23.0,0.0,44.3,0.0,2→4,47.6
52972,239,3,4,1,-7390,4.24,8410,8748,39.4577,41.0449,40.9609,3.6192,-75.61,724227709492,724387469894,507307031970,507466775552,-267.7,-260.9,41.6,44.4,3→4,47.6
53172,240,1,2,0,0,0.0,0,0,0.0,0.0,0.0,0.0,0.0,0,0,0,0,-256.3,0.0,42.4,0.0,1→2,47.8
53172,240,1,3,1,-74198,42.52,5443,8840,25.5373,41.4752,41.3662,18.195,-73.34,16855857204,17015611633,731803818442,731963561984,-256.3,-267.7,42.4,41.6,1→3,47.8
53172,240,1,4,1,-81378,46.64,4921,8646,23.0882,40.5682,40.4052,18.8594,-68.88,18134049332,18293802805,516161423218,516321166848,-256.3,-260.9,42.4,44.4,1→4,47.8
53172,240,2,3,0,0,0.0,0,0,0.0,0.0,0.0,0.0,0.0,0,0,0,0,23.0,0.0,44.3,0.0,2→3,47.8
53172,240,2,4,0,0,0.0,0,0,0.0,0.0,0.0,0.0,0.0,0,0,0,0,23.0,0.0,44.3,0.0,2→4,47.8
53172,240,3,4,1,-7468,4.28,8402,8744,39.4202,41.0265,40.9425,3.6008,-76.96,737003232308,737162992989,520082607740,520242351616,-267.7,-260.9,41.6,44.4,3→4,47.8
53372,241,1,2,0,0,0.0,0,0,0.0,0.0,0.0,0.0,0.0,0,0,0,0,-256.3,0.0,42.4,0.0,1→2,48.0
53372,241,1,3,1,-74136,42.49,5448,8841,25.5607,41.483,41.374,18.2028,-73.27,29634614836,29794369270,744583118798,744742862336,-256.3,-267.7,42.4,41.6,1→3,48.0
53372,241,1,4,1,-81368,46.63,4921,8645,23.0882,40.5637,40.4007,18.8549,-67.67,30912596020,31072349774,528940565592,529100309504,-256.3,-260.9,42.4,44.4,1→4,48.0
53372,241,2,3,0,0,0.0,0,0,0.0,0.0,0.0,0.0,0.0,0,0,0,0,23.0,0.0,44.3,0.0,2→3,48.0
53372,241,2,4,0,0,0.0,0,0,0.0,0.0,0.0,0.0,0.0,0,0,0,0,23.0,0.0,44.3,0.0,2→4,48.0
53372,241,3,4,1,-7386,4.23,8408,8746,39.4484,41.037,40.978,3.6363,-77.83,749785047604,749944808030,532864476039,533024219648,-267.7,-260.9,41.6,44.4,3→4,48.0
53572,242,1,2,0,0,0.0,0,0,0.0,0.0,0.0,0.0,0.0,0,0,0,0,-256.3,0.0,42.4,0.0,1→2,48.2
53572,242,1,3,1,-74147,42.5,5442,8836,25.5326,41.4572,41.3302,18.159,-72.86,42413371956,42573126358,757362418658,757522162176,-256.3,-267.7,42.4,41.6,1→3,48.2
53572,242,1,4,1,-81421,46.66,4922,8649,23.0929,40.5821,40.4191,18.8733,-68.02,43691055668,43850809135,541719620986,541879364608,-256.3,-260.9,42.4,44.4,1→4,48.2
53572,242,2,3,0,0,0.0,0,0,0.0,0.0,0.0,0.0,0.0,0,0,0,0,21.9,0.0,44.3,0.0,2→3,48.2
53572,242,2,4,0,0,0.0,0,0,0.0,0.0,0.0,0.0,0.0,0,0,0,0,21.9,0.0,44.3,0.0,2→4,48.2
53572,242,3,4,1,-7409,4.25,8399,8738,39.4061,40.9997,40.9157,3.574,-76.01,762564841524,762724602167,545644322972,545804066816,-267.7,-260.9,41.6,44.4,3→4,48.2
53772,243,1,2,0,0,0.0,0,0,0.0,0.0,0.0,0.0,0.0,0,0,0,0,-256.3,0.0,42.4,0.0,1→2,48.4
53772,243,1,3,1,-74201,42.53,5441,8838,25.5279,41.4665,41.3575,18.1863,-73.3,55192129588,55351884456,770141719055,770301463040,-256.3,-267.7,42.4,41.6,1→3,48.4
53772,243,1,4,1,-81466,46.69,4920,8649,23.0835,40.5801,40.4171,18.8713,-67.69,56470110260,56629863874,554499271394,554659015168,-256.3,-260.9,42.4,44.4,1→4,48.4
53772,243,2,3,0,0,0.0,0,0,0.0,0.0,0.0,0.0,0.0,0,0,0,0,21.9,0.0,44.3,0.0,2→3,48.4
53772,243,2,4,0,0,0.0,0,0,0.0,0.0,0.0,0.0,0.0,0,0,0,0,21.9,0.0,44.3,0.0,2→4,48.4
53772,243,3,4,1,-7438,4.26,8405,8745,39.4343,41.0341,40.9751,3.6334,-77.2,775343302196,775503062542,558422836689,558582580224,-267.7,-260.9,41.6,44.4,3→4,48.4
53972,244,1,2,0,0,0.0,0,0,0.0,0.0,0.0,0.0,0.0,0,0,0,0,-256.3,0.0,42.4,0.0,1→2,48.6
53972,244,1,3,1,-74165,42.51,5442,8837,25.5326,41.4611,41.3521,18.1809,-73.03,67970887220,68130642020,782921019476,783080763392,-256.3,-267.7,42.4,41.6,1→3,48.6
53972,244,1,4,1,-81457,46.68,4916,8644,23.0647,40.5594,40.3964,18.8506,-68.36,69249079348,69408833044,567278836360,567438580224,-256.3,-260.9,42.4,44.4,1→4,48.6
53972,244,2,3,0,0,0.0,0,0,0.0,0.0,0.0,0.0,0.0,0,0,0,0,21.9,0.0,44.3,0.0,2→3,48.6
53972,244,2,4,0,0,0.0,0,0,0.0,0.0,0.0,0.0,0.0,0,0,0,0,21.9,0.0,44.3,0.0,2→4,48.6
53972,244,3,4,1,-7449,4.27,8404,8744,39.4296,41.0294,40.9454,3.6037,-75.79,788123640372,788283400864,571203227964,571362971648,-267.7,-260.9,41.6,44.4,3→4,48.6
54172,245,1,2,0,0,0.0,0,0,0.0,0.0,0.0,0.0,0.0,0,0,0,0,-256.3,0.0,42.4,0.0,1→2,48.8
54172,245,1,3,1,-74262,42.56,5444,8843,25.542,41.4937,41.3847,18.2135,-73.83,80749644340,80909399053,795700319408,795860063232,-256.3,-267.7,42.4,41.6,1→3,48.8
54172,245,1,4,1,-81474,46.69,4920,8650,23.0835,40.5841,40.4211,18.8753,-68.21,82027835956,82187589693,580058188904,580217932800,-256.3,-260.9,42.4,44.4,1→4,48.8
54172,245,2,3,0,0,0.0,0,0,0.0,0.0,0.0,0.0,0.0,0,0,0,0,21.9,0.0,44.3,0.0,2→3,48.8
54172,245,2,4,0,0,0.0,0,0,0.0,0.0,0.0,0.0,0.0,0,0,0,0,21.9,0.0,44.3,0.0,2→4,48.8
54172,245,3,4,1,-7364,4.22,8404,8741,39.4296,41.0135,40.9295,3.5878,-76.79,800903199796,801062960406,583982840519,584142584320,-267.7,-260.9,41.6,44.4,3→4,48.8
54372,246,1,2,0,0,0.0,0,0,0.0,0.0,0.0,0.0,0.0,0,0,0,0,-256.3,0.0,42.4,0.0,1→2,49.0
54372,246,1,3,1,-74254,42.56,5440,8839,25.5232,41.4708,41.3868,18.2156,-75.39,93528401972,93688156560,808479619876,808639363584,-256.3,-267.7,42.4,41.6,1→3,49.0
54372,246,1,4,1,-81500,46.71,4919,8649,23.0788,40.5827,40.4197,18.8739,-68.39,94806594100,94966347808,592837543042,592997286912,-256.3,-260.9,42.4,44.4,1→4,49.0
54372,246,2,3,0,0,0.0,0,0,0.0,0.0,0.0,0.0,0.0,0,0,0,0,21.9,0.0,44.3,0.0,2→3,49.0
54372,246,2,4,0,0,0.0,0,0,0.0,0.0,0.0,0.0,0.0,0,0,0,0,21.9,0.0,44.3,0.0,2→4,49.0
54372,246,3,4,1,-7438,4.26,8403,8743,39.4249,41.0224,40.9384,3.5967,-76.38,813678367284,813838128006,596758061140,596917805056,-267.7,-260.9,41.6,44.4,3→4,49.0
54572,247,1,2,0,0,0.0,0,0,0.0,0.0,0.0,0.0,0.0,0,0,0,0,-256.3,0.0,42.4,0.0,1→2,49.2
54572,247,1,3,1,-74153,42.5,5445,8839,25.5467,41.4749,41.3659,18.1947,-73.34,106307159092,106466913534,821258919873,821418663424,-256.3,-267.7,42.4,41.6,1→3,49.2
54572,247,1,4,1,-81482,46.7,4919,8649,23.0788,40.5812,40.4182,18.8724,-68.95,107585350708,107745104330,605616895705,605776639488,-256.3,-260.9,42.4,44.4,1→4,49.2
54572,247,2,3,0,0,0.0,0,0,0.0,0.0,0.0,0.0,0.0,0,0,0,0,21.9,0.0,44.3,0.0,2→3,49.2
54572,247,2,4,0,0,0.0,0,0,0.0,0.0,0.0,0.0,0.0,0,0,0,0,21.9,0.0,44.3,0.0,2→4,49.2
54572,247,3,4,1,-7508,4.3,8398,8742,39.4014,41.0163,40.9323,3.5906,-75.41,826458477108,826618237869,609538224164,609697968128,-267.7,-260.9,41.6,44.4,3→4,49.2
54772,248,1,2,0,0,0.0,0,0,0.0,0.0,0.0,0.0,0.0,0,0,0,0,-256.3,0.0,42.4,0.0,1→2,49.4
54772,248,1,3,1,-74198,42.52,5445,8841,25.5467,41.4823,41.3733,18.2021,-74.88,119085916724,119245671505,834038220397,834197964288,-256.3,-267.7,42.4,41.6,1→3,49.4
54772,248,1,4,1,-81469,46.69,4920,8649,23.0835,40.5807,40.4177,18.8719,-67.64,120364107828,120523861291,618396248953,618555992576,-256.3,-260.9,42.4,44.4,1→4,49.4
54772,248,2,3,0,0,0.0,0,0,0.0,0.0,0.0,0.0,0.0,0,0,0,0,21.9,0.0,44.3,0.0,2→3,49.4
54772,248,2,4,0,0,0.0,0,0,0.0,0.0,0.0,0.0,0.0,0,0,0,0,21.9,0.0,44.3,0.0,2→4,49.4
54772,248,3,4,1,-7432,4.26,8407,8747,39.4437,41.0422,40.9832,3.6415,-77.2,839269166644,839428927302,622348967069,622508710912,-267.7,-260.9,41.6,44.4,3→4,49.4
54972,249,1,2,0,0,0.0,0,0,0.0,0.0,0.0,0.0,0.0,0,0,0,0,-256.3,0.0,42.4,0.0,1→2,49.6
54972,249,1,3,1,-74196,42.52,5443,8839,25.5373,41.4748,41.3658,18.1946,-73.23,131864673844,132024428410,846817520449,846977264128,-256.3,-267.7,42.4,41.6,1→3,49.6
54972,249,1,4,1,-81464,46.69,4913,8642,23.0506,40.5468,40.3838,18.838,-68.29,133142676532,133302430289,631175413829,631335157760,-256.3,-260.9,42.4,44.4,1→4,49.6
54972,249,2,3,0,0,0.0,0,0,0.0,0.0,0.0,0.0,0.0,0,0,0,0,21.9,0.0,44.3,0.0,2→3,49.6
54972,249,2,4,0,0,0.0,0,0,0.0,0.0,0.0,0.0,0.0,0,0,0,0,21.9,0.0,44.3,0.0,2→4,49.6
54972,249,3,4,1,-7451,4.27,8404,8745,39.4296,41.0322,40.9482,3.6065,-76.1,852018048564,852177809323,635097902130,635257646080,-267.7,-260.9,41.6,44.4,3→4,49.6
55172,250,1,2,0,0,0.0,0,0,0.0,0.0,0.0,0.0,0.0,0,0,0,0,-256.3,0.0,42.4,0.0,1→2,49.8
55172,250,1,3,1,-74228,42.54,5441,8839,25.5279,41.4723,41.3633,18.1921,-73.2,144643430964,144803185804,859596820523,859756564480,-256.3,-267.7,42.4,41.6,1→3,49.8
55172,250,1,4,1,-81541,46.73,4917,8649,23.0694,40.5821,40.4191,18.8733,-68.19,145921435188,146081188674,643954768732,644114512384,-256.3,-260.9,42.4,44.4,1→4,49.8
55172,250,2,3,0,0,0.0,0,0,0.0,0.0,0.0,0.0,0.0,0,0,0,0,21.9,0.0,44.3,0.0,2→3,49.8
55172,250,2,4,0,0,0.0,0,0,0.0,0.0,0.0,0.0,0.0,0,0,0,0,21.9,0.0,44.3,0.0,2→4,49.8
55172,250,3,4,1,-7471,4.28,8399,8740,39.4061,41.0107,40.9267,3.585,-75.98,864798049844,864957810556,647877956694,648037700608,-267.7,-260.9,41.6,44.4,3→4,49.8
55372,251,1,2,0,0,0.0,0,0,0.0,0.0,0.0,0.0,0.0,0,0,0,0,-256.3,0.0,42.4,0.0,1→2,50.0
55372,251,1,3,1,-74204,42.53,5440,8836,25.5232,41.4601,41.3511,18.1799,-73.44,157422188084,157581942654,872376120630,872535864320,-256.3,-267.7,42.4,41.6,1→3,50.0
55372,251,1,4,1,-81558,46.74,4917,8650,23.0694,40.5881,40.4251,18.8793,-68.38,158700169268,158859922944,656734099103,656893842944,-256.3,-260.9,42.4,44.4,1→4,50.0
55372,251,2,3,0,0,0.0,0,0,0.0,0.0,0.0,0.0,0.0,0,0,0,0,21.9,0.0,44.3,0.0,2→3,50.0
55372,251,2,4,0,0,0.0,0,0,0.0,0.0,0.0,0.0,0.0,0,0,0,0,21.9,0.0,44.3,0.0,2→4,50.0
55372,251,3,4,1,-7415,4.25,8406,8745,39.439,41.0338,40.9498,3.6081,-75.15,877578671156,877738431810,660658631327,660818375168,-267.7,-260.9,41.6,44.4,3→4,50.0
55572,252,1,2,0,0,0.0,0,0,0.0,0.0,0.0,0.0,0.0,0,0,0,0,-256.3,0.0,42.4,0.0,1→2,50.2
55572,252,1,3,1,-74216,42.53,5443,8840,25.5373,41.4768,41.3678,18.1966,-73.48,170200945204,170360699999,885155420763,885315164672,-256.3,-267.7,42.4,41.6,1→3,50.2
55572,252,1,4,1,-81550,46.74,4914,8647,23.0553,40.5723,40.4093,18.8635,-68.51,171478947892,171638701697,669513474072,669673218048,-256.3,-260.9,42.4,44.4,1→4,50.2
55572,252,2,3,0,0,0.0,0,0,0.0,0.0,0.0,0.0,0.0,0,0,0,0,21.9,0.0,44.3,0.0,2→3,50.2
55572,252,2,4,0,0,0.0,0,0,0.0,0.0,0.0,0.0,0.0,0,0,0,0,21.9,0.0,44.3,0.0,2→4,50.2
55572,252,3,4,1,-7484,4.29,8407,8749,39.4437,41.051,40.992,3.6503,-77.26,890355958324,890515718885,673435971837,673595715584,-267.7,-260.9,41.6,44.4,3→4,50.2
55772,253,1,2,0,0,0.0,0,0,0.0,0.0,0.0,0.0,0.0,0,0,0,0,-256.3,0.0,42.4,0.0,1→2,50.4
55772,253,1,3,1,-74226,42.54,5439,8836,25.5185,41.4601,41.3511,18.1799,-73.72,182979701812,183139456278,897934720412,898094464000,-256.3,-267.7,42.4,41.6,1→3,50.4
55772,253,1,4,1,-81519,46.72,4917,8648,23.0694,40.5773,40.4143,18.8685,-68.26,184257893428,184417646792,682293016022,682452759552,-256.3,-260.9,42.4,44.4,1→4,50.4
55772,253,2,3,0,0,0.0,0,0,0.0,0.0,0.0,0.0,0.0,0,0,0,0,21.9,0.0,44.3,0.0,2→3,50.4
55772,253,2,4,0,0,0.0,0,0,0.0,0.0,0.0,0.0,0.0,0,0,0,0,21.9,0.0,44.3,0.0,2→4,50.4
55772,253,3,4,1,-7476,4.28,8406,8748,39.439,41.0446,40.9356,3.5939,-74.28,903136721972,903296482424,686216788840,686376532480,-267.7,-260.9,41.6,44.4,3→4,50.4
55972,254,1,2,0,0,0.0,0,0,0.0,0.0,0.0,0.0,0.0,0,0,0,0,-256.3,0.0,42.4,0.0,1→2,50.6
55972,254,1,3,1,-74247,42.55,5441,8839,25.5279,41.474,41.365,18.1938,-74.01,195758458932,195918213555,910714020611,910873764352,-256.3,-267.7,42.4,41.6,1→3,50.6
55972,254,1,4,1,-81590,46.76,4916,8651,23.0647,40.5902,40.4272,18.8815,-68.55,197036439604,197196193001,695072158644,695231902208,-256.3,-260.9,42.4,44.4,1→4,50.6
55972,254,2,3,0,0,0.0,0,0,0.0,0.0,0.0,0.0,0.0,0,0,0,0,21.9,0.0,44.3,0.0,2→3,50.6
55972,254,2,4,0,0,0.0,0,0,0.0,0.0,0.0,0.0,0.0,0,0,0,0,21.9,0.0,44.3,0.0,2→4,50.6
55972,254,3,4,1,-7431,4.26,8409,8749,39.453,41.0514,40.9674,3.6257,-76.58,915916921908,916076682719,698997042184,699156786176,-267.7,-260.9,41.6,44.4,3→4,50.6
56172,255,1,2,0,0,0.0,0,0,0.0,0.0,0.0,0.0,0.0,0,0,0,0,-256.3,0.0,42.4,0.0,1→2,50.8
56172,255,1,3,1,-74245,42.55,5445,8843,25.5467,41.4924,41.3834,18.2122,-73.23,208537216052,208696970808,923493320838,923653064704,-256.3,-267.7,42.4,41.6,1→3,50.8
56172,255,1,4,1,-81447,46.68,4917,8645,23.0694,40.5619,40.3989,18.8531,-67.57,209815220276,209974973634,707851535836,708011279360,-256.3,-260.9,42.4,44.4,1→4,50.8
56172,255,2,3,0,0,0.0,0,0,0.0,0.0,0.0,0.0,0.0,0,0,0,0,21.9,0.0,44.3,0.0,2→3,50.8
56172,255,2,4,0,0,0.0,0,0,0.0,0.0,0.0,0.0,0.0,0,0,0,0,21.9,0.0,44.3,0.0,2→4,50.8
56172,255,3,4,1,-7502,4.3,8401,8744,39.4155,41.0291,40.9451,3.6034,-75.83,928690794548,928850555199,711770968216,711930712064,-267.7,-260.9,41.6,44.4,3→4,50.8
56372,256,1,2,0,0,0.0,0,0,0.0,0.0,0.0,0.0,0.0,0,0,0,0,-256.3,0.0,42.4,0.0,1→2,51.0
56372,256,1,3,1,-74189,42.52,5443,8839,25.5373,41.4733,41.3643,18.1931,-74.8,221315972660,221475727534,936272620557,936432364544,-256.3,-267.7,42.4,41.6,1→3,51.0
56372,256,1,4,1,-81528,46.73,4918,8650,23.0741,40.584,40.421,18.8752,-68.85,222593953332,222753707119,720630865457,720790609408,-256.3,-260.9,42.4,44.4,1→4,51.0
56372,256,2,3,0,0,0.0,0,0,0.0,0.0,0.0,0.0,0.0,0,0,0,0,21.9,0.0,44.3,0.0,2→3,51.0
56372,256,2,4,0,0,0.0,0,0,0.0,0.0,0.0,0.0,0.0,0,0,0,0,21.9,0.0,44.3,0.0,2→4,51.0
56372,256,3,4,1,-7446,4.27,8402,8742,39.4202,41.0194,40.9354,3.5937,-76.84,941473422388,941633182820,724553649524,724713393152,-267.7,-260.9,41.6,44.4,3→4,51.0
56572,257,1,2,0,0,0.0,0,0,0.0,0.0,0.0,0.0,0.0,0,0,0,0,-256.3,0.0,42.4,0.0,1→2,51.2
56572,257,1,3,1,-74241,42.55,5435,8833,25.4997,41.4446,41.3606,18.1894,-76.04,234094729780,234254484219,949051920815,949211664384,-256.3,-267.7,42.4,42.6,1→3,51.2
56572,257,1,4,1,-81575,46.75,4917,8651,23.0694,40.5917,40.4287,18.8829,-68.8,235372710964,235532464619,733410219700,733569963520,-256.3,-260.9,42.4,44.4,1→4,51.2
56572,257,2,3,0,0,0.0,0,0,0.0,0.0,0.0,0.0,0.0,0,0,0,0,21.9,0.0,44.3,0.0,2→3,51.2
56572,257,2,4,0,0,0.0,0,0,0.0,0.0,0.0,0.0,0.0,0,0,0,0,21.9,0.0,44.3,0.0,2→4,51.2
56572,257,3,4,1,-7480,4.29,8413,8755,39.4718,41.0783,40.9943,3.6526,-76.26,954254939188,954414699920,737335219806,737494963712,-267.7,-260.9,42.6,44.4,3→4,51.2
56772,258,1,2,0,0,0.0,0,0,0.0,0.0,0.0,0.0,0.0,0,0,0,0,-256.3,0.0,42.4,0.0,1→2,51.4
56772,258,1,3,1,-74248,42.55,5439,8838,25.5185,41.4672,41.3582,18.187,-73.51,246873486388,247033240872,961831220619,961990964224,-256.3,-267.7,42.4,42.6,1→3,51.4
56772,258,1,4,1,-81639,46.79,4910,8647,23.0366,40.5726,40.4096,18.8638,-68.57,248151599156,248311352616,746189704553,746349448192,-256.3,-260.9,42.4,44.4,1→4,51.4
56772,258,2,3,0,0,0.0,0,0,0.0,0.0,0.0,0.0,0.0,0,0,0,0,21.9,0.0,44.3,0.0,2→3,51.4
56772,258,2,4,0,0,0.0,0,0,0.0,0.0,0.0,0.0,0.0,0,0,0,0,21.9,0.0,44.3,0.0,2→4,51.4
56772,258,3,4,1,-7480,4.29,8393,8735,39.378,40.9868,40.9028,3.5611,-75.97,967030933044,967190693546,750111267101,750271010816,-267.7,-260.9,42.6,44.4,3→4,51.4
56972,259,1,2,0,0,0.0,0,0,0.0,0.0,0.0,0.0,0.0,0,0,0,0,-256.3,0.0,42.4,0.0,1→2,51.6
56972,259,1,3,1,-74286,42.57,5440,8841,25.5232,41.48,41.396,18.2248,-75.19,259652242996,259811997490,974610520451,974770264064,-256.3,-267.7,42.4,42.6,1→3,51.6
56972,259,1,4,1,-81510,46.72,4916,8647,23.0647,40.5731,40.4101,18.8643,-68.5,260930434612,261090188366,758969136719,759128880640,-256.3,-260.9,42.4,44.4,1→4,51.6
56972,259,2,3,0,0,0.0,0,0,0.0,0.0,0.0,0.0,0.0,0,0,0,0,21.9,0.0,44.3,0.0,2→3,51.6
56972,259,2,4,0,0,0.0,0,0,0.0,0.0,0.0,0.0,0.0,0,0,0,0,21.9,0.0,44.3,0.0,2→4,51.6
56972,259,3,4,1,-7402,4.24,8401,8739,39.4155,41.0052,40.9463,3.6045,-77.17,979809835060,979969595861,762890222593,763049966592,-267.7,-260.9,42.6,44.4,3→4,51.6
57172,260,1,2,0,0,0.0,0,0,0.0,0.0,0.0,0.0,0.0,0,0,0,0,-256.3,0.0,42.4,0.0,1→2,51.8
57172,260,1,3,1,-74238,42.55,5436,8834,25.5044,41.451,41.342,18.1708,-73.94,272431000116,272590754575,987389820830,987549564416,-256.3,-267.7,42.4,42.6,1→3,51.8
57172,260,1,4,1,-81563,46.75,4915,8649,23.06,40.5798,40.4168,18.871,-68.02,273709191220,273868944717,771748490062,771908233728,-256.3,-260.9,42.4,44.4,1→4,51.8
57172,260,2,3,0,0,0.0,0,0,0.0,0.0,0.0,0.0,0.0,0,0,0,0,21.9,0.0,44.3,0.0,2→3,51.8
57172,260,2,4,0,0,0.0,0,0,0.0,0.0,0.0,0.0,0.0,0,0,0,0,21.9,0.0,44.3,0.0,2→4,51.8
57172,260,3,4,1,-7495,4.3,8407,8750,39.4437,41.0557,40.9717,3.63,-75.44,992590820916,992750581489,775671261938,775831005696,-267.7,-260.9,42.6,44.4,3→4,51.8
57372,261,1,2,0,0,0.0,0,0,0.0,0.0,0.0,0.0,0.0,0,0,0,0,-256.3,0.0,42.4,0.0,1→2,52.0
57372,261,1,3,1,-74283,42.57,5436,8836,25.5044,41.4606,41.3516,18.1804,-73.37,285209756724,285369511145,1000169120708,1000328864256,-256.3,-267.7,42.4,42.6,1→3,52.0
57372,261,1,4,1,-81598,46.77,4914,8649,23.0553,40.5826,40.4196,18.8738,-67.61,286487760948,286647514666,784527656559,784687400448,-256.3,-260.9,42.4,44.4,1→4,52.0
57372,261,2,3,0,0,0.0,0,0,0.0,0.0,0.0,0.0,0.0,0,0,0,0,21.9,0.0,44.3,0.0,2→3,52.0
57372,261,2,4,0,0,0.0,0,0,0.0,0.0,0.0,0.0,0.0,0,0,0,0,21.9,0.0,44.3,0.0,2→4,52.0
57372,261,3,4,1,-7454,4.27,8407,8748,39.4437,41.0446,40.9606,3.6189,-76.92,1005449026100,1005608786585,788529520969,788689264640,-267.7,-260.9,42.6,44.4,3→4,52.0
57572,262,1,2,0,0,0.0,0,0,0.0,0.0,0.0,0.0,0.0,0,0,0,0,-256.3,0.0,42.4,0.0,1→2,52.2
57572,262,1,3,1,-74216,42.53,5441,8838,25.5279,41.4674,41.3834,18.2122,-75.63,297988513332,298148268201,1012948420621,1013108164608,-256.3,-267.7,42.4,42.6,1→3,52.2
57572,262,1,4,1,-81537,46.73,4919,8651,23.0788,40.5906,40.4276,18.8818,-68.85,299266198068,299425951464,797306690490,797466434048,-256.3,-260.9,42.4,44.4,1→4,52.2
57572,262,2,3,0,0,0.0,0,0,0.0,0.0,0.0,0.0,0.0,0,0,0,0,21.9,0.0,44.3,0.0,2→3,52.2
57572,262,2,4,0,0,0.0,0,0,0.0,0.0,0.0,0.0,0.0,0,0,0,0,21.9,0.0,44.3,0.0,2→4,52.2
57572,262,3,4,1,-7549,4.33,8402,8748,39.4202,41.0439,40.9349,3.5932,-74.7,1018150495284,1018310255829,801231043332,801390787072,-267.7,-260.9,42.6,44.4,3→4,52.2
57772,263,1,2,0,0,0.0,0,0,0.0,0.0,0.0,0.0,0.0,0,0,0,0,-256.3,0.0,42.4,0.0,1→2,52.4
57772,263,1,3,1,-74317,42.59,5438,8840,25.5138,41.4774,41.3684,18.1972,-73.41,310767269940,310927024715,1025727720550,1025887464448,-256.3,-267.7,42.4,42.6,1→3,52.4
57772,263,1,4,1,-81562,46.74,4912,8645,23.0459,40.5631,40.4201,18.8743,-69.18,312045274164,312205027658,810086363466,810246107136,-256.3,-260.9,42.4,44.4,1→4,52.4
57772,263,2,3,0,0,0.0,0,0,0.0,0.0,0.0,0.0,0.0,0,0,0,0,21.9,0.0,44.3,0.0,2→3,52.4
57772,263,2,4,0,0,0.0,0,0,0.0,0.0,0.0,0.0,0.0,0,0,0,0,21.9,0.0,44.3,0.0,2→4,52.4
57772,263,3,4,1,-7461,4.28,8408,8749,39.4484,41.0508,40.9418,3.6001,-74.52,1030932173876,1031091934627,814012775489,814172519424,-267.7,-260.9,42.6,44.4,3→4,52.4
57972,264,1,2,0,0,0.0,0,0,0.0,0.0,0.0,0.0,0.0,0,0,0,0,-256.3,0.0,42.4,0.0,1→2,52.6
57972,264,1,3,1,-74307,42.59,5443,8844,25.5373,41.4986,41.3896,18.2184,-74.27,323546026548,323705781196,1038507020527,1038666764288,-256.3,-267.7,42.4,42.6,1→3,52.6
57972,264,1,4,1,-81581,46.76,4917,8651,23.0694,40.593,40.43,18.8842,-67.98,324824030772,324983784351,822865716992,823025460736,-256.3,-260.9,42.4,44.4,1→4,52.6
57972,264,2,3,0,0,0.0,0,0,0.0,0.0,0.0,0.0,0.0,0,0,0,0,21.9,0.0,44.3,0.0,2→3,52.6
57972,264,2,4,0,0,0.0,0,0,0.0,0.0,0.0,0.0,0.0,0,0,0,0,21.9,0.0,44.3,0.0,2→4,52.6
57972,264,3,4,1,-7443,4.27,8399,8739,39.4061,41.0047,40.9207,3.579,-75.85,1043708202036,1043867962482,826788857184,826948600832,-267.7,-260.9,42.6,44.4,3→4,52.6
58172,265,1,2,0,0,0.0,0,0,0.0,0.0,0.0,0.0,0.0,0,0,0,0,-256.3,0.0,42.4,0.0,1→2,52.8
58172,265,1,3,1,-74293,42.58,5443,8843,25.5373,41.4933,41.4093,18.2381,-75.31,336324783156,336484537634,1051286320536,1051446064128,-256.3,-267.7,42.4,42.6,1→3,52.8
58172,265,1,4,1,-81586,46.76,4918,8652,23.0741,40.5965,40.4335,18.8877,-68.9,337602785844,337762539439,835645069041,835804812800,-256.3,-260.9,42.4,44.4,1→4,52.8
58172,265,2,3,0,0,0.0,0,0,0.0,0.0,0.0,0.0,0.0,0,0,0,0,21.9,0.0,44.3,0.0,2→3,52.8
58172,265,2,4,0,0,0.0,0,0,0.0,0.0,0.0,0.0,0.0,0,0,0,0,21.9,0.0,44.3,0.0,2→4,52.8
58172,265,3,4,1,-7494,4.29,8399,8742,39.4061,41.0156,40.9316,3.5899,-75.53,1056485591092,1056645351733,839566299805,839726043648,-267.7,-260.9,42.6,44.4,3→4,52.8
58372,266,1,2,0,0,0.0,0,0,0.0,0.0,0.0,0.0,0.0,0,0,0,0,-256.3,0.0,42.4,0.0,1→2,53.0
58372,266,1,3,1,-74251,42.55,5436,8835,25.5044,41.4538,41.3448,18.1736,-73.55,349103539252,349263294026,1064065620067,1064225363968,-256.3,-267.7,42.4,42.6,1→3,53.0
58372,266,1,4,1,-81599,46.77,4917,8652,23.0694,40.5945,40.4315,18.8857,-67.9,350381520436,350541274000,848424400654,848584144384,-256.3,-260.9,42.4,44.4,1→4,53.0
58372,266,2,3,0,0,0.0,0,0,0.0,0.0,0.0,0.0,0.0,0,0,0,0,23.0,0.0,44.3,0.0,2→3,53.0
58372,266,2,4,0,0,0.0,0,0,0.0,0.0,0.0,0.0,0.0,0,0,0,0,23.0,0.0,44.3,0.0,2→4,53.0
58372,266,3,4,1,-7408,4.25,8399,8738,39.4061,40.9995,40.9155,3.5738,-75.69,1069267903540,1069427663830,852348665853,852508409344,-267.7,-260.9,42.6,44.4,3→4,53.0
58572,267,1,2,0,0,0.0,0,0,0.0,0.0,0.0,0.0,0.0,0,0,0,0,-256.3,0.0,42.4,0.0,1→2,53.2
58572,267,1,3,1,-74236,42.55,5439,8837,25.5185,41.4623,41.3533,18.1821,-73.55,361882295860,362042050397,1076844920149,1077004663808,-256.3,-267.7,42.4,42.6,1→3,53.2
58572,267,1,4,1,-81626,46.78,4911,8648,23.0413,40.5745,40.4115,18.8657,-67.7,363160298548,363320052012,861203775847,861363519488,-256.3,-260.9,42.4,44.4,1→4,53.2
58572,267,2,3,0,0,0.0,0,0,0.0,0.0,0.0,0.0,0.0,0,0,0,0,23.0,0.0,44.3,0.0,2→3,53.2
58572,267,2,4,0,0,0.0,0,0,0.0,0.0,0.0,0.0,0.0,0,0,0,0,23.0,0.0,44.3,0.0,2→4,53.2
58572,267,3,4,1,-7451,4.27,8395,8736,39.3874,40.9876,40.9036,3.5619,-75.76,1082045861940,1082205622367,865126677867,865286421504,-267.7,-260.9,42.6,44.4,3→4,53.2
58772,268,1,2,0,0,0.0,0,0,0.0,0.0,0.0,0.0,0.0,0,0,0,0,-256.3,0.0,42.4,0.0,1→2,53.4
58772,268,1,3,1,-74331,42.6,5440,8843,25.5232,41.4897,41.3807,18.2095,-73.89,374661153844,374820908635,1089624321626,1089784065536,-256.3,-267.7,42.4,42.6,1→3,53.4
58772,268,1,4,1,-81711,46.83,4912,8652,23.0459,40.5951,40.4321,18.8863,-68.29,375939244084,376098997407,873983318517,874143062016,-256.3,-260.9,42.4,44.4,1→4,53.4
58772,268,2,3,0,0,0.0,0,0,0.0,0.0,0.0,0.0,0.0,0,0,0,0,23.0,0.0,44.3,0.0,2→3,53.4
58772,268,2,4,0,0,0.0,0,0,0.0,0.0,0.0,0.0,0.0,0,0,0,0,23.0,0.0,44.3,0.0,2→4,53.4
58772,268,3,4,1,-7491,4.29,8405,8747,39.4343,41.0431,40.9591,3.6174,-76.26,1094825427508,1094985188058,877906297092,878066040832,-267.7,-260.9,42.6,44.4,3→4,53.4
58972,269,1,2,0,0,0.0,0,0,0.0,0.0,0.0,0.0,0.0,0,0,0,0,-256.3,0.0,42.4,0.0,1→2,53.6
58972,269,1,3,1,-74257,42.56,5433,8832,25.4904,41.441,41.332,18.1608,-73.9,387439808564,387599563089,2891892054,3051635712,-256.3,-267.7,42.4,42.6,1→3,53.6
58972,269,1,4,1,-81645,46.79,4913,8650,23.0506,40.588,40.425,18.8792,-68.68,388717979188,388877732845,886762650794,886922394624,-256.3,-260.9,42.4,44.4,1→4,53.6
58972,269,2,3,0,0,0.0,0,0,0.0,0.0,0.0,0.0,0.0,0,0,0,0,21.9,0.0,44.3,0.0,2→3,53.6
58972,269,2,4,0,0,0.0,0,0,0.0,0.0,0.0,0.0,0.0,0,0,0,0,21.9,0.0,44.3,0.0,2→4,53.6
58972,269,3,4,1,-7541,4.32,8397,8742,39.3967,41.0187,40.9347,3.593,-75.26,8401977396,8561737734,890994529737,891154273280,-267.7,-260.9,42.6,44.4,3→4,53.6
59172,270,1,2,0,0,0.0,0,0,0.0,0.0,0.0,0.0,0.0,0,0,0,0,-256.3,0.0,42.4,0.0,1→2,53.8
59172,270,1,3,1,-74235,42.55,5440,8838,25.5232,41.4691,41.3601,18.1889,-74.16,400218565172,400378319949,15671192168,15830936064,-256.3,-267.7,42.4,42.6,1→3,53.8
59172,270,1,4,1,-81719,46.83,4914,8654,23.0553,40.6062,40.4432,18.8974,-68.62,401496677940,401656431370,899541946766,899701690368,-256.3,-260.9,42.4,44.4,1→4,53.8
59172,270,2,3,0,0,0.0,0,0,0.0,0.0,0.0,0.0,0.0,0,0,0,0,21.9,0.0,44.3,0.0,2→3,53.8
59172,270,2,4,0,0,0.0,0,0,0.0,0.0,0.0,0.0,0.0,0,0,0,0,21.9,0.0,44.3,0.0,2→4,53.8
59172,270,3,4,1,-7492,4.29,8394,8737,39.3827,40.9941,40.9101,3.5684,-76.07,20871290420,21031051063,903463895186,903623639040,-267.7,-260.9,42.6,44.4,3→4,53.8
59372,271,1,2,0,0,0.0,0,0,0.0,0.0,0.0,0.0,0.0,0,0,0,0,-256.3,0.0,42.4,0.0,1→2,54.0
59372,271,1,3,1,-74263,42.56,5439,8838,25.5185,41.4704,41.3614,18.1902,-73.58,412997319732,413157074233,28450490234,28610233856,-256.3,-267.7,42.4,42.6,1→3,54.0
59372,271,1,4,1,-81594,46.76,4913,8648,23.0506,40.5747,40.4117,18.8659,-68.65,414275302452,414435056134,912321168528,912480912384,-256.3,-260.9,42.4,44.4,1→4,54.0
59372,271,2,3,0,0,0.0,0,0,0.0,0.0,0.0,0.0,0.0,0,0,0,0,21.9,0.0,44.3,0.0,2→3,54.0
59372,271,2,4,0,0,0.0,0,0,0.0,0.0,0.0,0.0,0.0,0,0,0,0,21.9,0.0,44.3,0.0,2→4,54.0
59372,271,3,4,1,-7509,4.3,8397,8740,39.3967,41.0095,40.9005,3.5588,-74.88,33651469876,33811230529,916244128397,916403872256,-267.7,-260.9,42.6,44.4,3→4,54.0
59572,272,1,2,0,0,0.0,0,0,0.0,0.0,0.0,0.0,0.0,0,0,0,0,-256.3,0.0,42.4,0.0,1→2,54.2
59572,272,1,3,1,-74281,42.57,5436,8836,25.5044,41.4579,41.3489,18.1777,-73.72,425776077364,425935832090,41229791378,41389535232,-256.3,-267.7,42.4,42.6,1→3,54.2
59572,272,1,4,1,-81676,46.81,4912,8650,23.0459,40.5876,40.4446,18.8988,-69.31,427054058548,427213811941,925100521903,925260265472,-256.3,-260.9,42.4,45.4,1→4,54.2
59572,272,2,3,0,0,0.0,0,0,0.0,0.0,0.0,0.0,0.0,0,0,0,0,23.0,0.0,45.3,0.0,2→3,54.2
59572,272,2,4,0,0,0.0,0,0,0.0,0.0,0.0,0.0,0.0,0,0,0,0,23.0,0.0,45.3,0.0,2→4,54.2
59572,272,3,4,1,-7509,4.3,8394,8738,39.3827,40.9977,40.8887,3.547,-74.95,46432876596,46592637211,929025588910,929185332736,-267.7,-260.9,42.6,45.4,3→4,54.2
59772,273,1,2,0,0,0.0,0,0,0.0,0.0,0.0,0.0,0.0,0,0,0,0,-256.3,0.0,42.4,0.0,1→2,54.4
59772,273,1,3,1,-74295,42.58,5438,8838,25.5138,41.4702,41.3612,18.19,-74.65,438554833972,438714588418,54009091502,54168835072,-256.3,-267.7,42.4,42.6,1→3,54.4
59772,273,1,4,1,-81741,46.85,4911,8652,23.0413,40.5969,40.4339,18.8881,-67.73,439832836660,439992590251,937879897319,938039641088,-256.3,-260.9,42.4,45.4,1→4,54.4
59772,273,2,3,0,0,0.0,0,0,0.0,0.0,0.0,0.0,0.0,0,0,0,0,23.0,0.0,45.3,0.0,2→3,54.4
59772,273,2,4,0,0,0.0,0,0,0.0,0.0,0.0,0.0,0.0,0,0,0,0,23.0,0.0,45.3,0.0,2→4,54.4
59772,273,3,4,1,-7507,4.3,8403,8746,39.4249,41.0372,40.9532,3.6115,-75.71,59208813108,59368573709,941801579213,941961323008,-267.7,-260.9,42.6,45.4,3→4,54.4
59972,274,1,2,0,0,0.0,0,0,0.0,0.0,0.0,0.0,0.0,0,0,0,0,-256.3,0.0,42.4,0.0,1→2,54.6
59972,274,1,3,1,-74264,42.56,5440,8839,25.5232,41.473,41.389,18.2178,-75.55,451333590068,451493344748,66788391112,66948134912,-256.3,-267.7,42.4,42.6,1→3,54.6
59972,274,1,4,1,-81655,46.8,4907,8644,23.0225,40.5597,40.3967,18.8509,-68.43,452611782708,452771536456,950659440706,950819184640,-256.3,-260.9,42.4,45.4,1→4,54.6
59972,274,2,3,0,0,0.0,0,0,0.0,0.0,0.0,0.0,0.0,0,0,0,0,23.0,0.0,45.3,0.0,2→3,54.6
59972,274,2,4,0,0,0.0,0,0,0.0,0.0,0.0,0.0,0.0,0,0,0,0,23.0,0.0,45.3,0.0,2→4,54.6
59972,274,3,4,1,-7577,4.34,8397,8743,39.3967,41.0241,40.9151,3.5734,-74.91,71990945332,72150705845,954583765273,954743508992,-267.7,-260.9,42.6,45.4,3→4,54.6
60172,275,1,2,0,0,0.0,0,0,0.0,0.0,0.0,0.0,0.0,0,0,0,0,-256.3,0.0,43.4,0.0,1→2,54.8
60172,275,1,3,1,-74350,42.61,5439,8842,25.5185,41.4891,41.4051,18.2339,-75.67,464112346164,464272100555,79567690728,79727434240,-256.3,-267.7,43.4,42.6,1→3,54.8
60172,275,1,4,1,-81628,46.78,4910,8646,23.0366,40.5679,40.4049,18.8591,-68.03,465390538292,465550291669,963438793659,963598537216,-256.3,-260.9,43.4,45.4,1→4,54.8
60172,275,2,3,0,0,0.0,0,0,0.0,0.0,0.0,0.0,0.0,0,0,0,0,23.0,0.0,44.3,0.0,2→3,54.8
60172,275,2,4,0,0,0.0,0,0,0.0,0.0,0.0,0.0,0.0,0,0,0,0,23.0,0.0,44.3,0.0,2→4,54.8
60172,275,3,4,1,-7505,4.3,8401,8744,39.4155,41.0274,40.9434,3.6017,-75.39,84769020980,84928781406,967361894776,967521638400,-267.7,-260.9,42.6,45.4,3→4,54.8
60372,276,1,2,0,0,0.0,0,0,0.0,0.0,0.0,0.0,0.0,0,0,0,0,-256.3,0.0,43.4,0.0,1→2,55.0
60372,276,1,3,1,-74308,42.59,5442,8844,25.5326,41.4942,41.3852,18.214,-74.38,476891101748,477050856364,92346989837,92506733568,-256.3,-267.7,43.4,42.6,1→3,55.0
60372,276,1,4,1,-81659,46.8,4905,8643,23.0131,40.5535,40.3905,18.8447,-67.94,478169104948,478328858417,976217957718,976377701376,-256.3,-260.9,43.4,45.4,1→4,55.0
60372,276,2,3,0,0,0.0,0,0,0.0,0.0,0.0,0.0,0.0,0,0,0,0,23.0,0.0,44.3,0.0,2→3,55.0
60372,276,2,4,0,0,0.0,0,0,0.0,0.0,0.0,0.0,0.0,0,0,0,0,23.0,0.0,44.3,0.0,2→4,55.0
60372,276,3,4,1,-7512,4.31,8397,8740,39.3967,41.0101,40.9011,3.5594,-74.85,97547764788,97707525079,980140692471,980300435968,-267.7,-260.9,42.6,45.4,3→4,55.0
60572,277,1,2,0,0,0.0,0,0,0.0,0.0,0.0,0.0,0.0,0,0,0,0,-256.3,0.0,43.4,0.0,1→2,55.2
60572,277,1,3,1,-74283,42.57,5441,8841,25.5279,41.4841,41.4001,18.2289,-75.31,489669858356,489829613172,105126289987,105286033920,-256.3,-267.7,43.4,42.6,1→3,55.2
60572,277,1,4,1,-81662,46.8,4914,8652,23.0553,40.5963,40.4333,18.8875,-68.02,490947651124,491107404661,988997101348,989156845056,-256.3,-260.9,43.4,45.4,1→4,55.2
60572,277,2,3,0,0,0.0,0,0,0.0,0.0,0.0,0.0,0.0,0,0,0,0,23.0,0.0,44.3,0.0,2→3,55.2
60572,277,2,4,0,0,0.0,0,0,0.0,0.0,0.0,0.0,0.0,0,0,0,0,23.0,0.0,44.3,0.0,2→4,55.2
60572,277,3,4,1,-7561,4.33,8396,8742,39.3921,41.0183,40.9343,3.5926,-76.83,110328308276,110488068912,992921289885,993081033728,-267.7,-260.9,42.6,45.4,3→4,55.2
60772,278,1,2,0,0,0.0,0,0,0.0,0.0,0.0,0.0,0.0,0,0,0,0,-256.3,0.0,43.4,0.0,1→2,55.4
60772,278,1,3,1,-74322,42.6,5438,8840,25.5138,41.4784,41.3694,18.1982,-73.72,502448614452,502608368925,117905589652,118065333248,-256.3,-267.7,43.4,42.6,1→3,55.4
60772,278,1,4,1,-81736,46.84,4913,8655,23.0506,40.6075,40.4445,18.8987,-68.08,503726617140,503886370654,1001776664889,1001936408576,-256.3,-260.9,43.4,44.4,1→4,55.4
60772,278,2,3,0,0,0.0,0,0,0.0,0.0,0.0,0.0,0.0,0,0,0,0,21.9,0.0,44.3,0.0,2→3,55.4
60772,278,2,4,0,0,0.0,0,0,0.0,0.0,0.0,0.0,0.0,0,0,0,0,21.9,0.0,44.3,0.0,2→4,55.4
60772,278,3,4,1,-7510,4.3,8401,8745,39.4155,41.0308,40.9468,3.6051,-76.46,123104992820,123264753290,1005698028365,1005857772032,-267.7,-260.9,42.6,44.4,3→4,55.4
60972,279,1,2,0,0,0.0,0,0,0.0,0.0,0.0,0.0,0.0,0,0,0,0,-256.3,0.0,43.4,0.0,1→2,55.6
60972,279,1,3,1,-74329,42.6,5437,8840,25.5091,41.4752,41.3662,18.195,-73.51,515227370548,515387125159,130684889352,130844633088,-256.3,-267.7,43.4,42.6,1→3,55.6
60972,279,1,4,1,-81666,46.8,4910,8648,23.0366,40.5761,40.4131,18.8673,-67.79,516505350708,516665104151,1014555996025,1014715739648,-256.3,-260.9,43.4,44.4,1→4,55.6
60972,279,2,3,0,0,0.0,0,0,0.0,0.0,0.0,0.0,0.0,0,0,0,0,21.9,0.0,44.3,0.0,2→3,55.6
60972,279,2,4,0,0,0.0,0,0,0.0,0.0,0.0,0.0,0.0,0,0,0,0,21.9,0.0,44.3,0.0,2→4,55.6
60972,279,3,4,1,-7484,4.29,8410,8752,39.4577,41.0651,40.9811,3.6394,-75.88,135884665396,136044426192,1018477754904,1018637498880,-267.7,-260.9,42.6,44.4,3→4,55.6
61172,280,1,2,0,0,0.0,0,0,0.0,0.0,0.0,0.0,0.0,0,0,0,0,-256.3,0.0,43.4,0.0,1→2,55.8
61172,280,1,3,1,-74255,42.56,5435,8834,25.4997,41.45,41.341,18.1698,-73.72,528006126132,528165880849,143464188570,143623932416,-256.3,-267.7,43.4,42.6,1→3,55.8
61172,280,1,4,1,-81699,46.82,4913,8653,23.0506,40.5996,40.4366,18.8908,-67.8,529284318260,529444071593,1027335561198,1027495304704,-256.3,-260.9,43.4,44.4,1→4,55.8
61172,280,2,3,0,0,0.0,0,0,0.0,0.0,0.0,0.0,0.0,0,0,0,0,21.9,0.0,44.3,0.0,2→3,55.8
61172,280,2,4,0,0,0.0,0,0,0.0,0.0,0.0,0.0,0.0,0,0,0,0,21.9,0.0,44.3,0.0,2→4,55.8
61172,280,3,4,1,-7544,4.32,8399,8744,39.4061,41.0264,40.9424,3.6007,-76.88,148663469620,148823230157,1031256613125,1031416356864,-267.7,-260.9,42.6,44.4,3→4,55.8
61372,281,1,2,0,0,0.0,0,0,0.0,0.0,0.0,0.0,0.0,0,0,0,0,-256.3,0.0,43.4,0.0,1→2,56.0
61372,281,1,3,1,-74342,42.61,5444,8847,25.542,41.5109,41.4019,18.2307,-73.48,540784882228,540944637051,156243488322,156403232256,-256.3,-267.7,43.4,42.6,1→3,56.0
61372,281,1,4,1,-81678,46.81,4910,8648,23.0366,40.5787,40.4157,18.8699,-67.9,542062863412,542222617112,1040114703992,1040274447872,-256.3,-260.9,43.4,45.4,1→4,56.0
61372,281,2,3,0,0,0.0,0,0,0.0,0.0,0.0,0.0,0.0,0,0,0,0,21.9,0.0,44.3,0.0,2→3,56.0
61372,281,2,4,0,0,0.0,0,0,0.0,0.0,0.0,0.0,0.0,0,0,0,0,21.9,0.0,44.3,0.0,2→4,56.0
61372,281,3,4,1,-7573,4.34,8399,8746,39.4061,41.0349,40.9509,3.6092,-75.66,161445630516,161605391301,1044038828046,1044198572032,-267.7,-260.9,42.6,45.4,3→4,56.0
61572,282,1,2,0,0,0.0,0,0,0.0,0.0,0.0,0.0,0.0,0,0,0,0,-256.3,0.0,43.4,0.0,1→2,56.2
61572,282,1,3,1,-74300,42.58,5436,8837,25.5044,41.4643,41.3553,18.1841,-74.23,553563638324,553723392725,169022788056,169182531584,-256.3,-267.7,43.4,42.6,1→3,56.2
61572,282,1,4,1,-81694,46.82,4909,8648,23.0319,40.5774,40.4144,18.8686,-68.56,554841640500,555001394015,1052894078767,1053053822464,-256.3,-260.9,43.4,45.4,1→4,56.2
61572,282,2,3,0,0,0.0,0,0,0.0,0.0,0.0,0.0,0.0,0,0,0,0,21.9,0.0,44.3,0.0,2→3,56.2
61572,282,2,4,0,0,0.0,0,0,0.0,0.0,0.0,0.0,0.0,0,0,0,0,21.9,0.0,44.3,0.0,2→4,56.2
61572,282,3,4,1,-7550,4.33,8390,8735,39.3639,40.9854,40.9014,3.5597,-75.3,174223289396,174383049885,1056816540963,1056976284672,-267.7,-260.9,42.6,45.4,3→4,56.2
61772,283,1,2,0,0,0.0,0,0,0.0,0.0,0.0,0.0,0.0,0,0,0,0,-256.3,0.0,43.4,0.0,1→2,56.4
61772,283,1,3,1,-74274,42.57,5438,8837,25.5138,41.4657,41.3567,18.1855,-73.85,566342495284,566502249762,181802188686,181961932288,-256.3,-267.7,43.4,42.6,1→3,56.4
61772,283,1,4,1,-81680,46.81,4907,8646,23.0225,40.5651,40.4021,18.8563,-68.39,567620589108,567780342882,1065673625128,1065833369088,-256.3,-260.9,43.4,45.4,1→4,56.4
61772,283,2,3,0,0,0.0,0,0,0.0,0.0,0.0,0.0,0.0,0,0,0,0,21.9,0.0,44.3,0.0,2→3,56.4
61772,283,2,4,0,0,0.0,0,0,0.0,0.0,0.0,0.0,0.0,0,0,0,0,21.9,0.0,44.3,0.0,2→4,56.4
61772,283,3,4,1,-7547,4.33,8397,8742,39.3967,41.0176,40.9336,3.5919,-76.77,187003221556,187162982242,1069596527212,1069756271104,-267.7,-260.9,42.6,45.4,3→4,56.4
61972,284,1,2,0,0,0.0,0,0,0.0,0.0,0.0,0.0,0.0,0,0,0,0,-256.3,0.0,43.4,0.0,1→2,56.6
61972,284,1,3,1,-74310,42.59,5439,8840,25.5185,41.4782,41.3692,18.198,-73.65,579121149492,579280904038,194581386572,194741130240,-256.3,-267.7,43.4,42.6,1→3,56.6
61972,284,1,4,1,-81689,46.82,4906,8645,23.0178,40.5646,40.4016,18.8558,-68.55,580399340596,580559094087,1078452974402,1078612718080,-256.3,-260.9,43.4,44.4,1→4,56.6
61972,284,2,3,0,0,0.0,0,0,0.0,0.0,0.0,0.0,0.0,0,0,0,0,21.9,0.0,44.3,0.0,2→3,56.6
61972,284,2,4,0,0,0.0,0,0,0.0,0.0,0.0,0.0,0.0,0,0,0,0,21.9,0.0,44.3,0.0,2→4,56.6
61972,284,3,4,1,-7612,4.36,8397,8745,39.3967,41.0339,40.9499,3.6082,-76.26,199782591028,199942351356,1082375950803,1082535694336,-267.7,-260.9,42.6,44.4,3→4,56.6
62172,285,1,2,0,0,0.0,0,0,0.0,0.0,0.0,0.0,0.0,0,0,0,0,-256.3,0.0,43.4,0.0,1→2,56.8
62172,285,1,3,1,-74326,42.6,5440,8842,25.5232,41.4863,41.3773,18.2061,-73.9,591899905588,592059660178,207360686370,207520430080,-256.3,-267.7,43.4,42.6,1→3,56.8
62172,285,1,4,1,-81682,46.81,4909,8648,23.0319,40.5749,40.4119,18.8661,-68.01,593178097204,593337850862,1091232328864,1091392072704,-256.3,-260.9,43.4,44.4,1→4,56.8
62172,285,2,3,0,0,0.0,0,0,0.0,0.0,0.0,0.0,0.0,0,0,0,0,21.9,0.0,44.3,0.0,2→3,56.8
62172,285,2,4,0,0,0.0,0,0,0.0,0.0,0.0,0.0,0.0,0,0,0,0,21.9,0.0,44.3,0.0,2→4,56.8
62172,285,3,4,1,-7516,4.31,8400,8744,39.4108,41.0274,40.9184,3.5767,-74.97,212561061428,212720821893,1095154475344,1095314219008,-267.7,-260.9,42.6,44.4,3→4,56.8
62372,286,1,2,0,0,0.0,0,0,0.0,0.0,0.0,0.0,0.0,0,0,0,0,-256.3,0.0,43.4,0.0,1→2,57.0
62372,286,1,3,1,-74349,42.61,5441,8844,25.5279,41.4983,41.3893,18.2181,-73.87,604678661172,604838415766,220139985697,220299729408,-256.3,-267.7,43.4,42.6,1→3,57.0
62372,286,1,4,1,-81690,46.82,4911,8650,23.0413,40.586,40.443,18.8972,-69.18,605956641844,606116395621,4499843629,4659587584,-256.3,-260.9,43.4,44.4,1→4,57.0
62372,286,2,3,0,0,0.0,0,0,0.0,0.0,0.0,0.0,0.0,0,0,0,0,21.9,0.0,44.3,0.0,2→3,57.0
62372,286,2,4,0,0,0.0,0,0,0.0,0.0,0.0,0.0,0.0,0,0,0,0,21.9,0.0,44.3,0.0,2→4,57.0
62372,286,3,4,1,-7539,4.32,8395,8740,39.3874,41.0065,40.9225,3.5808,-75.97,225339584052,225499344595,8421424375,8581168128,-267.7,-260.9,42.6,44.4,3→4,57.0
62572,287,1,2,0,0,0.0,0,0,0.0,0.0,0.0,0.0,0.0,0,0,0,0,-256.3,0.0,43.4,0.0,1→2,57.2
62572,287,1,3,1,-74338,42.6,5442,8845,25.5326,41.5006,41.3916,18.2204,-74.38,617457416756,617617171342,232919285035,233079028736,-256.3,-267.7,43.4,42.6,1→3,57.2
62572,287,1,4,1,-81667,46.81,4907,8645,23.0225,40.5622,40.3992,18.8534,-68.93,618735396916,618895150240,17279196650,17438940160,-256.3,-260.9,43.4,45.4,1→4,57.2
62572,287,2,3,0,0,0.0,0,0,0.0,0.0,0.0,0.0,0.0,0,0,0,0,21.9,0.0,45.3,0.0,2→3,57.2
62572,287,2,4,0,0,0.0,0,0,0.0,0.0,0.0,0.0,0.0,0,0,0,0,21.9,0.0,45.3,0.0,2→4,57.2
62572,287,3,4,1,-7570,4.34,8395,8742,39.3874,41.0155,40.9315,3.5898,-76.69,238122417204,238282177794,21204311753,21364055552,-267.7,-260.9,42.6,45.4,3→4,57.2
62772,288,1,2,0,0,0.0,0,0,0.0,0.0,0.0,0.0,0.0,0,0,0,0,-256.3,0.0,43.4,0.0,1→2,57.4
62772,288,1,3,1,-74372,42.62,5442,8846,25.5326,41.5056,41.3966,18.2254,-73.51,630236172340,630395926901,245698584387,245858328064,-256.3,-267.7,43.4,42.6,1→3,57.4
62772,288,1,4,1,-81714,46.83,4903,8643,23.0037,40.5535,40.3905,18.8447,-67.65,631514152500,631673905831,30058550235,30218293760,-256.3,-260.9,43.4,45.4,1→4,57.4
62772,288,2,3,0,0,0.0,0,0,0.0,0.0,0.0,0.0,0.0,0,0,0,0,21.9,0.0,45.3,0.0,2→3,57.4
62772,288,2,4,0,0,0.0,0,0,0.0,0.0,0.0,0.0,0.0,0,0,0,0,21.9,0.0,45.3,0.0,2→4,57.4
62772,288,3,4,1,-7556,4.33,8399,8744,39.4061,41.0289,40.9699,3.6282,-77.03,250901147700,251060908331,33983096487,34142840320,-267.7,-260.9,42.6,45.4,3→4,57.4
62972,289,1,2,0,0,0.0,0,0,0.0,0.0,0.0,0.0,0.0,0,0,0,0,-256.3,0.0,43.4,0.0,1→2,57.6
62972,289,1,3,1,-74284,42.57,5441,8841,25.5279,41.482,41.373,18.2018,-73.27,643014927924,643174682451,258477883747,258637627392,-256.3,-267.7,43.4,42.6,1→3,57.6
62972,289,1,4,1,-81805,46.88,4905,8650,23.0131,40.5848,40.4218,18.876,-68.05,644292932148,644452685472,42837927911,42997671424,-256.3,-260.9,43.4,45.4,1→4,57.6
62972,289,2,3,0,0,0.0,0,0,0.0,0.0,0.0,0.0,0.0,0,0,0,0,21.9,0.0,45.3,0.0,2→3,57.6
62972,289,2,4,0,0,0.0,0,0,0.0,0.0,0.0,0.0,0.0,0,0,0,0,21.9,0.0,45.3,0.0,2→4,57.6
62972,289,3,4,1,-7551,4.33,8389,8734,39.3592,40.9809,40.8969,3.5552,-75.04,263677228084,263836988736,46759231102,46918974976,-267.7,-260.9,42.6,45.4,3→4,57.6
63172,290,1,2,0,0,0.0,0,0,0.0,0.0,0.0,0.0,0.0,0,0,0,0,-256.3,0.0,43.4,0.0,1→2,57.8
63172,290,1,3,1,-74365,42.62,5431,8835,25.481,41.4548,41.3458,18.1746,-73.62,655793683508,655953437996,271257183095,271416926720,-256.3,-267.7,43.4,42.6,1→3,57.8
63172,290,1,4,1,-81668,46.81,4906,8644,23.0178,40.5601,40.3971,18.8513,-67.98,657071875124,657231628912,55617468953,55777212928,-256.3,-260.9,43.4,45.4,1→4,57.8
63172,290,2,3,0,0,0.0,0,0,0.0,0.0,0.0,0.0,0.0,0,0,0,0,21.9,0.0,45.3,0.0,2→3,57.8
63172,290,2,4,0,0,0.0,0,0,0.0,0.0,0.0,0.0,0.0,0,0,0,0,21.9,0.0,45.3,0.0,2→4,57.8
63172,290,3,4,1,-7571,4.34,8393,8739,39.378,41.004,40.92,3.5783,-75.83,276460107316,276619867936,59542164646,59701908480,-267.7,-260.9,42.6,45.4,3→4,57.8
63372,291,1,2,0,0,0.0,0,0,0.0,0.0,0.0,0.0,0.0,0,0,0,0,-256.3,0.0,43.4,0.0,1→2,58.0
63372,291,1,3,1,-74306,42.59,5440,8841,25.5232,41.4843,41.3753,18.2041,-73.2,668572439092,668732193551,284036482470,284196226048,-256.3,-267.7,43.4,42.6,1→3,58.0
63372,291,1,4,1,-81763,46.86,4906,8648,23.0178,40.5782,40.4152,18.8694,-68.17,669850633780,670010387500,68396825692,68556569600,-256.3,-260.9,43.4,45.4,1→4,58.0
63372,291,2,3,0,0,0.0,0,0,0.0,0.0,0.0,0.0,0.0,0,0,0,0,21.9,0.0,45.3,0.0,2→3,58.0
63372,291,2,4,0,0,0.0,0,0,0.0,0.0,0.0,0.0,0.0,0,0,0,0,21.9,0.0,45.3,0.0,2→4,58.0
63372,291,3,4,1,-7635,4.38,8398,8748,39.4014,41.0436,40.9596,3.6179,-75.85,289235347508,289395108105,72317459144,72477202944,-267.7,-260.9,42.6,45.4,3→4,58.0
63572,292,1,2,0,0,0.0,0,0,0.0,0.0,0.0,0.0,0.0,0,0,0,0,-256.3,0.0,43.4,0.0,1→2,58.2
63572,292,1,3,1,-74311,42.59,5438,8840,25.5138,41.476,41.367,18.1958,-73.03,681351194676,681510949091,296815781838,296975525376,-256.3,-267.7,43.4,42.6,1→3,58.2
63572,292,1,4,1,-81719,46.83,4899,8640,22.985,40.5382,40.3752,18.8294,-68.02,682629385268,682789138862,81176175309,81335919104,-256.3,-260.9,43.4,45.4,1→4,58.2
63572,292,2,3,0,0,0.0,0,0,0.0,0.0,0.0,0.0,0.0,0,0,0,0,21.9,0.0,45.3,0.0,2→3,58.2
63572,292,2,4,0,0,0.0,0,0,0.0,0.0,0.0,0.0,0.0,0,0,0,0,21.9,0.0,45.3,0.0,2→4,58.2
63572,292,3,4,1,-7580,4.34,8392,8739,39.3733,41.0036,40.9196,3.5779,-75.56,302017850932,302177611426,85100016931,85259760640,-267.7,-260.9,42.6,45.4,3→4,58.2
63772,293,1,2,0,0,0.0,0,0,0.0,0.0,0.0,0.0,0.0,0,0,0,0,-256.3,0.0,43.4,0.0,1→2,58.4
63772,293,1,3,1,-74350,42.61,5435,8838,25.4997,41.4703,41.3613,18.1901,-73.16,694129949748,694289704114,309595080697,309754824192,-256.3,-267.7,43.4,42.6,1→3,58.4
63772,293,1,4,1,-81819,46.89,4905,8650,23.0131,40.5855,40.4225,18.8767,-67.92,695408140852,695567894280,93955529086,94115272704,-256.3,-260.9,43.4,45.4,1→4,58.4
63772,293,2,3,0,0,0.0,0,0,0.0,0.0,0.0,0.0,0.0,0,0,0,0,21.9,0.0,44.3,0.0,2→3,58.4
63772,293,2,4,0,0,0.0,0,0,0.0,0.0,0.0,0.0,0.0,0,0,0,0,21.9,0.0,44.3,0.0,2→4,58.4
63772,293,3,4,1,-7623,4.37,8400,8749,39.4108,41.0504,40.9664,3.6247,-75.4,314799183924,314958944282,97881404347,98041147904,-267.7,-260.9,42.6,45.4,3→4,58.4
63972,294,1,2,0,0,0.0,0,0,0.0,0.0,0.0,0.0,0.0,0,0,0,0,-256.3,0.0,43.4,0.0,1→2,58.6
63972,294,1,3,1,-74313,42.59,5439,8840,25.5185,41.4788,41.3698,18.1986,-73.65,706908705332,707068460146,322374380096,322534124032,-256.3,-267.7,43.4,42.6,1→3,58.6
63972,294,1,4,1,-81753,46.85,4904,8646,23.0084,40.569,40.406,18.8602,-68.78,708186686516,708346440236,106734672985,106894416896,-256.3,-260.9,43.4,45.4,1→4,58.6
63972,294,2,3,0,0,0.0,0,0,0.0,0.0,0.0,0.0,0.0,0,0,0,0,21.9,0.0,44.3,0.0,2→3,58.6
63972,294,2,4,0,0,0.0,0,0,0.0,0.0,0.0,0.0,0.0,0,0,0,0,21.9,0.0,44.3,0.0,2→4,58.6
63972,294,3,4,1,-7592,4.35,8393,8740,39.378,41.0085,40.9245,3.5828,-75.27,327575431732,327735192434,110657706580,110817450496,-267.7,-260.9,42.6,45.4,3→4,58.6
64172,295,1,2,0,0,0.0,0,0,0.0,0.0,0.0,0.0,0.0,0,0,0,0,-256.3,0.0,43.4,0.0,1→2,58.8
64172,295,1,3,1,-74269,42.57,5437,8837,25.5091,41.4623,41.3533,18.1821,-73.37,719687460916,719847215641,335153679510,335313423360,-256.3,-267.7,43.4,42.6,1→3,58.8
64172,295,1,4,1,-81784,46.87,4904,8648,23.0084,40.5756,40.4126,18.8668,-68.03,720965464628,721125218051,119514049410,119673793024,-256.3,-260.9,43.4,45.4,1→4,58.8
64172,295,2,3,0,0,0.0,0,0,0.0,0.0,0.0,0.0,0.0,0,0,0,0,21.9,0.0,44.3,0.0,2→3,58.8
64172,295,2,4,0,0,0.0,0,0,0.0,0.0,0.0,0.0,0.0,0,0,0,0,21.9,0.0,44.3,0.0,2→4,58.8
64172,295,3,4,1,-7620,4.37,8399,8747,39.4061,41.0427,40.9587,3.617,-76.05,340355968564,340515729049,123438297913,123598041600,-267.7,-260.9,42.6,45.4,3→4,58.8
64372,296,1,2,0,0,0.0,0,0,0.0,0.0,0.0,0.0,0.0,0,0,0,0,-256.3,0.0,43.4,0.0,1→2,59.0
64372,296,1,3,1,-74377,42.63,5438,8843,25.5138,41.4902,41.3812,18.21,-73.37,732466215988,732625970609,347932978432,348092722176,-256.3,-267.7,43.4,42.6,1→3,59.0
64372,296,1,4,1,-81843,46.91,4902,8648,22.999,40.5789,40.4159,18.8701,-68.12,733744196148,733903949742,132293379283,132453123072,-256.3,-260.9,43.4,44.4,1→4,59.0
64372,296,2,3,0,0,0.0,0,0,0.0,0.0,0.0,0.0,0.0,0,0,0,0,21.9,0.0,45.3,0.0,2→3,59.0
64372,296,2,4,0,0,0.0,0,0,0.0,0.0,0.0,0.0,0.0,0,0,0,0,21.9,0.0,45.3,0.0,2→4,59.0
64372,296,3,4,1,-7567,4.34,8391,8737,39.3686,40.9961,40.9121,3.5704,-76.63,353135101492,353294862243,136217485344,136377229312,-267.7,-260.9,42.6,44.4,3→4,59.0
64572,297,1,2,0,0,0.0,0,0,0.0,0.0,0.0,0.0,0.0,0,0,0,0,-256.3,0.0,43.4,0.0,1→2,59.2
64572,297,1,3,1,-74331,42.6,5431,8834,25.481,41.4475,41.3385,18.1673,-73.51,745244971060,745404725533,360712277382,360872020992,-256.3,-267.7,43.4,42.6,1→3,59.2
64572,297,1,4,1,-81695,46.82,4899,8638,22.985,40.5307,40.3877,18.8419,-69.49,746522973748,746682727471,145072755275,145232499200,-256.3,-260.9,43.4,44.4,1→4,59.2
64572,297,2,3,0,0,0.0,0,0,0.0,0.0,0.0,0.0,0.0,0,0,0,0,21.9,0.0,45.3,0.0,2→3,59.2
64572,297,2,4,0,0,0.0,0,0,0.0,0.0,0.0,0.0,0.0,0,0,0,0,21.9,0.0,45.3,0.0,2→4,59.2
64572,297,3,4,1,-7628,4.37,8388,8737,39.3545,40.9928,40.9088,3.5671,-75.71,365913142836,366072903341,148995581199,149155324928,-267.7,-260.9,42.6,44.4,3→4,59.2
64772,298,1,2,0,0,0.0,0,0,0.0,0.0,0.0,0.0,0.0,0,0,0,0,-256.3,0.0,43.4,0.0,1→2,59.4
64772,298,1,3,1,-74365,42.62,5439,8843,25.5185,41.49,41.381,18.2098,-73.36,758023828020,758183582856,373491678250,373651422208,-256.3,-267.7,43.4,42.6,1→3,59.4
64772,298,1,4,1,-81812,46.89,4905,8650,23.0131,40.584,40.421,18.8752,-67.57,759301919796,759461673592,157852299790,158012043776,-256.3,-260.9,43.4,44.4,1→4,59.4
64772,298,2,3,0,0,0.0,0,0,0.0,0.0,0.0,0.0,0.0,0,0,0,0,21.9,0.0,45.3,0.0,2→3,59.4
64772,298,2,4,0,0,0.0,0,0,0.0,0.0,0.0,0.0,0.0,0,0,0,0,21.9,0.0,45.3,0.0,2→4,59.4
64772,298,3,4,1,-7618,4.37,8394,8743,39.3827,41.0211,40.9371,3.5954,-75.86,378693071924,378852832660,161775564853,161935308800,-267.7,-260.9,42.6,44.4,3→4,59.4
64972,299,1,2,0,0,0.0,0,0,0.0,0.0,0.0,0.0,0.0,0,0,0,0,-256.3,0.0,43.4,0.0,1→2,59.6
64972,299,1,3,1,-74316,42.59,5441,8843,25.5279,41.4912,41.3822,18.211,-73.51,770802481716,770962236383,386270875864,386430619648,-256.3,-267.7,43.4,42.6,1→3,59.6
64972,299,1,4,1,-81849,46.91,4900,8647,22.9896,40.5708,40.4078,18.862,-68.93,772080672820,772240426129,170631651308,170791394816,-256.3,-260.9,43.4,45.4,1→4,59.6
64972,299,2,3,0,0,0.0,0,0,0.0,0.0,0.0,0.0,0.0,0,0,0,0,21.9,0.0,44.3,0.0,2→3,59.6
64972,299,2,4,0,0,0.0,0,0,0.0,0.0,0.0,0.0,0.0,0,0,0,0,21.9,0.0,44.3,0.0,2→4,59.6
64972,299,3,4,1,-7664,4.39,8399,8749,39.4061,41.0521,40.9681,3.6264,-76.63,391474624564,391634384987,174557172087,174716915712,-267.7,-260.9,42.6,45.4,3→4,59.6
65172,300,1,2,0,0,0.0,0,0,0.0,0.0,0.0,0.0,0.0,0,0,0,0,-256.3,0.0,43.4,0.0,1→2,59.8
65172,300,1,3,1,-74390,42.63,5436,8841,25.5044,41.4813,41.3973,18.2261,-75.75,783581236788,783740991248,399050174876,399209918464,-256.3,-267.7,43.4,42.6,1→3,59.8
65172,300,1,4,1,-81729,46.84,4902,8643,22.999,40.5544,40.3914,18.8456,-68.33,784859427892,785019181193,183411004920,183570748416,-256.3,-260.9,43.4,45.4,1→4,59.8
65172,300,2,3,0,0,0.0,0,0,0.0,0.0,0.0,0.0,0.0,0,0,0,0,21.9,0.0,44.3,0.0,2→3,59.8
65172,300,2,4,0,0,0.0,0,0,0.0,0.0,0.0,0.0,0.0,0,0,0,0,21.9,0.0,44.3,0.0,2→4,59.8
65172,300,3,4,1,-7654,4.39,8398,8748,39.4014,41.0453,40.9613,3.6196,-75.69,404249775668,404409536295,187332377769,187492121600,-267.7,-260.9,42.6,45.4,3→4,59.8
65372,301,1,2,0,0,0.0,0,0,0.0,0.0,0.0,0.0,0.0,0,0,0,0,-256.3,0.0,43.4,0.0,1→2,60.0
65372,301,1,3,1,-74281,42.57,5436,8836,25.5044,41.4579,41.3489,18.1777,-73.62,796359991860,796519746610,411829473914,411989217792,-256.3,-267.7,43.4,42.6,1→3,60.0
65372,301,1,4,1,-81780,46.87,4907,8650,23.0225,40.5865,40.4235,18.8777,-67.87,797637996084,797797749864,196190171682,196349915648,-256.3,-260.9,43.4,45.4,1→4,60.0
65372,301,2,3,0,0,0.0,0,0,0.0,0.0,0.0,0.0,0.0,0,0,0,0,21.9,0.0,44.3,0.0,2→3,60.0
65372,301,2,4,0,0,0.0,0,0,0.0,0.0,0.0,0.0,0.0,0,0,0,0,21.9,0.0,44.3,0.0,2→4,60.0
65372,301,3,4,1,-7650,4.38,8396,8746,39.3921,41.035,40.951,3.6093,-76.05,417026516020,417186276307,200109172729,200268916224,-267.7,-260.9,42.6,45.4,3→4,60.0
65572,302,1,2,0,0,0.0,0,0,0.0,0.0,0.0,0.0,0.0,0,0,0,0,-256.3,0.0,43.4,0.0,1→2,60.2
65572,302,1,3,1,-74377,42.63,5436,8841,25.5044,41.4808,41.3718,18.2006,-73.79,809138747444,809298501956,424608773481,424768517120,-256.3,-267.7,43.4,42.6,1→3,60.2
65572,302,1,4,1,-81805,46.88,4905,8650,23.0131,40.5849,40.4219,18.8761,-68.09,810416727604,810576481274,208969501837,209129245696,-256.3,-260.9,43.4,45.4,1→4,60.2
65572,302,2,3,0,0,0.0,0,0,0.0,0.0,0.0,0.0,0.0,0,0,0,0,21.9,0.0,45.3,0.0,2→3,60.2
65572,302,2,4,0,0,0.0,0,0,0.0,0.0,0.0,0.0,0.0,0,0,0,0,21.9,0.0,45.3,0.0,2→4,60.2
65572,302,3,4,1,-7633,4.37,8395,8744,39.3874,41.0291,40.9451,3.6034,-75.9,429812491828,429972252223,212895203212,213054946816,-267.7,-260.9,42.6,45.4,3→4,60.2
65772,303,1,2,0,0,0.0,0,0,0.0,0.0,0.0,0.0,0.0,0,0,0,0,-256.3,0.0,43.4,0.0,1→2,60.4
65772,303,1,3,1,-74371,42.62,5436,8840,25.5044,41.4772,41.3682,18.197,-73.27,821918203444,822077958176,437388773516,437548517376,-256.3,-267.7,43.4,42.6,1→3,60.4
65772,303,1,4,1,-81748,46.85,4903,8645,23.0037,40.5632,40.4002,18.8544,-68.98,823195962420,823355715926,221749335341,221909079040,-256.3,-260.9,43.4,45.4,1→4,60.4
65772,303,2,3,0,0,0.0,0,0,0.0,0.0,0.0,0.0,0.0,0,0,0,0,21.9,0.0,45.3,0.0,2→3,60.4
65772,303,2,4,0,0,0.0,0,0,0.0,0.0,0.0,0.0,0.0,0,0,0,0,21.9,0.0,45.3,0.0,2→4,60.4
65772,303,3,4,1,-7623,4.37,8393,8741,39.378,41.0152,40.9312,3.5895,-75.21,442589271092,442749031602,225672037140,225831780864,-267.7,-260.9,42.6,45.4,3→4,60.4
65972,304,1,2,0,0,0.0,0,0,0.0,0.0,0.0,0.0,0.0,0,0,0,0,-256.3,0.0,43.4,0.0,1→2,60.6
65972,304,1,3,1,-74320,42.59,5437,8839,25.5091,41.4709,41.3619,18.1907,-73.62,834696745524,834856499976,450167859622,450327603200,-256.3,-267.7,43.4,42.6,1→3,60.6
65972,304,1,4,1,-81899,46.94,4898,8647,22.9803,40.5698,40.4068,18.861,-68.95,835974643252,836134396573,234528614875,234688358400,-256.3,-260.9,43.4,45.4,1→4,60.6
65972,304,2,3,0,0,0.0,0,0,0.0,0.0,0.0,0.0,0.0,0,0,0,0,21.9,0.0,45.3,0.0,2→3,60.6
65972,304,2,4,0,0,0.0,0,0,0.0,0.0,0.0,0.0,0.0,0,0,0,0,21.9,0.0,45.3,0.0,2→4,60.6
65972,304,3,4,1,-7595,4.35,8393,8740,39.378,41.0092,40.9252,3.5835,-75.24,455367688244,455527448867,238450508963,238610252800,-267.7,-260.9,42.6,45.4,3→4,60.6
66172,305,1,2,0,0,0.0,0,0,0.0,0.0,0.0,0.0,0.0,0,0,0,0,-256.3,0.0,43.4,0.0,1→2,60.8
66172,305,1,3,1,-74349,42.61,5437,8840,25.5091,41.4772,41.3932,18.222,-75.28,847475500084,847635254742,462947158232,463106902016,-256.3,-267.7,43.4,42.6,1→3,60.8
66172,305,1,4,1,-81772,46.87,4904,8647,23.0084,40.5707,40.4077,18.8619,-68.11,848753507380,848913260979,247308077777,247467821568,-256.3,-260.9,43.4,45.4,1→4,60.8
66172,305,2,3,0,0,0.0,0,0,0.0,0.0,0.0,0.0,0.0,0,0,0,0,21.9,0.0,45.3,0.0,2→3,60.8
66172,305,2,4,0,0,0.0,0,0,0.0,0.0,0.0,0.0,0.0,0,0,0,0,21.9,0.0,45.3,0.0,2→4,60.8
66172,305,3,4,1,-7642,4.38,8397,8747,39.3967,41.0404,40.9564,3.6147,-76.22,468149802036,468309562705,251232677502,251392421376,-267.7,-260.9,42.6,45.4,3→4,60.8
66372,306,1,2,0,0,0.0,0,0,0.0,0.0,0.0,0.0,0.0,0,0,0,0,-256.3,0.0,43.4,0.0,1→2,61.0
66372,306,1,3,1,-74361,42.62,5440,8843,25.5232,41.4938,41.3848,18.2136,-73.45,860254255156,860414010009,475726457371,475886201344,-256.3,-267.7,43.4,42.6,1→3,61.0
66372,306,1,4,1,-81808,46.89,4904,8648,23.0084,40.5784,40.4354,18.8896,-69.27,861532291124,861692044443,260087460329,260247203840,-256.3,-260.9,43.4,45.4,1→4,61.0
66372,306,2,3,0,0,0.0,0,0,0.0,0.0,0.0,0.0,0.0,0,0,0,0,21.9,0.0,45.3,0.0,2→3,61.0
66372,306,2,4,0,0,0.0,0,0,0.0,0.0,0.0,0.0,0.0,0,0,0,0,21.9,0.0,45.3,0.0,2→4,61.0
66372,306,3,4,1,-7584,4.35,8393,8740,39.378,41.0092,40.9252,3.5835,-75.46,480927293492,481087054203,264010223692,264169967616,-267.7,-260.9,42.6,45.4,3→4,61.0
66572,307,1,2,0,0,0.0,0,0,0.0,0.0,0.0,0.0,0.0,0,0,0,0,-256.3,0.0,43.4,0.0,1→2,61.2
66572,307,1,3,1,-74353,42.61,5432,8836,25.4857,41.4569,41.3479,18.1767,-74.68,873033008692,873192763204,488505754977,488665498624,-256.3,-267.7,43.4,42.6,1→3,61.2
66572,307,1,4,1,-81824,46.9,4902,8648,22.999,40.5748,40.4118,18.866,-67.77,874311099444,874470852948,272866867501,273026611200,-256.3,-260.9,43.4,45.4,1→4,61.2
66572,307,2,3,0,0,0.0,0,0,0.0,0.0,0.0,0.0,0.0,0,0,0,0,21.9,0.0,45.3,0.0,2→3,61.2
66572,307,2,4,0,0,0.0,0,0,0.0,0.0,0.0,0.0,0.0,0,0,0,0,21.9,0.0,45.3,0.0,2→4,61.2
66572,307,3,4,1,-7611,4.36,8396,8744,39.3921,41.0267,40.9427,3.601,-76.71,493707581492,493867342213,276790566471,276950310400,-267.7,-260.9,42.6,45.4,3→4,61.2
66772,308,1,2,0,0,0.0,0,0,0.0,0.0,0.0,0.0,0.0,0,0,0,0,-256.3,0.0,43.4,0.0,1→2,61.4
66772,308,1,3,1,-74374,42.63,5439,8843,25.5185,41.4919,41.3829,18.2117,-73.21,885811764788,885971519477,501285055165,501444798976,-256.3,-267.7,43.4,42.6,1→3,61.4
66772,308,1,4,1,-81865,46.92,4899,8646,22.985,40.5696,40.4066,18.8608,-68.4,887089800756,887249554412,285646167695,285805911552,-256.3,-260.9,43.4,45.4,1→4,61.4
66772,308,2,3,0,0,0.0,0,0,0.0,0.0,0.0,0.0,0.0,0,0,0,0,23.0,0.0,45.3,0.0,2→3,61.4
66772,308,2,4,0,0,0.0,0,0,0.0,0.0,0.0,0.0,0.0,0,0,0,0,23.0,0.0,45.3,0.0,2→4,61.4
66772,308,3,4,1,-7611,4.36,8392,8740,39.3733,41.0079,40.9239,3.5822,-75.36,506487053876,506646814575,289570093653,289729837568,-267.7,-260.9,42.6,45.4,3→4,61.4
66972,309,1,2,0,0,0.0,0,0,0.0,0.0,0.0,0.0,0.0,0,0,0,0,-256.3,0.0,43.4,0.0,1→2,61.6
66972,309,1,3,1,-74338,42.6,5438,8841,25.5138,41.4819,41.3729,18.2017,-73.18,898590519860,898750274703,514064354338,514224098304,-256.3,-267.7,43.4,42.6,1→3,61.6
66972,309,1,4,1,-81806,46.88,4898,8643,22.9803,40.5522,40.4092,18.8634,-69.14,899868555828,900028309609,298425521680,298585265664,-256.3,-260.9,43.4,45.4,1→4,61.6
66972,309,2,3,0,0,0.0,0,0,0.0,0.0,0.0,0.0,0.0,0,0,0,0,23.0,0.0,45.3,0.0,2→3,61.6
66972,309,2,4,0,0,0.0,0,0,0.0,0.0,0.0,0.0,0.0,0,0,0,0,23.0,0.0,45.3,0.0,2→4,61.6
66972,309,3,4,1,-7668,4.39,8395,8746,39.3874,41.0342,40.9502,3.6085,-75.4,519264770100,519424530766,302347864700,302507608576,-267.7,-260.9,42.6,45.4,3→4,61.6
67172,310,1,2,0,0,0.0,0,0,0.0,0.0,0.0,0.0,0.0,0,0,0,0,-256.3,0.0,43.4,0.0,1→2,61.8
67172,310,1,3,1,-74326,42.6,5439,8841,25.5185,41.4816,41.3726,18.2014,-73.21,911369274420,911529028894,526843653012,527003396608,-256.3,-267.7,43.4,42.6,1→3,61.8
67172,310,1,4,1,-81847,46.91,4903,8650,23.0037,40.5845,40.4215,18.8757,-68.65,912646854708,912806608086,311204419501,311364163072,-256.3,-260.9,43.4,45.4,1→4,61.8
67172,310,2,3,0,0,0.0,0,0,0.0,0.0,0.0,0.0,0.0,0,0,0,0,23.0,0.0,45.3,0.0,2→3,61.8
67172,310,2,4,0,0,0.0,0,0,0.0,0.0,0.0,0.0,0.0,0,0,0,0,23.0,0.0,45.3,0.0,2→4,61.8
67172,310,3,4,1,-7700,4.41,8398,8750,39.4014,41.0552,40.9712,3.6295,-76.8,532044334132,532204094734,315127483586,315287227392,-267.7,-260.9,42.6,45.4,3→4,61.8
67372,311,1,2,0,0,0.0,0,0,0.0,0.0,0.0,0.0,0.0,0,0,0,0,-256.3,0.0,43.4,0.0,1→2,62.0
67372,311,1,3,1,-74290,42.58,5434,8835,25.495,41.4528,41.3258,18.1546,-72.91,924148029492,924307784105,539622952192,539782695936,-256.3,-267.7,43.4,42.6,1→3,62.0
67372,311,1,4,1,-81778,46.87,4900,8643,22.9896,40.5532,40.3902,18.8444,-68.01,925425609268,925585362702,323983773038,324143516672,-256.3,-260.9,43.4,45.4,1→4,62.0
67372,311,2,3,0,0,0.0,0,0,0.0,0.0,0.0,0.0,0.0,0,0,0,0,23.0,0.0,45.3,0.0,2→3,62.0
67372,311,2,4,0,0,0.0,0,0,0.0,0.0,0.0,0.0,0.0,0,0,0,0,23.0,0.0,45.3,0.0,2→4,62.0
67372,311,3,4,1,-7651,4.38,8392,8742,39.3733,41.0165,40.9325,3.5908,-76.05,544825777716,544985538209,327908982051,328068725760,-267.7,-260.9,42.6,45.4,3→4,62.0
67572,312,1,2,0,0,0.0,0,0,0.0,0.0,0.0,0.0,0.0,0,0,0,0,-256.3,0.0,43.4,0.0,1→2,62.2
67572,312,1,3,1,-74355,42.61,5440,8843,25.5232,41.4925,41.3835,18.2123,-73.31,936926784052,937086538795,552402250889,552561994752,-256.3,-267.7,43.4,42.6,1→3,62.2
67572,312,1,4,1,-81842,46.91,4900,8646,22.9896,40.567,40.404,18.8582,-68.24,938204816948,938364570378,336763579762,336923323392,-256.3,-260.9,43.4,45.4,1→4,62.2
67572,312,2,3,0,0,0.0,0,0,0.0,0.0,0.0,0.0,0.0,0,0,0,0,23.0,0.0,45.3,0.0,2→3,62.2
67572,312,2,4,0,0,0.0,0,0,0.0,0.0,0.0,0.0,0.0,0,0,0,0,23.0,0.0,45.3,0.0,2→4,62.2
67572,312,3,4,1,-7648,4.38,8390,8740,39.3639,41.0088,40.9248,3.5831,-76.09,557692622900,557852383414,340775882507,340935626240,-267.7,-260.9,42.6,45.4,3→4,62.2
67772,313,1,2,0,0,0.0,0,0,0.0,0.0,0.0,0.0,0.0,0,0,0,0,-256.3,0.0,43.4,0.0,1→2,62.4
67772,313,1,3,1,-74411,42.65,5435,8841,25.4997,41.4835,41.3745,18.2033,-73.57,949705693748,949865448600,565181704723,565341448704,-256.3,-267.7,43.4,42.6,1→3,62.4
67772,313,1,4,1,-81863,46.92,4899,8646,22.985,40.5691,40.4061,18.8603,-68.09,950983624244,951143377651,349542986120,349702729728,-256.3,-260.9,43.4,45.4,1→4,62.4
67772,313,2,3,0,0,0.0,0,0,0.0,0.0,0.0,0.0,0.0,0,0,0,0,23.0,0.0,45.3,0.0,2→3,62.4
67772,313,2,4,0,0,0.0,0,0,0.0,0.0,0.0,0.0,0.0,0,0,0,0,23.0,0.0,45.3,0.0,2→4,62.4
67772,313,3,4,1,-7709,4.42,8394,8747,39.3827,41.0407,40.9317,3.59,-74.93,570383139380,570542900147,353466453526,353626197504,-267.7,-260.9,42.6,45.4,3→4,62.4
67972,314,1,2,0,0,0.0,0,0,0.0,0.0,0.0,0.0,0.0,0,0,0,0,-256.3,0.0,43.4,0.0,1→2,62.6
67972,314,1,3,1,-74390,42.63,5437,8842,25.5091,41.4883,41.3793,18.2081,-73.07,962484293172,962644047633,577960848286,578120591872,-256.3,-267.7,43.4,42.6,1→3,62.6
67972,314,1,4,1,-81925,46.95,4897,8647,22.9756,40.5731,40.4301,18.8843,-69.43,963762329652,963922083012,362322290611,362482034176,-256.3,-260.9,43.4,45.4,1→4,62.6
67972,314,2,3,0,0,0.0,0,0,0.0,0.0,0.0,0.0,0.0,0,0,0,0,21.9,0.0,45.3,0.0,2→3,62.6
67972,314,2,4,0,0,0.0,0,0,0.0,0.0,0.0,0.0,0.0,0,0,0,0,21.9,0.0,45.3,0.0,2→4,62.6
67972,314,3,4,1,-7628,4.37,8394,8743,39.3827,41.0209,40.9369,3.5952,-75.38,583162818612,583322579192,366246187728,366405931520,-267.7,-260.9,42.6,45.4,3→4,62.6
68172,315,1,2,0,0,0.0,0,0,0.0,0.0,0.0,0.0,0.0,0,0,0,0,-256.3,0.0,43.4,0.0,1→2,62.8
68172,315,1,3,1,-74317,42.59,5438,8840,25.5138,41.4773,41.3683,18.1971,-73.45,975263048244,975422802819,590740147502,590899891200,-256.3,-267.7,43.4,42.6,1→3,62.8
68172,315,1,4,1,-81832,46.9,4898,8643,22.9803,40.5555,40.3925,18.8467,-68.0,976541083188,976700836984,375101643264,375261387264,-256.3,-260.9,43.4,45.4,1→4,62.8
68172,315,2,3,0,0,0.0,0,0,0.0,0.0,0.0,0.0,0.0,0,0,0,0,21.9,0.0,45.3,0.0,2→3,62.8
68172,315,2,4,0,0,0.0,0,0,0.0,0.0,0.0,0.0,0.0,0,0,0,0,21.9,0.0,45.3,0.0,2→4,62.8
68172,315,3,4,1,-7696,4.41,8389,8741,39.3592,41.0121,40.9281,3.5864,-75.73,595940623412,596100383801,379024047493,379183791104,-267.7,-260.9,42.6,45.4,3→4,62.8
68372,316,1,2,0,0,0.0,0,0,0.0,0.0,0.0,0.0,0.0,0,0,0,0,-256.3,0.0,43.4,0.0,1→2,63.0
68372,316,1,3,1,-74374,42.63,5440,8845,25.5232,41.499,41.39,18.2188,-73.14,988041802804,988201557471,603519446230,603679190016,-256.3,-267.7,43.4,42.6,1→3,63.0
68372,316,1,4,1,-81921,46.95,4900,8650,22.9896,40.5863,40.4233,18.8775,-68.36,989319835700,989479589379,387880994938,388040738816,-256.3,-260.9,43.4,45.4,1→4,63.0
68372,316,2,3,0,0,0.0,0,0,0.0,0.0,0.0,0.0,0.0,0,0,0,0,21.9,0.0,45.3,0.0,2→3,63.0
68372,316,2,4,0,0,0.0,0,0,0.0,0.0,0.0,0.0,0.0,0,0,0,0,21.9,0.0,45.3,0.0,2→4,63.0
68372,316,3,4,1,-7726,4.43,8401,8754,39.4155,41.0748,40.9658,3.6241,-74.93,608719969844,608879730531,391803448947,391963192832,-267.7,-260.9,42.6,45.4,3→4,63.0
68572,317,1,2,0,0,0.0,0,0,0.0,0.0,0.0,0.0,0.0,0,0,0,0,-256.3,0.0,43.4,0.0,1→2,63.2
68572,317,1,3,1,-74337,42.6,5439,8841,25.5185,41.484,41.375,18.2038,-73.9,1000820557364,1000980312114,616298744960,616458488832,-256.3,-267.7,43.4,42.6,1→3,63.2
68572,317,1,4,1,-81875,46.92,4899,8646,22.985,40.5694,40.4064,18.8606,-68.19,1002098643508,1002258397006,400660401964,400820145664,-256.3,-260.9,43.4,45.4,1→4,63.2
68572,317,2,3,0,0,0.0,0,0,0.0,0.0,0.0,0.0,0.0,0,0,0,0,23.0,0.0,45.3,0.0,2→3,63.2
68572,317,2,4,0,0,0.0,0,0,0.0,0.0,0.0,0.0,0.0,0,0,0,0,23.0,0.0,45.3,0.0,2→4,63.2
68572,317,3,4,1,-7692,4.41,8388,8740,39.3545,41.0065,40.9225,3.5808,-76.3,621502059572,621661819967,404585593725,404745337344,-267.7,-260.9,42.6,45.4,3→4,63.2
68772,318,1,2,0,0,0.0,0,0,0.0,0.0,0.0,0.0,0.0,0,0,0,0,-256.3,0.0,43.4,0.0,1→2,63.4
68772,318,1,3,1,-74376,42.63,5433,8838,25.4904,41.4666,41.3576,18.1864,-73.52,1013599311924,1013759066719,629078043720,629237787648,-256.3,-267.7,43.4,42.6,1→3,63.4
68772,318,1,4,1,-81891,46.93,4899,8648,22.985,40.5752,40.4322,18.8864,-69.31,1014877344308,1015037098086,413439702037,413599446016,-256.3,-260.9,43.4,45.4,1→4,63.4
68772,318,2,3,0,0,0.0,0,0,0.0,0.0,0.0,0.0,0.0,0,0,0,0,23.0,0.0,45.3,0.0,2→3,63.4
68772,318,2,4,0,0,0.0,0,0,0.0,0.0,0.0,0.0,0.0,0,0,0,0,23.0,0.0,45.3,0.0,2→4,63.4
68772,318,3,4,1,-7649,4.38,8391,8741,39.3686,41.0137,40.9297,3.588,-76.97,634278606388,634438367014,417362195613,417521939456,-267.7,-260.9,42.6,45.4,3→4,63.4
68972,319,1,2,0,0,0.0,0,0,0.0,0.0,0.0,0.0,0.0,0,0,0,0,-256.3,0.0,43.4,0.0,1→2,63.6
68972,319,1,3,1,-74334,42.6,5432,8834,25.4857,41.4505,41.3415,18.1703,-73.28,1026378065972,1026537820803,641857341985,642017085952,-256.3,-267.7,43.4,42.6,1→3,63.6
68972,319,1,4,1,-81877,46.93,4902,8650,22.999,40.5862,40.4232,18.8774,-68.45,1027656101940,1027815855420,426219059013,426378802688,-256.3,-260.9,43.4,45.4,1→4,63.6
68972,319,2,3,0,0,0.0,0,0,0.0,0.0,0.0,0.0,0.0,0,0,0,0,23.0,0.0,45.3,0.0,2→3,63.6
68972,319,2,4,0,0,0.0,0,0,0.0,0.0,0.0,0.0,0.0,0,0,0,0,23.0,0.0,45.3,0.0,2→4,63.6
68972,319,3,4,1,-7666,4.39,8396,8747,39.3921,41.0408,40.9318,3.5901,-73.89,647058045492,647217805791,430141689838,430301433344,-267.7,-260.9,42.6,45.4,3→4,63.6
69172,320,1,2,0,0,0.0,0,0,0.0,0.0,0.0,0.0,0.0,0,0,0,0,-256.3,0.0,44.4,0.0,1→2,63.8
69172,320,1,3,1,-74383,42.63,5436,8840,25.5044,41.4798,41.3708,18.1996,-73.38,1039156820532,1039316575378,654636640794,654796384768,-256.3,-267.7,44.4,43.6,1→3,63.8
69172,320,1,4,1,-81837,46.9,4902,8648,22.999,40.5753,40.4123,18.8665,-68.33,1040434719284,1040594472934,438998275738,439158019584,-256.3,-260.9,44.4,45.4,1→4,63.8
69172,320,2,3,0,0,0.0,0,0,0.0,0.0,0.0,0.0,0.0,0,0,0,0,23.0,0.0,45.3,0.0,2→3,63.8
69172,320,2,4,0,0,0.0,0,0,0.0,0.0,0.0,0.0,0.0,0,0,0,0,23.0,0.0,45.3,0.0,2→4,63.8
69172,320,3,4,1,-7739,4.44,8392,8746,39.3733,41.0354,40.9514,3.6097,-75.32,659839395380,659999155808,442923094884,443082838528,-267.7,-260.9,43.6,45.4,3→4,63.8
69372,321,1,2,0,0,0.0,0,0,0.0,0.0,0.0,0.0,0.0,0,0,0,0,-256.3,0.0,44.4,0.0,1→2,64.0
69372,321,1,3,1,-74295,42.58,5438,8838,25.5138,41.4703,41.3613,18.1901,-73.52,1051935575092,1052095329926,667415939626,667575683584,-256.3,-267.7,44.4,43.6,1→3,64.0
69372,321,1,4,1,-81973,46.98,4898,8650,22.9803,40.5858,40.4228,18.877,-67.95,1053213610036,1053373363789,451777765931,451937509888,-256.3,-260.9,44.4,45.4,1→4,64.0
69372,321,2,3,0,0,0.0,0,0,0.0,0.0,0.0,0.0,0.0,0,0,0,0,23.0,0.0,45.3,0.0,2→3,64.0
69372,321,2,4,0,0,0.0,0,0,0.0,0.0,0.0,0.0,0.0,0,0,0,0,23.0,0.0,45.3,0.0,2→4,64.0
69372,321,3,4,1,-7731,4.43,8393,8747,39.378,41.0407,40.9317,3.59,-74.92,672618057268,672777817818,455701811949,455861555712,-267.7,-260.9,43.6,45.4,3→4,64.0
69572,322,1,2,0,0,0.0,0,0,0.0,0.0,0.0,0.0,0.0,0,0,0,0,-256.3,0.0,44.4,0.0,1→2,64.2
69572,322,1,3,1,-74433,42.66,5439,8846,25.5185,41.507,41.398,18.2268,-73.14,1064714329140,1064874083933,680195237974,680354981888,-256.3,-267.7,44.4,43.6,1→3,64.2
69572,322,1,4,1,-81879,46.93,4902,8650,22.999,40.5843,40.4413,18.8955,-69.44,1065992333364,1066152086670,464557088754,464716832256,-256.3,-260.9,44.4,45.4,1→4,64.2
69572,322,2,3,0,0,0.0,0,0,0.0,0.0,0.0,0.0,0.0,0,0,0,0,23.0,0.0,45.3,0.0,2→3,64.2
69572,322,2,4,0,0,0.0,0,0,0.0,0.0,0.0,0.0,0.0,0,0,0,0,23.0,0.0,45.3,0.0,2→4,64.2
69572,322,3,4,1,-7665,4.39,8392,8742,39.3733,41.0195,40.9355,3.5938,-76.46,685393016372,685552777036,468476826232,468636570112,-267.7,-260.9,43.6,45.4,3→4,64.2
69772,323,1,2,0,0,0.0,0,0,0.0,0.0,0.0,0.0,0.0,0,0,0,0,-256.3,0.0,44.4,0.0,1→2,64.4
69772,323,1,3,1,-74340,42.61,5429,8832,25.4716,41.4401,41.3311,18.1599,-73.24,1077493083700,1077652838415,692974536848,693134280704,-256.3,-267.7,44.4,42.6,1→3,64.4
69772,323,1,4,1,-81888,46.93,4897,8646,22.9756,40.5651,40.4221,18.8763,-69.41,1078771119668,1078930872976,477336474599,477496218112,-256.3,-260.9,44.4,45.4,1→4,64.4
69772,323,2,3,0,0,0.0,0,0,0.0,0.0,0.0,0.0,0.0,0,0,0,0,21.9,0.0,45.3,0.0,2→3,64.4
69772,323,2,4,0,0,0.0,0,0,0.0,0.0,0.0,0.0,0.0,0,0,0,0,21.9,0.0,45.3,0.0,2→4,64.4
69772,323,3,4,1,-7670,4.4,8392,8743,39.3733,41.0229,40.9389,3.5972,-76.34,698176592948,698336353660,481260458057,481420201984,-267.7,-260.9,42.6,45.4,3→4,64.4
69972,324,1,2,0,0,0.0,0,0,0.0,0.0,0.0,0.0,0.0,0,0,0,0,-256.3,0.0,44.4,0.0,1→2,64.6
69972,324,1,3,1,-74456,42.67,5439,8847,25.5185,41.5119,41.4029,18.2317,-73.24,1090271837748,1090431592387,705753835248,705913579008,-256.3,-267.7,44.4,42.6,1→3,64.6
69972,324,1,4,1,-81841,46.9,4898,8644,22.9803,40.5574,40.4144,18.8686,-69.41,1091549872692,1091709626481,490115827207,490275571200,-256.3,-260.9,44.4,45.4,1→4,64.6
69972,324,2,3,0,0,0.0,0,0,0.0,0.0,0.0,0.0,0.0,0,0,0,0,21.9,0.0,45.3,0.0,2→3,64.6
69972,324,2,4,0,0,0.0,0,0,0.0,0.0,0.0,0.0,0.0,0,0,0,0,21.9,0.0,45.3,0.0,2→4,64.6
69972,324,3,4,1,-7711,4.42,8395,8748,39.3874,41.0458,40.9618,3.6201,-75.7,710950808116,711110568898,494034728457,494194472448,-267.7,-260.9,42.6,45.4,3→4,64.6
70172,325,1,2,0,0,0.0,0,0,0.0,0.0,0.0,0.0,0.0,0,0,0,0,-256.3,0.0,44.4,0.0,1→2,64.8
70172,325,1,3,1,-74332,42.6,5437,8839,25.5091,41.4735,41.3895,18.2183,-75.8,3538964020,3698718561,718533133645,718692877312,-256.3,-267.7,44.4,42.6,1→3,64.8
70172,325,1,4,1,-81935,46.96,4900,8650,22.9896,40.587,40.424,18.8782,-68.93,4816862772,4976616499,502895044681,503054788608,-256.3,-260.9,44.4,45.4,1→4,64.8
70172,325,2,3,0,0,0.0,0,0,0.0,0.0,0.0,0.0,0.0,0,0,0,0,21.9,0.0,45.3,0.0,2→3,64.8
70172,325,2,4,0,0,0.0,0,0,0.0,0.0,0.0,0.0,0.0,0,0,0,0,21.9,0.0,45.3,0.0,2→4,64.8
70172,325,3,4,1,-7707,4.42,8406,8758,39.439,41.0942,41.0102,3.6685,-75.83,723838117940,723997878295,506922094025,507081837568,-267.7,-260.9,42.6,45.4,3→4,64.8
70372,326,1,2,0,0,0.0,0,0,0.0,0.0,0.0,0.0,0.0,0,0,0,0,-256.3,0.0,44.4,0.0,1→2,65.0
70372,326,1,3,1,-74399,42.64,5432,8838,25.4857,41.4668,41.3578,18.1866,-73.41,16317718580,16477473008,731312432565,731472176128,-256.3,-267.7,44.4,43.6,1→3,65.0
70372,326,1,4,1,-81940,46.96,4897,8648,22.9756,40.5763,40.4133,18.8675,-67.77,17595298356,17755051991,515674079904,515833823744,-256.3,-260.9,44.4,45.4,1→4,65.0
70372,326,2,3,0,0,0.0,0,0,0.0,0.0,0.0,0.0,0.0,0,0,0,0,23.0,0.0,45.3,0.0,2→3,65.0
70372,326,2,4,0,0,0.0,0,0,0.0,0.0,0.0,0.0,0.0,0,0,0,0,23.0,0.0,45.3,0.0,2→4,65.0
70372,326,3,4,1,-7687,4.41,8396,8748,39.3921,41.0453,40.9363,3.5946,-74.66,736516139572,736675900345,519600170516,519759914496,-267.7,-260.9,43.6,45.4,3→4,65.0
70572,327,1,2,0,0,0.0,0,0,0.0,0.0,0.0,0.0,0.0,0,0,0,0,-256.3,0.0,44.4,0.0,1→2,65.2
70572,327,1,3,1,-74450,42.67,5434,8842,25.495,41.4848,41.3758,18.2046,-73.76,29096472628,29256227457,744091730983,744251474944,-256.3,-267.7,44.4,43.6,1→3,65.2
70572,327,1,4,1,-81915,46.95,4897,8647,22.9756,40.5709,40.4279,18.8821,-69.06,30374508596,30534262068,528453889859,528613633536,-256.3,-260.9,44.4,45.4,1→4,65.2
70572,327,2,3,0,0,0.0,0,0,0.0,0.0,0.0,0.0,0.0,0,0,0,0,23.0,0.0,45.3,0.0,2→3,65.2
70572,327,2,4,0,0,0.0,0,0,0.0,0.0,0.0,0.0,0.0,0,0,0,0,23.0,0.0,45.3,0.0,2→4,65.2
70572,327,3,4,1,-7684,4.4,8386,8738,39.3451,40.9978,40.9138,3.5721,-75.78,749291643444,749451404190,532375729691,532535473664,-267.7,-260.9,43.6,45.4,3→4,65.2
70772,328,1,2,0,0,0.0,0,0,0.0,0.0,0.0,0.0,0.0,0,0,0,0,-256.3,0.0,44.4,0.0,1→2,65.4
70772,328,1,3,1,-74459,42.67,5439,8847,25.5185,41.5125,41.4035,18.2323,-73.52,41875226676,42034981379,756871029424,757030773248,-256.3,-267.7,44.4,43.6,1→3,65.4
70772,328,1,4,1,-81978,46.98,4903,8656,23.0037,40.6126,40.4696,18.9238,-69.01,43153262644,43313016445,541233243654,541392987648,-256.3,-260.9,44.4,45.4,1→4,65.4
70772,328,2,3,0,0,0.0,0,0,0.0,0.0,0.0,0.0,0.0,0,0,0,0,23.0,0.0,45.3,0.0,2→3,65.4
70772,328,2,4,0,0,0.0,0,0,0.0,0.0,0.0,0.0,0.0,0,0,0,0,23.0,0.0,45.3,0.0,2→4,65.4
70772,328,3,4,1,-7678,4.4,8395,8746,39.3874,41.0387,40.9547,3.613,-76.09,762071844916,762231605600,545155986539,545315730432,-267.7,-260.9,43.6,45.4,3→4,65.4
70972,329,1,2,0,0,0.0,0,0,0.0,0.0,0.0,0.0,0.0,0,0,0,0,-256.3,0.0,43.4,0.0,1→2,65.6
70972,329,1,3,1,-74365,42.62,5437,8841,25.5091,41.4806,41.3716,18.2004,-73.62,54653980724,54813735288,769650327862,769810071552,-256.3,-267.7,43.4,42.6,1→3,65.6
70972,329,1,4,1,-82017,47.01,4891,8645,22.9474,40.5647,40.4217,18.8759,-69.06,55932016692,56091770265,554012597458,554172341248,-256.3,-260.9,43.4,45.4,1→4,65.6
70972,329,2,3,0,0,0.0,0,0,0.0,0.0,0.0,0.0,0.0,0,0,0,0,21.9,0.0,45.3,0.0,2→3,65.6
70972,329,2,4,0,0,0.0,0,0,0.0,0.0,0.0,0.0,0.0,0,0,0,0,21.9,0.0,45.3,0.0,2→4,65.6
70972,329,3,4,1,-7730,4.43,8391,8744,39.3686,41.0288,40.9448,3.6031,-75.62,774852640308,775012400887,557936837323,558096581120,-267.7,-260.9,42.6,45.4,3→4,65.6
71172,330,1,2,0,0,0.0,0,0,0.0,0.0,0.0,0.0,0.0,0,0,0,0,-256.3,0.0,43.4,0.0,1→2,65.8
71172,330,1,3,1,-74415,42.65,5434,8840,25.495,41.4796,41.3706,18.1994,-73.41,67432734772,67592489193,782429626304,782589369856,-256.3,-267.7,43.4,42.6,1→3,65.8
71172,330,1,4,1,-81978,46.98,4896,8649,22.9709,40.5797,40.4167,18.8709,-68.43,68710738996,68870492325,566791919568,566951663104,-256.3,-260.9,43.4,45.4,1→4,65.8
71172,330,2,3,0,0,0.0,0,0,0.0,0.0,0.0,0.0,0.0,0,0,0,0,21.9,0.0,45.3,0.0,2→3,65.8
71172,330,2,4,0,0,0.0,0,0,0.0,0.0,0.0,0.0,0.0,0,0,0,0,21.9,0.0,45.3,0.0,2→4,65.8
71172,330,3,4,1,-7733,4.43,8396,8750,39.3921,41.0552,40.9712,3.6295,-75.39,787630001204,787789761682,570714253627,570873997312,-267.7,-260.9,42.6,45.4,3→4,65.8
71372,331,1,2,0,0,0.0,0,0,0.0,0.0,0.0,0.0,0.0,0,0,0,0,-256.3,0.0,43.4,0.0,1→2,66.0
71372,331,1,3,1,-74415,42.65,5438,8844,25.5138,41.4984,41.3894,18.2182,-73.21,80211488820,80371243605,795208924764,795368668672,-256.3,-267.7,43.4,42.6,1→3,66.0
71372,331,1,4,1,-81942,46.96,4895,8646,22.9662,40.565,40.402,18.8562,-67.91,81489523764,81649277310,579571304180,579731047936,-256.3,-260.9,43.4,45.4,1→4,66.0
71372,331,2,3,0,0,0.0,0,0,0.0,0.0,0.0,0.0,0.0,0,0,0,0,21.9,0.0,45.3,0.0,2→3,66.0
71372,331,2,4,0,0,0.0,0,0,0.0,0.0,0.0,0.0,0.0,0,0,0,0,21.9,0.0,45.3,0.0,2→4,66.0
71372,331,3,4,1,-7726,4.43,8391,8744,39.3686,41.0279,40.9439,3.6022,-75.9,800409940532,800569700863,583494248387,583653991936,-267.7,-260.9,42.6,45.4,3→4,66.0
71572,332,1,2,0,0,0.0,0,0,0.0,0.0,0.0,0.0,0.0,0,0,0,0,-256.3,0.0,44.4,0.0,1→2,66.2
71572,332,1,3,1,-74391,42.64,5438,8843,25.5138,41.4909,41.4069,18.2357,-75.03,92990241332,93149995949,807988221699,808147965440,-256.3,-267.7,44.4,43.6,1→3,66.2
71572,332,1,4,1,-81958,46.97,4896,8648,22.9709,40.5755,40.4325,18.8867,-69.62,94268278836,94428032567,592350659134,592510403072,-256.3,-260.9,44.4,45.4,1→4,66.2
71572,332,2,3,0,0,0.0,0,0,0.0,0.0,0.0,0.0,0.0,0,0,0,0,23.0,0.0,45.3,0.0,2→3,66.2
71572,332,2,4,0,0,0.0,0,0,0.0,0.0,0.0,0.0,0.0,0,0,0,0,23.0,0.0,45.3,0.0,2→4,66.2
71572,332,3,4,1,-7734,4.43,8390,8744,39.3639,41.0273,40.9683,3.6266,-77.06,813190020660,813349781334,596274383979,596434127872,-267.7,-260.9,43.6,45.4,3→4,66.2
71772,333,1,2,0,0,0.0,0,0,0.0,0.0,0.0,0.0,0.0,0,0,0,0,-256.3,0.0,44.4,0.0,1→2,66.4
71772,333,1,3,1,-74435,42.66,5435,8842,25.4997,41.4862,41.3772,18.206,-73.69,105768996916,105928751328,820767521738,820927265280,-256.3,-267.7,44.4,43.6,1→3,66.4
71772,333,1,4,1,-82015,47.0,4893,8647,22.9568,40.5736,40.4106,18.8648,-68.5,107046895156,107206648511,605129875376,605289618944,-256.3,-260.9,44.4,45.4,1→4,66.4
71772,333,2,3,0,0,0.0,0,0,0.0,0.0,0.0,0.0,0.0,0,0,0,0,23.0,0.0,45.3,0.0,2→3,66.4
71772,333,2,4,0,0,0.0,0,0,0.0,0.0,0.0,0.0,0.0,0,0,0,0,23.0,0.0,45.3,0.0,2→4,66.4
71772,333,3,4,1,-7767,4.45,8389,8744,39.3592,41.0273,40.9433,3.6016,-76.21,825965570100,826125330604,609049988882,609209732608,-267.7,-260.9,43.6,45.4,3→4,66.4
71972,334,1,2,0,0,0.0,0,0,0.0,0.0,0.0,0.0,0.0,0,0,0,0,-256.3,0.0,44.4,0.0,1→2,66.6
71972,334,1,3,1,-74449,42.67,5433,8841,25.4904,41.4799,41.3709,18.1997,-73.66,118547750452,118707505130,833546819772,833706563584,-256.3,-267.7,44.4,43.6,1→3,66.6
71972,334,1,4,1,-82003,47.0,4896,8649,22.9709,40.5828,40.4198,18.874,-68.32,119825785908,119985539337,617909366123,618069109760,-256.3,-260.9,44.4,45.4,1→4,66.6
71972,334,2,3,0,0,0.0,0,0,0.0,0.0,0.0,0.0,0.0,0,0,0,0,23.0,0.0,45.3,0.0,2→3,66.6
71972,334,2,4,0,0,0.0,0,0,0.0,0.0,0.0,0.0,0.0,0,0,0,0,23.0,0.0,45.3,0.0,2→4,66.6
71972,334,3,4,1,-7776,4.46,8391,8746,39.3686,41.0387,40.9547,3.613,-76.26,838747342900,838907103206,621831817180,621991560704,-267.7,-260.9,43.6,45.4,3→4,66.6
72172,335,1,2,0,0,0.0,0,0,0.0,0.0,0.0,0.0,0.0,0,0,0,0,-256.3,0.0,44.4,0.0,1→2,66.8
72172,335,1,3,1,-74362,42.62,5431,8835,25.481,41.4541,41.3451,18.1739,-73.31,131326504500,131486258915,846326118336,846485861888,-256.3,-267.7,44.4,43.6,1→3,66.8
72172,335,1,4,1,-81952,46.97,4899,8650,22.985,40.5859,40.4229,18.8771,-68.98,132604508724,132764262192,630688688970,630848432640,-256.3,-260.9,44.4,45.4,1→4,66.8
72172,335,2,3,0,0,0.0,0,0,0.0,0.0,0.0,0.0,0.0,0,0,0,0,23.0,0.0,45.3,0.0,2→3,66.8
72172,335,2,4,0,0,0.0,0,0,0.0,0.0,0.0,0.0,0.0,0,0,0,0,23.0,0.0,45.3,0.0,2→4,66.8
72172,335,3,4,1,-7727,4.43,8395,8748,39.3874,41.0469,40.9629,3.6212,-75.52,851528455732,851688216324,634612985542,634772729344,-267.7,-260.9,43.6,45.4,3→4,66.8
72372,336,1,2,0,0,0.0,0,0,0.0,0.0,0.0,0.0,0.0,0,0,0,0,-256.3,0.0,44.4,0.0,1→2,67.0
72372,336,1,3,1,-74387,42.63,5435,8840,25.4997,41.4783,41.3693,18.1981,-73.18,144105258036,144265012679,859105416420,859265160192,-256.3,-267.7,44.4,43.6,1→3,67.0
72372,336,1,4,1,-81981,46.99,4896,8648,22.9709,40.5781,40.4151,18.8693,-68.14,145383262260,145543015712,643468042580,643627786240,-256.3,-260.9,44.4,45.4,1→4,67.0
72372,336,2,3,0,0,0.0,0,0,0.0,0.0,0.0,0.0,0.0,0,0,0,0,23.0,0.0,45.3,0.0,2→3,67.0
72372,336,2,4,0,0,0.0,0,0,0.0,0.0,0.0,0.0,0.0,0,0,0,0,23.0,0.0,45.3,0.0,2→4,67.0
72372,336,3,4,1,-7750,4.44,8399,8753,39.4061,41.0706,40.9866,3.6449,-75.77,864307201076,864466961422,647391786436,647551529984,-267.7,-260.9,43.6,45.4,3→4,67.0
72572,337,1,2,0,0,0.0,0,0,0.0,0.0,0.0,0.0,0.0,0,0,0,0,-256.3,0.0,44.4,0.0,1→2,67.2
72572,337,1,3,1,-74382,42.63,5438,8843,25.5138,41.4913,41.3823,18.2111,-74.19,156884012084,157043766931,871884715038,872044459008,-256.3,-267.7,44.4,43.6,1→3,67.2
72572,337,1,4,1,-82013,47.0,4893,8647,22.9568,40.5732,40.4102,18.8644,-68.8,158161910836,158321664215,656247291288,656407034880,-256.3,-260.9,44.4,45.4,1→4,67.2
72572,337,2,3,0,0,0.0,0,0,0.0,0.0,0.0,0.0,0.0,0,0,0,0,23.0,0.0,45.3,0.0,2→3,67.2
72572,337,2,4,0,0,0.0,0,0,0.0,0.0,0.0,0.0,0.0,0,0,0,0,23.0,0.0,45.3,0.0,2→4,67.2
72572,337,3,4,1,-7767,4.45,8382,8738,39.3264,40.9968,40.8878,3.5461,-74.51,877086861364,877246621935,660171502274,660331246080,-267.7,-260.9,43.6,45.4,3→4,67.2
72772,338,1,2,0,0,0.0,0,0,0.0,0.0,0.0,0.0,0.0,0,0,0,0,-256.3,0.0,44.4,0.0,1→2,67.4
72772,338,1,3,1,-74443,42.66,5432,8840,25.4857,41.4762,41.3672,18.196,-73.78,169662920756,169822675253,884664168304,884823911936,-256.3,-267.7,44.4,43.6,1→3,67.4
72772,338,1,4,1,-82052,47.03,4894,8650,22.9615,40.5839,40.4209,18.8751,-68.05,170940345908,171100099192,669026326520,669186070016,-256.3,-260.9,44.4,45.4,1→4,67.4
72772,338,2,3,0,0,0.0,0,0,0.0,0.0,0.0,0.0,0.0,0,0,0,0,23.0,0.0,45.3,0.0,2→3,67.4
72772,338,2,4,0,0,0.0,0,0,0.0,0.0,0.0,0.0,0.0,0,0,0,0,23.0,0.0,45.3,0.0,2→4,67.4
72772,338,3,4,1,-7805,4.47,8393,8750,39.378,41.0566,40.9726,3.6309,-76.51,889866447412,890026207696,672951143927,673110887424,-267.7,-260.9,43.6,45.4,3→4,67.4
72972,339,1,2,0,0,0.0,0,0,0.0,0.0,0.0,0.0,0.0,0,0,0,0,-256.3,0.0,44.4,0.0,1→2,67.6
72972,339,1,3,1,-74445,42.67,5434,8842,25.495,41.4861,41.3771,18.2059,-74.12,182441519668,182601274336,897443311817,897603055616,-256.3,-267.7,44.4,43.6,1→3,67.6
72972,339,1,4,1,-81947,46.97,4892,8643,22.9521,40.5544,40.3914,18.8456,-68.56,183719099444,183878853069,681805680288,681965424128,-256.3,-260.9,44.4,45.4,1→4,67.6
72972,339,2,3,0,0,0.0,0,0,0.0,0.0,0.0,0.0,0.0,0,0,0,0,23.0,0.0,45.3,0.0,2→3,67.6
72972,339,2,4,0,0,0.0,0,0,0.0,0.0,0.0,0.0,0.0,0,0,0,0,23.0,0.0,45.3,0.0,2→4,67.6
72972,339,3,4,1,-7714,4.42,8391,8744,39.3686,41.0253,40.9413,3.5996,-76.63,902644864564,902804625018,685729616712,685889360384,-267.7,-260.9,43.6,45.4,3→4,67.6
73172,340,1,2,0,0,0.0,0,0,0.0,0.0,0.0,0.0,0.0,0,0,0,0,-256.3,0.0,44.4,0.0,1→2,67.8
73172,340,1,3,1,-74387,42.63,5436,8841,25.5044,41.4807,41.3967,18.2255,-75.52,195220273204,195380028035,910222609961,910382353920,-256.3,-267.7,44.4,43.6,1→3,67.8
73172,340,1,4,1,-82064,47.03,4893,8650,22.9568,40.5841,40.4212,18.8754,-68.19,196498276916,196658030321,694585458046,694745201664,-256.3,-260.9,44.4,45.4,1→4,67.8
73172,340,2,3,0,0,0.0,0,0,0.0,0.0,0.0,0.0,0.0,0,0,0,0,23.0,0.0,45.3,0.0,2→3,67.8
73172,340,2,4,0,0,0.0,0,0,0.0,0.0,0.0,0.0,0.0,0,0,0,0,23.0,0.0,45.3,0.0,2→4,67.8
73172,340,3,4,1,-7753,4.44,8392,8746,39.3733,41.0384,40.9544,3.6127,-76.93,915423134260,915582894864,698507942068,698667685888,-267.7,-260.9,43.6,45.4,3→4,67.8
73372,341,1,2,0,0,0.0,0,0,0.0,0.0,0.0,0.0,0.0,0,0,0,0,-256.3,0.0,44.4,0.0,1→2,68.0
73372,341,1,3,1,-74407,42.64,5431,8837,25.481,41.4615,41.3775,18.2063,-76.51,207999026740,208158781191,923001908123,923161651712,-256.3,-267.7,44.4,43.6,1→3,68.0
73372,341,1,4,1,-82019,47.01,4896,8651,22.9709,40.5886,40.4456,18.8998,-69.57,209277062708,209436816371,707364844162,707524588032,-256.3,-260.9,44.4,45.4,1→4,68.0
73372,341,2,3,0,0,0.0,0,0,0.0,0.0,0.0,0.0,0.0,0,0,0,0,23.0,0.0,45.3,0.0,2→3,68.0
73372,341,2,4,0,0,0.0,0,0,0.0,0.0,0.0,0.0,0.0,0,0,0,0,23.0,0.0,45.3,0.0,2→4,68.0
73372,341,3,4,1,-7791,4.47,8382,8739,39.3264,41.002,40.943,3.6013,-77.83,928203327540,928363088228,711288191053,711447934976,-267.7,-260.9,43.6,45.4,3→4,68.0
73572,342,1,2,0,0,0.0,0,0,0.0,0.0,0.0,0.0,0.0,0,0,0,0,-256.3,0.0,44.4,0.0,1→2,68.2
73572,342,1,3,1,-74417,42.65,5437,8844,25.5091,41.4941,41.4101,18.2389,-76.85,220777780276,220937534874,935781206293,935940950016,-256.3,-267.7,44.4,43.6,1→3,68.2
73572,342,1,4,1,-82018,47.01,4894,8648,22.9615,40.5766,40.4136,18.8678,-68.15,222055816244,222215569612,720144198052,720303941632,-256.3,-260.9,44.4,45.4,1→4,68.2
73572,342,2,3,0,0,0.0,0,0,0.0,0.0,0.0,0.0,0.0,0,0,0,0,23.0,0.0,45.3,0.0,2→3,68.2
73572,342,2,4,0,0,0.0,0,0,0.0,0.0,0.0,0.0,0.0,0,0,0,0,23.0,0.0,45.3,0.0,2→4,68.2
73572,342,3,4,1,-7788,4.46,8391,8747,39.3686,41.0412,40.9572,3.6155,-76.38,940982222388,941141982660,724067141630,724226885120,-267.7,-260.9,43.6,45.4,3→4,68.2
73772,343,1,2,0,0,0.0,0,0,0.0,0.0,0.0,0.0,0.0,0,0,0,0,-256.3,0.0,44.4,0.0,1→2,68.4
73772,343,1,3,1,-74408,42.64,5434,8840,25.495,41.4758,41.3918,18.2206,-76.38,233556533812,233716288540,948560504460,948720248320,-256.3,-267.7,44.4,43.6,1→3,68.4
73772,343,1,4,1,-81990,46.99,4891,8644,22.9474,40.5565,40.3935,18.8477,-68.42,234834569780,234994323338,732923551968,733083295744,-256.3,-260.9,44.4,45.4,1→4,68.4
73772,343,2,3,0,0,0.0,0,0,0.0,0.0,0.0,0.0,0.0,0,0,0,0,23.0,0.0,45.3,0.0,2→3,68.4
73772,343,2,4,0,0,0.0,0,0,0.0,0.0,0.0,0.0,0.0,0,0,0,0,23.0,0.0,45.3,0.0,2→4,68.4
73772,343,3,4,1,-7828,4.49,8393,8751,39.378,41.0616,40.9525,3.6108,-74.04,953759350836,953919111168,736844325831,737004069376,-267.7,-260.9,43.6,45.4,3→4,68.4
73972,344,1,2,0,0,0.0,0,0,0.0,0.0,0.0,0.0,0.0,0,0,0,0,-256.3,0.0,44.4,0.0,1→2,68.6
73972,344,1,3,1,-74468,42.68,5436,8845,25.5044,41.5004,41.3914,18.2202,-74.12,246335287348,246495041710,961339802623,961499546112,-256.3,-267.7,44.4,43.6,1→3,68.6
73972,344,1,4,1,-81969,46.98,4893,8645,22.9568,40.5614,40.3984,18.8526,-68.13,247613323316,247773077051,745702905907,745862649856,-256.3,-260.9,44.4,45.4,1→4,68.6
73972,344,2,3,0,0,0.0,0,0,0.0,0.0,0.0,0.0,0.0,0,0,0,0,23.0,0.0,45.3,0.0,2→3,68.6
73972,344,2,4,0,0,0.0,0,0,0.0,0.0,0.0,0.0,0.0,0,0,0,0,23.0,0.0,45.3,0.0,2→4,68.6
73972,344,3,4,1,-7795,4.47,8390,8746,39.3639,41.038,40.954,3.6123,-75.16,966540470836,966700231176,749625501624,749785245184,-267.7,-260.9,43.6,45.4,3→4,68.6
74172,345,1,2,0,0,0.0,0,0,0.0,0.0,0.0,0.0,0.0,0,0,0,0,-256.3,0.0,44.4,0.0,1→2,68.8
74172,345,1,3,1,-74321,42.59,5433,8835,25.4904,41.4524,41.3934,18.2222,-77.12,259114040884,259273795394,974119100772,974278844416,-256.3,-267.7,44.4,43.6,1→3,68.8
74172,345,1,4,1,-82034,47.02,4894,8649,22.9615,40.58,40.417,18.8713,-68.0,260392075828,260551829209,758482258839,758642002432,-256.3,-260.9,44.4,45.4,1→4,68.8
74172,345,2,3,0,0,0.0,0,0,0.0,0.0,0.0,0.0,0.0,0,0,0,0,23.0,0.0,45.3,0.0,2→3,68.8
74172,345,2,4,0,0,0.0,0,0,0.0,0.0,0.0,0.0,0.0,0,0,0,0,23.0,0.0,45.3,0.0,2→4,68.8
74172,345,3,4,1,-7819,4.48,8394,8751,39.3827,41.062,40.978,3.6363,-76.47,979320723508,979480483863,762405810097,762565553664,-267.7,-260.9,43.6,45.4,3→4,68.8
74372,346,1,2,0,0,0.0,0,0,0.0,0.0,0.0,0.0,0.0,0,0,0,0,-256.3,0.0,44.4,0.0,1→2,69.0
74372,346,1,3,1,-74380,42.63,5431,8836,25.481,41.458,41.349,18.1778,-73.18,271892794420,272052549097,986898398906,987058142720,-256.3,-267.7,44.4,43.6,1→3,69.0
74372,346,1,4,1,-82061,47.03,4893,8649,22.9568,40.5812,40.4182,18.8724,-67.26,273170827316,273330580853,771261610745,771421354496,-256.3,-260.9,44.4,45.4,1→4,69.0
74372,346,2,3,0,0,0.0,0,0,0.0,0.0,0.0,0.0,0.0,0,0,0,0,23.0,0.0,45.3,0.0,2→3,69.0
74372,346,2,4,0,0,0.0,0,0,0.0,0.0,0.0,0.0,0.0,0,0,0,0,23.0,0.0,45.3,0.0,2→4,69.0
74372,346,3,4,1,-7785,4.46,8391,8747,39.3686,41.0429,40.9339,3.5922,-73.66,992113266740,992273027509,775198409230,775358153216,-267.7,-260.9,43.6,45.4,3→4,69.0
74572,347,1,2,0,0,0.0,0,0,0.0,0.0,0.0,0.0,0.0,0,0,0,0,-256.3,0.0,44.4,0.0,1→2,69.2
74572,347,1,3,1,-74440,42.66,5435,8842,25.4997,41.4874,41.3784,18.2072,-73.73,284671547956,284831302824,999677697026,999837441024,-256.3,-267.7,44.4,43.6,1→3,69.2
74572,347,1,4,1,-82020,47.01,4886,8641,22.924,40.5419,40.3789,18.8331,-67.83,285949583924,286109337588,784040967789,784200711680,-256.3,-260.9,44.4,45.4,1→4,69.2
74572,347,2,3,0,0,0.0,0,0,0.0,0.0,0.0,0.0,0.0,0,0,0,0,23.0,0.0,45.3,0.0,2→3,69.2
74572,347,2,4,0,0,0.0,0,0,0.0,0.0,0.0,0.0,0.0,0,0,0,0,23.0,0.0,45.3,0.0,2→4,69.2
74572,347,3,4,1,-7771,4.45,8385,8741,39.3404,41.0118,40.9528,3.6111,-77.32,1004879624244,1005039385009,787964822534,788124566528,-267.7,-260.9,43.6,45.4,3→4,69.2
74772,348,1,2,0,0,0.0,0,0,0.0,0.0,0.0,0.0,0.0,0,0,0,0,-256.3,0.0,44.4,0.0,1→2,69.4
74772,348,1,3,1,-74403,42.64,5433,8838,25.4904,41.47,41.386,18.2148,-75.0,297450456116,297610210644,1012457149778,1012616893440,-256.3,-267.7,44.4,43.6,1→3,69.4
74772,348,1,4,1,-82116,47.06,4897,8656,22.9756,40.6141,40.4511,18.9053,-68.85,298728336436,298888090217,796820320782,796980064768,-256.3,-260.9,44.4,45.4,1→4,69.4
74772,348,2,3,0,0,0.0,0,0,0.0,0.0,0.0,0.0,0.0,0,0,0,0,23.0,0.0,45.3,0.0,2→3,69.4
74772,348,2,4,0,0,0.0,0,0,0.0,0.0,0.0,0.0,0.0,0,0,0,0,23.0,0.0,45.3,0.0,2→4,69.4
74772,348,3,4,1,-7789,4.46,8381,8738,39.3217,40.9969,40.8879,3.5462,-74.61,1017657822772,1017817583450,800743076949,800902820864,-267.7,-260.9,43.6,45.4,3→4,69.4
74972,349,1,2,0,0,0.0,0,0,0.0,0.0,0.0,0.0,0.0,0,0,0,0,-256.3,0.0,44.4,0.0,1→2,69.6
74972,349,1,3,1,-74469,42.68,5434,8842,25.495,41.4889,41.4049,18.2337,-75.24,310229055028,310388809745,1025236293271,1025396037120,-256.3,-267.7,44.4,43.6,1→3,69.6
74972,349,1,4,1,-82050,47.02,4891,8646,22.9474,40.5694,40.4264,18.8806,-69.28,311507058740,311666812079,809599643579,809759387136,-256.3,-260.9,44.4,45.4,1→4,69.6
74972,349,2,3,0,0,0.0,0,0,0.0,0.0,0.0,0.0,0.0,0,0,0,0,23.0,0.0,45.3,0.0,2→3,69.6
74972,349,2,4,0,0,0.0,0,0,0.0,0.0,0.0,0.0,0.0,0,0,0,0,23.0,0.0,45.3,0.0,2→4,69.6
74972,349,3,4,1,-7739,4.44,8386,8740,39.3451,41.0073,40.9233,3.5816,-75.92,1030437037620,1030596798184,813522347728,813682091520,-267.7,-260.9,43.6,45.4,3→4,69.6
75172,350,1,2,0,0,0.0,0,0,0.0,0.0,0.0,0.0,0.0,0,0,0,0,-256.3,0.0,44.4,0.0,1→2,69.8
75172,350,1,3,1,-74462,42.68,5434,8842,25.495,41.4873,41.4033,18.2321,-75.05,323007808052,323167562421,1038015590899,1038175334400,-256.3,-267.7,44.4,43.6,1→3,69.8
75172,350,1,4,1,-82049,47.02,4894,8649,22.9615,40.5833,40.4203,18.8745,-68.83,324285844020,324445597389,822379029411,822538772992,-256.3,-260.9,44.4,45.4,1→4,69.8
75172,350,2,3,0,0,0.0,0,0,0.0,0.0,0.0,0.0,0.0,0,0,0,0,23.0,0.0,45.3,0.0,2→3,69.8
75172,350,2,4,0,0,0.0,0,0,0.0,0.0,0.0,0.0,0.0,0,0,0,0,23.0,0.0,45.3,0.0,2→4,69.8
75172,350,3,4,1,-7743,4.44,8389,8743,39.3592,41.0245,40.9655,3.6238,-77.77,1043216644148,1043376404558,826302010225,826461753856,-267.7,-260.9,43.6,45.4,3→4,69.8
75372,351,1,2,0,0,0.0,0,0,0.0,0.0,0.0,0.0,0.0,0,0,0,0,-256.3,0.0,44.4,0.0,1→2,70.0
75372,351,1,3,1,-74410,42.65,5433,8839,25.4904,41.4715,41.3625,18.1913,-73.59,335786562612,335946317168,1050794890038,1050954633728,-256.3,-267.7,44.4,43.6,1→3,70.0
75372,351,1,4,1,-82014,47.0,4895,8649,22.9662,40.5804,40.4174,18.8716,-68.46,337064141364,337223894772,835157927294,835317670912,-256.3,-260.9,44.4,45.4,1→4,70.0
75372,351,2,3,0,0,0.0,0,0,0.0,0.0,0.0,0.0,0.0,0,0,0,0,23.0,0.0,45.3,0.0,2→3,70.0
75372,351,2,4,0,0,0.0,0,0,0.0,0.0,0.0,0.0,0.0,0,0,0,0,23.0,0.0,45.3,0.0,2→4,70.0
75372,351,3,4,1,-7882,4.52,8392,8753,39.3733,41.0685,41.1655,3.8238,-90.49,1055995768372,1056155529133,839081190424,839240934400,-267.7,-260.9,43.6,45.4,3→4,70.0
75572,352,1,2,0,0,0.0,0,0,0.0,0.0,0.0,0.0,0.0,0,0,0,0,-256.3,0.0,44.4,0.0,1→2,70.2
75572,352,1,3,1,-74466,42.68,5435,8844,25.4997,41.4953,41.3863,18.2151,-73.94,348565313588,348725068358,1063574185573,1063733929472,-256.3,-267.7,44.4,43.6,1→3,70.2
75572,352,1,4,1,-82080,47.04,4892,8649,22.9521,40.5829,40.4199,18.8741,-68.78,349843400244,350003153640,847937786757,848097530368,-256.3,-260.9,44.4,45.4,1→4,70.2
75572,352,2,3,0,0,0.0,0,0,0.0,0.0,0.0,0.0,0.0,0,0,0,0,23.0,0.0,45.3,0.0,2→3,70.2
75572,352,2,4,0,0,0.0,0,0,0.0,0.0,0.0,0.0,0.0,0,0,0,0,23.0,0.0,45.3,0.0,2→4,70.2
75572,352,3,4,1,-7794,4.47,8386,8742,39.3451,41.0191,40.9601,3.6184,-77.72,1068775851060,1068935611594,851861329134,852021072896,-267.7,-260.9,43.6,45.4,3→4,70.2
75772,353,1,2,0,0,0.0,0,0,0.0,0.0,0.0,0.0,0.0,0,0,0,0,-256.3,0.0,44.4,0.0,1→2,70.4
75772,353,1,3,1,-74421,42.65,5433,8840,25.4904,41.4762,41.3672,18.196,-73.98,361344068660,361503823135,1076353485192,1076513228800,-256.3,-267.7,44.4,43.6,1→3,70.4
75772,353,1,4,1,-82135,47.07,4896,8656,22.9709,40.6135,40.4505,18.9047,-68.68,362621752884,362781506301,860716739960,860876483584,-256.3,-260.9,44.4,45.4,1→4,70.4
75772,353,2,3,0,0,0.0,0,0,0.0,0.0,0.0,0.0,0.0,0,0,0,0,23.0,0.0,45.3,0.0,2→3,70.4
75772,353,2,4,0,0,0.0,0,0,0.0,0.0,0.0,0.0,0.0,0,0,0,0,23.0,0.0,45.3,0.0,2→4,70.4
75772,353,3,4,1,-7827,4.49,8388,8746,39.3545,41.0355,40.9515,3.6098,-75.83,1081554772020,1081714532321,864640306139,864800049664,-267.7,-260.9,43.6,45.4,3→4,70.4
75972,354,1,2,0,0,0.0,0,0,0.0,0.0,0.0,0.0,0.0,0,0,0,0,-256.3,0.0,44.4,0.0,1→2,70.6
75972,354,1,3,1,-74400,42.64,5433,8838,25.4904,41.4694,41.3854,18.2142,-75.76,374122976820,374282731561,1089132937853,1089292681728,-256.3,-267.7,44.4,43.6,1→3,70.6
75972,354,1,4,1,-82040,47.02,4892,8647,22.9521,40.572,40.409,18.8632,-68.78,375400506420,375560259852,873496094048,873655837696,-256.3,-260.9,44.4,45.4,1→4,70.6
75972,354,2,3,0,0,0.0,0,0,0.0,0.0,0.0,0.0,0.0,0,0,0,0,23.0,0.0,45.3,0.0,2→3,70.6
75972,354,2,4,0,0,0.0,0,0,0.0,0.0,0.0,0.0,0.0,0,0,0,0,23.0,0.0,45.3,0.0,2→4,70.6
75972,354,3,4,1,-7854,4.5,8385,8744,39.3404,41.0273,40.9683,3.6266,-78.45,1094333402676,1094493163214,877418992872,877578736640,-267.7,-260.9,43.6,45.4,3→4,70.6
76172,355,1,2,0,0,0.0,0,0,0.0,0.0,0.0,0.0,0.0,0,0,0,0,-256.3,0.0,44.4,0.0,1→2,70.8
76172,355,1,3,1,-74437,42.66,5438,8845,25.5138,41.5008,41.4168,18.2456,-76.68,386901575220,387061329832,2400452872,2560196608,-256.3,-267.7,44.4,43.6,1→3,70.8
76172,355,1,4,1,-82096,47.05,4892,8650,22.9521,40.584,40.441,18.8952,-69.55,388179473972,388339227464,886275662116,886435405824,-256.3,-260.9,44.4,45.4,1→4,70.8
76172,355,2,3,0,0,0.0,0,0,0.0,0.0,0.0,0.0,0.0,0,0,0,0,23.0,0.0,45.3,0.0,2→3,70.8
76172,355,2,4,0,0,0.0,0,0,0.0,0.0,0.0,0.0,0.0,0,0,0,0,23.0,0.0,45.3,0.0,2→4,70.8
76172,355,3,4,1,-7810,4.48,8383,8740,39.3311,41.0084,40.9494,3.6077,-77.17,7601034804,7760795542,890198308892,890358052864,-267.7,-260.9,43.6,45.4,3→4,70.8
76372,356,1,2,0,0,0.0,0,0,0.0,0.0,0.0,0.0,0.0,0,0,0,0,-256.3,0.0,44.4,0.0,1→2,71.0
76372,356,1,3,1,-74396,42.64,5436,8841,25.5044,41.4826,41.3736,18.2024,-74.05,399680328756,399840083298,15179750730,15339494400,-256.3,-267.7,44.4,43.6,1→3,71.0
76372,356,1,4,1,-82022,47.01,4891,8645,22.9474,40.5634,40.4004,18.8546,-68.93,400958364724,401118118327,899055153331,899214897152,-256.3,-260.9,44.4,45.4,1→4,71.0
76372,356,2,3,0,0,0.0,0,0,0.0,0.0,0.0,0.0,0.0,0,0,0,0,23.0,0.0,45.3,0.0,2→3,71.0
76372,356,2,4,0,0,0.0,0,0,0.0,0.0,0.0,0.0,0.0,0,0,0,0,23.0,0.0,45.3,0.0,2→4,71.0
76372,356,3,4,1,-7840,4.49,8388,8746,39.3545,41.0383,40.9793,3.6376,-77.23,20383757876,20543518261,902981088135,903140831744,-267.7,-260.9,43.6,45.4,3→4,71.0
76572,357,1,2,0,0,0.0,0,0,0.0,0.0,0.0,0.0,0.0,0,0,0,0,-256.3,0.0,44.4,0.0,1→2,71.2
76572,357,1,3,1,-74366,42.62,5432,8836,25.4857,41.4597,41.3757,18.2045,-75.48,412459082292,412618836783,27959048566,28118792192,-256.3,-267.7,44.4,43.6,1→3,71.2
76572,357,1,4,1,-82001,47.0,4888,8642,22.9333,40.5472,40.3842,18.8384,-67.57,413737118260,413896871966,911834507335,911994251264,-256.3,-260.9,44.4,45.4,1→4,71.2
76572,357,2,3,0,0,0.0,0,0,0.0,0.0,0.0,0.0,0.0,0,0,0,0,23.0,0.0,45.3,0.0,2→3,71.2
76572,357,2,4,0,0,0.0,0,0,0.0,0.0,0.0,0.0,0.0,0,0,0,0,23.0,0.0,45.3,0.0,2→4,71.2
76572,357,3,4,1,-7862,4.51,8382,8742,39.3264,41.0172,40.9582,3.6165,-77.47,33158099508,33317860055,915755485914,915915229696,-267.7,-260.9,43.6,45.4,3→4,71.2
76772,358,1,2,0,0,0.0,0,0,0.0,0.0,0.0,0.0,0.0,0,0,0,0,-256.3,0.0,44.4,0.0,1→2,71.4
76772,358,1,3,1,-74403,42.64,5440,8845,25.5232,41.5028,41.3938,18.2226,-74.21,425237990452,425397744868,40738501072,40898244608,-256.3,-267.7,44.4,43.6,1→3,71.4
76772,358,1,4,1,-82091,47.05,4899,8656,22.985,40.6158,40.4528,18.907,-67.3,426515414580,426675168366,924613404172,924773148160,-256.3,-260.9,44.4,45.4,1→4,71.4
76772,358,2,3,0,0,0.0,0,0,0.0,0.0,0.0,0.0,0.0,0,0,0,0,23.0,0.0,45.3,0.0,2→3,71.4
76772,358,2,4,0,0,0.0,0,0,0.0,0.0,0.0,0.0,0.0,0,0,0,0,23.0,0.0,45.3,0.0,2→4,71.4
76772,358,3,4,1,-7887,4.52,8382,8743,39.3264,41.0203,40.9613,3.6196,-77.88,45937567284,46097327959,928535009881,928694753792,-267.7,-260.9,43.6,45.4,3→4,71.4
76972,359,1,2,0,0,0.0,0,0,0.0,0.0,0.0,0.0,0.0,0,0,0,0,-256.3,0.0,44.4,0.0,1→2,71.6
76972,359,1,3,1,-74356,42.62,5436,8839,25.5044,41.474,41.347,18.1758,-72.55,438016588852,438176343690,53517643810,53677387776,-256.3,-267.7,44.4,43.6,1→3,71.6
76972,359,1,4,1,-82054,47.03,4891,8647,22.9474,40.5726,40.4096,18.8638,-68.13,439294624820,439454378096,937393214971,937552958464,-256.3,-260.9,44.4,45.4,1→4,71.6
76972,359,2,3,0,0,0.0,0,0,0.0,0.0,0.0,0.0,0.0,0,0,0,0,23.0,0.0,45.3,0.0,2→3,71.6
76972,359,2,4,0,0,0.0,0,0,0.0,0.0,0.0,0.0,0.0,0,0,0,0,23.0,0.0,45.3,0.0,2→4,71.6
76972,359,3,4,1,-7840,4.49,8387,8746,39.3498,41.036,40.977,3.6353,-77.52,58718751284,58878511563,941316250096,941475993600,-267.7,-260.9,43.6,45.4,3→4,71.6
77172,360,1,2,0,0,0.0,0,0,0.0,0.0,0.0,0.0,0.0,0,0,0,0,-256.3,0.0,44.4,0.0,1→2,71.8
77172,360,1,3,1,-74357,42.62,5433,8836,25.4904,41.4601,41.3761,18.2049,-75.17,450795342388,450955097129,66296941693,66456685568,-256.3,-267.7,44.4,43.6,1→3,71.8
77172,360,1,4,1,-82070,47.04,4895,8651,22.9662,40.5925,40.4495,18.9037,-69.73,452073375284,452233128575,950172566003,950332309504,-256.3,-260.9,44.4,45.4,1→4,71.8
77172,360,2,3,0,0,0.0,0,0,0.0,0.0,0.0,0.0,0.0,0,0,0,0,23.0,0.0,45.3,0.0,2→3,71.8
77172,360,2,4,0,0,0.0,0,0,0.0,0.0,0.0,0.0,0.0,0,0,0,0,23.0,0.0,45.3,0.0,2→4,71.8
77172,360,3,4,1,-7841,4.49,8387,8745,39.3498,41.0338,40.9498,3.6081,-76.21,71497729076,71657489454,954095284108,954255027712,-267.7,-260.9,43.6,45.4,3→4,71.8
77372,361,1,2,0,0,0.0,0,0,0.0,0.0,0.0,0.0,0.0,0,0,0,0,-256.3,0.0,44.4,0.0,1→2,72.0
77372,361,1,3,1,-74435,42.66,5441,8848,25.5279,41.5144,41.3874,18.2162,-71.52,463574095924,463733850575,79076239591,79235983360,-256.3,-267.7,44.4,43.6,1→3,72.0
77372,361,1,4,1,-82106,47.06,4887,8646,22.9286,40.565,40.402,18.8562,-68.37,464852131892,465011885161,962951923194,963111666688,-256.3,-260.9,44.4,45.4,1→4,72.0
77372,361,2,3,0,0,0.0,0,0,0.0,0.0,0.0,0.0,0.0,0,0,0,0,23.0,0.0,45.3,0.0,2→3,72.0
77372,361,2,4,0,0,0.0,0,0,0.0,0.0,0.0,0.0,0.0,0,0,0,0,23.0,0.0,45.3,0.0,2→4,72.0
77372,361,3,4,1,-7820,4.48,8381,8739,39.3217,41.0035,40.9445,3.6028,-77.93,84277285428,84437045876,966874896699,967034640384,-267.7,-260.9,43.6,45.4,3→4,72.0
77572,362,1,2,0,0,0.0,0,0,0.0,0.0,0.0,0.0,0.0,0,0,0,0,-256.3,0.0,44.4,0.0,1→2,72.2
77572,362,1,3,1,-74372,42.62,5440,8844,25.5232,41.4962,41.3692,18.198,-72.91,476352848948,476512603454,91855537014,92015280640,-256.3,-267.7,44.4,43.6,1→3,72.2
77572,362,1,4,1,-82090,47.05,4898,8656,22.9803,40.6132,40.4502,18.9044,-68.47,477630884404,477790638127,975731276362,975891020288,-256.3,-260.9,44.4,45.4,1→4,72.2
77572,362,2,3,0,0,0.0,0,0,0.0,0.0,0.0,0.0,0.0,0,0,0,0,23.0,0.0,45.3,0.0,2→3,72.2
77572,362,2,4,0,0,0.0,0,0,0.0,0.0,0.0,0.0,0.0,0,0,0,0,23.0,0.0,45.3,0.0,2→4,72.2
77572,362,3,4,1,-7833,4.49,8400,8759,39.4108,41.0955,41.0115,3.6698,-75.33,97057743412,97217503942,979655410959,979815154688,-267.7,-260.9,43.6,45.4,3→4,72.2
77772,363,1,2,0,0,0.0,0,0,0.0,0.0,0.0,0.0,0.0,0,0,0,0,-256.3,0.0,44.4,0.0,1→2,72.4
77772,363,1,3,1,-74376,42.63,5436,8840,25.5044,41.4783,41.3513,18.1801,-72.97,489131602484,489291357334,104634834966,104794578944,-256.3,-267.7,44.4,43.6,1→3,72.4
77772,363,1,4,1,-82110,47.06,4893,8651,22.9568,40.5917,40.4287,18.8829,-68.57,490409637428,490569391028,988510630074,988670373888,-256.3,-260.9,44.4,45.4,1→4,72.4
77772,363,2,3,0,0,0.0,0,0,0.0,0.0,0.0,0.0,0.0,0,0,0,0,23.0,0.0,45.3,0.0,2→3,72.4
77772,363,2,4,0,0,0.0,0,0,0.0,0.0,0.0,0.0,0.0,0,0,0,0,23.0,0.0,45.3,0.0,2→4,72.4
77772,363,3,4,1,-7841,4.49,8390,8749,39.3639,41.0503,40.9413,3.5996,-74.96,109836117556,109995878129,992433841360,992593585152,-267.7,-260.9,43.6,45.4,3→4,72.4
77972,364,1,2,0,0,0.0,0,0,0.0,0.0,0.0,0.0,0.0,0,0,0,0,-256.3,0.0,44.4,0.0,1→2,72.6
77972,364,1,3,1,-74458,42.67,5434,8842,25.495,41.4865,41.3595,18.1883,-72.68,501910355508,502070110173,117414132427,117573876224,-256.3,-267.7,44.4,43.6,1→3,72.6
77972,364,1,4,1,-82129,47.07,4891,8650,22.9474,40.5864,40.4434,18.8976,-69.09,503188391476,503348144914,1001289984856,1001449728512,-256.3,-260.9,44.4,45.4,1→4,72.6
77972,364,2,3,0,0,0.0,0,0,0.0,0.0,0.0,0.0,0.0,0,0,0,0,20.7,0.0,45.3,0.0,2→3,72.6
77972,364,2,4,0,0,0.0,0,0,0.0,0.0,0.0,0.0,0.0,0,0,0,0,20.7,0.0,45.3,0.0,2→4,72.6
77972,364,3,4,1,-7864,4.51,8382,8742,39.3264,41.0177,40.9337,3.592,-76.1,122612959284,122772719889,1005210739360,1005370483200,-267.7,-260.9,43.6,45.4,3→4,72.6
78172,365,1,2,0,0,0.0,0,0,0.0,0.0,0.0,0.0,0.0,0,0,0,0,-256.3,0.0,44.4,0.0,1→2,72.8
78172,365,1,3,1,-74458,42.67,5438,8846,25.5138,41.5076,41.3806,18.2094,-72.71,514689108532,514848862972,130193429941,130353173504,-256.3,-267.7,44.4,43.6,1→3,72.8
78172,365,1,4,1,-82053,47.03,4889,8645,22.938,40.5631,40.4001,18.8543,-68.02,515967007284,516126761036,1014069201435,1014228945408,-256.3,-260.9,44.4,45.4,1→4,72.8
78172,365,2,3,0,0,0.0,0,0,0.0,0.0,0.0,0.0,0.0,0,0,0,0,20.7,0.0,45.3,0.0,2→3,72.8
78172,365,2,4,0,0,0.0,0,0,0.0,0.0,0.0,0.0,0.0,0,0,0,0,20.7,0.0,45.3,0.0,2→4,72.8
78172,365,3,4,1,-7847,4.5,8385,8744,39.3404,41.0258,40.9418,3.6001,-75.57,135390656564,135550417198,1017988492936,1018148236800,-267.7,-260.9,43.6,45.4,3→4,72.8
78372,366,1,2,0,0,0.0,0,0,0.0,0.0,0.0,0.0,0.0,0,0,0,0,-256.3,0.0,44.4,0.0,1→2,73.0
78372,366,1,3,1,-74461,42.68,5436,8845,25.5044,41.4989,41.3899,18.2187,-73.98,527467861556,527627616244,142972727481,143132471296,-256.3,-267.7,44.4,43.6,1→3,73.0
78372,366,1,4,1,-82162,47.09,4889,8650,22.938,40.5841,40.4211,18.8753,-68.16,528745546292,528905299795,1026848341267,1027008084992,-256.3,-260.9,44.4,45.4,1→4,73.0
78372,366,2,3,0,0,0.0,0,0,0.0,0.0,0.0,0.0,0.0,0,0,0,0,20.7,0.0,45.3,0.0,2→3,73.0
78372,366,2,4,0,0,0.0,0,0,0.0,0.0,0.0,0.0,0.0,0,0,0,0,20.7,0.0,45.3,0.0,2→4,73.0
78372,366,3,4,1,-7838,4.49,8381,8739,39.3217,41.0051,40.9461,3.6044,-77.81,148173859892,148333620501,1030771752601,1030931496448,-267.7,-260.9,43.6,45.4,3→4,73.0
78572,367,1,2,0,0,0.0,0,0,0.0,0.0,0.0,0.0,0.0,0,0,0,0,-256.3,0.0,44.4,0.0,1→2,73.2
78572,367,1,3,1,-74458,42.67,5437,8845,25.5091,41.5006,41.3916,18.2204,-74.67,540246615092,540406369516,155752025538,155911769088,-256.3,-267.7,44.4,43.6,1→3,73.2
78572,367,1,4,1,-82126,47.07,4893,8652,22.9568,40.5975,40.4345,18.8887,-68.65,541524650548,541684404247,1039628046424,1039787790336,-256.3,-260.9,44.4,45.4,1→4,73.2
78572,367,2,3,0,0,0.0,0,0,0.0,0.0,0.0,0.0,0.0,0,0,0,0,20.7,0.0,45.3,0.0,2→3,73.2
78572,367,2,4,0,0,0.0,0,0,0.0,0.0,0.0,0.0,0.0,0,0,0,0,20.7,0.0,45.3,0.0,2→4,73.2
78572,367,3,4,1,-7869,4.51,8382,8742,39.3264,41.0187,40.9347,3.593,-76.83,160952588852,161112349422,1043550537923,1043710281728,-267.7,-260.9,43.6,45.4,3→4,73.2
78772,368,1,2,0,0,0.0,0,0,0.0,0.0,0.0,0.0,0.0,0,0,0,0,-256.3,0.0,44.4,0.0,1→2,73.4
78772,368,1,3,1,-74414,42.65,5436,8842,25.5044,41.4888,41.3798,18.2086,-74.41,553025368116,553185122784,168531323085,168691066880,-256.3,-267.7,44.4,43.6,1→3,73.4
78772,368,1,4,1,-82106,47.06,4888,8647,22.9333,40.5697,40.4267,18.8809,-70.14,554303400500,554463153875,1052407397266,1052567140864,-256.3,-260.9,44.4,45.4,1→4,73.4
78772,368,2,3,0,0,0.0,0,0,0.0,0.0,0.0,0.0,0.0,0,0,0,0,20.7,0.0,45.3,0.0,2→3,73.4
78772,368,2,4,0,0,0.0,0,0,0.0,0.0,0.0,0.0,0.0,0,0,0,0,20.7,0.0,45.3,0.0,2→4,73.4
78772,368,3,4,1,-7819,4.48,8378,8735,39.3076,40.9869,40.9029,3.5612,-76.92,173733807156,173893567637,1056331812627,1056491556352,-267.7,-260.9,43.6,45.4,3→4,73.4
78972,369,1,2,0,0,0.0,0,0,0.0,0.0,0.0,0.0,0.0,0,0,0,0,-256.3,0.0,44.4,0.0,1→2,73.6
78972,369,1,3,1,-74372,42.62,5432,8836,25.4857,41.4586,41.3496,18.1784,-74.26,565804121140,565963875564,181310620600,181470364160,-256.3,-267.7,44.4,43.6,1→3,73.6
78972,369,1,4,1,-82157,47.09,4890,8650,22.9427,40.5877,40.4447,18.8989,-69.45,567082191924,567241945474,1065186789606,1065346533376,-256.3,-260.9,44.4,45.4,1→4,73.6
78972,369,2,3,0,0,0.0,0,0,0.0,0.0,0.0,0.0,0.0,0,0,0,0,20.7,0.0,45.3,0.0,2→3,73.6
78972,369,2,4,0,0,0.0,0,0,0.0,0.0,0.0,0.0,0.0,0,0,0,0,20.7,0.0,45.3,0.0,2→4,73.6
78972,369,3,4,1,-7876,4.51,8378,8738,39.3076,40.9991,40.9151,3.5734,-76.71,186511740468,186671500848,1069109802360,1069269545984,-267.7,-260.9,43.6,45.4,3→4,73.6
79172,370,1,2,0,0,0.0,0,0,0.0,0.0,0.0,0.0,0.0,0,0,0,0,-256.3,0.0,44.4,0.0,1→2,73.8
79172,370,1,3,1,-74365,42.62,5440,8844,25.5232,41.497,41.413,18.2418,-75.09,578582874164,578742628862,194089918135,194249661952,-256.3,-267.7,44.4,43.6,1→3,73.8
79172,370,1,4,1,-82083,47.04,4887,8644,22.9286,40.5601,40.4171,18.8713,-69.01,579860910132,580020663813,1077966108766,1078125852672,-256.3,-260.9,44.4,45.4,1→4,73.8
79172,370,2,3,0,0,0.0,0,0,0.0,0.0,0.0,0.0,0.0,0,0,0,0,20.7,0.0,45.3,0.0,2→3,73.8
79172,370,2,4,0,0,0.0,0,0,0.0,0.0,0.0,0.0,0.0,0,0,0,0,20.7,0.0,45.3,0.0,2→4,73.8
79172,370,3,4,1,-7907,4.53,8391,8753,39.3686,41.0691,40.9851,3.6434,-75.48,199290867764,199450628539,1081888986120,1082048730112,-267.7,-260.9,43.6,45.4,3→4,73.8
79372,371,1,2,0,0,0.0,0,0,0.0,0.0,0.0,0.0,0.0,0,0,0,0,-256.3,0.0,44.4,0.0,1→2,74.0
79372,371,1,3,1,-74384,42.63,5432,8837,25.4857,41.4612,41.3522,18.181,-73.35,591361627188,591521381608,206869215676,207028959232,-256.3,-267.7,44.4,43.6,1→3,74.0
79372,371,1,4,1,-82147,47.08,4891,8651,22.9474,40.5926,40.4496,18.9038,-70.01,592639662132,592799415907,1090745461768,1090905205760,-256.3,-260.9,44.4,45.4,1→4,74.0
79372,371,2,3,0,0,0.0,0,0,0.0,0.0,0.0,0.0,0.0,0,0,0,0,20.7,0.0,45.3,0.0,2→3,74.0
79372,371,2,4,0,0,0.0,0,0,0.0,0.0,0.0,0.0,0.0,0,0,0,0,20.7,0.0,45.3,0.0,2→4,74.0
79372,371,3,4,1,-7888,4.52,8388,8749,39.3545,41.0486,40.9646,3.6229,-76.58,212071497268,212231257880,1094669672100,1094829415936,-267.7,-260.9,43.6,45.4,3→4,74.0
79572,372,1,2,0,0,0.0,0,0,0.0,0.0,0.0,0.0,0.0,0,0,0,0,-256.3,0.0,44.4,0.0,1→2,74.2
79572,372,1,3,1,-74509,42.7,5436,8846,25.5044,41.5068,41.3798,18.2086,-72.42,604140380724,604300135360,219648513772,219808257536,-256.3,-267.7,44.4,43.6,1→3,74.2
79572,372,1,4,1,-82048,47.02,4891,8646,22.9474,40.569,40.406,18.8602,-68.17,605418415668,605578168976,4013188570,4172932096,-256.3,-260.9,44.4,45.4,1→4,74.2
79572,372,2,3,0,0,0.0,0,0,0.0,0.0,0.0,0.0,0.0,0,0,0,0,20.7,0.0,45.3,0.0,2→3,74.2
79572,372,2,4,0,0,0.0,0,0,0.0,0.0,0.0,0.0,0.0,0,0,0,0,20.7,0.0,45.3,0.0,2→4,74.2
79572,372,3,4,1,-7879,4.52,8380,8741,39.317,41.0115,40.9275,3.5858,-76.96,224849673268,225009433702,7936276807,8096020480,-267.7,-260.9,43.6,45.4,3→4,74.2
79772,373,1,2,0,0,0.0,0,0,0.0,0.0,0.0,0.0,0.0,0,0,0,0,-256.3,0.0,44.4,0.0,1→2,74.4
79772,373,1,3,1,-74464,42.68,5441,8849,25.5279,41.5207,41.4117,18.2405,-73.18,616919132724,617078887563,232427810347,232587554304,-256.3,-267.7,44.4,43.6,1→3,74.4
79772,373,1,4,1,-82124,47.07,4887,8646,22.9286,40.5665,40.4035,18.8577,-68.17,618197167668,618356920997,16792541629,16952285184,-256.3,-260.9,44.4,45.4,1→4,74.4
79772,373,2,3,0,0,0.0,0,0,0.0,0.0,0.0,0.0,0.0,0,0,0,0,20.7,0.0,45.3,0.0,2→3,74.4
79772,373,2,4,0,0,0.0,0,0,0.0,0.0,0.0,0.0,0.0,0,0,0,0,20.7,0.0,45.3,0.0,2→4,74.4
79772,373,3,4,1,-7868,4.51,8388,8748,39.3545,41.0443,40.9853,3.6436,-77.26,237628779060,237788539834,20715439106,20875183104,-267.7,-260.9,43.6,45.4,3→4,74.4
79972,374,1,2,0,0,0.0,0,0,0.0,0.0,0.0,0.0,0.0,0,0,0,0,-256.3,0.0,44.4,0.0,1→2,74.6
79972,374,1,3,1,-74410,42.65,5438,8844,25.5138,41.4973,41.4133,18.2421,-75.4,629697885748,629857640270,245207107939,245366851584,-256.3,-267.7,44.4,43.6,1→3,74.6
79972,374,1,4,1,-82161,47.09,4893,8654,22.9568,40.605,40.442,18.8962,-68.78,630975783988,631135537333,29571759034,29731502592,-256.3,-260.9,44.4,46.4,1→4,74.6
79972,374,2,3,0,0,0.0,0,0,0.0,0.0,0.0,0.0,0.0,0,0,0,0,20.7,0.0,45.3,0.0,2→3,74.6
79972,374,2,4,0,0,0.0,0,0,0.0,0.0,0.0,0.0,0.0,0,0,0,0,20.7,0.0,45.3,0.0,2→4,74.6
79972,374,3,4,1,-7858,4.5,8381,8740,39.3217,41.0093,40.9003,3.5586,-74.71,250409546804,250569307365,33496263369,33656007168,-267.7,-260.9,43.6,46.4,3→4,74.6
80172,375,1,2,0,0,0.0,0,0,0.0,0.0,0.0,0.0,0.0,0,0,0,0,-256.3,0.0,44.4,0.0,1→2,74.8
80172,375,1,3,1,-74412,42.65,5435,8841,25.4997,41.4837,41.3747,18.2035,-73.45,642476638260,642636392986,257986405009,258146148864,-256.3,-267.7,44.4,43.6,1→3,74.8
80172,375,1,4,1,-82105,47.06,4884,8642,22.9146,40.5507,40.3877,18.8419,-68.35,643754673716,643914427030,42351249863,42510993408,-256.3,-260.9,44.4,46.4,1→4,74.8
80172,375,2,3,0,0,0.0,0,0,0.0,0.0,0.0,0.0,0.0,0,0,0,0,20.7,0.0,45.3,0.0,2→3,74.8
80172,375,2,4,0,0,0.0,0,0,0.0,0.0,0.0,0.0,0.0,0,0,0,0,20.7,0.0,45.3,0.0,2→4,74.8
80172,375,3,4,1,-7874,4.51,8379,8739,39.3123,41.0034,40.9194,3.5777,-76.18,263186394676,263346155015,46273167779,46432911360,-267.7,-260.9,43.6,46.4,3→4,74.8
80372,376,1,2,0,0,0.0,0,0,0.0,0.0,0.0,0.0,0.0,0,0,0,0,-256.3,0.0,44.4,0.0,1→2,75.0
80372,376,1,3,1,-74382,42.63,5437,8841,25.5091,41.4842,41.3752,18.204,-74.26,655255391284,655415145714,270765702588,270925446144,-256.3,-267.7,44.4,43.6,1→3,75.0
80372,376,1,4,1,-82139,47.08,4888,8648,22.9333,40.5744,40.4114,18.8656,-68.48,656533424180,656693177460,55130601456,55290344960,-256.3,-260.9,44.4,46.4,1→4,75.0
80372,376,2,3,0,0,0.0,0,0,0.0,0.0,0.0,0.0,0.0,0,0,0,0,20.7,0.0,45.3,0.0,2→3,75.0
80372,376,2,4,0,0,0.0,0,0,0.0,0.0,0.0,0.0,0.0,0,0,0,0,20.7,0.0,45.3,0.0,2→4,75.0
80372,376,3,4,1,-7892,4.52,8391,8752,39.3686,41.0636,40.9796,3.6379,-76.92,275967149620,276126910219,59053979319,59213723136,-267.7,-260.9,43.6,46.4,3→4,75.0
80572,377,1,2,0,0,0.0,0,0,0.0,0.0,0.0,0.0,0.0,0,0,0,0,-256.3,0.0,44.4,0.0,1→2,75.2
80572,377,1,3,1,-74343,42.61,5437,8840,25.5091,41.4759,41.3669,18.1957,-74.9,668034144308,668193898965,283545000153,283704743936,-256.3,-267.7,44.4,43.6,1→3,75.2
80572,377,1,4,1,-82151,47.08,4888,8649,22.9333,40.5794,40.4164,18.8706,-68.48,669312229428,669471983170,67910007843,68069751808,-256.3,-260.9,44.4,45.4,1→4,75.2
80572,377,2,3,0,0,0.0,0,0,0.0,0.0,0.0,0.0,0.0,0,0,0,0,20.7,0.0,45.3,0.0,2→3,75.2
80572,377,2,4,0,0,0.0,0,0,0.0,0.0,0.0,0.0,0.0,0,0,0,0,20.7,0.0,45.3,0.0,2→4,75.2
80572,377,3,4,1,-7920,4.54,8384,8746,39.3358,41.0367,40.9527,3.611,-75.91,288746748980,288906509283,71833635281,71993378816,-267.7,-260.9,43.6,45.4,3→4,75.2
80772,378,1,2,0,0,0.0,0,0,0.0,0.0,0.0,0.0,0.0,0,0,0,0,-256.3,0.0,44.4,0.0,1→2,75.4
80772,378,1,3,1,-74428,42.66,5434,8841,25.495,41.48,41.396,18.2248,-76.09,680813051956,680972806322,296324452342,296484195840,-256.3,-267.7,44.4,43.6,1→3,75.4
80772,378,1,4,1,-82132,47.07,4888,8647,22.9333,40.573,40.41,18.8642,-68.27,682090476596,682250230295,80688856141,80848600064,-256.3,-260.9,44.4,45.4,1→4,75.4
80772,378,2,3,0,0,0.0,0,0,0.0,0.0,0.0,0.0,0.0,0,0,0,0,20.7,0.0,45.3,0.0,2→3,75.4
80772,378,2,4,0,0,0.0,0,0,0.0,0.0,0.0,0.0,0.0,0,0,0,0,20.7,0.0,45.3,0.0,2→4,75.4
80772,378,3,4,1,-7861,4.51,8388,8747,39.3545,41.0428,40.9588,3.6171,-76.0,301526763572,301686524077,84613706511,84773450240,-267.7,-260.9,43.6,45.4,3→4,75.4
80972,379,1,2,0,0,0.0,0,0,0.0,0.0,0.0,0.0,0.0,0,0,0,0,-256.3,0.0,44.4,0.0,1→2,75.6
80972,379,1,3,1,-74436,42.66,5436,8843,25.5044,41.4912,41.3822,18.211,-74.19,693591648820,693751403425,309103593739,309263337472,-256.3,-267.7,44.4,43.6,1→3,75.6
80972,379,1,4,1,-82106,47.06,4890,8648,22.9427,40.5768,40.4138,18.868,-68.26,694869682228,695029435821,93468662971,93628406784,-256.3,-260.9,44.4,45.4,1→4,75.6
80972,379,2,3,0,0,0.0,0,0,0.0,0.0,0.0,0.0,0.0,0,0,0,0,20.7,0.0,45.3,0.0,2→3,75.6
80972,379,2,4,0,0,0.0,0,0,0.0,0.0,0.0,0.0,0.0,0,0,0,0,20.7,0.0,45.3,0.0,2→4,75.6
80972,379,3,4,1,-7905,4.53,8383,8744,39.3311,41.0288,40.9448,3.6031,-76.54,314303731764,314463492469,97390731325,97550475264,-267.7,-260.9,43.6,45.4,3→4,75.6
81172,380,1,2,0,0,0.0,0,0,0.0,0.0,0.0,0.0,0.0,0,0,0,0,-256.3,0.0,44.4,0.0,1→2,75.8
81172,380,1,3,1,-74409,42.65,5434,8840,25.495,41.476,41.367,18.1958,-74.34,706370402356,706530157188,321882891812,322042635776,-256.3,-267.7,44.4,43.6,1→3,75.8
81172,380,1,4,1,-82170,47.09,4885,8646,22.9193,40.567,40.404,18.8582,-68.75,707648406068,707808159543,106247988007,106407731712,-256.3,-260.9,44.4,45.4,1→4,75.8
81172,380,2,3,0,0,0.0,0,0,0.0,0.0,0.0,0.0,0.0,0,0,0,0,20.7,0.0,45.3,0.0,2→3,75.8
81172,380,2,4,0,0,0.0,0,0,0.0,0.0,0.0,0.0,0.0,0,0,0,0,20.7,0.0,45.3,0.0,2→4,75.8
81172,380,3,4,1,-7906,4.53,8376,8737,39.2982,40.9962,40.9122,3.5705,-76.07,327084376116,327244136459,110171432345,110331175936,-267.7,-260.9,43.6,45.4,3→4,75.8
81372,381,1,2,0,0,0.0,0,0,0.0,0.0,0.0,0.0,0.0,0,0,0,0,-256.3,0.0,44.4,0.0,1→2,76.0
81372,381,1,3,1,-74411,42.65,5436,8842,25.5044,41.4881,41.4041,18.2329,-76.04,719149153332,719308907863,334662187350,334821931008,-256.3,-267.7,44.4,43.6,1→3,76.0
81372,381,1,4,1,-82146,47.08,4886,8646,22.924,40.5666,40.4236,18.8778,-69.32,720427244596,720586997912,119027427784,119187171328,-256.3,-260.9,44.4,45.4,1→4,76.0
81372,381,2,3,0,0,0.0,0,0,0.0,0.0,0.0,0.0,0.0,0,0,0,0,20.7,0.0,45.3,0.0,2→3,76.0
81372,381,2,4,0,0,0.0,0,0,0.0,0.0,0.0,0.0,0.0,0,0,0,0,20.7,0.0,45.3,0.0,2→4,76.0
81372,381,3,4,1,-7856,4.5,8380,8740,39.317,41.0066,40.9226,3.5809,-76.34,339862041652,340021802151,122949154566,123108898304,-267.7,-260.9,43.6,45.4,3→4,76.0
81572,382,1,2,0,0,0.0,0,0,0.0,0.0,0.0,0.0,0.0,0,0,0,0,-256.3,0.0,44.4,0.0,1→2,76.2
81572,382,1,3,1,-74428,42.66,5440,8847,25.5232,41.5106,41.4016,18.2304,-74.45,731927906868,732087661607,347441485454,347601229312,-256.3,-267.7,44.4,43.6,1→3,76.2
81572,382,1,4,1,-82144,47.08,4889,8649,22.938,40.5826,40.4396,18.8938,-69.24,733205914676,733365668338,131806699125,131966443008,-256.3,-260.9,44.4,45.4,1→4,76.2
81572,382,2,3,0,0,0.0,0,0,0.0,0.0,0.0,0.0,0.0,0,0,0,0,20.7,0.0,45.3,0.0,2→3,76.2
81572,382,2,4,0,0,0.0,0,0,0.0,0.0,0.0,0.0,0.0,0,0,0,0,20.7,0.0,45.3,0.0,2→4,76.2
81572,382,3,4,1,-7910,4.53,8377,8739,39.3029,41.0041,40.9201,3.5784,-76.38,352641081908,352800842526,135728251529,135887995392,-267.7,-260.9,43.6,45.4,3→4,76.2
81772,383,1,2,0,0,0.0,0,0,0.0,0.0,0.0,0.0,0.0,0,0,0,0,-256.3,0.0,44.4,0.0,1→2,76.4
81772,383,1,3,1,-74382,42.63,5438,8842,25.5138,41.4889,41.3799,18.2087,-74.37,744706660404,744866414840,360220783544,360380527104,-256.3,-267.7,44.4,43.6,1→3,76.4
81772,383,1,4,1,-82141,47.08,4891,8651,22.9474,40.5913,40.4483,18.9025,-69.49,745984695348,746144448812,144586081087,144745824768,-256.3,-260.9,44.4,46.4,1→4,76.4
81772,383,2,3,0,0,0.0,0,0,0.0,0.0,0.0,0.0,0.0,0,0,0,0,20.7,0.0,45.3,0.0,2→3,76.4
81772,383,2,4,0,0,0.0,0,0,0.0,0.0,0.0,0.0,0.0,0,0,0,0,20.7,0.0,45.3,0.0,2→4,76.4
81772,383,3,4,1,-7914,4.54,8388,8750,39.3545,41.0566,40.9976,3.6559,-77.39,365422735412,365582496141,148509961776,148669705728,-267.7,-260.9,43.6,46.4,3→4,76.4
81972,384,1,2,0,0,0.0,0,0,0.0,0.0,0.0,0.0,0.0,0,0,0,0,-256.3,0.0,44.4,0.0,1→2,76.6
81972,384,1,3,1,-74397,42.64,5435,8841,25.4997,41.4804,41.3964,18.2252,-76.05,757485412404,757645167044,373000080103,373159823872,-256.3,-267.7,44.4,43.6,1→3,76.6
81972,384,1,4,1,-82180,47.1,4886,8647,22.924,40.5739,40.4309,18.8851,-69.25,758763447860,758923201607,157365434905,157525178880,-256.3,-260.9,44.4,46.4,1→4,76.6
81972,384,2,3,0,0,0.0,0,0,0.0,0.0,0.0,0.0,0.0,0,0,0,0,20.7,0.0,45.3,0.0,2→3,76.6
81972,384,2,4,0,0,0.0,0,0,0.0,0.0,0.0,0.0,0.0,0,0,0,0,20.7,0.0,45.3,0.0,2→4,76.6
81972,384,3,4,0,0,0.0,0,0,0.0,0.0,0.0,0.0,0.0,0,0,0,0,-267.7,0.0,43.6,0.0,3→4,76.6
82172,385,1,2,0,0,0.0,0,0,0.0,0.0,0.0,0.0,0.0,0,0,0,0,-256.3,0.0,44.4,0.0,1→2,76.8
82172,385,1,3,1,-74393,42.64,5433,8838,25.4904,41.4702,41.3612,18.19,-74.15,770264165428,770423919823,385779377624,385939121152,-256.3,-267.7,44.4,43.6,1→3,76.8
82172,385,1,4,1,-82198,47.11,4892,8655,22.9521,40.6082,40.4453,18.8995,-68.01,771541745204,771701498745,170144333556,170304077312,-256.3,-260.9,44.4,46.4,1→4,76.8
82172,385,2,3,0,0,0.0,0,0,0.0,0.0,0.0,0.0,0.0,0,0,0,0,20.7,0.0,45.3,0.0,2→3,76.8
82172,385,2,4,0,0,0.0,0,0,0.0,0.0,0.0,0.0,0.0,0,0,0,0,20.7,0.0,45.3,0.0,2→4,76.8
82172,385,3,4,1,-7928,4.54,8388,8750,39.3545,41.0572,40.9732,3.6315,-75.88,390981746228,391141506504,174069086196,174228829696,-267.7,-260.9,43.6,46.4,3→4,76.8
82372,386,1,2,0,0,0.0,0,0,0.0,0.0,0.0,0.0,0.0,0,0,0,0,-256.3,0.0,44.4,0.0,1→2,77.0
82372,386,1,3,1,-74426,42.66,5436,8842,25.5044,41.489,41.38,18.2088,-73.98,783042917940,783202672548,398558674696,398718418432,-256.3,-267.7,44.4,43.6,1→3,77.0
82372,386,1,4,1,-82107,47.06,4883,8641,22.9099,40.5441,40.3811,18.8353,-68.65,784320605748,784480359007,182923795451,183083538944,-256.3,-260.9,44.4,46.4,1→4,77.0
82372,386,2,3,0,0,0.0,0,0,0.0,0.0,0.0,0.0,0.0,0,0,0,0,20.7,0.0,45.3,0.0,2→3,77.0
82372,386,2,4,0,0,0.0,0,0,0.0,0.0,0.0,0.0,0.0,0,0,0,0,20.7,0.0,45.3,0.0,2→4,77.0
82372,386,3,4,1,-7928,4.54,8384,8746,39.3358,41.0385,40.9545,3.6128,-76.04,403759836212,403919596514,186847232978,187006976512,-267.7,-260.9,43.6,46.4,3→4,77.0
82572,387,1,2,0,0,0.0,0,0,0.0,0.0,0.0,0.0,0.0,0,0,0,0,-256.3,0.0,44.4,0.0,1→2,77.2
82572,387,1,3,1,-74417,42.65,5439,8846,25.5185,41.5035,41.3945,18.2233,-74.37,795821670452,795981425263,411337971780,411497715712,-256.3,-267.7,44.4,43.6,1→3,77.2
82572,387,1,4,1,-82188,47.1,4891,8653,22.9474,40.5991,40.4361,18.8903,-68.01,797099250228,797259003702,195703041332,195862785024,-256.3,-260.9,44.4,46.4,1→4,77.2
82572,387,2,3,0,0,0.0,0,0,0.0,0.0,0.0,0.0,0.0,0,0,0,0,20.7,0.0,45.3,0.0,2→3,77.2
82572,387,2,4,0,0,0.0,0,0,0.0,0.0,0.0,0.0,0.0,0,0,0,0,20.7,0.0,45.3,0.0,2→4,77.2
82572,387,3,4,1,-7892,4.52,8383,8744,39.3311,41.026,40.942,3.6003,-76.07,416537647668,416697407984,199625101250,199784844800,-267.7,-260.9,43.6,46.4,3→4,77.2
82772,388,1,2,0,0,0.0,0,0,0.0,0.0,0.0,0.0,0.0,0,0,0,0,-256.3,0.0,44.4,0.0,1→2,77.4
82772,388,1,3,1,-74421,42.65,5435,8841,25.4997,41.4832,41.3742,18.203,-74.28,808600579124,808760333602,424117425032,424277168640,-256.3,-267.7,44.4,43.6,1→3,77.4
82772,388,1,4,1,-82172,47.09,4887,8648,22.9286,40.5769,40.4339,18.8881,-69.26,809878427188,810038180818,208482819728,208642563584,-256.3,-260.9,44.4,46.4,1→4,77.4
82772,388,2,3,0,0,0.0,0,0,0.0,0.0,0.0,0.0,0.0,0,0,0,0,20.7,0.0,45.3,0.0,2→3,77.4
82772,388,2,4,0,0,0.0,0,0,0.0,0.0,0.0,0.0,0.0,0,0,0,0,20.7,0.0,45.3,0.0,2→4,77.4
82772,388,3,4,1,-7900,4.53,8376,8738,39.2982,40.9973,40.9133,3.5716,-76.34,429317694516,429477454794,212405204955,212564948480,-267.7,-260.9,43.6,46.4,3→4,77.4
82972,389,1,2,0,0,0.0,0,0,0.0,0.0,0.0,0.0,0.0,0,0,0,0,-256.3,0.0,44.4,0.0,1→2,77.6
82972,389,1,3,1,-74415,42.65,5434,8840,25.495,41.4773,41.3933,18.2221,-76.13,821379175476,821538930156,436896565948,437056309760,-256.3,-267.7,44.4,43.6,1→3,77.6
82972,389,1,4,1,-82215,47.12,4888,8651,22.9333,40.5931,40.4301,18.8843,-68.29,822657179700,822816932966,221262173695,221421917184,-256.3,-260.9,44.4,46.4,1→4,77.6
82972,389,2,3,0,0,0.0,0,0,0.0,0.0,0.0,0.0,0.0,0,0,0,0,20.7,0.0,45.3,0.0,2→3,77.6
82972,389,2,4,0,0,0.0,0,0,0.0,0.0,0.0,0.0,0.0,0,0,0,0,20.7,0.0,45.3,0.0,2→4,77.6
82972,389,3,4,1,-7937,4.55,8379,8742,39.3123,41.0193,40.9353,3.5936,-75.74,442241818676,442401579294,225329386637,225489130496,-267.7,-260.9,43.6,46.4,3→4,77.6
83172,390,1,2,0,0,0.0,0,0,0.0,0.0,0.0,0.0,0.0,0,0,0,0,-256.3,0.0,44.4,0.0,1→2,77.8
83172,390,1,3,1,-74461,42.68,5433,8841,25.4904,41.4825,41.3735,18.2023,-74.05,834157927988,834317682852,449675863042,449835607040,-256.3,-267.7,44.4,43.6,1→3,77.8
83172,390,1,4,1,-82154,47.08,4883,8644,22.9099,40.5566,40.4136,18.8678,-69.06,835435826228,835595579619,234041421688,234201165312,-256.3,-260.9,44.4,46.4,1→4,77.8
83172,390,2,3,0,0,0.0,0,0,0.0,0.0,0.0,0.0,0.0,0,0,0,0,20.7,0.0,45.3,0.0,2→3,77.8
83172,390,2,4,0,0,0.0,0,0,0.0,0.0,0.0,0.0,0.0,0,0,0,0,20.7,0.0,45.3,0.0,2→4,77.8
83172,390,3,4,1,-7959,4.56,8378,8742,39.3076,41.0193,40.9353,3.5936,-76.63,454872302132,455032062824,237959926337,238119670272,-267.7,-260.9,43.6,46.4,3→4,77.8
83372,391,1,2,0,0,0.0,0,0,0.0,0.0,0.0,0.0,0.0,0,0,0,0,-256.3,0.0,44.4,0.0,1→2,78.0
83372,391,1,3,1,-74479,42.69,5436,8845,25.5044,41.5004,41.3914,18.2202,-74.19,846936680500,847096435032,462455160148,462614903808,-256.3,-267.7,44.4,43.6,1→3,78.0
83372,391,1,4,1,-82166,47.09,4891,8652,22.9474,40.5943,40.4313,18.8855,-67.7,848214259252,848374012761,246820456209,246980199936,-256.3,-260.9,44.4,46.4,1→4,78.0
83372,391,2,3,0,0,0.0,0,0,0.0,0.0,0.0,0.0,0.0,0,0,0,0,20.7,0.0,45.3,0.0,2→3,78.0
83372,391,2,4,0,0,0.0,0,0,0.0,0.0,0.0,0.0,0.0,0,0,0,0,20.7,0.0,45.3,0.0,2→4,78.0
83372,391,3,4,1,-7962,4.56,8384,8748,39.3358,41.0458,40.9618,3.6201,-75.64,467656455732,467816216325,250744136879,250903880704,-267.7,-260.9,43.6,46.4,3→4,78.0
83572,392,1,2,0,0,0.0,0,0,0.0,0.0,0.0,0.0,0.0,0,0,0,0,-256.3,0.0,44.4,0.0,1→2,78.2
83572,392,1,3,1,-74472,42.68,5435,8844,25.4997,41.4966,41.3876,18.2164,-74.9,859715433012,859875187695,475234457276,475394201088,-256.3,-267.7,44.4,43.6,1→3,78.2
83572,392,1,4,1,-82190,47.1,4884,8646,22.9146,40.5667,40.4037,18.8579,-68.83,860993518132,861153271666,259600316650,259760060416,-256.3,-260.9,44.4,46.4,1→4,78.2
83572,392,2,3,0,0,0.0,0,0,0.0,0.0,0.0,0.0,0.0,0,0,0,0,20.7,0.0,45.3,0.0,2→3,78.2
83572,392,2,4,0,0,0.0,0,0,0.0,0.0,0.0,0.0,0.0,0,0,0,0,20.7,0.0,45.3,0.0,2→4,78.2
83572,392,3,4,1,-7947,4.55,8384,8747,39.3358,41.0425,40.9585,3.6168,-76.22,480435563572,480595324064,263523301652,263683045376,-267.7,-260.9,43.6,46.4,3→4,78.2
83772,393,1,2,0,0,0.0,0,0,0.0,0.0,0.0,0.0,0.0,0,0,0,0,-256.3,0.0,44.4,0.0,1→2,78.4
83772,393,1,3,1,-74384,42.63,5434,8839,25.495,41.473,41.389,18.2178,-76.05,872494185012,872653939833,488013753904,488173497856,-256.3,-267.7,44.4,43.6,1→3,78.4
83772,393,1,4,1,-82150,47.08,4884,8645,22.9146,40.5604,40.3974,18.8516,-68.22,873772219956,873931973523,272379620042,272539363840,-256.3,-260.9,44.4,46.4,1→4,78.4
83772,393,2,3,0,0,0.0,0,0,0.0,0.0,0.0,0.0,0.0,0,0,0,0,20.7,0.0,45.3,0.0,2→3,78.4
83772,393,2,4,0,0,0.0,0,0,0.0,0.0,0.0,0.0,0.0,0,0,0,0,20.7,0.0,45.3,0.0,2→4,78.4
83772,393,3,4,1,-7888,4.52,8393,8754,39.378,41.0721,40.9881,3.6464,-76.88,493215025204,493374785602,276302820228,276462563840,-267.7,-260.9,43.6,46.4,3→4,78.4
83972,394,1,2,0,0,0.0,0,0,0.0,0.0,0.0,0.0,0.0,0,0,0,0,-256.3,0.0,44.4,0.0,1→2,78.6
83972,394,1,3,1,-74475,42.68,5435,8844,25.4997,41.4948,41.3858,18.2146,-74.67,885272936500,885432690938,500793050032,500952793600,-256.3,-267.7,44.4,43.6,1→3,78.6
83972,394,1,4,1,-82105,47.06,4885,8643,22.9193,40.5531,40.4101,18.8643,-69.14,886550972468,886710726020,285158974170,285318717952,-256.3,-260.9,44.4,46.4,1→4,78.6
83972,394,2,3,0,0,0.0,0,0,0.0,0.0,0.0,0.0,0.0,0,0,0,0,20.7,0.0,45.3,0.0,2→3,78.6
83972,394,2,4,0,0,0.0,0,0,0.0,0.0,0.0,0.0,0.0,0,0,0,0,20.7,0.0,45.3,0.0,2→4,78.6
83972,394,3,4,1,-7923,4.54,8387,8750,39.3498,41.0538,40.9698,3.6281,-76.42,505993332276,506153093041,289081184266,289240928256,-267.7,-260.9,43.6,46.4,3→4,78.6
84172,395,1,2,0,0,0.0,0,0,0.0,0.0,0.0,0.0,0.0,0,0,0,0,-256.3,0.0,44.4,0.0,1→2,78.8
84172,395,1,3,1,-74365,42.62,5433,8837,25.4904,41.4642,41.3552,18.184,-74.08,898051689524,898211444075,513572347708,513732091392,-256.3,-267.7,44.4,43.6,1→3,78.8
84172,395,1,4,1,-82182,47.1,4886,8648,22.924,40.5767,40.4137,18.8679,-68.14,899329693748,899489447257,297938297096,298098040832,-256.3,-260.9,44.4,46.4,1→4,78.8
84172,395,2,3,0,0,0.0,0,0,0.0,0.0,0.0,0.0,0.0,0,0,0,0,20.7,0.0,45.3,0.0,2→3,78.8
84172,395,2,4,0,0,0.0,0,0,0.0,0.0,0.0,0.0,0.0,0,0,0,0,20.7,0.0,45.3,0.0,2→4,78.8
84172,395,3,4,1,-7900,4.53,8383,8744,39.3311,41.0278,40.9688,3.6271,-77.46,518773250100,518933010674,301861159104,302020902912,-267.7,-260.9,43.6,46.4,3→4,78.8
84372,396,1,2,0,0,0.0,0,0,0.0,0.0,0.0,0.0,0.0,0,0,0,0,-256.3,0.0,44.4,0.0,1→2,79.0
84372,396,1,3,1,-74493,42.69,5435,8845,25.4997,41.5011,41.3921,18.2209,-74.34,910830442036,910990196704,526351644875,526511388672,-256.3,-267.7,44.4,43.6,1→3,79.0
84372,396,1,4,1,-82136,47.07,4883,8642,22.9099,40.5504,40.3874,18.8416,-68.15,912108476980,912268230404,310717682006,310877425664,-256.3,-260.9,44.4,46.4,1→4,79.0
84372,396,2,3,0,0,0.0,0,0,0.0,0.0,0.0,0.0,0.0,0,0,0,0,20.7,0.0,45.3,0.0,2→3,79.0
84372,396,2,4,0,0,0.0,0,0,0.0,0.0,0.0,0.0,0.0,0,0,0,0,20.7,0.0,45.3,0.0,2→4,79.0
84372,396,3,4,1,-7970,4.57,8391,8755,39.3686,41.0803,40.9963,3.6546,-76.3,531551576628,531711337029,314639542653,314799286272,-267.7,-260.9,43.6,46.4,3→4,79.0
84572,397,1,2,0,0,0.0,0,0,0.0,0.0,0.0,0.0,0.0,0,0,0,0,-256.3,0.0,44.4,0.0,1→2,79.2
84572,397,1,3,1,-74518,42.71,5436,8847,25.5044,41.5111,41.4521,18.2809,-78.92,923609194036,923768948799,539130941550,539290685440,-256.3,-267.7,44.4,43.6,1→3,79.2
84572,397,1,4,1,-82152,47.08,4885,8645,22.9193,40.5632,40.4002,18.8544,-68.98,924887161908,925046915219,323496968651,323656712192,-256.3,-260.9,44.4,46.4,1→4,79.2
84572,397,2,3,0,0,0.0,0,0,0.0,0.0,0.0,0.0,0.0,0,0,0,0,20.7,0.0,45.3,0.0,2→3,79.2
84572,397,2,4,0,0,0.0,0,0,0.0,0.0,0.0,0.0,0.0,0,0,0,0,20.7,0.0,45.3,0.0,2→4,79.2
84572,397,3,4,1,-7995,4.58,8383,8749,39.3311,41.0505,40.9665,3.6248,-76.47,544334221364,544493982016,327422244467,327581988352,-267.7,-260.9,43.6,46.4,3→4,79.2
84772,398,1,2,0,0,0.0,0,0,0.0,0.0,0.0,0.0,0.0,0,0,0,0,-256.3,0.0,44.4,0.0,1→2,79.4
84772,398,1,3,1,-74385,42.63,5439,8844,25.5185,41.4943,41.4103,18.2391,-75.32,936388101172,936547856017,551910393377,552070137344,-256.3,-267.7,44.4,44.6,1→3,79.4
84772,398,1,4,1,-82259,47.14,4885,8651,22.9193,40.5885,40.4255,18.8797,-68.12,937666031668,937825785327,336276440176,336436184064,-256.3,-260.9,44.4,46.4,1→4,79.4
84772,398,2,3,0,0,0.0,0,0,0.0,0.0,0.0,0.0,0.0,0,0,0,0,20.7,0.0,45.3,0.0,2→3,79.4
84772,398,2,4,0,0,0.0,0,0,0.0,0.0,0.0,0.0,0.0,0,0,0,0,20.7,0.0,45.3,0.0,2→4,79.4
84772,398,3,4,1,-7951,4.56,8386,8749,39.3451,41.0528,40.9688,3.6271,-75.72,557111303732,557271064146,340199383910,340359127552,-267.7,-260.9,44.6,46.4,3→4,79.4
84972,399,1,2,0,0,0.0,0,0,0.0,0.0,0.0,0.0,0.0,0,0,0,0,-256.3,0.0,44.4,0.0,1→2,79.6
84972,399,1,3,1,-74474,42.68,5434,8843,25.495,41.4899,41.3809,18.2097,-74.3,949166699572,949326454002,564689536438,564849280000,-256.3,-267.7,44.4,44.6,1→3,79.6
84972,399,1,4,1,-82201,47.11,4887,8649,22.9286,40.5831,40.4201,18.8743,-68.22,950444278324,950604031820,349055288598,349215032320,-256.3,-260.9,44.4,46.4,1→4,79.6
84972,399,2,3,0,0,0.0,0,0,0.0,0.0,0.0,0.0,0.0,0,0,0,0,20.7,0.0,45.3,0.0,2→3,79.6
84972,399,2,4,0,0,0.0,0,0,0.0,0.0,0.0,0.0,0.0,0,0,0,0,20.7,0.0,45.3,0.0,2→4,79.6
84972,399,3,4,1,-7955,4.56,8382,8746,39.3264,41.0349,40.9509,3.6092,-76.63,569888629300,570048389944,352976766584,353136510464,-267.7,-260.9,44.6,46.4,3→4,79.6
85172,400,1,2,0,0,0.0,0,0,0.0,0.0,0.0,0.0,0.0,0,0,0,0,-256.3,0.0,44.4,0.0,1→2,79.8
85172,400,1,3,1,-74388,42.63,5432,8837,25.4857,41.4621,41.3781,18.2069,-76.59,961945450548,962105205064,577468832092,577628575744,-256.3,-267.7,44.4,44.6,1→3,79.8
85172,400,1,4,1,-82138,47.08,4880,8640,22.8958,40.539,40.376,18.8302,-68.05,963223454772,963383208022,361835066879,361994810368,-256.3,-260.9,44.4,46.4,1→4,79.8
85172,400,2,3,0,0,0.0,0,0,0.0,0.0,0.0,0.0,0.0,0,0,0,0,20.7,0.0,45.3,0.0,2→3,79.8
85172,400,2,4,0,0,0.0,0,0,0.0,0.0,0.0,0.0,0.0,0,0,0,0,20.7,0.0,45.3,0.0,2→4,79.8
85172,400,3,4,1,-7951,4.56,8387,8750,39.3498,41.0575,40.9985,3.6568,-77.6,582668016692,582827777025,365756211129,365915954688,-267.7,-260.9,44.6,46.4,3→4,79.8
85372,401,1,2,0,0,0.0,0,0,0.0,0.0,0.0,0.0,0.0,0,0,0,0,-256.3,0.0,44.4,0.0,1→2,80.0
85372,401,1,3,1,-74432,42.66,5437,8844,25.5091,41.4973,41.3883,18.2171,-74.45,974724202036,974883956646,590248128265,590407872000,-256.3,-267.7,44.4,44.6,1→3,80.0
85372,401,1,4,1,-82276,47.15,4885,8651,22.9193,40.5898,40.4268,18.881,-68.16,976001887284,976161640818,374614101228,374773844992,-256.3,-260.9,44.4,46.4,1→4,80.0
85372,401,2,3,0,0,0.0,0,0,0.0,0.0,0.0,0.0,0.0,0,0,0,0,20.7,0.0,45.3,0.0,2→3,80.0
85372,401,2,4,0,0,0.0,0,0,0.0,0.0,0.0,0.0,0.0,0,0,0,0,20.7,0.0,45.3,0.0,2→4,80.0
85372,401,3,4,1,-7917,4.54,8376,8738,39.2982,41.0009,40.9169,3.5752,-76.05,595450301492,595610061960,378538553117,378698296832,-267.7,-260.9,44.6,46.4,3→4,80.0
85572,402,1,2,0,0,0.0,0,0,0.0,0.0,0.0,0.0,0.0,0,0,0,0,-256.3,0.0,44.4,0.0,1→2,80.2
85572,402,1,3,1,-74420,42.65,5434,8841,25.495,41.4807,41.3967,18.2255,-76.55,987502955060,987662709753,603027425968,603187169792,-256.3,-267.7,44.4,44.6,1→3,80.2
85572,402,1,4,1,-82247,47.14,4882,8646,22.9052,40.5695,40.4265,18.8807,-69.44,988780988468,988940742214,387393804306,387553548288,-256.3,-260.9,44.4,46.4,1→4,80.2
85572,402,2,3,0,0,0.0,0,0,0.0,0.0,0.0,0.0,0.0,0,0,0,0,20.7,0.0,45.3,0.0,2→3,80.2
85572,402,2,4,0,0,0.0,0,0,0.0,0.0,0.0,0.0,0.0,0,0,0,0,20.7,0.0,45.3,0.0,2→4,80.2
85572,402,3,4,1,-7956,4.56,8387,8751,39.3498,41.0609,40.9769,3.6352,-75.54,608224811572,608384572212,391313120391,391472864256,-267.7,-260.9,44.6,46.4,3→4,80.2
85772,403,1,2,0,0,0.0,0,0,0.0,0.0,0.0,0.0,0.0,0,0,0,0,-256.3,0.0,44.4,0.0,1→2,80.4
85772,403,1,3,1,-74407,42.64,5434,8840,25.495,41.4756,41.3916,18.2204,-76.68,1000281707060,1000441461865,615806722623,615966466560,-256.3,-267.7,44.4,44.6,1→3,80.4
85772,403,1,4,1,-82269,47.15,4884,8649,22.9146,40.5836,40.4206,18.8748,-68.65,1001559743028,1001719496499,400173160745,400332904448,-256.3,-260.9,44.4,46.4,1→4,80.4
85772,403,2,3,0,0,0.0,0,0,0.0,0.0,0.0,0.0,0.0,0,0,0,0,20.7,0.0,45.3,0.0,2→3,80.4
85772,403,2,4,0,0,0.0,0,0,0.0,0.0,0.0,0.0,0.0,0,0,0,0,20.7,0.0,45.3,0.0,2→4,80.4
85772,403,3,4,1,-7975,4.57,8382,8747,39.3264,41.0415,40.9575,3.6158,-76.86,621007849012,621167609724,404096215093,404255959040,-267.7,-260.9,44.6,46.4,3→4,80.4
85972,404,1,2,0,0,0.0,0,0,0.0,0.0,0.0,0.0,0.0,0,0,0,0,-256.3,0.0,45.4,0.0,1→2,80.6
85972,404,1,3,1,-74419,42.65,5431,8838,25.481,41.4664,41.3574,18.1862,-74.41,1013060459060,1013220213486,628586019253,628745762816,-256.3,-267.7,45.4,44.6,1→3,80.6
85972,404,1,4,1,-82226,47.13,4884,8648,22.9146,40.5768,40.4138,18.868,-68.95,1014338038836,1014497792549,412952058424,413111802368,-256.3,-260.9,45.4,46.4,1→4,80.6
85972,404,2,3,0,0,0.0,0,0,0.0,0.0,0.0,0.0,0.0,0,0,0,0,20.7,0.0,45.3,0.0,2→3,80.6
85972,404,2,4,0,0,0.0,0,0,0.0,0.0,0.0,0.0,0.0,0,0,0,0,20.7,0.0,45.3,0.0,2→4,80.6
85972,404,3,4,1,-8015,4.59,8379,8746,39.3123,41.036,40.977,3.6353,-77.49,633788352564,633948112840,416876775907,417036519424,-267.7,-260.9,44.6,46.4,3→4,80.6
86172,405,1,2,0,0,0.0,0,0,0.0,0.0,0.0,0.0,0.0,0,0,0,0,-256.3,0.0,45.4,0.0,1→2,80.8
86172,405,1,3,1,-74380,42.63,5434,8839,25.495,41.4721,41.3881,18.2169,-75.92,1025839211060,1025998965632,641365315881,641525059584,-256.3,-267.7,45.4,44.6,1→3,80.8
86172,405,1,4,1,-82320,47.18,4884,8652,22.9146,40.5946,40.4316,18.8858,-68.88,1027117109812,1027276863188,425731731336,425891474944,-256.3,-260.9,45.4,46.4,1→4,80.8
86172,405,2,3,0,0,0.0,0,0,0.0,0.0,0.0,0.0,0.0,0,0,0,0,20.7,0.0,45.3,0.0,2→3,80.8
86172,405,2,4,0,0,0.0,0,0,0.0,0.0,0.0,0.0,0.0,0,0,0,0,20.7,0.0,45.3,0.0,2→4,80.8
86172,405,3,4,1,-8002,4.59,8379,8745,39.3123,41.0332,40.9742,3.6325,-77.31,646565524532,646725284868,429654005159,429813748736,-267.7,-260.9,44.6,46.4,3→4,80.8
86372,406,1,2,0,0,0.0,0,0,0.0,0.0,0.0,0.0,0.0,0,0,0,0,-256.3,0.0,45.4,0.0,1→2,81.0
86372,406,1,3,1,-74415,42.65,5433,8839,25.4904,41.4749,41.3659,18.1947,-74.82,1038617963060,1038777717750,654144612529,654304356352,-256.3,-267.7,45.4,44.6,1→3,81.0
86372,406,1,4,1,-82305,47.17,4884,8651,22.9146,40.5914,40.4284,18.8826,-67.29,1039895998004,1040055751532,438511221488,438670965248,-256.3,-260.9,45.4,46.4,1→4,81.0
86372,406,2,3,0,0,0.0,0,0,0.0,0.0,0.0,0.0,0.0,0,0,0,0,20.7,0.0,45.3,0.0,2→3,81.0
86372,406,2,4,0,0,0.0,0,0,0.0,0.0,0.0,0.0,0.0,0,0,0,0,20.7,0.0,45.3,0.0,2→4,81.0
86372,406,3,4,1,-7975,4.57,8382,8747,39.3264,41.0415,40.9575,3.6158,-76.14,659344629812,659504390182,442433167755,442592911360,-267.7,-260.9,44.6,46.4,3→4,81.0
86572,407,1,2,0,0,0.0,0,0,0.0,0.0,0.0,0.0,0.0,0,0,0,0,-256.3,0.0,45.4,0.0,1→2,81.2
86572,407,1,3,1,-74439,42.66,5436,8844,25.5044,41.4942,41.3852,18.214,-73.8,1051396715060,1051556469864,666923909189,667083653120,-256.3,-267.7,45.4,44.6,1→3,81.2
86572,407,1,4,1,-82228,47.13,4885,8649,22.9193,40.5795,40.4165,18.8707,-68.14,1052674801204,1052834554841,451290626693,451450370560,-256.3,-260.9,45.4,46.4,1→4,81.2
86572,407,2,3,0,0,0.0,0,0,0.0,0.0,0.0,0.0,0.0,0,0,0,0,20.7,0.0,45.3,0.0,2→3,81.2
86572,407,2,4,0,0,0.0,0,0,0.0,0.0,0.0,0.0,0.0,0,0,0,0,20.7,0.0,45.3,0.0,2→4,81.2
86572,407,3,4,1,-8000,4.58,8369,8735,39.2654,40.9835,40.8995,3.5578,-75.9,672127640628,672287400970,455216235916,455375979520,-267.7,-260.9,44.6,46.4,3→4,81.2
86772,408,1,2,0,0,0.0,0,0,0.0,0.0,0.0,0.0,0.0,0,0,0,0,-256.3,0.0,45.4,0.0,1→2,81.4
86772,408,1,3,1,-74388,42.63,5436,8841,25.5044,41.4832,41.3562,18.185,-72.32,1064175467060,1064335221452,679703205857,679862949376,-256.3,-267.7,45.4,44.6,1→3,81.4
86772,408,1,4,1,-82137,47.07,4882,8641,22.9052,40.5459,40.4029,18.8571,-69.59,1065453503028,1065613256754,464069930534,464229674496,-256.3,-260.9,45.4,46.4,1→4,81.4
86772,408,2,3,0,0,0.0,0,0,0.0,0.0,0.0,0.0,0.0,0,0,0,0,20.7,0.0,45.3,0.0,2→3,81.4
86772,408,2,4,0,0,0.0,0,0,0.0,0.0,0.0,0.0,0.0,0,0,0,0,20.7,0.0,45.3,0.0,2→4,81.4
86772,408,3,4,1,-7990,4.58,8383,8749,39.3311,41.0494,40.9654,3.6237,-76.59,684903858228,685063618575,467992510884,468152254464,-267.7,-260.9,44.6,46.4,3→4,81.4
86972,409,1,2,0,0,0.0,0,0,0.0,0.0,0.0,0.0,0.0,0,0,0,0,-256.3,0.0,45.4,0.0,1→2,81.6
86972,409,1,3,1,-74432,42.66,5435,8842,25.4997,41.4879,41.3789,18.2077,-74.56,1076954219060,1077113973560,692482502515,692642246144,-256.3,-267.7,45.4,44.6,1→3,81.6
86972,409,1,4,1,-82245,47.14,4881,8646,22.9005,40.5667,40.4037,18.8579,-68.42,1078232254004,1078392007300,476849283539,477009027072,-256.3,-260.9,45.4,46.4,1→4,81.6
86972,409,2,3,0,0,0.0,0,0,0.0,0.0,0.0,0.0,0.0,0,0,0,0,20.7,0.0,45.3,0.0,2→3,81.6
86972,409,2,4,0,0,0.0,0,0,0.0,0.0,0.0,0.0,0.0,0,0,0,0,20.7,0.0,45.3,0.0,2→4,81.6
86972,409,3,4,0,0,0.0,0,0,0.0,0.0,0.0,0.0,0.0,0,0,0,0,-267.7,0.0,44.6,0.0,3→4,81.6
87172,410,1,2,0,0,0.0,0,0,0.0,0.0,0.0,0.0,0.0,0,0,0,0,-256.3,0.0,45.4,0.0,1→2,81.8
87172,410,1,3,1,-74385,42.63,5436,8841,25.5044,41.4802,41.3712,18.2,-73.55,1089732971060,1089892725743,705261799101,705421542912,-256.3,-267.7,45.4,44.6,1→3,81.8
87172,410,1,4,1,-82304,47.17,4884,8651,22.9146,40.5911,40.4281,18.8823,-68.26,1091010974772,1091170728156,489628606336,489788349952,-256.3,-260.9,45.4,46.4,1→4,81.8
87172,410,2,3,0,0,0.0,0,0,0.0,0.0,0.0,0.0,0.0,0,0,0,0,20.7,0.0,45.3,0.0,2→3,81.8
87172,410,2,4,0,0,0.0,0,0,0.0,0.0,0.0,0.0,0.0,0,0,0,0,20.7,0.0,45.3,0.0,2→4,81.8
87172,410,3,4,1,-7929,4.54,8375,8738,39.2935,40.9988,40.9398,3.5981,-77.59,710501652532,710661413061,493590420190,493750163968,-267.7,-260.9,44.6,46.4,3→4,81.8
87372,411,1,2,0,0,0.0,0,0,0.0,0.0,0.0,0.0,0.0,0,0,0,0,-256.3,0.0,45.4,0.0,1→2,82.0
87372,411,1,3,1,-74425,42.65,5434,8840,25.495,41.4794,41.4204,18.2492,-77.21,3000095284,3159850099,718041095733,718200839680,-256.3,-267.7,45.4,44.6,1→3,82.0
87372,411,1,4,1,-82265,47.15,4885,8650,22.9193,40.5874,40.4444,18.8986,-69.08,4278098996,4437852447,502407960383,502567704064,-256.3,-260.9,45.4,46.4,1→4,82.0
87372,411,2,3,0,0,0.0,0,0,0.0,0.0,0.0,0.0,0.0,0,0,0,0,20.7,0.0,45.3,0.0,2→3,82.0
87372,411,2,4,0,0,0.0,0,0,0.0,0.0,0.0,0.0,0.0,0,0,0,0,20.7,0.0,45.3,0.0,2→4,82.0
87372,411,3,4,1,-8075,4.63,8380,8750,39.317,41.0536,40.9696,3.6279,-75.34,723240896052,723400656713,506329720932,506489464832,-267.7,-260.9,44.6,46.4,3→4,82.0
87572,412,1,2,0,0,0.0,0,0,0.0,0.0,0.0,0.0,0.0,0,0,0,0,-256.3,0.0,45.4,0.0,1→2,82.2
87572,412,1,3,1,-74457,42.67,5435,8843,25.4997,41.491,41.364,18.1928,-71.88,15778846772,15938601199,730820391867,730980135424,-256.3,-267.7,45.4,44.6,1→3,82.2
87572,412,1,4,1,-82292,47.16,4888,8655,22.9333,40.6073,40.4443,18.8985,-68.4,17056854068,17216607575,515187317517,515347061248,-256.3,-260.9,45.4,46.4,1→4,82.2
87572,412,2,3,0,0,0.0,0,0,0.0,0.0,0.0,0.0,0.0,0,0,0,0,20.7,0.0,45.3,0.0,2→3,82.2
87572,412,2,4,0,0,0.0,0,0,0.0,0.0,0.0,0.0,0.0,0,0,0,0,20.7,0.0,45.3,0.0,2→4,82.2
87572,412,3,4,1,-8039,4.61,8384,8752,39.3358,41.0646,40.9806,3.6389,-76.5,736020695092,736180455666,519109577411,519269321216,-267.7,-260.9,44.6,46.4,3→4,82.2
87772,413,1,2,0,0,0.0,0,0,0.0,0.0,0.0,0.0,0.0,0,0,0,0,-256.3,0.0,45.4,0.0,1→2,82.4
87772,413,1,3,1,-74440,42.66,5438,8845,25.5138,41.5014,41.4174,18.2462,-75.01,28557598772,28717353311,743599688529,743759432192,-256.3,-267.7,45.4,44.6,1→3,82.4
87772,413,1,4,1,-82263,47.15,4881,8646,22.9005,40.5683,40.4053,18.8595,-67.57,29835633716,29995387231,527966699255,528126443008,-256.3,-260.9,45.4,46.4,1→4,82.4
87772,413,2,3,0,0,0.0,0,0,0.0,0.0,0.0,0.0,0.0,0,0,0,0,20.7,0.0,45.3,0.0,2→3,82.4
87772,413,2,4,0,0,0.0,0,0,0.0,0.0,0.0,0.0,0.0,0,0,0,0,20.7,0.0,45.3,0.0,2→4,82.4
87772,413,3,4,1,-7974,4.57,8376,8741,39.2982,41.0108,40.9268,3.5851,-75.04,748803367476,748963127946,531892307226,532052050944,-267.7,-260.9,44.6,46.4,3→4,82.4
87972,414,1,2,0,0,0.0,0,0,0.0,0.0,0.0,0.0,0.0,0,0,0,0,-256.3,0.0,45.4,0.0,1→2,82.6
87972,414,1,3,1,-74456,42.67,5438,8846,25.5138,41.5072,41.4232,18.252,-76.13,41336349236,41496103876,756378983661,756538727424,-256.3,-267.7,45.4,44.6,1→3,82.6
87972,414,1,4,1,-82291,47.16,4887,8653,22.9286,40.6024,40.4594,18.9136,-69.26,42614249012,42774002551,540745916651,540905660416,-256.3,-260.9,45.4,46.4,1→4,82.6
87972,414,2,3,0,0,0.0,0,0,0.0,0.0,0.0,0.0,0.0,0,0,0,0,20.7,0.0,45.3,0.0,2→3,82.6
87972,414,2,4,0,0,0.0,0,0,0.0,0.0,0.0,0.0,0.0,0,0,0,0,20.7,0.0,45.3,0.0,2→4,82.6
87972,414,3,4,1,-7993,4.58,8383,8749,39.3311,41.0501,40.9661,3.6244,-76.63,761579271220,761739031597,544668268422,544828012032,-267.7,-260.9,44.6,46.4,3→4,82.6
88172,415,1,2,0,0,0.0,0,0,0.0,0.0,0.0,0.0,0.0,0,0,0,0,-256.3,0.0,45.4,0.0,1→2,82.8
88172,415,1,3,1,-74406,42.64,5438,8844,25.5138,41.4965,41.3695,18.1983,-72.97,54115102772,54274857528,769158281849,769318025728,-256.3,-267.7,45.4,44.6,1→3,82.8
88172,415,1,4,1,-82293,47.16,4884,8651,22.9146,40.5888,40.4458,18.9,-69.28,55393135156,55552888675,553525404921,553685148672,-256.3,-260.9,45.4,46.4,1→4,82.8
88172,415,2,3,0,0,0.0,0,0,0.0,0.0,0.0,0.0,0.0,0,0,0,0,20.7,0.0,45.3,0.0,2→3,82.8
88172,415,2,4,0,0,0.0,0,0,0.0,0.0,0.0,0.0,0.0,0,0,0,0,20.7,0.0,45.3,0.0,2→4,82.8
88172,415,3,4,1,-8012,4.59,8376,8742,39.2982,41.019,40.935,3.5933,-76.21,774356869172,774516629424,557445923828,557605667328,-267.7,-260.9,44.6,46.4,3→4,82.8
88372,416,1,2,0,0,0.0,0,0,0.0,0.0,0.0,0.0,0.0,0,0,0,0,-256.3,0.0,45.4,0.0,1→2,83.0
88372,416,1,3,1,-74437,42.66,5438,8845,25.5138,41.5007,41.3917,18.2205,-74.56,66893854260,67053608643,781937577965,782097321472,-256.3,-267.7,45.4,44.6,1→3,83.0
88372,416,1,4,1,-82325,47.18,4881,8649,22.9005,40.5816,40.4546,18.9088,-71.85,68171890228,68331643736,566304762110,566464505856,-256.3,-260.9,45.4,46.4,1→4,83.0
88372,416,2,3,0,0,0.0,0,0,0.0,0.0,0.0,0.0,0.0,0,0,0,0,20.7,0.0,45.3,0.0,2→3,83.0
88372,416,2,4,0,0,0.0,0,0,0.0,0.0,0.0,0.0,0.0,0,0,0,0,20.7,0.0,45.3,0.0,2→4,83.0
88372,416,3,4,1,-7989,4.58,8377,8743,39.3029,41.0211,40.9371,3.5954,-76.46,787141085748,787300846334,570230197929,570389941760,-267.7,-260.9,44.6,46.4,3→4,83.0
88572,417,1,2,0,0,0.0,0,0,0.0,0.0,0.0,0.0,0.0,0,0,0,0,-256.3,0.0,45.4,0.0,1→2,83.2
88572,417,1,3,1,-74417,42.65,5433,8840,25.4904,41.4753,41.3913,18.2201,-76.01,79672606260,79832360774,794716874593,794876618240,-256.3,-267.7,45.4,44.6,1→3,83.2
88572,417,1,4,1,-82274,47.15,4882,8648,22.9052,40.5777,40.4347,18.8889,-69.17,80950641204,81110394687,579084115226,579243858944,-256.3,-260.9,45.4,46.4,1→4,83.2
88572,417,2,3,0,0,0.0,0,0,0.0,0.0,0.0,0.0,0.0,0,0,0,0,20.7,0.0,45.3,0.0,2→3,83.2
88572,417,2,4,0,0,0.0,0,0,0.0,0.0,0.0,0.0,0.0,0,0,0,0,20.7,0.0,45.3,0.0,2→4,83.2
88572,417,3,4,1,-8048,4.61,8375,8743,39.2935,41.0243,40.9654,3.6236,-77.89,799916361780,800076122210,583005531457,583165275136,-267.7,-260.9,44.6,46.4,3→4,83.2
88772,418,1,2,0,0,0.0,0,0,0.0,0.0,0.0,0.0,0.0,0,0,0,0,-256.3,0.0,45.4,0.0,1→2,83.4
88772,418,1,3,1,-74371,42.62,5436,8840,25.5044,41.4772,41.3682,18.197,-74.6,92451357748,92611112394,807496170722,807655914496,-256.3,-267.7,45.4,44.6,1→3,83.4
88772,418,1,4,1,-82323,47.18,4880,8648,22.8958,40.5764,40.4334,18.8876,-69.28,93728937524,93888690958,591863013702,592022757376,-256.3,-260.9,45.4,46.4,1→4,83.4
88772,418,2,3,0,0,0.0,0,0,0.0,0.0,0.0,0.0,0.0,0,0,0,0,20.7,0.0,45.3,0.0,2→3,83.4
88772,418,2,4,0,0,0.0,0,0,0.0,0.0,0.0,0.0,0.0,0,0,0,0,20.7,0.0,45.3,0.0,2→4,83.4
88772,418,3,4,1,-8021,4.6,8384,8751,39.3358,41.0608,40.9518,3.6101,-73.66,812695576116,812855336872,595784803341,595944547328,-267.7,-260.9,44.6,46.4,3→4,83.4
88972,419,1,2,0,0,0.0,0,0,0.0,0.0,0.0,0.0,0.0,0,0,0,0,-256.3,0.0,45.4,0.0,1→2,83.6
88972,419,1,3,1,-74399,42.64,5438,8844,25.5138,41.495,41.386,18.2148,-74.37,105230109748,105389864504,820275467385,820435211264,-256.3,-267.7,45.4,44.6,1→3,83.6
88972,419,1,4,1,-82264,47.15,4891,8656,22.9474,40.6154,40.4724,18.9266,-70.41,106507793972,106667547299,604642472391,604802215936,-256.3,-260.9,45.4,46.4,1→4,83.6
88972,419,2,3,0,0,0.0,0,0,0.0,0.0,0.0,0.0,0.0,0,0,0,0,20.7,0.0,45.3,0.0,2→3,83.6
88972,419,2,4,0,0,0.0,0,0,0.0,0.0,0.0,0.0,0.0,0,0,0,0,20.7,0.0,45.3,0.0,2→4,83.6
88972,419,3,4,1,-8054,4.62,8378,8746,39.3076,41.0374,40.9284,3.5867,-74.98,825476377140,825636137636,608565661956,608725405696,-267.7,-260.9,44.6,46.4,3→4,83.6
89172,420,1,2,0,0,0.0,0,0,0.0,0.0,0.0,0.0,0.0,0,0,0,0,-256.3,0.0,45.4,0.0,1→2,83.8
89172,420,1,3,1,-74403,42.64,5438,8843,25.5138,41.4935,41.4095,18.2383,-75.36,118008861236,118168616089,833054763543,833214507520,-256.3,-267.7,45.4,44.6,1→3,83.8
89172,420,1,4,1,-82369,47.21,4948,8719,23.2148,40.9077,40.9437,19.3979,-83.5,119286759988,119446513720,617422040741,617581784576,-256.3,-260.9,45.4,46.4,1→4,83.8
89172,420,2,3,0,0,0.0,0,0,0.0,0.0,0.0,0.0,0.0,0,0,0,0,20.7,0.0,45.3,0.0,2→3,83.8
89172,420,2,4,0,0,0.0,0,0,0.0,0.0,0.0,0.0,0.0,0,0,0,0,20.7,0.0,45.3,0.0,2→4,83.8
89172,420,3,4,1,-7958,4.56,8384,8748,39.3358,41.0472,40.9632,3.6215,-75.52,838255965236,838415725997,621345307656,621505051648,-267.7,-260.9,44.6,46.4,3→4,83.8
89372,421,1,2,0,0,0.0,0,0,0.0,0.0,0.0,0.0,0.0,0,0,0,0,-256.3,0.0,45.4,0.0,1→2,84.0
89372,421,1,3,1,-74379,42.63,5437,8842,25.5091,41.4859,41.4019,18.2307,-75.23,130787713076,130947467484,845834160083,845993903616,-256.3,-267.7,45.4,44.6,1→3,84.0
89372,421,1,4,1,-82365,47.21,4909,8679,23.0319,40.7215,40.6125,19.0667,-74.48,132065698356,132225451832,630201581398,630361325056,-256.3,-260.9,45.4,46.4,1→4,84.0
89372,421,2,3,0,0,0.0,0,0,0.0,0.0,0.0,0.0,0.0,0,0,0,0,20.7,0.0,45.3,0.0,2→3,84.0
89372,421,2,4,0,0,0.0,0,0,0.0,0.0,0.0,0.0,0.0,0,0,0,0,20.7,0.0,45.3,0.0,2→4,84.0
89372,421,3,4,1,-8007,4.59,8376,8742,39.2982,41.0179,40.9339,3.5922,-76.05,851035168308,851194928786,634124568338,634284312064,-267.7,-260.9,44.6,46.4,3→4,84.0
89572,422,1,2,0,0,0.0,0,0,0.0,0.0,0.0,0.0,0.0,0,0,0,0,-256.3,0.0,45.4,0.0,1→2,84.2
89572,422,1,3,1,-74414,42.65,5435,8841,25.4997,41.4841,41.4001,18.2289,-76.42,143566364724,143726119181,858613356446,858773100032,-256.3,-267.7,45.4,44.6,1→3,84.2
89572,422,1,4,1,-82295,47.17,4912,8679,23.0459,40.7229,40.5959,19.0501,-71.17,144843944500,145003698260,642980429889,643140173824,-256.3,-260.9,45.4,46.4,1→4,84.2
89572,422,2,3,0,0,0.0,0,0,0.0,0.0,0.0,0.0,0.0,0,0,0,0,20.7,0.0,45.3,0.0,2→3,84.2
89572,422,2,4,0,0,0.0,0,0,0.0,0.0,0.0,0.0,0.0,0,0,0,0,20.7,0.0,45.3,0.0,2→4,84.2
89572,422,3,4,1,-8067,4.62,8377,8746,39.3029,41.0378,40.9538,3.6121,-76.85,863815814196,863975574876,646905271883,647065015808,-267.7,-260.9,44.6,46.4,3→4,84.2
89772,423,1,2,0,0,0.0,0,0,0.0,0.0,0.0,0.0,0.0,0,0,0,0,-256.3,0.0,45.4,0.0,1→2,84.4
89772,423,1,3,1,-74462,42.68,5434,8842,25.495,41.4874,41.3783,18.2071,-73.98,156345116212,156504870684,871392652684,871552396288,-256.3,-267.7,45.4,44.6,1→3,84.4
89772,423,1,4,1,-82358,47.2,4917,8687,23.0694,40.7575,40.6485,19.1027,-74.08,157622800436,157782553886,655759888256,655919631872,-256.3,-260.9,45.4,46.4,1→4,84.4
89772,423,2,3,0,0,0.0,0,0,0.0,0.0,0.0,0.0,0.0,0,0,0,0,20.7,0.0,45.3,0.0,2→3,84.4
89772,423,2,4,0,0,0.0,0,0,0.0,0.0,0.0,0.0,0.0,0,0,0,0,20.7,0.0,45.3,0.0,2→4,84.4
89772,423,3,4,1,-8016,4.59,8380,8746,39.317,41.0386,40.9796,3.6379,-77.09,876593825844,876753586213,659683341191,659843084800,-267.7,-260.9,44.6,46.4,3→4,84.4
89972,424,1,2,0,0,0.0,0,0,0.0,0.0,0.0,0.0,0.0,0,0,0,0,-256.3,0.0,45.4,0.0,1→2,84.6
89972,424,1,3,1,-74465,42.68,5435,8844,25.4997,41.495,41.386,18.2148,-74.94,169123867700,169283622164,884171948951,884331692544,-256.3,-267.7,45.4,44.6,1→3,84.6
89972,424,1,4,1,-82340,47.19,4905,8674,23.0131,40.6997,40.5567,19.0109,-70.6,170401903668,170561657266,668539593941,668699337728,-256.3,-260.9,45.4,46.4,1→4,84.6
89972,424,2,3,0,0,0.0,0,0,0.0,0.0,0.0,0.0,0.0,0,0,0,0,20.7,0.0,45.3,0.0,2→3,84.6
89972,424,2,4,0,0,0.0,0,0,0.0,0.0,0.0,0.0,0.0,0,0,0,0,20.7,0.0,45.3,0.0,2→4,84.6
89972,424,3,4,1,-8055,4.62,8376,8745,39.2982,41.0305,40.9715,3.6298,-78.36,889373397044,889533157596,672462970057,672622713856,-267.7,-260.9,44.6,46.4,3→4,84.6
90172,425,1,2,0,0,0.0,0,0,0.0,0.0,0.0,0.0,0.0,0,0,0,0,-256.3,0.0,45.4,0.0,1→2,84.8
90172,425,1,3,1,-74496,42.7,5447,8857,25.556,41.5556,41.4966,18.3254,-78.08,181902619188,182062373624,896951245258,897110988800,-256.3,-267.7,45.4,44.6,1→3,84.8
90172,425,1,4,1,-82362,47.2,4904,8674,23.0084,40.6974,40.5544,19.0086,-70.15,183180517428,183340271173,681318810175,681478554112,-256.3,-260.9,45.4,46.4,1→4,84.8
90172,425,2,3,0,0,0.0,0,0,0.0,0.0,0.0,0.0,0.0,0,0,0,0,20.7,0.0,45.3,0.0,2→3,84.8
90172,425,2,4,0,0,0.0,0,0,0.0,0.0,0.0,0.0,0.0,0,0,0,0,20.7,0.0,45.3,0.0,2→4,84.8
90172,425,3,4,1,-8053,4.62,8381,8750,39.3217,41.0536,40.9946,3.6529,-77.47,902152692276,902312452994,685242322989,685402066944,-267.7,-260.9,44.6,46.4,3→4,84.8
90372,426,1,2,0,0,0.0,0,0,0.0,0.0,0.0,0.0,0.0,0,0,0,0,-256.3,0.0,45.4,0.0,1→2,85.0
90372,426,1,3,1,-74510,42.7,5443,8854,25.5373,41.5423,41.4833,18.3121,-77.12,194681370676,194841125558,909730541573,909890285568,-256.3,-267.7,45.4,44.6,1→3,85.0
90372,426,1,4,1,-82358,47.2,4880,8650,22.8958,40.5863,40.4433,18.8975,-69.31,195959374388,196119127682,694098269651,694258013184,-256.3,-260.9,45.4,46.4,1→4,85.0
90372,426,2,3,0,0,0.0,0,0,0.0,0.0,0.0,0.0,0.0,0,0,0,0,20.7,0.0,45.3,0.0,2→3,85.0
90372,426,2,4,0,0,0.0,0,0,0.0,0.0,0.0,0.0,0.0,0,0,0,0,20.7,0.0,45.3,0.0,2→4,85.0
90372,426,3,4,1,-7992,4.58,8372,8738,39.2794,40.9982,40.9672,3.6255,-79.43,914930731060,915090491420,698020419457,698180163072,-267.7,-260.9,44.6,46.4,3→4,85.0
90572,427,1,2,0,0,0.0,0,0,0.0,0.0,0.0,0.0,0.0,0,0,0,0,-256.3,0.0,45.4,0.0,1→2,85.2
90572,427,1,3,1,-74452,42.67,5444,8852,25.542,41.5345,41.5035,18.3323,-80.9,207460122164,207619876942,922509837935,922669581824,-256.3,-267.7,45.4,44.6,1→3,85.2
90572,427,1,4,1,-82358,47.2,4872,8642,22.8583,40.5488,40.3858,18.84,-68.73,208738208308,208897961637,706877706144,707037449728,-256.3,-260.9,45.4,46.4,1→4,85.2
90572,427,2,3,0,0,0.0,0,0,0.0,0.0,0.0,0.0,0.0,0,0,0,0,20.7,0.0,45.3,0.0,2→3,85.2
90572,427,2,4,0,0,0.0,0,0,0.0,0.0,0.0,0.0,0.0,0,0,0,0,20.7,0.0,45.3,0.0,2→4,85.2
90572,427,3,4,1,-8034,4.6,8382,8750,39.3264,41.0542,40.9452,3.6035,-73.93,927710852660,927870613175,710800598778,710960342528,-267.7,-260.9,44.6,46.4,3→4,85.2
90772,428,1,2,0,0,0.0,0,0,0.0,0.0,0.0,0.0,0.0,0,0,0,0,-256.3,0.0,45.4,0.0,1→2,85.4
90772,428,1,3,1,-74516,42.71,5452,8863,25.5795,41.5858,41.5268,18.3556,-78.78,220239028788,220398783431,935289289478,935449033216,-256.3,-267.7,45.4,44.6,1→3,85.4
90772,428,1,4,1,-82425,47.24,4881,8654,22.9005,40.603,40.46,18.9142,-70.29,221516452404,221676205770,719656552844,719816296448,-256.3,-260.9,45.4,46.4,1→4,85.4
90772,428,2,3,0,0,0.0,0,0,0.0,0.0,0.0,0.0,0.0,0,0,0,0,20.7,0.0,45.3,0.0,2→3,85.4
90772,428,2,4,0,0,0.0,0,0,0.0,0.0,0.0,0.0,0.0,0,0,0,0,20.7,0.0,45.3,0.0,2→4,85.4
90772,428,3,4,1,-8046,4.61,8377,8745,39.3029,41.031,40.947,3.6053,-76.01,940492709940,940652470575,723582513783,723742257664,-267.7,-260.9,44.6,46.4,3→4,85.4
90972,429,1,2,0,0,0.0,0,0,0.0,0.0,0.0,0.0,0.0,0,0,0,0,-256.3,0.0,45.4,0.0,1→2,85.6
90972,429,1,3,1,-74452,42.67,5450,8858,25.5701,41.5603,41.5293,18.3581,-79.63,233017625140,233177379631,948068430745,948228174336,-256.3,-267.7,45.4,44.6,1→3,85.6
90972,429,1,4,1,-82340,47.19,4881,8650,22.9005,40.5848,40.4218,18.876,-67.76,234295660596,234455413907,732436363715,732596107264,-256.3,-260.9,45.4,46.4,1→4,85.6
90972,429,2,3,0,0,0.0,0,0,0.0,0.0,0.0,0.0,0.0,0,0,0,0,20.7,0.0,45.3,0.0,2→3,85.6
90972,429,2,4,0,0,0.0,0,0,0.0,0.0,0.0,0.0,0.0,0,0,0,0,20.7,0.0,45.3,0.0,2→4,85.6
90972,429,3,4,1,-8051,4.61,8382,8751,39.3264,41.0578,40.9988,3.6571,-78.13,953268807732,953428567998,736358669299,736518412800,-267.7,-260.9,44.6,46.4,3→4,85.6
91172,430,1,2,0,0,0.0,0,0,0.0,0.0,0.0,0.0,0.0,0,0,0,0,-256.3,0.0,45.4,0.0,1→2,85.8
91172,430,1,3,1,-74481,42.69,5434,8843,25.495,41.4938,41.4098,18.2386,-76.9,245796376116,245956130920,960847726657,961007470592,-256.3,-267.7,45.4,44.6,1→3,85.8
91172,430,1,4,1,-82360,47.2,4881,8651,22.9005,40.5915,40.4485,18.9027,-69.08,247074379828,247234133568,745215685655,745375429632,-256.3,-260.9,45.4,46.4,1→4,85.8
91172,430,2,3,0,0,0.0,0,0,0.0,0.0,0.0,0.0,0.0,0,0,0,0,20.7,0.0,45.3,0.0,2→3,85.8
91172,430,2,4,0,0,0.0,0,0,0.0,0.0,0.0,0.0,0.0,0,0,0,0,20.7,0.0,45.3,0.0,2→4,85.8
91172,430,3,4,1,-8080,4.63,8375,8745,39.2935,41.0312,41.0002,3.6585,-80.04,966048296500,966208056858,749138215817,749297959424,-267.7,-260.9,44.6,46.4,3→4,85.8
91372,431,1,2,0,0,0.0,0,0,0.0,0.0,0.0,0.0,0.0,0,0,0,0,-256.3,0.0,45.4,0.0,1→2,86.0
91372,431,1,3,1,-74540,42.72,5438,8850,25.5138,41.5252,41.4162,18.245,-74.45,258575127604,258734882190,973627023139,973786766848,-256.3,-267.7,45.4,44.6,1→3,86.0
91372,431,1,4,1,-82380,47.21,4877,8648,22.8817,40.5746,40.4116,18.8658,-68.42,259853163060,260012916663,757995071639,758154815488,-256.3,-260.9,45.4,46.4,1→4,86.0
91372,431,2,3,0,0,0.0,0,0,0.0,0.0,0.0,0.0,0.0,0,0,0,0,20.7,0.0,45.3,0.0,2→3,86.0
91372,431,2,4,0,0,0.0,0,0,0.0,0.0,0.0,0.0,0.0,0,0,0,0,20.7,0.0,45.3,0.0,2→4,86.0
91372,431,3,4,1,-8053,4.62,8368,8736,39.2607,40.9902,40.9312,3.5895,-77.7,978830792244,978990552659,761920769345,762080513024,-267.7,-260.9,44.6,46.4,3→4,86.0
91572,432,1,2,0,0,0.0,0,0,0.0,0.0,0.0,0.0,0.0,0,0,0,0,-256.3,0.0,45.4,0.0,1→2,86.2
91572,432,1,3,1,-74503,42.7,5429,8839,25.4716,41.4727,41.3637,18.1925,-74.75,271353878580,271513632930,986406319100,986566062592,-256.3,-267.7,45.4,44.6,1→3,86.2
91572,432,1,4,1,-82371,47.21,4875,8645,22.8723,40.5633,40.4003,18.8545,-68.34,272631458356,272791211815,770773969699,770933713408,-256.3,-260.9,45.4,46.4,1→4,86.2
91572,432,2,3,0,0,0.0,0,0,0.0,0.0,0.0,0.0,0.0,0,0,0,0,20.7,0.0,45.3,0.0,2→3,86.2
91572,432,2,4,0,0,0.0,0,0,0.0,0.0,0.0,0.0,0.0,0,0,0,0,20.7,0.0,45.3,0.0,2→4,86.2
91572,432,3,4,1,-8055,4.62,8383,8752,39.3311,41.0634,40.9794,3.6377,-76.46,991606131764,991765892273,774696166658,774855910400,-267.7,-260.9,44.6,46.4,3→4,86.2
91772,433,1,2,0,0,0.0,0,0,0.0,0.0,0.0,0.0,0.0,0,0,0,0,-256.3,0.0,45.4,0.0,1→2,86.4
91772,433,1,3,1,-74474,42.68,5432,8841,25.4857,41.4829,41.3739,18.2027,-74.97,284132630068,284292384691,999185615602,999345359360,-256.3,-267.7,45.4,44.6,1→3,86.4
91772,433,1,4,1,-82346,47.19,4879,8648,22.8911,40.5767,40.4337,18.8879,-69.78,285410209844,285569963112,783553324010,783713067520,-256.3,-260.9,45.4,46.4,1→4,86.4
91772,433,2,3,0,0,0.0,0,0,0.0,0.0,0.0,0.0,0.0,0,0,0,0,20.7,0.0,45.3,0.0,2→3,86.4
91772,433,2,4,0,0,0.0,0,0,0.0,0.0,0.0,0.0,0.0,0,0,0,0,20.7,0.0,45.3,0.0,2→4,86.4
91772,433,3,4,1,-8096,4.64,8379,8750,39.3123,41.0534,40.9694,3.6277,-75.48,1004386892340,1004546652887,787476985044,787636728832,-267.7,-260.9,44.6,46.4,3→4,86.4
91972,434,1,2,0,0,0.0,0,0,0.0,0.0,0.0,0.0,0.0,0,0,0,0,-256.3,0.0,45.4,0.0,1→2,86.6
91972,434,1,3,1,-74458,42.67,5437,8845,25.5091,41.5029,41.3939,18.2227,-73.21,296911382068,297071136440,1011964912631,1012124656128,-256.3,-267.7,45.4,44.6,1→3,86.6
91972,434,1,4,1,-82393,47.22,4881,8652,22.9005,40.5962,40.4332,18.8874,-68.7,298189417012,298349170537,796333134061,796492877824,-256.3,-260.9,45.4,46.4,1→4,86.6
91972,434,2,3,0,0,0.0,0,0,0.0,0.0,0.0,0.0,0.0,0,0,0,0,20.7,0.0,45.3,0.0,2→3,86.6
91972,434,2,4,0,0,0.0,0,0,0.0,0.0,0.0,0.0,0.0,0,0,0,0,20.7,0.0,45.3,0.0,2→4,86.6
91972,434,3,4,1,-8106,4.65,8370,8741,39.2701,41.0134,40.9294,3.5877,-76.26,1017161809972,1017321570551,800251960482,800411704320,-267.7,-260.9,44.6,46.4,3→4,86.6
92172,435,1,2,0,0,0.0,0,0,0.0,0.0,0.0,0.0,0.0,0,0,0,0,-256.3,0.0,45.4,0.0,1→2,86.8
92172,435,1,3,1,-74440,42.66,5433,8840,25.4904,41.4779,41.3939,18.2227,-76.13,309690132532,309849887136,1024744208134,1024903951872,-256.3,-267.7,45.4,44.6,1→3,86.8
92172,435,1,4,1,-82301,47.17,4882,8649,22.9052,40.5811,40.4381,18.8923,-69.74,310968030772,311127784038,809112350706,809272094208,-256.3,-260.9,45.4,46.4,1→4,86.8
92172,435,2,3,0,0,0.0,0,0,0.0,0.0,0.0,0.0,0.0,0,0,0,0,20.7,0.0,45.3,0.0,2→3,86.8
92172,435,2,4,0,0,0.0,0,0,0.0,0.0,0.0,0.0,0.0,0,0,0,0,20.7,0.0,45.3,0.0,2→4,86.8
92172,435,3,4,1,-8098,4.64,8382,8752,39.3264,41.0656,41.0066,3.6649,-78.6,1029945757748,1030105518323,813035966141,813195709952,-267.7,-260.9,44.6,46.4,3→4,86.8
92372,436,1,2,0,0,0.0,0,0,0.0,0.0,0.0,0.0,0.0,0,0,0,0,-256.3,0.0,45.4,0.0,1→2,87.0
92372,436,1,3,1,-74536,42.72,5432,8844,25.4857,41.4962,41.4122,18.241,-75.56,322468883508,322628638310,1037523504191,1037683248128,-256.3,-267.7,45.4,44.6,1→3,87.0
92372,436,1,4,1,-82305,47.17,4880,8648,22.8958,40.5749,40.4319,18.8861,-69.59,323746918452,323906671911,821891841326,822051585024,-256.3,-260.9,45.4,46.4,1→4,87.0
92372,436,2,3,0,0,0.0,0,0,0.0,0.0,0.0,0.0,0.0,0,0,0,0,20.7,0.0,45.3,0.0,2→3,87.0
92372,436,2,4,0,0,0.0,0,0,0.0,0.0,0.0,0.0,0.0,0,0,0,0,20.7,0.0,45.3,0.0,2→4,87.0
92372,436,3,4,1,-8082,4.63,8376,8745,39.2982,41.034,40.975,3.6333,-77.1,1042723208756,1042882969327,825813474997,825973218816,-267.7,-260.9,44.6,46.4,3→4,87.0
92572,437,1,2,0,0,0.0,0,0,0.0,0.0,0.0,0.0,0.0,0,0,0,0,-256.3,0.0,45.4,0.0,1→2,87.2
92572,437,1,3,1,-74487,42.69,5431,8840,25.481,41.4786,41.3946,18.2234,-76.81,335247634484,335407388940,1050302800278,1050462543872,-256.3,-267.7,45.4,44.6,1→3,87.2
92572,437,1,4,1,-82334,47.19,4883,8652,22.9099,40.5952,40.4522,18.9064,-69.2,336525214260,336684967902,834670740093,834830483968,-256.3,-260.9,45.4,46.4,1→4,87.2
92572,437,2,3,0,0,0.0,0,0,0.0,0.0,0.0,0.0,0.0,0,0,0,0,20.7,0.0,45.3,0.0,2→3,87.2
92572,437,2,4,0,0,0.0,0,0,0.0,0.0,0.0,0.0,0.0,0,0,0,0,20.7,0.0,45.3,0.0,2→4,87.2
92572,437,3,4,1,-8090,4.64,8374,8744,39.2888,41.0287,40.9697,3.628,-78.11,1055505932852,1055665693397,838596256972,838756000768,-267.7,-260.9,44.6,46.4,3→4,87.2
92772,438,1,2,0,0,0.0,0,0,0.0,0.0,0.0,0.0,0.0,0,0,0,0,-256.3,0.0,45.4,0.0,1→2,87.4
92772,438,1,3,1,-74528,42.71,5434,8846,25.495,41.5039,41.4199,18.2487,-76.42,348026385460,348186140052,1063082096405,1063241840128,-256.3,-267.7,45.4,44.6,1→3,87.4
92772,438,1,4,1,-82407,47.23,4878,8650,22.8864,40.5875,40.4245,18.8787,-68.55,349304421428,349464175167,847450550290,847610294272,-256.3,-260.9,45.4,46.4,1→4,87.4
92772,438,2,3,0,0,0.0,0,0,0.0,0.0,0.0,0.0,0.0,0,0,0,0,20.7,0.0,45.3,0.0,2→3,87.4
92772,438,2,4,0,0,0.0,0,0,0.0,0.0,0.0,0.0,0.0,0,0,0,0,20.7,0.0,45.3,0.0,2→4,87.4
92772,438,3,4,1,-8104,4.64,8379,8750,39.3123,41.0551,40.9961,3.6544,-77.78,1068281297972,1068441058548,851371679927,851531423744,-267.7,-260.9,44.6,46.4,3→4,87.4
92972,439,1,2,0,0,0.0,0,0,0.0,0.0,0.0,0.0,0.0,0,0,0,0,-256.3,0.0,45.4,0.0,1→2,87.6
92972,439,1,3,1,-74511,42.7,5433,8844,25.4904,41.4956,41.3866,18.2154,-74.6,360805136948,360964891641,1075861393070,1076021136896,-256.3,-267.7,45.4,44.6,1→3,87.6
92972,439,1,4,1,-82476,47.27,4880,8655,22.8958,40.6093,40.4663,18.9205,-69.47,362083140660,362242893987,860229872561,860389616128,-256.3,-260.9,45.4,46.4,1→4,87.6
92972,439,2,3,0,0,0.0,0,0,0.0,0.0,0.0,0.0,0.0,0,0,0,0,20.7,0.0,45.3,0.0,2→3,87.6
92972,439,2,4,0,0,0.0,0,0,0.0,0.0,0.0,0.0,0.0,0,0,0,0,20.7,0.0,45.3,0.0,2→4,87.6
92972,439,3,4,1,-8054,4.62,8375,8743,39.2935,41.0233,40.9643,3.6226,-77.29,1081058308148,1081218068722,864148747952,864308491776,-267.7,-260.9,44.6,46.4,3→4,87.6
93172,440,1,2,0,0,0.0,0,0,0.0,0.0,0.0,0.0,0.0,0,0,0,0,-256.3,0.0,45.4,0.0,1→2,87.8
93172,440,1,3,1,-74472,42.68,5434,8843,25.495,41.4919,41.3829,18.2117,-74.97,373583887924,373743642716,1088640689229,1088800433152,-256.3,-267.7,45.4,44.6,1→3,87.8
93172,440,1,4,1,-82355,47.2,4875,8644,22.8723,40.5598,40.3969,18.8511,-68.24,374861891636,375021645027,873009226599,873168970240,-256.3,-260.9,45.4,46.4,1→4,87.8
93172,440,2,3,0,0,0.0,0,0,0.0,0.0,0.0,0.0,0.0,0,0,0,0,20.7,0.0,45.3,0.0,2→3,87.8
93172,440,2,4,0,0,0.0,0,0,0.0,0.0,0.0,0.0,0.0,0,0,0,0,20.7,0.0,45.3,0.0,2→4,87.8
93172,440,3,4,1,-8071,4.63,8383,8752,39.3311,41.0645,40.9805,3.6388,-75.61,1093968142388,1094127902865,877058640673,877218384384,-267.7,-260.9,44.6,46.4,3→4,87.8
93372,441,1,2,0,0,0.0,0,0,0.0,0.0,0.0,0.0,0.0,0,0,0,0,-256.3,0.0,45.4,0.0,1→2,88.0
93372,441,1,3,1,-74558,42.73,5431,8843,25.481,41.4939,41.3849,18.2137,-74.71,386362638900,386522393254,1908357628,2068101120,-256.3,-267.7,45.4,44.6,1→3,88.0
93372,441,1,4,1,-82431,47.24,4880,8653,22.8958,40.602,40.439,18.8932,-68.47,387640673844,387800427286,885788611903,885948355584,-256.3,-260.9,45.4,46.4,1→4,88.0
93372,441,2,3,0,0,0.0,0,0,0.0,0.0,0.0,0.0,0.0,0,0,0,0,20.7,0.0,45.3,0.0,2→3,88.0
93372,441,2,4,0,0,0.0,0,0,0.0,0.0,0.0,0.0,0.0,0,0,0,0,20.7,0.0,45.3,0.0,2→4,88.0
93372,441,3,4,1,-8049,4.61,8379,8747,39.3123,41.0433,40.9843,3.6426,-77.8,7209461812,7369222360,889811645651,889971389440,-267.7,-260.9,44.6,46.4,3→4,88.0
93572,442,1,2,0,0,0.0,0,0,0.0,0.0,0.0,0.0,0.0,0,0,0,0,-256.3,0.0,45.4,0.0,1→2,88.2
93572,442,1,3,1,-74515,42.71,5437,8848,25.5091,41.5151,41.4061,18.2349,-74.45,399141389876,399301144292,14687653835,14847397376,-256.3,-267.7,45.4,44.6,1→3,88.2
93572,442,1,4,1,-82408,47.23,4882,8654,22.9052,40.6064,40.4434,18.8976,-68.63,400419393588,400579147039,898567934778,898727678464,-256.3,-260.9,45.4,46.4,1→4,88.2
93572,442,2,3,0,0,0.0,0,0,0.0,0.0,0.0,0.0,0.0,0,0,0,0,20.7,0.0,45.3,0.0,2→3,88.2
93572,442,2,4,0,0,0.0,0,0,0.0,0.0,0.0,0.0,0.0,0,0,0,0,20.7,0.0,45.3,0.0,2→4,88.2
93572,442,3,4,1,-8033,4.6,8372,8740,39.2794,41.0071,40.9231,3.5814,-76.02,19888734260,20048494695,902490975542,902650719232,-267.7,-260.9,44.6,46.4,3→4,88.2
93772,443,1,2,0,0,0.0,0,0,0.0,0.0,0.0,0.0,0.0,0,0,0,0,-256.3,0.0,45.4,0.0,1→2,88.4
93772,443,1,3,1,-74479,42.69,5437,8846,25.5091,41.5074,41.3984,18.2272,-73.98,411920140852,412079895275,27466950084,27626693632,-256.3,-267.7,45.4,44.6,1→3,88.4
93772,443,1,4,1,-82439,47.25,4877,8651,22.8817,40.5896,40.4466,18.9008,-69.78,413198175284,413357928686,911347319649,911507063296,-256.3,-260.9,45.4,46.4,1→4,88.4
93772,443,2,3,0,0,0.0,0,0,0.0,0.0,0.0,0.0,0.0,0,0,0,0,20.7,0.0,45.3,0.0,2→3,88.4
93772,443,2,4,0,0,0.0,0,0,0.0,0.0,0.0,0.0,0.0,0,0,0,0,20.7,0.0,45.3,0.0,2→4,88.4
93772,443,3,4,1,-8073,4.63,8372,8742,39.2794,41.0156,40.9316,3.5899,-76.38,32668441652,32828202041,915270740836,915430484480,-267.7,-260.9,44.6,46.4,3→4,88.4
93972,444,1,2,0,0,0.0,0,0,0.0,0.0,0.0,0.0,0.0,0,0,0,0,-256.3,0.0,45.4,0.0,1→2,88.6
93972,444,1,3,1,-74495,42.69,5434,8844,25.495,41.4944,41.3854,18.2142,-74.08,424698891316,424858645719,40246245841,40405989376,-256.3,-267.7,45.4,44.6,1→3,88.6
93972,444,1,4,1,-82437,47.25,4880,8653,22.8958,40.6009,40.4379,18.8921,-68.98,425976926260,426136679597,924126673831,924286417408,-256.3,-260.9,45.4,46.4,1→4,88.6
93972,444,2,3,0,0,0.0,0,0,0.0,0.0,0.0,0.0,0.0,0,0,0,0,20.7,0.0,45.3,0.0,2→3,88.6
93972,444,2,4,0,0,0.0,0,0,0.0,0.0,0.0,0.0,0.0,0,0,0,0,20.7,0.0,45.3,0.0,2→4,88.6
93972,444,3,4,1,-8044,4.61,8376,8744,39.2982,41.0258,40.9668,3.6251,-77.32,45443743796,45603504156,928046100872,928205844480,-267.7,-260.9,44.6,46.4,3→4,88.6
94172,445,1,2,0,0,0.0,0,0,0.0,0.0,0.0,0.0,0.0,0,0,0,0,-256.3,0.0,45.4,0.0,1→2,88.8
94172,445,1,3,1,-74495,42.69,5434,8844,25.495,41.4945,41.4105,18.2393,-75.01,437477642292,437637397148,53025542156,53185286144,-256.3,-267.7,45.4,44.6,1→3,88.8
94172,445,1,4,1,-82455,47.26,4877,8651,22.8817,40.5907,40.4477,18.9019,-69.23,438755646004,438915399731,936905996827,937065740800,-256.3,-260.9,45.4,46.4,1→4,88.8
94172,445,2,3,0,0,0.0,0,0,0.0,0.0,0.0,0.0,0.0,0,0,0,0,20.7,0.0,45.3,0.0,2→3,88.8
94172,445,2,4,0,0,0.0,0,0,0.0,0.0,0.0,0.0,0.0,0,0,0,0,20.7,0.0,45.3,0.0,2→4,88.8
94172,445,3,4,1,-8069,4.62,8373,8742,39.2841,41.0171,40.9331,3.5914,-76.42,58224575028,58384335329,940826990013,940986733568,-267.7,-260.9,44.6,46.4,3→4,88.8
94372,446,1,2,0,0,0.0,0,0,0.0,0.0,0.0,0.0,0.0,0,0,0,0,-256.3,0.0,45.4,0.0,1→2,89.0
94372,446,1,3,1,-74516,42.71,5435,8846,25.4997,41.506,41.397,18.2258,-74.08,450256393268,450416148041,65804838498,65964582400,-256.3,-267.7,45.4,44.6,1→3,89.0
94372,446,1,4,1,-82408,47.23,4877,8649,22.8817,40.5806,40.4176,18.8718,-68.95,451534077492,451693831096,949685031574,949844775424,-256.3,-260.9,45.4,46.4,1→4,89.0
94372,446,2,3,0,0,0.0,0,0,0.0,0.0,0.0,0.0,0.0,0,0,0,0,20.7,0.0,45.3,0.0,2→3,89.0
94372,446,2,4,0,0,0.0,0,0,0.0,0.0,0.0,0.0,0.0,0,0,0,0,20.7,0.0,45.3,0.0,2→4,89.0
94372,446,3,4,1,-8052,4.61,8374,8743,39.2888,41.0205,40.9365,3.5948,-76.38,71006037556,71165798302,953608510467,953768254464,-267.7,-260.9,44.6,46.4,3→4,89.0
94572,447,1,2,0,0,0.0,0,0,0.0,0.0,0.0,0.0,0.0,0,0,0,0,-256.3,0.0,45.4,0.0,1→2,89.2
94572,447,1,3,1,-74501,42.7,5431,8841,25.481,41.4817,41.3727,18.2015,-74.41,463035143732,463194898392,78584134346,78743878144,-256.3,-267.7,45.4,44.6,1→3,89.2
94572,447,1,4,1,-82419,47.24,4881,8654,22.9005,40.6041,40.4411,18.8953,-68.73,464312723508,464472476953,962464280894,962624024576,-256.3,-260.9,45.4,46.4,1→4,89.2
94572,447,2,3,0,0,0.0,0,0,0.0,0.0,0.0,0.0,0.0,0,0,0,0,20.7,0.0,45.3,0.0,2→3,89.2
94572,447,2,4,0,0,0.0,0,0,0.0,0.0,0.0,0.0,0.0,0,0,0,0,20.7,0.0,45.3,0.0,2→4,89.2
94572,447,3,4,1,-8082,4.63,8382,8752,39.3264,41.0645,41.0055,3.6638,-77.31,83785341492,83945102173,966387872340,966547616256,-267.7,-260.9,44.6,46.4,3→4,89.2
94772,448,1,2,0,0,0.0,0,0,0.0,0.0,0.0,0.0,0.0,0,0,0,0,-256.3,0.0,45.4,0.0,1→2,89.4
94772,448,1,3,1,-74533,42.72,5433,8845,25.4904,41.5003,41.3913,18.2201,-74.52,475813894708,475973649253,91363430722,91523174400,-256.3,-267.7,45.4,44.6,1→3,89.4
94772,448,1,4,1,-82468,47.26,4875,8650,22.8723,40.5865,40.4435,18.8977,-69.31,477091578932,477251332661,975243739670,975403483648,-256.3,-260.9,45.4,46.4,1→4,89.4
94772,448,2,3,0,0,0.0,0,0,0.0,0.0,0.0,0.0,0.0,0,0,0,0,20.7,0.0,45.3,0.0,2→3,89.4
94772,448,2,4,0,0,0.0,0,0,0.0,0.0,0.0,0.0,0.0,0,0,0,0,20.7,0.0,45.3,0.0,2→4,89.4
94772,448,3,4,1,-8053,4.62,8373,8741,39.2841,41.0137,40.9547,3.613,-77.53,96564681268,96724441846,979167270056,979327013888,-267.7,-260.9,44.6,46.4,3→4,89.4
94972,449,1,2,0,0,0.0,0,0,0.0,0.0,0.0,0.0,0.0,0,0,0,0,-256.3,0.0,45.4,0.0,1→2,89.6
94972,449,1,3,1,-74570,42.74,5433,8846,25.4904,41.5058,41.3968,18.2256,-74.23,488592645172,488752399565,104142726617,104302470144,-256.3,-267.7,45.4,44.6,1→3,89.6
94972,449,1,4,1,-82407,47.23,4873,8645,22.863,40.564,40.421,18.8752,-69.09,489870681140,490030434620,988023445259,988183188992,-256.3,-260.9,45.4,46.4,1→4,89.6
94972,449,2,3,0,0,0.0,0,0,0.0,0.0,0.0,0.0,0.0,0,0,0,0,20.7,0.0,45.3,0.0,2→3,89.6
94972,449,2,4,0,0,0.0,0,0,0.0,0.0,0.0,0.0,0.0,0,0,0,0,20.7,0.0,45.3,0.0,2→4,89.6
94972,449,3,4,1,-8112,4.65,8371,8742,39.2748,41.0193,40.9603,3.6186,-77.09,109344084532,109503845025,991946731258,992106475008,-267.7,-260.9,44.6,46.4,3→4,89.6
95172,450,1,2,0,0,0.0,0,0,0.0,0.0,0.0,0.0,0.0,0,0,0,0,-256.3,0.0,45.4,0.0,1→2,89.8
95172,450,1,3,1,-74584,42.75,5433,8847,25.4904,41.5089,41.3999,18.2287,-74.37,501371396148,501531150870,116922023056,117081766912,-256.3,-267.7,45.4,44.6,1→3,89.8
95172,450,1,4,1,-82452,47.26,4875,8649,22.8723,40.5831,40.4201,18.8743,-67.88,502649399860,502809153582,1000802767389,1000962511360,-256.3,-260.9,45.4,46.4,1→4,89.8
95172,450,2,3,0,0,0.0,0,0,0.0,0.0,0.0,0.0,0.0,0,0,0,0,20.7,0.0,45.3,0.0,2→3,89.8
95172,450,2,4,0,0,0.0,0,0,0.0,0.0,0.0,0.0,0.0,0,0,0,0,20.7,0.0,45.3,0.0,2→4,89.8
95172,450,3,4,1,-8053,4.62,8377,8746,39.3029,41.0348,40.9758,3.6341,-78.25,122122266164,122282026593,1004724970822,1004884714496,-267.7,-260.9,44.6,46.4,3→4,89.8
95372,451,1,2,0,0,0.0,0,0,0.0,0.0,0.0,0.0,0.0,0,0,0,0,-256.3,0.0,45.4,0.0,1→2,90.0
95372,451,1,3,1,-74597,42.75,5433,8848,25.4904,41.514,41.43,18.2588,-75.05,514150146612,514309901132,129701319003,129861062656,-256.3,-267.7,45.4,44.6,1→3,90.0
95372,451,1,4,1,-82410,47.23,4878,8650,22.8864,40.5857,40.4227,18.8769,-68.32,515428181556,515587934998,1013582152506,1013741896192,-256.3,-260.9,45.4,46.4,1→4,90.0
95372,451,2,3,0,0,0.0,0,0,0.0,0.0,0.0,0.0,0.0,0,0,0,0,20.7,0.0,45.3,0.0,2→3,90.0
95372,451,2,4,0,0,0.0,0,0,0.0,0.0,0.0,0.0,0.0,0,0,0,0,20.7,0.0,45.3,0.0,2→4,90.0
95372,451,3,4,1,-8116,4.65,8377,8748,39.3029,41.046,40.987,3.6453,-78.74,134900381236,135060141592,1017503143822,1017662887424,-267.7,-260.9,44.6,46.4,3→4,90.0
95572,452,1,2,0,0,0.0,0,0,0.0,0.0,0.0,0.0,0.0,0,0,0,0,-256.3,0.0,45.4,0.0,1→2,90.2
95572,452,1,3,1,-74570,42.74,5430,8844,25.4763,41.4942,41.4102,18.239,-76.05,526928897076,527088651884,142480614965,142640358912,-256.3,-267.7,45.4,44.6,1→3,90.2
95572,452,1,4,1,-82505,47.29,4881,8657,22.9005,40.6202,40.4572,18.9114,-68.55,528206932020,528366685673,1026361506413,1026521250304,-256.3,-260.9,45.4,46.4,1→4,90.2
95572,452,2,3,0,0,0.0,0,0,0.0,0.0,0.0,0.0,0.0,0,0,0,0,20.7,0.0,45.3,0.0,2→3,90.2
95572,452,2,4,0,0,0.0,0,0,0.0,0.0,0.0,0.0,0.0,0,0,0,0,20.7,0.0,45.3,0.0,2→4,90.2
95572,452,3,4,1,-8031,4.6,8380,8748,39.317,41.0442,40.9602,3.6185,-76.93,147683593268,147843354029,1030286413824,1030446157824,-267.7,-260.9,44.6,46.4,3→4,90.2
95772,453,1,2,0,0,0.0,0,0,0.0,0.0,0.0,0.0,0.0,0,0,0,0,-256.3,0.0,45.4,0.0,1→2,90.4
95772,453,1,3,1,-74496,42.7,5428,8838,25.4669,41.4689,41.3849,18.2137,-75.56,539707647540,539867402115,155259910938,155419654656,-256.3,-267.7,45.4,44.6,1→3,90.4
95772,453,1,4,1,-82434,47.24,4875,8649,22.8723,40.5792,40.4362,18.8904,-69.94,540985680436,541145433748,1039140858295,1039300601856,-256.3,-260.9,45.4,46.4,1→4,90.4
95772,453,2,3,0,0,0.0,0,0,0.0,0.0,0.0,0.0,0.0,0,0,0,0,20.7,0.0,45.3,0.0,2→3,90.4
95772,453,2,4,0,0,0.0,0,0,0.0,0.0,0.0,0.0,0.0,0,0,0,0,20.7,0.0,45.3,0.0,2→4,90.4
95772,453,3,4,1,-8147,4.67,8379,8751,39.3123,41.062,41.003,3.6613,-77.54,160460422196,160620182861,1043063300701,1043223044608,-267.7,-260.9,44.6,46.4,3→4,90.4
95972,454,1,2,0,0,0.0,0,0,0.0,0.0,0.0,0.0,0.0,0,0,0,0,-256.3,0.0,45.4,0.0,1→2,90.6
95972,454,1,3,1,-74467,42.68,5433,8841,25.4904,41.4838,41.3998,18.2286,-75.21,552486398516,552646153372,168039207434,168198951424,-256.3,-267.7,45.4,44.6,1→3,90.6
95972,454,1,4,1,-82453,47.26,4874,8648,22.8677,40.5786,40.4156,18.8698,-68.88,553764433972,553924187431,1051920215330,1052079959040,-256.3,-260.9,45.4,46.4,1→4,90.6
95972,454,2,3,0,0,0.0,0,0,0.0,0.0,0.0,0.0,0.0,0,0,0,0,20.7,0.0,45.3,0.0,2→3,90.6
95972,454,2,4,0,0,0.0,0,0,0.0,0.0,0.0,0.0,0.0,0,0,0,0,20.7,0.0,45.3,0.0,2→4,90.6
95972,454,3,4,1,-8043,4.61,8375,8743,39.2935,41.0233,40.9393,3.5976,-76.96,173237898804,173397659329,1055840835298,1056000579072,-267.7,-260.9,44.6,46.4,3→4,90.6
96172,455,1,2,0,0,0.0,0,0,0.0,0.0,0.0,0.0,0.0,0,0,0,0,-256.3,0.0,45.4,0.0,1→2,90.8
96172,455,1,3,1,-74541,42.72,5430,8842,25.4763,41.4879,41.3789,18.2077,-74.48,565265148980,565424903610,180818503399,180978247168,-256.3,-267.7,45.4,44.6,1→3,90.8
96172,455,1,4,1,-82504,47.28,4875,8651,22.8723,40.5919,40.4289,18.8831,-68.6,566543152692,566702906272,1064699537578,1064859281408,-256.3,-260.9,45.4,46.4,1→4,90.8
96172,455,2,3,0,0,0.0,0,0,0.0,0.0,0.0,0.0,0.0,0,0,0,0,20.7,0.0,45.3,0.0,2→3,90.8
96172,455,2,4,0,0,0.0,0,0,0.0,0.0,0.0,0.0,0.0,0,0,0,0,20.7,0.0,45.3,0.0,2→4,90.8
96172,455,3,4,1,-8108,4.65,8376,8747,39.2982,41.0396,40.9806,3.6389,-77.66,186017894964,186177655311,1068620889493,1068780633088,-267.7,-260.9,44.6,46.4,3→4,90.8
96372,456,1,2,0,0,0.0,0,0,0.0,0.0,0.0,0.0,0.0,0,0,0,0,-256.3,0.0,45.4,0.0,1→2,91.0
96372,456,1,3,1,-74485,42.69,5431,8840,25.481,41.4782,41.3692,18.198,-74.63,578043899444,578203653848,193597799370,193757542912,-256.3,-267.7,45.4,44.6,1→3,91.0
96372,456,1,4,1,-82481,47.27,4882,8657,22.9052,40.6198,40.4768,18.931,-69.25,579321934900,579481688555,1077478923373,1077638667264,-256.3,-260.9,45.4,46.4,1→4,91.0
96372,456,2,3,0,0,0.0,0,0,0.0,0.0,0.0,0.0,0.0,0,0,0,0,20.7,0.0,45.3,0.0,2→3,91.0
96372,456,2,4,0,0,0.0,0,0,0.0,0.0,0.0,0.0,0.0,0,0,0,0,20.7,0.0,45.3,0.0,2→4,91.0
96372,456,3,4,1,-8079,4.63,8375,8744,39.2935,41.0287,40.9697,3.628,-77.31,198798322228,198958082865,1081401374833,1081561118720,-267.7,-260.9,44.6,46.4,3→4,91.0
96572,457,1,2,0,0,0.0,0,0,0.0,0.0,0.0,0.0,0.0,0,0,0,0,-256.3,0.0,45.4,0.0,1→2,91.2
96572,457,1,3,1,-74521,42.71,5436,8847,25.5044,41.5118,41.4278,18.2566,-76.72,590822649908,590982404583,206377095366,206536839168,-256.3,-267.7,45.4,44.6,1→3,91.2
96572,457,1,4,1,-82472,47.27,4876,8651,22.877,40.5897,40.4267,18.8809,-68.85,592100735540,592260489233,1090258327611,1090418071552,-256.3,-260.9,45.4,46.4,1→4,91.2
96572,457,2,3,0,0,0.0,0,0,0.0,0.0,0.0,0.0,0.0,0,0,0,0,20.7,0.0,45.3,0.0,2→3,91.2
96572,457,2,4,0,0,0.0,0,0,0.0,0.0,0.0,0.0,0.0,0,0,0,0,20.7,0.0,45.3,0.0,2→4,91.2
96572,457,3,4,1,-8049,4.61,8383,8751,39.3311,41.0598,40.9758,3.6341,-75.95,211577075252,211736835679,1094180185939,1094339929600,-267.7,-260.9,44.6,46.4,3→4,91.2
96772,458,1,2,0,0,0.0,0,0,0.0,0.0,0.0,0.0,0.0,0,0,0,0,-256.3,0.0,45.4,0.0,1→2,91.4
96772,458,1,3,1,-74567,42.74,5435,8848,25.4997,41.5146,41.4306,18.2594,-76.13,603601555508,603761309915,219156546511,219316290048,-256.3,-267.7,45.4,44.6,1→3,91.4
96772,458,1,4,1,-82443,47.25,4874,8647,22.8677,40.5741,40.4111,18.8653,-68.93,604879485492,605039239199,3526053417,3685797376,-256.3,-260.9,45.4,46.4,1→4,91.4
96772,458,2,3,0,0,0.0,0,0,0.0,0.0,0.0,0.0,0.0,0,0,0,0,20.7,0.0,45.3,0.0,2→3,91.4
96772,458,2,4,0,0,0.0,0,0,0.0,0.0,0.0,0.0,0.0,0,0,0,0,20.7,0.0,45.3,0.0,2→4,91.4
96772,458,3,4,1,-8103,4.64,8372,8743,39.2794,41.0221,40.9631,3.6214,-77.38,224359327796,224519088463,7450868814,7610612736,-267.7,-260.9,44.6,46.4,3→4,91.4
96972,459,1,2,0,0,0.0,0,0,0.0,0.0,0.0,0.0,0.0,0,0,0,0,-256.3,0.0,45.4,0.0,1→2,91.6
96972,459,1,3,1,-74488,42.69,5424,8834,25.4481,41.4484,41.3394,18.1682,-74.78,616380150836,616539905486,231935687367,232095431168,-256.3,-267.7,45.4,44.6,1→3,91.6
96972,459,1,4,1,-82495,47.28,4879,8655,22.8911,40.6111,40.4681,18.9223,-69.72,617657730100,617817483819,16304901672,16464645632,-256.3,-260.9,45.4,46.4,1→4,91.6
96972,459,2,3,0,0,0.0,0,0,0.0,0.0,0.0,0.0,0.0,0,0,0,0,20.7,0.0,45.3,0.0,2→3,91.6
96972,459,2,4,0,0,0.0,0,0,0.0,0.0,0.0,0.0,0.0,0,0,0,0,20.7,0.0,45.3,0.0,2→4,91.6
96972,459,3,4,1,-8055,4.62,8378,8747,39.3076,41.0399,40.9559,3.6142,-76.42,237134589492,237294349916,20226188621,20385932288,-267.7,-260.9,44.6,46.4,3→4,91.6
97172,460,1,2,0,0,0.0,0,0,0.0,0.0,0.0,0.0,0.0,0,0,0,0,-256.3,0.0,45.4,0.0,1→2,91.8
97172,460,1,3,1,-74617,42.76,5435,8850,25.4997,41.5253,41.4163,18.2451,-74.34,629158901300,629318655667,244714983415,244874726912,-256.3,-267.7,45.4,44.6,1→3,91.8
97172,460,1,4,1,-82477,47.27,4872,8647,22.8583,40.5744,40.4314,18.8856,-70.33,630436905012,630596658653,29084680296,29244424192,-256.3,-260.9,45.4,46.4,1→4,91.8
97172,460,2,3,0,0,0.0,0,0,0.0,0.0,0.0,0.0,0.0,0,0,0,0,20.7,0.0,45.3,0.0,2→3,91.8
97172,460,2,4,0,0,0.0,0,0,0.0,0.0,0.0,0.0,0.0,0,0,0,0,20.7,0.0,45.3,0.0,2→4,91.8
97172,460,3,4,1,-8065,4.62,8372,8741,39.2794,41.0116,40.9526,3.6109,-77.04,249915225652,250074986304,33006882908,33166626816,-267.7,-260.9,44.6,46.4,3→4,91.8
97372,461,1,2,0,0,0.0,0,0,0.0,0.0,0.0,0.0,0.0,0,0,0,0,-256.3,0.0,45.4,0.0,1→2,92.0
97372,461,1,3,1,-74598,42.75,5432,8847,25.4857,41.5095,41.4005,18.2293,-74.67,641937651764,642097406325,257494279472,257654023168,-256.3,-267.7,45.4,44.6,1→3,92.0
97372,461,1,4,1,-82518,47.29,4876,8653,22.877,40.5996,40.4566,18.9108,-69.08,643215230516,643374984100,41863609512,42023353344,-256.3,-260.9,45.4,46.4,1→4,92.0
97372,461,2,3,0,0,0.0,0,0,0.0,0.0,0.0,0.0,0.0,0,0,0,0,20.7,0.0,45.3,0.0,2→3,92.0
97372,461,2,4,0,0,0.0,0,0,0.0,0.0,0.0,0.0,0.0,0,0,0,0,20.7,0.0,45.3,0.0,2→4,92.0
97372,461,3,4,1,-8107,4.65,8378,8749,39.3076,41.0487,40.9897,3.648,-78.45,262725240884,262885001132,45816956412,45976699904,-267.7,-260.9,44.6,46.4,3→4,92.0
97572,462,1,2,0,0,0.0,0,0,0.0,0.0,0.0,0.0,0.0,0,0,0,0,-256.3,0.0,45.4,0.0,1→2,92.2
97572,462,1,3,1,-74567,42.74,5431,8844,25.481,41.4982,41.4142,18.243,-75.24,654716402228,654876156978,270273575537,270433319424,-256.3,-267.7,45.4,44.6,1→3,92.2
97572,462,1,4,1,-82599,47.34,4875,8656,22.8723,40.6146,40.4716,18.9258,-69.25,655994437684,656154191151,54643420444,54803164160,-256.3,-260.9,45.4,46.4,1→4,92.2
97572,462,2,3,0,0,0.0,0,0,0.0,0.0,0.0,0.0,0.0,0,0,0,0,20.7,0.0,45.3,0.0,2→3,92.2
97572,462,2,4,0,0,0.0,0,0,0.0,0.0,0.0,0.0,0.0,0,0,0,0,20.7,0.0,45.3,0.0,2→4,92.2
97572,462,3,4,1,-8098,4.64,8374,8745,39.2888,41.0304,40.9714,3.6297,-77.56,275473575988,275633336586,58565349527,58725093376,-267.7,-260.9,44.6,46.4,3→4,92.2
97772,463,1,2,0,0,0.0,0,0,0.0,0.0,0.0,0.0,0.0,0,0,0,0,-256.3,0.0,45.4,0.0,1→2,92.4
97772,463,1,3,1,-74558,42.73,5436,8849,25.5044,41.5197,41.4357,18.2645,-75.32,667495152180,667654906634,283052871075,283212614656,-256.3,-267.7,45.4,44.6,1→3,92.4
97772,463,1,4,1,-82501,47.28,4872,8649,22.8583,40.5795,40.4165,18.8707,-68.67,668773188148,668932941511,67422774654,67582518272,-256.3,-260.9,45.4,46.4,1→4,92.4
97772,463,2,3,0,0,0.0,0,0,0.0,0.0,0.0,0.0,0.0,0,0,0,0,20.7,0.0,45.3,0.0,2→3,92.4
97772,463,2,4,0,0,0.0,0,0,0.0,0.0,0.0,0.0,0.0,0,0,0,0,20.7,0.0,45.3,0.0,2→4,92.4
97772,463,3,4,1,-8076,4.63,8380,8749,39.317,41.0515,40.9925,3.6508,-78.06,288253442612,288413202897,71345274331,71505017856,-267.7,-260.9,44.6,46.4,3→4,92.4
97972,464,1,2,0,0,0.0,0,0,0.0,0.0,0.0,0.0,0.0,0,0,0,0,-256.3,0.0,45.4,0.0,1→2,92.6
97972,464,1,3,1,-74567,42.74,5433,8846,25.4904,41.5052,41.4212,18.25,-75.21,680273902644,680433657321,295832167101,295991910912,-256.3,-267.7,45.4,44.6,1→3,92.6
97972,464,1,4,1,-82510,47.29,4875,8652,22.8723,40.5955,40.4325,18.8867,-68.7,681551938612,681711691879,80202128868,80361872384,-256.3,-260.9,45.4,46.4,1→4,92.6
97972,464,2,3,0,0,0.0,0,0,0.0,0.0,0.0,0.0,0.0,0,0,0,0,20.7,0.0,45.3,0.0,2→3,92.6
97972,464,2,4,0,0,0.0,0,0,0.0,0.0,0.0,0.0,0.0,0,0,0,0,20.7,0.0,45.3,0.0,2→4,92.6
97972,464,3,4,1,-8118,4.65,8373,8745,39.2841,41.03,40.971,3.6293,-78.08,301033774132,301193534590,84125664033,84285407744,-267.7,-260.9,44.6,46.4,3→4,92.6
98172,465,1,2,0,0,0.0,0,0,0.0,0.0,0.0,0.0,0.0,0,0,0,0,-256.3,0.0,45.4,0.0,1→2,92.8
98172,465,1,3,1,-74534,42.72,5431,8842,25.481,41.4887,41.3797,18.2085,-74.97,693052653108,693212407478,308611463148,308771206656,-256.3,-267.7,45.4,44.6,1→3,92.8
98172,465,1,4,1,-82535,47.3,4870,8648,22.8489,40.5751,40.4321,18.8863,-69.51,694330232884,694489986559,92981026881,93140770816,-256.3,-260.9,45.4,46.4,1→4,92.8
98172,465,2,3,0,0,0.0,0,0,0.0,0.0,0.0,0.0,0.0,0,0,0,0,20.7,0.0,45.3,0.0,2→3,92.8
98172,465,2,4,0,0,0.0,0,0,0.0,0.0,0.0,0.0,0.0,0,0,0,0,20.7,0.0,45.3,0.0,2→4,92.8
98172,465,3,4,1,-8078,4.63,8373,8742,39.2841,41.0191,40.9601,3.6184,-77.38,313810327092,313970087748,96902275162,97062019072,-267.7,-260.9,44.6,46.4,3→4,92.8
98372,466,1,2,0,0,0.0,0,0,0.0,0.0,0.0,0.0,0.0,0,0,0,0,-256.3,0.0,45.4,0.0,1→2,93.0
98372,466,1,3,1,-74516,42.71,5431,8842,25.481,41.4872,41.4282,18.257,-77.21,705831402548,705991157093,321390758206,321550501888,-256.3,-267.7,45.4,44.6,1→3,93.0
98372,466,1,4,1,-82524,47.3,4876,8654,22.877,40.6032,40.4402,18.8944,-68.73,707109439028,707269192539,105760836850,105920580608,-256.3,-260.9,45.4,46.4,1→4,93.0
98372,466,2,3,0,0,0.0,0,0,0.0,0.0,0.0,0.0,0.0,0,0,0,0,20.7,0.0,45.3,0.0,2→3,93.0
98372,466,2,4,0,0,0.0,0,0,0.0,0.0,0.0,0.0,0.0,0,0,0,0,20.7,0.0,45.3,0.0,2→4,93.0
98372,466,3,4,1,-8160,4.68,8383,8757,39.3311,41.0859,41.0019,3.6602,-76.79,326587810356,326747570700,109679816615,109839560192,-267.7,-260.9,44.6,46.4,3→4,93.0
98572,467,1,2,0,0,0.0,0,0,0.0,0.0,0.0,0.0,0.0,0,0,0,0,-256.3,0.0,45.4,0.0,1→2,93.2
98572,467,1,3,1,-74598,42.75,5431,8846,25.481,41.5049,41.4209,18.2497,-75.44,718610153524,718769908235,334170054808,334329798656,-256.3,-267.7,45.4,44.6,1→3,93.2
98572,467,1,4,1,-82469,47.26,4873,8648,22.863,40.5773,40.4343,18.8885,-69.84,719888189492,720047942820,118540191139,118699934720,-256.3,-260.9,45.4,46.4,1→4,93.2
98572,467,2,3,0,0,0.0,0,0,0.0,0.0,0.0,0.0,0.0,0,0,0,0,20.7,0.0,45.3,0.0,2→3,93.2
98572,467,2,4,0,0,0.0,0,0,0.0,0.0,0.0,0.0,0.0,0,0,0,0,20.7,0.0,45.3,0.0,2→4,93.2
98572,467,3,4,1,-8073,4.63,8379,8749,39.3123,41.0485,40.9895,3.6478,-78.33,339374161972,339533922449,122466226458,122625970176,-267.7,-260.9,44.6,46.4,3→4,93.2
98772,468,1,2,0,0,0.0,0,0,0.0,0.0,0.0,0.0,0.0,0,0,0,0,-256.3,0.0,45.4,0.0,1→2,93.4
98772,468,1,3,1,-74550,42.73,5431,8844,25.481,41.4946,41.4106,18.2394,-75.92,731389059124,731548813987,346949506048,347109250048,-256.3,-267.7,45.4,44.6,1→3,93.4
98772,468,1,4,1,-82421,47.24,4878,8651,22.8864,40.5905,40.4475,18.9017,-69.59,732666939444,732826693077,131319544956,131479288832,-256.3,-260.9,45.4,46.4,1→4,93.4
98772,468,2,3,0,0,0.0,0,0,0.0,0.0,0.0,0.0,0.0,0,0,0,0,20.7,0.0,45.3,0.0,2→3,93.4
98772,468,2,4,0,0,0.0,0,0,0.0,0.0,0.0,0.0,0.0,0,0,0,0,20.7,0.0,45.3,0.0,2→4,93.4
98772,468,3,4,1,-8094,4.64,8373,8744,39.2841,41.0248,40.9659,3.6241,-77.75,352148431924,352308192555,135240554612,135400298496,-267.7,-260.9,44.6,46.4,3→4,93.4
98972,469,1,2,0,0,0.0,0,0,0.0,0.0,0.0,0.0,0.0,0,0,0,0,-256.3,0.0,45.4,0.0,1→2,93.6
98972,469,1,3,1,-74476,42.68,5437,8846,25.5091,41.5044,41.4204,18.2492,-76.56,744167651892,744327406403,359728644459,359888388096,-256.3,-267.7,45.4,44.6,1→3,93.6
98972,469,1,4,1,-82564,47.32,4873,8652,22.863,40.5977,40.4347,18.8889,-68.93,745445754420,745605507834,144098963789,144258707456,-256.3,-260.9,45.4,46.4,1→4,93.6
98972,469,2,3,0,0,0.0,0,0,0.0,0.0,0.0,0.0,0.0,0,0,0,0,20.7,0.0,45.3,0.0,2→3,93.6
98972,469,2,4,0,0,0.0,0,0,0.0,0.0,0.0,0.0,0.0,0,0,0,0,20.7,0.0,45.3,0.0,2→4,93.6
98972,469,3,4,1,-8089,4.64,8375,8745,39.2935,41.0332,40.9742,3.6325,-77.18,364928878132,365088638381,148021059062,148180802560,-267.7,-260.9,44.6,46.4,3→4,93.6
99172,470,1,2,0,0,0.0,0,0,0.0,0.0,0.0,0.0,0.0,0,0,0,0,-256.3,0.0,45.4,0.0,1→2,93.8
99172,470,1,3,1,-74579,42.74,5431,8845,25.481,41.5008,41.3918,18.2206,-74.15,756946404404,757106159071,372507942596,372667686400,-256.3,-267.7,45.4,44.6,1→3,93.8
99172,470,1,4,1,-82525,47.3,4877,8654,22.8817,40.6058,40.4428,18.897,-68.8,758224439860,758384193552,156878253118,157037997056,-256.3,-260.9,45.4,46.4,1→4,93.8
99172,470,2,3,0,0,0.0,0,0,0.0,0.0,0.0,0.0,0.0,0,0,0,0,20.7,0.0,45.3,0.0,2→3,93.8
99172,470,2,4,0,0,0.0,0,0,0.0,0.0,0.0,0.0,0.0,0,0,0,0,20.7,0.0,45.3,0.0,2→4,93.8
99172,470,3,4,1,-8132,4.66,8370,8742,39.2701,41.0189,40.9349,3.5932,-76.93,377709931060,377869691418,160802170239,160961913856,-267.7,-260.9,44.6,46.4,3→4,93.8
99372,471,1,2,0,0,0.0,0,0,0.0,0.0,0.0,0.0,0.0,0,0,0,0,-256.3,0.0,45.4,0.0,1→2,94.0
99372,471,1,3,1,-74569,42.74,5430,8843,25.4763,41.4939,41.3849,18.2137,-74.75,769725154868,769884909676,385287238709,385446982656,-256.3,-267.7,45.4,44.6,1→3,94.0
99372,471,1,4,1,-82486,47.27,4870,8645,22.8489,40.5645,40.4215,18.8757,-69.17,771003189300,771162942727,169657606457,169817350144,-256.3,-260.9,45.4,46.4,1→4,94.0
99372,471,2,3,0,0,0.0,0,0,0.0,0.0,0.0,0.0,0.0,0,0,0,0,20.7,0.0,45.3,0.0,2→3,94.0
99372,471,2,4,0,0,0.0,0,0,0.0,0.0,0.0,0.0,0.0,0,0,0,0,20.7,0.0,45.3,0.0,2→4,94.0
99372,471,3,4,1,-8152,4.67,8373,8746,39.2841,41.0373,40.9533,3.6116,-76.79,390487632948,390647393420,173579930387,173739674112,-267.7,-260.9,44.6,46.4,3→4,94.0
99572,472,1,2,0,0,0.0,0,0,0.0,0.0,0.0,0.0,0.0,0,0,0,0,-256.3,0.0,45.4,0.0,1→2,94.2
99572,472,1,3,1,-74592,42.75,5431,8845,25.481,41.5012,41.3922,18.221,-74.75,782503904820,782663659257,398066534313,398226277888,-256.3,-267.7,45.4,44.6,1→3,94.2
99572,472,1,4,1,-82540,47.31,4874,8652,22.8677,40.5973,40.4343,18.8885,-68.95,783781908532,783941662193,182436929624,182596673536,-256.3,-260.9,45.4,46.4,1→4,94.2
99572,472,2,3,0,0,0.0,0,0,0.0,0.0,0.0,0.0,0.0,0,0,0,0,20.7,0.0,45.3,0.0,2→3,94.2
99572,472,2,4,0,0,0.0,0,0,0.0,0.0,0.0,0.0,0.0,0,0,0,0,20.7,0.0,45.3,0.0,2→4,94.2
99572,472,3,4,1,-8101,4.64,8368,8738,39.2607,41.0005,40.9415,3.5998,-77.08,403267014196,403426774748,186359369912,186519113728,-267.7,-260.9,44.6,46.4,3→4,94.2
99772,473,1,2,0,0,0.0,0,0,0.0,0.0,0.0,0.0,0.0,0,0,0,0,-256.3,0.0,45.4,0.0,1→2,94.4
99772,473,1,3,1,-74601,42.76,5427,8842,25.4622,41.4867,41.4027,18.2315,-75.52,795282655284,795442409839,410845830444,411005574144,-256.3,-267.7,45.4,44.6,1→3,94.4
99772,473,1,4,1,-82471,47.27,4878,8653,22.8864,40.6012,40.4582,18.9124,-69.41,796560234548,796719987912,195215859593,195375603200,-256.3,-260.9,45.4,46.4,1→4,94.4
99772,473,2,3,0,0,0.0,0,0,0.0,0.0,0.0,0.0,0.0,0,0,0,0,20.7,0.0,45.3,0.0,2→3,94.4
99772,473,2,4,0,0,0.0,0,0,0.0,0.0,0.0,0.0,0.0,0,0,0,0,20.7,0.0,45.3,0.0,2→4,94.4
99772,473,3,4,1,-8052,4.61,8375,8744,39.2935,41.0252,40.9662,3.6245,-78.39,416048888372,416208648978,199141302417,199301046272,-267.7,-260.9,44.6,46.4,3→4,94.4
99972,474,1,2,0,0,0.0,0,0,0.0,0.0,0.0,0.0,0.0,0,0,0,0,-256.3,0.0,45.4,0.0,1→2,94.6
99972,474,1,3,1,-74572,42.74,5433,8846,25.4904,41.5063,41.3973,18.2261,-73.76,808061405236,808221159922,423625126068,423784869888,-256.3,-267.7,45.4,44.6,1→3,94.6
99972,474,1,4,1,-82547,47.31,4880,8658,22.8958,40.6246,40.4616,18.9158,-68.1,809338984500,809498738028,207995213544,208154957312,-256.3,-260.9,45.4,46.4,1→4,94.6
99972,474,2,3,0,0,0.0,0,0,0.0,0.0,0.0,0.0,0.0,0,0,0,0,20.7,0.0,45.3,0.0,2→3,94.6
99972,474,2,4,0,0,0.0,0,0,0.0,0.0,0.0,0.0,0.0,0,0,0,0,20.7,0.0,45.3,0.0,2→4,94.6
99972,474,3,4,1,-8198,4.7,8370,8745,39.2701,41.0308,40.9718,3.6301,-77.37,428891857460,429051617801,211984330127,212144073728,-267.7,-260.9,44.6,46.4,3→4,94.6
100172,475,1,2,0,0,0.0,0,0,0.0,0.0,0.0,0.0,0.0,0,0,0,0,-256.3,0.0,45.4,0.0,1→2,94.8
100172,475,1,3,1,-74616,42.76,5422,8838,25.4387,41.4665,41.3575,18.1863,-74.41,820840155188,820999910000,436404421665,436564165632,-256.3,-267.7,45.4,44.6,1→3,94.8
100172,475,1,4,1,-82537,47.3,4876,8654,22.877,40.606,40.463,18.9172,-69.05,822117733940,822277487619,220774566986,220934310912,-256.3,-260.9,45.4,46.4,1→4,94.8
100172,475,2,3,0,0,0.0,0,0,0.0,0.0,0.0,0.0,0.0,0,0,0,0,20.7,0.0,45.3,0.0,2→3,94.8
100172,475,2,4,0,0,0.0,0,0,0.0,0.0,0.0,0.0,0.0,0,0,0,0,20.7,0.0,45.3,0.0,2→4,94.8
100172,475,3,4,1,-8111,4.65,8374,8745,39.2888,41.0308,40.9718,3.6301,-77.09,441603384884,441763145554,224695915598,224855659520,-267.7,-260.9,44.6,46.4,3→4,94.8
100372,476,1,2,0,0,0.0,0,0,0.0,0.0,0.0,0.0,0.0,0,0,0,0,-256.3,0.0,45.4,0.0,1→2,95.0
100372,476,1,3,1,-74683,42.8,5430,8848,25.4763,41.516,41.407,18.2358,-74.82,833618905652,833778660101,449183717787,449343461376,-256.3,-267.7,45.4,44.6,1→3,95.0
100372,476,1,4,1,-82461,47.26,4876,8650,22.877,40.5873,40.4443,18.8985,-69.84,834896941108,835056694400,233554378188,233714121728,-256.3,-260.9,45.4,46.4,1→4,95.0
100372,476,2,3,0,0,0.0,0,0,0.0,0.0,0.0,0.0,0.0,0,0,0,0,20.7,0.0,45.3,0.0,2→3,95.0
100372,476,2,4,0,0,0.0,0,0,0.0,0.0,0.0,0.0,0.0,0,0,0,0,20.7,0.0,45.3,0.0,2→4,95.0
100372,476,3,4,1,-8062,4.62,8371,8740,39.2748,41.0086,40.9496,3.6079,-78.63,454388159540,454547920187,237480748640,237640492544,-267.7,-260.9,44.6,46.4,3→4,95.0
100572,477,1,2,0,0,0.0,0,0,0.0,0.0,0.0,0.0,0.0,0,0,0,0,-256.3,0.0,45.4,0.0,1→2,95.2
100572,477,1,3,1,-74599,42.75,5433,8848,25.4904,41.5144,41.4054,18.2342,-74.41,846397655604,846557410196,461963013395,462122757120,-256.3,-267.7,45.4,44.6,1→3,95.2
100572,477,1,4,1,-82530,47.3,4872,8649,22.8583,40.5834,40.4204,18.8746,-68.8,847675691060,847835444494,246333732150,246493475840,-256.3,-260.9,45.4,46.4,1→4,95.2
100572,477,2,3,0,0,0.0,0,0,0.0,0.0,0.0,0.0,0.0,0,0,0,0,20.7,0.0,45.3,0.0,2→3,95.2
100572,477,2,4,0,0,0.0,0,0,0.0,0.0,0.0,0.0,0.0,0,0,0,0,20.7,0.0,45.3,0.0,2→4,95.2
100572,477,3,4,1,-8094,4.64,8382,8753,39.3264,41.0671,41.0081,3.6664,-77.24,467164885044,467324645721,250257532504,250417276416,-267.7,-260.9,44.6,46.4,3→4,95.2
100772,478,1,2,0,0,0.0,0,0,0.0,0.0,0.0,0.0,0.0,0,0,0,0,-256.3,0.0,45.4,0.0,1→2,95.4
100772,478,1,3,1,-74625,42.77,5438,8854,25.5138,41.5412,41.4322,18.261,-74.05,859176405556,859336160283,474742309013,474902052864,-256.3,-267.7,45.4,44.6,1→3,95.4
100772,478,1,4,1,-82564,47.32,4873,8652,22.863,40.5977,40.4547,18.9089,-69.49,860453985332,860613738920,259112630431,259272374272,-256.3,-260.9,45.4,46.4,1→4,95.4
100772,478,2,3,0,0,0.0,0,0,0.0,0.0,0.0,0.0,0.0,0,0,0,0,20.7,0.0,45.3,0.0,2→3,95.4
100772,478,2,4,0,0,0.0,0,0,0.0,0.0,0.0,0.0,0.0,0,0,0,0,20.7,0.0,45.3,0.0,2→4,95.4
100772,478,3,4,1,-8109,4.65,8373,8744,39.2841,41.0281,40.9971,3.6554,-79.31,479944453172,480104213841,263037158990,263196902912,-267.7,-260.9,44.6,46.4,3→4,95.4
100972,479,1,2,0,0,0.0,0,0,0.0,0.0,0.0,0.0,0.0,0,0,0,0,-256.3,0.0,45.4,0.0,1→2,95.6
100972,479,1,3,1,-74623,42.77,5431,8847,25.481,41.5102,41.4012,18.23,-73.8,871955155508,872114910320,487521604659,487681348608,-256.3,-267.7,45.4,44.6,1→3,95.6
100972,479,1,4,1,-82496,47.28,4872,8648,22.8583,40.5761,40.4131,18.8673,-68.85,873232735284,873392488975,271891984437,272051728384,-256.3,-260.9,45.4,46.4,1→4,95.6
100972,479,2,3,0,0,0.0,0,0,0.0,0.0,0.0,0.0,0.0,0,0,0,0,20.7,0.0,45.3,0.0,2→3,95.6
100972,479,2,4,0,0,0.0,0,0,0.0,0.0,0.0,0.0,0.0,0,0,0,0,20.7,0.0,45.3,0.0,2→4,95.6
100972,479,3,4,1,-8088,4.64,8368,8738,39.2607,41.0001,40.9691,3.6274,-79.18,492723209268,492882969936,275815973445,275975717376,-267.7,-260.9,44.6,46.4,3→4,95.6
101172,480,1,2,0,0,0.0,0,0,0.0,0.0,0.0,0.0,0.0,0,0,0,0,-256.3,0.0,45.4,0.0,1→2,95.8
101172,480,1,3,1,-74558,42.73,5429,8842,25.4716,41.4868,41.3778,18.2066,-73.83,884733905460,884893659818,500300900341,500460643840,-256.3,-267.7,45.4,44.6,1→3,95.8
101172,480,1,4,1,-82488,47.28,4876,8652,22.877,40.5931,40.4301,18.8843,-68.5,886011912244,886171665993,284671765507,284831509504,-256.3,-260.9,45.4,46.4,1→4,95.8
101172,480,2,3,0,0,0.0,0,0,0.0,0.0,0.0,0.0,0.0,0,0,0,0,20.7,0.0,45.3,0.0,2→3,95.8
101172,480,2,4,0,0,0.0,0,0,0.0,0.0,0.0,0.0,0.0,0,0,0,0,20.7,0.0,45.3,0.0,2→4,95.8
101172,480,3,4,1,-8098,4.64,8381,8752,39.3217,41.0632,41.0042,3.6625,-77.64,505499820596,505659581332,288592643099,288752387072,-267.7,-260.9,44.6,46.4,3→4,95.8
101372,481,1,2,0,0,0.0,0,0,0.0,0.0,0.0,0.0,0.0,0,0,0,0,-256.3,0.0,45.4,0.0,1→2,96.0
101372,481,1,3,1,-74586,42.75,5434,8848,25.495,41.514,41.405,18.2338,-74.15,897512655412,897672409797,513080196067,513239939584,-256.3,-267.7,45.4,44.6,1→3,96.0
101372,481,1,4,1,-82539,47.3,4870,8648,22.8489,40.5782,40.4152,18.8694,-68.51,898790233652,898949986955,297450690998,297610434560,-256.3,-260.9,45.4,46.4,1→4,96.0
101372,481,2,3,0,0,0.0,0,0,0.0,0.0,0.0,0.0,0.0,0,0,0,0,20.7,0.0,45.3,0.0,2→3,96.0
101372,481,2,4,0,0,0.0,0,0,0.0,0.0,0.0,0.0,0.0,0,0,0,0,20.7,0.0,45.3,0.0,2→4,96.0
101372,481,3,4,1,-8115,4.65,8375,8746,39.2935,41.0387,41.0077,3.666,-79.38,518280442420,518440202670,301373323253,301533066752,-267.7,-260.9,44.6,46.4,3→4,96.0
101572,482,1,2,0,0,0.0,0,0,0.0,0.0,0.0,0.0,0.0,0,0,0,0,-256.3,0.0,45.4,0.0,1→2,96.2
101572,482,1,3,1,-74566,42.74,5432,8845,25.4857,41.5003,41.3913,18.2201,-74.56,910291405364,910451159738,525859491818,526019235328,-256.3,-267.7,45.4,44.6,1→3,96.2
101572,482,1,4,1,-82573,47.32,4871,8651,22.8536,40.5902,40.4272,18.8814,-68.5,911569490484,911729243806,310230551973,310390295552,-256.3,-260.9,45.4,46.4,1→4,96.2
101572,482,2,3,0,0,0.0,0,0,0.0,0.0,0.0,0.0,0.0,0,0,0,0,20.7,0.0,45.3,0.0,2→3,96.2
101572,482,2,4,0,0,0.0,0,0,0.0,0.0,0.0,0.0,0.0,0,0,0,0,20.7,0.0,45.3,0.0,2→4,96.2
101572,482,3,4,1,-8161,4.68,8374,8747,39.2888,41.0416,40.9826,3.6409,-78.42,531061683252,531221443542,314154622410,314314365952,-267.7,-260.9,44.6,46.4,3→4,96.2
101772,483,1,2,0,0,0.0,0,0,0.0,0.0,0.0,0.0,0.0,0,0,0,0,-256.3,0.0,45.4,0.0,1→2,96.4
101772,483,1,3,1,-74650,42.78,5433,8850,25.4904,41.5254,41.4414,18.2702,-75.4,923070155316,923229910162,538638787605,538798531584,-256.3,-267.7,45.4,44.6,1→3,96.4
101772,483,1,4,1,-82543,47.31,4875,8654,22.8723,40.6026,40.4596,18.9138,-69.32,924348190772,924507944105,323009856418,323169600000,-256.3,-260.9,45.4,46.4,1→4,96.4
101772,483,2,3,0,0,0.0,0,0,0.0,0.0,0.0,0.0,0.0,0,0,0,0,20.7,0.0,45.3,0.0,2→3,96.4
101772,483,2,4,0,0,0.0,0,0,0.0,0.0,0.0,0.0,0.0,0,0,0,0,20.7,0.0,45.3,0.0,2→4,96.4
101772,483,3,4,1,-8118,4.65,8384,8756,39.3358,41.0816,41.0226,3.6809,-77.23,543840187956,543999948305,326933185444,327092929024,-267.7,-260.9,44.6,46.4,3→4,96.4
101972,484,1,2,0,0,0.0,0,0,0.0,0.0,0.0,0.0,0.0,0,0,0,0,-256.3,0.0,45.4,0.0,1→2,96.6
101972,484,1,3,1,-74627,42.77,5435,8851,25.4997,41.5299,41.4209,18.2497,-74.48,935848905268,936008660063,551418083404,551577827328,-256.3,-267.7,45.4,44.6,1→3,96.6
101972,484,1,4,1,-82576,47.33,4874,8654,22.8677,40.605,40.442,18.8962,-68.37,937126939700,937286693010,335789209527,335948953088,-256.3,-260.9,45.4,46.4,1→4,96.6
101972,484,2,3,0,0,0.0,0,0,0.0,0.0,0.0,0.0,0.0,0,0,0,0,20.7,0.0,45.3,0.0,2→3,96.6
101972,484,2,4,0,0,0.0,0,0,0.0,0.0,0.0,0.0,0.0,0,0,0,0,20.7,0.0,45.3,0.0,2→4,96.6
101972,484,3,4,1,-8191,4.69,8383,8757,39.3311,41.0902,41.0312,3.6895,-77.34,556618015284,556777775673,339711071097,339870814720,-267.7,-260.9,44.6,46.4,3→4,96.6
102172,485,1,2,0,0,0.0,0,0,0.0,0.0,0.0,0.0,0.0,0,0,0,0,-256.3,0.0,45.4,0.0,1→2,96.8
102172,485,1,3,1,-74597,42.75,5438,8852,25.5138,41.5351,41.4511,18.2799,-76.81,948627654708,948787409420,564197378724,564357122560,-256.3,-267.7,45.4,44.6,1→3,96.8
102172,485,1,4,1,-82580,47.33,4878,8658,22.8864,40.6222,40.4592,18.9134,-68.48,949905658420,950065411690,348568532454,348728275968,-256.3,-260.9,45.4,46.4,1→4,96.8
102172,485,2,3,0,0,0.0,0,0,0.0,0.0,0.0,0.0,0.0,0,0,0,0,20.7,0.0,45.3,0.0,2→3,96.8
102172,485,2,4,0,0,0.0,0,0,0.0,0.0,0.0,0.0,0.0,0,0,0,0,20.7,0.0,45.3,0.0,2→4,96.8
102172,485,3,4,1,-8094,4.64,8371,8742,39.2748,41.0155,40.9565,3.6148,-78.27,569399876660,569559637036,352492990831,352652734464,-267.7,-260.9,44.6,46.4,3→4,96.8
102372,486,1,2,0,0,0.0,0,0,0.0,0.0,0.0,0.0,0.0,0,0,0,0,-256.3,0.0,45.4,0.0,1→2,97.0
102372,486,1,3,1,-74594,42.75,5429,8843,25.4716,41.4923,41.3833,18.2121,-74.78,961406404148,961566158793,576976674005,577136417792,-256.3,-267.7,45.4,44.6,1→3,97.0
102372,486,1,4,1,-82495,47.28,4877,8653,22.8817,40.6017,40.4387,18.8929,-68.75,962684408372,962844162089,361347886630,361507630592,-256.3,-260.9,45.4,46.4,1→4,97.0
102372,486,2,3,0,0,0.0,0,0,0.0,0.0,0.0,0.0,0.0,0,0,0,0,20.7,0.0,45.3,0.0,2→3,97.0
102372,486,2,4,0,0,0.0,0,0,0.0,0.0,0.0,0.0,0.0,0,0,0,0,20.7,0.0,45.3,0.0,2→4,97.0
102372,486,3,4,1,-8123,4.66,8381,8752,39.3217,41.0663,41.0353,3.6936,-79.45,582177983028,582337743435,365271155555,365430899200,-267.7,-260.9,44.6,46.4,3→4,97.0
102572,487,1,2,0,0,0.0,0,0,0.0,0.0,0.0,0.0,0.0,0,0,0,0,-256.3,0.0,45.4,0.0,1→2,97.2
102572,487,1,3,1,-74603,42.76,5429,8844,25.4716,41.4965,41.4125,18.2413,-75.72,974185154612,974344909193,589755970326,589915714048,-256.3,-267.7,45.4,44.6,1→3,97.2
102572,487,1,4,1,-82554,47.31,4868,8647,22.8395,40.5721,40.4091,18.8633,-68.8,975463052852,975622806492,374127135329,374286879232,-256.3,-260.9,45.4,46.4,1→4,97.2
102572,487,2,3,0,0,0.0,0,0,0.0,0.0,0.0,0.0,0.0,0,0,0,0,20.7,0.0,45.3,0.0,2→3,97.2
102572,487,2,4,0,0,0.0,0,0,0.0,0.0,0.0,0.0,0.0,0,0,0,0,20.7,0.0,45.3,0.0,2→4,97.2
102572,487,3,4,1,-8143,4.67,8371,8743,39.2748,41.0236,40.9646,3.6229,-78.3,594955943476,595115703853,378049174381,378208918016,-267.7,-260.9,44.6,46.4,3→4,97.2
102772,488,1,2,0,0,0.0,0,0,0.0,0.0,0.0,0.0,0.0,0,0,0,0,-256.3,0.0,45.4,0.0,1→2,97.4
102772,488,1,3,1,-74636,42.78,5427,8843,25.4622,41.4919,41.4079,18.2367,-75.43,986964058164,987123812677,602535419733,602695163392,-256.3,-267.7,45.4,44.6,1→3,97.4
102772,488,1,4,1,-82597,47.34,4869,8650,22.8442,40.586,40.443,18.8972,-69.52,988241907764,988401661307,386906594500,387066338304,-256.3,-260.9,45.4,46.4,1→4,97.4
102772,488,2,3,0,0,0.0,0,0,0.0,0.0,0.0,0.0,0.0,0,0,0,0,20.7,0.0,45.3,0.0,2→3,97.4
102772,488,2,4,0,0,0.0,0,0,0.0,0.0,0.0,0.0,0.0,0,0,0,0,20.7,0.0,45.3,0.0,2→4,97.4
102772,488,3,4,1,-8131,4.66,8370,8742,39.2701,41.0164,40.9574,3.6157,-77.72,607739068468,607898828800,390832357784,390992101376,-267.7,-260.9,44.6,46.4,3→4,97.4
102972,489,1,2,0,0,0.0,0,0,0.0,0.0,0.0,0.0,0.0,0,0,0,0,-256.3,0.0,45.4,0.0,1→2,97.6
102972,489,1,3,1,-74554,42.73,5431,8843,25.481,41.493,41.409,18.2378,-75.01,999742654004,999902408459,615314561431,615474305024,-256.3,-267.7,45.4,44.6,1→3,97.6
102972,489,1,4,1,-82569,47.32,4871,8650,22.8536,40.5871,40.444,18.8983,-69.73,1001020689460,1001180442899,399685980463,399845724160,-256.3,-260.9,45.4,46.4,1→4,97.6
102972,489,2,3,0,0,0.0,0,0,0.0,0.0,0.0,0.0,0.0,0,0,0,0,20.7,0.0,46.3,0.0,2→3,97.6
102972,489,2,4,0,0,0.0,0,0,0.0,0.0,0.0,0.0,0.0,0,0,0,0,20.7,0.0,46.3,0.0,2→4,97.6
102972,489,3,4,1,-8145,4.67,8372,8744,39.2794,41.0288,40.9698,3.6281,-78.53,620514389556,620674149862,403607737270,403767480832,-267.7,-260.9,44.6,46.4,3→4,97.6
103172,490,1,2,0,0,0.0,0,0,0.0,0.0,0.0,0.0,0.0,0,0,0,0,-256.3,0.0,45.4,0.0,1→2,97.8
103172,490,1,3,1,-74595,42.75,5440,8855,25.5232,41.5464,41.4374,18.2662,-74.19,1012521403444,1012681157836,628093856745,628253600256,-256.3,-267.7,45.4,44.6,1→3,97.8
103172,490,1,4,1,-82583,47.33,4872,8652,22.8583,40.5971,40.4341,18.8883,-68.6,1013799438388,1013959191701,412465333680,412625077248,-256.3,-260.9,45.4,46.4,1→4,97.8
103172,490,2,3,0,0,0.0,0,0,0.0,0.0,0.0,0.0,0.0,0,0,0,0,20.7,0.0,46.3,0.0,2→3,97.8
103172,490,2,4,0,0,0.0,0,0,0.0,0.0,0.0,0.0,0.0,0,0,0,0,20.7,0.0,46.3,0.0,2→4,97.8
103172,490,3,4,1,-8134,4.66,8375,8747,39.2935,41.0405,40.9815,3.6398,-77.59,633295477812,633455238556,416388883974,416548627968,-267.7,-260.9,44.6,46.4,3→4,97.8
103372,491,1,2,0,0,0.0,0,0,0.0,0.0,0.0,0.0,0.0,0,0,0,0,-256.3,0.0,45.4,0.0,1→2,98.0
103372,491,1,3,1,-74596,42.75,5434,8848,25.495,41.5162,41.4072,18.236,-74.45,1025300153396,1025459908232,640873152544,641032896512,-256.3,-267.7,45.4,44.6,1→3,98.0
103372,491,1,4,1,-82498,47.28,4871,8647,22.8536,40.5742,40.4112,18.8654,-68.68,1026578051636,1026737805325,425244551222,425404295168,-256.3,-260.9,45.4,46.4,1→4,98.0
103372,491,2,3,0,0,0.0,0,0,0.0,0.0,0.0,0.0,0.0,0,0,0,0,20.7,0.0,46.3,0.0,2→3,98.0
103372,491,2,4,0,0,0.0,0,0,0.0,0.0,0.0,0.0,0.0,0,0,0,0,20.7,0.0,46.3,0.0,2→4,98.0
103372,491,3,4,1,-8112,4.65,8383,8754,39.3311,41.0733,40.9893,3.6476,-76.26,646075713076,646235473750,429169177692,429328921600,-267.7,-260.9,44.6,46.4,3→4,98.0
103572,492,1,2,0,0,0.0,0,0,0.0,0.0,0.0,0.0,0.0,0,0,0,0,-256.3,0.0,45.4,0.0,1→2,98.2
103572,492,1,3,1,-74570,42.74,5436,8849,25.5044,41.52,41.436,18.2648,-75.09,1038078902836,1038238657611,653652447841,653812191744,-256.3,-267.7,45.4,44.6,1→3,98.2
103572,492,1,4,1,-82523,47.3,4869,8646,22.8442,40.5678,40.4048,18.859,-68.85,1039356935220,1039516688733,438024039137,438183782912,-256.3,-260.9,45.4,46.4,1→4,98.2
103572,492,2,3,0,0,0.0,0,0,0.0,0.0,0.0,0.0,0.0,0,0,0,0,20.7,0.0,45.3,0.0,2→3,98.2
103572,492,2,4,0,0,0.0,0,0,0.0,0.0,0.0,0.0,0.0,0,0,0,0,20.7,0.0,45.3,0.0,2→4,98.2
103572,492,3,4,1,-8165,4.68,8376,8750,39.2982,41.0542,40.9702,3.6285,-76.55,658853246516,659013007079,441946769598,442106513408,-267.7,-260.9,44.6,46.4,3→4,98.2
103772,493,1,2,0,0,0.0,0,0,0.0,0.0,0.0,0.0,0.0,0,0,0,0,-256.3,0.0,45.4,0.0,1→2,98.4
103772,493,1,3,1,-74585,42.75,5430,8844,25.4763,41.495,41.386,18.2148,-74.56,1050857652788,1051017407472,666431743664,666591487488,-256.3,-267.7,45.4,44.6,1→3,98.4
103772,493,1,4,1,-82586,47.33,4871,8651,22.8536,40.593,40.43,18.8842,-67.91,1052135687220,1052295440535,450803395500,450963139072,-256.3,-260.9,45.4,46.4,1→4,98.4
103772,493,2,3,0,0,0.0,0,0,0.0,0.0,0.0,0.0,0.0,0,0,0,0,20.7,0.0,45.3,0.0,2→3,98.4
103772,493,2,4,0,0,0.0,0,0,0.0,0.0,0.0,0.0,0.0,0,0,0,0,20.7,0.0,45.3,0.0,2→4,98.4
103772,493,3,4,1,-8182,4.69,8377,8751,39.3029,41.0602,41.0012,3.6595,-77.82,671633785396,671793545825,454727366981,454887110656,-267.7,-260.9,44.6,46.4,3→4,98.4
103972,494,1,2,0,0,0.0,0,0,0.0,0.0,0.0,0.0,0.0,0,0,0,0,-256.3,0.0,45.4,0.0,1→2,98.6
103972,494,1,3,1,-74632,42.77,5424,8840,25.4481,41.4793,41.3703,18.1991,-74.3,1063636402228,1063796156816,679211038981,679370782720,-256.3,-267.7,45.4,44.6,1→3,98.6
103972,494,1,4,1,-82658,47.37,4873,8656,22.863,40.6156,40.4526,18.9068,-68.43,1064913981492,1065073735106,463582294148,463742038016,-256.3,-260.9,45.4,46.4,1→4,98.6
103972,494,2,3,0,0,0.0,0,0,0.0,0.0,0.0,0.0,0.0,0,0,0,0,20.7,0.0,45.3,0.0,2→3,98.6
103972,494,2,4,0,0,0.0,0,0,0.0,0.0,0.0,0.0,0.0,0,0,0,0,20.7,0.0,45.3,0.0,2→4,98.6
103972,494,3,4,1,-8131,4.66,8378,8750,39.3076,41.0539,40.9949,3.6532,-77.64,684412256820,684572017107,467505896917,467665640448,-267.7,-260.9,44.6,46.4,3→4,98.6
104172,495,1,2,0,0,0.0,0,0,0.0,0.0,0.0,0.0,0.0,0,0,0,0,-256.3,0.0,45.4,0.0,1→2,98.8
104172,495,1,3,1,-74576,42.74,5434,8847,25.495,41.5118,41.4028,18.2316,-74.6,1076415151668,1076574906167,691990334321,692150077952,-256.3,-267.7,45.4,44.6,1→3,98.8
104172,495,1,4,1,-82486,47.27,4870,8646,22.8489,40.5669,40.4239,18.8781,-69.68,1077693155380,1077852908714,476362072471,476521816064,-256.3,-260.9,45.4,46.4,1→4,98.8
104172,495,2,3,0,0,0.0,0,0,0.0,0.0,0.0,0.0,0.0,0,0,0,0,20.7,0.0,45.3,0.0,2→3,98.8
104172,495,2,4,0,0,0.0,0,0,0.0,0.0,0.0,0.0,0.0,0,0,0,0,20.7,0.0,45.3,0.0,2→4,98.8
104172,495,3,4,1,-8196,4.7,8369,8744,39.2654,41.028,40.969,3.6273,-77.37,697188673588,697348434231,480282372192,480442116096,-267.7,-260.9,44.6,46.4,3→4,98.8
104372,496,1,2,0,0,0.0,0,0,0.0,0.0,0.0,0.0,0.0,0,0,0,0,-256.3,0.0,45.4,0.0,1→2,99.0
104372,496,1,3,1,-74629,42.77,5434,8850,25.495,41.5232,41.4142,18.243,-74.45,1089193901108,1089353655512,704769629648,704929373184,-256.3,-267.7,45.4,44.6,1→3,99.0
104372,496,1,4,1,-82637,47.36,4869,8651,22.8442,40.5923,40.4293,18.8835,-68.46,1090471479860,1090631233454,489141001360,489300745216,-256.3,-260.9,45.4,46.4,1→4,99.0
104372,496,2,3,0,0,0.0,0,0,0.0,0.0,0.0,0.0,0.0,0,0,0,0,20.7,0.0,45.3,0.0,2→3,99.0
104372,496,2,4,0,0,0.0,0,0,0.0,0.0,0.0,0.0,0.0,0,0,0,0,20.7,0.0,45.3,0.0,2→4,99.0
104372,496,3,4,1,-8140,4.67,8371,8744,39.2748,41.0253,40.9943,3.6526,-79.43,709970490932,710130251360,493064248123,493223991808,-267.7,-260.9,44.6,46.4,3→4,99.0
104572,497,1,2,0,0,0.0,0,0,0.0,0.0,0.0,0.0,0.0,0,0,0,0,-256.3,0.0,45.4,0.0,1→2,99.2
104572,497,1,3,1,-74573,42.74,5429,8842,25.4716,41.4878,41.3788,18.2076,-74.23,2461023284,2620778129,717548925453,717708669440,-256.3,-267.7,45.4,44.6,1→3,99.2
104572,497,1,4,1,-82565,47.32,4869,8649,22.8442,40.5791,40.4361,18.8903,-69.13,3739108916,3898862196,501920862667,502080606208,-256.3,-260.9,45.4,46.4,1→4,99.2
104572,497,2,3,0,0,0.0,0,0,0.0,0.0,0.0,0.0,0.0,0,0,0,0,20.7,0.0,45.3,0.0,2→3,99.2
104572,497,2,4,0,0,0.0,0,0,0.0,0.0,0.0,0.0,0.0,0,0,0,0,20.7,0.0,45.3,0.0,2→4,99.2
104572,497,3,4,1,-8132,4.66,8370,8742,39.2701,41.0166,40.9576,3.6159,-78.16,722750747700,722910508404,505844563492,506004307456,-267.7,-260.9,44.6,46.4,3→4,99.2
104772,498,1,2,0,0,0.0,0,0,0.0,0.0,0.0,0.0,0.0,0,0,0,0,-256.3,0.0,45.4,0.0,1→2,99.4
104772,498,1,3,1,-74572,42.74,5434,8848,25.495,41.5134,41.4294,18.2582,-75.05,15239772724,15399527497,730328220768,730487964672,-256.3,-267.7,45.4,44.6,1→3,99.4
104772,498,1,4,1,-82627,47.36,4871,8653,22.8536,40.6019,40.4589,18.9131,-69.0,16517670964,16677424441,514700029194,514859772928,-256.3,-260.9,45.4,46.4,1→4,99.4
104772,498,2,3,0,0,0.0,0,0,0.0,0.0,0.0,0.0,0.0,0,0,0,0,20.7,0.0,46.3,0.0,2→3,99.4
104772,498,2,4,0,0,0.0,0,0,0.0,0.0,0.0,0.0,0.0,0,0,0,0,20.7,0.0,46.3,0.0,2→4,99.4
104772,498,3,4,1,-8172,4.68,8373,8747,39.2841,41.0416,40.9826,3.6409,-77.83,735525889588,735685650060,518619763987,518779507712,-267.7,-260.9,44.6,46.4,3→4,99.4
104972,499,1,2,0,0,0.0,0,0,0.0,0.0,0.0,0.0,0.0,0,0,0,0,-256.3,0.0,45.4,0.0,1→2,99.6
104972,499,1,3,1,-74613,42.76,5433,8849,25.4904,41.5175,41.4335,18.2623,-76.01,28018522164,28178276871,743107516064,743267259904,-256.3,-267.7,45.4,44.6,1→3,99.6
104972,499,1,4,1,-82625,47.35,4875,8657,22.8723,40.6202,40.4572,18.9114,-68.65,29296420404,29456174064,527479383131,527639127040,-256.3,-260.9,45.4,46.4,1→4,99.6
104972,499,2,3,0,0,0.0,0,0,0.0,0.0,0.0,0.0,0.0,0,0,0,0,20.7,0.0,46.3,0.0,2→3,99.6
104972,499,2,4,0,0,0.0,0,0,0.0,0.0,0.0,0.0,0.0,0,0,0,0,20.7,0.0,46.3,0.0,2→4,99.6
104972,499,3,4,1,-8217,4.71,8381,8757,39.3217,41.0888,41.0048,3.6631,-76.34,748307984948,748467745652,531401918011,531561661952,-267.7,-260.9,44.6,46.4,3→4,99.6
105172,500,1,2,0,0,0.0,0,0,0.0,0.0,0.0,0.0,0.0,0,0,0,0,-256.3,0.0,45.4,0.0,1→2,99.8
105172,500,1,3,1,-74640,42.78,5432,8848,25.4857,41.5162,41.4072,18.236,-74.26,40797271604,40957026229,755886811375,756046555136,-256.3,-267.7,45.4,44.6,1→3,99.8
105172,500,1,4,1,-82586,47.33,4870,8650,22.8489,40.586,40.423,18.8772,-68.38,42075169844,42234923124,540258737100,540418480640,-256.3,-260.9,45.4,46.4,1→4,99.8
105172,500,2,3,0,0,0.0,0,0,0.0,0.0,0.0,0.0,0.0,0,0,0,0,20.7,0.0,46.3,0.0,2→3,99.8
105172,500,2,4,0,0,0.0,0,0,0.0,0.0,0.0,0.0,0.0,0,0,0,0,20.7,0.0,46.3,0.0,2→4,99.8
105172,500,3,4,1,-8145,4.67,8378,8750,39.3076,41.0569,40.9979,3.6562,-77.58,761089649716,761249410119,544183641441,544343385088,-267.7,-260.9,44.6,46.4,3→4,99.8
105372,501,1,2,0,0,0.0,0,0,0.0,0.0,0.0,0.0,0.0,0,0,0,0,-256.3,0.0,45.4,0.0,1→2,100.0
105372,501,1,3,1,-74641,42.78,5435,8852,25.4997,41.5328,41.4238,18.2526,-74.71,53576021044,53735775562,768666106721,768825850368,-256.3,-267.7,45.4,44.6,1→3,100.0
105372,501,1,4,1,-82584,47.33,4871,8651,22.8536,40.5926,40.4496,18.9038,-69.57,54854056500,55013809863,553038228348,553197971968,-256.3,-260.9,45.4,46.4,1→4,100.0
105372,501,2,3,0,0,0.0,0,0,0.0,0.0,0.0,0.0,0.0,0,0,0,0,20.7,0.0,46.3,0.0,2→3,100.0
105372,501,2,4,0,0,0.0,0,0,0.0,0.0,0.0,0.0,0.0,0,0,0,0,20.7,0.0,46.3,0.0,2→4,100.0
105372,501,3,4,1,-8195,4.7,8377,8752,39.3029,41.063,41.004,3.6623,-77.54,773865025076,774024785695,556959075463,557118819328,-267.7,-260.9,44.6,46.4,3→4,100.0
105572,502,1,2,0,0,0.0,0,0,0.0,0.0,0.0,0.0,0.0,0,0,0,0,-256.3,0.0,45.4,0.0,1→2,100.2
105572,502,1,3,1,-74613,42.76,5430,8845,25.4763,41.501,41.417,18.2458,-75.17,66354770484,66514524834,781445402110,781605145600,-256.3,-267.7,45.4,44.6,1→3,100.2
105572,502,1,4,1,-82603,47.34,4874,8655,22.8677,40.6108,40.4478,18.902,-68.25,67632805428,67792558821,565817581924,565977325568,-256.3,-260.9,45.4,46.4,1→4,100.2
105572,502,2,3,0,0,0.0,0,0,0.0,0.0,0.0,0.0,0.0,0,0,0,0,20.7,0.0,46.3,0.0,2→3,100.2
105572,502,2,4,0,0,0.0,0,0,0.0,0.0,0.0,0.0,0.0,0,0,0,0,20.7,0.0,46.3,0.0,2→4,100.2
105572,502,3,4,1,-8149,4.67,8367,8740,39.256,41.0085,40.9495,3.6078,-77.71,786644857396,786804617687,569738966460,569898710016,-267.7,-260.9,44.6,46.4,3→4,100.2
105772,503,1,2,0,0,0.0,0,0,0.0,0.0,0.0,0.0,0.0,0,0,0,0,-256.3,0.0,45.4,0.0,1→2,100.4
105772,503,1,3,1,-74609,42.76,5430,8845,25.4763,41.5025,41.3935,18.2223,-74.75,79133519924,79293274586,794224697543,794384441344,-256.3,-267.7,45.4,44.6,1→3,100.4
105772,503,1,4,1,-82605,47.34,4865,8646,22.8254,40.5666,40.4236,18.8778,-69.59,80411555380,80571308752,578596936550,578756680192,-256.3,-260.9,45.4,46.4,1→4,100.4
105772,503,2,3,0,0,0.0,0,0,0.0,0.0,0.0,0.0,0.0,0,0,0,0,20.7,0.0,46.3,0.0,2→3,100.4
105772,503,2,4,0,0,0.0,0,0,0.0,0.0,0.0,0.0,0.0,0,0,0,0,20.7,0.0,46.3,0.0,2→4,100.4
105772,503,3,4,1,-8142,4.67,8365,8737,39.2466,40.9953,40.9643,3.6226,-79.04,799427355700,799587116153,582521523477,582681267200,-267.7,-260.9,44.6,46.4,3→4,100.4
105972,504,1,2,0,0,0.0,0,0,0.0,0.0,0.0,0.0,0.0,0,0,0,0,-256.3,0.0,45.4,0.0,1→2,100.6
105972,504,1,3,1,-74627,42.77,5430,8846,25.4763,41.5064,41.4224,18.2512,-76.13,91912269364,92072023810,807003992991,807163736576,-256.3,-267.7,45.4,44.6,1→3,100.6
105972,504,1,4,1,-82582,47.33,4869,8649,22.8442,40.5804,40.4174,18.8717,-68.78,93190303284,93350056614,591376289176,591536032768,-256.3,-260.9,45.4,46.4,1→4,100.6
105972,504,2,3,0,0,0.0,0,0,0.0,0.0,0.0,0.0,0.0,0,0,0,0,20.7,0.0,46.3,0.0,2→3,100.6
105972,504,2,4,0,0,0.0,0,0,0.0,0.0,0.0,0.0,0.0,0,0,0,0,20.7,0.0,46.3,0.0,2→4,100.6
105972,504,3,4,1,-8218,4.71,8377,8753,39.3029,41.0702,41.0112,3.6695,-77.52,812204749364,812364510007,595298975856,595458719744,-267.7,-260.9,44.6,46.4,3→4,100.6
106172,505,1,2,0,0,0.0,0,0,0.0,0.0,0.0,0.0,0.0,0,0,0,0,-256.3,0.0,45.4,0.0,1→2,100.8
106172,505,1,3,1,-74596,42.75,5425,8840,25.4528,41.4763,41.3923,18.2211,-75.88,104691018292,104850773009,819783287942,819943031808,-256.3,-267.7,45.4,44.6,1→3,100.8
106172,505,1,4,1,-82553,47.31,4870,8648,22.8489,40.5789,40.4359,18.8901,-69.24,105968916532,106128669793,604155507167,604315250688,-256.3,-260.9,45.4,46.4,1→4,100.8
106172,505,2,3,0,0,0.0,0,0,0.0,0.0,0.0,0.0,0.0,0,0,0,0,20.7,0.0,46.3,0.0,2→3,100.8
106172,505,2,4,0,0,0.0,0,0,0.0,0.0,0.0,0.0,0.0,0,0,0,0,20.7,0.0,46.3,0.0,2→4,100.8
106172,505,3,4,1,-8150,4.67,8374,8747,39.2888,41.0392,40.9802,3.6385,-78.54,824982509620,825142269915,608076794821,608236538368,-267.7,-260.9,44.6,46.4,3→4,100.8
106372,506,1,2,0,0,0.0,0,0,0.0,0.0,0.0,0.0,0.0,0,0,0,0,-256.3,0.0,45.4,0.0,1→2,101.0
106372,506,1,3,1,-74678,42.8,5431,8849,25.481,41.522,41.413,18.2418,-74.82,117469767732,117629522221,832562583414,832722327040,-256.3,-267.7,45.4,44.6,1→3,101.0
106372,506,1,4,1,-82576,47.33,4869,8649,22.8442,40.5815,40.4185,18.8727,-68.34,118747346996,118907100699,616934542372,617094286336,-256.3,-260.9,45.4,46.4,1→4,101.0
106372,506,2,3,0,0,0.0,0,0,0.0,0.0,0.0,0.0,0.0,0,0,0,0,20.7,0.0,46.3,0.0,2→3,101.0
106372,506,2,4,0,0,0.0,0,0,0.0,0.0,0.0,0.0,0.0,0,0,0,0,20.7,0.0,46.3,0.0,2→4,101.0
106372,506,3,4,1,-8256,4.73,8374,8751,39.2888,41.062,41.003,3.6613,-77.8,837767163444,837926923856,620861507408,621021251072,-267.7,-260.9,44.6,46.4,3→4,101.0
106572,507,1,2,0,0,0.0,0,0,0.0,0.0,0.0,0.0,0.0,0,0,0,0,-256.3,0.0,45.4,0.0,1→2,101.2
106572,507,1,3,1,-74569,42.74,5429,8842,25.4716,41.4893,41.4053,18.2341,-75.13,130248517172,130408271946,845341878869,845501622784,-256.3,-267.7,45.4,44.6,1→3,101.2
106572,507,1,4,1,-82614,47.35,4869,8650,22.8442,40.5873,40.4244,18.8786,-68.6,131526552628,131686306214,629714352792,629874096640,-256.3,-260.9,45.4,46.4,1→4,101.2
106572,507,2,3,0,0,0.0,0,0,0.0,0.0,0.0,0.0,0.0,0,0,0,0,20.7,0.0,46.3,0.0,2→3,101.2
106572,507,2,4,0,0,0.0,0,0,0.0,0.0,0.0,0.0,0.0,0,0,0,0,20.7,0.0,46.3,0.0,2→4,101.2
106572,507,3,4,1,-8218,4.71,8372,8748,39.2794,41.0468,40.9878,3.6461,-78.67,850542329396,850702089950,633636732095,633796475904,-267.7,-260.9,44.6,46.4,3→4,101.2
106772,508,1,2,0,0,0.0,0,0,0.0,0.0,0.0,0.0,0.0,0,0,0,0,-256.3,0.0,45.4,0.0,1→2,101.4
106772,508,1,3,1,-74646,42.78,5436,8853,25.5044,41.5363,41.4523,18.2811,-76.21,143027266100,143187020632,858121173844,858280917504,-256.3,-267.7,45.4,44.6,1→3,101.4
106772,508,1,4,1,-82650,47.37,4867,8650,22.8348,40.5857,40.4227,18.8769,-68.06,144305164340,144464917805,642493569293,642653313024,-256.3,-260.9,45.4,46.4,1→4,101.4
106772,508,2,3,0,0,0.0,0,0,0.0,0.0,0.0,0.0,0.0,0,0,0,0,20.7,0.0,46.3,0.0,2→3,101.4
106772,508,2,4,0,0,0.0,0,0,0.0,0.0,0.0,0.0,0.0,0,0,0,0,20.7,0.0,46.3,0.0,2→4,101.4
106772,508,3,4,1,-8125,4.66,8373,8745,39.2841,41.0315,40.9475,3.6058,-76.95,863322758196,863482518863,646417219664,646576963584,-267.7,-260.9,44.6,46.4,3→4,101.4
106972,509,1,2,0,0,0.0,0,0,0.0,0.0,0.0,0.0,0.0,0,0,0,0,-256.3,0.0,45.4,0.0,1→2,101.6
106972,509,1,3,1,-74631,42.77,5430,8846,25.4763,41.5049,41.4209,18.2497,-75.32,155806015540,155965770325,870900469323,871060213248,-256.3,-267.7,45.4,44.6,1→3,101.6
106972,509,1,4,1,-82599,47.34,4872,8653,22.8583,40.6005,40.4575,18.9117,-69.27,157084050996,157243804305,655273060788,655432804352,-256.3,-260.9,45.4,46.4,1→4,101.6
106972,509,2,3,0,0,0.0,0,0,0.0,0.0,0.0,0.0,0.0,0,0,0,0,20.7,0.0,46.3,0.0,2→3,101.6
106972,509,2,4,0,0,0.0,0,0,0.0,0.0,0.0,0.0,0.0,0,0,0,0,20.7,0.0,46.3,0.0,2→4,101.6
106972,509,3,4,1,-8210,4.71,8376,8752,39.2982,41.0638,41.0048,3.6631,-78.34,876103918644,876263678890,659198438907,659358182400,-267.7,-260.9,44.6,46.4,3→4,101.6
107172,510,1,2,0,0,0.0,0,0,0.0,0.0,0.0,0.0,0.0,0,0,0,0,-256.3,0.0,45.4,0.0,1→2,101.8
107172,510,1,3,1,-74644,42.78,5431,8848,25.481,41.5147,41.4057,18.2345,-74.78,168584764468,168744518990,883679764309,883839507968,-256.3,-267.7,45.4,44.6,1→3,101.8
107172,510,1,4,1,-82624,47.35,4868,8650,22.8395,40.5848,40.4218,18.876,-68.91,169862799412,170022553064,668052414036,668212157952,-256.3,-260.9,45.4,46.4,1→4,101.8
107172,510,2,3,0,0,0.0,0,0,0.0,0.0,0.0,0.0,0.0,0,0,0,0,20.7,0.0,46.3,0.0,2→3,101.8
107172,510,2,4,0,0,0.0,0,0,0.0,0.0,0.0,0.0,0.0,0,0,0,0,20.7,0.0,46.3,0.0,2→4,101.8
107172,510,3,4,1,-8149,4.67,8375,8748,39.2935,41.046,40.987,3.6453,-77.94,888881235508,889040995862,671975814541,672135558144,-267.7,-260.9,44.6,46.4,3→4,101.8
107372,511,1,2,0,0,0.0,0,0,0.0,0.0,0.0,0.0,0.0,0,0,0,0,-256.3,0.0,45.4,0.0,1→2,102.0
107372,511,1,3,1,-74612,42.76,5441,8856,25.5279,41.5548,41.4708,18.2996,-75.52,181363513908,181523268675,896459059828,896618803712,-256.3,-267.7,45.4,44.6,1→3,102.0
107372,511,1,4,1,-82657,47.37,4869,8652,22.8442,40.5966,40.4336,18.8878,-68.85,182641549364,182801302812,680831768866,680991512576,-256.3,-260.9,45.4,46.4,1→4,102.0
107372,511,2,3,0,0,0.0,0,0,0.0,0.0,0.0,0.0,0.0,0,0,0,0,20.7,0.0,46.3,0.0,2→3,102.0
107372,511,2,4,0,0,0.0,0,0,0.0,0.0,0.0,0.0,0.0,0,0,0,0,20.7,0.0,46.3,0.0,2→4,102.0
107372,511,3,4,1,-8141,4.67,8377,8749,39.3029,41.0514,40.9924,3.6507,-78.55,901659902516,901819662933,684754540369,684914284032,-267.7,-260.9,44.6,46.4,3→4,102.0
107572,512,1,2,0,0,0.0,0,0,0.0,0.0,0.0,0.0,0.0,0,0,0,0,-256.3,0.0,45.4,0.0,1→2,102.2
107572,512,1,3,1,-74624,42.77,5430,8846,25.4763,41.5057,41.3967,18.2255,-74.67,194142262836,194302017314,909238354815,909398098432,-256.3,-267.7,45.4,44.6,1→3,102.2
107572,512,1,4,1,-82680,47.39,4865,8649,22.8254,40.5828,40.4198,18.874,-67.9,195420347956,195580101677,693611172361,693770916352,-256.3,-260.9,45.4,46.4,1→4,102.2
107572,512,2,3,0,0,0.0,0,0,0.0,0.0,0.0,0.0,0.0,0,0,0,0,20.7,0.0,46.3,0.0,2→3,102.2
107572,512,2,4,0,0,0.0,0,0,0.0,0.0,0.0,0.0,0.0,0,0,0,0,20.7,0.0,46.3,0.0,2→4,102.2
107572,512,3,4,1,-8262,4.74,8366,8744,39.2513,41.0281,40.9691,3.6274,-78.51,914441177652,914600938101,697535874332,697695618048,-267.7,-260.9,44.6,46.4,3→4,102.2
107772,513,1,2,0,0,0.0,0,0,0.0,0.0,0.0,0.0,0.0,0,0,0,0,-256.3,0.0,45.4,0.0,1→2,102.4
107772,513,1,3,1,-74661,42.79,5429,8846,25.4716,41.5067,41.3977,18.2265,-74.43,206921166900,207080921583,922017804975,922177548800,-256.3,-267.7,45.4,44.6,1→3,102.4
107772,513,1,4,1,-82593,47.34,4873,8653,22.863,40.6016,40.4386,18.8928,-67.69,208199096884,208358850346,706390526236,706550269952,-256.3,-260.9,45.4,46.4,1→4,102.4
107772,513,2,3,0,0,0.0,0,0,0.0,0.0,0.0,0.0,0.0,0,0,0,0,20.7,0.0,46.3,0.0,2→3,102.4
107772,513,2,4,0,0,0.0,0,0,0.0,0.0,0.0,0.0,0.0,0,0,0,0,20.7,0.0,46.3,0.0,2→4,102.4
107772,513,3,4,1,-8198,4.7,8384,8759,39.3358,41.0988,41.0148,3.6731,-76.84,927219576884,927379337368,710314332445,710474076160,-267.7,-260.9,44.6,46.4,3→4,102.4
107972,514,1,2,0,0,0.0,0,0,0.0,0.0,0.0,0.0,0.0,0,0,0,0,-256.3,0.0,45.4,0.0,1→2,102.6
107972,514,1,3,1,-74666,42.79,5430,8847,25.4763,41.5124,41.4034,18.2322,-74.9,219699761204,219859515591,934796945369,934956688896,-256.3,-267.7,45.4,44.6,1→3,102.6
107972,514,1,4,1,-82666,47.38,4873,8657,22.863,40.6196,40.4566,18.9108,-68.91,220977796660,221137550315,719169831004,719329574912,-256.3,-260.9,45.4,46.4,1→4,102.6
107972,514,2,3,0,0,0.0,0,0,0.0,0.0,0.0,0.0,0.0,0,0,0,0,20.7,0.0,46.3,0.0,2→3,102.6
107972,514,2,4,0,0,0.0,0,0,0.0,0.0,0.0,0.0,0.0,0,0,0,0,20.7,0.0,46.3,0.0,2→4,102.6
107972,514,3,4,1,-8159,4.68,8373,8746,39.2841,41.0388,40.9798,3.6381,-77.73,939995649588,940155410067,723090464012,723250207744,-267.7,-260.9,44.6,46.4,3→4,102.6
108172,515,1,2,0,0,0.0,0,0,0.0,0.0,0.0,0.0,0.0,0,0,0,0,-256.3,0.0,46.4,0.0,1→2,102.8
108172,515,1,3,1,-74653,42.79,5431,8848,25.481,41.5143,41.4053,18.2341,-74.94,232478510132,232638264685,947576240437,947735984128,-256.3,-267.7,46.4,44.6,1→3,102.8
108172,515,1,4,1,-82653,47.37,4864,8647,22.8207,40.5722,40.4092,18.8634,-68.93,233756407860,233916161129,731949047243,732108790784,-256.3,-260.9,46.4,46.4,1→4,102.8
108172,515,2,3,0,0,0.0,0,0,0.0,0.0,0.0,0.0,0.0,0,0,0,0,20.7,0.0,46.3,0.0,2→3,102.8
108172,515,2,4,0,0,0.0,0,0,0.0,0.0,0.0,0.0,0.0,0,0,0,0,20.7,0.0,46.3,0.0,2→4,102.8
108172,515,3,4,1,-8185,4.69,8368,8743,39.2607,41.0209,40.9619,3.6202,-78.54,952787361332,952947121690,735882234747,736041978368,-267.7,-260.9,44.6,46.4,3→4,102.8
108372,516,1,2,0,0,0.0,0,0,0.0,0.0,0.0,0.0,0.0,0,0,0,0,-256.3,0.0,46.4,0.0,1→2,103.0
108372,516,1,3,1,-74696,42.81,5429,8848,25.4716,41.5165,41.4075,18.2363,-74.9,245257259060,245417013736,960355535543,960515279360,-256.3,-267.7,46.4,44.6,1→3,103.0
108372,516,1,4,1,-82655,47.37,4869,8653,22.8442,40.5985,40.4355,18.8897,-68.3,246535294516,246695047847,744728539032,744888282624,-256.3,-260.9,46.4,46.4,1→4,103.0
108372,516,2,3,0,0,0.0,0,0,0.0,0.0,0.0,0.0,0.0,0,0,0,0,20.7,0.0,46.3,0.0,2→3,103.0
108372,516,2,4,0,0,0.0,0,0,0.0,0.0,0.0,0.0,0.0,0,0,0,0,20.7,0.0,46.3,0.0,2→4,103.0
108372,516,3,4,1,-8186,4.69,8373,8747,39.2841,41.0423,40.9833,3.6416,-77.41,965555182644,965714943004,748650114946,748809858560,-267.7,-260.9,44.6,46.4,3→4,103.0
108572,517,1,2,0,0,0.0,0,0,0.0,0.0,0.0,0.0,0.0,0,0,0,0,-256.3,0.0,46.4,0.0,1→2,103.2
108572,517,1,3,1,-74609,42.76,5430,8845,25.4763,41.5025,41.4185,18.2473,-76.59,258036007988,258195762762,973134830679,973294574592,-256.3,-267.7,46.4,44.6,1→3,103.2
108572,517,1,4,1,-82670,47.38,4867,8651,22.8348,40.5923,40.4293,18.8835,-67.74,259314093620,259473846970,757507943297,757667686912,-256.3,-260.9,46.4,46.4,1→4,103.2
108572,517,2,3,0,0,0.0,0,0,0.0,0.0,0.0,0.0,0.0,0,0,0,0,20.7,0.0,46.3,0.0,2→3,103.2
108572,517,2,4,0,0,0.0,0,0,0.0,0.0,0.0,0.0,0.0,0,0,0,0,20.7,0.0,46.3,0.0,2→4,103.2
108572,517,3,4,1,-8205,4.7,8370,8745,39.2701,41.0323,40.9733,3.6316,-77.85,978336724020,978496484293,761431715283,761591458816,-267.7,-260.9,44.6,46.4,3→4,103.2
108772,518,1,2,0,0,0.0,0,0,0.0,0.0,0.0,0.0,0.0,0,0,0,0,-256.3,0.0,45.4,0.0,1→2,103.4
108772,518,1,3,1,-74675,42.8,5428,8846,25.4669,41.5049,41.4209,18.2497,-75.05,270814756916,270974511261,985914125823,986073869312,-256.3,-267.7,45.4,44.6,1→3,103.4
108772,518,1,4,1,-82722,47.41,4865,8652,22.8254,40.5941,40.4311,18.8853,-67.88,272092791348,272252544670,770287246233,770446989824,-256.3,-260.9,45.4,46.4,1→4,103.4
108772,518,2,3,0,0,0.0,0,0,0.0,0.0,0.0,0.0,0.0,0,0,0,0,20.7,0.0,46.3,0.0,2→3,103.4
108772,518,2,4,0,0,0.0,0,0,0.0,0.0,0.0,0.0,0.0,0,0,0,0,20.7,0.0,46.3,0.0,2→4,103.4
108772,518,3,4,1,-8225,4.71,8373,8750,39.2841,41.053,40.994,3.6523,-77.43,991115498548,991275259222,774210548809,774370292736,-267.7,-260.9,44.6,46.4,3→4,103.4
108972,519,1,2,0,0,0.0,0,0,0.0,0.0,0.0,0.0,0.0,0,0,0,0,-256.3,0.0,45.4,0.0,1→2,103.6
108972,519,1,3,1,-74721,42.82,5431,8851,25.481,41.5289,41.4449,18.2737,-75.68,283593505844,283753260246,998693421004,998853164544,-256.3,-267.7,45.4,44.6,1→3,103.6
108972,519,1,4,1,-82692,47.39,4867,8652,22.8348,40.5947,40.4317,18.8859,-68.83,284871540788,285031294033,783066600937,783226344448,-256.3,-260.9,45.4,46.4,1→4,103.6
108972,519,2,3,0,0,0.0,0,0,0.0,0.0,0.0,0.0,0.0,0,0,0,0,20.7,0.0,46.3,0.0,2→3,103.6
108972,519,2,4,0,0,0.0,0,0,0.0,0.0,0.0,0.0,0.0,0,0,0,0,20.7,0.0,46.3,0.0,2→4,103.6
108972,519,3,4,1,-8143,4.67,8359,8731,39.2185,40.9673,40.9083,3.5666,-77.01,1003894082100,1004053842608,786989191378,787148935168,-267.7,-260.9,44.6,46.4,3→4,103.6
109172,520,1,2,0,0,0.0,0,0,0.0,0.0,0.0,0.0,0.0,0,0,0,0,-256.3,0.0,45.4,0.0,1→2,103.8
109172,520,1,3,1,-74638,42.78,5433,8849,25.4904,41.5205,41.4115,18.2403,-74.67,296372254260,296532008713,1011472715677,1011632459264,-256.3,-267.7,45.4,44.6,1→3,103.8
109172,520,1,4,1,-82698,47.4,4867,8653,22.8348,40.5984,40.4354,18.8896,-68.6,297650152500,297809906133,795845817958,796005561856,-256.3,-260.9,45.4,46.4,1→4,103.8
109172,520,2,3,0,0,0.0,0,0,0.0,0.0,0.0,0.0,0.0,0,0,0,0,20.7,0.0,46.3,0.0,2→3,103.8
109172,520,2,4,0,0,0.0,0,0,0.0,0.0,0.0,0.0,0.0,0,0,0,0,20.7,0.0,46.3,0.0,2→4,103.8
109172,520,3,4,1,-8148,4.67,8374,8747,39.2888,41.0411,40.9821,3.6404,-78.09,1016673347124,1016833107462,799768515483,799928259072,-267.7,-260.9,44.6,46.4,3→4,103.8
109372,521,1,2,0,0,0.0,0,0,0.0,0.0,0.0,0.0,0.0,0,0,0,0,-256.3,0.0,46.4,0.0,1→2,104.0
109372,521,1,3,1,-74634,42.77,5437,8853,25.5091,41.5384,41.4544,18.2832,-76.94,309151004212,309310758691,1024252011915,1024411755520,-256.3,-267.7,46.4,44.6,1→3,104.0
109372,521,1,4,1,-82700,47.4,4863,8649,22.816,40.58,40.417,18.8712,-68.48,310428687412,310588440868,808624958223,808784701952,-256.3,-260.9,46.4,46.4,1→4,104.0
109372,521,2,3,0,0,0.0,0,0,0.0,0.0,0.0,0.0,0.0,0,0,0,0,20.7,0.0,46.3,0.0,2→3,104.0
109372,521,2,4,0,0,0.0,0,0,0.0,0.0,0.0,0.0,0.0,0,0,0,0,20.7,0.0,46.3,0.0,2→4,104.0
109372,521,3,4,1,-8194,4.7,8368,8743,39.2607,41.0229,40.9639,3.6222,-77.88,1029454060084,1029613820700,812549287545,812709031424,-267.7,-260.9,44.6,46.4,3→4,104.0
109572,522,1,2,0,0,0.0,0,0,0.0,0.0,0.0,0.0,0.0,0,0,0,0,-256.3,0.0,46.4,0.0,1→2,104.2
109572,522,1,3,1,-74648,42.78,5432,8849,25.4857,41.5179,41.4339,18.2627,-76.51,321929752116,322089506616,1037031306092,1037191049728,-256.3,-267.7,46.4,44.6,1→3,104.2
109572,522,1,4,1,-82742,47.42,4861,8648,22.8067,40.5773,40.4143,18.8685,-68.62,323207787572,323367540796,821404663794,821564407296,-256.3,-260.9,46.4,46.4,1→4,104.2
109572,522,2,3,0,0,0.0,0,0,0.0,0.0,0.0,0.0,0.0,0,0,0,0,20.7,0.0,46.3,0.0,2→3,104.2
109572,522,2,4,0,0,0.0,0,0,0.0,0.0,0.0,0.0,0.0,0,0,0,0,20.7,0.0,46.3,0.0,2→4,104.2
109572,522,3,4,1,-8258,4.73,8380,8758,39.317,41.0906,41.0066,3.6649,-76.8,1042231876148,1042391636552,825327162724,825486906368,-267.7,-260.9,44.6,46.4,3→4,104.2
109772,523,1,2,0,0,0.0,0,0,0.0,0.0,0.0,0.0,0.0,0,0,0,0,-256.3,0.0,46.4,0.0,1→2,104.4
109772,523,1,3,1,-74704,42.81,5437,8856,25.5091,41.5534,41.4444,18.2732,-74.96,334708655668,334868410181,1049810755945,1049970499584,-256.3,-267.7,46.4,44.6,1→3,104.4
109772,523,1,4,1,-82709,47.4,4864,8650,22.8207,40.5866,40.4236,18.8778,-68.08,335986589748,336146343248,834184071397,834343815168,-256.3,-260.9,46.4,46.4,1→4,104.4
109772,523,2,3,0,0,0.0,0,0,0.0,0.0,0.0,0.0,0.0,0,0,0,0,20.7,0.0,46.3,0.0,2→3,104.4
109772,523,2,4,0,0,0.0,0,0,0.0,0.0,0.0,0.0,0.0,0,0,0,0,20.7,0.0,46.3,0.0,2→4,104.4
109772,523,3,4,1,-8268,4.74,8369,8747,39.2654,41.0435,40.9845,3.6428,-77.82,1055012718644,1055172479272,838108064367,838267808256,-267.7,-260.9,44.6,46.4,3→4,104.4
109972,524,1,2,0,0,0.0,0,0,0.0,0.0,0.0,0.0,0.0,0,0,0,0,-256.3,0.0,46.4,0.0,1→2,104.6
109972,524,1,3,1,-74718,42.82,5430,8850,25.4763,41.5236,41.4396,18.2684,-75.13,347487249460,347647003983,1062589896017,1062749639680,-256.3,-267.7,46.4,44.6,1→3,104.6
109972,524,1,4,1,-82823,47.47,4861,8652,22.8067,40.597,40.434,18.8882,-67.74,348765284916,348925038160,846963371999,847123115520,-256.3,-260.9,46.4,46.4,1→4,104.6
109972,524,2,3,0,0,0.0,0,0,0.0,0.0,0.0,0.0,0.0,0,0,0,0,20.7,0.0,46.3,0.0,2→3,104.6
109972,524,2,4,0,0,0.0,0,0,0.0,0.0,0.0,0.0,0.0,0,0,0,0,20.7,0.0,46.3,0.0,2→4,104.6
109972,524,3,4,1,-8197,4.7,8365,8740,39.2466,41.0094,40.9254,3.5837,-75.81,1067793095732,1067952856088,850888500599,851048244224,-267.7,-260.9,44.6,46.4,3→4,104.6
110172,525,1,2,0,0,0.0,0,0,0.0,0.0,0.0,0.0,0.0,0,0,0,0,-256.3,0.0,46.4,0.0,1→2,104.8
110172,525,1,3,1,-74714,42.82,5429,8849,25.4716,41.518,41.409,18.2378,-74.53,360265996340,360425750852,1075369189210,1075528932864,-256.3,-267.7,46.4,44.6,1→3,104.8
110172,525,1,4,1,-82776,47.44,4866,8655,22.8301,40.6081,40.4451,18.8993,-68.68,361544001588,361703755065,859742694143,859902437888,-256.3,-260.9,46.4,46.4,1→4,104.8
110172,525,2,3,0,0,0.0,0,0,0.0,0.0,0.0,0.0,0.0,0,0,0,0,20.7,0.0,46.3,0.0,2→3,104.8
110172,525,2,4,0,0,0.0,0,0,0.0,0.0,0.0,0.0,0.0,0,0,0,0,20.7,0.0,46.3,0.0,2→4,104.8
110172,525,3,4,1,-8202,4.7,8368,8743,39.2607,41.0222,40.9382,3.5965,-76.87,1080635820084,1080795580407,863731284381,863891027968,-267.7,-260.9,44.6,46.4,3→4,104.8
110372,526,1,2,0,0,0.0,0,0,0.0,0.0,0.0,0.0,0.0,0,0,0,0,-256.3,0.0,46.4,0.0,1→2,105.0
110372,526,1,3,1,-74667,42.79,5429,8846,25.4716,41.5079,41.4239,18.2527,-76.68,373044746804,373204501266,1088148486028,1088308229632,-256.3,-267.7,46.4,44.6,1→3,105.0
110372,526,1,4,1,-82655,47.37,4865,8649,22.8254,40.5797,40.4367,18.8909,-69.35,374322782260,374482535938,872522080309,872681824256,-256.3,-260.9,46.4,46.4,1→4,105.0
110372,526,2,3,0,0,0.0,0,0,0.0,0.0,0.0,0.0,0.0,0,0,0,0,20.7,0.0,46.3,0.0,2→3,105.0
110372,526,2,4,0,0,0.0,0,0,0.0,0.0,0.0,0.0,0.0,0,0,0,0,20.7,0.0,46.3,0.0,2→4,105.0
110372,526,3,4,1,-8192,4.7,8367,8741,39.256,41.0154,40.9314,3.5897,-76.54,1093349577268,1093509337618,876445100416,876604844032,-267.7,-260.9,44.6,46.4,3→4,105.0
110572,527,1,2,0,0,0.0,0,0,0.0,0.0,0.0,0.0,0.0,0,0,0,0,-256.3,0.0,46.4,0.0,1→2,105.2
110572,527,1,3,1,-74637,42.78,5434,8851,25.495,41.5273,41.4183,18.2471,-73.66,385823495220,385983249616,1416153049,1575896576,-256.3,-267.7,46.4,44.6,1→3,105.2
110572,527,1,4,1,-82646,47.37,4863,8646,22.816,40.5684,40.4254,18.8796,-69.11,387101530676,387261284005,885301434254,885461177856,-256.3,-260.9,46.4,46.4,1→4,105.2
110572,527,2,3,0,0,0.0,0,0,0.0,0.0,0.0,0.0,0.0,0,0,0,0,20.7,0.0,46.3,0.0,2→3,105.2
110572,527,2,4,0,0,0.0,0,0,0.0,0.0,0.0,0.0,0.0,0,0,0,0,20.7,0.0,46.3,0.0,2→4,105.2
110572,527,3,4,1,-8248,4.73,8373,8751,39.2841,41.0579,40.9739,3.6322,-76.96,6617454132,6777214735,889224664208,889384408064,-267.7,-260.9,44.6,46.4,3→4,105.2
110772,528,1,2,0,0,0.0,0,0,0.0,0.0,0.0,0.0,0.0,0,0,0,0,-256.3,0.0,46.4,0.0,1→2,105.4
110772,528,1,3,1,-74753,42.84,5426,8848,25.4575,41.5147,41.4057,18.2345,-73.59,398602244148,398761998952,14195448369,14355192320,-256.3,-267.7,46.4,44.6,1→3,105.4
110772,528,1,4,1,-82777,47.44,4863,8652,22.816,40.5965,40.4335,18.8877,-68.57,399880279604,400040033075,898080788736,898240532480,-256.3,-260.9,46.4,46.4,1→4,105.4
110772,528,2,3,0,0,0.0,0,0,0.0,0.0,0.0,0.0,0.0,0,0,0,0,20.7,0.0,46.3,0.0,2→3,105.4
110772,528,2,4,0,0,0.0,0,0,0.0,0.0,0.0,0.0,0.0,0,0,0,0,20.7,0.0,46.3,0.0,2→4,105.4
110772,528,3,4,1,-8234,4.72,8373,8750,39.2841,41.0549,40.9709,3.6292,-76.77,19396015156,19555775491,902003284380,902163027968,-267.7,-260.9,44.6,46.4,3→4,105.4
110972,529,1,2,0,0,0.0,0,0,0.0,0.0,0.0,0.0,0.0,0,0,0,0,-256.3,0.0,46.4,0.0,1→2,105.6
110972,529,1,3,1,-74683,42.8,5429,8848,25.4716,41.5137,41.4297,18.2585,-75.76,411380992564,411540747268,26974743195,27134487040,-256.3,-267.7,46.4,44.6,1→3,105.6
110972,529,1,4,1,-82802,47.46,4861,8651,22.8067,40.5925,40.4295,18.8837,-68.1,412659026996,412818780594,910860141693,911019885568,-256.3,-260.9,46.4,46.4,1→4,105.6
110972,529,2,3,0,0,0.0,0,0,0.0,0.0,0.0,0.0,0.0,0,0,0,0,20.7,0.0,46.3,0.0,2→3,105.6
110972,529,2,4,0,0,0.0,0,0,0.0,0.0,0.0,0.0,0.0,0,0,0,0,20.7,0.0,46.3,0.0,2→4,105.6
110972,529,3,4,1,-8273,4.74,8371,8750,39.2748,41.0539,40.9699,3.6282,-75.78,32175083572,32334844126,914782411965,914942155776,-267.7,-260.9,44.6,46.4,3→4,105.6
111172,530,1,2,0,0,0.0,0,0,0.0,0.0,0.0,0.0,0.0,0,0,0,0,-256.3,0.0,46.4,0.0,1→2,105.8
111172,530,1,3,1,-74693,42.81,5423,8842,25.4434,41.4854,41.4014,18.2302,-75.92,424159740980,424319495576,39754038010,39913781760,-256.3,-267.7,46.4,44.6,1→3,105.8
111172,530,1,4,1,-82789,47.45,4863,8652,22.816,40.5968,40.4338,18.888,-67.52,425437639220,425597392940,923639359494,923799103488,-256.3,-260.9,46.4,46.4,1→4,105.8
111172,530,2,3,0,0,0.0,0,0,0.0,0.0,0.0,0.0,0.0,0,0,0,0,20.7,0.0,46.3,0.0,2→3,105.8
111172,530,2,4,0,0,0.0,0,0,0.0,0.0,0.0,0.0,0.0,0,0,0,0,20.7,0.0,46.3,0.0,2→4,105.8
111172,530,3,4,1,-8214,4.71,8372,8748,39.2794,41.0436,40.9596,3.6179,-75.49,44953804852,45113565110,927561192422,927720935936,-267.7,-260.9,44.6,46.4,3→4,105.8
111372,531,1,2,0,0,0.0,0,0,0.0,0.0,0.0,0.0,0.0,0,0,0,0,-256.3,0.0,46.4,0.0,1→2,106.0
111372,531,1,3,1,-74695,42.81,5427,8846,25.4622,41.5069,41.3979,18.2267,-74.12,436938488884,437098243375,52533332332,52693075968,-256.3,-267.7,46.4,44.6,1→3,106.0
111372,531,1,4,1,-82724,47.41,4864,8651,22.8207,40.5898,40.4268,18.881,-68.6,438216069172,438375822481,936418395044,936578138624,-256.3,-260.9,46.4,46.4,1→4,106.0
111372,531,2,3,0,0,0.0,0,0,0.0,0.0,0.0,0.0,0.0,0,0,0,0,20.7,0.0,46.3,0.0,2→3,106.0
111372,531,2,4,0,0,0.0,0,0,0.0,0.0,0.0,0.0,0.0,0,0,0,0,20.7,0.0,46.3,0.0,2→4,106.0
111372,531,3,4,1,-8242,4.72,8369,8746,39.2654,41.0379,40.9539,3.6122,-76.42,57732765748,57892526190,940340212521,940499956224,-267.7,-260.9,44.6,46.4,3→4,106.0
111572,532,1,2,0,0,0.0,0,0,0.0,0.0,0.0,0.0,0.0,0,0,0,0,-256.3,0.0,46.4,0.0,1→2,106.2
111572,532,1,3,1,-74709,42.82,5438,8857,25.5138,41.5592,41.4752,18.304,-75.84,449717238324,449876992716,65312628196,65472371712,-256.3,-267.7,46.4,44.6,1→3,106.2
111572,532,1,4,1,-82771,47.44,4867,8655,22.8348,40.6117,40.4487,18.9029,-68.26,450995241524,451154994873,949198173057,949357916672,-256.3,-260.9,46.4,46.4,1→4,106.2
111572,532,2,3,0,0,0.0,0,0,0.0,0.0,0.0,0.0,0.0,0,0,0,0,20.7,0.0,46.3,0.0,2→3,106.2
111572,532,2,4,0,0,0.0,0,0,0.0,0.0,0.0,0.0,0.0,0,0,0,0,20.7,0.0,46.3,0.0,2→4,106.2
111572,532,3,4,1,-8216,4.71,8366,8742,39.2513,41.0159,40.9319,3.5902,-75.25,70513017908,70672778516,953120523900,953280267776,-267.7,-260.9,44.6,46.4,3→4,106.2
111772,533,1,2,0,0,0.0,0,0,0.0,0.0,0.0,0.0,0.0,0,0,0,0,-256.3,0.0,46.4,0.0,1→2,106.4
111772,533,1,3,1,-74673,42.8,5426,8844,25.4575,41.4975,41.3885,18.2173,-73.69,462495986740,462655741495,78091923042,78251666944,-256.3,-267.7,46.4,44.6,1→3,106.4
111772,533,1,4,1,-82804,47.46,4865,8655,22.8254,40.6117,40.4487,18.9029,-68.55,463774022196,463933775578,961977559389,962137303040,-256.3,-260.9,46.4,47.4,1→4,106.4
111772,533,2,3,0,0,0.0,0,0,0.0,0.0,0.0,0.0,0.0,0,0,0,0,20.7,0.0,46.3,0.0,2→3,106.4
111772,533,2,4,0,0,0.0,0,0,0.0,0.0,0.0,0.0,0.0,0,0,0,0,20.7,0.0,46.3,0.0,2→4,106.4
111772,533,3,4,1,-8294,4.75,8367,8747,39.256,41.0396,40.9806,3.6389,-78.69,83295420468,83455180712,965902985707,966062729216,-267.7,-260.9,44.6,47.4,3→4,106.4
111972,534,1,2,0,0,0.0,0,0,0.0,0.0,0.0,0.0,0.0,0,0,0,0,-256.3,0.0,46.4,0.0,1→2,106.6
111972,534,1,3,1,-74676,42.8,5422,8840,25.4387,41.4794,41.4204,18.2492,-77.04,475274733620,475434488221,90871216372,91030960128,-256.3,-267.7,46.4,44.6,1→3,106.6
111972,534,1,4,1,-82713,47.4,4867,8653,22.8348,40.5992,40.4362,18.8904,-68.21,476552820276,476712573655,974756963171,974916706816,-256.3,-260.9,46.4,47.4,1→4,106.6
111972,534,2,3,0,0,0.0,0,0,0.0,0.0,0.0,0.0,0.0,0,0,0,0,20.7,0.0,46.3,0.0,2→3,106.6
111972,534,2,4,0,0,0.0,0,0,0.0,0.0,0.0,0.0,0.0,0,0,0,0,20.7,0.0,46.3,0.0,2→4,106.6
111972,534,3,4,1,-8244,4.72,8375,8752,39.2935,41.0664,40.9824,3.6407,-76.98,96071834676,96231595088,978679459155,978839202816,-267.7,-260.9,44.6,47.4,3→4,106.6
112172,535,1,2,0,0,0.0,0,0,0.0,0.0,0.0,0.0,0.0,0,0,0,0,-256.3,0.0,46.4,0.0,1→2,106.8
112172,535,1,3,1,-74750,42.84,5433,8855,25.4904,41.5469,41.4379,18.2667,-73.01,488053483572,488213238016,103650512807,103810256384,-256.3,-267.7,46.4,44.6,1→3,106.8
112172,535,1,4,1,-82748,47.42,4862,8649,22.8114,40.5833,40.4203,18.8745,-67.7,489331062836,489490816201,987535811431,987695555072,-256.3,-260.9,46.4,47.4,1→4,106.8
112172,535,2,3,0,0,0.0,0,0,0.0,0.0,0.0,0.0,0.0,0,0,0,0,20.7,0.0,46.3,0.0,2→3,106.8
112172,535,2,4,0,0,0.0,0,0,0.0,0.0,0.0,0.0,0.0,0,0,0,0,20.7,0.0,46.3,0.0,2→4,106.8
112172,535,3,4,1,-8246,4.73,8373,8750,39.2841,41.0551,40.9711,3.6294,-76.68,108850787380,109010547918,991458471120,991618214912,-267.7,-260.9,44.6,47.4,3→4,106.8
112372,536,1,2,0,0,0.0,0,0,0.0,0.0,0.0,0.0,0.0,0,0,0,0,-256.3,0.0,46.4,0.0,1→2,107.0
112372,536,1,3,1,-74631,42.77,5430,8846,25.4763,41.5073,41.3803,18.2091,-72.19,500832231988,500991986781,116429807684,116589551616,-256.3,-267.7,46.4,44.6,1→3,107.0
112372,536,1,4,1,-82763,47.43,4865,8653,22.8254,40.6006,40.4376,18.8918,-67.95,502110317620,502270070927,1000315671975,1000475415552,-256.3,-260.9,46.4,46.4,1→4,107.0
112372,536,2,3,0,0,0.0,0,0,0.0,0.0,0.0,0.0,0.0,0,0,0,0,20.7,0.0,46.3,0.0,2→3,107.0
112372,536,2,4,0,0,0.0,0,0,0.0,0.0,0.0,0.0,0.0,0,0,0,0,20.7,0.0,46.3,0.0,2→4,107.0
112372,536,3,4,1,-8252,4.73,8376,8753,39.2982,41.0705,41.0115,3.6698,-77.89,121632194100,121791954754,1004239937122,1004399681024,-267.7,-260.9,44.6,46.4,3→4,107.0
112572,537,1,2,0,0,0.0,0,0,0.0,0.0,0.0,0.0,0.0,0,0,0,0,-256.3,0.0,46.4,0.0,1→2,107.2
112572,537,1,3,1,-74728,42.83,5427,8848,25.4622,41.514,41.387,18.2158,-72.84,513610980404,513770735077,129209102518,129368846336,-256.3,-267.7,46.4,44.6,1→3,107.2
112572,537,1,4,1,-82800,47.45,4866,8656,22.8301,40.6132,40.4502,18.9044,-67.95,514889015860,515048769154,1013094975926,1013254719488,-256.3,-260.9,46.4,46.4,1→4,107.2
112572,537,2,3,0,0,0.0,0,0,0.0,0.0,0.0,0.0,0.0,0,0,0,0,20.7,0.0,46.3,0.0,2→3,107.2
112572,537,2,4,0,0,0.0,0,0,0.0,0.0,0.0,0.0,0.0,0,0,0,0,20.7,0.0,46.3,0.0,2→4,107.2
112572,537,3,4,1,-8285,4.75,8371,8750,39.2748,41.0541,40.9951,3.6534,-77.39,134410365492,134570125724,1017018167806,1017177911296,-267.7,-260.9,44.6,46.4,3→4,107.2
112772,538,1,2,0,0,0.0,0,0,0.0,0.0,0.0,0.0,0.0,0,0,0,0,-256.3,0.0,46.4,0.0,1→2,107.4
112772,538,1,3,1,-74632,42.77,5434,8850,25.495,41.5262,41.3992,18.228,-72.16,526389883956,526549638537,141988552480,142148296192,-256.3,-267.7,46.4,44.6,1→3,107.4
112772,538,1,4,1,-82714,47.41,4869,8655,22.8442,40.6088,40.4458,18.9,-68.55,527667764276,527827517561,1025874330053,1026034073600,-256.3,-260.9,46.4,46.4,1→4,107.4
112772,538,2,3,0,0,0.0,0,0,0.0,0.0,0.0,0.0,0.0,0,0,0,0,20.7,0.0,46.3,0.0,2→3,107.4
112772,538,2,4,0,0,0.0,0,0,0.0,0.0,0.0,0.0,0.0,0,0,0,0,20.7,0.0,46.3,0.0,2→4,107.4
112772,538,3,4,1,-8270,4.74,8374,8752,39.2888,41.065,41.006,3.6643,-78.16,147281806900,147441567297,1029889668959,1030049412608,-267.7,-260.9,44.6,46.4,3→4,107.4
112972,539,1,2,0,0,0.0,0,0,0.0,0.0,0.0,0.0,0.0,0,0,0,0,-256.3,0.0,46.4,0.0,1→2,107.6
112972,539,1,3,1,-74660,42.79,5422,8839,25.4387,41.4736,41.3896,18.2184,-75.36,539168477236,539328231700,154767692156,154927435776,-256.3,-267.7,46.4,44.6,1→3,107.6
112972,539,1,4,1,-82785,47.45,4859,8648,22.7973,40.5771,40.4341,18.8883,-69.68,540446512692,540606265930,1038653684192,1038813427712,-256.3,-260.9,46.4,47.4,1→4,107.6
112972,539,2,3,0,0,0.0,0,0,0.0,0.0,0.0,0.0,0.0,0,0,0,0,20.7,0.0,46.3,0.0,2→3,107.6
112972,539,2,4,0,0,0.0,0,0,0.0,0.0,0.0,0.0,0.0,0,0,0,0,20.7,0.0,46.3,0.0,2→4,107.6
112972,539,3,4,1,-8298,4.76,8374,8753,39.2888,41.071,41.012,3.6703,-78.21,159971585076,160131345440,1042579506048,1042739249664,-267.7,-260.9,44.6,47.4,3→4,107.6
113172,540,1,2,0,0,0.0,0,0,0.0,0.0,0.0,0.0,0.0,0,0,0,0,-256.3,0.0,46.4,0.0,1→2,107.8
113172,540,1,3,1,-74677,42.8,5430,8848,25.4763,41.5171,41.4081,18.2369,-74.23,551947225652,552106980506,167546987015,167706731008,-256.3,-267.7,46.4,44.6,1→3,107.8
113172,540,1,4,1,-82757,47.43,4863,8651,22.816,40.5899,40.4269,18.8811,-68.3,553225260596,553385014272,1051433037874,1051592781824,-256.3,-260.9,46.4,47.4,1→4,107.8
113172,540,2,3,0,0,0.0,0,0,0.0,0.0,0.0,0.0,0.0,0,0,0,0,20.7,0.0,46.3,0.0,2→3,107.8
113172,540,2,4,0,0,0.0,0,0,0.0,0.0,0.0,0.0,0.0,0,0,0,0,20.7,0.0,46.3,0.0,2→4,107.8
113172,540,3,4,1,-8228,4.72,8371,8748,39.2748,41.0442,40.9852,3.6435,-78.79,172747117108,172906877546,1055355097393,1055514841088,-267.7,-260.9,44.6,47.4,3→4,107.8
113372,541,1,2,0,0,0.0,0,0,0.0,0.0,0.0,0.0,0.0,0,0,0,0,-256.3,0.0,46.4,0.0,1→2,108.0
113372,541,1,3,1,-74646,42.78,5431,8848,25.481,41.5152,41.3882,18.217,-71.94,564725974068,564885728780,180326281879,180486025728,-256.3,-267.7,46.4,44.6,1→3,108.0
113372,541,1,4,1,-82828,47.47,4864,8656,22.8207,40.6122,40.4492,18.9034,-67.62,566004009524,566163763084,1064212392617,1064372136448,-256.3,-260.9,46.4,47.4,1→4,108.0
113372,541,2,3,0,0,0.0,0,0,0.0,0.0,0.0,0.0,0.0,0,0,0,0,20.7,0.0,46.3,0.0,2→3,108.0
113372,541,2,4,0,0,0.0,0,0,0.0,0.0,0.0,0.0,0.0,0,0,0,0,20.7,0.0,46.3,0.0,2→4,108.0
113372,541,3,4,1,-8260,4.73,8366,8744,39.2513,41.0277,40.9687,3.627,-78.22,185529093172,185688853624,1068137132825,1068296876544,-267.7,-260.9,44.6,47.4,3→4,108.0
113572,542,1,2,0,0,0.0,0,0,0.0,0.0,0.0,0.0,0.0,0,0,0,0,-256.3,0.0,46.4,0.0,1→2,108.2
113572,542,1,3,1,-74684,42.8,5427,8845,25.4622,41.5022,41.4182,18.247,-75.05,577504722484,577664477030,193105576756,193265320448,-256.3,-267.7,46.4,44.6,1→3,108.2
113572,542,1,4,1,-82778,47.44,4868,8657,22.8395,40.6179,40.4389,18.8931,-66.7,578782301748,578942055191,1076991290661,1077151034368,-256.3,-260.9,46.4,46.4,1→4,108.2
113572,542,2,3,0,0,0.0,0,0,0.0,0.0,0.0,0.0,0.0,0,0,0,0,20.7,0.0,46.3,0.0,2→3,108.2
113572,542,2,4,0,0,0.0,0,0,0.0,0.0,0.0,0.0,0.0,0,0,0,0,20.7,0.0,46.3,0.0,2→4,108.2
113572,542,3,4,1,-8254,4.73,8366,8743,39.2513,41.024,40.965,3.6233,-77.42,198307625012,198467385474,1080915724046,1081075467776,-267.7,-260.9,44.6,46.4,3→4,108.2
113772,543,1,2,0,0,0.0,0,0,0.0,0.0,0.0,0.0,0.0,0,0,0,0,-256.3,0.0,46.4,0.0,1→2,108.4
113772,543,1,3,1,-74665,42.79,5430,8847,25.4763,41.5122,41.4032,18.232,-74.94,590283470900,590443225294,205884871634,206044615168,-256.3,-267.7,46.4,44.6,1→3,108.4
113772,543,1,4,1,-82702,47.4,4859,8645,22.7973,40.5616,40.3986,18.8528,-68.25,591561506356,591721259622,1089771101125,1089930844672,-256.3,-260.9,46.4,46.4,1→4,108.4
113772,543,2,3,0,0,0.0,0,0,0.0,0.0,0.0,0.0,0.0,0,0,0,0,20.7,0.0,46.3,0.0,2→3,108.4
113772,543,2,4,0,0,0.0,0,0,0.0,0.0,0.0,0.0,0.0,0,0,0,0,20.7,0.0,46.3,0.0,2→4,108.4
113772,543,3,4,1,-8277,4.74,8371,8749,39.2748,41.0524,41.0214,3.6797,-80.02,211085790260,211245550729,1093693948689,1093853692416,-267.7,-260.9,44.6,46.4,3→4,108.4
113972,544,1,2,0,0,0.0,0,0,0.0,0.0,0.0,0.0,0.0,0,0,0,0,-256.3,0.0,46.4,0.0,1→2,108.6
113972,544,1,3,1,-74730,42.83,5426,8846,25.4575,41.5074,41.3984,18.2272,-74.56,603062219316,603221974074,218664166494,218823910400,-256.3,-267.7,46.4,44.6,1→3,108.6
113972,544,1,4,1,-82726,47.41,4863,8650,22.816,40.5856,40.4426,18.8968,-69.3,604340253748,604500007365,3038826606,3198570496,-256.3,-260.9,46.4,46.4,1→4,108.6
113972,544,2,3,0,0,0.0,0,0,0.0,0.0,0.0,0.0,0.0,0,0,0,0,20.7,0.0,46.3,0.0,2→3,108.6
113972,544,2,4,0,0,0.0,0,0,0.0,0.0,0.0,0.0,0.0,0,0,0,0,20.7,0.0,46.3,0.0,2→4,108.6
113972,544,3,4,1,-8293,4.75,8374,8754,39.2888,41.0723,40.9883,3.6466,-76.25,223863614516,224023374980,6960204573,7119948288,-267.7,-260.9,44.6,46.4,3→4,108.6
114172,545,1,2,0,0,0.0,0,0,0.0,0.0,0.0,0.0,0.0,0,0,0,0,-256.3,0.0,46.4,0.0,1→2,108.8
114172,545,1,3,1,-74685,42.8,5428,8847,25.4669,41.5095,41.4005,18.2293,-73.98,615840967732,616000722294,231443461415,231603205120,-256.3,-267.7,46.4,44.6,1→3,108.8
114172,545,1,4,1,-82792,47.45,4862,8651,22.8114,40.5927,40.4297,18.8839,-68.7,617118970932,617278724329,15818149703,15977893376,-256.3,-260.9,46.4,47.4,1→4,108.8
114172,545,2,3,0,0,0.0,0,0,0.0,0.0,0.0,0.0,0.0,0,0,0,0,20.7,0.0,46.3,0.0,2→3,108.8
114172,545,2,4,0,0,0.0,0,0,0.0,0.0,0.0,0.0,0.0,0,0,0,0,20.7,0.0,46.3,0.0,2→4,108.8
114172,545,3,4,1,-8284,4.75,8373,8752,39.2841,41.0657,40.9817,3.6399,-76.59,236646550580,236806310996,19743200075,19902943744,-267.7,-260.9,44.6,47.4,3→4,108.8
114372,546,1,2,0,0,0.0,0,0,0.0,0.0,0.0,0.0,0.0,0,0,0,0,-256.3,0.0,46.4,0.0,1→2,109.0
114372,546,1,3,1,-74731,42.83,5428,8848,25.4669,41.517,41.433,18.2618,-76.21,628619715636,628779470490,244222755842,244382499840,-256.3,-267.7,46.4,44.6,1→3,109.0
114372,546,1,4,1,-82786,47.45,4860,8649,22.802,40.5821,40.4191,18.8733,-68.58,629897719348,630057472985,28597504083,28757248000,-256.3,-260.9,46.4,47.4,1→4,109.0
114372,546,2,3,0,0,0.0,0,0,0.0,0.0,0.0,0.0,0.0,0,0,0,0,20.7,0.0,46.3,0.0,2→3,109.0
114372,546,2,4,0,0,0.0,0,0,0.0,0.0,0.0,0.0,0.0,0,0,0,0,20.7,0.0,46.3,0.0,2→4,109.0
114372,546,3,4,1,-8258,4.73,8376,8754,39.2982,41.0741,41.0151,3.6734,-77.09,249421837876,249581598274,32518546787,32678290432,-267.7,-260.9,44.6,47.4,3→4,109.0
114572,547,1,2,0,0,0.0,0,0,0.0,0.0,0.0,0.0,0.0,0,0,0,0,-256.3,0.0,46.4,0.0,1→2,109.2
114572,547,1,3,1,-74750,42.84,5429,8850,25.4716,41.5258,41.4168,18.2456,-73.31,641398464052,641558218656,257002050814,257161794560,-256.3,-267.7,46.4,44.6,1→3,109.2
114572,547,1,4,1,-82836,47.48,4862,8654,22.8114,40.6045,40.4415,18.8957,-68.11,642676361780,642836115128,41376752505,41536496128,-256.3,-260.9,46.4,47.4,1→4,109.2
114572,547,2,3,0,0,0.0,0,0,0.0,0.0,0.0,0.0,0.0,0,0,0,0,20.7,0.0,46.3,0.0,2→3,109.2
114572,547,2,4,0,0,0.0,0,0,0.0,0.0,0.0,0.0,0.0,0,0,0,0,20.7,0.0,46.3,0.0,2→4,109.2
114572,547,3,4,1,-8245,4.73,8369,8746,39.2654,41.0385,40.9795,3.6378,-78.89,262202027060,262361787388,45298795419,45458539008,-267.7,-260.9,44.6,47.4,3→4,109.2
114772,548,1,2,0,0,0.0,0,0,0.0,0.0,0.0,0.0,0.0,0,0,0,0,-256.3,0.0,46.4,0.0,1→2,109.4
114772,548,1,3,1,-74646,42.78,5428,8845,25.4669,41.5011,41.4421,18.2709,-77.04,654177365556,654337120388,269781498905,269941242880,-256.3,-267.7,46.4,45.6,1→3,109.4
114772,548,1,4,1,-82793,47.45,4862,8652,22.8114,40.5953,40.4523,18.9065,-69.05,655455298100,655615051622,54156294859,54316038656,-256.3,-260.9,46.4,46.4,1→4,109.4
114772,548,2,3,0,0,0.0,0,0,0.0,0.0,0.0,0.0,0.0,0,0,0,0,20.7,0.0,46.3,0.0,2→3,109.4
114772,548,2,4,0,0,0.0,0,0,0.0,0.0,0.0,0.0,0.0,0,0,0,0,20.7,0.0,46.3,0.0,2→4,109.4
114772,548,3,4,1,-8320,4.77,8368,8748,39.2607,41.0476,40.9886,3.6469,-77.15,274984865332,275144625593,58081693147,58241436672,-267.7,-260.9,45.6,46.4,3→4,109.4
114972,549,1,2,0,0,0.0,0,0,0.0,0.0,0.0,0.0,0.0,0,0,0,0,-256.3,0.0,46.4,0.0,1→2,109.6
114972,549,1,3,1,-74662,42.79,5432,8849,25.4857,41.5209,41.4369,18.2657,-75.32,666955960372,667115714954,282560640282,282720384000,-256.3,-267.7,46.4,45.6,1→3,109.6
114972,549,1,4,1,-82802,47.46,4861,8651,22.8067,40.5902,40.4472,18.9014,-69.62,668233995828,668393749534,66935598608,67095342592,-256.3,-260.9,46.4,46.4,1→4,109.6
114972,549,2,3,0,0,0.0,0,0,0.0,0.0,0.0,0.0,0.0,0,0,0,0,20.7,0.0,46.3,0.0,2→3,109.6
114972,549,2,4,0,0,0.0,0,0,0.0,0.0,0.0,0.0,0.0,0,0,0,0,20.7,0.0,46.3,0.0,2→4,109.6
114972,549,3,4,1,-8305,4.76,8374,8754,39.2888,41.0749,41.0159,3.6742,-77.1,287760050228,287919810964,70856937485,71016681472,-267.7,-260.9,45.6,46.4,3→4,109.6
115172,550,1,2,0,0,0.0,0,0,0.0,0.0,0.0,0.0,0.0,0,0,0,0,-256.3,0.0,46.4,0.0,1→2,109.8
115172,550,1,3,1,-74702,42.81,5432,8851,25.4857,41.5296,41.4456,18.2744,-76.47,679734708788,679894463631,295339935253,295499679232,-256.3,-267.7,46.4,45.6,1→3,109.8
115172,550,1,4,1,-82841,47.48,4862,8654,22.8114,40.6056,40.4426,18.8968,-68.55,681012711988,681172465378,79714920783,79874664448,-256.3,-260.9,46.4,46.4,1→4,109.8
115172,550,2,3,0,0,0.0,0,0,0.0,0.0,0.0,0.0,0.0,0,0,0,0,20.7,0.0,46.3,0.0,2→3,109.8
115172,550,2,4,0,0,0.0,0,0,0.0,0.0,0.0,0.0,0.0,0,0,0,0,20.7,0.0,46.3,0.0,2→4,109.8
115172,550,3,4,1,-8268,4.74,8368,8746,39.2607,41.0364,40.9774,3.6357,-78.48,300540245044,300700005662,83637191798,83796935680,-267.7,-260.9,45.6,46.4,3→4,109.8
115372,551,1,2,0,0,0.0,0,0,0.0,0.0,0.0,0.0,0.0,0,0,0,0,-256.3,0.0,46.4,0.0,1→2,110.0
115372,551,1,3,1,-74698,42.81,5430,8849,25.4763,41.5216,41.4376,18.2664,-75.05,692513456692,692673211291,308119229702,308278973440,-256.3,-267.7,46.4,44.6,1→3,110.0
115372,551,1,4,1,-82882,47.5,4864,8658,22.8207,40.6238,40.4808,18.935,-69.7,693791035444,693950789030,92493850255,92653594112,-256.3,-260.9,46.4,46.4,1→4,110.0
115372,551,2,3,0,0,0.0,0,0,0.0,0.0,0.0,0.0,0.0,0,0,0,0,20.7,0.0,46.3,0.0,2→3,110.0
115372,551,2,4,0,0,0.0,0,0,0.0,0.0,0.0,0.0,0.0,0,0,0,0,20.7,0.0,46.3,0.0,2→4,110.0
115372,551,3,4,1,-8287,4.75,8365,8744,39.2466,41.0264,40.9674,3.6257,-78.05,313321835060,313481595578,96418841300,96578585088,-267.7,-260.9,44.6,46.4,3→4,110.0
115572,552,1,2,0,0,0.0,0,0,0.0,0.0,0.0,0.0,0.0,0,0,0,0,-256.3,0.0,46.4,0.0,1→2,110.2
115572,552,1,3,1,-74719,42.82,5432,8852,25.4857,41.5355,41.4515,18.2803,-75.36,705292205108,705451959961,320898524684,321058268672,-256.3,-267.7,46.4,44.6,1→3,110.2
115572,552,1,4,1,-82799,47.45,4856,8646,22.7832,40.5684,40.4254,18.8796,-70.29,706570240564,706729994253,105273661464,105433405440,-256.3,-260.9,46.4,46.4,1→4,110.2
115572,552,2,3,0,0,0.0,0,0,0.0,0.0,0.0,0.0,0.0,0,0,0,0,20.7,0.0,46.3,0.0,2→3,110.2
115572,552,2,4,0,0,0.0,0,0,0.0,0.0,0.0,0.0,0.0,0,0,0,0,20.7,0.0,46.3,0.0,2→4,110.2
115572,552,3,4,1,-8292,4.75,8368,8748,39.2607,41.0439,40.9849,3.6432,-77.28,326098998836,326258759263,109196064566,109355808256,-267.7,-260.9,44.6,46.4,3→4,110.2
115772,553,1,2,0,0,0.0,0,0,0.0,0.0,0.0,0.0,0.0,0,0,0,0,-256.3,0.0,46.4,0.0,1→2,110.4
115772,553,1,3,1,-74791,42.86,5431,8855,25.481,41.5463,41.4623,18.2911,-75.44,718070953012,718230707548,333677819207,333837562880,-256.3,-267.7,46.4,44.6,1→3,110.4
115772,553,1,4,1,-82822,47.47,4862,8653,22.8114,40.5991,40.4561,18.9103,-70.26,719348988468,719508741738,118053015494,118212759040,-256.3,-260.9,46.4,46.4,1→4,110.4
115772,553,2,3,0,0,0.0,0,0,0.0,0.0,0.0,0.0,0.0,0,0,0,0,20.7,0.0,46.3,0.0,2→3,110.4
115772,553,2,4,0,0,0.0,0,0,0.0,0.0,0.0,0.0,0.0,0,0,0,0,20.7,0.0,46.3,0.0,2→4,110.4
115772,553,3,4,1,-8275,4.74,8365,8744,39.2466,41.0262,40.9672,3.6255,-77.81,338878229044,339037989359,121975354272,122135097856,-267.7,-260.9,44.6,46.4,3→4,110.4
115972,554,1,2,0,0,0.0,0,0,0.0,0.0,0.0,0.0,0.0,0,0,0,0,-256.3,0.0,46.4,0.0,1→2,110.6
115972,554,1,3,1,-74719,42.82,5428,8848,25.4669,41.5168,41.4328,18.2616,-75.44,730849701428,731009456140,346457114257,346616858112,-256.3,-267.7,46.4,45.6,1→3,110.6
115972,554,1,4,1,-82776,47.44,4858,8647,22.7926,40.5705,40.4275,18.8817,-70.6,732127736884,732287490196,130832370068,130992113664,-256.3,-260.9,46.4,47.4,1→4,110.6
115972,554,2,3,0,0,0.0,0,0,0.0,0.0,0.0,0.0,0.0,0,0,0,0,20.7,0.0,46.3,0.0,2→3,110.6
115972,554,2,4,0,0,0.0,0,0,0.0,0.0,0.0,0.0,0.0,0,0,0,0,20.7,0.0,46.3,0.0,2→4,110.6
115972,554,3,4,1,-8337,4.78,8376,8758,39.2982,41.0911,41.0071,3.6654,-76.97,351659206708,351818967405,134756391480,134916135424,-267.7,-260.9,45.6,47.4,3→4,110.6
116172,555,1,2,0,0,0.0,0,0,0.0,0.0,0.0,0.0,0.0,0,0,0,0,-256.3,0.0,46.4,0.0,1→2,110.8
116172,555,1,3,1,-74739,42.83,5420,8841,25.4294,41.4835,41.3995,18.2283,-75.48,743628449332,743788203668,359236408825,359396152320,-256.3,-267.7,46.4,45.6,1→3,110.8
116172,555,1,4,1,-82825,47.47,4861,8652,22.8067,40.5951,40.4521,18.9063,-69.06,744906484788,745066238091,143611724195,143771467776,-256.3,-260.9,46.4,47.4,1→4,110.8
116172,555,2,3,0,0,0.0,0,0,0.0,0.0,0.0,0.0,0.0,0,0,0,0,20.7,0.0,46.3,0.0,2→3,110.8
116172,555,2,4,0,0,0.0,0,0,0.0,0.0,0.0,0.0,0.0,0,0,0,0,20.7,0.0,46.3,0.0,2→4,110.8
116172,555,3,4,1,-8267,4.74,8366,8744,39.2513,41.0292,40.9452,3.6035,-76.76,364435707956,364595468498,147532952255,147692696064,-267.7,-260.9,45.6,47.4,3→4,110.8
116372,556,1,2,0,0,0.0,0,0,0.0,0.0,0.0,0.0,0.0,0,0,0,0,-256.3,0.0,46.4,0.0,1→2,111.0
116372,556,1,3,1,-74767,42.85,5423,8846,25.4434,41.5036,41.4196,18.2484,-76.01,756407197236,756566951683,372015703440,372175447040,-256.3,-267.7,46.4,45.6,1→3,111.0
116372,556,1,4,1,-82848,47.48,4856,8648,22.7832,40.5789,40.4359,18.8901,-69.87,757685232180,757844985412,156391077857,156550821376,-256.3,-260.9,46.4,47.4,1→4,111.0
116372,556,2,3,0,0,0.0,0,0,0.0,0.0,0.0,0.0,0.0,0,0,0,0,20.7,0.0,46.3,0.0,2→3,111.0
116372,556,2,4,0,0,0.0,0,0,0.0,0.0,0.0,0.0,0.0,0,0,0,0,20.7,0.0,46.3,0.0,2→4,111.0
116372,556,3,4,1,-8359,4.79,8370,8752,39.2701,41.0653,41.0063,3.6646,-77.08,377216457780,377376218130,160313761670,160473505280,-267.7,-260.9,45.6,47.4,3→4,111.0
116572,557,1,2,0,0,0.0,0,0,0.0,0.0,0.0,0.0,0.0,0,0,0,0,-256.3,0.0,46.4,0.0,1→2,111.2
116572,557,1,3,1,-74690,42.81,5422,8841,25.4387,41.4824,41.4234,18.2522,-78.1,769186032692,769345787208,384795085641,384954829312,-256.3,-267.7,46.4,44.6,1→3,111.2
116572,557,1,4,1,-82871,47.5,4862,8655,22.8114,40.6097,40.4667,18.9209,-69.39,770463820340,770623573987,169170272333,169330016256,-256.3,-260.9,46.4,47.4,1→4,111.2
116572,557,2,3,0,0,0.0,0,0,0.0,0.0,0.0,0.0,0.0,0,0,0,0,20.7,0.0,46.3,0.0,2→3,111.2
116572,557,2,4,0,0,0.0,0,0,0.0,0.0,0.0,0.0,0.0,0,0,0,0,20.7,0.0,46.3,0.0,2→4,111.2
116572,557,3,4,1,-8336,4.78,8371,8753,39.2748,41.0674,41.0084,3.6667,-78.31,389996698164,390156458838,173094061637,173253805568,-267.7,-260.9,44.6,47.4,3→4,111.2
116772,558,1,2,0,0,0.0,0,0,0.0,0.0,0.0,0.0,0.0,0,0,0,0,-256.3,0.0,46.4,0.0,1→2,111.4
116772,558,1,3,1,-74793,42.87,5431,8855,25.481,41.5467,41.4377,18.2665,-74.67,781964693556,782124448112,397574293299,397734036992,-256.3,-267.7,46.4,44.6,1→3,111.4
116772,558,1,4,1,-82880,47.5,4863,8656,22.816,40.6163,40.4533,18.9075,-68.83,783242729012,783402482485,181949787389,182109531136,-256.3,-260.9,46.4,47.4,1→4,111.4
116772,558,2,3,0,0,0.0,0,0,0.0,0.0,0.0,0.0,0.0,0,0,0,0,20.7,0.0,46.3,0.0,2→3,111.4
116772,558,2,4,0,0,0.0,0,0,0.0,0.0,0.0,0.0,0.0,0,0,0,0,20.7,0.0,46.3,0.0,2→4,111.4
116772,558,3,4,1,-8285,4.75,8366,8745,39.2513,41.033,40.949,3.6073,-76.55,402775452724,402935213194,185872875783,186032619520,-267.7,-260.9,44.6,47.4,3→4,111.4
116972,559,1,2,0,0,0.0,0,0,0.0,0.0,0.0,0.0,0.0,0,0,0,0,-256.3,0.0,46.4,0.0,1→2,111.6
116972,559,1,3,1,-74739,42.83,5421,8842,25.4341,41.4882,41.3792,18.208,-73.48,794743441460,794903195997,410353588018,410513331712,-256.3,-267.7,46.4,44.6,1→3,111.6
116972,559,1,4,1,-82848,47.48,4861,8653,22.8067,40.6024,40.4594,18.9136,-70.0,796021444660,796181197916,194729109459,194888852992,-256.3,-260.9,46.4,47.4,1→4,111.6
116972,559,2,3,0,0,0.0,0,0,0.0,0.0,0.0,0.0,0.0,0,0,0,0,20.7,0.0,46.3,0.0,2→3,111.6
116972,559,2,4,0,0,0.0,0,0,0.0,0.0,0.0,0.0,0.0,0,0,0,0,20.7,0.0,46.3,0.0,2→4,111.6
116972,559,3,4,1,-8272,4.74,8364,8742,39.2419,41.0185,40.9595,3.6178,-77.66,415554484276,415714244558,198651966910,198811710464,-267.7,-260.9,44.6,47.4,3→4,111.6
117172,560,1,2,0,0,0.0,0,0,0.0,0.0,0.0,0.0,0.0,0,0,0,0,-256.3,0.0,46.4,0.0,1→2,111.8
117172,560,1,3,1,-74745,42.84,5429,8850,25.4716,41.5247,41.4407,18.2695,-75.32,807522189364,807681943826,423132882828,423292626432,-256.3,-267.7,46.4,44.6,1→3,111.8
117172,560,1,4,1,-82826,47.47,4855,8646,22.7785,40.5672,40.4042,18.8584,-68.78,808800087092,808959840580,207508358366,207668102144,-256.3,-260.9,46.4,47.4,1→4,111.8
117172,560,2,3,0,0,0.0,0,0,0.0,0.0,0.0,0.0,0.0,0,0,0,0,20.7,0.0,46.3,0.0,2→3,111.8
117172,560,2,4,0,0,0.0,0,0,0.0,0.0,0.0,0.0,0.0,0,0,0,0,20.7,0.0,46.3,0.0,2→4,111.8
117172,560,3,4,1,-8308,4.76,8371,8751,39.2748,41.0591,41.0001,3.6584,-77.62,428334386740,428494147340,211431928974,211591672832,-267.7,-260.9,44.6,47.4,3→4,111.8
117372,561,1,2,0,0,0.0,0,0,0.0,0.0,0.0,0.0,0.0,0,0,0,0,-256.3,0.0,46.4,0.0,1→2,112.0
117372,561,1,3,1,-74796,42.87,5420,8844,25.4294,41.4957,41.4367,18.2655,-77.21,820300937268,820460691616,435912177645,436071921152,-256.3,-267.7,46.4,44.6,1→3,112.0
117372,561,1,4,1,-82904,47.51,4856,8651,22.7832,40.5887,40.4457,18.8999,-69.18,821578940468,821738694143,220287818277,220447562240,-256.3,-260.9,46.4,47.4,1→4,112.0
117372,561,2,3,0,0,0.0,0,0,0.0,0.0,0.0,0.0,0.0,0,0,0,0,20.7,0.0,46.3,0.0,2→3,112.0
117372,561,2,4,0,0,0.0,0,0,0.0,0.0,0.0,0.0,0.0,0,0,0,0,20.7,0.0,46.3,0.0,2→4,112.0
117372,561,3,4,1,-8299,4.76,8368,8747,39.2607,41.0431,41.0121,3.6704,-79.09,441112173108,441271933495,224209774941,224369518592,-267.7,-260.9,44.6,47.4,3→4,112.0
117572,562,1,2,0,0,0.0,0,0,0.0,0.0,0.0,0.0,0.0,0,0,0,0,-256.3,0.0,46.4,0.0,1→2,112.2
117572,562,1,3,1,-74743,42.84,5424,8845,25.4481,41.5032,41.4192,18.248,-76.01,833079685172,833239439887,448691472518,448851216384,-256.3,-267.7,46.4,44.6,1→3,112.2
117572,562,1,4,1,-82905,47.51,4856,8651,22.7832,40.5888,40.4458,18.9,-69.98,834357691956,834517445242,233067176362,233226919936,-256.3,-260.9,46.4,47.4,1→4,112.2
117572,562,2,3,0,0,0.0,0,0,0.0,0.0,0.0,0.0,0.0,0,0,0,0,20.7,0.0,46.3,0.0,2→3,112.2
117572,562,2,4,0,0,0.0,0,0,0.0,0.0,0.0,0.0,0.0,0,0,0,0,20.7,0.0,46.3,0.0,2→4,112.2
117572,562,3,4,1,-8336,4.78,8364,8745,39.2419,41.0323,40.9733,3.6316,-77.88,453893661748,454053422384,236991323228,237151067136,-267.7,-260.9,44.6,47.4,3→4,112.2
117772,563,1,2,0,0,0.0,0,0,0.0,0.0,0.0,0.0,0.0,0,0,0,0,-256.3,0.0,46.4,0.0,1→2,112.4
117772,563,1,3,1,-74793,42.87,5428,8851,25.4669,41.5303,41.4713,18.3001,-77.3,845858587700,846018342223,461470922061,461630665728,-256.3,-267.7,46.4,45.6,1→3,112.4
117772,563,1,4,1,-82936,47.53,4856,8653,22.7832,40.5978,40.4548,18.909,-69.23,847136116788,847295870144,245846207845,246005951488,-256.3,-260.9,46.4,47.4,1→4,112.4
117772,563,2,3,0,0,0.0,0,0,0.0,0.0,0.0,0.0,0.0,0,0,0,0,20.7,0.0,46.3,0.0,2→3,112.4
117772,563,2,4,0,0,0.0,0,0,0.0,0.0,0.0,0.0,0.0,0,0,0,0,20.7,0.0,46.3,0.0,2→4,112.4
117772,563,3,4,1,-8325,4.77,8365,8746,39.2466,41.0369,40.9779,3.6362,-78.0,466672268340,466832028708,249769989483,249929733120,-267.7,-260.9,45.6,47.4,3→4,112.4
117972,564,1,2,0,0,0.0,0,0,0.0,0.0,0.0,0.0,0.0,0,0,0,0,-256.3,0.0,46.4,0.0,1→2,112.6
117972,564,1,3,1,-74798,42.87,5424,8847,25.4481,41.5126,41.4286,18.2574,-75.8,858637180980,858796935791,474250062373,474409806336,-256.3,-267.7,46.4,45.6,1→3,112.6
117972,564,1,4,1,-82907,47.52,4860,8655,22.802,40.608,40.465,18.9192,-69.87,859915215924,860074969254,258625913734,258785657344,-256.3,-260.9,46.4,47.4,1→4,112.6
117972,564,2,3,0,0,0.0,0,0,0.0,0.0,0.0,0.0,0.0,0,0,0,0,20.7,0.0,46.3,0.0,2→3,112.6
117972,564,2,4,0,0,0.0,0,0,0.0,0.0,0.0,0.0,0.0,0,0,0,0,20.7,0.0,46.3,0.0,2→4,112.6
117972,564,3,4,1,-8289,4.75,8368,8747,39.2607,41.0409,40.9819,3.6402,-77.54,479449700404,479609461012,262547481216,262707225088,-267.7,-260.9,45.6,47.4,3→4,112.6
118172,565,1,2,0,0,0.0,0,0,0.0,0.0,0.0,0.0,0.0,0,0,0,0,-256.3,0.0,46.4,0.0,1→2,112.8
118172,565,1,3,1,-74813,42.88,5421,8846,25.4341,41.5041,41.3951,18.2239,-73.94,871415928372,871575682902,487029356857,487189100544,-256.3,-267.7,46.4,45.6,1→3,112.8
118172,565,1,4,1,-82924,47.53,4859,8654,22.7973,40.607,40.464,18.9182,-69.47,872693932084,872853685352,271405236674,271564980224,-256.3,-260.9,46.4,47.4,1→4,112.8
118172,565,2,3,0,0,0.0,0,0,0.0,0.0,0.0,0.0,0.0,0,0,0,0,20.7,0.0,46.3,0.0,2→3,112.8
118172,565,2,4,0,0,0.0,0,0,0.0,0.0,0.0,0.0,0.0,0,0,0,0,20.7,0.0,46.3,0.0,2→4,112.8
118172,565,3,4,1,-8339,4.78,8368,8749,39.2607,41.0517,40.9677,3.626,-76.71,492231582772,492391343063,275329423293,275489166848,-267.7,-260.9,45.6,47.4,3→4,112.8
118372,566,1,2,0,0,0.0,0,0,0.0,0.0,0.0,0.0,0.0,0,0,0,0,-256.3,0.0,46.4,0.0,1→2,113.0
118372,566,1,3,1,-74780,42.86,5431,8854,25.481,41.5416,41.4576,18.2864,-75.36,884194676276,884354430996,499808651918,499968395776,-256.3,-267.7,46.4,45.6,1→3,113.0
118372,566,1,4,1,-82857,47.49,4853,8646,22.7691,40.5668,40.4238,18.878,-70.07,885472254516,885632008165,284184165946,284343909888,-256.3,-260.9,46.4,46.4,1→4,113.0
118372,566,2,3,0,0,0.0,0,0,0.0,0.0,0.0,0.0,0.0,0,0,0,0,20.7,0.0,46.3,0.0,2→3,113.0
118372,566,2,4,0,0,0.0,0,0,0.0,0.0,0.0,0.0,0.0,0,0,0,0,20.7,0.0,46.3,0.0,2→4,113.0
118372,566,3,4,1,-8387,4.81,8369,8753,39.2654,41.069,41.01,3.6683,-77.55,505009688628,505169449096,288107588879,288267332608,-267.7,-260.9,45.6,46.4,3→4,113.0
118572,567,1,2,0,0,0.0,0,0,0.0,0.0,0.0,0.0,0.0,0,0,0,0,-256.3,0.0,46.4,0.0,1→2,113.2
118572,567,1,3,1,-74755,42.84,5423,8845,25.4434,41.4987,41.4397,18.2685,-77.39,896973423668,897133178020,512587946478,512747689984,-256.3,-267.7,46.4,45.6,1→3,113.2
118572,567,1,4,1,-82894,47.51,4855,8649,22.7785,40.5818,40.4388,18.893,-69.01,898251459124,898411212545,296963977505,297123721216,-256.3,-260.9,46.4,46.4,1→4,113.2
118572,567,2,3,0,0,0.0,0,0,0.0,0.0,0.0,0.0,0.0,0,0,0,0,20.7,0.0,46.3,0.0,2→3,113.2
118572,567,2,4,0,0,0.0,0,0,0.0,0.0,0.0,0.0,0.0,0,0,0,0,20.7,0.0,46.3,0.0,2→4,113.2
118572,567,3,4,1,-8333,4.78,8369,8750,39.2654,41.0551,40.9961,3.6544,-77.74,517789068852,517948829466,300887028860,301046772736,-267.7,-260.9,45.6,46.4,3→4,113.2
118772,568,1,2,0,0,0.0,0,0,0.0,0.0,0.0,0.0,0.0,0,0,0,0,-256.3,0.0,46.4,0.0,1→2,113.4
118772,568,1,3,1,-74808,42.87,5426,8850,25.4575,41.5241,41.4401,18.2689,-75.76,909752171572,909911926073,525367241567,525526985216,-256.3,-267.7,46.4,45.6,1→3,113.4
118772,568,1,4,1,-82938,47.53,4858,8654,22.7926,40.6053,40.4623,18.9165,-70.15,911030069300,911189822977,309743194663,309902938624,-256.3,-260.9,46.4,46.4,1→4,113.4
118772,568,2,3,0,0,0.0,0,0,0.0,0.0,0.0,0.0,0.0,0,0,0,0,20.7,0.0,46.3,0.0,2→3,113.4
118772,568,2,4,0,0,0.0,0,0,0.0,0.0,0.0,0.0,0.0,0,0,0,0,20.7,0.0,46.3,0.0,2→4,113.4
118772,568,3,4,1,-8270,4.74,8369,8748,39.2654,41.0439,41.0129,3.6712,-79.53,530567405620,530727166344,313665425423,313825169408,-267.7,-260.9,45.6,46.4,3→4,113.4
118972,569,1,2,0,0,0.0,0,0,0.0,0.0,0.0,0.0,0.0,0,0,0,0,-256.3,0.0,46.4,0.0,1→2,113.6
118972,569,1,3,1,-74790,42.86,5425,8848,25.4528,41.5156,41.4316,18.2604,-76.05,922530813492,922690568112,538146430694,538306174464,-256.3,-267.7,46.4,44.6,1→3,113.6
118972,569,1,4,1,-82935,47.53,4851,8647,22.7597,40.5718,40.4288,18.883,-69.68,923809143860,923968897191,322522876275,322682619904,-256.3,-260.9,46.4,47.4,1→4,113.6
118972,569,2,3,0,0,0.0,0,0,0.0,0.0,0.0,0.0,0.0,0,0,0,0,20.7,0.0,46.3,0.0,2→3,113.6
118972,569,2,4,0,0,0.0,0,0,0.0,0.0,0.0,0.0,0.0,0,0,0,0,20.7,0.0,46.3,0.0,2→4,113.6
118972,569,3,4,1,-8338,4.78,8361,8742,39.2278,41.0186,40.9876,3.6459,-79.86,543348178484,543507938724,326446258146,326606001664,-267.7,-260.9,44.6,47.4,3→4,113.6
119172,570,1,2,0,0,0.0,0,0,0.0,0.0,0.0,0.0,0.0,0,0,0,0,-256.3,0.0,46.4,0.0,1→2,113.8
119172,570,1,3,1,-74821,42.88,5424,8849,25.4481,41.5199,41.4359,18.2647,-75.84,935309666868,935469421593,550925831292,551085575168,-256.3,-267.7,46.4,44.6,1→3,113.8
119172,570,1,4,1,-82902,47.51,4854,8648,22.7738,40.5788,40.4358,18.89,-69.26,936587564596,936747318058,335301904118,335461647872,-256.3,-260.9,46.4,47.4,1→4,113.8
119172,570,2,3,0,0,0.0,0,0,0.0,0.0,0.0,0.0,0.0,0,0,0,0,20.7,0.0,46.3,0.0,2→3,113.8
119172,570,2,4,0,0,0.0,0,0,0.0,0.0,0.0,0.0,0.0,0,0,0,0,20.7,0.0,46.3,0.0,2→4,113.8
119172,570,3,4,1,-8280,4.75,8357,8736,39.2091,40.9874,40.9284,3.5867,-78.66,556126519860,556286280093,339224659425,339384402944,-267.7,-260.9,44.6,47.4,3→4,113.8
119372,571,1,2,0,0,0.0,0,0,0.0,0.0,0.0,0.0,0.0,0,0,0,0,-256.3,0.0,46.4,0.0,1→2,114.0
119372,571,1,3,1,-74782,42.86,5423,8846,25.4434,41.5045,41.4205,18.2493,-75.8,948088414260,948248169069,563705125925,563864869888,-256.3,-267.7,46.4,44.6,1→3,114.0
119372,571,1,4,1,-83010,47.57,4850,8650,22.7551,40.5856,40.4426,18.8968,-70.75,949366449716,949526203206,348081396435,348241140224,-256.3,-260.9,46.4,47.4,1→4,114.0
119372,571,2,3,0,0,0.0,0,0,0.0,0.0,0.0,0.0,0.0,0,0,0,0,20.7,0.0,46.3,0.0,2→3,114.0
119372,571,2,4,0,0,0.0,0,0,0.0,0.0,0.0,0.0,0.0,0,0,0,0,20.7,0.0,46.3,0.0,2→4,114.0
119372,571,3,4,1,-8350,4.79,8365,8747,39.2466,41.0423,40.9833,3.6416,-77.69,568904455220,569064215915,352002654756,352162398720,-267.7,-260.9,44.6,47.4,3→4,114.0
119572,572,1,2,0,0,0.0,0,0,0.0,0.0,0.0,0.0,0.0,0,0,0,0,-256.3,0.0,46.4,0.0,1→2,114.2
119572,572,1,3,1,-74746,42.84,5422,8843,25.4387,41.492,41.408,18.2368,-75.88,960867161652,961026916041,576484420551,576644164096,-256.3,-267.7,46.4,44.6,1→3,114.2
119572,572,1,4,1,-82969,47.55,4849,8647,22.7504,40.5721,40.4451,18.8993,-71.19,962144845364,962304598861,360860399306,361020143104,-256.3,-260.9,46.4,47.4,1→4,114.2
119572,572,2,3,0,0,0.0,0,0,0.0,0.0,0.0,0.0,0.0,0,0,0,0,20.7,0.0,46.3,0.0,2→3,114.2
119572,572,2,4,0,0,0.0,0,0,0.0,0.0,0.0,0.0,0.0,0,0,0,0,20.7,0.0,46.3,0.0,2→4,114.2
119572,572,3,4,1,-8363,4.79,8360,8742,39.2231,41.0193,40.9603,3.6186,-77.59,581686085172,581845845742,364784344726,364944088576,-267.7,-260.9,44.6,47.4,3→4,114.2
119772,573,1,2,0,0,0.0,0,0,0.0,0.0,0.0,0.0,0.0,0,0,0,0,-256.3,0.0,46.4,0.0,1→2,114.4
119772,573,1,3,1,-74789,42.86,5423,8846,25.4434,41.506,41.422,18.2508,-75.88,973645909044,973805663506,589263715200,589423458816,-256.3,-267.7,46.4,44.6,1→3,114.4
119772,573,1,4,1,-82958,47.55,4852,8649,22.7644,40.5815,40.4385,18.8927,-69.22,974923944500,975083697912,373640105764,373799849472,-256.3,-260.9,46.4,47.4,1→4,114.4
119772,573,2,3,0,0,0.0,0,0,0.0,0.0,0.0,0.0,0.0,0,0,0,0,20.7,0.0,46.3,0.0,2→3,114.4
119772,573,2,4,0,0,0.0,0,0,0.0,0.0,0.0,0.0,0.0,0,0,0,0,20.7,0.0,46.3,0.0,2→4,114.4
119772,573,3,4,1,-8306,4.76,8362,8742,39.2325,41.0164,40.9574,3.6157,-77.75,594463526452,594623286876,377561846060,377721589760,-267.7,-260.9,44.6,47.4,3→4,114.4
119972,574,1,2,0,0,0.0,0,0,0.0,0.0,0.0,0.0,0.0,0,0,0,0,-256.3,0.0,46.4,0.0,1→2,114.6
119972,574,1,3,1,-74809,42.87,5421,8845,25.4341,41.5009,41.4169,18.2457,-75.56,986424656436,986584410941,602043009873,602202753536,-256.3,-267.7,46.4,44.6,1→3,114.6
119972,574,1,4,1,-83047,47.6,4848,8650,22.7457,40.5841,40.4411,18.8953,-69.87,987702691892,987862445166,386419460519,386579204096,-256.3,-260.9,46.4,47.4,1→4,114.6
119972,574,2,3,0,0,0.0,0,0,0.0,0.0,0.0,0.0,0.0,0,0,0,0,20.7,0.0,46.3,0.0,2→3,114.6
119972,574,2,4,0,0,0.0,0,0,0.0,0.0,0.0,0.0,0.0,0,0,0,0,20.7,0.0,46.3,0.0,2→4,114.6
119972,574,3,4,1,-8319,4.77,8368,8749,39.2607,41.0497,40.9907,3.649,-78.05,607243843636,607403603866,390342223355,390501966848,-267.7,-260.9,44.6,47.4,3→4,114.6
120172,575,1,2,0,0,0.0,0,0,0.0,0.0,0.0,0.0,0.0,0,0,0,0,-256.3,0.0,46.4,0.0,1→2,114.8
120172,575,1,3,1,-74807,42.87,5423,8847,25.4434,41.5098,41.4258,18.2546,-75.84,999203403828,999363158340,614822304590,614982048256,-256.3,-267.7,46.4,44.6,1→3,114.8
120172,575,1,4,1,-83042,47.59,4848,8649,22.7457,40.5807,40.4377,18.8919,-69.68,1000481407540,1000641161112,399198783612,399358527488,-256.3,-260.9,46.4,46.4,1→4,114.8
120172,575,2,3,0,0,0.0,0,0,0.0,0.0,0.0,0.0,0.0,0,0,0,0,20.7,0.0,46.3,0.0,2→3,114.8
120172,575,2,4,0,0,0.0,0,0,0.0,0.0,0.0,0.0,0.0,0,0,0,0,20.7,0.0,46.3,0.0,2→4,114.8
120172,575,3,4,1,-8406,4.82,8363,8748,39.2372,41.0449,40.9859,3.6442,-77.87,620023717940,620183478454,403122157781,403281901568,-267.7,-260.9,44.6,46.4,3→4,114.8
120372,576,1,2,0,0,0.0,0,0,0.0,0.0,0.0,0.0,0.0,0,0,0,0,-256.3,0.0,46.4,0.0,1→2,115.0
120372,576,1,3,1,-74780,42.86,5420,8843,25.4294,41.49,41.431,18.2598,-77.52,1011982151220,1012141905716,627601599320,627761342976,-256.3,-267.7,46.4,44.6,1→3,115.0
120372,576,1,4,1,-83042,47.59,4854,8655,22.7738,40.6112,40.4682,18.9224,-69.31,1013260154932,1013419908245,411978138508,412137882112,-256.3,-260.9,46.4,46.4,1→4,115.0
120372,576,2,3,0,0,0.0,0,0,0.0,0.0,0.0,0.0,0.0,0,0,0,0,20.7,0.0,46.3,0.0,2→3,115.0
120372,576,2,4,0,0,0.0,0,0,0.0,0.0,0.0,0.0,0.0,0,0,0,0,20.7,0.0,46.3,0.0,2→4,115.0
120372,576,3,4,1,-8405,4.82,8366,8750,39.2513,41.0564,40.9975,3.6558,-78.92,632803482164,632963242417,415901982175,416061725696,-267.7,-260.9,44.6,46.4,3→4,115.0
120572,577,1,2,0,0,0.0,0,0,0.0,0.0,0.0,0.0,0.0,0,0,0,0,-256.3,0.0,46.4,0.0,1→2,115.2
120572,577,1,3,1,-74789,42.86,5426,8849,25.4575,41.5201,41.4361,18.2649,-76.64,1024760898100,1024920652558,640380893578,640540637184,-256.3,-267.7,46.4,44.6,1→3,115.2
120572,577,1,4,1,-82955,47.54,4849,8646,22.7504,40.5691,40.4261,18.8803,-69.52,1026038984244,1026198737724,424757575387,424917319168,-256.3,-260.9,46.4,46.4,1→4,115.2
120572,577,2,3,0,0,0.0,0,0,0.0,0.0,0.0,0.0,0.0,0,0,0,0,20.7,0.0,46.3,0.0,2→3,115.2
120572,577,2,4,0,0,0.0,0,0,0.0,0.0,0.0,0.0,0.0,0,0,0,0,20.7,0.0,46.3,0.0,2→4,115.2
120572,577,3,4,1,-8362,4.79,8371,8754,39.2748,41.073,41.014,3.6723,-77.84,645581225524,645740986001,428679785738,428839529472,-267.7,-260.9,44.6,46.4,3→4,115.2
120772,578,1,2,0,0,0.0,0,0,0.0,0.0,0.0,0.0,0.0,0,0,0,0,-256.3,0.0,47.4,0.0,1→2,115.4
120772,578,1,3,1,-74820,42.88,5419,8843,25.4247,41.4939,41.4099,18.2387,-76.3,1037539800628,1037699555030,653160343476,653320087040,-256.3,-267.7,47.4,44.6,1→3,115.4
120772,578,1,4,1,-83067,47.61,4850,8652,22.7551,40.5955,40.4525,18.9067,-70.1,1038817734708,1038977488315,437536933469,437696677376,-256.3,-260.9,47.4,47.4,1→4,115.4
120772,578,2,3,0,0,0.0,0,0,0.0,0.0,0.0,0.0,0.0,0,0,0,0,20.7,0.0,46.3,0.0,2→3,115.4
120772,578,2,4,0,0,0.0,0,0,0.0,0.0,0.0,0.0,0.0,0,0,0,0,20.7,0.0,46.3,0.0,2→4,115.4
120772,578,3,4,1,-8362,4.79,8365,8747,39.2466,41.0425,40.9835,3.6418,-78.39,658361214516,658520975130,441459834996,441619578880,-267.7,-260.9,44.6,47.4,3→4,115.4
120972,579,1,2,0,0,0.0,0,0,0.0,0.0,0.0,0.0,0.0,0,0,0,0,-256.3,0.0,47.4,0.0,1→2,115.6
120972,579,1,3,1,-74761,42.85,5427,8849,25.4622,41.5211,41.4371,18.2659,-75.44,1050318393396,1050478147768,665939483619,666099227136,-256.3,-267.7,47.4,44.6,1→3,115.6
120972,579,1,4,1,-83083,47.62,4850,8653,22.7551,40.6013,40.4583,18.9125,-69.0,1051596479028,1051756232710,450316285459,450476029440,-256.3,-260.9,47.4,47.4,1→4,115.6
120972,579,2,3,0,0,0.0,0,0,0.0,0.0,0.0,0.0,0.0,0,0,0,0,20.7,0.0,46.3,0.0,2→3,115.6
120972,579,2,4,0,0,0.0,0,0,0.0,0.0,0.0,0.0,0.0,0,0,0,0,20.7,0.0,46.3,0.0,2→4,115.6
120972,579,3,4,1,-8446,4.84,8371,8758,39.2748,41.0911,41.0321,3.6904,-78.74,671165611060,671325371661,454264291982,454424035840,-267.7,-260.9,44.6,47.4,3→4,115.6
121172,580,1,2,0,0,0.0,0,0,0.0,0.0,0.0,0.0,0.0,0,0,0,0,-256.3,0.0,47.4,0.0,1→2,115.8
121172,580,1,3,1,-74724,42.83,5419,8840,25.4247,41.4756,41.3916,18.2204,-75.84,1063097140276,1063256894607,678718777852,678878521344,-256.3,-267.7,47.4,44.6,1→3,115.8
121172,580,1,4,1,-83024,47.58,4853,8653,22.7691,40.6003,40.4573,18.9115,-69.57,1064375174708,1064534927912,463095588854,463255332352,-256.3,-260.9,47.4,47.4,1→4,115.8
121172,580,2,3,0,0,0.0,0,0,0.0,0.0,0.0,0.0,0.0,0,0,0,0,20.7,0.0,46.3,0.0,2→3,115.8
121172,580,2,4,0,0,0.0,0,0,0.0,0.0,0.0,0.0,0.0,0,0,0,0,20.7,0.0,46.3,0.0,2→4,115.8
121172,580,3,4,1,-8387,4.81,8365,8749,39.2466,41.0502,40.9912,3.6495,-78.34,683916984372,684076744639,467015725520,467175469056,-267.7,-260.9,44.6,47.4,3→4,115.8
121372,581,1,2,0,0,0.0,0,0,0.0,0.0,0.0,0.0,0.0,0,0,0,0,-256.3,0.0,47.4,0.0,1→2,116.0
121372,581,1,3,1,-74784,42.86,5420,8843,25.4294,41.4909,41.4069,18.2357,-75.56,1075875887668,1076035642462,691498072622,691657816576,-256.3,-267.7,47.4,45.6,1→3,116.0
121372,581,1,4,1,-83042,47.59,4852,8653,22.7644,40.6019,40.4589,18.9131,-69.93,1077153785396,1077313539094,475874807303,476034551296,-256.3,-260.9,47.4,47.4,1→4,116.0
121372,581,2,3,0,0,0.0,0,0,0.0,0.0,0.0,0.0,0.0,0,0,0,0,20.7,0.0,46.3,0.0,2→3,116.0
121372,581,2,4,0,0,0.0,0,0,0.0,0.0,0.0,0.0,0.0,0,0,0,0,20.7,0.0,46.3,0.0,2→4,116.0
121372,581,3,4,1,-8476,4.86,8365,8753,39.2466,41.0694,41.0104,3.6687,-78.64,696712574516,696872335218,479811376157,479971120128,-267.7,-260.9,45.6,47.4,3→4,116.0
121572,582,1,2,0,0,0.0,0,0,0.0,0.0,0.0,0.0,0.0,0,0,0,0,-256.3,0.0,47.4,0.0,1→2,116.2
121572,582,1,3,1,-74826,42.88,5426,8851,25.4575,41.5304,41.4464,18.2752,-75.6,1088654635060,1088814389821,704277367388,704437111296,-256.3,-267.7,47.4,45.6,1→3,116.2
121572,582,1,4,1,-83070,47.61,4852,8655,22.7644,40.6079,40.4649,18.9191,-69.81,1089932670004,1090092423619,488654299738,488814043648,-256.3,-260.9,47.4,47.4,1→4,116.2
121572,582,2,3,0,0,0.0,0,0,0.0,0.0,0.0,0.0,0.0,0,0,0,0,20.7,0.0,46.3,0.0,2→3,116.2
121572,582,2,4,0,0,0.0,0,0,0.0,0.0,0.0,0.0,0.0,0,0,0,0,20.7,0.0,46.3,0.0,2→4,116.2
121572,582,3,4,1,-8424,4.83,8363,8749,39.2372,41.0488,40.9898,3.6481,-78.71,709477884468,709637645183,492576746508,492736490496,-267.7,-260.9,45.6,47.4,3→4,116.2
121772,583,1,2,0,0,0.0,0,0,0.0,0.0,0.0,0.0,0.0,0,0,0,0,-256.3,0.0,47.4,0.0,1→2,116.4
121772,583,1,3,1,-74870,42.91,5426,8853,25.4575,41.5398,41.4558,18.2846,-75.76,1921754164,2081508896,717056661625,717216405504,-256.3,-267.7,47.4,45.6,1→3,116.4
121772,583,1,4,1,-83064,47.61,4852,8654,22.7644,40.6042,40.4772,18.9314,-71.05,3199788596,3359542106,501433653954,501593397760,-256.3,-260.9,47.4,47.4,1→4,116.4
121772,583,2,3,0,0,0.0,0,0,0.0,0.0,0.0,0.0,0.0,0,0,0,0,20.7,0.0,46.3,0.0,2→3,116.4
121772,583,2,4,0,0,0.0,0,0,0.0,0.0,0.0,0.0,0.0,0,0,0,0,20.7,0.0,46.3,0.0,2→4,116.4
121772,583,3,4,1,-8402,4.82,8365,8750,39.2466,41.0535,40.9945,3.6528,-78.4,722259971124,722419731736,505358893687,505518637568,-267.7,-260.9,45.6,47.4,3→4,116.4
121972,584,1,2,0,0,0.0,0,0,0.0,0.0,0.0,0.0,0.0,0,0,0,0,-256.3,0.0,47.4,0.0,1→2,116.6
121972,584,1,3,1,-74820,42.88,5427,8852,25.4622,41.5338,41.4498,18.2786,-76.38,14700501556,14860256271,729835956364,729995700224,-256.3,-267.7,47.4,45.6,1→3,116.6
121972,584,1,4,1,-83111,47.63,4849,8654,22.7504,40.6026,40.4596,18.9138,-69.51,15978536500,16138289858,514213009749,514372753408,-256.3,-260.9,47.4,47.4,1→4,116.6
121972,584,2,3,0,0,0.0,0,0,0.0,0.0,0.0,0.0,0.0,0,0,0,0,20.7,0.0,46.3,0.0,2→3,116.6
121972,584,2,4,0,0,0.0,0,0,0.0,0.0,0.0,0.0,0.0,0,0,0,0,20.7,0.0,46.3,0.0,2→4,116.6
121972,584,3,4,1,-8477,4.86,8367,8755,39.256,41.0766,41.0176,3.6759,-78.4,735038613556,735198374032,518137596674,518297340416,-267.7,-260.9,45.6,47.4,3→4,116.6
122172,585,1,2,0,0,0.0,0,0,0.0,0.0,0.0,0.0,0.0,0,0,0,0,-256.3,0.0,47.4,0.0,1→2,116.8
122172,585,1,3,1,-74756,42.84,5420,8842,25.4294,41.4848,41.4008,18.2296,-75.48,27479248436,27639003120,742615250588,742774994432,-256.3,-267.7,47.4,45.6,1→3,116.8
122172,585,1,4,1,-83053,47.6,4850,8651,22.7551,40.5925,40.4495,18.9037,-69.6,28757252148,28917005816,526992333344,527152077312,-256.3,-260.9,47.4,47.4,1→4,116.8
122172,585,2,3,0,0,0.0,0,0,0.0,0.0,0.0,0.0,0.0,0,0,0,0,20.7,0.0,46.3,0.0,2→3,116.8
122172,585,2,4,0,0,0.0,0,0,0.0,0.0,0.0,0.0,0.0,0,0,0,0,20.7,0.0,46.3,0.0,2→4,116.8
122172,585,3,4,1,-8469,4.85,8362,8750,39.2325,41.0538,41.0228,3.6811,-79.16,747813888564,747973648866,530912932263,531072675840,-267.7,-260.9,45.6,47.4,3→4,116.8
122372,586,1,2,0,0,0.0,0,0,0.0,0.0,0.0,0.0,0.0,0,0,0,0,-256.3,0.0,47.4,0.0,1→2,117.0
122372,586,1,3,1,-74773,42.85,5424,8846,25.4481,41.5072,41.4482,18.277,-77.8,40257995828,40417750448,755394545380,755554289152,-256.3,-267.7,47.4,45.6,1→3,117.0
122372,586,1,4,1,-83061,47.6,4851,8653,22.7597,40.5989,40.4559,18.9101,-69.43,41536030260,41695783655,539771719475,539931463168,-256.3,-260.9,47.4,47.4,1→4,117.0
122372,586,2,3,0,0,0.0,0,0,0.0,0.0,0.0,0.0,0.0,0,0,0,0,20.7,0.0,46.3,0.0,2→3,117.0
122372,586,2,4,0,0,0.0,0,0,0.0,0.0,0.0,0.0,0.0,0,0,0,0,20.7,0.0,46.3,0.0,2→4,117.0
122372,586,3,4,1,-8380,4.8,8361,8744,39.2278,41.0276,40.9686,3.6269,-77.33,760597276212,760757036796,543696380554,543856124416,-267.7,-260.9,45.6,47.4,3→4,117.0
122572,587,1,2,0,0,0.0,0,0,0.0,0.0,0.0,0.0,0.0,0,0,0,0,-256.3,0.0,47.4,0.0,1→2,117.2
122572,587,1,3,1,-74789,42.86,5421,8845,25.4341,41.4989,41.4149,18.2437,-75.76,53036742708,53196497220,768173839691,768333583360,-256.3,-267.7,47.4,45.6,1→3,117.2
122572,587,1,4,1,-83114,47.63,4842,8647,22.7175,40.5704,40.4274,18.8816,-69.44,54314426420,54474179991,552550723698,552710467584,-256.3,-260.9,47.4,47.4,1→4,117.2
122572,587,2,3,0,0,0.0,0,0,0.0,0.0,0.0,0.0,0.0,0,0,0,0,20.7,0.0,46.3,0.0,2→3,117.2
122572,587,2,4,0,0,0.0,0,0,0.0,0.0,0.0,0.0,0.0,0,0,0,0,20.7,0.0,46.3,0.0,2→4,117.2
122572,587,3,4,1,-8415,4.82,8367,8752,39.256,41.0633,41.0043,3.6626,-78.03,773375483956,773535244292,556474648974,556634392576,-267.7,-260.9,45.6,47.4,3→4,117.2
122772,588,1,2,0,0,0.0,0,0,0.0,0.0,0.0,0.0,0.0,0,0,0,0,-256.3,0.0,47.4,0.0,1→2,117.4
122772,588,1,3,1,-74838,42.89,5419,8845,25.4247,41.5001,41.4161,18.2449,-75.88,65815489588,65975243976,780953134019,781112877568,-256.3,-267.7,47.4,45.6,1→3,117.4
122772,588,1,4,1,-83058,47.6,4843,8645,22.7222,40.5631,40.4201,18.8743,-69.57,67093525044,67253278709,565330430486,565490174464,-256.3,-260.9,47.4,47.4,1→4,117.4
122772,588,2,3,0,0,0.0,0,0,0.0,0.0,0.0,0.0,0.0,0,0,0,0,20.7,0.0,46.3,0.0,2→3,117.4
122772,588,2,4,0,0,0.0,0,0,0.0,0.0,0.0,0.0,0.0,0,0,0,0,20.7,0.0,46.3,0.0,2→4,117.4
122772,588,3,4,1,-8444,4.84,8350,8736,39.1762,40.9898,40.9308,3.5891,-77.43,786155090484,786314851031,569254316185,569414060032,-267.7,-260.9,45.6,47.4,3→4,117.4
122972,589,1,2,0,0,0.0,0,0,0.0,0.0,0.0,0.0,0.0,0,0,0,0,-256.3,0.0,47.4,0.0,1→2,117.6
122972,589,1,3,1,-74724,42.83,5422,8843,25.4387,41.4897,41.4057,18.2345,-75.72,78594236980,78753991747,793732428878,793892172800,-256.3,-267.7,47.4,45.6,1→3,117.6
122972,589,1,4,1,-83116,47.64,4851,8655,22.7597,40.6107,40.4677,18.9219,-69.68,79872307252,80032060484,578109820886,578269564416,-256.3,-260.9,47.4,47.4,1→4,117.6
122972,589,2,3,0,0,0.0,0,0,0.0,0.0,0.0,0.0,0.0,0,0,0,0,20.7,0.0,46.3,0.0,2→3,117.6
122972,589,2,4,0,0,0.0,0,0,0.0,0.0,0.0,0.0,0.0,0,0,0,0,20.7,0.0,46.3,0.0,2→4,117.6
122972,589,3,4,1,-8445,4.84,8364,8750,39.2419,41.0557,40.9967,3.655,-78.72,798933827124,799093587388,582033113552,582192857088,-267.7,-260.9,45.6,47.4,3→4,117.6
123172,590,1,2,0,0,0.0,0,0,0.0,0.0,0.0,0.0,0.0,0,0,0,0,-256.3,0.0,46.4,0.0,1→2,117.8
123172,590,1,3,1,-74865,42.91,5418,8845,25.42,41.5012,41.4172,18.246,-76.42,91372983860,91532738472,806511723233,806671467008,-256.3,-267.7,46.4,44.6,1→3,117.8
123172,590,1,4,1,-83180,47.67,4851,8658,22.7597,40.6244,40.4814,18.9356,-70.52,92650987060,92810740328,590889108914,591048852480,-256.3,-260.9,46.4,47.4,1→4,117.8
123172,590,2,3,0,0,0.0,0,0,0.0,0.0,0.0,0.0,0.0,0,0,0,0,20.7,0.0,46.3,0.0,2→3,117.8
123172,590,2,4,0,0,0.0,0,0,0.0,0.0,0.0,0.0,0.0,0,0,0,0,20.7,0.0,46.3,0.0,2→4,117.8
123172,590,3,4,1,-8462,4.85,8358,8745,39.2138,41.0312,40.9722,3.6305,-77.08,811712737844,811872498282,594812085014,594971828736,-267.7,-260.9,44.6,47.4,3→4,117.8
123372,591,1,2,0,0,0.0,0,0,0.0,0.0,0.0,0.0,0.0,0,0,0,0,-256.3,0.0,46.4,0.0,1→2,118.0
123372,591,1,3,1,-74850,42.9,5428,8854,25.4669,41.5449,41.4609,18.2897,-75.6,104151730740,104311485190,819291017623,819450761216,-256.3,-267.7,46.4,44.6,1→3,118.0
123372,591,1,4,1,-83101,47.63,4842,8646,22.7175,40.5676,40.4246,18.8788,-69.81,105429766196,105589519443,603668496310,603828239872,-256.3,-260.9,46.4,47.4,1→4,118.0
123372,591,2,3,0,0,0.0,0,0,0.0,0.0,0.0,0.0,0.0,0,0,0,0,20.7,0.0,46.3,0.0,2→3,118.0
123372,591,2,4,0,0,0.0,0,0,0.0,0.0,0.0,0.0,0.0,0,0,0,0,20.7,0.0,46.3,0.0,2→4,118.0
123372,591,3,4,1,-8442,4.84,8360,8746,39.2231,41.0363,40.9773,3.6356,-77.97,824493265460,824653026036,607592673424,607752417280,-267.7,-260.9,44.6,47.4,3→4,118.0
123572,592,1,2,0,0,0.0,0,0,0.0,0.0,0.0,0.0,0.0,0,0,0,0,-256.3,0.0,46.4,0.0,1→2,118.2
123572,592,1,3,1,-74762,42.85,5420,8842,25.4294,41.4861,41.4021,18.2309,-75.96,116930477620,117090232380,832070312016,832230055936,-256.3,-267.7,46.4,44.6,1→3,118.2
123572,592,1,4,1,-83091,47.62,4846,8650,22.7363,40.5842,40.4412,18.8954,-70.18,118208375860,118368129053,616447714292,616607457792,-256.3,-260.9,46.4,47.4,1→4,118.2
123572,592,2,3,0,0,0.0,0,0,0.0,0.0,0.0,0.0,0.0,0,0,0,0,20.7,0.0,46.3,0.0,2→3,118.2
123572,592,2,4,0,0,0.0,0,0,0.0,0.0,0.0,0.0,0.0,0,0,0,0,20.7,0.0,46.3,0.0,2→4,118.2
123572,592,3,4,1,-8456,4.85,8355,8742,39.1997,41.0181,40.9341,3.5924,-76.99,837272807476,837432568175,620372276236,620532020224,-267.7,-260.9,44.6,47.4,3→4,118.2
123772,593,1,2,0,0,0.0,0,0,0.0,0.0,0.0,0.0,0.0,0,0,0,0,-256.3,0.0,47.4,0.0,1→2,118.4
123772,593,1,3,1,-74883,42.92,5422,8850,25.4387,41.5238,41.4398,18.2686,-75.55,129709379636,129869134191,844849761570,845009505280,-256.3,-267.7,47.4,45.6,1→3,118.4
123772,593,1,4,1,-83134,47.65,4845,8651,22.7316,40.5888,40.4618,18.916,-71.35,130987313716,131147067295,629227260528,629387004416,-256.3,-260.9,47.4,47.4,1→4,118.4
123772,593,2,3,0,0,0.0,0,0,0.0,0.0,0.0,0.0,0.0,0,0,0,0,20.7,0.0,46.3,0.0,2→3,118.4
123772,593,2,4,0,0,0.0,0,0,0.0,0.0,0.0,0.0,0.0,0,0,0,0,20.7,0.0,46.3,0.0,2→4,118.4
123772,593,3,4,1,-8496,4.87,8365,8753,39.2466,41.0713,41.0123,3.6706,-77.46,850052666932,850212427208,633152196550,633311940096,-267.7,-260.9,45.6,47.4,3→4,118.4
123972,594,1,2,0,0,0.0,0,0,0.0,0.0,0.0,0.0,0.0,0,0,0,0,-256.3,0.0,47.4,0.0,1→2,118.6
123972,594,1,3,1,-74823,42.88,5423,8848,25.4434,41.5157,41.4317,18.2605,-75.64,142487971892,142647726732,857628901383,857788645376,-256.3,-267.7,47.4,45.6,1→3,118.6
123972,594,1,4,1,-83141,47.65,4846,8651,22.7363,40.5926,40.4496,18.9038,-70.52,143766006836,143925760250,642006562070,642166305792,-256.3,-260.9,47.4,47.4,1→4,118.6
123972,594,2,3,0,0,0.0,0,0,0.0,0.0,0.0,0.0,0.0,0,0,0,0,20.7,0.0,46.3,0.0,2→3,118.6
123972,594,2,4,0,0,0.0,0,0,0.0,0.0,0.0,0.0,0.0,0,0,0,0,20.7,0.0,46.3,0.0,2→4,118.6
123972,594,3,4,1,-8447,4.84,8372,8759,39.2794,41.096,41.037,3.6953,-77.78,862830762036,862990522378,645930352531,646090096128,-267.7,-260.9,45.6,47.4,3→4,118.6
124172,595,1,2,0,0,0.0,0,0,0.0,0.0,0.0,0.0,0.0,0,0,0,0,-256.3,0.0,47.4,0.0,1→2,118.8
124172,595,1,3,1,-74768,42.85,5430,8852,25.4763,41.5343,41.4753,18.3041,-77.3,155266718772,155426473356,870408195860,870567939584,-256.3,-267.7,47.4,45.6,1→3,118.8
124172,595,1,4,1,-83078,47.61,4841,8644,22.7128,40.5579,40.4149,18.8691,-70.01,156544753204,156704506383,654785916920,654945660416,-256.3,-260.9,47.4,47.4,1→4,118.8
124172,595,2,3,0,0,0.0,0,0,0.0,0.0,0.0,0.0,0.0,0,0,0,0,20.7,0.0,46.3,0.0,2→3,118.8
124172,595,2,4,0,0,0.0,0,0,0.0,0.0,0.0,0.0,0.0,0,0,0,0,20.7,0.0,46.3,0.0,2→4,118.8
124172,595,3,4,1,-8456,4.85,8355,8742,39.1997,41.0158,40.9568,3.6151,-78.34,875608423476,875768183831,658708074851,658867818496,-267.7,-260.9,45.6,47.4,3→4,118.8
124372,596,1,2,0,0,0.0,0,0,0.0,0.0,0.0,0.0,0.0,0,0,0,0,-256.3,0.0,47.4,0.0,1→2,119.0
124372,596,1,3,1,-74855,42.9,5423,8850,25.4434,41.5225,41.4385,18.2673,-75.13,168045465652,168205220473,883187490330,883347234304,-256.3,-267.7,47.4,45.6,1→3,119.0
124372,596,1,4,1,-83133,47.65,4846,8652,22.7363,40.5932,40.4502,18.9044,-70.82,169323554356,169483307775,667565326610,667725070336,-256.3,-260.9,47.4,47.4,1→4,119.0
124372,596,2,3,0,0,0.0,0,0,0.0,0.0,0.0,0.0,0.0,0,0,0,0,20.7,0.0,46.3,0.0,2→3,119.0
124372,596,2,4,0,0,0.0,0,0,0.0,0.0,0.0,0.0,0.0,0,0,0,0,20.7,0.0,46.3,0.0,2→4,119.0
124372,596,3,4,1,-8476,4.86,8358,8746,39.2138,41.0365,40.9775,3.6358,-77.97,888390490676,888550251019,671490202998,671649946624,-267.7,-260.9,45.6,47.4,3→4,119.0
124572,597,1,2,0,0,0.0,0,0,0.0,0.0,0.0,0.0,0.0,0,0,0,0,-256.3,0.0,47.4,0.0,1→2,119.2
124572,597,1,3,1,-74899,42.93,5423,8852,25.4434,41.532,41.448,18.2768,-76.01,180824212532,180983967052,895966784839,896126528512,-256.3,-267.7,47.4,45.6,1→3,119.2
124572,597,1,4,1,-83159,47.66,4846,8652,22.7363,40.5965,40.4535,18.9077,-69.35,182102247476,182262001088,680344628304,680504372224,-256.3,-260.9,47.4,47.4,1→4,119.2
124572,597,2,3,0,0,0.0,0,0,0.0,0.0,0.0,0.0,0.0,0,0,0,0,20.7,0.0,46.3,0.0,2→3,119.2
124572,597,2,4,0,0,0.0,0,0,0.0,0.0,0.0,0.0,0.0,0,0,0,0,20.7,0.0,46.3,0.0,2→4,119.2
124572,597,3,4,1,-8495,4.87,8364,8752,39.2419,41.0664,41.0074,3.6657,-78.46,901167761972,901327522300,684267535248,684427278848,-267.7,-260.9,45.6,47.4,3→4,119.2
124772,598,1,2,0,0,0.0,0,0,0.0,0.0,0.0,0.0,0.0,0,0,0,0,-256.3,0.0,47.4,0.0,1→2,119.4
124772,598,1,3,1,-74787,42.86,5420,8843,25.4294,41.4938,41.4098,18.2386,-76.42,193602959412,193762714101,908746079384,908905823232,-256.3,-267.7,47.4,45.6,1→3,119.4
124772,598,1,4,1,-83160,47.66,4845,8651,22.7316,40.592,40.449,18.9032,-69.62,194880994356,195040747586,693123983820,693283727360,-256.3,-260.9,47.4,47.4,1→4,119.4
124772,598,2,3,0,0,0.0,0,0,0.0,0.0,0.0,0.0,0.0,0,0,0,0,20.7,0.0,46.3,0.0,2→3,119.4
124772,598,2,4,0,0,0.0,0,0,0.0,0.0,0.0,0.0,0.0,0,0,0,0,20.7,0.0,46.3,0.0,2→4,119.4
124772,598,3,4,1,-8455,4.85,8371,8758,39.2748,41.093,41.034,3.6923,-78.2,913947566132,914107326422,697047400389,697207143936,-267.7,-260.9,45.6,47.4,3→4,119.4
124972,599,1,2,0,0,0.0,0,0,0.0,0.0,0.0,0.0,0.0,0,0,0,0,-256.3,0.0,47.4,0.0,1→2,119.6
124972,599,1,3,1,-74875,42.91,5424,8851,25.4481,41.5292,41.4452,18.274,-76.59,206381705780,206541460618,921525373450,921685117440,-256.3,-267.7,47.4,45.6,1→3,119.6
124972,599,1,4,1,-83138,47.65,4842,8648,22.7175,40.5755,40.4325,18.8867,-69.78,207659741236,207819494545,705903339384,706063083008,-256.3,-260.9,47.4,47.4,1→4,119.6
124972,599,2,3,0,0,0.0,0,0,0.0,0.0,0.0,0.0,0.0,0,0,0,0,20.7,0.0,46.3,0.0,2→3,119.6
124972,599,2,4,0,0,0.0,0,0,0.0,0.0,0.0,0.0,0.0,0,0,0,0,20.7,0.0,46.3,0.0,2→4,119.6
124972,599,3,4,1,-8531,4.89,8361,8752,39.2278,41.0624,41.0314,3.6897,-79.43,926726801972,926886562185,709826697214,709986440704,-267.7,-260.9,45.6,47.4,3→4,119.6
125172,600,1,2,0,0,0.0,0,0,0.0,0.0,0.0,0.0,0.0,0,0,0,0,-256.3,0.0,47.4,0.0,1→2,119.8
125172,600,1,3,1,-74825,42.88,5422,8847,25.4387,41.5114,41.4274,18.2562,-76.17,219160452660,219320207102,934304668051,934464411648,-256.3,-267.7,47.4,45.6,1→3,119.8
125172,600,1,4,1,-83085,47.62,4844,8647,22.7269,40.5712,40.4442,18.8984,-71.3,220438350900,220598104257,718682557771,718842301440,-256.3,-260.9,47.4,47.4,1→4,119.8
125172,600,2,3,0,0,0.0,0,0,0.0,0.0,0.0,0.0,0.0,0,0,0,0,20.7,0.0,46.3,0.0,2→3,119.8
125172,600,2,4,0,0,0.0,0,0,0.0,0.0,0.0,0.0,0.0,0,0,0,0,20.7,0.0,46.3,0.0,2→4,119.8
125172,600,3,4,1,-8492,4.87,8360,8749,39.2231,41.0493,40.9903,3.6486,-78.76,939503632436,939663393103,722603588662,722763332608,-267.7,-260.9,45.6,47.4,3→4,119.8
125372,601,1,2,0,0,0.0,0,0,0.0,0.0,0.0,0.0,0.0,0,0,0,0,-256.3,0.0,47.4,0.0,1→2,120.0
125372,601,1,3,1,-74810,42.88,5417,8841,25.4153,41.4823,41.4233,18.2521,-78.42,231939199540,232098954063,947083962679,947243706368,-256.3,-267.7,47.4,45.6,1→3,120.0
125372,601,1,4,1,-83189,47.68,4849,8657,22.7504,40.6193,40.4763,18.9305,-69.35,233217233972,233376987329,731462049622,731621793280,-256.3,-260.9,47.4,47.4,1→4,120.0
125372,601,2,3,0,0,0.0,0,0,0.0,0.0,0.0,0.0,0.0,0,0,0,0,20.7,0.0,46.3,0.0,2→3,120.0
125372,601,2,4,0,0,0.0,0,0,0.0,0.0,0.0,0.0,0.0,0,0,0,0,20.7,0.0,46.3,0.0,2→4,120.0
125372,601,3,4,1,-8512,4.88,8366,8755,39.2513,41.0794,41.0204,3.6787,-78.74,952283842100,952443602681,735383859351,735543603200,-267.7,-260.9,45.6,47.4,3→4,120.0
125572,602,1,2,0,0,0.0,0,0,0.0,0.0,0.0,0.0,0.0,0,0,0,0,-256.3,0.0,47.4,0.0,1→2,120.2
125572,602,1,3,1,-74785,42.86,5419,8842,25.4247,41.4864,41.4024,18.2312,-76.38,244717946420,244877700998,959863257348,960023001088,-256.3,-267.7,47.4,45.6,1→3,120.2
125572,602,1,4,1,-83179,47.67,4842,8650,22.7175,40.5843,40.4413,18.8955,-69.16,245995630132,246155383459,744241054566,744400798208,-256.3,-260.9,47.4,47.4,1→4,120.2
125572,602,2,3,0,0,0.0,0,0,0.0,0.0,0.0,0.0,0.0,0,0,0,0,20.7,0.0,46.3,0.0,2→3,120.2
125572,602,2,4,0,0,0.0,0,0,0.0,0.0,0.0,0.0,0.0,0,0,0,0,20.7,0.0,46.3,0.0,2→4,120.2
125572,602,3,4,1,-8528,4.89,8357,8747,39.2091,41.0406,40.9816,3.6399,-77.69,965065915444,965225675909,748165993721,748325737472,-267.7,-260.9,45.6,47.4,3→4,120.2
125772,603,1,2,0,0,0.0,0,0,0.0,0.0,0.0,0.0,0.0,0,0,0,0,-256.3,0.0,47.4,0.0,1→2,120.4
125772,603,1,3,1,-74847,42.9,5418,8844,25.42,41.495,41.411,18.2398,-76.73,257496847924,257656602511,972642706681,972802450432,-256.3,-267.7,47.4,45.6,1→3,120.4
125772,603,1,4,1,-83149,47.65,4841,8647,22.7128,40.5708,40.4278,18.882,-70.45,258774272052,258934025281,757020305349,757180048896,-256.3,-260.9,47.4,47.4,1→4,120.4
125772,603,2,3,0,0,0.0,0,0,0.0,0.0,0.0,0.0,0.0,0,0,0,0,20.7,0.0,46.3,0.0,2→3,120.4
125772,603,2,4,0,0,0.0,0,0,0.0,0.0,0.0,0.0,0.0,0,0,0,0,20.7,0.0,46.3,0.0,2→4,120.4
125772,603,3,4,1,-8521,4.88,8356,8746,39.2044,41.0344,40.9754,3.6337,-78.43,977842392116,978002152477,760942531423,761102275072,-267.7,-260.9,45.6,47.4,3→4,120.4
125972,604,1,2,0,0,0.0,0,0,0.0,0.0,0.0,0.0,0.0,0,0,0,0,-256.3,0.0,47.4,0.0,1→2,120.6
125972,604,1,3,1,-74975,42.97,5422,8854,25.4387,41.5436,41.4596,18.2884,-76.25,270275439668,270435194242,985421846287,985581590016,-256.3,-267.7,47.4,45.6,1→3,120.6
125972,604,1,4,1,-83187,47.68,4845,8653,22.7316,40.6002,40.4572,18.9114,-69.25,271553475124,271713228711,769800117352,769959861248,-256.3,-260.9,47.4,47.4,1→4,120.6
125972,604,2,3,0,0,0.0,0,0,0.0,0.0,0.0,0.0,0.0,0,0,0,0,20.7,0.0,46.3,0.0,2→3,120.6
125972,604,2,4,0,0,0.0,0,0,0.0,0.0,0.0,0.0,0.0,0,0,0,0,20.7,0.0,46.3,0.0,2→4,120.6
125972,604,3,4,1,-8476,4.86,8362,8749,39.2325,41.0529,40.9939,3.6522,-77.62,990623230516,990782990750,773723430890,773883174400,-267.7,-260.9,45.6,47.4,3→4,120.6
126172,605,1,2,0,0,0.0,0,0,0.0,0.0,0.0,0.0,0.0,0,0,0,0,-256.3,0.0,47.4,0.0,1→2,120.8
126172,605,1,3,1,-74865,42.91,5415,8842,25.4059,41.4871,41.4561,18.2849,-79.22,283054186548,283213941065,998201141050,998360884736,-256.3,-267.7,47.4,45.6,1→3,120.8
126172,605,1,4,1,-83177,47.67,4847,8654,22.741,40.605,40.462,18.9162,-70.2,284332192820,284491946219,782579444007,782739187712,-256.3,-260.9,47.4,47.4,1→4,120.8
126172,605,2,3,0,0,0.0,0,0,0.0,0.0,0.0,0.0,0.0,0,0,0,0,20.7,0.0,46.3,0.0,2→3,120.8
126172,605,2,4,0,0,0.0,0,0,0.0,0.0,0.0,0.0,0.0,0,0,0,0,20.7,0.0,46.3,0.0,2→4,120.8
126172,605,3,4,1,-8478,4.86,8357,8745,39.2091,41.0299,40.9709,3.6292,-79.0,1003403876916,1003563637510,786504138360,786663882240,-267.7,-260.9,45.6,47.4,3→4,120.8
126372,606,1,2,0,0,0.0,0,0,0.0,0.0,0.0,0.0,0.0,0,0,0,0,-256.3,0.0,47.4,0.0,1→2,121.0
126372,606,1,3,1,-74915,42.94,5423,8852,25.4434,41.533,41.449,18.2778,-76.01,295832933428,295992687889,1010980435841,1011140179456,-256.3,-267.7,47.4,45.6,1→3,121.0
126372,606,1,4,1,-83176,47.67,4845,8652,22.7316,40.5954,40.4524,18.9066,-69.38,297110968372,297270721552,795358828542,795518572032,-256.3,-260.9,47.4,47.4,1→4,121.0
126372,606,2,3,0,0,0.0,0,0,0.0,0.0,0.0,0.0,0.0,0,0,0,0,20.7,0.0,46.3,0.0,2→3,121.0
126372,606,2,4,0,0,0.0,0,0,0.0,0.0,0.0,0.0,0.0,0,0,0,0,20.7,0.0,46.3,0.0,2→4,121.0
126372,606,3,4,1,-8518,4.88,8366,8756,39.2513,41.0831,41.0241,3.6824,-78.82,1016181455412,1016341215876,799281777933,799441521664,-267.7,-260.9,45.6,47.4,3→4,121.0
126572,607,1,2,0,0,0.0,0,0,0.0,0.0,0.0,0.0,0.0,0,0,0,0,-256.3,0.0,47.4,0.0,1→2,121.2
126572,607,1,3,1,-74926,42.94,5416,8846,25.4106,41.5049,41.4459,18.2747,-77.25,308611679796,308771434176,1023759730117,1023919473664,-256.3,-267.7,47.4,45.6,1→3,121.2
126572,607,1,4,1,-83192,47.68,4841,8649,22.7128,40.5801,40.4371,18.8913,-69.28,309889764404,310049517851,808138233579,808297977344,-256.3,-260.9,47.4,47.4,1→4,121.2
126572,607,2,3,0,0,0.0,0,0,0.0,0.0,0.0,0.0,0.0,0,0,0,0,20.7,0.0,46.3,0.0,2→3,121.2
126572,607,2,4,0,0,0.0,0,0,0.0,0.0,0.0,0.0,0.0,0,0,0,0,20.7,0.0,46.3,0.0,2→4,121.2
126572,607,3,4,1,-8521,4.88,8353,8743,39.1903,41.0204,40.9894,3.6477,-79.21,1028960674356,1029120434634,812061057964,812220801536,-267.7,-260.9,45.6,47.4,3→4,121.2
126772,608,1,2,0,0,0.0,0,0,0.0,0.0,0.0,0.0,0.0,0,0,0,0,-256.3,0.0,47.4,0.0,1→2,121.4
126772,608,1,3,1,-74820,42.88,5424,8848,25.4481,41.5174,41.4334,18.2622,-75.92,321390426676,321550181484,1036539024936,1036698768896,-256.3,-267.7,47.4,45.6,1→3,121.4
126772,608,1,4,1,-83239,47.71,4846,8656,22.7363,40.6137,40.4707,18.9249,-70.26,322668461108,322828214799,820917539329,821077283328,-256.3,-260.9,47.4,47.4,1→4,121.4
126772,608,2,3,0,0,0.0,0,0,0.0,0.0,0.0,0.0,0.0,0,0,0,0,20.7,0.0,46.3,0.0,2→3,121.4
126772,608,2,4,0,0,0.0,0,0,0.0,0.0,0.0,0.0,0.0,0,0,0,0,20.7,0.0,46.3,0.0,2→4,121.4
126772,608,3,4,1,-8523,4.88,8358,8748,39.2138,41.0466,40.9876,3.6459,-77.93,1041743027764,1041902788364,824843472501,825003216384,-267.7,-260.9,45.6,47.4,3→4,121.4
126972,609,1,2,0,0,0.0,0,0,0.0,0.0,0.0,0.0,0.0,0,0,0,0,-256.3,0.0,47.4,0.0,1→2,121.6
126972,609,1,3,1,-74867,42.91,5420,8847,25.4294,41.511,41.427,18.2558,-76.51,334169173044,334328927718,1049318319271,1049478063104,-256.3,-267.7,47.4,45.6,1→3,121.6
126972,609,1,4,1,-83220,47.7,4844,8653,22.7269,40.6002,40.4372,18.8914,-68.67,335447207476,335606960848,833696894780,833856638464,-256.3,-260.9,47.4,47.4,1→4,121.6
126972,609,2,3,0,0,0.0,0,0,0.0,0.0,0.0,0.0,0.0,0,0,0,0,20.7,0.0,46.3,0.0,2→3,121.6
126972,609,2,4,0,0,0.0,0,0,0.0,0.0,0.0,0.0,0.0,0,0,0,0,20.7,0.0,46.3,0.0,2→4,121.6
126972,609,3,4,1,-8485,4.86,8352,8740,39.1856,41.0079,40.949,3.6073,-77.36,1054518293556,1054678053978,837618799386,837778543104,-267.7,-260.9,45.6,47.4,3→4,121.6
127172,610,1,2,0,0,0.0,0,0,0.0,0.0,0.0,0.0,0.0,0,0,0,0,-256.3,0.0,47.4,0.0,1→2,121.8
127172,610,1,3,1,-74863,42.91,5422,8848,25.4387,41.5172,41.4332,18.262,-76.85,346947919924,347107674448,1062097614144,1062257357824,-256.3,-267.7,47.4,45.6,1→3,121.8
127172,610,1,4,1,-83174,47.67,4842,8649,22.7175,40.5833,40.4203,18.8745,-68.75,348225954356,348385707874,846476250791,846635994624,-256.3,-260.9,47.4,47.4,1→4,121.8
127172,610,2,3,0,0,0.0,0,0,0.0,0.0,0.0,0.0,0.0,0,0,0,0,20.7,0.0,46.3,0.0,2→3,121.8
127172,610,2,4,0,0,0.0,0,0,0.0,0.0,0.0,0.0,0.0,0,0,0,0,20.7,0.0,46.3,0.0,2→4,121.8
127172,610,3,4,1,-8538,4.89,8368,8758,39.2607,41.0944,41.0354,3.6937,-77.6,1067299230260,1067458990982,850399797262,850559541248,-267.7,-260.9,45.6,47.4,3→4,121.8
127372,611,1,2,0,0,0.0,0,0,0.0,0.0,0.0,0.0,0.0,0,0,0,0,-256.3,0.0,47.4,0.0,1→2,122.0
127372,611,1,3,1,-74905,42.93,5415,8843,25.4059,41.4933,41.4093,18.2381,-75.88,359726666292,359886420653,1074876908501,1075036652032,-256.3,-267.7,47.4,45.6,1→3,122.0
127372,611,1,4,1,-83209,47.69,4841,8650,22.7128,40.5838,40.4208,18.875,-68.8,361004350004,361164103659,859255255579,859414999552,-256.3,-260.9,47.4,47.4,1→4,122.0
127372,611,2,3,0,0,0.0,0,0,0.0,0.0,0.0,0.0,0.0,0,0,0,0,20.7,0.0,46.3,0.0,2→3,122.0
127372,611,2,4,0,0,0.0,0,0,0.0,0.0,0.0,0.0,0.0,0,0,0,0,20.7,0.0,46.3,0.0,2→4,122.0
127372,611,3,4,1,-8534,4.89,8360,8751,39.2231,41.0584,40.9994,3.6577,-78.54,1080078250036,1080238010506,863178878203,863338621952,-267.7,-260.9,45.6,47.4,3→4,122.0
127572,612,1,2,0,0,0.0,0,0,0.0,0.0,0.0,0.0,0.0,0,0,0,0,-256.3,0.0,47.4,0.0,1→2,122.2
127572,612,1,3,1,-74879,42.91,5413,8840,25.3965,41.4784,41.3944,18.2232,-76.25,372505413172,372665167879,1087656203383,1087815947264,-256.3,-267.7,47.4,45.6,1→3,122.2
127572,612,1,4,1,-83270,47.72,4844,8655,22.7269,40.6109,40.4679,18.9221,-70.27,373783445044,373943198269,872034959823,872194703360,-256.3,-260.9,47.4,47.4,1→4,122.2
127572,612,2,3,0,0,0.0,0,0,0.0,0.0,0.0,0.0,0.0,0,0,0,0,20.7,0.0,46.3,0.0,2→3,122.2
127572,612,2,4,0,0,0.0,0,0,0.0,0.0,0.0,0.0,0.0,0,0,0,0,20.7,0.0,46.3,0.0,2→4,122.2
127572,612,3,4,1,-8485,4.86,8352,8740,39.1856,41.0103,40.9513,3.6096,-78.45,1092857783348,1093017543566,875958472679,876118216192,-267.7,-260.9,45.6,47.4,3→4,122.2
127772,613,1,2,0,0,0.0,0,0,0.0,0.0,0.0,0.0,0.0,0,0,0,0,-256.3,0.0,47.4,0.0,1→2,122.4
127772,613,1,3,1,-74826,42.88,5414,8839,25.4012,41.474,41.39,18.2188,-76.09,385284314676,385444069192,924025145,1083768832,-256.3,-267.7,47.4,45.6,1→3,122.4
127772,613,1,4,1,-83253,47.71,4844,8655,22.7269,40.6096,40.4466,18.9008,-68.7,386561843252,386721596559,884813967230,884973710848,-256.3,-260.9,47.4,47.4,1→4,122.4
127772,613,2,3,0,0,0.0,0,0,0.0,0.0,0.0,0.0,0.0,0,0,0,0,20.7,0.0,46.3,0.0,2→3,122.4
127772,613,2,4,0,0,0.0,0,0,0.0,0.0,0.0,0.0,0.0,0,0,0,0,20.7,0.0,46.3,0.0,2→4,122.4
127772,613,3,4,1,-8489,4.87,8367,8755,39.256,41.0792,40.9952,3.6535,-76.88,6125150772,6284911245,888737529093,888897272832,-267.7,-260.9,45.6,47.4,3→4,122.4
127972,614,1,2,0,0,0.0,0,0,0.0,0.0,0.0,0.0,0.0,0,0,0,0,-256.3,0.0,47.4,0.0,1→2,122.6
127972,614,1,3,1,-74839,42.89,5423,8849,25.4434,41.519,41.435,18.2638,-76.72,398062906420,398222660762,13703164921,13862908416,-256.3,-267.7,47.4,45.6,1→3,122.6
127972,614,1,4,1,-83268,47.72,4840,8652,22.7081,40.5941,40.4311,18.8853,-68.93,399340941364,399500694698,897593674587,897753418240,-256.3,-260.9,47.4,47.4,1→4,122.6
127972,614,2,3,0,0,0.0,0,0,0.0,0.0,0.0,0.0,0.0,0,0,0,0,20.7,0.0,46.3,0.0,2→3,122.6
127972,614,2,4,0,0,0.0,0,0,0.0,0.0,0.0,0.0,0.0,0,0,0,0,20.7,0.0,46.3,0.0,2→4,122.6
127972,614,3,4,1,-8548,4.9,8358,8749,39.2138,41.052,40.993,3.6513,-77.2,18904509492,19064270189,901516949012,901676692992,-267.7,-260.9,45.6,47.4,3→4,122.6
128172,615,1,2,0,0,0.0,0,0,0.0,0.0,0.0,0.0,0.0,0,0,0,0,-256.3,0.0,47.4,0.0,1→2,122.8
128172,615,1,3,1,-74921,42.94,5418,8847,25.42,41.5109,41.4269,18.2557,-76.42,410841653812,411001408461,26482460347,26642204160,-256.3,-267.7,47.4,45.6,1→3,122.8
128172,615,1,4,1,-83212,47.69,4841,8650,22.7128,40.5867,40.4437,18.8979,-69.63,412119550516,412279303879,910372892992,910532636672,-256.3,-260.9,47.4,47.4,1→4,122.8
128172,615,2,3,0,0,0.0,0,0,0.0,0.0,0.0,0.0,0.0,0,0,0,0,20.7,0.0,46.3,0.0,2→3,122.8
128172,615,2,4,0,0,0.0,0,0,0.0,0.0,0.0,0.0,0.0,0,0,0,0,20.7,0.0,46.3,0.0,2→4,122.8
128172,615,3,4,1,-8526,4.89,8358,8748,39.2138,41.0449,40.9609,3.6192,-76.92,31681843252,31841603652,914294343996,914454087680,-267.7,-260.9,45.6,47.4,3→4,122.8
128372,616,1,2,0,0,0.0,0,0,0.0,0.0,0.0,0.0,0.0,0,0,0,0,-256.3,0.0,47.4,0.0,1→2,123.0
128372,616,1,3,1,-74828,42.89,5423,8848,25.4434,41.5144,41.4554,18.2842,-78.03,423620399668,423780154136,39261754234,39421497856,-256.3,-267.7,47.4,45.6,1→3,123.0
128372,616,1,4,1,-83202,47.68,4841,8650,22.7128,40.5846,40.4216,18.8758,-68.83,424898434100,425058187460,923152385859,923312129536,-256.3,-260.9,47.4,47.4,1→4,123.0
128372,616,2,3,0,0,0.0,0,0,0.0,0.0,0.0,0.0,0.0,0,0,0,0,20.7,0.0,46.3,0.0,2→3,123.0
128372,616,2,4,0,0,0.0,0,0,0.0,0.0,0.0,0.0,0.0,0,0,0,0,20.7,0.0,46.3,0.0,2→4,123.0
128372,616,3,4,1,-8573,4.91,8353,8745,39.1903,41.0339,40.9749,3.6332,-77.15,44464334900,44624095474,927076896901,927236640768,-267.7,-260.9,45.6,47.4,3→4,123.0
128572,617,1,2,0,0,0.0,0,0,0.0,0.0,0.0,0.0,0.0,0,0,0,0,-256.3,0.0,47.4,0.0,1→2,123.2
128572,617,1,3,1,-74917,42.94,5418,8847,25.42,41.51,41.426,18.2548,-76.05,436399146036,436558900821,52041048627,52200792576,-256.3,-267.7,47.4,45.6,1→3,123.2
128572,617,1,4,1,-83182,47.67,4840,8648,22.7081,40.5756,40.4326,18.8868,-70.69,437676829748,437836583092,935931390801,936091134464,-256.3,-260.9,47.4,47.4,1→4,123.2
128572,617,2,3,0,0,0.0,0,0,0.0,0.0,0.0,0.0,0.0,0,0,0,0,20.7,0.0,46.3,0.0,2→3,123.2
128572,617,2,4,0,0,0.0,0,0,0.0,0.0,0.0,0.0,0.0,0,0,0,0,20.7,0.0,46.3,0.0,2→4,123.2
128572,617,3,4,1,-8548,4.9,8363,8754,39.2372,41.0754,41.0164,3.6747,-77.83,57244643380,57404403607,939857266676,940017010176,-267.7,-260.9,45.6,47.4,3→4,123.2
128772,618,1,2,0,0,0.0,0,0,0.0,0.0,0.0,0.0,0.0,0,0,0,0,-256.3,0.0,47.4,0.0,1→2,123.4
128772,618,1,3,1,-74884,42.92,5418,8846,25.42,41.5053,41.4463,18.2751,-77.84,449177892916,449337647517,64820343532,64980087296,-256.3,-267.7,47.4,45.6,1→3,123.4
128772,618,1,4,1,-83231,47.7,4837,8647,22.6941,40.5697,40.4267,18.8809,-69.11,450455927860,450615681144,948711098246,948870841856,-256.3,-260.9,47.4,47.4,1→4,123.4
128772,618,2,3,0,0,0.0,0,0,0.0,0.0,0.0,0.0,0.0,0,0,0,0,20.7,0.0,46.3,0.0,2→3,123.4
128772,618,2,4,0,0,0.0,0,0,0.0,0.0,0.0,0.0,0.0,0,0,0,0,20.7,0.0,46.3,0.0,2→4,123.4
128772,618,3,4,1,-8516,4.88,8356,8746,39.2044,41.0357,40.9767,3.635,-78.56,70021122612,70180882971,952633807202,952793550848,-267.7,-260.9,45.6,47.4,3→4,123.4
128972,619,1,2,0,0,0.0,0,0,0.0,0.0,0.0,0.0,0.0,0,0,0,0,-256.3,0.0,47.4,0.0,1→2,123.6
128972,619,1,3,1,-74897,42.93,5418,8847,25.42,41.5081,41.4241,18.2529,-76.81,461956639284,462116393712,77599637913,77759381504,-256.3,-267.7,47.4,45.6,1→3,123.6
128972,619,1,4,1,-83168,47.67,4839,8646,22.7034,40.5655,40.4385,18.8927,-71.23,463234674740,463394427974,961490454460,961650198016,-256.3,-260.9,47.4,47.4,1→4,123.6
128972,619,2,3,0,0,0.0,0,0,0.0,0.0,0.0,0.0,0.0,0,0,0,0,20.7,0.0,46.3,0.0,2→3,123.6
128972,619,2,4,0,0,0.0,0,0,0.0,0.0,0.0,0.0,0.0,0,0,0,0,20.7,0.0,46.3,0.0,2→4,123.6
128972,619,3,4,1,-8586,4.92,8354,8747,39.195,41.039,40.98,3.6383,-77.17,82800428596,82960189067,965413174509,965572918272,-267.7,-260.9,45.6,47.4,3→4,123.6
129172,620,1,2,0,0,0.0,0,0,0.0,0.0,0.0,0.0,0.0,0,0,0,0,-256.3,0.0,47.4,0.0,1→2,123.8
129172,620,1,3,1,-74824,42.88,5413,8838,25.3965,41.4666,41.3826,18.2114,-76.42,474735386164,474895140917,90378932809,90538676736,-256.3,-267.7,47.4,45.6,1→3,123.8
129172,620,1,4,1,-83196,47.68,4839,8647,22.7034,40.5716,40.4446,18.8988,-71.67,476013389364,476173143032,974269778442,974429522432,-256.3,-260.9,47.4,47.4,1→4,123.8
129172,620,2,3,0,0,0.0,0,0,0.0,0.0,0.0,0.0,0.0,0,0,0,0,20.7,0.0,46.3,0.0,2→3,123.8
129172,620,2,4,0,0,0.0,0,0,0.0,0.0,0.0,0.0,0.0,0,0,0,0,20.7,0.0,46.3,0.0,2→4,123.8
129172,620,3,4,1,-8505,4.87,8357,8746,39.2091,41.0381,40.9791,3.6374,-77.18,95582476852,95742237423,978195284112,978355027968,-267.7,-260.9,45.6,47.4,3→4,123.8
129372,621,1,2,0,0,0.0,0,0,0.0,0.0,0.0,0.0,0.0,0,0,0,0,-256.3,0.0,47.4,0.0,1→2,124.0
129372,621,1,3,1,-74906,42.93,5420,8848,25.4294,41.517,41.433,18.2618,-76.13,487514215476,487673970039,103158310165,103318053888,-256.3,-267.7,47.4,45.6,1→3,124.0
129372,621,1,4,1,-83215,47.69,4836,8645,22.6894,40.564,40.437,18.8912,-71.79,488791774772,488951528362,987048773203,987208517120,-256.3,-260.9,47.4,47.4,1→4,124.0
129372,621,2,3,0,0,0.0,0,0,0.0,0.0,0.0,0.0,0.0,0,0,0,0,20.7,0.0,46.3,0.0,2→3,124.0
129372,621,2,4,0,0,0.0,0,0,0.0,0.0,0.0,0.0,0.0,0,0,0,0,20.7,0.0,46.3,0.0,2→4,124.0
129372,621,3,4,1,-8584,4.92,8356,8748,39.2044,41.048,40.989,3.6473,-77.93,108359700020,108519460683,990972568625,991132312576,-267.7,-260.9,45.6,47.4,3→4,124.0
129572,622,1,2,0,0,0.0,0,0,0.0,0.0,0.0,0.0,0.0,0,0,0,0,-256.3,0.0,47.4,0.0,1→2,124.2
129572,622,1,3,1,-74890,42.92,5419,8847,25.4247,41.5112,41.4272,18.256,-76.05,500292878900,500452633257,115937521634,116097265152,-256.3,-267.7,47.4,45.6,1→3,124.2
129572,622,1,4,1,-83224,47.7,4846,8656,22.7363,40.6128,40.4698,18.924,-69.26,501570777140,501730530598,999828385003,999988128768,-256.3,-260.9,47.4,47.4,1→4,124.2
129572,622,2,3,0,0,0.0,0,0,0.0,0.0,0.0,0.0,0.0,0,0,0,0,20.7,0.0,46.3,0.0,2→3,124.2
129572,622,2,4,0,0,0.0,0,0,0.0,0.0,0.0,0.0,0.0,0,0,0,0,20.7,0.0,46.3,0.0,2→4,124.2
129572,622,3,4,1,-8561,4.91,8354,8745,39.195,41.0337,40.9747,3.633,-78.67,121137340468,121297100702,1003750270426,1003910013952,-267.7,-260.9,45.6,47.4,3→4,124.2
129772,623,1,2,0,0,0.0,0,0,0.0,0.0,0.0,0.0,0.0,0,0,0,0,-256.3,0.0,47.4,0.0,1→2,124.4
129772,623,1,3,1,-74931,42.94,5427,8857,25.4622,41.5576,41.4736,18.3024,-75.6,513071625780,513231380438,128716816581,128876560384,-256.3,-267.7,47.4,45.6,1→3,124.4
129772,623,1,4,1,-83193,47.68,4839,8647,22.7034,40.5709,40.4279,18.8821,-70.72,514349660212,514509413491,1012607877519,1012767621120,-256.3,-260.9,47.4,47.4,1→4,124.4
129772,623,2,3,0,0,0.0,0,0,0.0,0.0,0.0,0.0,0.0,0,0,0,0,20.7,0.0,46.3,0.0,2→3,124.4
129772,623,2,4,0,0,0.0,0,0,0.0,0.0,0.0,0.0,0.0,0,0,0,0,20.7,0.0,46.3,0.0,2→4,124.4
129772,623,3,4,1,-8556,4.9,8360,8752,39.2231,41.0631,40.9791,3.6374,-76.03,133951157812,134110918458,1016564149323,1016723893248,-267.7,-260.9,45.6,47.4,3→4,124.4
129972,624,1,2,0,0,0.0,0,0,0.0,0.0,0.0,0.0,0.0,0,0,0,0,-256.3,0.0,47.4,0.0,1→2,124.6
129972,624,1,3,1,-74907,42.93,5418,8847,25.42,41.5102,41.4262,18.255,-75.4,525850372148,526010126558,141496111019,141655854592,-256.3,-267.7,47.4,45.6,1→3,124.6
129972,624,1,4,1,-83273,47.73,4838,8650,22.6988,40.5858,40.4428,18.897,-69.04,527128407092,527288160684,1025387233877,1025546977792,-256.3,-260.9,47.4,47.4,1→4,124.6
129972,624,2,3,0,0,0.0,0,0,0.0,0.0,0.0,0.0,0.0,0,0,0,0,20.7,0.0,46.3,0.0,2→3,124.6
129972,624,2,4,0,0,0.0,0,0,0.0,0.0,0.0,0.0,0.0,0,0,0,0,20.7,0.0,46.3,0.0,2→4,124.6
129972,624,3,4,1,-8571,4.91,8364,8756,39.2419,41.0851,41.0011,3.6594,-76.46,146696210996,146855971335,1029309263750,1029469007360,-267.7,-260.9,45.6,47.4,3→4,124.6
130172,625,1,2,0,0,0.0,0,0,0.0,0.0,0.0,0.0,0.0,0,0,0,0,-256.3,0.0,47.4,0.0,1→2,124.8
130172,625,1,3,1,-74860,42.9,5413,8839,25.3965,41.4743,41.3903,18.2191,-75.6,538629118516,538788873207,154275405447,154435149312,-256.3,-267.7,47.4,45.6,1→3,124.8
130172,625,1,4,1,-83310,47.75,4839,8653,22.7034,40.5984,40.4554,18.9096,-70.52,539907152948,540066906329,1038166589226,1038326332928,-256.3,-260.9,47.4,47.4,1→4,124.8
130172,625,2,3,0,0,0.0,0,0,0.0,0.0,0.0,0.0,0.0,0,0,0,0,20.7,0.0,46.3,0.0,2→3,124.8
130172,625,2,4,0,0,0.0,0,0,0.0,0.0,0.0,0.0,0.0,0,0,0,0,20.7,0.0,46.3,0.0,2→4,124.8
130172,625,3,4,1,-8561,4.91,8360,8752,39.2231,41.0642,41.0052,3.6635,-77.7,159476364340,159636124671,1042089478534,1042249222144,-267.7,-260.9,45.6,47.4,3→4,124.8
130372,626,1,2,0,0,0.0,0,0,0.0,0.0,0.0,0.0,0.0,0,0,0,0,-256.3,0.0,47.4,0.0,1→2,125.0
130372,626,1,3,1,-74879,42.91,5422,8850,25.4387,41.523,41.439,18.2678,-76.34,551407864884,551567619342,167054699907,167214443520,-256.3,-267.7,47.4,45.6,1→3,125.0
130372,626,1,4,1,-83245,47.71,4839,8650,22.7034,40.5845,40.4415,18.8957,-70.46,552685900340,552845653970,1050945946161,1051105690112,-256.3,-260.9,47.4,47.4,1→4,125.0
130372,626,2,3,0,0,0.0,0,0,0.0,0.0,0.0,0.0,0.0,0,0,0,0,20.7,0.0,46.3,0.0,2→3,125.0
130372,626,2,4,0,0,0.0,0,0,0.0,0.0,0.0,0.0,0.0,0,0,0,0,20.7,0.0,46.3,0.0,2→4,125.0
130372,626,3,4,1,-8563,4.91,8360,8751,39.2231,41.0622,40.9782,3.6365,-76.88,172259346996,172419107270,1054872522686,1055032266240,-267.7,-260.9,45.6,47.4,3→4,125.0
130572,627,1,2,0,0,0.0,0,0,0.0,0.0,0.0,0.0,0.0,0,0,0,0,-256.3,0.0,47.4,0.0,1→2,125.2
130572,627,1,3,1,-74849,42.9,5420,8846,25.4294,41.5048,41.4208,18.2496,-75.56,564186611764,564346366489,179833994867,179993738752,-256.3,-267.7,47.4,45.6,1→3,125.2
130572,627,1,4,1,-83316,47.75,4840,8653,22.7081,40.602,40.475,18.9292,-71.17,565464646708,565624400034,1063725302114,1063885045760,-256.3,-260.9,47.4,47.4,1→4,125.2
130572,627,2,3,0,0,0.0,0,0,0.0,0.0,0.0,0.0,0.0,0,0,0,0,20.7,0.0,46.3,0.0,2→3,125.2
130572,627,2,4,0,0,0.0,0,0,0.0,0.0,0.0,0.0,0.0,0,0,0,0,20.7,0.0,46.3,0.0,2→4,125.2
130572,627,3,4,1,-8539,4.89,8354,8745,39.195,41.0313,40.9723,3.6306,-78.3,185033553972,185193314196,1067646791141,1067806534656,-267.7,-260.9,45.6,47.4,3→4,125.2
130772,628,1,2,0,0,0.0,0,0,0.0,0.0,0.0,0.0,0.0,0,0,0,0,-256.3,0.0,47.4,0.0,1→2,125.4
130772,628,1,3,1,-74863,42.91,5421,8847,25.4341,41.5125,41.4285,18.2573,-76.95,576965512244,577125266712,192613443446,192773187072,-256.3,-267.7,47.4,45.6,1→3,125.4
130772,628,1,4,1,-83225,47.7,4841,8650,22.7128,40.5872,40.4442,18.8984,-69.65,578243442740,578403196224,1076504707782,1076664451584,-256.3,-260.9,47.4,47.4,1→4,125.4
130772,628,2,3,0,0,0.0,0,0,0.0,0.0,0.0,0.0,0.0,0,0,0,0,20.7,0.0,46.3,0.0,2→3,125.4
130772,628,2,4,0,0,0.0,0,0,0.0,0.0,0.0,0.0,0.0,0,0,0,0,20.7,0.0,46.3,0.0,2→4,125.4
130772,628,3,4,1,-8606,4.93,8355,8749,39.1997,41.0504,40.9914,3.6497,-77.29,197814926900,197974687515,1080428225632,1080587969536,-267.7,-260.9,45.6,47.4,3→4,125.4
130972,629,1,2,0,0,0.0,0,0,0.0,0.0,0.0,0.0,0.0,0,0,0,0,-256.3,0.0,47.4,0.0,1→2,125.6
130972,629,1,3,1,-74876,42.91,5428,8855,25.4669,41.5481,41.4641,18.2929,-76.17,589744104500,589903859219,205392583817,205552327680,-256.3,-267.7,47.4,45.6,1→3,125.6
130972,629,1,4,1,-83313,47.75,4837,8650,22.6941,40.5873,40.4443,18.8985,-69.49,591022138932,591181892527,1089284013647,1089443757568,-256.3,-260.9,47.4,47.4,1→4,125.6
130972,629,2,3,0,0,0.0,0,0,0.0,0.0,0.0,0.0,0.0,0,0,0,0,20.7,0.0,46.3,0.0,2→3,125.6
130972,629,2,4,0,0,0.0,0,0,0.0,0.0,0.0,0.0,0.0,0,0,0,0,20.7,0.0,46.3,0.0,2→4,125.6
130972,629,3,4,1,-8594,4.93,8363,8756,39.2372,41.0853,41.0263,3.6846,-77.19,210595256884,210755017351,1093208617220,1093368360960,-267.7,-260.9,45.6,47.4,3→4,125.6
131172,630,1,2,0,0,0.0,0,0,0.0,0.0,0.0,0.0,0.0,0,0,0,0,-256.3,0.0,47.4,0.0,1→2,125.8
131172,630,1,3,1,-74887,42.92,5410,8838,25.3824,41.4684,41.4094,18.2382,-77.39,602522850868,602682605297,218171878280,218331621888,-256.3,-267.7,47.4,45.6,1→3,125.8
131172,630,1,4,1,-83300,47.74,4838,8651,22.6988,40.5893,40.4463,18.9005,-69.24,603800821812,603960575477,2551678475,2711422464,-256.3,-260.9,47.4,47.4,1→4,125.8
131172,630,2,3,0,0,0.0,0,0,0.0,0.0,0.0,0.0,0.0,0,0,0,0,20.7,0.0,46.3,0.0,2→3,125.8
131172,630,2,4,0,0,0.0,0,0,0.0,0.0,0.0,0.0,0.0,0,0,0,0,20.7,0.0,46.3,0.0,2→4,125.8
131172,630,3,4,1,-8606,4.93,8356,8749,39.2044,41.0527,40.9937,3.652,-78.05,223371127860,223530888170,6472922002,6632665600,-267.7,-260.9,45.6,47.4,3→4,125.8
131372,631,1,2,0,0,0.0,0,0,0.0,0.0,0.0,0.0,0.0,0,0,0,0,-256.3,0.0,47.4,0.0,1→2,126.0
131372,631,1,3,1,-74925,42.94,5426,8855,25.4575,41.5493,41.4653,18.2941,-75.61,615302193716,615461948331,230951769325,231111513088,-256.3,-267.7,47.4,45.6,1→3,126.0
131372,631,1,4,1,-83252,47.71,4838,8649,22.6988,40.5813,40.4383,18.8925,-70.82,616580002868,616739756531,15331469326,15491213312,-256.3,-260.9,47.4,47.4,1→4,126.0
131372,631,2,3,0,0,0.0,0,0,0.0,0.0,0.0,0.0,0.0,0,0,0,0,20.7,0.0,46.3,0.0,2→3,126.0
131372,631,2,4,0,0,0.0,0,0,0.0,0.0,0.0,0.0,0.0,0,0,0,0,20.7,0.0,46.3,0.0,2→4,126.0
131372,631,3,4,1,-8540,4.89,8351,8741,39.1809,41.0151,40.9561,3.6144,-77.82,236153913396,236313674019,19255769167,19415513088,-267.7,-260.9,45.6,47.4,3→4,126.0
131572,632,1,2,0,0,0.0,0,0,0.0,0.0,0.0,0.0,0.0,0,0,0,0,-256.3,0.0,47.4,0.0,1→2,126.2
131572,632,1,3,1,-74976,42.97,5418,8850,25.42,41.5227,41.4137,18.2425,-73.44,628080938036,628240692825,243731061807,243890805760,-256.3,-267.7,47.4,45.6,1→3,126.2
131572,632,1,4,1,-83316,47.75,4836,8649,22.6894,40.5833,40.4403,18.8945,-70.71,629358623796,629518377428,28110700072,28270444032,-256.3,-260.9,47.4,47.4,1→4,126.2
131572,632,2,3,0,0,0.0,0,0,0.0,0.0,0.0,0.0,0.0,0,0,0,0,20.7,0.0,46.3,0.0,2→3,126.2
131572,632,2,4,0,0,0.0,0,0,0.0,0.0,0.0,0.0,0.0,0,0,0,0,20.7,0.0,46.3,0.0,2→4,126.2
131572,632,3,4,1,-8639,4.95,8356,8751,39.2044,41.0621,41.0031,3.6614,-77.6,248932766772,249092527190,32034684199,32194427904,-267.7,-260.9,45.6,47.4,3→4,126.2
131772,633,1,2,0,0,0.0,0,0,0.0,0.0,0.0,0.0,0.0,0,0,0,0,-256.3,0.0,47.4,0.0,1→2,126.4
131772,633,1,3,1,-74911,42.93,5417,8846,25.4153,41.504,41.42,18.2488,-76.46,640859684404,641019438821,256510356385,256670099968,-256.3,-267.7,47.4,45.6,1→3,126.4
131772,633,1,4,1,-83248,47.71,4841,8651,22.7128,40.5921,40.4491,18.9033,-70.51,642137560628,642297314167,40890246799,41049990656,-256.3,-260.9,47.4,47.4,1→4,126.4
131772,633,2,3,0,0,0.0,0,0,0.0,0.0,0.0,0.0,0.0,0,0,0,0,20.7,0.0,46.3,0.0,2→3,126.4
131772,633,2,4,0,0,0.0,0,0,0.0,0.0,0.0,0.0,0.0,0,0,0,0,20.7,0.0,46.3,0.0,2→4,126.4
131772,633,3,4,1,-8580,4.92,8362,8754,39.2325,41.0753,41.0163,3.6746,-77.49,261711737396,261871498097,44813716503,44973460480,-267.7,-260.9,45.6,47.4,3→4,126.4
131972,634,1,2,0,0,0.0,0,0,0.0,0.0,0.0,0.0,0.0,0,0,0,0,-256.3,0.0,47.4,0.0,1→2,126.6
131972,634,1,3,1,-74870,42.91,5422,8849,25.4387,41.521,41.412,18.2408,-74.43,653638430772,653798185311,269289650994,269449394688,-256.3,-267.7,47.4,45.6,1→3,126.6
131972,634,1,4,1,-83281,47.73,4840,8652,22.7081,40.5969,40.4539,18.9081,-70.0,654916306996,655076060394,53669603099,53829346816,-256.3,-260.9,47.4,47.4,1→4,126.6
131972,634,2,3,0,0,0.0,0,0,0.0,0.0,0.0,0.0,0.0,0,0,0,0,20.7,0.0,46.3,0.0,2→3,126.6
131972,634,2,4,0,0,0.0,0,0,0.0,0.0,0.0,0.0,0.0,0,0,0,0,20.7,0.0,46.3,0.0,2→4,126.6
131972,634,3,4,1,-8547,4.9,8357,8748,39.2091,41.0471,40.9881,3.6464,-77.4,274489198644,274648959089,57591239438,57750983168,-267.7,-260.9,45.6,47.4,3→4,126.6
132172,635,1,2,0,0,0.0,0,0,0.0,0.0,0.0,0.0,0.0,0,0,0,0,-256.3,0.0,47.4,0.0,1→2,126.8
132172,635,1,3,1,-74930,42.94,5423,8853,25.4434,41.5363,41.4523,18.2811,-76.01,666417176628,666576931232,282068945138,282228688896,-256.3,-267.7,47.4,45.6,1→3,126.8
132172,635,1,4,1,-83362,47.78,4841,8657,22.7128,40.6189,40.4759,18.9301,-69.84,667695184948,667854938141,66449091050,66608834560,-256.3,-260.9,47.4,47.4,1→4,126.8
132172,635,2,3,0,0,0.0,0,0,0.0,0.0,0.0,0.0,0.0,0,0,0,0,20.7,0.0,46.3,0.0,2→3,126.8
132172,635,2,4,0,0,0.0,0,0,0.0,0.0,0.0,0.0,0.0,0,0,0,0,20.7,0.0,46.3,0.0,2→4,126.8
132172,635,3,4,1,-8601,4.93,8367,8760,39.256,41.1032,41.0192,3.6775,-76.88,287270916660,287430677333,70373019197,70532763136,-267.7,-260.9,45.6,47.4,3→4,126.8
132372,636,1,2,0,0,0.0,0,0,0.0,0.0,0.0,0.0,0.0,0,0,0,0,-256.3,0.0,47.4,0.0,1→2,127.0
132372,636,1,3,1,-74887,42.92,5421,8849,25.4341,41.52,41.436,18.2648,-75.02,679195922996,679355677639,294848239816,295007983616,-256.3,-267.7,47.4,45.6,1→3,127.0
132372,636,1,4,1,-83409,47.8,4838,8656,22.6988,40.615,40.472,18.9262,-70.05,680473927732,680633681177,79228443880,79388187648,-256.3,-260.9,47.4,47.4,1→4,127.0
132372,636,2,3,0,0,0.0,0,0,0.0,0.0,0.0,0.0,0.0,0,0,0,0,20.7,0.0,47.3,0.0,2→3,127.0
132372,636,2,4,0,0,0.0,0,0,0.0,0.0,0.0,0.0,0.0,0,0,0,0,20.7,0.0,47.3,0.0,2→4,127.0
132372,636,3,4,1,-8605,4.93,8358,8751,39.2138,41.0619,40.9779,3.6362,-76.75,300049250356,300209010735,83151414609,83311158272,-267.7,-260.9,45.6,47.4,3→4,127.0
132572,637,1,2,0,0,0.0,0,0,0.0,0.0,0.0,0.0,0.0,0,0,0,0,-256.3,0.0,47.4,0.0,1→2,127.2
132572,637,1,3,1,-74914,42.93,5414,8843,25.4012,41.493,41.409,18.2378,-75.02,691974668852,692134423489,307627534016,307787277824,-256.3,-267.7,47.4,45.6,1→3,127.2
132572,637,1,4,1,-83310,47.75,4838,8651,22.6988,40.5914,40.4484,18.9026,-70.9,693252675636,693412429281,92007801887,92167545856,-256.3,-260.9,47.4,47.4,1→4,127.2
132572,637,2,3,0,0,0.0,0,0,0.0,0.0,0.0,0.0,0.0,0,0,0,0,20.7,0.0,47.3,0.0,2→3,127.2
132572,637,2,4,0,0,0.0,0,0,0.0,0.0,0.0,0.0,0.0,0,0,0,0,20.7,0.0,47.3,0.0,2→4,127.2
132572,637,3,4,1,-8583,4.92,8350,8743,39.1762,41.022,40.963,3.6213,-77.23,312828815924,312988576477,95931041940,96090785792,-267.7,-260.9,45.6,47.4,3→4,127.2
132772,638,1,2,0,0,0.0,0,0,0.0,0.0,0.0,0.0,0.0,0,0,0,0,-256.3,0.0,47.4,0.0,1→2,127.4
132772,638,1,3,1,-74909,42.93,5417,8846,25.4153,41.5036,41.4196,18.2484,-75.97,704753415220,704913169861,320406828737,320566572544,-256.3,-267.7,47.4,45.6,1→3,127.4
132772,638,1,4,1,-83377,47.79,4839,8655,22.7034,40.6104,40.4674,18.9216,-69.21,706031100468,706190853801,104786836825,104946580480,-256.3,-260.9,47.4,47.4,1→4,127.4
132772,638,2,3,0,0,0.0,0,0,0.0,0.0,0.0,0.0,0.0,0,0,0,0,20.7,0.0,47.3,0.0,2→3,127.4
132772,638,2,4,0,0,0.0,0,0,0.0,0.0,0.0,0.0,0.0,0,0,0,0,20.7,0.0,47.3,0.0,2→4,127.4
132772,638,3,4,1,-8539,4.89,8350,8741,39.1762,41.0125,40.9535,3.6118,-78.2,325610284084,325770044299,108712571878,108872315392,-267.7,-260.9,45.6,47.4,3→4,127.4
132972,639,1,2,0,0,0.0,0,0,0.0,0.0,0.0,0.0,0.0,0,0,0,0,-256.3,0.0,47.4,0.0,1→2,127.6
132972,639,1,3,1,-74929,42.94,5420,8849,25.4294,41.522,41.438,18.2668,-76.76,717532161076,717691915731,333186122937,333345866752,-256.3,-267.7,47.4,45.6,1→3,127.6
132972,639,1,4,1,-83342,47.77,4835,8650,22.6847,40.5842,40.4412,18.8954,-69.53,718810037300,718969790786,117566383800,117726127616,-256.3,-260.9,47.4,47.4,1→4,127.6
132972,639,2,3,0,0,0.0,0,0,0.0,0.0,0.0,0.0,0.0,0,0,0,0,20.7,0.0,47.3,0.0,2→3,127.6
132972,639,2,4,0,0,0.0,0,0,0.0,0.0,0.0,0.0,0.0,0,0,0,0,20.7,0.0,47.3,0.0,2→4,127.6
132972,639,3,4,1,-8632,4.95,8363,8758,39.2372,41.0911,41.0321,3.6904,-78.96,338387340340,338547100740,121489689926,121649433600,-267.7,-260.9,45.6,47.4,3→4,127.6
133172,640,1,2,0,0,0.0,0,0,0.0,0.0,0.0,0.0,0.0,0,0,0,0,-256.3,0.0,47.4,0.0,1→2,127.8
133172,640,1,3,1,-74965,42.96,5419,8851,25.4247,41.5274,41.4434,18.2722,-75.81,730310907444,730470662095,345965417660,346125161472,-256.3,-267.7,47.4,45.6,1→3,127.8
133172,640,1,4,1,-83421,47.81,4833,8652,22.6753,40.5941,40.4511,18.9053,-69.47,731588912180,731748665809,130345868838,130505612800,-256.3,-260.9,47.4,47.4,1→4,127.8
133172,640,2,3,0,0,0.0,0,0,0.0,0.0,0.0,0.0,0.0,0,0,0,0,20.7,0.0,47.3,0.0,2→3,127.8
133172,640,2,4,0,0,0.0,0,0,0.0,0.0,0.0,0.0,0.0,0,0,0,0,20.7,0.0,47.3,0.0,2→4,127.8
133172,640,3,4,1,-8625,4.94,8354,8748,39.195,41.0474,40.9884,3.6467,-78.09,351167727668,351327488180,134270139076,134429882880,-267.7,-260.9,45.6,47.4,3→4,127.8
133372,641,1,2,0,0,0.0,0,0,0.0,0.0,0.0,0.0,0.0,0,0,0,0,-256.3,0.0,47.4,0.0,1→2,128.0
133372,641,1,3,1,-75003,42.99,5422,8855,25.4387,41.5496,41.4656,18.2944,-75.69,743089653300,743249407963,358744711862,358904455680,-256.3,-267.7,47.4,45.6,1→3,128.0
133372,641,1,4,1,-83331,47.76,4831,8645,22.6659,40.563,40.4,18.8542,-68.95,744367529524,744527282767,143125096355,143284839936,-256.3,-260.9,47.4,47.4,1→4,128.0
133372,641,2,3,0,0,0.0,0,0,0.0,0.0,0.0,0.0,0.0,0,0,0,0,20.7,0.0,47.3,0.0,2→3,128.0
133372,641,2,4,0,0,0.0,0,0,0.0,0.0,0.0,0.0,0.0,0,0,0,0,20.7,0.0,47.3,0.0,2→4,128.0
133372,641,3,4,1,-8614,4.94,8361,8755,39.2278,41.0802,41.0212,3.6795,-78.05,363946629684,364106390331,147049102924,147208846848,-267.7,-260.9,45.6,47.4,3→4,128.0
133572,642,1,2,0,0,0.0,0,0,0.0,0.0,0.0,0.0,0.0,0,0,0,0,-256.3,0.0,47.4,0.0,1→2,128.2
133572,642,1,3,1,-74853,42.9,5415,8841,25.4059,41.4822,41.3982,18.227,-76.63,755868399156,756028153800,371524006074,371683749888,-256.3,-267.7,47.4,45.6,1→3,128.2
133572,642,1,4,1,-83404,47.8,4836,8654,22.6894,40.6045,40.4615,18.9157,-69.4,757146275380,757306028710,155904452439,156064196096,-256.3,-260.9,47.4,47.4,1→4,128.2
133572,642,2,3,0,0,0.0,0,0,0.0,0.0,0.0,0.0,0.0,0,0,0,0,20.7,0.0,47.3,0.0,2→3,128.2
133572,642,2,4,0,0,0.0,0,0,0.0,0.0,0.0,0.0,0.0,0,0,0,0,20.7,0.0,47.3,0.0,2→4,128.2
133572,642,3,4,1,-8598,4.93,8346,8740,39.1575,41.0064,40.9474,3.6057,-78.64,376725364788,376885125000,159827899873,159987643392,-267.7,-260.9,45.6,47.4,3→4,128.2
133772,643,1,2,0,0,0.0,0,0,0.0,0.0,0.0,0.0,0.0,0,0,0,0,-256.3,0.0,47.4,0.0,1→2,128.4
133772,643,1,3,1,-75000,42.98,5420,8853,25.4294,41.5396,41.4556,18.2844,-75.72,768647193140,768806947747,384303348458,384463092224,-256.3,-267.7,47.4,45.6,1→3,128.4
133772,643,1,4,1,-83412,47.81,4831,8649,22.6659,40.5804,40.4374,18.8916,-69.84,769925021748,770084775105,168683809073,168843552768,-256.3,-260.9,47.4,47.4,1→4,128.4
133772,643,2,3,0,0,0.0,0,0,0.0,0.0,0.0,0.0,0.0,0,0,0,0,20.7,0.0,47.3,0.0,2→3,128.4
133772,643,2,4,0,0,0.0,0,0,0.0,0.0,0.0,0.0,0.0,0,0,0,0,20.7,0.0,47.3,0.0,2→4,128.4
133772,643,3,4,1,-8628,4.94,8351,8745,39.1809,41.034,40.975,3.6333,-77.94,389502345780,389662106071,172604942747,172764686336,-267.7,-260.9,45.6,47.4,3→4,128.4
133972,644,1,2,0,0,0.0,0,0,0.0,0.0,0.0,0.0,0.0,0,0,0,0,-256.3,0.0,47.4,0.0,1→2,128.6
133972,644,1,3,1,-74946,42.95,5418,8848,25.42,41.5162,41.4572,18.286,-77.65,781425891380,781585645929,397082595103,397242338816,-256.3,-267.7,47.4,45.6,1→3,128.6
133972,644,1,4,1,-83406,47.8,4831,8649,22.6659,40.5791,40.4161,18.8703,-68.98,782703767604,782863520950,181463165244,181622908928,-256.3,-260.9,47.4,47.4,1→4,128.6
133972,644,2,3,0,0,0.0,0,0,0.0,0.0,0.0,0.0,0.0,0,0,0,0,20.7,0.0,47.3,0.0,2→3,128.6
133972,644,2,4,0,0,0.0,0,0,0.0,0.0,0.0,0.0,0.0,0,0,0,0,20.7,0.0,47.3,0.0,2→4,128.6
133972,644,3,4,1,-8618,4.94,8352,8746,39.1856,41.0389,40.9799,3.6382,-77.24,402285669940,402445430249,185388328844,185548072448,-267.7,-260.9,45.6,47.4,3→4,128.6
134172,645,1,2,0,0,0.0,0,0,0.0,0.0,0.0,0.0,0.0,0,0,0,0,-256.3,0.0,47.4,0.0,1→2,128.8
134172,645,1,3,1,-74986,42.98,5416,8849,25.4106,41.5178,41.4338,18.2626,-76.17,794204637236,794364391699,409861889394,410021633024,-256.3,-267.7,47.4,45.6,1→3,128.8
134172,645,1,4,1,-83486,47.85,4832,8654,22.6706,40.6034,40.4604,18.9146,-69.13,795482643508,795642396793,194242651516,194402395136,-256.3,-260.9,47.4,47.4,1→4,128.8
134172,645,2,3,0,0,0.0,0,0,0.0,0.0,0.0,0.0,0.0,0,0,0,0,20.7,0.0,47.3,0.0,2→3,128.8
134172,645,2,4,0,0,0.0,0,0,0.0,0.0,0.0,0.0,0.0,0,0,0,0,20.7,0.0,47.3,0.0,2→4,128.8
134172,645,3,4,1,-8594,4.93,8348,8741,39.1668,41.0149,40.9559,3.6142,-77.52,415061304884,415221065230,198164025695,198323769344,-267.7,-260.9,45.6,47.4,3→4,128.8
134372,646,1,2,0,0,0.0,0,0,0.0,0.0,0.0,0.0,0.0,0,0,0,0,-256.3,0.0,47.4,0.0,1→2,129.0
134372,646,1,3,1,-74899,42.93,5416,8845,25.4106,41.4991,41.4151,18.2439,-75.97,806983383092,807143137453,422641183704,422800927232,-256.3,-267.7,47.4,45.6,1→3,129.0
134372,646,1,4,1,-83388,47.79,4839,8656,22.7034,40.6128,40.4698,18.924,-69.45,808261259316,808421012515,207021877727,207181621248,-256.3,-260.9,47.4,47.4,1→4,129.0
134372,646,2,3,0,0,0.0,0,0,0.0,0.0,0.0,0.0,0.0,0,0,0,0,20.7,0.0,47.3,0.0,2→3,129.0
134372,646,2,4,0,0,0.0,0,0,0.0,0.0,0.0,0.0,0.0,0,0,0,0,20.7,0.0,47.3,0.0,2→4,129.0
134372,646,3,4,1,-8611,4.94,8350,8744,39.1762,41.028,40.969,3.6273,-78.76,427842036788,428001797127,210944819562,211104563200,-267.7,-260.9,45.6,47.4,3→4,129.0
134572,647,1,2,0,0,0.0,0,0,0.0,0.0,0.0,0.0,0.0,0,0,0,0,-256.3,0.0,47.4,0.0,1→2,129.2
134572,647,1,3,1,-74955,42.96,5422,8853,25.4387,41.537,41.478,18.3068,-77.29,819762128948,819921883711,435420478033,435580221952,-256.3,-267.7,47.4,45.6,1→3,129.2
134572,647,1,4,1,-83443,47.82,4833,8652,22.6753,40.5965,40.4535,18.9077,-69.45,821040005172,821199758745,219801234013,219960977920,-256.3,-260.9,47.4,47.4,1→4,129.2
134572,647,2,3,0,0,0.0,0,0,0.0,0.0,0.0,0.0,0.0,0,0,0,0,20.7,0.0,47.3,0.0,2→3,129.2
134572,647,2,4,0,0,0.0,0,0,0.0,0.0,0.0,0.0,0.0,0,0,0,0,20.7,0.0,47.3,0.0,2→4,129.2
134572,647,3,4,1,-8566,4.91,8357,8749,39.2091,41.0511,40.9921,3.6504,-78.64,440624089652,440783849968,223726934415,223886678016,-267.7,-260.9,45.6,47.4,3→4,129.2
134772,648,1,2,0,0,0.0,0,0,0.0,0.0,0.0,0.0,0.0,0,0,0,0,-256.3,0.0,47.4,0.0,1→2,129.4
134772,648,1,3,1,-74986,42.98,5422,8855,25.4387,41.546,41.462,18.2908,-76.93,832540874804,832700629435,448199772374,448359516160,-256.3,-267.7,47.4,45.6,1→3,129.4
134772,648,1,4,1,-83475,47.84,4834,8655,22.68,40.6104,40.4674,18.9216,-69.17,833818751028,833978504444,232580590333,232740334080,-256.3,-260.9,47.4,47.4,1→4,129.4
134772,648,2,3,0,0,0.0,0,0,0.0,0.0,0.0,0.0,0.0,0,0,0,0,20.7,0.0,47.3,0.0,2→3,129.4
134772,648,2,4,0,0,0.0,0,0,0.0,0.0,0.0,0.0,0.0,0,0,0,0,20.7,0.0,47.3,0.0,2→4,129.4
134772,648,3,4,1,-8595,4.93,8354,8747,39.195,41.041,40.982,3.6403,-78.19,453401646132,453561406403,236504552885,236664296448,-267.7,-260.9,45.6,47.4,3→4,129.4
134972,649,1,2,0,0,0.0,0,0,0.0,0.0,0.0,0.0,0.0,0,0,0,0,-256.3,0.0,47.4,0.0,1→2,129.6
134972,649,1,3,1,-74958,42.96,5416,8847,25.4106,41.5118,41.4278,18.2566,-76.42,845319620660,845479375165,460979066696,461138810368,-256.3,-267.7,47.4,45.6,1→3,129.6
134972,649,1,4,1,-83389,47.79,4838,8655,22.6988,40.6083,40.4653,18.9195,-69.43,846597496884,846757250113,245359946687,245519690240,-256.3,-260.9,47.4,47.4,1→4,129.6
134972,649,2,3,0,0,0.0,0,0,0.0,0.0,0.0,0.0,0.0,0,0,0,0,20.7,0.0,47.3,0.0,2→3,129.6
134972,649,2,4,0,0,0.0,0,0,0.0,0.0,0.0,0.0,0.0,0,0,0,0,20.7,0.0,47.3,0.0,2→4,129.6
134972,649,3,4,1,-8637,4.95,8354,8749,39.195,41.05,40.991,3.6493,-78.54,466178453556,466338213777,249281422311,249441165824,-267.7,-260.9,45.6,47.4,3→4,129.6
135172,650,1,2,0,0,0.0,0,0,0.0,0.0,0.0,0.0,0.0,0,0,0,0,-256.3,0.0,47.4,0.0,1→2,129.8
135172,650,1,3,1,-74949,42.95,5419,8849,25.4247,41.5216,41.4626,18.2914,-78.69,858098366516,858258120879,473758361051,473918104576,-256.3,-267.7,47.4,45.6,1→3,129.8
135172,650,1,4,1,-83433,47.82,4839,8658,22.7034,40.6248,40.4818,18.936,-69.47,859376372788,859536126297,258139433130,258299176960,-256.3,-260.9,47.4,47.4,1→4,129.8
135172,650,2,3,0,0,0.0,0,0,0.0,0.0,0.0,0.0,0.0,0,0,0,0,20.7,0.0,47.3,0.0,2→3,129.8
135172,650,2,4,0,0,0.0,0,0,0.0,0.0,0.0,0.0,0.0,0,0,0,0,20.7,0.0,47.3,0.0,2→4,129.8
135172,650,3,4,1,-8649,4.96,8353,8749,39.1903,41.0502,40.9912,3.6495,-78.13,478959963700,479119724328,262062994511,262222738432,-267.7,-260.9,45.6,47.4,3→4,129.8
135372,651,1,2,0,0,0.0,0,0,0.0,0.0,0.0,0.0,0.0,0,0,0,0,-256.3,0.0,47.4,0.0,1→2,130.0
135372,651,1,3,1,-74986,42.98,5414,8847,25.4012,41.5084,41.4244,18.2532,-76.05,870877112372,871036867094,486537655403,486697399296,-256.3,-267.7,47.4,45.6,1→3,130.0
135372,651,1,4,1,-83444,47.82,4835,8655,22.6847,40.6084,40.4654,18.9196,-69.0,872154987572,872314740826,270918658465,271078402048,-256.3,-260.9,47.4,47.4,1→4,130.0
135372,651,2,3,0,0,0.0,0,0,0.0,0.0,0.0,0.0,0.0,0,0,0,0,20.7,0.0,47.3,0.0,2→3,130.0
135372,651,2,4,0,0,0.0,0,0,0.0,0.0,0.0,0.0,0.0,0,0,0,0,20.7,0.0,47.3,0.0,2→4,130.0
135372,651,3,4,1,-8674,4.97,8355,8752,39.1997,41.0626,41.0036,3.6619,-77.56,491739544116,491899304635,274842636991,275002380800,-267.7,-260.9,45.6,47.4,3→4,130.0
135572,652,1,2,0,0,0.0,0,0,0.0,0.0,0.0,0.0,0.0,0,0,0,0,-256.3,0.0,47.4,0.0,1→2,130.2
135572,652,1,3,1,-74907,42.93,5414,8843,25.4012,41.4915,41.4075,18.2363,-76.51,883655858228,883815612820,499316949741,499476693504,-256.3,-267.7,47.4,45.6,1→3,130.2
135572,652,1,4,1,-83397,47.8,4832,8650,22.6706,40.5843,40.4413,18.8955,-69.49,884933838388,885093591889,283698119844,283857863680,-256.3,-260.9,47.4,47.4,1→4,130.2
135572,652,2,3,0,0,0.0,0,0,0.0,0.0,0.0,0.0,0.0,0,0,0,0,20.7,0.0,47.3,0.0,2→3,130.2
135572,652,2,4,0,0,0.0,0,0,0.0,0.0,0.0,0.0,0.0,0,0,0,0,20.7,0.0,47.3,0.0,2→4,130.2
135572,652,3,4,1,-8615,4.94,8360,8754,39.2231,41.0734,41.0144,3.6727,-78.44,504517369908,504677130311,287620524861,287780268544,-267.7,-260.9,45.6,47.4,3→4,130.2
135772,653,1,2,0,0,0.0,0,0,0.0,0.0,0.0,0.0,0.0,0,0,0,0,-256.3,0.0,47.4,0.0,1→2,130.4
135772,653,1,3,1,-74905,42.93,5416,8845,25.4106,41.5004,41.4164,18.2452,-75.25,896434604084,896594358549,512096244080,512255987712,-256.3,-267.7,47.4,45.6,1→3,130.4
135772,653,1,4,1,-83500,47.86,4835,8657,22.6847,40.6181,40.4751,18.9293,-69.84,897712356916,897872110163,296477248935,296636992512,-256.3,-260.9,47.4,47.4,1→4,130.4
135772,653,2,3,0,0,0.0,0,0,0.0,0.0,0.0,0.0,0.0,0,0,0,0,20.7,0.0,47.3,0.0,2→3,130.4
135772,653,2,4,0,0,0.0,0,0,0.0,0.0,0.0,0.0,0.0,0,0,0,0,20.7,0.0,47.3,0.0,2→4,130.4
135772,653,3,4,1,-8634,4.95,8355,8750,39.1997,41.0564,41.0254,3.6837,-79.19,517298958388,517458718618,300402175457,300561918976,-267.7,-260.9,45.6,47.4,3→4,130.4
135972,654,1,2,0,0,0.0,0,0,0.0,0.0,0.0,0.0,0.0,0,0,0,0,-256.3,0.0,47.4,0.0,1→2,130.6
135972,654,1,3,1,-74989,42.98,5418,8850,25.42,41.5255,41.4415,18.2703,-75.41,909213349428,909373104264,524875537920,525035281920,-256.3,-267.7,47.4,45.6,1→3,130.6
135972,654,1,4,1,-83479,47.84,4833,8654,22.6753,40.6042,40.4612,18.9154,-70.08,910491225652,910650979079,309256728303,309416472064,-256.3,-260.9,47.4,47.4,1→4,130.6
135972,654,2,3,0,0,0.0,0,0,0.0,0.0,0.0,0.0,0.0,0,0,0,0,20.7,0.0,47.3,0.0,2→3,130.6
135972,654,2,4,0,0,0.0,0,0,0.0,0.0,0.0,0.0,0.0,0,0,0,0,20.7,0.0,47.3,0.0,2→4,130.6
135972,654,3,4,1,-8623,4.94,8355,8749,39.1997,41.0517,40.9927,3.651,-78.02,530075455028,530235215605,313178734213,313338478080,-267.7,-260.9,45.6,47.4,3→4,130.6
136172,655,1,2,0,0,0.0,0,0,0.0,0.0,0.0,0.0,0.0,0,0,0,0,-256.3,0.0,47.4,0.0,1→2,130.8
136172,655,1,3,1,-74865,42.91,5413,8840,25.3965,41.4777,41.3937,18.2225,-75.61,921992095284,922151849957,537654832282,537814576128,-256.3,-267.7,47.4,45.6,1→3,130.8
136172,655,1,4,1,-83424,47.81,4836,8654,22.6894,40.6065,40.4435,18.8977,-68.85,923270100020,923429853600,322036213340,322195957248,-256.3,-260.9,47.4,47.4,1→4,130.8
136172,655,2,3,0,0,0.0,0,0,0.0,0.0,0.0,0.0,0.0,0,0,0,0,20.7,0.0,47.3,0.0,2→3,130.8
136172,655,2,4,0,0,0.0,0,0,0.0,0.0,0.0,0.0,0.0,0,0,0,0,20.7,0.0,47.3,0.0,2→4,130.8
136172,655,3,4,1,-8632,4.95,8351,8746,39.1809,41.0348,40.9758,3.6341,-78.06,542854467124,543014227499,325957808455,326117552128,-267.7,-260.9,45.6,47.4,3→4,130.8
136372,656,1,2,0,0,0.0,0,0,0.0,0.0,0.0,0.0,0.0,0,0,0,0,-256.3,0.0,47.4,0.0,1→2,131.0
136372,656,1,3,1,-74950,42.96,5417,8848,25.4153,41.5148,41.4308,18.2596,-75.53,934770841140,934930595652,550434126659,550593870336,-256.3,-267.7,47.4,45.6,1→3,131.0
136372,656,1,4,1,-83526,47.87,4835,8658,22.6847,40.6237,40.4607,18.9149,-68.63,936048820276,936208573477,334815544277,334975287808,-256.3,-260.9,47.4,47.4,1→4,131.0
136372,656,2,3,0,0,0.0,0,0,0.0,0.0,0.0,0.0,0.0,0,0,0,0,20.7,0.0,47.3,0.0,2→3,131.0
136372,656,2,4,0,0,0.0,0,0,0.0,0.0,0.0,0.0,0.0,0,0,0,0,20.7,0.0,47.3,0.0,2→4,131.0
136372,656,3,4,1,-8677,4.97,8350,8747,39.1762,41.0398,40.9808,3.6391,-78.02,555637239348,555796999985,338740642879,338900386816,-267.7,-260.9,45.6,47.4,3→4,131.0
136572,657,1,2,0,0,0.0,0,0,0.0,0.0,0.0,0.0,0.0,0,0,0,0,-256.3,0.0,47.4,0.0,1→2,131.2
136572,657,1,3,1,-74942,42.95,5420,8850,25.4294,41.5247,41.4408,18.2696,-76.89,947549586996,947709341346,563213421034,563373164544,-256.3,-267.7,47.4,45.6,1→3,131.2
136572,657,1,4,1,-83471,47.84,4833,8654,22.6753,40.6048,40.4618,18.916,-69.68,948827780660,948987533951,347595115384,347754859008,-256.3,-260.9,47.4,47.4,1→4,131.2
136572,657,2,3,0,0,0.0,0,0,0.0,0.0,0.0,0.0,0.0,0,0,0,0,20.7,0.0,47.3,0.0,2→3,131.2
136572,657,2,4,0,0,0.0,0,0,0.0,0.0,0.0,0.0,0.0,0,0,0,0,20.7,0.0,47.3,0.0,2→4,131.2
136572,657,3,4,1,-8680,4.97,8353,8750,39.1903,41.0569,40.9979,3.6562,-78.08,568410311732,568570072149,351513777442,351673521152,-267.7,-260.9,45.6,47.4,3→4,131.2
136772,658,1,2,0,0,0.0,0,0,0.0,0.0,0.0,0.0,0.0,0,0,0,0,-256.3,0.0,47.4,0.0,1→2,131.4
136772,658,1,3,1,-74953,42.96,5413,8844,25.3965,41.4967,41.4377,18.2665,-77.2,960328332340,960488087045,575992714874,576152458752,-256.3,-267.7,47.4,45.6,1→3,131.4
136772,658,1,4,1,-83487,47.85,4833,8654,22.6753,40.6059,40.4429,18.8971,-68.93,961606208564,961765961950,360374154008,360533897728,-256.3,-260.9,47.4,47.4,1→4,131.4
136772,658,2,3,0,0,0.0,0,0,0.0,0.0,0.0,0.0,0.0,0,0,0,0,20.7,0.0,47.3,0.0,2→3,131.4
136772,658,2,4,0,0,0.0,0,0,0.0,0.0,0.0,0.0,0.0,0,0,0,0,20.7,0.0,47.3,0.0,2→4,131.4
136772,658,3,4,1,-8614,4.94,8359,8753,39.2185,41.0708,41.0118,3.6701,-78.49,581189011508,581348772157,364292539462,364452283392,-267.7,-260.9,45.6,47.4,3→4,131.4
136972,659,1,2,0,0,0.0,0,0,0.0,0.0,0.0,0.0,0.0,0,0,0,0,-256.3,0.0,47.4,0.0,1→2,131.6
136972,659,1,3,1,-74900,42.93,5416,8844,25.4106,41.497,41.413,18.2418,-76.05,973107078196,973266832753,588772009235,588931752960,-256.3,-267.7,47.4,45.6,1→3,131.6
136972,659,1,4,1,-83399,47.8,4831,8649,22.6659,40.58,40.437,18.8912,-69.15,974384954420,974544707884,373153510599,373313254400,-256.3,-260.9,47.4,47.4,1→4,131.6
136972,659,2,3,0,0,0.0,0,0,0.0,0.0,0.0,0.0,0.0,0,0,0,0,20.7,0.0,47.3,0.0,2→3,131.6
136972,659,2,4,0,0,0.0,0,0,0.0,0.0,0.0,0.0,0.0,0,0,0,0,20.7,0.0,47.3,0.0,2→4,131.6
136972,659,3,4,1,-8611,4.94,8361,8755,39.2278,41.0796,41.0206,3.6789,-77.17,593974818868,594134579209,377078409086,377238152704,-267.7,-260.9,45.6,47.4,3→4,131.6
137172,660,1,2,0,0,0.0,0,0,0.0,0.0,0.0,0.0,0.0,0,0,0,0,-256.3,0.0,47.4,0.0,1→2,131.8
137172,660,1,3,1,-74891,42.92,5416,8844,25.4106,41.4974,41.4134,18.2422,-76.72,985885824052,986045578461,601551303592,601711047168,-256.3,-267.7,47.4,45.6,1→3,131.8
137172,660,1,4,1,-83459,47.83,4830,8650,22.6612,40.5859,40.4229,18.8771,-68.9,987163830324,987323583855,385932997249,386092741120,-256.3,-260.9,47.4,47.4,1→4,131.8
137172,660,2,3,0,0,0.0,0,0,0.0,0.0,0.0,0.0,0.0,0,0,0,0,20.7,0.0,47.3,0.0,2→3,131.8
137172,660,2,4,0,0,0.0,0,0,0.0,0.0,0.0,0.0,0.0,0,0,0,0,20.7,0.0,47.3,0.0,2→4,131.8
137172,660,3,4,1,-8582,4.92,8349,8742,39.1715,41.0171,40.9581,3.6164,-77.36,606750486580,606910247133,389854139026,390013882880,-267.7,-260.9,45.6,47.4,3→4,131.8
137372,661,1,2,0,0,0.0,0,0,0.0,0.0,0.0,0.0,0.0,0,0,0,0,-256.3,0.0,47.4,0.0,1→2,132.0
137372,661,1,3,1,-74966,42.96,5415,8846,25.4059,41.5065,41.4225,18.2513,-75.97,998664514612,998824269375,614330542659,614490286592,-256.3,-267.7,47.4,45.6,1→3,132.0
137372,661,1,4,1,-83465,47.84,4831,8652,22.6659,40.5942,40.4512,18.9054,-69.66,999942445620,1000102199194,398712223321,398871967232,-256.3,-260.9,47.4,47.4,1→4,132.0
137372,661,2,3,0,0,0.0,0,0,0.0,0.0,0.0,0.0,0.0,0,0,0,0,20.7,0.0,47.3,0.0,2→3,132.0
137372,661,2,4,0,0,0.0,0,0,0.0,0.0,0.0,0.0,0.0,0,0,0,0,20.7,0.0,47.3,0.0,2→4,132.0
137372,661,3,4,1,-8616,4.94,8350,8744,39.1762,41.0267,40.9677,3.626,-77.58,619530337844,619690098074,402634052566,402793796096,-267.7,-260.9,45.6,47.4,3→4,132.0
137572,662,1,2,0,0,0.0,0,0,0.0,0.0,0.0,0.0,0.0,0,0,0,0,-256.3,0.0,48.4,0.0,1→2,132.2
137572,662,1,3,1,-75015,42.99,5418,8851,25.42,41.5311,41.4221,18.2509,-74.98,1011443315252,1011603069838,627109891834,627269635584,-256.3,-267.7,48.4,45.6,1→3,132.2
137572,662,1,4,1,-83470,47.84,4833,8653,22.6753,40.6023,40.4593,18.9135,-69.28,1012721294900,1012881048465,411491683429,411651427328,-256.3,-260.9,48.4,47.4,1→4,132.2
137572,662,2,3,0,0,0.0,0,0,0.0,0.0,0.0,0.0,0.0,0,0,0,0,20.7,0.0,47.3,0.0,2→3,132.2
137572,662,2,4,0,0,0.0,0,0,0.0,0.0,0.0,0.0,0.0,0,0,0,0,20.7,0.0,47.3,0.0,2→4,132.2
137572,662,3,4,1,-8645,4.95,8353,8748,39.1903,41.047,40.988,3.6463,-77.52,632316346420,632476106783,415420123479,415579867136,-267.7,-260.9,45.6,47.4,3→4,132.2
137772,663,1,2,0,0,0.0,0,0,0.0,0.0,0.0,0.0,0.0,0,0,0,0,-256.3,0.0,48.4,0.0,1→2,132.4
137772,663,1,3,1,-74949,42.95,5420,8850,25.4294,41.5263,41.4173,18.2461,-73.62,1024222000180,1024381754562,639889125322,640048868864,-256.3,-267.7,48.4,45.6,1→3,132.4
137772,663,1,4,1,-83492,47.85,4831,8652,22.6659,40.5976,40.4346,18.8888,-68.18,1025499745844,1025659499364,424270745230,424430489088,-256.3,-260.9,48.4,47.4,1→4,132.4
137772,663,2,3,0,0,0.0,0,0,0.0,0.0,0.0,0.0,0.0,0,0,0,0,20.7,0.0,47.3,0.0,2→3,132.4
137772,663,2,4,0,0,0.0,0,0,0.0,0.0,0.0,0.0,0.0,0,0,0,0,20.7,0.0,47.3,0.0,2→4,132.4
137772,663,3,4,1,-8676,4.97,8346,8743,39.1575,41.0208,40.9618,3.6201,-78.81,645088869940,645248630481,428192709271,428352453120,-267.7,-260.9,45.6,47.4,3→4,132.4
137972,664,1,2,0,0,0.0,0,0,0.0,0.0,0.0,0.0,0.0,0,0,0,0,-256.3,0.0,48.4,0.0,1→2,132.6
137972,664,1,3,1,-74993,42.98,5414,8846,25.4012,41.5076,41.4236,18.2524,-75.29,1037000806452,1037160561101,652668480179,652828224000,-256.3,-267.7,48.4,45.6,1→3,132.6
137972,664,1,4,1,-83512,47.86,4828,8651,22.6518,40.5902,40.4272,18.8814,-68.05,1038278814260,1038438567658,437050424579,437210168320,-256.3,-260.9,48.4,47.4,1→4,132.6
137972,664,2,3,0,0,0.0,0,0,0.0,0.0,0.0,0.0,0.0,0,0,0,0,20.7,0.0,47.3,0.0,2→3,132.6
137972,664,2,4,0,0,0.0,0,0,0.0,0.0,0.0,0.0,0.0,0,0,0,0,20.7,0.0,47.3,0.0,2→4,132.6
137972,664,3,4,1,-8676,4.97,8345,8742,39.1528,41.0185,40.9595,3.6178,-77.9,657870314036,658030074704,440974215703,441133959680,-267.7,-260.9,45.6,47.4,3→4,132.6
138172,665,1,2,0,0,0.0,0,0,0.0,0.0,0.0,0.0,0.0,0,0,0,0,-256.3,0.0,47.4,0.0,1→2,132.8
138172,665,1,3,1,-74918,42.94,5410,8839,25.3824,41.475,41.416,18.2448,-78.02,1049779551796,1049939306187,665447774126,665607517696,-256.3,-267.7,47.4,45.6,1→3,132.8
138172,665,1,4,1,-83473,47.84,4831,8652,22.6659,40.5959,40.4529,18.9071,-69.13,1051057558068,1051217311325,449829779350,449989522944,-256.3,-260.9,47.4,47.4,1→4,132.8
138172,665,2,3,0,0,0.0,0,0,0.0,0.0,0.0,0.0,0.0,0,0,0,0,20.7,0.0,47.3,0.0,2→3,132.8
138172,665,2,4,0,0,0.0,0,0,0.0,0.0,0.0,0.0,0.0,0,0,0,0,20.7,0.0,47.3,0.0,2→4,132.8
138172,665,3,4,1,-8678,4.97,8351,8748,39.1809,41.0447,40.9857,3.644,-78.27,670650079796,670809840072,453754043818,453913787392,-267.7,-260.9,45.6,47.4,3→4,132.8
138372,666,1,2,0,0,0.0,0,0,0.0,0.0,0.0,0.0,0.0,0,0,0,0,-256.3,0.0,47.4,0.0,1→2,133.0
138372,666,1,3,1,-74996,42.98,5418,8851,25.42,41.5293,41.4453,18.2741,-76.01,1062558297140,1062718051753,678227068128,678386811904,-256.3,-267.7,47.4,45.6,1→3,133.0
138372,666,1,4,1,-83508,47.86,4833,8655,22.6753,40.6105,40.4675,18.9217,-69.26,1063836301876,1063996055460,462609134162,462768878080,-256.3,-260.9,47.4,47.4,1→4,133.0
138372,666,2,3,0,0,0.0,0,0,0.0,0.0,0.0,0.0,0.0,0,0,0,0,20.7,0.0,47.3,0.0,2→3,133.0
138372,666,2,4,0,0,0.0,0,0,0.0,0.0,0.0,0.0,0.0,0,0,0,0,20.7,0.0,47.3,0.0,2→4,133.0
138372,666,3,4,1,-8692,4.98,8350,8747,39.1762,41.043,40.984,3.6423,-77.65,683574092852,683733853539,466678119949,466837863936,-267.7,-260.9,45.6,47.4,3→4,133.0
138572,667,1,2,0,0,0.0,0,0,0.0,0.0,0.0,0.0,0.0,0,0,0,0,-256.3,0.0,47.4,0.0,1→2,133.2
138572,667,1,3,1,-74940,42.95,5424,8854,25.4481,41.5431,41.4841,18.3129,-77.29,1075337042484,1075496797291,691006362153,691166106112,-256.3,-267.7,47.4,45.6,1→3,133.2
138572,667,1,4,1,-83538,47.88,4833,8657,22.6753,40.6169,40.4739,18.9281,-69.08,1076615048756,1076774802105,475388492093,475548235776,-256.3,-260.9,47.4,47.4,1→4,133.2
138572,667,2,3,0,0,0.0,0,0,0.0,0.0,0.0,0.0,0.0,0,0,0,0,20.7,0.0,47.3,0.0,2→3,133.2
138572,667,2,4,0,0,0.0,0,0,0.0,0.0,0.0,0.0,0.0,0,0,0,0,20.7,0.0,47.3,0.0,2→4,133.2
138572,667,3,4,1,-8693,4.98,8348,8745,39.1668,41.0339,40.9749,3.6332,-77.1,696207396404,696367156870,479311485158,479471228928,-267.7,-260.9,45.6,47.4,3→4,133.2
138772,668,1,2,0,0,0.0,0,0,0.0,0.0,0.0,0.0,0.0,0,0,0,0,-256.3,0.0,48.4,0.0,1→2,133.4
138772,668,1,3,1,-75046,43.01,5420,8855,25.4294,41.5471,41.4381,18.2669,-73.54,1088115787828,1088275542293,703785656183,703945399808,-256.3,-267.7,48.4,45.6,1→3,133.4
138772,668,1,4,1,-83530,47.87,4829,8653,22.6565,40.5988,40.4558,18.91,-69.48,1089393664052,1089553417640,488167718471,488327462400,-256.3,-260.9,48.4,47.4,1→4,133.4
138772,668,2,3,0,0,0.0,0,0,0.0,0.0,0.0,0.0,0.0,0,0,0,0,20.7,0.0,47.3,0.0,2→3,133.4
138772,668,2,4,0,0,0.0,0,0,0.0,0.0,0.0,0.0,0.0,0,0,0,0,20.7,0.0,47.3,0.0,2→4,133.4
138772,668,3,4,1,-8684,4.98,8347,8744,39.1622,41.0272,40.9682,3.6265,-77.78,708986809908,709146570436,492090961062,492250704896,-267.7,-260.9,45.6,47.4,3→4,133.4
138972,669,1,2,0,0,0.0,0,0,0.0,0.0,0.0,0.0,0.0,0,0,0,0,-256.3,0.0,48.4,0.0,1→2,133.6
138972,669,1,3,1,-74984,42.97,5414,8846,25.4012,41.508,41.424,18.2528,-75.25,1382905396,1542659997,716564950244,716724694016,-256.3,-267.7,48.4,45.6,1→3,133.6
138972,669,1,4,1,-83468,47.84,4833,8653,22.6753,40.6018,40.4588,18.913,-70.0,2660781620,2820534895,500947074951,501106818560,-256.3,-260.9,48.4,47.4,1→4,133.6
138972,669,2,3,0,0,0.0,0,0,0.0,0.0,0.0,0.0,0.0,0,0,0,0,20.7,0.0,47.3,0.0,2→3,133.6
138972,669,2,4,0,0,0.0,0,0,0.0,0.0,0.0,0.0,0.0,0,0,0,0,20.7,0.0,47.3,0.0,2→4,133.6
138972,669,3,4,1,-8642,4.95,8359,8755,39.2185,41.0769,41.0179,3.6762,-78.71,721763921460,721923682050,504868135041,505027878912,-267.7,-260.9,45.6,47.4,3→4,133.6
139172,670,1,2,0,0,0.0,0,0,0.0,0.0,0.0,0.0,0.0,0,0,0,0,-256.3,0.0,48.4,0.0,1→2,133.8
139172,670,1,3,1,-74963,42.96,5410,8841,25.3824,41.4824,41.3734,18.2022,-74.91,14161650740,14321405479,729344244305,729503988224,-256.3,-267.7,48.4,45.6,1→3,133.8
139172,670,1,4,1,-83536,47.88,4829,8653,22.6565,40.6,40.437,18.8912,-68.48,15439526452,15599279878,513726430953,513886174720,-256.3,-260.9,48.4,47.4,1→4,133.8
139172,670,2,3,0,0,0.0,0,0,0.0,0.0,0.0,0.0,0.0,0,0,0,0,20.7,0.0,47.3,0.0,2→3,133.8
139172,670,2,4,0,0,0.0,0,0,0.0,0.0,0.0,0.0,0.0,0,0,0,0,20.7,0.0,47.3,0.0,2→4,133.8
139172,670,3,4,1,-8740,5.01,8354,8754,39.195,41.0721,41.0131,3.6714,-78.69,734544861236,734704621829,517649137267,517808881152,-267.7,-260.9,45.6,47.4,3→4,133.8
139372,671,1,2,0,0,0.0,0,0,0.0,0.0,0.0,0.0,0.0,0,0,0,0,-256.3,0.0,48.4,0.0,1→2,134.0
139372,671,1,3,1,-74981,42.97,5408,8840,25.3731,41.4768,41.3928,18.2216,-76.34,26940396084,27100150430,742123538390,742283281920,-256.3,-267.7,48.4,45.6,1→3,134.0
139372,671,1,4,1,-83505,47.86,4826,8648,22.6425,40.577,40.434,18.8882,-69.03,28218271284,28378024838,526505786978,526665530880,-256.3,-260.9,48.4,47.4,1→4,134.0
139372,671,2,3,0,0,0.0,0,0,0.0,0.0,0.0,0.0,0.0,0,0,0,0,20.7,0.0,47.3,0.0,2→3,134.0
139372,671,2,4,0,0,0.0,0,0,0.0,0.0,0.0,0.0,0.0,0,0,0,0,20.7,0.0,47.3,0.0,2→4,134.0
139372,671,3,4,1,-8712,4.99,8344,8742,39.1481,41.0192,40.9602,3.6185,-77.39,747324352052,747484112639,530428690533,530588434432,-267.7,-260.9,45.6,47.4,3→4,134.0
139572,672,1,2,0,0,0.0,0,0,0.0,0.0,0.0,0.0,0.0,0,0,0,0,-256.3,0.0,48.4,0.0,1→2,134.2
139572,672,1,3,1,-74992,42.98,5408,8840,25.3731,41.4792,41.3952,18.224,-75.25,39719141428,39878895893,754902832479,755062576128,-256.3,-267.7,48.4,45.6,1→3,134.2
139572,672,1,4,1,-83622,47.93,4825,8652,22.6378,40.5974,40.4544,18.9086,-69.91,40997016628,41156769771,539285143547,539444887040,-256.3,-260.9,48.4,47.4,1→4,134.2
139572,672,2,3,0,0,0.0,0,0,0.0,0.0,0.0,0.0,0.0,0,0,0,0,20.7,0.0,47.3,0.0,2→3,134.2
139572,672,2,4,0,0,0.0,0,0,0.0,0.0,0.0,0.0,0.0,0,0,0,0,20.7,0.0,47.3,0.0,2→4,134.2
139572,672,3,4,1,-8748,5.01,8353,8753,39.1903,41.0691,41.0101,3.6684,-77.86,760106797108,760266557660,543211198106,543370941952,-267.7,-260.9,45.6,47.4,3→4,134.2
139772,673,1,2,0,0,0.0,0,0,0.0,0.0,0.0,0.0,0.0,0,0,0,0,-256.3,0.0,48.4,0.0,1→2,134.4
139772,673,1,3,1,-74964,42.96,5416,8847,25.4106,41.5107,41.4267,18.2555,-75.55,52497934388,52657688973,767682174199,767841917952,-256.3,-267.7,48.4,45.6,1→3,134.4
139772,673,1,4,1,-83428,47.81,4826,8645,22.6425,40.5604,40.4174,18.8716,-69.99,53775761972,53935515177,552064500159,552224243712,-256.3,-260.9,48.4,47.4,1→4,134.4
139772,673,2,3,0,0,0.0,0,0,0.0,0.0,0.0,0.0,0.0,0,0,0,0,20.7,0.0,47.3,0.0,2→3,134.4
139772,673,2,4,0,0,0.0,0,0,0.0,0.0,0.0,0.0,0.0,0,0,0,0,20.7,0.0,47.3,0.0,2→4,134.4
139772,673,3,4,1,-8686,4.98,8350,8748,39.1762,41.0441,40.9851,3.6434,-77.72,772883753524,773043514018,555988217039,556147960832,-267.7,-260.9,45.6,47.4,3→4,134.4
139972,674,1,2,0,0,0.0,0,0,0.0,0.0,0.0,0.0,0.0,0,0,0,0,-256.3,0.0,47.4,0.0,1→2,134.6
139972,674,1,3,1,-74973,42.97,5413,8844,25.3965,41.4986,41.4396,18.2684,-77.29,65276631604,65436386273,780461420189,780621164032,-256.3,-267.7,47.4,45.6,1→3,134.6
139972,674,1,4,1,-83498,47.85,4832,8654,22.6706,40.6036,40.4766,18.9308,-71.17,66554507316,66714260549,564843856815,565003600384,-256.3,-260.9,47.4,47.4,1→4,134.6
139972,674,2,3,0,0,0.0,0,0,0.0,0.0,0.0,0.0,0.0,0,0,0,0,20.7,0.0,47.3,0.0,2→3,134.6
139972,674,2,4,0,0,0.0,0,0,0.0,0.0,0.0,0.0,0.0,0,0,0,0,20.7,0.0,47.3,0.0,2→4,134.6
139972,674,3,4,1,-8708,4.99,8351,8749,39.1809,41.0511,40.9671,3.6254,-76.75,785704655924,785864416149,568809182173,568968925696,-267.7,-260.9,45.6,47.4,3→4,134.6
140172,675,1,2,0,0,0.0,0,0,0.0,0.0,0.0,0.0,0.0,0,0,0,0,-256.3,0.0,47.4,0.0,1→2,134.8
140172,675,1,3,1,-74939,42.95,5414,8844,25.4012,41.496,41.412,18.2408,-75.53,78055376948,78215131696,793240714320,793400458240,-256.3,-267.7,47.4,45.6,1→3,134.8
140172,675,1,4,1,-83523,47.87,4827,8650,22.6471,40.5855,40.4425,18.8967,-69.0,79333381684,79493134880,577623342538,577783086080,-256.3,-260.9,47.4,47.4,1→4,134.8
140172,675,2,3,0,0,0.0,0,0,0.0,0.0,0.0,0.0,0.0,0,0,0,0,20.7,0.0,47.3,0.0,2→3,134.8
140172,675,2,4,0,0,0.0,0,0,0.0,0.0,0.0,0.0,0.0,0,0,0,0,20.7,0.0,47.3,0.0,2→4,134.8
140172,675,3,4,1,-8692,4.98,8355,8752,39.1997,41.0665,41.0355,3.6938,-79.4,798442097204,798601857544,581546685810,581706429440,-267.7,-260.9,45.6,47.4,3→4,134.8
140372,676,1,2,0,0,0.0,0,0,0.0,0.0,0.0,0.0,0.0,0,0,0,0,-256.3,0.0,47.4,0.0,1→2,135.0
140372,676,1,3,1,-74991,42.98,5413,8846,25.3965,41.5048,41.4208,18.2496,-75.14,90834122292,90993877096,806020008471,806179752448,-256.3,-267.7,47.4,45.6,1→3,135.0
140372,676,1,4,1,-83564,47.89,4826,8651,22.6425,40.5896,40.4466,18.9008,-69.55,92111994932,92271748076,590402567164,590562310656,-256.3,-260.9,47.4,47.4,1→4,135.0
140372,676,2,3,0,0,0.0,0,0,0.0,0.0,0.0,0.0,0.0,0,0,0,0,20.7,0.0,47.3,0.0,2→3,135.0
140372,676,2,4,0,0,0.0,0,0,0.0,0.0,0.0,0.0,0.0,0,0,0,0,20.7,0.0,47.3,0.0,2→4,135.0
140372,676,3,4,1,-8734,5.01,8360,8760,39.2231,41.1013,41.0423,3.7006,-78.59,811221178420,811380938640,594325829621,594485573120,-267.7,-260.9,45.6,47.4,3→4,135.0
140572,677,1,2,0,0,0.0,0,0,0.0,0.0,0.0,0.0,0.0,0,0,0,0,-256.3,0.0,48.4,0.0,1→2,135.2
140572,677,1,3,1,-74959,42.96,5414,8845,25.4012,41.5026,41.3936,18.2224,-74.95,103612867124,103772621462,818799302123,818959045632,-256.3,-267.7,48.4,45.6,1→3,135.2
140572,677,1,4,1,-83494,47.85,4828,8650,22.6518,40.584,40.668,19.1222,-88.68,104890740276,105050493830,603181923942,603341667840,-256.3,-260.9,48.4,47.4,1→4,135.2
140572,677,2,3,0,0,0.0,0,0,0.0,0.0,0.0,0.0,0.0,0,0,0,0,20.7,0.0,47.3,0.0,2→3,135.2
140572,677,2,4,0,0,0.0,0,0,0.0,0.0,0.0,0.0,0.0,0,0,0,0,20.7,0.0,47.3,0.0,2→4,135.2
140572,677,3,4,1,-8688,4.98,8345,8743,39.1528,41.0211,40.9901,3.6484,-79.06,824000747060,824160507615,607105460872,607265204736,-267.7,-260.9,45.6,47.4,3→4,135.2
140772,678,1,2,0,0,0.0,0,0,0.0,0.0,0.0,0.0,0.0,0,0,0,0,-256.3,0.0,48.4,0.0,1→2,135.4
140772,678,1,3,1,-74988,42.98,5416,8849,25.4106,41.5182,41.4092,18.238,-74.72,116391612468,116551366850,831578596291,831738339840,-256.3,-267.7,48.4,45.6,1→3,135.4
140772,678,1,4,1,-83550,47.88,4828,8653,22.6518,40.5984,40.4553,18.9095,-69.37,117669297716,117829051152,615961092829,616120836608,-256.3,-260.9,48.4,47.4,1→4,135.4
140772,678,2,3,0,0,0.0,0,0,0.0,0.0,0.0,0.0,0.0,0,0,0,0,20.7,0.0,47.3,0.0,2→3,135.4
140772,678,2,4,0,0,0.0,0,0,0.0,0.0,0.0,0.0,0.0,0,0,0,0,20.7,0.0,47.3,0.0,2→4,135.4
140772,678,3,4,1,-8741,5.01,8352,8752,39.1856,41.0653,41.0063,3.6646,-78.18,836780764724,836940525117,619885541176,620045284864,-267.7,-260.9,45.6,47.4,3→4,135.4
140972,679,1,2,0,0,0.0,0,0,0.0,0.0,0.0,0.0,0.0,0,0,0,0,-256.3,0.0,48.4,0.0,1→2,135.6
140972,679,1,3,1,-75032,43.0,5411,8845,25.3871,41.5019,41.4179,18.2467,-75.18,129170357300,129330111695,844357889963,844517633536,-256.3,-267.7,48.4,45.6,1→3,135.6
140972,679,1,4,1,-83558,47.89,4828,8652,22.6518,40.5977,40.4547,18.9089,-69.92,130448233524,130607986773,628740640151,628900383744,-256.3,-260.9,48.4,47.4,1→4,135.6
140972,679,2,3,0,0,0.0,0,0,0.0,0.0,0.0,0.0,0.0,0,0,0,0,20.7,0.0,47.3,0.0,2→3,135.6
140972,679,2,4,0,0,0.0,0,0,0.0,0.0,0.0,0.0,0.0,0,0,0,0,20.7,0.0,47.3,0.0,2→4,135.6
140972,679,3,4,1,-8782,5.03,8350,8752,39.1762,41.0624,41.0034,3.6617,-77.65,849558830132,849718590334,632663669234,632823412736,-267.7,-260.9,45.6,47.4,3→4,135.6
141172,680,1,2,0,0,0.0,0,0,0.0,0.0,0.0,0.0,0.0,0,0,0,0,-256.3,0.0,47.4,0.0,1→2,135.8
141172,680,1,3,1,-75058,43.02,5413,8848,25.3965,41.5168,41.4328,18.2616,-75.41,141949102644,142108857031,857137184183,857296927744,-256.3,-267.7,47.4,45.6,1→3,135.8
141172,680,1,4,1,-83519,47.87,4832,8655,22.6706,40.6081,40.4811,18.9353,-71.49,143227108916,143386862463,641520127093,641679870976,-256.3,-260.9,47.4,47.4,1→4,135.8
141172,680,2,3,0,0,0.0,0,0,0.0,0.0,0.0,0.0,0.0,0,0,0,0,20.7,0.0,47.3,0.0,2→3,135.8
141172,680,2,4,0,0,0.0,0,0,0.0,0.0,0.0,0.0,0.0,0,0,0,0,20.7,0.0,47.3,0.0,2→4,135.8
141172,680,3,4,1,-8726,5.0,8351,8750,39.1809,41.0574,40.9734,3.6317,-76.58,862341014580,862500775065,645445916378,645605660160,-267.7,-260.9,45.6,47.4,3→4,135.8
141372,681,1,2,0,0,0.0,0,0,0.0,0.0,0.0,0.0,0.0,0,0,0,0,-256.3,0.0,47.4,0.0,1→2,136.0
141372,681,1,3,1,-75041,43.01,5413,8848,25.3965,41.5132,41.4042,18.233,-74.17,154727847476,154887601822,869916477920,870076221440,-256.3,-267.7,47.4,45.6,1→3,136.0
141372,681,1,4,1,-83614,47.92,4825,8652,22.6378,40.5957,40.4527,18.9069,-69.53,156005723700,156165476986,654299353452,654459097088,-256.3,-260.9,47.4,47.4,1→4,136.0
141372,681,2,3,0,0,0.0,0,0,0.0,0.0,0.0,0.0,0.0,0,0,0,0,20.7,0.0,47.3,0.0,2→3,136.0
141372,681,2,4,0,0,0.0,0,0,0.0,0.0,0.0,0.0,0.0,0,0,0,0,20.7,0.0,47.3,0.0,2→4,136.0
141372,681,3,4,1,-8709,4.99,8348,8746,39.1668,41.0373,40.9783,3.6366,-78.29,875116682804,875276443083,658221647265,658381390848,-267.7,-260.9,45.6,47.4,3→4,136.0
141572,682,1,2,0,0,0.0,0,0,0.0,0.0,0.0,0.0,0.0,0,0,0,0,-256.3,0.0,47.4,0.0,1→2,136.2
141572,682,1,3,1,-74988,42.98,5422,8854,25.4387,41.5441,41.4351,18.2639,-74.32,167506592308,167666347102,882695771698,882855515648,-256.3,-267.7,47.4,45.6,1→3,136.2
141572,682,1,4,1,-83504,47.86,4828,8651,22.6518,40.5885,40.4455,18.8997,-70.03,168784600628,168944354108,667078842033,667238585856,-256.3,-260.9,47.4,47.4,1→4,136.2
141572,682,2,3,0,0,0.0,0,0,0.0,0.0,0.0,0.0,0.0,0,0,0,0,20.7,0.0,47.3,0.0,2→3,136.2
141572,682,2,4,0,0,0.0,0,0,0.0,0.0,0.0,0.0,0.0,0,0,0,0,20.7,0.0,47.3,0.0,2→4,136.2
141572,682,3,4,1,-8760,5.02,8346,8747,39.1575,41.0412,40.9822,3.6405,-77.58,887895319092,888055079626,671000346271,671160090112,-267.7,-260.9,45.6,47.4,3→4,136.2
141772,683,1,2,0,0,0.0,0,0,0.0,0.0,0.0,0.0,0.0,0,0,0,0,-256.3,0.0,47.4,0.0,1→2,136.4
141772,683,1,3,1,-74994,42.98,5420,8853,25.4294,41.5383,41.4293,18.2581,-74.95,180285337140,180445091857,895475065468,895634809344,-256.3,-267.7,47.4,45.6,1→3,136.4
141772,683,1,4,1,-83590,47.91,4829,8655,22.6565,40.6117,40.4687,18.9229,-69.18,181563343924,181723097557,679858197018,680017940992,-256.3,-260.9,47.4,47.4,1→4,136.4
141772,683,2,3,0,0,0.0,0,0,0.0,0.0,0.0,0.0,0.0,0,0,0,0,20.7,0.0,47.3,0.0,2→3,136.4
141772,683,2,4,0,0,0.0,0,0,0.0,0.0,0.0,0.0,0.0,0,0,0,0,20.7,0.0,47.3,0.0,2→4,136.4
141772,683,3,4,1,-8739,5.01,8347,8747,39.1622,41.0414,40.9824,3.6407,-78.99,900677355572,900837115811,683782445512,683942189056,-267.7,-260.9,45.6,47.4,3→4,136.4
141972,684,1,2,0,0,0.0,0,0,0.0,0.0,0.0,0.0,0.0,0,0,0,0,-256.3,0.0,47.4,0.0,1→2,136.6
141972,684,1,3,1,-75001,42.98,5414,8847,25.4012,41.5116,41.4276,18.2564,-75.37,193064082484,193223837106,908254359759,908414103552,-256.3,-267.7,47.4,45.6,1→3,136.6
141972,684,1,4,1,-83654,47.94,4827,8656,22.6471,40.6136,40.4706,18.9248,-69.41,194341957684,194501710930,692637422488,692797166080,-256.3,-260.9,47.4,47.4,1→4,136.6
141972,684,2,3,0,0,0.0,0,0,0.0,0.0,0.0,0.0,0.0,0,0,0,0,20.7,0.0,47.3,0.0,2→3,136.6
141972,684,2,4,0,0,0.0,0,0,0.0,0.0,0.0,0.0,0.0,0,0,0,0,20.7,0.0,47.3,0.0,2→4,136.6
141972,684,3,4,1,-8715,4.99,8344,8742,39.1481,41.0198,40.9608,3.6191,-78.14,913453947956,913613708395,696559100665,696718844416,-267.7,-260.9,45.6,47.4,3→4,136.6
142172,685,1,2,0,0,0.0,0,0,0.0,0.0,0.0,0.0,0.0,0,0,0,0,-256.3,0.0,47.4,0.0,1→2,136.8
142172,685,1,3,1,-75093,43.04,5419,8856,25.4247,41.5549,41.4709,18.2997,-75.22,205842827316,206002581879,921033653524,921193397248,-256.3,-267.7,47.4,45.6,1→3,136.8
142172,685,1,4,1,-83536,47.88,4827,8650,22.6471,40.5883,40.4453,18.8995,-69.23,207121020980,207280774325,705417097525,705576841216,-256.3,-260.9,47.4,47.4,1→4,136.8
142172,685,2,3,0,0,0.0,0,0,0.0,0.0,0.0,0.0,0.0,0,0,0,0,20.7,0.0,47.3,0.0,2→3,136.8
142172,685,2,4,0,0,0.0,0,0,0.0,0.0,0.0,0.0,0.0,0,0,0,0,20.7,0.0,47.3,0.0,2→4,136.8
142172,685,3,4,1,-8742,5.01,8355,8755,39.1997,41.0772,41.0182,3.6765,-77.69,926232287796,926392048438,709337503300,709497247232,-267.7,-260.9,45.6,47.4,3→4,136.8
142372,686,1,2,0,0,0.0,0,0,0.0,0.0,0.0,0.0,0.0,0,0,0,0,-256.3,0.0,47.4,0.0,1→2,137.0
142372,686,1,3,1,-75011,42.99,5414,8848,25.4012,41.5138,41.4548,18.2836,-77.38,218621572148,218781326627,933812947294,933972690944,-256.3,-267.7,47.4,45.6,1→3,137.0
142372,686,1,4,1,-83606,47.92,4827,8654,22.6471,40.6033,40.4603,18.9145,-70.83,219899551284,220059304736,718196239562,718355983360,-256.3,-260.9,47.4,47.4,1→4,137.0
142372,686,2,3,0,0,0.0,0,0,0.0,0.0,0.0,0.0,0.0,0,0,0,0,20.7,0.0,47.3,0.0,2→3,137.0
142372,686,2,4,0,0,0.0,0,0,0.0,0.0,0.0,0.0,0.0,0,0,0,0,20.7,0.0,47.3,0.0,2→4,137.0
142372,686,3,4,1,-8741,5.01,8350,8750,39.1762,41.0559,40.9969,3.6552,-77.29,939015379508,939175139777,722120657840,722280401408,-267.7,-260.9,45.6,47.4,3→4,137.0
142572,687,1,2,0,0,0.0,0,0,0.0,0.0,0.0,0.0,0.0,0,0,0,0,-256.3,0.0,47.4,0.0,1→2,137.2
142572,687,1,3,1,-74971,42.97,5417,8848,25.4153,41.5169,41.4579,18.2867,-77.78,231400316980,231560071373,946592241081,946751984640,-256.3,-267.7,47.4,45.6,1→3,137.2
142572,687,1,4,1,-83617,47.92,4826,8654,22.6425,40.6034,40.4604,18.9146,-70.52,232678323252,232838076753,730975623320,731135367168,-256.3,-260.9,47.4,47.4,1→4,137.2
142572,687,2,3,0,0,0.0,0,0,0.0,0.0,0.0,0.0,0.0,0,0,0,0,20.7,0.0,47.3,0.0,2→3,137.2
142572,687,2,4,0,0,0.0,0,0,0.0,0.0,0.0,0.0,0.0,0,0,0,0,20.7,0.0,47.3,0.0,2→4,137.2
142572,687,3,4,1,-8683,4.98,8351,8748,39.1809,41.0458,40.9618,3.6201,-76.71,951845577780,952005338456,734950919194,735110663168,-267.7,-260.9,45.6,47.4,3→4,137.2
142772,688,1,2,0,0,0.0,0,0,0.0,0.0,0.0,0.0,0.0,0,0,0,0,-256.3,0.0,47.4,0.0,1→2,137.4
142772,688,1,3,1,-75092,43.04,5409,8846,25.3778,41.5054,41.4214,18.2502,-76.95,244179109428,244338864217,959371582493,959531326464,-256.3,-267.7,47.4,45.6,1→3,137.4
142772,688,1,4,1,-83616,47.92,4825,8652,22.6378,40.5961,40.4531,18.9073,-69.28,245456937012,245616690544,743754848886,743914592768,-256.3,-260.9,47.4,47.4,1→4,137.4
142772,688,2,3,0,0,0.0,0,0,0.0,0.0,0.0,0.0,0.0,0,0,0,0,20.7,0.0,47.3,0.0,2→3,137.4
142772,688,2,4,0,0,0.0,0,0,0.0,0.0,0.0,0.0,0.0,0,0,0,0,20.7,0.0,47.3,0.0,2→4,137.4
142772,688,3,4,1,-8693,4.98,8348,8746,39.1668,41.0362,40.9522,3.6105,-76.76,964575290420,964735050951,747680694438,747840438272,-267.7,-260.9,45.6,47.4,3→4,137.4
142972,689,1,2,0,0,0.0,0,0,0.0,0.0,0.0,0.0,0.0,0,0,0,0,-256.3,0.0,48.4,0.0,1→2,137.6
142972,689,1,3,1,-75017,42.99,5420,8854,25.4294,41.5409,41.4569,18.2857,-75.69,256957806644,257117561339,972150828689,972310572544,-256.3,-267.7,48.4,45.6,1→3,137.6
142972,689,1,4,1,-83573,47.9,4822,8648,22.6237,40.5752,40.4322,18.8864,-70.7,258235682868,258395436413,756534206564,756693950464,-256.3,-260.9,48.4,47.4,1→4,137.6
142972,689,2,3,0,0,0.0,0,0,0.0,0.0,0.0,0.0,0.0,0,0,0,0,20.7,0.0,47.3,0.0,2→3,137.6
142972,689,2,4,0,0,0.0,0,0,0.0,0.0,0.0,0.0,0.0,0,0,0,0,20.7,0.0,47.3,0.0,2→4,137.6
142972,689,3,4,1,-8800,5.04,8344,8747,39.1481,41.0404,40.9814,3.6397,-77.22,977349991988,977509752655,760455458838,760615202816,-267.7,-260.9,45.6,47.4,3→4,137.6
143172,690,1,2,0,0,0.0,0,0,0.0,0.0,0.0,0.0,0.0,0,0,0,0,-256.3,0.0,48.4,0.0,1→2,137.8
143172,690,1,3,1,-74981,42.97,5413,8845,25.3965,41.5027,41.4187,18.2475,-76.17,269736551476,269896306051,984930122492,985089866240,-256.3,-267.7,48.4,45.6,1→3,137.8
143172,690,1,4,1,-83602,47.91,4828,8654,22.6518,40.6072,40.4642,18.9184,-69.54,271014556212,271174309743,769313691773,769473435648,-256.3,-260.9,48.4,47.4,1→4,137.8
143172,690,2,3,0,0,0.0,0,0,0.0,0.0,0.0,0.0,0.0,0,0,0,0,20.7,0.0,47.3,0.0,2→3,137.8
143172,690,2,4,0,0,0.0,0,0,0.0,0.0,0.0,0.0,0.0,0,0,0,0,20.7,0.0,47.3,0.0,2→4,137.8
143172,690,3,4,1,-8814,5.05,8351,8754,39.1809,41.0739,41.0149,3.6732,-77.97,990129060404,990288820658,773234590144,773394333696,-267.7,-260.9,45.6,47.4,3→4,137.8
143372,691,1,2,0,0,0.0,0,0,0.0,0.0,0.0,0.0,0.0,0,0,0,0,-256.3,0.0,48.4,0.0,1→2,138.0
143372,691,1,3,1,-75088,43.03,5415,8852,25.4059,41.5327,41.4487,18.2775,-75.14,282515296308,282675050756,997709416318,997869159936,-256.3,-267.7,48.4,45.6,1→3,138.0
143372,691,1,4,1,-83614,47.92,4825,8653,22.6378,40.598,40.455,18.9092,-70.24,283793172020,283952925509,782092919458,782252663296,-256.3,-260.9,48.4,47.4,1→4,138.0
143372,691,2,3,0,0,0.0,0,0,0.0,0.0,0.0,0.0,0.0,0,0,0,0,20.7,0.0,47.3,0.0,2→3,138.0
143372,691,2,4,0,0,0.0,0,0,0.0,0.0,0.0,0.0,0.0,0,0,0,0,20.7,0.0,47.3,0.0,2→4,138.0
143372,691,3,4,1,-8821,5.06,8346,8750,39.1575,41.0543,40.9953,3.6536,-78.1,1002909418036,1003069178357,786015010676,786174754304,-267.7,-260.9,45.6,47.4,3→4,138.0
143572,692,1,2,0,0,0.0,0,0,0.0,0.0,0.0,0.0,0.0,0,0,0,0,-256.3,0.0,47.4,0.0,1→2,138.2
143572,692,1,3,1,-75050,43.01,5417,8852,25.4153,41.5339,41.4249,18.2537,-74.8,295294040628,295453795443,1010488709651,1010648453632,-256.3,-267.7,47.4,45.6,1→3,138.2
143572,692,1,4,1,-83617,47.92,4829,8657,22.6565,40.6174,40.4744,18.9286,-70.2,296572019764,296731773153,794872379150,795032122880,-256.3,-260.9,47.4,47.4,1→4,138.2
143572,692,2,3,0,0,0.0,0,0,0.0,0.0,0.0,0.0,0.0,0,0,0,0,20.7,0.0,47.3,0.0,2→3,138.2
143572,692,2,4,0,0,0.0,0,0,0.0,0.0,0.0,0.0,0.0,0,0,0,0,20.7,0.0,47.3,0.0,2→4,138.2
143572,692,3,4,1,-8792,5.04,8350,8752,39.1762,41.0668,41.0078,3.6661,-78.72,1015692794932,1015852555279,798798450530,798958194176,-267.7,-260.9,45.6,47.4,3→4,138.2
143772,693,1,2,0,0,0.0,0,0,0.0,0.0,0.0,0.0,0.0,0,0,0,0,-256.3,0.0,47.4,0.0,1→2,138.4
143772,693,1,3,1,-75023,43.0,5414,8848,25.4012,41.514,41.405,18.2338,-74.5,308072785460,308232540116,1023268003500,1023427747328,-256.3,-267.7,47.4,45.6,1→3,138.4
143772,693,1,4,1,-83596,47.91,4826,8653,22.6425,40.5988,40.4558,18.91,-69.36,309350473268,309510226543,807651444602,807811188224,-256.3,-260.9,47.4,47.4,1→4,138.4
143772,693,2,3,0,0,0.0,0,0,0.0,0.0,0.0,0.0,0.0,0,0,0,0,20.7,0.0,47.3,0.0,2→3,138.4
143772,693,2,4,0,0,0.0,0,0,0.0,0.0,0.0,0.0,0.0,0,0,0,0,20.7,0.0,47.3,0.0,2→4,138.4
143772,693,3,4,1,-8799,5.04,8341,8743,39.134,41.0238,40.9928,3.6511,-79.18,1028467442228,1028627202611,811573160747,811732904448,-267.7,-260.9,45.6,47.4,3→4,138.4
143972,694,1,2,0,0,0.0,0,0,0.0,0.0,0.0,0.0,0.0,0,0,0,0,-256.3,0.0,47.4,0.0,1→2,138.6
143972,694,1,3,1,-75091,43.04,5418,8855,25.42,41.5474,41.4634,18.2922,-75.33,320851530292,321011284784,1036047297368,1036207041024,-256.3,-267.7,47.4,45.6,1→3,138.6
143972,694,1,4,1,-83596,47.91,4828,8654,22.6518,40.6059,40.4629,18.9171,-69.71,322129406516,322289160131,820430989865,820590733824,-256.3,-260.9,47.4,47.4,1→4,138.6
143972,694,2,3,0,0,0.0,0,0,0.0,0.0,0.0,0.0,0.0,0,0,0,0,20.7,0.0,47.3,0.0,2→3,138.6
143972,694,2,4,0,0,0.0,0,0,0.0,0.0,0.0,0.0,0.0,0,0,0,0,20.7,0.0,47.3,0.0,2→4,138.6
143972,694,3,4,1,-8738,5.01,8348,8747,39.1668,41.0435,40.9845,3.6428,-78.86,1041249247796,1041409008169,824355029315,824514772992,-267.7,-260.9,45.6,47.4,3→4,138.6
144172,695,1,2,0,0,0.0,0,0,0.0,0.0,0.0,0.0,0.0,0,0,0,0,-256.3,0.0,48.4,0.0,1→2,138.8
144172,695,1,3,1,-75011,42.99,5410,8843,25.3824,41.4926,41.3836,18.2124,-74.5,333630274612,333790028921,1048826590719,1048986334208,-256.3,-267.7,48.4,45.6,1→3,138.8
144172,695,1,4,1,-83577,47.9,4822,8648,22.6237,40.576,40.433,18.8872,-70.25,334908279348,335068032759,833210474730,833370218496,-256.3,-260.9,48.4,47.4,1→4,138.8
144172,695,2,3,0,0,0.0,0,0,0.0,0.0,0.0,0.0,0.0,0,0,0,0,20.7,0.0,47.3,0.0,2→3,138.8
144172,695,2,4,0,0,0.0,0,0,0.0,0.0,0.0,0.0,0.0,0,0,0,0,20.7,0.0,47.3,0.0,2→4,138.8
144172,695,3,4,1,-8766,5.02,8351,8752,39.1809,41.066,41.035,3.6933,-79.21,1054028755508,1054188515856,837134600035,837294343680,-267.7,-260.9,45.6,47.4,3→4,138.8
144372,696,1,2,0,0,0.0,0,0,0.0,0.0,0.0,0.0,0.0,0,0,0,0,-256.3,0.0,48.4,0.0,1→2,139.0
144372,696,1,3,1,-75046,43.01,5413,8848,25.3965,41.5143,41.4303,18.2591,-76.76,346409019444,346568774078,1061605884608,1061765628416,-256.3,-267.7,48.4,45.6,1→3,139.0
144372,696,1,4,1,-83713,47.98,4822,8654,22.6237,40.6052,40.4782,18.9324,-71.52,347687025716,347846778890,845989833175,846149576704,-256.3,-260.9,48.4,47.4,1→4,139.0
144372,696,2,3,0,0,0.0,0,0,0.0,0.0,0.0,0.0,0.0,0,0,0,0,20.7,0.0,47.3,0.0,2→3,139.0
144372,696,2,4,0,0,0.0,0,0,0.0,0.0,0.0,0.0,0.0,0,0,0,0,20.7,0.0,47.3,0.0,2→4,139.0
144372,696,3,4,1,-8771,5.03,8359,8760,39.2185,41.1022,41.0712,3.7295,-79.04,1066808858676,1066968618997,849914766221,850074509824,-267.7,-260.9,45.6,47.4,3→4,139.0
144572,697,1,2,0,0,0.0,0,0,0.0,0.0,0.0,0.0,0.0,0,0,0,0,-256.3,0.0,48.4,0.0,1→2,139.2
144572,697,1,3,1,-74944,42.95,5410,8840,25.3824,41.4783,41.3943,18.2231,-75.1,359187763764,359347518172,1074385178012,1074544921600,-256.3,-267.7,48.4,45.6,1→3,139.2
144572,697,1,4,1,-83693,47.97,4830,8661,22.6612,40.6384,40.4954,18.9496,-69.28,360465743924,360625497350,858769163499,858928907264,-256.3,-260.9,48.4,47.4,1→4,139.2
144572,697,2,3,0,0,0.0,0,0,0.0,0.0,0.0,0.0,0.0,0,0,0,0,20.7,0.0,47.3,0.0,2→3,139.2
144572,697,2,4,0,0,0.0,0,0,0.0,0.0,0.0,0.0,0.0,0,0,0,0,20.7,0.0,47.3,0.0,2→4,139.2
144572,697,3,4,1,-8758,5.02,8346,8747,39.1575,41.0408,40.9818,3.6401,-78.44,1079586535476,1079746295745,862692506024,862852249600,-267.7,-260.9,45.6,47.4,3→4,139.2
144772,698,1,2,0,0,0.0,0,0,0.0,0.0,0.0,0.0,0.0,0,0,0,0,-256.3,0.0,48.4,0.0,1→2,139.4
144772,698,1,3,1,-75043,43.01,5417,8852,25.4153,41.5324,41.4484,18.2772,-75.53,371966508596,372126263280,1087164471958,1087324215808,-256.3,-267.7,48.4,45.6,1→3,139.4
144772,698,1,4,1,-83630,47.93,4817,8645,22.6002,40.5639,40.4209,18.8751,-70.38,373244514868,373404268490,871548546573,871708290560,-256.3,-260.9,48.4,47.4,1→4,139.4
144772,698,2,3,0,0,0.0,0,0,0.0,0.0,0.0,0.0,0.0,0,0,0,0,20.7,0.0,47.3,0.0,2→3,139.4
144772,698,2,4,0,0,0.0,0,0,0.0,0.0,0.0,0.0,0.0,0,0,0,0,20.7,0.0,47.3,0.0,2→4,139.4
144772,698,3,4,1,-8794,5.04,8346,8749,39.1575,41.0485,40.9895,3.6478,-78.16,1092366344244,1092526104440,875472377841,875632121344,-267.7,-260.9,45.6,47.4,3→4,139.4
144972,699,1,2,0,0,0.0,0,0,0.0,0.0,0.0,0.0,0.0,0,0,0,0,-256.3,0.0,48.4,0.0,1→2,139.6
144972,699,1,3,1,-75043,43.01,5415,8850,25.4059,41.523,41.439,18.2678,-76.05,384745252916,384905007349,432137613,591881216,-256.3,-267.7,48.4,45.6,1→3,139.6
144972,699,1,4,1,-83675,47.96,4824,8654,22.6331,40.6064,40.4794,18.9336,-71.05,386023128116,386182881418,884327771995,884487515648,-256.3,-260.9,48.4,47.4,1→4,139.6
144972,699,2,3,0,0,0.0,0,0,0.0,0.0,0.0,0.0,0.0,0,0,0,0,20.7,0.0,47.3,0.0,2→3,139.6
144972,699,2,4,0,0,0.0,0,0,0.0,0.0,0.0,0.0,0.0,0,0,0,0,20.7,0.0,47.3,0.0,2→4,139.6
144972,699,3,4,1,-8774,5.03,8353,8755,39.1903,41.0771,41.0181,3.6764,-78.9,5631988788,5791749426,888249713221,888409457152,-267.7,-260.9,45.6,47.4,3→4,139.6
145172,700,1,2,0,0,0.0,0,0,0.0,0.0,0.0,0.0,0.0,0,0,0,0,-256.3,0.0,48.4,0.0,1→2,139.8
145172,700,1,3,1,-75024,43.0,5410,8844,25.3824,41.4955,41.4115,18.2403,-75.85,397523997236,397683751899,13211431069,13371174912,-256.3,-267.7,48.4,45.6,1→3,139.8
145172,700,1,4,1,-83725,47.98,4825,8658,22.6378,40.6219,40.4789,18.9331,-69.81,398802001972,398961755417,897107258062,897267001856,-256.3,-260.9,48.4,47.4,1→4,139.8
145172,700,2,3,0,0,0.0,0,0,0.0,0.0,0.0,0.0,0.0,0,0,0,0,20.7,0.0,47.3,0.0,2→3,139.8
145172,700,2,4,0,0,0.0,0,0,0.0,0.0,0.0,0.0,0.0,0,0,0,0,20.7,0.0,47.3,0.0,2→4,139.8
145172,700,3,4,1,-8738,5.01,8346,8746,39.1575,41.0365,40.9775,3.6358,-77.79,18412182580,18571943103,901029970090,901189713920,-267.7,-260.9,45.6,47.4,3→4,139.8
145372,701,1,2,0,0,0.0,0,0,0.0,0.0,0.0,0.0,0.0,0,0,0,0,-256.3,0.0,48.4,0.0,1→2,140.0
145372,701,1,3,1,-75014,42.99,5414,8848,25.4012,41.5144,41.4554,18.2842,-78.11,410302741044,410462495441,25990724016,26150467584,-256.3,-267.7,48.4,45.6,1→3,140.0
145372,701,1,4,1,-83654,47.94,4826,8655,22.6425,40.6113,40.4683,18.9225,-70.76,411580617780,411740371343,909886486106,910046230016,-256.3,-260.9,48.4,47.4,1→4,140.0
145372,701,2,3,0,0,0.0,0,0,0.0,0.0,0.0,0.0,0.0,0,0,0,0,20.7,0.0,47.3,0.0,2→3,140.0
145372,701,2,4,0,0,0.0,0,0,0.0,0.0,0.0,0.0,0.0,0,0,0,0,20.7,0.0,47.3,0.0,2→4,140.0
145372,701,3,4,1,-8825,5.06,8348,8752,39.1668,41.0645,41.0336,3.6918,-79.98,31193785396,31353545774,913811636031,913971379712,-267.7,-260.9,45.6,47.4,3→4,140.0
145572,702,1,2,0,0,0.0,0,0,0.0,0.0,0.0,0.0,0.0,0,0,0,0,-256.3,0.0,48.4,0.0,1→2,140.2
145572,702,1,3,1,-75032,43.0,5416,8850,25.4106,41.5253,41.4413,18.2701,-76.17,423081486388,423241241035,38770018489,38929762304,-256.3,-267.7,48.4,45.6,1→3,140.2
145572,702,1,4,1,-83648,47.94,4821,8650,22.619,40.5865,40.4435,18.8977,-69.41,424359492660,424519245795,922665973244,922825716736,-256.3,-260.9,48.4,47.4,1→4,140.2
145572,702,2,3,0,0,0.0,0,0,0.0,0.0,0.0,0.0,0.0,0,0,0,0,20.7,0.0,47.3,0.0,2→3,140.2
145572,702,2,4,0,0,0.0,0,0,0.0,0.0,0.0,0.0,0.0,0,0,0,0,20.7,0.0,47.3,0.0,2→4,140.2
145572,702,3,4,1,-8797,5.04,8351,8754,39.1809,41.0726,41.0136,3.6719,-78.19,43968773172,44128533421,926586686918,926746430464,-267.7,-260.9,45.6,47.4,3→4,140.2
145772,703,1,2,0,0,0.0,0,0,0.0,0.0,0.0,0.0,0.0,0,0,0,0,-256.3,0.0,48.4,0.0,1→2,140.4
145772,703,1,3,1,-75017,42.99,5421,8855,25.4341,41.5479,41.4639,18.2927,-76.6,435860278836,436020033225,51549360070,51709103616,-256.3,-267.7,48.4,45.6,1→3,140.4
145772,703,1,4,1,-83615,47.92,4821,8648,22.619,40.5771,40.4501,18.9043,-71.49,437138105908,437297859116,935445198770,935604942336,-256.3,-260.9,48.4,47.4,1→4,140.4
145772,703,2,3,0,0,0.0,0,0,0.0,0.0,0.0,0.0,0.0,0,0,0,0,20.7,0.0,47.3,0.0,2→3,140.4
145772,703,2,4,0,0,0.0,0,0,0.0,0.0,0.0,0.0,0.0,0,0,0,0,20.7,0.0,47.3,0.0,2→4,140.4
145772,703,3,4,1,-8745,5.01,8342,8742,39.1387,41.0192,40.9602,3.6185,-77.34,56750638132,56910398676,939368615053,939528358912,-267.7,-260.9,45.6,47.4,3→4,140.4
145972,704,1,2,0,0,0.0,0,0,0.0,0.0,0.0,0.0,0.0,0,0,0,0,-256.3,0.0,48.4,0.0,1→2,140.6
145972,704,1,3,1,-74952,42.96,5412,8843,25.3918,41.4894,41.4054,18.2342,-75.77,448638975028,448798729630,64328605406,64488349184,-256.3,-267.7,48.4,45.6,1→3,140.6
145972,704,1,4,1,-83631,47.93,4821,8649,22.619,40.5805,40.4375,18.8917,-70.02,449916850228,450076603455,948224555423,948384299008,-256.3,-260.9,48.4,47.4,1→4,140.6
145972,704,2,3,0,0,0.0,0,0,0.0,0.0,0.0,0.0,0.0,0,0,0,0,20.7,0.0,47.3,0.0,2→3,140.6
145972,704,2,4,0,0,0.0,0,0,0.0,0.0,0.0,0.0,0.0,0,0,0,0,20.7,0.0,47.3,0.0,2→4,140.6
145972,704,3,4,1,-8748,5.01,8349,8749,39.1715,41.0527,40.9937,3.652,-78.31,69531931700,69691692029,952149971826,952309715456,-267.7,-260.9,45.6,47.4,3→4,140.6
146172,705,1,2,0,0,0.0,0,0,0.0,0.0,0.0,0.0,0.0,0,0,0,0,-256.3,0.0,48.4,0.0,1→2,140.8
146172,705,1,3,1,-75060,43.02,5418,8854,25.42,41.5431,41.4591,18.2879,-75.93,461417719348,461577474178,77107898887,77267642880,-256.3,-267.7,48.4,45.6,1→3,140.8
146172,705,1,4,1,-83706,47.97,4824,8655,22.6331,40.6107,40.4677,18.9219,-69.7,462695725620,462855478831,961004043189,961163786752,-256.3,-260.9,48.4,47.4,1→4,140.8
146172,705,2,3,0,0,0.0,0,0,0.0,0.0,0.0,0.0,0.0,0,0,0,0,20.7,0.0,47.3,0.0,2→3,140.8
146172,705,2,4,0,0,0.0,0,0,0.0,0.0,0.0,0.0,0.0,0,0,0,0,20.7,0.0,47.3,0.0,2→4,140.8
146172,705,3,4,1,-8810,5.05,8348,8751,39.1668,41.059,41.028,3.6863,-79.01,82307745844,82467506463,964925849165,965085593088,-267.7,-260.9,45.6,47.4,3→4,140.8
146372,706,1,2,0,0,0.0,0,0,0.0,0.0,0.0,0.0,0.0,0,0,0,0,-256.3,0.0,48.4,0.0,1→2,141.0
146372,706,1,3,1,-75086,43.03,5414,8851,25.4012,41.5275,41.4435,18.2723,-76.21,474196463668,474356218207,89887192353,90046936064,-256.3,-267.7,48.4,45.6,1→3,141.0
146372,706,1,4,1,-83649,47.94,4817,8646,22.6002,40.568,40.425,18.8792,-69.55,475474339892,475634093077,973783269826,973943013376,-256.3,-260.9,48.4,47.4,1→4,141.0
146372,706,2,3,0,0,0.0,0,0,0.0,0.0,0.0,0.0,0.0,0,0,0,0,20.7,0.0,47.3,0.0,2→3,141.0
146372,706,2,4,0,0,0.0,0,0,0.0,0.0,0.0,0.0,0.0,0,0,0,0,20.7,0.0,47.3,0.0,2→4,141.0
146372,706,3,4,1,-8799,5.04,8346,8748,39.1575,41.0472,40.9882,3.6465,-78.33,95088792628,95248552983,977706959185,977866702848,-267.7,-260.9,45.6,47.4,3→4,141.0
146572,707,1,2,0,0,0.0,0,0,0.0,0.0,0.0,0.0,0.0,0,0,0,0,-256.3,0.0,48.4,0.0,1→2,141.2
146572,707,1,3,1,-74989,42.98,5421,8853,25.4341,41.5396,41.4556,18.2844,-75.1,486975207988,487134962743,102666485847,102826229760,-256.3,-267.7,48.4,45.6,1→3,141.2
146572,707,1,4,1,-83635,47.93,4821,8649,22.619,40.5814,40.4384,18.8926,-69.47,488252893236,488412646389,986562435561,986722179072,-256.3,-260.9,48.4,47.4,1→4,141.2
146572,707,2,3,0,0,0.0,0,0,0.0,0.0,0.0,0.0,0.0,0,0,0,0,20.7,0.0,47.3,0.0,2→3,141.2
146572,707,2,4,0,0,0.0,0,0,0.0,0.0,0.0,0.0,0.0,0,0,0,0,20.7,0.0,47.3,0.0,2→4,141.2
146572,707,3,4,1,-8811,5.05,8346,8749,39.1575,41.0522,40.9682,3.6265,-76.67,107869492788,108029253392,990487722585,990647466496,-267.7,-260.9,45.6,47.4,3→4,141.2
146772,708,1,2,0,0,0.0,0,0,0.0,0.0,0.0,0.0,0.0,0,0,0,0,-256.3,0.0,48.4,0.0,1→2,141.4
146772,708,1,3,1,-75050,43.01,5416,8852,25.4106,41.5315,41.4475,18.2763,-75.45,499753952308,499913706768,115445779317,115605522944,-256.3,-267.7,48.4,45.6,1→3,141.4
146772,708,1,4,1,-83652,47.94,4822,8651,22.6237,40.5921,40.4491,18.9033,-69.64,501031828020,501191581609,999341982776,999501726720,-256.3,-260.9,48.4,47.4,1→4,141.4
146772,708,2,3,0,0,0.0,0,0,0.0,0.0,0.0,0.0,0.0,0,0,0,0,20.7,0.0,47.3,0.0,2→3,141.4
146772,708,2,4,0,0,0.0,0,0,0.0,0.0,0.0,0.0,0.0,0,0,0,0,20.7,0.0,47.3,0.0,2→4,141.4
146772,708,3,4,1,-8859,5.08,8348,8753,39.1668,41.0695,41.0385,3.6968,-79.16,120647327284,120807087602,1003265620346,1003425363968,-267.7,-260.9,45.6,47.4,3→4,141.4
146972,709,1,2,0,0,0.0,0,0,0.0,0.0,0.0,0.0,0.0,0,0,0,0,-256.3,0.0,48.4,0.0,1→2,141.6
146972,709,1,3,1,-75016,42.99,5413,8846,25.3965,41.5078,41.4238,18.2526,-75.55,512532744756,512692499423,128225120927,128384864768,-256.3,-267.7,48.4,45.6,1→3,141.6
146972,709,1,4,1,-83622,47.93,4818,8646,22.6049,40.5669,40.4239,18.8781,-69.57,513810701364,513970454863,1012121468554,1012281212416,-256.3,-260.9,48.4,47.4,1→4,141.6
146972,709,2,3,0,0,0.0,0,0,0.0,0.0,0.0,0.0,0.0,0,0,0,0,20.7,0.0,47.3,0.0,2→3,141.6
146972,709,2,4,0,0,0.0,0,0,0.0,0.0,0.0,0.0,0.0,0,0,0,0,20.7,0.0,47.3,0.0,2→4,141.6
146972,709,3,4,1,-8823,5.06,8351,8755,39.1809,41.0782,40.9942,3.6525,-76.96,133427064372,133586824907,1016045420712,1016205164544,-267.7,-260.9,45.6,47.4,3→4,141.6
147172,710,1,2,0,0,0.0,0,0,0.0,0.0,0.0,0.0,0.0,0,0,0,0,-256.3,0.0,48.4,0.0,1→2,141.8
147172,710,1,3,1,-74978,42.97,5417,8849,25.4153,41.5208,41.4368,18.2656,-76.38,525311440948,525471195294,141004366313,141164109824,-256.3,-267.7,48.4,45.6,1→3,141.8
147172,710,1,4,1,-83736,47.99,4821,8654,22.619,40.6055,40.4625,18.9167,-69.57,526589447220,526749200608,1024900826879,1025060570624,-256.3,-260.9,48.4,47.4,1→4,141.8
147172,710,2,3,0,0,0.0,0,0,0.0,0.0,0.0,0.0,0.0,0,0,0,0,20.7,0.0,47.3,0.0,2→3,141.8
147172,710,2,4,0,0,0.0,0,0,0.0,0.0,0.0,0.0,0.0,0,0,0,0,20.7,0.0,47.3,0.0,2→4,141.8
147172,710,3,4,1,-8770,5.03,8350,8751,39.1762,41.0598,41.0008,3.6591,-77.19,146206345268,146366105496,1028824764888,1028984508416,-267.7,-260.9,45.6,47.4,3→4,141.8
147372,711,1,2,0,0,0.0,0,0,0.0,0.0,0.0,0.0,0.0,0,0,0,0,-256.3,0.0,48.4,0.0,1→2,142.0
147372,711,1,3,1,-75009,42.99,5410,8844,25.3824,41.4946,41.4106,18.2394,-76.17,538090185268,538249939777,153783659832,153943403520,-256.3,-267.7,48.4,45.6,1→3,142.0
147372,711,1,4,1,-83727,47.99,4826,8658,22.6425,40.6246,40.4816,18.9358,-69.43,539368061492,539527814734,1037680053658,1037839797248,-256.3,-260.9,48.4,47.4,1→4,142.0
147372,711,2,3,0,0,0.0,0,0,0.0,0.0,0.0,0.0,0.0,0,0,0,0,20.7,0.0,47.3,0.0,2→3,142.0
147372,711,2,4,0,0,0.0,0,0,0.0,0.0,0.0,0.0,0.0,0,0,0,0,20.7,0.0,47.3,0.0,2→4,142.0
147372,711,3,4,1,-8812,5.05,8339,8742,39.1246,41.0195,40.9605,3.6188,-78.9,158984407092,159144167506,1041602889993,1041762633728,-267.7,-260.9,45.6,47.4,3→4,142.0
147572,712,1,2,0,0,0.0,0,0,0.0,0.0,0.0,0.0,0.0,0,0,0,0,-256.3,0.0,48.4,0.0,1→2,142.2
147572,712,1,3,1,-75063,43.02,5421,8857,25.4341,41.5578,41.4488,18.2776,-74.68,550868929588,551028684228,166562953419,166722697216,-256.3,-267.7,48.4,45.6,1→3,142.2
147572,712,1,4,1,-83602,47.91,4821,8647,22.619,40.5743,40.4313,18.8855,-70.81,552146805812,552306559366,1050459410520,1050619154432,-256.3,-260.9,48.4,47.4,1→4,142.2
147572,712,2,3,0,0,0.0,0,0,0.0,0.0,0.0,0.0,0.0,0,0,0,0,20.7,0.0,47.3,0.0,2→3,142.2
147572,712,2,4,0,0,0.0,0,0,0.0,0.0,0.0,0.0,0.0,0,0,0,0,20.7,0.0,47.3,0.0,2→4,142.2
147572,712,3,4,1,-8786,5.04,8344,8746,39.1481,41.0374,40.9784,3.6367,-78.74,171762281012,171922041628,1054380827209,1054540571136,-267.7,-260.9,45.6,47.4,3→4,142.2
147772,713,1,2,0,0,0.0,0,0,0.0,0.0,0.0,0.0,0.0,0,0,0,0,-256.3,0.0,48.4,0.0,1→2,142.4
147772,713,1,3,1,-75089,43.04,5415,8852,25.4059,41.5352,41.4262,18.255,-74.17,563647721524,563807476274,179342294609,179502038528,-256.3,-267.7,48.4,45.6,1→3,142.4
147772,713,1,4,1,-83714,47.98,4822,8654,22.6237,40.6054,40.4784,18.9326,-71.25,564925361204,565085114539,1063238578486,1063398322176,-256.3,-260.9,48.4,47.4,1→4,142.4
147772,713,2,3,0,0,0.0,0,0,0.0,0.0,0.0,0.0,0.0,0,0,0,0,20.7,0.0,47.3,0.0,2→3,142.4
147772,713,2,4,0,0,0.0,0,0,0.0,0.0,0.0,0.0,0.0,0,0,0,0,20.7,0.0,47.3,0.0,2→4,142.4
147772,713,3,4,1,-8836,5.06,8353,8757,39.1903,41.088,41.057,3.7153,-79.55,184545606708,184705366975,1067164216247,1067323959808,-267.7,-260.9,45.6,47.4,3→4,142.4
147972,714,1,2,0,0,0.0,0,0,0.0,0.0,0.0,0.0,0.0,0,0,0,0,-256.3,0.0,48.4,0.0,1→2,142.6
147972,714,1,3,1,-75051,43.01,5417,8853,25.4153,41.5364,41.4524,18.2812,-75.02,576426417716,576586172056,192121540079,192281283584,-256.3,-267.7,48.4,45.6,1→3,142.6
147972,714,1,4,1,-83652,47.94,4822,8651,22.6237,40.5898,40.4468,18.901,-70.24,577704293940,577864047522,1076018123838,1076177867776,-256.3,-260.9,48.4,47.4,1→4,142.6
147972,714,2,3,0,0,0.0,0,0,0.0,0.0,0.0,0.0,0.0,0,0,0,0,20.7,0.0,47.3,0.0,2→3,142.6
147972,714,2,4,0,0,0.0,0,0,0.0,0.0,0.0,0.0,0.0,0,0,0,0,20.7,0.0,47.3,0.0,2→4,142.6
147972,714,3,4,1,-8776,5.03,8347,8748,39.1622,41.047,40.988,3.6463,-78.03,197321826868,197481587284,1079940499734,1080100243456,-267.7,-260.9,45.6,47.4,3→4,142.6
148172,715,1,2,0,0,0.0,0,0,0.0,0.0,0.0,0.0,0.0,0,0,0,0,-256.3,0.0,48.4,0.0,1→2,142.8
148172,715,1,3,1,-75039,43.01,5414,8849,25.4012,41.5198,41.4608,18.2896,-77.11,589205162036,589364916467,204900833678,205060577280,-256.3,-267.7,48.4,45.6,1→3,142.8
148172,715,1,4,1,-83652,47.94,4825,8654,22.6378,40.6062,40.4632,18.9174,-69.68,590483168308,590642921593,1088797610862,1088957354496,-256.3,-260.9,48.4,47.4,1→4,142.8
148172,715,2,3,0,0,0.0,0,0,0.0,0.0,0.0,0.0,0.0,0,0,0,0,20.7,0.0,47.3,0.0,2→3,142.8
148172,715,2,4,0,0,0.0,0,0,0.0,0.0,0.0,0.0,0.0,0,0,0,0,20.7,0.0,47.3,0.0,2→4,142.8
148172,715,3,4,1,-8823,5.06,8344,8747,39.1481,41.043,40.984,3.6423,-78.25,210101698612,210261459152,1092720434836,1092880178688,-267.7,-260.9,45.6,47.4,3→4,142.8
148372,716,1,2,0,0,0.0,0,0,0.0,0.0,0.0,0.0,0.0,0,0,0,0,-256.3,0.0,48.4,0.0,1→2,143.0
148372,716,1,3,1,-75081,43.03,5411,8847,25.3871,41.5124,41.4284,18.2572,-75.69,601983851060,602143605559,217680072003,217839815680,-256.3,-267.7,48.4,45.6,1→3,143.0
148372,716,1,4,1,-83733,47.99,4819,8651,22.6096,40.5931,40.4501,18.9043,-70.92,603261593652,603421347126,2065021092,2224764928,-256.3,-260.9,48.4,47.4,1→4,143.0
148372,716,2,3,0,0,0.0,0,0,0.0,0.0,0.0,0.0,0.0,0,0,0,0,20.7,0.0,47.3,0.0,2→3,143.0
148372,716,2,4,0,0,0.0,0,0,0.0,0.0,0.0,0.0,0.0,0,0,0,0,20.7,0.0,47.3,0.0,2→4,143.0
148372,716,3,4,1,-8787,5.04,8349,8751,39.1715,41.0587,40.9997,3.658,-78.59,222882657844,223042418494,5989829680,6149573632,-267.7,-260.9,45.6,47.4,3→4,143.0
148572,717,1,2,0,0,0.0,0,0,0.0,0.0,0.0,0.0,0.0,0,0,0,0,-256.3,0.0,48.4,0.0,1→2,143.2
148572,717,1,3,1,-75107,43.05,5415,8853,25.4059,41.5391,41.4551,18.2839,-75.02,614762650164,614922404692,230459420463,230619164160,-256.3,-267.7,48.4,45.6,1→3,143.2
148572,717,1,4,1,-83763,48.01,4822,8656,22.6237,40.6136,40.4706,18.9248,-69.3,616040526388,616200279982,14844566578,15004310528,-256.3,-260.9,48.4,47.4,1→4,143.2
148572,717,2,3,0,0,0.0,0,0,0.0,0.0,0.0,0.0,0.0,0,0,0,0,20.7,0.0,47.3,0.0,2→3,143.2
148572,717,2,4,0,0,0.0,0,0,0.0,0.0,0.0,0.0,0.0,0,0,0,0,20.7,0.0,47.3,0.0,2→4,143.2
148572,717,3,4,1,-8796,5.04,8343,8745,39.1434,41.0325,41.0015,3.6598,-79.23,235659187764,235818947988,18766422990,18926166528,-267.7,-260.9,45.6,47.4,3→4,143.2
148772,718,1,2,0,0,0.0,0,0,0.0,0.0,0.0,0.0,0.0,0,0,0,0,-256.3,0.0,48.4,0.0,1→2,143.4
148772,718,1,3,1,-75098,43.04,5413,8851,25.3965,41.5278,41.4188,18.2476,-74.91,627541394484,627701149037,243238714130,243398457856,-256.3,-267.7,48.4,45.6,1→3,143.4
148772,718,1,4,1,-83676,47.96,4823,8653,22.6284,40.5996,40.4566,18.9108,-69.49,628819269684,628979022851,27623922655,27783666176,-256.3,-260.9,48.4,47.4,1→4,143.4
148772,718,2,3,0,0,0.0,0,0,0.0,0.0,0.0,0.0,0.0,0,0,0,0,20.7,0.0,47.3,0.0,2→3,143.4
148772,718,2,4,0,0,0.0,0,0,0.0,0.0,0.0,0.0,0.0,0,0,0,0,20.7,0.0,47.3,0.0,2→4,143.4
148772,718,3,4,1,-8852,5.07,8347,8752,39.1622,41.0657,41.0067,3.665,-78.7,248440986164,248600746447,31548284828,31708028416,-267.7,-260.9,45.6,47.4,3→4,143.4
